ts_code,symbol,display_code,name,board,exchange,market_raw,sw_l1_code,sw_l1_name,sw_l2_code,sw_l2_name,sw_l2_display,list_status,list_date,list_age_days,list_age_years,close,pct_chg,chip_concentration_70,is_st,is_normal_listed,has_latest_quote,suspend_days_20,suspend_days_40,suspend_days_60,suspend_days_90,default_passed,default_reject_reasons
000001.SZ,000001,000001,平安银行,主板,深市,主板,801780.SI,银行,801783.SI,股份制银行Ⅱ,股份制银行Ⅱ,L,19910403,12957,35.47,11.6,-0.939,12.727,False,True,True,0,0,0,0,True,
000002.SZ,000002,000002,万科A,主板,深市,主板,801180.SI,房地产,801181.SI,房地产开发,房地产开发,L,19910129,13021,35.65,3.92,2.887,29.412,False,True,True,0,0,0,0,True,
000006.SZ,000006,000006,深振业A,主板,深市,主板,801180.SI,房地产,801181.SI,房地产开发,房地产开发,L,19920427,12567,34.41,7.24,-0.686,12.676,False,True,True,0,0,0,0,True,
000007.SZ,000007,000007,全新好,主板,深市,主板,801200.SI,商贸零售,801203.SI,一般零售,一般零售,L,19920413,12581,34.44,11.61,-1.192,15.517,False,True,True,0,0,0,0,True,
000008.SZ,000008,000008,神州高铁,主板,深市,主板,801890.SI,机械设备,801076.SI,轨交设备Ⅱ,轨交设备Ⅱ,L,19920507,12557,34.38,2.38,-1.653,12.5,False,True,True,0,0,6,6,False,近60日停牌
000009.SZ,000009,000009,中国宝安,主板,深市,主板,801730.SI,电力设备,801737.SI,电池,电池,L,19910625,12874,35.25,7.0,-0.568,24.0,False,True,True,0,0,0,0,True,
000010.SZ,000010,000010,*ST美丽,主板,深市,主板,801720.SI,建筑装饰,801723.SI,基础建设,基础建设,L,19951027,11289,30.91,1.52,-3.185,12.5,True,True,True,0,0,0,0,False,ST
000011.SZ,000011,000011,深物业A,主板,深市,主板,801180.SI,房地产,801181.SI,房地产开发,房地产开发,L,19920330,12595,34.48,9.59,-0.312,17.241,False,True,True,0,0,0,0,True,
000012.SZ,000012,000012,南玻A,主板,深市,主板,801710.SI,建筑材料,801712.SI,玻璃玻纤,玻璃玻纤,L,19920228,12626,34.57,3.77,0.266,23.684,False,True,True,0,0,0,0,True,
000014.SZ,000014,000014,沙河股份,主板,深市,主板,801180.SI,房地产,801181.SI,房地产开发,房地产开发,L,19920602,12531,34.31,10.82,-0.46,9.434,False,True,True,0,0,0,0,True,
000016.SZ,000016,000016,*ST康佳A,主板,深市,主板,801110.SI,家用电器,801111.SI,白色家电,白色家电,L,19920327,12598,34.49,,,,True,True,False,16,19,19,19,False,ST、近60日停牌、无最新行情
000017.SZ,000017,000017,深中华A,主板,深市,主板,801130.SI,纺织服饰,801133.SI,饰品,饰品,L,19920331,12594,34.48,7.69,-5.062,7.692,False,True,True,0,0,0,0,True,
000019.SZ,000019,000019,深粮控股,主板,深市,主板,801010.SI,农林牧渔,801012.SI,农产品加工,农产品加工,L,19921012,12399,33.95,6.96,-0.286,12.676,False,True,True,0,0,0,0,True,
000020.SZ,000020,000020,深华发A,主板,深市,主板,801080.SI,电子,801084.SI,光学光电子,光学光电子,L,19920428,12566,34.4,13.59,-3.205,11.94,False,True,True,0,0,0,0,True,
000021.SZ,000021,000021,深科技,主板,深市,主板,801080.SI,电子,801085.SI,消费电子,消费电子,L,19940202,11921,32.64,36.91,-0.27,6.849,False,True,True,0,0,0,0,True,
000025.SZ,000025,000025,特力A,主板,深市,主板,801230.SI,综合,801231.SI,综合Ⅱ,综合Ⅱ,L,19930621,12147,33.26,15.04,-0.066,9.091,False,True,True,0,0,0,0,True,
000026.SZ,000026,000026,飞亚达,主板,深市,主板,801130.SI,纺织服饰,801133.SI,饰品,饰品,L,19930603,12165,33.31,19.9,-0.251,13.636,False,True,True,0,0,0,0,True,
000027.SZ,000027,000027,深圳能源,主板,深市,主板,801160.SI,公用事业,801161.SI,电力,电力,L,19930903,12073,33.05,6.23,-0.796,18.462,False,True,True,0,0,0,0,True,
000028.SZ,000028,000028,国药一致,主板,深市,主板,801150.SI,医药生物,801154.SI,医药商业,医药商业,L,19930809,12098,33.12,19.72,-0.904,14.706,False,True,True,0,0,0,0,True,
000029.SZ,000029,000029,深深房A,主板,深市,主板,801180.SI,房地产,801181.SI,房地产开发,房地产开发,L,19930915,12061,33.02,21.88,-1.707,24.779,False,True,True,0,0,0,0,True,
000030.SZ,000030,000030,富奥股份,主板,深市,主板,801880.SI,汽车,801093.SI,汽车零部件,汽车零部件,L,19930929,12047,32.98,3.93,-0.506,25.581,False,True,True,0,0,0,0,True,
000031.SZ,000031,000031,大悦城,主板,深市,主板,801180.SI,房地产,801181.SI,房地产开发,房地产开发,L,19931008,12038,32.96,2.35,-2.083,36.364,False,True,True,0,0,0,0,True,
000032.SZ,000032,000032,深桑达A,主板,深市,主板,801720.SI,建筑装饰,801724.SI,专业工程,专业工程,L,19931028,12018,32.9,14.53,0.207,6.944,False,True,True,0,0,0,0,True,
000034.SZ,000034,000034,神州数码,主板,深市,主板,801750.SI,计算机,801103.SI,IT服务Ⅱ,IT服务Ⅱ,L,19940509,11825,32.38,23.28,-1.523,8.475,False,True,True,0,0,0,0,True,
000035.SZ,000035,000035,中国天楹,主板,深市,主板,801970.SI,环保,801971.SI,环境治理,环境治理,L,19940408,11856,32.46,4.91,-0.808,10.417,False,True,True,0,0,0,0,True,
000036.SZ,000036,000036,华联控股,主板,深市,主板,801180.SI,房地产,801181.SI,房地产开发,房地产开发,L,19940617,11786,32.27,4.06,0.247,10.0,False,True,True,0,0,0,0,True,
000037.SZ,000037,000037,深南电A,主板,深市,主板,801160.SI,公用事业,801161.SI,电力,电力,L,19940701,11772,32.23,9.01,-4.149,7.447,False,True,True,0,0,0,0,True,
000039.SZ,000039,000039,中集集团,主板,深市,主板,801890.SI,机械设备,801072.SI,通用设备,通用设备,L,19940408,11856,32.46,8.79,-2.55,12.088,False,True,True,0,0,0,0,True,
000042.SZ,000042,000042,中洲控股,主板,深市,主板,801180.SI,房地产,801181.SI,房地产开发,房地产开发,L,19940921,11690,32.01,8.41,0.0,13.953,False,True,True,0,0,0,0,True,
000045.SZ,000045,000045,深纺织A,主板,深市,主板,801080.SI,电子,801084.SI,光学光电子,光学光电子,L,19940815,11727,32.11,11.25,0.626,14.815,False,True,True,0,0,0,0,True,
000048.SZ,000048,000048,京基智农,主板,深市,主板,801010.SI,农林牧渔,801017.SI,养殖业,养殖业,L,19941101,11649,31.89,19.1,-1.9,20.792,False,True,True,0,0,0,0,True,
000049.SZ,000049,000049,德赛电池,主板,深市,主板,801730.SI,电力设备,801737.SI,电池,电池,L,19950320,11510,31.51,22.46,-0.089,10.256,False,True,True,0,0,0,0,True,
000050.SZ,000050,000050,深天马A,主板,深市,主板,801080.SI,电子,801084.SI,光学光电子,光学光电子,L,19950315,11515,31.53,6.59,-0.902,45.455,False,True,True,0,0,0,0,True,
000055.SZ,000055,000055,方大集团,主板,深市,主板,801710.SI,建筑材料,801713.SI,装修建材,装修建材,L,19960415,11118,30.44,3.81,1.33,11.111,False,True,True,0,0,0,0,True,
000056.SZ,000056,000056,*ST皇庭,主板,深市,主板,801180.SI,房地产,801183.SI,房地产服务,房地产服务,L,19960708,11034,30.21,2.69,-2.182,30.769,True,True,True,0,0,0,0,False,ST
000058.SZ,000058,000058,深赛格,主板,深市,主板,801200.SI,商贸零售,801203.SI,一般零售,一般零售,L,19961226,10863,29.74,7.14,-2.725,28.571,False,True,True,0,0,0,0,True,
000059.SZ,000059,000059,华锦股份,主板,深市,主板,801960.SI,石油石化,801963.SI,炼化及贸易,炼化及贸易,L,19970130,10828,29.65,5.65,-0.877,12.281,False,True,True,0,0,0,0,True,
000060.SZ,000060,000060,中金岭南,主板,深市,主板,801050.SI,有色金属,801055.SI,工业金属,工业金属,L,19970123,10835,29.66,6.13,-1.129,9.231,False,True,True,0,0,0,0,True,
000061.SZ,000061,000061,农产品,主板,深市,主板,801200.SI,商贸零售,801203.SI,一般零售,一般零售,L,19970110,10848,29.7,6.03,-0.331,15.0,False,True,True,0,0,0,0,True,
000062.SZ,000062,000062,深圳华强,主板,深市,主板,801080.SI,电子,801082.SI,其他电子Ⅱ,其他电子Ⅱ,L,19970130,10828,29.65,23.29,-0.767,8.511,False,True,True,0,0,0,0,True,
000063.SZ,000063,000063,中兴通讯,主板,深市,主板,801770.SI,通信,801102.SI,通信设备,通信设备,L,19971118,10536,28.85,32.28,-1.914,8.929,False,True,True,0,0,0,0,True,
000065.SZ,000065,000065,北方国际,主板,深市,主板,801720.SI,建筑装饰,801724.SI,专业工程,专业工程,L,19980605,10337,28.3,10.12,0.397,10.204,False,True,True,0,0,0,0,True,
000066.SZ,000066,000066,中国长城,主板,深市,主板,801750.SI,计算机,801101.SI,计算机设备,计算机设备,L,19970626,10681,29.24,15.14,-4.6,12.0,False,True,True,0,0,0,0,True,
000068.SZ,000068,000068,华控赛格,主板,深市,主板,801970.SI,环保,801971.SI,环境治理,环境治理,L,19970611,10696,29.28,3.25,-2.108,15.625,False,True,True,0,0,0,0,True,
000069.SZ,000069,000069,华侨城A,主板,深市,主板,801180.SI,房地产,801181.SI,房地产开发,房地产开发,L,19970910,10605,29.03,1.9,-0.524,33.333,False,True,True,0,0,0,0,True,
000070.SZ,000070,000070,特发信息,主板,深市,主板,801770.SI,通信,801102.SI,通信设备,通信设备,L,20000511,9631,26.37,17.99,-3.435,9.89,False,True,True,0,0,0,0,True,
000078.SZ,000078,000078,ST海王,主板,深市,主板,801150.SI,医药生物,801154.SI,医药商业,医药商业,L,19981218,10141,27.76,1.57,2.614,13.333,True,True,True,0,0,0,0,False,ST
000088.SZ,000088,000088,盐田港,主板,深市,主板,801170.SI,交通运输,801992.SI,航运港口,航运港口,L,19970728,10649,29.16,4.51,-0.879,6.667,False,True,True,0,0,0,0,True,
000089.SZ,000089,000089,深圳机场,主板,深市,主板,801170.SI,交通运输,801991.SI,航空机场,航空机场,L,19980420,10383,28.43,6.56,-0.304,7.576,False,True,True,0,0,0,0,True,
000090.SZ,000090,000090,天健集团,主板,深市,主板,801180.SI,房地产,801181.SI,房地产开发,房地产开发,L,19990721,9926,27.18,3.56,-1.111,11.429,False,True,True,0,0,0,0,True,
000096.SZ,000096,000096,广聚能源,主板,深市,主板,801960.SI,石油石化,801963.SI,炼化及贸易,炼化及贸易,L,20000724,9557,26.17,7.9,-1.373,11.111,False,True,True,0,0,0,0,True,
000099.SZ,000099,000099,中信海直,主板,深市,主板,801170.SI,交通运输,801991.SI,航空机场,航空机场,L,20000731,9550,26.15,13.06,-0.153,13.043,False,True,True,0,0,0,0,True,
000100.SZ,000100,000100,TCL科技,主板,深市,主板,801080.SI,电子,801084.SI,光学光电子,光学光电子,L,20040130,8272,22.65,4.93,-1.988,8.163,False,True,True,0,0,0,0,True,
000151.SZ,000151,000151,中成股份,主板,深市,主板,801200.SI,商贸零售,801202.SI,贸易Ⅱ,贸易Ⅱ,L,20000906,9513,26.05,9.98,-1.868,7.843,False,True,True,0,0,0,0,True,
000153.SZ,000153,000153,丰原药业,主板,深市,主板,801150.SI,医药生物,801151.SI,化学制药,化学制药,L,20000920,9499,26.01,6.17,-0.804,6.452,False,True,True,0,0,0,0,True,
000155.SZ,000155,000155,川能动力,主板,深市,主板,801160.SI,公用事业,801161.SI,电力,电力,L,20000926,9493,25.99,11.26,-2.763,6.897,False,True,True,0,0,0,0,True,
000156.SZ,000156,000156,华数传媒,主板,深市,主板,801760.SI,传媒,801995.SI,电视广播Ⅱ,电视广播Ⅱ,L,20000906,9513,26.05,7.08,-3.014,17.647,False,True,True,0,0,0,0,True,
000157.SZ,000157,000157,中联重科,主板,深市,主板,801890.SI,机械设备,801077.SI,工程机械,工程机械,L,20001012,9477,25.95,6.1,-1.135,16.901,False,True,True,0,0,0,0,True,
000158.SZ,000158,000158,常山北明,主板,深市,主板,801750.SI,计算机,801103.SI,IT服务Ⅱ,IT服务Ⅱ,L,20000724,9557,26.17,12.72,-3.563,9.091,False,True,True,0,0,0,0,True,
000159.SZ,000159,000159,国际实业,主板,深市,主板,801730.SI,电力设备,801735.SI,光伏设备,光伏设备,L,20000926,9493,25.99,5.42,-1.633,8.772,False,True,True,0,0,0,0,True,
000166.SZ,000166,000166,申万宏源,主板,深市,主板,801790.SI,非银金融,801193.SI,证券Ⅱ,证券Ⅱ,L,20150126,4258,11.66,4.47,-0.445,17.391,False,True,True,0,0,0,0,True,
000301.SZ,000301,000301,东方盛虹,主板,深市,主板,801960.SI,石油石化,801963.SI,炼化及贸易,炼化及贸易,L,20000529,9613,26.32,13.73,0.219,28.125,False,True,True,0,0,0,0,True,
000333.SZ,000333,000333,美的集团,主板,深市,主板,801110.SI,家用电器,801111.SI,白色家电,白色家电,L,20130918,4753,13.01,82.47,-0.085,24.242,False,True,True,0,0,0,0,True,
000338.SZ,000338,000338,潍柴动力,主板,深市,主板,801880.SI,汽车,801093.SI,汽车零部件,汽车零部件,L,20070430,7086,19.4,25.89,-4.218,11.765,False,True,True,0,0,0,0,True,
000400.SZ,000400,000400,许继电气,主板,深市,主板,801730.SI,电力设备,801738.SI,电网设备,电网设备,L,19970418,10750,29.43,20.3,-0.588,12.329,False,True,True,0,0,0,0,True,
000401.SZ,000401,000401,金隅冀东,主板,深市,主板,801710.SI,建筑材料,801711.SI,水泥,水泥,L,19960614,11058,30.28,3.62,1.972,33.333,False,True,True,0,0,0,0,True,
000402.SZ,000402,000402,金融街,主板,深市,主板,801180.SI,房地产,801181.SI,房地产开发,房地产开发,L,19960626,11046,30.24,2.7,-2.878,16.0,False,True,True,0,0,0,0,True,
000403.SZ,000403,000403,派林生物,主板,深市,主板,801150.SI,医药生物,801152.SI,生物制品,生物制品,L,19960628,11044,30.24,10.11,0.697,21.154,False,True,True,0,0,0,0,True,
000404.SZ,000404,000404,长虹华意,主板,深市,主板,801110.SI,家用电器,801116.SI,家电零部件Ⅱ,家电零部件Ⅱ,L,19960619,11053,30.26,6.83,-1.443,12.329,False,True,True,0,0,0,0,True,
000407.SZ,000407,000407,胜利股份,主板,深市,主板,801160.SI,公用事业,801163.SI,燃气Ⅱ,燃气Ⅱ,L,19960703,11039,30.22,4.1,-2.148,7.143,False,True,True,0,0,0,0,True,
000408.SZ,000408,000408,藏格矿业,主板,深市,主板,801050.SI,有色金属,801056.SI,能源金属,能源金属,L,19960628,11044,30.24,73.85,0.476,16.883,False,True,True,0,0,0,0,True,
000409.SZ,000409,000409,云鼎科技,主板,深市,主板,801750.SI,计算机,801103.SI,IT服务Ⅱ,IT服务Ⅱ,L,19960627,11045,30.24,8.96,-0.995,11.364,False,True,True,0,0,0,0,True,
000410.SZ,000410,000410,沈阳机床,主板,深市,主板,801890.SI,机械设备,801072.SI,通用设备,通用设备,L,19960718,11024,30.18,5.27,-1.311,15.385,False,True,True,0,0,0,0,True,
000411.SZ,000411,000411,英特集团,主板,深市,主板,801150.SI,医药生物,801154.SI,医药商业,医药商业,L,19960716,11026,30.19,9.88,-1.002,18.182,False,True,True,0,0,0,0,True,
000415.SZ,000415,000415,渤海租赁,主板,深市,主板,801790.SI,非银金融,801191.SI,多元金融,多元金融,L,19960716,11026,30.19,4.17,0.0,9.091,False,True,True,0,0,0,0,True,
000417.SZ,000417,000417,合百集团,主板,深市,主板,801200.SI,商贸零售,801203.SI,一般零售,一般零售,L,19960812,10999,30.11,5.69,-1.387,16.949,False,True,True,0,0,0,0,True,
000419.SZ,000419,000419,通程控股,主板,深市,主板,801200.SI,商贸零售,801203.SI,一般零售,一般零售,L,19960816,10995,30.1,5.0,-1.381,10.0,False,True,True,0,0,0,0,True,
000420.SZ,000420,000420,吉林化纤,主板,深市,主板,801030.SI,基础化工,801032.SI,化学纤维,化学纤维,L,19960802,11009,30.14,3.56,-0.28,8.108,False,True,True,0,0,0,0,True,
000421.SZ,000421,000421,南京公用,主板,深市,主板,801230.SI,综合,801231.SI,综合Ⅱ,综合Ⅱ,L,19960806,11005,30.13,5.69,-2.065,8.772,False,True,True,0,0,0,0,True,
000422.SZ,000422,000422,湖北宜化,主板,深市,主板,801030.SI,基础化工,801038.SI,农化制品,农化制品,L,19960815,10996,30.11,11.97,-1.805,9.524,False,True,True,0,0,0,0,True,
000423.SZ,000423,000423,东阿阿胶,主板,深市,主板,801150.SI,医药生物,801155.SI,中药Ⅱ,中药Ⅱ,L,19960729,11013,30.15,46.05,0.656,13.235,False,True,True,0,0,0,0,True,
000425.SZ,000425,000425,徐工机械,主板,深市,主板,801890.SI,机械设备,801077.SI,工程机械,工程机械,L,19960828,10983,30.07,7.23,-0.959,18.293,False,True,True,0,0,0,0,True,
000426.SZ,000426,000426,兴业银锡,主板,深市,主板,801050.SI,有色金属,801055.SI,工业金属,工业金属,L,19960828,10983,30.07,34.37,-0.261,15.094,False,True,True,0,0,0,0,True,
000428.SZ,000428,000428,华天酒店,主板,深市,主板,801210.SI,社会服务,801219.SI,酒店餐饮,酒店餐饮,L,19960808,11003,30.12,4.18,-2.791,20.93,False,True,True,0,0,0,0,True,
000429.SZ,000429,000429,粤高速A,主板,深市,主板,801170.SI,交通运输,801179.SI,铁路公路,铁路公路,L,19980220,10442,28.59,12.58,0.399,15.267,False,True,True,0,0,0,0,True,
000430.SZ,000430,000430,张家界,主板,深市,主板,801210.SI,社会服务,801993.SI,旅游及景区,旅游及景区,L,19960829,10982,30.07,7.0,1.597,15.714,False,True,True,0,0,0,0,True,
000488.SZ,000488,000488,ST晨鸣,主板,深市,主板,801140.SI,轻工制造,801143.SI,造纸,造纸,L,20001120,9438,25.84,2.12,0.474,33.333,True,True,True,0,0,0,0,False,ST
000498.SZ,000498,000498,山东路桥,主板,深市,主板,801720.SI,建筑装饰,801723.SI,基础建设,基础建设,L,19970609,10698,29.29,5.14,0.784,16.0,False,True,True,0,0,0,0,True,
000501.SZ,000501,000501,武商集团,主板,深市,主板,801200.SI,商贸零售,801203.SI,一般零售,一般零售,L,19921120,12360,33.84,7.16,-0.968,8.333,False,True,True,0,0,0,0,True,
000503.SZ,000503,000503,国新健康,主板,深市,主板,801750.SI,计算机,801104.SI,软件开发,软件开发,L,19921130,12350,33.81,6.87,-2.276,11.111,False,True,True,0,0,0,0,True,
000504.SZ,000504,000504,南华生物,主板,深市,主板,801150.SI,医药生物,801156.SI,医疗服务,医疗服务,L,19921208,12342,33.79,12.76,5.367,37.097,False,True,True,0,0,0,2,True,
000505.SZ,000505,000505,京粮控股,主板,深市,主板,801010.SI,农林牧渔,801012.SI,农产品加工,农产品加工,L,19921221,12329,33.75,6.6,-2.655,14.925,False,True,True,0,0,0,0,True,
000506.SZ,000506,000506,招金黄金,主板,深市,主板,801050.SI,有色金属,801053.SI,贵金属,贵金属,L,19930312,12248,33.53,18.1,-2.583,10.638,False,True,True,0,0,0,0,True,
000507.SZ,000507,000507,珠海港,主板,深市,主板,801160.SI,公用事业,801161.SI,电力,电力,L,19930326,12234,33.49,4.95,-1.198,6.0,False,True,True,0,0,0,0,True,
000509.SZ,000509,000509,华塑控股,主板,深市,主板,801080.SI,电子,801084.SI,光学光电子,光学光电子,L,19930507,12192,33.38,3.76,-5.528,16.667,False,True,True,0,0,0,0,True,
000510.SZ,000510,000510,新金路,主板,深市,主板,801030.SI,基础化工,801033.SI,化学原料,化学原料,L,19930507,12192,33.38,19.23,0.786,13.187,False,True,True,0,0,0,0,True,
000513.SZ,000513,000513,丽珠集团,主板,深市,主板,801150.SI,医药生物,801151.SI,化学制药,化学制药,L,19931028,12018,32.9,27.73,3.664,15.254,False,True,True,0,0,0,0,True,
000514.SZ,000514,000514,渝开发,主板,深市,主板,801180.SI,房地产,801181.SI,房地产开发,房地产开发,L,19930712,12126,33.2,4.4,-0.453,14.286,False,True,True,0,0,0,0,True,
000516.SZ,000516,000516,国际医学,主板,深市,主板,801150.SI,医药生物,801156.SI,医疗服务,医疗服务,L,19930809,12098,33.12,4.27,-1.157,9.524,False,True,True,0,0,0,0,True,
000517.SZ,000517,000517,荣安地产,主板,深市,主板,801180.SI,房地产,801181.SI,房地产开发,房地产开发,L,19930806,12101,33.13,2.01,-1.471,23.81,False,True,True,0,0,0,0,True,
000518.SZ,000518,000518,四环生物,主板,深市,主板,801150.SI,医药生物,801152.SI,生物制品,生物制品,L,19930908,12068,33.04,3.68,-2.646,5.263,False,True,True,0,0,0,1,True,
000519.SZ,000519,000519,中兵红箭,主板,深市,主板,801740.SI,国防军工,801743.SI,地面兵装Ⅱ,地面兵装Ⅱ,L,19931008,12038,32.96,15.01,-2.023,10.256,False,True,True,0,0,0,0,True,
000520.SZ,000520,000520,凤凰航运,主板,深市,主板,801170.SI,交通运输,801992.SI,航运港口,航运港口,L,19931025,12021,32.91,4.02,-2.899,9.302,False,True,True,0,0,0,0,True,
000521.SZ,000521,000521,长虹美菱,主板,深市,主板,801110.SI,家用电器,801111.SI,白色家电,白色家电,L,19931018,12028,32.93,4.4,-0.453,24.49,False,True,True,0,0,0,0,True,
000523.SZ,000523,000523,红棉股份,主板,深市,主板,801230.SI,综合,801231.SI,综合Ⅱ,综合Ⅱ,L,19931108,12007,32.87,3.42,-2.006,11.765,False,True,True,0,0,0,0,True,
000524.SZ,000524,000524,岭南控股,主板,深市,主板,801210.SI,社会服务,801993.SI,旅游及景区,旅游及景区,L,19931118,11997,32.85,8.99,-0.553,15.625,False,True,True,0,0,5,11,False,近60日停牌
000525.SZ,000525,000525,红太阳,主板,深市,主板,801030.SI,基础化工,801038.SI,农化制品,农化制品,L,19931028,12018,32.9,4.54,-2.784,8.696,False,True,True,0,0,0,0,True,
000526.SZ,000526,000526,学大教育,主板,深市,主板,801210.SI,社会服务,801994.SI,教育,教育,L,19931101,12014,32.89,36.16,-0.248,5.882,False,True,True,0,0,0,0,True,
000528.SZ,000528,000528,柳工,主板,深市,主板,801890.SI,机械设备,801077.SI,工程机械,工程机械,L,19931118,11997,32.85,7.61,-0.653,11.111,False,True,True,0,0,0,0,True,
000529.SZ,000529,000529,广弘控股,主板,深市,主板,801120.SI,食品饮料,801124.SI,食品加工,食品加工,L,19931118,11997,32.85,4.96,-1.392,18.0,False,True,True,0,0,0,0,True,
000530.SZ,000530,000530,冰山冷热,主板,深市,主板,801890.SI,机械设备,801072.SI,通用设备,通用设备,L,19931208,11977,32.79,5.18,-0.766,9.615,False,True,True,0,0,0,0,True,
000531.SZ,000531,000531,穗恒运A,主板,深市,主板,801160.SI,公用事业,801161.SI,电力,电力,L,19940106,11948,32.71,5.6,-0.885,20.69,False,True,True,0,0,0,0,True,
000532.SZ,000532,000532,华金资本,主板,深市,主板,801790.SI,非银金融,801191.SI,多元金融,多元金融,L,19940103,11951,32.72,13.5,-0.808,18.519,False,True,True,0,0,0,0,True,
000533.SZ,000533,000533,顺钠股份,主板,深市,主板,801730.SI,电力设备,801738.SI,电网设备,电网设备,L,19940103,11951,32.72,10.44,-4.483,8.036,False,True,True,0,0,0,0,True,
000534.SZ,000534,000534,万泽股份,主板,深市,主板,801150.SI,医药生物,801152.SI,生物制品,生物制品,L,19940110,11944,32.7,22.92,-1.164,13.333,False,True,True,0,0,0,0,True,
000536.SZ,000536,000536,华映科技,主板,深市,主板,801080.SI,电子,801084.SI,光学光电子,光学光电子,L,19931126,11989,32.82,3.51,-3.306,11.111,False,True,True,0,0,0,0,True,
000537.SZ,000537,000537,绿发电力,主板,深市,主板,801160.SI,公用事业,801161.SI,电力,电力,L,19931210,11975,32.79,7.34,-2.264,15.385,False,True,True,0,0,0,0,True,
000538.SZ,000538,000538,云南白药,主板,深市,主板,801150.SI,医药生物,801155.SI,中药Ⅱ,中药Ⅱ,L,19931215,11970,32.77,51.36,0.078,10.959,False,True,True,0,0,0,0,True,
000539.SZ,000539,000539,粤电力A,主板,深市,主板,801160.SI,公用事业,801161.SI,电力,电力,L,19931126,11989,32.82,5.02,-3.089,15.094,False,True,True,0,0,0,0,True,
000541.SZ,000541,000541,佛山照明,主板,深市,主板,801110.SI,家用电器,801115.SI,照明设备Ⅱ,照明设备Ⅱ,L,19931123,11992,32.83,4.91,-0.607,22.0,False,True,True,0,0,0,0,True,
000543.SZ,000543,000543,皖能电力,主板,深市,主板,801160.SI,公用事业,801161.SI,电力,电力,L,19931220,11965,32.76,7.15,-0.97,10.526,False,True,True,0,0,0,0,True,
000544.SZ,000544,000544,中原环保,主板,深市,主板,801970.SI,环保,801971.SI,环境治理,环境治理,L,19931208,11977,32.79,7.2,-0.826,15.789,False,True,True,0,0,0,0,True,
000545.SZ,000545,000545,金浦钛业,主板,深市,主板,801030.SI,基础化工,801033.SI,化学原料,化学原料,L,19931215,11970,32.77,2.17,-2.691,9.091,False,True,True,0,0,0,0,True,
000546.SZ,000546,000546,金圆股份,主板,深市,主板,801970.SI,环保,801971.SI,环境治理,环境治理,L,19931215,11970,32.77,4.37,-1.798,8.696,False,True,True,0,0,0,0,True,
000547.SZ,000547,000547,航天发展,主板,深市,主板,801740.SI,国防军工,801745.SI,军工电子Ⅱ,军工电子Ⅱ,L,19931130,11985,32.81,14.31,-2.983,6.122,False,True,True,0,0,0,0,True,
000548.SZ,000548,000548,湖南投资,主板,深市,主板,801170.SI,交通运输,801179.SI,铁路公路,铁路公路,L,19931220,11965,32.76,4.58,-1.293,11.111,False,True,True,0,0,0,0,True,
000550.SZ,000550,000550,江铃汽车,主板,深市,主板,801880.SI,汽车,801096.SI,商用车,商用车,L,19931201,11984,32.81,16.26,-1.454,12.5,False,True,True,0,0,0,0,True,
000551.SZ,000551,000551,创元科技,主板,深市,主板,801970.SI,环保,801972.SI,环保设备Ⅱ,环保设备Ⅱ,L,19940106,11948,32.71,12.33,0.0,11.29,False,True,True,0,0,0,0,True,
000552.SZ,000552,000552,甘肃能化,主板,深市,主板,801950.SI,煤炭,801951.SI,煤炭开采,煤炭开采,L,19940106,11948,32.71,2.46,-2.381,7.692,False,True,True,0,0,0,0,True,
000553.SZ,000553,000553,安道麦A,主板,深市,主板,801030.SI,基础化工,801038.SI,农化制品,农化制品,L,19931203,11982,32.8,5.46,-2.674,26.667,False,True,True,0,0,0,0,True,
000554.SZ,000554,000554,泰山石油,主板,深市,主板,801960.SI,石油石化,801963.SI,炼化及贸易,炼化及贸易,L,19931215,11970,32.77,6.23,-2.656,9.091,False,True,True,0,0,0,0,True,
000555.SZ,000555,000555,神州信息,主板,深市,主板,801750.SI,计算机,801103.SI,IT服务Ⅱ,IT服务Ⅱ,L,19940408,11856,32.46,11.01,4.459,7.477,False,True,True,0,0,0,0,True,
000557.SZ,000557,000557,西部创业,主板,深市,主板,801170.SI,交通运输,801179.SI,铁路公路,铁路公路,L,19940617,11786,32.27,3.64,-1.087,31.579,False,True,True,0,0,0,0,True,
000558.SZ,000558,000558,天府文旅,主板,深市,主板,801210.SI,社会服务,801993.SI,旅游及景区,旅游及景区,L,19940509,11825,32.38,3.61,-0.276,16.667,False,True,True,0,0,0,0,True,
000559.SZ,000559,000559,万向钱潮,主板,深市,主板,801880.SI,汽车,801093.SI,汽车零部件,汽车零部件,L,19940110,11944,32.7,11.16,-2.362,28.07,False,True,True,0,0,0,0,True,
000560.SZ,000560,000560,我爱我家,主板,深市,主板,801180.SI,房地产,801183.SI,房地产服务,房地产服务,L,19940202,11921,32.64,3.86,9.972,23.684,False,True,True,0,0,0,0,True,
000561.SZ,000561,000561,烽火电子,主板,深市,主板,801740.SI,国防军工,801742.SI,航空装备Ⅱ,航空装备Ⅱ,L,19940509,11825,32.38,7.74,-1.276,11.688,False,True,True,0,0,0,0,True,
000563.SZ,000563,000563,陕国投A,主板,深市,主板,801790.SI,非银金融,801191.SI,多元金融,多元金融,L,19940110,11944,32.7,2.91,-1.02,13.333,False,True,True,0,0,0,0,True,
000564.SZ,000564,000564,供销大集,主板,深市,主板,801200.SI,商贸零售,801203.SI,一般零售,一般零售,L,19940110,11944,32.7,1.48,-2.632,20.0,False,True,True,0,0,0,0,True,
000565.SZ,000565,000565,渝三峡A,主板,深市,主板,801030.SI,基础化工,801034.SI,化学制品,化学制品,L,19940408,11856,32.46,6.61,-2.651,11.94,False,True,True,0,0,0,0,True,
000566.SZ,000566,000566,海南海药,主板,深市,主板,801150.SI,医药生物,801151.SI,化学制药,化学制药,L,19940525,11809,32.33,4.8,-3.615,8.163,False,True,True,0,0,0,0,True,
000567.SZ,000567,000567,海德股份,主板,深市,主板,801790.SI,非银金融,801191.SI,多元金融,多元金融,L,19940525,11809,32.33,6.0,-1.961,16.129,False,True,True,0,0,0,0,True,
000568.SZ,000568,000568,泸州老窖,主板,深市,主板,801120.SI,食品饮料,801125.SI,白酒Ⅱ,白酒Ⅱ,L,19940509,11825,32.38,72.11,0.881,37.931,False,True,True,0,0,0,0,True,
000570.SZ,000570,000570,苏常柴A,主板,深市,主板,801880.SI,汽车,801093.SI,汽车零部件,汽车零部件,L,19940701,11772,32.23,5.26,-0.942,7.843,False,True,True,0,0,0,0,True,
000571.SZ,000571,000571,新大洲A,主板,深市,主板,801950.SI,煤炭,801951.SI,煤炭开采,煤炭开采,L,19940525,11809,32.33,6.73,1.508,12.698,False,True,True,0,0,0,0,True,
000572.SZ,000572,000572,海马汽车,主板,深市,主板,801880.SI,汽车,801095.SI,乘用车,乘用车,L,19940808,11734,32.13,4.02,-4.057,7.143,False,True,True,0,0,0,0,True,
000573.SZ,000573,000573,粤宏远A,主板,深市,主板,801180.SI,房地产,801181.SI,房地产开发,房地产开发,L,19940815,11727,32.11,3.78,-1.047,8.108,False,True,True,0,0,0,0,True,
000576.SZ,000576,000576,甘化科工,主板,深市,主板,801740.SI,国防军工,801743.SI,地面兵装Ⅱ,地面兵装Ⅱ,L,19940907,11704,32.04,8.34,-0.95,4.762,False,True,True,0,0,0,0,True,
000581.SZ,000581,000581,威孚高科,主板,深市,主板,801880.SI,汽车,801093.SI,汽车零部件,汽车零部件,L,19980924,10226,28.0,18.16,1.114,11.667,False,True,True,0,0,0,0,True,
000582.SZ,000582,000582,北部湾港,主板,深市,主板,801170.SI,交通运输,801992.SI,航运港口,航运港口,L,19951102,11283,30.89,9.39,-3.988,20.909,False,True,True,0,0,0,0,True,
000586.SZ,000586,000586,汇源通信,主板,深市,主板,801770.SI,通信,801102.SI,通信设备,通信设备,L,19951220,11235,30.76,13.62,-1.873,5.0,False,True,True,0,0,0,0,True,
000589.SZ,000589,000589,贵州轮胎,主板,深市,主板,801880.SI,汽车,801093.SI,汽车零部件,汽车零部件,L,19960308,11156,30.54,4.22,-0.472,4.651,False,True,True,0,0,0,0,True,
000590.SZ,000590,000590,古汉医药,主板,深市,主板,801150.SI,医药生物,801155.SI,中药Ⅱ,中药Ⅱ,L,19960119,11205,30.68,9.05,-1.093,11.111,False,True,True,0,0,0,0,True,
000591.SZ,000591,000591,太阳能,主板,深市,主板,801160.SI,公用事业,801161.SI,电力,电力,L,19960208,11185,30.62,4.2,-1.639,20.455,False,True,True,0,0,0,0,True,
000592.SZ,000592,000592,平潭发展,主板,深市,主板,801010.SI,农林牧渔,801011.SI,林业Ⅱ,林业Ⅱ,L,19960327,11137,30.49,7.98,-7.209,4.762,False,True,True,0,0,0,0,True,
000593.SZ,000593,000593,德龙汇能,主板,深市,主板,801160.SI,公用事业,801163.SI,燃气Ⅱ,燃气Ⅱ,L,19960312,11152,30.53,24.19,5.679,12.389,False,True,True,0,0,0,0,True,
000595.SZ,000595,000595,新能股份,主板,深市,主板,801890.SI,机械设备,801072.SI,通用设备,通用设备,L,19960419,11114,30.43,5.61,-4.103,14.035,False,True,True,0,0,1,2,False,近60日停牌
000596.SZ,000596,000596,古井贡酒,主板,深市,主板,801120.SI,食品饮料,801125.SI,白酒Ⅱ,白酒Ⅱ,L,19960927,10953,29.99,96.8,0.981,11.765,False,True,True,0,0,0,0,True,
000597.SZ,000597,000597,东北制药,主板,深市,主板,801150.SI,医药生物,801151.SI,化学制药,化学制药,L,19960523,11080,30.34,4.78,-1.035,12.245,False,True,True,0,0,0,0,True,
000598.SZ,000598,000598,兴蓉环境,主板,深市,主板,801970.SI,环保,801971.SI,环境治理,环境治理,L,19960529,11074,30.32,7.06,0.0,11.429,False,True,True,0,0,0,0,True,
000599.SZ,000599,000599,青岛双星,主板,深市,主板,801880.SI,汽车,801093.SI,汽车零部件,汽车零部件,L,19960430,11103,30.4,4.48,-1.104,10.638,False,True,True,0,0,0,0,True,
000600.SZ,000600,000600,建投能源,主板,深市,主板,801160.SI,公用事业,801161.SI,电力,电力,L,19960606,11066,30.3,7.21,-1.503,17.722,False,True,True,0,0,0,0,True,
000601.SZ,000601,000601,韶能股份,主板,深市,主板,801160.SI,公用事业,801161.SI,电力,电力,L,19960830,10981,30.06,6.01,-2.908,6.349,False,True,True,0,0,0,0,True,
000603.SZ,000603,000603,盛达资源,主板,深市,主板,801050.SI,有色金属,801055.SI,工业金属,工业金属,L,19960823,10988,30.08,33.78,1.138,10.204,False,True,True,0,0,0,0,True,
000605.SZ,000605,000605,渤海股份,主板,深市,主板,801970.SI,环保,801971.SI,环境治理,环境治理,L,19960913,10967,30.03,5.88,-0.508,11.864,False,True,True,0,0,0,0,True,
000607.SZ,000607,000607,华媒控股,主板,深市,主板,801760.SI,传媒,801765.SI,广告营销,广告营销,L,19960830,10981,30.06,4.48,-10.04,25.0,False,True,True,0,0,0,0,True,
000608.SZ,000608,000608,阳光股份,主板,深市,主板,801180.SI,房地产,801181.SI,房地产开发,房地产开发,L,19960919,10961,30.01,7.0,-2.778,8.219,False,True,True,0,0,0,2,True,
000609.SZ,000609,000609,*ST中迪,主板,深市,主板,801180.SI,房地产,801181.SI,房地产开发,房地产开发,L,19961010,10940,29.95,10.01,1.935,16.327,True,True,True,0,0,0,0,False,ST
000610.SZ,000610,000610,*ST西旅,主板,深市,主板,801210.SI,社会服务,801993.SI,旅游及景区,旅游及景区,L,19960926,10954,29.99,7.57,-0.132,16.25,True,True,True,0,0,0,0,False,ST
000612.SZ,000612,000612,焦作万方,主板,深市,主板,801050.SI,有色金属,801055.SI,工业金属,工业金属,L,19960926,10954,29.99,10.94,-2.147,5.357,False,True,True,0,0,0,0,True,
000615.SZ,000615,000615,*ST美谷,主板,深市,主板,801980.SI,美容护理,801983.SI,医疗美容,医疗美容,L,19961016,10934,29.94,3.22,-0.923,15.152,True,True,True,0,0,0,0,False,ST
000617.SZ,000617,000617,中油资本,主板,深市,主板,801790.SI,非银金融,801191.SI,多元金融,多元金融,L,19961022,10928,29.92,6.75,-2.174,37.5,False,True,True,0,0,0,0,True,
000619.SZ,000619,000619,海螺新材,主板,深市,主板,801710.SI,建筑材料,801713.SI,装修建材,装修建材,L,19961023,10927,29.92,5.25,-0.943,16.667,False,True,True,0,0,0,0,True,
000620.SZ,000620,000620,盈新发展,主板,深市,主板,801180.SI,房地产,801181.SI,房地产开发,房地产开发,L,19961029,10921,29.9,3.28,-2.671,9.091,False,True,True,0,0,0,0,True,
000623.SZ,000623,000623,吉林敖东,主板,深市,主板,801150.SI,医药生物,801155.SI,中药Ⅱ,中药Ⅱ,L,19961028,10922,29.9,17.73,-0.225,4.444,False,True,True,0,0,0,0,True,
000625.SZ,000625,000625,长安汽车,主板,深市,主板,801880.SI,汽车,801095.SI,乘用车,乘用车,L,19970610,10697,29.29,7.12,-0.836,36.111,False,True,True,0,0,0,0,True,
000626.SZ,000626,000626,远大控股,主板,深市,主板,801170.SI,交通运输,801178.SI,物流,物流,L,19961128,10891,29.82,9.37,1.517,15.385,False,True,True,0,0,0,0,True,
000628.SZ,000628,000628,高新发展,主板,深市,主板,801720.SI,建筑装饰,801721.SI,房屋建设Ⅱ,房屋建设Ⅱ,L,19961118,10901,29.85,59.47,-1.032,13.978,False,True,True,0,0,0,0,True,
000629.SZ,000629,000629,钒钛股份,主板,深市,主板,801040.SI,钢铁,801043.SI,冶钢原料,冶钢原料,L,19961115,10904,29.85,2.89,-0.345,16.129,False,True,True,0,0,0,0,True,
000630.SZ,000630,000630,铜陵有色,主板,深市,主板,801050.SI,有色金属,801055.SI,工业金属,工业金属,L,19961120,10899,29.84,6.12,-0.649,9.231,False,True,True,0,0,0,0,True,
000631.SZ,000631,000631,顺发恒能,主板,深市,主板,801180.SI,房地产,801181.SI,房地产开发,房地产开发,L,19961122,10897,29.83,3.05,-1.294,16.129,False,True,True,0,0,0,0,True,
000632.SZ,000632,000632,ST三木,主板,深市,主板,801230.SI,综合,801231.SI,综合Ⅱ,综合Ⅱ,L,19961121,10898,29.84,3.71,-1.067,15.0,True,True,True,0,0,0,0,False,ST
000633.SZ,000633,000633,合金投资,主板,深市,主板,801050.SI,有色金属,801051.SI,金属新材料,金属新材料,L,19961112,10907,29.86,5.24,-1.318,9.615,False,True,True,0,0,0,0,True,
000635.SZ,000635,000635,英力特,主板,深市,主板,801030.SI,基础化工,801033.SI,化学原料,化学原料,L,19961120,10899,29.84,7.44,-0.268,8.108,False,True,True,3,3,3,3,False,近60日停牌
000636.SZ,000636,000636,风华高科,主板,深市,主板,801080.SI,电子,801083.SI,元件,元件,L,19961129,10890,29.82,58.74,1.714,5.479,False,True,True,0,0,0,0,True,
000637.SZ,000637,000637,茂化实华,主板,深市,主板,801960.SI,石油石化,801963.SI,炼化及贸易,炼化及贸易,L,19961114,10905,29.86,4.16,-0.952,14.634,False,True,True,0,0,0,0,True,
000639.SZ,000639,000639,ST西王,主板,深市,主板,801120.SI,食品饮料,801124.SI,食品加工,食品加工,L,19961126,10893,29.82,1.53,-3.774,6.25,True,True,True,0,0,0,0,False,ST
000650.SZ,000650,000650,仁和药业,主板,深市,主板,801150.SI,医药生物,801155.SI,中药Ⅱ,中药Ⅱ,L,19961210,10879,29.79,5.19,-1.518,5.556,False,True,True,0,0,0,0,True,
000651.SZ,000651,000651,格力电器,主板,深市,主板,801110.SI,家用电器,801111.SI,白色家电,白色家电,L,19961118,10901,29.85,38.36,0.471,7.895,False,True,True,0,0,0,0,True,
000652.SZ,000652,000652,泰达股份,主板,深市,主板,801230.SI,综合,801231.SI,综合Ⅱ,综合Ⅱ,L,19961128,10891,29.82,3.33,-1.77,17.647,False,True,True,0,0,0,0,True,
000655.SZ,000655,000655,金岭矿业,主板,深市,主板,801040.SI,钢铁,801043.SI,冶钢原料,冶钢原料,L,19961128,10891,29.82,7.15,-0.97,16.667,False,True,True,0,0,0,0,True,
000656.SZ,000656,000656,金科股份,主板,深市,主板,801180.SI,房地产,801181.SI,房地产开发,房地产开发,L,19961128,10891,29.82,1.26,0.8,8.333,False,True,True,0,0,1,2,False,近60日停牌
000657.SZ,000657,000657,中钨高新,主板,深市,主板,801050.SI,有色金属,801054.SI,小金属,小金属,L,19961205,10884,29.8,59.16,-1.825,8.929,False,True,True,0,0,0,0,True,
000659.SZ,000659,000659,珠海中富,主板,深市,主板,801140.SI,轻工制造,801141.SI,包装印刷,包装印刷,L,19961203,10886,29.8,2.71,-3.559,10.714,False,True,True,0,0,0,0,True,
000661.SZ,000661,000661,长春高新,主板,深市,主板,801150.SI,医药生物,801152.SI,生物制品,生物制品,L,19961218,10871,29.76,73.25,-0.475,12.5,False,True,True,0,0,0,0,True,
000663.SZ,000663,000663,永安林业,主板,深市,主板,801010.SI,农林牧渔,801011.SI,林业Ⅱ,林业Ⅱ,L,19961206,10883,29.8,5.92,-2.471,13.333,False,True,True,0,0,0,0,True,
000665.SZ,000665,000665,湖北广电,主板,深市,主板,801760.SI,传媒,801995.SI,电视广播Ⅱ,电视广播Ⅱ,L,19961210,10879,29.79,4.04,-3.118,9.756,False,True,True,0,0,0,0,True,
000668.SZ,000668,000668,荣丰控股,主板,深市,主板,801180.SI,房地产,801181.SI,房地产开发,房地产开发,L,19961210,10879,29.79,17.44,0.115,24.638,False,True,True,0,0,0,2,True,
000669.SZ,000669,000669,ST金鸿,主板,深市,主板,801160.SI,公用事业,801163.SI,燃气Ⅱ,燃气Ⅱ,L,19961210,10879,29.79,4.2,1.205,19.512,True,True,True,0,0,0,0,False,ST
000670.SZ,000670,000670,盈方微,主板,深市,主板,801080.SI,电子,801082.SI,其他电子Ⅱ,其他电子Ⅱ,L,19961217,10872,29.77,7.56,-1.69,7.792,False,True,True,0,0,0,0,True,
000672.SZ,000672,000672,上峰材料,主板,深市,主板,801710.SI,建筑材料,801711.SI,水泥,水泥,L,19961218,10871,29.76,15.46,0.13,12.329,False,True,True,0,0,0,0,True,
000676.SZ,000676,000676,智度股份,主板,深市,主板,801760.SI,传媒,801765.SI,广告营销,广告营销,L,19961224,10865,29.75,7.25,-2.685,13.699,False,True,True,0,0,0,0,True,
000677.SZ,000677,000677,ST海龙,主板,深市,主板,801030.SI,基础化工,801032.SI,化学纤维,化学纤维,L,19961226,10863,29.74,1.77,-3.279,11.111,True,True,True,0,0,0,0,False,ST
000678.SZ,000678,000678,襄阳轴承,主板,深市,主板,801880.SI,汽车,801093.SI,汽车零部件,汽车零部件,L,19970106,10852,29.71,8.8,-1.012,10.112,False,True,True,0,0,0,0,True,
000679.SZ,000679,000679,大连友谊,主板,深市,主板,801200.SI,商贸零售,801203.SI,一般零售,一般零售,L,19970124,10834,29.66,6.49,-1.667,15.625,False,True,True,0,0,0,0,True,
000680.SZ,000680,000680,山推股份,主板,深市,主板,801890.SI,机械设备,801077.SI,工程机械,工程机械,L,19970122,10836,29.67,9.28,0.433,16.346,False,True,True,0,0,0,0,True,
000681.SZ,000681,000681,视觉中国,主板,深市,主板,801760.SI,传媒,801767.SI,数字媒体,数字媒体,L,19970121,10837,29.67,16.24,-3.448,9.524,False,True,True,0,0,0,0,True,
000682.SZ,000682,000682,东方电子,主板,深市,主板,801730.SI,电力设备,801738.SI,电网设备,电网设备,L,19970121,10837,29.67,10.64,-1.115,13.559,False,True,True,0,0,0,0,True,
000683.SZ,000683,000683,博源化工,主板,深市,主板,801030.SI,基础化工,801033.SI,化学原料,化学原料,L,19970131,10827,29.64,5.62,-1.576,9.836,False,True,True,0,0,0,0,True,
000685.SZ,000685,000685,中山公用,主板,深市,主板,801970.SI,环保,801971.SI,环境治理,环境治理,L,19970123,10835,29.66,10.85,-0.823,5.405,False,True,True,0,0,0,0,True,
000686.SZ,000686,000686,东北证券,主板,深市,主板,801790.SI,非银金融,801193.SI,证券Ⅱ,证券Ⅱ,L,19970227,10800,29.57,7.74,-0.769,7.407,False,True,True,0,0,0,0,True,
000688.SZ,000688,000688,国城矿业,主板,深市,主板,801050.SI,有色金属,801055.SI,工业金属,工业金属,L,19970120,10838,29.67,25.54,-3.913,26.316,False,True,True,0,0,0,0,True,
000690.SZ,000690,000690,宝新能源,主板,深市,主板,801160.SI,公用事业,801161.SI,电力,电力,L,19970128,10830,29.65,5.02,-2.144,9.804,False,True,True,0,0,0,0,True,
000691.SZ,000691,000691,亚太实业,主板,深市,主板,801030.SI,基础化工,801033.SI,化学原料,化学原料,L,19970228,10799,29.57,9.28,0.433,11.0,False,True,True,0,0,0,2,True,
000692.SZ,000692,000692,惠天热电,主板,深市,主板,801160.SI,公用事业,801161.SI,电力,电力,L,19970227,10800,29.57,4.12,-1.435,6.977,False,True,True,0,0,0,0,True,
000695.SZ,000695,000695,滨海能源,主板,深市,主板,801730.SI,电力设备,801737.SI,电池,电池,L,19970218,10809,29.59,12.91,-1.9,14.789,False,True,True,0,0,0,0,True,
000697.SZ,000697,000697,炼石航空,主板,深市,主板,801740.SI,国防军工,801742.SI,航空装备Ⅱ,航空装备Ⅱ,L,19970325,10774,29.5,9.07,-0.548,27.586,False,True,True,0,0,0,0,True,
000698.SZ,000698,000698,ST沈化,主板,深市,主板,801960.SI,石油石化,801963.SI,炼化及贸易,炼化及贸易,L,19970220,10807,29.59,3.63,-0.82,19.444,True,True,True,0,0,0,0,False,ST
000700.SZ,000700,000700,模塑科技,主板,深市,主板,801880.SI,汽车,801093.SI,汽车零部件,汽车零部件,L,19970228,10799,29.57,12.06,-0.904,9.322,False,True,True,0,0,0,0,True,
000701.SZ,000701,000701,厦门信达,主板,深市,主板,801880.SI,汽车,801092.SI,汽车服务,汽车服务,L,19970226,10801,29.57,5.13,-2.286,12.0,False,True,True,0,0,0,0,True,
000702.SZ,000702,000702,正虹科技,主板,深市,主板,801010.SI,农林牧渔,801014.SI,饲料,饲料,L,19970318,10781,29.52,5.67,-2.072,13.793,False,True,True,0,0,0,0,True,
000703.SZ,000703,000703,恒逸石化,主板,深市,主板,801960.SI,石油石化,801963.SI,炼化及贸易,炼化及贸易,L,19970328,10771,29.49,17.39,3.45,15.116,False,True,True,0,0,0,0,True,
000705.SZ,000705,000705,浙江震元,主板,深市,主板,801150.SI,医药生物,801154.SI,医药商业,医药商业,L,19970410,10758,29.45,7.01,-2.095,10.0,False,True,True,0,0,0,0,True,
000707.SZ,000707,000707,双环科技,主板,深市,主板,801030.SI,基础化工,801033.SI,化学原料,化学原料,L,19970415,10753,29.44,4.5,-0.222,11.111,False,True,True,0,0,0,0,True,
000708.SZ,000708,000708,中信特钢,主板,深市,主板,801040.SI,钢铁,801045.SI,特钢Ⅱ,特钢Ⅱ,L,19970326,10773,29.49,12.96,0.778,26.087,False,True,True,0,0,0,0,True,
000709.SZ,000709,000709,河钢股份,主板,深市,主板,801040.SI,钢铁,801044.SI,普钢,普钢,L,19970416,10752,29.44,2.03,-0.976,14.286,False,True,True,0,0,0,0,True,
000710.SZ,000710,000710,贝瑞基因,主板,深市,主板,801150.SI,医药生物,801156.SI,医疗服务,医疗服务,L,19970422,10746,29.42,10.01,5.147,11.702,False,True,True,0,0,0,0,True,
000711.SZ,000711,000711,京蓝科技,主板,深市,主板,801970.SI,环保,801971.SI,环境治理,环境治理,L,19970411,10757,29.45,4.82,-3.6,21.569,False,True,True,2,2,2,2,False,近60日停牌
000712.SZ,000712,000712,锦龙股份,主板,深市,主板,801790.SI,非银金融,801193.SI,证券Ⅱ,证券Ⅱ,L,19970415,10753,29.44,10.28,-0.484,16.667,False,True,True,0,0,0,0,True,
000713.SZ,000713,000713,国投丰乐,主板,深市,主板,801010.SI,农林牧渔,801016.SI,种植业,种植业,L,19970422,10746,29.42,6.59,-2.946,8.955,False,True,True,0,0,0,0,True,
000715.SZ,000715,000715,中兴商业,主板,深市,主板,801200.SI,商贸零售,801203.SI,一般零售,一般零售,L,19970508,10730,29.38,5.3,-2.214,12.963,False,True,True,0,0,0,0,True,
000716.SZ,000716,000716,黑芝麻,主板,深市,主板,801120.SI,食品饮料,801128.SI,休闲食品,休闲食品,L,19970418,10750,29.43,5.01,-3.282,15.094,False,True,True,0,0,0,0,True,
000717.SZ,000717,000717,中南股份,主板,深市,主板,801040.SI,钢铁,801044.SI,普钢,普钢,L,19970508,10730,29.38,2.15,-0.463,13.636,False,True,True,0,0,0,0,True,
000718.SZ,000718,000718,苏宁环球,主板,深市,主板,801180.SI,房地产,801181.SI,房地产开发,房地产开发,L,19970408,10760,29.46,2.07,0.0,15.789,False,True,True,0,0,0,0,True,
000719.SZ,000719,000719,中原传媒,主板,深市,主板,801760.SI,传媒,801769.SI,出版,出版,L,19970331,10768,29.48,12.21,-1.134,10.744,False,True,True,0,0,0,0,True,
000720.SZ,000720,000720,新能泰山,主板,深市,主板,801730.SI,电力设备,801738.SI,电网设备,电网设备,L,19970509,10729,29.37,3.65,-6.888,7.692,False,True,True,0,0,0,0,True,
000721.SZ,000721,000721,西安饮食,主板,深市,主板,801210.SI,社会服务,801219.SI,酒店餐饮,酒店餐饮,L,19970430,10738,29.4,6.27,-0.634,20.0,False,True,True,0,0,0,0,True,
000722.SZ,000722,000722,湖南发展,主板,深市,主板,801160.SI,公用事业,801161.SI,电力,电力,L,19970522,10716,29.34,13.46,-5.211,11.888,False,True,True,0,0,0,0,True,
000723.SZ,000723,000723,美锦能源,主板,深市,主板,801950.SI,煤炭,801952.SI,焦炭Ⅱ,焦炭Ⅱ,L,19970515,10723,29.36,3.52,-4.087,15.789,False,True,True,0,0,0,0,True,
000725.SZ,000725,000725,京东方A,主板,深市,主板,801080.SI,电子,801084.SI,光学光电子,光学光电子,L,20010112,9385,25.69,6.02,0.333,10.169,False,True,True,0,0,0,0,True,
000726.SZ,000726,000726,鲁泰A,主板,深市,主板,801130.SI,纺织服饰,801131.SI,纺织制造,纺织制造,L,20001225,9403,25.74,6.02,-1.312,8.333,False,True,True,0,0,0,0,True,
000727.SZ,000727,000727,冠捷科技,主板,深市,主板,801080.SI,电子,801084.SI,光学光电子,光学光电子,L,19970520,10718,29.34,2.2,-2.222,13.636,False,True,True,0,0,0,0,True,
000728.SZ,000728,000728,国元证券,主板,深市,主板,801790.SI,非银金融,801193.SI,证券Ⅱ,证券Ⅱ,L,19970616,10691,29.27,7.41,-1.068,10.811,False,True,True,0,0,0,0,True,
000729.SZ,000729,000729,燕京啤酒,主板,深市,主板,801120.SI,食品饮料,801126.SI,非白酒,非白酒,L,19970716,10661,29.19,11.0,-0.362,16.667,False,True,True,0,0,0,0,True,
000731.SZ,000731,000731,四川美丰,主板,深市,主板,801030.SI,基础化工,801038.SI,农化制品,农化制品,L,19970617,10690,29.27,8.18,-1.208,20.0,False,True,True,0,0,0,0,True,
000733.SZ,000733,000733,振华科技,主板,深市,主板,801740.SI,国防军工,801745.SI,军工电子Ⅱ,军工电子Ⅱ,L,19970703,10674,29.22,41.4,0.169,3.226,False,True,True,0,0,0,0,True,
000735.SZ,000735,000735,罗牛山,主板,深市,主板,801010.SI,农林牧渔,801017.SI,养殖业,养殖业,L,19970611,10696,29.28,5.8,-3.333,15.0,False,True,True,0,0,0,0,True,
000736.SZ,000736,000736,中交发展,主板,深市,主板,801180.SI,房地产,801181.SI,房地产开发,房地产开发,L,19970425,10743,29.41,4.74,0.211,8.696,False,True,True,0,0,0,2,True,
000737.SZ,000737,000737,北方铜业,主板,深市,主板,801050.SI,有色金属,801055.SI,工业金属,工业金属,L,19970428,10740,29.4,14.82,-1.919,10.811,False,True,True,0,0,0,0,True,
000738.SZ,000738,000738,航发控制,主板,深市,主板,801740.SI,国防军工,801742.SI,航空装备Ⅱ,航空装备Ⅱ,L,19970626,10681,29.24,19.19,-0.052,14.894,False,True,True,0,0,0,0,True,
000739.SZ,000739,000739,普洛药业,主板,深市,主板,801150.SI,医药生物,801151.SI,化学制药,化学制药,L,19970509,10729,29.37,25.32,5.5,17.273,False,True,True,0,0,0,0,True,
000750.SZ,000750,000750,国海证券,主板,深市,主板,801790.SI,非银金融,801193.SI,证券Ⅱ,证券Ⅱ,L,19970709,10668,29.21,3.66,-0.813,7.895,False,True,True,0,0,0,0,True,
000751.SZ,000751,000751,锌业股份,主板,深市,主板,801050.SI,有色金属,801055.SI,工业金属,工业金属,L,19970626,10681,29.24,4.58,-1.927,12.0,False,True,True,0,0,0,0,True,
000752.SZ,000752,000752,*ST西发,主板,深市,主板,801120.SI,食品饮料,801126.SI,非白酒,非白酒,L,19970625,10682,29.25,8.73,0.692,13.793,True,True,True,0,0,0,0,False,ST
000753.SZ,000753,000753,漳州发展,主板,深市,主板,801230.SI,综合,801231.SI,综合Ⅱ,综合Ⅱ,L,19970626,10681,29.24,4.86,-6.178,9.804,False,True,True,0,0,0,0,True,
000755.SZ,000755,000755,山西高速,主板,深市,主板,801170.SI,交通运输,801179.SI,铁路公路,铁路公路,L,19970627,10680,29.24,4.64,-0.642,12.5,False,True,True,0,0,0,0,True,
000756.SZ,000756,000756,新华制药,主板,深市,主板,801150.SI,医药生物,801151.SI,化学制药,化学制药,L,19970806,10640,29.13,14.53,-9.975,15.686,False,True,True,0,0,0,0,True,
000757.SZ,000757,000757,浩物股份,主板,深市,主板,801880.SI,汽车,801092.SI,汽车服务,汽车服务,L,19970627,10680,29.24,4.34,-1.81,16.279,False,True,True,0,0,0,0,True,
000758.SZ,000758,000758,中色股份,主板,深市,主板,801050.SI,有色金属,801055.SI,工业金属,工业金属,L,19970416,10752,29.44,5.99,-1.155,9.836,False,True,True,0,0,0,0,True,
000759.SZ,000759,000759,中百集团,主板,深市,主板,801200.SI,商贸零售,801203.SI,一般零售,一般零售,L,19970519,10719,29.35,6.52,-3.407,6.061,False,True,True,0,0,0,0,True,
000761.SZ,000761,000761,本钢板材,主板,深市,主板,801040.SI,钢铁,801044.SI,普钢,普钢,L,19980115,10478,28.69,2.22,-2.203,56.0,False,True,True,0,0,0,0,True,
000762.SZ,000762,000762,西藏矿业,主板,深市,主板,801050.SI,有色金属,801056.SI,能源金属,能源金属,L,19970708,10669,29.21,21.54,-2.446,10.714,False,True,True,0,0,0,0,True,
000766.SZ,000766,000766,通化金马,主板,深市,主板,801150.SI,医药生物,801151.SI,化学制药,化学制药,L,19970430,10738,29.4,15.43,-2.956,10.976,False,True,True,0,0,0,0,True,
000767.SZ,000767,000767,晋控电力,主板,深市,主板,801160.SI,公用事业,801161.SI,电力,电力,L,19970609,10698,29.29,3.3,-2.941,8.571,False,True,True,0,0,0,0,True,
000768.SZ,000768,000768,中航西飞,主板,深市,主板,801740.SI,国防军工,801742.SI,航空装备Ⅱ,航空装备Ⅱ,L,19970626,10681,29.24,22.71,-0.569,15.909,False,True,True,0,0,0,0,True,
000776.SZ,000776,000776,广发证券,主板,深市,主板,801790.SI,非银金融,801193.SI,证券Ⅱ,证券Ⅱ,L,19970611,10696,29.28,20.83,-0.62,9.434,False,True,True,0,0,0,0,True,
000777.SZ,000777,000777,中核科技,主板,深市,主板,801890.SI,机械设备,801072.SI,通用设备,通用设备,L,19970710,10667,29.2,16.47,-1.081,8.772,False,True,True,0,0,0,0,True,
000778.SZ,000778,000778,新兴铸管,主板,深市,主板,801040.SI,钢铁,801044.SI,普钢,普钢,L,19970606,10701,29.3,3.59,-0.554,10.811,False,True,True,0,0,0,0,True,
000779.SZ,000779,000779,甘咨询,主板,深市,主板,801720.SI,建筑装饰,801726.SI,工程咨询服务Ⅱ,工程咨询服务Ⅱ,L,19970528,10710,29.32,8.69,-4.715,7.955,False,True,True,0,0,0,0,True,
000782.SZ,000782,000782,恒申新材,主板,深市,主板,801030.SI,基础化工,801032.SI,化学纤维,化学纤维,L,19970619,10688,29.26,8.33,0.726,6.41,False,True,True,0,0,0,0,True,
000783.SZ,000783,000783,长江证券,主板,深市,主板,801790.SI,非银金融,801193.SI,证券Ⅱ,证券Ⅱ,L,19970731,10646,29.15,8.46,-0.588,10.112,False,True,True,0,0,0,0,True,
000785.SZ,000785,000785,居然智家,主板,深市,主板,801200.SI,商贸零售,801203.SI,一般零售,一般零售,L,19970711,10666,29.2,2.26,-0.877,18.182,False,True,True,0,0,0,0,True,
000786.SZ,000786,000786,北新建材,主板,深市,主板,801710.SI,建筑材料,801713.SI,装修建材,装修建材,L,19970606,10701,29.3,16.05,0.0,31.429,False,True,True,0,0,0,0,True,
000788.SZ,000788,000788,北大医药,主板,深市,主板,801150.SI,医药生物,801151.SI,化学制药,化学制药,L,19970616,10691,29.27,5.41,-2.522,10.714,False,True,True,0,0,0,0,True,
000789.SZ,000789,000789,万年青,主板,深市,主板,801710.SI,建筑材料,801711.SI,水泥,水泥,L,19970923,10592,29.0,4.18,1.211,30.952,False,True,True,0,0,0,0,True,
000790.SZ,000790,000790,华神科技,主板,深市,主板,801150.SI,医药生物,801155.SI,中药Ⅱ,中药Ⅱ,L,19980327,10407,28.49,4.25,-3.409,9.524,False,True,True,0,0,0,0,True,
000791.SZ,000791,000791,甘肃能源,主板,深市,主板,801160.SI,公用事业,801161.SI,电力,电力,L,19971014,10571,28.94,7.13,-1.11,13.158,False,True,True,0,0,0,0,True,
000792.SZ,000792,000792,盐湖股份,主板,深市,主板,801030.SI,基础化工,801038.SI,农化制品,农化制品,L,19970904,10611,29.05,24.48,-1.568,20.29,False,True,True,0,0,0,0,True,
000793.SZ,000793,000793,ST华闻,主板,深市,主板,801760.SI,传媒,801769.SI,出版,出版,L,19970729,10648,29.15,2.05,-1.442,33.333,True,True,True,0,2,2,4,False,ST、近60日停牌
000795.SZ,000795,000795,英洛华,主板,深市,主板,801050.SI,有色金属,801051.SI,金属新材料,金属新材料,L,19970808,10638,29.13,8.32,-2.002,12.791,False,True,True,0,0,0,0,True,
000796.SZ,000796,000796,凯撒旅业,主板,深市,主板,801210.SI,社会服务,801993.SI,旅游及景区,旅游及景区,L,19970703,10674,29.22,3.7,-1.333,20.513,False,True,True,0,0,0,0,True,
000797.SZ,000797,000797,中国武夷,主板,深市,主板,801180.SI,房地产,801181.SI,房地产开发,房地产开发,L,19970715,10662,29.19,2.68,-0.372,16.0,False,True,True,0,0,0,0,True,
000798.SZ,000798,000798,中水渔业,主板,深市,主板,801010.SI,农林牧渔,801015.SI,渔业,渔业,L,19980212,10450,28.61,10.09,-2.981,13.725,False,True,True,0,0,0,0,True,
000799.SZ,000799,000799,酒鬼酒,主板,深市,主板,801120.SI,食品饮料,801125.SI,白酒Ⅱ,白酒Ⅱ,L,19970718,10659,29.18,37.68,-0.106,6.667,False,True,True,0,0,0,0,True,
000800.SZ,000800,000800,一汽解放,主板,深市,主板,801880.SI,汽车,801096.SI,商用车,商用车,L,19970618,10689,29.26,5.93,0.0,18.182,False,True,True,0,0,0,0,True,
000801.SZ,000801,000801,四川九洲,主板,深市,主板,801110.SI,家用电器,801112.SI,黑色家电,黑色家电,L,19980506,10367,28.38,11.87,-1.982,13.115,False,True,True,0,0,0,0,True,
000802.SZ,000802,000802,北京文化,主板,深市,主板,801760.SI,传媒,801766.SI,影视院线,影视院线,L,19980108,10485,28.71,3.89,-4.657,7.5,False,True,True,0,0,0,0,True,
000803.SZ,000803,000803,山高环能,主板,深市,主板,801970.SI,环保,801971.SI,环境治理,环境治理,L,19980303,10431,28.56,7.09,-0.561,9.589,False,True,True,0,0,0,0,True,
000807.SZ,000807,000807,云铝股份,主板,深市,主板,801050.SI,有色金属,801055.SI,工业金属,工业金属,L,19980408,10395,28.46,26.58,-1.373,7.463,False,True,True,0,0,0,0,True,
000809.SZ,000809,000809,和展能源,主板,深市,主板,801180.SI,房地产,801181.SI,房地产开发,房地产开发,L,19980616,10326,28.27,3.35,-2.899,8.824,False,True,True,0,0,0,0,True,
000810.SZ,000810,000810,创维数字,主板,深市,主板,801110.SI,家用电器,801112.SI,黑色家电,黑色家电,L,19980602,10340,28.31,9.51,-1.959,12.5,False,True,True,0,0,0,0,True,
000811.SZ,000811,000811,冰轮环境,主板,深市,主板,801890.SI,机械设备,801072.SI,通用设备,通用设备,L,19980528,10345,28.32,39.83,-0.3,11.392,False,True,True,0,0,0,0,True,
000812.SZ,000812,000812,陕西金叶,主板,深市,主板,801140.SI,轻工制造,801141.SI,包装印刷,包装印刷,L,19980623,10319,28.25,3.67,-5.897,7.895,False,True,True,0,0,0,0,True,
000813.SZ,000813,000813,德展健康,主板,深市,主板,801150.SI,医药生物,801151.SI,化学制药,化学制药,L,19980519,10354,28.35,3.23,-2.417,8.824,False,True,True,0,0,0,0,True,
000815.SZ,000815,000815,美利云,主板,深市,主板,801750.SI,计算机,801103.SI,IT服务Ⅱ,IT服务Ⅱ,L,19980609,10333,28.29,15.82,-1.983,6.289,False,True,True,0,0,0,0,True,
000816.SZ,000816,000816,智慧农业,主板,深市,主板,801880.SI,汽车,801093.SI,汽车零部件,汽车零部件,L,19970818,10628,29.1,2.88,-4.95,13.793,False,True,True,0,0,0,0,True,
000818.SZ,000818,000818,航锦科技,主板,深市,主板,801030.SI,基础化工,801033.SI,化学原料,化学原料,L,19971017,10568,28.93,12.01,-1.959,16.129,False,True,True,0,0,0,0,True,
000819.SZ,000819,000819,岳阳兴长,主板,深市,主板,801960.SI,石油石化,801963.SI,炼化及贸易,炼化及贸易,L,19970625,10682,29.25,12.28,-0.567,23.333,False,True,True,0,0,0,0,True,
000820.SZ,000820,000820,神雾节能,主板,深市,主板,801970.SI,环保,801972.SI,环保设备Ⅱ,环保设备Ⅱ,L,19980630,10312,28.23,3.58,1.704,11.111,False,True,True,0,1,2,2,False,近60日停牌
000821.SZ,000821,000821,ST京机,主板,深市,主板,801730.SI,电力设备,801735.SI,光伏设备,光伏设备,L,19980626,10316,28.24,7.57,0.933,12.5,True,True,True,0,0,0,0,False,ST
000822.SZ,000822,000822,山东海化,主板,深市,主板,801030.SI,基础化工,801033.SI,化学原料,化学原料,L,19980703,10309,28.22,4.21,-1.635,11.364,False,True,True,0,0,0,0,True,
000823.SZ,000823,000823,超声电子,主板,深市,主板,801080.SI,电子,801083.SI,元件,元件,L,19971008,10577,28.96,27.2,7.851,6.923,False,True,True,0,0,0,0,True,
000825.SZ,000825,000825,太钢不锈,主板,深市,主板,801040.SI,钢铁,801045.SI,特钢Ⅱ,特钢Ⅱ,L,19981021,10199,27.92,3.38,-0.88,44.444,False,True,True,0,0,0,0,True,
000826.SZ,000826,000826,*ST启环,主板,深市,主板,801970.SI,环保,801971.SI,环境治理,环境治理,L,19980225,10437,28.57,1.84,-1.075,22.222,True,True,True,0,0,0,0,False,ST
000828.SZ,000828,000828,东莞控股,主板,深市,主板,801170.SI,交通运输,801179.SI,铁路公路,铁路公路,L,19970617,10690,29.27,10.11,0.697,8.0,False,True,True,0,0,0,0,True,
000829.SZ,000829,000829,天音控股,主板,深市,主板,801200.SI,商贸零售,801204.SI,专业连锁Ⅱ,专业连锁Ⅱ,L,19971202,10522,28.81,9.06,-3.412,13.636,False,True,True,0,0,0,0,True,
000830.SZ,000830,000830,鲁西化工,主板,深市,主板,801030.SI,基础化工,801033.SI,化学原料,化学原料,L,19980807,10274,28.13,11.85,-0.42,9.677,False,True,True,0,0,0,0,True,
000831.SZ,000831,000831,中国稀土,主板,深市,主板,801050.SI,有色金属,801054.SI,小金属,小金属,L,19980911,10239,28.03,53.63,-1.812,12.95,False,True,True,0,0,0,0,True,
000833.SZ,000833,000833,粤桂股份,主板,深市,主板,801230.SI,综合,801231.SI,综合Ⅱ,综合Ⅱ,L,19981111,10178,27.87,19.3,-2.575,14.925,False,True,True,0,0,0,0,True,
000837.SZ,000837,000837,秦川机床,主板,深市,主板,801890.SI,机械设备,801072.SI,通用设备,通用设备,L,19980928,10222,27.99,9.66,-1.025,14.0,False,True,True,0,0,0,0,True,
000838.SZ,000838,000838,*ST发展,主板,深市,主板,801180.SI,房地产,801181.SI,房地产开发,房地产开发,L,19970626,10681,29.24,2.39,5.286,29.167,True,True,True,0,6,6,6,False,ST、近60日停牌
000839.SZ,000839,000839,国安股份,主板,深市,主板,801770.SI,通信,801223.SI,通信服务,通信服务,L,19971031,10554,28.9,2.82,-4.082,10.714,False,True,True,0,0,0,0,True,
000848.SZ,000848,000848,承德露露,主板,深市,主板,801120.SI,食品饮料,801127.SI,饮料乳品,饮料乳品,L,19971113,10541,28.86,8.26,1.975,7.229,False,True,True,0,0,0,0,True,
000850.SZ,000850,000850,华茂股份,主板,深市,主板,801130.SI,纺织服饰,801131.SI,纺织制造,纺织制造,L,19981007,10213,27.96,4.65,9.929,14.634,False,True,True,0,0,0,0,True,
000852.SZ,000852,000852,石化机械,主板,深市,主板,801890.SI,机械设备,801074.SI,专用设备,专用设备,L,19981126,10163,27.82,5.38,-2.888,12.5,False,True,True,0,0,0,0,True,
000856.SZ,000856,000856,冀东装备,主板,深市,主板,801890.SI,机械设备,801074.SI,专用设备,专用设备,L,19980813,10268,28.11,8.8,0.342,12.644,False,True,True,0,0,0,0,True,
000858.SZ,000858,000858,五粮液,主板,深市,主板,801120.SI,食品饮料,801125.SI,白酒Ⅱ,白酒Ⅱ,L,19980427,10376,28.41,70.34,-0.283,44.0,False,True,True,0,0,0,0,True,
000859.SZ,000859,000859,国风新材,主板,深市,主板,801030.SI,基础化工,801036.SI,塑料,塑料,L,19981119,10170,27.84,9.35,-1.992,9.474,False,True,True,0,0,0,0,True,
000860.SZ,000860,000860,顺鑫农业,主板,深市,主板,801120.SI,食品饮料,801125.SI,白酒Ⅱ,白酒Ⅱ,L,19981104,10185,27.89,10.44,-1.323,11.538,False,True,True,0,0,0,0,True,
000862.SZ,000862,000862,银星能源,主板,深市,主板,801160.SI,公用事业,801161.SI,电力,电力,L,19980915,10235,28.02,5.26,-4.015,7.273,False,True,True,0,0,0,0,True,
000863.SZ,000863,000863,三湘印象,主板,深市,主板,801180.SI,房地产,801181.SI,房地产开发,房地产开发,L,19970925,10590,28.99,4.45,-4.915,15.909,False,True,True,0,0,0,0,True,
000868.SZ,000868,000868,安凯客车,主板,深市,主板,801880.SI,汽车,801096.SI,商用车,商用车,L,19970725,10652,29.16,4.13,4.822,15.385,False,True,True,0,0,0,0,True,
000869.SZ,000869,000869,张裕A,主板,深市,主板,801120.SI,食品饮料,801126.SI,非白酒,非白酒,L,20001026,9463,25.91,17.39,3.327,29.63,False,True,True,0,0,0,0,True,
000875.SZ,000875,000875,电投绿能,主板,深市,主板,801160.SI,公用事业,801161.SI,电力,电力,L,20020926,8763,23.99,4.72,-1.667,21.569,False,True,True,0,0,0,0,True,
000876.SZ,000876,000876,新希望,主板,深市,主板,801010.SI,农林牧渔,801017.SI,养殖业,养殖业,L,19980311,10423,28.54,7.03,-2.632,22.222,False,True,True,0,0,0,0,True,
000877.SZ,000877,000877,天山股份,主板,深市,主板,801710.SI,建筑材料,801711.SI,水泥,水泥,L,19990107,10121,27.71,3.94,6.775,59.091,False,True,True,0,0,0,0,True,
000878.SZ,000878,000878,云南铜业,主板,深市,主板,801050.SI,有色金属,801055.SI,工业金属,工业金属,L,19980602,10340,28.31,17.28,-0.461,9.524,False,True,True,0,0,0,0,True,
000880.SZ,000880,000880,潍柴重机,主板,深市,主板,801880.SI,汽车,801093.SI,汽车零部件,汽车零部件,L,19980402,10401,28.48,25.29,-1.901,5.814,False,True,True,0,0,0,0,True,
000881.SZ,000881,000881,中广核技,主板,深市,主板,801030.SI,基础化工,801034.SI,化学制品,化学制品,L,19980902,10248,28.06,6.55,-1.799,21.212,False,True,True,0,0,0,0,True,
000882.SZ,000882,000882,华联股份,主板,深市,主板,801200.SI,商贸零售,801203.SI,一般零售,一般零售,L,19980616,10326,28.27,1.54,-2.532,13.333,False,True,True,0,0,0,0,True,
000883.SZ,000883,000883,湖北能源,主板,深市,主板,801160.SI,公用事业,801161.SI,电力,电力,L,19980519,10354,28.35,4.36,-1.134,10.87,False,True,True,0,0,0,0,True,
000885.SZ,000885,000885,城发环境,主板,深市,主板,801970.SI,环保,801971.SI,环境治理,环境治理,L,19990319,10050,27.52,11.79,0.426,11.905,False,True,True,0,0,0,0,True,
000886.SZ,000886,000886,海南高速,主板,深市,主板,801170.SI,交通运输,801179.SI,铁路公路,铁路公路,L,19980123,10470,28.67,4.66,-1.062,8.696,False,True,True,0,0,0,0,True,
000887.SZ,000887,000887,中鼎股份,主板,深市,主板,801880.SI,汽车,801093.SI,汽车零部件,汽车零部件,L,19981203,10156,27.81,19.8,-0.352,11.765,False,True,True,0,0,0,0,True,
000888.SZ,000888,000888,峨眉山A,主板,深市,主板,801210.SI,社会服务,801993.SI,旅游及景区,旅游及景区,L,19971021,10564,28.92,9.34,-0.638,12.245,False,True,True,0,0,0,0,True,
000889.SZ,000889,000889,中嘉博创,主板,深市,主板,801770.SI,通信,801223.SI,通信服务,通信服务,L,19971218,10506,28.76,3.74,-5.076,7.692,False,True,True,0,0,0,0,True,
000890.SZ,000890,000890,法尔胜,主板,深市,主板,801970.SI,环保,801972.SI,环保设备Ⅱ,环保设备Ⅱ,L,19990119,10109,27.68,7.42,-5.236,14.103,False,True,True,0,0,0,0,True,
000892.SZ,000892,000892,欢瑞世纪,主板,深市,主板,801760.SI,传媒,801766.SI,影视院线,影视院线,L,19990115,10113,27.69,4.55,-5.797,8.696,False,True,True,0,0,0,0,True,
000893.SZ,000893,000893,亚钾国际,主板,深市,主板,801030.SI,基础化工,801038.SI,农化制品,农化制品,L,19981224,10135,27.75,38.98,-1.937,19.13,False,True,True,0,0,0,0,True,
000895.SZ,000895,000895,双汇发展,主板,深市,主板,801120.SI,食品饮料,801124.SI,食品加工,食品加工,L,19981210,10149,27.79,23.33,-0.214,14.516,False,True,True,0,0,0,0,True,
000897.SZ,000897,000897,津滨发展,主板,深市,主板,801180.SI,房地产,801181.SI,房地产开发,房地产开发,L,19990422,10016,27.42,1.9,-1.042,11.111,False,True,True,0,0,0,0,True,
000898.SZ,000898,000898,鞍钢股份,主板,深市,主板,801040.SI,钢铁,801044.SI,普钢,普钢,L,19971225,10499,28.74,2.01,-0.495,38.095,False,True,True,0,0,0,0,True,
000899.SZ,000899,000899,赣能股份,主板,深市,主板,801160.SI,公用事业,801161.SI,电力,电力,L,19971126,10528,28.82,9.1,-2.361,17.0,False,True,True,0,0,0,0,True,
000900.SZ,000900,000900,现代投资,主板,深市,主板,801170.SI,交通运输,801179.SI,铁路公路,铁路公路,L,19990128,10100,27.65,3.56,-0.28,10.811,False,True,True,0,0,0,0,True,
000901.SZ,000901,000901,航天科技,主板,深市,主板,801880.SI,汽车,801093.SI,汽车零部件,汽车零部件,L,19990401,10037,27.48,14.05,-2.363,8.392,False,True,True,0,0,0,0,True,
000902.SZ,000902,000902,新洋丰,主板,深市,主板,801030.SI,基础化工,801038.SI,农化制品,农化制品,L,19990408,10030,27.46,13.81,0.145,16.176,False,True,True,0,0,0,0,True,
000903.SZ,000903,000903,ST云动,主板,深市,主板,801880.SI,汽车,801093.SI,汽车零部件,汽车零部件,L,19990415,10023,27.44,1.97,-2.956,21.053,True,True,True,0,0,0,0,False,ST
000905.SZ,000905,000905,厦门港务,主板,深市,主板,801170.SI,交通运输,801992.SI,航运港口,航运港口,L,19990429,10009,27.4,8.92,-4.497,11.111,False,True,True,0,0,0,0,True,
000906.SZ,000906,000906,浙商中拓,主板,深市,主板,801170.SI,交通运输,801178.SI,物流,物流,L,19990707,9940,27.21,6.14,-0.808,15.0,False,True,True,0,0,0,0,True,
000908.SZ,000908,000908,石药景峰,主板,深市,主板,801150.SI,医药生物,801151.SI,化学制药,化学制药,L,19990203,10094,27.64,6.02,-1.312,15.625,False,True,True,0,0,0,2,True,
000909.SZ,000909,000909,*ST数源,主板,深市,主板,801180.SI,房地产,801181.SI,房地产开发,房地产开发,L,19990507,10001,27.38,5.46,-4.21,28.571,True,True,True,0,0,0,0,False,ST
000910.SZ,000910,000910,大亚圣象,主板,深市,主板,801140.SI,轻工制造,801142.SI,家居用品,家居用品,L,19990630,9947,27.23,7.58,10.014,33.333,False,True,True,0,0,0,0,True,
000911.SZ,000911,000911,*ST广糖,主板,深市,主板,801010.SI,农林牧渔,801012.SI,农产品加工,农产品加工,L,19990527,9981,27.33,5.16,-2.642,29.63,True,True,True,0,0,0,0,False,ST
000912.SZ,000912,000912,泸天化,主板,深市,主板,801030.SI,基础化工,801038.SI,农化制品,农化制品,L,19990603,9974,27.31,4.0,-5.213,19.048,False,True,True,0,0,0,0,True,
000913.SZ,000913,000913,钱江摩托,主板,深市,主板,801880.SI,汽车,801881.SI,摩托车及其他,摩托车及其他,L,19990514,9994,27.36,10.66,-1.205,21.053,False,True,True,0,0,0,0,True,
000915.SZ,000915,000915,华特达因,主板,深市,主板,801150.SI,医药生物,801151.SI,化学制药,化学制药,L,19990609,9968,27.29,24.22,0.083,10.0,False,True,True,0,0,0,0,True,
000917.SZ,000917,000917,电广传媒,主板,深市,主板,801760.SI,传媒,801995.SI,电视广播Ⅱ,电视广播Ⅱ,L,19990325,10044,27.5,6.93,-2.532,9.722,False,True,True,0,0,0,0,True,
000919.SZ,000919,000919,金陵药业,主板,深市,主板,801150.SI,医药生物,801151.SI,化学制药,化学制药,L,19991118,9806,26.85,6.49,-2.259,6.061,False,True,True,0,0,0,0,True,
000920.SZ,000920,000920,沃顿科技,主板,深市,主板,801030.SI,基础化工,801036.SI,塑料,塑料,L,19990616,9961,27.27,12.41,-2.819,17.073,False,True,True,0,0,0,0,True,
000921.SZ,000921,000921,海信家电,主板,深市,主板,801110.SI,家用电器,801111.SI,白色家电,白色家电,L,19990713,9934,27.2,26.47,-0.861,15.385,False,True,True,0,0,0,0,True,
000922.SZ,000922,000922,佳电股份,主板,深市,主板,801730.SI,电力设备,801731.SI,电机Ⅱ,电机Ⅱ,L,19990618,9959,27.27,12.32,0.901,10.924,False,True,True,0,0,0,0,True,
000923.SZ,000923,000923,河钢资源,主板,深市,主板,801040.SI,钢铁,801043.SI,冶钢原料,冶钢原料,L,19990714,9933,27.2,16.36,-1.446,17.073,False,True,True,0,0,0,0,True,
000925.SZ,000925,000925,众合科技,主板,深市,主板,801890.SI,机械设备,801076.SI,轨交设备Ⅱ,轨交设备Ⅱ,L,19990611,9966,27.29,8.02,-1.716,10.976,False,True,True,0,0,0,0,True,
000926.SZ,000926,000926,福星股份,主板,深市,主板,801180.SI,房地产,801181.SI,房地产开发,房地产开发,L,19990618,9959,27.27,2.19,1.861,9.524,False,True,True,0,0,0,0,True,
000927.SZ,000927,000927,中国铁物,主板,深市,主板,801890.SI,机械设备,801076.SI,轨交设备Ⅱ,轨交设备Ⅱ,L,19990727,9920,27.16,2.44,-1.613,20.0,False,True,True,0,0,0,0,True,
000928.SZ,000928,000928,中钢国际,主板,深市,主板,801720.SI,建筑装饰,801724.SI,专业工程,专业工程,L,19990312,10057,27.53,5.36,-0.924,16.364,False,True,True,0,0,0,0,True,
000929.SZ,000929,000929,兰州黄河,主板,深市,主板,801120.SI,食品饮料,801126.SI,非白酒,非白酒,L,19990623,9954,27.25,9.2,-0.862,13.187,False,True,True,0,0,0,2,True,
000930.SZ,000930,000930,中粮科技,主板,深市,主板,801010.SI,农林牧渔,801012.SI,农产品加工,农产品加工,L,19990712,9935,27.2,5.42,0.185,22.642,False,True,True,0,0,0,0,True,
000931.SZ,000931,000931,中关村,主板,深市,主板,801150.SI,医药生物,801151.SI,化学制药,化学制药,L,19990712,9935,27.2,4.57,-2.559,20.0,False,True,True,0,0,0,0,True,
000932.SZ,000932,000932,华菱钢铁,主板,深市,主板,801040.SI,钢铁,801044.SI,普钢,普钢,L,19990803,9913,27.14,3.54,-0.84,8.333,False,True,True,0,0,0,0,True,
000933.SZ,000933,000933,神火股份,主板,深市,主板,801050.SI,有色金属,801055.SI,工业金属,工业金属,L,19990831,9885,27.06,26.12,-0.986,9.091,False,True,True,0,0,0,0,True,
000935.SZ,000935,000935,四川双马,主板,深市,主板,801790.SI,非银金融,801191.SI,多元金融,多元金融,L,19990824,9892,27.08,20.6,0.734,27.35,False,True,True,0,0,0,0,True,
000936.SZ,000936,000936,华西股份,主板,深市,主板,801030.SI,基础化工,801032.SI,化学纤维,化学纤维,L,19990810,9906,27.12,5.54,-0.36,10.714,False,True,True,0,0,0,0,True,
000937.SZ,000937,000937,冀中能源,主板,深市,主板,801950.SI,煤炭,801951.SI,煤炭开采,煤炭开采,L,19990909,9876,27.04,4.39,-2.009,16.667,False,True,True,0,0,0,0,True,
000938.SZ,000938,000938,紫光股份,主板,深市,主板,801750.SI,计算机,801103.SI,IT服务Ⅱ,IT服务Ⅱ,L,19991104,9820,26.89,33.66,-0.326,13.235,False,True,True,0,0,0,0,True,
000948.SZ,000948,000948,南天信息,主板,深市,主板,801750.SI,计算机,801104.SI,软件开发,软件开发,L,19991014,9841,26.94,13.38,-3.184,9.859,False,True,True,0,0,0,0,True,
000949.SZ,000949,000949,新乡化纤,主板,深市,主板,801030.SI,基础化工,801032.SI,化学纤维,化学纤维,L,19991021,9834,26.92,6.94,0.144,17.647,False,True,True,0,0,0,0,True,
000950.SZ,000950,000950,重药控股,主板,深市,主板,801150.SI,医药生物,801154.SI,医药商业,医药商业,L,19990916,9869,27.02,5.22,-1.323,12.727,False,True,True,0,0,0,0,True,
000951.SZ,000951,000951,中国重汽,主板,深市,主板,801880.SI,汽车,801096.SI,商用车,商用车,L,19991125,9799,26.83,20.26,0.099,9.722,False,True,True,0,0,0,0,True,
000952.SZ,000952,000952,广济药业,主板,深市,主板,801150.SI,医药生物,801151.SI,化学制药,化学制药,L,19991112,9812,26.86,6.56,-1.943,15.625,False,True,True,0,0,0,0,True,
000953.SZ,000953,000953,中哲精化,主板,深市,主板,801150.SI,医药生物,801151.SI,化学制药,化学制药,L,19991202,9792,26.81,6.08,-1.459,10.0,False,True,True,0,0,0,0,True,
000955.SZ,000955,000955,欣龙控股,主板,深市,主板,801130.SI,纺织服饰,801131.SI,纺织制造,纺织制造,L,19991209,9785,26.79,3.96,-3.884,12.195,False,True,True,0,0,0,0,True,
000957.SZ,000957,000957,中通客车,主板,深市,主板,801880.SI,汽车,801096.SI,商用车,商用车,L,20000113,9750,26.69,9.85,-1.5,6.863,False,True,True,0,0,0,0,True,
000958.SZ,000958,000958,电投产融,主板,深市,主板,801790.SI,非银金融,801191.SI,多元金融,多元金融,L,19991223,9771,26.75,5.03,-0.984,21.667,False,True,True,0,0,0,0,True,
000959.SZ,000959,000959,首钢股份,主板,深市,主板,801040.SI,钢铁,801044.SI,普钢,普钢,L,19991216,9778,26.77,3.47,-1.421,37.838,False,True,True,0,0,0,0,True,
000960.SZ,000960,000960,锡业股份,主板,深市,主板,801050.SI,有色金属,801054.SI,小金属,小金属,L,20000221,9711,26.59,33.28,-1.217,16.092,False,True,True,0,0,0,0,True,
000962.SZ,000962,000962,东方钽业,主板,深市,主板,801050.SI,有色金属,801054.SI,小金属,小金属,L,20000120,9743,26.67,61.04,0.843,15.493,False,True,True,0,0,0,0,True,
000963.SZ,000963,000963,华东医药,主板,深市,主板,801150.SI,医药生物,801151.SI,化学制药,化学制药,L,20000127,9736,26.66,26.5,-0.451,14.035,False,True,True,0,0,0,0,True,
000965.SZ,000965,000965,天保基建,主板,深市,主板,801180.SI,房地产,801181.SI,房地产开发,房地产开发,L,20000406,9666,26.46,3.37,-0.59,12.121,False,True,True,0,0,0,0,True,
000966.SZ,000966,000966,长源电力,主板,深市,主板,801160.SI,公用事业,801161.SI,电力,电力,L,20000316,9687,26.52,3.9,-3.226,9.756,False,True,True,0,0,0,0,True,
000967.SZ,000967,000967,盈峰环境,主板,深市,主板,801970.SI,环保,801972.SI,环保设备Ⅱ,环保设备Ⅱ,L,20000330,9673,26.48,8.1,-0.857,15.663,False,True,True,0,0,0,0,True,
000968.SZ,000968,000968,蓝焰控股,主板,深市,主板,801960.SI,石油石化,801961.SI,油气开采Ⅱ,油气开采Ⅱ,L,20000622,9589,26.25,6.85,-3.385,8.333,False,True,True,0,0,0,0,True,
000969.SZ,000969,000969,安泰科技,主板,深市,主板,801050.SI,有色金属,801051.SI,金属新材料,金属新材料,L,20000529,9613,26.32,17.42,0.927,7.018,False,True,True,0,0,0,0,True,
000970.SZ,000970,000970,中科三环,主板,深市,主板,801050.SI,有色金属,801051.SI,金属新材料,金属新材料,L,20000420,9652,26.43,11.57,-1.616,15.0,False,True,True,0,0,0,0,True,
000972.SZ,000972,000972,中基健康,主板,深市,主板,801010.SI,农林牧渔,801012.SI,农产品加工,农产品加工,L,20000926,9493,25.99,4.07,-0.732,15.385,False,True,True,0,0,0,2,True,
000973.SZ,000973,000973,佛塑科技,主板,深市,主板,801030.SI,基础化工,801036.SI,塑料,塑料,L,20000525,9617,26.33,11.76,-1.754,18.033,False,True,True,0,0,0,0,True,
000975.SZ,000975,000975,山金国际,主板,深市,主板,801050.SI,有色金属,801053.SI,贵金属,贵金属,L,20000608,9603,26.29,24.28,0.331,20.313,False,True,True,0,0,0,0,True,
000977.SZ,000977,000977,浪潮信息,主板,深市,主板,801750.SI,计算机,801101.SI,计算机设备,计算机设备,L,20000608,9603,26.29,71.27,-1.22,15.556,False,True,True,0,0,0,0,True,
000978.SZ,000978,000978,桂林旅游,主板,深市,主板,801210.SI,社会服务,801993.SI,旅游及景区,旅游及景区,L,20000518,9624,26.35,8.79,4.643,5.882,False,True,True,0,0,0,0,True,
000980.SZ,000980,000980,众泰汽车,主板,深市,主板,801880.SI,汽车,801093.SI,汽车零部件,汽车零部件,L,20000616,9595,26.27,2.2,0.917,9.091,False,True,True,0,0,0,0,True,
000981.SZ,000981,000981,山子高科,主板,深市,主板,801880.SI,汽车,801093.SI,汽车零部件,汽车零部件,L,20000622,9589,26.25,2.81,-2.431,10.345,False,True,True,0,0,0,0,True,
000983.SZ,000983,000983,山西焦煤,主板,深市,主板,801950.SI,煤炭,801951.SI,煤炭开采,煤炭开采,L,20000726,9555,26.16,6.49,-1.964,16.418,False,True,True,0,0,0,0,True,
000985.SZ,000985,000985,大庆华科,主板,深市,主板,801960.SI,石油石化,801963.SI,炼化及贸易,炼化及贸易,L,20000726,9555,26.16,17.33,-2.035,14.118,False,True,True,0,0,0,0,True,
000987.SZ,000987,000987,越秀资本,主板,深市,主板,801790.SI,非银金融,801191.SI,多元金融,多元金融,L,20000718,9563,26.18,7.41,-0.67,16.667,False,True,True,0,0,0,0,True,
000988.SZ,000988,000988,华工科技,主板,深市,主板,801890.SI,机械设备,801078.SI,自动化设备,自动化设备,L,20000608,9603,26.29,106.06,-0.962,8.475,False,True,True,0,0,0,0,True,
000989.SZ,000989,000989,九芝堂,主板,深市,主板,801150.SI,医药生物,801155.SI,中药Ⅱ,中药Ⅱ,L,20000628,9583,26.24,8.67,-1.812,7.778,False,True,True,0,0,0,0,True,
000990.SZ,000990,000990,诚志股份,主板,深市,主板,801030.SI,基础化工,801033.SI,化学原料,化学原料,L,20000706,9575,26.21,6.44,-2.424,4.545,False,True,True,0,0,0,0,True,
000993.SZ,000993,000993,闽东电力,主板,深市,主板,801160.SI,公用事业,801161.SI,电力,电力,L,20000731,9550,26.15,18.82,-9.995,9.0,False,True,True,0,0,0,0,True,
000995.SZ,000995,000995,皇台酒业,主板,深市,主板,801120.SI,食品饮料,801125.SI,白酒Ⅱ,白酒Ⅱ,L,20000807,9543,26.13,11.81,0.596,11.966,False,True,True,0,0,0,0,True,
000997.SZ,000997,000997,新大陆,主板,深市,主板,801750.SI,计算机,801101.SI,计算机设备,计算机设备,L,20000807,9543,26.13,19.7,-0.304,16.0,False,True,True,0,0,0,0,True,
000998.SZ,000998,000998,隆平高科,主板,深市,主板,801010.SI,农林牧渔,801016.SI,种植业,种植业,L,20001211,9417,25.78,8.89,-1.332,8.696,False,True,True,0,0,0,0,True,
000999.SZ,000999,000999,华润三九,主板,深市,主板,801150.SI,医药生物,801155.SI,中药Ⅱ,中药Ⅱ,L,20000309,9694,26.54,23.76,-0.336,16.129,False,True,True,0,0,0,0,True,
001201.SZ,001201,001201,东瑞股份,主板,深市,主板,801010.SI,农林牧渔,801017.SI,养殖业,养殖业,L,20210428,1974,5.4,16.02,-1.718,27.778,False,True,True,0,0,0,0,True,
001202.SZ,001202,001202,炬申股份,主板,深市,主板,801170.SI,交通运输,801178.SI,物流,物流,L,20210429,1973,5.4,15.04,-0.66,15.217,False,True,True,0,0,0,0,True,
001203.SZ,001203,001203,大中矿业,主板,深市,主板,801040.SI,钢铁,801043.SI,冶钢原料,冶钢原料,L,20210510,1962,5.37,23.58,-3.912,25.926,False,True,True,0,0,0,0,True,
001205.SZ,001205,001205,盛航股份,主板,深市,主板,801170.SI,交通运输,801992.SI,航运港口,航运港口,L,20210513,1959,5.36,14.52,-0.548,8.333,False,True,True,0,0,0,0,True,
001206.SZ,001206,001206,依依股份,主板,深市,主板,801980.SI,美容护理,801981.SI,个护用品,个护用品,L,20210518,1954,5.35,17.04,-1.332,7.273,False,True,True,0,0,0,0,True,
001207.SZ,001207,001207,联科科技,主板,深市,主板,801030.SI,基础化工,801037.SI,橡胶,橡胶,L,20210623,1918,5.25,18.21,-2.307,15.789,False,True,True,0,0,0,0,True,
001208.SZ,001208,001208,华菱线缆,主板,深市,主板,801730.SI,电力设备,801738.SI,电网设备,电网设备,L,20210624,1917,5.25,13.48,-3.438,7.746,False,True,True,0,0,0,0,True,
001209.SZ,001209,001209,洪兴股份,主板,深市,主板,801130.SI,纺织服饰,801132.SI,服装家纺,服装家纺,L,20210723,1888,5.17,19.08,0.846,7.447,False,True,True,0,0,0,0,True,
001210.SZ,001210,001210,金房能源,主板,深市,主板,801160.SI,公用事业,801161.SI,电力,电力,L,20210729,1882,5.15,29.1,-2.086,7.216,False,True,True,0,0,0,0,True,
001211.SZ,001211,001211,双枪科技,主板,深市,主板,801140.SI,轻工制造,801142.SI,家居用品,家居用品,L,20210805,1875,5.13,26.06,1.837,11.29,False,True,True,0,0,0,0,True,
001212.SZ,001212,001212,中旗新材,主板,深市,主板,801710.SI,建筑材料,801713.SI,装修建材,装修建材,L,20210823,1857,5.08,38.83,0.466,15.909,False,True,True,0,0,0,0,True,
001213.SZ,001213,001213,中铁特货,主板,深市,主板,801170.SI,交通运输,801179.SI,铁路公路,铁路公路,L,20210908,1841,5.04,3.49,-0.57,20.0,False,True,True,0,0,0,0,True,
001215.SZ,001215,001215,千味央厨,主板,深市,主板,801120.SI,食品饮料,801124.SI,食品加工,食品加工,L,20210906,1843,5.05,33.71,0.687,11.29,False,True,True,0,0,0,0,True,
001216.SZ,001216,001216,华瓷股份,主板,深市,主板,801140.SI,轻工制造,801142.SI,家居用品,家居用品,L,20211019,1800,4.93,28.31,6.951,15.957,False,True,True,0,0,0,0,True,
001217.SZ,001217,001217,华尔泰,主板,深市,主板,801030.SI,基础化工,801033.SI,化学原料,化学原料,L,20210929,1820,4.98,11.0,0.274,17.822,False,True,True,0,0,0,0,True,
001218.SZ,001218,001218,丽臣实业,主板,深市,主板,801030.SI,基础化工,801034.SI,化学制品,化学制品,L,20211015,1804,4.94,24.18,-0.206,10.0,False,True,True,0,0,0,0,True,
001219.SZ,001219,001219,青岛食品,主板,深市,主板,801120.SI,食品饮料,801128.SI,休闲食品,休闲食品,L,20211021,1798,4.92,12.75,-0.078,8.661,False,True,True,0,0,0,0,True,
001220.SZ,001220,001220,世盟股份,主板,深市,主板,801170.SI,交通运输,801178.SI,物流,物流,L,20260203,232,0.64,31.95,-0.25,3.774,False,True,True,0,0,0,0,False,上市时间不足
001221.SZ,001221,001221,悍高集团,主板,深市,主板,801140.SI,轻工制造,801142.SI,家居用品,家居用品,L,20250730,420,1.15,35.8,0.252,14.583,False,True,True,0,0,0,0,False,上市时间不足
001222.SZ,001222,001222,源飞宠物,主板,深市,主板,801140.SI,轻工制造,801145.SI,文娱用品,文娱用品,L,20220818,1497,4.1,15.75,-1.747,10.256,False,True,True,0,0,0,0,True,
001223.SZ,001223,001223,欧克科技,主板,深市,主板,801890.SI,机械设备,801078.SI,自动化设备,自动化设备,L,20221212,1381,3.78,44.56,0.045,14.286,False,True,True,0,0,0,0,True,
001225.SZ,001225,001225,和泰机电,主板,深市,主板,801890.SI,机械设备,801074.SI,专用设备,专用设备,L,20230222,1309,3.58,37.03,1.815,9.091,False,True,True,0,0,0,0,True,
001226.SZ,001226,001226,拓山重工,主板,深市,主板,801890.SI,机械设备,801077.SI,工程机械,工程机械,L,20220622,1554,4.25,46.5,0.758,11.111,False,True,True,0,0,0,0,True,
001227.SZ,001227,001227,兰州银行,主板,深市,主板,801780.SI,银行,801784.SI,城商行Ⅱ,城商行Ⅱ,L,20220117,1710,4.68,2.1,-0.474,4.762,False,True,True,0,0,0,0,True,
001228.SZ,001228,001228,永泰运,主板,深市,主板,801170.SI,交通运输,801178.SI,物流,物流,L,20220429,1608,4.4,37.35,6.897,22.159,False,True,True,0,0,0,0,True,
001229.SZ,001229,001229,魅视科技,主板,深市,主板,801750.SI,计算机,801101.SI,计算机设备,计算机设备,L,20220808,1507,4.13,39.15,-1.855,9.184,False,True,True,0,0,0,0,True,
001230.SZ,001230,001230,劲旅环境,主板,深市,主板,801970.SI,环保,801971.SI,环境治理,环境治理,L,20220715,1531,4.19,19.35,-0.309,18.974,False,True,True,0,0,0,0,True,
001231.SZ,001231,001231,农心科技,主板,深市,主板,801030.SI,基础化工,801038.SI,农化制品,农化制品,L,20220819,1496,4.1,22.77,0.574,9.677,False,True,True,0,0,0,0,True,
001232.SZ,001232,001232,嘉立创,主板,深市,主板,,,,,未分类,L,20260804,50,0.14,205.85,4.265,6.281,False,True,True,0,0,0,0,False,上市时间不足
001233.SZ,001233,001233,海安集团,主板,深市,主板,801880.SI,汽车,801093.SI,汽车零部件,汽车零部件,L,20251125,302,0.83,46.01,-1.032,8.547,False,True,True,0,0,0,0,False,上市时间不足
001234.SZ,001234,001234,泰慕士,主板,深市,主板,801130.SI,纺织服饰,801132.SI,服装家纺,服装家纺,L,20220111,1716,4.7,32.18,10.017,38.158,False,True,True,0,0,0,0,True,
001236.SZ,001236,001236,弘业期货,主板,深市,主板,801790.SI,非银金融,801191.SI,多元金融,多元金融,L,20220805,1510,4.13,7.79,-3.35,12.821,False,True,True,0,0,0,0,True,
001237.SZ,001237,001237,惠康科技,主板,深市,主板,801890.SI,机械设备,801072.SI,通用设备,通用设备,L,20260522,124,0.34,51.02,-0.235,7.101,False,True,True,0,0,0,1,False,上市时间不足
001238.SZ,001238,001238,浙江正特,主板,深市,主板,801140.SI,轻工制造,801145.SI,文娱用品,文娱用品,L,20220919,1465,4.01,26.42,1.11,40.351,False,True,True,0,0,0,0,True,
001239.SZ,001239,001239,永达股份,主板,深市,主板,801890.SI,机械设备,801077.SI,工程机械,工程机械,L,20231212,1016,2.78,12.08,-0.083,8.403,False,True,True,0,0,0,0,True,
001248.SZ,001248,001248,华润新能源,主板,深市,主板,,,,,未分类,L,20260702,83,0.23,11.81,-1.171,5.0,False,True,True,0,0,1,1,False,上市时间不足、近60日停牌
001255.SZ,001255,001255,博菲电气,主板,深市,主板,801030.SI,基础化工,801036.SI,塑料,塑料,L,20220930,1454,3.98,27.0,-0.443,18.605,False,True,True,0,0,0,0,True,
001256.SZ,001256,001256,炜冈科技,主板,深市,主板,801890.SI,机械设备,801074.SI,专用设备,专用设备,L,20221205,1388,3.8,22.21,1.741,20.354,False,True,True,0,0,0,0,True,
001257.SZ,001257,001257,盛龙股份,主板,深市,主板,801050.SI,有色金属,801054.SI,小金属,小金属,L,20260331,176,0.48,22.84,-2.016,7.328,False,True,True,0,0,0,0,False,上市时间不足
001258.SZ,001258,001258,立新能源,主板,深市,主板,801160.SI,公用事业,801161.SI,电力,电力,L,20220727,1519,4.16,10.62,-9.308,9.91,False,True,True,0,0,0,0,True,
001259.SZ,001259,001259,利仁科技,主板,深市,主板,801110.SI,家用电器,801113.SI,小家电,小家电,L,20220831,1484,4.06,46.0,-5.892,9.091,False,True,True,0,0,0,0,True,
001260.SZ,001260,001260,坤泰股份,主板,深市,主板,801880.SI,汽车,801093.SI,汽车零部件,汽车零部件,L,20230216,1315,3.6,19.28,-4.931,10.417,False,True,True,0,0,0,0,True,
001266.SZ,001266,001266,宏英智能,主板,深市,主板,801890.SI,机械设备,801078.SI,自动化设备,自动化设备,L,20220228,1668,4.57,37.62,-0.344,13.333,False,True,True,0,0,0,0,True,
001267.SZ,001267,001267,汇绿生态,主板,深市,主板,801720.SI,建筑装饰,801723.SI,基础建设,基础建设,L,20211117,1771,4.85,37.81,-0.995,9.474,False,True,True,0,0,0,0,True,
001268.SZ,001268,001268,联合精密,主板,深市,主板,801110.SI,家用电器,801116.SI,家电零部件Ⅱ,家电零部件Ⅱ,L,20220630,1546,4.23,27.17,2.258,9.412,False,True,True,0,0,0,0,True,
001269.SZ,001269,001269,欧晶科技,主板,深市,主板,801730.SI,电力设备,801735.SI,光伏设备,光伏设备,L,20220930,1454,3.98,19.49,0.932,15.344,False,True,True,0,0,0,0,True,
001270.SZ,001270,001270,铖昌科技,主板,深市,主板,801740.SI,国防军工,801745.SI,军工电子Ⅱ,军工电子Ⅱ,L,20220606,1570,4.3,99.19,-0.8,16.867,False,True,True,0,0,0,1,True,
001277.SZ,001277,001277,速达股份,主板,深市,主板,801890.SI,机械设备,801074.SI,专用设备,专用设备,L,20240903,750,2.05,30.63,-0.423,7.843,False,True,True,0,0,0,0,True,
001278.SZ,001278,001278,一彬科技,主板,深市,主板,801880.SI,汽车,801093.SI,汽车零部件,汽车零部件,L,20230308,1295,3.55,16.71,0.541,6.832,False,True,True,0,0,0,0,True,
001279.SZ,001279,001279,强邦新材,主板,深市,主板,801140.SI,轻工制造,801141.SI,包装印刷,包装印刷,L,20241011,712,1.95,26.43,-0.751,7.752,False,True,True,0,0,0,0,False,上市时间不足
001280.SZ,001280,001280,中国铀业,主板,深市,主板,801050.SI,有色金属,801054.SI,小金属,小金属,L,20251203,294,0.8,62.92,-0.301,8.485,False,True,True,0,0,0,0,False,上市时间不足
001282.SZ,001282,001282,三联锻造,主板,深市,主板,801880.SI,汽车,801093.SI,汽车零部件,汽车零部件,L,20230524,1218,3.33,16.52,0.364,9.317,False,True,True,0,0,0,0,True,
001283.SZ,001283,001283,豪鹏科技,主板,深市,主板,801730.SI,电力设备,801737.SI,电池,电池,L,20220905,1479,4.05,47.57,-2.62,12.5,False,True,True,0,0,0,0,True,
001285.SZ,001285,001285,瑞立科密,主板,深市,主板,801880.SI,汽车,801093.SI,汽车零部件,汽车零部件,L,20250930,358,0.98,42.78,0.047,7.692,False,True,True,0,0,0,0,False,上市时间不足
001286.SZ,001286,001286,陕西能源,主板,深市,主板,801160.SI,公用事业,801161.SI,电力,电力,L,20230410,1262,3.46,9.43,-1.566,12.245,False,True,True,0,0,0,0,True,
001287.SZ,001287,001287,中电港,主板,深市,主板,801080.SI,电子,801082.SI,其他电子Ⅱ,其他电子Ⅱ,L,20230410,1262,3.46,25.2,0.921,12.121,False,True,True,0,0,0,0,True,
001288.SZ,001288,001288,运机集团,主板,深市,主板,801890.SI,机械设备,801074.SI,专用设备,专用设备,L,20211101,1787,4.89,33.69,5.977,14.286,False,True,True,0,0,0,0,True,
001289.SZ,001289,001289,龙源电力,主板,深市,主板,801160.SI,公用事业,801161.SI,电力,电力,L,20220124,1703,4.66,14.99,-0.991,25.0,False,True,True,0,0,0,0,True,
001296.SZ,001296,001296,长江材料,主板,深市,主板,801030.SI,基础化工,801039.SI,非金属材料Ⅱ,非金属材料Ⅱ,L,20211224,1734,4.75,20.62,2.638,9.0,False,True,True,0,0,0,0,True,
001298.SZ,001298,001298,好上好,主板,深市,主板,801080.SI,电子,801082.SI,其他电子Ⅱ,其他电子Ⅱ,L,20221031,1423,3.9,17.13,0.234,12.0,False,True,True,0,0,0,0,True,
001299.SZ,001299,001299,美能能源,主板,深市,主板,801160.SI,公用事业,801163.SI,燃气Ⅱ,燃气Ⅱ,L,20221031,1423,3.9,10.32,-1.244,15.094,False,True,True,0,0,0,0,True,
001300.SZ,001300,001300,三柏硕,主板,深市,主板,801140.SI,轻工制造,801145.SI,文娱用品,文娱用品,L,20221019,1435,3.93,12.42,-2.128,17.241,False,True,True,0,0,0,0,True,
001301.SZ,001301,001301,尚太科技,主板,深市,主板,801730.SI,电力设备,801737.SI,电池,电池,L,20221228,1365,3.74,48.63,-2.895,21.311,False,True,True,0,0,0,0,True,
001306.SZ,001306,001306,夏厦精密,主板,深市,主板,801890.SI,机械设备,801072.SI,通用设备,通用设备,L,20231116,1042,2.85,56.82,-0.438,7.143,False,True,True,0,0,0,0,True,
001308.SZ,001308,001308,康冠科技,主板,深市,主板,801080.SI,电子,801084.SI,光学光电子,光学光电子,L,20220318,1650,4.52,18.25,0.496,17.526,False,True,True,0,0,0,0,True,
001309.SZ,001309,001309,德明利,主板,深市,主板,801080.SI,电子,801081.SI,半导体,半导体,L,20220701,1545,4.23,410.32,-0.304,6.25,False,True,True,0,0,0,0,True,
001311.SZ,001311,001311,多利科技,主板,深市,主板,801880.SI,汽车,801093.SI,汽车零部件,汽车零部件,L,20230227,1304,3.57,17.14,-0.465,8.621,False,True,True,0,0,0,0,True,
001312.SZ,001312,001312,福恩股份,主板,深市,主板,801130.SI,纺织服饰,801131.SI,纺织制造,纺织制造,L,20260421,155,0.42,18.02,-0.552,5.556,False,True,True,0,0,0,0,False,上市时间不足
001313.SZ,001313,001313,粤海饲料,主板,深市,主板,801010.SI,农林牧渔,801014.SI,饲料,饲料,L,20220216,1680,4.6,7.46,0.269,13.158,False,True,True,0,0,0,0,True,
001314.SZ,001314,001314,亿道信息,主板,深市,主板,801080.SI,电子,801085.SI,消费电子,消费电子,L,20230214,1317,3.61,56.02,1.947,12.214,False,True,True,0,0,0,0,True,
001316.SZ,001316,001316,润贝航科,主板,深市,主板,801960.SI,石油石化,801963.SI,炼化及贸易,炼化及贸易,L,20220624,1552,4.25,28.44,-1.592,12.5,False,True,True,0,0,0,0,True,
001317.SZ,001317,001317,三羊马,主板,深市,主板,801170.SI,交通运输,801179.SI,铁路公路,铁路公路,L,20211130,1758,4.81,59.36,-10.006,18.831,False,True,True,0,0,0,0,True,
001318.SZ,001318,001318,阳光乳业,主板,深市,主板,801120.SI,食品饮料,801127.SI,饮料乳品,饮料乳品,L,20220520,1587,4.34,11.7,-1.099,12.174,False,True,True,0,0,0,0,True,
001319.SZ,001319,001319,铭科精技,主板,深市,主板,801880.SI,汽车,801093.SI,汽车零部件,汽车零部件,L,20220512,1595,4.37,22.03,-1.343,12.037,False,True,True,0,0,0,0,True,
001322.SZ,001322,001322,箭牌家居,主板,深市,主板,801140.SI,轻工制造,801142.SI,家居用品,家居用品,L,20221026,1428,3.91,6.71,-3.453,23.81,False,True,True,0,0,0,0,True,
001323.SZ,001323,001323,慕思股份,主板,深市,主板,801140.SI,轻工制造,801142.SI,家居用品,家居用品,L,20220623,1553,4.25,17.98,1.239,20.69,False,True,True,0,0,0,0,True,
001324.SZ,001324,001324,长青科技,主板,深市,主板,801890.SI,机械设备,801076.SI,轨交设备Ⅱ,轨交设备Ⅱ,L,20230522,1220,3.34,21.18,-2.126,11.0,False,True,True,0,0,0,0,True,
001325.SZ,001325,001325,元创股份,主板,深市,主板,801030.SI,基础化工,801037.SI,橡胶,橡胶,L,20251218,279,0.76,36.9,-0.913,8.511,False,True,True,0,0,0,0,False,上市时间不足
001326.SZ,001326,001326,联域股份,主板,深市,主板,801110.SI,家用电器,801115.SI,照明设备Ⅱ,照明设备Ⅱ,L,20231109,1049,2.87,107.0,8.574,10.547,False,True,True,0,0,0,0,True,
001328.SZ,001328,001328,登康口腔,主板,深市,主板,801980.SI,美容护理,801981.SI,个护用品,个护用品,L,20230410,1262,3.46,29.76,-1.847,12.162,False,True,True,0,0,0,0,True,
001330.SZ,001330,001330,博纳影业,主板,深市,主板,801760.SI,传媒,801766.SI,影视院线,影视院线,L,20220818,1497,4.1,5.75,4.167,7.273,False,True,True,0,0,0,0,True,
001331.SZ,001331,001331,胜通能源,主板,深市,主板,801160.SI,公用事业,801163.SI,燃气Ⅱ,燃气Ⅱ,L,20220908,1476,4.04,42.78,-6.081,17.045,False,True,True,0,0,0,22,True,
001332.SZ,001332,001332,锡装股份,主板,深市,主板,801890.SI,机械设备,801074.SI,专用设备,专用设备,L,20220920,1464,4.01,27.49,-1.962,11.429,False,True,True,0,0,0,0,True,
001333.SZ,001333,001333,光华股份,主板,深市,主板,801030.SI,基础化工,801036.SI,塑料,塑料,L,20221208,1385,3.79,20.6,2.335,12.0,False,True,True,0,0,0,0,True,
001335.SZ,001335,001335,信凯科技,主板,深市,主板,801030.SI,基础化工,801034.SI,化学制品,化学制品,L,20250415,526,1.44,33.67,0.059,8.411,False,True,True,0,0,0,0,False,上市时间不足
001336.SZ,001336,001336,楚环科技,主板,深市,主板,801970.SI,环保,801972.SI,环保设备Ⅱ,环保设备Ⅱ,L,20220725,1521,4.16,19.44,-1.52,10.753,False,True,True,0,0,0,0,True,
001337.SZ,001337,001337,四川黄金,主板,深市,主板,801050.SI,有色金属,801053.SI,贵金属,贵金属,L,20230303,1300,3.56,48.73,-1.376,9.412,False,True,True,0,0,0,0,True,
001338.SZ,001338,001338,永顺泰,主板,深市,主板,801010.SI,农林牧渔,801012.SI,农产品加工,农产品加工,L,20221116,1407,3.85,9.18,0.768,12.088,False,True,True,0,0,0,0,True,
001339.SZ,001339,001339,智微智能,主板,深市,主板,801750.SI,计算机,801101.SI,计算机设备,计算机设备,L,20220815,1500,4.11,79.7,-1.968,10.0,False,True,True,0,0,0,0,True,
001356.SZ,001356,001356,富岭股份,主板,深市,主板,801140.SI,轻工制造,801142.SI,家居用品,家居用品,L,20250123,608,1.66,9.46,-0.942,8.602,False,True,True,0,0,0,0,False,上市时间不足
001358.SZ,001358,001358,兴欣新材,主板,深市,主板,801030.SI,基础化工,801034.SI,化学制品,化学制品,L,20231221,1007,2.76,24.73,-1.08,7.317,False,True,True,0,0,0,0,True,
001359.SZ,001359,001359,平安电工,主板,深市,主板,801030.SI,基础化工,801036.SI,塑料,塑料,L,20240328,909,2.49,92.15,2.275,10.959,False,True,True,0,0,0,0,True,
001360.SZ,001360,001360,南矿集团,主板,深市,主板,801890.SI,机械设备,801074.SI,专用设备,专用设备,L,20230410,1262,3.46,20.25,-3.846,14.359,False,True,True,0,0,0,0,True,
001365.SZ,001365,001365,天海电子,主板,深市,主板,801880.SI,汽车,801093.SI,汽车零部件,汽车零部件,L,20260518,128,0.35,36.5,-0.219,4.558,False,True,True,0,0,0,0,False,上市时间不足
001366.SZ,001366,001366,播恩集团,主板,深市,主板,801010.SI,农林牧渔,801014.SI,饲料,饲料,L,20230307,1296,3.55,13.09,-2.24,16.667,False,True,True,0,0,0,0,True,
001367.SZ,001367,001367,海森药业,主板,深市,主板,801150.SI,医药生物,801151.SI,化学制药,化学制药,L,20230410,1262,3.46,22.05,2.654,12.255,False,True,True,0,0,0,0,True,
001368.SZ,001368,001368,通达创智,主板,深市,主板,801140.SI,轻工制造,801145.SI,文娱用品,文娱用品,L,20230313,1290,3.53,37.53,8.972,24.138,False,True,True,0,0,0,0,True,
001369.SZ,001369,001369,双欣材料,主板,深市,主板,801030.SI,基础化工,801032.SI,化学纤维,化学纤维,L,20251230,267,0.73,12.45,-0.559,5.6,False,True,True,0,0,0,0,False,上市时间不足
001373.SZ,001373,001373,翔腾新材,主板,深市,主板,801080.SI,电子,801084.SI,光学光电子,光学光电子,L,20230601,1210,3.31,31.39,0.868,13.462,False,True,True,0,0,0,0,True,
001376.SZ,001376,001376,百通能源,主板,深市,主板,801160.SI,公用事业,801161.SI,电力,电力,L,20231103,1055,2.89,12.42,-3.87,14.286,False,True,True,0,0,0,0,True,
001378.SZ,001378,001378,德冠新材,主板,深市,主板,801030.SI,基础化工,801036.SI,塑料,塑料,L,20231030,1059,2.9,23.48,0.342,4.274,False,True,True,0,0,0,0,True,
001379.SZ,001379,001379,腾达科技,主板,深市,主板,801890.SI,机械设备,801072.SI,通用设备,通用设备,L,20240119,978,2.68,15.83,-0.252,5.66,False,True,True,0,0,0,0,True,
001380.SZ,001380,001380,华纬科技,主板,深市,主板,801880.SI,汽车,801093.SI,汽车零部件,汽车零部件,L,20230516,1226,3.36,18.82,1.128,16.867,False,True,True,0,0,0,0,True,
001382.SZ,001382,001382,新亚电缆,主板,深市,主板,801730.SI,电力设备,801738.SI,电网设备,电网设备,L,20250321,551,1.51,16.42,-0.965,5.422,False,True,True,0,0,0,0,False,上市时间不足
001386.SZ,001386,001386,马可波罗,主板,深市,主板,801140.SI,轻工制造,801142.SI,家居用品,家居用品,L,20251022,336,0.92,16.38,-0.122,6.25,False,True,True,0,0,0,0,False,上市时间不足
001387.SZ,001387,001387,雪祺电气,主板,深市,主板,801110.SI,家用电器,801111.SI,白色家电,白色家电,L,20240111,986,2.7,12.25,2.51,7.563,False,True,True,0,0,0,0,True,
001388.SZ,001388,001388,信通电子,主板,深市,主板,801730.SI,电力设备,801738.SI,电网设备,电网设备,L,20250701,449,1.23,20.38,-2.581,10.377,False,True,True,0,0,0,0,False,上市时间不足
001389.SZ,001389,001389,广合科技,主板,深市,主板,801080.SI,电子,801083.SI,元件,元件,L,20240402,904,2.48,192.25,-3.222,18.182,False,True,True,0,0,0,0,True,
001390.SZ,001390,001390,古麒绒材,主板,深市,主板,801130.SI,纺织服饰,801131.SI,纺织制造,纺织制造,L,20250529,482,1.32,17.76,1.197,10.345,False,True,True,0,0,0,0,False,上市时间不足
001391.SZ,001391,001391,国货航,主板,深市,主板,801170.SI,交通运输,801178.SI,物流,物流,L,20241230,632,1.73,3.85,-2.036,12.5,False,True,True,0,0,0,0,False,上市时间不足
001393.SZ,001393,001393,维通利,主板,深市,主板,801730.SI,电力设备,801738.SI,电网设备,电网设备,L,20260515,131,0.36,43.41,2.624,7.042,False,True,True,0,0,0,0,False,上市时间不足
001395.SZ,001395,001395,亚联机械,主板,深市,主板,801890.SI,机械设备,801074.SI,专用设备,专用设备,L,20250127,604,1.65,30.95,2.756,6.122,False,True,True,0,0,0,0,False,上市时间不足
001396.SZ,001396,001396,誉帆科技,主板,深市,主板,801720.SI,建筑装饰,801723.SI,基础建设,基础建设,L,20251230,267,0.73,32.76,0.276,7.362,False,True,True,0,0,0,0,False,上市时间不足
001399.SZ,001399,001399,惠科股份,主板,深市,主板,801080.SI,电子,801084.SI,光学光电子,光学光电子,L,20260626,89,0.24,23.77,1.063,13.559,False,True,True,0,0,0,1,False,上市时间不足
001400.SZ,001400,001400,江顺科技,主板,深市,主板,801890.SI,机械设备,801074.SI,专用设备,专用设备,L,20250424,517,1.42,78.38,1.845,8.571,False,True,True,0,0,0,0,False,上市时间不足
001696.SZ,001696,001696,宗申动力,主板,深市,主板,801890.SI,机械设备,801072.SI,通用设备,通用设备,L,19970306,10793,29.55,16.42,3.205,7.547,False,True,True,0,0,0,0,True,
001872.SZ,001872,001872,招商港口,主板,深市,主板,801170.SI,交通运输,801992.SI,航运港口,航运港口,L,19930505,12194,33.39,22.81,-0.436,23.077,False,True,True,0,0,0,0,True,
001896.SZ,001896,001896,豫能控股,主板,深市,主板,801160.SI,公用事业,801161.SI,电力,电力,L,19980122,10471,28.67,11.34,-6.59,8.333,False,True,True,0,0,0,0,True,
001914.SZ,001914,001914,招商积余,主板,深市,主板,801180.SI,房地产,801183.SI,房地产服务,房地产服务,L,19940928,11683,31.99,9.13,-0.109,18.182,False,True,True,0,0,0,0,True,
001965.SZ,001965,001965,招商公路,主板,深市,主板,801170.SI,交通运输,801179.SI,铁路公路,铁路公路,L,20171225,3194,8.74,9.86,0.612,28.125,False,True,True,0,0,0,0,True,
001979.SZ,001979,001979,招商蛇口,主板,深市,主板,801180.SI,房地产,801181.SI,房地产开发,房地产开发,L,20151230,3920,10.73,7.25,-0.275,32.394,False,True,True,0,0,0,0,True,
002001.SZ,002001,002001,新和成,主板,深市,主板,801030.SI,基础化工,801034.SI,化学制品,化学制品,L,20040625,8125,22.25,26.34,-1.2,16.438,False,True,True,0,0,0,0,True,
002003.SZ,002003,002003,伟星股份,主板,深市,主板,801130.SI,纺织服饰,801131.SI,纺织制造,纺织制造,L,20040625,8125,22.25,11.25,-0.354,22.018,False,True,True,0,0,0,0,True,
002004.SZ,002004,002004,华邦健康,主板,深市,主板,801150.SI,医药生物,801151.SI,化学制药,化学制药,L,20040625,8125,22.25,4.37,-0.907,6.818,False,True,True,0,0,0,0,True,
002005.SZ,002005,002005,德豪润达,主板,深市,主板,801110.SI,家用电器,801113.SI,小家电,小家电,L,20040625,8125,22.25,2.66,-0.746,20.0,False,True,True,0,0,2,2,False,近60日停牌
002006.SZ,002006,002006,精工科技,主板,深市,主板,801890.SI,机械设备,801074.SI,专用设备,专用设备,L,20040625,8125,22.25,13.49,0.074,13.333,False,True,True,0,0,0,0,True,
002007.SZ,002007,002007,华兰生物,主板,深市,主板,801150.SI,医药生物,801152.SI,生物制品,生物制品,L,20040625,8125,22.25,13.3,0.226,15.789,False,True,True,0,0,0,0,True,
002008.SZ,002008,002008,大族激光,主板,深市,主板,801890.SI,机械设备,801078.SI,自动化设备,自动化设备,L,20040625,8125,22.25,92.98,-1.358,6.78,False,True,True,0,0,0,0,True,
002009.SZ,002009,002009,天奇股份,主板,深市,主板,801890.SI,机械设备,801074.SI,专用设备,专用设备,L,20040629,8121,22.23,15.66,0.256,12.195,False,True,True,0,0,0,0,True,
002010.SZ,002010,002010,传化智联,主板,深市,主板,801170.SI,交通运输,801178.SI,物流,物流,L,20040629,8121,22.23,4.55,-0.655,25.0,False,True,True,0,0,0,0,True,
002011.SZ,002011,002011,盾安环境,主板,深市,主板,801110.SI,家用电器,801116.SI,家电零部件Ⅱ,家电零部件Ⅱ,L,20040705,8115,22.22,14.33,-2.913,20.896,False,True,True,0,0,0,0,True,
002012.SZ,002012,002012,凯恩股份,主板,深市,主板,801140.SI,轻工制造,801143.SI,造纸,造纸,L,20040705,8115,22.22,7.1,-1.526,12.676,False,True,True,0,0,0,0,True,
002014.SZ,002014,002014,永新股份,主板,深市,主板,801140.SI,轻工制造,801141.SI,包装印刷,包装印刷,L,20040708,8112,22.21,10.9,-0.366,9.259,False,True,True,0,0,0,0,True,
002015.SZ,002015,002015,协鑫能科,主板,深市,主板,801160.SI,公用事业,801161.SI,电力,电力,L,20040708,8112,22.21,15.27,-4.919,6.024,False,True,True,0,0,0,0,True,
002016.SZ,002016,002016,世荣兆业,主板,深市,主板,801180.SI,房地产,801181.SI,房地产开发,房地产开发,L,20040708,8112,22.21,4.77,0.0,13.043,False,True,True,0,0,0,0,True,
002017.SZ,002017,002017,东信和平,主板,深市,主板,801770.SI,通信,801102.SI,通信设备,通信设备,L,20040713,8107,22.2,14.46,-3.213,15.789,False,True,True,0,0,0,0,True,
002019.SZ,002019,002019,亿帆医药,主板,深市,主板,801150.SI,医药生物,801151.SI,化学制药,化学制药,L,20040713,8107,22.2,9.55,-0.417,9.091,False,True,True,0,0,0,0,True,
002020.SZ,002020,002020,京新药业,主板,深市,主板,801150.SI,医药生物,801151.SI,化学制药,化学制药,L,20040715,8105,22.19,11.68,0.43,20.0,False,True,True,0,0,0,0,True,
002021.SZ,002021,002021,中捷资源,主板,深市,主板,801890.SI,机械设备,801074.SI,专用设备,专用设备,L,20040715,8105,22.19,2.57,-1.908,7.692,False,True,True,0,0,0,0,True,
002022.SZ,002022,002022,科华生物,主板,深市,主板,801150.SI,医药生物,801153.SI,医疗器械,医疗器械,L,20040721,8099,22.17,6.05,-2.262,14.286,False,True,True,0,0,0,0,True,
002023.SZ,002023,002023,海特高新,主板,深市,主板,801740.SI,国防军工,801742.SI,航空装备Ⅱ,航空装备Ⅱ,L,20040721,8099,22.17,9.83,-2.286,12.0,False,True,True,0,0,0,0,True,
002024.SZ,002024,002024,ST易购,主板,深市,主板,801200.SI,商贸零售,801206.SI,互联网电商,互联网电商,L,20040721,8099,22.17,1.16,-0.855,57.143,True,True,True,0,0,0,0,False,ST
002025.SZ,002025,002025,航天电器,主板,深市,主板,801740.SI,国防军工,801745.SI,军工电子Ⅱ,军工电子Ⅱ,L,20040726,8094,22.16,72.29,-1.243,17.808,False,True,True,0,0,0,0,True,
002026.SZ,002026,002026,山东威达,主板,深市,主板,801890.SI,机械设备,801072.SI,通用设备,通用设备,L,20040727,8093,22.16,11.37,3.364,10.345,False,True,True,0,0,0,0,True,
002027.SZ,002027,002027,分众传媒,主板,深市,主板,801760.SI,传媒,801765.SI,广告营销,广告营销,L,20040804,8085,22.14,4.75,0.0,16.327,False,True,True,0,0,0,0,True,
002028.SZ,002028,002028,思源电气,主板,深市,主板,801730.SI,电力设备,801738.SI,电网设备,电网设备,L,20040805,8084,22.13,128.56,0.125,26.667,False,True,True,0,0,0,0,True,
002029.SZ,002029,002029,七匹狼,主板,深市,主板,801130.SI,纺织服饰,801132.SI,服装家纺,服装家纺,L,20040806,8083,22.13,8.42,-7.574,10.345,False,True,True,0,0,0,0,True,
002030.SZ,002030,002030,达安基因,主板,深市,主板,801150.SI,医药生物,801153.SI,医疗器械,医疗器械,L,20040809,8080,22.12,5.6,0.358,11.111,False,True,True,0,0,0,0,True,
002031.SZ,002031,002031,巨轮智能,主板,深市,主板,801890.SI,机械设备,801074.SI,专用设备,专用设备,L,20040816,8073,22.1,5.27,-0.189,7.547,False,True,True,0,0,0,0,True,
002032.SZ,002032,002032,苏泊尔,主板,深市,主板,801110.SI,家用电器,801113.SI,小家电,小家电,L,20040817,8072,22.1,39.1,-0.509,20.968,False,True,True,0,0,0,0,True,
002033.SZ,002033,002033,丽江股份,主板,深市,主板,801210.SI,社会服务,801993.SI,旅游及景区,旅游及景区,L,20040825,8064,22.08,8.38,-0.357,9.091,False,True,True,0,0,0,0,True,
002034.SZ,002034,002034,旺能环境,主板,深市,主板,801970.SI,环保,801971.SI,环境治理,环境治理,L,20040826,8063,22.08,14.4,-0.69,15.278,False,True,True,0,0,0,0,True,
002035.SZ,002035,002035,华帝股份,主板,深市,主板,801110.SI,家用电器,801114.SI,厨卫电器,厨卫电器,L,20040901,8057,22.06,4.68,1.518,6.383,False,True,True,0,0,0,0,True,
002036.SZ,002036,002036,联创电子,主板,深市,主板,801080.SI,电子,801084.SI,光学光电子,光学光电子,L,20040903,8055,22.05,6.26,-1.727,12.121,False,True,True,0,1,6,6,False,近60日停牌
002037.SZ,002037,002037,保利联合,主板,深市,主板,801030.SI,基础化工,801034.SI,化学制品,化学制品,L,20040908,8050,22.04,6.9,-1.849,13.043,False,True,True,0,0,0,0,True,
002038.SZ,002038,002038,双鹭药业,主板,深市,主板,801150.SI,医药生物,801151.SI,化学制药,化学制药,L,20040909,8049,22.04,5.78,-2.2,13.333,False,True,True,0,0,0,0,True,
002039.SZ,002039,002039,黔源电力,主板,深市,主板,801160.SI,公用事业,801161.SI,电力,电力,L,20050303,7874,21.56,19.03,-0.782,5.155,False,True,True,0,0,0,0,True,
002040.SZ,002040,002040,南京港,主板,深市,主板,801170.SI,交通运输,801992.SI,航运港口,航运港口,L,20050325,7852,21.5,9.04,-2.691,7.609,False,True,True,0,0,0,0,True,
002041.SZ,002041,002041,登海种业,主板,深市,主板,801010.SI,农林牧渔,801016.SI,种植业,种植业,L,20050418,7828,21.43,10.24,-2.197,13.462,False,True,True,0,0,0,0,True,
002042.SZ,002042,002042,华孚时尚,主板,深市,主板,801130.SI,纺织服饰,801131.SI,纺织制造,纺织制造,L,20050427,7819,21.41,3.9,-3.465,10.256,False,True,True,0,0,0,0,True,
002043.SZ,002043,002043,兔宝宝,主板,深市,主板,801710.SI,建筑材料,801713.SI,装修建材,装修建材,L,20050510,7806,21.37,11.66,2.822,15.447,False,True,True,0,0,0,0,True,
002044.SZ,002044,002044,美年健康,主板,深市,主板,801150.SI,医药生物,801156.SI,医疗服务,医疗服务,L,20050518,7798,21.35,4.48,-2.397,13.043,False,True,True,0,0,0,0,True,
002045.SZ,002045,002045,国光电器,主板,深市,主板,801080.SI,电子,801085.SI,消费电子,消费电子,L,20050523,7793,21.34,9.09,-3.298,6.667,False,True,True,0,0,0,0,True,
002046.SZ,002046,002046,国机精工,主板,深市,主板,801890.SI,机械设备,801072.SI,通用设备,通用设备,L,20050526,7790,21.33,66.1,2.815,29.897,False,True,True,0,0,0,0,True,
002047.SZ,002047,002047,宝鹰股份,主板,深市,主板,801720.SI,建筑装饰,801722.SI,装修装饰Ⅱ,装修装饰Ⅱ,L,20050531,7785,21.31,3.24,-3.858,11.765,False,True,True,0,0,0,2,True,
002048.SZ,002048,002048,宁波华翔,主板,深市,主板,801880.SI,汽车,801093.SI,汽车零部件,汽车零部件,L,20050603,7782,21.31,18.45,-0.539,10.638,False,True,True,0,0,0,0,True,
002049.SZ,002049,002049,紫光国微,主板,深市,主板,801080.SI,电子,801081.SI,半导体,半导体,L,20050606,7779,21.3,61.37,-0.792,10.811,False,True,True,0,0,0,0,True,
002050.SZ,002050,002050,三花智控,主板,深市,主板,801110.SI,家用电器,801116.SI,家电零部件Ⅱ,家电零部件Ⅱ,L,20050607,7778,21.3,35.99,-0.58,21.311,False,True,True,0,0,0,0,True,
002051.SZ,002051,002051,中工国际,主板,深市,主板,801720.SI,建筑装饰,801724.SI,专业工程,专业工程,L,20060619,7401,20.26,9.13,1.557,9.091,False,True,True,0,0,0,0,True,
002052.SZ,002052,002052,同洲电子,主板,深市,主板,801110.SI,家用电器,801112.SI,黑色家电,黑色家电,L,20060627,7393,20.24,8.44,-0.354,11.628,False,True,True,0,0,0,0,True,
002053.SZ,002053,002053,云南能投,主板,深市,主板,801160.SI,公用事业,801161.SI,电力,电力,L,20060627,7393,20.24,9.35,-2.094,22.68,False,True,True,0,0,0,0,True,
002054.SZ,002054,002054,德美化工,主板,深市,主板,801030.SI,基础化工,801034.SI,化学制品,化学制品,L,20060725,7365,20.16,7.21,0.98,5.556,False,True,True,0,0,0,0,True,
002055.SZ,002055,002055,ST得润,主板,深市,主板,801080.SI,电子,801085.SI,消费电子,消费电子,L,20060725,7365,20.16,6.9,-1.288,18.75,True,True,True,0,0,0,0,False,ST
002056.SZ,002056,002056,横店东磁,主板,深市,主板,801730.SI,电力设备,801735.SI,光伏设备,光伏设备,L,20060802,7357,20.14,20.41,0.394,28.169,False,True,True,0,0,0,0,True,
002057.SZ,002057,002057,中钢天源,主板,深市,主板,801210.SI,社会服务,801218.SI,专业服务,专业服务,L,20060802,7357,20.14,9.13,0.0,7.955,False,True,True,0,0,0,0,True,
002058.SZ,002058,002058,紫竹高科,主板,深市,主板,801890.SI,机械设备,801072.SI,通用设备,通用设备,L,20060802,7357,20.14,17.34,-2.42,10.714,False,True,True,0,0,0,2,True,
002059.SZ,002059,002059,云南旅游,主板,深市,主板,801210.SI,社会服务,801993.SI,旅游及景区,旅游及景区,L,20060810,7349,20.12,4.55,-0.872,30.435,False,True,True,0,0,0,0,True,
002060.SZ,002060,002060,广东建工,主板,深市,主板,801160.SI,公用事业,801161.SI,电力,电力,L,20060810,7349,20.12,3.04,-0.328,12.5,False,True,True,0,0,0,0,True,
002061.SZ,002061,002061,浙江交科,主板,深市,主板,801720.SI,建筑装饰,801723.SI,基础建设,基础建设,L,20060816,7343,20.1,3.33,-0.597,14.286,False,True,True,0,0,0,0,True,
002062.SZ,002062,002062,宏润建设,主板,深市,主板,801720.SI,建筑装饰,801723.SI,基础建设,基础建设,L,20060816,7343,20.1,9.58,-0.104,22.353,False,True,True,0,0,0,0,True,
002063.SZ,002063,002063,远光软件,主板,深市,主板,801750.SI,计算机,801104.SI,软件开发,软件开发,L,20060823,7336,20.08,5.29,-1.673,9.259,False,True,True,0,0,0,0,True,
002064.SZ,002064,002064,华峰化学,主板,深市,主板,801030.SI,基础化工,801032.SI,化学纤维,化学纤维,L,20060823,7336,20.08,9.83,-1.107,16.667,False,True,True,0,0,0,0,True,
002065.SZ,002065,002065,东华软件,主板,深市,主板,801750.SI,计算机,801103.SI,IT服务Ⅱ,IT服务Ⅱ,L,20060823,7336,20.08,6.66,-2.059,12.857,False,True,True,0,0,0,0,True,
002066.SZ,002066,002066,瑞泰科技,主板,深市,主板,801710.SI,建筑材料,801713.SI,装修建材,装修建材,L,20060823,7336,20.08,20.25,-0.246,11.321,False,True,True,0,0,0,0,True,
002067.SZ,002067,002067,景兴纸业,主板,深市,主板,801140.SI,轻工制造,801143.SI,造纸,造纸,L,20060915,7313,20.02,4.02,-1.951,9.524,False,True,True,0,0,0,0,True,
002068.SZ,002068,002068,黑猫股份,主板,深市,主板,801030.SI,基础化工,801037.SI,橡胶,橡胶,L,20060915,7313,20.02,9.86,-4.734,8.0,False,True,True,0,0,0,0,True,
002069.SZ,002069,002069,獐子岛,主板,深市,主板,801010.SI,农林牧渔,801015.SI,渔业,渔业,L,20060928,7300,19.99,3.68,-1.604,16.667,False,True,True,0,0,0,0,True,
002072.SZ,002072,002072,凯瑞德,主板,深市,主板,801200.SI,商贸零售,801202.SI,贸易Ⅱ,贸易Ⅱ,L,20061018,7280,19.93,7.33,0.274,25.676,False,True,True,0,0,0,0,True,
002073.SZ,002073,002073,软控股份,主板,深市,主板,801890.SI,机械设备,801074.SI,专用设备,专用设备,L,20061018,7280,19.93,5.67,-1.22,6.897,False,True,True,0,0,0,0,True,
002074.SZ,002074,002074,国轩高科,主板,深市,主板,801730.SI,电力设备,801737.SI,电池,电池,L,20061018,7280,19.93,27.28,-1.623,8.889,False,True,True,0,0,0,0,True,
002075.SZ,002075,002075,沙钢股份,主板,深市,主板,801040.SI,钢铁,801045.SI,特钢Ⅱ,特钢Ⅱ,L,20061025,7273,19.91,3.53,-1.12,16.667,False,True,True,0,0,0,0,True,
002076.SZ,002076,002076,星光股份,主板,深市,主板,801110.SI,家用电器,801115.SI,照明设备Ⅱ,照明设备Ⅱ,L,20061025,7273,19.91,2.11,-2.315,9.524,False,True,True,0,0,0,2,True,
002077.SZ,002077,002077,大港股份,主板,深市,主板,801080.SI,电子,801081.SI,半导体,半导体,L,20061116,7251,19.85,14.19,0.71,5.714,False,True,True,0,0,0,0,True,
002078.SZ,002078,002078,太阳纸业,主板,深市,主板,801140.SI,轻工制造,801143.SI,造纸,造纸,L,20061116,7251,19.85,13.74,0.439,15.603,False,True,True,0,0,0,0,True,
002079.SZ,002079,002079,苏州固锝,主板,深市,主板,801730.SI,电力设备,801737.SI,电池,电池,L,20061116,7251,19.85,9.08,0.221,7.692,False,True,True,0,0,0,0,True,
002080.SZ,002080,002080,中材科技,主板,深市,主板,801710.SI,建筑材料,801712.SI,玻璃玻纤,玻璃玻纤,L,20061120,7247,19.84,60.7,-2.88,23.529,False,True,True,0,0,0,0,True,
002081.SZ,002081,002081,金螳螂,主板,深市,主板,801720.SI,建筑装饰,801722.SI,装修装饰Ⅱ,装修装饰Ⅱ,L,20061120,7247,19.84,5.32,1.721,13.462,False,True,True,0,0,0,0,True,
002082.SZ,002082,002082,ST万邦,主板,深市,主板,801150.SI,医药生物,801155.SI,中药Ⅱ,中药Ⅱ,L,20061120,7247,19.84,11.37,2.248,24.0,True,True,True,0,0,0,0,False,ST
002083.SZ,002083,002083,孚日股份,主板,深市,主板,801130.SI,纺织服饰,801131.SI,纺织制造,纺织制造,L,20061124,7243,19.83,9.58,-2.543,17.0,False,True,True,0,0,0,0,True,
002084.SZ,002084,002084,海鸥住工,主板,深市,主板,801140.SI,轻工制造,801142.SI,家居用品,家居用品,L,20061124,7243,19.83,6.47,1.094,16.129,False,True,True,0,6,6,6,False,近60日停牌
002085.SZ,002085,002085,万丰奥威,主板,深市,主板,801880.SI,汽车,801093.SI,汽车零部件,汽车零部件,L,20061128,7239,19.82,9.52,-1.142,12.0,False,True,True,0,0,0,0,True,
002086.SZ,002086,002086,东方海洋,主板,深市,主板,801150.SI,医药生物,801153.SI,医疗器械,医疗器械,L,20061128,7239,19.82,2.05,-0.966,9.524,False,True,True,0,0,0,0,True,
002088.SZ,002088,002088,鲁阳节能,主板,深市,主板,801710.SI,建筑材料,801713.SI,装修建材,装修建材,L,20061130,7237,19.81,8.18,0.615,39.024,False,True,True,0,0,0,0,True,
002090.SZ,002090,002090,金智科技,主板,深市,主板,801730.SI,电力设备,801738.SI,电网设备,电网设备,L,20061208,7229,19.79,9.05,-1.309,6.452,False,True,True,0,0,0,0,True,
002091.SZ,002091,002091,江苏国泰,主板,深市,主板,801200.SI,商贸零售,801202.SI,贸易Ⅱ,贸易Ⅱ,L,20061208,7229,19.79,7.53,-0.265,16.883,False,True,True,0,0,0,0,True,
002092.SZ,002092,002092,中泰化学,主板,深市,主板,801030.SI,基础化工,801033.SI,化学原料,化学原料,L,20061208,7229,19.79,4.41,-2.434,11.111,False,True,True,0,0,0,0,True,
002093.SZ,002093,002093,国脉科技,主板,深市,主板,801210.SI,社会服务,801994.SI,教育,教育,L,20061215,7222,19.77,7.58,-2.193,14.865,False,True,True,0,0,0,0,True,
002094.SZ,002094,002094,青岛金王,主板,深市,主板,801980.SI,美容护理,801982.SI,化妆品,化妆品,L,20061215,7222,19.77,5.13,-4.647,11.111,False,True,True,0,0,0,0,True,
002095.SZ,002095,002095,生意宝,主板,深市,主板,801760.SI,传媒,801767.SI,数字媒体,数字媒体,L,20061215,7222,19.77,15.7,-3.206,12.5,False,True,True,0,0,0,0,True,
002096.SZ,002096,002096,易普力,主板,深市,主板,801030.SI,基础化工,801034.SI,化学制品,化学制品,L,20061222,7215,19.75,9.34,-0.426,41.667,False,True,True,0,0,0,0,True,
002097.SZ,002097,002097,山河智能,主板,深市,主板,801890.SI,机械设备,801077.SI,工程机械,工程机械,L,20061222,7215,19.75,6.99,-1.964,8.333,False,True,True,0,0,0,0,True,
002098.SZ,002098,002098,浔兴股份,主板,深市,主板,801130.SI,纺织服饰,801131.SI,纺织制造,纺织制造,L,20061222,7215,19.75,8.18,-0.728,18.987,False,True,True,0,0,0,0,True,
002099.SZ,002099,002099,海翔药业,主板,深市,主板,801150.SI,医药生物,801151.SI,化学制药,化学制药,L,20061226,7211,19.74,5.94,5.506,9.259,False,True,True,0,0,0,0,True,
002100.SZ,002100,002100,天康生物,主板,深市,主板,801010.SI,农林牧渔,801014.SI,饲料,饲料,L,20061226,7211,19.74,7.74,-1.401,15.789,False,True,True,0,0,0,0,True,
002101.SZ,002101,002101,广东鸿图,主板,深市,主板,801880.SI,汽车,801093.SI,汽车零部件,汽车零部件,L,20061229,7208,19.73,8.63,-1.145,17.241,False,True,True,0,0,0,0,True,
002102.SZ,002102,002102,ST能特,主板,深市,主板,801150.SI,医药生物,801151.SI,化学制药,化学制药,L,20061229,7208,19.73,2.71,-1.812,25.0,True,True,True,0,0,0,0,False,ST
002103.SZ,002103,002103,广博股份,主板,深市,主板,801140.SI,轻工制造,801145.SI,文娱用品,文娱用品,L,20070110,7196,19.7,6.74,-2.319,8.955,False,True,True,0,0,0,0,True,
002104.SZ,002104,002104,恒宝股份,主板,深市,主板,801770.SI,通信,801102.SI,通信设备,通信设备,L,20070110,7196,19.7,10.93,-6.421,12.069,False,True,True,0,0,0,0,True,
002105.SZ,002105,002105,信隆健康,主板,深市,主板,801880.SI,汽车,801881.SI,摩托车及其他,摩托车及其他,L,20070112,7194,19.7,6.11,0.328,16.949,False,True,True,0,0,0,0,True,
002106.SZ,002106,002106,莱宝高科,主板,深市,主板,801080.SI,电子,801084.SI,光学光电子,光学光电子,L,20070112,7194,19.7,13.9,5.064,23.333,False,True,True,0,0,0,0,True,
002107.SZ,002107,002107,沃华医药,主板,深市,主板,801150.SI,医药生物,801155.SI,中药Ⅱ,中药Ⅱ,L,20070124,7182,19.66,7.21,-1.637,8.696,False,True,True,0,0,0,0,True,
002108.SZ,002108,002108,沧州明珠,主板,深市,主板,801030.SI,基础化工,801036.SI,塑料,塑料,L,20070124,7182,19.66,4.36,-0.683,9.091,False,True,True,0,0,0,0,True,
002109.SZ,002109,002109,ST兴化,主板,深市,主板,801030.SI,基础化工,801033.SI,化学原料,化学原料,L,20070126,7180,19.66,2.77,-1.423,50.0,True,True,True,0,0,0,0,False,ST
002110.SZ,002110,002110,三钢闽光,主板,深市,主板,801040.SI,钢铁,801044.SI,普钢,普钢,L,20070126,7180,19.66,2.88,-0.69,20.0,False,True,True,0,0,0,0,True,
002111.SZ,002111,002111,威海广泰,主板,深市,主板,801740.SI,国防军工,801742.SI,航空装备Ⅱ,航空装备Ⅱ,L,20070126,7180,19.66,9.39,-0.635,8.333,False,True,True,0,0,0,0,True,
002112.SZ,002112,002112,三变科技,主板,深市,主板,801730.SI,电力设备,801738.SI,电网设备,电网设备,L,20070208,7167,19.62,14.13,-3.219,8.609,False,True,True,0,0,0,0,True,
002114.SZ,002114,002114,罗平锌电,主板,深市,主板,801050.SI,有色金属,801055.SI,工业金属,工业金属,L,20070215,7160,19.6,7.24,-1.764,9.459,False,True,True,0,0,0,0,True,
002115.SZ,002115,002115,三维通信,主板,深市,主板,801770.SI,通信,801223.SI,通信服务,通信服务,L,20070215,7160,19.6,10.0,-2.153,8.738,False,True,True,0,0,0,0,True,
002116.SZ,002116,002116,中国海诚,主板,深市,主板,801720.SI,建筑装饰,801724.SI,专业工程,专业工程,L,20070215,7160,19.6,7.15,-0.694,20.548,False,True,True,0,0,0,0,True,
002117.SZ,002117,002117,东港股份,主板,深市,主板,801140.SI,轻工制造,801141.SI,包装印刷,包装印刷,L,20070302,7145,19.56,7.99,-0.125,10.0,False,True,True,0,0,0,0,True,
002119.SZ,002119,002119,康强电子,主板,深市,主板,801080.SI,电子,801081.SI,半导体,半导体,L,20070302,7145,19.56,26.92,10.012,7.258,False,True,True,0,0,0,0,True,
002120.SZ,002120,002120,韵达股份,主板,深市,主板,801170.SI,交通运输,801178.SI,物流,物流,L,20070306,7141,19.55,6.88,0.146,4.545,False,True,True,0,0,0,0,True,
002121.SZ,002121,002121,科陆电子,主板,深市,主板,801730.SI,电力设备,801738.SI,电网设备,电网设备,L,20070306,7141,19.55,4.41,0.456,14.286,False,True,True,0,0,0,0,True,
002122.SZ,002122,002122,ST汇洲,主板,深市,主板,801890.SI,机械设备,801072.SI,通用设备,通用设备,L,20070328,7119,19.49,2.74,-1.439,24.0,True,True,True,0,0,0,0,False,ST
002123.SZ,002123,002123,梦网科技,主板,深市,主板,801770.SI,通信,801223.SI,通信服务,通信服务,L,20070328,7119,19.49,7.97,-4.091,8.642,False,True,True,0,0,0,0,True,
002124.SZ,002124,002124,天邦食品,主板,深市,主板,801010.SI,农林牧渔,801017.SI,养殖业,养殖业,L,20070403,7113,19.47,2.04,-5.991,18.182,False,True,True,0,0,0,0,True,
002125.SZ,002125,002125,湘潭电化,主板,深市,主板,801730.SI,电力设备,801737.SI,电池,电池,L,20070403,7113,19.47,12.14,-0.736,8.065,False,True,True,0,0,0,0,True,
002126.SZ,002126,002126,银轮股份,主板,深市,主板,801880.SI,汽车,801093.SI,汽车零部件,汽车零部件,L,20070418,7098,19.43,38.33,-0.545,11.765,False,True,True,0,0,0,0,True,
002127.SZ,002127,002127,南极电商,主板,深市,主板,801200.SI,商贸零售,801206.SI,互联网电商,互联网电商,L,20070418,7098,19.43,2.92,-4.262,13.333,False,True,True,0,0,0,0,True,
002128.SZ,002128,002128,电投能源,主板,深市,主板,801950.SI,煤炭,801951.SI,煤炭开采,煤炭开采,L,20070418,7098,19.43,28.08,-0.567,20.863,False,True,True,0,0,0,0,True,
002129.SZ,002129,002129,TCL中环,主板,深市,主板,801730.SI,电力设备,801735.SI,光伏设备,光伏设备,L,20070420,7096,19.43,9.61,0.0,8.696,False,True,True,0,0,0,0,True,
002130.SZ,002130,002130,沃尔核材,主板,深市,主板,801080.SI,电子,801082.SI,其他电子Ⅱ,其他电子Ⅱ,L,20070420,7096,19.43,16.57,-1.603,5.263,False,True,True,0,0,0,0,True,
002131.SZ,002131,002131,利欧股份,主板,深市,主板,801890.SI,机械设备,801072.SI,通用设备,通用设备,L,20070427,7089,19.41,4.41,-5.365,8.696,False,True,True,0,0,0,0,True,
002132.SZ,002132,002132,恒星科技,主板,深市,主板,801890.SI,机械设备,801072.SI,通用设备,通用设备,L,20070427,7089,19.41,4.15,-1.425,6.977,False,True,True,0,0,0,0,True,
002133.SZ,002133,002133,广宇集团,主板,深市,主板,801180.SI,房地产,801181.SI,房地产开发,房地产开发,L,20070427,7089,19.41,2.87,-0.692,10.714,False,True,True,0,0,0,0,True,
002134.SZ,002134,002134,天津普林,主板,深市,主板,801080.SI,电子,801083.SI,元件,元件,L,20070516,7070,19.36,27.47,1.929,16.541,False,True,True,0,0,0,0,True,
002135.SZ,002135,002135,东南网架,主板,深市,主板,801720.SI,建筑装饰,801724.SI,专业工程,专业工程,L,20070530,7056,19.32,6.17,-0.162,17.46,False,True,True,0,0,0,0,True,
002136.SZ,002136,002136,安纳达,主板,深市,主板,801030.SI,基础化工,801033.SI,化学原料,化学原料,L,20070530,7056,19.32,11.78,-0.758,8.264,False,True,True,0,0,0,0,True,
002137.SZ,002137,002137,实益达,主板,深市,主板,801080.SI,电子,801084.SI,光学光电子,光学光电子,L,20070613,7042,19.28,8.27,-2.706,4.651,False,True,True,0,0,0,0,True,
002138.SZ,002138,002138,顺络电子,主板,深市,主板,801080.SI,电子,801083.SI,元件,元件,L,20070613,7042,19.28,54.66,0.57,14.516,False,True,True,0,0,0,0,True,
002139.SZ,002139,002139,拓邦股份,主板,深市,主板,801080.SI,电子,801085.SI,消费电子,消费电子,L,20070629,7026,19.24,9.63,-0.104,8.163,False,True,True,0,0,0,0,True,
002140.SZ,002140,002140,东华科技,主板,深市,主板,801720.SI,建筑装饰,801724.SI,专业工程,专业工程,L,20070712,7013,19.2,9.4,-0.844,28.261,False,True,True,0,0,0,0,True,
002141.SZ,002141,002141,贤丰控股,主板,深市,主板,801010.SI,农林牧渔,801018.SI,动物保健Ⅱ,动物保健Ⅱ,L,20070720,7005,19.18,7.1,-4.441,8.333,False,True,True,0,0,0,0,True,
002142.SZ,002142,002142,宁波银行,主板,深市,主板,801780.SI,银行,801784.SI,城商行Ⅱ,城商行Ⅱ,L,20070719,7006,19.18,34.72,0.0,23.377,False,True,True,0,0,0,0,True,
002144.SZ,002144,002144,宏达高科,主板,深市,主板,801130.SI,纺织服饰,801131.SI,纺织制造,纺织制造,L,20070803,6991,19.14,10.84,-0.55,9.259,False,True,True,0,0,0,0,True,
002145.SZ,002145,002145,钛能化学,主板,深市,主板,801030.SI,基础化工,801033.SI,化学原料,化学原料,L,20070803,6991,19.14,4.86,3.404,11.111,False,True,True,0,0,0,0,True,
002146.SZ,002146,002146,荣盛发展,主板,深市,主板,801180.SI,房地产,801181.SI,房地产开发,房地产开发,L,20070808,6986,19.13,1.27,2.419,16.667,False,True,True,0,0,0,0,True,
002148.SZ,002148,002148,北纬科技,主板,深市,主板,801770.SI,通信,801223.SI,通信服务,通信服务,L,20070810,6984,19.12,6.37,-3.776,6.25,False,True,True,0,0,0,0,True,
002149.SZ,002149,002149,西部材料,主板,深市,主板,801050.SI,有色金属,801054.SI,小金属,小金属,L,20070810,6984,19.12,32.91,-2.024,18.367,False,True,True,0,0,0,0,True,
002150.SZ,002150,002150,正泰电源,主板,深市,主板,801890.SI,机械设备,801072.SI,通用设备,通用设备,L,20070810,6984,19.12,21.88,0.83,11.111,False,True,True,0,0,0,0,True,
002151.SZ,002151,002151,北斗星通,主板,深市,主板,801740.SI,国防军工,801745.SI,军工电子Ⅱ,军工电子Ⅱ,L,20070813,6981,19.11,29.84,0.302,6.207,False,True,True,0,0,0,0,True,
002152.SZ,002152,002152,广电运通,主板,深市,主板,801750.SI,计算机,801101.SI,计算机设备,计算机设备,L,20070813,6981,19.11,9.18,-1.608,18.182,False,True,True,0,0,0,0,True,
002153.SZ,002153,002153,石基信息,主板,深市,主板,801750.SI,计算机,801104.SI,软件开发,软件开发,L,20070813,6981,19.11,7.66,-3.161,15.0,False,True,True,0,0,0,0,True,
002154.SZ,002154,002154,报喜鸟,主板,深市,主板,801130.SI,纺织服饰,801132.SI,服装家纺,服装家纺,L,20070816,6978,19.1,3.82,-0.779,10.0,False,True,True,0,0,0,0,True,
002155.SZ,002155,002155,湖南黄金,主板,深市,主板,801050.SI,有色金属,801053.SI,贵金属,贵金属,L,20070816,6978,19.1,24.82,-0.72,9.091,False,True,True,1,6,6,6,False,近60日停牌
002156.SZ,002156,002156,通富微电,主板,深市,主板,801080.SI,电子,801081.SI,半导体,半导体,L,20070816,6978,19.1,62.8,-1.133,9.804,False,True,True,0,0,0,0,True,
002157.SZ,002157,002157,正邦科技,主板,深市,主板,801010.SI,农林牧渔,801017.SI,养殖业,养殖业,L,20070817,6977,19.1,2.96,-1.661,13.333,False,True,True,0,0,0,0,True,
002158.SZ,002158,002158,汉钟精机,主板,深市,主板,801890.SI,机械设备,801072.SI,通用设备,通用设备,L,20070817,6977,19.1,28.28,0.784,10.87,False,True,True,0,0,0,0,True,
002159.SZ,002159,002159,三特索道,主板,深市,主板,801210.SI,社会服务,801993.SI,旅游及景区,旅游及景区,L,20070817,6977,19.1,13.46,-0.444,7.353,False,True,True,0,0,0,0,True,
002160.SZ,002160,002160,常铝股份,主板,深市,主板,801050.SI,有色金属,801055.SI,工业金属,工业金属,L,20070821,6973,19.09,3.88,-1.02,12.821,False,True,True,0,0,0,6,True,
002161.SZ,002161,002161,远望谷,主板,深市,主板,801080.SI,电子,801082.SI,其他电子Ⅱ,其他电子Ⅱ,L,20070821,6973,19.09,6.74,-2.742,10.145,False,True,True,0,0,0,0,True,
002162.SZ,002162,002162,悦心健康,主板,深市,主板,801140.SI,轻工制造,801142.SI,家居用品,家居用品,L,20070823,6971,19.09,4.15,-1.425,11.905,False,True,True,0,0,0,0,True,
002163.SZ,002163,002163,海南发展,主板,深市,主板,801720.SI,建筑装饰,801722.SI,装修装饰Ⅱ,装修装饰Ⅱ,L,20070823,6971,19.09,7.6,-4.04,14.634,False,True,True,0,0,0,0,True,
002164.SZ,002164,002164,宁波东力,主板,深市,主板,801890.SI,机械设备,801072.SI,通用设备,通用设备,L,20070823,6971,19.09,11.87,1.107,12.281,False,True,True,0,0,0,0,True,
002165.SZ,002165,002165,红宝丽,主板,深市,主板,801030.SI,基础化工,801034.SI,化学制品,化学制品,L,20070913,6950,19.03,7.01,-5.014,13.699,False,True,True,0,0,0,0,True,
002166.SZ,002166,002166,莱茵生物,主板,深市,主板,801030.SI,基础化工,801034.SI,化学制品,化学制品,L,20070913,6950,19.03,6.75,-0.443,8.824,False,True,True,0,0,0,0,True,
002167.SZ,002167,002167,东方锆业,主板,深市,主板,801050.SI,有色金属,801054.SI,小金属,小金属,L,20070913,6950,19.03,16.36,-1.386,8.642,False,True,True,0,0,0,0,True,
002168.SZ,002168,002168,ST惠程,主板,深市,主板,801730.SI,电力设备,801738.SI,电网设备,电网设备,L,20070919,6944,19.01,3.58,-2.981,15.789,True,True,True,0,0,0,0,False,ST
002169.SZ,002169,002169,智光电气,主板,深市,主板,801730.SI,电力设备,801738.SI,电网设备,电网设备,L,20070919,6944,19.01,13.88,-4.21,17.293,False,True,True,0,0,0,0,True,
002170.SZ,002170,002170,芭田股份,主板,深市,主板,801030.SI,基础化工,801038.SI,农化制品,农化制品,L,20070919,6944,19.01,10.81,-0.092,7.143,False,True,True,0,0,0,0,True,
002171.SZ,002171,002171,楚江新材,主板,深市,主板,801050.SI,有色金属,801055.SI,工业金属,工业金属,L,20070921,6942,19.01,10.65,0.282,9.259,False,True,True,0,0,0,0,True,
002172.SZ,002172,002172,澳洋健康,主板,深市,主板,801150.SI,医药生物,801156.SI,医疗服务,医疗服务,L,20070921,6942,19.01,5.35,-4.464,10.714,False,True,True,0,0,0,0,True,
002173.SZ,002173,002173,创新医疗,主板,深市,主板,801150.SI,医药生物,801156.SI,医疗服务,医疗服务,L,20070925,6938,19.0,18.06,-3.319,7.104,False,True,True,0,0,0,0,True,
002174.SZ,002174,002174,游族网络,主板,深市,主板,801760.SI,传媒,801764.SI,游戏Ⅱ,游戏Ⅱ,L,20070925,6938,19.0,14.33,-0.486,18.519,False,True,True,0,0,0,0,True,
002175.SZ,002175,002175,*ST东智,主板,深市,主板,801890.SI,机械设备,801072.SI,通用设备,通用设备,L,20071012,6921,18.95,2.51,-1.569,8.333,True,True,True,0,0,0,6,False,ST
002176.SZ,002176,002176,江特电机,主板,深市,主板,801730.SI,电力设备,801731.SI,电机Ⅱ,电机Ⅱ,L,20071012,6921,18.95,8.4,-2.326,11.364,False,True,True,0,0,0,0,True,
002177.SZ,002177,002177,御银股份,主板,深市,主板,801750.SI,计算机,801101.SI,计算机设备,计算机设备,L,20071101,6901,18.89,5.5,-4.348,8.475,False,True,True,0,0,0,0,True,
002178.SZ,002178,002178,延华智能,主板,深市,主板,801750.SI,计算机,801104.SI,软件开发,软件开发,L,20071101,6901,18.89,5.1,-8.766,15.385,False,True,True,0,0,0,0,True,
002179.SZ,002179,002179,中航光电,主板,深市,主板,801740.SI,国防军工,801745.SI,军工电子Ⅱ,军工电子Ⅱ,L,20071101,6901,18.89,34.77,-1.165,20.0,False,True,True,0,0,0,0,True,
002180.SZ,002180,002180,奔图科技,主板,深市,主板,801750.SI,计算机,801101.SI,计算机设备,计算机设备,L,20071113,6889,18.86,17.13,-3.33,13.953,False,True,True,0,0,0,0,True,
002181.SZ,002181,002181,粤传媒,主板,深市,主板,801760.SI,传媒,801769.SI,出版,出版,L,20071116,6886,18.85,9.12,-6.173,6.316,False,True,True,0,0,0,0,True,
002182.SZ,002182,002182,宝武镁业,主板,深市,主板,801050.SI,有色金属,801054.SI,小金属,小金属,L,20071113,6889,18.86,11.66,0.258,11.667,False,True,True,0,0,0,0,True,
002183.SZ,002183,002183,怡亚通,主板,深市,主板,801200.SI,商贸零售,801202.SI,贸易Ⅱ,贸易Ⅱ,L,20071113,6889,18.86,4.3,-2.715,13.636,False,True,True,0,0,0,0,True,
002184.SZ,002184,002184,海得控制,主板,深市,主板,801890.SI,机械设备,801078.SI,自动化设备,自动化设备,L,20071116,6886,18.85,9.93,-0.501,7.071,False,True,True,0,0,0,0,True,
002185.SZ,002185,002185,华天科技,主板,深市,主板,801080.SI,电子,801081.SI,半导体,半导体,L,20071120,6882,18.84,18.37,0.492,12.088,False,True,True,0,0,0,0,True,
002186.SZ,002186,002186,全聚德,主板,深市,主板,801210.SI,社会服务,801219.SI,酒店餐饮,酒店餐饮,L,20071120,6882,18.84,9.51,-0.627,10.638,False,True,True,0,0,0,0,True,
002187.SZ,002187,002187,广百股份,主板,深市,主板,801200.SI,商贸零售,801203.SI,一般零售,一般零售,L,20071122,6880,18.84,5.49,-2.139,14.286,False,True,True,0,0,0,0,True,
002188.SZ,002188,002188,中天服务,主板,深市,主板,801180.SI,房地产,801183.SI,房地产服务,房地产服务,L,20071122,6880,18.84,5.71,1.782,9.091,False,True,True,0,0,0,0,True,
002189.SZ,002189,002189,中光学,主板,深市,主板,801740.SI,国防军工,801745.SI,军工电子Ⅱ,军工电子Ⅱ,L,20071203,6869,18.81,19.21,-0.621,12.5,False,True,True,0,0,0,0,True,
002190.SZ,002190,002190,成飞集成,主板,深市,主板,801880.SI,汽车,801093.SI,汽车零部件,汽车零部件,L,20071203,6869,18.81,23.75,-2.223,11.111,False,True,True,0,0,0,0,True,
002191.SZ,002191,002191,劲嘉股份,主板,深市,主板,801140.SI,轻工制造,801141.SI,包装印刷,包装印刷,L,20071205,6867,18.8,3.62,-1.362,8.108,False,True,True,0,0,0,0,True,
002192.SZ,002192,002192,融捷股份,主板,深市,主板,801050.SI,有色金属,801056.SI,能源金属,能源金属,L,20071205,6867,18.8,60.83,-2.967,21.212,False,True,True,0,0,0,0,True,
002193.SZ,002193,002193,ST如意,主板,深市,主板,801130.SI,纺织服饰,801132.SI,服装家纺,服装家纺,L,20071207,6865,18.8,4.66,0.0,27.083,True,True,True,0,0,0,0,False,ST
002194.SZ,002194,002194,武汉凡谷,主板,深市,主板,801770.SI,通信,801102.SI,通信设备,通信设备,L,20071207,6865,18.8,10.67,-2.735,3.636,False,True,True,0,0,0,0,True,
002195.SZ,002195,002195,岩山科技,主板,深市,主板,801750.SI,计算机,801103.SI,IT服务Ⅱ,IT服务Ⅱ,L,20071212,6860,18.78,6.09,-1.932,12.5,False,True,True,0,0,0,0,True,
002196.SZ,002196,002196,方正电机,主板,深市,主板,801730.SI,电力设备,801731.SI,电机Ⅱ,电机Ⅱ,L,20071212,6860,18.78,10.09,-1.175,9.524,False,True,True,0,0,0,0,True,
002197.SZ,002197,002197,证通电子,主板,深市,主板,801750.SI,计算机,801101.SI,计算机设备,计算机设备,L,20071218,6854,18.77,6.52,-3.12,8.824,False,True,True,0,0,0,0,True,
002198.SZ,002198,002198,ST嘉应,主板,深市,主板,801150.SI,医药生物,801155.SI,中药Ⅱ,中药Ⅱ,L,20071218,6854,18.77,3.63,-1.892,20.588,True,True,True,0,0,0,0,False,ST
002199.SZ,002199,002199,东晶电子,主板,深市,主板,801080.SI,电子,801083.SI,元件,元件,L,20071221,6851,18.76,12.45,-2.658,11.111,False,True,True,0,0,2,2,False,近60日停牌
002200.SZ,002200,002200,交投生态,主板,深市,主板,801720.SI,建筑装饰,801723.SI,基础建设,基础建设,L,20071221,6851,18.76,6.5,-1.065,5.882,False,True,True,0,0,0,2,True,
002201.SZ,002201,002201,九鼎新材,主板,深市,主板,801710.SI,建筑材料,801712.SI,玻璃玻纤,玻璃玻纤,L,20071226,6846,18.74,10.04,-4.563,6.604,False,True,True,0,0,0,0,True,
002202.SZ,002202,002202,金风科技,主板,深市,主板,801730.SI,电力设备,801736.SI,风电设备,风电设备,L,20071226,6846,18.74,17.83,-0.779,13.115,False,True,True,0,0,0,0,True,
002203.SZ,002203,002203,海亮股份,主板,深市,主板,801050.SI,有色金属,801055.SI,工业金属,工业金属,L,20080116,6825,18.69,18.53,2.094,21.875,False,True,True,0,0,0,0,True,
002204.SZ,002204,002204,大连重工,主板,深市,主板,801890.SI,机械设备,801074.SI,专用设备,专用设备,L,20080116,6825,18.69,5.38,-1.284,9.091,False,True,True,0,0,0,0,True,
002205.SZ,002205,002205,国统股份,主板,深市,主板,801710.SI,建筑材料,801711.SI,水泥,水泥,L,20080123,6818,18.67,11.62,6.9,15.888,False,True,True,0,0,0,0,True,
002206.SZ,002206,002206,海利得,主板,深市,主板,801030.SI,基础化工,801032.SI,化学纤维,化学纤维,L,20080123,6818,18.67,4.98,0.201,9.434,False,True,True,0,0,0,0,True,
002207.SZ,002207,002207,*ST准油,主板,深市,主板,801960.SI,石油石化,801962.SI,油服工程,油服工程,L,20080128,6813,18.65,5.45,-1.802,8.621,True,True,True,0,0,0,0,False,ST
002208.SZ,002208,002208,合肥城建,主板,深市,主板,801180.SI,房地产,801181.SI,房地产开发,房地产开发,L,20080128,6813,18.65,10.34,-0.768,11.538,False,True,True,0,0,0,0,True,
002209.SZ,002209,002209,达意隆,主板,深市,主板,801890.SI,机械设备,801074.SI,专用设备,专用设备,L,20080130,6811,18.65,13.62,1.189,7.576,False,True,True,0,0,0,0,True,
002210.SZ,002210,002210,飞马国际,主板,深市,主板,801970.SI,环保,801971.SI,环境治理,环境治理,L,20080130,6811,18.65,2.09,-3.241,9.091,False,True,True,0,0,0,0,True,
002211.SZ,002211,002211,ST宏达,主板,深市,主板,801030.SI,基础化工,801034.SI,化学制品,化学制品,L,20080201,6809,18.64,3.81,-0.262,7.895,True,True,True,0,0,0,0,False,ST
002212.SZ,002212,002212,天融信,主板,深市,主板,801750.SI,计算机,801104.SI,软件开发,软件开发,L,20080201,6809,18.64,7.06,-3.552,5.556,False,True,True,0,0,0,0,True,
002213.SZ,002213,002213,大为股份,主板,深市,主板,801080.SI,电子,801081.SI,半导体,半导体,L,20080201,6809,18.64,29.34,0.859,4.795,False,True,True,0,0,0,0,True,
002214.SZ,002214,002214,大立科技,主板,深市,主板,801740.SI,国防军工,801745.SI,军工电子Ⅱ,军工电子Ⅱ,L,20080218,6792,18.6,18.54,-0.483,26.582,False,True,True,0,2,2,2,False,近60日停牌
002215.SZ,002215,002215,诺普信,主板,深市,主板,801010.SI,农林牧渔,801016.SI,种植业,种植业,L,20080218,6792,18.6,9.76,-0.408,12.5,False,True,True,0,0,0,0,True,
002216.SZ,002216,002216,三全食品,主板,深市,主板,801120.SI,食品饮料,801124.SI,食品加工,食品加工,L,20080220,6790,18.59,11.57,-1.111,9.756,False,True,True,0,0,0,0,True,
002217.SZ,002217,002217,ST合力泰,主板,深市,主板,801080.SI,电子,801084.SI,光学光电子,光学光电子,L,20080220,6790,18.59,1.55,-3.727,20.0,True,True,True,0,0,0,2,False,ST
002218.SZ,002218,002218,拓日新能,主板,深市,主板,801160.SI,公用事业,801161.SI,电力,电力,L,20080228,6782,18.57,3.89,-6.715,9.524,False,True,True,0,0,0,0,True,
002219.SZ,002219,002219,新里程,主板,深市,主板,801150.SI,医药生物,801156.SI,医疗服务,医疗服务,L,20080306,6775,18.55,2.08,-3.704,9.524,False,True,True,0,0,0,0,True,
002221.SZ,002221,002221,东华能源,主板,深市,主板,801960.SI,石油石化,801963.SI,炼化及贸易,炼化及贸易,L,20080306,6775,18.55,5.7,-0.87,10.714,False,True,True,0,0,0,0,True,
002222.SZ,002222,002222,福晶科技,主板,深市,主板,801080.SI,电子,801084.SI,光学光电子,光学光电子,L,20080319,6762,18.51,69.93,-1.715,8.772,False,True,True,0,0,0,0,True,
002223.SZ,002223,002223,鱼跃医疗,主板,深市,主板,801150.SI,医药生物,801153.SI,医疗器械,医疗器械,L,20080418,6732,18.43,26.78,0.79,9.091,False,True,True,0,0,0,0,True,
002224.SZ,002224,002224,三力士,主板,深市,主板,801030.SI,基础化工,801037.SI,橡胶,橡胶,L,20080425,6725,18.41,3.71,-1.852,15.789,False,True,True,0,0,0,0,True,
002225.SZ,002225,002225,濮耐股份,主板,深市,主板,801710.SI,建筑材料,801713.SI,装修建材,装修建材,L,20080425,6725,18.41,3.49,-2.241,8.333,False,True,True,0,0,0,0,True,
002226.SZ,002226,002226,江南化工,主板,深市,主板,801030.SI,基础化工,801034.SI,化学制品,化学制品,L,20080506,6714,18.38,5.15,-5.505,17.647,False,True,True,0,0,0,0,True,
002227.SZ,002227,002227,*ST特迅,主板,深市,主板,801730.SI,电力设备,801733.SI,其他电源设备Ⅱ,其他电源设备Ⅱ,L,20080506,6714,18.38,6.46,0.0,20.635,True,True,True,0,0,0,0,False,ST
002228.SZ,002228,002228,合兴包装,主板,深市,主板,801140.SI,轻工制造,801141.SI,包装印刷,包装印刷,L,20080508,6712,18.38,3.17,-1.858,6.452,False,True,True,0,0,0,0,True,
002229.SZ,002229,002229,鸿博股份,主板,深市,主板,801140.SI,轻工制造,801141.SI,包装印刷,包装印刷,L,20080508,6712,18.38,10.62,-4.668,11.712,False,True,True,0,0,0,0,True,
002230.SZ,002230,002230,科大讯飞,主板,深市,主板,801750.SI,计算机,801104.SI,软件开发,软件开发,L,20080512,6708,18.37,38.72,-1.022,9.804,False,True,True,0,0,0,0,True,
002232.SZ,002232,002232,启明信息,主板,深市,主板,801750.SI,计算机,801103.SI,IT服务Ⅱ,IT服务Ⅱ,L,20080509,6711,18.37,15.16,-2.945,13.636,False,True,True,0,0,0,0,True,
002233.SZ,002233,002233,塔牌集团,主板,深市,主板,801710.SI,建筑材料,801711.SI,水泥,水泥,L,20080516,6704,18.35,7.12,-0.28,21.918,False,True,True,0,0,0,0,True,
002234.SZ,002234,002234,民和股份,主板,深市,主板,801010.SI,农林牧渔,801017.SI,养殖业,养殖业,L,20080516,6704,18.35,7.83,-1.385,15.385,False,True,True,0,0,0,0,True,
002235.SZ,002235,002235,安妮股份,主板,深市,主板,801140.SI,轻工制造,801143.SI,造纸,造纸,L,20080516,6704,18.35,7.84,-2.97,10.843,False,True,True,0,0,0,0,True,
002236.SZ,002236,002236,大华股份,主板,深市,主板,801750.SI,计算机,801101.SI,计算机设备,计算机设备,L,20080520,6700,18.34,15.85,-0.252,5.66,False,True,True,0,0,0,0,True,
002237.SZ,002237,002237,恒邦股份,主板,深市,主板,801050.SI,有色金属,801053.SI,贵金属,贵金属,L,20080520,6700,18.34,13.33,-1.913,10.959,False,True,True,0,0,0,0,True,
002238.SZ,002238,002238,天威视讯,主板,深市,主板,801760.SI,传媒,801995.SI,电视广播Ⅱ,电视广播Ⅱ,L,20080526,6694,18.33,7.66,10.057,29.231,False,True,True,0,0,0,0,True,
002239.SZ,002239,002239,奥特佳,主板,深市,主板,801880.SI,汽车,801093.SI,汽车零部件,汽车零部件,L,20080522,6698,18.34,2.48,-1.195,8.0,False,True,True,0,0,0,0,True,
002240.SZ,002240,002240,盛新锂能,主板,深市,主板,801050.SI,有色金属,801056.SI,能源金属,能源金属,L,20080523,6697,18.34,26.62,-3.024,20.27,False,True,True,0,0,0,0,True,
002241.SZ,002241,002241,歌尔股份,主板,深市,主板,801080.SI,电子,801085.SI,消费电子,消费电子,L,20080522,6698,18.34,24.45,-0.771,10.256,False,True,True,0,0,0,0,True,
002242.SZ,002242,002242,九阳股份,主板,深市,主板,801110.SI,家用电器,801113.SI,小家电,小家电,L,20080528,6692,18.32,9.76,2.306,15.217,False,True,True,0,0,0,0,True,
002243.SZ,002243,002243,力合科创,主板,深市,主板,801210.SI,社会服务,801218.SI,专业服务,专业服务,L,20080528,6692,18.32,7.05,-1.399,16.667,False,True,True,0,0,0,0,True,
002244.SZ,002244,002244,滨江集团,主板,深市,主板,801180.SI,房地产,801181.SI,房地产开发,房地产开发,L,20080529,6691,18.32,8.6,-1.714,16.092,False,True,True,0,0,0,0,True,
002245.SZ,002245,002245,蔚蓝锂芯,主板,深市,主板,801730.SI,电力设备,801737.SI,电池,电池,L,20080605,6684,18.3,16.86,-0.059,6.742,False,True,True,0,0,0,0,True,
002246.SZ,002246,002246,北化股份,主板,深市,主板,801030.SI,基础化工,801034.SI,化学制品,化学制品,L,20080605,6684,18.3,25.59,-6.367,27.966,False,True,True,0,0,0,0,True,
002247.SZ,002247,002247,聚力文化,主板,深市,主板,801710.SI,建筑材料,801713.SI,装修建材,装修建材,L,20080612,6677,18.28,2.44,-0.813,8.333,False,True,True,0,0,0,0,True,
002248.SZ,002248,002248,华东数控,主板,深市,主板,801890.SI,机械设备,801072.SI,通用设备,通用设备,L,20080612,6677,18.28,9.54,-0.625,5.208,False,True,True,0,0,0,0,True,
002249.SZ,002249,002249,大洋电机,主板,深市,主板,801730.SI,电力设备,801731.SI,电机Ⅱ,电机Ⅱ,L,20080619,6670,18.26,6.44,-0.923,14.706,False,True,True,0,0,0,0,True,
002250.SZ,002250,002250,联化科技,主板,深市,主板,801030.SI,基础化工,801038.SI,农化制品,农化制品,L,20080619,6670,18.26,14.74,2.007,14.286,False,True,True,0,0,0,0,True,
002251.SZ,002251,002251,步步高,主板,深市,主板,801200.SI,商贸零售,801203.SI,一般零售,一般零售,L,20080619,6670,18.26,3.48,-2.247,16.667,False,True,True,0,0,0,0,True,
002252.SZ,002252,002252,上海莱士,主板,深市,主板,801150.SI,医药生物,801152.SI,生物制品,生物制品,L,20080623,6666,18.25,4.97,-0.201,23.529,False,True,True,0,0,0,0,True,
002253.SZ,002253,002253,川大智胜,主板,深市,主板,801750.SI,计算机,801104.SI,软件开发,软件开发,L,20080623,6666,18.25,9.24,-10.029,10.101,False,True,True,0,0,0,2,True,
002254.SZ,002254,002254,泰和新材,主板,深市,主板,801030.SI,基础化工,801032.SI,化学纤维,化学纤维,L,20080625,6664,18.25,12.75,1.432,7.937,False,True,True,0,0,0,0,True,
002255.SZ,002255,002255,海陆重工,主板,深市,主板,801730.SI,电力设备,801733.SI,其他电源设备Ⅱ,其他电源设备Ⅱ,L,20080625,6664,18.25,7.59,-0.784,11.538,False,True,True,0,0,0,0,True,
002256.SZ,002256,002256,兆新股份,主板,深市,主板,801160.SI,公用事业,801161.SI,电力,电力,L,20080625,6664,18.25,3.17,-2.462,12.121,False,True,True,0,0,0,0,True,
002258.SZ,002258,002258,利尔化学,主板,深市,主板,801030.SI,基础化工,801038.SI,农化制品,农化制品,L,20080708,6651,18.21,14.74,-0.807,6.757,False,True,True,0,0,0,0,True,
002259.SZ,002259,002259,升达林业,主板,深市,主板,801160.SI,公用事业,801163.SI,燃气Ⅱ,燃气Ⅱ,L,20080716,6643,18.19,4.78,-3.823,25.581,False,True,True,0,0,0,0,True,
002261.SZ,002261,002261,拓维信息,主板,深市,主板,801750.SI,计算机,801104.SI,软件开发,软件开发,L,20080723,6636,18.17,25.24,-2.473,4.687,False,True,True,0,0,0,0,True,
002262.SZ,002262,002262,恩华药业,主板,深市,主板,801150.SI,医药生物,801151.SI,化学制药,化学制药,L,20080723,6636,18.17,22.0,0.733,11.111,False,True,True,0,0,0,0,True,
002263.SZ,002263,002263,大东南,主板,深市,主板,801030.SI,基础化工,801036.SI,塑料,塑料,L,20080728,6631,18.15,3.17,-0.938,9.677,False,True,True,0,0,0,0,True,
002264.SZ,002264,002264,新华都,主板,深市,主板,801760.SI,传媒,801765.SI,广告营销,广告营销,L,20080731,6628,18.15,7.44,-6.65,10.667,False,True,True,0,0,0,0,True,
002265.SZ,002265,002265,建设工业,主板,深市,主板,801880.SI,汽车,801093.SI,汽车零部件,汽车零部件,L,20080806,6622,18.13,19.62,-0.859,14.0,False,True,True,0,0,0,0,True,
002266.SZ,002266,002266,浙富控股,主板,深市,主板,801970.SI,环保,801971.SI,环境治理,环境治理,L,20080806,6622,18.13,4.79,-4.008,8.163,False,True,True,0,0,0,0,True,
002267.SZ,002267,002267,陕天然气,主板,深市,主板,801160.SI,公用事业,801163.SI,燃气Ⅱ,燃气Ⅱ,L,20080813,6615,18.11,7.12,-0.836,9.589,False,True,True,0,0,0,0,True,
002268.SZ,002268,002268,电科网安,主板,深市,主板,801750.SI,计算机,801101.SI,计算机设备,计算机设备,L,20080811,6617,18.12,14.92,-1.257,8.333,False,True,True,0,0,0,0,True,
002269.SZ,002269,002269,美邦服饰,主板,深市,主板,801130.SI,纺织服饰,801132.SI,服装家纺,服装家纺,L,20080828,6600,18.07,1.39,-2.113,14.286,False,True,True,0,0,0,0,True,
002270.SZ,002270,002270,华明装备,主板,深市,主板,801730.SI,电力设备,801738.SI,电网设备,电网设备,L,20080905,6592,18.05,17.93,-1.646,12.245,False,True,True,0,0,0,0,True,
002271.SZ,002271,002271,东方雨虹,主板,深市,主板,801710.SI,建筑材料,801713.SI,装修建材,装修建材,L,20080910,6587,18.03,10.7,-0.187,11.111,False,True,True,0,0,0,0,True,
002272.SZ,002272,002272,川润股份,主板,深市,主板,801890.SI,机械设备,801072.SI,通用设备,通用设备,L,20080919,6578,18.01,16.02,-2.436,5.988,False,True,True,0,0,0,0,True,
002273.SZ,002273,002273,水晶光电,主板,深市,主板,801080.SI,电子,801084.SI,光学光电子,光学光电子,L,20080919,6578,18.01,26.19,1.315,9.375,False,True,True,0,0,0,0,True,
002274.SZ,002274,002274,华昌化工,主板,深市,主板,801030.SI,基础化工,801033.SI,化学原料,化学原料,L,20080925,6572,17.99,6.14,-0.647,12.903,False,True,True,5,6,6,6,False,近60日停牌
002275.SZ,002275,002275,桂林三金,主板,深市,主板,801150.SI,医药生物,801155.SI,中药Ⅱ,中药Ⅱ,L,20090710,6284,17.2,12.23,-0.407,16.418,False,True,True,0,0,0,0,True,
002276.SZ,002276,002276,万马股份,主板,深市,主板,801730.SI,电力设备,801738.SI,电网设备,电网设备,L,20090710,6284,17.2,9.91,-1.098,7.843,False,True,True,0,0,0,0,True,
002277.SZ,002277,002277,友阿股份,主板,深市,主板,801200.SI,商贸零售,801203.SI,一般零售,一般零售,L,20090717,6277,17.19,5.36,-1.651,15.0,False,True,True,0,0,0,0,True,
002278.SZ,002278,002278,神开股份,主板,深市,主板,801890.SI,机械设备,801074.SI,专用设备,专用设备,L,20090811,6252,17.12,7.91,-1.617,8.537,False,True,True,0,0,0,0,True,
002279.SZ,002279,002279,久其软件,主板,深市,主板,801750.SI,计算机,801104.SI,软件开发,软件开发,L,20090811,6252,17.12,6.66,-4.993,5.714,False,True,True,0,0,0,0,True,
002281.SZ,002281,002281,光迅科技,主板,深市,主板,801770.SI,通信,801102.SI,通信设备,通信设备,L,20090821,6242,17.09,190.0,-0.194,11.207,False,True,True,0,0,0,0,True,
002282.SZ,002282,002282,博深股份,主板,深市,主板,801890.SI,机械设备,801072.SI,通用设备,通用设备,L,20090821,6242,17.09,6.07,-0.492,13.333,False,True,True,0,0,0,0,True,
002283.SZ,002283,002283,天润工业,主板,深市,主板,801880.SI,汽车,801093.SI,汽车零部件,汽车零部件,L,20090821,6242,17.09,7.99,-1.48,15.854,False,True,True,0,0,0,0,True,
002284.SZ,002284,002284,亚太股份,主板,深市,主板,801880.SI,汽车,801093.SI,汽车零部件,汽车零部件,L,20090828,6235,17.07,9.59,-2.243,10.204,False,True,True,0,0,0,0,True,
002285.SZ,002285,002285,世联行,主板,深市,主板,801180.SI,房地产,801183.SI,房地产服务,房地产服务,L,20090828,6235,17.07,3.17,-0.938,31.25,False,True,True,0,0,0,0,True,
002286.SZ,002286,002286,保龄宝,主板,深市,主板,801010.SI,农林牧渔,801012.SI,农产品加工,农产品加工,L,20090828,6235,17.07,8.75,10.063,17.073,False,True,True,0,0,0,0,True,
002287.SZ,002287,002287,奇正藏药,主板,深市,主板,801150.SI,医药生物,801155.SI,中药Ⅱ,中药Ⅱ,L,20090828,6235,17.07,19.55,-0.812,25.352,False,True,True,0,0,0,0,True,
002289.SZ,002289,002289,宇顺电子,主板,深市,主板,801080.SI,电子,801084.SI,光学光电子,光学光电子,L,20090903,6229,17.05,35.94,-2.364,20.43,False,True,True,0,0,0,2,True,
002290.SZ,002290,002290,禾盛新材,主板,深市,主板,801110.SI,家用电器,801116.SI,家电零部件Ⅱ,家电零部件Ⅱ,L,20090903,6229,17.05,74.65,-4.111,20.732,False,True,True,0,0,0,0,True,
002291.SZ,002291,002291,遥望科技,主板,深市,主板,801760.SI,传媒,801765.SI,广告营销,广告营销,L,20090903,6229,17.05,5.49,-3.853,7.143,False,True,True,0,0,0,0,True,
002292.SZ,002292,002292,奥飞娱乐,主板,深市,主板,801760.SI,传媒,801766.SI,影视院线,影视院线,L,20090910,6222,17.03,8.71,-4.6,8.14,False,True,True,0,0,0,0,True,
002293.SZ,002293,002293,罗莱生活,主板,深市,主板,801130.SI,纺织服饰,801132.SI,服装家纺,服装家纺,L,20090910,6222,17.03,10.78,0.279,14.953,False,True,True,0,0,0,0,True,
002294.SZ,002294,002294,信立泰,主板,深市,主板,801150.SI,医药生物,801151.SI,化学制药,化学制药,L,20090910,6222,17.03,30.98,-0.641,16.667,False,True,True,0,0,0,0,True,
002295.SZ,002295,002295,精艺股份,主板,深市,主板,801050.SI,有色金属,801055.SI,工业金属,工业金属,L,20090929,6203,16.98,10.18,-2.955,11.0,False,True,True,0,0,0,0,True,
002296.SZ,002296,002296,辉煌科技,主板,深市,主板,801770.SI,通信,801102.SI,通信设备,通信设备,L,20090929,6203,16.98,9.55,0.738,5.435,False,True,True,0,0,0,0,True,
002297.SZ,002297,002297,博云新材,主板,深市,主板,801740.SI,国防军工,801742.SI,航空装备Ⅱ,航空装备Ⅱ,L,20090929,6203,16.98,21.3,-2.562,4.054,False,True,True,0,0,0,0,True,
002298.SZ,002298,002298,中电鑫龙,主板,深市,主板,801750.SI,计算机,801104.SI,软件开发,软件开发,L,20090929,6203,16.98,8.62,-3.902,9.091,False,True,True,0,0,0,0,True,
002299.SZ,002299,002299,圣农发展,主板,深市,主板,801010.SI,农林牧渔,801017.SI,养殖业,养殖业,L,20091021,6181,16.92,15.91,-1.303,9.091,False,True,True,0,0,0,0,True,
002300.SZ,002300,002300,太阳电缆,主板,深市,主板,801730.SI,电力设备,801738.SI,电网设备,电网设备,L,20091021,6181,16.92,7.98,-3.971,8.434,False,True,True,0,0,0,0,True,
002301.SZ,002301,002301,齐心集团,主板,深市,主板,801140.SI,轻工制造,801145.SI,文娱用品,文娱用品,L,20091021,6181,16.92,8.76,-5.502,21.519,False,True,True,0,0,0,0,True,
002302.SZ,002302,002302,西部建设,主板,深市,主板,801710.SI,建筑材料,801711.SI,水泥,水泥,L,20091103,6168,16.89,4.79,1.698,29.167,False,True,True,0,0,0,0,True,
002303.SZ,002303,002303,美盈森,主板,深市,主板,801140.SI,轻工制造,801141.SI,包装印刷,包装印刷,L,20091103,6168,16.89,6.7,-2.899,25.806,False,True,True,0,0,0,0,True,
002304.SZ,002304,002304,洋河股份,主板,深市,主板,801120.SI,食品饮料,801125.SI,白酒Ⅱ,白酒Ⅱ,L,20091106,6165,16.88,38.03,-0.834,80.0,False,True,True,0,0,0,0,True,
002305.SZ,002305,002305,*ST南置,主板,深市,主板,801180.SI,房地产,801181.SI,房地产开发,房地产开发,L,20091106,6165,16.88,2.02,-0.98,14.286,True,True,True,0,0,0,0,False,ST
002306.SZ,002306,002306,ST云网,主板,深市,主板,801210.SI,社会服务,801219.SI,酒店餐饮,酒店餐饮,L,20091111,6160,16.87,2.19,-1.351,18.182,True,True,True,0,0,0,2,False,ST
002307.SZ,002307,002307,北新路桥,主板,深市,主板,801720.SI,建筑装饰,801723.SI,基础建设,基础建设,L,20091111,6160,16.87,2.99,-0.993,6.667,False,True,True,0,0,0,0,True,
002309.SZ,002309,002309,中利集团,主板,深市,主板,801730.SI,电力设备,801738.SI,电网设备,电网设备,L,20091127,6144,16.82,2.82,-4.73,13.333,False,True,True,0,0,0,0,True,
002310.SZ,002310,002310,东方新能,主板,深市,主板,801720.SI,建筑装饰,801723.SI,基础建设,基础建设,L,20091127,6144,16.82,2.23,-2.193,8.333,False,True,True,0,0,0,0,True,
002311.SZ,002311,002311,海大集团,主板,深市,主板,801010.SI,农林牧渔,801014.SI,饲料,饲料,L,20091127,6144,16.82,41.44,-1.568,22.807,False,True,True,0,0,0,0,True,
002312.SZ,002312,002312,川发龙蟒,主板,深市,主板,801030.SI,基础化工,801038.SI,农化制品,农化制品,L,20091203,6138,16.8,8.41,-2.775,13.953,False,True,True,0,0,0,0,True,
002313.SZ,002313,002313,日海智能,主板,深市,主板,801770.SI,通信,801102.SI,通信设备,通信设备,L,20091203,6138,16.8,9.31,0.107,14.943,False,True,True,0,0,0,0,True,
002314.SZ,002314,002314,南山控股,主板,深市,主板,801180.SI,房地产,801181.SI,房地产开发,房地产开发,L,20091203,6138,16.8,2.34,0.862,9.091,False,True,True,0,0,0,0,True,
002315.SZ,002315,002315,焦点科技,主板,深市,主板,801200.SI,商贸零售,801206.SI,互联网电商,互联网电商,L,20091209,6132,16.79,25.6,-1.044,9.524,False,True,True,0,0,0,0,True,
002316.SZ,002316,002316,亚联发展,主板,深市,主板,801790.SI,非银金融,801191.SI,多元金融,多元金融,L,20091209,6132,16.79,4.25,-2.968,9.091,False,True,True,0,0,0,0,True,
002317.SZ,002317,002317,众生药业,主板,深市,主板,801150.SI,医药生物,801155.SI,中药Ⅱ,中药Ⅱ,L,20091211,6130,16.78,24.92,-2.313,13.492,False,True,True,0,0,0,0,True,
002318.SZ,002318,002318,久立特材,主板,深市,主板,801040.SI,钢铁,801045.SI,特钢Ⅱ,特钢Ⅱ,L,20091211,6130,16.78,18.31,0.384,28.788,False,True,True,0,0,0,0,True,
002319.SZ,002319,002319,乐通股份,主板,深市,主板,801030.SI,基础化工,801034.SI,化学制品,化学制品,L,20091211,6130,16.78,10.06,-1.082,8.824,False,True,True,0,0,0,0,True,
002320.SZ,002320,002320,海峡股份,主板,深市,主板,801170.SI,交通运输,801992.SI,航运港口,航运港口,L,20091216,6125,16.77,6.41,-3.898,17.391,False,True,True,0,0,0,0,True,
002321.SZ,002321,002321,华英农业,主板,深市,主板,801010.SI,农林牧渔,801017.SI,养殖业,养殖业,L,20091216,6125,16.77,2.06,-7.207,19.048,False,True,True,0,0,0,0,True,
002322.SZ,002322,002322,理工能科,主板,深市,主板,801750.SI,计算机,801104.SI,软件开发,软件开发,L,20091218,6123,16.76,12.0,-1.153,10.0,False,True,True,0,0,0,0,True,
002323.SZ,002323,002323,*ST雅博,主板,深市,主板,801720.SI,建筑装饰,801724.SI,专业工程,专业工程,L,20091218,6123,16.76,1.25,-1.575,15.385,True,True,True,0,0,0,0,False,ST
002324.SZ,002324,002324,普利特,主板,深市,主板,801030.SI,基础化工,801036.SI,塑料,塑料,L,20091218,6123,16.76,9.13,-0.653,8.696,False,True,True,0,0,0,0,True,
002326.SZ,002326,002326,永太科技,主板,深市,主板,801030.SI,基础化工,801034.SI,化学制品,化学制品,L,20091222,6119,16.75,16.96,-1.281,16.94,False,True,True,0,0,0,0,True,
002327.SZ,002327,002327,富安娜,主板,深市,主板,801130.SI,纺织服饰,801132.SI,服装家纺,服装家纺,L,20091230,6111,16.73,6.12,0.0,7.812,False,True,True,0,0,0,0,True,
002328.SZ,002328,002328,新朋股份,主板,深市,主板,801880.SI,汽车,801093.SI,汽车零部件,汽车零部件,L,20091230,6111,16.73,8.92,1.71,10.227,False,True,True,0,0,0,0,True,
002329.SZ,002329,002329,皇氏集团,主板,深市,主板,801120.SI,食品饮料,801127.SI,饮料乳品,饮料乳品,L,20100106,6104,16.71,3.63,-1.892,10.526,False,True,True,0,0,0,0,True,
002330.SZ,002330,002330,得利斯,主板,深市,主板,801120.SI,食品饮料,801124.SI,食品加工,食品加工,L,20100106,6104,16.71,4.08,-1.211,9.756,False,True,True,0,0,0,0,True,
002331.SZ,002331,002331,皖通科技,主板,深市,主板,801750.SI,计算机,801103.SI,IT服务Ⅱ,IT服务Ⅱ,L,20100106,6104,16.71,6.84,-0.87,8.696,False,True,True,0,0,0,0,True,
002332.SZ,002332,002332,仙琚制药,主板,深市,主板,801150.SI,医药生物,801151.SI,化学制药,化学制药,L,20100112,6098,16.7,8.73,-0.114,4.706,False,True,True,0,0,0,0,True,
002333.SZ,002333,002333,罗普斯金,主板,深市,主板,801710.SI,建筑材料,801713.SI,装修建材,装修建材,L,20100112,6098,16.7,5.79,3.025,10.909,False,True,True,0,0,0,0,True,
002334.SZ,002334,002334,英威腾,主板,深市,主板,801890.SI,机械设备,801078.SI,自动化设备,自动化设备,L,20100113,6097,16.69,6.54,-0.759,7.576,False,True,True,0,0,0,0,True,
002335.SZ,002335,002335,科华数据,主板,深市,主板,801730.SI,电力设备,801733.SI,其他电源设备Ⅱ,其他电源设备Ⅱ,L,20100113,6097,16.69,32.63,7.832,10.526,False,True,True,0,0,0,0,True,
002337.SZ,002337,002337,赛象科技,主板,深市,主板,801890.SI,机械设备,801074.SI,专用设备,专用设备,L,20100115,6095,16.69,4.87,2.096,8.696,False,True,True,0,0,0,0,True,
002338.SZ,002338,002338,奥普光电,主板,深市,主板,801740.SI,国防军工,801745.SI,军工电子Ⅱ,军工电子Ⅱ,L,20100115,6095,16.69,46.7,3.433,13.084,False,True,True,0,0,0,0,True,
002339.SZ,002339,002339,积成电子,主板,深市,主板,801730.SI,电力设备,801738.SI,电网设备,电网设备,L,20100122,6088,16.67,7.49,-3.974,8.974,False,True,True,0,0,0,0,True,
002340.SZ,002340,002340,格林美,主板,深市,主板,801730.SI,电力设备,801737.SI,电池,电池,L,20100122,6088,16.67,6.22,-0.639,9.231,False,True,True,0,0,0,0,True,
002342.SZ,002342,002342,巨力索具,主板,深市,主板,801890.SI,机械设备,801072.SI,通用设备,通用设备,L,20100126,6084,16.66,7.54,-4.071,7.692,False,True,True,0,0,0,0,True,
002343.SZ,002343,002343,慈文传媒,主板,深市,主板,801760.SI,传媒,801766.SI,影视院线,影视院线,L,20100126,6084,16.66,5.8,-1.024,7.018,False,True,True,0,0,0,0,True,
002344.SZ,002344,002344,海宁皮城,主板,深市,主板,801200.SI,商贸零售,801203.SI,一般零售,一般零售,L,20100126,6084,16.66,3.98,-0.748,23.077,False,True,True,0,0,0,0,True,
002345.SZ,002345,002345,潮宏基,主板,深市,主板,801130.SI,纺织服饰,801133.SI,饰品,饰品,L,20100128,6082,16.65,8.61,-1.034,15.789,False,True,True,0,0,0,0,True,
002346.SZ,002346,002346,柘中股份,主板,深市,主板,801730.SI,电力设备,801738.SI,电网设备,电网设备,L,20100128,6082,16.65,18.52,-2.935,36.082,False,True,True,0,0,0,0,True,
002347.SZ,002347,002347,泰尔股份,主板,深市,主板,801890.SI,机械设备,801072.SI,通用设备,通用设备,L,20100128,6082,16.65,5.76,-2.373,8.333,False,True,True,0,0,0,0,True,
002348.SZ,002348,002348,高乐股份,主板,深市,主板,801140.SI,轻工制造,801145.SI,文娱用品,文娱用品,L,20100203,6076,16.64,10.86,-0.822,17.273,False,True,True,0,0,0,0,True,
002349.SZ,002349,002349,精华制药,主板,深市,主板,801150.SI,医药生物,801155.SI,中药Ⅱ,中药Ⅱ,L,20100203,6076,16.64,8.57,-1.945,7.143,False,True,True,0,0,0,0,True,
002350.SZ,002350,002350,北京科锐,主板,深市,主板,801730.SI,电力设备,801738.SI,电网设备,电网设备,L,20100203,6076,16.64,13.94,-1.205,8.844,False,True,True,0,0,0,0,True,
002351.SZ,002351,002351,漫步者,主板,深市,主板,801080.SI,电子,801085.SI,消费电子,消费电子,L,20100205,6074,16.63,10.03,-1.474,6.0,False,True,True,0,0,0,0,True,
002352.SZ,002352,002352,顺丰控股,主板,深市,主板,801170.SI,交通运输,801178.SI,物流,物流,L,20100205,6074,16.63,30.89,-0.162,25.806,False,True,True,0,0,0,0,True,
002353.SZ,002353,002353,杰瑞股份,主板,深市,主板,801890.SI,机械设备,801074.SI,专用设备,专用设备,L,20100205,6074,16.63,116.84,-1.749,22.973,False,True,True,0,0,0,0,True,
002354.SZ,002354,002354,天娱数科,主板,深市,主板,801760.SI,传媒,801765.SI,广告营销,广告营销,L,20100209,6070,16.62,7.53,-7.152,7.692,False,True,True,0,0,0,0,True,
002355.SZ,002355,002355,兴民智通,主板,深市,主板,801880.SI,汽车,801093.SI,汽车零部件,汽车零部件,L,20100209,6070,16.62,4.61,-2.947,8.333,False,True,True,0,0,0,0,True,
002356.SZ,002356,002356,鹏飞绿能,主板,深市,主板,801200.SI,商贸零售,801203.SI,一般零售,一般零售,L,20100209,6070,16.62,2.69,-1.825,15.385,False,True,True,0,0,0,0,True,
002357.SZ,002357,002357,富临运业,主板,深市,主板,801170.SI,交通运输,801179.SI,铁路公路,铁路公路,L,20100210,6069,16.62,11.95,-1.646,16.949,False,True,True,0,0,0,0,True,
002358.SZ,002358,002358,森源电气,主板,深市,主板,801730.SI,电力设备,801738.SI,电网设备,电网设备,L,20100210,6069,16.62,5.17,-3.002,7.407,False,True,True,0,0,0,0,True,
002360.SZ,002360,002360,ST同德,主板,深市,主板,801030.SI,基础化工,801034.SI,化学制品,化学制品,L,20100303,6048,16.56,5.34,-0.928,12.727,True,True,True,0,0,0,0,False,ST
002361.SZ,002361,002361,神剑股份,主板,深市,主板,801030.SI,基础化工,801036.SI,塑料,塑料,L,20100303,6048,16.56,10.1,-3.071,4.854,False,True,True,0,0,0,0,True,
002362.SZ,002362,002362,汉王科技,主板,深市,主板,801750.SI,计算机,801104.SI,软件开发,软件开发,L,20100303,6048,16.56,15.93,-3.63,7.879,False,True,True,0,0,0,0,True,
002363.SZ,002363,002363,隆基机械,主板,深市,主板,801880.SI,汽车,801093.SI,汽车零部件,汽车零部件,L,20100305,6046,16.55,6.87,0.292,13.846,False,True,True,0,0,0,0,True,
002364.SZ,002364,002364,中恒电气,主板,深市,主板,801730.SI,电力设备,801733.SI,其他电源设备Ⅱ,其他电源设备Ⅱ,L,20100305,6046,16.55,36.34,-0.71,8.197,False,True,True,0,0,0,0,True,
002365.SZ,002365,002365,永安药业,主板,深市,主板,801150.SI,医药生物,801151.SI,化学制药,化学制药,L,20100305,6046,16.55,13.84,-4.089,4.93,False,True,True,0,0,0,0,True,
002366.SZ,002366,002366,融发核电,主板,深市,主板,801730.SI,电力设备,801733.SI,其他电源设备Ⅱ,其他电源设备Ⅱ,L,20100312,6039,16.53,5.58,-3.46,13.333,False,True,True,0,0,0,0,True,
002367.SZ,002367,002367,康力电梯,主板,深市,主板,801890.SI,机械设备,801074.SI,专用设备,专用设备,L,20100312,6039,16.53,6.19,2.314,15.254,False,True,True,0,0,0,0,True,
002368.SZ,002368,002368,太极股份,主板,深市,主板,801750.SI,计算机,801103.SI,IT服务Ⅱ,IT服务Ⅱ,L,20100312,6039,16.53,13.12,-2.163,11.429,False,True,True,0,0,0,0,True,
002369.SZ,002369,002369,卓翼科技,主板,深市,主板,801080.SI,电子,801085.SI,消费电子,消费电子,L,20100316,6035,16.52,5.64,-2.422,10.0,False,True,True,0,0,0,0,True,
002370.SZ,002370,002370,亚太药业,主板,深市,主板,801150.SI,医药生物,801151.SI,化学制药,化学制药,L,20100316,6035,16.52,5.24,-2.783,12.727,False,True,True,0,0,0,0,True,
002371.SZ,002371,002371,北方华创,主板,深市,主板,801080.SI,电子,801081.SI,半导体,半导体,L,20100316,6035,16.52,668.15,-0.709,25.455,False,True,True,0,0,0,0,True,
002372.SZ,002372,002372,伟星新材,主板,深市,主板,801710.SI,建筑材料,801713.SI,装修建材,装修建材,L,20100318,6033,16.52,8.26,0.978,27.907,False,True,True,0,0,0,0,True,
002373.SZ,002373,002373,千方科技,主板,深市,主板,801750.SI,计算机,801103.SI,IT服务Ⅱ,IT服务Ⅱ,L,20100318,6033,16.52,7.38,-1.469,10.526,False,True,True,0,0,0,0,True,
002374.SZ,002374,002374,中锐股份,主板,深市,主板,801140.SI,轻工制造,801141.SI,包装印刷,包装印刷,L,20100318,6033,16.52,3.24,1.887,9.677,False,True,True,0,0,0,0,True,
002375.SZ,002375,002375,亚厦股份,主板,深市,主板,801720.SI,建筑装饰,801722.SI,装修装饰Ⅱ,装修装饰Ⅱ,L,20100323,6028,16.5,3.95,3.675,16.667,False,True,True,0,0,0,0,True,
002376.SZ,002376,002376,新北洋,主板,深市,主板,801750.SI,计算机,801101.SI,计算机设备,计算机设备,L,20100323,6028,16.5,6.73,-1.32,6.061,False,True,True,0,0,0,0,True,
002377.SZ,002377,002377,国创高新,主板,深市,主板,801960.SI,石油石化,801963.SI,炼化及贸易,炼化及贸易,L,20100323,6028,16.5,2.99,-1.967,6.452,False,True,True,0,0,0,0,True,
002378.SZ,002378,002378,章源钨业,主板,深市,主板,801050.SI,有色金属,801054.SI,小金属,小金属,L,20100331,6020,16.48,23.19,-1.737,13.115,False,True,True,0,0,0,0,True,
002379.SZ,002379,002379,宏桥控股,主板,深市,主板,801050.SI,有色金属,801055.SI,工业金属,工业金属,L,20100331,6020,16.48,16.51,-3.45,11.957,False,True,True,0,0,0,0,True,
002380.SZ,002380,002380,科远智慧,主板,深市,主板,801750.SI,计算机,801103.SI,IT服务Ⅱ,IT服务Ⅱ,L,20100331,6020,16.48,27.46,-0.182,11.594,False,True,True,0,0,0,0,True,
002381.SZ,002381,002381,双箭股份,主板,深市,主板,801030.SI,基础化工,801037.SI,橡胶,橡胶,L,20100402,6018,16.48,5.57,-0.358,9.091,False,True,True,0,0,0,0,True,
002382.SZ,002382,002382,蓝帆医疗,主板,深市,主板,801150.SI,医药生物,801153.SI,医疗器械,医疗器械,L,20100402,6018,16.48,5.86,-1.678,6.897,False,True,True,0,0,0,0,True,
002383.SZ,002383,002383,合众思壮,主板,深市,主板,801740.SI,国防军工,801745.SI,军工电子Ⅱ,军工电子Ⅱ,L,20100402,6018,16.48,8.52,3.776,12.658,False,True,True,0,0,0,0,True,
002384.SZ,002384,002384,东山精密,主板,深市,主板,801080.SI,电子,801083.SI,元件,元件,L,20100409,6011,16.46,193.0,-2.584,7.895,False,True,True,0,0,0,0,True,
002385.SZ,002385,002385,大北农,主板,深市,主板,801010.SI,农林牧渔,801014.SI,饲料,饲料,L,20100409,6011,16.46,3.14,-1.875,12.121,False,True,True,0,0,0,0,True,
002386.SZ,002386,002386,天原股份,主板,深市,主板,801030.SI,基础化工,801033.SI,化学原料,化学原料,L,20100409,6011,16.46,6.03,-0.985,6.78,False,True,True,0,0,0,0,True,
002387.SZ,002387,002387,维信诺,主板,深市,主板,801080.SI,电子,801084.SI,光学光电子,光学光电子,L,20100413,6007,16.45,6.94,-0.857,25.0,False,True,True,0,0,0,0,True,
002388.SZ,002388,002388,新亚制程,主板,深市,主板,801080.SI,电子,801082.SI,其他电子Ⅱ,其他电子Ⅱ,L,20100413,6007,16.45,7.96,0.126,13.75,False,True,True,0,0,0,0,True,
002389.SZ,002389,002389,航天彩虹,主板,深市,主板,801740.SI,国防军工,801742.SI,航空装备Ⅱ,航空装备Ⅱ,L,20100413,6007,16.45,18.66,-1.478,7.368,False,True,True,0,0,0,0,True,
002390.SZ,002390,002390,信邦制药,主板,深市,主板,801150.SI,医药生物,801155.SI,中药Ⅱ,中药Ⅱ,L,20100416,6004,16.44,2.96,-1.987,13.333,False,True,True,0,0,0,0,True,
002391.SZ,002391,002391,长青股份,主板,深市,主板,801030.SI,基础化工,801038.SI,农化制品,农化制品,L,20100416,6004,16.44,5.14,-2.281,7.692,False,True,True,0,0,0,0,True,
002392.SZ,002392,002392,北京利尔,主板,深市,主板,801710.SI,建筑材料,801713.SI,装修建材,装修建材,L,20100423,5997,16.42,7.64,-1.036,14.286,False,True,True,0,0,0,0,True,
002393.SZ,002393,002393,力生制药,主板,深市,主板,801150.SI,医药生物,801151.SI,化学制药,化学制药,L,20100423,5997,16.42,13.93,-0.571,18.056,False,True,True,0,0,0,0,True,
002394.SZ,002394,002394,联发股份,主板,深市,主板,801130.SI,纺织服饰,801131.SI,纺织制造,纺织制造,L,20100423,5997,16.42,10.33,-0.768,16.505,False,True,True,0,0,0,0,True,
002395.SZ,002395,002395,双象股份,主板,深市,主板,801030.SI,基础化工,801036.SI,塑料,塑料,L,20100429,5991,16.4,12.77,1.028,9.524,False,True,True,0,0,0,0,True,
002396.SZ,002396,002396,星网锐捷,主板,深市,主板,801770.SI,通信,801102.SI,通信设备,通信设备,L,20100623,5936,16.25,36.52,-3.181,5.026,False,True,True,0,0,0,0,True,
002397.SZ,002397,002397,梦洁股份,主板,深市,主板,801130.SI,纺织服饰,801132.SI,服装家纺,服装家纺,L,20100429,5991,16.4,3.61,-1.096,8.108,False,True,True,0,0,0,0,True,
002398.SZ,002398,002398,垒知集团,主板,深市,主板,801710.SI,建筑材料,801713.SI,装修建材,装修建材,L,20100506,5984,16.38,4.2,-0.709,7.317,False,True,True,0,0,0,0,True,
002399.SZ,002399,002399,海普瑞,主板,深市,主板,801150.SI,医药生物,801151.SI,化学制药,化学制药,L,20100506,5984,16.38,9.73,-0.205,23.077,False,True,True,0,0,0,0,True,
002400.SZ,002400,002400,省广集团,主板,深市,主板,801760.SI,传媒,801765.SI,广告营销,广告营销,L,20100506,5984,16.38,6.53,-3.402,5.97,False,True,True,0,0,0,0,True,
002401.SZ,002401,002401,中远海科,主板,深市,主板,801750.SI,计算机,801103.SI,IT服务Ⅱ,IT服务Ⅱ,L,20100506,5984,16.38,12.11,-1.384,9.836,False,True,True,0,0,0,0,True,
002402.SZ,002402,002402,和而泰,主板,深市,主板,801080.SI,电子,801085.SI,消费电子,消费电子,L,20100511,5979,16.37,18.72,-1.266,12.903,False,True,True,0,0,0,0,True,
002403.SZ,002403,002403,爱仕达,主板,深市,主板,801110.SI,家用电器,801113.SI,小家电,小家电,L,20100511,5979,16.37,10.1,-2.697,19.0,False,True,True,0,0,0,0,True,
002404.SZ,002404,002404,嘉欣丝绸,主板,深市,主板,801130.SI,纺织服饰,801132.SI,服装家纺,服装家纺,L,20100511,5979,16.37,5.81,-1.692,5.172,False,True,True,0,0,0,0,True,
002405.SZ,002405,002405,四维图新,主板,深市,主板,801750.SI,计算机,801104.SI,软件开发,软件开发,L,20100518,5972,16.35,6.04,-1.629,12.5,False,True,True,0,0,0,0,True,
002406.SZ,002406,002406,远东传动,主板,深市,主板,801880.SI,汽车,801093.SI,汽车零部件,汽车零部件,L,20100518,5972,16.35,6.4,-0.621,7.463,False,True,True,0,0,0,0,True,
002407.SZ,002407,002407,多氟多,主板,深市,主板,801030.SI,基础化工,801034.SI,化学制品,化学制品,L,20100518,5972,16.35,32.09,-1.715,6.098,False,True,True,0,0,0,0,True,
002408.SZ,002408,002408,齐翔腾达,主板,深市,主板,801960.SI,石油石化,801963.SI,炼化及贸易,炼化及贸易,L,20100518,5972,16.35,5.37,0.0,15.094,False,True,True,0,0,0,0,True,
002409.SZ,002409,002409,雅克科技,主板,深市,主板,801080.SI,电子,801081.SI,半导体,半导体,L,20100525,5965,16.33,137.28,1.314,6.14,False,True,True,0,0,0,0,True,
002410.SZ,002410,002410,广联达,主板,深市,主板,801750.SI,计算机,801104.SI,软件开发,软件开发,L,20100525,5965,16.33,8.46,-1.856,13.636,False,True,True,0,0,0,0,True,
002412.SZ,002412,002412,汉森制药,主板,深市,主板,801150.SI,医药生物,801155.SI,中药Ⅱ,中药Ⅱ,L,20100525,5965,16.33,9.41,-2.99,9.574,False,True,True,0,0,0,0,True,
002413.SZ,002413,002413,雷科防务,主板,深市,主板,801740.SI,国防军工,801745.SI,军工电子Ⅱ,军工电子Ⅱ,L,20100528,5962,16.32,8.15,-1.807,6.098,False,True,True,0,0,0,0,True,
002414.SZ,002414,002414,高德红外,主板,深市,主板,801740.SI,国防军工,801745.SI,军工电子Ⅱ,军工电子Ⅱ,L,20100716,5913,16.19,12.02,-1.717,12.5,False,True,True,0,0,0,0,True,
002415.SZ,002415,002415,海康威视,主板,深市,主板,801750.SI,计算机,801101.SI,计算机设备,计算机设备,L,20100528,5962,16.32,33.11,-0.211,16.071,False,True,True,0,0,0,0,True,
002416.SZ,002416,002416,爱施德,主板,深市,主板,801200.SI,商贸零售,801204.SI,专业连锁Ⅱ,专业连锁Ⅱ,L,20100528,5962,16.32,9.01,-2.384,11.579,False,True,True,0,0,0,0,True,
002418.SZ,002418,002418,康盛股份,主板,深市,主板,801110.SI,家用电器,801116.SI,家电零部件Ⅱ,家电零部件Ⅱ,L,20100601,5958,16.31,4.54,-3.198,8.511,False,True,True,0,0,0,0,True,
002419.SZ,002419,002419,天虹股份,主板,深市,主板,801200.SI,商贸零售,801203.SI,一般零售,一般零售,L,20100601,5958,16.31,4.57,-1.931,10.87,False,True,True,0,0,0,0,True,
002420.SZ,002420,002420,毅昌科技,主板,深市,主板,801110.SI,家用电器,801116.SI,家电零部件Ⅱ,家电零部件Ⅱ,L,20100601,5958,16.31,6.11,-0.489,11.864,False,True,True,0,0,0,0,True,
002421.SZ,002421,002421,达实智能,主板,深市,主板,801750.SI,计算机,801103.SI,IT服务Ⅱ,IT服务Ⅱ,L,20100603,5956,16.31,3.16,-3.659,9.375,False,True,True,0,0,0,0,True,
002422.SZ,002422,002422,科伦药业,主板,深市,主板,801150.SI,医药生物,801151.SI,化学制药,化学制药,L,20100603,5956,16.31,41.7,-0.714,15.094,False,True,True,0,0,0,0,True,
002423.SZ,002423,002423,中粮资本,主板,深市,主板,801790.SI,非银金融,801191.SI,多元金融,多元金融,L,20100603,5956,16.31,9.23,-1.283,20.0,False,True,True,0,0,0,0,True,
002424.SZ,002424,002424,ST百灵,主板,深市,主板,801150.SI,医药生物,801155.SI,中药Ⅱ,中药Ⅱ,L,20100603,5956,16.31,4.44,-1.77,10.87,True,True,True,0,0,0,0,False,ST
002425.SZ,002425,002425,凯撒文化,主板,深市,主板,801760.SI,传媒,801764.SI,游戏Ⅱ,游戏Ⅱ,L,20100608,5951,16.29,3.05,-4.389,9.375,False,True,True,0,0,0,0,True,
002426.SZ,002426,002426,胜利精密,主板,深市,主板,801080.SI,电子,801085.SI,消费电子,消费电子,L,20100608,5951,16.29,2.96,10.037,11.111,False,True,True,0,0,0,0,True,
002427.SZ,002427,002427,尤夫股份,主板,深市,主板,801030.SI,基础化工,801032.SI,化学纤维,化学纤维,L,20100608,5951,16.29,4.56,-2.146,12.5,False,True,True,0,0,0,0,True,
002428.SZ,002428,002428,云南锗业,主板,深市,主板,801050.SI,有色金属,801054.SI,小金属,小金属,L,20100608,5951,16.29,94.39,-0.369,5.983,False,True,True,0,0,0,0,True,
002429.SZ,002429,002429,兆驰股份,主板,深市,主板,801110.SI,家用电器,801112.SI,黑色家电,黑色家电,L,20100610,5949,16.29,8.24,-0.121,35.366,False,True,True,0,0,0,0,True,
002430.SZ,002430,002430,杭氧股份,主板,深市,主板,801030.SI,基础化工,801034.SI,化学制品,化学制品,L,20100610,5949,16.29,25.35,-0.977,15.385,False,True,True,0,0,0,0,True,
002431.SZ,002431,002431,ST棕榈,主板,深市,主板,801720.SI,建筑装饰,801723.SI,基础建设,基础建设,L,20100610,5949,16.29,1.33,-0.746,15.385,True,True,True,0,0,0,0,False,ST
002432.SZ,002432,002432,九安医疗,主板,深市,主板,801150.SI,医药生物,801153.SI,医疗器械,医疗器械,L,20100610,5949,16.29,63.33,-1.585,13.889,False,True,True,0,0,0,0,True,
002434.SZ,002434,002434,万里扬,主板,深市,主板,801880.SI,汽车,801093.SI,汽车零部件,汽车零部件,L,20100618,5941,16.27,6.19,-0.642,18.644,False,True,True,0,0,0,0,True,
002436.SZ,002436,002436,兴森科技,主板,深市,主板,801080.SI,电子,801083.SI,元件,元件,L,20100618,5941,16.27,45.9,3.776,15.741,False,True,True,0,0,0,0,True,
002437.SZ,002437,002437,誉衡药业,主板,深市,主板,801150.SI,医药生物,801151.SI,化学制药,化学制药,L,20100623,5936,16.25,3.64,-3.704,8.108,False,True,True,0,0,0,0,True,
002438.SZ,002438,002438,江苏神通,主板,深市,主板,801890.SI,机械设备,801072.SI,通用设备,通用设备,L,20100623,5936,16.25,13.8,0.803,9.353,False,True,True,0,0,0,0,True,
002439.SZ,002439,002439,启明星辰,主板,深市,主板,801750.SI,计算机,801104.SI,软件开发,软件开发,L,20100623,5936,16.25,14.47,-1.498,8.571,False,True,True,0,0,0,0,True,
002440.SZ,002440,002440,闰土股份,主板,深市,主板,801030.SI,基础化工,801034.SI,化学制品,化学制品,L,20100706,5923,16.22,13.06,0.927,13.492,False,True,True,0,0,0,0,True,
002441.SZ,002441,002441,众业达,主板,深市,主板,801730.SI,电力设备,801738.SI,电网设备,电网设备,L,20100706,5923,16.22,8.18,-0.244,8.75,False,True,True,0,0,0,0,True,
002442.SZ,002442,002442,龙星科技,主板,深市,主板,801030.SI,基础化工,801037.SI,橡胶,橡胶,L,20100706,5923,16.22,5.56,-4.957,7.143,False,True,True,0,0,0,0,True,
002443.SZ,002443,002443,金洲管道,主板,深市,主板,801040.SI,钢铁,801045.SI,特钢Ⅱ,特钢Ⅱ,L,20100706,5923,16.22,13.37,-3.396,20.313,False,True,True,0,0,0,0,True,
002444.SZ,002444,002444,巨星科技,主板,深市,主板,801890.SI,机械设备,801072.SI,通用设备,通用设备,L,20100713,5916,16.2,28.0,-0.356,12.0,False,True,True,0,0,0,0,True,
002445.SZ,002445,002445,中南文化,主板,深市,主板,801890.SI,机械设备,801072.SI,通用设备,通用设备,L,20100713,5916,16.2,3.11,-1.893,15.625,False,True,True,0,6,6,6,False,近60日停牌
002446.SZ,002446,002446,盛路通信,主板,深市,主板,801740.SI,国防军工,801745.SI,军工电子Ⅱ,军工电子Ⅱ,L,20100713,5916,16.2,8.07,-2.771,7.229,False,True,True,0,0,0,0,True,
002448.SZ,002448,002448,中原内配,主板,深市,主板,801880.SI,汽车,801093.SI,汽车零部件,汽车零部件,L,20100716,5913,16.19,11.11,-1.332,10.084,False,True,True,0,0,0,0,True,
002449.SZ,002449,002449,国星光电,主板,深市,主板,801080.SI,电子,801084.SI,光学光电子,光学光电子,L,20100716,5913,16.19,6.69,0.3,6.154,False,True,True,0,0,0,0,True,
002451.SZ,002451,002451,摩恩电气,主板,深市,主板,801730.SI,电力设备,801738.SI,电网设备,电网设备,L,20100720,5909,16.18,7.49,-2.979,7.792,False,True,True,0,0,0,0,True,
002452.SZ,002452,002452,长高电气,主板,深市,主板,801730.SI,电力设备,801738.SI,电网设备,电网设备,L,20100720,5909,16.18,11.82,-2.716,7.692,False,True,True,0,0,0,0,True,
002453.SZ,002453,002453,华软科技,主板,深市,主板,801030.SI,基础化工,801034.SI,化学制品,化学制品,L,20100720,5909,16.18,5.1,-3.955,22.642,False,True,True,0,0,0,0,True,
002454.SZ,002454,002454,松芝股份,主板,深市,主板,801880.SI,汽车,801093.SI,汽车零部件,汽车零部件,L,20100720,5909,16.18,5.13,0.984,18.0,False,True,True,0,0,0,0,True,
002455.SZ,002455,002455,百川股份,主板,深市,主板,801030.SI,基础化工,801034.SI,化学制品,化学制品,L,20100803,5895,16.14,6.9,-1.849,12.162,False,True,True,0,0,0,0,True,
002456.SZ,002456,002456,欧菲光,主板,深市,主板,801080.SI,电子,801084.SI,光学光电子,光学光电子,L,20100803,5895,16.14,6.85,-1.581,13.889,False,True,True,0,0,0,0,True,
002457.SZ,002457,002457,青龙管业,主板,深市,主板,801710.SI,建筑材料,801713.SI,装修建材,装修建材,L,20100803,5895,16.14,11.3,-1.825,9.483,False,True,True,0,0,0,0,True,
002458.SZ,002458,002458,益生股份,主板,深市,主板,801010.SI,农林牧渔,801017.SI,养殖业,养殖业,L,20100810,5888,16.12,8.21,-1.677,10.112,False,True,True,0,0,0,0,True,
002459.SZ,002459,002459,晶澳科技,主板,深市,主板,801730.SI,电力设备,801735.SI,光伏设备,光伏设备,L,20100810,5888,16.12,6.88,-0.578,27.778,False,True,True,0,0,0,0,True,
002460.SZ,002460,002460,赣锋锂业,主板,深市,主板,801050.SI,有色金属,801056.SI,能源金属,能源金属,L,20100810,5888,16.12,45.53,-1.854,18.182,False,True,True,0,0,0,0,True,
002461.SZ,002461,002461,珠江啤酒,主板,深市,主板,801120.SI,食品饮料,801126.SI,非白酒,非白酒,L,20100818,5880,16.1,8.38,-0.475,18.681,False,True,True,0,0,0,0,True,
002462.SZ,002462,002462,嘉事堂,主板,深市,主板,801150.SI,医药生物,801154.SI,医药商业,医药商业,L,20100818,5880,16.1,12.31,-0.726,12.295,False,True,True,0,0,0,0,True,
002463.SZ,002463,002463,沪电股份,主板,深市,主板,801080.SI,电子,801083.SI,元件,元件,L,20100818,5880,16.1,128.1,2.365,9.677,False,True,True,0,0,0,0,True,
002465.SZ,002465,002465,海格通信,主板,深市,主板,801740.SI,国防军工,801745.SI,军工电子Ⅱ,军工电子Ⅱ,L,20100831,5867,16.06,10.21,-0.97,7.843,False,True,True,0,0,0,0,True,
002466.SZ,002466,002466,天齐锂业,主板,深市,主板,801050.SI,有色金属,801056.SI,能源金属,能源金属,L,20100831,5867,16.06,42.42,-1.623,15.517,False,True,True,0,0,0,0,True,
002467.SZ,002467,002467,二六三,主板,深市,主板,801770.SI,通信,801223.SI,通信服务,通信服务,L,20100908,5859,16.04,4.86,-4.519,8.333,False,True,True,0,0,0,0,True,
002468.SZ,002468,002468,申通快递,主板,深市,主板,801170.SI,交通运输,801178.SI,物流,物流,L,20100908,5859,16.04,14.77,-0.539,13.889,False,True,True,0,0,0,0,True,
002469.SZ,002469,002469,三维化学,主板,深市,主板,801720.SI,建筑装饰,801724.SI,专业工程,专业工程,L,20100908,5859,16.04,6.12,-1.131,12.698,False,True,True,0,0,0,0,True,
002470.SZ,002470,002470,金正大,主板,深市,主板,801030.SI,基础化工,801038.SI,农化制品,农化制品,L,20100908,5859,16.04,2.04,-4.225,19.048,False,True,True,0,0,0,0,True,
002471.SZ,002471,002471,中超控股,主板,深市,主板,801730.SI,电力设备,801738.SI,电网设备,电网设备,L,20100910,5857,16.04,5.41,-5.913,8.772,False,True,True,0,0,0,0,True,
002472.SZ,002472,002472,双环传动,主板,深市,主板,801880.SI,汽车,801093.SI,汽车零部件,汽车零部件,L,20100910,5857,16.04,37.58,-0.45,8.108,False,True,True,0,0,0,0,True,
002474.SZ,002474,002474,榕基软件,主板,深市,主板,801750.SI,计算机,801103.SI,IT服务Ⅱ,IT服务Ⅱ,L,20100915,5852,16.02,6.38,-2.595,6.25,False,True,True,0,0,0,0,True,
002475.SZ,002475,002475,立讯精密,主板,深市,主板,801080.SI,电子,801085.SI,消费电子,消费电子,L,20100915,5852,16.02,54.37,-0.857,17.143,False,True,True,0,0,0,0,True,
002476.SZ,002476,002476,新叶股份,主板,深市,主板,801960.SI,石油石化,801963.SI,炼化及贸易,炼化及贸易,L,20100915,5852,16.02,4.99,0.201,14.0,False,True,True,0,0,0,0,True,
002478.SZ,002478,002478,常宝股份,主板,深市,主板,801040.SI,钢铁,801045.SI,特钢Ⅱ,特钢Ⅱ,L,20100921,5846,16.01,6.47,-0.154,10.294,False,True,True,0,0,0,0,True,
002479.SZ,002479,002479,富春环保,主板,深市,主板,801160.SI,公用事业,801161.SI,电力,电力,L,20100921,5846,16.01,5.89,-1.008,12.069,False,True,True,0,0,0,0,True,
002480.SZ,002480,002480,新筑股份,主板,深市,主板,801160.SI,公用事业,801161.SI,电力,电力,L,20100921,5846,16.01,5.38,1.894,14.815,False,True,True,0,0,0,0,True,
002481.SZ,002481,002481,双塔食品,主板,深市,主板,801010.SI,农林牧渔,801012.SI,农产品加工,农产品加工,L,20100921,5846,16.01,4.24,-0.703,11.628,False,True,True,0,0,0,0,True,
002482.SZ,002482,002482,广田集团,主板,深市,主板,801720.SI,建筑装饰,801722.SI,装修装饰Ⅱ,装修装饰Ⅱ,L,20100929,5838,15.98,1.37,-0.725,15.385,False,True,True,0,0,0,0,True,
002483.SZ,002483,002483,润邦股份,主板,深市,主板,801890.SI,机械设备,801074.SI,专用设备,专用设备,L,20100929,5838,15.98,6.15,-2.997,16.393,False,True,True,0,0,0,0,True,
002484.SZ,002484,002484,江海股份,主板,深市,主板,801080.SI,电子,801083.SI,元件,元件,L,20100929,5838,15.98,59.85,-1.853,5.814,False,True,True,0,0,0,0,True,
002485.SZ,002485,002485,ST雪发,主板,深市,主板,801170.SI,交通运输,801178.SI,物流,物流,L,20101015,5822,15.94,5.96,-0.334,22.642,True,True,True,0,0,0,0,False,ST
002486.SZ,002486,002486,嘉麟杰,主板,深市,主板,801130.SI,纺织服饰,801132.SI,服装家纺,服装家纺,L,20101015,5822,15.94,2.72,-2.158,14.286,False,True,True,0,0,0,0,True,
002487.SZ,002487,002487,大金重工,主板,深市,主板,801730.SI,电力设备,801736.SI,风电设备,风电设备,L,20101015,5822,15.94,37.89,-0.499,9.302,False,True,True,0,0,0,0,True,
002488.SZ,002488,002488,金固股份,主板,深市,主板,801880.SI,汽车,801093.SI,汽车零部件,汽车零部件,L,20101021,5816,15.92,7.51,-1.444,17.073,False,True,True,0,0,0,0,True,
002489.SZ,002489,002489,浙江永强,主板,深市,主板,801140.SI,轻工制造,801142.SI,家居用品,家居用品,L,20101021,5816,15.92,3.04,-1.299,17.857,False,True,True,0,0,0,0,True,
002490.SZ,002490,002490,山东墨龙,主板,深市,主板,801890.SI,机械设备,801074.SI,专用设备,专用设备,L,20101021,5816,15.92,7.13,-2.993,12.0,False,True,True,0,0,0,0,True,
002491.SZ,002491,002491,通鼎互联,主板,深市,主板,801770.SI,通信,801102.SI,通信设备,通信设备,L,20101021,5816,15.92,24.28,1.04,4.979,False,True,True,0,0,0,0,True,
002492.SZ,002492,002492,恒基达鑫,主板,深市,主板,801170.SI,交通运输,801178.SI,物流,物流,L,20101102,5804,15.89,6.3,-1.409,13.559,False,True,True,0,0,0,0,True,
002493.SZ,002493,002493,荣盛石化,主板,深市,主板,801960.SI,石油石化,801963.SI,炼化及贸易,炼化及贸易,L,20101102,5804,15.89,13.55,3.199,26.19,False,True,True,0,0,0,0,True,
002494.SZ,002494,002494,华斯股份,主板,深市,主板,801130.SI,纺织服饰,801132.SI,服装家纺,服装家纺,L,20101102,5804,15.89,4.81,-1.837,6.25,False,True,True,0,0,0,0,True,
002495.SZ,002495,002495,佳隆股份,主板,深市,主板,801120.SI,食品饮料,801129.SI,调味发酵品Ⅱ,调味发酵品Ⅱ,L,20101102,5804,15.89,2.42,-0.82,4.167,False,True,True,0,0,0,0,True,
002496.SZ,002496,002496,辉丰股份,主板,深市,主板,801030.SI,基础化工,801038.SI,农化制品,农化制品,L,20101109,5797,15.87,2.1,-1.869,9.524,False,True,True,0,0,0,2,True,
002497.SZ,002497,002497,雅化集团,主板,深市,主板,801030.SI,基础化工,801034.SI,化学制品,化学制品,L,20101109,5797,15.87,16.38,-2.209,15.0,False,True,True,0,0,0,0,True,
002498.SZ,002498,002498,汉缆股份,主板,深市,主板,801730.SI,电力设备,801738.SI,电网设备,电网设备,L,20101109,5797,15.87,6.27,-3.538,8.955,False,True,True,0,0,0,0,True,
002500.SZ,002500,002500,山西证券,主板,深市,主板,801790.SI,非银金融,801193.SI,证券Ⅱ,证券Ⅱ,L,20101115,5791,15.85,5.25,-0.568,11.111,False,True,True,0,0,0,0,True,
002501.SZ,002501,002501,*ST利源,主板,深市,主板,801050.SI,有色金属,801055.SI,工业金属,工业金属,L,20101117,5789,15.85,1.31,0.0,33.333,True,True,True,0,0,0,0,False,ST
002506.SZ,002506,002506,协鑫集成,主板,深市,主板,801730.SI,电力设备,801735.SI,光伏设备,光伏设备,L,20101118,5788,15.85,2.42,-2.811,12.0,False,True,True,0,0,0,0,True,
002507.SZ,002507,002507,涪陵榨菜,主板,深市,主板,801120.SI,食品饮料,801129.SI,调味发酵品Ⅱ,调味发酵品Ⅱ,L,20101123,5783,15.83,11.18,0.359,10.714,False,True,True,0,0,0,0,True,
002508.SZ,002508,002508,老板电器,主板,深市,主板,801110.SI,家用电器,801114.SI,厨卫电器,厨卫电器,L,20101123,5783,15.83,16.48,-1.14,19.512,False,True,True,0,0,0,0,True,
002510.SZ,002510,002510,天汽模,主板,深市,主板,801880.SI,汽车,801093.SI,汽车零部件,汽车零部件,L,20101125,5781,15.83,5.67,-2.241,7.018,False,True,True,0,0,0,0,True,
002511.SZ,002511,002511,中顺洁柔,主板,深市,主板,801980.SI,美容护理,801981.SI,个护用品,个护用品,L,20101125,5781,15.83,7.0,-0.99,16.667,False,True,True,0,0,0,0,True,
002512.SZ,002512,002512,ST达华,主板,深市,主板,801750.SI,计算机,801101.SI,计算机设备,计算机设备,L,20101203,5773,15.81,3.86,-3.741,12.5,True,True,True,0,0,0,0,False,ST
002513.SZ,002513,002513,蓝丰生化,主板,深市,主板,801030.SI,基础化工,801038.SI,农化制品,农化制品,L,20101203,5773,15.81,5.27,-1.862,9.434,False,True,True,0,0,0,0,True,
002514.SZ,002514,002514,*ST宝馨,主板,深市,主板,801890.SI,机械设备,801072.SI,通用设备,通用设备,L,20101203,5773,15.81,2.49,-4.231,11.538,True,True,True,0,0,0,0,False,ST
002515.SZ,002515,002515,金字火腿,主板,深市,主板,801120.SI,食品饮料,801124.SI,食品加工,食品加工,L,20101203,5773,15.81,7.7,-0.645,9.091,False,True,True,0,0,0,0,True,
002516.SZ,002516,002516,旷达科技,主板,深市,主板,801880.SI,汽车,801093.SI,汽车零部件,汽车零部件,L,20101207,5769,15.79,5.91,3.866,12.281,False,True,True,0,0,0,0,True,
002517.SZ,002517,002517,恺英网络,主板,深市,主板,801760.SI,传媒,801764.SI,游戏Ⅱ,游戏Ⅱ,L,20101207,5769,15.79,16.38,-3.019,7.018,False,True,True,0,0,0,0,True,
002518.SZ,002518,002518,科士达,主板,深市,主板,801730.SI,电力设备,801733.SI,其他电源设备Ⅱ,其他电源设备Ⅱ,L,20101207,5769,15.79,38.97,-0.485,14.754,False,True,True,0,0,0,0,True,
002519.SZ,002519,002519,银河电子,主板,深市,主板,801740.SI,国防军工,801743.SI,地面兵装Ⅱ,地面兵装Ⅱ,L,20101207,5769,15.79,5.77,-3.673,8.333,False,True,True,0,0,0,0,True,
002520.SZ,002520,002520,日发精机,主板,深市,主板,801890.SI,机械设备,801072.SI,通用设备,通用设备,L,20101210,5766,15.79,6.25,-2.038,6.452,False,True,True,0,0,0,0,True,
002521.SZ,002521,002521,齐峰新材,主板,深市,主板,801140.SI,轻工制造,801143.SI,造纸,造纸,L,20101210,5766,15.79,6.27,-1.415,13.433,False,True,True,0,0,0,0,True,
002522.SZ,002522,002522,浙江众成,主板,深市,主板,801030.SI,基础化工,801036.SI,塑料,塑料,L,20101210,5766,15.79,5.76,-3.193,13.559,False,True,True,0,0,0,0,True,
002523.SZ,002523,002523,天桥起重,主板,深市,主板,801890.SI,机械设备,801074.SI,专用设备,专用设备,L,20101210,5766,15.79,3.38,0.0,11.765,False,True,True,0,0,0,0,True,
002524.SZ,002524,002524,光正眼科,主板,深市,主板,801150.SI,医药生物,801156.SI,医疗服务,医疗服务,L,20101217,5759,15.77,4.02,-1.712,7.5,False,True,True,0,0,0,0,True,
002526.SZ,002526,002526,山东矿机,主板,深市,主板,801890.SI,机械设备,801074.SI,专用设备,专用设备,L,20101217,5759,15.77,2.6,-1.141,7.692,False,True,True,0,0,0,0,True,
002527.SZ,002527,002527,新时达,主板,深市,主板,801890.SI,机械设备,801074.SI,专用设备,专用设备,L,20101224,5752,15.75,10.7,0.281,19.643,False,True,True,0,0,0,0,True,
002528.SZ,002528,002528,*ST英飞,主板,深市,主板,801750.SI,计算机,801101.SI,计算机设备,计算机设备,L,20101224,5752,15.75,5.8,-3.655,35.385,True,True,True,0,0,0,0,False,ST
002529.SZ,002529,002529,海源复材,主板,深市,主板,801890.SI,机械设备,801074.SI,专用设备,专用设备,L,20101224,5752,15.75,6.55,-2.385,10.145,False,True,True,0,0,0,2,True,
002530.SZ,002530,002530,金财互联,主板,深市,主板,801890.SI,机械设备,801074.SI,专用设备,专用设备,L,20101231,5745,15.73,7.17,-1.646,8.219,False,True,True,0,0,0,0,True,
002531.SZ,002531,002531,天顺风能,主板,深市,主板,801730.SI,电力设备,801736.SI,风电设备,风电设备,L,20101231,5745,15.73,7.16,-2.452,13.158,False,True,True,0,0,0,0,True,
002532.SZ,002532,002532,天山铝业,主板,深市,主板,801050.SI,有色金属,801055.SI,工业金属,工业金属,L,20101231,5745,15.73,12.41,-1.82,9.302,False,True,True,0,0,0,0,True,
002533.SZ,002533,002533,金杯电工,主板,深市,主板,801730.SI,电力设备,801738.SI,电网设备,电网设备,L,20101231,5745,15.73,10.89,-0.092,8.85,False,True,True,0,0,0,0,True,
002534.SZ,002534,002534,西子洁能,主板,深市,主板,801730.SI,电力设备,801733.SI,其他电源设备Ⅱ,其他电源设备Ⅱ,L,20110110,5735,15.7,17.6,-0.283,20.37,False,True,True,0,0,0,0,True,
002535.SZ,002535,002535,林州重机,主板,深市,主板,801890.SI,机械设备,801074.SI,专用设备,专用设备,L,20110111,5734,15.7,2.38,-2.857,12.5,False,True,True,0,0,0,0,True,
002536.SZ,002536,002536,飞龙股份,主板,深市,主板,801880.SI,汽车,801093.SI,汽车零部件,汽车零部件,L,20110111,5734,15.7,52.27,0.23,6.481,False,True,True,0,0,0,0,True,
002537.SZ,002537,002537,海联金汇,主板,深市,主板,801880.SI,汽车,801093.SI,汽车零部件,汽车零部件,L,20110110,5735,15.7,5.7,-4.202,13.115,False,True,True,0,0,0,0,True,
002538.SZ,002538,002538,ST司特,主板,深市,主板,801030.SI,基础化工,801038.SI,农化制品,农化制品,L,20110118,5727,15.68,6.73,0.749,17.391,True,True,True,0,0,0,0,False,ST
002539.SZ,002539,002539,云图控股,主板,深市,主板,801030.SI,基础化工,801038.SI,农化制品,农化制品,L,20110118,5727,15.68,12.23,-0.407,13.6,False,True,True,0,0,0,0,True,
002540.SZ,002540,002540,亚太科技,主板,深市,主板,801050.SI,有色金属,801055.SI,工业金属,工业金属,L,20110118,5727,15.68,5.03,0.399,11.765,False,True,True,0,0,0,0,True,
002541.SZ,002541,002541,鸿路钢构,主板,深市,主板,801720.SI,建筑装饰,801724.SI,专业工程,专业工程,L,20110118,5727,15.68,19.69,10.0,12.245,False,True,True,0,0,0,0,True,
002542.SZ,002542,002542,*ST中岩,主板,深市,主板,801720.SI,建筑装饰,801724.SI,专业工程,专业工程,L,20110128,5717,15.65,1.66,0.0,23.529,True,True,True,0,0,0,0,False,ST
002543.SZ,002543,002543,万和电气,主板,深市,主板,801110.SI,家用电器,801114.SI,厨卫电器,厨卫电器,L,20110128,5717,15.65,7.36,1.798,10.959,False,True,True,0,0,0,0,True,
002544.SZ,002544,002544,普天科技,主板,深市,主板,801770.SI,通信,801223.SI,通信服务,通信服务,L,20110128,5717,15.65,15.86,-2.099,12.5,False,True,True,0,0,0,0,True,
002545.SZ,002545,002545,东方铁塔,主板,深市,主板,801030.SI,基础化工,801038.SI,农化制品,农化制品,L,20110211,5703,15.61,15.63,-0.951,15.517,False,True,True,0,0,0,0,True,
002546.SZ,002546,002546,新联电子,主板,深市,主板,801730.SI,电力设备,801738.SI,电网设备,电网设备,L,20110211,5703,15.61,7.46,-1.713,12.5,False,True,True,0,0,0,0,True,
002547.SZ,002547,002547,*ST春兴,主板,深市,主板,801880.SI,汽车,801093.SI,汽车零部件,汽车零部件,L,20110218,5696,15.59,2.36,-0.84,16.0,True,True,True,0,0,0,0,False,ST
002548.SZ,002548,002548,金新农,主板,深市,主板,801010.SI,农林牧渔,801014.SI,饲料,饲料,L,20110218,5696,15.59,3.93,-2.481,14.286,False,True,True,0,0,0,0,True,
002549.SZ,002549,002549,凯美特气,主板,深市,主板,801030.SI,基础化工,801034.SI,化学制品,化学制品,L,20110218,5696,15.59,13.3,-0.968,8.759,False,True,True,0,0,0,0,True,
002550.SZ,002550,002550,千红制药,主板,深市,主板,801150.SI,医药生物,801151.SI,化学制药,化学制药,L,20110218,5696,15.59,6.53,-0.305,8.955,False,True,True,0,0,0,0,True,
002551.SZ,002551,002551,尚荣医疗,主板,深市,主板,801150.SI,医药生物,801153.SI,医疗器械,医疗器械,L,20110225,5689,15.58,3.33,-2.059,12.5,False,True,True,0,0,0,0,True,
002552.SZ,002552,002552,宝鼎科技,主板,深市,主板,801890.SI,机械设备,801072.SI,通用设备,通用设备,L,20110225,5689,15.58,53.45,0.225,10.37,False,True,True,0,0,0,0,True,
002553.SZ,002553,002553,南方精工,主板,深市,主板,801880.SI,汽车,801093.SI,汽车零部件,汽车零部件,L,20110225,5689,15.58,15.47,-1.964,13.208,False,True,True,0,0,0,0,True,
002554.SZ,002554,002554,惠博普,主板,深市,主板,801960.SI,石油石化,801962.SI,油服工程,油服工程,L,20110225,5689,15.58,2.77,-1.773,10.345,False,True,True,0,0,0,0,True,
002555.SZ,002555,002555,三七互娱,主板,深市,主板,801760.SI,传媒,801764.SI,游戏Ⅱ,游戏Ⅱ,L,20110302,5684,15.56,17.39,-2.468,10.87,False,True,True,0,0,0,0,True,
002556.SZ,002556,002556,辉隆股份,主板,深市,主板,801010.SI,农林牧渔,801019.SI,农业综合Ⅱ,农业综合Ⅱ,L,20110302,5684,15.56,5.13,-0.388,13.462,False,True,True,0,0,0,0,True,
002557.SZ,002557,002557,洽洽食品,主板,深市,主板,801120.SI,食品饮料,801128.SI,休闲食品,休闲食品,L,20110302,5684,15.56,18.12,-0.33,12.5,False,True,True,0,0,0,0,True,
002558.SZ,002558,002558,巨人网络,主板,深市,主板,801760.SI,传媒,801764.SI,游戏Ⅱ,游戏Ⅱ,L,20110302,5684,15.56,23.6,-3.0,13.514,False,True,True,0,0,0,0,True,
002559.SZ,002559,002559,亚威股份,主板,深市,主板,801890.SI,机械设备,801072.SI,通用设备,通用设备,L,20110303,5683,15.56,9.17,0.659,4.396,False,True,True,0,0,0,0,True,
002560.SZ,002560,002560,通达股份,主板,深市,主板,801730.SI,电力设备,801738.SI,电网设备,电网设备,L,20110303,5683,15.56,6.98,-4.905,5.479,False,True,True,0,0,0,0,True,
002561.SZ,002561,002561,徐家汇,主板,深市,主板,801200.SI,商贸零售,801203.SI,一般零售,一般零售,L,20110303,5683,15.56,7.37,-1.602,13.514,False,True,True,0,0,0,0,True,
002562.SZ,002562,002562,兄弟科技,主板,深市,主板,801030.SI,基础化工,801034.SI,化学制品,化学制品,L,20110310,5676,15.54,4.98,1.014,6.122,False,True,True,0,0,0,0,True,
002563.SZ,002563,002563,森马服饰,主板,深市,主板,801130.SI,纺织服饰,801132.SI,服装家纺,服装家纺,L,20110311,5675,15.54,5.5,0.365,12.5,False,True,True,0,0,0,0,True,
002564.SZ,002564,002564,天沃科技,主板,深市,主板,801720.SI,建筑装饰,801724.SI,专业工程,专业工程,L,20110310,5676,15.54,5.49,0.734,20.755,False,True,True,0,0,0,0,True,
002565.SZ,002565,002565,顺灏股份,主板,深市,主板,801140.SI,轻工制造,801141.SI,包装印刷,包装印刷,L,20110318,5668,15.52,8.66,-4.626,7.955,False,True,True,0,0,0,0,True,
002566.SZ,002566,002566,益盛药业,主板,深市,主板,801150.SI,医药生物,801155.SI,中药Ⅱ,中药Ⅱ,L,20110318,5668,15.52,7.01,-1.821,5.714,False,True,True,0,0,0,0,True,
002567.SZ,002567,002567,唐人神,主板,深市,主板,801010.SI,农林牧渔,801014.SI,饲料,饲料,L,20110325,5661,15.5,3.67,-2.91,13.158,False,True,True,0,0,0,0,True,
002568.SZ,002568,002568,百润股份,主板,深市,主板,801120.SI,食品饮料,801126.SI,非白酒,非白酒,L,20110325,5661,15.5,18.63,1.859,11.538,False,True,True,0,0,0,0,True,
002569.SZ,002569,002569,*ST步森,主板,深市,主板,801130.SI,纺织服饰,801132.SI,服装家纺,服装家纺,L,20110412,5643,15.45,11.6,1.222,38.71,True,True,True,0,0,0,0,False,ST
002570.SZ,002570,002570,贝因美,主板,深市,主板,801120.SI,食品饮料,801127.SI,饮料乳品,饮料乳品,L,20110412,5643,15.45,4.4,-1.566,13.636,False,True,True,0,0,0,0,True,
002571.SZ,002571,002571,德力股份,主板,深市,主板,801140.SI,轻工制造,801142.SI,家居用品,家居用品,L,20110412,5643,15.45,11.02,-1.695,10.185,False,True,True,0,0,0,0,True,
002572.SZ,002572,002572,索菲亚,主板,深市,主板,801140.SI,轻工制造,801142.SI,家居用品,家居用品,L,20110412,5643,15.45,7.59,1.065,11.111,False,True,True,0,0,0,0,True,
002573.SZ,002573,002573,清新环境,主板,深市,主板,801970.SI,环保,801971.SI,环境治理,环境治理,L,20110422,5633,15.42,3.12,-0.952,18.75,False,True,True,0,0,0,0,True,
002574.SZ,002574,002574,明牌珠宝,主板,深市,主板,801130.SI,纺织服饰,801133.SI,饰品,饰品,L,20110422,5633,15.42,5.02,-1.761,13.725,False,True,True,0,0,0,0,True,
002575.SZ,002575,002575,群兴玩具,主板,深市,主板,801140.SI,轻工制造,801145.SI,文娱用品,文娱用品,L,20110422,5633,15.42,5.12,-5.009,7.547,False,True,True,0,0,0,0,True,
002576.SZ,002576,002576,通达动力,主板,深市,主板,801730.SI,电力设备,801731.SI,电机Ⅱ,电机Ⅱ,L,20110428,5627,15.41,14.41,-0.415,9.091,False,True,True,0,0,0,0,True,
002577.SZ,002577,002577,雷柏科技,主板,深市,主板,801750.SI,计算机,801101.SI,计算机设备,计算机设备,L,20110428,5627,15.41,22.3,-1.24,20.833,False,True,True,0,0,0,0,True,
002578.SZ,002578,002578,闽发铝业,主板,深市,主板,801050.SI,有色金属,801055.SI,工业金属,工业金属,L,20110428,5627,15.41,4.14,-1.429,9.756,False,True,True,0,0,0,0,True,
002579.SZ,002579,002579,中京电子,主板,深市,主板,801080.SI,电子,801083.SI,元件,元件,L,20110506,5619,15.38,18.6,-1.483,4.688,False,True,True,0,0,0,0,True,
002580.SZ,002580,002580,圣阳股份,主板,深市,主板,801730.SI,电力设备,801737.SI,电池,电池,L,20110506,5619,15.38,18.65,-2.865,5.67,False,True,True,0,0,0,0,True,
002581.SZ,002581,002581,*ST未名,主板,深市,主板,801150.SI,医药生物,801152.SI,生物制品,生物制品,L,20110520,5605,15.35,5.18,-3.896,18.868,True,True,True,0,0,0,0,False,ST
002582.SZ,002582,002582,好想你,主板,深市,主板,801120.SI,食品饮料,801128.SI,休闲食品,休闲食品,L,20110520,5605,15.35,9.62,-2.434,9.901,False,True,True,0,0,0,0,True,
002583.SZ,002583,002583,海能达,主板,深市,主板,801770.SI,通信,801102.SI,通信设备,通信设备,L,20110527,5598,15.33,8.02,-1.956,8.434,False,True,True,0,0,0,0,True,
002584.SZ,002584,002584,西陇科学,主板,深市,主板,801080.SI,电子,801086.SI,电子化学品Ⅱ,电子化学品Ⅱ,L,20110602,5592,15.31,9.02,-3.632,7.692,False,True,True,0,0,0,0,True,
002585.SZ,002585,002585,双星新材,主板,深市,主板,801030.SI,基础化工,801036.SI,塑料,塑料,L,20110602,5592,15.31,11.72,-1.513,5.0,False,True,True,0,0,0,0,True,
002586.SZ,002586,002586,围海股份,主板,深市,主板,801720.SI,建筑装饰,801723.SI,基础建设,基础建设,L,20110602,5592,15.31,3.77,1.072,24.39,False,True,True,2,2,2,2,False,近60日停牌
002587.SZ,002587,002587,奥拓电子,主板,深市,主板,801080.SI,电子,801084.SI,光学光电子,光学光电子,L,20110610,5584,15.29,5.24,-1.689,7.407,False,True,True,0,0,0,0,True,
002588.SZ,002588,002588,史丹利,主板,深市,主板,801030.SI,基础化工,801038.SI,农化制品,农化制品,L,20110610,5584,15.29,7.64,-1.292,12.195,False,True,True,0,0,0,0,True,
002589.SZ,002589,002589,瑞康医药,主板,深市,主板,801150.SI,医药生物,801154.SI,医药商业,医药商业,L,20110610,5584,15.29,3.38,-5.85,17.647,False,True,True,0,0,0,0,True,
002590.SZ,002590,002590,万安科技,主板,深市,主板,801880.SI,汽车,801093.SI,汽车零部件,汽车零部件,L,20110610,5584,15.29,9.62,-0.311,12.5,False,True,True,0,0,0,0,True,
002591.SZ,002591,002591,恒大高新,主板,深市,主板,801030.SI,基础化工,801034.SI,化学制品,化学制品,L,20110621,5573,15.26,6.34,-0.627,6.452,False,True,True,0,0,0,0,True,
002592.SZ,002592,002592,ST八菱,主板,深市,主板,801880.SI,汽车,801093.SI,汽车零部件,汽车零部件,L,20111111,5430,14.87,6.42,-0.465,25.0,True,True,True,0,0,0,0,False,ST
002593.SZ,002593,002593,日上集团,主板,深市,主板,801720.SI,建筑装饰,801724.SI,专业工程,专业工程,L,20110628,5566,15.24,4.53,-1.092,6.667,False,True,True,0,0,0,0,True,
002594.SZ,002594,002594,比亚迪,主板,深市,主板,801880.SI,汽车,801095.SI,乘用车,乘用车,L,20110630,5564,15.23,85.85,-0.843,13.043,False,True,True,0,0,0,0,True,
002595.SZ,002595,002595,豪迈科技,主板,深市,主板,801890.SI,机械设备,801074.SI,专用设备,专用设备,L,20110628,5566,15.24,39.77,0.151,42.308,False,True,True,0,0,0,0,True,
002596.SZ,002596,002596,海南瑞泽,主板,深市,主板,801710.SI,建筑材料,801711.SI,水泥,水泥,L,20110707,5557,15.21,3.19,-3.333,9.091,False,True,True,0,0,0,0,True,
002597.SZ,002597,002597,金禾实业,主板,深市,主板,801030.SI,基础化工,801034.SI,化学制品,化学制品,L,20110707,5557,15.21,21.99,-0.812,11.905,False,True,True,0,0,0,0,True,
002598.SZ,002598,002598,ST章鼓,主板,深市,主板,801890.SI,机械设备,801072.SI,通用设备,通用设备,L,20110707,5557,15.21,6.95,-1.418,13.636,True,True,True,0,0,0,0,False,ST
002599.SZ,002599,002599,盛通股份,主板,深市,主板,801140.SI,轻工制造,801141.SI,包装印刷,包装印刷,L,20110715,5549,15.19,5.64,0.894,10.345,False,True,True,0,0,0,0,True,
002600.SZ,002600,002600,领益智造,主板,深市,主板,801080.SI,电子,801085.SI,消费电子,消费电子,L,20110715,5549,15.19,12.37,-2.213,22.835,False,True,True,0,0,0,0,True,
002601.SZ,002601,002601,龙佰集团,主板,深市,主板,801030.SI,基础化工,801033.SI,化学原料,化学原料,L,20110715,5549,15.19,15.24,-0.066,12.5,False,True,True,0,0,0,0,True,
002602.SZ,002602,002602,世纪华通,主板,深市,主板,801760.SI,传媒,801764.SI,游戏Ⅱ,游戏Ⅱ,L,20110728,5536,15.16,14.34,-1.915,13.889,False,True,True,0,0,0,0,True,
002603.SZ,002603,002603,以岭药业,主板,深市,主板,801150.SI,医药生物,801155.SI,中药Ⅱ,中药Ⅱ,L,20110728,5536,15.16,15.46,-0.77,9.091,False,True,True,0,0,0,0,True,
002605.SZ,002605,002605,姚记科技,主板,深市,主板,801760.SI,传媒,801764.SI,游戏Ⅱ,游戏Ⅱ,L,20110805,5528,15.13,16.62,-1.54,11.628,False,True,True,0,0,0,0,True,
002606.SZ,002606,002606,大连电瓷,主板,深市,主板,801730.SI,电力设备,801738.SI,电网设备,电网设备,L,20110805,5528,15.13,12.3,-2.69,11.719,False,True,True,0,0,0,0,True,
002607.SZ,002607,002607,中公教育,主板,深市,主板,801210.SI,社会服务,801994.SI,教育,教育,L,20110810,5523,15.12,1.9,-2.564,20.0,False,True,True,0,0,0,0,True,
002608.SZ,002608,002608,江苏国信,主板,深市,主板,801160.SI,公用事业,801161.SI,电力,电力,L,20110810,5523,15.12,7.27,-0.411,28.0,False,True,True,0,0,0,0,True,
002609.SZ,002609,002609,捷顺科技,主板,深市,主板,801750.SI,计算机,801103.SI,IT服务Ⅱ,IT服务Ⅱ,L,20110815,5518,15.11,7.77,-0.893,8.0,False,True,True,0,0,0,0,True,
002611.SZ,002611,002611,东方精工,主板,深市,主板,801890.SI,机械设备,801074.SI,专用设备,专用设备,L,20110830,5503,15.07,14.38,3.379,13.514,False,True,True,0,0,0,0,True,
002612.SZ,002612,002612,朗姿股份,主板,深市,主板,801130.SI,纺织服饰,801132.SI,服装家纺,服装家纺,L,20110830,5503,15.07,17.23,-0.174,12.195,False,True,True,0,0,0,0,True,
002613.SZ,002613,002613,北玻股份,主板,深市,主板,801710.SI,建筑材料,801712.SI,玻璃玻纤,玻璃玻纤,L,20110830,5503,15.07,3.58,0.845,5.556,False,True,True,0,0,0,0,True,
002614.SZ,002614,002614,奥佳华,主板,深市,主板,801110.SI,家用电器,801117.SI,其他家电Ⅱ,其他家电Ⅱ,L,20110909,5493,15.04,7.57,10.029,26.027,False,True,True,0,0,0,0,True,
002615.SZ,002615,002615,哈尔斯,主板,深市,主板,801140.SI,轻工制造,801142.SI,家居用品,家居用品,L,20110909,5493,15.04,6.36,-0.78,7.692,False,True,True,0,0,0,0,True,
002616.SZ,002616,002616,长青集团,主板,深市,主板,801160.SI,公用事业,801161.SI,电力,电力,L,20110920,5482,15.01,4.79,-1.844,4.167,False,True,True,0,0,0,0,True,
002617.SZ,002617,002617,露笑科技,主板,深市,主板,801160.SI,公用事业,801161.SI,电力,电力,L,20110920,5482,15.01,6.95,0.144,10.145,False,True,True,0,0,0,0,True,
002620.SZ,002620,002620,*ST瑞和,主板,深市,主板,801720.SI,建筑装饰,801722.SI,装修装饰Ⅱ,装修装饰Ⅱ,L,20110929,5473,14.98,5.82,1.926,25.0,True,True,True,0,0,0,0,False,ST
002622.SZ,002622,002622,皓宸医疗,主板,深市,主板,801150.SI,医药生物,801156.SI,医疗服务,医疗服务,L,20111018,5454,14.93,2.47,-5.725,7.692,False,True,True,0,0,0,0,True,
002623.SZ,002623,002623,亚玛顿,主板,深市,主板,801730.SI,电力设备,801735.SI,光伏设备,光伏设备,L,20111013,5459,14.95,18.72,-3.206,19.149,False,True,True,0,0,0,0,True,
002624.SZ,002624,002624,完美世界,主板,深市,主板,801760.SI,传媒,801764.SI,游戏Ⅱ,游戏Ⅱ,L,20111028,5444,14.9,9.89,-1.199,13.889,False,True,True,0,0,0,0,True,
002625.SZ,002625,002625,光启技术,主板,深市,主板,801740.SI,国防军工,801742.SI,航空装备Ⅱ,航空装备Ⅱ,L,20111103,5438,14.89,26.57,-3.206,33.333,False,True,True,0,0,0,0,True,
002626.SZ,002626,002626,金达威,主板,深市,主板,801120.SI,食品饮料,801124.SI,食品加工,食品加工,L,20111028,5444,14.9,16.78,0.119,18.519,False,True,True,0,0,0,0,True,
002627.SZ,002627,002627,三峡旅游,主板,深市,主板,801210.SI,社会服务,801993.SI,旅游及景区,旅游及景区,L,20111103,5438,14.89,6.7,-0.594,13.043,False,True,True,0,0,0,0,True,
002628.SZ,002628,002628,成都路桥,主板,深市,主板,801720.SI,建筑装饰,801723.SI,基础建设,基础建设,L,20111103,5438,14.89,5.07,-2.312,7.692,False,True,True,0,0,0,0,True,
002629.SZ,002629,002629,仁智股份,主板,深市,主板,801960.SI,石油石化,801962.SI,油服工程,油服工程,L,20111103,5438,14.89,4.24,-2.752,13.636,False,True,True,0,0,0,2,True,
002630.SZ,002630,002630,*ST华西,主板,深市,主板,801730.SI,电力设备,801733.SI,其他电源设备Ⅱ,其他电源设备Ⅱ,L,20111111,5430,14.87,1.6,-2.439,11.765,True,True,True,0,0,0,0,False,ST
002631.SZ,002631,002631,德尔未来,主板,深市,主板,801140.SI,轻工制造,801142.SI,家居用品,家居用品,L,20111111,5430,14.87,13.6,-3.751,32.812,False,True,True,0,0,0,0,True,
002632.SZ,002632,002632,道明光学,主板,深市,主板,801030.SI,基础化工,801036.SI,塑料,塑料,L,20111122,5419,14.84,9.73,-0.816,8.511,False,True,True,0,0,0,0,True,
002633.SZ,002633,002633,申科股份,主板,深市,主板,801890.SI,机械设备,801072.SI,通用设备,通用设备,L,20111122,5419,14.84,15.87,9.979,15.068,False,True,True,0,0,0,0,True,
002634.SZ,002634,002634,*ST棒杰,主板,深市,主板,801130.SI,纺织服饰,801132.SI,服装家纺,服装家纺,L,20111205,5406,14.8,4.01,-2.906,14.286,True,True,True,0,0,0,0,False,ST
002635.SZ,002635,002635,安洁科技,主板,深市,主板,801080.SI,电子,801085.SI,消费电子,消费电子,L,20111125,5416,14.83,16.79,10.026,9.15,False,True,True,0,0,0,0,True,
002636.SZ,002636,002636,金安国纪,主板,深市,主板,801080.SI,电子,801083.SI,元件,元件,L,20111125,5416,14.83,87.15,1.835,10.989,False,True,True,0,0,0,0,True,
002637.SZ,002637,002637,赞宇科技,主板,深市,主板,801030.SI,基础化工,801034.SI,化学制品,化学制品,L,20111125,5416,14.83,10.95,-2.232,18.803,False,True,True,0,0,0,0,True,
002638.SZ,002638,002638,勤上股份,主板,深市,主板,801110.SI,家用电器,801115.SI,照明设备Ⅱ,照明设备Ⅱ,L,20111125,5416,14.83,4.74,9.977,16.279,False,True,True,0,0,0,0,True,
002639.SZ,002639,002639,雪人集团,主板,深市,主板,801890.SI,机械设备,801072.SI,通用设备,通用设备,L,20111205,5406,14.8,13.75,-2.135,6.429,False,True,True,0,0,0,0,True,
002640.SZ,002640,002640,跨境通,主板,深市,主板,801200.SI,商贸零售,801206.SI,互联网电商,互联网电商,L,20111208,5403,14.79,3.51,-6.4,11.111,False,True,True,0,0,0,0,True,
002641.SZ,002641,002641,公元股份,主板,深市,主板,801710.SI,建筑材料,801713.SI,装修建材,装修建材,L,20111208,5403,14.79,3.81,-0.781,10.0,False,True,True,0,0,0,0,True,
002642.SZ,002642,002642,荣联科技,主板,深市,主板,801750.SI,计算机,801103.SI,IT服务Ⅱ,IT服务Ⅱ,L,20111220,5391,14.76,6.89,-3.771,6.944,False,True,True,0,0,0,0,True,
002643.SZ,002643,002643,万润股份,主板,深市,主板,801080.SI,电子,801086.SI,电子化学品Ⅱ,电子化学品Ⅱ,L,20111220,5391,14.76,13.32,0.756,10.606,False,True,True,0,0,0,0,True,
002644.SZ,002644,002644,佛慈制药,主板,深市,主板,801150.SI,医药生物,801155.SI,中药Ⅱ,中药Ⅱ,L,20111222,5389,14.75,8.17,-2.506,11.905,False,True,True,0,0,0,0,True,
002645.SZ,002645,002645,华宏科技,主板,深市,主板,801970.SI,环保,801972.SI,环保设备Ⅱ,环保设备Ⅱ,L,20111220,5391,14.76,18.58,0.923,9.677,False,True,True,0,0,0,0,True,
002646.SZ,002646,002646,天佑德酒,主板,深市,主板,801120.SI,食品饮料,801125.SI,白酒Ⅱ,白酒Ⅱ,L,20111222,5389,14.75,7.34,3.966,11.429,False,True,True,0,0,0,0,True,
002647.SZ,002647,002647,仁东控股,主板,深市,主板,801790.SI,非银金融,801191.SI,多元金融,多元金融,L,20111228,5383,14.74,11.58,-1.781,9.649,False,True,True,0,0,0,0,True,
002648.SZ,002648,002648,卫星化学,主板,深市,主板,801030.SI,基础化工,801033.SI,化学原料,化学原料,L,20111228,5383,14.74,26.82,-0.519,14.773,False,True,True,0,0,0,0,True,
002649.SZ,002649,002649,博彦科技,主板,深市,主板,801750.SI,计算机,801103.SI,IT服务Ⅱ,IT服务Ⅱ,L,20120106,5374,14.71,9.31,-2.206,10.309,False,True,True,0,0,0,0,True,
002650.SZ,002650,002650,ST加加,主板,深市,主板,801120.SI,食品饮料,801129.SI,调味发酵品Ⅱ,调味发酵品Ⅱ,L,20120106,5374,14.71,7.27,6.287,27.692,True,True,True,0,0,0,0,False,ST
002651.SZ,002651,002651,利君股份,主板,深市,主板,801740.SI,国防军工,801742.SI,航空装备Ⅱ,航空装备Ⅱ,L,20120106,5374,14.71,8.12,-2.051,9.302,False,True,True,0,0,0,0,True,
002652.SZ,002652,002652,扬子新材,主板,深市,主板,801710.SI,建筑材料,801713.SI,装修建材,装修建材,L,20120119,5361,14.68,4.69,-2.899,14.894,False,True,True,0,0,0,0,True,
002653.SZ,002653,002653,海思科,主板,深市,主板,801150.SI,医药生物,801151.SI,化学制药,化学制药,L,20120117,5363,14.68,65.46,-1.282,13.253,False,True,True,0,0,0,0,True,
002654.SZ,002654,002654,万润科技,主板,深市,主板,801080.SI,电子,801084.SI,光学光电子,光学光电子,L,20120217,5332,14.6,13.76,-1.22,5.797,False,True,True,0,0,0,0,True,
002655.SZ,002655,002655,共达电声,主板,深市,主板,801080.SI,电子,801085.SI,消费电子,消费电子,L,20120217,5332,14.6,39.61,0.661,14.213,False,True,True,0,0,0,0,True,
002656.SZ,002656,002656,摩登大道,主板,深市,主板,801130.SI,纺织服饰,801132.SI,服装家纺,服装家纺,L,20120228,5321,14.57,2.77,-1.071,10.345,False,True,True,0,0,2,2,False,近60日停牌
002657.SZ,002657,002657,中科金财,主板,深市,主板,801750.SI,计算机,801103.SI,IT服务Ⅱ,IT服务Ⅱ,L,20120228,5321,14.57,15.27,-3.354,8.861,False,True,True,0,0,0,0,True,
002658.SZ,002658,002658,雪迪龙,主板,深市,主板,801970.SI,环保,801972.SI,环保设备Ⅱ,环保设备Ⅱ,L,20120309,5311,14.54,7.35,-0.676,7.895,False,True,True,0,0,0,0,True,
002659.SZ,002659,002659,凯文教育,主板,深市,主板,801210.SI,社会服务,801994.SI,教育,教育,L,20120309,5311,14.54,4.6,-2.128,13.333,False,True,True,0,0,0,0,True,
002660.SZ,002660,002660,茂硕电源,主板,深市,主板,801080.SI,电子,801085.SI,消费电子,消费电子,L,20120316,5304,14.52,7.9,-1.373,7.595,False,True,True,0,0,0,0,True,
002661.SZ,002661,002661,克明食品,主板,深市,主板,801120.SI,食品饮料,801124.SI,食品加工,食品加工,L,20120316,5304,14.52,7.59,-1.556,16.883,False,True,True,0,0,0,0,True,
002662.SZ,002662,002662,峰璟股份,主板,深市,主板,801880.SI,汽车,801093.SI,汽车零部件,汽车零部件,L,20120309,5311,14.54,3.1,-2.516,24.242,False,True,True,0,0,0,0,True,
002663.SZ,002663,002663,普邦股份,主板,深市,主板,801720.SI,建筑装饰,801723.SI,基础建设,基础建设,L,20120316,5304,14.52,1.69,-2.874,17.647,False,True,True,0,0,0,0,True,
002664.SZ,002664,002664,信质集团,主板,深市,主板,801880.SI,汽车,801093.SI,汽车零部件,汽车零部件,L,20120316,5304,14.52,14.88,-0.402,25.0,False,True,True,0,0,0,0,True,
002666.SZ,002666,002666,德联集团,主板,深市,主板,801030.SI,基础化工,801034.SI,化学制品,化学制品,L,20120327,5293,14.49,4.25,0.473,7.143,False,True,True,0,0,0,0,True,
002667.SZ,002667,002667,*ST威领,主板,深市,主板,801890.SI,机械设备,801074.SI,专用设备,专用设备,L,20120329,5291,14.49,22.09,5.998,19.608,True,True,True,0,0,0,0,False,ST
002668.SZ,002668,002668,TCL智家,主板,深市,主板,801110.SI,家用电器,801111.SI,白色家电,白色家电,L,20120416,5273,14.44,8.91,-1.11,17.021,False,True,True,0,0,0,0,True,
002669.SZ,002669,002669,康达新材,主板,深市,主板,801030.SI,基础化工,801034.SI,化学制品,化学制品,L,20120416,5273,14.44,14.52,3.788,5.634,False,True,True,0,0,0,0,True,
002670.SZ,002670,002670,国盛证券,主板,深市,主板,801790.SI,非银金融,801193.SI,证券Ⅱ,证券Ⅱ,L,20120416,5273,14.44,11.7,-1.266,13.333,False,True,True,0,0,0,0,True,
002671.SZ,002671,002671,龙泉股份,主板,深市,主板,801710.SI,建筑材料,801711.SI,水泥,水泥,L,20120426,5263,14.41,4.02,-0.495,5.0,False,True,True,0,0,0,0,True,
002672.SZ,002672,002672,东江环保,主板,深市,主板,801970.SI,环保,801971.SI,环境治理,环境治理,L,20120426,5263,14.41,3.89,-3.474,16.667,False,True,True,0,0,0,0,True,
002673.SZ,002673,002673,西部证券,主板,深市,主板,801790.SI,非银金融,801193.SI,证券Ⅱ,证券Ⅱ,L,20120503,5256,14.39,6.74,-0.882,22.727,False,True,True,0,0,0,0,True,
002674.SZ,002674,002674,兴业科技,主板,深市,主板,801130.SI,纺织服饰,801131.SI,纺织制造,纺织制造,L,20120507,5252,14.38,20.25,-1.937,32.353,False,True,True,0,0,0,0,True,
002675.SZ,002675,002675,东诚药业,主板,深市,主板,801150.SI,医药生物,801151.SI,化学制药,化学制药,L,20120525,5234,14.33,12.77,0.0,6.25,False,True,True,0,0,0,0,True,
002676.SZ,002676,002676,顺威股份,主板,深市,主板,801110.SI,家用电器,801116.SI,家电零部件Ⅱ,家电零部件Ⅱ,L,20120525,5234,14.33,5.3,-0.749,7.843,False,True,True,0,0,0,0,True,
002677.SZ,002677,002677,浙江美大,主板,深市,主板,801110.SI,家用电器,801114.SI,厨卫电器,厨卫电器,L,20120525,5234,14.33,6.3,1.613,18.182,False,True,True,0,0,6,6,False,近60日停牌
002678.SZ,002678,002678,珠江钢琴,主板,深市,主板,801140.SI,轻工制造,801145.SI,文娱用品,文娱用品,L,20120530,5229,14.32,4.43,-1.336,31.25,False,True,True,0,0,0,0,True,
002679.SZ,002679,002679,福建金森,主板,深市,主板,801010.SI,农林牧渔,801011.SI,林业Ⅱ,林业Ⅱ,L,20120605,5223,14.3,10.53,-3.923,5.556,False,True,True,0,0,0,0,True,
002681.SZ,002681,002681,奋达科技,主板,深市,主板,801080.SI,电子,801085.SI,消费电子,消费电子,L,20120605,5223,14.3,4.53,-3.412,13.043,False,True,True,0,0,0,0,True,
002682.SZ,002682,002682,龙洲股份,主板,深市,主板,801170.SI,交通运输,801178.SI,物流,物流,L,20120612,5216,14.28,4.84,-4.348,5.882,False,True,True,0,0,0,0,True,
002683.SZ,002683,002683,广东宏大,主板,深市,主板,801030.SI,基础化工,801034.SI,化学制品,化学制品,L,20120612,5216,14.28,28.6,0.421,12.5,False,True,True,0,0,0,0,True,
002685.SZ,002685,002685,华东重机,主板,深市,主板,801890.SI,机械设备,801077.SI,工程机械,工程机械,L,20120612,5216,14.28,5.52,-2.301,9.091,False,True,True,0,0,0,0,True,
002686.SZ,002686,002686,亿利达,主板,深市,主板,801890.SI,机械设备,801072.SI,通用设备,通用设备,L,20120703,5195,14.22,6.17,-1.908,12.121,False,True,True,0,0,0,0,True,
002687.SZ,002687,002687,乔治白,主板,深市,主板,801130.SI,纺织服饰,801132.SI,服装家纺,服装家纺,L,20120713,5185,14.2,5.57,-8.237,9.677,False,True,True,0,0,0,0,True,
002688.SZ,002688,002688,金河生物,主板,深市,主板,801010.SI,农林牧渔,801018.SI,动物保健Ⅱ,动物保健Ⅱ,L,20120713,5185,14.2,5.17,-1.711,9.615,False,True,True,0,0,0,0,True,
002689.SZ,002689,002689,ST远智,主板,深市,主板,801890.SI,机械设备,801074.SI,专用设备,专用设备,L,20120717,5181,14.18,2.93,-1.014,37.931,True,True,True,0,0,0,0,False,ST
002690.SZ,002690,002690,美亚光电,主板,深市,主板,801890.SI,机械设备,801074.SI,专用设备,专用设备,L,20120731,5167,14.15,16.03,2.822,8.974,False,True,True,0,0,0,0,True,
002691.SZ,002691,002691,*ST冀凯,主板,深市,主板,801890.SI,机械设备,801074.SI,专用设备,专用设备,L,20120731,5167,14.15,4.13,-1.432,27.5,True,True,True,0,0,0,0,False,ST
002692.SZ,002692,002692,远程股份,主板,深市,主板,801730.SI,电力设备,801738.SI,电网设备,电网设备,L,20120808,5159,14.12,4.27,-2.954,16.279,False,True,True,0,0,0,0,True,
002693.SZ,002693,002693,双成药业,主板,深市,主板,801150.SI,医药生物,801151.SI,化学制药,化学制药,L,20120808,5159,14.12,9.2,-2.232,8.602,False,True,True,0,0,0,2,True,
002694.SZ,002694,002694,*ST顾地,主板,深市,主板,801710.SI,建筑材料,801713.SI,装修建材,装修建材,L,20120816,5151,14.1,2.51,1.619,38.095,True,True,True,0,0,0,0,False,ST
002695.SZ,002695,002695,煌上煌,主板,深市,主板,801120.SI,食品饮料,801128.SI,休闲食品,休闲食品,L,20120905,5131,14.05,10.53,0.0,8.571,False,True,True,0,0,0,0,True,
002696.SZ,002696,002696,百洋股份,主板,深市,主板,801010.SI,农林牧渔,801014.SI,饲料,饲料,L,20120905,5131,14.05,6.59,-6.125,8.824,False,True,True,0,0,0,0,True,
002697.SZ,002697,002697,红旗连锁,主板,深市,主板,801200.SI,商贸零售,801203.SI,一般零售,一般零售,L,20120905,5131,14.05,4.66,-1.271,6.383,False,True,True,0,0,0,0,True,
002698.SZ,002698,002698,博实股份,主板,深市,主板,801890.SI,机械设备,801078.SI,自动化设备,自动化设备,L,20120911,5125,14.03,11.4,-0.783,17.073,False,True,True,0,0,0,0,True,
002700.SZ,002700,002700,万憬能源,主板,深市,主板,801160.SI,公用事业,801163.SI,燃气Ⅱ,燃气Ⅱ,L,20120921,5115,14.0,6.38,-0.932,12.698,False,True,True,0,0,0,0,True,
002701.SZ,002701,002701,奥瑞金,主板,深市,主板,801140.SI,轻工制造,801141.SI,包装印刷,包装印刷,L,20121011,5095,13.95,4.38,-0.455,12.766,False,True,True,0,0,0,0,True,
002702.SZ,002702,002702,海欣食品,主板,深市,主板,801120.SI,食品饮料,801124.SI,食品加工,食品加工,L,20121011,5095,13.95,5.45,-4.049,9.091,False,True,True,0,0,0,0,True,
002703.SZ,002703,002703,浙江世宝,主板,深市,主板,801880.SI,汽车,801093.SI,汽车零部件,汽车零部件,L,20121102,5073,13.89,15.2,-7.486,8.861,False,True,True,0,0,0,0,True,
002705.SZ,002705,002705,新宝股份,主板,深市,主板,801110.SI,家用电器,801113.SI,小家电,小家电,L,20140121,4628,12.67,11.68,-0.933,26.087,False,True,True,0,0,0,0,True,
002706.SZ,002706,002706,良信股份,主板,深市,主板,801730.SI,电力设备,801738.SI,电网设备,电网设备,L,20140121,4628,12.67,8.7,-1.024,13.043,False,True,True,0,0,0,0,True,
002707.SZ,002707,002707,众信旅游,主板,深市,主板,801210.SI,社会服务,801993.SI,旅游及景区,旅游及景区,L,20140123,4626,12.67,5.16,-0.386,17.647,False,True,True,0,0,0,0,True,
002708.SZ,002708,002708,光洋股份,主板,深市,主板,801880.SI,汽车,801093.SI,汽车零部件,汽车零部件,L,20140121,4628,12.67,17.21,1.774,5.325,False,True,True,0,0,0,0,True,
002709.SZ,002709,002709,天赐材料,主板,深市,主板,801730.SI,电力设备,801737.SI,电池,电池,L,20140123,4626,12.67,32.84,-1.411,16.279,False,True,True,0,0,0,0,True,
002712.SZ,002712,002712,思美传媒,主板,深市,主板,801760.SI,传媒,801765.SI,广告营销,广告营销,L,20140123,4626,12.67,4.98,-3.861,12.0,False,True,True,0,0,0,0,True,
002713.SZ,002713,002713,东易日盛,主板,深市,主板,801720.SI,建筑装饰,801722.SI,装修装饰Ⅱ,装修装饰Ⅱ,L,20140219,4599,12.59,10.73,-1.379,16.0,False,True,True,0,0,2,2,False,近60日停牌
002714.SZ,002714,002714,牧原股份,主板,深市,主板,801010.SI,农林牧渔,801017.SI,养殖业,养殖业,L,20140128,4621,12.65,41.4,-1.099,12.0,False,True,True,0,0,0,0,True,
002715.SZ,002715,002715,登云股份,主板,深市,主板,801880.SI,汽车,801093.SI,汽车零部件,汽车零部件,L,20140219,4599,12.59,13.09,-1.579,11.429,False,True,True,0,0,0,0,True,
002716.SZ,002716,002716,湖南白银,主板,深市,主板,801050.SI,有色金属,801053.SI,贵金属,贵金属,L,20140128,4621,12.65,9.56,-0.624,12.245,False,True,True,0,0,0,0,True,
002717.SZ,002717,002717,*ST岭南,主板,深市,主板,801720.SI,建筑装饰,801723.SI,基础建设,基础建设,L,20140219,4599,12.59,0.89,-3.261,11.111,True,True,True,0,0,0,0,False,ST
002718.SZ,002718,002718,友邦吊顶,主板,深市,主板,801710.SI,建筑材料,801713.SI,装修建材,装修建材,L,20140128,4621,12.65,83.22,-0.787,32.71,False,True,True,0,0,0,0,True,
002719.SZ,002719,002719,ST麦趣,主板,深市,主板,801120.SI,食品饮料,801128.SI,休闲食品,休闲食品,L,20140128,4621,12.65,6.26,-0.16,17.46,True,True,True,0,0,0,0,False,ST
002721.SZ,002721,002721,金一文化,主板,深市,主板,801130.SI,纺织服饰,801133.SI,饰品,饰品,L,20140127,4622,12.65,2.66,-3.273,14.286,False,True,True,0,0,0,0,True,
002722.SZ,002722,002722,物产金轮,主板,深市,主板,801890.SI,机械设备,801074.SI,专用设备,专用设备,L,20140128,4621,12.65,13.22,0.38,10.853,False,True,True,0,0,0,0,True,
002723.SZ,002723,002723,小崧股份,主板,深市,主板,801110.SI,家用电器,801115.SI,照明设备Ⅱ,照明设备Ⅱ,L,20140129,4620,12.65,7.28,-2.282,11.842,False,True,True,0,0,0,0,True,
002724.SZ,002724,002724,海洋王,主板,深市,主板,801110.SI,家用电器,801115.SI,照明设备Ⅱ,照明设备Ⅱ,L,20141104,4341,11.89,7.17,-5.159,14.286,False,True,True,0,0,0,0,True,
002725.SZ,002725,002725,跃岭股份,主板,深市,主板,801880.SI,汽车,801093.SI,汽车零部件,汽车零部件,L,20140129,4620,12.65,10.99,-2.137,8.036,False,True,True,0,0,0,0,True,
002726.SZ,002726,002726,ST龙大,主板,深市,主板,801120.SI,食品饮料,801124.SI,食品加工,食品加工,L,20140626,4472,12.24,2.48,-2.362,12.0,True,True,True,0,0,0,0,False,ST
002727.SZ,002727,002727,一心堂,主板,深市,主板,801150.SI,医药生物,801154.SI,医药商业,医药商业,L,20140702,4466,12.23,10.86,-0.912,10.619,False,True,True,0,0,0,0,True,
002728.SZ,002728,002728,特一药业,主板,深市,主板,801150.SI,医药生物,801155.SI,中药Ⅱ,中药Ⅱ,L,20140731,4437,12.15,9.84,-0.806,10.753,False,True,True,0,0,0,0,True,
002729.SZ,002729,002729,好利科技,主板,深市,主板,801080.SI,电子,801082.SI,其他电子Ⅱ,其他电子Ⅱ,L,20140912,4394,12.03,13.95,-0.215,5.797,False,True,True,0,0,3,6,False,近60日停牌
002730.SZ,002730,002730,电光科技,主板,深市,主板,801890.SI,机械设备,801074.SI,专用设备,专用设备,L,20141009,4367,11.96,22.82,-0.262,10.256,False,True,True,0,0,0,0,True,
002731.SZ,002731,002731,*ST萃华,主板,深市,主板,801130.SI,纺织服饰,801133.SI,饰品,饰品,L,20141104,4341,11.89,,,,True,True,False,17,17,21,51,False,ST、近60日停牌、无最新行情
002732.SZ,002732,002732,燕塘乳业,主板,深市,主板,801120.SI,食品饮料,801127.SI,饮料乳品,饮料乳品,L,20141205,4310,11.8,14.11,-0.913,14.706,False,True,True,0,0,0,0,True,
002733.SZ,002733,002733,雄韬股份,主板,深市,主板,801730.SI,电力设备,801737.SI,电池,电池,L,20141203,4312,11.81,18.08,-0.605,6.557,False,True,True,0,0,0,0,True,
002734.SZ,002734,002734,利民股份,主板,深市,主板,801030.SI,基础化工,801038.SI,农化制品,农化制品,L,20150127,4257,11.66,20.32,5.013,19.209,False,True,True,0,0,0,0,True,
002735.SZ,002735,002735,王子新材,主板,深市,主板,801140.SI,轻工制造,801141.SI,包装印刷,包装印刷,L,20141203,4312,11.81,11.9,-5.028,6.349,False,True,True,0,0,0,0,True,
002736.SZ,002736,002736,国信证券,主板,深市,主板,801790.SI,非银金融,801193.SI,证券Ⅱ,证券Ⅱ,L,20141229,4286,11.73,9.98,0.1,30.769,False,True,True,0,0,0,0,True,
002737.SZ,002737,002737,葵花药业,主板,深市,主板,801150.SI,医药生物,801155.SI,中药Ⅱ,中药Ⅱ,L,20141230,4285,11.73,11.38,-0.871,15.385,False,True,True,0,0,0,0,True,
002738.SZ,002738,002738,中矿资源,主板,深市,主板,801050.SI,有色金属,801054.SI,小金属,小金属,L,20141230,4285,11.73,44.35,-3.25,18.333,False,True,True,0,0,0,0,True,
002739.SZ,002739,002739,儒意电影,主板,深市,主板,801760.SI,传媒,801766.SI,影视院线,影视院线,L,20150122,4262,11.67,8.49,-1.622,14.286,False,True,True,0,0,0,0,True,
002741.SZ,002741,002741,光华科技,主板,深市,主板,801080.SI,电子,801086.SI,电子化学品Ⅱ,电子化学品Ⅱ,L,20150216,4237,11.6,27.47,2.576,10.078,False,True,True,0,0,0,0,True,
002742.SZ,002742,002742,冀衡医药,主板,深市,主板,801150.SI,医药生物,801151.SI,化学制药,化学制药,L,20150217,4236,11.6,4.21,-3.44,14.286,False,True,True,0,0,0,0,True,
002743.SZ,002743,002743,ST富煌,主板,深市,主板,801720.SI,建筑装饰,801724.SI,专业工程,专业工程,L,20150217,4236,11.6,4.57,-5.187,12.0,True,True,True,2,2,2,2,False,ST、近60日停牌
002745.SZ,002745,002745,木林森,主板,深市,主板,801080.SI,电子,801084.SI,光学光电子,光学光电子,L,20150217,4236,11.6,12.42,-0.64,11.864,False,True,True,0,0,0,0,True,
002746.SZ,002746,002746,仙坛股份,主板,深市,主板,801010.SI,农林牧渔,801017.SI,养殖业,养殖业,L,20150216,4237,11.6,6.28,-0.159,9.524,False,True,True,0,0,0,0,True,
002747.SZ,002747,002747,埃斯顿,主板,深市,主板,801890.SI,机械设备,801078.SI,自动化设备,自动化设备,L,20150320,4205,11.51,29.47,-0.708,9.333,False,True,True,0,0,0,0,True,
002748.SZ,002748,002748,世龙实业,主板,深市,主板,801030.SI,基础化工,801033.SI,化学原料,化学原料,L,20150319,4206,11.52,12.34,0.407,15.0,False,True,True,0,0,0,0,True,
002749.SZ,002749,002749,国光股份,主板,深市,主板,801030.SI,基础化工,801038.SI,农化制品,农化制品,L,20150320,4205,11.51,8.45,-0.354,29.885,False,True,True,0,0,0,0,True,
002752.SZ,002752,002752,昇兴股份,主板,深市,主板,801140.SI,轻工制造,801141.SI,包装印刷,包装印刷,L,20150422,4172,11.42,6.12,-0.81,9.836,False,True,True,0,0,0,0,True,
002753.SZ,002753,002753,永东股份,主板,深市,主板,801030.SI,基础化工,801037.SI,橡胶,橡胶,L,20150519,4145,11.35,6.71,-1.178,7.463,False,True,True,0,0,0,0,True,
002755.SZ,002755,002755,奥赛康,主板,深市,主板,801150.SI,医药生物,801151.SI,化学制药,化学制药,L,20150515,4149,11.36,12.97,-3.137,20.93,False,True,True,0,0,0,0,True,
002756.SZ,002756,002756,永兴材料,主板,深市,主板,801050.SI,有色金属,801056.SI,能源金属,能源金属,L,20150515,4149,11.36,40.13,-1.473,14.634,False,True,True,0,0,0,0,True,
002757.SZ,002757,002757,南兴股份,主板,深市,主板,801890.SI,机械设备,801074.SI,专用设备,专用设备,L,20150527,4137,11.33,20.28,2.115,17.91,False,True,True,0,0,0,0,True,
002758.SZ,002758,002758,浙农股份,主板,深市,主板,801030.SI,基础化工,801038.SI,农化制品,农化制品,L,20150527,4137,11.33,8.54,-0.698,13.636,False,True,True,0,0,0,0,True,
002759.SZ,002759,002759,ST天际,主板,深市,主板,801730.SI,电力设备,801737.SI,电池,电池,L,20150528,4136,11.32,14.32,-3.504,22.293,True,True,True,0,0,2,2,False,ST、近60日停牌
002760.SZ,002760,002760,凤形股份,主板,深市,主板,801890.SI,机械设备,801072.SI,通用设备,通用设备,L,20150611,4122,11.29,17.72,0.568,10.169,False,True,True,0,0,0,0,True,
002761.SZ,002761,002761,浙江建投,主板,深市,主板,801720.SI,建筑装饰,801721.SI,房屋建设Ⅱ,房屋建设Ⅱ,L,20150610,4123,11.29,7.37,0.821,16.667,False,True,True,0,0,0,0,True,
002762.SZ,002762,002762,金发拉比,主板,深市,主板,801130.SI,纺织服饰,801132.SI,服装家纺,服装家纺,L,20150610,4123,11.29,10.19,-2.395,11.0,False,True,True,0,0,0,2,True,
002763.SZ,002763,002763,汇洁股份,主板,深市,主板,801130.SI,纺织服饰,801132.SI,服装家纺,服装家纺,L,20150610,4123,11.29,7.32,-0.136,6.757,False,True,True,0,0,0,0,True,
002765.SZ,002765,002765,蓝黛科技,主板,深市,主板,801880.SI,汽车,801093.SI,汽车零部件,汽车零部件,L,20150612,4121,11.28,6.91,-1.003,10.0,False,True,True,0,0,0,0,True,
002766.SZ,002766,002766,索菱股份,主板,深市,主板,801880.SI,汽车,801093.SI,汽车零部件,汽车零部件,L,20150611,4122,11.29,4.0,-2.676,9.524,False,True,True,0,0,0,0,True,
002767.SZ,002767,002767,先锋电子,主板,深市,主板,801890.SI,机械设备,801072.SI,通用设备,通用设备,L,20150612,4121,11.28,18.82,-0.053,13.812,False,True,True,0,0,0,0,True,
002768.SZ,002768,002768,国恩股份,主板,深市,主板,801030.SI,基础化工,801036.SI,塑料,塑料,L,20150630,4103,11.23,79.02,5.557,18.28,False,True,True,0,0,0,0,True,
002769.SZ,002769,002769,普路通,主板,深市,主板,801170.SI,交通运输,801178.SI,物流,物流,L,20150629,4104,11.24,6.74,-2.035,17.391,False,True,True,0,0,0,0,True,
002771.SZ,002771,002771,真视通,主板,深市,主板,801750.SI,计算机,801103.SI,IT服务Ⅱ,IT服务Ⅱ,L,20150629,4104,11.24,13.66,-1.301,7.194,False,True,True,0,0,0,0,True,
002772.SZ,002772,002772,众兴菌业,主板,深市,主板,801010.SI,农林牧渔,801016.SI,种植业,种植业,L,20150626,4107,11.24,10.95,-1.794,12.5,False,True,True,0,0,0,0,True,
002773.SZ,002773,002773,康弘药业,主板,深市,主板,801150.SI,医药生物,801152.SI,生物制品,生物制品,L,20150626,4107,11.24,20.17,-0.689,14.815,False,True,True,0,0,0,0,True,
002774.SZ,002774,002774,快意电梯,主板,深市,主板,801890.SI,机械设备,801074.SI,专用设备,专用设备,L,20170324,3470,9.5,17.41,-0.286,10.18,False,True,True,0,0,0,0,True,
002775.SZ,002775,002775,文科股份,主板,深市,主板,801720.SI,建筑装饰,801723.SI,基础建设,基础建设,L,20150629,4104,11.24,3.3,-0.602,13.889,False,True,True,0,0,0,0,True,
002777.SZ,002777,002777,久远银海,主板,深市,主板,801750.SI,计算机,801103.SI,IT服务Ⅱ,IT服务Ⅱ,L,20151231,3919,10.73,12.66,-1.402,6.25,False,True,True,0,0,0,0,True,
002778.SZ,002778,002778,中晟高科,主板,深市,主板,801970.SI,环保,801971.SI,环境治理,环境治理,L,20160106,3913,10.71,15.8,-1.373,13.208,False,True,True,0,0,0,0,True,
002779.SZ,002779,002779,中坚科技,主板,深市,主板,801890.SI,机械设备,801074.SI,专用设备,专用设备,L,20151209,3941,10.79,86.0,4.369,16.364,False,True,True,0,0,0,0,True,
002780.SZ,002780,002780,三夫户外,主板,深市,主板,801130.SI,纺织服饰,801132.SI,服装家纺,服装家纺,L,20151209,3941,10.79,14.92,0.811,11.268,False,True,True,0,0,0,0,True,
002782.SZ,002782,002782,可立克,主板,深市,主板,801080.SI,电子,801082.SI,其他电子Ⅱ,其他电子Ⅱ,L,20151222,3928,10.75,15.52,1.239,9.091,False,True,True,0,0,0,0,True,
002783.SZ,002783,002783,凯龙股份,主板,深市,主板,801030.SI,基础化工,801034.SI,化学制品,化学制品,L,20151209,3941,10.79,8.1,-0.246,8.861,False,True,True,0,0,0,0,True,
002785.SZ,002785,002785,万里石,主板,深市,主板,801710.SI,建筑材料,801713.SI,装修建材,装修建材,L,20151223,3927,10.75,39.48,-4.959,20.492,False,True,True,0,0,0,0,True,
002786.SZ,002786,002786,银宝山新,主板,深市,主板,801890.SI,机械设备,801074.SI,专用设备,专用设备,L,20151223,3927,10.75,7.67,-2.293,7.692,False,True,True,0,0,0,0,True,
002787.SZ,002787,002787,华源控股,主板,深市,主板,801140.SI,轻工制造,801141.SI,包装印刷,包装印刷,L,20151231,3919,10.73,27.08,1.309,14.173,False,True,True,0,0,0,0,True,
002788.SZ,002788,002788,鹭燕医药,主板,深市,主板,801150.SI,医药生物,801154.SI,医药商业,医药商业,L,20160218,3870,10.6,10.82,-3.737,9.091,False,True,True,0,0,0,0,True,
002789.SZ,002789,002789,*ST建艺,主板,深市,主板,801720.SI,建筑装饰,801722.SI,装修装饰Ⅱ,装修装饰Ⅱ,L,20160311,3848,10.54,13.17,-0.227,28.346,True,True,True,0,0,0,0,False,ST
002790.SZ,002790,002790,瑞尔特,主板,深市,主板,801140.SI,轻工制造,801142.SI,家居用品,家居用品,L,20160308,3851,10.54,6.6,-1.492,7.576,False,True,True,0,0,0,0,True,
002791.SZ,002791,002791,坚朗五金,主板,深市,主板,801710.SI,建筑材料,801713.SI,装修建材,装修建材,L,20160329,3830,10.49,15.43,0.39,8.333,False,True,True,0,0,0,0,True,
002792.SZ,002792,002792,通宇通讯,主板,深市,主板,801770.SI,通信,801102.SI,通信设备,通信设备,L,20160328,3831,10.49,33.35,-4.633,13.018,False,True,True,0,0,0,0,True,
002793.SZ,002793,002793,罗欣药业,主板,深市,主板,801150.SI,医药生物,801151.SI,化学制药,化学制药,L,20160415,3813,10.44,4.77,-2.454,12.5,False,True,True,0,0,0,0,True,
002795.SZ,002795,002795,永和智控,主板,深市,主板,801890.SI,机械设备,801072.SI,通用设备,通用设备,L,20160428,3800,10.4,7.91,-1.248,9.333,False,True,True,0,0,0,0,True,
002796.SZ,002796,002796,世嘉科技,主板,深市,主板,801770.SI,通信,801102.SI,通信设备,通信设备,L,20160510,3788,10.37,30.6,-2.236,9.804,False,True,True,0,0,0,0,True,
002797.SZ,002797,002797,第一创业,主板,深市,主板,801790.SI,非银金融,801193.SI,证券Ⅱ,证券Ⅱ,L,20160511,3787,10.37,6.29,-1.101,6.154,False,True,True,0,0,0,0,True,
002798.SZ,002798,002798,帝欧水华,主板,深市,主板,801140.SI,轻工制造,801142.SI,家居用品,家居用品,L,20160525,3773,10.33,6.67,-0.299,23.81,False,True,True,0,0,0,0,True,
002799.SZ,002799,002799,环球印务,主板,深市,主板,801140.SI,轻工制造,801141.SI,包装印刷,包装印刷,L,20160608,3759,10.29,6.83,-2.289,13.433,False,True,True,0,0,0,0,True,
002800.SZ,002800,002800,天顺股份,主板,深市,主板,801170.SI,交通运输,801178.SI,物流,物流,L,20160530,3768,10.32,14.68,-2.264,15.646,False,True,True,0,0,0,0,True,
002801.SZ,002801,002801,微光股份,主板,深市,主板,801730.SI,电力设备,801731.SI,电机Ⅱ,电机Ⅱ,L,20160622,3745,10.25,26.94,0.522,15.942,False,True,True,0,0,0,0,True,
002802.SZ,002802,002802,洪汇新材,主板,深市,主板,801030.SI,基础化工,801034.SI,化学制品,化学制品,L,20160629,3738,10.23,12.38,0.162,16.807,False,True,True,0,0,0,0,True,
002803.SZ,002803,002803,吉宏股份,主板,深市,主板,801200.SI,商贸零售,801206.SI,互联网电商,互联网电商,L,20160712,3725,10.2,19.88,-5.693,7.921,False,True,True,0,0,0,0,True,
002805.SZ,002805,002805,丰元股份,主板,深市,主板,801730.SI,电力设备,801737.SI,电池,电池,L,20160707,3730,10.21,16.46,-1.614,15.294,False,True,True,0,0,0,0,True,
002806.SZ,002806,002806,华锋股份,主板,深市,主板,801880.SI,汽车,801093.SI,汽车零部件,汽车零部件,L,20160726,3711,10.16,15.28,-0.65,7.947,False,True,True,0,0,0,0,True,
002807.SZ,002807,002807,江阴银行,主板,深市,主板,801780.SI,银行,801785.SI,农商行Ⅱ,农商行Ⅱ,L,20160902,3673,10.06,4.12,-0.483,7.317,False,True,True,0,0,0,0,True,
002809.SZ,002809,002809,红墙股份,主板,深市,主板,801030.SI,基础化工,801034.SI,化学制品,化学制品,L,20160823,3683,10.08,8.39,-1.061,9.524,False,True,True,0,0,0,0,True,
002810.SZ,002810,002810,山东赫达,主板,深市,主板,801030.SI,基础化工,801034.SI,化学制品,化学制品,L,20160826,3680,10.08,21.47,-0.232,11.765,False,True,True,0,0,0,0,True,
002811.SZ,002811,002811,郑中设计,主板,深市,主板,801720.SI,建筑装饰,801722.SI,装修装饰Ⅱ,装修装饰Ⅱ,L,20160908,3667,10.04,17.35,1.403,22.517,False,True,True,0,0,0,0,True,
002812.SZ,002812,002812,恩捷股份,主板,深市,主板,801730.SI,电力设备,801737.SI,电池,电池,L,20160914,3661,10.02,47.5,-0.336,19.048,False,True,True,0,0,0,0,True,
002813.SZ,002813,002813,路畅科技,主板,深市,主板,801880.SI,汽车,801093.SI,汽车零部件,汽车零部件,L,20161012,3633,9.95,22.8,1.333,16.346,False,True,True,0,0,0,0,True,
002815.SZ,002815,002815,崇达技术,主板,深市,主板,801080.SI,电子,801083.SI,元件,元件,L,20161012,3633,9.95,24.86,-2.087,8.065,False,True,True,0,0,0,0,True,
002816.SZ,002816,002816,*ST和科,主板,深市,主板,801890.SI,机械设备,801074.SI,专用设备,专用设备,L,20161025,3620,9.91,21.56,-3.836,20.0,True,True,True,0,0,0,0,False,ST
002817.SZ,002817,002817,黄山胶囊,主板,深市,主板,801150.SI,医药生物,801151.SI,化学制药,化学制药,L,20161025,3620,9.91,6.74,-0.443,10.606,False,True,True,0,0,0,0,True,
002818.SZ,002818,002818,富森美,主板,深市,主板,801200.SI,商贸零售,801203.SI,一般零售,一般零售,L,20161109,3605,9.87,11.14,-0.713,7.273,False,True,True,0,0,0,0,True,
002819.SZ,002819,002819,东方中科,主板,深市,主板,801890.SI,机械设备,801072.SI,通用设备,通用设备,L,20161111,3603,9.86,24.24,9.982,11.111,False,True,True,0,0,0,0,True,
002820.SZ,002820,002820,桂发祥,主板,深市,主板,801120.SI,食品饮料,801128.SI,休闲食品,休闲食品,L,20161118,3596,9.85,9.79,-2.198,9.091,False,True,True,0,0,0,0,True,
002821.SZ,002821,002821,凯莱英,主板,深市,主板,801150.SI,医药生物,801156.SI,医疗服务,医疗服务,L,20161118,3596,9.85,188.01,0.186,16.0,False,True,True,0,0,0,0,True,
002822.SZ,002822,002822,ST中装,主板,深市,主板,801720.SI,建筑装饰,801722.SI,装修装饰Ⅱ,装修装饰Ⅱ,L,20161129,3585,9.82,2.93,-0.34,12.903,True,True,True,0,0,0,0,False,ST
002823.SZ,002823,002823,凯中精密,主板,深市,主板,801730.SI,电力设备,801731.SI,电机Ⅱ,电机Ⅱ,L,20161124,3590,9.83,13.0,0.541,7.692,False,True,True,0,0,0,0,True,
002824.SZ,002824,002824,和胜股份,主板,深市,主板,801050.SI,有色金属,801055.SI,工业金属,工业金属,L,20170112,3541,9.69,28.53,-0.523,10.417,False,True,True,0,0,0,0,True,
002825.SZ,002825,002825,纳尔股份,主板,深市,主板,801030.SI,基础化工,801036.SI,塑料,塑料,L,20161129,3585,9.82,9.54,0.21,17.895,False,True,True,0,0,0,0,True,
002826.SZ,002826,002826,易明医药,主板,深市,主板,801150.SI,医药生物,801151.SI,化学制药,化学制药,L,20161209,3575,9.79,17.15,-1.38,6.322,False,True,True,0,0,0,0,True,
002827.SZ,002827,002827,高争民爆,主板,深市,主板,801030.SI,基础化工,801034.SI,化学制品,化学制品,L,20161209,3575,9.79,79.41,6.906,17.073,False,True,True,0,0,0,0,True,
002828.SZ,002828,002828,贝肯能源,主板,深市,主板,801960.SI,石油石化,801962.SI,油服工程,油服工程,L,20161208,3576,9.79,10.73,-2.896,14.019,False,True,True,0,3,6,6,False,近60日停牌
002829.SZ,002829,002829,星网宇达,主板,深市,主板,801740.SI,国防军工,801741.SI,航天装备Ⅱ,航天装备Ⅱ,L,20161213,3571,9.78,20.24,-1.075,8.867,False,True,True,0,0,0,0,True,
002830.SZ,002830,002830,名雕股份,主板,深市,主板,801720.SI,建筑装饰,801722.SI,装修装饰Ⅱ,装修装饰Ⅱ,L,20161213,3571,9.78,14.99,-0.729,7.383,False,True,True,0,0,0,0,True,
002831.SZ,002831,002831,裕同科技,主板,深市,主板,801140.SI,轻工制造,801141.SI,包装印刷,包装印刷,L,20161216,3568,9.77,28.75,-0.174,11.429,False,True,True,0,0,0,0,True,
002832.SZ,002832,002832,比音勒芬,主板,深市,主板,801130.SI,纺织服饰,801132.SI,服装家纺,服装家纺,L,20161223,3561,9.75,25.45,-0.78,7.143,False,True,True,0,0,0,0,True,
002833.SZ,002833,002833,弘亚数控,主板,深市,主板,801890.SI,机械设备,801074.SI,专用设备,专用设备,L,20161228,3556,9.74,18.68,1.357,9.497,False,True,True,0,0,0,0,True,
002835.SZ,002835,002835,同为股份,主板,深市,主板,801750.SI,计算机,801101.SI,计算机设备,计算机设备,L,20161228,3556,9.74,13.1,-0.908,11.111,False,True,True,0,0,0,0,True,
002836.SZ,002836,002836,新宏泽,主板,深市,主板,801140.SI,轻工制造,801141.SI,包装印刷,包装印刷,L,20161229,3555,9.73,11.15,0.09,18.182,False,True,True,0,0,0,0,True,
002837.SZ,002837,002837,英维克,主板,深市,主板,801890.SI,机械设备,801074.SI,专用设备,专用设备,L,20161229,3555,9.73,61.25,-0.439,9.615,False,True,True,0,0,0,0,True,
002838.SZ,002838,002838,道恩股份,主板,深市,主板,801030.SI,基础化工,801036.SI,塑料,塑料,L,20170106,3547,9.71,25.84,2.054,23.81,False,True,True,0,0,0,0,True,
002839.SZ,002839,002839,张家港行,主板,深市,主板,801780.SI,银行,801785.SI,农商行Ⅱ,农商行Ⅱ,L,20170124,3529,9.66,4.25,-0.701,4.651,False,True,True,0,0,0,0,True,
002840.SZ,002840,002840,华统股份,主板,深市,主板,801120.SI,食品饮料,801124.SI,食品加工,食品加工,L,20170110,3543,9.7,8.36,-0.713,11.905,False,True,True,0,0,0,0,True,
002841.SZ,002841,002841,视源股份,主板,深市,主板,801080.SI,电子,801085.SI,消费电子,消费电子,L,20170119,3534,9.68,46.6,-2.998,10.256,False,True,True,0,0,0,0,True,
002842.SZ,002842,002842,翔鹭钨业,主板,深市,主板,801050.SI,有色金属,801054.SI,小金属,小金属,L,20170119,3534,9.68,33.78,-2.059,4.0,False,True,True,0,0,0,0,True,
002843.SZ,002843,002843,泰嘉股份,主板,深市,主板,801890.SI,机械设备,801072.SI,通用设备,通用设备,L,20170120,3533,9.67,16.18,-0.492,5.521,False,True,True,0,0,0,0,True,
002845.SZ,002845,002845,同兴达,主板,深市,主板,801080.SI,电子,801084.SI,光学光电子,光学光电子,L,20170125,3528,9.66,14.51,-0.82,11.765,False,True,True,0,0,0,0,True,
002846.SZ,002846,002846,英联股份,主板,深市,主板,801140.SI,轻工制造,801141.SI,包装印刷,包装印刷,L,20170207,3515,9.62,11.4,-1.639,11.111,False,True,True,0,0,0,0,True,
002847.SZ,002847,002847,盐津铺子,主板,深市,主板,801120.SI,食品饮料,801128.SI,休闲食品,休闲食品,L,20170208,3514,9.62,43.2,-0.849,17.308,False,True,True,0,0,0,0,True,
002848.SZ,002848,002848,高斯贝尔,主板,深市,主板,801110.SI,家用电器,801112.SI,黑色家电,黑色家电,L,20170213,3509,9.61,15.66,1.359,3.922,False,True,True,0,0,0,2,True,
002849.SZ,002849,002849,威星智能,主板,深市,主板,801890.SI,机械设备,801072.SI,通用设备,通用设备,L,20170217,3505,9.6,23.0,9.995,10.748,False,True,True,0,0,0,0,True,
002850.SZ,002850,002850,科达利,主板,深市,主板,801730.SI,电力设备,801737.SI,电池,电池,L,20170302,3492,9.56,170.98,-0.245,12.36,False,True,True,0,0,0,0,True,
002851.SZ,002851,002851,麦格米特,主板,深市,主板,801730.SI,电力设备,801733.SI,其他电源设备Ⅱ,其他电源设备Ⅱ,L,20170306,3488,9.55,122.85,-0.122,5.682,False,True,True,0,0,0,0,True,
002852.SZ,002852,002852,道道全,主板,深市,主板,801010.SI,农林牧渔,801012.SI,农产品加工,农产品加工,L,20170310,3484,9.54,8.08,-2.416,14.286,False,True,True,0,0,0,0,True,
002853.SZ,002853,002853,皮阿诺,主板,深市,主板,801140.SI,轻工制造,801142.SI,家居用品,家居用品,L,20170310,3484,9.54,21.73,-2.469,11.111,False,True,True,0,0,0,0,True,
002855.SZ,002855,002855,捷荣技术,主板,深市,主板,801080.SI,电子,801085.SI,消费电子,消费电子,L,20170321,3473,9.51,13.06,-3.474,34.615,False,True,True,0,0,0,0,True,
002856.SZ,002856,002856,*ST美芝,主板,深市,主板,801720.SI,建筑装饰,801722.SI,装修装饰Ⅱ,装修装饰Ⅱ,L,20170320,3474,9.51,19.77,-10.014,22.609,True,True,True,0,0,0,0,False,ST
002857.SZ,002857,002857,三晖电气,主板,深市,主板,801730.SI,电力设备,801738.SI,电网设备,电网设备,L,20170323,3471,9.5,17.77,-0.726,17.778,False,True,True,0,0,0,0,True,
002858.SZ,002858,002858,力盛体育,主板,深市,主板,801210.SI,社会服务,801216.SI,体育Ⅱ,体育Ⅱ,L,20170324,3470,9.5,11.47,-1.376,8.621,False,True,True,0,0,0,0,True,
002859.SZ,002859,002859,洁美科技,主板,深市,主板,801080.SI,电子,801082.SI,其他电子Ⅱ,其他电子Ⅱ,L,20170407,3456,9.46,68.65,2.371,10.714,False,True,True,0,0,0,0,True,
002860.SZ,002860,002860,星帅尔,主板,深市,主板,801110.SI,家用电器,801116.SI,家电零部件Ⅱ,家电零部件Ⅱ,L,20170412,3451,9.45,,,,False,True,False,2,2,2,2,False,近60日停牌、无最新行情
002861.SZ,002861,002861,瀛通通讯,主板,深市,主板,801080.SI,电子,801085.SI,消费电子,消费电子,L,20170413,3450,9.45,14.66,-2.267,11.842,False,True,True,0,0,0,0,True,
002862.SZ,002862,002862,实丰文化,主板,深市,主板,801140.SI,轻工制造,801145.SI,文娱用品,文娱用品,L,20170411,3452,9.45,15.7,-2.424,6.41,False,True,True,0,0,0,0,True,
002863.SZ,002863,002863,今飞凯达,主板,深市,主板,801880.SI,汽车,801093.SI,汽车零部件,汽车零部件,L,20170418,3445,9.43,4.73,-0.63,8.511,False,True,True,0,0,0,0,True,
002864.SZ,002864,002864,盘龙药业,主板,深市,主板,801150.SI,医药生物,801155.SI,中药Ⅱ,中药Ⅱ,L,20171116,3233,8.85,21.22,-0.655,8.295,False,True,True,0,0,0,0,True,
002865.SZ,002865,002865,钧达股份,主板,深市,主板,801730.SI,电力设备,801735.SI,光伏设备,光伏设备,L,20170425,3438,9.41,38.28,-0.803,16.667,False,True,True,0,0,0,0,True,
002866.SZ,002866,002866,传艺科技,主板,深市,主板,801080.SI,电子,801085.SI,消费电子,消费电子,L,20170426,3437,9.41,14.48,-0.549,6.164,False,True,True,0,0,0,0,True,
002867.SZ,002867,002867,周大生,主板,深市,主板,801130.SI,纺织服饰,801133.SI,饰品,饰品,L,20170427,3436,9.41,10.17,-0.877,16.522,False,True,True,0,0,0,0,True,
002868.SZ,002868,002868,绿康生化,主板,深市,主板,801010.SI,农林牧渔,801018.SI,动物保健Ⅱ,动物保健Ⅱ,L,20170503,3430,9.39,22.88,-2.762,13.559,False,True,True,0,0,0,0,True,
002869.SZ,002869,002869,金溢科技,主板,深市,主板,801750.SI,计算机,801101.SI,计算机设备,计算机设备,L,20170515,3418,9.36,16.77,-3.621,12.27,False,True,True,0,0,0,0,True,
002870.SZ,002870,002870,香山股份,主板,深市,主板,801880.SI,汽车,801093.SI,汽车零部件,汽车零部件,L,20170515,3418,9.36,49.36,-0.943,8.943,False,True,True,11,11,11,11,False,近60日停牌
002871.SZ,002871,002871,伟隆股份,主板,深市,主板,801890.SI,机械设备,801072.SI,通用设备,通用设备,L,20170511,3422,9.37,18.84,1.236,14.208,False,True,True,0,0,0,0,True,
002872.SZ,002872,002872,ST天圣,主板,深市,主板,801150.SI,医药生物,801151.SI,化学制药,化学制药,L,20170519,3414,9.35,5.96,-1.161,17.241,True,True,True,0,0,0,0,False,ST
002873.SZ,002873,002873,新天药业,主板,深市,主板,801150.SI,医药生物,801155.SI,中药Ⅱ,中药Ⅱ,L,20170519,3414,9.35,8.45,-1.17,7.143,False,True,True,0,0,0,0,True,
002875.SZ,002875,002875,安奈儿,主板,深市,主板,801130.SI,纺织服饰,801132.SI,服装家纺,服装家纺,L,20170601,3401,9.31,13.1,-0.531,8.955,False,True,True,0,0,0,0,True,
002876.SZ,002876,002876,三利谱,主板,深市,主板,801080.SI,电子,801084.SI,光学光电子,光学光电子,L,20170525,3408,9.33,33.2,1.997,12.0,False,True,True,0,0,0,0,True,
002877.SZ,002877,002877,智能自控,主板,深市,主板,801890.SI,机械设备,801072.SI,通用设备,通用设备,L,20170605,3397,9.3,7.45,-1.845,8.108,False,True,True,0,0,0,0,True,
002878.SZ,002878,002878,元隆雅图,主板,深市,主板,801760.SI,传媒,801765.SI,广告营销,广告营销,L,20170606,3396,9.3,12.61,-2.02,9.524,False,True,True,0,0,0,0,True,
002879.SZ,002879,002879,长缆科技,主板,深市,主板,801730.SI,电力设备,801738.SI,电网设备,电网设备,L,20170707,3365,9.21,16.85,0.059,2.994,False,True,True,0,0,0,0,True,
002880.SZ,002880,002880,卫光生物,主板,深市,主板,801150.SI,医药生物,801152.SI,生物制品,生物制品,L,20170616,3386,9.27,21.87,0.413,21.818,False,True,True,0,0,0,0,True,
002881.SZ,002881,002881,美格智能,主板,深市,主板,801770.SI,通信,801102.SI,通信设备,通信设备,L,20170622,3380,9.25,46.25,-3.445,14.159,False,True,True,0,0,0,0,True,
002882.SZ,002882,002882,金龙羽,主板,深市,主板,801730.SI,电力设备,801738.SI,电网设备,电网设备,L,20170717,3355,9.19,22.06,-1.956,9.091,False,True,True,0,0,0,0,True,
002883.SZ,002883,002883,*ST中设,主板,深市,主板,801720.SI,建筑装饰,801726.SI,工程咨询服务Ⅱ,工程咨询服务Ⅱ,L,20170620,3382,9.26,9.22,0.109,11.364,True,True,True,0,0,0,0,False,ST
002884.SZ,002884,002884,凌霄泵业,主板,深市,主板,801890.SI,机械设备,801072.SI,通用设备,通用设备,L,20170711,3361,9.2,15.45,-0.515,10.559,False,True,True,0,0,0,0,True,
002885.SZ,002885,002885,京泉华,主板,深市,主板,801080.SI,电子,801082.SI,其他电子Ⅱ,其他电子Ⅱ,L,20170627,3375,9.24,28.76,1.054,7.018,False,True,True,0,0,0,0,True,
002886.SZ,002886,002886,沃特股份,主板,深市,主板,801030.SI,基础化工,801036.SI,塑料,塑料,L,20170627,3375,9.24,27.14,3.509,2.996,False,True,True,0,0,0,0,True,
002887.SZ,002887,002887,绿茵生态,主板,深市,主板,801970.SI,环保,801971.SI,环境治理,环境治理,L,20170801,3340,9.14,9.05,-0.11,14.737,False,True,True,0,0,0,0,True,
002888.SZ,002888,002888,惠威科技,主板,深市,主板,801080.SI,电子,801085.SI,消费电子,消费电子,L,20170721,3351,9.17,18.69,-1.372,11.518,False,True,True,0,0,0,0,True,
002889.SZ,002889,002889,东方嘉盛,主板,深市,主板,801170.SI,交通运输,801178.SI,物流,物流,L,20170731,3341,9.15,11.96,-0.829,9.016,False,True,True,0,0,0,0,True,
002890.SZ,002890,002890,弘宇股份,主板,深市,主板,801890.SI,机械设备,801074.SI,专用设备,专用设备,L,20170802,3339,9.14,15.35,-1.729,14.966,False,True,True,0,0,0,0,True,
002891.SZ,002891,002891,中宠股份,主板,深市,主板,801010.SI,农林牧渔,801014.SI,饲料,饲料,L,20170821,3320,9.09,28.43,-4.018,11.905,False,True,True,0,0,0,0,True,
002892.SZ,002892,002892,科力尔,主板,深市,主板,801730.SI,电力设备,801731.SI,电机Ⅱ,电机Ⅱ,L,20170817,3324,9.1,8.63,-0.576,12.088,False,True,True,0,0,0,0,True,
002893.SZ,002893,002893,京能热力,主板,深市,主板,801160.SI,公用事业,801161.SI,电力,电力,L,20170915,3295,9.02,10.25,-0.098,8.654,False,True,True,0,0,0,0,True,
002895.SZ,002895,002895,川恒股份,主板,深市,主板,801030.SI,基础化工,801038.SI,农化制品,农化制品,L,20170825,3316,9.08,30.89,0.26,12.195,False,True,True,0,0,0,0,True,
002896.SZ,002896,002896,中大力德,主板,深市,主板,801890.SI,机械设备,801072.SI,通用设备,通用设备,L,20170829,3312,9.07,60.74,-0.833,25.316,False,True,True,0,0,0,0,True,
002897.SZ,002897,002897,意华股份,主板,深市,主板,801770.SI,通信,801102.SI,通信设备,通信设备,L,20170907,3303,9.04,67.85,-2.121,11.0,False,True,True,0,0,0,0,True,
002899.SZ,002899,002899,英派斯,主板,深市,主板,801140.SI,轻工制造,801145.SI,文娱用品,文娱用品,L,20170915,3295,9.02,21.34,0.471,10.606,False,True,True,0,0,0,0,True,
002900.SZ,002900,002900,哈三联,主板,深市,主板,801150.SI,医药生物,801151.SI,化学制药,化学制药,L,20170922,3288,9.0,12.84,-1.685,11.719,False,True,True,0,0,0,0,True,
002901.SZ,002901,002901,大博医疗,主板,深市,主板,801150.SI,医药生物,801153.SI,医疗器械,医疗器械,L,20170922,3288,9.0,41.72,2.835,18.182,False,True,True,0,0,0,0,True,
002902.SZ,002902,002902,铭普光磁,主板,深市,主板,801770.SI,通信,801102.SI,通信设备,通信设备,L,20170929,3281,8.98,28.83,-1.2,6.0,False,True,True,0,0,0,0,True,
002903.SZ,002903,002903,宇环数控,主板,深市,主板,801890.SI,机械设备,801072.SI,通用设备,通用设备,L,20171013,3267,8.94,30.67,-1.383,11.401,False,True,True,0,0,0,0,True,
002905.SZ,002905,002905,金逸影视,主板,深市,主板,801760.SI,传媒,801766.SI,影视院线,影视院线,L,20171016,3264,8.94,8.94,-0.667,16.667,False,True,True,0,0,0,0,True,
002906.SZ,002906,002906,华阳集团,主板,深市,主板,801880.SI,汽车,801093.SI,汽车零部件,汽车零部件,L,20171013,3267,8.94,27.78,-0.679,13.235,False,True,True,0,5,5,5,False,近60日停牌
002907.SZ,002907,002907,华森制药,主板,深市,主板,801150.SI,医药生物,801155.SI,中药Ⅱ,中药Ⅱ,L,20171020,3260,8.93,14.71,-2.583,12.245,False,True,True,0,0,0,0,True,
002908.SZ,002908,002908,德生科技,主板,深市,主板,801750.SI,计算机,801103.SI,IT服务Ⅱ,IT服务Ⅱ,L,20171020,3260,8.93,7.02,-1.543,9.859,False,True,True,0,0,0,0,True,
002909.SZ,002909,002909,集泰股份,主板,深市,主板,801030.SI,基础化工,801034.SI,化学制品,化学制品,L,20171026,3254,8.91,7.54,10.073,10.145,False,True,True,0,0,0,0,True,
002910.SZ,002910,002910,庄园牧场,主板,深市,主板,801120.SI,食品饮料,801127.SI,饮料乳品,饮料乳品,L,20171031,3249,8.9,10.03,-1.474,9.901,False,True,True,0,0,0,0,True,
002911.SZ,002911,002911,佛燃能源,主板,深市,主板,801160.SI,公用事业,801163.SI,燃气Ⅱ,燃气Ⅱ,L,20171122,3227,8.84,11.06,-1.863,40.87,False,True,True,0,0,0,0,True,
002912.SZ,002912,002912,中新赛克,主板,深市,主板,801750.SI,计算机,801101.SI,计算机设备,计算机设备,L,20171121,3228,8.84,25.41,-3.677,13.043,False,True,True,0,0,0,0,True,
002913.SZ,002913,002913,奥士康,主板,深市,主板,801080.SI,电子,801083.SI,元件,元件,L,20171201,3218,8.81,90.86,3.109,15.294,False,True,True,0,0,0,0,True,
002915.SZ,002915,002915,中欣氟材,主板,深市,主板,801030.SI,基础化工,801034.SI,化学制品,化学制品,L,20171205,3214,8.8,17.05,-1.331,8.889,False,True,True,0,0,0,0,True,
002916.SZ,002916,002916,深南电路,主板,深市,主板,801080.SI,电子,801083.SI,元件,元件,L,20171213,3206,8.78,414.77,3.692,19.78,False,True,True,0,0,0,0,True,
002917.SZ,002917,002917,金奥博,主板,深市,主板,801030.SI,基础化工,801034.SI,化学制品,化学制品,L,20171208,3211,8.79,10.23,-1.54,7.767,False,True,True,0,0,0,0,True,
002918.SZ,002918,002918,蒙娜丽莎,主板,深市,主板,801140.SI,轻工制造,801142.SI,家居用品,家居用品,L,20171219,3200,8.76,10.86,-4.148,3.571,False,True,True,0,0,0,0,True,
002919.SZ,002919,002919,名臣健康,主板,深市,主板,801760.SI,传媒,801764.SI,游戏Ⅱ,游戏Ⅱ,L,20171218,3201,8.76,16.49,-2.829,18.182,False,True,True,0,0,0,0,True,
002920.SZ,002920,002920,德赛西威,主板,深市,主板,801750.SI,计算机,801104.SI,软件开发,软件开发,L,20171226,3193,8.74,83.51,-1.417,13.725,False,True,True,0,0,0,0,True,
002921.SZ,002921,002921,联诚精密,主板,深市,主板,801880.SI,汽车,801093.SI,汽车零部件,汽车零部件,L,20171227,3192,8.74,21.25,2.065,11.268,False,True,True,0,0,0,0,True,
002922.SZ,002922,002922,伊戈尔,主板,深市,主板,801080.SI,电子,801082.SI,其他电子Ⅱ,其他电子Ⅱ,L,20171229,3190,8.73,23.44,-1.264,11.667,False,True,True,0,0,0,0,True,
002923.SZ,002923,002923,润都股份,主板,深市,主板,801150.SI,医药生物,801151.SI,化学制药,化学制药,L,20180105,3183,8.71,11.06,-1.601,6.306,False,True,True,0,0,0,0,True,
002925.SZ,002925,002925,盈趣科技,主板,深市,主板,801080.SI,电子,801085.SI,消费电子,消费电子,L,20180115,3173,8.69,24.58,-1.601,11.688,False,True,True,0,0,0,0,True,
002926.SZ,002926,002926,华西证券,主板,深市,主板,801790.SI,非银金融,801193.SI,证券Ⅱ,证券Ⅱ,L,20180205,3152,8.63,8.35,-0.949,8.434,False,True,True,0,0,0,0,True,
002927.SZ,002927,002927,泰永长征,主板,深市,主板,801730.SI,电力设备,801738.SI,电网设备,电网设备,L,20180223,3134,8.58,19.33,-3.108,16.667,False,True,True,0,0,0,0,True,
002928.SZ,002928,002928,华夏航空,主板,深市,主板,801170.SI,交通运输,801991.SI,航空机场,航空机场,L,20180302,3127,8.56,6.5,1.089,7.812,False,True,True,0,0,0,0,True,
002929.SZ,002929,002929,润建股份,主板,深市,主板,801770.SI,通信,801223.SI,通信服务,通信服务,L,20180301,3128,8.56,51.96,-2.642,7.692,False,True,True,0,0,0,0,True,
002930.SZ,002930,002930,宏川智慧,主板,深市,主板,801170.SI,交通运输,801178.SI,物流,物流,L,20180328,3101,8.49,9.1,-1.087,13.333,False,True,True,0,0,0,0,True,
002931.SZ,002931,002931,锋龙股份,主板,深市,主板,801890.SI,机械设备,801072.SI,通用设备,通用设备,L,20180403,3095,8.47,40.85,-1.329,21.951,False,True,True,0,0,0,0,True,
002932.SZ,002932,002932,*ST明德,主板,深市,主板,801150.SI,医药生物,801153.SI,医疗器械,医疗器械,L,20180710,2997,8.21,15.35,-0.647,15.789,True,True,True,0,0,0,0,False,ST
002933.SZ,002933,002933,新兴装备,主板,深市,主板,801740.SI,国防军工,801742.SI,航空装备Ⅱ,航空装备Ⅱ,L,20180828,2948,8.07,27.81,0.036,11.94,False,True,True,0,0,0,0,True,
002935.SZ,002935,002935,天奥电子,主板,深市,主板,801740.SI,国防军工,801745.SI,军工电子Ⅱ,军工电子Ⅱ,L,20180903,2942,8.05,17.52,9.981,36.25,False,True,True,0,0,0,0,True,
002936.SZ,002936,002936,郑州银行,主板,深市,主板,801780.SI,银行,801784.SI,城商行Ⅱ,城商行Ⅱ,L,20180919,2926,8.01,1.74,0.0,5.882,False,True,True,0,0,0,0,True,
002937.SZ,002937,002937,兴瑞科技,主板,深市,主板,801880.SI,汽车,801093.SI,汽车零部件,汽车零部件,L,20180926,2919,7.99,30.13,10.004,13.542,False,True,True,0,0,0,0,True,
002938.SZ,002938,002938,鹏鼎控股,主板,深市,主板,801080.SI,电子,801083.SI,元件,元件,L,20180918,2927,8.01,88.19,-1.188,19.048,False,True,True,0,0,0,0,True,
002939.SZ,002939,002939,长城证券,主板,深市,主板,801790.SI,非银金融,801193.SI,证券Ⅱ,证券Ⅱ,L,20181026,2889,7.91,7.87,-0.506,19.277,False,True,True,0,0,0,0,True,
002940.SZ,002940,002940,昂利康,主板,深市,主板,801150.SI,医药生物,801151.SI,化学制药,化学制药,L,20181023,2892,7.92,23.28,-1.356,15.19,False,True,True,0,0,0,0,True,
002941.SZ,002941,002941,新疆交建,主板,深市,主板,801720.SI,建筑装饰,801723.SI,基础建设,基础建设,L,20181128,2856,7.82,10.44,-1.323,11.111,False,True,True,0,0,0,0,True,
002942.SZ,002942,002942,新农股份,主板,深市,主板,801030.SI,基础化工,801038.SI,农化制品,农化制品,L,20181205,2849,7.8,16.93,-0.587,16.092,False,True,True,0,0,0,0,True,
002943.SZ,002943,002943,宇晶股份,主板,深市,主板,801890.SI,机械设备,801072.SI,通用设备,通用设备,L,20181129,2855,7.82,31.58,1.218,14.103,False,True,True,0,0,0,0,True,
002945.SZ,002945,002945,华林证券,主板,深市,主板,801790.SI,非银金融,801193.SI,证券Ⅱ,证券Ⅱ,L,20190117,2806,7.68,14.77,-2.121,26.0,False,True,True,0,0,0,0,True,
002946.SZ,002946,002946,新乳业,主板,深市,主板,801120.SI,食品饮料,801127.SI,饮料乳品,饮料乳品,L,20190125,2798,7.66,14.45,-0.207,20.755,False,True,True,0,0,0,0,True,
002947.SZ,002947,002947,恒铭达,主板,深市,主板,801080.SI,电子,801085.SI,消费电子,消费电子,L,20190201,2791,7.64,65.77,-1.068,9.756,False,True,True,0,0,0,0,True,
002948.SZ,002948,002948,青岛银行,主板,深市,主板,801780.SI,银行,801784.SI,城商行Ⅱ,城商行Ⅱ,L,20190116,2807,7.69,6.02,-0.496,13.333,False,True,True,0,0,0,0,True,
002949.SZ,002949,002949,华阳国际,主板,深市,主板,801720.SI,建筑装饰,801726.SI,工程咨询服务Ⅱ,工程咨询服务Ⅱ,L,20190226,2766,7.57,13.03,-0.837,12.308,False,True,True,0,0,0,0,True,
002950.SZ,002950,002950,奥美医疗,主板,深市,主板,801150.SI,医药生物,801153.SI,医疗器械,医疗器械,L,20190311,2753,7.54,8.64,0.116,10.0,False,True,True,0,0,0,0,True,
002951.SZ,002951,002951,金时科技,主板,深市,主板,801730.SI,电力设备,801733.SI,其他电源设备Ⅱ,其他电源设备Ⅱ,L,20190315,2749,7.53,16.83,3.569,20.755,False,True,True,0,0,0,0,True,
002952.SZ,002952,002952,亚世光电,主板,深市,主板,801080.SI,电子,801084.SI,光学光电子,光学光电子,L,20190328,2736,7.49,19.63,-1.108,13.636,False,True,True,0,0,0,0,True,
002953.SZ,002953,002953,日丰股份,主板,深市,主板,801730.SI,电力设备,801738.SI,电网设备,电网设备,L,20190509,2694,7.38,10.35,-2.908,8.411,False,True,True,0,0,0,0,True,
002955.SZ,002955,002955,鸿合科技,主板,深市,主板,801080.SI,电子,801084.SI,光学光电子,光学光电子,L,20190523,2680,7.34,37.41,-2.781,13.934,False,True,True,0,0,0,0,True,
002956.SZ,002956,002956,西麦食品,主板,深市,主板,801120.SI,食品饮料,801128.SI,休闲食品,休闲食品,L,20190619,2653,7.26,17.67,-0.507,12.644,False,True,True,0,0,0,0,True,
002957.SZ,002957,002957,科瑞技术,主板,深市,主板,801890.SI,机械设备,801078.SI,自动化设备,自动化设备,L,20190726,2616,7.16,43.88,-3.412,11.429,False,True,True,0,0,0,0,True,
002958.SZ,002958,002958,青农商行,主板,深市,主板,801780.SI,银行,801785.SI,农商行Ⅱ,农商行Ⅱ,L,20190326,2738,7.5,2.9,-1.024,6.897,False,True,True,0,0,0,0,True,
002959.SZ,002959,002959,小熊电器,主板,深市,主板,801110.SI,家用电器,801113.SI,小家电,小家电,L,20190823,2588,7.09,31.7,-1.061,28.571,False,True,True,0,0,0,0,True,
002960.SZ,002960,002960,青鸟智控,主板,深市,主板,801890.SI,机械设备,801074.SI,专用设备,专用设备,L,20190809,2602,7.12,8.94,0.903,9.412,False,True,True,0,0,0,0,True,
002961.SZ,002961,002961,瑞达期货,主板,深市,主板,801790.SI,非银金融,801191.SI,多元金融,多元金融,L,20190905,2575,7.05,13.73,-2.555,11.111,False,True,True,0,0,0,0,True,
002962.SZ,002962,002962,五方光电,主板,深市,主板,801080.SI,电子,801084.SI,光学光电子,光学光电子,L,20190917,2563,7.02,13.71,0.513,6.061,False,True,True,0,0,0,0,True,
002963.SZ,002963,002963,豪尔赛,主板,深市,主板,801720.SI,建筑装饰,801722.SI,装修装饰Ⅱ,装修装饰Ⅱ,L,20191028,2522,6.9,23.9,1.529,17.062,False,True,True,0,0,0,0,True,
002965.SZ,002965,002965,祥鑫科技,主板,深市,主板,801880.SI,汽车,801093.SI,汽车零部件,汽车零部件,L,20191025,2525,6.91,32.37,-1.371,16.667,False,True,True,0,0,0,0,True,
002966.SZ,002966,002966,苏州银行,主板,深市,主板,801780.SI,银行,801784.SI,城商行Ⅱ,城商行Ⅱ,L,20190802,2609,7.14,9.09,-0.22,16.667,False,True,True,0,0,0,0,True,
002967.SZ,002967,002967,广电计量,主板,深市,主板,801210.SI,社会服务,801218.SI,专业服务,专业服务,L,20191108,2511,6.87,17.56,2.87,20.455,False,True,True,0,0,0,0,True,
002968.SZ,002968,002968,新大正,主板,深市,主板,801180.SI,房地产,801183.SI,房地产服务,房地产服务,L,20191203,2486,6.81,9.99,2.99,12.766,False,True,True,0,0,0,0,True,
002969.SZ,002969,002969,嘉美包装,主板,深市,主板,801140.SI,轻工制造,801141.SI,包装印刷,包装印刷,L,20191202,2487,6.81,11.18,-0.974,17.742,False,True,True,0,0,0,5,True,
002970.SZ,002970,002970,锐明技术,主板,深市,主板,801750.SI,计算机,801101.SI,计算机设备,计算机设备,L,20191217,2472,6.77,43.93,-2.551,14.737,False,True,True,0,0,0,0,True,
002971.SZ,002971,002971,和远气体,主板,深市,主板,801030.SI,基础化工,801034.SI,化学制品,化学制品,L,20200113,2445,6.69,41.78,3.57,8.434,False,True,True,0,0,0,0,True,
002972.SZ,002972,002972,科安达,主板,深市,主板,801890.SI,机械设备,801076.SI,轨交设备Ⅱ,轨交设备Ⅱ,L,20191227,2462,6.74,13.43,-0.518,6.061,False,True,True,0,0,0,0,True,
002973.SZ,002973,002973,侨银股份,主板,深市,主板,801970.SI,环保,801971.SI,环境治理,环境治理,L,20200106,2452,6.71,12.86,2.063,14.286,False,True,True,0,0,0,0,True,
002975.SZ,002975,002975,博杰股份,主板,深市,主板,801890.SI,机械设备,801078.SI,自动化设备,自动化设备,L,20200205,2422,6.63,110.57,2.856,9.402,False,True,True,0,0,0,0,True,
002976.SZ,002976,002976,瑞玛精密,主板,深市,主板,801880.SI,汽车,801093.SI,汽车零部件,汽车零部件,L,20200306,2392,6.55,25.64,-3.718,9.302,False,True,True,0,0,0,0,True,
002977.SZ,002977,002977,*ST天箭,主板,深市,主板,801740.SI,国防军工,801745.SI,军工电子Ⅱ,军工电子Ⅱ,L,20200317,2381,6.52,19.57,-3.549,11.429,True,True,True,0,0,0,0,False,ST
002978.SZ,002978,002978,安宁股份,主板,深市,主板,801050.SI,有色金属,801054.SI,小金属,小金属,L,20200417,2350,6.43,25.23,0.119,25.0,False,True,True,0,0,0,0,True,
002979.SZ,002979,002979,雷赛智能,主板,深市,主板,801890.SI,机械设备,801078.SI,自动化设备,自动化设备,L,20200408,2359,6.46,54.14,0.148,10.383,False,True,True,0,0,0,0,True,
002980.SZ,002980,002980,华盛昌,主板,深市,主板,801730.SI,电力设备,801738.SI,电网设备,电网设备,L,20200415,2352,6.44,116.05,2.608,8.191,False,True,True,0,0,0,0,True,
002981.SZ,002981,002981,朝阳科技,主板,深市,主板,801080.SI,电子,801085.SI,消费电子,消费电子,L,20200417,2350,6.43,24.63,-2.917,12.346,False,True,True,0,0,0,0,True,
002982.SZ,002982,002982,湘佳股份,主板,深市,主板,801010.SI,农林牧渔,801017.SI,养殖业,养殖业,L,20200424,2343,6.41,12.55,-0.238,10.317,False,True,True,0,0,0,0,True,
002983.SZ,002983,002983,芯瑞达,主板,深市,主板,801080.SI,电子,801084.SI,光学光电子,光学光电子,L,20200428,2339,6.4,22.66,0.088,18.692,False,True,True,0,0,0,0,True,
002984.SZ,002984,002984,森麒麟,主板,深市,主板,801880.SI,汽车,801093.SI,汽车零部件,汽车零部件,L,20200911,2203,6.03,13.06,-0.457,11.429,False,True,True,0,0,0,0,True,
002985.SZ,002985,002985,北摩高科,主板,深市,主板,801740.SI,国防军工,801742.SI,航空装备Ⅱ,航空装备Ⅱ,L,20200429,2338,6.4,27.87,-0.464,14.815,False,True,True,0,0,0,0,True,
002986.SZ,002986,002986,宇新股份,主板,深市,主板,801960.SI,石油石化,801963.SI,炼化及贸易,炼化及贸易,L,20200602,2304,6.31,13.21,0.228,13.077,False,True,True,0,0,0,0,True,
002987.SZ,002987,002987,京北方,主板,深市,主板,801750.SI,计算机,801104.SI,软件开发,软件开发,L,20200507,2330,6.38,10.77,-3.321,12.281,False,True,True,0,0,0,0,True,
002988.SZ,002988,002988,豪美新材,主板,深市,主板,801050.SI,有色金属,801055.SI,工业金属,工业金属,L,20200518,2319,6.35,31.61,-0.158,27.273,False,True,True,0,0,0,0,True,
002989.SZ,002989,002989,中天精装,主板,深市,主板,801720.SI,建筑装饰,801722.SI,装修装饰Ⅱ,装修装饰Ⅱ,L,20200610,2296,6.29,27.96,9.992,14.815,False,True,True,0,0,0,0,True,
002990.SZ,002990,002990,盛视科技,主板,深市,主板,801750.SI,计算机,801101.SI,计算机设备,计算机设备,L,20200525,2312,6.33,54.56,2.711,12.353,False,True,True,0,0,0,0,True,
002991.SZ,002991,002991,甘源食品,主板,深市,主板,801120.SI,食品饮料,801128.SI,休闲食品,休闲食品,L,20200731,2245,6.15,37.5,-0.398,12.821,False,True,True,0,0,0,0,True,
002992.SZ,002992,002992,宝明科技,主板,深市,主板,801080.SI,电子,801084.SI,光学光电子,光学光电子,L,20200803,2242,6.14,35.14,3.02,38.636,False,True,True,0,0,0,0,True,
002993.SZ,002993,002993,奥海科技,主板,深市,主板,801080.SI,电子,801085.SI,消费电子,消费电子,L,20200817,2228,6.1,35.47,-1.609,10.667,False,True,True,0,0,0,0,True,
002995.SZ,002995,002995,天地在线,主板,深市,主板,801760.SI,传媒,801765.SI,广告营销,广告营销,L,20200805,2240,6.13,17.34,-3.02,9.04,False,True,True,0,0,0,0,True,
002996.SZ,002996,002996,顺博合金,主板,深市,主板,801050.SI,有色金属,801055.SI,工业金属,工业金属,L,20200828,2217,6.07,5.94,-0.669,4.839,False,True,True,0,0,0,0,True,
002997.SZ,002997,002997,瑞鹄模具,主板,深市,主板,801880.SI,汽车,801093.SI,汽车零部件,汽车零部件,L,20200903,2211,6.05,26.32,-1.497,9.859,False,True,True,0,0,0,0,True,
002998.SZ,002998,002998,优彩资源,主板,深市,主板,801030.SI,基础化工,801032.SI,化学纤维,化学纤维,L,20200925,2189,5.99,8.13,0.744,8.861,False,True,True,6,6,6,6,False,近60日停牌
002999.SZ,002999,002999,天禾股份,主板,深市,主板,801030.SI,基础化工,801038.SI,农化制品,农化制品,L,20200903,2211,6.05,6.39,-2.294,12.308,False,True,True,0,0,0,0,True,
003000.SZ,003000,003000,劲仔食品,主板,深市,主板,801120.SI,食品饮料,801128.SI,休闲食品,休闲食品,L,20200914,2200,6.02,9.44,-0.527,11.111,False,True,True,0,0,0,0,True,
003001.SZ,003001,003001,中岩大地,主板,深市,主板,801720.SI,建筑装饰,801724.SI,专业工程,专业工程,L,20201013,2171,5.94,21.5,1.992,6.667,False,True,True,0,0,0,0,True,
003002.SZ,003002,003002,壶化股份,主板,深市,主板,801030.SI,基础化工,801034.SI,化学制品,化学制品,L,20200922,2192,6.0,15.83,-4.696,21.053,False,True,True,0,0,0,0,True,
003003.SZ,003003,003003,天元股份,主板,深市,主板,801140.SI,轻工制造,801141.SI,包装印刷,包装印刷,L,20200921,2193,6.0,10.93,-0.274,8.257,False,True,True,0,0,0,0,True,
003004.SZ,003004,003004,声迅股份,主板,深市,主板,801750.SI,计算机,801101.SI,计算机设备,计算机设备,L,20201126,2127,5.82,60.62,2.572,20.879,False,True,True,0,0,0,1,True,
003005.SZ,003005,003005,竞业达,主板,深市,主板,801750.SI,计算机,801103.SI,IT服务Ⅱ,IT服务Ⅱ,L,20200922,2192,6.0,14.87,-4.984,7.333,False,True,True,0,0,0,0,True,
003006.SZ,003006,003006,百亚股份,主板,深市,主板,801980.SI,美容护理,801981.SI,个护用品,个护用品,L,20200921,2193,6.0,21.59,-1.864,16.19,False,True,True,0,0,0,0,True,
003007.SZ,003007,003007,直真科技,主板,深市,主板,801750.SI,计算机,801104.SI,软件开发,软件开发,L,20200923,2191,6.0,40.78,-1.569,6.667,False,True,True,0,0,0,0,True,
003008.SZ,003008,003008,开普检测,主板,深市,主板,801210.SI,社会服务,801218.SI,专业服务,专业服务,L,20200923,2191,6.0,19.94,1.321,13.684,False,True,True,0,0,0,0,True,
003009.SZ,003009,003009,中天火箭,主板,深市,主板,801740.SI,国防军工,801741.SI,航天装备Ⅱ,航天装备Ⅱ,L,20200925,2189,5.99,46.7,-2.158,9.917,False,True,True,0,0,0,0,True,
003010.SZ,003010,003010,若羽臣,主板,深市,主板,801200.SI,商贸零售,801206.SI,互联网电商,互联网电商,L,20200925,2189,5.99,27.89,-2.003,10.169,False,True,True,0,0,0,0,True,
003011.SZ,003011,003011,海象新材,主板,深市,主板,801140.SI,轻工制造,801142.SI,家居用品,家居用品,L,20200930,2184,5.98,20.78,4.844,10.0,False,True,True,0,0,0,0,True,
003012.SZ,003012,003012,东鹏控股,主板,深市,主板,801140.SI,轻工制造,801142.SI,家居用品,家居用品,L,20201019,2165,5.93,4.68,0.429,21.277,False,True,True,0,0,0,0,True,
003013.SZ,003013,003013,地铁设计,主板,深市,主板,801720.SI,建筑装饰,801726.SI,工程咨询服务Ⅱ,工程咨询服务Ⅱ,L,20201022,2162,5.92,16.2,-3.8,16.667,False,True,True,0,0,0,0,True,
003015.SZ,003015,003015,日久光电,主板,深市,主板,801080.SI,电子,801084.SI,光学光电子,光学光电子,L,20201021,2163,5.92,12.58,0.08,14.876,False,True,True,0,0,0,0,True,
003016.SZ,003016,003016,欣贺股份,主板,深市,主板,801130.SI,纺织服饰,801132.SI,服装家纺,服装家纺,L,20201026,2158,5.91,7.5,0.134,21.127,False,True,True,0,0,0,0,True,
003017.SZ,003017,003017,大洋生物,主板,深市,主板,801030.SI,基础化工,801033.SI,化学原料,化学原料,L,20201026,2158,5.91,23.0,-0.087,7.965,False,True,True,0,0,0,0,True,
003018.SZ,003018,003018,金富科技,主板,深市,主板,801140.SI,轻工制造,801141.SI,包装印刷,包装印刷,L,20201106,2147,5.88,49.27,-1.223,8.451,False,True,True,0,0,0,0,True,
003019.SZ,003019,003019,宸展光电,主板,深市,主板,801080.SI,电子,801084.SI,光学光电子,光学光电子,L,20201117,2136,5.85,27.9,-1.204,17.582,False,True,True,0,0,0,0,True,
003020.SZ,003020,003020,立方制药,主板,深市,主板,801150.SI,医药生物,801151.SI,化学制药,化学制药,L,20201215,2108,5.77,17.75,1.024,10.112,False,True,True,0,0,0,0,True,
003021.SZ,003021,003021,兆威机电,主板,深市,主板,801730.SI,电力设备,801731.SI,电机Ⅱ,电机Ⅱ,L,20201204,2119,5.8,70.75,-1.872,24.49,False,True,True,0,0,0,0,True,
003022.SZ,003022,003022,联泓新科,主板,深市,主板,801730.SI,电力设备,801735.SI,光伏设备,光伏设备,L,20201208,2115,5.79,19.47,0.309,34.483,False,True,True,0,0,0,0,True,
003023.SZ,003023,003023,彩虹集团,主板,深市,主板,801110.SI,家用电器,801113.SI,小家电,小家电,L,20201211,2112,5.78,26.09,0.462,9.023,False,True,True,0,0,0,0,True,
003025.SZ,003025,003025,思进智能,主板,深市,主板,801890.SI,机械设备,801072.SI,通用设备,通用设备,L,20201211,2112,5.78,12.41,1.472,12.195,False,True,True,0,0,0,0,True,
003026.SZ,003026,003026,中晶科技,主板,深市,主板,801080.SI,电子,801081.SI,半导体,半导体,L,20201218,2105,5.76,36.0,0.953,5.618,False,True,True,0,0,0,0,True,
003027.SZ,003027,003027,同兴科技,主板,深市,主板,801970.SI,环保,801971.SI,环境治理,环境治理,L,20201218,2105,5.76,16.53,-0.302,12.883,False,True,True,0,0,0,0,True,
003028.SZ,003028,003028,振邦智能,主板,深市,主板,801110.SI,家用电器,801116.SI,家电零部件Ⅱ,家电零部件Ⅱ,L,20201228,2095,5.74,23.86,0.042,10.526,False,True,True,0,0,0,0,True,
003029.SZ,003029,003029,吉大正元,主板,深市,主板,801750.SI,计算机,801104.SI,软件开发,软件开发,L,20201224,2099,5.75,17.48,-3.158,7.303,False,True,True,0,0,0,0,True,
003030.SZ,003030,003030,祖名股份,主板,深市,主板,801010.SI,农林牧渔,801012.SI,农产品加工,农产品加工,L,20210106,2086,5.71,27.27,-1.052,14.231,False,True,True,0,0,0,0,True,
003031.SZ,003031,003031,中瓷电子,主板,深市,主板,801770.SI,通信,801102.SI,通信设备,通信设备,L,20210104,2088,5.72,134.6,0.703,17.105,False,True,True,0,0,0,0,True,
003032.SZ,003032,003032,传智教育,主板,深市,主板,801210.SI,社会服务,801994.SI,教育,教育,L,20210112,2080,5.69,9.26,-7.028,10.309,False,True,True,0,0,0,2,True,
003033.SZ,003033,003033,征和工业,主板,深市,主板,801880.SI,汽车,801881.SI,摩托车及其他,摩托车及其他,L,20210111,2081,5.7,95.38,6.809,28.319,False,True,True,0,0,0,0,True,
003035.SZ,003035,003035,南网能源,主板,深市,主板,801160.SI,公用事业,801161.SI,电力,电力,L,20210119,2073,5.68,5.34,-2.555,29.825,False,True,True,0,0,0,0,True,
003036.SZ,003036,003036,泰坦股份,主板,深市,主板,801890.SI,机械设备,801074.SI,专用设备,专用设备,L,20210128,2064,5.65,58.8,7.456,10.145,False,True,True,0,0,0,0,True,
003037.SZ,003037,003037,三和管桩,主板,深市,主板,801710.SI,建筑材料,801711.SI,水泥,水泥,L,20210204,2057,5.63,5.84,0.516,27.119,False,True,True,0,0,0,0,True,
003038.SZ,003038,003038,鑫铂股份,主板,深市,主板,801050.SI,有色金属,801055.SI,工业金属,工业金属,L,20210210,2051,5.62,10.71,-1.562,7.407,False,True,True,0,0,0,0,True,
003039.SZ,003039,003039,顺控发展,主板,深市,主板,801970.SI,环保,801971.SI,环境治理,环境治理,L,20210308,2025,5.54,12.66,-1.171,18.321,False,True,True,0,0,0,0,True,
003040.SZ,003040,003040,楚天龙,主板,深市,主板,801770.SI,通信,801102.SI,通信设备,通信设备,L,20210322,2011,5.51,15.91,-10.011,9.467,False,True,True,0,0,0,0,True,
003041.SZ,003041,003041,真爱美家,主板,深市,主板,801130.SI,纺织服饰,801132.SI,服装家纺,服装家纺,L,20210406,1996,5.46,42.79,-2.662,16.456,False,True,True,0,0,0,0,True,
003042.SZ,003042,003042,中农联合,主板,深市,主板,801030.SI,基础化工,801038.SI,农化制品,农化制品,L,20210406,1996,5.46,14.3,-1.515,9.655,False,True,True,0,0,0,0,True,
003043.SZ,003043,003043,华亚智能,主板,深市,主板,801080.SI,电子,801081.SI,半导体,半导体,L,20210406,1996,5.46,64.82,1.519,15.888,False,True,True,0,0,0,0,True,
003816.SZ,003816,003816,中国广核,主板,深市,主板,801160.SI,公用事业,801161.SI,电力,电力,L,20190826,2585,7.08,4.18,-0.476,17.5,False,True,True,0,0,0,0,True,
300001.SZ,300001,300001,特锐德,创业板,深市,创业板,801730.SI,电力设备,801738.SI,电网设备,电网设备,L,20091030,6172,16.9,35.51,3.257,11.494,False,True,True,0,0,0,0,True,
300002.SZ,300002,300002,神州泰岳,创业板,深市,创业板,801760.SI,传媒,801764.SI,游戏Ⅱ,游戏Ⅱ,L,20091030,6172,16.9,8.05,-2.542,7.317,False,True,True,0,0,0,0,True,
300003.SZ,300003,300003,乐普医疗,创业板,深市,创业板,801150.SI,医药生物,801153.SI,医疗器械,医疗器械,L,20091030,6172,16.9,11.58,-0.258,12.903,False,True,True,0,0,0,0,True,
300004.SZ,300004,300004,南风股份,创业板,深市,创业板,801890.SI,机械设备,801074.SI,专用设备,专用设备,L,20091030,6172,16.9,7.97,-1.968,12.941,False,True,True,0,0,0,0,True,
300005.SZ,300005,300005,探路者,创业板,深市,创业板,801130.SI,纺织服饰,801132.SI,服装家纺,服装家纺,L,20091030,6172,16.9,10.88,-1.894,9.091,False,True,True,0,0,0,0,True,
300006.SZ,300006,300006,莱美药业,创业板,深市,创业板,801150.SI,医药生物,801151.SI,化学制药,化学制药,L,20091030,6172,16.9,5.62,1.079,12.963,False,True,True,0,0,0,0,True,
300007.SZ,300007,300007,汉威科技,创业板,深市,创业板,801890.SI,机械设备,801072.SI,通用设备,通用设备,L,20091030,6172,16.9,31.78,-2.635,11.765,False,True,True,0,0,0,0,True,
300008.SZ,300008,300008,天海防务,创业板,深市,创业板,801740.SI,国防军工,801744.SI,航海装备Ⅱ,航海装备Ⅱ,L,20091030,6172,16.9,6.29,-2.782,6.25,False,True,True,0,0,0,0,True,
300009.SZ,300009,300009,安科生物,创业板,深市,创业板,801150.SI,医药生物,801152.SI,生物制品,生物制品,L,20091030,6172,16.9,8.46,-0.704,9.412,False,True,True,0,0,0,0,True,
300010.SZ,300010,300010,ST豆神,创业板,深市,创业板,801210.SI,社会服务,801994.SI,教育,教育,L,20091030,6172,16.9,5.27,-0.94,17.647,True,True,True,0,0,0,0,False,ST
300011.SZ,300011,300011,鼎汉技术,创业板,深市,创业板,801890.SI,机械设备,801076.SI,轨交设备Ⅱ,轨交设备Ⅱ,L,20091030,6172,16.9,5.88,-0.17,11.667,False,True,True,0,0,0,0,True,
300012.SZ,300012,300012,华测检测,创业板,深市,创业板,801210.SI,社会服务,801218.SI,专业服务,专业服务,L,20091030,6172,16.9,14.85,0.815,8.163,False,True,True,0,0,0,0,True,
300013.SZ,300013,300013,新宁物流,创业板,深市,创业板,801170.SI,交通运输,801178.SI,物流,物流,L,20091030,6172,16.9,4.33,-1.142,9.524,False,True,True,0,0,0,0,True,
300014.SZ,300014,300014,亿纬锂能,创业板,深市,创业板,801730.SI,电力设备,801737.SI,电池,电池,L,20091030,6172,16.9,50.03,-1.029,13.889,False,True,True,0,0,0,0,True,
300015.SZ,300015,300015,爱尔眼科,创业板,深市,创业板,801150.SI,医药生物,801156.SI,医疗服务,医疗服务,L,20091030,6172,16.9,8.01,-0.744,23.81,False,True,True,0,0,0,0,True,
300016.SZ,300016,300016,北陆药业,创业板,深市,创业板,801150.SI,医药生物,801151.SI,化学制药,化学制药,L,20091030,6172,16.9,10.29,8.774,13.043,False,True,True,0,0,0,0,True,
300017.SZ,300017,300017,网宿科技,创业板,深市,创业板,801750.SI,计算机,801103.SI,IT服务Ⅱ,IT服务Ⅱ,L,20091030,6172,16.9,15.32,-3.769,9.091,False,True,True,0,0,0,0,True,
300018.SZ,300018,300018,中元股份,创业板,深市,创业板,801730.SI,电力设备,801738.SI,电网设备,电网设备,L,20091030,6172,16.9,12.02,0.25,6.78,False,True,True,0,0,0,0,True,
300019.SZ,300019,300019,硅宝科技,创业板,深市,创业板,801030.SI,基础化工,801034.SI,化学制品,化学制品,L,20091030,6172,16.9,14.39,0.7,9.722,False,True,True,0,0,0,0,True,
300020.SZ,300020,300020,ST银江,创业板,深市,创业板,801750.SI,计算机,801103.SI,IT服务Ⅱ,IT服务Ⅱ,L,20091030,6172,16.9,3.8,-1.299,18.421,True,True,True,0,0,0,0,False,ST
300021.SZ,300021,300021,大禹节水,创业板,深市,创业板,801010.SI,农林牧渔,801019.SI,农业综合Ⅱ,农业综合Ⅱ,L,20091030,6172,16.9,3.87,-1.527,12.5,False,True,True,0,0,0,0,True,
300022.SZ,300022,300022,吉峰科技,创业板,深市,创业板,801200.SI,商贸零售,801204.SI,专业连锁Ⅱ,专业连锁Ⅱ,L,20091030,6172,16.9,7.92,-0.252,6.173,False,True,True,0,0,0,0,True,
300024.SZ,300024,300024,机器人,创业板,深市,创业板,801890.SI,机械设备,801078.SI,自动化设备,自动化设备,L,20091030,6172,16.9,13.22,-0.226,20.896,False,True,True,0,0,0,0,True,
300025.SZ,300025,300025,华星创业,创业板,深市,创业板,801770.SI,通信,801223.SI,通信服务,通信服务,L,20091030,6172,16.9,5.88,-1.342,17.544,False,True,True,0,0,0,0,True,
300026.SZ,300026,300026,红日药业,创业板,深市,创业板,801150.SI,医药生物,801155.SI,中药Ⅱ,中药Ⅱ,L,20091030,6172,16.9,3.25,-2.695,9.091,False,True,True,0,0,0,0,True,
300027.SZ,300027,300027,ST华谊,创业板,深市,创业板,801760.SI,传媒,801766.SI,影视院线,影视院线,L,20091030,6172,16.9,1.68,-2.326,22.222,True,True,True,0,0,0,0,False,ST
300030.SZ,300030,300030,阳普医疗,创业板,深市,创业板,801150.SI,医药生物,801153.SI,医疗器械,医疗器械,L,20091225,6116,16.74,6.81,-1.59,7.353,False,True,True,0,0,0,0,True,
300031.SZ,300031,300031,宝通科技,创业板,深市,创业板,801760.SI,传媒,801764.SI,游戏Ⅱ,游戏Ⅱ,L,20091225,6116,16.74,21.63,1.217,5.66,False,True,True,0,0,0,0,True,
300032.SZ,300032,300032,金龙机电,创业板,深市,创业板,801080.SI,电子,801085.SI,消费电子,消费电子,L,20091225,6116,16.74,3.84,-2.041,11.111,False,True,True,0,0,0,0,True,
300033.SZ,300033,300033,同花顺,创业板,深市,创业板,801750.SI,计算机,801104.SI,软件开发,软件开发,L,20091225,6116,16.74,208.64,-0.728,10.959,False,True,True,0,0,0,0,True,
300034.SZ,300034,300034,钢研高纳,创业板,深市,创业板,801740.SI,国防军工,801742.SI,航空装备Ⅱ,航空装备Ⅱ,L,20091225,6116,16.74,15.92,-0.81,11.321,False,True,True,0,0,0,0,True,
300035.SZ,300035,300035,中科电气,创业板,深市,创业板,801730.SI,电力设备,801737.SI,电池,电池,L,20091225,6116,16.74,12.55,0.0,12.121,False,True,True,0,0,0,0,True,
300036.SZ,300036,300036,超图软件,创业板,深市,创业板,801750.SI,计算机,801104.SI,软件开发,软件开发,L,20091225,6116,16.74,10.22,-1.731,11.429,False,True,True,0,0,0,0,True,
300037.SZ,300037,300037,新宙邦,创业板,深市,创业板,801730.SI,电力设备,801737.SI,电池,电池,L,20100108,6102,16.71,72.37,2.29,15.294,False,True,True,0,0,0,0,True,
300039.SZ,300039,300039,上海凯宝,创业板,深市,创业板,801150.SI,医药生物,801155.SI,中药Ⅱ,中药Ⅱ,L,20100108,6102,16.71,5.2,-1.887,12.727,False,True,True,0,0,0,0,True,
300040.SZ,300040,300040,九洲集团,创业板,深市,创业板,801160.SI,公用事业,801161.SI,电力,电力,L,20100108,6102,16.71,5.66,-3.082,6.78,False,True,True,0,0,0,0,True,
300041.SZ,300041,300041,回天新材,创业板,深市,创业板,801030.SI,基础化工,801034.SI,化学制品,化学制品,L,20100108,6102,16.71,11.42,2.606,6.364,False,True,True,0,0,0,0,True,
300042.SZ,300042,300042,朗科科技,创业板,深市,创业板,801750.SI,计算机,801101.SI,计算机设备,计算机设备,L,20100108,6102,16.71,40.64,1.372,6.061,False,True,True,0,0,0,0,True,
300043.SZ,300043,300043,星辉娱乐,创业板,深市,创业板,801760.SI,传媒,801764.SI,游戏Ⅱ,游戏Ⅱ,L,20100120,6090,16.67,4.37,-3.104,8.696,False,True,True,0,0,0,0,True,
300044.SZ,300044,300044,*ST赛为,创业板,深市,创业板,801750.SI,计算机,801103.SI,IT服务Ⅱ,IT服务Ⅱ,L,20100120,6090,16.67,6.13,-1.763,16.949,True,True,True,0,0,0,0,False,ST
300045.SZ,300045,300045,华力创通,创业板,深市,创业板,801740.SI,国防军工,801745.SI,军工电子Ⅱ,军工电子Ⅱ,L,20100120,6090,16.67,11.8,-2.156,13.115,False,True,True,0,0,0,0,True,
300046.SZ,300046,300046,台基股份,创业板,深市,创业板,801080.SI,电子,801081.SI,半导体,半导体,L,20100120,6090,16.67,25.14,0.761,7.317,False,True,True,0,0,0,0,True,
300047.SZ,300047,300047,天源迪科,创业板,深市,创业板,801750.SI,计算机,801104.SI,软件开发,软件开发,L,20100120,6090,16.67,9.27,-0.536,8.602,False,True,True,0,0,0,0,True,
300048.SZ,300048,300048,合康新能,创业板,深市,创业板,801890.SI,机械设备,801078.SI,自动化设备,自动化设备,L,20100120,6090,16.67,4.77,-2.053,20.0,False,True,True,0,0,0,0,True,
300049.SZ,300049,300049,福瑞医科,创业板,深市,创业板,801150.SI,医药生物,801153.SI,医疗器械,医疗器械,L,20100120,6090,16.67,49.6,1.806,16.327,False,True,True,0,0,0,0,True,
300050.SZ,300050,300050,世纪鼎利,创业板,深市,创业板,801770.SI,通信,801223.SI,通信服务,通信服务,L,20100120,6090,16.67,7.58,0.798,8.333,False,True,True,0,0,0,0,True,
300051.SZ,300051,300051,琏升科技,创业板,深市,创业板,801730.SI,电力设备,801735.SI,光伏设备,光伏设备,L,20100211,6068,16.61,8.26,-1.432,4.762,False,True,True,0,0,0,0,True,
300052.SZ,300052,300052,中青宝,创业板,深市,创业板,801760.SI,传媒,801764.SI,游戏Ⅱ,游戏Ⅱ,L,20100211,6068,16.61,10.25,-3.302,11.215,False,True,True,0,0,0,0,True,
300053.SZ,300053,300053,航宇微,创业板,深市,创业板,801080.SI,电子,801081.SI,半导体,半导体,L,20100211,6068,16.61,12.24,-0.971,8.197,False,True,True,0,0,0,0,True,
300054.SZ,300054,300054,鼎龙股份,创业板,深市,创业板,801080.SI,电子,801086.SI,电子化学品Ⅱ,电子化学品Ⅱ,L,20100211,6068,16.61,71.13,0.084,11.392,False,True,True,0,0,0,0,True,
300055.SZ,300055,300055,万邦达,创业板,深市,创业板,801960.SI,石油石化,801963.SI,炼化及贸易,炼化及贸易,L,20100226,6053,16.57,5.82,-1.855,8.333,False,True,True,0,0,0,0,True,
300056.SZ,300056,300056,中创环保,创业板,深市,创业板,801970.SI,环保,801971.SI,环境治理,环境治理,L,20100226,6053,16.57,7.81,1.035,10.843,False,True,True,0,0,0,0,True,
300057.SZ,300057,300057,万顺新材,创业板,深市,创业板,801050.SI,有色金属,801055.SI,工业金属,工业金属,L,20100226,6053,16.57,6.62,0.151,6.154,False,True,True,0,0,0,0,True,
300058.SZ,300058,300058,蓝色光标,创业板,深市,创业板,801760.SI,传媒,801765.SI,广告营销,广告营销,L,20100226,6053,16.57,13.52,-3.772,7.353,False,True,True,0,0,0,0,True,
300059.SZ,300059,300059,东方财富,创业板,深市,创业板,801790.SI,非银金融,801193.SI,证券Ⅱ,证券Ⅱ,L,20100319,6032,16.51,18.65,-0.639,8.247,False,True,True,0,0,0,0,True,
300061.SZ,300061,300061,旗天科技,创业板,深市,创业板,801760.SI,传媒,801765.SI,广告营销,广告营销,L,20100319,6032,16.51,7.0,-1.409,5.882,False,True,True,0,0,0,0,True,
300062.SZ,300062,300062,中能电气,创业板,深市,创业板,801730.SI,电力设备,801738.SI,电网设备,电网设备,L,20100319,6032,16.51,6.09,-4.095,4.687,False,True,True,0,0,0,0,True,
300063.SZ,300063,300063,天龙集团,创业板,深市,创业板,801760.SI,传媒,801765.SI,广告营销,广告营销,L,20100326,6025,16.5,8.6,-4.972,8.989,False,True,True,0,0,0,0,True,
300065.SZ,300065,300065,海兰信,创业板,深市,创业板,801740.SI,国防军工,801744.SI,航海装备Ⅱ,航海装备Ⅱ,L,20100326,6025,16.5,15.32,-3.222,5.063,False,True,True,0,0,0,0,True,
300066.SZ,300066,300066,三川智慧,创业板,深市,创业板,801890.SI,机械设备,801072.SI,通用设备,通用设备,L,20100326,6025,16.5,4.74,-0.42,14.286,False,True,True,0,0,0,0,True,
300067.SZ,300067,300067,安诺其,创业板,深市,创业板,801030.SI,基础化工,801034.SI,化学制品,化学制品,L,20100421,5999,16.42,5.33,-3.442,9.091,False,True,True,0,0,0,0,True,
300068.SZ,300068,300068,ST南都,创业板,深市,创业板,801730.SI,电力设备,801737.SI,电池,电池,L,20100421,5999,16.42,4.15,-3.037,11.628,True,True,True,0,0,0,0,False,ST
300069.SZ,300069,300069,金利华电,创业板,深市,创业板,801730.SI,电力设备,801738.SI,电网设备,电网设备,L,20100421,5999,16.42,24.82,-2.971,7.115,False,True,True,0,0,0,1,True,
300070.SZ,300070,300070,碧水源,创业板,深市,创业板,801970.SI,环保,801971.SI,环境治理,环境治理,L,20100421,5999,16.42,3.42,0.293,11.765,False,True,True,0,0,0,0,True,
300071.SZ,300071,300071,福石控股,创业板,深市,创业板,801760.SI,传媒,801765.SI,广告营销,广告营销,L,20100421,5999,16.42,4.09,-5.543,7.143,False,True,True,0,0,0,0,True,
300072.SZ,300072,300072,海新能科,创业板,深市,创业板,801030.SI,基础化工,801034.SI,化学制品,化学制品,L,20100427,5993,16.41,3.48,-3.601,11.111,False,True,True,0,0,0,0,True,
300073.SZ,300073,300073,当升科技,创业板,深市,创业板,801730.SI,电力设备,801737.SI,电池,电池,L,20100427,5993,16.41,38.21,-0.573,11.111,False,True,True,0,0,0,0,True,
300074.SZ,300074,300074,华平股份,创业板,深市,创业板,801750.SI,计算机,801104.SI,软件开发,软件开发,L,20100427,5993,16.41,3.82,-3.535,5.263,False,True,True,0,0,0,0,True,
300075.SZ,300075,300075,数字政通,创业板,深市,创业板,801750.SI,计算机,801104.SI,软件开发,软件开发,L,20100427,5993,16.41,10.33,-1.992,8.257,False,True,True,0,0,0,0,True,
300076.SZ,300076,300076,*ST宁视,创业板,深市,创业板,801080.SI,电子,801084.SI,光学光电子,光学光电子,L,20100430,5990,16.4,4.27,-1.386,11.111,True,True,True,0,0,0,0,False,ST
300077.SZ,300077,300077,国民技术,创业板,深市,创业板,801080.SI,电子,801081.SI,半导体,半导体,L,20100430,5990,16.4,22.78,0.352,12.329,False,True,True,0,0,0,0,True,
300078.SZ,300078,300078,思创智联,创业板,深市,创业板,801750.SI,计算机,801103.SI,IT服务Ⅱ,IT服务Ⅱ,L,20100430,5990,16.4,2.69,-4.271,14.286,False,True,True,0,0,0,0,True,
300079.SZ,300079,300079,数码视讯,创业板,深市,创业板,801750.SI,计算机,801103.SI,IT服务Ⅱ,IT服务Ⅱ,L,20100430,5990,16.4,4.82,-1.833,12.245,False,True,True,0,0,0,0,True,
300080.SZ,300080,300080,易成新能,创业板,深市,创业板,801730.SI,电力设备,801735.SI,光伏设备,光伏设备,L,20100625,5934,16.25,3.65,-1.882,23.684,False,True,True,0,0,0,0,True,
300081.SZ,300081,300081,ST恒信,创业板,深市,创业板,801770.SI,通信,801223.SI,通信服务,通信服务,L,20100520,5970,16.34,3.35,-3.179,25.0,True,True,True,0,0,0,0,False,ST
300082.SZ,300082,300082,奥克股份,创业板,深市,创业板,801030.SI,基础化工,801033.SI,化学原料,化学原料,L,20100520,5970,16.34,,,,False,True,False,3,3,3,3,False,近60日停牌、无最新行情
300083.SZ,300083,300083,创世纪,创业板,深市,创业板,801890.SI,机械设备,801078.SI,自动化设备,自动化设备,L,20100520,5970,16.34,12.5,0.644,11.111,False,True,True,0,0,0,0,True,
300084.SZ,300084,300084,海默科技,创业板,深市,创业板,801890.SI,机械设备,801074.SI,专用设备,专用设备,L,20100520,5970,16.34,10.2,-2.857,11.321,False,True,True,0,0,0,0,True,
300085.SZ,300085,300085,银之杰,创业板,深市,创业板,801750.SI,计算机,801104.SI,软件开发,软件开发,L,20100526,5964,16.33,31.28,-1.356,9.554,False,True,True,0,0,0,0,True,
300086.SZ,300086,300086,康芝药业,创业板,深市,创业板,801150.SI,医药生物,801151.SI,化学制药,化学制药,L,20100526,5964,16.33,5.49,-5.017,19.298,False,True,True,0,0,0,0,True,
300087.SZ,300087,300087,ST荃银,创业板,深市,创业板,801010.SI,农林牧渔,801016.SI,种植业,种植业,L,20100526,5964,16.33,5.62,-1.748,17.241,True,True,True,0,0,0,2,False,ST
300088.SZ,300088,300088,长信科技,创业板,深市,创业板,801080.SI,电子,801084.SI,光学光电子,光学光电子,L,20100526,5964,16.33,7.36,1.377,6.944,False,True,True,0,0,0,0,True,
300091.SZ,300091,300091,*ST金灵,创业板,深市,创业板,801890.SI,机械设备,801072.SI,通用设备,通用设备,L,20100625,5934,16.25,2.41,-1.633,22.222,True,True,True,0,0,0,0,False,ST
300092.SZ,300092,300092,科新机电,创业板,深市,创业板,801890.SI,机械设备,801074.SI,专用设备,专用设备,L,20100708,5921,16.21,11.24,-0.707,8.547,False,True,True,0,0,0,0,True,
300093.SZ,300093,300093,金刚光伏,创业板,深市,创业板,801730.SI,电力设备,801735.SI,光伏设备,光伏设备,L,20100708,5921,16.21,21.72,0.046,15.517,False,True,True,0,0,0,2,True,
300094.SZ,300094,300094,国联水产,创业板,深市,创业板,801010.SI,农林牧渔,801015.SI,渔业,渔业,L,20100708,5921,16.21,2.95,-2.64,13.333,False,True,True,0,0,0,0,True,
300095.SZ,300095,300095,华伍股份,创业板,深市,创业板,801890.SI,机械设备,801074.SI,专用设备,专用设备,L,20100728,5901,16.16,8.97,-0.444,11.494,False,True,True,0,0,0,0,True,
300096.SZ,300096,300096,ST易联众,创业板,深市,创业板,801750.SI,计算机,801103.SI,IT服务Ⅱ,IT服务Ⅱ,L,20100728,5901,16.16,9.02,-2.063,14.13,True,True,True,0,0,0,0,False,ST
300097.SZ,300097,300097,智云股份,创业板,深市,创业板,801890.SI,机械设备,801078.SI,自动化设备,自动化设备,L,20100728,5901,16.16,10.75,-2.538,14.151,False,True,True,0,0,0,0,True,
300098.SZ,300098,300098,高新兴,创业板,深市,创业板,801770.SI,通信,801102.SI,通信设备,通信设备,L,20100728,5901,16.16,4.28,-2.727,8.889,False,True,True,0,0,0,0,True,
300099.SZ,300099,300099,尤洛卡,创业板,深市,创业板,801890.SI,机械设备,801074.SI,专用设备,专用设备,L,20100806,5892,16.13,6.46,2.054,6.452,False,True,True,0,0,0,0,True,
300100.SZ,300100,300100,双林股份,创业板,深市,创业板,801880.SI,汽车,801093.SI,汽车零部件,汽车零部件,L,20100806,5892,16.13,20.72,0.68,39.286,False,True,True,0,0,0,0,True,
300101.SZ,300101,300101,振芯科技,创业板,深市,创业板,801740.SI,国防军工,801745.SI,军工电子Ⅱ,军工电子Ⅱ,L,20100806,5892,16.13,14.33,0.987,16.667,False,True,True,0,0,0,0,True,
300102.SZ,300102,300102,乾照光电,创业板,深市,创业板,801080.SI,电子,801084.SI,光学光电子,光学光电子,L,20100812,5886,16.11,16.71,-1.474,11.364,False,True,True,0,0,0,0,True,
300103.SZ,300103,300103,达刚控股,创业板,深市,创业板,801890.SI,机械设备,801074.SI,专用设备,专用设备,L,20100812,5886,16.11,8.08,1.126,15.0,False,True,True,0,0,0,0,True,
300105.SZ,300105,300105,龙源技术,创业板,深市,创业板,801970.SI,环保,801972.SI,环保设备Ⅱ,环保设备Ⅱ,L,20100820,5878,16.09,7.28,-0.952,17.105,False,True,True,0,0,0,0,True,
300106.SZ,300106,300106,西部牧业,创业板,深市,创业板,801120.SI,食品饮料,801127.SI,饮料乳品,饮料乳品,L,20100820,5878,16.09,10.71,-2.281,11.009,False,True,True,0,0,0,0,True,
300107.SZ,300107,300107,建新股份,创业板,深市,创业板,801030.SI,基础化工,801034.SI,化学制品,化学制品,L,20100820,5878,16.09,6.7,-0.149,10.448,False,True,True,0,0,0,0,True,
300109.SZ,300109,300109,新开源,创业板,深市,创业板,801030.SI,基础化工,801034.SI,化学制品,化学制品,L,20100825,5873,16.08,13.28,-0.895,18.519,False,True,True,0,0,0,0,True,
300110.SZ,300110,300110,华仁药业,创业板,深市,创业板,801150.SI,医药生物,801151.SI,化学制药,化学制药,L,20100825,5873,16.08,3.65,-7.595,22.222,False,True,True,0,0,0,0,True,
300111.SZ,300111,300111,向日葵,创业板,深市,创业板,801150.SI,医药生物,801151.SI,化学制药,化学制药,L,20100827,5871,16.07,2.99,-4.167,6.667,False,True,True,0,0,0,0,True,
300112.SZ,300112,300112,万讯自控,创业板,深市,创业板,801890.SI,机械设备,801072.SI,通用设备,通用设备,L,20100827,5871,16.07,11.85,1.892,5.172,False,True,True,0,0,0,0,True,
300113.SZ,300113,300113,顺网科技,创业板,深市,创业板,801760.SI,传媒,801764.SI,游戏Ⅱ,游戏Ⅱ,L,20100827,5871,16.07,16.76,-3.401,9.467,False,True,True,0,0,0,0,True,
300115.SZ,300115,300115,长盈精密,创业板,深市,创业板,801080.SI,电子,801085.SI,消费电子,消费电子,L,20100902,5865,16.06,23.96,-1.237,18.033,False,True,True,0,0,0,0,True,
300118.SZ,300118,300118,东方日升,创业板,深市,创业板,801730.SI,电力设备,801735.SI,光伏设备,光伏设备,L,20100902,5865,16.06,9.22,-0.108,12.766,False,True,True,0,0,0,0,True,
300119.SZ,300119,300119,瑞普生物,创业板,深市,创业板,801010.SI,农林牧渔,801018.SI,动物保健Ⅱ,动物保健Ⅱ,L,20100917,5850,16.02,17.14,-0.465,12.5,False,True,True,0,0,0,0,True,
300120.SZ,300120,300120,经纬辉开,创业板,深市,创业板,801080.SI,电子,801084.SI,光学光电子,光学光电子,L,20100917,5850,16.02,7.38,-1.992,9.333,False,True,True,0,0,0,0,True,
300121.SZ,300121,300121,阳谷华泰,创业板,深市,创业板,801030.SI,基础化工,801037.SI,橡胶,橡胶,L,20100917,5850,16.02,9.91,1.226,4.124,False,True,True,0,0,0,0,True,
300122.SZ,300122,300122,智飞生物,创业板,深市,创业板,801150.SI,医药生物,801152.SI,生物制品,生物制品,L,20100928,5839,15.99,13.44,0.674,18.75,False,True,True,0,0,0,0,True,
300123.SZ,300123,300123,ST亚光,创业板,深市,创业板,801740.SI,国防军工,801745.SI,军工电子Ⅱ,军工电子Ⅱ,L,20100928,5839,15.99,4.37,-3.956,13.043,True,True,True,0,0,0,0,False,ST
300124.SZ,300124,300124,汇川技术,创业板,深市,创业板,801890.SI,机械设备,801078.SI,自动化设备,自动化设备,L,20100928,5839,15.99,52.72,-2.461,26.471,False,True,True,0,0,0,0,True,
300125.SZ,300125,300125,聆达股份,创业板,深市,创业板,801160.SI,公用事业,801161.SI,电力,电力,L,20101013,5824,15.95,8.89,-1.441,9.677,False,True,True,0,2,2,2,False,近60日停牌
300126.SZ,300126,300126,锐奇股份,创业板,深市,创业板,801890.SI,机械设备,801072.SI,通用设备,通用设备,L,20101013,5824,15.95,6.6,-0.602,15.625,False,True,True,0,0,0,0,True,
300127.SZ,300127,300127,银河磁体,创业板,深市,创业板,801050.SI,有色金属,801051.SI,金属新材料,金属新材料,L,20101013,5824,15.95,24.15,-1.669,11.29,False,True,True,0,0,0,0,True,
300128.SZ,300128,300128,锦富技术,创业板,深市,创业板,801730.SI,电力设备,801737.SI,电池,电池,L,20101013,5824,15.95,4.98,-1.775,14.286,False,True,True,0,0,0,0,True,
300129.SZ,300129,300129,泰胜风能,创业板,深市,创业板,801730.SI,电力设备,801736.SI,风电设备,风电设备,L,20101019,5818,15.93,7.36,-2.646,8.0,False,True,True,0,0,0,0,True,
300130.SZ,300130,300130,新国都,创业板,深市,创业板,801750.SI,计算机,801101.SI,计算机设备,计算机设备,L,20101019,5818,15.93,18.22,-1.193,9.524,False,True,True,0,0,0,0,True,
300131.SZ,300131,300131,英唐智控,创业板,深市,创业板,801080.SI,电子,801082.SI,其他电子Ⅱ,其他电子Ⅱ,L,20101019,5818,15.93,15.23,-2.247,5.063,False,True,True,0,0,0,0,True,
300132.SZ,300132,300132,诺斯贝尔,创业板,深市,创业板,801980.SI,美容护理,801982.SI,化妆品,化妆品,L,20101026,5811,15.91,6.24,-1.266,9.375,False,True,True,0,0,0,0,True,
300133.SZ,300133,300133,华策影视,创业板,深市,创业板,801760.SI,传媒,801766.SI,影视院线,影视院线,L,20101026,5811,15.91,7.47,-1.06,8.108,False,True,True,0,0,0,0,True,
300134.SZ,300134,300134,大富科技,创业板,深市,创业板,801770.SI,通信,801102.SI,通信设备,通信设备,L,20101026,5811,15.91,8.47,-1.397,14.286,False,True,True,0,0,0,0,True,
300135.SZ,300135,300135,宝利国际,创业板,深市,创业板,801960.SI,石油石化,801963.SI,炼化及贸易,炼化及贸易,L,20101026,5811,15.91,3.42,-2.841,14.286,False,True,True,0,0,0,0,True,
300136.SZ,300136,300136,信维通信,创业板,深市,创业板,801080.SI,电子,801085.SI,消费电子,消费电子,L,20101105,5801,15.88,58.01,-1.977,8.219,False,True,True,0,0,0,0,True,
300137.SZ,300137,300137,先河环保,创业板,深市,创业板,801970.SI,环保,801972.SI,环保设备Ⅱ,环保设备Ⅱ,L,20101105,5801,15.88,10.26,-10.705,11.712,False,True,True,0,0,0,0,True,
300138.SZ,300138,300138,晨光生物,创业板,深市,创业板,801010.SI,农林牧渔,801012.SI,农产品加工,农产品加工,L,20101105,5801,15.88,11.45,-1.037,9.649,False,True,True,0,0,0,0,True,
300139.SZ,300139,300139,晓程科技,创业板,深市,创业板,801050.SI,有色金属,801053.SI,贵金属,贵金属,L,20101112,5794,15.86,46.88,-0.678,4.149,False,True,True,0,0,0,0,True,
300140.SZ,300140,300140,节能环境,创业板,深市,创业板,801970.SI,环保,801971.SI,环境治理,环境治理,L,20101112,5794,15.86,5.35,-0.926,30.769,False,True,True,0,0,0,0,True,
300141.SZ,300141,300141,和顺电气,创业板,深市,创业板,801730.SI,电力设备,801738.SI,电网设备,电网设备,L,20101112,5794,15.86,9.82,-2.094,7.843,False,True,True,0,0,0,0,True,
300142.SZ,300142,300142,沃森生物,创业板,深市,创业板,801150.SI,医药生物,801152.SI,生物制品,生物制品,L,20101112,5794,15.86,14.08,0.428,8.148,False,True,True,0,0,0,0,True,
300143.SZ,300143,300143,盈康生命,创业板,深市,创业板,801150.SI,医药生物,801156.SI,医疗服务,医疗服务,L,20101209,5767,15.79,7.85,0.77,11.538,False,True,True,0,0,0,0,True,
300144.SZ,300144,300144,宋城演艺,创业板,深市,创业板,801210.SI,社会服务,801993.SI,旅游及景区,旅游及景区,L,20101209,5767,15.79,5.77,-0.859,6.667,False,True,True,0,0,0,0,True,
300145.SZ,300145,300145,南方泵业,创业板,深市,创业板,801890.SI,机械设备,801072.SI,通用设备,通用设备,L,20101209,5767,15.79,5.16,0.194,12.245,False,True,True,0,0,0,0,True,
300146.SZ,300146,300146,汤臣倍健,创业板,深市,创业板,801120.SI,食品饮料,801124.SI,食品加工,食品加工,L,20101215,5761,15.77,9.42,-0.106,10.204,False,True,True,0,0,0,0,True,
300147.SZ,300147,300147,*ST香雪,创业板,深市,创业板,801150.SI,医药生物,801155.SI,中药Ⅱ,中药Ⅱ,L,20101215,5761,15.77,6.33,-3.506,42.424,True,True,True,0,0,0,0,False,ST
300148.SZ,300148,300148,天舟文化,创业板,深市,创业板,801760.SI,传媒,801769.SI,出版,出版,L,20101215,5761,15.77,3.54,-3.542,5.556,False,True,True,0,0,0,0,True,
300149.SZ,300149,300149,睿智医药,创业板,深市,创业板,801150.SI,医药生物,801156.SI,医疗服务,医疗服务,L,20101222,5754,15.75,10.01,0.301,10.309,False,True,True,0,0,0,0,True,
300150.SZ,300150,300150,世纪瑞尔,创业板,深市,创业板,801750.SI,计算机,801103.SI,IT服务Ⅱ,IT服务Ⅱ,L,20101222,5754,15.75,4.16,-2.118,9.524,False,True,True,0,0,0,0,True,
300151.SZ,300151,300151,昌红科技,创业板,深市,创业板,801890.SI,机械设备,801074.SI,专用设备,专用设备,L,20101222,5754,15.75,21.16,-0.189,24.0,False,True,True,0,0,0,0,True,
300152.SZ,300152,300152,*ST动力,创业板,深市,创业板,801970.SI,环保,801971.SI,环境治理,环境治理,L,20101229,5747,15.73,1.66,-1.775,5.882,True,True,True,0,0,0,0,False,ST
300153.SZ,300153,300153,科泰电源,创业板,深市,创业板,801730.SI,电力设备,801733.SI,其他电源设备Ⅱ,其他电源设备Ⅱ,L,20101229,5747,15.73,27.55,-0.217,18.868,False,True,True,0,0,0,0,True,
300154.SZ,300154,300154,瑞凌股份,创业板,深市,创业板,801890.SI,机械设备,801072.SI,通用设备,通用设备,L,20101229,5747,15.73,13.97,2.344,12.687,False,True,True,0,0,0,0,True,
300155.SZ,300155,300155,安居宝,创业板,深市,创业板,801750.SI,计算机,801101.SI,计算机设备,计算机设备,L,20110107,5738,15.71,5.06,11.947,17.391,False,True,True,0,0,0,0,True,
300157.SZ,300157,300157,新锦动力,创业板,深市,创业板,801890.SI,机械设备,801072.SI,通用设备,通用设备,L,20110107,5738,15.71,3.69,-3.655,10.0,False,True,True,0,0,0,0,True,
300158.SZ,300158,300158,振东制药,创业板,深市,创业板,801150.SI,医药生物,801155.SI,中药Ⅱ,中药Ⅱ,L,20110107,5738,15.71,5.28,-2.041,11.111,False,True,True,0,0,0,0,True,
300159.SZ,300159,300159,新研股份,创业板,深市,创业板,801890.SI,机械设备,801074.SI,专用设备,专用设备,L,20110107,5738,15.71,2.84,-3.072,20.0,False,True,True,0,0,0,2,True,
300160.SZ,300160,300160,秀强股份,创业板,深市,创业板,801110.SI,家用电器,801116.SI,家电零部件Ⅱ,家电零部件Ⅱ,L,20110113,5732,15.69,4.47,0.903,20.455,False,True,True,0,0,0,0,True,
300161.SZ,300161,300161,华中数控,创业板,深市,创业板,801890.SI,机械设备,801072.SI,通用设备,通用设备,L,20110113,5732,15.69,27.01,-1.782,16.176,False,True,True,0,0,0,0,True,
300162.SZ,300162,300162,雷曼光电,创业板,深市,创业板,801080.SI,电子,801084.SI,光学光电子,光学光电子,L,20110113,5732,15.69,8.11,3.05,6.329,False,True,True,0,0,0,0,True,
300163.SZ,300163,300163,先锋新材,创业板,深市,创业板,801030.SI,基础化工,801034.SI,化学制品,化学制品,L,20110113,5732,15.69,8.09,-0.492,14.286,False,True,True,0,0,0,0,True,
300164.SZ,300164,300164,通源石油,创业板,深市,创业板,801960.SI,石油石化,801962.SI,油服工程,油服工程,L,20110113,5732,15.69,8.92,-5.808,6.522,False,True,True,0,0,0,0,True,
300165.SZ,300165,300165,天瑞仪器,创业板,深市,创业板,801890.SI,机械设备,801072.SI,通用设备,通用设备,L,20110125,5720,15.66,5.19,2.165,7.843,False,True,True,0,0,0,0,True,
300166.SZ,300166,300166,东方国信,创业板,深市,创业板,801750.SI,计算机,801103.SI,IT服务Ⅱ,IT服务Ⅱ,L,20110125,5720,15.66,12.78,1.59,10.317,False,True,True,0,0,0,0,True,
300167.SZ,300167,300167,ST迪威迅,创业板,深市,创业板,801750.SI,计算机,801103.SI,IT服务Ⅱ,IT服务Ⅱ,L,20110125,5720,15.66,4.0,-3.846,21.951,True,True,True,0,0,0,0,False,ST
300168.SZ,300168,300168,万达信息,创业板,深市,创业板,801750.SI,计算机,801103.SI,IT服务Ⅱ,IT服务Ⅱ,L,20110125,5720,15.66,4.75,-2.464,20.0,False,True,True,0,0,0,0,True,
300169.SZ,300169,300169,天晟新材,创业板,深市,创业板,801030.SI,基础化工,801034.SI,化学制品,化学制品,L,20110125,5720,15.66,5.55,0.0,7.143,False,True,True,0,0,0,0,True,
300170.SZ,300170,300170,汉得信息,创业板,深市,创业板,801750.SI,计算机,801103.SI,IT服务Ⅱ,IT服务Ⅱ,L,20110201,5713,15.64,15.7,-3.086,11.25,False,True,True,0,0,0,0,True,
300171.SZ,300171,300171,东富龙,创业板,深市,创业板,801150.SI,医药生物,801153.SI,医疗器械,医疗器械,L,20110201,5713,15.64,16.32,3.226,20.833,False,True,True,0,0,0,0,True,
300172.SZ,300172,300172,中电环保,创业板,深市,创业板,801970.SI,环保,801971.SI,环境治理,环境治理,L,20110201,5713,15.64,4.48,-0.885,8.889,False,True,True,0,0,0,0,True,
300173.SZ,300173,300173,ST福能,创业板,深市,创业板,801730.SI,电力设备,801737.SI,电池,电池,L,20110201,5713,15.64,3.36,0.298,21.212,True,True,True,0,0,0,0,False,ST
300174.SZ,300174,300174,元力股份,创业板,深市,创业板,801030.SI,基础化工,801034.SI,化学制品,化学制品,L,20110201,5713,15.64,19.29,3.21,6.452,False,True,True,0,0,0,0,True,
300175.SZ,300175,300175,朗源股份,创业板,深市,创业板,801010.SI,农林牧渔,801012.SI,农产品加工,农产品加工,L,20110215,5699,15.6,5.39,-2.708,12.069,False,True,True,0,0,0,2,True,
300176.SZ,300176,300176,鸿特科技,创业板,深市,创业板,801880.SI,汽车,801093.SI,汽车零部件,汽车零部件,L,20110215,5699,15.6,4.38,-1.129,11.364,False,True,True,0,7,7,7,False,近60日停牌
300177.SZ,300177,300177,中海达,创业板,深市,创业板,801740.SI,国防军工,801745.SI,军工电子Ⅱ,军工电子Ⅱ,L,20110215,5699,15.6,6.08,-2.093,9.677,False,True,True,0,0,0,0,True,
300179.SZ,300179,300179,四方达,创业板,深市,创业板,801890.SI,机械设备,801072.SI,通用设备,通用设备,L,20110215,5699,15.6,43.82,3.937,5.963,False,True,True,0,0,0,0,True,
300180.SZ,300180,300180,华峰超纤,创业板,深市,创业板,801030.SI,基础化工,801036.SI,塑料,塑料,L,20110222,5692,15.58,4.41,-3.501,10.87,False,True,True,0,0,0,0,True,
300181.SZ,300181,300181,佐力药业,创业板,深市,创业板,801150.SI,医药生物,801155.SI,中药Ⅱ,中药Ⅱ,L,20110222,5692,15.58,13.15,0.535,9.559,False,True,True,0,0,0,0,True,
300182.SZ,300182,300182,捷成股份,创业板,深市,创业板,801760.SI,传媒,801766.SI,影视院线,影视院线,L,20110222,5692,15.58,4.99,-2.918,7.843,False,True,True,0,0,0,0,True,
300183.SZ,300183,300183,东软载波,创业板,深市,创业板,801770.SI,通信,801102.SI,通信设备,通信设备,L,20110222,5692,15.58,10.9,-1.625,12.963,False,True,True,0,0,0,0,True,
300184.SZ,300184,300184,力源信息,创业板,深市,创业板,801080.SI,电子,801082.SI,其他电子Ⅱ,其他电子Ⅱ,L,20110222,5692,15.58,12.22,0.659,4.959,False,True,True,0,0,0,0,True,
300185.SZ,300185,300185,通裕重工,创业板,深市,创业板,801730.SI,电力设备,801736.SI,风电设备,风电设备,L,20110308,5678,15.55,2.73,-0.727,3.704,False,True,True,0,0,0,0,True,
300187.SZ,300187,300187,永清环保,创业板,深市,创业板,801970.SI,环保,801971.SI,环境治理,环境治理,L,20110308,5678,15.55,4.54,-1.732,12.766,False,True,True,0,0,0,0,True,
300188.SZ,300188,300188,国投智能,创业板,深市,创业板,801750.SI,计算机,801104.SI,软件开发,软件开发,L,20110316,5670,15.52,10.53,-2.046,13.208,False,True,True,0,0,0,0,True,
300189.SZ,300189,300189,神农种业,创业板,深市,创业板,801010.SI,农林牧渔,801016.SI,种植业,种植业,L,20110316,5670,15.52,6.45,-3.731,6.061,False,True,True,0,0,0,0,True,
300190.SZ,300190,300190,维尔利,创业板,深市,创业板,801970.SI,环保,801971.SI,环境治理,环境治理,L,20110316,5670,15.52,3.84,-0.26,12.821,False,True,True,0,0,0,0,True,
300191.SZ,300191,300191,潜能恒信,创业板,深市,创业板,801960.SI,石油石化,801962.SI,油服工程,油服工程,L,20110316,5670,15.52,31.4,-1.66,16.667,False,True,True,0,0,0,0,True,
300192.SZ,300192,300192,科德教育,创业板,深市,创业板,801210.SI,社会服务,801994.SI,教育,教育,L,20110322,5664,15.51,22.95,16.973,19.324,False,True,True,0,0,0,0,True,
300193.SZ,300193,300193,佳士科技,创业板,深市,创业板,801890.SI,机械设备,801072.SI,通用设备,通用设备,L,20110322,5664,15.51,7.95,0.0,8.861,False,True,True,0,0,0,0,True,
300194.SZ,300194,300194,福安药业,创业板,深市,创业板,801150.SI,医药生物,801151.SI,化学制药,化学制药,L,20110322,5664,15.51,3.9,-2.256,7.692,False,True,True,0,0,0,0,True,
300195.SZ,300195,300195,长荣股份,创业板,深市,创业板,801890.SI,机械设备,801074.SI,专用设备,专用设备,L,20110329,5657,15.49,6.3,0.8,13.115,False,True,True,0,0,0,0,True,
300196.SZ,300196,300196,长海股份,创业板,深市,创业板,801710.SI,建筑材料,801712.SI,玻璃玻纤,玻璃玻纤,L,20110329,5657,15.49,19.33,-1.578,6.061,False,True,True,0,0,0,0,True,
300197.SZ,300197,300197,节能铁汉,创业板,深市,创业板,801720.SI,建筑装饰,801723.SI,基础建设,基础建设,L,20110329,5657,15.49,1.92,-2.538,10.0,False,True,True,0,0,0,0,True,
300198.SZ,300198,300198,*ST纳川,创业板,深市,创业板,801710.SI,建筑材料,801713.SI,装修建材,装修建材,L,20110407,5648,15.46,2.26,-2.164,13.043,True,True,True,0,0,0,0,False,ST
300199.SZ,300199,300199,翰宇药业,创业板,深市,创业板,801150.SI,医药生物,801151.SI,化学制药,化学制药,L,20110407,5648,15.46,24.29,1.845,4.681,False,True,True,0,0,0,0,True,
300200.SZ,300200,300200,高盟新材,创业板,深市,创业板,801030.SI,基础化工,801034.SI,化学制品,化学制品,L,20110407,5648,15.46,8.48,-0.586,8.235,False,True,True,0,0,0,0,True,
300201.SZ,300201,300201,海伦哲,创业板,深市,创业板,801890.SI,机械设备,801077.SI,工程机械,工程机械,L,20110407,5648,15.46,13.71,0.44,17.647,False,True,True,0,0,0,0,True,
300203.SZ,300203,300203,聚光科技,创业板,深市,创业板,801970.SI,环保,801972.SI,环保设备Ⅱ,环保设备Ⅱ,L,20110415,5640,15.44,14.05,3.309,10.769,False,True,True,0,0,0,0,True,
300204.SZ,300204,300204,舒泰神,创业板,深市,创业板,801150.SI,医药生物,801151.SI,化学制药,化学制药,L,20110415,5640,15.44,20.88,1.114,16.981,False,True,True,0,0,0,0,True,
300205.SZ,300205,300205,*ST天喻,创业板,深市,创业板,801770.SI,通信,801102.SI,通信设备,通信设备,L,20110421,5634,15.43,5.28,4.762,23.077,True,True,True,0,0,0,0,False,ST
300206.SZ,300206,300206,理邦仪器,创业板,深市,创业板,801150.SI,医药生物,801153.SI,医疗器械,医疗器械,L,20110421,5634,15.43,11.7,0.0,8.475,False,True,True,0,0,0,0,True,
300207.SZ,300207,300207,欣旺达,创业板,深市,创业板,801730.SI,电力设备,801737.SI,电池,电池,L,20110421,5634,15.43,19.53,1.297,13.158,False,True,True,0,0,0,0,True,
300209.SZ,300209,300209,行云科技,创业板,深市,创业板,801750.SI,计算机,801104.SI,软件开发,软件开发,L,20110426,5629,15.41,37.41,-1.94,9.945,False,True,True,0,0,0,0,True,
300210.SZ,300210,300210,森远股份,创业板,深市,创业板,801970.SI,环保,801972.SI,环保设备Ⅱ,环保设备Ⅱ,L,20110426,5629,15.41,7.19,-2.706,18.072,False,True,True,0,0,0,0,True,
300211.SZ,300211,300211,*ST亿通,创业板,深市,创业板,801770.SI,通信,801223.SI,通信服务,通信服务,L,20110505,5620,15.39,7.02,-1.266,20.0,True,True,True,0,0,0,0,False,ST
300212.SZ,300212,300212,*ST易录,创业板,深市,创业板,801750.SI,计算机,801103.SI,IT服务Ⅱ,IT服务Ⅱ,L,20110505,5620,15.39,7.91,-2.346,15.0,True,True,True,0,0,0,0,False,ST
300213.SZ,300213,300213,佳讯飞鸿,创业板,深市,创业板,801770.SI,通信,801102.SI,通信设备,通信设备,L,20110505,5620,15.39,6.51,-2.105,7.812,False,True,True,0,0,0,0,True,
300214.SZ,300214,300214,日科化学,创业板,深市,创业板,801030.SI,基础化工,801034.SI,化学制品,化学制品,L,20110511,5614,15.37,9.99,-2.821,18.447,False,True,True,0,0,8,11,False,近60日停牌
300215.SZ,300215,300215,电科院,创业板,深市,创业板,801210.SI,社会服务,801218.SI,专业服务,专业服务,L,20110511,5614,15.37,6.87,5.855,12.5,False,True,True,0,0,0,0,True,
300217.SZ,300217,300217,东方电热,创业板,深市,创业板,801110.SI,家用电器,801116.SI,家电零部件Ⅱ,家电零部件Ⅱ,L,20110518,5607,15.35,4.07,-0.489,11.905,False,True,True,0,0,0,0,True,
300218.SZ,300218,300218,安利股份,创业板,深市,创业板,801030.SI,基础化工,801036.SI,塑料,塑料,L,20110518,5607,15.35,12.55,-0.397,11.111,False,True,True,0,0,0,0,True,
300219.SZ,300219,300219,鸿利智汇,创业板,深市,创业板,801080.SI,电子,801084.SI,光学光电子,光学光电子,L,20110518,5607,15.35,6.96,0.433,5.797,False,True,True,0,0,0,0,True,
300220.SZ,300220,300220,金运激光,创业板,深市,创业板,801140.SI,轻工制造,801145.SI,文娱用品,文娱用品,L,20110525,5600,15.33,11.13,-0.979,17.431,False,True,True,0,0,0,0,True,
300221.SZ,300221,300221,银禧科技,创业板,深市,创业板,801030.SI,基础化工,801036.SI,塑料,塑料,L,20110525,5600,15.33,14.55,2.682,6.338,False,True,True,0,0,0,0,True,
300222.SZ,300222,300222,科大智能,创业板,深市,创业板,801730.SI,电力设备,801738.SI,电网设备,电网设备,L,20110525,5600,15.33,10.11,-1.076,7.843,False,True,True,0,0,0,0,True,
300223.SZ,300223,300223,君正股份,创业板,深市,创业板,801080.SI,电子,801081.SI,半导体,半导体,L,20110531,5594,15.32,146.97,0.596,12.644,False,True,True,0,0,0,0,True,
300224.SZ,300224,300224,正海磁材,创业板,深市,创业板,801050.SI,有色金属,801051.SI,金属新材料,金属新材料,L,20110531,5594,15.32,12.17,-0.082,14.53,False,True,True,0,0,0,0,True,
300225.SZ,300225,300225,金力泰,创业板,深市,创业板,801030.SI,基础化工,801034.SI,化学制品,化学制品,L,20110531,5594,15.32,8.32,-0.597,13.75,False,True,True,0,0,0,2,True,
300226.SZ,300226,300226,上海钢联,创业板,深市,创业板,801750.SI,计算机,801104.SI,软件开发,软件开发,L,20110608,5586,15.29,17.94,1.299,8.929,False,True,True,0,0,0,0,True,
300227.SZ,300227,300227,光韵达,创业板,深市,创业板,801890.SI,机械设备,801078.SI,自动化设备,自动化设备,L,20110608,5586,15.29,10.85,0.092,23.423,False,True,True,0,0,0,0,True,
300228.SZ,300228,300228,富瑞特装,创业板,深市,创业板,801890.SI,机械设备,801072.SI,通用设备,通用设备,L,20110608,5586,15.29,6.67,-2.199,9.859,False,True,True,0,0,0,0,True,
300229.SZ,300229,300229,拓尔思,创业板,深市,创业板,801750.SI,计算机,801104.SI,软件开发,软件开发,L,20110615,5579,15.27,13.18,-4.006,11.765,False,True,True,0,0,0,0,True,
300230.SZ,300230,300230,永利股份,创业板,深市,创业板,801030.SI,基础化工,801036.SI,塑料,塑料,L,20110615,5579,15.27,4.32,-0.917,9.302,False,True,True,0,0,0,0,True,
300231.SZ,300231,300231,银信科技,创业板,深市,创业板,801750.SI,计算机,801103.SI,IT服务Ⅱ,IT服务Ⅱ,L,20110615,5579,15.27,8.28,-1.075,8.333,False,True,True,0,0,0,0,True,
300232.SZ,300232,300232,洲明科技,创业板,深市,创业板,801080.SI,电子,801084.SI,光学光电子,光学光电子,L,20110622,5572,15.26,5.36,-2.19,9.434,False,True,True,0,0,0,0,True,
300233.SZ,300233,300233,金城医药,创业板,深市,创业板,801150.SI,医药生物,801151.SI,化学制药,化学制药,L,20110622,5572,15.26,13.51,-1.959,9.091,False,True,True,0,0,0,0,True,
300234.SZ,300234,300234,开尔新材,创业板,深市,创业板,801710.SI,建筑材料,801713.SI,装修建材,装修建材,L,20110622,5572,15.26,11.77,-2.243,19.828,False,True,True,0,0,0,0,True,
300235.SZ,300235,300235,方直科技,创业板,深市,创业板,801750.SI,计算机,801104.SI,软件开发,软件开发,L,20110629,5565,15.24,12.32,-1.676,13.158,False,True,True,0,0,0,0,True,
300236.SZ,300236,300236,上海新阳,创业板,深市,创业板,801080.SI,电子,801086.SI,电子化学品Ⅱ,电子化学品Ⅱ,L,20110629,5565,15.24,89.75,0.504,11.111,False,True,True,0,0,0,0,True,
300237.SZ,300237,300237,ST美晨,创业板,深市,创业板,801880.SI,汽车,801093.SI,汽车零部件,汽车零部件,L,20110629,5565,15.24,2.25,-2.597,22.727,True,True,True,0,0,0,0,False,ST
300238.SZ,300238,300238,冠昊生物,创业板,深市,创业板,801150.SI,医药生物,801153.SI,医疗器械,医疗器械,L,20110706,5558,15.22,12.1,0.498,10.256,False,True,True,0,0,0,0,True,
300239.SZ,300239,300239,东宝生物,创业板,深市,创业板,801150.SI,医药生物,801152.SI,生物制品,生物制品,L,20110706,5558,15.22,5.29,0.0,9.804,False,True,True,0,0,0,0,True,
300240.SZ,300240,300240,飞力达,创业板,深市,创业板,801170.SI,交通运输,801178.SI,物流,物流,L,20110706,5558,15.22,6.09,-1.774,15.0,False,True,True,0,0,0,0,True,
300241.SZ,300241,300241,瑞丰光电,创业板,深市,创业板,801080.SI,电子,801084.SI,光学光电子,光学光电子,L,20110712,5552,15.2,5.92,-0.337,6.897,False,True,True,0,0,0,0,True,
300242.SZ,300242,300242,佳云科技,创业板,深市,创业板,801760.SI,传媒,801765.SI,广告营销,广告营销,L,20110712,5552,15.2,3.89,-3.474,15.0,False,True,True,0,1,6,6,False,近60日停牌
300243.SZ,300243,300243,瑞丰高材,创业板,深市,创业板,801030.SI,基础化工,801036.SI,塑料,塑料,L,20110712,5552,15.2,24.57,10.328,10.256,False,True,True,0,0,0,0,True,
300244.SZ,300244,300244,迪安诊断,创业板,深市,创业板,801150.SI,医药生物,801156.SI,医疗服务,医疗服务,L,20110719,5545,15.18,21.07,-0.519,16.41,False,True,True,0,0,0,0,True,
300245.SZ,300245,300245,ST天玑,创业板,深市,创业板,801750.SI,计算机,801103.SI,IT服务Ⅱ,IT服务Ⅱ,L,20110719,5545,15.18,6.14,-1.603,13.333,True,True,True,0,0,0,0,False,ST
300246.SZ,300246,300246,宝莱特,创业板,深市,创业板,801150.SI,医药生物,801153.SI,医疗器械,医疗器械,L,20110719,5545,15.18,15.86,-1.491,7.895,False,True,True,0,6,6,6,False,近60日停牌
300247.SZ,300247,300247,融捷健康,创业板,深市,创业板,801110.SI,家用电器,801117.SI,其他家电Ⅱ,其他家电Ⅱ,L,20110729,5535,15.15,3.75,-0.794,7.895,False,True,True,0,0,0,0,True,
300248.SZ,300248,300248,新开普,创业板,深市,创业板,801750.SI,计算机,801101.SI,计算机设备,计算机设备,L,20110729,5535,15.15,8.27,-1.665,12.5,False,True,True,0,0,0,0,True,
300249.SZ,300249,300249,依米康,创业板,深市,创业板,801750.SI,计算机,801101.SI,计算机设备,计算机设备,L,20110803,5530,15.14,13.54,0.222,6.716,False,True,True,0,0,0,0,True,
300250.SZ,300250,300250,初灵信息,创业板,深市,创业板,801750.SI,计算机,801103.SI,IT服务Ⅱ,IT服务Ⅱ,L,20110803,5530,15.14,15.19,-3.248,8.387,False,True,True,0,0,0,0,True,
300251.SZ,300251,300251,光线传媒,创业板,深市,创业板,801760.SI,传媒,801766.SI,影视院线,影视院线,L,20110803,5530,15.14,11.05,-1.603,10.345,False,True,True,0,0,0,0,True,
300252.SZ,300252,300252,金信诺,创业板,深市,创业板,801740.SI,国防军工,801745.SI,军工电子Ⅱ,军工电子Ⅱ,L,20110818,5515,15.1,12.56,-1.258,3.937,False,True,True,0,0,0,0,True,
300253.SZ,300253,300253,卫宁健康,创业板,深市,创业板,801750.SI,计算机,801104.SI,软件开发,软件开发,L,20110818,5515,15.1,7.01,-1.958,11.429,False,True,True,0,0,0,0,True,
300254.SZ,300254,300254,仟源医药,创业板,深市,创业板,801150.SI,医药生物,801151.SI,化学制药,化学制药,L,20110819,5514,15.1,8.99,-1.317,7.865,False,True,True,0,0,0,0,True,
300255.SZ,300255,300255,常山药业,创业板,深市,创业板,801150.SI,医药生物,801151.SI,化学制药,化学制药,L,20110819,5514,15.1,23.63,-1.501,18.333,False,True,True,0,0,0,0,True,
300256.SZ,300256,300256,星星科技,创业板,深市,创业板,801080.SI,电子,801085.SI,消费电子,消费电子,L,20110819,5514,15.1,2.67,-2.909,14.815,False,True,True,0,0,0,0,True,
300257.SZ,300257,300257,开山股份,创业板,深市,创业板,801890.SI,机械设备,801072.SI,通用设备,通用设备,L,20110819,5514,15.1,19.45,0.829,57.143,False,True,True,0,0,0,0,True,
300258.SZ,300258,300258,精锻科技,创业板,深市,创业板,801880.SI,汽车,801093.SI,汽车零部件,汽车零部件,L,20110826,5507,15.08,8.89,-0.112,21.277,False,True,True,0,0,0,0,True,
300259.SZ,300259,300259,新天科技,创业板,深市,创业板,801890.SI,机械设备,801072.SI,通用设备,通用设备,L,20110831,5502,15.06,4.5,8.696,11.628,False,True,True,0,0,0,0,True,
300260.SZ,300260,300260,新莱应材,创业板,深市,创业板,801890.SI,机械设备,801072.SI,通用设备,通用设备,L,20110906,5496,15.05,64.05,1.121,15.232,False,True,True,0,0,0,0,True,
300261.SZ,300261,300261,雅本化学,创业板,深市,创业板,801030.SI,基础化工,801038.SI,农化制品,农化制品,L,20110906,5496,15.05,4.88,-1.014,8.0,False,True,True,0,0,0,0,True,
300263.SZ,300263,300263,隆华科技,创业板,深市,创业板,801890.SI,机械设备,801072.SI,通用设备,通用设备,L,20110916,5486,15.02,10.89,2.639,8.824,False,True,True,0,0,0,0,True,
300264.SZ,300264,300264,佳创视讯,创业板,深市,创业板,801750.SI,计算机,801103.SI,IT服务Ⅱ,IT服务Ⅱ,L,20110916,5486,15.02,6.1,-1.294,9.677,False,True,True,0,0,0,0,True,
300265.SZ,300265,300265,通光线缆,创业板,深市,创业板,801730.SI,电力设备,801738.SI,电网设备,电网设备,L,20110916,5486,15.02,13.32,-3.827,5.072,False,True,True,0,0,0,0,True,
300266.SZ,300266,300266,兴源环境,创业板,深市,创业板,801970.SI,环保,801971.SI,环境治理,环境治理,L,20110927,5475,14.99,1.85,-2.632,11.111,False,True,True,0,0,0,0,True,
300267.SZ,300267,300267,尔康制药,创业板,深市,创业板,801150.SI,医药生物,801151.SI,化学制药,化学制药,L,20110927,5475,14.99,3.32,-1.775,12.5,False,True,True,0,0,0,0,True,
300268.SZ,300268,300268,佳沃食品,创业板,深市,创业板,801010.SI,农林牧渔,801012.SI,农产品加工,农产品加工,L,20110927,5475,14.99,12.0,0.0,16.0,False,True,True,0,0,0,0,True,
300269.SZ,300269,300269,联建光电,创业板,深市,创业板,801080.SI,电子,801084.SI,光学光电子,光学光电子,L,20111012,5460,14.95,4.57,-2.766,8.333,False,True,True,0,0,0,0,True,
300270.SZ,300270,300270,中威电子,创业板,深市,创业板,801750.SI,计算机,801101.SI,计算机设备,计算机设备,L,20111012,5460,14.95,10.4,-1.608,14.679,False,True,True,0,0,0,0,True,
300271.SZ,300271,300271,华宇软件,创业板,深市,创业板,801750.SI,计算机,801103.SI,IT服务Ⅱ,IT服务Ⅱ,L,20111026,5446,14.91,5.81,-2.68,10.714,False,True,True,0,0,0,0,True,
300272.SZ,300272,300272,开能健康,创业板,深市,创业板,801110.SI,家用电器,801113.SI,小家电,小家电,L,20111102,5439,14.89,5.8,-1.192,8.621,False,True,True,0,0,0,0,True,
300274.SZ,300274,300274,阳光电源,创业板,深市,创业板,801730.SI,电力设备,801735.SI,光伏设备,光伏设备,L,20111102,5439,14.89,86.83,-1.553,30.952,False,True,True,0,0,0,0,True,
300275.SZ,300275,300275,梅安森,创业板,深市,创业板,801750.SI,计算机,801101.SI,计算机设备,计算机设备,L,20111102,5439,14.89,9.0,-2.067,11.364,False,True,True,0,0,0,0,True,
300276.SZ,300276,300276,三丰智能,创业板,深市,创业板,801890.SI,机械设备,801078.SI,自动化设备,自动化设备,L,20111115,5426,14.86,5.95,-1.163,14.286,False,True,True,0,0,0,0,True,
300277.SZ,300277,300277,汽轮科技,创业板,深市,创业板,801750.SI,计算机,801103.SI,IT服务Ⅱ,IT服务Ⅱ,L,20111123,5418,14.83,13.14,-0.379,9.524,False,True,True,0,0,0,0,True,
300278.SZ,300278,300278,华昌达,创业板,深市,创业板,801890.SI,机械设备,801078.SI,自动化设备,自动化设备,L,20111216,5395,14.77,3.59,-1.102,13.514,False,True,True,0,0,0,0,True,
300279.SZ,300279,300279,和晶科技,创业板,深市,创业板,801110.SI,家用电器,801116.SI,家电零部件Ⅱ,家电零部件Ⅱ,L,20111229,5382,14.74,5.95,-0.668,6.897,False,True,True,0,0,0,0,True,
300281.SZ,300281,300281,金明精机,创业板,深市,创业板,801890.SI,机械设备,801074.SI,专用设备,专用设备,L,20111229,5382,14.74,7.2,1.839,19.697,False,True,True,0,0,0,0,True,
300283.SZ,300283,300283,温州宏丰,创业板,深市,创业板,801730.SI,电力设备,801738.SI,电网设备,电网设备,L,20120110,5370,14.7,14.55,1.962,4.895,False,True,True,0,0,0,0,True,
300284.SZ,300284,300284,苏交科,创业板,深市,创业板,801720.SI,建筑装饰,801726.SI,工程咨询服务Ⅱ,工程咨询服务Ⅱ,L,20120110,5370,14.7,5.14,-0.388,22.642,False,True,True,0,0,0,0,True,
300285.SZ,300285,300285,国瓷材料,创业板,深市,创业板,801080.SI,电子,801086.SI,电子化学品Ⅱ,电子化学品Ⅱ,L,20120113,5367,14.69,69.0,4.23,7.143,False,True,True,0,0,0,0,True,
300286.SZ,300286,300286,安科瑞,创业板,深市,创业板,801730.SI,电力设备,801738.SI,电网设备,电网设备,L,20120113,5367,14.69,19.56,0.566,10.204,False,True,True,0,0,0,0,True,
300287.SZ,300287,300287,飞利信,创业板,深市,创业板,801750.SI,计算机,801103.SI,IT服务Ⅱ,IT服务Ⅱ,L,20120201,5348,14.64,3.72,0.54,8.108,False,True,True,0,0,0,0,True,
300288.SZ,300288,300288,朗玛信息,创业板,深市,创业板,801750.SI,计算机,801103.SI,IT服务Ⅱ,IT服务Ⅱ,L,20120216,5333,14.6,9.77,-2.3,7.071,False,True,True,0,0,0,0,True,
300289.SZ,300289,300289,利德曼,创业板,深市,创业板,801150.SI,医药生物,801153.SI,医疗器械,医疗器械,L,20120216,5333,14.6,5.96,-0.997,10.169,False,True,True,0,0,0,0,True,
300290.SZ,300290,300290,ST荣科,创业板,深市,创业板,801750.SI,计算机,801103.SI,IT服务Ⅱ,IT服务Ⅱ,L,20120216,5333,14.6,7.52,-2.717,12.0,True,True,True,0,0,0,2,False,ST
300291.SZ,300291,300291,百纳千成,创业板,深市,创业板,801760.SI,传媒,801766.SI,影视院线,影视院线,L,20120209,5340,14.62,5.97,0.674,15.385,False,True,True,0,0,0,0,True,
300292.SZ,300292,300292,吴通控股,创业板,深市,创业板,801770.SI,通信,801223.SI,通信服务,通信服务,L,20120229,5320,14.57,4.51,-2.802,8.696,False,True,True,0,0,0,0,True,
300293.SZ,300293,300293,蓝英装备,创业板,深市,创业板,801890.SI,机械设备,801074.SI,专用设备,专用设备,L,20120308,5312,14.54,14.68,-0.609,12.338,False,True,True,0,0,0,0,True,
300294.SZ,300294,300294,博雅生物,创业板,深市,创业板,801150.SI,医药生物,801152.SI,生物制品,生物制品,L,20120308,5312,14.54,14.72,-0.942,13.158,False,True,True,0,0,0,0,True,
300295.SZ,300295,300295,*ST三六五,创业板,深市,创业板,801760.SI,传媒,801767.SI,数字媒体,数字媒体,L,20120315,5305,14.52,11.97,-2.286,12.5,True,True,True,0,0,0,0,False,ST
300296.SZ,300296,300296,利亚德,创业板,深市,创业板,801080.SI,电子,801084.SI,光学光电子,光学光电子,L,20120315,5305,14.52,4.91,-1.008,9.804,False,True,True,0,0,0,0,True,
300298.SZ,300298,300298,三诺生物,创业板,深市,创业板,801150.SI,医药生物,801153.SI,医疗器械,医疗器械,L,20120319,5301,14.51,16.34,0.0,7.5,False,True,True,0,0,0,0,True,
300299.SZ,300299,300299,富春股份,创业板,深市,创业板,801760.SI,传媒,801764.SI,游戏Ⅱ,游戏Ⅱ,L,20120319,5301,14.51,5.36,-3.77,7.273,False,True,True,0,0,0,0,True,
300300.SZ,300300,300300,海峡创新,创业板,深市,创业板,801750.SI,计算机,801103.SI,IT服务Ⅱ,IT服务Ⅱ,L,20120319,5301,14.51,9.01,-4.656,5.376,False,True,True,0,0,0,0,True,
300301.SZ,300301,300301,ST长方,创业板,深市,创业板,801080.SI,电子,801084.SI,光学光电子,光学光电子,L,20120321,5299,14.51,3.43,-0.58,11.765,True,True,True,0,0,0,0,False,ST
300302.SZ,300302,300302,同有科技,创业板,深市,创业板,801750.SI,计算机,801101.SI,计算机设备,计算机设备,L,20120321,5299,14.51,29.23,1.317,7.639,False,True,True,0,0,0,0,True,
300303.SZ,300303,300303,聚飞光电,创业板,深市,创业板,801080.SI,电子,801084.SI,光学光电子,光学光电子,L,20120319,5301,14.51,6.96,-0.286,5.714,False,True,True,0,0,0,0,True,
300304.SZ,300304,300304,云意电气,创业板,深市,创业板,801880.SI,汽车,801093.SI,汽车零部件,汽车零部件,L,20120321,5299,14.51,12.12,2.106,12.931,False,True,True,0,0,0,0,True,
300305.SZ,300305,300305,裕兴股份,创业板,深市,创业板,801030.SI,基础化工,801036.SI,塑料,塑料,L,20120329,5291,14.49,6.76,4.806,7.812,False,True,True,0,0,0,0,True,
300306.SZ,300306,300306,远方信息,创业板,深市,创业板,801890.SI,机械设备,801072.SI,通用设备,通用设备,L,20120329,5291,14.49,10.43,0.0,13.861,False,True,True,0,0,0,0,True,
300307.SZ,300307,300307,慈星股份,创业板,深市,创业板,801890.SI,机械设备,801074.SI,专用设备,专用设备,L,20120329,5291,14.49,7.3,-0.68,8.108,False,True,True,0,0,0,0,True,
300308.SZ,300308,300308,中际旭创,创业板,深市,创业板,801770.SI,通信,801102.SI,通信设备,通信设备,L,20120410,5279,14.45,922.5,-0.563,10.656,False,True,True,0,0,0,0,True,
300310.SZ,300310,300310,宜通世纪,创业板,深市,创业板,801770.SI,通信,801223.SI,通信服务,通信服务,L,20120425,5264,14.41,4.32,-2.703,6.818,False,True,True,0,0,0,0,True,
300311.SZ,300311,300311,任子行,创业板,深市,创业板,801750.SI,计算机,801104.SI,软件开发,软件开发,L,20120425,5264,14.41,5.91,-3.431,6.78,False,True,True,0,2,2,2,False,近60日停牌
300313.SZ,300313,300313,天山生物,创业板,深市,创业板,801010.SI,农林牧渔,801017.SI,养殖业,养殖业,L,20120425,5264,14.41,13.01,-5.175,6.767,False,True,True,0,0,0,2,True,
300314.SZ,300314,300314,戴维医疗,创业板,深市,创业板,801150.SI,医药生物,801153.SI,医疗器械,医疗器械,L,20120508,5251,14.38,12.62,-2.998,11.667,False,True,True,0,0,0,0,True,
300315.SZ,300315,300315,掌趣科技,创业板,深市,创业板,801760.SI,传媒,801764.SI,游戏Ⅱ,游戏Ⅱ,L,20120511,5248,14.37,3.99,-2.683,10.0,False,True,True,0,0,0,0,True,
300316.SZ,300316,300316,晶盛机电,创业板,深市,创业板,801730.SI,电力设备,801735.SI,光伏设备,光伏设备,L,20120511,5248,14.37,42.3,2.199,32.075,False,True,True,0,0,0,0,True,
300317.SZ,300317,300317,珈伟新能,创业板,深市,创业板,801160.SI,公用事业,801161.SI,电力,电力,L,20120511,5248,14.37,3.97,-4.796,5.0,False,True,True,0,0,0,0,True,
300318.SZ,300318,300318,博晖创新,创业板,深市,创业板,801150.SI,医药生物,801152.SI,生物制品,生物制品,L,20120523,5236,14.34,5.23,0.577,16.0,False,True,True,0,0,0,0,True,
300319.SZ,300319,300319,麦捷科技,创业板,深市,创业板,801080.SI,电子,801083.SI,元件,元件,L,20120523,5236,14.34,21.54,1.269,3.721,False,True,True,0,0,0,0,True,
300320.SZ,300320,300320,海达股份,创业板,深市,创业板,801030.SI,基础化工,801037.SI,橡胶,橡胶,L,20120601,5227,14.31,8.35,-1.066,13.095,False,True,True,0,0,0,0,True,
300321.SZ,300321,300321,同大股份,创业板,深市,创业板,801030.SI,基础化工,801034.SI,化学制品,化学制品,L,20120523,5236,14.34,36.21,4.653,10.714,False,True,True,0,0,0,0,True,
300322.SZ,300322,300322,硕贝德,创业板,深市,创业板,801080.SI,电子,801085.SI,消费电子,消费电子,L,20120608,5220,14.29,18.57,-1.328,8.696,False,True,True,0,0,0,0,True,
300323.SZ,300323,300323,华灿光电,创业板,深市,创业板,801080.SI,电子,801084.SI,光学光电子,光学光电子,L,20120601,5227,14.31,11.99,1.267,10.526,False,True,True,0,0,0,0,True,
300324.SZ,300324,300324,旋极信息,创业板,深市,创业板,801750.SI,计算机,801101.SI,计算机设备,计算机设备,L,20120608,5220,14.29,3.95,-4.589,15.789,False,True,True,0,0,0,0,True,
300326.SZ,300326,300326,ST凯利,创业板,深市,创业板,801150.SI,医药生物,801153.SI,医疗器械,医疗器械,L,20120613,5215,14.28,6.31,0.478,15.0,True,True,True,0,0,0,0,False,ST
300327.SZ,300327,300327,中颖电子,创业板,深市,创业板,801080.SI,电子,801081.SI,半导体,半导体,L,20120613,5215,14.28,26.73,2.257,14.286,False,True,True,0,0,0,0,True,
300328.SZ,300328,300328,宜安科技,创业板,深市,创业板,801050.SI,有色金属,801055.SI,工业金属,工业金属,L,20120619,5209,14.26,13.51,2.116,29.231,False,True,True,0,0,0,0,True,
300329.SZ,300329,300329,海伦钢琴,创业板,深市,创业板,801140.SI,轻工制造,801145.SI,文娱用品,文娱用品,L,20120619,5209,14.26,11.9,-3.173,13.333,False,True,True,0,0,0,0,True,
300331.SZ,300331,300331,苏大维格,创业板,深市,创业板,801080.SI,电子,801084.SI,光学光电子,光学光电子,L,20120628,5200,14.24,49.19,-1.145,9.167,False,True,True,0,0,0,0,True,
300332.SZ,300332,300332,天壕能源,创业板,深市,创业板,801160.SI,公用事业,801163.SI,燃气Ⅱ,燃气Ⅱ,L,20120628,5200,14.24,4.84,-2.616,8.0,False,True,True,0,0,6,10,False,近60日停牌
300333.SZ,300333,300333,兆日科技,创业板,深市,创业板,801750.SI,计算机,801101.SI,计算机设备,计算机设备,L,20120628,5200,14.24,11.73,1.034,6.034,False,True,True,0,11,11,11,False,近60日停牌
300334.SZ,300334,300334,津膜科技,创业板,深市,创业板,801970.SI,环保,801971.SI,环境治理,环境治理,L,20120705,5193,14.22,8.53,0.235,5.0,False,True,True,0,0,0,0,True,
300335.SZ,300335,300335,迪森股份,创业板,深市,创业板,801160.SI,公用事业,801161.SI,电力,电力,L,20120710,5188,14.2,5.44,-2.158,7.143,False,True,True,0,0,0,0,True,
300337.SZ,300337,300337,银邦股份,创业板,深市,创业板,801050.SI,有色金属,801055.SI,工业金属,工业金属,L,20120718,5180,14.18,9.19,-1.395,9.278,False,True,True,0,0,0,0,True,
300338.SZ,300338,300338,*ST开元,创业板,深市,创业板,801210.SI,社会服务,801994.SI,教育,教育,L,20120726,5172,14.16,2.88,-5.574,13.333,True,True,True,0,0,0,0,False,ST
300339.SZ,300339,300339,润和软件,创业板,深市,创业板,801750.SI,计算机,801103.SI,IT服务Ⅱ,IT服务Ⅱ,L,20120718,5180,14.18,34.36,-2.22,9.091,False,True,True,0,0,0,0,True,
300340.SZ,300340,300340,科恒股份,创业板,深市,创业板,801730.SI,电力设备,801737.SI,电池,电池,L,20120726,5172,14.16,8.65,-2.149,10.345,False,True,True,0,0,0,0,True,
300341.SZ,300341,300341,麦克奥迪,创业板,深市,创业板,801150.SI,医药生物,801153.SI,医疗器械,医疗器械,L,20120726,5172,14.16,13.05,-0.533,20.455,False,True,True,0,0,0,0,True,
300342.SZ,300342,300342,天银机电,创业板,深市,创业板,801110.SI,家用电器,801116.SI,家电零部件Ⅱ,家电零部件Ⅱ,L,20120726,5172,14.16,31.45,-1.688,11.111,False,True,True,0,0,0,0,True,
300343.SZ,300343,300343,联创股份,创业板,深市,创业板,801030.SI,基础化工,801034.SI,化学制品,化学制品,L,20120801,5166,14.14,5.36,-2.011,10.345,False,True,True,0,0,0,2,True,
300345.SZ,300345,300345,华民股份,创业板,深市,创业板,801730.SI,电力设备,801735.SI,光伏设备,光伏设备,L,20120801,5166,14.14,7.69,-1.536,7.692,False,True,True,0,0,0,0,True,
300346.SZ,300346,300346,南大光电,创业板,深市,创业板,801080.SI,电子,801086.SI,电子化学品Ⅱ,电子化学品Ⅱ,L,20120807,5160,14.13,55.68,0.851,7.273,False,True,True,0,0,0,0,True,
300347.SZ,300347,300347,泰格医药,创业板,深市,创业板,801150.SI,医药生物,801156.SI,医疗服务,医疗服务,L,20120817,5150,14.1,58.5,1.141,14.815,False,True,True,0,0,0,0,True,
300348.SZ,300348,300348,长亮科技,创业板,深市,创业板,801750.SI,计算机,801104.SI,软件开发,软件开发,L,20120817,5150,14.1,9.47,-2.572,9.278,False,True,True,0,0,0,0,True,
300349.SZ,300349,300349,金卡智能,创业板,深市,创业板,801890.SI,机械设备,801072.SI,通用设备,通用设备,L,20120817,5150,14.1,10.64,3.603,7.692,False,True,True,0,0,0,0,True,
300350.SZ,300350,300350,华鹏飞,创业板,深市,创业板,801170.SI,交通运输,801178.SI,物流,物流,L,20120821,5146,14.09,4.64,-1.277,18.182,False,True,True,0,0,0,0,True,
300351.SZ,300351,300351,永贵电器,创业板,深市,创业板,801890.SI,机械设备,801076.SI,轨交设备Ⅱ,轨交设备Ⅱ,L,20120920,5116,14.01,14.1,-0.494,7.042,False,True,True,0,0,0,0,True,
300352.SZ,300352,300352,ST信源,创业板,深市,创业板,801750.SI,计算机,801104.SI,软件开发,软件开发,L,20120912,5124,14.03,3.0,1.351,21.429,True,True,True,0,0,0,0,False,ST
300353.SZ,300353,300353,东土科技,创业板,深市,创业板,801770.SI,通信,801102.SI,通信设备,通信设备,L,20120927,5109,13.99,16.89,2.8,18.072,False,True,True,0,0,0,0,True,
300354.SZ,300354,300354,东华测试,创业板,深市,创业板,801890.SI,机械设备,801072.SI,通用设备,通用设备,L,20120920,5116,14.01,27.92,1.306,14.545,False,True,True,0,0,0,0,True,
300355.SZ,300355,300355,蒙草生态,创业板,深市,创业板,801720.SI,建筑装饰,801723.SI,基础建设,基础建设,L,20120927,5109,13.99,2.77,-1.773,6.897,False,True,True,0,0,0,0,True,
300357.SZ,300357,300357,我武生物,创业板,深市,创业板,801150.SI,医药生物,801152.SI,生物制品,生物制品,L,20140121,4628,12.67,20.39,0.991,28.0,False,True,True,0,0,0,0,True,
300358.SZ,300358,300358,楚天科技,创业板,深市,创业板,801150.SI,医药生物,801153.SI,医疗器械,医疗器械,L,20140121,4628,12.67,9.7,4.752,13.636,False,True,True,0,0,0,0,True,
300359.SZ,300359,300359,全通教育,创业板,深市,创业板,801210.SI,社会服务,801994.SI,教育,教育,L,20140121,4628,12.67,4.06,-3.792,9.524,False,True,True,0,0,0,0,True,
300360.SZ,300360,300360,炬华科技,创业板,深市,创业板,801730.SI,电力设备,801738.SI,电网设备,电网设备,L,20140121,4628,12.67,11.21,-0.267,26.891,False,True,True,0,0,0,0,True,
300363.SZ,300363,300363,博腾股份,创业板,深市,创业板,801150.SI,医药生物,801156.SI,医疗服务,医疗服务,L,20140129,4620,12.65,25.25,5.033,18.519,False,True,True,0,0,0,0,True,
300364.SZ,300364,300364,中文在线,创业板,深市,创业板,801760.SI,传媒,801769.SI,出版,出版,L,20150121,4263,11.67,24.46,-5.157,6.452,False,True,True,0,0,0,0,True,
300365.SZ,300365,300365,恒华科技,创业板,深市,创业板,801750.SI,计算机,801104.SI,软件开发,软件开发,L,20140123,4626,12.67,4.52,-2.376,6.522,False,True,True,0,0,0,0,True,
300366.SZ,300366,300366,ST创意,创业板,深市,创业板,801750.SI,计算机,801104.SI,软件开发,软件开发,L,20140127,4622,12.65,5.53,0.729,21.569,True,True,True,0,0,0,0,False,ST
300368.SZ,300368,300368,汇金股份,创业板,深市,创业板,801750.SI,计算机,801101.SI,计算机设备,计算机设备,L,20140123,4626,12.67,9.56,-0.209,8.511,False,True,True,0,0,0,0,True,
300369.SZ,300369,300369,绿盟科技,创业板,深市,创业板,801750.SI,计算机,801104.SI,软件开发,软件开发,L,20140129,4620,12.65,9.27,-6.364,16.854,False,True,True,0,0,0,0,True,
300370.SZ,300370,300370,安控科技,创业板,深市,创业板,801890.SI,机械设备,801072.SI,通用设备,通用设备,L,20140123,4626,12.67,2.16,-2.703,13.636,False,True,True,0,0,0,0,True,
300371.SZ,300371,300371,汇中股份,创业板,深市,创业板,801890.SI,机械设备,801072.SI,通用设备,通用设备,L,20140123,4626,12.67,10.21,0.79,8.824,False,True,True,0,0,0,0,True,
300373.SZ,300373,300373,扬杰科技,创业板,深市,创业板,801080.SI,电子,801081.SI,半导体,半导体,L,20140123,4626,12.67,91.39,-0.403,13.725,False,True,True,0,0,0,0,True,
300374.SZ,300374,300374,中铁装配,创业板,深市,创业板,801710.SI,建筑材料,801713.SI,装修建材,装修建材,L,20150319,4206,11.52,9.96,-1.19,11.321,False,True,True,0,0,0,0,True,
300375.SZ,300375,300375,鹏翎股份,创业板,深市,创业板,801880.SI,汽车,801093.SI,汽车零部件,汽车零部件,L,20140127,4622,12.65,4.1,-0.485,9.756,False,True,True,0,0,0,0,True,
300376.SZ,300376,300376,易事特,创业板,深市,创业板,801730.SI,电力设备,801733.SI,其他电源设备Ⅱ,其他电源设备Ⅱ,L,20140127,4622,12.65,4.18,-1.878,35.417,False,True,True,0,0,0,0,True,
300377.SZ,300377,300377,赢时胜,创业板,深市,创业板,801750.SI,计算机,801104.SI,软件开发,软件开发,L,20140127,4622,12.65,14.09,-1.88,11.111,False,True,True,0,0,0,0,True,
300378.SZ,300378,300378,鼎捷数智,创业板,深市,创业板,801750.SI,计算机,801104.SI,软件开发,软件开发,L,20140127,4622,12.65,38.89,-0.715,9.375,False,True,True,0,0,0,0,True,
300380.SZ,300380,300380,安硕信息,创业板,深市,创业板,801750.SI,计算机,801104.SI,软件开发,软件开发,L,20140128,4621,12.65,28.52,-1.485,11.224,False,True,True,0,0,0,0,True,
300381.SZ,300381,300381,溢多利,创业板,深市,创业板,801150.SI,医药生物,801151.SI,化学制药,化学制药,L,20140128,4621,12.65,5.8,0.346,10.526,False,True,True,0,0,0,0,True,
300382.SZ,300382,300382,斯莱克,创业板,深市,创业板,801890.SI,机械设备,801074.SI,专用设备,专用设备,L,20140129,4620,12.65,15.87,-1.245,18.519,False,True,True,0,0,0,0,True,
300383.SZ,300383,300383,光环新网,创业板,深市,创业板,801770.SI,通信,801223.SI,通信服务,通信服务,L,20140129,4620,12.65,11.2,-2.269,16.667,False,True,True,0,0,0,0,True,
300384.SZ,300384,300384,三联虹普,创业板,深市,创业板,801720.SI,建筑装饰,801724.SI,专业工程,专业工程,L,20140801,4436,12.15,11.9,-0.084,8.197,False,True,True,0,0,0,0,True,
300385.SZ,300385,300385,ST雪浪,创业板,深市,创业板,801970.SI,环保,801971.SI,环境治理,环境治理,L,20140626,4472,12.24,13.57,2.338,20.312,True,True,True,0,0,0,0,False,ST
300386.SZ,300386,300386,飞天诚信,创业板,深市,创业板,801750.SI,计算机,801101.SI,计算机设备,计算机设备,L,20140626,4472,12.24,10.93,-3.274,13.793,False,True,True,0,0,0,0,True,
300387.SZ,300387,300387,富邦科技,创业板,深市,创业板,801030.SI,基础化工,801038.SI,农化制品,农化制品,L,20140702,4466,12.23,7.4,-1.069,11.842,False,True,True,0,0,0,0,True,
300388.SZ,300388,300388,节能国祯,创业板,深市,创业板,801970.SI,环保,801971.SI,环境治理,环境治理,L,20140801,4436,12.15,6.73,-0.296,23.529,False,True,True,0,0,0,0,True,
300389.SZ,300389,300389,艾比森,创业板,深市,创业板,801080.SI,电子,801084.SI,光学光电子,光学光电子,L,20140801,4436,12.15,13.3,0.453,9.524,False,True,True,0,0,0,0,True,
300390.SZ,300390,300390,天华新能,创业板,深市,创业板,801730.SI,电力设备,801737.SI,电池,电池,L,20140731,4437,12.15,52.76,-2.711,19.718,False,True,True,0,0,0,0,True,
300393.SZ,300393,300393,中来股份,创业板,深市,创业板,801730.SI,电力设备,801735.SI,光伏设备,光伏设备,L,20140912,4394,12.03,6.11,-1.926,9.836,False,True,True,0,0,0,0,True,
300394.SZ,300394,300394,天孚通信,创业板,深市,创业板,801770.SI,通信,801102.SI,通信设备,通信设备,L,20150217,4236,11.6,275.4,-0.16,11.111,False,True,True,0,0,0,0,True,
300395.SZ,300395,300395,菲利华,创业板,深市,创业板,801740.SI,国防军工,801742.SI,航空装备Ⅱ,航空装备Ⅱ,L,20140910,4396,12.04,98.46,1.421,7.812,False,True,True,0,0,0,0,True,
300396.SZ,300396,300396,ST迪瑞,创业板,深市,创业板,801150.SI,医药生物,801153.SI,医疗器械,医疗器械,L,20140910,4396,12.04,7.13,-0.972,13.043,True,True,True,0,0,0,0,False,ST
300397.SZ,300397,300397,天和防务,创业板,深市,创业板,801740.SI,国防军工,801745.SI,军工电子Ⅱ,军工电子Ⅱ,L,20140910,4396,12.04,12.44,8.362,10.714,False,True,True,0,0,0,0,True,
300398.SZ,300398,300398,飞凯材料,创业板,深市,创业板,801080.SI,电子,801086.SI,电子化学品Ⅱ,电子化学品Ⅱ,L,20141009,4367,11.96,39.14,3.217,13.115,False,True,True,0,0,0,0,True,
300399.SZ,300399,300399,天利科技,创业板,深市,创业板,801750.SI,计算机,801103.SI,IT服务Ⅱ,IT服务Ⅱ,L,20141009,4367,11.96,19.54,-2.153,10.101,False,True,True,0,0,0,0,True,
300400.SZ,300400,300400,劲拓股份,创业板,深市,创业板,801890.SI,机械设备,801078.SI,自动化设备,自动化设备,L,20141010,4366,11.95,35.83,0.816,12.849,False,True,True,0,0,0,0,True,
300401.SZ,300401,300401,花园生物,创业板,深市,创业板,801150.SI,医药生物,801151.SI,化学制药,化学制药,L,20141009,4367,11.96,16.64,1.525,12.987,False,True,True,0,0,0,0,True,
300402.SZ,300402,300402,宝色股份,创业板,深市,创业板,801890.SI,机械设备,801072.SI,通用设备,通用设备,L,20141010,4366,11.95,14.75,-1.073,13.699,False,True,True,0,0,0,0,True,
300403.SZ,300403,300403,汉宇集团,创业板,深市,创业板,801110.SI,家用电器,801116.SI,家电零部件Ⅱ,家电零部件Ⅱ,L,20141030,4346,11.9,8.76,0.229,10.87,False,True,True,0,0,0,0,True,
300404.SZ,300404,300404,博济医药,创业板,深市,创业板,801150.SI,医药生物,801156.SI,医疗服务,医疗服务,L,20150424,4170,11.42,15.17,2.086,9.524,False,True,True,0,0,0,0,True,
300405.SZ,300405,300405,科隆股份,创业板,深市,创业板,801030.SI,基础化工,801034.SI,化学制品,化学制品,L,20141030,4346,11.9,5.76,-1.031,7.018,False,True,True,0,0,0,0,True,
300406.SZ,300406,300406,九强生物,创业板,深市,创业板,801150.SI,医药生物,801153.SI,医疗器械,医疗器械,L,20141030,4346,11.9,11.85,0.509,5.263,False,True,True,0,0,0,0,True,
300407.SZ,300407,300407,凯发电气,创业板,深市,创业板,801730.SI,电力设备,801738.SI,电网设备,电网设备,L,20141203,4312,11.81,10.58,-2.037,15.517,False,True,True,0,0,0,0,True,
300408.SZ,300408,300408,三环集团,创业板,深市,创业板,801080.SI,电子,801083.SI,元件,元件,L,20141203,4312,11.81,130.4,0.711,16.883,False,True,True,0,0,0,0,True,
300409.SZ,300409,300409,道氏技术,创业板,深市,创业板,801730.SI,电力设备,801737.SI,电池,电池,L,20141203,4312,11.81,17.72,2.904,11.864,False,True,True,0,0,0,0,True,
300410.SZ,300410,300410,正业科技,创业板,深市,创业板,801730.SI,电力设备,801737.SI,电池,电池,L,20141231,4284,11.73,8.99,2.509,9.195,False,True,True,0,0,0,0,True,
300411.SZ,300411,300411,金盾股份,创业板,深市,创业板,801890.SI,机械设备,801074.SI,专用设备,专用设备,L,20141231,4284,11.73,8.21,-0.605,13.095,False,True,True,0,0,0,6,True,
300412.SZ,300412,300412,迦南科技,创业板,深市,创业板,801890.SI,机械设备,801074.SI,专用设备,专用设备,L,20141231,4284,11.73,4.52,-1.094,8.889,False,True,True,0,0,0,0,True,
300413.SZ,300413,300413,芒果超媒,创业板,深市,创业板,801760.SI,传媒,801767.SI,数字媒体,数字媒体,L,20150121,4263,11.67,19.33,0.052,8.696,False,True,True,0,0,0,0,True,
300414.SZ,300414,300414,中光防雷,创业板,深市,创业板,801770.SI,通信,801102.SI,通信设备,通信设备,L,20150513,4151,11.36,11.16,-3.209,5.31,False,True,True,0,0,0,0,True,
300415.SZ,300415,300415,伊之密,创业板,深市,创业板,801890.SI,机械设备,801074.SI,专用设备,专用设备,L,20150123,4261,11.67,19.15,1.376,13.636,False,True,True,0,0,0,0,True,
300416.SZ,300416,300416,苏试试验,创业板,深市,创业板,801210.SI,社会服务,801218.SI,专业服务,专业服务,L,20150122,4262,11.67,14.41,1.265,6.25,False,True,True,0,0,0,0,True,
300417.SZ,300417,300417,南华仪器,创业板,深市,创业板,801890.SI,机械设备,801072.SI,通用设备,通用设备,L,20150123,4261,11.67,12.05,1.175,8.772,False,True,True,0,0,0,0,True,
300418.SZ,300418,300418,昆仑万维,创业板,深市,创业板,801760.SI,传媒,801764.SI,游戏Ⅱ,游戏Ⅱ,L,20150121,4263,11.67,42.88,-4.136,5.479,False,True,True,0,0,0,0,True,
300419.SZ,300419,300419,ST浩丰,创业板,深市,创业板,801750.SI,计算机,801103.SI,IT服务Ⅱ,IT服务Ⅱ,L,20150122,4262,11.67,7.58,0.53,19.318,True,True,True,0,0,0,0,False,ST
300420.SZ,300420,300420,五洋自控,创业板,深市,创业板,801890.SI,机械设备,801072.SI,通用设备,通用设备,L,20150217,4236,11.6,8.1,1.759,11.392,False,True,True,0,0,0,0,True,
300421.SZ,300421,300421,力星股份,创业板,深市,创业板,801890.SI,机械设备,801072.SI,通用设备,通用设备,L,20150217,4236,11.6,17.49,0.057,9.581,False,True,True,0,0,0,0,True,
300422.SZ,300422,300422,博世科,创业板,深市,创业板,801970.SI,环保,801971.SI,环境治理,环境治理,L,20150217,4236,11.6,4.02,-2.663,14.286,False,True,True,0,0,0,0,True,
300423.SZ,300423,300423,昇辉科技,创业板,深市,创业板,801730.SI,电力设备,801738.SI,电网设备,电网设备,L,20150217,4236,11.6,5.44,-2.683,7.018,False,True,True,0,0,0,0,True,
300424.SZ,300424,300424,航新科技,创业板,深市,创业板,801740.SI,国防军工,801742.SI,航空装备Ⅱ,航空装备Ⅱ,L,20150422,4172,11.42,13.74,-2.206,9.091,False,True,True,0,0,0,0,True,
300425.SZ,300425,300425,中建环能,创业板,深市,创业板,801970.SI,环保,801971.SI,环境治理,环境治理,L,20150216,4237,11.6,4.0,-0.99,10.0,False,True,True,0,0,0,0,True,
300426.SZ,300426,300426,华智数媒,创业板,深市,创业板,801760.SI,传媒,801766.SI,影视院线,影视院线,L,20150217,4236,11.6,8.09,-4.26,15.385,False,True,True,0,0,0,0,True,
300427.SZ,300427,300427,红相股份,创业板,深市,创业板,801730.SI,电力设备,801738.SI,电网设备,电网设备,L,20150217,4236,11.6,6.31,-8.285,7.353,False,True,True,0,0,0,0,True,
300428.SZ,300428,300428,立中集团,创业板,深市,创业板,801880.SI,汽车,801093.SI,汽车零部件,汽车零部件,L,20150319,4206,11.52,19.51,-0.561,12.5,False,True,True,0,0,0,0,True,
300429.SZ,300429,300429,强力新材,创业板,深市,创业板,801080.SI,电子,801086.SI,电子化学品Ⅱ,电子化学品Ⅱ,L,20150324,4201,11.5,11.68,0.516,7.895,False,True,True,0,0,0,0,True,
300430.SZ,300430,300430,*ST益通,创业板,深市,创业板,801890.SI,机械设备,801072.SI,通用设备,通用设备,L,20150319,4206,11.52,4.63,-3.34,12.5,True,True,True,0,0,0,0,False,ST
300432.SZ,300432,300432,富临精工,创业板,深市,创业板,801730.SI,电力设备,801737.SI,电池,电池,L,20150319,4206,11.52,13.25,-1.414,22.917,False,True,True,0,0,0,0,True,
300433.SZ,300433,300433,蓝思科技,创业板,深市,创业板,801080.SI,电子,801085.SI,消费电子,消费电子,L,20150318,4207,11.52,34.04,-1.161,15.278,False,True,True,0,0,0,0,True,
300434.SZ,300434,300434,金石亚药,创业板,深市,创业板,801150.SI,医药生物,801151.SI,化学制药,化学制药,L,20150424,4170,11.42,12.58,-0.632,6.4,False,True,True,0,0,0,0,True,
300435.SZ,300435,300435,中泰股份,创业板,深市,创业板,801160.SI,公用事业,801163.SI,燃气Ⅱ,燃气Ⅱ,L,20150326,4199,11.5,16.47,-1.672,7.018,False,True,True,0,0,0,0,True,
300436.SZ,300436,300436,广生堂,创业板,深市,创业板,801150.SI,医药生物,801151.SI,化学制药,化学制药,L,20150422,4172,11.42,87.08,-0.775,13.333,False,True,True,0,0,0,0,True,
300437.SZ,300437,300437,清水源,创业板,深市,创业板,801970.SI,环保,801971.SI,环境治理,环境治理,L,20150423,4171,11.42,10.83,-2.608,8.85,False,True,True,0,0,0,0,True,
300438.SZ,300438,300438,鹏辉能源,创业板,深市,创业板,801730.SI,电力设备,801737.SI,电池,电池,L,20150424,4170,11.42,50.43,-2.4,22.034,False,True,True,0,0,0,0,True,
300439.SZ,300439,300439,美康生物,创业板,深市,创业板,801150.SI,医药生物,801153.SI,医疗器械,医疗器械,L,20150422,4172,11.42,10.06,-0.198,12.903,False,True,True,0,0,0,0,True,
300440.SZ,300440,300440,运达科技,创业板,深市,创业板,801750.SI,计算机,801103.SI,IT服务Ⅱ,IT服务Ⅱ,L,20150423,4171,11.42,17.53,-1.738,12.903,False,True,True,0,0,0,0,True,
300441.SZ,300441,300441,鲍斯股份,创业板,深市,创业板,801890.SI,机械设备,801072.SI,通用设备,通用设备,L,20150423,4171,11.42,7.09,0.425,8.696,False,True,True,0,0,0,0,True,
300442.SZ,300442,300442,润泽科技,创业板,深市,创业板,801770.SI,通信,801223.SI,通信服务,通信服务,L,20150424,4170,11.42,66.74,0.015,21.212,False,True,True,0,0,0,0,True,
300443.SZ,300443,300443,金雷股份,创业板,深市,创业板,801730.SI,电力设备,801736.SI,风电设备,风电设备,L,20150422,4172,11.42,19.56,0.0,10.714,False,True,True,0,0,0,0,True,
300444.SZ,300444,300444,双杰电气,创业板,深市,创业板,801730.SI,电力设备,801738.SI,电网设备,电网设备,L,20150423,4171,11.42,8.77,-2.987,9.783,False,True,True,0,0,0,0,True,
300445.SZ,300445,300445,康斯特,创业板,深市,创业板,801890.SI,机械设备,801072.SI,通用设备,通用设备,L,20150424,4170,11.42,19.21,2.127,8.696,False,True,True,0,0,0,0,True,
300446.SZ,300446,300446,航天智造,创业板,深市,创业板,801880.SI,汽车,801093.SI,汽车零部件,汽车零部件,L,20150423,4171,11.42,12.87,-1.0,9.091,False,True,True,0,0,0,0,True,
300447.SZ,300447,300447,全信股份,创业板,深市,创业板,801740.SI,国防军工,801745.SI,军工电子Ⅱ,军工电子Ⅱ,L,20150422,4172,11.42,14.08,-1.607,11.429,False,True,True,0,0,0,0,True,
300448.SZ,300448,300448,浩云科技,创业板,深市,创业板,801750.SI,计算机,801103.SI,IT服务Ⅱ,IT服务Ⅱ,L,20150424,4170,11.42,5.64,-0.529,10.526,False,True,True,0,0,0,0,True,
300449.SZ,300449,300449,汉邦高科,创业板,深市,创业板,801750.SI,计算机,801101.SI,计算机设备,计算机设备,L,20150422,4172,11.42,6.67,-0.891,10.0,False,True,True,0,0,0,0,True,
300450.SZ,300450,300450,先导智能,创业板,深市,创业板,801730.SI,电力设备,801737.SI,电池,电池,L,20150518,4146,11.35,32.41,0.341,12.195,False,True,True,0,0,0,0,True,
300451.SZ,300451,300451,创业慧康,创业板,深市,创业板,801750.SI,计算机,801104.SI,软件开发,软件开发,L,20150514,4150,11.36,3.48,-2.247,8.571,False,True,True,0,0,0,0,True,
300452.SZ,300452,300452,山河药辅,创业板,深市,创业板,801150.SI,医药生物,801151.SI,化学制药,化学制药,L,20150515,4149,11.36,13.28,0.606,5.426,False,True,True,0,0,0,0,True,
300453.SZ,300453,300453,三鑫医疗,创业板,深市,创业板,801150.SI,医药生物,801153.SI,医疗器械,医疗器械,L,20150515,4149,11.36,9.08,0.777,9.574,False,True,True,0,0,0,0,True,
300454.SZ,300454,300454,深信服,创业板,深市,创业板,801750.SI,计算机,801104.SI,软件开发,软件开发,L,20180516,3052,8.36,146.43,-3.11,17.778,False,True,True,0,0,0,0,True,
300455.SZ,300455,300455,航天智装,创业板,深市,创业板,801750.SI,计算机,801101.SI,计算机设备,计算机设备,L,20150515,4149,11.36,17.0,-1.163,35.417,False,True,True,0,0,0,0,True,
300456.SZ,300456,300456,赛微电子,创业板,深市,创业板,801080.SI,电子,801081.SI,半导体,半导体,L,20150514,4150,11.36,39.0,1.51,11.842,False,True,True,0,0,0,0,True,
300457.SZ,300457,300457,赢合科技,创业板,深市,创业板,801730.SI,电力设备,801737.SI,电池,电池,L,20150514,4150,11.36,21.25,0.473,9.434,False,True,True,0,0,0,0,True,
300458.SZ,300458,300458,全志科技,创业板,深市,创业板,801080.SI,电子,801081.SI,半导体,半导体,L,20150515,4149,11.36,33.77,0.416,12.5,False,True,True,0,0,0,0,True,
300459.SZ,300459,300459,汤姆猫,创业板,深市,创业板,801760.SI,传媒,801764.SI,游戏Ⅱ,游戏Ⅱ,L,20150515,4149,11.36,3.55,-3.27,8.108,False,True,True,0,0,0,0,True,
300460.SZ,300460,300460,ST惠伦,创业板,深市,创业板,801080.SI,电子,801083.SI,元件,元件,L,20150515,4149,11.36,9.13,1.897,16.092,True,True,True,0,0,0,0,False,ST
300461.SZ,300461,300461,田中精机,创业板,深市,创业板,801890.SI,机械设备,801078.SI,自动化设备,自动化设备,L,20150519,4145,11.35,36.22,2.374,18.072,False,True,True,0,0,0,0,True,
300462.SZ,300462,300462,ST华铭,创业板,深市,创业板,801750.SI,计算机,801101.SI,计算机设备,计算机设备,L,20150527,4137,11.33,11.62,3.197,24.561,True,True,True,0,0,0,0,False,ST
300463.SZ,300463,300463,迈克生物,创业板,深市,创业板,801150.SI,医药生物,801153.SI,医疗器械,医疗器械,L,20150528,4136,11.32,9.4,-0.529,9.677,False,True,True,0,0,0,0,True,
300464.SZ,300464,300464,星徽股份,创业板,深市,创业板,801200.SI,商贸零售,801206.SI,互联网电商,互联网电商,L,20150610,4123,11.29,12.0,-1.8,18.487,False,True,True,0,0,0,0,True,
300465.SZ,300465,300465,高伟达,创业板,深市,创业板,801750.SI,计算机,801104.SI,软件开发,软件开发,L,20150528,4136,11.32,11.31,-2.668,12.5,False,True,True,0,0,0,0,True,
300466.SZ,300466,300466,赛摩智能,创业板,深市,创业板,801890.SI,机械设备,801072.SI,通用设备,通用设备,L,20150528,4136,11.32,7.13,-0.835,9.722,False,True,True,0,0,0,0,True,
300467.SZ,300467,300467,迅游科技,创业板,深市,创业板,801760.SI,传媒,801764.SI,游戏Ⅱ,游戏Ⅱ,L,20150527,4137,11.33,33.45,0.24,10.714,False,True,True,0,0,0,0,True,
300468.SZ,300468,300468,四方精创,创业板,深市,创业板,801750.SI,计算机,801104.SI,软件开发,软件开发,L,20150527,4137,11.33,21.93,-3.647,14.474,False,True,True,0,0,0,0,True,
300469.SZ,300469,300469,信息发展,创业板,深市,创业板,801750.SI,计算机,801104.SI,软件开发,软件开发,L,20150611,4122,11.29,50.63,-1.498,17.045,False,True,True,0,0,0,0,True,
300470.SZ,300470,300470,中密控股,创业板,深市,创业板,801890.SI,机械设备,801072.SI,通用设备,通用设备,L,20150612,4121,11.28,27.95,0.323,18.056,False,True,True,0,0,0,0,True,
300471.SZ,300471,300471,厚普股份,创业板,深市,创业板,801890.SI,机械设备,801074.SI,专用设备,专用设备,L,20150611,4122,11.29,9.97,-1.189,8.163,False,True,True,0,0,0,0,True,
300472.SZ,300472,300472,ST新元,创业板,深市,创业板,801890.SI,机械设备,801074.SI,专用设备,专用设备,L,20150611,4122,11.29,6.92,2.367,17.391,True,True,True,2,2,2,2,False,ST、近60日停牌
300473.SZ,300473,300473,德尔股份,创业板,深市,创业板,801880.SI,汽车,801093.SI,汽车零部件,汽车零部件,L,20150612,4121,11.28,36.43,4.175,26.752,False,True,True,0,0,0,0,True,
300474.SZ,300474,300474,景嘉微,创业板,深市,创业板,801740.SI,国防军工,801745.SI,军工电子Ⅱ,军工电子Ⅱ,L,20160331,3828,10.48,53.28,1.043,9.231,False,True,True,0,0,0,0,True,
300475.SZ,300475,300475,香农芯创,创业板,深市,创业板,801080.SI,电子,801082.SI,其他电子Ⅱ,其他电子Ⅱ,L,20150610,4123,11.29,179.03,-1.198,11.111,False,True,True,0,0,0,0,True,
300476.SZ,300476,300476,胜宏科技,创业板,深市,创业板,801080.SI,电子,801083.SI,元件,元件,L,20150611,4122,11.29,244.3,0.909,12.121,False,True,True,0,0,0,0,True,
300477.SZ,300477,300477,ST合纵,创业板,深市,创业板,801730.SI,电力设备,801737.SI,电池,电池,L,20150610,4123,11.29,2.68,2.29,11.538,True,True,True,0,0,0,0,False,ST
300478.SZ,300478,300478,杭州高新,创业板,深市,创业板,801030.SI,基础化工,801036.SI,塑料,塑料,L,20150610,4123,11.29,36.26,-0.165,19.876,False,True,True,0,0,0,0,True,
300479.SZ,300479,300479,神思电子,创业板,深市,创业板,801750.SI,计算机,801101.SI,计算机设备,计算机设备,L,20150612,4121,11.28,14.87,-1.262,10.204,False,True,True,0,0,0,0,True,
300480.SZ,300480,300480,光力科技,创业板,深市,创业板,801890.SI,机械设备,801074.SI,专用设备,专用设备,L,20150702,4101,11.23,32.94,1.73,11.392,False,True,True,0,0,0,0,True,
300481.SZ,300481,300481,濮阳惠成,创业板,深市,创业板,801080.SI,电子,801086.SI,电子化学品Ⅱ,电子化学品Ⅱ,L,20150630,4103,11.23,14.31,0.988,5.714,False,True,True,0,0,0,0,True,
300482.SZ,300482,300482,万孚生物,创业板,深市,创业板,801150.SI,医药生物,801153.SI,医疗器械,医疗器械,L,20150630,4103,11.23,16.59,0.181,10.714,False,True,True,0,0,0,0,True,
300483.SZ,300483,300483,首华燃气,创业板,深市,创业板,801160.SI,公用事业,801163.SI,燃气Ⅱ,燃气Ⅱ,L,20150630,4103,11.23,23.5,-1.343,12.146,False,True,True,0,0,0,0,True,
300484.SZ,300484,300484,蓝海华腾,创业板,深市,创业板,801890.SI,机械设备,801078.SI,自动化设备,自动化设备,L,20160322,3837,10.51,12.86,-1.832,10.156,False,True,True,0,0,0,0,True,
300485.SZ,300485,300485,赛升药业,创业板,深市,创业板,801150.SI,医药生物,801152.SI,生物制品,生物制品,L,20150626,4107,11.24,8.7,-0.911,15.73,False,True,True,0,0,0,0,True,
300486.SZ,300486,300486,东杰智能,创业板,深市,创业板,801890.SI,机械设备,801078.SI,自动化设备,自动化设备,L,20150630,4103,11.23,17.8,-1.712,21.505,False,True,True,0,0,0,0,True,
300487.SZ,300487,300487,蓝晓科技,创业板,深市,创业板,801030.SI,基础化工,801036.SI,塑料,塑料,L,20150702,4101,11.23,70.4,1.646,12.048,False,True,True,0,0,0,0,True,
300488.SZ,300488,300488,恒锋工具,创业板,深市,创业板,801890.SI,机械设备,801072.SI,通用设备,通用设备,L,20150701,4102,11.23,38.25,-0.287,18.31,False,True,True,0,0,0,0,True,
300489.SZ,300489,300489,光智科技,创业板,深市,创业板,801080.SI,电子,801084.SI,光学光电子,光学光电子,L,20150701,4102,11.23,264.02,6.028,15.517,False,True,True,0,0,0,0,True,
300490.SZ,300490,300490,华自科技,创业板,深市,创业板,801730.SI,电力设备,801737.SI,电池,电池,L,20151231,3919,10.73,10.78,-1.462,8.182,False,True,True,0,0,0,0,True,
300491.SZ,300491,300491,通合科技,创业板,深市,创业板,801730.SI,电力设备,801733.SI,其他电源设备Ⅱ,其他电源设备Ⅱ,L,20151231,3919,10.73,37.12,1.448,13.043,False,True,True,0,0,0,0,True,
300492.SZ,300492,300492,华图山鼎,创业板,深市,创业板,801720.SI,建筑装饰,801726.SI,工程咨询服务Ⅱ,工程咨询服务Ⅱ,L,20151223,3927,10.75,21.86,-4.333,18.519,False,True,True,0,0,0,0,True,
300493.SZ,300493,300493,润欣科技,创业板,深市,创业板,801080.SI,电子,801082.SI,其他电子Ⅱ,其他电子Ⅱ,L,20151210,3940,10.79,13.28,-0.524,9.375,False,True,True,0,0,0,0,True,
300494.SZ,300494,300494,盛天网络,创业板,深市,创业板,801760.SI,传媒,801764.SI,游戏Ⅱ,游戏Ⅱ,L,20151231,3919,10.73,8.05,-1.829,10.843,False,True,True,0,0,0,0,True,
300496.SZ,300496,300496,中科创达,创业板,深市,创业板,801750.SI,计算机,801103.SI,IT服务Ⅱ,IT服务Ⅱ,L,20151210,3940,10.79,56.11,-0.866,11.111,False,True,True,0,0,0,0,True,
300497.SZ,300497,300497,富祥股份,创业板,深市,创业板,801150.SI,医药生物,801151.SI,化学制药,化学制药,L,20151222,3928,10.75,19.99,-2.583,7.805,False,True,True,0,0,0,0,True,
300498.SZ,300498,300498,温氏股份,创业板,深市,创业板,801010.SI,农林牧渔,801017.SI,养殖业,养殖业,L,20151102,3978,10.89,14.79,-0.738,21.127,False,True,True,0,0,0,0,True,
300499.SZ,300499,300499,高澜股份,创业板,深市,创业板,801890.SI,机械设备,801074.SI,专用设备,专用设备,L,20160202,3886,10.64,36.02,-0.771,5.376,False,True,True,0,0,0,0,True,
300500.SZ,300500,300500,启迪设计,创业板,深市,创业板,801720.SI,建筑装饰,801726.SI,工程咨询服务Ⅱ,工程咨询服务Ⅱ,L,20160204,3884,10.63,9.48,-0.105,12.903,False,True,True,0,0,0,0,True,
300501.SZ,300501,300501,海顺新材,创业板,深市,创业板,801140.SI,轻工制造,801141.SI,包装印刷,包装印刷,L,20160204,3884,10.63,9.44,-1.358,12.0,False,True,True,0,0,0,0,True,
300502.SZ,300502,300502,新易盛,创业板,深市,创业板,801770.SI,通信,801102.SI,通信设备,通信设备,L,20160303,3856,10.56,451.2,-0.835,13.333,False,True,True,0,0,0,0,True,
300503.SZ,300503,300503,昊志机电,创业板,深市,创业板,801890.SI,机械设备,801072.SI,通用设备,通用设备,L,20160309,3850,10.54,67.16,2.817,7.207,False,True,True,0,0,0,0,True,
300504.SZ,300504,300504,天邑股份,创业板,深市,创业板,801770.SI,通信,801102.SI,通信设备,通信设备,L,20180330,3099,8.48,18.94,-2.872,18.182,False,True,True,0,0,0,0,True,
300505.SZ,300505,300505,川金诺,创业板,深市,创业板,801030.SI,基础化工,801038.SI,农化制品,农化制品,L,20160315,3844,10.52,18.96,-3.265,13.846,False,True,True,0,0,0,0,True,
300506.SZ,300506,300506,名家汇,创业板,深市,创业板,801720.SI,建筑装饰,801722.SI,装修装饰Ⅱ,装修装饰Ⅱ,L,20160324,3835,10.5,4.99,5.945,12.0,False,True,True,0,0,0,2,True,
300507.SZ,300507,300507,苏奥传感,创业板,深市,创业板,801880.SI,汽车,801093.SI,汽车零部件,汽车零部件,L,20160429,3799,10.4,6.48,-0.154,19.697,False,True,True,0,0,0,0,True,
300508.SZ,300508,300508,维宏股份,创业板,深市,创业板,801750.SI,计算机,801101.SI,计算机设备,计算机设备,L,20160419,3809,10.43,39.54,1.437,18.75,False,True,True,0,0,0,0,True,
300509.SZ,300509,300509,新美星,创业板,深市,创业板,801890.SI,机械设备,801074.SI,专用设备,专用设备,L,20160425,3803,10.41,8.86,-0.449,10.227,False,True,True,0,0,0,0,True,
300510.SZ,300510,300510,金冠股份,创业板,深市,创业板,801730.SI,电力设备,801738.SI,电网设备,电网设备,L,20160506,3792,10.38,3.36,-3.17,5.882,False,True,True,0,0,0,0,True,
300511.SZ,300511,300511,雪榕生物,创业板,深市,创业板,801010.SI,农林牧渔,801016.SI,种植业,种植业,L,20160504,3794,10.39,4.93,-3.333,15.385,False,True,True,0,0,0,0,True,
300512.SZ,300512,300512,中亚股份,创业板,深市,创业板,801890.SI,机械设备,801074.SI,专用设备,专用设备,L,20160526,3772,10.33,7.46,-0.267,13.889,False,True,True,0,0,0,0,True,
300513.SZ,300513,300513,恒实科技,创业板,深市,创业板,801770.SI,通信,801223.SI,通信服务,通信服务,L,20160530,3768,10.32,7.36,-2.774,10.959,False,True,True,0,0,0,0,True,
300514.SZ,300514,300514,友讯达,创业板,深市,创业板,801730.SI,电力设备,801738.SI,电网设备,电网设备,L,20170426,3437,9.41,10.4,0.193,15.152,False,True,True,0,0,0,0,True,
300515.SZ,300515,300515,三德科技,创业板,深市,创业板,801890.SI,机械设备,801072.SI,通用设备,通用设备,L,20160608,3759,10.29,17.51,6.703,7.5,False,True,True,0,0,0,0,True,
300516.SZ,300516,300516,久之洋,创业板,深市,创业板,801080.SI,电子,801082.SI,其他电子Ⅱ,其他电子Ⅱ,L,20160602,3765,10.31,35.99,-1.72,16.279,False,True,True,0,0,0,0,True,
300517.SZ,300517,300517,海波重科,创业板,深市,创业板,801720.SI,建筑装饰,801724.SI,专业工程,专业工程,L,20160719,3718,10.18,12.26,-0.082,10.345,False,True,True,0,0,0,0,True,
300518.SZ,300518,300518,新迅达,创业板,深市,创业板,801200.SI,商贸零售,801206.SI,互联网电商,互联网电商,L,20160624,3743,10.25,26.45,-2.326,11.111,False,True,True,0,0,0,0,True,
300519.SZ,300519,300519,新光药业,创业板,深市,创业板,801150.SI,医药生物,801155.SI,中药Ⅱ,中药Ⅱ,L,20160624,3743,10.25,14.59,-1.419,7.586,False,True,True,0,0,0,0,True,
300520.SZ,300520,300520,科大国创,创业板,深市,创业板,801750.SI,计算机,801104.SI,软件开发,软件开发,L,20160708,3729,10.21,25.66,11.906,13.333,False,True,True,0,0,0,0,True,
300521.SZ,300521,300521,爱司凯,创业板,深市,创业板,801890.SI,机械设备,801074.SI,专用设备,专用设备,L,20160705,3732,10.22,25.4,-0.353,10.204,False,True,True,0,0,0,0,True,
300522.SZ,300522,300522,世名科技,创业板,深市,创业板,801030.SI,基础化工,801034.SI,化学制品,化学制品,L,20160705,3732,10.22,15.67,3.364,7.383,False,True,True,0,0,0,0,True,
300523.SZ,300523,300523,辰安科技,创业板,深市,创业板,801750.SI,计算机,801103.SI,IT服务Ⅱ,IT服务Ⅱ,L,20160726,3711,10.16,22.88,5.975,14.286,False,True,True,0,0,0,0,True,
300525.SZ,300525,300525,博思软件,创业板,深市,创业板,801750.SI,计算机,801104.SI,软件开发,软件开发,L,20160726,3711,10.16,7.81,-2.861,14.634,False,True,True,0,0,0,0,True,
300527.SZ,300527,300527,ST应急,创业板,深市,创业板,801740.SI,国防军工,801743.SI,地面兵装Ⅱ,地面兵装Ⅱ,L,20160805,3701,10.13,8.26,1.102,15.0,True,True,True,0,0,0,0,False,ST
300528.SZ,300528,300528,幸福蓝海,创业板,深市,创业板,801760.SI,传媒,801766.SI,影视院线,影视院线,L,20160808,3698,10.12,13.75,-2.274,5.714,False,True,True,0,0,0,0,True,
300529.SZ,300529,300529,健帆生物,创业板,深市,创业板,801150.SI,医药生物,801153.SI,医疗器械,医疗器械,L,20160802,3704,10.14,15.17,-0.655,16.667,False,True,True,0,0,0,0,True,
300530.SZ,300530,300530,领湃科技,创业板,深市,创业板,801030.SI,基础化工,801034.SI,化学制品,化学制品,L,20160809,3697,10.12,19.1,-2.947,14.286,False,True,True,0,0,0,0,True,
300531.SZ,300531,300531,优博讯,创业板,深市,创业板,801750.SI,计算机,801101.SI,计算机设备,计算机设备,L,20160809,3697,10.12,15.4,-0.965,10.976,False,True,True,0,0,0,0,True,
300532.SZ,300532,300532,今天国际,创业板,深市,创业板,801750.SI,计算机,801103.SI,IT服务Ⅱ,IT服务Ⅱ,L,20160818,3688,10.1,7.36,-1.075,8.451,False,True,True,0,0,0,0,True,
300533.SZ,300533,300533,冰川网络,创业板,深市,创业板,801760.SI,传媒,801764.SI,游戏Ⅱ,游戏Ⅱ,L,20160818,3688,10.1,14.1,-3.226,12.081,False,True,True,0,0,0,0,True,
300534.SZ,300534,300534,陇神戎发,创业板,深市,创业板,801150.SI,医药生物,801155.SI,中药Ⅱ,中药Ⅱ,L,20160913,3662,10.03,13.74,-4.782,7.194,False,True,True,0,0,0,0,True,
300535.SZ,300535,300535,达威股份,创业板,深市,创业板,801030.SI,基础化工,801034.SI,化学制品,化学制品,L,20160812,3694,10.11,15.84,0.892,12.658,False,True,True,0,0,0,0,True,
300536.SZ,300536,300536,农尚环境,创业板,深市,创业板,801720.SI,建筑装饰,801723.SI,基础建设,基础建设,L,20160920,3655,10.01,8.46,-0.353,9.091,False,True,True,0,0,0,0,True,
300537.SZ,300537,300537,广信材料,创业板,深市,创业板,801080.SI,电子,801086.SI,电子化学品Ⅱ,电子化学品Ⅱ,L,20160830,3676,10.06,21.58,0.841,7.407,False,True,True,0,0,0,0,True,
300538.SZ,300538,300538,同益股份,创业板,深市,创业板,801030.SI,基础化工,801036.SI,塑料,塑料,L,20160826,3680,10.08,15.62,2.493,7.237,False,True,True,0,0,0,0,True,
300539.SZ,300539,300539,横河精密,创业板,深市,创业板,801030.SI,基础化工,801036.SI,塑料,塑料,L,20160830,3676,10.06,18.34,4.205,8.889,False,True,True,0,0,0,0,True,
300540.SZ,300540,300540,蜀道装备,创业板,深市,创业板,801890.SI,机械设备,801074.SI,专用设备,专用设备,L,20160823,3683,10.08,26.57,-1.447,8.791,False,True,True,0,0,0,0,True,
300541.SZ,300541,300541,先进数通,创业板,深市,创业板,801750.SI,计算机,801103.SI,IT服务Ⅱ,IT服务Ⅱ,L,20160913,3662,10.03,9.55,-1.546,11.0,False,True,True,0,0,0,0,True,
300542.SZ,300542,300542,新晨科技,创业板,深市,创业板,801750.SI,计算机,801104.SI,软件开发,软件开发,L,20160920,3655,10.01,12.44,-2.047,9.375,False,True,True,0,0,0,0,True,
300543.SZ,300543,300543,朗科智能,创业板,深市,创业板,801110.SI,家用电器,801116.SI,家电零部件Ⅱ,家电零部件Ⅱ,L,20160908,3667,10.04,7.85,0.128,7.792,False,True,True,0,0,0,0,True,
300545.SZ,300545,300545,联得装备,创业板,深市,创业板,801080.SI,电子,801084.SI,光学光电子,光学光电子,L,20160928,3647,9.98,29.6,6.475,11.111,False,True,True,0,0,0,0,True,
300546.SZ,300546,300546,雄帝科技,创业板,深市,创业板,801750.SI,计算机,801101.SI,计算机设备,计算机设备,L,20160928,3647,9.98,16.83,-2.773,12.644,False,True,True,0,0,0,0,True,
300547.SZ,300547,300547,川环科技,创业板,深市,创业板,801880.SI,汽车,801093.SI,汽车零部件,汽车零部件,L,20160930,3645,9.98,24.98,-2.422,9.615,False,True,True,0,0,0,0,True,
300548.SZ,300548,300548,长芯博创,创业板,深市,创业板,801770.SI,通信,801102.SI,通信设备,通信设备,L,20161012,3633,9.95,239.0,1.185,18.333,False,True,True,0,0,0,0,True,
300549.SZ,300549,300549,优德精密,创业板,深市,创业板,801890.SI,机械设备,801074.SI,专用设备,专用设备,L,20160930,3645,9.98,14.79,0.612,11.429,False,True,True,0,0,0,0,True,
300550.SZ,300550,300550,和仁科技,创业板,深市,创业板,801750.SI,计算机,801104.SI,软件开发,软件开发,L,20161018,3627,9.93,14.4,2.857,17.391,False,True,True,0,0,0,6,True,
300551.SZ,300551,300551,古鳌科技,创业板,深市,创业板,801750.SI,计算机,801101.SI,计算机设备,计算机设备,L,20161018,3627,9.93,11.89,1.02,12.281,False,True,True,0,0,0,0,True,
300552.SZ,300552,300552,万集科技,创业板,深市,创业板,801750.SI,计算机,801101.SI,计算机设备,计算机设备,L,20161021,3624,9.92,20.21,-3.023,8.491,False,True,True,0,0,0,0,True,
300553.SZ,300553,300553,集智股份,创业板,深市,创业板,801890.SI,机械设备,801072.SI,通用设备,通用设备,L,20161021,3624,9.92,67.25,1.433,24.074,False,True,True,0,0,0,0,True,
300554.SZ,300554,300554,三超新材,创业板,深市,创业板,801890.SI,机械设备,801072.SI,通用设备,通用设备,L,20170421,3442,9.42,23.9,4.321,14.222,False,True,True,0,0,0,0,True,
300555.SZ,300555,300555,ST路通,创业板,深市,创业板,801770.SI,通信,801102.SI,通信设备,通信设备,L,20161018,3627,9.93,12.35,-1.594,13.178,True,True,True,0,0,0,0,False,ST
300556.SZ,300556,300556,丝路视觉,创业板,深市,创业板,801750.SI,计算机,801104.SI,软件开发,软件开发,L,20161104,3610,9.88,16.07,-1.169,9.317,False,True,True,0,0,0,0,True,
300557.SZ,300557,300557,理工光科,创业板,深市,创业板,801890.SI,机械设备,801072.SI,通用设备,通用设备,L,20161101,3613,9.89,25.84,-1.185,9.091,False,True,True,0,0,0,0,True,
300558.SZ,300558,300558,贝达药业,创业板,深市,创业板,801150.SI,医药生物,801151.SI,化学制药,化学制药,L,20161107,3607,9.88,50.36,-0.71,21.127,False,True,True,0,0,0,0,True,
300559.SZ,300559,300559,佳发教育,创业板,深市,创业板,801750.SI,计算机,801104.SI,软件开发,软件开发,L,20161101,3613,9.89,13.0,-0.763,16.667,False,True,True,0,0,0,0,True,
300560.SZ,300560,300560,中富通,创业板,深市,创业板,801770.SI,通信,801223.SI,通信服务,通信服务,L,20161101,3613,9.89,18.08,-3.108,4.42,False,True,True,0,0,0,0,True,
300561.SZ,300561,300561,汇金科技,创业板,深市,创业板,801750.SI,计算机,801104.SI,软件开发,软件开发,L,20161117,3597,9.85,15.5,-1.961,6.329,False,True,True,0,0,0,2,True,
300562.SZ,300562,300562,乐心股份,创业板,深市,创业板,801150.SI,医药生物,801153.SI,医疗器械,医疗器械,L,20161116,3598,9.85,17.2,-2.106,5.233,False,True,True,0,0,0,0,True,
300563.SZ,300563,300563,神宇股份,创业板,深市,创业板,801770.SI,通信,801102.SI,通信设备,通信设备,L,20161114,3600,9.86,26.65,-2.238,4.412,False,True,True,0,0,0,0,True,
300564.SZ,300564,300564,筑博设计,创业板,深市,创业板,801720.SI,建筑装饰,801726.SI,工程咨询服务Ⅱ,工程咨询服务Ⅱ,L,20191108,2511,6.87,12.61,2.687,9.677,False,True,True,0,0,0,0,True,
300565.SZ,300565,300565,科信技术,创业板,深市,创业板,801770.SI,通信,801102.SI,通信设备,通信设备,L,20161122,3592,9.83,9.87,-1.595,4.04,False,True,True,0,0,0,0,True,
300566.SZ,300566,300566,激智科技,创业板,深市,创业板,801080.SI,电子,801084.SI,光学光电子,光学光电子,L,20161115,3599,9.85,27.57,4.749,7.576,False,True,True,0,0,0,0,True,
300567.SZ,300567,300567,精测电子,创业板,深市,创业板,801890.SI,机械设备,801072.SI,通用设备,通用设备,L,20161122,3592,9.83,210.68,-0.749,15.0,False,True,True,0,0,6,6,False,近60日停牌
300568.SZ,300568,300568,星源材质,创业板,深市,创业板,801730.SI,电力设备,801737.SI,电池,电池,L,20161201,3583,9.81,17.0,6.516,11.688,False,True,True,0,0,0,0,True,
300569.SZ,300569,300569,天能重工,创业板,深市,创业板,801730.SI,电力设备,801736.SI,风电设备,风电设备,L,20161125,3589,9.83,4.94,-0.202,8.163,False,True,True,0,0,0,0,True,
300570.SZ,300570,300570,太辰光,创业板,深市,创业板,801770.SI,通信,801102.SI,通信设备,通信设备,L,20161206,3578,9.8,226.18,-0.563,13.253,False,True,True,0,0,0,0,True,
300571.SZ,300571,300571,平治信息,创业板,深市,创业板,801770.SI,通信,801223.SI,通信服务,通信服务,L,20161213,3571,9.78,29.41,-1.043,6.122,False,True,True,0,0,0,0,True,
300572.SZ,300572,300572,安车检测,创业板,深市,创业板,801210.SI,社会服务,801218.SI,专业服务,专业服务,L,20161206,3578,9.8,24.85,2.643,21.667,False,True,True,0,0,0,0,True,
300573.SZ,300573,300573,兴齐眼药,创业板,深市,创业板,801150.SI,医药生物,801151.SI,化学制药,化学制药,L,20161208,3576,9.79,36.68,-0.488,15.385,False,True,True,0,0,0,0,True,
300575.SZ,300575,300575,中旗股份,创业板,深市,创业板,801030.SI,基础化工,801038.SI,农化制品,农化制品,L,20161220,3564,9.76,6.32,-0.94,8.197,False,True,True,0,0,0,0,True,
300576.SZ,300576,300576,容大感光,创业板,深市,创业板,801080.SI,电子,801086.SI,电子化学品Ⅱ,电子化学品Ⅱ,L,20161220,3564,9.76,29.88,0.878,7.432,False,True,True,0,0,0,0,True,
300577.SZ,300577,300577,开润股份,创业板,深市,创业板,801130.SI,纺织服饰,801132.SI,服装家纺,服装家纺,L,20161221,3563,9.75,19.4,-2.951,12.5,False,True,True,0,0,0,0,True,
300578.SZ,300578,300578,会畅科技,创业板,深市,创业板,801770.SI,通信,801223.SI,通信服务,通信服务,L,20170125,3528,9.66,15.9,0.952,8.974,False,True,True,0,0,0,0,True,
300579.SZ,300579,300579,数字认证,创业板,深市,创业板,801750.SI,计算机,801104.SI,软件开发,软件开发,L,20161223,3561,9.75,23.87,-1.323,10.345,False,True,True,0,0,0,0,True,
300580.SZ,300580,300580,贝斯特,创业板,深市,创业板,801880.SI,汽车,801093.SI,汽车零部件,汽车零部件,L,20170111,3542,9.7,18.83,1.674,18.182,False,True,True,0,0,0,0,True,
300581.SZ,300581,300581,晨曦航空,创业板,深市,创业板,801740.SI,国防军工,801742.SI,航空装备Ⅱ,航空装备Ⅱ,L,20161220,3564,9.76,10.15,-1.647,9.434,False,True,True,0,0,0,0,True,
300582.SZ,300582,300582,英飞特,创业板,深市,创业板,801080.SI,电子,801084.SI,光学光电子,光学光电子,L,20161228,3556,9.74,10.7,-1.292,16.364,False,True,True,0,0,0,0,True,
300583.SZ,300583,300583,赛托生物,创业板,深市,创业板,801150.SI,医药生物,801151.SI,化学制药,化学制药,L,20170106,3547,9.71,13.83,-0.575,15.556,False,True,True,0,0,0,0,True,
300584.SZ,300584,300584,海辰药业,创业板,深市,创业板,801150.SI,医药生物,801151.SI,化学制药,化学制药,L,20170112,3541,9.69,31.29,-0.16,11.538,False,True,True,0,0,0,0,True,
300585.SZ,300585,300585,奥联电子,创业板,深市,创业板,801880.SI,汽车,801093.SI,汽车零部件,汽车零部件,L,20161229,3555,9.73,,,,False,True,False,3,3,3,3,False,近60日停牌、无最新行情
300586.SZ,300586,300586,美联新材,创业板,深市,创业板,801030.SI,基础化工,801036.SI,塑料,塑料,L,20170104,3549,9.72,9.75,3.834,8.511,False,True,True,0,0,0,0,True,
300587.SZ,300587,300587,天铁科技,创业板,深市,创业板,801030.SI,基础化工,801037.SI,橡胶,橡胶,L,20170105,3548,9.71,5.14,3.421,10.204,False,True,True,0,0,0,0,True,
300588.SZ,300588,300588,熙菱信息,创业板,深市,创业板,801750.SI,计算机,801101.SI,计算机设备,计算机设备,L,20170105,3548,9.71,22.43,2.047,14.865,False,True,True,0,0,0,0,True,
300589.SZ,300589,300589,江龙船艇,创业板,深市,创业板,801740.SI,国防军工,801744.SI,航海装备Ⅱ,航海装备Ⅱ,L,20170113,3540,9.69,13.59,-3.343,6.475,False,True,True,0,0,0,0,True,
300590.SZ,300590,300590,移为通信,创业板,深市,创业板,801770.SI,通信,801102.SI,通信设备,通信设备,L,20170111,3542,9.7,11.77,1.641,5.31,False,True,True,0,0,0,0,True,
300591.SZ,300591,300591,万里马,创业板,深市,创业板,801130.SI,纺织服饰,801132.SI,服装家纺,服装家纺,L,20170110,3543,9.7,6.55,-2.093,13.235,False,True,True,0,0,0,0,True,
300592.SZ,300592,300592,华凯易佰,创业板,深市,创业板,801200.SI,商贸零售,801206.SI,互联网电商,互联网电商,L,20170120,3533,9.67,20.7,2.021,24.242,False,True,True,0,0,0,0,True,
300593.SZ,300593,300593,新雷能,创业板,深市,创业板,801730.SI,电力设备,801733.SI,其他电源设备Ⅱ,其他电源设备Ⅱ,L,20170113,3540,9.69,33.65,0.688,10.494,False,True,True,0,0,0,0,True,
300594.SZ,300594,300594,ST朗进,创业板,深市,创业板,801890.SI,机械设备,801076.SI,轨交设备Ⅱ,轨交设备Ⅱ,L,20190621,2651,7.26,15.18,1.879,13.514,True,True,True,0,0,0,0,False,ST
300595.SZ,300595,300595,欧普康视,创业板,深市,创业板,801150.SI,医药生物,801153.SI,医疗器械,医疗器械,L,20170117,3536,9.68,10.27,0.489,15.385,False,True,True,0,0,0,0,True,
300596.SZ,300596,300596,利安隆,创业板,深市,创业板,801030.SI,基础化工,801034.SI,化学制品,化学制品,L,20170119,3534,9.68,40.81,-0.802,14.458,False,True,True,0,0,0,0,True,
300597.SZ,300597,300597,吉大通信,创业板,深市,创业板,801770.SI,通信,801223.SI,通信服务,通信服务,L,20170123,3530,9.66,7.96,-0.376,15.584,False,True,True,0,0,0,0,True,
300598.SZ,300598,300598,诚迈科技,创业板,深市,创业板,801750.SI,计算机,801104.SI,软件开发,软件开发,L,20170120,3533,9.67,30.85,-1.28,13.208,False,True,True,0,0,0,0,True,
300599.SZ,300599,300599,雄塑科技,创业板,深市,创业板,801710.SI,建筑材料,801713.SI,装修建材,装修建材,L,20170123,3530,9.66,12.35,-2.679,11.111,False,True,True,0,0,0,0,True,
300600.SZ,300600,300600,国瑞科技,创业板,深市,创业板,801740.SI,国防军工,801744.SI,航海装备Ⅱ,航海装备Ⅱ,L,20170125,3528,9.66,10.28,-3.201,11.321,False,True,True,0,0,0,0,True,
300601.SZ,300601,300601,康泰生物,创业板,深市,创业板,801150.SI,医药生物,801152.SI,生物制品,生物制品,L,20170207,3515,9.62,13.18,0.764,10.0,False,True,True,0,0,0,0,True,
300602.SZ,300602,300602,飞荣达,创业板,深市,创业板,801080.SI,电子,801085.SI,消费电子,消费电子,L,20170126,3527,9.66,39.0,0.309,16.327,False,True,True,0,0,0,0,True,
300603.SZ,300603,300603,立昂技术,创业板,深市,创业板,801770.SI,通信,801223.SI,通信服务,通信服务,L,20170126,3527,9.66,8.13,-1.693,4.938,False,True,True,0,0,0,0,True,
300604.SZ,300604,300604,长川科技,创业板,深市,创业板,801080.SI,电子,801081.SI,半导体,半导体,L,20170417,3446,9.43,271.18,-0.612,8.333,False,True,True,0,0,0,0,True,
300605.SZ,300605,300605,恒锋信息,创业板,深市,创业板,801750.SI,计算机,801104.SI,软件开发,软件开发,L,20170208,3514,9.62,10.16,-1.741,6.796,False,True,True,0,0,0,0,True,
300606.SZ,300606,300606,金太阳,创业板,深市,创业板,801890.SI,机械设备,801072.SI,通用设备,通用设备,L,20170208,3514,9.62,36.78,-1.368,14.208,False,True,True,0,0,0,0,True,
300607.SZ,300607,300607,拓斯达,创业板,深市,创业板,801890.SI,机械设备,801078.SI,自动化设备,自动化设备,L,20170209,3513,9.62,32.4,-1.49,15.06,False,True,True,0,0,0,0,True,
300608.SZ,300608,300608,思特奇,创业板,深市,创业板,801750.SI,计算机,801104.SI,软件开发,软件开发,L,20170213,3509,9.61,9.9,-2.271,8.0,False,True,True,0,0,0,0,True,
300609.SZ,300609,300609,汇纳科技,创业板,深市,创业板,801750.SI,计算机,801103.SI,IT服务Ⅱ,IT服务Ⅱ,L,20170215,3507,9.6,25.84,4.7,12.195,False,True,True,0,0,0,0,True,
300610.SZ,300610,300610,晨化股份,创业板,深市,创业板,801030.SI,基础化工,801034.SI,化学制品,化学制品,L,20170213,3509,9.61,10.4,-0.574,9.709,False,True,True,0,0,0,0,True,
300611.SZ,300611,300611,美力科技,创业板,深市,创业板,801880.SI,汽车,801093.SI,汽车零部件,汽车零部件,L,20170220,3502,9.59,28.37,0.817,12.928,False,True,True,0,0,0,0,True,
300612.SZ,300612,300612,宣亚国际,创业板,深市,创业板,801760.SI,传媒,801765.SI,广告营销,广告营销,L,20170215,3507,9.6,12.32,-2.992,8.197,False,True,True,0,0,0,0,True,
300613.SZ,300613,300613,富瀚微,创业板,深市,创业板,801080.SI,电子,801081.SI,半导体,半导体,L,20170220,3502,9.59,86.59,3.403,20.0,False,True,True,0,0,0,0,True,
300614.SZ,300614,300614,百川畅银,创业板,深市,创业板,801970.SI,环保,801971.SI,环境治理,环境治理,L,20210525,1947,5.33,10.4,-0.192,11.765,False,True,True,0,0,0,0,True,
300615.SZ,300615,300615,欣天科技,创业板,深市,创业板,801770.SI,通信,801102.SI,通信设备,通信设备,L,20170215,3507,9.6,14.36,-4.203,7.692,False,True,True,0,3,6,6,False,近60日停牌
300616.SZ,300616,300616,尚品宅配,创业板,深市,创业板,801140.SI,轻工制造,801142.SI,家居用品,家居用品,L,20170307,3487,9.55,11.06,-0.45,9.434,False,True,True,0,0,0,0,True,
300617.SZ,300617,300617,安靠智电,创业板,深市,创业板,801730.SI,电力设备,801738.SI,电网设备,电网设备,L,20170228,3494,9.57,35.9,-1.02,19.737,False,True,True,0,0,0,0,True,
300618.SZ,300618,300618,寒锐钴业,创业板,深市,创业板,801050.SI,有色金属,801056.SI,能源金属,能源金属,L,20170306,3488,9.55,32.11,-0.65,16.0,False,True,True,0,0,0,0,True,
300619.SZ,300619,300619,金银河,创业板,深市,创业板,801730.SI,电力设备,801737.SI,电池,电池,L,20170301,3493,9.56,27.23,3.615,6.818,False,True,True,0,0,0,0,True,
300620.SZ,300620,300620,光库科技,创业板,深市,创业板,801770.SI,通信,801102.SI,通信设备,通信设备,L,20170310,3484,9.54,289.18,-0.966,5.747,False,True,True,0,0,0,0,True,
300621.SZ,300621,300621,维业股份,创业板,深市,创业板,801720.SI,建筑装饰,801722.SI,装修装饰Ⅱ,装修装饰Ⅱ,L,20170316,3478,9.52,7.06,-0.423,11.429,False,True,True,0,0,0,0,True,
300622.SZ,300622,300622,博士眼镜,创业板,深市,创业板,801200.SI,商贸零售,801204.SI,专业连锁Ⅱ,专业连锁Ⅱ,L,20170315,3479,9.52,15.41,-1.534,10.39,False,True,True,0,0,0,0,True,
300623.SZ,300623,300623,捷捷微电,创业板,深市,创业板,801080.SI,电子,801081.SI,半导体,半导体,L,20170314,3480,9.53,34.99,1.361,21.333,False,True,True,0,0,0,0,True,
300624.SZ,300624,300624,万兴科技,创业板,深市,创业板,801750.SI,计算机,801104.SI,软件开发,软件开发,L,20180118,3170,8.68,50.06,-5.099,10.345,False,True,True,0,0,0,0,True,
300625.SZ,300625,300625,三雄极光,创业板,深市,创业板,801110.SI,家用电器,801115.SI,照明设备Ⅱ,照明设备Ⅱ,L,20170317,3477,9.52,9.99,-1.285,8.333,False,True,True,0,0,0,0,True,
300626.SZ,300626,300626,华瑞股份,创业板,深市,创业板,801730.SI,电力设备,801731.SI,电机Ⅱ,电机Ⅱ,L,20170320,3474,9.51,29.14,-1.254,14.286,False,True,True,0,0,0,0,True,
300627.SZ,300627,300627,华测导航,创业板,深市,创业板,801770.SI,通信,801102.SI,通信设备,通信设备,L,20170321,3473,9.51,26.67,-0.596,8.571,False,True,True,0,0,0,0,True,
300628.SZ,300628,300628,亿联网络,创业板,深市,创业板,801770.SI,通信,801102.SI,通信设备,通信设备,L,20170317,3477,9.52,41.52,-0.527,12.658,False,True,True,0,0,0,0,True,
300629.SZ,300629,300629,新劲刚,创业板,深市,创业板,801740.SI,国防军工,801745.SI,军工电子Ⅱ,军工电子Ⅱ,L,20170324,3470,9.5,18.2,0.442,7.821,False,True,True,0,0,0,0,True,
300631.SZ,300631,300631,久吾高科,创业板,深市,创业板,801970.SI,环保,801972.SI,环保设备Ⅱ,环保设备Ⅱ,L,20170323,3471,9.5,21.59,0.888,14.085,False,True,True,0,0,0,0,True,
300632.SZ,300632,300632,光莆股份,创业板,深市,创业板,801080.SI,电子,801084.SI,光学光电子,光学光电子,L,20170406,3457,9.46,19.35,0.519,8.333,False,True,True,0,0,0,0,True,
300633.SZ,300633,300633,开立医疗,创业板,深市,创业板,801150.SI,医药生物,801153.SI,医疗器械,医疗器械,L,20170406,3457,9.46,19.75,-0.504,12.121,False,True,True,0,0,0,0,True,
300634.SZ,300634,300634,彩讯股份,创业板,深市,创业板,801750.SI,计算机,801103.SI,IT服务Ⅱ,IT服务Ⅱ,L,20180323,3106,8.5,21.85,-1.93,13.725,False,True,True,0,0,0,0,True,
300635.SZ,300635,300635,中达安,创业板,深市,创业板,801720.SI,建筑装饰,801726.SI,工程咨询服务Ⅱ,工程咨询服务Ⅱ,L,20170331,3463,9.48,11.81,-1.006,8.475,False,True,True,0,0,0,0,True,
300636.SZ,300636,300636,同和药业,创业板,深市,创业板,801150.SI,医药生物,801151.SI,化学制药,化学制药,L,20170331,3463,9.48,7.01,-0.284,5.882,False,True,True,0,0,0,0,True,
300637.SZ,300637,300637,扬帆新材,创业板,深市,创业板,801030.SI,基础化工,801034.SI,化学制品,化学制品,L,20170412,3451,9.45,9.44,-0.317,16.304,False,True,True,0,0,0,0,True,
300638.SZ,300638,300638,广和通,创业板,深市,创业板,801770.SI,通信,801102.SI,通信设备,通信设备,L,20170413,3450,9.45,20.69,-0.289,12.121,False,True,True,0,0,0,0,True,
300639.SZ,300639,300639,凯普生物,创业板,深市,创业板,801150.SI,医药生物,801153.SI,医疗器械,医疗器械,L,20170412,3451,9.45,6.18,0.162,10.0,False,True,True,0,0,0,0,True,
300640.SZ,300640,300640,德艺文创,创业板,深市,创业板,801140.SI,轻工制造,801142.SI,家居用品,家居用品,L,20170417,3446,9.43,6.41,-3.898,12.308,False,True,True,0,0,0,0,True,
300641.SZ,300641,300641,正丹股份,创业板,深市,创业板,801030.SI,基础化工,801034.SI,化学制品,化学制品,L,20170418,3445,9.43,13.68,-0.146,13.043,False,True,True,0,0,0,0,True,
300642.SZ,300642,300642,透景生命,创业板,深市,创业板,801150.SI,医药生物,801153.SI,医疗器械,医疗器械,L,20170421,3442,9.42,21.44,1.998,6.604,False,True,True,0,0,0,0,True,
300643.SZ,300643,300643,万通智控,创业板,深市,创业板,801880.SI,汽车,801093.SI,汽车零部件,汽车零部件,L,20170505,3428,9.39,18.11,-0.822,10.0,False,True,True,0,0,0,0,True,
300644.SZ,300644,300644,南京聚隆,创业板,深市,创业板,801030.SI,基础化工,801036.SI,塑料,塑料,L,20180206,3151,8.63,21.4,2.002,8.824,False,True,True,0,0,0,0,True,
300645.SZ,300645,300645,正元智慧,创业板,深市,创业板,801750.SI,计算机,801101.SI,计算机设备,计算机设备,L,20170421,3442,9.42,14.07,-2.088,9.774,False,True,True,0,0,0,0,True,
300647.SZ,300647,300647,超频三,创业板,深市,创业板,801080.SI,电子,801085.SI,消费电子,消费电子,L,20170503,3430,9.39,8.55,0.707,9.877,False,True,True,0,0,0,0,True,
300648.SZ,300648,300648,星云股份,创业板,深市,创业板,801730.SI,电力设备,801737.SI,电池,电池,L,20170425,3438,9.41,40.51,-1.219,21.212,False,True,True,0,0,0,0,True,
300649.SZ,300649,300649,杭州园林,创业板,深市,创业板,801720.SI,建筑装饰,801723.SI,基础建设,基础建设,L,20170505,3428,9.39,28.81,-0.621,15.385,False,True,True,0,0,0,0,True,
300650.SZ,300650,300650,太龙股份,创业板,深市,创业板,801080.SI,电子,801082.SI,其他电子Ⅱ,其他电子Ⅱ,L,20170503,3430,9.39,13.05,3.901,9.756,False,True,True,0,0,0,0,True,
300651.SZ,300651,300651,金陵体育,创业板,深市,创业板,801140.SI,轻工制造,801145.SI,文娱用品,文娱用品,L,20170509,3424,9.37,16.19,-1.879,13.253,False,True,True,0,0,0,0,True,
300652.SZ,300652,300652,雷迪克,创业板,深市,创业板,801880.SI,汽车,801093.SI,汽车零部件,汽车零部件,L,20170516,3417,9.36,29.3,5.244,14.286,False,True,True,0,0,0,0,True,
300653.SZ,300653,300653,正海生物,创业板,深市,创业板,801150.SI,医药生物,801153.SI,医疗器械,医疗器械,L,20170516,3417,9.36,15.59,0.581,10.0,False,True,True,0,0,0,0,True,
300654.SZ,300654,300654,世纪天鸿,创业板,深市,创业板,801760.SI,传媒,801769.SI,出版,出版,L,20170926,3284,8.99,9.6,-2.736,11.111,False,True,True,0,0,0,0,True,
300655.SZ,300655,300655,晶瑞电材,创业板,深市,创业板,801080.SI,电子,801086.SI,电子化学品Ⅱ,电子化学品Ⅱ,L,20170523,3410,9.34,13.65,3.175,9.16,False,True,True,0,0,0,0,True,
300656.SZ,300656,300656,民德电子,创业板,深市,创业板,801080.SI,电子,801082.SI,其他电子Ⅱ,其他电子Ⅱ,L,20170519,3414,9.35,30.06,1.008,18.919,False,True,True,0,0,0,0,True,
300657.SZ,300657,300657,弘信电子,创业板,深市,创业板,801080.SI,电子,801083.SI,元件,元件,L,20170523,3410,9.34,37.2,-2.002,8.696,False,True,True,0,0,0,0,True,
300658.SZ,300658,300658,延江股份,创业板,深市,创业板,801980.SI,美容护理,801981.SI,个护用品,个护用品,L,20170602,3400,9.31,10.7,-1.745,9.615,False,True,True,0,0,0,0,True,
300659.SZ,300659,300659,中孚信息,创业板,深市,创业板,801750.SI,计算机,801101.SI,计算机设备,计算机设备,L,20170526,3407,9.33,10.87,-2.773,7.407,False,True,True,0,0,0,0,True,
300660.SZ,300660,300660,江苏雷利,创业板,深市,创业板,801730.SI,电力设备,801731.SI,电机Ⅱ,电机Ⅱ,L,20170602,3400,9.31,23.93,0.971,25.0,False,True,True,0,0,0,0,True,
300661.SZ,300661,300661,圣邦股份,创业板,深市,创业板,801080.SI,电子,801081.SI,半导体,半导体,L,20170606,3396,9.3,122.45,0.633,16.312,False,True,True,0,0,0,0,True,
300662.SZ,300662,300662,科锐国际,创业板,深市,创业板,801210.SI,社会服务,801218.SI,专业服务,专业服务,L,20170608,3394,9.29,20.98,-1.084,8.571,False,True,True,0,0,0,0,True,
300663.SZ,300663,300663,科蓝软件,创业板,深市,创业板,801750.SI,计算机,801104.SI,软件开发,软件开发,L,20170608,3394,9.29,7.54,-5.514,15.0,False,True,True,0,0,0,0,True,
300664.SZ,300664,300664,鹏鹞环保,创业板,深市,创业板,801970.SI,环保,801971.SI,环境治理,环境治理,L,20180105,3183,8.71,4.62,-0.645,13.043,False,True,True,0,0,0,0,True,
300665.SZ,300665,300665,飞鹿股份,创业板,深市,创业板,801030.SI,基础化工,801034.SI,化学制品,化学制品,L,20170613,3389,9.28,8.85,-1.338,10.87,False,True,True,0,0,0,5,True,
300666.SZ,300666,300666,江丰电子,创业板,深市,创业板,801080.SI,电子,801081.SI,半导体,半导体,L,20170615,3387,9.27,251.99,0.954,10.526,False,True,True,0,0,0,0,True,
300667.SZ,300667,300667,必创科技,创业板,深市,创业板,801890.SI,机械设备,801072.SI,通用设备,通用设备,L,20170619,3383,9.26,15.31,1.391,5.405,False,True,True,0,0,0,0,True,
300668.SZ,300668,300668,杰恩股份,创业板,深市,创业板,801720.SI,建筑装饰,801726.SI,工程咨询服务Ⅱ,工程咨询服务Ⅱ,L,20170619,3383,9.26,32.35,-1.342,12.963,False,True,True,0,0,0,0,True,
300669.SZ,300669,300669,沪宁股份,创业板,深市,创业板,801890.SI,机械设备,801074.SI,专用设备,专用设备,L,20170629,3373,9.23,24.68,0.817,39.669,False,True,True,0,0,0,0,True,
300670.SZ,300670,300670,大烨智能,创业板,深市,创业板,801730.SI,电力设备,801738.SI,电网设备,电网设备,L,20170703,3369,9.22,7.61,1.874,11.111,False,True,True,0,0,0,0,True,
300671.SZ,300671,300671,富满微,创业板,深市,创业板,801080.SI,电子,801081.SI,半导体,半导体,L,20170705,3367,9.22,62.26,3.491,13.043,False,True,True,0,0,0,0,True,
300672.SZ,300672,300672,国科微,创业板,深市,创业板,801080.SI,电子,801081.SI,半导体,半导体,L,20170712,3360,9.2,201.07,-1.038,21.127,False,True,True,0,0,0,0,True,
300673.SZ,300673,300673,佩蒂股份,创业板,深市,创业板,801010.SI,农林牧渔,801014.SI,饲料,饲料,L,20170711,3361,9.2,15.03,-1.313,16.429,False,True,True,0,0,0,0,True,
300674.SZ,300674,300674,宇信科技,创业板,深市,创业板,801750.SI,计算机,801103.SI,IT服务Ⅱ,IT服务Ⅱ,L,20181107,2877,7.88,16.46,-2.256,8.929,False,True,True,0,0,0,0,True,
300675.SZ,300675,300675,建科院,创业板,深市,创业板,801720.SI,建筑装饰,801726.SI,工程咨询服务Ⅱ,工程咨询服务Ⅱ,L,20170719,3353,9.18,13.03,-0.077,13.492,False,True,True,0,0,0,0,True,
300676.SZ,300676,300676,华大基因,创业板,深市,创业板,801150.SI,医药生物,801156.SI,医疗服务,医疗服务,L,20170714,3358,9.19,44.02,0.479,20.0,False,True,True,0,0,0,0,True,
300677.SZ,300677,300677,英科医疗,创业板,深市,创业板,801150.SI,医药生物,801153.SI,医疗器械,医疗器械,L,20170721,3351,9.17,49.8,-2.161,17.647,False,True,True,0,0,0,0,True,
300678.SZ,300678,300678,中科信息,创业板,深市,创业板,801750.SI,计算机,801103.SI,IT服务Ⅱ,IT服务Ⅱ,L,20170728,3344,9.16,21.57,-1.686,8.889,False,True,True,0,0,0,0,True,
300679.SZ,300679,300679,电连技术,创业板,深市,创业板,801080.SI,电子,801085.SI,消费电子,消费电子,L,20170731,3341,9.15,46.22,1.963,13.333,False,True,True,0,0,0,0,True,
300680.SZ,300680,300680,隆盛科技,创业板,深市,创业板,801880.SI,汽车,801093.SI,汽车零部件,汽车零部件,L,20170725,3347,9.16,20.98,1.353,10.345,False,True,True,0,0,0,0,True,
300681.SZ,300681,300681,英搏尔,创业板,深市,创业板,801880.SI,汽车,801093.SI,汽车零部件,汽车零部件,L,20170725,3347,9.16,23.09,2.349,9.434,False,True,True,0,0,0,0,True,
300682.SZ,300682,300682,朗新科技,创业板,深市,创业板,801750.SI,计算机,801103.SI,IT服务Ⅱ,IT服务Ⅱ,L,20170801,3340,9.14,8.93,-1.976,29.167,False,True,True,0,0,0,0,True,
300683.SZ,300683,300683,海特生物,创业板,深市,创业板,801150.SI,医药生物,801156.SI,医疗服务,医疗服务,L,20170808,3333,9.13,26.03,-1.027,11.628,False,True,True,0,0,0,0,True,
300684.SZ,300684,300684,中石科技,创业板,深市,创业板,801080.SI,电子,801086.SI,电子化学品Ⅱ,电子化学品Ⅱ,L,20171227,3192,8.74,119.5,6.926,21.32,False,True,True,0,0,0,0,True,
300685.SZ,300685,300685,艾德生物,创业板,深市,创业板,801150.SI,医药生物,801153.SI,医疗器械,医疗器械,L,20170802,3339,9.14,21.01,5.419,17.742,False,True,True,0,0,0,5,True,
300686.SZ,300686,300686,智动力,创业板,深市,创业板,801080.SI,电子,801085.SI,消费电子,消费电子,L,20170804,3337,9.14,14.98,1.216,6.122,False,True,True,0,0,0,0,True,
300687.SZ,300687,300687,赛意信息,创业板,深市,创业板,801750.SI,计算机,801103.SI,IT服务Ⅱ,IT服务Ⅱ,L,20170803,3338,9.14,30.16,-1.759,12.5,False,True,True,0,0,0,0,True,
300688.SZ,300688,300688,创业黑马,创业板,深市,创业板,801210.SI,社会服务,801994.SI,教育,教育,L,20170810,3331,9.12,36.28,-1.359,14.607,False,True,True,0,0,0,0,True,
300689.SZ,300689,300689,澄天伟业,创业板,深市,创业板,801770.SI,通信,801102.SI,通信设备,通信设备,L,20170809,3332,9.12,67.24,1.848,21.711,False,True,True,0,0,0,0,True,
300690.SZ,300690,300690,双一科技,创业板,深市,创业板,801730.SI,电力设备,801736.SI,风电设备,风电设备,L,20170808,3333,9.13,23.96,0.377,6.25,False,True,True,0,0,0,0,True,
300691.SZ,300691,300691,联合光电,创业板,深市,创业板,801750.SI,计算机,801101.SI,计算机设备,计算机设备,L,20170811,3330,9.12,20.96,8.601,31.746,False,True,True,0,0,0,0,True,
300692.SZ,300692,300692,中赋科技,创业板,深市,创业板,801970.SI,环保,801971.SI,环境治理,环境治理,L,20170821,3320,9.09,9.46,-0.421,9.89,False,True,True,0,0,0,0,True,
300693.SZ,300693,300693,盛弘股份,创业板,深市,创业板,801730.SI,电力设备,801733.SI,其他电源设备Ⅱ,其他电源设备Ⅱ,L,20170822,3319,9.09,38.32,0.157,10.714,False,True,True,0,0,0,0,True,
300694.SZ,300694,300694,蠡湖股份,创业板,深市,创业板,801880.SI,汽车,801093.SI,汽车零部件,汽车零部件,L,20181015,2900,7.94,10.58,-0.657,7.547,False,True,True,0,0,0,0,True,
300695.SZ,300695,300695,兆丰股份,创业板,深市,创业板,801880.SI,汽车,801093.SI,汽车零部件,汽车零部件,L,20170908,3302,9.04,53.08,0.321,34.615,False,True,True,0,0,0,0,True,
300696.SZ,300696,300696,爱乐达,创业板,深市,创业板,801740.SI,国防军工,801742.SI,航空装备Ⅱ,航空装备Ⅱ,L,20170822,3319,9.09,21.09,-1.403,9.615,False,True,True,0,0,0,0,True,
300697.SZ,300697,300697,电工合金,创业板,深市,创业板,801050.SI,有色金属,801055.SI,工业金属,工业金属,L,20170907,3303,9.04,15.27,-1.738,11.111,False,True,True,0,0,0,0,True,
300698.SZ,300698,300698,万马科技,创业板,深市,创业板,801770.SI,通信,801102.SI,通信设备,通信设备,L,20170831,3310,9.06,28.27,-1.601,10.606,False,True,True,0,0,0,0,True,
300699.SZ,300699,300699,光威复材,创业板,深市,创业板,801740.SI,国防军工,801742.SI,航空装备Ⅱ,航空装备Ⅱ,L,20170901,3309,9.06,23.56,-0.507,19.048,False,True,True,0,0,0,0,True,
300700.SZ,300700,300700,岱勒新材,创业板,深市,创业板,801890.SI,机械设备,801072.SI,通用设备,通用设备,L,20170912,3298,9.03,17.49,2.102,14.754,False,True,True,0,0,0,0,True,
300701.SZ,300701,300701,森霸传感,创业板,深市,创业板,801080.SI,电子,801084.SI,光学光电子,光学光电子,L,20170915,3295,9.02,10.05,0.5,10.309,False,True,True,0,0,0,0,True,
300702.SZ,300702,300702,天宇股份,创业板,深市,创业板,801150.SI,医药生物,801151.SI,化学制药,化学制药,L,20170919,3291,9.01,21.51,-1.058,11.321,False,True,True,0,0,0,0,True,
300703.SZ,300703,300703,创源股份,创业板,深市,创业板,801140.SI,轻工制造,801145.SI,文娱用品,文娱用品,L,20170919,3291,9.01,13.8,-2.817,10.87,False,True,True,0,0,0,0,True,
300705.SZ,300705,300705,九典制药,创业板,深市,创业板,801150.SI,医药生物,801151.SI,化学制药,化学制药,L,20171010,3270,8.95,11.07,-0.36,16.216,False,True,True,0,0,0,0,True,
300706.SZ,300706,300706,阿石创,创业板,深市,创业板,801080.SI,电子,801081.SI,半导体,半导体,L,20170926,3284,8.99,51.85,2.857,6.509,False,True,True,0,0,0,0,True,
300707.SZ,300707,300707,威唐工业,创业板,深市,创业板,801880.SI,汽车,801093.SI,汽车零部件,汽车零部件,L,20171010,3270,8.95,12.13,0.0,7.563,False,True,True,0,0,0,0,True,
300708.SZ,300708,300708,聚灿光电,创业板,深市,创业板,801080.SI,电子,801084.SI,光学光电子,光学光电子,L,20171016,3264,8.94,9.88,4.883,20.69,False,True,True,0,0,0,0,True,
300709.SZ,300709,300709,精研科技,创业板,深市,创业板,801080.SI,电子,801085.SI,消费电子,消费电子,L,20171019,3261,8.93,38.97,-0.409,18.182,False,True,True,0,0,0,0,True,
300710.SZ,300710,300710,万隆光电,创业板,深市,创业板,801770.SI,通信,801102.SI,通信设备,通信设备,L,20171019,3261,8.93,30.98,-0.959,5.844,False,True,True,0,0,0,0,True,
300711.SZ,300711,300711,广哈通信,创业板,深市,创业板,801770.SI,通信,801102.SI,通信设备,通信设备,L,20171101,3248,8.89,18.12,-3.771,9.524,False,True,True,0,0,0,0,True,
300712.SZ,300712,300712,永福股份,创业板,深市,创业板,801720.SI,建筑装饰,801724.SI,专业工程,专业工程,L,20171031,3249,8.9,20.46,-1.917,19.231,False,True,True,0,0,0,0,True,
300713.SZ,300713,300713,英可瑞,创业板,深市,创业板,801730.SI,电力设备,801733.SI,其他电源设备Ⅱ,其他电源设备Ⅱ,L,20171101,3248,8.89,13.65,-1.869,8.333,False,True,True,0,0,0,0,True,
300715.SZ,300715,300715,凯伦股份,创业板,深市,创业板,801710.SI,建筑材料,801713.SI,装修建材,装修建材,L,20171026,3254,8.91,14.45,-0.824,7.042,False,True,True,0,0,0,0,True,
300716.SZ,300716,300716,*ST泉为,创业板,深市,创业板,801730.SI,电力设备,801735.SI,光伏设备,光伏设备,L,20171109,3240,8.87,17.89,-1.487,15.217,True,True,True,0,0,0,0,False,ST
300717.SZ,300717,300717,华信新材,创业板,深市,创业板,801030.SI,基础化工,801036.SI,塑料,塑料,L,20171106,3243,8.88,19.08,0.158,9.783,False,True,True,0,0,0,0,True,
300718.SZ,300718,300718,长盛轴承,创业板,深市,创业板,801890.SI,机械设备,801072.SI,通用设备,通用设备,L,20171106,3243,8.88,53.06,-0.188,24.324,False,True,True,0,0,0,0,True,
300719.SZ,300719,300719,安达维尔,创业板,深市,创业板,801740.SI,国防军工,801742.SI,航空装备Ⅱ,航空装备Ⅱ,L,20171109,3240,8.87,11.96,-1.645,12.5,False,True,True,0,0,0,0,True,
300720.SZ,300720,300720,海川智能,创业板,深市,创业板,801890.SI,机械设备,801072.SI,通用设备,通用设备,L,20171106,3243,8.88,62.95,-1.177,17.722,False,True,True,0,0,0,0,True,
300721.SZ,300721,300721,怡达股份,创业板,深市,创业板,801030.SI,基础化工,801034.SI,化学制品,化学制品,L,20171115,3234,8.85,22.47,-0.399,4.425,False,True,True,0,0,0,0,True,
300722.SZ,300722,300722,新余国科,创业板,深市,创业板,801740.SI,国防军工,801741.SI,航天装备Ⅱ,航天装备Ⅱ,L,20171110,3239,8.87,21.49,-2.096,10.909,False,True,True,0,0,0,0,True,
300723.SZ,300723,300723,一品红,创业板,深市,创业板,801150.SI,医药生物,801151.SI,化学制药,化学制药,L,20171116,3233,8.85,34.37,-0.607,10.989,False,True,True,0,0,0,0,True,
300724.SZ,300724,300724,捷佳伟创,创业板,深市,创业板,801730.SI,电力设备,801735.SI,光伏设备,光伏设备,L,20180810,2966,8.12,55.23,1.433,13.793,False,True,True,0,0,0,0,True,
300725.SZ,300725,300725,药石科技,创业板,深市,创业板,801150.SI,医药生物,801156.SI,医疗服务,医疗服务,L,20171110,3239,8.87,54.35,1.589,18.343,False,True,True,0,0,0,0,True,
300726.SZ,300726,300726,宏达电子,创业板,深市,创业板,801740.SI,国防军工,801745.SI,军工电子Ⅱ,军工电子Ⅱ,L,20171121,3228,8.84,59.48,1.294,13.889,False,True,True,0,0,0,0,True,
300727.SZ,300727,300727,润禾材料,创业板,深市,创业板,801030.SI,基础化工,801034.SI,化学制品,化学制品,L,20171127,3222,8.82,36.45,4.741,21.519,False,True,True,0,0,0,0,True,
300729.SZ,300729,300729,乐歌股份,创业板,深市,创业板,801140.SI,轻工制造,801142.SI,家居用品,家居用品,L,20171201,3218,8.81,11.27,-2.845,19.231,False,True,True,0,0,0,0,True,
300730.SZ,300730,300730,科创信息,创业板,深市,创业板,801750.SI,计算机,801104.SI,软件开发,软件开发,L,20171205,3214,8.8,11.56,-2.53,8.772,False,True,True,0,0,0,0,True,
300731.SZ,300731,300731,科创新源,创业板,深市,创业板,801030.SI,基础化工,801037.SI,橡胶,橡胶,L,20171208,3211,8.79,52.91,4.113,12.295,False,True,True,0,0,0,0,True,
300732.SZ,300732,300732,设研院,创业板,深市,创业板,801720.SI,建筑装饰,801726.SI,工程咨询服务Ⅱ,工程咨询服务Ⅱ,L,20171212,3207,8.78,5.76,-1.538,8.475,False,True,True,0,0,0,0,True,
300733.SZ,300733,300733,西菱动力,创业板,深市,创业板,801880.SI,汽车,801093.SI,汽车零部件,汽车零部件,L,20180116,3172,8.68,13.77,-2.617,12.5,False,True,True,0,0,0,0,True,
300735.SZ,300735,300735,光弘科技,创业板,深市,创业板,801080.SI,电子,801085.SI,消费电子,消费电子,L,20171229,3190,8.73,18.63,-1.637,14.0,False,True,True,0,0,0,0,True,
300736.SZ,300736,300736,百邦科技,创业板,深市,创业板,801080.SI,电子,801082.SI,其他电子Ⅱ,其他电子Ⅱ,L,20180109,3179,8.7,34.55,0.876,13.75,False,True,True,0,0,0,0,True,
300737.SZ,300737,300737,科顺股份,创业板,深市,创业板,801710.SI,建筑材料,801713.SI,装修建材,装修建材,L,20180125,3163,8.66,4.85,-1.222,8.163,False,True,True,0,0,0,0,True,
300738.SZ,300738,300738,奥飞数据,创业板,深市,创业板,801770.SI,通信,801223.SI,通信服务,通信服务,L,20180119,3169,8.68,19.71,-1.696,15.0,False,True,True,0,0,0,0,True,
300739.SZ,300739,300739,明阳电路,创业板,深市,创业板,801080.SI,电子,801083.SI,元件,元件,L,20180201,3156,8.64,31.89,2.772,16.327,False,True,True,0,0,0,0,True,
300740.SZ,300740,300740,水羊股份,创业板,深市,创业板,801980.SI,美容护理,801982.SI,化妆品,化妆品,L,20180208,3149,8.62,20.6,-11.474,11.712,False,True,True,0,0,0,0,True,
300741.SZ,300741,300741,华宝股份,创业板,深市,创业板,801030.SI,基础化工,801034.SI,化学制品,化学制品,L,20180301,3128,8.56,29.59,0.339,67.925,False,True,True,0,0,0,0,True,
300743.SZ,300743,300743,天地数码,创业板,深市,创业板,801750.SI,计算机,801101.SI,计算机设备,计算机设备,L,20180427,3071,8.41,14.57,0.275,8.219,False,True,True,0,0,0,0,True,
300745.SZ,300745,300745,欣锐科技,创业板,深市,创业板,801880.SI,汽车,801093.SI,汽车零部件,汽车零部件,L,20180523,3045,8.34,27.99,0.323,8.511,False,True,True,0,0,0,0,True,
300746.SZ,300746,300746,汉嘉数智,创业板,深市,创业板,801720.SI,建筑装饰,801726.SI,工程咨询服务Ⅱ,工程咨询服务Ⅱ,L,20180525,3043,8.33,14.95,0.606,13.043,False,True,True,0,0,0,0,True,
300747.SZ,300747,300747,锐科激光,创业板,深市,创业板,801890.SI,机械设备,801078.SI,自动化设备,自动化设备,L,20180625,3012,8.25,40.75,0.617,10.0,False,True,True,0,0,0,0,True,
300748.SZ,300748,300748,金力永磁,创业板,深市,创业板,801050.SI,有色金属,801051.SI,金属新材料,金属新材料,L,20180921,2924,8.01,25.55,-1.122,11.111,False,True,True,0,0,0,0,True,
300749.SZ,300749,300749,顶固集创,创业板,深市,创业板,801140.SI,轻工制造,801142.SI,家居用品,家居用品,L,20180925,2920,7.99,24.88,-1.152,10.4,False,True,True,0,0,0,0,True,
300750.SZ,300750,300750,宁德时代,创业板,深市,创业板,801730.SI,电力设备,801737.SI,电池,电池,L,20180611,3026,8.28,301.0,-1.192,29.07,False,True,True,0,0,0,0,True,
300751.SZ,300751,300751,迈为股份,创业板,深市,创业板,801730.SI,电力设备,801735.SI,光伏设备,光伏设备,L,20181109,2875,7.87,201.31,-1.081,12.727,False,True,True,0,0,0,0,True,
300752.SZ,300752,300752,隆利科技,创业板,深市,创业板,801080.SI,电子,801084.SI,光学光电子,光学光电子,L,20181130,2854,7.81,13.42,-0.297,19.048,False,True,True,0,0,0,0,True,
300753.SZ,300753,300753,爱朋医疗,创业板,深市,创业板,801150.SI,医药生物,801153.SI,医疗器械,医疗器械,L,20181213,2841,7.78,21.35,-1.749,7.212,False,True,True,0,0,0,0,True,
300755.SZ,300755,300755,华致酒行,创业板,深市,创业板,801200.SI,商贸零售,801204.SI,专业连锁Ⅱ,专业连锁Ⅱ,L,20190129,2794,7.65,11.69,0.776,20.69,False,True,True,0,0,0,0,True,
300756.SZ,300756,300756,金马游乐,创业板,深市,创业板,801890.SI,机械设备,801074.SI,专用设备,专用设备,L,20181228,2826,7.74,33.74,-3.046,17.647,False,True,True,0,0,0,0,True,
300757.SZ,300757,300757,罗博特科,创业板,深市,创业板,801890.SI,机械设备,801078.SI,自动化设备,自动化设备,L,20190108,2815,7.71,597.98,-1.304,18.28,False,True,True,0,0,0,0,True,
300758.SZ,300758,300758,七彩化学,创业板,深市,创业板,801030.SI,基础化工,801034.SI,化学制品,化学制品,L,20190222,2770,7.58,11.43,-0.609,7.895,False,True,True,0,0,0,0,True,
300759.SZ,300759,300759,康龙化成,创业板,深市,创业板,801150.SI,医药生物,801156.SI,医疗服务,医疗服务,L,20190128,2795,7.65,45.02,1.26,13.636,False,True,True,0,0,0,0,True,
300760.SZ,300760,300760,迈瑞医疗,创业板,深市,创业板,801150.SI,医药生物,801153.SI,医疗器械,医疗器械,L,20181016,2899,7.94,155.46,-0.779,28.205,False,True,True,0,0,0,0,True,
300761.SZ,300761,300761,立华股份,创业板,深市,创业板,801010.SI,农林牧渔,801017.SI,养殖业,养殖业,L,20190218,2774,7.59,20.74,-0.623,13.846,False,True,True,0,0,0,0,True,
300762.SZ,300762,300762,上海瀚讯,创业板,深市,创业板,801740.SI,国防军工,801745.SI,军工电子Ⅱ,军工电子Ⅱ,L,20190314,2750,7.53,26.81,-1.651,16.071,False,True,True,0,0,0,0,True,
300763.SZ,300763,300763,锦浪科技,创业板,深市,创业板,801730.SI,电力设备,801735.SI,光伏设备,光伏设备,L,20190319,2745,7.52,54.97,-1.787,14.286,False,True,True,0,0,0,0,True,
300765.SZ,300765,300765,石药创新,创业板,深市,创业板,801150.SI,医药生物,801151.SI,化学制药,化学制药,L,20190322,2742,7.51,47.15,-1.484,22.018,False,True,True,0,0,0,0,True,
300766.SZ,300766,300766,每日互动,创业板,深市,创业板,801750.SI,计算机,801104.SI,软件开发,软件开发,L,20190325,2739,7.5,21.98,-3.342,7.143,False,True,True,0,0,0,0,True,
300767.SZ,300767,300767,震安科技,创业板,深市,创业板,801030.SI,基础化工,801037.SI,橡胶,橡胶,L,20190329,2735,7.49,21.21,-0.656,16.495,False,True,True,0,0,0,0,True,
300768.SZ,300768,300768,迪普科技,创业板,深市,创业板,801750.SI,计算机,801104.SI,软件开发,软件开发,L,20190412,2721,7.45,15.29,0.262,11.765,False,True,True,0,0,0,0,True,
300769.SZ,300769,300769,德方纳米,创业板,深市,创业板,801730.SI,电力设备,801737.SI,电池,电池,L,20190415,2718,7.44,41.06,-1.132,13.095,False,True,True,0,0,0,0,True,
300770.SZ,300770,300770,新媒股份,创业板,深市,创业板,801760.SI,传媒,801995.SI,电视广播Ⅱ,电视广播Ⅱ,L,20190419,2714,7.43,34.86,-0.74,13.158,False,True,True,0,0,0,0,True,
300771.SZ,300771,300771,智莱科技,创业板,深市,创业板,801750.SI,计算机,801101.SI,计算机设备,计算机设备,L,20190422,2711,7.42,11.45,-0.261,7.826,False,True,True,0,0,0,0,True,
300772.SZ,300772,300772,运达股份,创业板,深市,创业板,801730.SI,电力设备,801736.SI,风电设备,风电设备,L,20190426,2707,7.41,9.44,0.532,28.125,False,True,True,0,0,0,0,True,
300773.SZ,300773,300773,拉卡拉,创业板,深市,创业板,801790.SI,非银金融,801191.SI,多元金融,多元金融,L,20190425,2708,7.41,14.95,-2.606,9.677,False,True,True,0,0,0,0,True,
300774.SZ,300774,300774,倍杰特,创业板,深市,创业板,801970.SI,环保,801971.SI,环境治理,环境治理,L,20210804,1876,5.14,10.03,-1.377,13.725,False,True,True,0,0,0,0,True,
300775.SZ,300775,300775,三角防务,创业板,深市,创业板,801740.SI,国防军工,801742.SI,航空装备Ⅱ,航空装备Ⅱ,L,20190521,2682,7.34,20.96,-1.504,6.977,False,True,True,0,0,0,0,True,
300776.SZ,300776,300776,帝尔激光,创业板,深市,创业板,801730.SI,电力设备,801735.SI,光伏设备,光伏设备,L,20190517,2686,7.35,129.39,4.33,18.571,False,True,True,0,0,0,0,True,
300777.SZ,300777,300777,中简科技,创业板,深市,创业板,801740.SI,国防军工,801742.SI,航空装备Ⅱ,航空装备Ⅱ,L,20190516,2687,7.36,21.29,-0.281,20.513,False,True,True,0,0,0,0,True,
300778.SZ,300778,300778,新城市,创业板,深市,创业板,801720.SI,建筑装饰,801726.SI,工程咨询服务Ⅱ,工程咨询服务Ⅱ,L,20190510,2693,7.37,10.98,1.012,13.208,False,True,True,0,0,0,0,True,
300779.SZ,300779,300779,惠城环保,创业板,深市,创业板,801970.SI,环保,801971.SI,环境治理,环境治理,L,20190522,2681,7.34,53.76,-0.628,33.333,False,True,True,0,0,0,0,True,
300780.SZ,300780,300780,德恩精工,创业板,深市,创业板,801890.SI,机械设备,801072.SI,通用设备,通用设备,L,20190531,2672,7.32,20.11,-0.838,11.0,False,True,True,0,0,0,0,True,
300781.SZ,300781,300781,因赛集团,创业板,深市,创业板,801760.SI,传媒,801765.SI,广告营销,广告营销,L,20190606,2666,7.3,27.41,-3.418,10.145,False,True,True,0,0,0,0,True,
300782.SZ,300782,300782,卓胜微,创业板,深市,创业板,801080.SI,电子,801081.SI,半导体,半导体,L,20190618,2654,7.27,76.76,2.689,13.043,False,True,True,0,0,0,0,True,
300783.SZ,300783,300783,三只松鼠,创业板,深市,创业板,801120.SI,食品饮料,801128.SI,休闲食品,休闲食品,L,20190712,2630,7.2,16.8,-1.06,8.0,False,True,True,0,0,0,0,True,
300784.SZ,300784,300784,利安科技,创业板,深市,创业板,801080.SI,电子,801085.SI,消费电子,消费电子,L,20240607,838,2.29,42.9,0.539,6.28,False,True,True,0,0,0,0,True,
300785.SZ,300785,300785,值得买,创业板,深市,创业板,801760.SI,传媒,801767.SI,数字媒体,数字媒体,L,20190715,2627,7.19,36.23,-3.823,11.538,False,True,True,0,0,0,0,True,
300786.SZ,300786,300786,国林科技,创业板,深市,创业板,801970.SI,环保,801972.SI,环保设备Ⅱ,环保设备Ⅱ,L,20190723,2619,7.17,15.0,-0.728,8.553,False,True,True,0,0,0,0,True,
300787.SZ,300787,300787,海能实业,创业板,深市,创业板,801080.SI,电子,801085.SI,消费电子,消费电子,L,20190815,2596,7.11,11.8,-0.84,20.588,False,True,True,0,0,0,0,True,
300788.SZ,300788,300788,中信出版,创业板,深市,创业板,801760.SI,传媒,801769.SI,出版,出版,L,20190705,2637,7.22,30.49,-12.36,13.636,False,True,True,0,0,0,0,True,
300789.SZ,300789,300789,唐源电气,创业板,深市,创业板,801750.SI,计算机,801101.SI,计算机设备,计算机设备,L,20190828,2583,7.07,16.42,-0.485,16.071,False,True,True,0,0,0,0,True,
300790.SZ,300790,300790,宇瞳光学,创业板,深市,创业板,801750.SI,计算机,801101.SI,计算机设备,计算机设备,L,20190920,2560,7.01,20.34,2.262,7.576,False,True,True,0,0,0,0,True,
300791.SZ,300791,300791,仙乐健康,创业板,深市,创业板,801120.SI,食品饮料,801124.SI,食品加工,食品加工,L,20190925,2555,7.0,17.76,-0.504,20.69,False,True,True,0,0,0,0,True,
300792.SZ,300792,300792,壹网壹创,创业板,深市,创业板,801200.SI,商贸零售,801206.SI,互联网电商,互联网电商,L,20190927,2553,6.99,24.93,-3.596,10.588,False,True,True,0,0,0,0,True,
300793.SZ,300793,300793,佳禾智能,创业板,深市,创业板,801080.SI,电子,801085.SI,消费电子,消费电子,L,20191018,2532,6.93,12.0,-1.559,10.526,False,True,True,0,0,0,0,True,
300795.SZ,300795,300795,米奥会展,创业板,深市,创业板,801210.SI,社会服务,801218.SI,专业服务,专业服务,L,20191022,2528,6.92,13.5,-4.594,15.441,False,True,True,0,0,0,0,True,
300796.SZ,300796,300796,贝斯美,创业板,深市,创业板,801030.SI,基础化工,801038.SI,农化制品,农化制品,L,20191115,2504,6.86,6.88,-0.145,13.433,False,True,True,0,0,0,0,True,
300797.SZ,300797,300797,钢研纳克,创业板,深市,创业板,801210.SI,社会服务,801218.SI,专业服务,专业服务,L,20191101,2518,6.89,13.56,1.955,18.978,False,True,True,0,0,0,0,True,
300798.SZ,300798,300798,锦鸡股份,创业板,深市,创业板,801030.SI,基础化工,801034.SI,化学制品,化学制品,L,20191122,2497,6.84,8.73,-3.322,10.465,False,True,True,0,0,0,0,True,
300800.SZ,300800,300800,力合科技,创业板,深市,创业板,801970.SI,环保,801972.SI,环保设备Ⅱ,环保设备Ⅱ,L,20191106,2513,6.88,10.53,0.19,10.0,False,True,True,0,0,0,0,True,
300801.SZ,300801,300801,泰和科技,创业板,深市,创业板,801030.SI,基础化工,801034.SI,化学制品,化学制品,L,20191128,2491,6.82,22.15,0.499,8.929,False,True,True,0,0,0,0,True,
300802.SZ,300802,300802,矩子科技,创业板,深市,创业板,801890.SI,机械设备,801078.SI,自动化设备,自动化设备,L,20191114,2505,6.86,27.14,-2.022,16.031,False,True,True,0,0,0,0,True,
300803.SZ,300803,300803,指南针,创业板,深市,创业板,801750.SI,计算机,801104.SI,软件开发,软件开发,L,20191118,2501,6.85,58.25,0.674,8.824,False,True,True,0,0,0,0,True,
300804.SZ,300804,300804,广康生化,创业板,深市,创业板,801030.SI,基础化工,801038.SI,农化制品,农化制品,L,20230627,1184,3.24,46.76,4.352,8.054,False,True,True,0,0,0,0,True,
300805.SZ,300805,300805,电声股份,创业板,深市,创业板,801760.SI,传媒,801765.SI,广告营销,广告营销,L,20191121,2498,6.84,8.52,-1.73,7.143,False,True,True,0,0,0,0,True,
300806.SZ,300806,300806,斯迪克,创业板,深市,创业板,801030.SI,基础化工,801036.SI,塑料,塑料,L,20191125,2494,6.83,55.78,0.414,15.217,False,True,True,0,0,0,0,True,
300807.SZ,300807,300807,天迈科技,创业板,深市,创业板,801750.SI,计算机,801101.SI,计算机设备,计算机设备,L,20191219,2470,6.76,36.5,-1.617,10.811,False,True,True,0,0,0,0,True,
300808.SZ,300808,300808,久量股份,创业板,深市,创业板,801080.SI,电子,801084.SI,光学光电子,光学光电子,L,20191129,2490,6.82,21.28,-0.885,19.718,False,True,True,0,0,0,0,True,
300809.SZ,300809,300809,华辰装备,创业板,深市,创业板,801890.SI,机械设备,801072.SI,通用设备,通用设备,L,20191204,2485,6.8,24.75,0.202,6.25,False,True,True,0,0,0,0,True,
300810.SZ,300810,300810,中科海讯,创业板,深市,创业板,801740.SI,国防军工,801744.SI,航海装备Ⅱ,航海装备Ⅱ,L,20191206,2483,6.8,25.18,-2.592,13.725,False,True,True,0,0,0,0,True,
300811.SZ,300811,300811,铂科新材,创业板,深市,创业板,801050.SI,有色金属,801051.SI,金属新材料,金属新材料,L,20191230,2459,6.73,86.82,0.428,12.698,False,True,True,0,0,0,0,True,
300812.SZ,300812,300812,易天股份,创业板,深市,创业板,801080.SI,电子,801085.SI,消费电子,消费电子,L,20200109,2449,6.7,20.65,1.524,7.179,False,True,True,0,0,0,0,True,
300813.SZ,300813,300813,泰林生物,创业板,深市,创业板,801890.SI,机械设备,801074.SI,专用设备,专用设备,L,20200114,2444,6.69,23.21,0.259,12.857,False,True,True,0,0,0,0,True,
300814.SZ,300814,300814,中富电路,创业板,深市,创业板,801080.SI,电子,801083.SI,元件,元件,L,20210812,1868,5.11,145.22,1.375,12.5,False,True,True,0,0,0,0,True,
300815.SZ,300815,300815,玉禾田,创业板,深市,创业板,801970.SI,环保,801971.SI,环境治理,环境治理,L,20200123,2435,6.67,15.74,-1.006,11.538,False,True,True,0,0,0,0,True,
300816.SZ,300816,300816,艾可蓝,创业板,深市,创业板,801880.SI,汽车,801093.SI,汽车零部件,汽车零部件,L,20200210,2417,6.62,65.51,-0.893,7.692,False,True,True,0,0,0,0,True,
300817.SZ,300817,300817,双飞集团,创业板,深市,创业板,801890.SI,机械设备,801072.SI,通用设备,通用设备,L,20200218,2409,6.6,16.38,-0.667,11.111,False,True,True,0,0,0,0,True,
300818.SZ,300818,300818,耐普矿机,创业板,深市,创业板,801890.SI,机械设备,801072.SI,通用设备,通用设备,L,20200212,2415,6.61,16.78,0.6,19.565,False,True,True,0,0,0,0,True,
300819.SZ,300819,300819,聚杰微纤,创业板,深市,创业板,801130.SI,纺织服饰,801131.SI,纺织制造,纺织制造,L,20200312,2386,6.53,50.48,2.685,10.0,False,True,True,0,0,0,0,True,
300820.SZ,300820,300820,英杰电气,创业板,深市,创业板,801730.SI,电力设备,801733.SI,其他电源设备Ⅱ,其他电源设备Ⅱ,L,20200213,2414,6.61,73.65,1.335,24.706,False,True,True,0,0,0,0,True,
300821.SZ,300821,300821,东岳硅材,创业板,深市,创业板,801030.SI,基础化工,801034.SI,化学制品,化学制品,L,20200312,2386,6.53,15.77,1.284,12.821,False,True,True,0,0,0,0,True,
300822.SZ,300822,300822,贝仕达克,创业板,深市,创业板,801080.SI,电子,801085.SI,消费电子,消费电子,L,20200313,2385,6.53,11.57,-1.196,15.254,False,True,True,0,0,0,0,True,
300823.SZ,300823,300823,建科智能,创业板,深市,创业板,801890.SI,机械设备,801074.SI,专用设备,专用设备,L,20200319,2379,6.51,14.7,0.962,8.219,False,True,True,0,0,0,0,True,
300824.SZ,300824,300824,北鼎股份,创业板,深市,创业板,801110.SI,家用电器,801113.SI,小家电,小家电,L,20200619,2287,6.26,7.88,-0.127,10.256,False,True,True,0,0,0,0,True,
300825.SZ,300825,300825,阿尔特,创业板,深市,创业板,801880.SI,汽车,801092.SI,汽车服务,汽车服务,L,20200327,2371,6.49,12.25,-4.446,9.449,False,True,True,0,0,0,0,True,
300826.SZ,300826,300826,测绘股份,创业板,深市,创业板,801720.SI,建筑装饰,801726.SI,工程咨询服务Ⅱ,工程咨询服务Ⅱ,L,20200403,2364,6.47,16.01,1.458,12.162,False,True,True,0,0,0,0,True,
300827.SZ,300827,300827,上能电气,创业板,深市,创业板,801730.SI,电力设备,801735.SI,光伏设备,光伏设备,L,20200410,2357,6.45,25.84,0.78,9.091,False,True,True,0,0,0,0,True,
300828.SZ,300828,300828,锐新科技,创业板,深市,创业板,801890.SI,机械设备,801072.SI,通用设备,通用设备,L,20200421,2346,6.42,17.0,-1.335,8.14,False,True,True,0,0,0,0,True,
300829.SZ,300829,300829,金丹科技,创业板,深市,创业板,801030.SI,基础化工,801034.SI,化学制品,化学制品,L,20200422,2345,6.42,28.72,4.058,25.547,False,True,True,0,0,0,0,True,
300830.SZ,300830,300830,金现代,创业板,深市,创业板,801750.SI,计算机,801104.SI,软件开发,软件开发,L,20200506,2331,6.38,8.08,-2.885,16.667,False,True,True,0,0,0,0,True,
300831.SZ,300831,300831,ST派瑞,创业板,深市,创业板,801080.SI,电子,801081.SI,半导体,半导体,L,20200507,2330,6.38,14.06,-1.403,8.904,True,True,True,0,0,0,2,False,ST
300832.SZ,300832,300832,新产业,创业板,深市,创业板,801150.SI,医药生物,801153.SI,医疗器械,医疗器械,L,20200512,2325,6.37,48.92,-1.112,18.033,False,True,True,0,0,0,0,True,
300833.SZ,300833,300833,浩洋股份,创业板,深市,创业板,801890.SI,机械设备,801074.SI,专用设备,专用设备,L,20200520,2317,6.34,42.55,3.553,22.667,False,True,True,0,0,0,0,True,
300834.SZ,300834,300834,星辉环材,创业板,深市,创业板,801030.SI,基础化工,801036.SI,塑料,塑料,L,20220113,1714,4.69,40.14,0.225,23.232,False,True,True,0,0,0,0,True,
300835.SZ,300835,300835,龙磁科技,创业板,深市,创业板,801050.SI,有色金属,801051.SI,金属新材料,金属新材料,L,20200525,2312,6.33,193.2,-0.01,19.588,False,True,True,0,0,0,0,True,
300836.SZ,300836,300836,佰奥智能,创业板,深市,创业板,801890.SI,机械设备,801074.SI,专用设备,专用设备,L,20200528,2309,6.32,61.36,0.838,20.732,False,True,True,0,0,0,0,True,
300837.SZ,300837,300837,浙矿股份,创业板,深市,创业板,801890.SI,机械设备,801074.SI,专用设备,专用设备,L,20200605,2301,6.3,23.0,0.524,7.895,False,True,True,0,0,0,0,True,
300838.SZ,300838,300838,浙江力诺,创业板,深市,创业板,801890.SI,机械设备,801072.SI,通用设备,通用设备,L,20200608,2298,6.29,14.41,0.699,9.859,False,True,True,0,0,0,0,True,
300839.SZ,300839,300839,博汇股份,创业板,深市,创业板,801960.SI,石油石化,801963.SI,炼化及贸易,炼化及贸易,L,20200630,2276,6.23,13.21,-1.418,6.202,False,True,True,0,0,0,0,True,
300840.SZ,300840,300840,酷特智能,创业板,深市,创业板,801130.SI,纺织服饰,801132.SI,服装家纺,服装家纺,L,20200708,2268,6.21,19.79,-0.852,7.216,False,True,True,0,0,0,0,True,
300841.SZ,300841,300841,康华生物,创业板,深市,创业板,801150.SI,医药生物,801152.SI,生物制品,生物制品,L,20200616,2290,6.27,56.03,2.883,7.143,False,True,True,0,0,0,0,True,
300842.SZ,300842,300842,帝科股份,创业板,深市,创业板,801730.SI,电力设备,801735.SI,光伏设备,光伏设备,L,20200618,2288,6.26,66.75,4.722,6.25,False,True,True,0,0,0,0,True,
300843.SZ,300843,300843,胜蓝股份,创业板,深市,创业板,801080.SI,电子,801085.SI,消费电子,消费电子,L,20200702,2274,6.23,134.94,-1.143,13.095,False,True,True,0,0,0,0,True,
300844.SZ,300844,300844,山水比德,创业板,深市,创业板,801720.SI,建筑装饰,801726.SI,工程咨询服务Ⅱ,工程咨询服务Ⅱ,L,20210813,1867,5.11,24.88,1.262,13.559,False,True,True,0,0,0,0,True,
300845.SZ,300845,300845,捷安高科,创业板,深市,创业板,801750.SI,计算机,801101.SI,计算机设备,计算机设备,L,20200703,2273,6.22,14.1,-3.491,13.433,False,True,True,0,0,0,0,True,
300846.SZ,300846,300846,首都在线,创业板,深市,创业板,801750.SI,计算机,801103.SI,IT服务Ⅱ,IT服务Ⅱ,L,20200701,2275,6.23,20.01,-2.199,7.107,False,True,True,0,0,0,0,True,
300847.SZ,300847,300847,中船汉光,创业板,深市,创业板,801750.SI,计算机,801101.SI,计算机设备,计算机设备,L,20200709,2267,6.21,14.0,-1.961,11.189,False,True,True,0,0,0,0,True,
300848.SZ,300848,300848,美瑞新材,创业板,深市,创业板,801030.SI,基础化工,801034.SI,化学制品,化学制品,L,20200720,2256,6.18,11.64,3.651,23.387,False,True,True,0,0,0,0,True,
300849.SZ,300849,300849,锦盛新材,创业板,深市,创业板,801980.SI,美容护理,801982.SI,化妆品,化妆品,L,20200710,2266,6.2,21.77,-2.595,12.037,False,True,True,0,0,0,0,True,
300850.SZ,300850,300850,新强联,创业板,深市,创业板,801730.SI,电力设备,801736.SI,风电设备,风电设备,L,20200713,2263,6.2,28.37,-0.839,10.0,False,True,True,0,0,0,0,True,
300851.SZ,300851,300851,交大思诺,创业板,深市,创业板,801890.SI,机械设备,801076.SI,轨交设备Ⅱ,轨交设备Ⅱ,L,20200717,2259,6.18,24.66,1.482,8.475,False,True,True,0,0,0,5,True,
300852.SZ,300852,300852,四会富仕,创业板,深市,创业板,801080.SI,电子,801083.SI,元件,元件,L,20200713,2263,6.2,79.51,7.913,19.653,False,True,True,0,0,0,0,True,
300853.SZ,300853,300853,申昊科技,创业板,深市,创业板,801730.SI,电力设备,801738.SI,电网设备,电网设备,L,20200724,2252,6.17,30.67,-3.096,15.789,False,True,True,0,0,0,0,True,
300854.SZ,300854,300854,中兰环保,创业板,深市,创业板,801970.SI,环保,801971.SI,环境治理,环境治理,L,20210916,1833,5.02,15.49,-2.024,16.667,False,True,True,0,0,0,0,True,
300855.SZ,300855,300855,图南股份,创业板,深市,创业板,801050.SI,有色金属,801051.SI,金属新材料,金属新材料,L,20200723,2253,6.17,35.01,0.086,13.953,False,True,True,0,0,0,0,True,
300856.SZ,300856,300856,科思股份,创业板,深市,创业板,801980.SI,美容护理,801982.SI,化妆品,化妆品,L,20200722,2254,6.17,10.44,-0.76,20.0,False,True,True,0,0,0,0,True,
300857.SZ,300857,300857,协创数据,创业板,深市,创业板,801080.SI,电子,801085.SI,消费电子,消费电子,L,20200727,2249,6.16,268.01,-1.954,8.537,False,True,True,0,0,0,0,True,
300858.SZ,300858,300858,科拓生物,创业板,深市,创业板,801030.SI,基础化工,801034.SI,化学制品,化学制品,L,20200727,2249,6.16,15.12,-3.571,9.459,False,True,True,0,0,0,0,True,
300859.SZ,300859,300859,西域旅游,创业板,深市,创业板,801210.SI,社会服务,801993.SI,旅游及景区,旅游及景区,L,20200806,2239,6.13,24.05,-1.596,22.0,False,True,True,0,0,0,0,True,
300860.SZ,300860,300860,锋尚文化,创业板,深市,创业板,801210.SI,社会服务,801218.SI,专业服务,专业服务,L,20200824,2221,6.08,30.48,-0.262,17.007,False,True,True,0,0,0,0,True,
300861.SZ,300861,300861,美畅股份,创业板,深市,创业板,801890.SI,机械设备,801072.SI,通用设备,通用设备,L,20200824,2221,6.08,16.33,1.492,9.375,False,True,True,0,0,0,0,True,
300862.SZ,300862,300862,蓝盾光电,创业板,深市,创业板,801890.SI,机械设备,801072.SI,通用设备,通用设备,L,20200824,2221,6.08,60.0,3.609,11.644,False,True,True,0,12,15,15,False,近60日停牌
300863.SZ,300863,300863,卡倍亿,创业板,深市,创业板,801880.SI,汽车,801093.SI,汽车零部件,汽车零部件,L,20200824,2221,6.08,42.4,-1.096,8.333,False,True,True,0,0,0,0,True,
300864.SZ,300864,300864,南大环境,创业板,深市,创业板,801970.SI,环保,801971.SI,环境治理,环境治理,L,20200824,2221,6.08,26.3,-0.454,15.152,False,True,True,0,0,0,0,True,
300865.SZ,300865,300865,大宏立,创业板,深市,创业板,801890.SI,机械设备,801074.SI,专用设备,专用设备,L,20200824,2221,6.08,33.36,-2.199,12.844,False,True,True,0,0,0,0,True,
300866.SZ,300866,300866,安克创新,创业板,深市,创业板,801080.SI,电子,801085.SI,消费电子,消费电子,L,20200824,2221,6.08,124.55,0.525,15.455,False,True,True,0,0,0,0,True,
300867.SZ,300867,300867,圣元环保,创业板,深市,创业板,801970.SI,环保,801971.SI,环境治理,环境治理,L,20200824,2221,6.08,17.46,-2.185,6.857,False,True,True,0,0,0,0,True,
300868.SZ,300868,300868,杰美特,创业板,深市,创业板,801080.SI,电子,801085.SI,消费电子,消费电子,L,20200824,2221,6.08,87.33,-1.964,13.274,False,True,True,0,0,0,0,True,
300869.SZ,300869,300869,康泰医学,创业板,深市,创业板,801150.SI,医药生物,801153.SI,医疗器械,医疗器械,L,20200824,2221,6.08,11.54,0.698,8.929,False,True,True,0,0,0,0,True,
300870.SZ,300870,300870,欧陆通,创业板,深市,创业板,801730.SI,电力设备,801733.SI,其他电源设备Ⅱ,其他电源设备Ⅱ,L,20200824,2221,6.08,212.8,0.377,8.0,False,True,True,0,0,0,0,True,
300871.SZ,300871,300871,回盛生物,创业板,深市,创业板,801010.SI,农林牧渔,801018.SI,动物保健Ⅱ,动物保健Ⅱ,L,20200824,2221,6.08,21.55,-0.691,8.85,False,True,True,0,0,0,0,True,
300872.SZ,300872,300872,天阳科技,创业板,深市,创业板,801750.SI,计算机,801103.SI,IT服务Ⅱ,IT服务Ⅱ,L,20200824,2221,6.08,15.62,-1.513,7.692,False,True,True,0,0,0,0,True,
300873.SZ,300873,300873,海晨股份,创业板,深市,创业板,801170.SI,交通运输,801178.SI,物流,物流,L,20200824,2221,6.08,16.01,-3.844,13.75,False,True,True,0,0,0,0,True,
300875.SZ,300875,300875,捷强装备,创业板,深市,创业板,801740.SI,国防军工,801743.SI,地面兵装Ⅱ,地面兵装Ⅱ,L,20200824,2221,6.08,32.0,-2.765,8.929,False,True,True,0,0,0,0,True,
300876.SZ,300876,300876,蒙泰高新,创业板,深市,创业板,801030.SI,基础化工,801032.SI,化学纤维,化学纤维,L,20200824,2221,6.08,15.11,1.003,12.987,False,True,True,0,0,0,0,True,
300877.SZ,300877,300877,金春股份,创业板,深市,创业板,801130.SI,纺织服饰,801131.SI,纺织制造,纺织制造,L,20200824,2221,6.08,27.62,-0.469,9.091,False,True,True,0,0,0,0,True,
300878.SZ,300878,300878,维康药业,创业板,深市,创业板,801150.SI,医药生物,801155.SI,中药Ⅱ,中药Ⅱ,L,20200824,2221,6.08,31.15,0.225,9.756,False,True,True,0,0,0,0,True,
300879.SZ,300879,300879,大叶股份,创业板,深市,创业板,801890.SI,机械设备,801074.SI,专用设备,专用设备,L,20200901,2213,6.06,18.11,-0.44,13.793,False,True,True,0,0,0,0,True,
300880.SZ,300880,300880,迦南智能,创业板,深市,创业板,801730.SI,电力设备,801738.SI,电网设备,电网设备,L,20200901,2213,6.06,19.65,-2.287,10.0,False,True,True,0,0,0,0,True,
300881.SZ,300881,300881,盛德鑫泰,创业板,深市,创业板,801040.SI,钢铁,801045.SI,特钢Ⅱ,特钢Ⅱ,L,20200901,2213,6.06,31.37,2.954,11.392,False,True,True,0,0,0,0,True,
300882.SZ,300882,300882,万胜智能,创业板,深市,创业板,801730.SI,电力设备,801738.SI,电网设备,电网设备,L,20200910,2204,6.03,13.45,-0.518,26.667,False,True,True,0,0,0,0,True,
300883.SZ,300883,300883,龙利得,创业板,深市,创业板,801140.SI,轻工制造,801141.SI,包装印刷,包装印刷,L,20200910,2204,6.03,6.43,-0.618,9.375,False,True,True,0,0,0,0,True,
300884.SZ,300884,300884,狄耐克,创业板,深市,创业板,801750.SI,计算机,801101.SI,计算机设备,计算机设备,L,20201112,2141,5.86,12.22,-0.082,11.475,False,True,True,0,0,0,0,True,
300885.SZ,300885,300885,海昌新材,创业板,深市,创业板,801890.SI,机械设备,801072.SI,通用设备,通用设备,L,20200910,2204,6.03,19.09,0.845,11.34,False,True,True,0,0,0,0,True,
300886.SZ,300886,300886,华业香料,创业板,深市,创业板,801980.SI,美容护理,801982.SI,化妆品,化妆品,L,20200916,2198,6.02,24.33,-0.856,8.051,False,True,True,0,0,0,0,True,
300887.SZ,300887,300887,谱尼测试,创业板,深市,创业板,801210.SI,社会服务,801218.SI,专业服务,专业服务,L,20200916,2198,6.02,7.09,0.71,8.451,False,True,True,0,0,0,0,True,
300888.SZ,300888,300888,稳健医疗,创业板,深市,创业板,801980.SI,美容护理,801981.SI,个护用品,个护用品,L,20200917,2197,6.02,29.63,0.373,25.0,False,True,True,0,0,0,0,True,
300889.SZ,300889,300889,爱克股份,创业板,深市,创业板,801080.SI,电子,801084.SI,光学光电子,光学光电子,L,20200916,2198,6.02,22.84,-0.131,14.783,False,True,True,0,0,0,0,True,
300890.SZ,300890,300890,翔丰华,创业板,深市,创业板,801730.SI,电力设备,801737.SI,电池,电池,L,20200917,2197,6.02,26.7,0.641,6.061,False,True,True,0,0,0,0,True,
300891.SZ,300891,300891,惠云钛业,创业板,深市,创业板,801030.SI,基础化工,801033.SI,化学原料,化学原料,L,20200917,2197,6.02,7.67,-1.032,16.216,False,True,True,0,0,0,0,True,
300892.SZ,300892,300892,品渥食品,创业板,深市,创业板,801120.SI,食品饮料,801127.SI,饮料乳品,饮料乳品,L,20200924,2190,6.0,22.68,-1.733,11.111,False,True,True,0,0,0,0,True,
300893.SZ,300893,300893,松原安全,创业板,深市,创业板,801880.SI,汽车,801093.SI,汽车零部件,汽车零部件,L,20200924,2190,6.0,14.15,0.497,47.297,False,True,True,0,0,0,0,True,
300894.SZ,300894,300894,火星人,创业板,深市,创业板,801110.SI,家用电器,801114.SI,厨卫电器,厨卫电器,L,20201231,2092,5.73,10.38,0.387,14.815,False,True,True,0,0,0,0,True,
300895.SZ,300895,300895,铜牛信息,创业板,深市,创业板,801750.SI,计算机,801103.SI,IT服务Ⅱ,IT服务Ⅱ,L,20200924,2190,6.0,62.08,5.202,11.724,False,True,True,0,0,0,0,True,
300896.SZ,300896,300896,爱美客,创业板,深市,创业板,801980.SI,美容护理,801983.SI,医疗美容,医疗美容,L,20200928,2186,5.98,93.47,0.129,15.0,False,True,True,0,0,0,0,True,
300897.SZ,300897,300897,山科智能,创业板,深市,创业板,801890.SI,机械设备,801072.SI,通用设备,通用设备,L,20200928,2186,5.98,16.46,0.305,7.547,False,True,True,0,0,0,0,True,
300898.SZ,300898,300898,熊猫乳品,创业板,深市,创业板,801120.SI,食品饮料,801127.SI,饮料乳品,饮料乳品,L,20201016,2168,5.94,19.98,-1.333,9.709,False,True,True,0,0,0,0,True,
300899.SZ,300899,300899,上海凯鑫,创业板,深市,创业板,801970.SI,环保,801971.SI,环境治理,环境治理,L,20201016,2168,5.94,30.39,1.098,12.121,False,True,True,0,0,0,0,True,
300900.SZ,300900,300900,广联航空,创业板,深市,创业板,801740.SI,国防军工,801742.SI,航空装备Ⅱ,航空装备Ⅱ,L,20201029,2155,5.9,22.84,-1.721,5.128,False,True,True,0,0,0,0,True,
300901.SZ,300901,300901,中胤时尚,创业板,深市,创业板,801130.SI,纺织服饰,801132.SI,服装家纺,服装家纺,L,20201029,2155,5.9,18.0,-2.913,18.28,False,True,True,0,0,0,0,True,
300902.SZ,300902,300902,国安达,创业板,深市,创业板,801890.SI,机械设备,801074.SI,专用设备,专用设备,L,20201029,2155,5.9,18.76,4.106,11.765,False,True,True,0,0,0,0,True,
300903.SZ,300903,300903,科翔股份,创业板,深市,创业板,801080.SI,电子,801083.SI,元件,元件,L,20201105,2148,5.88,108.55,-0.704,21.324,False,True,True,0,0,0,0,True,
300904.SZ,300904,300904,威力传动,创业板,深市,创业板,801730.SI,电力设备,801736.SI,风电设备,风电设备,L,20230809,1141,3.12,42.74,-1.202,10.145,False,True,True,0,0,0,0,True,
300905.SZ,300905,300905,宝丽迪,创业板,深市,创业板,801030.SI,基础化工,801032.SI,化学纤维,化学纤维,L,20201105,2148,5.88,38.53,-1.433,7.692,False,True,True,0,0,0,0,True,
300906.SZ,300906,300906,日月明,创业板,深市,创业板,801890.SI,机械设备,801072.SI,通用设备,通用设备,L,20201105,2148,5.88,28.81,-0.552,19.178,False,True,True,0,0,0,0,True,
300907.SZ,300907,300907,康平科技,创业板,深市,创业板,801730.SI,电力设备,801731.SI,电机Ⅱ,电机Ⅱ,L,20201118,2135,5.85,56.98,-3.211,13.636,False,True,True,0,0,0,0,True,
300908.SZ,300908,300908,仲景食品,创业板,深市,创业板,801120.SI,食品饮料,801129.SI,调味发酵品Ⅱ,调味发酵品Ⅱ,L,20201123,2130,5.83,17.19,0.585,8.772,False,True,True,0,0,0,0,True,
300909.SZ,300909,300909,汇创达,创业板,深市,创业板,801080.SI,电子,801084.SI,光学光电子,光学光电子,L,20201118,2135,5.85,63.47,-2.773,19.178,False,True,True,0,0,0,0,True,
300910.SZ,300910,300910,瑞丰新材,创业板,深市,创业板,801030.SI,基础化工,801034.SI,化学制品,化学制品,L,20201127,2126,5.82,28.32,0.354,8.511,False,True,True,0,0,0,0,True,
300911.SZ,300911,300911,亿田智能,创业板,深市,创业板,801110.SI,家用电器,801114.SI,厨卫电器,厨卫电器,L,20201203,2120,5.8,36.24,12.129,20.779,False,True,True,0,0,0,0,True,
300912.SZ,300912,300912,凯龙高科,创业板,深市,创业板,801880.SI,汽车,801093.SI,汽车零部件,汽车零部件,L,20201207,2116,5.79,19.97,-1.819,10.0,False,True,True,0,0,0,0,True,
300913.SZ,300913,300913,兆龙互连,创业板,深市,创业板,801770.SI,通信,801102.SI,通信设备,通信设备,L,20201207,2116,5.79,41.25,-1.528,7.477,False,True,True,0,0,0,0,True,
300915.SZ,300915,300915,海融科技,创业板,深市,创业板,801120.SI,食品饮料,801127.SI,饮料乳品,饮料乳品,L,20201202,2121,5.81,22.66,1.342,12.745,False,True,True,0,0,0,0,True,
300916.SZ,300916,300916,朗特智能,创业板,深市,创业板,801080.SI,电子,801085.SI,消费电子,消费电子,L,20201202,2121,5.81,28.11,0.897,12.5,False,True,True,0,0,0,0,True,
300917.SZ,300917,300917,特发服务,创业板,深市,创业板,801180.SI,房地产,801183.SI,房地产服务,房地产服务,L,20201221,2102,5.75,32.6,3.723,15.686,False,True,True,0,0,0,0,True,
300918.SZ,300918,300918,南山智尚,创业板,深市,创业板,801130.SI,纺织服饰,801131.SI,纺织制造,纺织制造,L,20201222,2101,5.75,10.75,-1.916,16.981,False,True,True,0,0,0,0,True,
300919.SZ,300919,300919,中伟新材,创业板,深市,创业板,801730.SI,电力设备,801737.SI,电池,电池,L,20201223,2100,5.75,38.31,0.078,24.242,False,True,True,0,0,0,0,True,
300920.SZ,300920,300920,润阳科技,创业板,深市,创业板,801030.SI,基础化工,801036.SI,塑料,塑料,L,20201225,2098,5.74,34.73,0.959,10.145,False,True,True,0,0,0,0,True,
300921.SZ,300921,300921,南凌科技,创业板,深市,创业板,801770.SI,通信,801223.SI,通信服务,通信服务,L,20201222,2101,5.75,16.44,-1.202,6.875,False,True,True,0,0,0,0,True,
300922.SZ,300922,300922,天秦装备,创业板,深市,创业板,801740.SI,国防军工,801743.SI,地面兵装Ⅱ,地面兵装Ⅱ,L,20201225,2098,5.74,17.67,-1.669,9.89,False,True,True,0,0,0,0,True,
300923.SZ,300923,300923,研奥股份,创业板,深市,创业板,801890.SI,机械设备,801076.SI,轨交设备Ⅱ,轨交设备Ⅱ,L,20201224,2099,5.75,23.96,-0.125,13.559,False,True,True,0,0,0,0,True,
300925.SZ,300925,300925,法本信息,创业板,深市,创业板,801750.SI,计算机,801104.SI,软件开发,软件开发,L,20201230,2093,5.73,14.03,-2.025,9.589,False,True,True,0,0,0,0,True,
300926.SZ,300926,300926,博俊科技,创业板,深市,创业板,801880.SI,汽车,801093.SI,汽车零部件,汽车零部件,L,20210107,2085,5.71,16.78,1.084,19.101,False,True,True,0,0,0,0,True,
300927.SZ,300927,300927,江天化学,创业板,深市,创业板,801030.SI,基础化工,801033.SI,化学原料,化学原料,L,20210107,2085,5.71,27.35,-4.035,13.043,False,True,True,0,0,0,0,True,
300928.SZ,300928,300928,华安鑫创,创业板,深市,创业板,801880.SI,汽车,801093.SI,汽车零部件,汽车零部件,L,20210106,2086,5.71,25.34,1.279,9.677,False,True,True,0,0,0,0,True,
300929.SZ,300929,300929,华骐环保,创业板,深市,创业板,801970.SI,环保,801971.SI,环境治理,环境治理,L,20210120,2072,5.67,16.22,0.0,11.111,False,True,True,0,0,0,0,True,
300930.SZ,300930,300930,屹通新材,创业板,深市,创业板,801050.SI,有色金属,801051.SI,金属新材料,金属新材料,L,20210121,2071,5.67,26.18,0.306,8.73,False,True,True,0,0,0,0,True,
300931.SZ,300931,300931,通用电梯,创业板,深市,创业板,801890.SI,机械设备,801074.SI,专用设备,专用设备,L,20210121,2071,5.67,19.21,19.988,18.391,False,True,True,0,0,0,0,True,
300932.SZ,300932,300932,三友联众,创业板,深市,创业板,801730.SI,电力设备,801738.SI,电网设备,电网设备,L,20210122,2070,5.67,11.29,0.804,8.333,False,True,True,0,0,0,0,True,
300933.SZ,300933,300933,中辰股份,创业板,深市,创业板,801730.SI,电力设备,801738.SI,电网设备,电网设备,L,20210122,2070,5.67,6.67,-0.891,7.576,False,True,True,0,0,0,0,True,
300935.SZ,300935,300935,盈建科,创业板,深市,创业板,801750.SI,计算机,801104.SI,软件开发,软件开发,L,20210120,2072,5.67,27.92,-4.088,13.889,False,True,True,0,0,0,0,True,
300936.SZ,300936,300936,中英科技,创业板,深市,创业板,801080.SI,电子,801083.SI,元件,元件,L,20210126,2066,5.66,83.63,2.689,8.824,False,True,True,0,0,0,0,True,
300937.SZ,300937,300937,药易购,创业板,深市,创业板,801150.SI,医药生物,801154.SI,医药商业,医药商业,L,20210127,2065,5.65,24.52,-1.684,6.827,False,True,True,0,0,0,0,True,
300938.SZ,300938,300938,信测标准,创业板,深市,创业板,801210.SI,社会服务,801218.SI,专业服务,专业服务,L,20210127,2065,5.65,32.91,2.11,18.367,False,True,True,0,0,0,0,True,
300939.SZ,300939,300939,秋田微,创业板,深市,创业板,801080.SI,电子,801084.SI,光学光电子,光学光电子,L,20210128,2064,5.65,102.37,2.74,20.423,False,True,True,0,0,0,0,True,
300940.SZ,300940,300940,南极光,创业板,深市,创业板,801080.SI,电子,801084.SI,光学光电子,光学光电子,L,20210203,2058,5.63,13.89,-1.068,8.696,False,True,True,0,0,0,0,True,
300941.SZ,300941,300941,创识科技,创业板,深市,创业板,801750.SI,计算机,801101.SI,计算机设备,计算机设备,L,20210209,2052,5.62,15.17,-1.939,7.895,False,True,True,0,0,0,0,True,
300942.SZ,300942,300942,易瑞生物,创业板,深市,创业板,801150.SI,医药生物,801153.SI,医疗器械,医疗器械,L,20210209,2052,5.62,6.61,-0.9,10.606,False,True,True,0,0,0,0,True,
300943.SZ,300943,300943,春晖智控,创业板,深市,创业板,801890.SI,机械设备,801072.SI,通用设备,通用设备,L,20210210,2051,5.62,35.04,3.029,8.671,False,True,True,0,0,0,0,True,
300945.SZ,300945,300945,曼卡龙,创业板,深市,创业板,801130.SI,纺织服饰,801133.SI,饰品,饰品,L,20210210,2051,5.62,11.68,-2.013,9.756,False,True,True,0,0,0,0,True,
300946.SZ,300946,300946,恒而达,创业板,深市,创业板,801890.SI,机械设备,801072.SI,通用设备,通用设备,L,20210208,2053,5.62,36.9,0.71,12.766,False,True,True,0,0,0,0,True,
300947.SZ,300947,300947,德必集团,创业板,深市,创业板,801200.SI,商贸零售,801203.SI,一般零售,一般零售,L,20210210,2051,5.62,16.03,3.153,12.162,False,True,True,0,0,0,0,True,
300948.SZ,300948,300948,冠中生态,创业板,深市,创业板,801720.SI,建筑装饰,801723.SI,基础建设,基础建设,L,20210225,2036,5.57,19.66,-1.206,15.271,False,True,True,0,0,0,0,True,
300949.SZ,300949,300949,奥雅股份,创业板,深市,创业板,801720.SI,建筑装饰,801723.SI,基础建设,基础建设,L,20210226,2035,5.57,23.88,1.058,11.404,False,True,True,0,0,0,0,True,
300950.SZ,300950,300950,德固特,创业板,深市,创业板,801890.SI,机械设备,801074.SI,专用设备,专用设备,L,20210303,2030,5.56,21.0,-1.869,20.833,False,True,True,0,0,0,0,True,
300951.SZ,300951,300951,博硕科技,创业板,深市,创业板,801080.SI,电子,801085.SI,消费电子,消费电子,L,20210226,2035,5.57,93.66,0.429,14.917,False,True,True,0,0,0,0,True,
300952.SZ,300952,300952,恒辉安防,创业板,深市,创业板,801130.SI,纺织服饰,801132.SI,服装家纺,服装家纺,L,20210311,2022,5.54,16.91,-1.111,11.111,False,True,True,0,0,0,0,True,
300953.SZ,300953,300953,震裕科技,创业板,深市,创业板,801730.SI,电力设备,801737.SI,电池,电池,L,20210318,2015,5.52,101.55,6.693,12.5,False,True,True,0,0,0,0,True,
300955.SZ,300955,300955,嘉亨家化,创业板,深市,创业板,801980.SI,美容护理,801982.SI,化妆品,化妆品,L,20210324,2009,5.5,29.61,-2.148,22.078,False,True,True,0,2,6,6,False,近60日停牌
300956.SZ,300956,300956,英力股份,创业板,深市,创业板,801080.SI,电子,801085.SI,消费电子,消费电子,L,20210326,2007,5.49,11.39,-0.698,11.712,False,True,True,0,0,0,0,True,
300957.SZ,300957,300957,贝泰妮,创业板,深市,创业板,801980.SI,美容护理,801982.SI,化妆品,化妆品,L,20210325,2008,5.5,33.14,1.75,7.692,False,True,True,0,0,0,0,True,
300958.SZ,300958,300958,建工修复,创业板,深市,创业板,801970.SI,环保,801971.SI,环境治理,环境治理,L,20210329,2004,5.49,12.36,0.57,8.197,False,True,True,0,0,0,0,True,
300959.SZ,300959,300959,线上线下,创业板,深市,创业板,801770.SI,通信,801223.SI,通信服务,通信服务,L,20210322,2011,5.51,95.83,-3.93,10.169,False,True,True,0,0,0,0,True,
300960.SZ,300960,300960,通业科技,创业板,深市,创业板,801890.SI,机械设备,801076.SI,轨交设备Ⅱ,轨交设备Ⅱ,L,20210329,2004,5.49,18.08,0.78,16.364,False,True,True,0,0,0,0,True,
300961.SZ,300961,300961,深水海纳,创业板,深市,创业板,801970.SI,环保,801971.SI,环境治理,环境治理,L,20210330,2003,5.48,12.01,-1.959,11.475,False,True,True,0,0,0,0,True,
300962.SZ,300962,300962,中金辐照,创业板,深市,创业板,801210.SI,社会服务,801218.SI,专业服务,专业服务,L,20210409,1993,5.46,13.1,-0.531,11.364,False,True,True,0,0,0,0,True,
300963.SZ,300963,300963,中洲特材,创业板,深市,创业板,801050.SI,有色金属,801051.SI,金属新材料,金属新材料,L,20210409,1993,5.46,11.06,-1.514,10.345,False,True,True,0,0,0,0,True,
300964.SZ,300964,300964,本川智能,创业板,深市,创业板,801080.SI,电子,801083.SI,元件,元件,L,20210805,1875,5.13,80.69,4.453,15.217,False,True,True,0,0,0,0,True,
300965.SZ,300965,300965,恒宇信通,创业板,深市,创业板,801740.SI,国防军工,801742.SI,航空装备Ⅱ,航空装备Ⅱ,L,20210402,2000,5.48,43.29,0.839,17.021,False,True,True,0,0,0,0,True,
300966.SZ,300966,300966,共同药业,创业板,深市,创业板,801150.SI,医药生物,801151.SI,化学制药,化学制药,L,20210409,1993,5.46,26.6,2.623,12.705,False,True,True,0,0,0,0,True,
300967.SZ,300967,300967,晓鸣股份,创业板,深市,创业板,801010.SI,农林牧渔,801017.SI,养殖业,养殖业,L,20210413,1989,5.45,16.34,-2.097,11.628,False,True,True,0,0,0,0,True,
300968.SZ,300968,300968,格林精密,创业板,深市,创业板,801080.SI,电子,801085.SI,消费电子,消费电子,L,20210415,1987,5.44,9.95,-1.485,11.538,False,True,True,0,0,0,0,True,
300969.SZ,300969,300969,恒帅股份,创业板,深市,创业板,801880.SI,汽车,801093.SI,汽车零部件,汽车零部件,L,20210412,1990,5.45,79.87,-0.188,9.483,False,True,True,0,0,0,0,True,
300970.SZ,300970,300970,华绿生物,创业板,深市,创业板,801010.SI,农林牧渔,801016.SI,种植业,种植业,L,20210412,1990,5.45,18.09,-3.314,12.155,False,True,True,0,0,0,0,True,
300971.SZ,300971,300971,博亚精工,创业板,深市,创业板,801890.SI,机械设备,801074.SI,专用设备,专用设备,L,20210415,1987,5.44,17.85,0.507,9.551,False,True,True,0,0,0,0,True,
300972.SZ,300972,300972,万辰集团,创业板,深市,创业板,801200.SI,商贸零售,801203.SI,一般零售,一般零售,L,20210419,1983,5.43,157.0,-4.151,17.442,False,True,True,0,0,0,0,True,
300973.SZ,300973,300973,立高食品,创业板,深市,创业板,801120.SI,食品饮料,801128.SI,休闲食品,休闲食品,L,20210415,1987,5.44,25.62,-0.698,11.765,False,True,True,0,0,0,0,True,
300975.SZ,300975,300975,商络电子,创业板,深市,创业板,801080.SI,电子,801083.SI,元件,元件,L,20210421,1981,5.42,27.1,1.841,6.716,False,True,True,0,0,0,0,True,
300976.SZ,300976,300976,达瑞电子,创业板,深市,创业板,801080.SI,电子,801085.SI,消费电子,消费电子,L,20210419,1983,5.43,65.18,1.59,12.0,False,True,True,0,0,0,0,True,
300977.SZ,300977,300977,深圳瑞捷,创业板,深市,创业板,801720.SI,建筑装饰,801726.SI,工程咨询服务Ⅱ,工程咨询服务Ⅱ,L,20210420,1982,5.43,20.83,11.034,19.565,False,True,True,0,0,0,0,True,
300978.SZ,300978,300978,东箭科技,创业板,深市,创业板,801880.SI,汽车,801093.SI,汽车零部件,汽车零部件,L,20210426,1976,5.41,8.84,0.683,9.195,False,True,True,0,0,0,0,True,
300979.SZ,300979,300979,华利集团,创业板,深市,创业板,801130.SI,纺织服饰,801131.SI,纺织制造,纺织制造,L,20210426,1976,5.41,32.82,-2.467,44.444,False,True,True,0,0,0,0,True,
300980.SZ,300980,300980,祥源新材,创业板,深市,创业板,801030.SI,基础化工,801036.SI,塑料,塑料,L,20210421,1981,5.42,24.14,0.667,8.621,False,True,True,0,0,0,0,True,
300981.SZ,300981,300981,中红医疗,创业板,深市,创业板,801150.SI,医药生物,801153.SI,医疗器械,医疗器械,L,20210427,1975,5.41,18.37,-2.287,19.512,False,True,True,0,0,0,0,True,
300982.SZ,300982,300982,苏文电能,创业板,深市,创业板,801720.SI,建筑装饰,801723.SI,基础建设,基础建设,L,20210427,1975,5.41,14.37,-0.139,16.216,False,True,True,0,0,0,0,True,
300983.SZ,300983,300983,尤安设计,创业板,深市,创业板,801720.SI,建筑装饰,801726.SI,工程咨询服务Ⅱ,工程咨询服务Ⅱ,L,20210420,1982,5.43,38.52,0.156,17.895,False,True,True,0,0,0,0,True,
300984.SZ,300984,300984,金沃股份,创业板,深市,创业板,801890.SI,机械设备,801072.SI,通用设备,通用设备,L,20210618,1923,5.26,32.45,2.301,15.385,False,True,True,0,0,0,0,True,
300985.SZ,300985,300985,致远新能,创业板,深市,创业板,801890.SI,机械设备,801072.SI,通用设备,通用设备,L,20210429,1973,5.4,37.97,-6.57,17.105,False,True,True,0,0,0,0,True,
300986.SZ,300986,300986,志特新材,创业板,深市,创业板,801720.SI,建筑装饰,801724.SI,专业工程,专业工程,L,20210430,1972,5.4,12.02,1.951,10.0,False,True,True,0,0,0,0,True,
300987.SZ,300987,300987,川网传媒,创业板,深市,创业板,801760.SI,传媒,801767.SI,数字媒体,数字媒体,L,20210511,1961,5.37,14.54,-4.342,8.108,False,True,True,0,0,0,0,True,
300988.SZ,300988,300988,津荣天宇,创业板,深市,创业板,801890.SI,机械设备,801074.SI,专用设备,专用设备,L,20210512,1960,5.37,16.42,0.428,10.526,False,True,True,0,0,0,0,True,
300989.SZ,300989,300989,蕾奥规划,创业板,深市,创业板,801720.SI,建筑装饰,801726.SI,工程咨询服务Ⅱ,工程咨询服务Ⅱ,L,20210507,1965,5.38,15.63,0.0,13.605,False,True,True,0,0,0,0,True,
300990.SZ,300990,300990,同飞股份,创业板,深市,创业板,801890.SI,机械设备,801072.SI,通用设备,通用设备,L,20210512,1960,5.37,107.95,1.581,17.054,False,True,True,0,0,0,0,True,
300991.SZ,300991,300991,创益通,创业板,深市,创业板,801080.SI,电子,801082.SI,其他电子Ⅱ,其他电子Ⅱ,L,20210520,1952,5.34,30.92,0.162,11.538,False,True,True,0,0,0,0,True,
300992.SZ,300992,300992,泰福泵业,创业板,深市,创业板,801890.SI,机械设备,801072.SI,通用设备,通用设备,L,20210525,1947,5.33,29.07,1.714,17.808,False,True,True,0,0,0,0,True,
300993.SZ,300993,300993,玉马科技,创业板,深市,创业板,801140.SI,轻工制造,801142.SI,家居用品,家居用品,L,20210524,1948,5.33,9.76,-1.414,14.0,False,True,True,0,0,0,0,True,
300994.SZ,300994,300994,久祺股份,创业板,深市,创业板,801880.SI,汽车,801881.SI,摩托车及其他,摩托车及其他,L,20210812,1868,5.11,11.25,-0.266,9.91,False,True,True,0,0,0,0,True,
300995.SZ,300995,300995,奇德新材,创业板,深市,创业板,801030.SI,基础化工,801036.SI,塑料,塑料,L,20210526,1946,5.33,26.23,-0.19,7.692,False,True,True,0,0,0,0,True,
300996.SZ,300996,300996,普联软件,创业板,深市,创业板,801750.SI,计算机,801104.SI,软件开发,软件开发,L,20210603,1938,5.31,12.75,-4.207,7.031,False,True,True,0,1,4,4,False,近60日停牌
300997.SZ,300997,300997,欢乐家,创业板,深市,创业板,801120.SI,食品饮料,801127.SI,饮料乳品,饮料乳品,L,20210602,1939,5.31,15.61,-3.642,17.857,False,True,True,0,0,0,0,True,
300998.SZ,300998,300998,宁波方正,创业板,深市,创业板,801880.SI,汽车,801093.SI,汽车零部件,汽车零部件,L,20210602,1939,5.31,31.37,-4.009,19.481,False,True,True,0,0,0,0,True,
300999.SZ,300999,300999,金龙鱼,创业板,深市,创业板,801010.SI,农林牧渔,801012.SI,农产品加工,农产品加工,L,20201015,2169,5.94,24.86,-1.035,14.286,False,True,True,0,0,0,0,True,
301000.SZ,301000,301000,肇民科技,创业板,深市,创业板,801880.SI,汽车,801093.SI,汽车零部件,汽车零部件,L,20210528,1944,5.32,24.61,-0.122,20.408,False,True,True,0,0,0,0,True,
301001.SZ,301001,301001,凯淳股份,创业板,深市,创业板,801200.SI,商贸零售,801206.SI,互联网电商,互联网电商,L,20210528,1944,5.32,25.59,-1.235,9.677,False,True,True,0,0,0,0,True,
301002.SZ,301002,301002,崧盛股份,创业板,深市,创业板,801730.SI,电力设备,801738.SI,电网设备,电网设备,L,20210607,1934,5.3,28.17,0.787,7.246,False,True,True,0,0,0,0,True,
301003.SZ,301003,301003,江苏博云,创业板,深市,创业板,801030.SI,基础化工,801036.SI,塑料,塑料,L,20210601,1940,5.31,60.7,2.69,14.583,False,True,True,0,0,0,0,True,
301004.SZ,301004,301004,嘉益股份,创业板,深市,创业板,801140.SI,轻工制造,801142.SI,家居用品,家居用品,L,20210625,1916,5.25,32.93,-2.632,64.444,False,True,True,0,0,0,0,True,
301005.SZ,301005,301005,超捷股份,创业板,深市,创业板,801880.SI,汽车,801093.SI,汽车零部件,汽车零部件,L,20210601,1940,5.31,60.77,-2.031,22.581,False,True,True,0,0,0,0,True,
301006.SZ,301006,301006,迈拓股份,创业板,深市,创业板,801890.SI,机械设备,801072.SI,通用设备,通用设备,L,20210607,1934,5.3,13.99,1.303,8.889,False,True,True,0,0,0,0,True,
301007.SZ,301007,301007,德迈仕,创业板,深市,创业板,801880.SI,汽车,801093.SI,汽车零部件,汽车零部件,L,20210616,1925,5.27,32.32,-1.162,14.286,False,True,True,0,0,0,0,True,
301008.SZ,301008,301008,宏昌科技,创业板,深市,创业板,801110.SI,家用电器,801116.SI,家电零部件Ⅱ,家电零部件Ⅱ,L,20210611,1930,5.28,60.23,12.223,23.741,False,True,True,0,0,0,0,True,
301009.SZ,301009,301009,可靠股份,创业板,深市,创业板,801980.SI,美容护理,801981.SI,个护用品,个护用品,L,20210617,1924,5.27,9.19,-0.863,7.778,False,True,True,0,0,0,0,True,
301010.SZ,301010,301010,晶雪节能,创业板,深市,创业板,801710.SI,建筑材料,801713.SI,装修建材,装修建材,L,20210618,1923,5.26,19.15,1.269,14.607,False,True,True,0,0,0,0,True,
301011.SZ,301011,301011,华立科技,创业板,深市,创业板,801140.SI,轻工制造,801145.SI,文娱用品,文娱用品,L,20210617,1924,5.27,15.86,-2.878,11.765,False,True,True,0,0,0,0,True,
301012.SZ,301012,301012,扬电科技,创业板,深市,创业板,801730.SI,电力设备,801738.SI,电网设备,电网设备,L,20210622,1919,5.25,23.41,-0.889,12.658,False,True,True,0,0,0,0,True,
301013.SZ,301013,301013,利和兴,创业板,深市,创业板,801890.SI,机械设备,801074.SI,专用设备,专用设备,L,20210629,1912,5.23,39.16,1.241,4.569,False,True,True,0,0,0,0,True,
301015.SZ,301015,301015,百洋医药,创业板,深市,创业板,801150.SI,医药生物,801154.SI,医药商业,医药商业,L,20210630,1911,5.23,26.12,-1.173,14.815,False,True,True,0,0,0,0,True,
301016.SZ,301016,301016,雷尔伟,创业板,深市,创业板,801890.SI,机械设备,801076.SI,轨交设备Ⅱ,轨交设备Ⅱ,L,20210630,1911,5.23,15.69,0.064,26.761,False,True,True,0,0,0,0,True,
301017.SZ,301017,301017,漱玉平民,创业板,深市,创业板,801150.SI,医药生物,801154.SI,医药商业,医药商业,L,20210705,1906,5.22,12.72,-1.776,10.606,False,True,True,0,0,0,0,True,
301018.SZ,301018,301018,申菱环境,创业板,深市,创业板,801890.SI,机械设备,801072.SI,通用设备,通用设备,L,20210707,1904,5.21,101.8,-0.411,9.231,False,True,True,0,0,0,0,True,
301019.SZ,301019,301019,宁波色母,创业板,深市,创业板,801030.SI,基础化工,801036.SI,塑料,塑料,L,20210628,1913,5.24,15.64,-0.191,11.842,False,True,True,0,0,0,0,True,
301020.SZ,301020,301020,密封科技,创业板,深市,创业板,801880.SI,汽车,801093.SI,汽车零部件,汽车零部件,L,20210706,1905,5.22,23.35,4.944,14.286,False,True,True,0,0,0,0,True,
301021.SZ,301021,301021,英诺激光,创业板,深市,创业板,801890.SI,机械设备,801078.SI,自动化设备,自动化设备,L,20210706,1905,5.22,91.01,2.918,17.857,False,True,True,0,0,0,0,True,
301022.SZ,301022,301022,海泰科,创业板,深市,创业板,801880.SI,汽车,801093.SI,汽车零部件,汽车零部件,L,20210702,1909,5.23,22.47,-0.926,9.333,False,True,True,0,0,0,0,True,
301023.SZ,301023,301023,奕帆传动,创业板,深市,创业板,801730.SI,电力设备,801731.SI,电机Ⅱ,电机Ⅱ,L,20210707,1904,5.21,29.14,1.392,8.333,False,True,True,0,0,0,0,True,
301024.SZ,301024,301024,霍普股份,创业板,深市,创业板,801720.SI,建筑装饰,801726.SI,工程咨询服务Ⅱ,工程咨询服务Ⅱ,L,20210728,1883,5.16,35.19,4.795,12.037,False,True,True,0,0,0,0,True,
301025.SZ,301025,301025,读客文化,创业板,深市,创业板,801760.SI,传媒,801769.SI,出版,出版,L,20210719,1892,5.18,10.03,-4.658,7.0,False,True,True,0,0,0,0,True,
301026.SZ,301026,301026,浩通科技,创业板,深市,创业板,801050.SI,有色金属,801054.SI,小金属,小金属,L,20210716,1895,5.19,19.49,-1.066,11.22,False,True,True,0,0,0,0,True,
301027.SZ,301027,301027,华蓝集团,创业板,深市,创业板,801720.SI,建筑装饰,801726.SI,工程咨询服务Ⅱ,工程咨询服务Ⅱ,L,20210715,1896,5.19,19.44,-1.32,7.317,False,True,True,0,0,0,0,True,
301028.SZ,301028,301028,鼎熔岩,创业板,深市,创业板,801890.SI,机械设备,801072.SI,通用设备,通用设备,L,20210720,1891,5.18,13.62,0.665,9.924,False,True,True,0,0,0,0,True,
301029.SZ,301029,301029,怡合达,创业板,深市,创业板,801890.SI,机械设备,801078.SI,自动化设备,自动化设备,L,20210723,1888,5.17,24.95,-0.795,11.905,False,True,True,0,0,0,0,True,
301030.SZ,301030,301030,*ST仕净,创业板,深市,创业板,801970.SI,环保,801972.SI,环保设备Ⅱ,环保设备Ⅱ,L,20210722,1889,5.17,5.44,-5.226,19.298,True,True,True,0,0,0,0,False,ST
301031.SZ,301031,301031,中熔电气,创业板,深市,创业板,801080.SI,电子,801082.SI,其他电子Ⅱ,其他电子Ⅱ,L,20210715,1896,5.19,102.78,6.497,11.94,False,True,True,0,0,0,0,True,
301032.SZ,301032,301032,新柴股份,创业板,深市,创业板,801890.SI,机械设备,801072.SI,通用设备,通用设备,L,20210722,1889,5.17,10.16,-0.587,9.0,False,True,True,0,0,0,0,True,
301033.SZ,301033,301033,迈普医学,创业板,深市,创业板,801150.SI,医药生物,801153.SI,医疗器械,医疗器械,L,20210726,1885,5.16,55.96,-0.516,10.127,False,True,True,0,0,0,0,True,
301035.SZ,301035,301035,润丰股份,创业板,深市,创业板,801030.SI,基础化工,801038.SI,农化制品,农化制品,L,20210728,1883,5.16,49.5,-1.02,23.333,False,True,True,0,0,0,0,True,
301036.SZ,301036,301036,双乐股份,创业板,深市,创业板,801030.SI,基础化工,801034.SI,化学制品,化学制品,L,20210729,1882,5.15,22.54,0.535,14.815,False,True,True,0,0,0,0,True,
301037.SZ,301037,301037,保立佳,创业板,深市,创业板,801030.SI,基础化工,801034.SI,化学制品,化学制品,L,20210730,1881,5.15,13.1,1.708,10.236,False,True,True,0,0,0,0,True,
301038.SZ,301038,301038,深水规院,创业板,深市,创业板,801720.SI,建筑装饰,801726.SI,工程咨询服务Ⅱ,工程咨询服务Ⅱ,L,20210804,1876,5.14,16.76,-1.238,15.789,False,True,True,0,0,0,0,True,
301039.SZ,301039,301039,中集车辆,创业板,深市,创业板,801880.SI,汽车,801096.SI,商用车,商用车,L,20210708,1903,5.21,7.26,-1.09,15.385,False,True,True,0,0,0,0,True,
301040.SZ,301040,301040,中环海陆,创业板,深市,创业板,801730.SI,电力设备,801736.SI,风电设备,风电设备,L,20210803,1877,5.14,26.12,-1.173,13.483,False,True,True,0,0,0,0,True,
301041.SZ,301041,301041,金百泽,创业板,深市,创业板,801080.SI,电子,801083.SI,元件,元件,L,20210811,1869,5.12,38.13,1.816,9.89,False,True,True,0,0,0,0,True,
301042.SZ,301042,301042,安联锐视,创业板,深市,创业板,801750.SI,计算机,801101.SI,计算机设备,计算机设备,L,20210805,1875,5.13,31.24,-0.414,9.677,False,True,True,0,0,0,0,True,
301043.SZ,301043,301043,绿岛风,创业板,深市,创业板,801890.SI,机械设备,801072.SI,通用设备,通用设备,L,20210811,1869,5.12,50.89,2.663,17.143,False,True,True,0,0,0,0,True,
301045.SZ,301045,301045,天禄科技,创业板,深市,创业板,801080.SI,电子,801084.SI,光学光电子,光学光电子,L,20210813,1867,5.11,74.01,5.232,12.987,False,True,True,0,0,0,0,True,
301046.SZ,301046,301046,能辉科技,创业板,深市,创业板,801720.SI,建筑装饰,801724.SI,专业工程,专业工程,L,20210817,1863,5.1,34.78,0.462,20.635,False,True,True,0,0,0,0,True,
301047.SZ,301047,301047,义翘神州,创业板,深市,创业板,801150.SI,医药生物,801152.SI,生物制品,生物制品,L,20210816,1864,5.1,150.0,10.116,40.909,False,True,True,0,0,0,0,True,
301048.SZ,301048,301048,金鹰重工,创业板,深市,创业板,801890.SI,机械设备,801076.SI,轨交设备Ⅱ,轨交设备Ⅱ,L,20210818,1862,5.1,8.97,-0.664,23.077,False,True,True,0,0,0,0,True,
301049.SZ,301049,301049,超越科技,创业板,深市,创业板,801970.SI,环保,801971.SI,环境治理,环境治理,L,20210824,1856,5.08,20.57,-0.146,8.0,False,True,True,0,0,0,0,True,
301050.SZ,301050,301050,雷电微力,创业板,深市,创业板,801740.SI,国防军工,801745.SI,军工电子Ⅱ,军工电子Ⅱ,L,20210824,1856,5.08,28.18,-0.248,18.75,False,True,True,0,0,0,0,True,
301051.SZ,301051,301051,信濠光电,创业板,深市,创业板,801080.SI,电子,801085.SI,消费电子,消费电子,L,20210827,1853,5.07,19.02,-0.575,13.333,False,True,True,0,0,0,0,True,
301052.SZ,301052,301052,果麦文化,创业板,深市,创业板,801760.SI,传媒,801769.SI,出版,出版,L,20210830,1850,5.07,24.31,-2.369,9.756,False,True,True,0,0,0,0,True,
301053.SZ,301053,301053,远信工业,创业板,深市,创业板,801890.SI,机械设备,801074.SI,专用设备,专用设备,L,20210901,1848,5.06,36.3,2.513,17.808,False,True,True,0,0,0,0,True,
301055.SZ,301055,301055,张小泉,创业板,深市,创业板,801140.SI,轻工制造,801142.SI,家居用品,家居用品,L,20210906,1843,5.05,31.94,-3.036,16.0,False,True,True,0,0,0,0,True,
301056.SZ,301056,301056,森赫股份,创业板,深市,创业板,801890.SI,机械设备,801074.SI,专用设备,专用设备,L,20210907,1842,5.04,13.69,-1.227,26.619,False,True,True,0,0,0,0,True,
301057.SZ,301057,301057,汇隆新材,创业板,深市,创业板,801030.SI,基础化工,801032.SI,化学纤维,化学纤维,L,20210909,1840,5.04,26.34,5.318,23.214,False,True,True,0,0,0,0,True,
301058.SZ,301058,301058,中粮科工,创业板,深市,创业板,801720.SI,建筑装饰,801726.SI,工程咨询服务Ⅱ,工程咨询服务Ⅱ,L,20210909,1840,5.04,8.85,1.027,11.236,False,True,True,0,0,0,0,True,
301059.SZ,301059,301059,金三江,创业板,深市,创业板,801030.SI,基础化工,801034.SI,化学制品,化学制品,L,20210913,1836,5.03,12.81,-1.081,12.397,False,True,True,0,0,0,0,True,
301060.SZ,301060,301060,兰卫医学,创业板,深市,创业板,801150.SI,医药生物,801156.SI,医疗服务,医疗服务,L,20210913,1836,5.03,12.15,1.759,14.159,False,True,True,0,0,0,0,True,
301061.SZ,301061,301061,匠心家居,创业板,深市,创业板,801140.SI,轻工制造,801142.SI,家居用品,家居用品,L,20210913,1836,5.03,44.14,0.638,23.684,False,True,True,0,0,0,0,True,
301062.SZ,301062,301062,上海艾录,创业板,深市,创业板,801140.SI,轻工制造,801141.SI,包装印刷,包装印刷,L,20210914,1835,5.02,7.03,-0.142,12.676,False,True,True,0,0,0,0,True,
301063.SZ,301063,301063,海锅股份,创业板,深市,创业板,801890.SI,机械设备,801074.SI,专用设备,专用设备,L,20210924,1825,5.0,18.14,1.397,11.364,False,True,True,0,0,0,0,True,
301065.SZ,301065,301065,本立科技,创业板,深市,创业板,801150.SI,医药生物,801151.SI,化学制药,化学制药,L,20210914,1835,5.02,20.13,0.953,10.417,False,True,True,0,0,0,0,True,
301066.SZ,301066,301066,万事利,创业板,深市,创业板,801130.SI,纺织服饰,801131.SI,纺织制造,纺织制造,L,20210922,1827,5.0,12.48,-1.887,12.8,False,True,True,0,0,0,0,True,
301067.SZ,301067,301067,显盈科技,创业板,深市,创业板,801080.SI,电子,801085.SI,消费电子,消费电子,L,20210922,1827,5.0,33.85,0.445,11.321,False,True,True,0,0,0,0,True,
301068.SZ,301068,301068,大地海洋,创业板,深市,创业板,801970.SI,环保,801971.SI,环境治理,环境治理,L,20210928,1821,4.99,26.13,-2.826,16.296,False,True,True,0,0,0,0,True,
301069.SZ,301069,301069,凯盛新材,创业板,深市,创业板,801030.SI,基础化工,801033.SI,化学原料,化学原料,L,20210927,1822,4.99,16.07,-0.062,33.333,False,True,True,0,0,0,0,True,
301070.SZ,301070,301070,开勒股份,创业板,深市,创业板,801890.SI,机械设备,801072.SI,通用设备,通用设备,L,20210923,1826,5.0,68.4,0.647,8.537,False,True,True,0,0,0,0,True,
301071.SZ,301071,301071,力量钻石,创业板,深市,创业板,801030.SI,基础化工,801039.SI,非金属材料Ⅱ,非金属材料Ⅱ,L,20210924,1825,5.0,71.04,3.708,6.322,False,True,True,0,0,0,0,True,
301072.SZ,301072,301072,中捷精工,创业板,深市,创业板,801880.SI,汽车,801093.SI,汽车零部件,汽车零部件,L,20210929,1820,4.98,49.75,-1.446,15.758,False,True,True,0,0,0,0,True,
301073.SZ,301073,301073,君亭酒店,创业板,深市,创业板,801210.SI,社会服务,801219.SI,酒店餐饮,酒店餐饮,L,20210930,1819,4.98,18.1,-0.44,15.385,False,True,True,0,0,0,0,True,
301075.SZ,301075,301075,多瑞医药,创业板,深市,创业板,801150.SI,医药生物,801151.SI,化学制药,化学制药,L,20210929,1820,4.98,66.18,-1.606,20.27,False,True,True,0,0,0,0,True,
301076.SZ,301076,301076,新瀚新材,创业板,深市,创业板,801030.SI,基础化工,801034.SI,化学制品,化学制品,L,20211011,1808,4.95,21.43,-0.649,12.963,False,True,True,0,0,0,0,True,
301077.SZ,301077,301077,星华新材,创业板,深市,创业板,801030.SI,基础化工,801034.SI,化学制品,化学制品,L,20210930,1819,4.98,22.07,0.409,9.259,False,True,True,0,0,0,0,True,
301078.SZ,301078,301078,孩子王,创业板,深市,创业板,801200.SI,商贸零售,801204.SI,专业连锁Ⅱ,专业连锁Ⅱ,L,20211014,1805,4.94,6.98,-1.273,11.111,False,True,True,0,0,0,0,True,
301079.SZ,301079,301079,邵阳液压,创业板,深市,创业板,801890.SI,机械设备,801077.SI,工程机械,工程机械,L,20211019,1800,4.93,26.88,-1.249,8.571,False,True,True,0,0,0,0,True,
301080.SZ,301080,301080,百普赛斯,创业板,深市,创业板,801150.SI,医药生物,801152.SI,生物制品,生物制品,L,20211018,1801,4.93,129.8,9.259,15.441,False,True,True,0,0,0,0,True,
301081.SZ,301081,301081,严牌股份,创业板,深市,创业板,801970.SI,环保,801972.SI,环保设备Ⅱ,环保设备Ⅱ,L,20211020,1799,4.93,16.91,-0.354,24.845,False,True,True,0,0,0,0,True,
301082.SZ,301082,301082,久盛电气,创业板,深市,创业板,801730.SI,电力设备,801738.SI,电网设备,电网设备,L,20211027,1792,4.91,9.73,-2.211,11.0,False,True,True,0,0,0,0,True,
301083.SZ,301083,301083,百胜智能,创业板,深市,创业板,801890.SI,机械设备,801074.SI,专用设备,专用设备,L,20211021,1798,4.92,14.38,-0.277,11.594,False,True,True,0,0,0,0,True,
301085.SZ,301085,301085,亚康股份,创业板,深市,创业板,801750.SI,计算机,801103.SI,IT服务Ⅱ,IT服务Ⅱ,L,20211018,1801,4.93,87.67,2.394,21.538,False,True,True,0,0,0,0,True,
301086.SZ,301086,301086,鸿富瀚,创业板,深市,创业板,801080.SI,电子,801085.SI,消费电子,消费电子,L,20211020,1799,4.93,174.95,0.546,15.278,False,True,True,0,0,0,0,True,
301087.SZ,301087,301087,可孚医疗,创业板,深市,创业板,801150.SI,医药生物,801153.SI,医疗器械,医疗器械,L,20211025,1794,4.91,54.94,-0.794,11.719,False,True,True,0,0,0,0,True,
301088.SZ,301088,301088,戎美股份,创业板,深市,创业板,801130.SI,纺织服饰,801132.SI,服装家纺,服装家纺,L,20211028,1791,4.9,13.63,0.368,27.068,False,True,True,0,0,0,0,True,
301089.SZ,301089,301089,拓新药业,创业板,深市,创业板,801150.SI,医药生物,801151.SI,化学制药,化学制药,L,20211027,1792,4.91,24.17,0.041,11.864,False,True,True,0,0,0,0,True,
301090.SZ,301090,301090,华润材料,创业板,深市,创业板,801030.SI,基础化工,801036.SI,塑料,塑料,L,20211026,1793,4.91,7.11,-0.559,30.986,False,True,True,0,0,0,0,True,
301091.SZ,301091,301091,深城交,创业板,深市,创业板,801720.SI,建筑装饰,801726.SI,工程咨询服务Ⅱ,工程咨询服务Ⅱ,L,20211029,1790,4.9,19.78,-1.1,26.087,False,True,True,0,0,0,0,True,
301092.SZ,301092,301092,争光股份,创业板,深市,创业板,801030.SI,基础化工,801036.SI,塑料,塑料,L,20211102,1786,4.89,46.69,3.0,6.306,False,True,True,0,0,0,0,True,
301093.SZ,301093,301093,华兰股份,创业板,深市,创业板,801150.SI,医药生物,801153.SI,医疗器械,医疗器械,L,20211101,1787,4.89,74.22,1.463,25.926,False,True,True,0,0,0,0,True,
301095.SZ,301095,301095,广立微,创业板,深市,创业板,801750.SI,计算机,801104.SI,软件开发,软件开发,L,20220805,1510,4.13,77.96,0.893,8.602,False,True,True,0,0,0,0,True,
301096.SZ,301096,301096,百诚医药,创业板,深市,创业板,801150.SI,医药生物,801156.SI,医疗服务,医疗服务,L,20211220,1738,4.76,50.84,1.275,14.516,False,True,True,0,0,0,6,True,
301097.SZ,301097,301097,天益医疗,创业板,深市,创业板,801150.SI,医药生物,801153.SI,医疗器械,医疗器械,L,20220407,1630,4.46,34.89,0.172,8.235,False,True,True,0,0,0,0,True,
301098.SZ,301098,301098,金埔园林,创业板,深市,创业板,801720.SI,建筑装饰,801723.SI,基础建设,基础建设,L,20211112,1776,4.86,9.0,1.466,8.989,False,True,True,0,0,0,0,True,
301099.SZ,301099,301099,雅创电子,创业板,深市,创业板,801080.SI,电子,801082.SI,其他电子Ⅱ,其他电子Ⅱ,L,20211122,1766,4.84,57.54,9.433,10.674,False,True,True,0,0,0,0,True,
301100.SZ,301100,301100,风光股份,创业板,深市,创业板,801030.SI,基础化工,801034.SI,化学制品,化学制品,L,20211217,1741,4.77,15.56,0.064,9.494,False,True,True,0,0,0,0,True,
301101.SZ,301101,301101,明月镜片,创业板,深市,创业板,801140.SI,轻工制造,801145.SI,文娱用品,文娱用品,L,20211216,1742,4.77,30.43,-1.393,10.204,False,True,True,0,0,0,0,True,
301102.SZ,301102,301102,兆讯传媒,创业板,深市,创业板,801760.SI,传媒,801765.SI,广告营销,广告营销,L,20220328,1640,4.49,9.71,0.936,27.551,False,True,True,0,0,0,0,True,
301103.SZ,301103,301103,何氏眼科,创业板,深市,创业板,801150.SI,医药生物,801156.SI,医疗服务,医疗服务,L,20220322,1646,4.51,16.55,0.0,9.091,False,True,True,0,0,0,0,True,
301105.SZ,301105,301105,鸿铭股份,创业板,深市,创业板,801890.SI,机械设备,801074.SI,专用设备,专用设备,L,20221230,1363,3.73,50.68,0.775,9.091,False,True,True,0,0,0,0,True,
301106.SZ,301106,301106,骏成科技,创业板,深市,创业板,801080.SI,电子,801084.SI,光学光电子,光学光电子,L,20220128,1699,4.65,19.55,-0.862,8.718,False,True,True,0,0,0,0,True,
301107.SZ,301107,301107,瑜欣电子,创业板,深市,创业板,801890.SI,机械设备,801072.SI,通用设备,通用设备,L,20220524,1583,4.33,25.55,2.118,15.929,False,True,True,0,0,0,0,True,
301108.SZ,301108,301108,洁雅股份,创业板,深市,创业板,801980.SI,美容护理,801981.SI,个护用品,个护用品,L,20211203,1755,4.8,51.5,5.75,28.333,False,True,True,0,0,0,0,True,
301109.SZ,301109,301109,军信股份,创业板,深市,创业板,801970.SI,环保,801971.SI,环境治理,环境治理,L,20220413,1624,4.45,12.79,-0.699,8.889,False,True,True,0,0,0,0,True,
301110.SZ,301110,301110,青木科技,创业板,深市,创业板,801200.SI,商贸零售,801206.SI,互联网电商,互联网电商,L,20220311,1657,4.54,37.2,-1.95,8.696,False,True,True,0,0,0,0,True,
301111.SZ,301111,301111,粤万年青,创业板,深市,创业板,801150.SI,医药生物,801155.SI,中药Ⅱ,中药Ⅱ,L,20211207,1751,4.79,23.1,-0.645,9.91,False,True,True,0,0,0,0,True,
301112.SZ,301112,301112,信邦智能,创业板,深市,创业板,801890.SI,机械设备,801078.SI,自动化设备,自动化设备,L,20220629,1547,4.24,31.04,0.681,16.883,False,True,True,0,0,0,0,True,
301113.SZ,301113,301113,雅艺科技,创业板,深市,创业板,801140.SI,轻工制造,801142.SI,家居用品,家居用品,L,20211222,1736,4.75,17.68,-0.282,14.286,False,True,True,0,0,0,0,True,
301115.SZ,301115,301115,联检科技,创业板,深市,创业板,801210.SI,社会服务,801218.SI,专业服务,专业服务,L,20220831,1484,4.06,38.7,8.677,22.099,False,True,True,0,0,0,0,True,
301116.SZ,301116,301116,益客食品,创业板,深市,创业板,801010.SI,农林牧渔,801017.SI,养殖业,养殖业,L,20220118,1709,4.68,9.14,-0.652,12.903,False,True,True,0,0,0,0,True,
301117.SZ,301117,301117,ST佳缘,创业板,深市,创业板,801750.SI,计算机,801101.SI,计算机设备,计算机设备,L,20220117,1710,4.68,13.25,-2.214,8.088,True,True,True,0,2,2,2,False,ST、近60日停牌
301118.SZ,301118,301118,恒光股份,创业板,深市,创业板,801030.SI,基础化工,801033.SI,化学原料,化学原料,L,20211118,1770,4.85,23.95,0.042,8.621,False,True,True,0,0,0,0,True,
301119.SZ,301119,301119,正强股份,创业板,深市,创业板,801880.SI,汽车,801093.SI,汽车零部件,汽车零部件,L,20211122,1766,4.84,26.27,-0.68,17.647,False,True,True,0,0,0,0,True,
301120.SZ,301120,301120,新特电气,创业板,深市,创业板,801730.SI,电力设备,801738.SI,电网设备,电网设备,L,20220419,1618,4.43,14.95,-0.664,6.667,False,True,True,0,0,0,0,True,
301121.SZ,301121,301121,紫建电子,创业板,深市,创业板,801730.SI,电力设备,801737.SI,电池,电池,L,20220808,1507,4.13,36.38,1.478,16.667,False,True,True,0,0,0,0,True,
301122.SZ,301122,301122,采纳股份,创业板,深市,创业板,801150.SI,医药生物,801153.SI,医疗器械,医疗器械,L,20220126,1701,4.66,61.3,3.355,18.0,False,True,True,0,0,0,0,True,
301123.SZ,301123,301123,奕东电子,创业板,深市,创业板,801080.SI,电子,801085.SI,消费电子,消费电子,L,20220125,1702,4.66,80.48,1.488,6.061,False,True,True,0,0,0,0,True,
301125.SZ,301125,301125,腾亚精工,创业板,深市,创业板,801890.SI,机械设备,801072.SI,通用设备,通用设备,L,20220608,1568,4.29,14.3,1.997,14.706,False,True,True,0,0,0,0,True,
301126.SZ,301126,301126,达嘉维康,创业板,深市,创业板,801150.SI,医药生物,801154.SI,医药商业,医药商业,L,20211207,1751,4.79,10.3,-1.53,10.784,False,True,True,0,0,0,0,True,
301127.SZ,301127,301127,武汉天源,创业板,深市,创业板,801970.SI,环保,801971.SI,环境治理,环境治理,L,20211230,1728,4.73,17.35,-3.235,9.714,False,True,True,0,0,0,0,True,
301128.SZ,301128,301128,强瑞技术,创业板,深市,创业板,801890.SI,机械设备,801074.SI,专用设备,专用设备,L,20211110,1778,4.87,120.8,-0.625,11.667,False,True,True,0,0,0,0,True,
301129.SZ,301129,301129,瑞纳智能,创业板,深市,创业板,801890.SI,机械设备,801072.SI,通用设备,通用设备,L,20211102,1786,4.89,24.28,-0.041,5.932,False,True,True,0,0,0,0,True,
301130.SZ,301130,301130,西点药业,创业板,深市,创业板,801150.SI,医药生物,801151.SI,化学制药,化学制药,L,20220223,1673,4.58,29.12,-1.854,10.638,False,True,True,0,0,0,0,True,
301131.SZ,301131,301131,聚赛龙,创业板,深市,创业板,801030.SI,基础化工,801036.SI,塑料,塑料,L,20220314,1654,4.53,33.58,1.053,9.091,False,True,True,0,0,0,0,True,
301132.SZ,301132,301132,满坤科技,创业板,深市,创业板,801080.SI,电子,801083.SI,元件,元件,L,20220810,1505,4.12,74.56,9.117,16.183,False,True,True,0,0,0,0,True,
301133.SZ,301133,301133,金钟股份,创业板,深市,创业板,801880.SI,汽车,801093.SI,汽车零部件,汽车零部件,L,20211126,1762,4.82,27.27,-1.303,16.547,False,True,True,0,0,0,0,True,
301135.SZ,301135,301135,瑞德智能,创业板,深市,创业板,801110.SI,家用电器,801116.SI,家电零部件Ⅱ,家电零部件Ⅱ,L,20220412,1625,4.45,17.94,-0.829,8.333,False,True,True,0,0,0,0,True,
301136.SZ,301136,301136,招标股份,创业板,深市,创业板,801720.SI,建筑装饰,801726.SI,工程咨询服务Ⅱ,工程咨询服务Ⅱ,L,20220111,1716,4.7,11.84,-1.661,9.167,False,True,True,0,0,0,0,True,
301137.SZ,301137,301137,哈焊华通,创业板,深市,创业板,801890.SI,机械设备,801072.SI,通用设备,通用设备,L,20220322,1646,4.51,31.06,-1.926,14.815,False,True,True,0,0,0,0,True,
301138.SZ,301138,301138,华研精机,创业板,深市,创业板,801890.SI,机械设备,801074.SI,专用设备,专用设备,L,20211215,1743,4.77,29.98,-0.399,16.667,False,True,True,0,0,0,0,True,
301139.SZ,301139,301139,*ST元道,创业板,深市,创业板,801770.SI,通信,801223.SI,通信服务,通信服务,L,20220708,1538,4.21,,,,True,True,False,18,18,18,18,False,ST、近60日停牌、无最新行情
301141.SZ,301141,301141,中科磁业,创业板,深市,创业板,801050.SI,有色金属,801051.SI,金属新材料,金属新材料,L,20230403,1269,3.47,37.98,-2.315,13.402,False,True,True,0,0,0,0,True,
301148.SZ,301148,301148,嘉戎技术,创业板,深市,创业板,801970.SI,环保,801971.SI,环境治理,环境治理,L,20220421,1616,4.42,61.07,5.058,17.391,False,True,True,0,0,0,0,True,
301149.SZ,301149,301149,隆华新材,创业板,深市,创业板,801030.SI,基础化工,801034.SI,化学制品,化学制品,L,20211110,1778,4.87,9.25,2.664,10.345,False,True,True,0,0,0,0,True,
301150.SZ,301150,301150,中一科技,创业板,深市,创业板,801730.SI,电力设备,801737.SI,电池,电池,L,20220421,1616,4.42,49.2,20.0,17.391,False,True,True,0,0,0,0,True,
301151.SZ,301151,301151,冠龙节能,创业板,深市,创业板,801890.SI,机械设备,801072.SI,通用设备,通用设备,L,20220411,1626,4.45,22.69,-0.088,22.43,False,True,True,0,0,0,0,True,
301152.SZ,301152,301152,天力锂能,创业板,深市,创业板,801730.SI,电力设备,801737.SI,电池,电池,L,20220829,1486,4.07,21.2,-1.715,7.009,False,True,True,0,0,0,0,True,
301153.SZ,301153,301153,中科江南,创业板,深市,创业板,801750.SI,计算机,801104.SI,软件开发,软件开发,L,20220518,1589,4.35,17.4,-1.08,13.793,False,True,True,0,0,0,0,True,
301155.SZ,301155,301155,海力风电,创业板,深市,创业板,801730.SI,电力设备,801736.SI,风电设备,风电设备,L,20211124,1764,4.83,43.02,-0.509,11.429,False,True,True,0,0,0,0,True,
301156.SZ,301156,301156,美农生物,创业板,深市,创业板,801030.SI,基础化工,801034.SI,化学制品,化学制品,L,20220617,1559,4.27,11.88,0.084,10.924,False,True,True,0,0,0,0,True,
301157.SZ,301157,301157,华塑科技,创业板,深市,创业板,801730.SI,电力设备,801733.SI,其他电源设备Ⅱ,其他电源设备Ⅱ,L,20230309,1294,3.54,67.72,2.126,7.792,False,True,True,0,0,0,0,True,
301158.SZ,301158,301158,德石股份,创业板,深市,创业板,801890.SI,机械设备,801074.SI,专用设备,专用设备,L,20220117,1710,4.68,14.34,-1.982,13.158,False,True,True,0,0,0,0,True,
301159.SZ,301159,301159,三维天地,创业板,深市,创业板,801750.SI,计算机,801104.SI,软件开发,软件开发,L,20220107,1720,4.71,33.11,-1.105,8.642,False,True,True,0,0,0,0,True,
301160.SZ,301160,301160,翔楼新材,创业板,深市,创业板,801040.SI,钢铁,801045.SI,特钢Ⅱ,特钢Ⅱ,L,20220606,1570,4.3,44.6,9.127,11.111,False,True,True,0,0,0,0,True,
301161.SZ,301161,301161,唯万密封,创业板,深市,创业板,801890.SI,机械设备,801077.SI,工程机械,工程机械,L,20220914,1470,4.02,31.34,1.162,10.204,False,True,True,0,0,0,0,True,
301162.SZ,301162,301162,国能日新,创业板,深市,创业板,801750.SI,计算机,801104.SI,软件开发,软件开发,L,20220429,1608,4.4,37.64,-1.518,14.894,False,True,True,0,0,0,0,True,
301163.SZ,301163,301163,宏德股份,创业板,深市,创业板,801730.SI,电力设备,801736.SI,风电设备,风电设备,L,20220419,1618,4.43,23.47,1.866,10.132,False,True,True,0,0,0,0,True,
301165.SZ,301165,301165,锐捷网络,创业板,深市,创业板,801770.SI,通信,801102.SI,通信设备,通信设备,L,20221121,1402,3.84,114.16,0.555,26.904,False,True,True,0,0,0,0,True,
301166.SZ,301166,301166,优宁维,创业板,深市,创业板,801150.SI,医药生物,801152.SI,生物制品,生物制品,L,20211228,1730,4.74,33.03,2.673,15.152,False,True,True,0,0,0,0,True,
301167.SZ,301167,301167,建研设计,创业板,深市,创业板,801720.SI,建筑装饰,801726.SI,工程咨询服务Ⅱ,工程咨询服务Ⅱ,L,20211206,1752,4.8,13.45,0.598,10.448,False,True,True,0,0,0,0,True,
301168.SZ,301168,301168,通灵股份,创业板,深市,创业板,801730.SI,电力设备,801735.SI,光伏设备,光伏设备,L,20211210,1748,4.79,39.75,-0.55,10.68,False,True,True,0,0,0,0,True,
301169.SZ,301169,301169,零点有数,创业板,深市,创业板,801210.SI,社会服务,801218.SI,专业服务,专业服务,L,20211103,1785,4.89,54.9,-0.705,10.989,False,True,True,0,0,0,0,True,
301170.SZ,301170,301170,锡南科技,创业板,深市,创业板,801880.SI,汽车,801093.SI,汽车零部件,汽车零部件,L,20230627,1184,3.24,23.14,1.048,7.08,False,True,True,0,0,0,0,True,
301171.SZ,301171,301171,易点天下,创业板,深市,创业板,801760.SI,传媒,801765.SI,广告营销,广告营销,L,20220819,1496,4.1,34.71,-5.371,7.345,False,True,True,0,0,0,0,True,
301172.SZ,301172,301172,君逸数码,创业板,深市,创业板,801750.SI,计算机,801103.SI,IT服务Ⅱ,IT服务Ⅱ,L,20230726,1155,3.16,18.79,-0.159,7.692,False,True,True,0,0,0,0,True,
301173.SZ,301173,301173,毓恬冠佳,创业板,深市,创业板,801880.SI,汽车,801093.SI,汽车零部件,汽车零部件,L,20250303,569,1.56,33.15,0.455,10.559,False,True,True,0,0,0,0,False,上市时间不足
301175.SZ,301175,301175,中科环保,创业板,深市,创业板,801970.SI,环保,801971.SI,环境治理,环境治理,L,20220708,1538,4.21,5.59,-0.534,7.273,False,True,True,0,0,0,0,True,
301176.SZ,301176,301176,逸豪新材,创业板,深市,创业板,801080.SI,电子,801083.SI,元件,元件,L,20220928,1456,3.99,65.52,3.819,13.072,False,True,True,0,0,0,0,True,
301177.SZ,301177,301177,迪阿股份,创业板,深市,创业板,801130.SI,纺织服饰,801133.SI,饰品,饰品,L,20211215,1743,4.77,23.39,0.086,31.092,False,True,True,0,0,0,0,True,
301178.SZ,301178,301178,天亿马,创业板,深市,创业板,801750.SI,计算机,801103.SI,IT服务Ⅱ,IT服务Ⅱ,L,20211112,1776,4.86,35.9,-6.802,9.589,False,True,True,0,0,0,0,True,
301179.SZ,301179,301179,泽宇智能,创业板,深市,创业板,801730.SI,电力设备,801738.SI,电网设备,电网设备,L,20211208,1750,4.79,20.59,-0.097,5.941,False,True,True,0,0,0,0,True,
301180.SZ,301180,301180,万祥科技,创业板,深市,创业板,801080.SI,电子,801085.SI,消费电子,消费电子,L,20211116,1772,4.85,11.81,-1.006,11.966,False,True,True,0,0,0,0,True,
301181.SZ,301181,301181,标榜股份,创业板,深市,创业板,801880.SI,汽车,801093.SI,汽车零部件,汽车零部件,L,20220221,1675,4.59,25.8,-1.976,25.641,False,True,True,0,0,0,0,True,
301182.SZ,301182,301182,凯旺科技,创业板,深市,创业板,801750.SI,计算机,801101.SI,计算机设备,计算机设备,L,20211223,1735,4.75,71.98,-2.028,12.658,False,True,True,0,0,0,0,True,
301183.SZ,301183,301183,东田微,创业板,深市,创业板,801080.SI,电子,801084.SI,光学光电子,光学光电子,L,20220524,1583,4.33,313.77,2.462,16.142,False,True,True,0,0,0,0,True,
301185.SZ,301185,301185,鸥玛软件,创业板,深市,创业板,801750.SI,计算机,801103.SI,IT服务Ⅱ,IT服务Ⅱ,L,20211119,1769,4.84,17.33,-0.058,9.524,False,True,True,0,0,0,0,True,
301186.SZ,301186,301186,超达装备,创业板,深市,创业板,801880.SI,汽车,801093.SI,汽车零部件,汽车零部件,L,20211223,1735,4.75,37.96,-0.394,16.949,False,True,True,0,0,0,0,True,
301187.SZ,301187,301187,欧圣电气,创业板,深市,创业板,801110.SI,家用电器,801113.SI,小家电,小家电,L,20220422,1615,4.42,15.66,-0.445,16.438,False,True,True,0,0,0,0,True,
301188.SZ,301188,301188,力诺药包,创业板,深市,创业板,801150.SI,医药生物,801153.SI,医疗器械,医疗器械,L,20211111,1777,4.87,36.86,4.449,12.676,False,True,True,0,0,0,0,True,
301189.SZ,301189,301189,奥尼电子,创业板,深市,创业板,801080.SI,电子,801085.SI,消费电子,消费电子,L,20211228,1730,4.74,72.6,-2.222,27.419,False,True,True,0,0,0,0,True,
301190.SZ,301190,301190,善水科技,创业板,深市,创业板,801030.SI,基础化工,801033.SI,化学原料,化学原料,L,20211224,1734,4.75,21.4,4.594,14.062,False,True,True,0,0,0,0,True,
301191.SZ,301191,301191,菲菱科思,创业板,深市,创业板,801770.SI,通信,801102.SI,通信设备,通信设备,L,20220526,1581,4.33,88.11,1.838,6.452,False,True,True,0,0,0,0,True,
301192.SZ,301192,301192,泰祥股份,创业板,深市,创业板,801880.SI,汽车,801093.SI,汽车零部件,汽车零部件,L,20220811,1504,4.12,19.81,1.434,9.375,False,True,True,0,0,0,0,True,
301193.SZ,301193,301193,家联科技,创业板,深市,创业板,801140.SI,轻工制造,801142.SI,家居用品,家居用品,L,20211209,1749,4.79,23.94,4.45,24.752,False,True,True,0,0,0,0,True,
301195.SZ,301195,301195,北路智控,创业板,深市,创业板,801750.SI,计算机,801104.SI,软件开发,软件开发,L,20220801,1514,4.15,27.45,0.697,10.606,False,True,True,0,0,0,0,True,
301196.SZ,301196,301196,唯科科技,创业板,深市,创业板,801030.SI,基础化工,801036.SI,塑料,塑料,L,20220111,1716,4.7,90.34,-0.221,13.043,False,True,True,0,0,0,0,True,
301197.SZ,301197,301197,工大科雅,创业板,深市,创业板,801890.SI,机械设备,801072.SI,通用设备,通用设备,L,20220808,1507,4.13,28.77,1.267,14.615,False,True,True,0,0,0,0,True,
301198.SZ,301198,301198,喜悦智行,创业板,深市,创业板,801140.SI,轻工制造,801141.SI,包装印刷,包装印刷,L,20211202,1756,4.81,14.6,-1.351,20.769,False,True,True,0,0,0,0,True,
301199.SZ,301199,301199,迈赫股份,创业板,深市,创业板,801890.SI,机械设备,801078.SI,自动化设备,自动化设备,L,20211207,1751,4.79,18.17,-0.11,15.385,False,True,True,0,0,0,0,True,
301200.SZ,301200,301200,大族数控,创业板,深市,创业板,801890.SI,机械设备,801074.SI,专用设备,专用设备,L,20220228,1668,4.57,256.98,-0.753,36.029,False,True,True,0,0,0,0,True,
301201.SZ,301201,301201,诚达药业,创业板,深市,创业板,801150.SI,医药生物,801156.SI,医疗服务,医疗服务,L,20220120,1707,4.67,32.81,-11.54,9.402,False,True,True,0,0,0,0,True,
301202.SZ,301202,301202,朗威股份,创业板,深市,创业板,801770.SI,通信,801102.SI,通信设备,通信设备,L,20230705,1176,3.22,39.54,-0.553,12.088,False,True,True,0,0,0,0,True,
301203.SZ,301203,301203,国泰环保,创业板,深市,创业板,801970.SI,环保,801971.SI,环境治理,环境治理,L,20230404,1268,3.47,34.44,-0.116,24.561,False,True,True,0,0,0,0,True,
301205.SZ,301205,301205,联特科技,创业板,深市,创业板,801770.SI,通信,801102.SI,通信设备,通信设备,L,20220913,1471,4.03,324.88,-0.8,12.887,False,True,True,0,0,0,0,True,
301206.SZ,301206,301206,三元生物,创业板,深市,创业板,801030.SI,基础化工,801034.SI,化学制品,化学制品,L,20220210,1686,4.62,24.3,1.759,17.647,False,True,True,0,0,0,0,True,
301207.SZ,301207,301207,华兰疫苗,创业板,深市,创业板,801150.SI,医药生物,801152.SI,生物制品,生物制品,L,20220218,1678,4.59,19.83,2.693,13.333,False,True,True,0,0,0,0,True,
301208.SZ,301208,301208,中亦科技,创业板,深市,创业板,801750.SI,计算机,801103.SI,IT服务Ⅱ,IT服务Ⅱ,L,20220707,1539,4.21,30.55,-1.292,8.0,False,True,True,0,0,0,0,True,
301209.SZ,301209,301209,联合化学,创业板,深市,创业板,801030.SI,基础化工,801034.SI,化学制品,化学制品,L,20220825,1490,4.08,66.03,4.28,21.186,False,True,True,0,0,0,0,True,
301210.SZ,301210,301210,金杨精密,创业板,深市,创业板,801730.SI,电力设备,801737.SI,电池,电池,L,20230630,1181,3.23,31.45,2.077,17.647,False,True,True,0,0,0,0,True,
301211.SZ,301211,301211,亨迪药业,创业板,深市,创业板,801150.SI,医药生物,801151.SI,化学制药,化学制药,L,20211222,1736,4.75,12.59,-0.71,13.223,False,True,True,0,0,0,0,True,
301212.SZ,301212,301212,联盛化学,创业板,深市,创业板,801030.SI,基础化工,801034.SI,化学制品,化学制品,L,20220419,1618,4.43,26.68,-1.185,13.253,False,True,True,0,0,0,0,True,
301213.SZ,301213,301213,观想科技,创业板,深市,创业板,801740.SI,国防军工,801745.SI,军工电子Ⅱ,军工电子Ⅱ,L,20211206,1752,4.8,45.69,-4.414,18.182,False,True,True,0,0,0,0,True,
301215.SZ,301215,301215,中汽股份,创业板,深市,创业板,801880.SI,汽车,801092.SI,汽车服务,汽车服务,L,20220308,1660,4.54,5.31,-0.748,20.755,False,True,True,0,0,0,0,True,
301216.SZ,301216,301216,万凯新材,创业板,深市,创业板,801030.SI,基础化工,801036.SI,塑料,塑料,L,20220329,1639,4.49,17.6,0.171,15.73,False,True,True,0,0,0,0,True,
301217.SZ,301217,301217,铜冠铜箔,创业板,深市,创业板,801730.SI,电力设备,801737.SI,电池,电池,L,20220127,1700,4.65,119.23,4.095,9.195,False,True,True,0,0,0,0,True,
301218.SZ,301218,301218,华是科技,创业板,深市,创业板,801750.SI,计算机,801103.SI,IT服务Ⅱ,IT服务Ⅱ,L,20220307,1661,4.55,48.55,1.59,9.283,False,True,True,0,0,0,0,True,
301219.SZ,301219,301219,腾远钴业,创业板,深市,创业板,801050.SI,有色金属,801056.SI,能源金属,能源金属,L,20220317,1651,4.52,41.28,-0.793,18.75,False,True,True,0,0,0,0,True,
301220.SZ,301220,301220,亚香股份,创业板,深市,创业板,801030.SI,基础化工,801034.SI,化学制品,化学制品,L,20220622,1554,4.25,32.41,-3.109,19.737,False,True,True,0,0,0,0,True,
301221.SZ,301221,301221,光庭信息,创业板,深市,创业板,801880.SI,汽车,801093.SI,汽车零部件,汽车零部件,L,20211222,1736,4.75,27.84,0.469,13.043,False,True,True,0,0,0,0,True,
301222.SZ,301222,301222,浙江恒威,创业板,深市,创业板,801730.SI,电力设备,801737.SI,电池,电池,L,20220309,1659,4.54,26.58,-2.099,11.905,False,True,True,0,0,0,0,True,
301223.SZ,301223,301223,中荣股份,创业板,深市,创业板,801140.SI,轻工制造,801141.SI,包装印刷,包装印刷,L,20221026,1428,3.91,18.44,1.374,18.713,False,True,True,0,0,0,0,True,
301225.SZ,301225,301225,恒勃股份,创业板,深市,创业板,801880.SI,汽车,801093.SI,汽车零部件,汽车零部件,L,20230616,1195,3.27,61.19,-0.423,13.514,False,True,True,0,0,0,0,True,
301226.SZ,301226,301226,祥明智能,创业板,深市,创业板,801730.SI,电力设备,801731.SI,电机Ⅱ,电机Ⅱ,L,20220325,1643,4.5,33.71,-0.443,17.105,False,True,True,0,0,0,0,True,
301227.SZ,301227,301227,森鹰窗业,创业板,深市,创业板,801140.SI,轻工制造,801142.SI,家居用品,家居用品,L,20220926,1458,3.99,33.44,-3.908,13.58,False,True,True,0,0,0,0,True,
301228.SZ,301228,301228,实朴检测,创业板,深市,创业板,801210.SI,社会服务,801218.SI,专业服务,专业服务,L,20220128,1699,4.65,58.09,1.396,18.0,False,True,True,0,0,0,0,True,
301229.SZ,301229,301229,纽泰格,创业板,深市,创业板,801880.SI,汽车,801093.SI,汽车零部件,汽车零部件,L,20220222,1674,4.58,11.92,0.252,10.169,False,True,True,0,0,0,0,True,
301230.SZ,301230,301230,泓博医药,创业板,深市,创业板,801150.SI,医药生物,801156.SI,医疗服务,医疗服务,L,20221101,1422,3.89,40.07,1.187,12.821,False,True,True,0,0,0,0,True,
301231.SZ,301231,301231,荣信文化,创业板,深市,创业板,801760.SI,传媒,801769.SI,出版,出版,L,20220908,1476,4.04,30.39,-0.621,10.403,False,True,True,0,0,0,0,True,
301232.SZ,301232,301232,飞沃科技,创业板,深市,创业板,801730.SI,电力设备,801736.SI,风电设备,风电设备,L,20230615,1196,3.27,90.67,-1.306,11.111,False,True,True,0,0,0,0,True,
301233.SZ,301233,301233,盛帮股份,创业板,深市,创业板,801880.SI,汽车,801093.SI,汽车零部件,汽车零部件,L,20220706,1540,4.22,37.57,10.37,13.253,False,True,True,0,0,0,0,True,
301234.SZ,301234,301234,五洲医疗,创业板,深市,创业板,801150.SI,医药生物,801153.SI,医疗器械,医疗器械,L,20220705,1541,4.22,122.0,-12.695,17.241,False,True,True,0,0,11,11,False,近60日停牌
301235.SZ,301235,301235,华康洁净,创业板,深市,创业板,801150.SI,医药生物,801153.SI,医疗器械,医疗器械,L,20220128,1699,4.65,47.62,-1.08,9.402,False,True,True,0,0,0,0,True,
301236.SZ,301236,301236,软通动力,创业板,深市,创业板,801750.SI,计算机,801103.SI,IT服务Ⅱ,IT服务Ⅱ,L,20220315,1653,4.53,36.99,-2.195,9.524,False,True,True,0,0,0,0,True,
301237.SZ,301237,301237,和顺科技,创业板,深市,创业板,801030.SI,基础化工,801036.SI,塑料,塑料,L,20220323,1645,4.5,42.03,6.405,10.909,False,True,True,0,0,0,0,True,
301238.SZ,301238,301238,瑞泰新材,创业板,深市,创业板,801730.SI,电力设备,801737.SI,电池,电池,L,20220617,1559,4.27,16.14,0.124,37.654,False,True,True,0,0,0,0,True,
301239.SZ,301239,301239,普瑞眼科,创业板,深市,创业板,801150.SI,医药生物,801156.SI,医疗服务,医疗服务,L,20220705,1541,4.22,31.65,-1.125,16.667,False,True,True,0,0,0,0,True,
301246.SZ,301246,301246,宏源药业,创业板,深市,创业板,801150.SI,医药生物,801151.SI,化学制药,化学制药,L,20230320,1283,3.51,18.06,0.166,19.231,False,True,True,0,0,0,0,True,
301248.SZ,301248,301248,杰创智能,创业板,深市,创业板,801750.SI,计算机,801103.SI,IT服务Ⅱ,IT服务Ⅱ,L,20220420,1617,4.43,59.7,1.186,12.069,False,True,True,0,0,0,0,True,
301251.SZ,301251,301251,威尔高,创业板,深市,创业板,801080.SI,电子,801083.SI,元件,元件,L,20230906,1113,3.05,90.8,5.581,16.204,False,True,True,0,0,0,0,True,
301252.SZ,301252,301252,同星科技,创业板,深市,创业板,801110.SI,家用电器,801116.SI,家电零部件Ⅱ,家电零部件Ⅱ,L,20230525,1217,3.33,41.37,2.426,24.581,False,True,True,0,0,0,0,True,
301255.SZ,301255,301255,通力科技,创业板,深市,创业板,801890.SI,机械设备,801072.SI,通用设备,通用设备,L,20221227,1366,3.74,19.24,-0.207,14.433,False,True,True,0,0,0,0,True,
301256.SZ,301256,301256,华融化学,创业板,深市,创业板,801030.SI,基础化工,801033.SI,化学原料,化学原料,L,20220322,1646,4.51,10.12,-0.099,22.857,False,True,True,0,0,0,0,True,
301257.SZ,301257,301257,普蕊斯,创业板,深市,创业板,801150.SI,医药生物,801156.SI,医疗服务,医疗服务,L,20220517,1590,4.35,42.1,0.911,13.0,False,True,True,0,0,0,0,True,
301258.SZ,301258,301258,富士莱,创业板,深市,创业板,801150.SI,医药生物,801151.SI,化学制药,化学制药,L,20220329,1639,4.49,26.96,-0.553,12.598,False,True,True,0,0,0,0,True,
301259.SZ,301259,301259,艾布鲁,创业板,深市,创业板,801970.SI,环保,801971.SI,环境治理,环境治理,L,20220426,1611,4.41,21.19,4.077,15.0,False,True,True,0,0,0,0,True,
301260.SZ,301260,301260,格力博,创业板,深市,创业板,801890.SI,机械设备,801074.SI,专用设备,专用设备,L,20230208,1323,3.62,11.85,-0.42,25.758,False,True,True,0,0,0,0,True,
301261.SZ,301261,301261,恒工精密,创业板,深市,创业板,801890.SI,机械设备,801072.SI,通用设备,通用设备,L,20230710,1171,3.21,56.09,0.286,12.5,False,True,True,0,0,0,0,True,
301262.SZ,301262,301262,海看股份,创业板,深市,创业板,801760.SI,传媒,801995.SI,电视广播Ⅱ,电视广播Ⅱ,L,20230620,1191,3.26,19.91,-4.141,4.433,False,True,True,0,0,0,0,True,
301263.SZ,301263,301263,泰恩康,创业板,深市,创业板,801150.SI,医药生物,801151.SI,化学制药,化学制药,L,20220329,1639,4.49,21.79,2.541,10.448,False,True,True,0,0,0,0,True,
301265.SZ,301265,301265,华新科技,创业板,深市,创业板,801970.SI,环保,801971.SI,环境治理,环境治理,L,20221216,1377,3.77,22.43,2.607,18.447,False,True,True,0,0,0,0,True,
301266.SZ,301266,301266,宇邦新材,创业板,深市,创业板,801730.SI,电力设备,801735.SI,光伏设备,光伏设备,L,20220608,1568,4.29,26.37,2.847,14.815,False,True,True,6,6,6,6,False,近60日停牌
301267.SZ,301267,301267,华厦眼科,创业板,深市,创业板,801150.SI,医药生物,801156.SI,医疗服务,医疗服务,L,20221107,1416,3.88,15.11,-0.132,15.625,False,True,True,0,0,0,0,True,
301268.SZ,301268,301268,铭利达,创业板,深市,创业板,801890.SI,机械设备,801072.SI,通用设备,通用设备,L,20220407,1630,4.46,12.13,-0.98,34.375,False,True,True,0,0,0,0,True,
301269.SZ,301269,301269,华大九天,创业板,深市,创业板,801750.SI,计算机,801104.SI,软件开发,软件开发,L,20220729,1517,4.15,89.3,-0.368,27.358,False,True,True,0,0,0,0,True,
301270.SZ,301270,301270,汉仪股份,创业板,深市,创业板,801750.SI,计算机,801104.SI,软件开发,软件开发,L,20220831,1484,4.06,32.93,-0.333,5.556,False,True,True,0,0,0,0,True,
301272.SZ,301272,301272,英华特,创业板,深市,创业板,801890.SI,机械设备,801072.SI,通用设备,通用设备,L,20230713,1168,3.2,35.68,0.905,11.834,False,True,True,0,0,0,0,True,
301273.SZ,301273,301273,瑞晨环保,创业板,深市,创业板,801890.SI,机械设备,801072.SI,通用设备,通用设备,L,20221025,1429,3.91,37.46,1.408,12.766,False,True,True,0,0,0,0,True,
301275.SZ,301275,301275,汉朔科技,创业板,深市,创业板,801080.SI,电子,801082.SI,其他电子Ⅱ,其他电子Ⅱ,L,20250311,561,1.54,41.2,1.478,9.434,False,True,True,0,0,0,0,False,上市时间不足
301276.SZ,301276,301276,嘉曼服饰,创业板,深市,创业板,801130.SI,纺织服饰,801132.SI,服装家纺,服装家纺,L,20220909,1475,4.04,17.47,-0.907,18.436,False,True,True,0,0,0,0,True,
301277.SZ,301277,301277,新天地,创业板,深市,创业板,801150.SI,医药生物,801151.SI,化学制药,化学制药,L,20221116,1407,3.85,10.45,0.288,14.423,False,True,True,0,0,0,0,True,
301278.SZ,301278,301278,快可电子,创业板,深市,创业板,801730.SI,电力设备,801735.SI,光伏设备,光伏设备,L,20220804,1511,4.14,29.91,1.493,8.511,False,True,True,0,0,0,0,True,
301279.SZ,301279,301279,金道科技,创业板,深市,创业板,801890.SI,机械设备,801077.SI,工程机械,工程机械,L,20220413,1624,4.45,23.99,-0.456,27.027,False,True,True,0,0,0,0,True,
301280.SZ,301280,301280,珠城科技,创业板,深市,创业板,801110.SI,家用电器,801116.SI,家电零部件Ⅱ,家电零部件Ⅱ,L,20221226,1367,3.74,45.11,7.201,10.588,False,True,True,0,0,0,0,True,
301281.SZ,301281,301281,科源制药,创业板,深市,创业板,801150.SI,医药生物,801151.SI,化学制药,化学制药,L,20230404,1268,3.47,50.0,-1.439,13.497,False,True,True,0,0,0,0,True,
301282.SZ,301282,301282,金禄电子,创业板,深市,创业板,801080.SI,电子,801083.SI,元件,元件,L,20220826,1489,4.08,47.72,3.0,9.804,False,True,True,0,0,0,0,True,
301283.SZ,301283,301283,聚胶股份,创业板,深市,创业板,801030.SI,基础化工,801034.SI,化学制品,化学制品,L,20220902,1482,4.06,26.2,0.268,9.524,False,True,True,0,0,0,0,True,
301285.SZ,301285,301285,鸿日达,创业板,深市,创业板,801080.SI,电子,801085.SI,消费电子,消费电子,L,20220928,1456,3.99,101.53,-1.494,38.532,False,True,True,0,0,0,0,True,
301286.SZ,301286,301286,侨源股份,创业板,深市,创业板,801030.SI,基础化工,801034.SI,化学制品,化学制品,L,20220614,1562,4.28,48.08,0.502,38.462,False,True,True,0,0,0,0,True,
301287.SZ,301287,301287,康力源,创业板,深市,创业板,801140.SI,轻工制造,801145.SI,文娱用品,文娱用品,L,20230614,1197,3.28,40.5,-1.075,7.805,False,True,True,0,0,0,0,True,
301288.SZ,301288,301288,清研环境,创业板,深市,创业板,801970.SI,环保,801972.SI,环保设备Ⅱ,环保设备Ⅱ,L,20220422,1615,4.42,17.4,1.873,10.714,False,True,True,0,0,0,0,True,
301289.SZ,301289,301289,国缆检测,创业板,深市,创业板,801210.SI,社会服务,801218.SI,专业服务,专业服务,L,20220622,1554,4.25,44.48,0.248,17.699,False,True,True,0,0,0,0,True,
301290.SZ,301290,301290,东星医疗,创业板,深市,创业板,801150.SI,医药生物,801153.SI,医疗器械,医疗器械,L,20221130,1393,3.81,29.87,2.295,11.268,False,True,True,0,0,0,0,True,
301291.SZ,301291,301291,明阳电气,创业板,深市,创业板,801730.SI,电力设备,801738.SI,电网设备,电网设备,L,20230630,1181,3.23,35.64,3.006,14.493,False,True,True,0,0,0,0,True,
301292.SZ,301292,301292,海科新源,创业板,深市,创业板,801730.SI,电力设备,801737.SI,电池,电池,L,20230707,1174,3.21,58.54,-2.903,6.494,False,True,True,0,0,0,0,True,
301293.SZ,301293,301293,三博脑科,创业板,深市,创业板,801150.SI,医药生物,801156.SI,医疗服务,医疗服务,L,20230505,1237,3.39,50.72,-0.957,13.178,False,True,True,0,0,0,0,True,
301295.SZ,301295,301295,美硕科技,创业板,深市,创业板,801730.SI,电力设备,801738.SI,电网设备,电网设备,L,20230628,1183,3.24,37.61,-0.424,8.0,False,True,True,0,0,0,0,True,
301296.SZ,301296,301296,新巨丰,创业板,深市,创业板,801140.SI,轻工制造,801141.SI,包装印刷,包装印刷,L,20220902,1482,4.06,6.44,0.0,11.111,False,True,True,0,0,0,0,True,
301297.SZ,301297,301297,富乐德,创业板,深市,创业板,801080.SI,电子,801081.SI,半导体,半导体,L,20221230,1363,3.73,49.69,6.998,20.779,False,True,True,0,0,0,0,True,
301298.SZ,301298,301298,东利机械,创业板,深市,创业板,801880.SI,汽车,801093.SI,汽车零部件,汽车零部件,L,20220606,1570,4.3,12.76,0.71,14.754,False,True,True,0,0,0,0,True,
301299.SZ,301299,301299,卓创资讯,创业板,深市,创业板,801760.SI,传媒,801767.SI,数字媒体,数字媒体,L,20221019,1435,3.93,47.16,-1.565,7.895,False,True,True,0,0,0,0,True,
301300.SZ,301300,301300,远翔新材,创业板,深市,创业板,801030.SI,基础化工,801037.SI,橡胶,橡胶,L,20220819,1496,4.1,34.0,-3.464,8.235,False,True,True,0,0,0,0,True,
301301.SZ,301301,301301,川宁生物,创业板,深市,创业板,801150.SI,医药生物,801151.SI,化学制药,化学制药,L,20221227,1366,3.74,8.12,-1.216,9.524,False,True,True,0,0,0,0,True,
301302.SZ,301302,301302,华如科技,创业板,深市,创业板,801740.SI,国防军工,801745.SI,军工电子Ⅱ,军工电子Ⅱ,L,20220623,1553,4.25,21.77,-2.025,9.91,False,True,True,0,0,0,0,True,
301303.SZ,301303,301303,真兰仪表,创业板,深市,创业板,801890.SI,机械设备,801072.SI,通用设备,通用设备,L,20230220,1311,3.59,13.96,0.287,7.857,False,True,True,0,0,0,0,True,
301305.SZ,301305,301305,朗坤科技,创业板,深市,创业板,801970.SI,环保,801971.SI,环境治理,环境治理,L,20230523,1219,3.34,27.28,-0.944,9.962,False,True,True,0,0,0,0,True,
301306.SZ,301306,301306,西测测试,创业板,深市,创业板,801740.SI,国防军工,801745.SI,军工电子Ⅱ,军工电子Ⅱ,L,20220726,1520,4.16,99.11,2.833,6.504,False,True,True,0,0,0,0,True,
301307.SZ,301307,301307,美利信,创业板,深市,创业板,801770.SI,通信,801102.SI,通信设备,通信设备,L,20230424,1248,3.42,59.72,1.083,8.844,False,True,True,0,0,0,0,True,
301308.SZ,301308,301308,江波龙,创业板,深市,创业板,801080.SI,电子,801081.SI,半导体,半导体,L,20220805,1510,4.13,346.0,-0.652,13.208,False,True,True,0,0,0,0,True,
301309.SZ,301309,301309,万得凯,创业板,深市,创业板,801890.SI,机械设备,801072.SI,通用设备,通用设备,L,20220919,1465,4.01,30.83,0.818,11.039,False,True,True,0,0,0,0,True,
301310.SZ,301310,301310,鑫宏业,创业板,深市,创业板,801880.SI,汽车,801093.SI,汽车零部件,汽车零部件,L,20230602,1209,3.31,58.11,4.514,10.741,False,True,True,0,0,0,0,True,
301311.SZ,301311,301311,昆船智能,创业板,深市,创业板,801890.SI,机械设备,801072.SI,通用设备,通用设备,L,20221130,1393,3.81,14.98,-2.727,16.667,False,True,True,0,0,0,0,True,
301312.SZ,301312,301312,智立方,创业板,深市,创业板,801890.SI,机械设备,801078.SI,自动化设备,自动化设备,L,20220711,1535,4.2,92.6,6.547,14.754,False,True,True,0,0,0,0,True,
301313.SZ,301313,301313,凡拓数创,创业板,深市,创业板,801760.SI,传媒,801767.SI,数字媒体,数字媒体,L,20220930,1454,3.98,31.31,-0.255,12.025,False,True,True,0,0,0,0,True,
301314.SZ,301314,301314,科瑞思,创业板,深市,创业板,801770.SI,通信,801102.SI,通信设备,通信设备,L,20230328,1275,3.49,49.12,3.302,10.0,False,True,True,0,0,0,0,True,
301315.SZ,301315,301315,威士顿,创业板,深市,创业板,801750.SI,计算机,801104.SI,软件开发,软件开发,L,20230621,1190,3.26,44.68,1.223,14.563,False,True,True,0,0,0,0,True,
301316.SZ,301316,301316,慧博云通,创业板,深市,创业板,801750.SI,计算机,801103.SI,IT服务Ⅱ,IT服务Ⅱ,L,20221013,1441,3.95,39.8,-0.995,11.842,False,True,True,0,0,0,0,True,
301317.SZ,301317,301317,鑫磊股份,创业板,深市,创业板,801890.SI,机械设备,801072.SI,通用设备,通用设备,L,20230119,1343,3.68,50.68,0.099,10.484,False,True,True,0,0,0,0,True,
301318.SZ,301318,301318,维海德,创业板,深市,创业板,801750.SI,计算机,801101.SI,计算机设备,计算机设备,L,20220810,1505,4.12,21.63,0.605,11.65,False,True,True,0,0,0,0,True,
301319.SZ,301319,301319,唯特偶,创业板,深市,创业板,801080.SI,电子,801086.SI,电子化学品Ⅱ,电子化学品Ⅱ,L,20220929,1455,3.98,99.29,1.358,7.317,False,True,True,0,0,0,0,True,
301320.SZ,301320,301320,豪江智能,创业板,深市,创业板,801890.SI,机械设备,801078.SI,自动化设备,自动化设备,L,20230609,1202,3.29,14.18,-0.421,15.789,False,True,True,0,0,0,0,True,
301321.SZ,301321,301321,翰博高新,创业板,深市,创业板,801080.SI,电子,801084.SI,光学光电子,光学光电子,L,20220818,1497,4.1,53.32,3.675,23.684,False,True,True,0,0,0,0,True,
301322.SZ,301322,301322,绿通科技,创业板,深市,创业板,801880.SI,汽车,801881.SI,摩托车及其他,摩托车及其他,L,20230306,1297,3.55,45.02,2.341,11.321,False,True,True,0,0,0,0,True,
301323.SZ,301323,301323,新莱福,创业板,深市,创业板,801050.SI,有色金属,801051.SI,金属新材料,金属新材料,L,20230606,1205,3.3,79.78,3.489,13.043,False,True,True,0,0,0,0,True,
301325.SZ,301325,301325,曼恩斯特,创业板,深市,创业板,801730.SI,电力设备,801737.SI,电池,电池,L,20230512,1230,3.37,32.0,1.234,14.474,False,True,True,0,0,0,0,True,
301326.SZ,301326,301326,捷邦科技,创业板,深市,创业板,801080.SI,电子,801085.SI,消费电子,消费电子,L,20220921,1463,4.01,108.19,-0.249,12.264,False,True,True,0,0,0,0,True,
301327.SZ,301327,301327,华宝新能,创业板,深市,创业板,801730.SI,电力设备,801737.SI,电池,电池,L,20220919,1465,4.01,42.03,-0.615,47.368,False,True,True,0,0,0,0,True,
301328.SZ,301328,301328,维峰电子,创业板,深市,创业板,801080.SI,电子,801082.SI,其他电子Ⅱ,其他电子Ⅱ,L,20220908,1476,4.04,52.03,0.697,17.333,False,True,True,0,0,0,0,True,
301329.SZ,301329,301329,信音电子,创业板,深市,创业板,801080.SI,电子,801085.SI,消费电子,消费电子,L,20230717,1164,3.19,20.94,0.191,6.731,False,True,True,0,0,0,0,True,
301330.SZ,301330,301330,熵基科技,创业板,深市,创业板,801750.SI,计算机,801101.SI,计算机设备,计算机设备,L,20220817,1498,4.1,26.0,0.386,13.253,False,True,True,0,0,0,0,True,
301331.SZ,301331,301331,恩威医药,创业板,深市,创业板,801150.SI,医药生物,801155.SI,中药Ⅱ,中药Ⅱ,L,20220921,1463,4.01,21.85,-0.365,11.111,False,True,True,0,0,0,0,True,
301332.SZ,301332,301332,德尔玛,创业板,深市,创业板,801110.SI,家用电器,801113.SI,小家电,小家电,L,20230518,1224,3.35,7.66,-0.26,8.861,False,True,True,0,0,0,0,True,
301333.SZ,301333,301333,诺思格,创业板,深市,创业板,801150.SI,医药生物,801156.SI,医疗服务,医疗服务,L,20220802,1513,4.14,66.67,1.03,19.079,False,True,True,0,0,0,0,True,
301335.SZ,301335,301335,天元宠物,创业板,深市,创业板,801140.SI,轻工制造,801145.SI,文娱用品,文娱用品,L,20221118,1405,3.85,25.51,-0.971,13.934,False,True,True,0,0,0,0,True,
301336.SZ,301336,301336,趣睡科技,创业板,深市,创业板,801140.SI,轻工制造,801142.SI,家居用品,家居用品,L,20220812,1503,4.11,43.94,0.068,8.411,False,True,True,0,0,0,0,True,
301337.SZ,301337,301337,亚华电子,创业板,深市,创业板,801750.SI,计算机,801104.SI,软件开发,软件开发,L,20230526,1216,3.33,29.4,-1.177,26.236,False,True,True,0,0,0,0,True,
301338.SZ,301338,301338,凯格精机,创业板,深市,创业板,801890.SI,机械设备,801074.SI,专用设备,专用设备,L,20220816,1499,4.1,104.62,2.118,6.818,False,True,True,0,0,0,0,True,
301339.SZ,301339,301339,通行宝,创业板,深市,创业板,801750.SI,计算机,801101.SI,计算机设备,计算机设备,L,20220909,1475,4.04,12.1,1.852,12.727,False,True,True,0,0,0,0,True,
301345.SZ,301345,301345,涛涛车业,创业板,深市,创业板,801880.SI,汽车,801881.SI,摩托车及其他,摩托车及其他,L,20230321,1282,3.51,241.61,0.257,11.579,False,True,True,0,0,0,0,True,
301348.SZ,301348,301348,蓝箭电子,创业板,深市,创业板,801080.SI,电子,801081.SI,半导体,半导体,L,20230810,1140,3.12,22.71,1.384,8.796,False,True,True,0,0,0,0,True,
301349.SZ,301349,301349,信德新材,创业板,深市,创业板,801730.SI,电力设备,801737.SI,电池,电池,L,20220909,1475,4.04,47.27,-1.067,12.389,False,True,True,0,0,0,0,True,
301353.SZ,301353,301353,普莱得,创业板,深市,创业板,801890.SI,机械设备,801072.SI,通用设备,通用设备,L,20230530,1212,3.32,20.32,1.855,6.25,False,True,True,0,0,0,0,True,
301355.SZ,301355,301355,南王科技,创业板,深市,创业板,801140.SI,轻工制造,801141.SI,包装印刷,包装印刷,L,20230612,1199,3.28,12.08,-0.248,14.912,False,True,True,0,0,0,0,True,
301356.SZ,301356,301356,天振股份,创业板,深市,创业板,801140.SI,轻工制造,801142.SI,家居用品,家居用品,L,20221114,1409,3.86,20.73,0.097,19.192,False,True,True,0,0,0,0,True,
301357.SZ,301357,301357,北方长龙,创业板,深市,创业板,801740.SI,国防军工,801743.SI,地面兵装Ⅱ,地面兵装Ⅱ,L,20230418,1254,3.43,96.04,-3.098,9.697,False,True,True,0,0,0,0,True,
301358.SZ,301358,301358,湖南裕能,创业板,深市,创业板,801730.SI,电力设备,801737.SI,电池,电池,L,20230209,1322,3.62,51.95,-2.074,24.638,False,True,True,0,0,0,0,True,
301359.SZ,301359,301359,东南电子,创业板,深市,创业板,801080.SI,电子,801082.SI,其他电子Ⅱ,其他电子Ⅱ,L,20221109,1414,3.87,19.53,0.722,17.127,False,True,True,0,0,0,0,True,
301360.SZ,301360,301360,荣旗科技,创业板,深市,创业板,801890.SI,机械设备,801072.SI,通用设备,通用设备,L,20230425,1247,3.41,67.98,-3.575,22.656,False,True,True,0,0,0,0,True,
301361.SZ,301361,301361,众智科技,创业板,深市,创业板,801730.SI,电力设备,801738.SI,电网设备,电网设备,L,20221116,1407,3.85,27.08,-0.184,8.889,False,True,True,0,0,0,0,True,
301362.SZ,301362,301362,民爆光电,创业板,深市,创业板,801110.SI,家用电器,801115.SI,照明设备Ⅱ,照明设备Ⅱ,L,20230804,1146,3.14,121.68,3.61,9.804,False,True,True,0,0,0,0,True,
301363.SZ,301363,301363,美好医疗,创业板,深市,创业板,801150.SI,医药生物,801153.SI,医疗器械,医疗器械,L,20221012,1442,3.95,17.03,-1.844,10.714,False,True,True,0,0,0,0,True,
301365.SZ,301365,301365,矩阵股份,创业板,深市,创业板,801720.SI,建筑装饰,801726.SI,工程咨询服务Ⅱ,工程咨询服务Ⅱ,L,20221122,1401,3.84,36.59,0.082,10.526,False,True,True,0,0,0,0,True,
301366.SZ,301366,301366,一博科技,创业板,深市,创业板,801080.SI,电子,801083.SI,元件,元件,L,20220926,1458,3.99,75.15,4.144,6.044,False,True,True,0,0,0,0,True,
301367.SZ,301367,301367,瑞迈特,创业板,深市,创业板,801150.SI,医药生物,801153.SI,医疗器械,医疗器械,L,20221101,1422,3.89,46.76,1.234,7.692,False,True,True,0,0,0,0,True,
301368.SZ,301368,301368,丰立智能,创业板,深市,创业板,801890.SI,机械设备,801072.SI,通用设备,通用设备,L,20221215,1378,3.77,39.15,1.137,20.0,False,True,True,0,0,0,0,True,
301369.SZ,301369,301369,联动科技,创业板,深市,创业板,801080.SI,电子,801081.SI,半导体,半导体,L,20220922,1462,4.0,155.59,13.379,15.385,False,True,True,0,0,0,0,True,
301370.SZ,301370,301370,国科恒泰,创业板,深市,创业板,801150.SI,医药生物,801153.SI,医疗器械,医疗器械,L,20230712,1169,3.2,8.64,-0.231,11.494,False,True,True,0,0,0,0,True,
301371.SZ,301371,301371,敷尔佳,创业板,深市,创业板,801980.SI,美容护理,801982.SI,化妆品,化妆品,L,20230801,1149,3.15,21.14,-0.518,7.547,False,True,True,0,0,0,0,True,
301372.SZ,301372,301372,科净源,创业板,深市,创业板,801970.SI,环保,801971.SI,环境治理,环境治理,L,20230811,1139,3.12,34.85,2.199,12.226,False,True,True,0,0,0,0,True,
301373.SZ,301373,301373,凌玮科技,创业板,深市,创业板,801030.SI,基础化工,801034.SI,化学制品,化学制品,L,20230208,1323,3.62,135.35,13.207,10.219,False,True,True,0,0,0,0,True,
301376.SZ,301376,301376,致欧科技,创业板,深市,创业板,801140.SI,轻工制造,801142.SI,家居用品,家居用品,L,20230621,1190,3.26,22.68,0.088,16.592,False,True,True,0,0,0,0,True,
301377.SZ,301377,301377,鼎泰高科,创业板,深市,创业板,801890.SI,机械设备,801072.SI,通用设备,通用设备,L,20221122,1401,3.84,392.36,-1.417,10.526,False,True,True,0,0,0,0,True,
301378.SZ,301378,301378,通达海,创业板,深市,创业板,801750.SI,计算机,801104.SI,软件开发,软件开发,L,20230320,1283,3.51,25.58,-1.691,8.8,False,True,True,0,0,0,0,True,
301379.SZ,301379,301379,天山电子,创业板,深市,创业板,801080.SI,电子,801084.SI,光学光电子,光学光电子,L,20221101,1422,3.89,21.81,-0.046,6.542,False,True,True,0,0,0,0,True,
301380.SZ,301380,301380,挖金客,创业板,深市,创业板,801770.SI,通信,801223.SI,通信服务,通信服务,L,20221025,1429,3.91,34.16,-0.379,9.317,False,True,True,0,0,0,0,True,
301381.SZ,301381,301381,赛维时代,创业板,深市,创业板,801200.SI,商贸零售,801206.SI,互联网电商,互联网电商,L,20230712,1169,3.2,24.73,-1.001,17.105,False,True,True,0,0,0,0,True,
301382.SZ,301382,301382,蜂助手,创业板,深市,创业板,801770.SI,通信,801223.SI,通信服务,通信服务,L,20230517,1225,3.35,38.61,1.605,8.021,False,True,True,0,0,0,0,True,
301383.SZ,301383,301383,天键股份,创业板,深市,创业板,801080.SI,电子,801085.SI,消费电子,消费电子,L,20230609,1202,3.29,24.65,-1.479,12.069,False,True,True,0,0,0,0,True,
301386.SZ,301386,301386,未来电器,创业板,深市,创业板,801730.SI,电力设备,801738.SI,电网设备,电网设备,L,20230329,1274,3.49,21.81,3.414,9.756,False,True,True,0,0,0,0,True,
301387.SZ,301387,301387,光大同创,创业板,深市,创业板,801080.SI,电子,801085.SI,消费电子,消费电子,L,20230418,1254,3.43,56.82,-0.123,7.447,False,True,True,0,0,0,0,True,
301388.SZ,301388,301388,欣灵电气,创业板,深市,创业板,801730.SI,电力设备,801738.SI,电网设备,电网设备,L,20221109,1414,3.87,25.18,0.08,15.702,False,True,True,0,0,0,0,True,
301389.SZ,301389,301389,隆扬电子,创业板,深市,创业板,801080.SI,电子,801085.SI,消费电子,消费电子,L,20221031,1423,3.9,61.8,3.656,12.941,False,True,True,0,0,0,0,True,
301390.SZ,301390,301390,经纬股份,创业板,深市,创业板,801720.SI,建筑装饰,801726.SI,工程咨询服务Ⅱ,工程咨询服务Ⅱ,L,20230508,1234,3.38,43.29,-7.933,13.158,False,True,True,6,6,6,6,False,近60日停牌
301391.SZ,301391,301391,卡莱特,创业板,深市,创业板,801750.SI,计算机,801101.SI,计算机设备,计算机设备,L,20221201,1392,3.81,46.5,1.087,34.615,False,True,True,0,0,0,0,True,
301392.SZ,301392,301392,汇成真空,创业板,深市,创业板,801890.SI,机械设备,801074.SI,专用设备,专用设备,L,20240605,840,2.3,176.07,3.98,5.495,False,True,True,0,0,0,0,True,
301393.SZ,301393,301393,昊帆生物,创业板,深市,创业板,801150.SI,医药生物,801152.SI,生物制品,生物制品,L,20230712,1169,3.2,71.5,8.861,19.003,False,True,True,0,0,0,0,True,
301395.SZ,301395,301395,仁信新材,创业板,深市,创业板,801030.SI,基础化工,801036.SI,塑料,塑料,L,20230703,1178,3.23,12.54,0.481,7.438,False,True,True,0,0,0,0,True,
301396.SZ,301396,301396,宏景科技,创业板,深市,创业板,801750.SI,计算机,801103.SI,IT服务Ⅱ,IT服务Ⅱ,L,20221111,1412,3.87,183.63,-5.826,9.581,False,True,True,0,0,0,0,True,
301397.SZ,301397,301397,溯联股份,创业板,深市,创业板,801880.SI,汽车,801093.SI,汽车零部件,汽车零部件,L,20230628,1183,3.24,23.28,-0.214,16.049,False,True,True,0,0,0,0,True,
301398.SZ,301398,301398,星源卓镁,创业板,深市,创业板,801880.SI,汽车,801093.SI,汽车零部件,汽车零部件,L,20221215,1378,3.77,39.56,-1.224,17.978,False,True,True,0,0,0,0,True,
301399.SZ,301399,301399,英特科技,创业板,深市,创业板,801890.SI,机械设备,801072.SI,通用设备,通用设备,L,20230523,1219,3.34,21.98,-1.611,12.617,False,True,True,0,0,0,0,True,
301408.SZ,301408,301408,华人健康,创业板,深市,创业板,801150.SI,医药生物,801154.SI,医药商业,医药商业,L,20230301,1302,3.56,15.11,-2.892,10.968,False,True,True,0,0,0,0,True,
301413.SZ,301413,301413,安培龙,创业板,深市,创业板,801890.SI,机械设备,801072.SI,通用设备,通用设备,L,20231218,1010,2.77,56.32,-0.723,13.889,False,True,True,0,0,0,0,True,
301418.SZ,301418,301418,协昌科技,创业板,深市,创业板,801890.SI,机械设备,801078.SI,自动化设备,自动化设备,L,20230821,1129,3.09,35.2,0.114,10.286,False,True,True,0,0,0,0,True,
301419.SZ,301419,301419,阿莱德,创业板,深市,创业板,801770.SI,通信,801102.SI,通信设备,通信设备,L,20230209,1322,3.62,48.59,0.227,19.868,False,True,True,0,0,0,0,True,
301421.SZ,301421,301421,波长光电,创业板,深市,创业板,801080.SI,电子,801084.SI,光学光电子,光学光电子,L,20230823,1127,3.09,80.88,0.697,7.653,False,True,True,0,0,0,0,True,
301428.SZ,301428,301428,世纪恒通,创业板,深市,创业板,801770.SI,通信,801223.SI,通信服务,通信服务,L,20230519,1223,3.35,27.92,-1.273,8.897,False,True,True,0,0,0,0,True,
301429.SZ,301429,301429,森泰股份,创业板,深市,创业板,801710.SI,建筑材料,801713.SI,装修建材,装修建材,L,20230417,1255,3.44,17.54,0.921,5.814,False,True,True,0,0,0,0,True,
301439.SZ,301439,301439,泓淋电力,创业板,深市,创业板,801730.SI,电力设备,801738.SI,电网设备,电网设备,L,20230317,1286,3.52,14.18,-1.528,8.276,False,True,True,0,0,0,0,True,
301446.SZ,301446,301446,福事特,创业板,深市,创业板,801890.SI,机械设备,801077.SI,工程机械,工程机械,L,20230725,1156,3.16,39.53,-5.158,13.492,False,True,True,0,0,0,0,True,
301448.SZ,301448,301448,开创电气,创业板,深市,创业板,801890.SI,机械设备,801072.SI,通用设备,通用设备,L,20230619,1192,3.26,54.3,6.45,21.239,False,True,True,0,0,0,0,True,
301449.SZ,301449,301449,天溯计量,创业板,深市,创业板,801210.SI,社会服务,801218.SI,专业服务,专业服务,L,20251223,274,0.75,40.76,-0.147,9.732,False,True,True,0,0,0,0,False,上市时间不足
301456.SZ,301456,301456,盘古智能,创业板,深市,创业板,801730.SI,电力设备,801736.SI,风电设备,风电设备,L,20230714,1167,3.2,24.36,-0.855,7.469,False,True,True,0,0,0,0,True,
301458.SZ,301458,301458,钧崴电子,创业板,深市,创业板,801080.SI,电子,801083.SI,元件,元件,L,20250110,621,1.7,40.2,3.024,8.718,False,True,True,0,0,0,0,False,上市时间不足
301459.SZ,301459,301459,丰茂股份,创业板,深市,创业板,801030.SI,基础化工,801037.SI,橡胶,橡胶,L,20231213,1015,2.78,32.18,-0.248,3.125,False,True,True,0,0,0,0,True,
301468.SZ,301468,301468,博盈特焊,创业板,深市,创业板,801890.SI,机械设备,801072.SI,通用设备,通用设备,L,20230724,1157,3.17,33.15,0.944,9.375,False,True,True,0,0,0,0,True,
301469.SZ,301469,301469,恒达新材,创业板,深市,创业板,801140.SI,轻工制造,801143.SI,造纸,造纸,L,20230822,1128,3.09,28.93,-0.55,8.451,False,True,True,0,0,0,0,True,
301479.SZ,301479,301479,弘景光电,创业板,深市,创业板,801080.SI,电子,801084.SI,光学光电子,光学光电子,L,20250318,554,1.52,53.65,-0.519,10.938,False,True,True,0,0,0,0,False,上市时间不足
301486.SZ,301486,301486,致尚科技,创业板,深市,创业板,801080.SI,电子,801085.SI,消费电子,消费电子,L,20230707,1174,3.21,218.3,-0.26,13.333,False,True,True,0,0,0,0,True,
301487.SZ,301487,301487,盟固利,创业板,深市,创业板,801730.SI,电力设备,801737.SI,电池,电池,L,20230809,1141,3.12,15.85,-0.689,5.625,False,True,True,0,0,0,0,True,
301488.SZ,301488,301488,豪恩汽电,创业板,深市,创业板,801880.SI,汽车,801093.SI,汽车零部件,汽车零部件,L,20230704,1177,3.22,94.12,1.248,12.169,False,True,True,0,0,0,0,True,
301489.SZ,301489,301489,思泉新材,创业板,深市,创业板,801080.SI,电子,801086.SI,电子化学品Ⅱ,电子化学品Ⅱ,L,20231024,1065,2.92,129.09,0.225,7.752,False,True,True,0,0,0,0,True,
301491.SZ,301491,301491,汉桑科技,创业板,深市,创业板,801080.SI,电子,801085.SI,消费电子,消费电子,L,20250806,413,1.13,37.4,-1.111,8.247,False,True,True,0,0,0,0,False,上市时间不足
301498.SZ,301498,301498,乖宝宠物,创业板,深市,创业板,801010.SI,农林牧渔,801014.SI,饲料,饲料,L,20230816,1134,3.1,40.12,-3.092,12.5,False,True,True,0,0,0,0,True,
301499.SZ,301499,301499,维科精密,创业板,深市,创业板,801880.SI,汽车,801093.SI,汽车零部件,汽车零部件,L,20230721,1160,3.18,26.9,3.144,15.385,False,True,True,0,0,0,0,True,
301500.SZ,301500,301500,飞南资源,创业板,深市,创业板,801970.SI,环保,801971.SI,环境治理,环境治理,L,20230921,1098,3.01,26.91,-7.526,12.821,False,True,True,0,0,0,0,True,
301501.SZ,301501,301501,恒鑫生活,创业板,深市,创业板,801140.SI,轻工制造,801142.SI,家居用品,家居用品,L,20250319,553,1.51,28.65,2.321,8.571,False,True,True,0,0,0,0,False,上市时间不足
301502.SZ,301502,301502,华阳智能,创业板,深市,创业板,801730.SI,电力设备,801731.SI,电机Ⅱ,电机Ⅱ,L,20240202,964,2.64,52.94,-0.019,7.843,False,True,True,0,0,0,0,True,
301503.SZ,301503,301503,智迪科技,创业板,深市,创业板,801750.SI,计算机,801101.SI,计算机设备,计算机设备,L,20230717,1164,3.19,22.29,0.997,9.589,False,True,True,0,0,0,0,True,
301505.SZ,301505,301505,苏州规划,创业板,深市,创业板,801720.SI,建筑装饰,801726.SI,工程咨询服务Ⅱ,工程咨询服务Ⅱ,L,20230719,1162,3.18,18.21,-1.886,15.054,False,True,True,0,0,0,0,True,
301507.SZ,301507,301507,民生健康,创业板,深市,创业板,801150.SI,医药生物,801151.SI,化学制药,化学制药,L,20230905,1114,3.05,13.32,-0.075,8.594,False,True,True,0,0,0,0,True,
301508.SZ,301508,301508,中机认检,创业板,深市,创业板,801210.SI,社会服务,801218.SI,专业服务,专业服务,L,20231201,1027,2.81,24.19,0.207,5.833,False,True,True,0,0,0,0,True,
301509.SZ,301509,301509,金凯生科,创业板,深市,创业板,801150.SI,医药生物,801156.SI,医疗服务,医疗服务,L,20230803,1147,3.14,32.34,3.488,11.881,False,True,True,0,0,0,0,True,
301510.SZ,301510,301510,固高科技,创业板,深市,创业板,801890.SI,机械设备,801078.SI,自动化设备,自动化设备,L,20230815,1135,3.11,28.11,-0.847,13.333,False,True,True,0,0,0,0,True,
301511.SZ,301511,301511,德福科技,创业板,深市,创业板,801730.SI,电力设备,801737.SI,电池,电池,L,20230817,1133,3.1,112.68,1.422,9.091,False,True,True,0,0,0,0,True,
301512.SZ,301512,301512,智信精密,创业板,深市,创业板,801890.SI,机械设备,801078.SI,自动化设备,自动化设备,L,20230720,1161,3.18,32.06,0.723,9.709,False,True,True,0,0,0,0,True,
301513.SZ,301513,301513,尚水智能,创业板,深市,创业板,801730.SI,电力设备,801737.SI,电池,电池,L,20260417,159,0.44,45.28,-0.33,6.195,False,True,True,0,0,0,0,False,上市时间不足
301515.SZ,301515,301515,港通医疗,创业板,深市,创业板,801150.SI,医药生物,801153.SI,医疗器械,医疗器械,L,20230725,1156,3.16,20.76,1.715,10.417,False,True,True,0,0,0,0,True,
301516.SZ,301516,301516,中远通,创业板,深市,创业板,801730.SI,电力设备,801733.SI,其他电源设备Ⅱ,其他电源设备Ⅱ,L,20231208,1020,2.79,19.78,0.253,3.553,False,True,True,0,0,0,0,True,
301517.SZ,301517,301517,陕西华达,创业板,深市,创业板,801740.SI,国防军工,801745.SI,军工电子Ⅱ,军工电子Ⅱ,L,20231017,1072,2.93,38.6,-0.026,7.292,False,True,True,0,0,0,0,True,
301518.SZ,301518,301518,长华化学,创业板,深市,创业板,801030.SI,基础化工,801034.SI,化学制品,化学制品,L,20230803,1147,3.14,25.23,-1.829,13.095,False,True,True,0,0,0,0,True,
301519.SZ,301519,301519,舜禹股份,创业板,深市,创业板,801970.SI,环保,801971.SI,环境治理,环境治理,L,20230727,1154,3.16,11.98,-0.167,8.403,False,True,True,0,0,0,0,True,
301520.SZ,301520,301520,万邦医药,创业板,深市,创业板,801150.SI,医药生物,801156.SI,医疗服务,医疗服务,L,20230925,1094,3.0,78.77,-4.382,3.35,False,True,True,0,0,0,0,True,
301522.SZ,301522,301522,上大股份,创业板,深市,创业板,801050.SI,有色金属,801051.SI,金属新材料,金属新材料,L,20241016,707,1.94,23.35,-0.849,7.792,False,True,True,0,0,0,0,False,上市时间不足
301525.SZ,301525,301525,儒竞科技,创业板,深市,创业板,801890.SI,机械设备,801072.SI,通用设备,通用设备,L,20230830,1120,3.07,40.0,1.01,16.279,False,True,True,0,0,0,0,True,
301526.SZ,301526,301526,国际复材,创业板,深市,创业板,801710.SI,建筑材料,801712.SI,玻璃玻纤,玻璃玻纤,L,20231226,1002,2.74,30.31,-2.226,6.41,False,True,True,0,0,0,0,True,
301528.SZ,301528,301528,多浦乐,创业板,深市,创业板,801890.SI,机械设备,801072.SI,通用设备,通用设备,L,20230828,1122,3.07,76.27,1.477,26.582,False,True,True,0,0,0,0,True,
301529.SZ,301529,301529,福赛科技,创业板,深市,创业板,801880.SI,汽车,801093.SI,汽车零部件,汽车零部件,L,20230911,1108,3.03,133.7,-1.212,20.548,False,True,True,0,0,0,0,True,
301531.SZ,301531,301531,春光集团,创业板,深市,创业板,801050.SI,有色金属,801051.SI,金属新材料,金属新材料,L,20260511,135,0.37,53.25,0.776,9.714,False,True,True,0,0,0,0,False,上市时间不足
301533.SZ,301533,301533,威马农机,创业板,深市,创业板,801890.SI,机械设备,801074.SI,专用设备,专用设备,L,20230818,1132,3.1,28.74,-1.508,6.164,False,True,True,0,0,0,0,True,
301535.SZ,301535,301535,浙江华远,创业板,深市,创业板,801880.SI,汽车,801093.SI,汽车零部件,汽车零部件,L,20250327,545,1.49,13.84,-0.144,19.444,False,True,True,0,0,0,0,False,上市时间不足
301536.SZ,301536,301536,星宸科技,创业板,深市,创业板,801080.SI,电子,801081.SI,半导体,半导体,L,20240328,909,2.49,133.81,0.548,16.129,False,True,True,0,0,0,0,True,
301538.SZ,301538,301538,骏鼎达,创业板,深市,创业板,801030.SI,基础化工,801036.SI,塑料,塑料,L,20240320,917,2.51,42.02,1.916,7.843,False,True,True,0,0,0,0,True,
301539.SZ,301539,301539,宏鑫科技,创业板,深市,创业板,801880.SI,汽车,801093.SI,汽车零部件,汽车零部件,L,20240415,891,2.44,15.39,0.457,9.333,False,True,True,0,0,0,0,True,
301548.SZ,301548,301548,崇德科技,创业板,深市,创业板,801890.SI,机械设备,801072.SI,通用设备,通用设备,L,20230920,1099,3.01,57.11,-0.696,10.909,False,True,True,0,0,0,0,True,
301550.SZ,301550,301550,斯菱智驱,创业板,深市,创业板,801880.SI,汽车,801093.SI,汽车零部件,汽车零部件,L,20230915,1104,3.02,94.63,-0.734,13.043,False,True,True,0,0,0,0,True,
301551.SZ,301551,301551,无线传媒,创业板,深市,创业板,801760.SI,传媒,801995.SI,电视广播Ⅱ,电视广播Ⅱ,L,20240926,727,1.99,22.55,-3.136,7.965,False,True,True,0,0,0,0,False,上市时间不足
301552.SZ,301552,301552,科力装备,创业板,深市,创业板,801880.SI,汽车,801093.SI,汽车零部件,汽车零部件,L,20240722,793,2.17,24.49,-0.366,9.677,False,True,True,0,0,0,0,True,
301555.SZ,301555,301555,惠柏新材,创业板,深市,创业板,801030.SI,基础化工,801036.SI,塑料,塑料,L,20231031,1058,2.9,38.26,3.996,10.857,False,True,True,0,0,0,0,True,
301556.SZ,301556,301556,托普云农,创业板,深市,创业板,801750.SI,计算机,801103.SI,IT服务Ⅱ,IT服务Ⅱ,L,20241017,706,1.93,62.31,-1.393,10.256,False,True,True,0,0,0,0,False,上市时间不足
301557.SZ,301557,301557,常友科技,创业板,深市,创业板,801730.SI,电力设备,801736.SI,风电设备,风电设备,L,20250304,568,1.56,85.2,0.059,5.882,False,True,True,0,0,0,0,False,上市时间不足
301558.SZ,301558,301558,三态股份,创业板,深市,创业板,801200.SI,商贸零售,801206.SI,互联网电商,互联网电商,L,20230928,1091,2.99,6.72,-1.322,6.061,False,True,True,0,0,0,0,True,
301559.SZ,301559,301559,中集环科,创业板,深市,创业板,801890.SI,机械设备,801072.SI,通用设备,通用设备,L,20231011,1078,2.95,12.75,-0.468,5.344,False,True,True,0,0,0,0,True,
301560.SZ,301560,301560,众捷股份,创业板,深市,创业板,801880.SI,汽车,801093.SI,汽车零部件,汽车零部件,L,20250425,516,1.41,26.33,7.032,13.223,False,True,True,0,0,0,0,False,上市时间不足
301563.SZ,301563,301563,云汉芯城,创业板,深市,创业板,801080.SI,电子,801082.SI,其他电子Ⅱ,其他电子Ⅱ,L,20250930,358,0.98,115.88,1.25,5.208,False,True,True,0,0,0,0,False,上市时间不足
301565.SZ,301565,301565,中仑新材,创业板,深市,创业板,801030.SI,基础化工,801036.SI,塑料,塑料,L,20240620,825,2.26,20.33,2.161,8.163,False,True,True,0,0,0,0,True,
301566.SZ,301566,301566,达利凯普,创业板,深市,创业板,801080.SI,电子,801083.SI,元件,元件,L,20231229,999,2.74,27.4,1.632,7.353,False,True,True,0,0,0,0,True,
301567.SZ,301567,301567,贝隆精密,创业板,深市,创业板,801080.SI,电子,801085.SI,消费电子,消费电子,L,20240116,981,2.69,38.58,0.889,10.497,False,True,True,0,0,0,0,True,
301568.SZ,301568,301568,思泰克,创业板,深市,创业板,801890.SI,机械设备,801078.SI,自动化设备,自动化设备,L,20231128,1030,2.82,79.56,7.253,12.605,False,True,True,0,0,0,0,True,
301571.SZ,301571,301571,国科天成,创业板,深市,创业板,801740.SI,国防军工,801745.SI,军工电子Ⅱ,军工电子Ⅱ,L,20240821,763,2.09,74.15,-1.133,14.206,False,True,True,0,0,0,0,True,
301575.SZ,301575,301575,艾芬达,创业板,深市,创业板,801140.SI,轻工制造,801142.SI,家居用品,家居用品,L,20250910,378,1.03,25.2,-3.743,12.097,False,True,True,0,0,0,0,False,上市时间不足
301577.SZ,301577,301577,美信科技,创业板,深市,创业板,801770.SI,通信,801102.SI,通信设备,通信设备,L,20240124,973,2.66,59.82,-0.648,8.219,False,True,True,0,0,0,0,True,
301578.SZ,301578,301578,辰奕智能,创业板,深市,创业板,801110.SI,家用电器,801112.SI,黑色家电,黑色家电,L,20231228,1000,2.74,23.56,-0.212,5.983,False,True,True,0,0,0,0,True,
301580.SZ,301580,301580,爱迪特,创业板,深市,创业板,801150.SI,医药生物,801153.SI,医疗器械,医疗器械,L,20240626,819,2.24,57.5,2.005,7.527,False,True,True,0,0,0,0,True,
301581.SZ,301581,301581,黄山谷捷,创业板,深市,创业板,801880.SI,汽车,801093.SI,汽车零部件,汽车零部件,L,20250103,628,1.72,37.19,-0.641,11.111,False,True,True,0,0,0,0,False,上市时间不足
301583.SZ,301583,301583,托伦斯,创业板,深市,创业板,,,,,未分类,L,20260710,75,0.21,134.68,-1.109,4.082,False,True,True,0,0,1,1,False,上市时间不足、近60日停牌
301584.SZ,301584,301584,建发致新,创业板,深市,创业板,801150.SI,医药生物,801154.SI,医药商业,医药商业,L,20250925,363,0.99,19.85,-1.391,16.746,False,True,True,0,0,0,0,False,上市时间不足
301585.SZ,301585,301585,蓝宇股份,创业板,深市,创业板,801030.SI,基础化工,801034.SI,化学制品,化学制品,L,20241220,642,1.76,28.49,-0.697,11.679,False,True,True,0,0,0,0,False,上市时间不足
301586.SZ,301586,301586,佳力奇,创业板,深市,创业板,801740.SI,国防军工,801742.SI,航空装备Ⅱ,航空装备Ⅱ,L,20240828,756,2.07,29.8,-0.168,9.211,False,True,True,0,0,0,0,True,
301587.SZ,301587,301587,中瑞股份,创业板,深市,创业板,801730.SI,电力设备,801737.SI,电池,电池,L,20240408,898,2.46,21.81,1.678,4.717,False,True,True,0,0,0,0,True,
301588.SZ,301588,301588,美新科技,创业板,深市,创业板,801140.SI,轻工制造,801142.SI,家居用品,家居用品,L,20240313,924,2.53,26.97,-2.951,7.092,False,True,True,0,0,0,0,True,
301589.SZ,301589,301589,诺瓦星云,创业板,深市,创业板,801750.SI,计算机,801101.SI,计算机设备,计算机设备,L,20240208,958,2.62,162.51,2.343,15.385,False,True,True,0,0,0,0,True,
301590.SZ,301590,301590,优优绿能,创业板,深市,创业板,801730.SI,电力设备,801733.SI,其他电源设备Ⅱ,其他电源设备Ⅱ,L,20250605,475,1.3,68.89,-0.52,12.0,False,True,True,0,0,0,0,False,上市时间不足
301591.SZ,301591,301591,肯特股份,创业板,深市,创业板,801030.SI,基础化工,801036.SI,塑料,塑料,L,20240228,938,2.57,45.61,1.581,3.289,False,True,True,0,0,0,0,True,
301592.SZ,301592,301592,六九一二,创业板,深市,创业板,801740.SI,国防军工,801745.SI,军工电子Ⅱ,军工电子Ⅱ,L,20241024,699,1.91,118.47,0.989,13.095,False,True,True,0,0,0,0,False,上市时间不足
301595.SZ,301595,301595,太力科技,创业板,深市,创业板,801140.SI,轻工制造,801142.SI,家居用品,家居用品,L,20250519,492,1.35,50.54,12.787,17.512,False,True,True,0,0,0,0,False,上市时间不足
301596.SZ,301596,301596,瑞迪智驱,创业板,深市,创业板,801890.SI,机械设备,801072.SI,通用设备,通用设备,L,20240513,863,2.36,47.54,1.149,7.627,False,True,True,0,0,0,0,True,
301598.SZ,301598,301598,博科测试,创业板,深市,创业板,801890.SI,机械设备,801074.SI,专用设备,专用设备,L,20241220,642,1.76,51.61,0.801,7.767,False,True,True,0,0,0,0,False,上市时间不足
301599.SZ,301599,301599,理奇智能,创业板,深市,创业板,801730.SI,电力设备,801737.SI,电池,电池,L,20260430,146,0.4,33.24,0.241,7.927,False,True,True,0,0,0,0,False,上市时间不足
301600.SZ,301600,301600,慧翰股份,创业板,深市,创业板,801750.SI,计算机,801101.SI,计算机设备,计算机设备,L,20240911,742,2.03,80.7,5.078,13.043,False,True,True,0,0,0,0,True,
301601.SZ,301601,301601,惠通科技,创业板,深市,创业板,801890.SI,机械设备,801074.SI,专用设备,专用设备,L,20250115,616,1.69,16.84,3.822,11.25,False,True,True,0,0,0,0,False,上市时间不足
301602.SZ,301602,301602,超研股份,创业板,深市,创业板,801150.SI,医药生物,801153.SI,医疗器械,医疗器械,L,20250122,609,1.67,16.44,0.674,19.753,False,True,True,0,0,0,0,False,上市时间不足
301603.SZ,301603,301603,乔锋智能,创业板,深市,创业板,801890.SI,机械设备,801072.SI,通用设备,通用设备,L,20240710,805,2.2,126.35,1.04,8.974,False,True,True,0,0,0,0,True,
301606.SZ,301606,301606,绿联科技,创业板,深市,创业板,801080.SI,电子,801085.SI,消费电子,消费电子,L,20240726,789,2.16,54.63,-4.409,8.791,False,True,True,0,0,0,0,True,
301607.SZ,301607,301607,富特科技,创业板,深市,创业板,801880.SI,汽车,801093.SI,汽车零部件,汽车零部件,L,20240904,749,2.05,44.85,2.796,7.339,False,True,True,0,0,0,0,True,
301608.SZ,301608,301608,博实结,创业板,深市,创业板,801750.SI,计算机,801101.SI,计算机设备,计算机设备,L,20240801,783,2.14,52.02,4.752,12.605,False,True,True,0,0,0,0,True,
301609.SZ,301609,301609,山大电力,创业板,深市,创业板,801730.SI,电力设备,801738.SI,电网设备,电网设备,L,20250723,427,1.17,30.94,-3.161,12.963,False,True,True,0,0,0,0,False,上市时间不足
301611.SZ,301611,301611,珂玛科技,创业板,深市,创业板,801080.SI,电子,801081.SI,半导体,半导体,L,20240816,768,2.1,97.65,0.993,10.28,False,True,True,0,0,0,0,True,
301613.SZ,301613,301613,新铝时代,创业板,深市,创业板,801880.SI,汽车,801093.SI,汽车零部件,汽车零部件,L,20241025,698,1.91,35.71,0.028,14.917,False,True,True,0,0,0,0,False,上市时间不足
301616.SZ,301616,301616,浙江华业,创业板,深市,创业板,801890.SI,机械设备,801072.SI,通用设备,通用设备,L,20250327,545,1.49,35.49,0.481,6.838,False,True,True,0,0,0,0,False,上市时间不足
301617.SZ,301617,301617,博苑新材,创业板,深市,创业板,801030.SI,基础化工,801034.SI,化学制品,化学制品,L,20241211,651,1.78,53.39,1.252,11.811,False,True,True,0,0,0,0,False,上市时间不足
301618.SZ,301618,301618,长联科技,创业板,深市,创业板,801030.SI,基础化工,801034.SI,化学制品,化学制品,L,20240930,723,1.98,31.28,0.032,12.5,False,True,True,0,0,0,0,False,上市时间不足
301622.SZ,301622,301622,英思特,创业板,深市,创业板,801050.SI,有色金属,801051.SI,金属新材料,金属新材料,L,20241204,658,1.8,37.99,0.343,12.088,False,True,True,0,0,0,0,False,上市时间不足
301626.SZ,301626,301626,苏州天脉,创业板,深市,创业板,801080.SI,电子,801085.SI,消费电子,消费电子,L,20241024,699,1.91,334.6,0.786,25.0,False,True,True,0,0,0,0,False,上市时间不足
301628.SZ,301628,301628,强达电路,创业板,深市,创业板,801080.SI,电子,801083.SI,元件,元件,L,20241031,692,1.89,120.47,0.509,6.276,False,True,True,0,0,0,0,False,上市时间不足
301629.SZ,301629,301629,矽电股份,创业板,深市,创业板,801080.SI,电子,801081.SI,半导体,半导体,L,20250324,548,1.5,281.18,-0.397,8.667,False,True,True,0,0,0,0,False,上市时间不足
301630.SZ,301630,301630,同宇新材,创业板,深市,创业板,801080.SI,电子,801086.SI,电子化学品Ⅱ,电子化学品Ⅱ,L,20250710,440,1.2,219.54,8.646,9.249,False,True,True,0,0,0,0,False,上市时间不足
301631.SZ,301631,301631,壹连科技,创业板,深市,创业板,801880.SI,汽车,801093.SI,汽车零部件,汽车零部件,L,20241122,670,1.83,64.06,1.521,9.524,False,True,True,0,0,0,0,False,上市时间不足
301632.SZ,301632,301632,广东建科,创业板,深市,创业板,801210.SI,社会服务,801218.SI,专业服务,专业服务,L,20250812,407,1.11,13.43,0.599,7.576,False,True,True,0,0,0,0,False,上市时间不足
301633.SZ,301633,301633,港迪技术,创业板,深市,创业板,801890.SI,机械设备,801078.SI,自动化设备,自动化设备,L,20241107,685,1.88,60.51,0.565,14.0,False,True,True,0,0,0,0,False,上市时间不足
301636.SZ,301636,301636,泽润新能,创业板,深市,创业板,801730.SI,电力设备,801735.SI,光伏设备,光伏设备,L,20250516,495,1.36,41.71,-0.856,11.0,False,True,True,0,0,0,0,False,上市时间不足
301638.SZ,301638,301638,南网数字,创业板,深市,创业板,801750.SI,计算机,801103.SI,IT服务Ⅱ,IT服务Ⅱ,L,20251118,309,0.85,21.45,-1.651,9.589,False,True,True,0,0,0,0,False,上市时间不足
301655.SZ,301655,301655,绿控传动,创业板,深市,创业板,,,,,未分类,L,20260820,34,0.09,24.16,5.272,6.329,False,True,True,0,0,0,0,False,上市时间不足
301656.SZ,301656,301656,联合动力,创业板,深市,创业板,801880.SI,汽车,801093.SI,汽车零部件,汽车零部件,L,20250925,363,0.99,14.42,-0.552,8.451,False,True,True,0,0,0,0,False,上市时间不足
301658.SZ,301658,301658,首航新能,创业板,深市,创业板,801730.SI,电力设备,801735.SI,光伏设备,光伏设备,L,20250402,539,1.48,22.55,-0.133,12.329,False,True,True,0,0,0,0,False,上市时间不足
301662.SZ,301662,301662,宏工科技,创业板,深市,创业板,801730.SI,电力设备,801737.SI,电池,电池,L,20250417,524,1.43,67.67,1.03,7.292,False,True,True,0,0,0,0,False,上市时间不足
301665.SZ,301665,301665,泰禾股份,创业板,深市,创业板,801030.SI,基础化工,801038.SI,农化制品,农化制品,L,20250411,530,1.45,22.34,-0.49,7.759,False,True,True,0,0,0,0,False,上市时间不足
301666.SZ,301666,301666,大普微,创业板,深市,创业板,801080.SI,电子,801081.SI,半导体,半导体,L,20260416,160,0.44,407.92,1.726,10.156,False,True,True,0,0,0,3,False,上市时间不足
301667.SZ,301667,301667,纳百川,创业板,深市,创业板,801880.SI,汽车,801093.SI,汽车零部件,汽车零部件,L,20251223,274,0.75,57.85,-0.482,5.944,False,True,True,0,0,0,0,False,上市时间不足
301668.SZ,301668,301668,昊创瑞通,创业板,深市,创业板,801730.SI,电力设备,801738.SI,电网设备,电网设备,L,20250926,362,0.99,32.2,-0.617,11.656,False,True,True,0,0,0,0,False,上市时间不足
301669.SZ,301669,301669,高特电子,创业板,深市,创业板,801730.SI,电力设备,801733.SI,其他电源设备Ⅱ,其他电源设备Ⅱ,L,20260609,106,0.29,26.31,0.343,9.091,False,True,True,0,0,0,0,False,上市时间不足
301677.SZ,301677,301677,欣兴工具,创业板,深市,创业板,,,,,未分类,L,20260730,55,0.15,51.25,0.059,4.07,False,True,True,0,0,0,0,False,上市时间不足
301678.SZ,301678,301678,新恒汇,创业板,深市,创业板,801080.SI,电子,801081.SI,半导体,半导体,L,20250620,460,1.26,59.22,14.324,23.636,False,True,True,0,0,0,0,False,上市时间不足
301680.SZ,301680,301680,固德电材,创业板,深市,创业板,801880.SI,汽车,801093.SI,汽车零部件,汽车零部件,L,20260306,201,0.55,103.87,-1.395,8.88,False,True,True,0,0,0,0,False,上市时间不足
301682.SZ,301682,301682,宏明电子,创业板,深市,创业板,801740.SI,国防军工,801745.SI,军工电子Ⅱ,军工电子Ⅱ,L,20260325,182,0.5,115.83,0.043,8.276,False,True,True,0,0,0,0,False,上市时间不足
301683.SZ,301683,301683,慧谷新材,创业板,深市,创业板,801030.SI,基础化工,801034.SI,化学制品,化学制品,L,20260401,175,0.48,103.35,3.734,9.146,False,True,True,0,0,0,0,False,上市时间不足
301686.SZ,301686,301686,C中塑股份,创业板,深市,创业板,,,,,未分类,L,20260922,1,0.0,283.5,-34.527,12.245,False,True,True,1,1,1,1,False,上市时间不足、近60日停牌
301687.SZ,301687,301687,新广益,创业板,深市,创业板,801030.SI,基础化工,801036.SI,塑料,塑料,L,20251231,266,0.73,54.94,1.515,7.463,False,True,True,0,0,0,0,False,上市时间不足
301688.SZ,301688,301688,格林生物,创业板,深市,创业板,,,,,未分类,L,20260902,21,0.06,40.72,3.957,3.25,False,True,True,0,0,0,0,False,上市时间不足
301689.SZ,301689,301689,电科思仪,创业板,深市,创业板,,,,,未分类,L,20260910,13,0.04,69.9,13.64,10.28,False,True,True,0,0,0,0,False,上市时间不足
301696.SZ,301696,301696,三瑞智能,创业板,深市,创业板,801730.SI,电力设备,801731.SI,电机Ⅱ,电机Ⅱ,L,20260410,166,0.45,94.44,-0.169,5.696,False,True,True,0,0,0,0,False,上市时间不足
301697.SZ,301697,301697,贝特利,创业板,深市,创业板,,,,,未分类,L,20260901,22,0.06,28.27,2.8,2.867,False,True,True,0,0,0,0,False,上市时间不足
301699.SZ,301699,301699,洛轴股份,创业板,深市,创业板,,,,,未分类,L,20260909,14,0.04,29.62,-3.862,9.571,False,True,True,0,0,0,0,False,上市时间不足
301707.SZ,301707,301707,展芯股份,创业板,深市,创业板,,,,,未分类,L,20260807,47,0.13,75.23,2.998,2.965,False,True,True,0,0,0,0,False,上市时间不足
301717.SZ,301717,301717,超纯应材,创业板,深市,创业板,,,,,未分类,L,20260811,43,0.12,376.0,4.066,3.604,False,True,True,0,0,0,0,False,上市时间不足
302132.SZ,302132,302132,中航成飞,创业板,深市,创业板,801740.SI,国防军工,801745.SI,军工电子Ⅱ,军工电子Ⅱ,L,20100827,5871,16.07,59.44,-0.851,11.111,False,True,True,0,0,0,0,True,
600000.SH,600000,600000,浦发银行,主板,沪市,主板,801780.SI,银行,801783.SI,股份制银行Ⅱ,股份制银行Ⅱ,L,19991110,9814,26.87,8.98,-0.664,42.268,False,True,True,0,0,0,0,True,
600004.SH,600004,600004,白云机场,主板,沪市,主板,801170.SI,交通运输,801991.SI,航空机场,航空机场,L,20030428,8549,23.41,7.63,-0.261,22.5,False,True,True,0,0,0,0,True,
600006.SH,600006,600006,东风股份,主板,沪市,主板,801880.SI,汽车,801096.SI,商用车,商用车,L,19990727,9920,27.16,5.34,0.565,27.778,False,True,True,0,0,0,0,True,
600007.SH,600007,600007,中国国贸,主板,沪市,主板,801180.SI,房地产,801181.SI,房地产开发,房地产开发,L,19990312,10057,27.53,19.86,1.017,14.062,False,True,True,0,0,0,0,True,
600008.SH,600008,600008,首创环保,主板,沪市,主板,801970.SI,环保,801971.SI,环境治理,环境治理,L,20000427,9645,26.41,2.73,-0.365,10.714,False,True,True,0,0,0,0,True,
600009.SH,600009,600009,上海机场,主板,沪市,主板,801170.SI,交通运输,801991.SI,航空机场,航空机场,L,19980218,10444,28.59,22.75,-0.263,36.667,False,True,True,0,0,0,0,True,
600010.SH,600010,600010,包钢股份,主板,沪市,主板,801040.SI,钢铁,801044.SI,普钢,普钢,L,20010309,9329,25.54,2.12,0.0,13.636,False,True,True,0,0,0,0,True,
600011.SH,600011,600011,华能国际,主板,沪市,主板,801160.SI,公用事业,801161.SI,电力,电力,L,20011206,9057,24.8,6.76,-0.588,11.429,False,True,True,0,0,0,0,True,
600012.SH,600012,600012,皖通高速,主板,沪市,主板,801170.SI,交通运输,801179.SI,铁路公路,铁路公路,L,20030107,8660,23.71,15.43,0.456,18.519,False,True,True,0,0,0,0,True,
600015.SH,600015,600015,华夏银行,主板,沪市,主板,801780.SI,银行,801783.SI,股份制银行Ⅱ,股份制银行Ⅱ,L,20030912,8412,23.03,6.23,-0.16,9.231,False,True,True,0,0,0,0,True,
600016.SH,600016,600016,民生银行,主板,沪市,主板,801780.SI,银行,801783.SI,股份制银行Ⅱ,股份制银行Ⅱ,L,20001219,9409,25.76,3.47,-0.857,11.765,False,True,True,0,0,0,0,True,
600017.SH,600017,600017,日照港,主板,沪市,主板,801170.SI,交通运输,801992.SI,航运港口,航运港口,L,20061017,7281,19.93,2.79,-0.712,10.714,False,True,True,0,0,0,0,True,
600018.SH,600018,600018,上港集团,主板,沪市,主板,801170.SI,交通运输,801992.SI,航运港口,航运港口,L,20061026,7272,19.91,5.38,0.373,15.686,False,True,True,0,0,0,0,True,
600019.SH,600019,600019,宝钢股份,主板,沪市,主板,801040.SI,钢铁,801044.SI,普钢,普钢,L,20001212,9416,25.78,5.75,0.349,21.053,False,True,True,0,0,0,0,True,
600020.SH,600020,600020,中原高速,主板,沪市,主板,801170.SI,交通运输,801179.SI,铁路公路,铁路公路,L,20030808,8447,23.13,3.84,0.524,7.895,False,True,True,0,0,0,0,True,
600021.SH,600021,600021,上海电力,主板,沪市,主板,801160.SI,公用事业,801161.SI,电力,电力,L,20031029,8365,22.9,13.32,-0.967,17.021,False,True,True,0,0,0,0,True,
600022.SH,600022,600022,山东钢铁,主板,沪市,主板,801040.SI,钢铁,801044.SI,普钢,普钢,L,20040629,8121,22.23,1.31,0.0,15.385,False,True,True,0,0,0,0,True,
600023.SH,600023,600023,浙能电力,主板,沪市,主板,801160.SI,公用事业,801161.SI,电力,电力,L,20131219,4661,12.76,5.08,1.6,19.608,False,True,True,0,0,0,0,True,
600025.SH,600025,600025,华能水电,主板,沪市,主板,801160.SI,公用事业,801161.SI,电力,电力,L,20171215,3204,8.77,9.6,-0.208,18.75,False,True,True,0,0,0,0,True,
600026.SH,600026,600026,中远海能,主板,沪市,主板,801170.SI,交通运输,801992.SI,航运港口,航运港口,L,20020523,8889,24.34,21.08,-3.788,25.373,False,True,True,0,0,0,0,True,
600027.SH,600027,600027,华电国际,主板,沪市,主板,801160.SI,公用事业,801161.SI,电力,电力,L,20050203,7902,21.63,4.8,0.0,12.5,False,True,True,0,0,0,0,True,
600028.SH,600028,600028,中国石化,主板,沪市,主板,801960.SI,石油石化,801963.SI,炼化及贸易,炼化及贸易,L,20010808,9177,25.13,5.29,-0.377,34.615,False,True,True,0,0,0,0,True,
600029.SH,600029,600029,南方航空,主板,沪市,主板,801170.SI,交通运输,801991.SI,航空机场,航空机场,L,20030725,8461,23.16,4.97,0.202,23.077,False,True,True,0,0,0,0,True,
600030.SH,600030,600030,中信证券,主板,沪市,主板,801790.SI,非银金融,801193.SI,证券Ⅱ,证券Ⅱ,L,20030106,8661,23.71,26.79,-0.372,6.522,False,True,True,0,0,0,0,True,
600031.SH,600031,600031,三一重工,主板,沪市,主板,801890.SI,机械设备,801077.SI,工程机械,工程机械,L,20030703,8483,23.23,17.51,-1.185,10.526,False,True,True,0,0,0,0,True,
600032.SH,600032,600032,浙江新能,主板,沪市,主板,801160.SI,公用事业,801161.SI,电力,电力,L,20210525,1947,5.33,6.77,-3.009,23.288,False,True,True,0,0,0,0,True,
600033.SH,600033,600033,福建高速,主板,沪市,主板,801170.SI,交通运输,801179.SI,铁路公路,铁路公路,L,20010209,9357,25.62,3.63,0.276,8.333,False,True,True,0,0,0,0,True,
600035.SH,600035,600035,楚天高速,主板,沪市,主板,801170.SI,交通运输,801179.SI,铁路公路,铁路公路,L,20040310,8232,22.54,3.64,-0.274,8.333,False,True,True,0,0,0,0,True,
600036.SH,600036,600036,招商银行,主板,沪市,主板,801780.SI,银行,801783.SI,股份制银行Ⅱ,股份制银行Ⅱ,L,20020409,8933,24.46,40.6,-0.539,14.583,False,True,True,0,0,0,0,True,
600037.SH,600037,600037,歌华有线,主板,沪市,主板,801760.SI,传媒,801995.SI,电视广播Ⅱ,电视广播Ⅱ,L,20010208,9358,25.62,7.07,-1.532,11.765,False,True,True,0,0,0,0,True,
600038.SH,600038,600038,中直股份,主板,沪市,主板,801740.SI,国防军工,801742.SI,航空装备Ⅱ,航空装备Ⅱ,L,20001218,9410,25.76,27.11,-0.805,20.588,False,True,True,0,0,0,0,True,
600039.SH,600039,600039,四川路桥,主板,沪市,主板,801720.SI,建筑装饰,801723.SI,基础建设,基础建设,L,20030325,8583,23.5,8.66,-1.254,22.989,False,True,True,0,0,0,0,True,
600048.SH,600048,600048,保利发展,主板,沪市,主板,801180.SI,房地产,801181.SI,房地产开发,房地产开发,L,20060731,7359,20.15,5.64,-0.704,15.385,False,True,True,0,0,0,0,True,
600050.SH,600050,600050,中国联通,主板,沪市,主板,801770.SI,通信,801223.SI,通信服务,通信服务,L,20021009,8750,23.96,4.17,-0.95,18.182,False,True,True,0,0,0,0,True,
600051.SH,600051,600051,宁波联合,主板,沪市,主板,801230.SI,综合,801231.SI,综合Ⅱ,综合Ⅱ,L,19970410,10758,29.45,6.23,-0.479,8.065,False,True,True,0,0,0,0,True,
600052.SH,600052,600052,东望时代,主板,沪市,主板,801160.SI,公用事业,801161.SI,电力,电力,L,19970415,10753,29.44,3.62,-2.426,10.526,False,True,True,0,0,0,0,True,
600053.SH,600053,600053,*ST九鼎,主板,沪市,主板,801790.SI,非银金融,801191.SI,多元金融,多元金融,L,19970418,10750,29.43,7.43,-3.756,100.0,True,True,True,0,0,0,0,False,ST
600054.SH,600054,600054,黄山旅游,主板,沪市,主板,801210.SI,社会服务,801993.SI,旅游及景区,旅游及景区,L,19970506,10732,29.38,10.77,-0.554,8.036,False,True,True,0,0,0,0,True,
600055.SH,600055,600055,万东医疗,主板,沪市,主板,801150.SI,医药生物,801153.SI,医疗器械,医疗器械,L,19970519,10719,29.35,10.58,2.42,37.5,False,True,True,0,0,0,0,True,
600056.SH,600056,600056,中国医药,主板,沪市,主板,801150.SI,医药生物,801154.SI,医药商业,医药商业,L,19970515,10723,29.36,8.96,-0.995,9.677,False,True,True,0,0,0,0,True,
600057.SH,600057,600057,厦门象屿,主板,沪市,主板,801170.SI,交通运输,801178.SI,物流,物流,L,19970604,10703,29.3,6.06,-1.783,14.286,False,True,True,0,0,0,0,True,
600058.SH,600058,600058,五矿发展,主板,沪市,主板,801200.SI,商贸零售,801202.SI,贸易Ⅱ,贸易Ⅱ,L,19970528,10710,29.32,9.18,2.0,23.077,False,True,True,0,0,0,0,True,
600059.SH,600059,600059,古越龙山,主板,沪市,主板,801120.SI,食品饮料,801126.SI,非白酒,非白酒,L,19970516,10722,29.36,11.33,5.005,22.018,False,True,True,0,0,0,0,True,
600060.SH,600060,600060,海信视像,主板,沪市,主板,801110.SI,家用电器,801112.SI,黑色家电,黑色家电,L,19970422,10746,29.42,27.24,-0.22,13.043,False,True,True,0,0,0,0,True,
600061.SH,600061,600061,国投资本,主板,沪市,主板,801790.SI,非银金融,801193.SI,证券Ⅱ,证券Ⅱ,L,19970519,10719,29.35,6.3,-0.631,18.75,False,True,True,0,0,0,0,True,
600062.SH,600062,600062,华润双鹤,主板,沪市,主板,801150.SI,医药生物,801151.SI,化学制药,化学制药,L,19970522,10716,29.34,16.03,-0.435,12.963,False,True,True,0,0,0,0,True,
600063.SH,600063,600063,皖维高新,主板,沪市,主板,801030.SI,基础化工,801032.SI,化学纤维,化学纤维,L,19970528,10710,29.32,5.71,1.601,10.526,False,True,True,0,0,0,0,True,
600064.SH,600064,600064,南京高科,主板,沪市,主板,801180.SI,房地产,801181.SI,房地产开发,房地产开发,L,19970506,10732,29.38,7.7,-0.388,9.091,False,True,True,0,0,0,0,True,
600066.SH,600066,600066,宇通客车,主板,沪市,主板,801880.SI,汽车,801096.SI,商用车,商用车,L,19970508,10730,29.38,25.25,-3.515,22.449,False,True,True,0,0,0,0,True,
600067.SH,600067,600067,冠城新材,主板,沪市,主板,801730.SI,电力设备,801738.SI,电网设备,电网设备,L,19970508,10730,29.38,2.64,-1.859,14.286,False,True,True,0,0,0,0,True,
600071.SH,600071,600071,凤凰光学,主板,沪市,主板,801080.SI,电子,801084.SI,光学光电子,光学光电子,L,19970528,10710,29.32,16.8,0.119,19.048,False,True,True,0,0,0,0,True,
600072.SH,600072,600072,中船科技,主板,沪市,主板,801730.SI,电力设备,801736.SI,风电设备,风电设备,L,19970603,10704,29.31,8.7,-2.576,5.556,False,True,True,0,0,0,0,True,
600073.SH,600073,600073,光明肉业,主板,沪市,主板,801120.SI,食品饮料,801124.SI,食品加工,食品加工,L,19970704,10673,29.22,5.47,-0.726,12.727,False,True,True,0,0,0,0,True,
600075.SH,600075,600075,新疆天业,主板,沪市,主板,801030.SI,基础化工,801033.SI,化学原料,化学原料,L,19970617,10690,29.27,4.6,-0.648,14.894,False,True,True,0,0,0,0,True,
600076.SH,600076,600076,康欣新材,主板,沪市,主板,801140.SI,轻工制造,801141.SI,包装印刷,包装印刷,L,19970526,10712,29.33,2.15,-4.444,41.667,False,True,True,0,0,0,0,True,
600078.SH,600078,600078,澄星股份,主板,沪市,主板,801030.SI,基础化工,801038.SI,农化制品,农化制品,L,19970627,10680,29.24,10.04,-2.619,9.174,False,True,True,0,0,0,0,True,
600079.SH,600079,600079,ST人福,主板,沪市,主板,801150.SI,医药生物,801151.SI,化学制药,化学制药,L,19970606,10701,29.3,18.83,0.534,11.111,True,True,True,0,0,0,0,False,ST
600080.SH,600080,600080,ST金花,主板,沪市,主板,801150.SI,医药生物,801155.SI,中药Ⅱ,中药Ⅱ,L,19970612,10695,29.28,4.74,-1.25,24.49,True,True,True,0,0,0,0,False,ST
600081.SH,600081,600081,东风科技,主板,沪市,主板,801880.SI,汽车,801093.SI,汽车零部件,汽车零部件,L,19970703,10674,29.22,10.51,0.574,25.714,False,True,True,0,0,0,0,True,
600082.SH,600082,600082,ST海泰,主板,沪市,主板,801180.SI,房地产,801181.SI,房地产开发,房地产开发,L,19970620,10687,29.26,3.27,3.481,20.0,True,True,True,0,0,0,0,False,ST
600084.SH,600084,600084,*ST尼雅,主板,沪市,主板,801120.SI,食品饮料,801126.SI,非白酒,非白酒,L,19970711,10666,29.2,4.44,-1.114,58.333,True,True,True,0,0,0,0,False,ST
600085.SH,600085,600085,同仁堂,主板,沪市,主板,801150.SI,医药生物,801155.SI,中药Ⅱ,中药Ⅱ,L,19970625,10682,29.25,23.61,-0.211,30.952,False,True,True,0,0,0,0,True,
600088.SH,600088,600088,中视传媒,主板,沪市,主板,801760.SI,传媒,801766.SI,影视院线,影视院线,L,19970616,10691,29.27,13.65,-10.02,13.514,False,True,True,0,0,0,0,True,
600089.SH,600089,600089,特变电工,主板,沪市,主板,801730.SI,电力设备,801738.SI,电网设备,电网设备,L,19970618,10689,29.26,18.09,-0.659,14.925,False,True,True,0,0,0,0,True,
600094.SH,600094,600094,大名城,主板,沪市,主板,801180.SI,房地产,801181.SI,房地产开发,房地产开发,L,19970703,10674,29.22,4.05,-1.699,15.0,False,True,True,0,0,0,0,True,
600095.SH,600095,600095,湘财股份,主板,沪市,主板,801790.SI,非银金融,801193.SI,证券Ⅱ,证券Ⅱ,L,19970708,10669,29.21,8.94,-1.216,15.385,False,True,True,0,0,0,0,True,
600096.SH,600096,600096,云天化,主板,沪市,主板,801030.SI,基础化工,801038.SI,农化制品,农化制品,L,19970709,10668,29.21,27.95,-1.027,11.667,False,True,True,0,0,0,0,True,
600097.SH,600097,600097,开创国际,主板,沪市,主板,801010.SI,农林牧渔,801015.SI,渔业,渔业,L,19970619,10688,29.26,9.27,-1.278,17.391,False,True,True,0,0,0,0,True,
600098.SH,600098,600098,广州发展,主板,沪市,主板,801160.SI,公用事业,801161.SI,电力,电力,L,19970718,10659,29.18,6.18,-0.483,19.048,False,True,True,0,0,0,0,True,
600099.SH,600099,600099,林海股份,主板,沪市,主板,801880.SI,汽车,801881.SI,摩托车及其他,摩托车及其他,L,19970704,10673,29.22,9.29,0.108,14.444,False,True,True,0,0,0,0,True,
600100.SH,600100,600100,同方股份,主板,沪市,主板,801750.SI,计算机,801101.SI,计算机设备,计算机设备,L,19970627,10680,29.24,6.83,-1.301,21.739,False,True,True,0,0,0,0,True,
600101.SH,600101,600101,明星电力,主板,沪市,主板,801160.SI,公用事业,801161.SI,电力,电力,L,19970627,10680,29.24,7.82,-1.882,4.938,False,True,True,0,0,0,0,True,
600103.SH,600103,600103,青山纸业,主板,沪市,主板,801140.SI,轻工制造,801143.SI,造纸,造纸,L,19970703,10674,29.22,3.65,-3.183,8.108,False,True,True,0,0,0,0,True,
600104.SH,600104,600104,上汽集团,主板,沪市,主板,801880.SI,汽车,801095.SI,乘用车,乘用车,L,19971125,10529,28.83,10.87,-1.807,45.946,False,True,True,0,0,0,0,True,
600105.SH,600105,600105,永鼎股份,主板,沪市,主板,801770.SI,通信,801102.SI,通信设备,通信设备,L,19970929,10586,28.98,44.87,-1.189,13.043,False,True,True,0,0,0,0,True,
600106.SH,600106,600106,重庆路桥,主板,沪市,主板,801170.SI,交通运输,801179.SI,铁路公路,铁路公路,L,19970618,10689,29.26,4.49,0.223,31.111,False,True,True,0,0,0,0,True,
600107.SH,600107,600107,*ST尔雅,主板,沪市,主板,801130.SI,纺织服饰,801132.SI,服装家纺,服装家纺,L,19971106,10548,28.88,5.71,-0.523,16.667,True,True,True,0,0,0,0,False,ST
600108.SH,600108,600108,亚盛集团,主板,沪市,主板,801010.SI,农林牧渔,801016.SI,种植业,种植业,L,19970818,10628,29.1,4.27,-3.175,9.524,False,True,True,0,0,0,0,True,
600109.SH,600109,600109,国金证券,主板,沪市,主板,801790.SI,非银金融,801193.SI,证券Ⅱ,证券Ⅱ,L,19970807,10639,29.13,8.28,-0.838,7.143,False,True,True,0,0,0,0,True,
600110.SH,600110,600110,诺德股份,主板,沪市,主板,801730.SI,电力设备,801737.SI,电池,电池,L,19971007,10578,28.96,12.46,2.467,6.557,False,True,True,0,0,0,0,True,
600111.SH,600111,600111,北方稀土,主板,沪市,主板,801050.SI,有色金属,801054.SI,小金属,小金属,L,19970924,10591,29.0,37.42,-1.266,23.881,False,True,True,0,0,0,0,True,
600113.SH,600113,600113,浙江东日,主板,沪市,主板,801200.SI,商贸零售,801203.SI,一般零售,一般零售,L,19971021,10564,28.92,29.85,-0.4,14.286,False,True,True,0,0,0,0,True,
600114.SH,600114,600114,东睦股份,主板,沪市,主板,801890.SI,机械设备,801072.SI,通用设备,通用设备,L,20040511,8170,22.37,27.75,0.144,12.5,False,True,True,0,0,0,0,True,
600115.SH,600115,600115,中国东航,主板,沪市,主板,801170.SI,交通运输,801991.SI,航空机场,航空机场,L,19971105,10549,28.88,3.46,0.29,22.222,False,True,True,0,0,0,0,True,
600116.SH,600116,600116,三峡水利,主板,沪市,主板,801160.SI,公用事业,801161.SI,电力,电力,L,19970804,10642,29.14,6.08,-0.491,9.524,False,True,True,0,0,0,0,True,
600117.SH,600117,600117,西宁特钢,主板,沪市,主板,801040.SI,钢铁,801045.SI,特钢Ⅱ,特钢Ⅱ,L,19971015,10570,28.94,2.16,-1.37,25.0,False,True,True,0,0,0,0,True,
600118.SH,600118,600118,中国卫星,主板,沪市,主板,801740.SI,国防军工,801741.SI,航天装备Ⅱ,航天装备Ⅱ,L,19970908,10607,29.04,57.72,-1.87,17.391,False,True,True,0,0,0,0,True,
600119.SH,600119,600119,*ST长投,主板,沪市,主板,801170.SI,交通运输,801178.SI,物流,物流,L,19980115,10478,28.69,4.96,-1.392,24.444,True,True,True,0,0,0,0,False,ST
600120.SH,600120,600120,浙江东方,主板,沪市,主板,801790.SI,非银金融,801191.SI,多元金融,多元金融,L,19971201,10523,28.81,4.7,-0.844,8.163,False,True,True,0,0,0,0,True,
600121.SH,600121,600121,郑州煤电,主板,沪市,主板,801950.SI,煤炭,801951.SI,煤炭开采,煤炭开采,L,19980107,10486,28.71,4.81,-8.729,8.0,False,True,True,0,0,0,0,True,
600123.SH,600123,600123,兰花科创,主板,沪市,主板,801950.SI,煤炭,801951.SI,煤炭开采,煤炭开采,L,19981217,10142,27.77,7.01,-2.368,12.676,False,True,True,0,0,0,0,True,
600125.SH,600125,600125,铁龙物流,主板,沪市,主板,801170.SI,交通运输,801179.SI,铁路公路,铁路公路,L,19980511,10362,28.37,5.27,-0.753,12.727,False,True,True,0,0,0,0,True,
600126.SH,600126,600126,杭钢股份,主板,沪市,主板,801040.SI,钢铁,801044.SI,普钢,普钢,L,19980311,10423,28.54,6.17,-2.219,15.152,False,True,True,0,0,0,0,True,
600127.SH,600127,600127,金健米业,主板,沪市,主板,801010.SI,农林牧渔,801012.SI,农产品加工,农产品加工,L,19980506,10367,28.38,16.75,1.7,4.268,False,True,True,0,0,0,0,True,
600128.SH,600128,600128,苏豪弘业,主板,沪市,主板,801200.SI,商贸零售,801202.SI,贸易Ⅱ,贸易Ⅱ,L,19970901,10614,29.06,8.52,-0.93,12.048,False,True,True,0,0,0,0,True,
600129.SH,600129,600129,太极集团,主板,沪市,主板,801150.SI,医药生物,801155.SI,中药Ⅱ,中药Ⅱ,L,19971118,10536,28.85,13.74,-1.222,19.444,False,True,True,0,0,0,0,True,
600130.SH,600130,600130,波导股份,主板,沪市,主板,801080.SI,电子,801085.SI,消费电子,消费电子,L,20000706,9575,26.21,4.61,-1.285,8.889,False,True,True,0,0,0,0,True,
600131.SH,600131,600131,国网信通,主板,沪市,主板,801750.SI,计算机,801103.SI,IT服务Ⅱ,IT服务Ⅱ,L,19980402,10401,28.48,14.27,-1.246,24.675,False,True,True,0,0,0,0,True,
600132.SH,600132,600132,重庆啤酒,主板,沪市,主板,801120.SI,食品饮料,801126.SI,非白酒,非白酒,L,19971030,10555,28.9,38.32,0.367,29.167,False,True,True,0,0,0,0,True,
600133.SH,600133,600133,东湖高新,主板,沪市,主板,801970.SI,环保,801971.SI,环境治理,环境治理,L,19980212,10450,28.61,7.97,-0.375,9.639,False,True,True,0,0,0,0,True,
600135.SH,600135,600135,乐凯胶片,主板,沪市,主板,801030.SI,基础化工,801036.SI,塑料,塑料,L,19980122,10471,28.67,7.59,-2.442,13.158,False,True,True,0,0,0,0,True,
600136.SH,600136,600136,ST明诚,主板,沪市,主板,801180.SI,房地产,801183.SI,房地产服务,房地产服务,L,19980303,10431,28.56,1.5,0.0,25.0,True,True,True,0,0,0,0,False,ST
600137.SH,600137,600137,浪莎股份,主板,沪市,主板,801130.SI,纺织服饰,801132.SI,服装家纺,服装家纺,L,19980416,10387,28.44,17.74,-0.839,9.091,False,True,True,0,0,0,0,True,
600138.SH,600138,600138,中青旅,主板,沪市,主板,801210.SI,社会服务,801993.SI,旅游及景区,旅游及景区,L,19971203,10521,28.8,7.05,-0.424,8.333,False,True,True,0,0,0,0,True,
600141.SH,600141,600141,兴发集团,主板,沪市,主板,801030.SI,基础化工,801038.SI,农化制品,农化制品,L,19990616,9961,27.27,28.62,-1.885,9.836,False,True,True,0,0,0,0,True,
600143.SH,600143,600143,金发科技,主板,沪市,主板,801030.SI,基础化工,801036.SI,塑料,塑料,L,20040623,8127,22.25,13.22,-1.048,20.408,False,True,True,0,0,0,0,True,
600148.SH,600148,600148,长春一东,主板,沪市,主板,801880.SI,汽车,801093.SI,汽车零部件,汽车零部件,L,19980520,10353,28.34,15.8,-0.441,12.821,False,True,True,0,0,0,0,True,
600149.SH,600149,600149,廊坊发展,主板,沪市,主板,801160.SI,公用事业,801161.SI,电力,电力,L,19991014,9841,26.94,5.05,0.198,12.0,False,True,True,0,0,0,0,True,
600150.SH,600150,600150,中国船舶,主板,沪市,主板,801740.SI,国防军工,801744.SI,航海装备Ⅱ,航海装备Ⅱ,L,19980520,10353,28.34,38.59,-3.814,14.286,False,True,True,0,0,0,0,True,
600151.SH,600151,600151,航天机电,主板,沪市,主板,801730.SI,电力设备,801735.SI,光伏设备,光伏设备,L,19980605,10337,28.3,9.36,-1.474,14.286,False,True,True,0,0,0,0,True,
600152.SH,600152,600152,维科技术,主板,沪市,主板,801730.SI,电力设备,801737.SI,电池,电池,L,19980609,10333,28.29,7.75,-1.65,5.0,False,True,True,0,0,0,0,True,
600153.SH,600153,600153,建发股份,主板,沪市,主板,801170.SI,交通运输,801178.SI,物流,物流,L,19980616,10326,28.27,8.67,1.049,10.465,False,True,True,0,0,0,0,True,
600155.SH,600155,600155,华创云信,主板,沪市,主板,801790.SI,非银金融,801193.SI,证券Ⅱ,证券Ⅱ,L,19980918,10232,28.01,6.09,-1.774,10.0,False,True,True,0,0,0,0,True,
600156.SH,600156,600156,华升股份,主板,沪市,主板,801130.SI,纺织服饰,801131.SI,纺织制造,纺织制造,L,19980527,10346,28.33,8.41,-5.293,9.195,False,True,True,0,0,0,0,True,
600157.SH,600157,600157,永泰能源,主板,沪市,主板,801950.SI,煤炭,801951.SI,煤炭开采,煤炭开采,L,19980513,10360,28.36,1.51,-0.658,6.667,False,True,True,0,0,0,0,True,
600158.SH,600158,600158,中体产业,主板,沪市,主板,801210.SI,社会服务,801216.SI,体育Ⅱ,体育Ⅱ,L,19980327,10407,28.49,7.03,-1.678,8.333,False,True,True,0,0,0,0,True,
600159.SH,600159,600159,大龙地产,主板,沪市,主板,801180.SI,房地产,801181.SI,房地产开发,房地产开发,L,19980526,10347,28.33,2.77,-0.36,11.111,False,True,True,0,0,0,0,True,
600160.SH,600160,600160,巨化股份,主板,沪市,主板,801030.SI,基础化工,801034.SI,化学制品,化学制品,L,19980626,10316,28.24,35.05,1.271,31.0,False,True,True,0,0,0,0,True,
600161.SH,600161,600161,天坛生物,主板,沪市,主板,801150.SI,医药生物,801152.SI,生物制品,生物制品,L,19980616,10326,28.27,12.31,-0.405,35.484,False,True,True,0,0,0,0,True,
600162.SH,600162,600162,香江控股,主板,沪市,主板,801180.SI,房地产,801181.SI,房地产开发,房地产开发,L,19980609,10333,28.29,4.59,-6.135,14.583,False,True,True,0,0,0,0,True,
600163.SH,600163,600163,中闽能源,主板,沪市,主板,801160.SI,公用事业,801161.SI,电力,电力,L,19980602,10340,28.31,5.37,-5.79,17.241,False,True,True,0,0,0,0,True,
600165.SH,600165,600165,宁科生物,主板,沪市,主板,801030.SI,基础化工,801034.SI,化学制品,化学制品,L,19980529,10344,28.32,3.18,-3.049,12.5,False,True,True,0,2,2,2,False,近60日停牌
600166.SH,600166,600166,福田汽车,主板,沪市,主板,801880.SI,汽车,801096.SI,商用车,商用车,L,19980602,10340,28.31,2.77,-0.717,10.345,False,True,True,0,0,0,0,True,
600167.SH,600167,600167,联美控股,主板,沪市,主板,801160.SI,公用事业,801161.SI,电力,电力,L,19990128,10100,27.65,5.59,-0.886,26.562,False,True,True,0,0,0,0,True,
600168.SH,600168,600168,武汉控股,主板,沪市,主板,801970.SI,环保,801971.SI,环境治理,环境治理,L,19980427,10376,28.41,4.35,0.23,22.222,False,True,True,0,0,0,0,True,
600169.SH,600169,600169,ST太重,主板,沪市,主板,801890.SI,机械设备,801074.SI,专用设备,专用设备,L,19980904,10246,28.05,2.19,1.389,17.391,True,True,True,0,0,0,0,False,ST
600170.SH,600170,600170,上海建工,主板,沪市,主板,801720.SI,建筑装饰,801721.SI,房屋建设Ⅱ,房屋建设Ⅱ,L,19980623,10319,28.25,2.23,0.0,8.696,False,True,True,0,0,0,0,True,
600171.SH,600171,600171,上海贝岭,主板,沪市,主板,801080.SI,电子,801081.SI,半导体,半导体,L,19980924,10226,28.0,23.16,0.26,4.348,False,True,True,0,0,0,0,True,
600172.SH,600172,600172,黄河旋风,主板,沪市,主板,801890.SI,机械设备,801072.SI,通用设备,通用设备,L,19981126,10163,27.82,16.74,4.234,3.659,False,True,True,0,0,0,0,True,
600173.SH,600173,600173,卧龙新能,主板,沪市,主板,801180.SI,房地产,801181.SI,房地产开发,房地产开发,L,19990415,10023,27.44,5.86,-1.347,20.968,False,True,True,0,0,0,0,True,
600176.SH,600176,600176,中国巨石,主板,沪市,主板,801710.SI,建筑材料,801712.SI,玻璃玻纤,玻璃玻纤,L,19990422,10016,27.42,45.62,0.33,10.526,False,True,True,0,0,0,0,True,
600177.SH,600177,600177,雅戈尔,主板,沪市,主板,801130.SI,纺织服饰,801132.SI,服装家纺,服装家纺,L,19981119,10170,27.84,8.19,0.986,14.667,False,True,True,0,0,0,0,True,
600178.SH,600178,600178,东安动力,主板,沪市,主板,801880.SI,汽车,801093.SI,汽车零部件,汽车零部件,L,19981014,10206,27.94,9.55,0.0,7.216,False,True,True,0,0,0,0,True,
600179.SH,600179,600179,安通控股,主板,沪市,主板,801170.SI,交通运输,801992.SI,航运港口,航运港口,L,19981104,10185,27.89,4.49,-1.965,8.889,False,True,True,0,0,0,0,True,
600180.SH,600180,600180,*ST瑞茂,主板,沪市,主板,801170.SI,交通运输,801178.SI,物流,物流,L,19980703,10309,28.22,1.58,-3.067,25.0,True,True,True,0,0,0,0,False,ST
600182.SH,600182,600182,S佳通,主板,沪市,主板,801880.SI,汽车,801093.SI,汽车零部件,汽车零部件,L,19990507,10001,27.38,12.68,-0.782,9.091,False,True,True,0,0,0,0,True,
600183.SH,600183,600183,生益科技,主板,沪市,主板,801080.SI,电子,801083.SI,元件,元件,L,19981028,10192,27.9,143.56,0.077,12.371,False,True,True,0,0,0,0,True,
600184.SH,600184,600184,光电股份,主板,沪市,主板,801740.SI,国防军工,801743.SI,地面兵装Ⅱ,地面兵装Ⅱ,L,20031106,8357,22.88,20.26,-0.783,14.286,False,True,True,0,0,0,0,True,
600185.SH,600185,600185,珠免集团,主板,沪市,主板,801200.SI,商贸零售,801207.SI,旅游零售Ⅱ,旅游零售Ⅱ,L,19990611,9966,27.29,4.77,-1.852,18.367,False,True,True,0,0,0,0,True,
600186.SH,600186,600186,莲花控股,主板,沪市,主板,801120.SI,食品饮料,801129.SI,调味发酵品Ⅱ,调味发酵品Ⅱ,L,19980825,10256,28.08,13.59,5.104,7.576,False,True,True,0,0,0,0,True,
600187.SH,600187,600187,*ST国中,主板,沪市,主板,801970.SI,环保,801971.SI,环境治理,环境治理,L,19981111,10178,27.87,1.28,-1.538,15.385,True,True,True,0,0,0,0,False,ST
600188.SH,600188,600188,兖矿能源,主板,沪市,主板,801950.SI,煤炭,801951.SI,煤炭开采,煤炭开采,L,19980701,10311,28.23,19.77,-2.85,22.857,False,True,True,0,0,0,0,True,
600189.SH,600189,600189,泉阳泉,主板,沪市,主板,801120.SI,食品饮料,801127.SI,饮料乳品,饮料乳品,L,19981007,10213,27.96,8.27,-0.361,11.688,False,True,True,0,0,0,0,True,
600191.SH,600191,600191,华资实业,主板,沪市,主板,801010.SI,农林牧渔,801012.SI,农产品加工,农产品加工,L,19981210,10149,27.79,9.22,-2.227,15.385,False,True,True,0,0,0,0,True,
600192.SH,600192,600192,长城电工,主板,沪市,主板,801730.SI,电力设备,801738.SI,电网设备,电网设备,L,19981224,10135,27.75,7.14,-7.152,11.688,False,True,True,0,0,0,0,True,
600195.SH,600195,600195,中牧股份,主板,沪市,主板,801010.SI,农林牧渔,801018.SI,动物保健Ⅱ,动物保健Ⅱ,L,19990107,10121,27.71,6.68,-0.89,22.059,False,True,True,0,0,0,0,True,
600196.SH,600196,600196,复星医药,主板,沪市,主板,801150.SI,医药生物,801151.SI,化学制药,化学制药,L,19980807,10274,28.13,23.13,0.0,11.538,False,True,True,0,0,0,0,True,
600197.SH,600197,600197,伊力特,主板,沪市,主板,801120.SI,食品饮料,801125.SI,白酒Ⅱ,白酒Ⅱ,L,19990916,9869,27.02,9.48,1.066,9.091,False,True,True,0,0,0,0,True,
600198.SH,600198,600198,大唐电信,主板,沪市,主板,801770.SI,通信,801102.SI,通信设备,通信设备,L,19981021,10199,27.92,7.48,-3.109,10.39,False,True,True,0,0,0,0,True,
600199.SH,600199,600199,金种子酒,主板,沪市,主板,801120.SI,食品饮料,801125.SI,白酒Ⅱ,白酒Ⅱ,L,19980812,10269,28.11,7.26,-1.09,8.108,False,True,True,0,0,0,0,True,
600201.SH,600201,600201,生物股份,主板,沪市,主板,801010.SI,农林牧渔,801018.SI,动物保健Ⅱ,动物保健Ⅱ,L,19990115,10113,27.69,11.75,0.256,17.073,False,True,True,0,0,0,0,True,
600202.SH,600202,600202,哈空调,主板,沪市,主板,801890.SI,机械设备,801072.SI,通用设备,通用设备,L,19990603,9974,27.31,5.16,0.194,12.0,False,True,True,0,0,0,0,True,
600203.SH,600203,600203,福日电子,主板,沪市,主板,801080.SI,电子,801085.SI,消费电子,消费电子,L,19990514,9994,27.36,10.06,-1.758,11.65,False,True,True,0,0,0,0,True,
600206.SH,600206,600206,有研新材,主板,沪市,主板,801080.SI,电子,801081.SI,半导体,半导体,L,19990319,10050,27.52,51.48,3.063,8.876,False,True,True,0,0,0,0,True,
600207.SH,600207,600207,安彩高科,主板,沪市,主板,801730.SI,电力设备,801735.SI,光伏设备,光伏设备,L,19990714,9933,27.2,4.94,1.646,14.583,False,True,True,0,0,0,0,True,
600208.SH,600208,600208,衢州发展,主板,沪市,主板,801180.SI,房地产,801181.SI,房地产开发,房地产开发,L,19990623,9954,27.25,2.91,0.345,10.345,False,True,True,0,0,0,0,True,
600210.SH,600210,600210,紫江企业,主板,沪市,主板,801140.SI,轻工制造,801141.SI,包装印刷,包装印刷,L,19990824,9892,27.08,6.22,-0.321,6.452,False,True,True,0,0,0,0,True,
600211.SH,600211,600211,西藏药业,主板,沪市,主板,801150.SI,医药生物,801152.SI,生物制品,生物制品,L,19990721,9926,27.18,36.58,0.439,6.452,False,True,True,0,0,0,0,True,
600212.SH,600212,600212,绿能慧充,主板,沪市,主板,801730.SI,电力设备,801733.SI,其他电源设备Ⅱ,其他电源设备Ⅱ,L,19990817,9899,27.1,5.8,-1.192,18.644,False,True,True,0,0,0,0,True,
600215.SH,600215,600215,派斯林,主板,沪市,主板,801890.SI,机械设备,801078.SI,自动化设备,自动化设备,L,19990909,9876,27.04,6.1,-2.244,12.698,False,True,True,0,0,0,0,True,
600216.SH,600216,600216,浙江医药,主板,沪市,主板,801150.SI,医药生物,801151.SI,化学制药,化学制药,L,19991021,9834,26.92,12.61,-0.865,10.938,False,True,True,0,0,0,0,True,
600217.SH,600217,600217,中再资环,主板,沪市,主板,801970.SI,环保,801971.SI,环境治理,环境治理,L,19991216,9778,26.77,3.22,-0.923,25.0,False,True,True,0,0,0,0,True,
600218.SH,600218,600218,全柴动力,主板,沪市,主板,801880.SI,汽车,801093.SI,汽车零部件,汽车零部件,L,19981203,10156,27.81,7.98,-0.623,10.256,False,True,True,0,0,0,0,True,
600219.SH,600219,600219,南山铝业,主板,沪市,主板,801050.SI,有色金属,801055.SI,工业金属,工业金属,L,19991223,9771,26.75,4.69,-1.263,10.417,False,True,True,0,0,0,0,True,
600221.SH,600221,600221,海航控股,主板,沪市,主板,801170.SI,交通运输,801991.SI,航空机场,航空机场,L,19991125,9799,26.83,1.24,0.0,21.429,False,True,True,0,0,0,0,True,
600222.SH,600222,600222,太龙药业,主板,沪市,主板,801150.SI,医药生物,801155.SI,中药Ⅱ,中药Ⅱ,L,19991105,9819,26.88,8.03,-1.108,10.0,False,True,True,0,0,0,0,True,
600223.SH,600223,600223,福瑞达,主板,沪市,主板,801980.SI,美容护理,801982.SI,化妆品,化妆品,L,20000113,9750,26.69,5.58,-1.587,25.0,False,True,True,0,0,0,0,True,
600226.SH,600226,600226,亨通股份,主板,沪市,主板,801160.SI,公用事业,801161.SI,电力,电力,L,19991116,9808,26.85,6.05,1.002,6.667,False,True,True,0,0,0,0,True,
600227.SH,600227,600227,赤天化,主板,沪市,主板,801030.SI,基础化工,801038.SI,农化制品,农化制品,L,20000221,9711,26.59,3.88,-9.346,7.5,False,True,True,0,0,0,0,True,
600228.SH,600228,600228,返利科技,主板,沪市,主板,801760.SI,传媒,801767.SI,数字媒体,数字媒体,L,19990119,10109,27.68,11.66,-1.934,15.966,False,True,True,0,0,0,8,True,
600229.SH,600229,600229,城市传媒,主板,沪市,主板,801760.SI,传媒,801769.SI,出版,出版,L,20000309,9694,26.54,5.89,-1.008,17.857,False,True,True,0,0,0,0,True,
600230.SH,600230,600230,沧州大化,主板,沪市,主板,801030.SI,基础化工,801034.SI,化学制品,化学制品,L,20000406,9666,26.46,14.82,10.022,11.111,False,True,True,0,0,0,0,True,
600231.SH,600231,600231,凌钢股份,主板,沪市,主板,801040.SI,钢铁,801044.SI,普钢,普钢,L,20000511,9631,26.37,1.76,4.762,33.333,False,True,True,0,0,0,0,True,
600232.SH,600232,600232,金鹰股份,主板,沪市,主板,801890.SI,机械设备,801074.SI,专用设备,专用设备,L,20000602,9609,26.31,6.52,-1.659,12.308,False,True,True,0,0,0,0,True,
600233.SH,600233,600233,圆通速递,主板,沪市,主板,801170.SI,交通运输,801178.SI,物流,物流,L,20000608,9603,26.29,17.84,0.848,13.793,False,True,True,0,0,0,0,True,
600234.SH,600234,600234,科新发展,主板,沪市,主板,801720.SI,建筑装饰,801722.SI,装修装饰Ⅱ,装修装饰Ⅱ,L,20000615,9596,26.27,22.65,0.444,32.11,False,True,True,0,0,0,0,True,
600235.SH,600235,600235,民丰特纸,主板,沪市,主板,801140.SI,轻工制造,801143.SI,造纸,造纸,L,20000615,9596,26.27,5.82,-0.852,12.281,False,True,True,0,0,0,0,True,
600236.SH,600236,600236,桂冠电力,主板,沪市,主板,801160.SI,公用事业,801161.SI,电力,电力,L,20000323,9680,26.5,9.29,-1.589,24.038,False,True,True,0,0,0,0,True,
600237.SH,600237,600237,铜峰电子,主板,沪市,主板,801080.SI,电子,801083.SI,元件,元件,L,20000609,9602,26.29,9.85,-2.668,6.186,False,True,True,0,0,0,0,True,
600238.SH,600238,600238,ST椰岛,主板,沪市,主板,801120.SI,食品饮料,801126.SI,非白酒,非白酒,L,20000120,9743,26.67,4.08,-5.116,17.391,True,True,True,0,2,2,2,False,ST、近60日停牌
600239.SH,600239,600239,ST云城,主板,沪市,主板,801180.SI,房地产,801181.SI,房地产开发,房地产开发,L,19991202,9792,26.81,1.44,0.0,14.286,True,True,True,0,0,0,0,False,ST
600241.SH,600241,600241,时代万恒,主板,沪市,主板,801730.SI,电力设备,801737.SI,电池,电池,L,20001128,9430,25.82,7.31,-1.216,9.722,False,True,True,0,0,0,0,True,
600243.SH,600243,600243,*ST海华,主板,沪市,主板,801890.SI,机械设备,801072.SI,通用设备,通用设备,L,20001120,9438,25.84,3.66,6.395,16.667,True,True,True,0,0,0,0,False,ST
600246.SH,600246,600246,万通发展,主板,沪市,主板,801180.SI,房地产,801181.SI,房地产开发,房地产开发,L,20000922,9497,26.0,14.78,0.956,20.149,False,True,True,0,0,0,0,True,
600248.SH,600248,600248,陕建股份,主板,沪市,主板,801720.SI,建筑装饰,801721.SI,房屋建设Ⅱ,房屋建设Ⅱ,L,20000622,9589,26.25,2.83,-1.049,10.714,False,True,True,0,0,0,0,True,
600249.SH,600249,600249,两面针,主板,沪市,主板,801980.SI,美容护理,801981.SI,个护用品,个护用品,L,20040130,8272,22.65,5.38,-2.712,15.385,False,True,True,0,0,0,0,True,
600250.SH,600250,600250,南京商旅,主板,沪市,主板,801200.SI,商贸零售,801202.SI,贸易Ⅱ,贸易Ⅱ,L,20010306,9332,25.55,9.05,-1.093,12.766,False,True,True,0,0,0,0,True,
600251.SH,600251,600251,冠农股份,主板,沪市,主板,801010.SI,农林牧渔,801012.SI,农产品加工,农产品加工,L,20030609,8507,23.29,10.36,0.485,16.667,False,True,True,0,0,0,0,True,
600252.SH,600252,600252,中恒集团,主板,沪市,主板,801150.SI,医药生物,801155.SI,中药Ⅱ,中药Ⅱ,L,20001130,9428,25.81,2.16,-2.262,9.091,False,True,True,0,0,0,0,True,
600255.SH,600255,600255,鑫科材料,主板,沪市,主板,801050.SI,有色金属,801051.SI,金属新材料,金属新材料,L,20001122,9436,25.83,3.54,-2.747,8.108,False,True,True,0,0,0,0,True,
600256.SH,600256,600256,广汇能源,主板,沪市,主板,801960.SI,石油石化,801963.SI,炼化及贸易,炼化及贸易,L,20000526,9616,26.33,6.86,-2.0,22.388,False,True,True,0,0,0,0,True,
600257.SH,600257,600257,大湖股份,主板,沪市,主板,801010.SI,农林牧渔,801015.SI,渔业,渔业,L,20000612,9599,26.28,5.54,-2.636,8.929,False,True,True,0,0,0,0,True,
600258.SH,600258,600258,首旅酒店,主板,沪市,主板,801210.SI,社会服务,801219.SI,酒店餐饮,酒店餐饮,L,20000601,9610,26.31,11.18,-1.498,10.256,False,True,True,0,0,0,0,True,
600259.SH,600259,600259,中稀有色,主板,沪市,主板,801050.SI,有色金属,801054.SI,小金属,小金属,L,20000525,9617,26.33,81.3,-2.342,13.725,False,True,True,0,0,0,0,True,
600261.SH,600261,600261,阳光照明,主板,沪市,主板,801110.SI,家用电器,801115.SI,照明设备Ⅱ,照明设备Ⅱ,L,20000720,9561,26.18,3.35,-3.179,15.625,False,True,True,0,0,0,0,True,
600262.SH,600262,600262,北方股份,主板,沪市,主板,801890.SI,机械设备,801074.SI,专用设备,专用设备,L,20000630,9581,26.23,14.83,-3.072,6.452,False,True,True,0,0,0,0,True,
600265.SH,600265,600265,*ST景谷,主板,沪市,主板,801010.SI,农林牧渔,801011.SI,林业Ⅱ,林业Ⅱ,L,20000825,9525,26.08,23.27,2.466,17.544,True,True,True,0,0,0,0,False,ST
600266.SH,600266,600266,城建发展,主板,沪市,主板,801180.SI,房地产,801181.SI,房地产开发,房地产开发,L,19990203,10094,27.64,4.41,-1.342,11.905,False,True,True,0,0,0,0,True,
600267.SH,600267,600267,海正药业,主板,沪市,主板,801150.SI,医药生物,801151.SI,化学制药,化学制药,L,20000725,9556,26.16,11.8,0.34,21.667,False,True,True,0,0,0,0,True,
600268.SH,600268,600268,国电南自,主板,沪市,主板,801730.SI,电力设备,801738.SI,电网设备,电网设备,L,19991118,9806,26.85,10.2,-2.017,11.111,False,True,True,0,0,0,0,True,
600269.SH,600269,600269,赣粤高速,主板,沪市,主板,801170.SI,交通运输,801179.SI,铁路公路,铁路公路,L,20000518,9624,26.35,3.79,-0.525,17.5,False,True,True,0,0,0,0,True,
600271.SH,600271,600271,航天信息,主板,沪市,主板,801750.SI,计算机,801103.SI,IT服务Ⅱ,IT服务Ⅱ,L,20030711,8475,23.2,6.69,-1.762,35.294,False,True,True,0,0,0,0,True,
600272.SH,600272,600272,开开实业,主板,沪市,主板,801150.SI,医药生物,801154.SI,医药商业,医药商业,L,20010228,9338,25.57,15.81,-8.876,6.79,False,True,True,0,0,0,0,True,
600273.SH,600273,600273,嘉化能源,主板,沪市,主板,801030.SI,基础化工,801034.SI,化学制品,化学制品,L,20030627,8489,23.24,6.32,-0.629,8.824,False,True,True,0,0,0,0,True,
600276.SH,600276,600276,恒瑞医药,主板,沪市,主板,801150.SI,医药生物,801151.SI,化学制药,化学制药,L,20001018,9471,25.93,45.58,-0.306,20.0,False,True,True,0,0,0,0,True,
600278.SH,600278,600278,东方创业,主板,沪市,主板,801200.SI,商贸零售,801202.SI,贸易Ⅱ,贸易Ⅱ,L,20000712,9569,26.2,6.52,-1.212,24.242,False,True,True,0,0,0,0,True,
600279.SH,600279,600279,重庆港,主板,沪市,主板,801170.SI,交通运输,801992.SI,航运港口,航运港口,L,20000731,9550,26.15,4.26,-2.069,27.907,False,True,True,0,0,0,0,True,
600280.SH,600280,600280,中央商场,主板,沪市,主板,801200.SI,商贸零售,801203.SI,一般零售,一般零售,L,20000926,9493,25.99,3.05,-2.866,20.0,False,True,True,0,0,0,0,True,
600281.SH,600281,600281,华阳新材,主板,沪市,主板,801050.SI,有色金属,801054.SI,小金属,小金属,L,20001109,9449,25.87,4.73,-2.875,8.333,False,True,True,0,0,0,0,True,
600282.SH,600282,600282,南钢股份,主板,沪市,主板,801040.SI,钢铁,801044.SI,普钢,普钢,L,20000919,9500,26.01,4.39,0.228,14.894,False,True,True,0,0,0,0,True,
600283.SH,600283,600283,钱江水利,主板,沪市,主板,801970.SI,环保,801971.SI,环境治理,环境治理,L,20001018,9471,25.93,8.05,-0.124,14.458,False,True,True,0,0,0,0,True,
600284.SH,600284,600284,浦东建设,主板,沪市,主板,801720.SI,建筑装饰,801723.SI,基础建设,基础建设,L,20040316,8226,22.52,5.11,-1.351,7.692,False,True,True,0,0,0,0,True,
600285.SH,600285,600285,羚锐制药,主板,沪市,主板,801150.SI,医药生物,801155.SI,中药Ⅱ,中药Ⅱ,L,20001018,9471,25.93,19.08,-0.105,15.152,False,True,True,0,0,0,0,True,
600287.SH,600287,600287,苏豪时尚,主板,沪市,主板,801200.SI,商贸零售,801202.SI,贸易Ⅱ,贸易Ⅱ,L,20000901,9518,26.06,4.98,-0.599,24.49,False,True,True,0,0,0,0,True,
600288.SH,600288,600288,大恒科技,主板,沪市,主板,801750.SI,计算机,801104.SI,软件开发,软件开发,L,20001129,9429,25.82,10.95,-1.084,6.306,False,True,True,0,0,0,0,True,
600289.SH,600289,600289,ST信通,主板,沪市,主板,801770.SI,通信,801223.SI,通信服务,通信服务,L,20000720,9561,26.18,4.3,-2.715,53.846,True,True,True,0,0,0,0,False,ST
600292.SH,600292,600292,电投水电,主板,沪市,主板,801970.SI,环保,801971.SI,环境治理,环境治理,L,20001101,9457,25.89,11.38,-1.812,9.244,False,True,True,0,0,0,0,True,
600293.SH,600293,600293,三峡新材,主板,沪市,主板,801710.SI,建筑材料,801712.SI,玻璃玻纤,玻璃玻纤,L,20000919,9500,26.01,3.7,10.119,18.182,False,True,True,0,0,0,0,True,
600295.SH,600295,600295,鄂尔多斯,主板,沪市,主板,801040.SI,钢铁,801043.SI,冶钢原料,冶钢原料,L,20010426,9281,25.41,12.84,-1.383,26.923,False,True,True,0,0,0,0,True,
600298.SH,600298,600298,安琪酵母,主板,沪市,主板,801120.SI,食品饮料,801129.SI,调味发酵品Ⅱ,调味发酵品Ⅱ,L,20000818,9532,26.1,39.76,0.863,12.069,False,True,True,0,0,0,0,True,
600299.SH,600299,600299,安迪苏,主板,沪市,主板,801030.SI,基础化工,801034.SI,化学制品,化学制品,L,20000420,9652,26.43,8.37,-0.594,23.81,False,True,True,0,0,0,0,True,
600300.SH,600300,600300,维维股份,主板,沪市,主板,801120.SI,食品饮料,801127.SI,饮料乳品,饮料乳品,L,20000630,9581,26.23,3.09,-0.962,6.25,False,True,True,0,0,0,0,True,
600301.SH,600301,600301,华锡有色,主板,沪市,主板,801050.SI,有色金属,801054.SI,小金属,小金属,L,20000712,9569,26.2,47.94,-1.903,11.667,False,True,True,6,6,6,6,False,近60日停牌
600302.SH,600302,600302,ST标准,主板,沪市,主板,801890.SI,机械设备,801074.SI,专用设备,专用设备,L,20001213,9415,25.78,7.1,3.048,30.435,True,True,True,0,0,0,0,False,ST
600303.SH,600303,600303,曙光股份,主板,沪市,主板,801880.SI,汽车,801096.SI,商用车,商用车,L,20001226,9402,25.74,3.0,-3.846,10.0,False,True,True,0,0,0,0,True,
600305.SH,600305,600305,恒顺醋业,主板,沪市,主板,801120.SI,食品饮料,801129.SI,调味发酵品Ⅱ,调味发酵品Ⅱ,L,20010206,9360,25.63,6.78,0.743,17.391,False,True,True,0,0,0,0,True,
600307.SH,600307,600307,酒钢宏兴,主板,沪市,主板,801040.SI,钢铁,801044.SI,普钢,普钢,L,20001220,9408,25.76,1.47,-0.676,26.667,False,True,True,0,0,0,0,True,
600308.SH,600308,600308,华泰股份,主板,沪市,主板,801140.SI,轻工制造,801143.SI,造纸,造纸,L,20000928,9491,25.98,3.36,0.599,21.212,False,True,True,0,0,0,0,True,
600309.SH,600309,600309,万华化学,主板,沪市,主板,801030.SI,基础化工,801034.SI,化学制品,化学制品,L,20010105,9392,25.71,71.6,1.33,8.929,False,True,True,0,0,0,0,True,
600310.SH,600310,600310,广西能源,主板,沪市,主板,801160.SI,公用事业,801161.SI,电力,电力,L,20010228,9338,25.57,4.42,-4.741,8.511,False,True,True,0,0,0,0,True,
600312.SH,600312,600312,平高电气,主板,沪市,主板,801730.SI,电力设备,801738.SI,电网设备,电网设备,L,20010221,9345,25.59,18.93,-1.917,8.163,False,True,True,0,0,0,0,True,
600313.SH,600313,600313,农发种业,主板,沪市,主板,801010.SI,农林牧渔,801016.SI,种植业,种植业,L,20010119,9378,25.68,6.99,-2.646,14.085,False,True,True,0,0,0,0,True,
600315.SH,600315,600315,上海家化,主板,沪市,主板,801980.SI,美容护理,801982.SI,化妆品,化妆品,L,20010315,9323,25.52,18.54,0.325,10.0,False,True,True,0,0,0,0,True,
600316.SH,600316,600316,洪都航空,主板,沪市,主板,801740.SI,国防军工,801742.SI,航空装备Ⅱ,航空装备Ⅱ,L,20001215,9413,25.77,33.83,-0.821,21.519,False,True,True,0,0,0,0,True,
600318.SH,600318,600318,新力金融,主板,沪市,主板,801790.SI,非银金融,801191.SI,多元金融,多元金融,L,20001208,9420,25.79,6.87,-3.376,14.493,False,True,True,0,0,0,0,True,
600319.SH,600319,600319,亚星化学,主板,沪市,主板,801030.SI,基础化工,801033.SI,化学原料,化学原料,L,20010326,9312,25.49,6.25,-0.478,23.81,False,True,True,0,0,0,0,True,
600320.SH,600320,600320,振华重工,主板,沪市,主板,801890.SI,机械设备,801074.SI,专用设备,专用设备,L,20001221,9407,25.75,4.07,-1.214,16.667,False,True,True,0,0,0,0,True,
600322.SH,600322,600322,津投城开,主板,沪市,主板,801180.SI,房地产,801181.SI,房地产开发,房地产开发,L,20010910,9144,25.03,2.76,-1.075,7.407,False,True,True,0,0,0,0,True,
600323.SH,600323,600323,瀚蓝环境,主板,沪市,主板,801970.SI,环保,801971.SI,环境治理,环境治理,L,20001225,9403,25.74,28.9,0.312,10.204,False,True,True,0,0,0,0,True,
600325.SH,600325,600325,华发股份,主板,沪市,主板,801180.SI,房地产,801181.SI,房地产开发,房地产开发,L,20040225,8246,22.58,2.8,-0.709,16.0,False,True,True,0,0,0,0,True,
600326.SH,600326,600326,西藏天路,主板,沪市,主板,801710.SI,建筑材料,801711.SI,水泥,水泥,L,20010116,9381,25.68,7.22,5.248,12.162,False,True,True,0,0,0,0,True,
600327.SH,600327,600327,大东方,主板,沪市,主板,801200.SI,商贸零售,801203.SI,一般零售,一般零售,L,20020625,8856,24.25,3.77,-3.826,7.5,False,True,True,0,0,0,0,True,
600328.SH,600328,600328,中盐化工,主板,沪市,主板,801030.SI,基础化工,801033.SI,化学原料,化学原料,L,20001222,9406,25.75,5.72,-1.038,17.46,False,True,True,0,0,0,0,True,
600329.SH,600329,600329,达仁堂,主板,沪市,主板,801150.SI,医药生物,801155.SI,中药Ⅱ,中药Ⅱ,L,20010606,9240,25.3,35.39,0.826,13.333,False,True,True,0,0,0,0,True,
600330.SH,600330,600330,天通股份,主板,沪市,主板,801080.SI,电子,801086.SI,电子化学品Ⅱ,电子化学品Ⅱ,L,20010118,9379,25.68,29.98,0.909,4.73,False,True,True,0,0,0,0,True,
600331.SH,600331,600331,宏达股份,主板,沪市,主板,801030.SI,基础化工,801038.SI,农化制品,农化制品,L,20011220,9043,24.76,12.12,1.678,14.286,False,True,True,0,0,0,0,True,
600332.SH,600332,600332,白云山,主板,沪市,主板,801150.SI,医药生物,801155.SI,中药Ⅱ,中药Ⅱ,L,20010206,9360,25.63,19.67,-0.051,20.755,False,True,True,0,0,0,0,True,
600333.SH,600333,600333,长春燃气,主板,沪市,主板,801160.SI,公用事业,801163.SI,燃气Ⅱ,燃气Ⅱ,L,20001211,9417,25.78,6.78,-1.022,19.697,False,True,True,0,0,0,0,True,
600335.SH,600335,600335,国机汽车,主板,沪市,主板,801880.SI,汽车,801092.SI,汽车服务,汽车服务,L,20010305,9333,25.55,5.13,-0.774,15.385,False,True,True,0,0,0,0,True,
600336.SH,600336,600336,澳柯玛,主板,沪市,主板,801110.SI,家用电器,801111.SI,白色家电,白色家电,L,20001229,9399,25.73,6.32,-2.015,21.875,False,True,True,0,0,0,0,True,
600337.SH,600337,600337,ST美克,主板,沪市,主板,801140.SI,轻工制造,801142.SI,家居用品,家居用品,L,20001127,9431,25.82,3.32,-2.065,16.129,True,True,True,0,0,0,0,False,ST
600338.SH,600338,600338,西藏珠峰,主板,沪市,主板,801050.SI,有色金属,801055.SI,工业金属,工业金属,L,20001227,9401,25.74,12.42,-2.893,11.111,False,True,True,0,0,0,0,True,
600339.SH,600339,600339,中油工程,主板,沪市,主板,801960.SI,石油石化,801962.SI,油服工程,油服工程,L,20001225,9403,25.74,3.25,-2.695,17.647,False,True,True,0,0,0,0,True,
600340.SH,600340,600340,*ST华幸,主板,沪市,主板,801180.SI,房地产,801181.SI,房地产开发,房地产开发,L,20031230,8303,22.73,1.15,2.679,20.0,True,True,True,0,0,0,0,False,ST
600343.SH,600343,600343,航天动力,主板,沪市,主板,801890.SI,机械设备,801072.SI,通用设备,通用设备,L,20030408,8569,23.46,19.87,-2.07,10.0,False,True,True,0,0,0,0,True,
600345.SH,600345,600345,长江通信,主板,沪市,主板,801770.SI,通信,801102.SI,通信设备,通信设备,L,20001222,9406,25.75,53.93,-0.882,8.989,False,True,True,0,0,0,0,True,
600346.SH,600346,600346,恒力石化,主板,沪市,主板,801960.SI,石油石化,801963.SI,炼化及贸易,炼化及贸易,L,20010820,9165,25.09,16.88,2.056,39.13,False,True,True,0,0,0,0,True,
600348.SH,600348,600348,华阳股份,主板,沪市,主板,801950.SI,煤炭,801951.SI,煤炭开采,煤炭开采,L,20030821,8434,23.09,8.98,-2.814,12.222,False,True,True,0,0,0,0,True,
600350.SH,600350,600350,山东高速,主板,沪市,主板,801170.SI,交通运输,801179.SI,铁路公路,铁路公路,L,20020318,8955,24.52,10.03,0.3,23.478,False,True,True,0,0,0,0,True,
600351.SH,600351,600351,亚宝药业,主板,沪市,主板,801150.SI,医药生物,801155.SI,中药Ⅱ,中药Ⅱ,L,20020926,8763,23.99,6.73,-1.608,4.412,False,True,True,0,0,0,0,True,
600352.SH,600352,600352,浙江龙盛,主板,沪市,主板,801030.SI,基础化工,801034.SI,化学制品,化学制品,L,20030801,8454,23.15,12.5,-0.951,11.111,False,True,True,0,0,0,0,True,
600353.SH,600353,600353,旭光电子,主板,沪市,主板,801080.SI,电子,801082.SI,其他电子Ⅱ,其他电子Ⅱ,L,20021120,8708,23.84,33.45,0.39,5.882,False,True,True,0,0,0,0,True,
600354.SH,600354,600354,敦煌种业,主板,沪市,主板,801010.SI,农林牧渔,801016.SI,种植业,种植业,L,20040115,8287,22.69,10.08,-0.395,4.95,False,True,True,0,0,0,0,True,
600356.SH,600356,600356,恒丰纸业,主板,沪市,主板,801140.SI,轻工制造,801143.SI,造纸,造纸,L,20010419,9288,25.43,10.7,-2.104,20.0,False,True,True,0,0,0,0,True,
600358.SH,600358,600358,国旅联合,主板,沪市,主板,801760.SI,传媒,801765.SI,广告营销,广告营销,L,20000922,9497,26.0,5.2,1.167,11.538,False,True,True,0,0,0,0,True,
600359.SH,600359,600359,新农开发,主板,沪市,主板,801010.SI,农林牧渔,801016.SI,种植业,种植业,L,19990429,10009,27.4,7.84,-2.488,5.128,False,True,True,0,0,0,0,True,
600360.SH,600360,600360,华微电子,主板,沪市,主板,801080.SI,电子,801081.SI,半导体,半导体,L,20010316,9322,25.52,11.39,0.088,10.909,False,True,True,0,0,0,1,True,
600361.SH,600361,600361,创新新材,主板,沪市,主板,801050.SI,有色金属,801055.SI,工业金属,工业金属,L,20011129,9064,24.82,3.49,-1.133,16.216,False,True,True,0,0,0,0,True,
600362.SH,600362,600362,江西铜业,主板,沪市,主板,801050.SI,有色金属,801055.SI,工业金属,工业金属,L,20020111,9021,24.7,44.55,-1.22,10.769,False,True,True,0,0,0,0,True,
600363.SH,600363,600363,联创光电,主板,沪市,主板,801080.SI,电子,801085.SI,消费电子,消费电子,L,20010329,9309,25.49,15.1,-5.507,7.692,False,True,True,0,0,0,0,True,
600365.SH,600365,600365,ST通葡,主板,沪市,主板,801200.SI,商贸零售,801206.SI,互联网电商,互联网电商,L,20010115,9382,25.69,2.85,-0.35,18.519,True,True,True,0,0,0,0,False,ST
600366.SH,600366,600366,宁波韵升,主板,沪市,主板,801050.SI,有色金属,801051.SI,金属新材料,金属新材料,L,20001030,9459,25.9,11.33,-0.875,10.435,False,True,True,0,0,0,0,True,
600367.SH,600367,600367,红星发展,主板,沪市,主板,801030.SI,基础化工,801033.SI,化学原料,化学原料,L,20010320,9318,25.51,39.21,2.403,7.895,False,True,True,0,0,0,0,True,
600368.SH,600368,600368,五洲交通,主板,沪市,主板,801170.SI,交通运输,801179.SI,铁路公路,铁路公路,L,20001221,9407,25.75,4.12,1.478,12.195,False,True,True,0,0,0,0,True,
600369.SH,600369,600369,西南证券,主板,沪市,主板,801790.SI,非银金融,801193.SI,证券Ⅱ,证券Ⅱ,L,20010109,9388,25.7,3.99,0.0,9.756,False,True,True,0,0,0,0,True,
600370.SH,600370,600370,*ST三房,主板,沪市,主板,801030.SI,基础化工,801032.SI,化学纤维,化学纤维,L,20030306,8602,23.55,1.49,-0.667,31.25,True,True,True,0,0,0,0,False,ST
600371.SH,600371,600371,万向德农,主板,沪市,主板,801010.SI,农林牧渔,801016.SI,种植业,种植业,L,20020916,8773,24.02,17.28,9.994,6.875,False,True,True,0,0,0,0,True,
600372.SH,600372,600372,中航机载,主板,沪市,主板,801740.SI,国防军工,801742.SI,航空装备Ⅱ,航空装备Ⅱ,L,20010706,9210,25.22,11.43,-1.21,26.087,False,True,True,0,0,0,0,True,
600373.SH,600373,600373,中文传媒,主板,沪市,主板,801760.SI,传媒,801769.SI,出版,出版,L,20020304,8969,24.56,7.46,-2.611,16.667,False,True,True,0,0,0,0,True,
600375.SH,600375,600375,汉马科技,主板,沪市,主板,801880.SI,汽车,801096.SI,商用车,商用车,L,20030401,8576,23.48,3.67,-1.078,10.526,False,True,True,0,0,0,0,True,
600376.SH,600376,600376,首开股份,主板,沪市,主板,801180.SI,房地产,801181.SI,房地产开发,房地产开发,L,20010312,9326,25.53,3.33,-2.059,26.471,False,True,True,0,0,0,0,True,
600377.SH,600377,600377,宁沪高速,主板,沪市,主板,801170.SI,交通运输,801179.SI,铁路公路,铁路公路,L,20010116,9381,25.68,12.58,0.319,17.355,False,True,True,0,0,0,0,True,
600378.SH,600378,600378,昊华科技,主板,沪市,主板,801030.SI,基础化工,801034.SI,化学制品,化学制品,L,20010111,9386,25.7,46.8,-0.574,5.063,False,True,True,0,0,0,0,True,
600379.SH,600379,600379,宝光股份,主板,沪市,主板,801730.SI,电力设备,801738.SI,电网设备,电网设备,L,20020116,9016,24.68,14.95,1.77,6.849,False,True,True,0,0,0,0,True,
600380.SH,600380,600380,健康元,主板,沪市,主板,801150.SI,医药生物,801151.SI,化学制药,化学制药,L,20010608,9238,25.29,9.41,0.32,16.0,False,True,True,0,0,0,0,True,
600381.SH,600381,600381,*ST春天,主板,沪市,主板,801120.SI,食品饮料,801124.SI,食品加工,食品加工,L,20010508,9269,25.38,4.34,1.878,27.907,True,True,True,0,0,0,0,False,ST
600382.SH,600382,600382,广东明珠,主板,沪市,主板,801040.SI,钢铁,801043.SI,冶钢原料,冶钢原料,L,20010118,9379,25.68,5.9,-1.993,7.937,False,True,True,0,0,0,0,True,
600383.SH,600383,600383,金地集团,主板,沪市,主板,801180.SI,房地产,801181.SI,房地产开发,房地产开发,L,20010412,9295,25.45,2.51,0.4,13.043,False,True,True,0,0,0,0,True,
600386.SH,600386,600386,北巴传媒,主板,沪市,主板,801880.SI,汽车,801092.SI,汽车服务,汽车服务,L,20010216,9350,25.6,3.49,-2.785,20.588,False,True,True,0,0,0,0,True,
600388.SH,600388,600388,紫金龙净,主板,沪市,主板,801970.SI,环保,801972.SI,环保设备Ⅱ,环保设备Ⅱ,L,20001229,9399,25.73,17.22,0.525,14.773,False,True,True,0,0,0,0,True,
600389.SH,600389,600389,江山股份,主板,沪市,主板,801030.SI,基础化工,801038.SI,农化制品,农化制品,L,20010110,9387,25.7,18.62,-1.272,8.511,False,True,True,0,0,0,0,True,
600390.SH,600390,600390,五矿资本,主板,沪市,主板,801790.SI,非银金融,801191.SI,多元金融,多元金融,L,20010115,9382,25.69,4.87,-0.815,14.0,False,True,True,0,0,0,0,True,
600391.SH,600391,600391,航发科技,主板,沪市,主板,801740.SI,国防军工,801742.SI,航空装备Ⅱ,航空装备Ⅱ,L,20011212,9051,24.78,42.98,0.327,19.231,False,True,True,0,0,0,0,True,
600392.SH,600392,600392,盛和资源,主板,沪市,主板,801050.SI,有色金属,801054.SI,小金属,小金属,L,20030529,8518,23.32,21.78,-1.848,9.459,False,True,True,0,0,0,0,True,
600395.SH,600395,600395,盘江股份,主板,沪市,主板,801950.SI,煤炭,801951.SI,煤炭开采,煤炭开采,L,20010531,9246,25.31,5.04,-2.514,16.981,False,True,True,0,0,0,0,True,
600396.SH,600396,600396,华电辽能,主板,沪市,主板,801160.SI,公用事业,801161.SI,电力,电力,L,20010328,9310,25.49,12.99,-6.277,10.219,False,True,True,0,0,0,0,True,
600397.SH,600397,600397,江钨装备,主板,沪市,主板,801950.SI,煤炭,801951.SI,煤炭开采,煤炭开采,L,20020702,8849,24.23,17.74,1.429,5.747,False,True,True,0,0,0,0,True,
600398.SH,600398,600398,海澜之家,主板,沪市,主板,801130.SI,纺织服饰,801132.SI,服装家纺,服装家纺,L,20001228,9400,25.74,5.69,-0.175,6.78,False,True,True,0,0,0,0,True,
600399.SH,600399,600399,抚顺特钢,主板,沪市,主板,801040.SI,钢铁,801045.SI,特钢Ⅱ,特钢Ⅱ,L,20001229,9399,25.73,4.37,-0.228,13.636,False,True,True,0,0,0,0,True,
600400.SH,600400,600400,红豆股份,主板,沪市,主板,801130.SI,纺织服饰,801132.SI,服装家纺,服装家纺,L,20010108,9389,25.71,3.37,-1.749,15.625,False,True,True,0,0,0,0,True,
600403.SH,600403,600403,大有能源,主板,沪市,主板,801950.SI,煤炭,801951.SI,煤炭开采,煤炭开采,L,20031009,8385,22.96,7.24,-4.737,14.286,False,True,True,0,0,0,0,True,
600405.SH,600405,600405,动力源,主板,沪市,主板,801730.SI,电力设备,801733.SI,其他电源设备Ⅱ,其他电源设备Ⅱ,L,20040401,8210,22.48,5.05,0.798,16.327,False,True,True,0,0,6,6,False,近60日停牌
600406.SH,600406,600406,国电南瑞,主板,沪市,主板,801730.SI,电力设备,801738.SI,电网设备,电网设备,L,20031016,8378,22.94,22.38,0.675,16.456,False,True,True,0,0,0,0,True,
600408.SH,600408,600408,安泰集团,主板,沪市,主板,801950.SI,煤炭,801952.SI,焦炭Ⅱ,焦炭Ⅱ,L,20030212,8624,23.61,2.98,-4.792,6.452,False,True,True,0,0,0,0,True,
600409.SH,600409,600409,三友化工,主板,沪市,主板,801030.SI,基础化工,801033.SI,化学原料,化学原料,L,20030618,8498,23.27,6.32,-0.472,14.925,False,True,True,0,0,0,0,True,
600410.SH,600410,600410,华胜天成,主板,沪市,主板,801750.SI,计算机,801103.SI,IT服务Ⅱ,IT服务Ⅱ,L,20040427,8184,22.41,15.87,-3.701,9.259,False,True,True,0,0,0,0,True,
600415.SH,600415,600415,小商品城,主板,沪市,主板,801200.SI,商贸零售,801203.SI,一般零售,一般零售,L,20020509,8903,24.38,10.81,-8.776,16.667,False,True,True,0,0,0,0,True,
600416.SH,600416,600416,湘电股份,主板,沪市,主板,801730.SI,电力设备,801731.SI,电机Ⅱ,电机Ⅱ,L,20020718,8833,24.18,8.44,-1.402,29.545,False,True,True,0,0,0,0,True,
600418.SH,600418,600418,江淮汽车,主板,沪市,主板,801880.SI,汽车,801096.SI,商用车,商用车,L,20010824,9161,25.08,23.45,9.991,19.231,False,True,True,0,0,0,0,True,
600419.SH,600419,600419,天润乳业,主板,沪市,主板,801120.SI,食品饮料,801127.SI,饮料乳品,饮料乳品,L,20010628,9218,25.24,8.75,-0.568,6.897,False,True,True,0,0,0,0,True,
600420.SH,600420,600420,国药现代,主板,沪市,主板,801150.SI,医药生物,801151.SI,化学制药,化学制药,L,20040616,8134,22.27,8.34,-0.714,24.138,False,True,True,0,0,0,0,True,
600422.SH,600422,600422,昆药集团,主板,沪市,主板,801150.SI,医药生物,801155.SI,中药Ⅱ,中药Ⅱ,L,20001206,9422,25.8,8.14,-1.333,11.628,False,True,True,0,0,0,0,True,
600423.SH,600423,600423,*ST柳化,主板,沪市,主板,801030.SI,基础化工,801033.SI,化学原料,化学原料,L,20030717,8469,23.19,2.71,-0.733,18.519,True,True,True,0,0,0,0,False,ST
600425.SH,600425,600425,青松建化,主板,沪市,主板,801710.SI,建筑材料,801711.SI,水泥,水泥,L,20030724,8462,23.17,3.66,0.826,13.889,False,True,True,0,0,0,0,True,
600426.SH,600426,600426,华鲁恒升,主板,沪市,主板,801030.SI,基础化工,801038.SI,农化制品,农化制品,L,20020620,8861,24.26,20.38,-0.098,9.615,False,True,True,0,0,0,0,True,
600428.SH,600428,600428,中远海特,主板,沪市,主板,801170.SI,交通运输,801992.SI,航运港口,航运港口,L,20020418,8924,24.43,11.23,-0.97,11.504,False,True,True,0,0,0,0,True,
600429.SH,600429,600429,三元股份,主板,沪市,主板,801120.SI,食品饮料,801127.SI,饮料乳品,饮料乳品,L,20030915,8409,23.02,4.55,-0.219,23.913,False,True,True,0,0,0,0,True,
600433.SH,600433,600433,冠豪高新,主板,沪市,主板,801140.SI,轻工制造,801143.SI,造纸,造纸,L,20030619,8497,23.26,3.29,-2.374,6.25,False,True,True,0,0,0,0,True,
600435.SH,600435,600435,北方导航,主板,沪市,主板,801740.SI,国防军工,801743.SI,地面兵装Ⅱ,地面兵装Ⅱ,L,20030704,8482,23.22,11.32,-3.082,12.281,False,True,True,0,0,0,0,True,
600436.SH,600436,600436,片仔癀,主板,沪市,主板,801150.SI,医药生物,801155.SI,中药Ⅱ,中药Ⅱ,L,20030616,8500,23.27,120.1,-0.596,38.095,False,True,True,0,0,0,0,True,
600438.SH,600438,600438,通威股份,主板,沪市,主板,801730.SI,电力设备,801735.SI,光伏设备,光伏设备,L,20040302,8240,22.56,11.58,-1.194,35.484,False,True,True,0,0,0,0,True,
600439.SH,600439,600439,ST瑞贝卡,主板,沪市,主板,801130.SI,纺织服饰,801133.SI,饰品,饰品,L,20030710,8476,23.21,1.87,-0.532,15.789,True,True,True,0,2,2,2,False,ST、近60日停牌
600444.SH,600444,600444,国机通用,主板,沪市,主板,801890.SI,机械设备,801074.SI,专用设备,专用设备,L,20040219,8252,22.59,14.5,1.399,11.429,False,True,True,0,0,0,0,True,
600446.SH,600446,600446,金证股份,主板,沪市,主板,801750.SI,计算机,801103.SI,IT服务Ⅱ,IT服务Ⅱ,L,20031224,8309,22.75,10.62,-2.569,7.692,False,True,True,0,0,0,0,True,
600448.SH,600448,600448,华纺股份,主板,沪市,主板,801130.SI,纺织服饰,801131.SI,纺织制造,纺织制造,L,20010903,9151,25.05,3.26,-8.938,14.706,False,True,True,0,0,0,0,True,
600449.SH,600449,600449,宁夏建材,主板,沪市,主板,801710.SI,建筑材料,801711.SI,水泥,水泥,L,20030829,8426,23.07,13.11,0.076,7.937,False,True,True,0,0,0,0,True,
600452.SH,600452,600452,涪陵电力,主板,沪市,主板,801160.SI,公用事业,801161.SI,电力,电力,L,20040303,8239,22.56,8.93,-1.107,9.89,False,True,True,0,0,0,0,True,
600455.SH,600455,600455,博通股份,主板,沪市,主板,801750.SI,计算机,801104.SI,软件开发,软件开发,L,20040329,8213,22.49,24.37,0.578,9.244,False,True,True,0,0,0,0,True,
600456.SH,600456,600456,宝钛股份,主板,沪市,主板,801050.SI,有色金属,801054.SI,小金属,小金属,L,20020412,8930,24.45,25.45,-0.741,12.821,False,True,True,0,0,0,0,True,
600458.SH,600458,600458,时代新材,主板,沪市,主板,801890.SI,机械设备,801076.SI,轨交设备Ⅱ,轨交设备Ⅱ,L,20021219,8679,23.76,11.23,0.178,3.571,False,True,True,0,0,0,0,True,
600459.SH,600459,600459,贵研铂业,主板,沪市,主板,801050.SI,有色金属,801054.SI,小金属,小金属,L,20030516,8531,23.36,19.09,-0.728,14.706,False,True,True,0,0,0,0,True,
600460.SH,600460,600460,士兰微,主板,沪市,主板,801080.SI,电子,801081.SI,半导体,半导体,L,20030311,8597,23.54,33.67,0.808,10.87,False,True,True,0,0,0,0,True,
600461.SH,600461,600461,洪城环境,主板,沪市,主板,801970.SI,环保,801971.SI,环境治理,环境治理,L,20040601,8149,22.31,8.84,0.113,6.667,False,True,True,0,0,0,0,True,
600463.SH,600463,600463,空港股份,主板,沪市,主板,801180.SI,房地产,801181.SI,房地产开发,房地产开发,L,20040318,8224,22.52,8.26,-0.362,19.512,False,True,True,0,0,0,0,True,
600467.SH,600467,600467,好当家,主板,沪市,主板,801010.SI,农林牧渔,801015.SI,渔业,渔业,L,20040405,8206,22.47,2.41,-1.23,12.5,False,True,True,0,0,0,0,True,
600468.SH,600468,600468,百利电气,主板,沪市,主板,801730.SI,电力设备,801738.SI,电网设备,电网设备,L,20010615,9231,25.27,6.06,-3.503,6.25,False,True,True,0,0,0,0,True,
600469.SH,600469,600469,风神股份,主板,沪市,主板,801880.SI,汽车,801093.SI,汽车零部件,汽车零部件,L,20031021,8373,22.92,4.98,-1.19,20.755,False,True,True,0,0,0,0,True,
600470.SH,600470,600470,六国化工,主板,沪市,主板,801030.SI,基础化工,801038.SI,农化制品,农化制品,L,20040305,8237,22.55,5.65,-2.754,13.115,False,True,True,0,0,0,0,True,
600475.SH,600475,600475,华光环能,主板,沪市,主板,801160.SI,公用事业,801161.SI,电力,电力,L,20030721,8465,23.18,15.1,1.206,10.0,False,True,True,0,0,0,0,True,
600476.SH,600476,600476,*ST湘邮,主板,沪市,主板,801750.SI,计算机,801103.SI,IT服务Ⅱ,IT服务Ⅱ,L,20031210,8323,22.79,10.24,-3.305,27.957,True,True,True,0,0,0,0,False,ST
600477.SH,600477,600477,杭萧钢构,主板,沪市,主板,801720.SI,建筑装饰,801724.SI,专业工程,专业工程,L,20031110,8353,22.87,2.42,-0.82,12.5,False,True,True,0,0,0,0,True,
600478.SH,600478,600478,科力远,主板,沪市,主板,801730.SI,电力设备,801737.SI,电池,电池,L,20030918,8406,23.01,4.48,-2.183,20.408,False,True,True,0,0,0,0,True,
600479.SH,600479,600479,千金药业,主板,沪市,主板,801150.SI,医药生物,801155.SI,中药Ⅱ,中药Ⅱ,L,20040312,8230,22.53,13.19,-2.8,14.394,False,True,True,0,0,0,0,True,
600480.SH,600480,600480,凌云股份,主板,沪市,主板,801880.SI,汽车,801093.SI,汽车零部件,汽车零部件,L,20030815,8440,23.11,7.78,0.517,23.81,False,True,True,0,0,0,0,True,
600481.SH,600481,600481,双良节能,主板,沪市,主板,801730.SI,电力设备,801735.SI,光伏设备,光伏设备,L,20030422,8555,23.42,4.05,-1.22,6.977,False,True,True,0,0,0,0,True,
600482.SH,600482,600482,中国动力,主板,沪市,主板,801730.SI,电力设备,801733.SI,其他电源设备Ⅱ,其他电源设备Ⅱ,L,20040714,8106,22.19,34.73,-1.726,20.0,False,True,True,0,0,0,0,True,
600483.SH,600483,600483,福能股份,主板,沪市,主板,801160.SI,公用事业,801161.SI,电力,电力,L,20040531,8150,22.31,10.67,-0.559,12.15,False,True,True,0,0,0,0,True,
600486.SH,600486,600486,扬农化工,主板,沪市,主板,801030.SI,基础化工,801038.SI,农化制品,农化制品,L,20020425,8917,24.41,52.51,-0.85,8.696,False,True,True,0,0,0,0,True,
600487.SH,600487,600487,亨通光电,主板,沪市,主板,801770.SI,通信,801102.SI,通信设备,通信设备,L,20030822,8433,23.09,69.94,-4.192,13.208,False,True,True,0,0,0,0,True,
600488.SH,600488,600488,津药药业,主板,沪市,主板,801150.SI,医药生物,801151.SI,化学制药,化学制药,L,20010618,9228,25.26,5.9,-3.752,4.918,False,True,True,0,0,0,0,True,
600489.SH,600489,600489,中金黄金,主板,沪市,主板,801050.SI,有色金属,801053.SI,贵金属,贵金属,L,20030814,8441,23.11,23.4,-0.298,19.355,False,True,True,0,0,0,0,True,
600490.SH,600490,600490,鹏欣资源,主板,沪市,主板,801050.SI,有色金属,801055.SI,工业金属,工业金属,L,20030626,8490,23.24,7.13,-0.558,10.811,False,True,True,0,0,0,0,True,
600491.SH,600491,600491,ST龙元,主板,沪市,主板,801720.SI,建筑装饰,801721.SI,房屋建设Ⅱ,房屋建设Ⅱ,L,20040524,8157,22.33,1.67,1.829,11.765,True,True,True,2,2,8,8,False,ST、近60日停牌
600493.SH,600493,600493,凤竹纺织,主板,沪市,主板,801130.SI,纺织服饰,801131.SI,纺织制造,纺织制造,L,20040421,8190,22.42,6.35,-1.703,9.836,False,True,True,0,0,0,0,True,
600495.SH,600495,600495,晋西车轴,主板,沪市,主板,801890.SI,机械设备,801076.SI,轨交设备Ⅱ,轨交设备Ⅱ,L,20040526,8155,22.33,4.07,-0.973,14.634,False,True,True,0,0,0,0,True,
600496.SH,600496,600496,精工钢构,主板,沪市,主板,801720.SI,建筑装饰,801724.SI,专业工程,专业工程,L,20020605,8876,24.3,3.34,0.906,6.061,False,True,True,0,0,0,0,True,
600497.SH,600497,600497,驰宏锌锗,主板,沪市,主板,801050.SI,有色金属,801055.SI,工业金属,工业金属,L,20040420,8191,22.43,9.63,-1.634,9.0,False,True,True,0,0,0,0,True,
600498.SH,600498,600498,烽火通信,主板,沪市,主板,801770.SI,通信,801102.SI,通信设备,通信设备,L,20010823,9162,25.08,42.54,-2.229,9.434,False,True,True,0,0,0,0,True,
600499.SH,600499,600499,科达制造,主板,沪市,主板,801890.SI,机械设备,801074.SI,专用设备,专用设备,L,20021010,8749,23.95,11.66,-3.317,21.127,False,True,True,0,0,0,0,True,
600500.SH,600500,600500,中化国际,主板,沪市,主板,801030.SI,基础化工,801034.SI,化学制品,化学制品,L,20000301,9702,26.56,5.8,0.52,10.526,False,True,True,0,0,0,0,True,
600501.SH,600501,600501,航天晨光,主板,沪市,主板,801890.SI,机械设备,801074.SI,专用设备,专用设备,L,20010615,9231,25.27,14.52,-2.222,16.216,False,True,True,0,0,0,0,True,
600502.SH,600502,600502,安徽建工,主板,沪市,主板,801720.SI,建筑装饰,801723.SI,基础建设,基础建设,L,20030415,8562,23.44,4.13,0.0,9.091,False,True,True,0,0,0,0,True,
600503.SH,600503,600503,华丽家族,主板,沪市,主板,801180.SI,房地产,801181.SI,房地产开发,房地产开发,L,20020709,8842,24.21,2.94,10.112,23.077,False,True,True,0,0,0,0,True,
600505.SH,600505,600505,西昌电力,主板,沪市,主板,801160.SI,公用事业,801161.SI,电力,电力,L,20020530,8882,24.32,10.24,-3.305,7.407,False,True,True,0,0,0,0,True,
600506.SH,600506,600506,统一股份,主板,沪市,主板,801960.SI,石油石化,801963.SI,炼化及贸易,炼化及贸易,L,20011226,9037,24.74,17.1,-3.006,7.018,False,True,True,0,0,0,0,True,
600507.SH,600507,600507,方大特钢,主板,沪市,主板,801040.SI,钢铁,801045.SI,特钢Ⅱ,特钢Ⅱ,L,20030930,8394,22.98,4.04,-0.737,11.628,False,True,True,0,0,0,0,True,
600508.SH,600508,600508,上海能源,主板,沪市,主板,801950.SI,煤炭,801951.SI,煤炭开采,煤炭开采,L,20010829,9156,25.07,10.83,-1.546,10.811,False,True,True,0,0,0,0,True,
600509.SH,600509,600509,天富能源,主板,沪市,主板,801160.SI,公用事业,801161.SI,电力,电力,L,20020228,8973,24.57,7.26,-1.09,9.333,False,True,True,0,0,0,0,True,
600510.SH,600510,600510,黑牡丹,主板,沪市,主板,801180.SI,房地产,801181.SI,房地产开发,房地产开发,L,20020618,8863,24.27,6.78,0.296,39.13,False,True,True,0,0,0,0,True,
600511.SH,600511,600511,国药股份,主板,沪市,主板,801150.SI,医药生物,801154.SI,医药商业,医药商业,L,20021127,8701,23.82,26.11,-0.038,8.889,False,True,True,0,0,0,0,True,
600512.SH,600512,600512,腾达建设,主板,沪市,主板,801720.SI,建筑装饰,801723.SI,基础建设,基础建设,L,20021226,8672,23.74,2.06,-0.483,5.0,False,True,True,0,0,0,0,True,
600513.SH,600513,600513,联环药业,主板,沪市,主板,801150.SI,医药生物,801151.SI,化学制药,化学制药,L,20030319,8589,23.52,14.97,-2.729,15.385,False,True,True,0,0,0,0,True,
600515.SH,600515,600515,海南机场,主板,沪市,主板,801180.SI,房地产,801181.SI,房地产开发,房地产开发,L,20020806,8814,24.13,2.73,-1.087,25.0,False,True,True,0,0,0,0,True,
600516.SH,600516,600516,方大炭素,主板,沪市,主板,801040.SI,钢铁,801043.SI,冶钢原料,冶钢原料,L,20020830,8790,24.07,5.42,-1.275,16.981,False,True,True,0,0,0,0,True,
600517.SH,600517,600517,国网英大,主板,沪市,主板,801790.SI,非银金融,801191.SI,多元金融,多元金融,L,20031010,8384,22.95,4.93,-1.202,35.294,False,True,True,0,0,0,0,True,
600518.SH,600518,600518,康美药业,主板,沪市,主板,801150.SI,医药生物,801155.SI,中药Ⅱ,中药Ⅱ,L,20010319,9319,25.51,1.35,-0.735,14.286,False,True,True,0,0,0,0,True,
600519.SH,600519,600519,贵州茅台,主板,沪市,主板,801120.SI,食品饮料,801125.SI,白酒Ⅱ,白酒Ⅱ,L,20010827,9158,25.07,1251.24,-0.204,17.241,False,True,True,0,0,0,0,True,
600520.SH,600520,600520,三佳科技,主板,沪市,主板,801890.SI,机械设备,801074.SI,专用设备,专用设备,L,20020108,9024,24.71,26.14,1.357,7.874,False,True,True,0,0,0,0,True,
600521.SH,600521,600521,华海药业,主板,沪市,主板,801150.SI,医药生物,801151.SI,化学制药,化学制药,L,20030304,8604,23.56,16.41,-0.966,9.756,False,True,True,0,0,0,0,True,
600522.SH,600522,600522,中天科技,主板,沪市,主板,801770.SI,通信,801102.SI,通信设备,通信设备,L,20021024,8735,23.92,35.78,-2.983,11.765,False,True,True,0,0,0,0,True,
600523.SH,600523,600523,贵航股份,主板,沪市,主板,801880.SI,汽车,801093.SI,汽车零部件,汽车零部件,L,20011227,9036,24.74,11.93,-1.649,12.821,False,True,True,0,0,0,0,True,
600525.SH,600525,600525,长园集团,主板,沪市,主板,801730.SI,电力设备,801738.SI,电网设备,电网设备,L,20021202,8696,23.81,4.91,-1.996,12.0,False,True,True,0,2,2,2,False,近60日停牌
600526.SH,600526,600526,菲达环保,主板,沪市,主板,801970.SI,环保,801972.SI,环保设备Ⅱ,环保设备Ⅱ,L,20020722,8829,24.17,4.54,0.221,21.739,False,True,True,0,0,0,0,True,
600527.SH,600527,600527,江南高纤,主板,沪市,主板,801130.SI,纺织服饰,801131.SI,纺织制造,纺织制造,L,20031127,8336,22.82,2.19,-0.455,9.091,False,True,True,0,0,0,0,True,
600528.SH,600528,600528,中铁工业,主板,沪市,主板,801890.SI,机械设备,801076.SI,轨交设备Ⅱ,轨交设备Ⅱ,L,20010528,9249,25.32,6.81,-0.293,16.667,False,True,True,0,0,0,0,True,
600529.SH,600529,600529,山东药玻,主板,沪市,主板,801150.SI,医药生物,801153.SI,医疗器械,医疗器械,L,20020603,8878,24.31,18.5,0.543,3.846,False,True,True,0,0,0,0,True,
600530.SH,600530,600530,ST交昂,主板,沪市,主板,801120.SI,食品饮料,801124.SI,食品加工,食品加工,L,20010702,9214,25.23,3.98,-1.485,60.0,True,True,True,0,2,2,2,False,ST、近60日停牌
600531.SH,600531,600531,豫光金铅,主板,沪市,主板,801050.SI,有色金属,801055.SI,工业金属,工业金属,L,20020730,8821,24.15,12.04,-1.068,13.846,False,True,True,0,0,0,0,True,
600533.SH,600533,600533,栖霞建设,主板,沪市,主板,801180.SI,房地产,801181.SI,房地产开发,房地产开发,L,20020328,8945,24.49,2.23,-1.327,13.636,False,True,True,0,0,0,0,True,
600535.SH,600535,600535,天士力,主板,沪市,主板,801150.SI,医药生物,801155.SI,中药Ⅱ,中药Ⅱ,L,20020823,8797,24.08,13.89,-0.43,14.286,False,True,True,0,0,0,0,True,
600536.SH,600536,600536,中国软件,主板,沪市,主板,801750.SI,计算机,801103.SI,IT服务Ⅱ,IT服务Ⅱ,L,20020517,8895,24.35,31.39,-2.212,8.434,False,True,True,0,0,0,0,True,
600537.SH,600537,600537,*ST亿晶,主板,沪市,主板,801730.SI,电力设备,801735.SI,光伏设备,光伏设备,L,20030123,8644,23.67,2.19,-1.794,18.182,True,True,True,0,0,0,0,False,ST
600538.SH,600538,600538,国发股份,主板,沪市,主板,801150.SI,医药生物,801154.SI,医药商业,医药商业,L,20030114,8653,23.69,4.82,-1.633,9.804,False,True,True,0,0,0,0,True,
600539.SH,600539,600539,狮头股份,主板,沪市,主板,801200.SI,商贸零售,801206.SI,互联网电商,互联网电商,L,20010824,9161,25.08,14.62,5.942,10.714,False,True,True,0,0,0,0,True,
600540.SH,600540,600540,新赛股份,主板,沪市,主板,801010.SI,农林牧渔,801016.SI,种植业,种植业,L,20040107,8295,22.71,5.8,-3.814,8.772,False,True,True,0,0,0,0,True,
600543.SH,600543,600543,*ST莫高,主板,沪市,主板,801120.SI,食品饮料,801126.SI,非白酒,非白酒,L,20040324,8218,22.5,4.09,-0.728,20.0,True,True,True,0,0,0,0,False,ST
600545.SH,600545,600545,卓郎智能,主板,沪市,主板,801890.SI,机械设备,801074.SI,专用设备,专用设备,L,20031203,8330,22.81,4.42,-1.778,9.091,False,True,True,0,0,0,0,True,
600546.SH,600546,600546,山煤国际,主板,沪市,主板,801950.SI,煤炭,801951.SI,煤炭开采,煤炭开采,L,20030731,8455,23.15,13.37,-1.98,12.214,False,True,True,0,0,0,0,True,
600547.SH,600547,600547,山东黄金,主板,沪市,主板,801050.SI,有色金属,801053.SI,贵金属,贵金属,L,20030828,8427,23.07,30.93,-1.653,19.298,False,True,True,0,0,0,0,True,
600548.SH,600548,600548,深高速,主板,沪市,主板,801170.SI,交通运输,801179.SI,铁路公路,铁路公路,L,20011225,9038,24.74,8.04,-0.741,26.136,False,True,True,0,0,0,0,True,
600549.SH,600549,600549,厦门钨业,主板,沪市,主板,801050.SI,有色金属,801054.SI,小金属,小金属,L,20021107,8721,23.88,48.71,-1.277,12.5,False,True,True,0,0,0,0,True,
600550.SH,600550,600550,保变电气,主板,沪市,主板,801730.SI,电力设备,801738.SI,电网设备,电网设备,L,20010228,9338,25.57,10.4,-3.166,12.281,False,True,True,0,0,0,0,True,
600551.SH,600551,600551,时代出版,主板,沪市,主板,801760.SI,传媒,801769.SI,出版,出版,L,20020905,8784,24.05,7.75,-1.899,11.688,False,True,True,0,0,0,0,True,
600552.SH,600552,600552,凯盛科技,主板,沪市,主板,801080.SI,电子,801084.SI,光学光电子,光学光电子,L,20021108,8720,23.87,18.56,3.687,7.778,False,True,True,0,0,0,0,True,
600556.SH,600556,600556,天下秀,主板,沪市,主板,801760.SI,传媒,801765.SI,广告营销,广告营销,L,20010807,9178,25.13,4.6,-4.366,8.333,False,True,True,0,0,0,0,True,
600557.SH,600557,600557,康缘药业,主板,沪市,主板,801150.SI,医药生物,801155.SI,中药Ⅱ,中药Ⅱ,L,20020918,8771,24.01,12.38,-0.242,6.349,False,True,True,0,0,0,0,True,
600558.SH,600558,600558,大西洋,主板,沪市,主板,801890.SI,机械设备,801072.SI,通用设备,通用设备,L,20010227,9339,25.57,4.75,-1.859,8.333,False,True,True,0,0,0,0,True,
600559.SH,600559,600559,老白干酒,主板,沪市,主板,801120.SI,食品饮料,801125.SI,白酒Ⅱ,白酒Ⅱ,L,20021029,8730,23.9,11.17,-0.887,10.345,False,True,True,0,0,0,0,True,
600560.SH,600560,600560,金自天正,主板,沪市,主板,801890.SI,机械设备,801074.SI,专用设备,专用设备,L,20020919,8770,24.01,11.31,-0.615,14.545,False,True,True,0,0,0,0,True,
600561.SH,600561,600561,江西长运,主板,沪市,主板,801170.SI,交通运输,801179.SI,铁路公路,铁路公路,L,20020716,8835,24.19,5.85,-0.848,15.789,False,True,True,0,0,0,0,True,
600562.SH,600562,600562,国睿科技,主板,沪市,主板,801740.SI,国防军工,801745.SI,军工电子Ⅱ,军工电子Ⅱ,L,20030128,8639,23.65,27.95,-2.884,27.273,False,True,True,0,0,0,0,True,
600563.SH,600563,600563,法拉电子,主板,沪市,主板,801080.SI,电子,801083.SI,元件,元件,L,20021210,8688,23.79,125.2,0.952,11.111,False,True,True,0,0,0,0,True,
600566.SH,600566,600566,济川药业,主板,沪市,主板,801150.SI,医药生物,801155.SI,中药Ⅱ,中药Ⅱ,L,20010822,9163,25.09,24.57,-0.687,9.524,False,True,True,0,0,0,0,True,
600567.SH,600567,600567,山鹰国际,主板,沪市,主板,801140.SI,轻工制造,801143.SI,造纸,造纸,L,20011218,9045,24.76,1.32,-0.752,7.692,False,True,True,0,0,0,0,True,
600568.SH,600568,600568,ST中珠,主板,沪市,主板,801150.SI,医药生物,801156.SI,医疗服务,医疗服务,L,20010518,9259,25.35,2.37,-0.837,20.833,True,True,True,0,0,0,0,False,ST
600569.SH,600569,600569,安阳钢铁,主板,沪市,主板,801040.SI,钢铁,801044.SI,普钢,普钢,L,20010820,9165,25.09,1.77,0.0,27.778,False,True,True,0,0,0,0,True,
600570.SH,600570,600570,恒生电子,主板,沪市,主板,801750.SI,计算机,801104.SI,软件开发,软件开发,L,20031216,8317,22.77,20.2,-1.463,12.903,False,True,True,0,0,0,0,True,
600571.SH,600571,600571,信雅达,主板,沪市,主板,801750.SI,计算机,801103.SI,IT服务Ⅱ,IT服务Ⅱ,L,20021101,8727,23.89,10.3,-2.83,9.434,False,True,True,0,0,0,0,True,
600572.SH,600572,600572,康恩贝,主板,沪市,主板,801150.SI,医药生物,801155.SI,中药Ⅱ,中药Ⅱ,L,20040412,8199,22.45,4.25,-1.62,9.091,False,True,True,0,0,0,0,True,
600573.SH,600573,600573,惠泉啤酒,主板,沪市,主板,801120.SI,食品饮料,801126.SI,非白酒,非白酒,L,20030226,8610,23.57,10.1,1.406,6.122,False,True,True,0,0,0,0,True,
600575.SH,600575,600575,淮河能源,主板,沪市,主板,801950.SI,煤炭,801951.SI,煤炭开采,煤炭开采,L,20030328,8580,23.49,3.15,-1.254,12.121,False,True,True,0,0,0,0,True,
600576.SH,600576,600576,祥源文旅,主板,沪市,主板,801210.SI,社会服务,801993.SI,旅游及景区,旅游及景区,L,20030220,8616,23.59,5.41,-0.734,10.714,False,True,True,0,0,0,0,True,
600577.SH,600577,600577,精达股份,主板,沪市,主板,801730.SI,电力设备,801738.SI,电网设备,电网设备,L,20020911,8778,24.03,8.9,0.0,10.714,False,True,True,0,0,0,0,True,
600578.SH,600578,600578,京能电力,主板,沪市,主板,801160.SI,公用事业,801161.SI,电力,电力,L,20020510,8902,24.37,5.23,-2.06,15.789,False,True,True,0,0,0,0,True,
600579.SH,600579,600579,中化装备,主板,沪市,主板,801890.SI,机械设备,801074.SI,专用设备,专用设备,L,20020809,8811,24.12,7.16,-1.241,9.722,False,True,True,0,0,0,0,True,
600580.SH,600580,600580,卧龙电驱,主板,沪市,主板,801730.SI,电力设备,801731.SI,电机Ⅱ,电机Ⅱ,L,20020606,8875,24.3,27.15,-0.949,29.333,False,True,True,0,0,0,0,True,
600581.SH,600581,600581,*ST八钢,主板,沪市,主板,801040.SI,钢铁,801044.SI,普钢,普钢,L,20020816,8804,24.1,2.48,1.639,25.0,True,True,True,0,0,0,0,False,ST
600582.SH,600582,600582,天地科技,主板,沪市,主板,801890.SI,机械设备,801074.SI,专用设备,专用设备,L,20020515,8897,24.36,4.88,0.411,18.367,False,True,True,0,0,0,0,True,
600583.SH,600583,600583,海油工程,主板,沪市,主板,801960.SI,石油石化,801962.SI,油服工程,油服工程,L,20020205,8996,24.63,6.36,-1.395,18.333,False,True,True,0,0,0,0,True,
600584.SH,600584,600584,长电科技,主板,沪市,主板,801080.SI,电子,801081.SI,半导体,半导体,L,20030603,8513,23.31,71.82,-0.581,8.861,False,True,True,0,0,0,0,True,
600585.SH,600585,600585,海螺水泥,主板,沪市,主板,801710.SI,建筑材料,801711.SI,水泥,水泥,L,20020207,8994,24.62,17.3,1.051,30.556,False,True,True,0,0,0,0,True,
600586.SH,600586,600586,金晶科技,主板,沪市,主板,801710.SI,建筑材料,801712.SI,玻璃玻纤,玻璃玻纤,L,20020815,8805,24.11,4.0,-1.478,7.317,False,True,True,0,0,0,0,True,
600587.SH,600587,600587,新华医疗,主板,沪市,主板,801150.SI,医药生物,801153.SI,医疗器械,医疗器械,L,20020927,8762,23.99,13.0,-3.274,9.375,False,True,True,0,0,0,0,True,
600588.SH,600588,600588,用友网络,主板,沪市,主板,801750.SI,计算机,801104.SI,软件开发,软件开发,L,20010518,9259,25.35,9.5,-4.04,24.0,False,True,True,0,0,0,0,True,
600589.SH,600589,600589,大位科技,主板,沪市,主板,801750.SI,计算机,801103.SI,IT服务Ⅱ,IT服务Ⅱ,L,20010612,9234,25.28,7.91,-4.121,7.407,False,True,True,0,0,0,0,True,
600590.SH,600590,600590,泰豪科技,主板,沪市,主板,801740.SI,国防军工,801745.SI,军工电子Ⅱ,军工电子Ⅱ,L,20020703,8848,24.22,8.46,-1.856,5.814,False,True,True,0,0,0,0,True,
600592.SH,600592,600592,龙溪股份,主板,沪市,主板,801890.SI,机械设备,801072.SI,通用设备,通用设备,L,20020805,8815,24.13,14.5,-0.069,10.204,False,True,True,0,0,0,0,True,
600593.SH,600593,600593,大连圣亚,主板,沪市,主板,801210.SI,社会服务,801993.SI,旅游及景区,旅游及景区,L,20020711,8840,24.2,49.79,5.666,18.644,False,True,True,0,0,0,0,True,
600594.SH,600594,600594,益佰制药,主板,沪市,主板,801150.SI,医药生物,801155.SI,中药Ⅱ,中药Ⅱ,L,20040323,8219,22.5,3.67,-2.91,10.526,False,True,True,0,0,0,0,True,
600595.SH,600595,600595,中孚实业,主板,沪市,主板,801050.SI,有色金属,801055.SI,工业金属,工业金属,L,20020626,8855,24.24,5.96,-1.325,9.677,False,True,True,0,0,0,0,True,
600596.SH,600596,600596,新安股份,主板,沪市,主板,801030.SI,基础化工,801038.SI,农化制品,农化制品,L,20010906,9148,25.05,11.83,0.254,10.0,False,True,True,0,0,0,0,True,
600597.SH,600597,600597,光明乳业,主板,沪市,主板,801120.SI,食品饮料,801127.SI,饮料乳品,饮料乳品,L,20020828,8792,24.07,6.77,0.445,20.0,False,True,True,0,0,0,0,True,
600598.SH,600598,600598,北大荒,主板,沪市,主板,801010.SI,农林牧渔,801016.SI,种植业,种植业,L,20020329,8944,24.49,12.76,-2.595,11.45,False,True,True,0,0,0,0,True,
600600.SH,600600,600600,青岛啤酒,主板,沪市,主板,801120.SI,食品饮料,801126.SI,非白酒,非白酒,L,19930827,12080,33.07,50.46,0.618,15.909,False,True,True,0,0,0,0,True,
600601.SH,600601,600601,方正科技,主板,沪市,主板,801080.SI,电子,801083.SI,元件,元件,L,19901219,13062,35.76,15.06,-1.953,15.646,False,True,True,0,0,0,0,True,
600602.SH,600602,600602,云赛智联,主板,沪市,主板,801750.SI,计算机,801104.SI,软件开发,软件开发,L,19901219,13062,35.76,16.92,-1.685,13.115,False,True,True,0,0,0,0,True,
600603.SH,600603,600603,广汇物流,主板,沪市,主板,801170.SI,交通运输,801178.SI,物流,物流,L,19920113,12672,34.69,4.66,-3.52,14.583,False,True,True,0,0,0,0,True,
600604.SH,600604,600604,市北高新,主板,沪市,主板,801180.SI,房地产,801181.SI,房地产开发,房地产开发,L,19920327,12598,34.49,4.97,0.607,12.5,False,True,True,0,0,0,0,True,
600605.SH,600605,600605,汇通能源,主板,沪市,主板,801200.SI,商贸零售,801203.SI,一般零售,一般零售,L,19920327,12598,34.49,31.61,9.986,17.647,False,True,True,0,0,0,0,True,
600606.SH,600606,600606,绿地控股,主板,沪市,主板,801180.SI,房地产,801181.SI,房地产开发,房地产开发,L,19920327,12598,34.49,1.51,-1.307,28.571,False,True,True,0,0,0,0,True,
600609.SH,600609,600609,金杯汽车,主板,沪市,主板,801880.SI,汽车,801093.SI,汽车零部件,汽车零部件,L,19920724,12479,34.17,3.56,-2.466,11.429,False,True,True,0,0,0,0,True,
600610.SH,600610,600610,中毅达,主板,沪市,主板,801030.SI,基础化工,801033.SI,化学原料,化学原料,L,19920805,12467,34.13,7.6,-6.288,17.5,False,True,True,0,0,0,0,True,
600611.SH,600611,600611,大众交通,主板,沪市,主板,801170.SI,交通运输,801179.SI,铁路公路,铁路公路,L,19920807,12465,34.13,4.5,-4.459,12.766,False,True,True,0,0,0,0,True,
600612.SH,600612,600612,老凤祥,主板,沪市,主板,801130.SI,纺织服饰,801133.SI,饰品,饰品,L,19920814,12458,34.11,31.95,0.662,31.818,False,True,True,0,0,0,0,True,
600613.SH,600613,600613,神奇制药,主板,沪市,主板,801150.SI,医药生物,801151.SI,化学制药,化学制药,L,19920820,12452,34.09,8.66,-8.165,7.778,False,True,True,0,0,0,0,True,
600615.SH,600615,600615,鑫源智造,主板,沪市,主板,801050.SI,有色金属,801055.SI,工业金属,工业金属,L,19920910,12431,34.03,9.41,-0.843,14.894,False,True,True,0,0,0,0,True,
600616.SH,600616,600616,金枫酒业,主板,沪市,主板,801120.SI,食品饮料,801126.SI,非白酒,非白酒,L,19920929,12412,33.98,5.38,3.263,20.0,False,True,True,0,0,0,0,True,
600617.SH,600617,600617,国新能源,主板,沪市,主板,801160.SI,公用事业,801163.SI,燃气Ⅱ,燃气Ⅱ,L,19921013,12398,33.94,3.23,-3.293,5.882,False,True,True,0,0,0,0,True,
600618.SH,600618,600618,氯碱化工,主板,沪市,主板,801030.SI,基础化工,801033.SI,化学原料,化学原料,L,19921113,12367,33.86,9.93,0.404,17.308,False,True,True,0,0,0,0,True,
600619.SH,600619,600619,海立股份,主板,沪市,主板,801110.SI,家用电器,801116.SI,家电零部件Ⅱ,家电零部件Ⅱ,L,19921116,12364,33.85,13.37,-2.051,9.42,False,True,True,0,0,0,0,True,
600620.SH,600620,600620,天宸股份,主板,沪市,主板,801230.SI,综合,801231.SI,综合Ⅱ,综合Ⅱ,L,19921117,12363,33.85,4.36,-0.229,43.182,False,True,True,0,0,0,0,True,
600621.SH,600621,600621,华鑫股份,主板,沪市,主板,801790.SI,非银金融,801193.SI,证券Ⅱ,证券Ⅱ,L,19921202,12348,33.81,14.13,0.857,8.889,False,True,True,0,0,0,0,True,
600622.SH,600622,600622,光大嘉宝,主板,沪市,主板,801180.SI,房地产,801181.SI,房地产开发,房地产开发,L,19921203,12347,33.8,2.5,0.402,16.667,False,True,True,0,0,0,0,True,
600623.SH,600623,600623,华谊集团,主板,沪市,主板,801030.SI,基础化工,801033.SI,化学原料,化学原料,L,19921204,12346,33.8,8.48,0.118,17.857,False,True,True,0,0,0,0,True,
600624.SH,600624,600624,ST复华,主板,沪市,主板,801150.SI,医药生物,801151.SI,化学制药,化学制药,L,19930105,12314,33.71,4.65,-3.125,34.211,True,True,True,0,0,0,0,False,ST
600626.SH,600626,600626,申达股份,主板,沪市,主板,801880.SI,汽车,801093.SI,汽车零部件,汽车零部件,L,19930107,12312,33.71,3.79,-1.044,16.667,False,True,True,0,0,0,0,True,
600628.SH,600628,600628,新世界,主板,沪市,主板,801200.SI,商贸零售,801203.SI,一般零售,一般零售,L,19930119,12300,33.68,6.31,-1.097,12.903,False,True,True,0,0,0,0,True,
600629.SH,600629,600629,华建集团,主板,沪市,主板,801720.SI,建筑装饰,801726.SI,工程咨询服务Ⅱ,工程咨询服务Ⅱ,L,19930209,12279,33.62,16.35,-2.679,14.634,False,True,True,0,0,0,0,True,
600630.SH,600630,600630,龙头股份,主板,沪市,主板,801130.SI,纺织服饰,801132.SI,服装家纺,服装家纺,L,19930209,12279,33.62,8.53,-10.021,16.854,False,True,True,0,0,0,0,True,
600633.SH,600633,600633,浙数文化,主板,沪市,主板,801760.SI,传媒,801764.SI,游戏Ⅱ,游戏Ⅱ,L,19930304,12256,33.56,10.33,-1.806,9.434,False,True,True,0,0,0,0,True,
600635.SH,600635,600635,大众公用,主板,沪市,主板,801160.SI,公用事业,801163.SI,燃气Ⅱ,燃气Ⅱ,L,19930304,12256,33.56,4.46,-2.407,8.696,False,True,True,0,0,0,0,True,
600637.SH,600637,600637,东方明珠,主板,沪市,主板,801760.SI,传媒,801995.SI,电视广播Ⅱ,电视广播Ⅱ,L,19930316,12244,33.52,8.96,-0.334,11.765,False,True,True,0,0,0,0,True,
600638.SH,600638,600638,新黄浦,主板,沪市,主板,801180.SI,房地产,801181.SI,房地产开发,房地产开发,L,19930326,12234,33.49,5.15,0.586,12.0,False,True,True,0,0,0,0,True,
600639.SH,600639,600639,浦东金桥,主板,沪市,主板,801180.SI,房地产,801181.SI,房地产开发,房地产开发,L,19930326,12234,33.49,9.73,0.829,15.625,False,True,True,0,0,0,0,True,
600640.SH,600640,600640,国脉文化,主板,沪市,主板,801760.SI,传媒,801767.SI,数字媒体,数字媒体,L,19930407,12222,33.46,12.56,-6.339,24.138,False,True,True,0,0,0,0,True,
600641.SH,600641,600641,先导基电,主板,沪市,主板,801180.SI,房地产,801181.SI,房地产开发,房地产开发,L,19930407,12222,33.46,47.8,9.282,39.175,False,True,True,0,0,0,0,True,
600642.SH,600642,600642,申能股份,主板,沪市,主板,801160.SI,公用事业,801161.SI,电力,电力,L,19930416,12213,33.44,8.73,0.0,17.442,False,True,True,0,0,0,0,True,
600643.SH,600643,600643,爱建集团,主板,沪市,主板,801790.SI,非银金融,801191.SI,多元金融,多元金融,L,19930426,12203,33.41,4.03,-1.946,21.951,False,True,True,0,0,0,0,True,
600644.SH,600644,600644,乐山电力,主板,沪市,主板,801160.SI,公用事业,801161.SI,电力,电力,L,19930426,12203,33.41,8.96,-8.384,8.163,False,True,True,0,0,0,0,True,
600645.SH,600645,600645,中源协和,主板,沪市,主板,801150.SI,医药生物,801153.SI,医疗器械,医疗器械,L,19930504,12195,33.39,19.25,-0.207,18.75,False,True,True,0,0,0,0,True,
600648.SH,600648,600648,外高桥,主板,沪市,主板,801180.SI,房地产,801181.SI,房地产开发,房地产开发,L,19930504,12195,33.39,9.45,0.532,20.0,False,True,True,0,0,0,0,True,
600649.SH,600649,600649,城投控股,主板,沪市,主板,801180.SI,房地产,801181.SI,房地产开发,房地产开发,L,19930518,12181,33.35,4.11,0.983,15.789,False,True,True,0,0,0,0,True,
600650.SH,600650,600650,锦江在线,主板,沪市,主板,801170.SI,交通运输,801179.SI,铁路公路,铁路公路,L,19930607,12161,33.3,10.31,-1.434,13.636,False,True,True,0,0,0,0,True,
600651.SH,600651,600651,飞乐音响,主板,沪市,主板,801880.SI,汽车,801093.SI,汽车零部件,汽车零部件,L,19901219,13062,35.76,5.28,0.763,31.034,False,True,True,0,0,0,0,True,
600653.SH,600653,600653,申华控股,主板,沪市,主板,801880.SI,汽车,801092.SI,汽车服务,汽车服务,L,19901219,13062,35.76,1.87,10.0,11.765,False,True,True,0,0,0,0,True,
600654.SH,600654,600654,中安科,主板,沪市,主板,801750.SI,计算机,801104.SI,软件开发,软件开发,L,19901219,13062,35.76,3.01,-2.589,12.5,False,True,True,0,0,0,0,True,
600655.SH,600655,600655,豫园股份,主板,沪市,主板,801200.SI,商贸零售,801203.SI,一般零售,一般零售,L,19920902,12439,34.06,4.57,-1.082,33.333,False,True,True,0,0,0,0,True,
600657.SH,600657,600657,信达地产,主板,沪市,主板,801180.SI,房地产,801181.SI,房地产开发,房地产开发,L,19930524,12175,33.33,3.17,-2.16,20.0,False,True,True,0,0,0,0,True,
600658.SH,600658,600658,电子城,主板,沪市,主板,801180.SI,房地产,801181.SI,房地产开发,房地产开发,L,19930524,12175,33.33,4.13,-0.482,21.951,False,True,True,0,0,0,0,True,
600660.SH,600660,600660,福耀玻璃,主板,沪市,主板,801880.SI,汽车,801093.SI,汽车零部件,汽车零部件,L,19930610,12158,33.29,53.8,0.056,12.857,False,True,True,0,0,0,0,True,
600661.SH,600661,600661,昂立教育,主板,沪市,主板,801210.SI,社会服务,801994.SI,教育,教育,L,19930614,12154,33.28,9.03,1.007,11.765,False,True,True,0,0,0,0,True,
600662.SH,600662,600662,外服控股,主板,沪市,主板,801210.SI,社会服务,801218.SI,专业服务,专业服务,L,19930614,12154,33.28,4.23,-1.399,34.884,False,True,True,0,0,0,0,True,
600663.SH,600663,600663,陆家嘴,主板,沪市,主板,801180.SI,房地产,801181.SI,房地产开发,房地产开发,L,19930628,12140,33.24,9.15,3.39,28.571,False,True,True,0,0,0,0,True,
600664.SH,600664,600664,哈药股份,主板,沪市,主板,801150.SI,医药生物,801151.SI,化学制药,化学制药,L,19930629,12139,33.23,9.04,-0.441,23.913,False,True,True,0,0,0,0,True,
600665.SH,600665,600665,天地源,主板,沪市,主板,801180.SI,房地产,801181.SI,房地产开发,房地产开发,L,19930709,12129,33.21,3.47,0.58,17.647,False,True,True,0,0,0,0,True,
600666.SH,600666,600666,奥瑞德,主板,沪市,主板,801080.SI,电子,801084.SI,光学光电子,光学光电子,L,19930712,12126,33.2,3.35,-4.011,11.765,False,True,True,0,0,0,0,True,
600667.SH,600667,600667,太极实业,主板,沪市,主板,801720.SI,建筑装饰,801726.SI,工程咨询服务Ⅱ,工程咨询服务Ⅱ,L,19930728,12110,33.16,20.59,3.624,5.97,False,True,True,0,0,0,0,True,
600668.SH,600668,600668,尖峰集团,主板,沪市,主板,801710.SI,建筑材料,801711.SI,水泥,水泥,L,19930728,12110,33.16,7.39,0.0,8.108,False,True,True,0,0,0,0,True,
600671.SH,600671,600671,天目药业,主板,沪市,主板,801150.SI,医药生物,801155.SI,中药Ⅱ,中药Ⅱ,L,19930823,12084,33.08,23.3,-2.51,11.712,False,True,True,0,0,0,0,True,
600673.SH,600673,600673,东阳光,主板,沪市,主板,801230.SI,综合,801231.SI,综合Ⅱ,综合Ⅱ,L,19930917,12059,33.02,32.12,-0.124,19.753,False,True,True,0,0,0,0,True,
600674.SH,600674,600674,川投能源,主板,沪市,主板,801160.SI,公用事业,801161.SI,电力,电力,L,19930924,12052,33.0,16.05,0.753,11.258,False,True,True,0,0,0,0,True,
600675.SH,600675,600675,中华企业,主板,沪市,主板,801180.SI,房地产,801181.SI,房地产开发,房地产开发,L,19930924,12052,33.0,2.51,3.719,25.0,False,True,True,0,0,0,0,True,
600676.SH,600676,600676,久事动娱,主板,沪市,主板,801880.SI,汽车,801092.SI,汽车服务,汽车服务,L,19930928,12048,32.99,6.66,-2.059,10.294,False,True,True,0,0,0,0,True,
600678.SH,600678,600678,ST金顶,主板,沪市,主板,801710.SI,建筑材料,801711.SI,水泥,水泥,L,19931008,12038,32.96,5.73,-0.521,10.526,True,True,True,0,0,0,0,False,ST
600679.SH,600679,600679,上海凤凰,主板,沪市,主板,801880.SI,汽车,801881.SI,摩托车及其他,摩托车及其他,L,19931008,12038,32.96,10.69,-2.106,18.812,False,True,True,0,0,0,0,True,
600681.SH,600681,600681,百川能源,主板,沪市,主板,801160.SI,公用事业,801163.SI,燃气Ⅱ,燃气Ⅱ,L,19931018,12028,32.93,3.39,-1.739,5.882,False,True,True,0,0,0,0,True,
600682.SH,600682,600682,南京新百,主板,沪市,主板,801230.SI,综合,801231.SI,综合Ⅱ,综合Ⅱ,L,19931018,12028,32.93,5.85,-1.015,14.286,False,True,True,0,0,0,0,True,
600683.SH,600683,600683,京投发展,主板,沪市,主板,801180.SI,房地产,801181.SI,房地产开发,房地产开发,L,19931025,12021,32.91,9.62,-3.122,14.0,False,True,True,0,0,0,0,True,
600684.SH,600684,600684,珠江股份,主板,沪市,主板,801180.SI,房地产,801183.SI,房地产服务,房地产服务,L,19931028,12018,32.9,3.62,0.0,11.429,False,True,True,0,0,0,0,True,
600685.SH,600685,600685,中船防务,主板,沪市,主板,801740.SI,国防军工,801744.SI,航海装备Ⅱ,航海装备Ⅱ,L,19931028,12018,32.9,29.06,-3.036,14.706,False,True,True,0,0,0,0,True,
600686.SH,600686,600686,金龙汽车,主板,沪市,主板,801880.SI,汽车,801096.SI,商用车,商用车,L,19931108,12007,32.87,11.11,-0.18,8.929,False,True,True,0,0,0,0,True,
600688.SH,600688,600688,上海石化,主板,沪市,主板,801960.SI,石油石化,801963.SI,炼化及贸易,炼化及贸易,L,19931108,12007,32.87,2.78,-0.358,6.897,False,True,True,0,0,0,0,True,
600689.SH,600689,600689,上海三毛,主板,沪市,主板,801230.SI,综合,801231.SI,综合Ⅱ,综合Ⅱ,L,19931108,12007,32.87,12.11,0.917,15.254,False,True,True,0,0,0,0,True,
600690.SH,600690,600690,海尔智家,主板,沪市,主板,801110.SI,家用电器,801111.SI,白色家电,白色家电,L,19931119,11996,32.84,20.2,0.0,15.942,False,True,True,0,0,0,0,True,
600691.SH,600691,600691,潞化科技,主板,沪市,主板,801030.SI,基础化工,801038.SI,农化制品,农化制品,L,19931119,11996,32.84,2.76,-5.155,23.333,False,True,True,0,0,0,0,True,
600692.SH,600692,600692,亚通股份,主板,沪市,主板,801180.SI,房地产,801181.SI,房地产开发,房地产开发,L,19931119,11996,32.84,6.51,-1.064,9.375,False,True,True,0,0,0,0,True,
600693.SH,600693,600693,东百集团,主板,沪市,主板,801200.SI,商贸零售,801203.SI,一般零售,一般零售,L,19931122,11993,32.84,9.5,-3.259,16.667,False,True,True,0,0,0,0,True,
600694.SH,600694,600694,大商股份,主板,沪市,主板,801200.SI,商贸零售,801203.SI,一般零售,一般零售,L,19931122,11993,32.84,14.41,-0.621,5.556,False,True,True,0,0,0,0,True,
600697.SH,600697,600697,欧亚集团,主板,沪市,主板,801200.SI,商贸零售,801203.SI,一般零售,一般零售,L,19931206,11979,32.8,11.36,-2.237,9.735,False,True,True,0,0,0,0,True,
600698.SH,600698,600698,湖南天雁,主板,沪市,主板,801880.SI,汽车,801093.SI,汽车零部件,汽车零部件,L,19931206,11979,32.8,6.87,-2.829,13.699,False,True,True,0,0,0,0,True,
600699.SH,600699,600699,均胜电子,主板,沪市,主板,801880.SI,汽车,801093.SI,汽车零部件,汽车零部件,L,19931206,11979,32.8,21.53,3.51,9.804,False,True,True,0,0,0,0,True,
600702.SH,600702,600702,舍得酒业,主板,沪市,主板,801120.SI,食品饮料,801125.SI,白酒Ⅱ,白酒Ⅱ,L,19960524,11079,30.33,33.38,-0.714,14.286,False,True,True,0,0,0,0,True,
600703.SH,600703,600703,三安光电,主板,沪市,主板,801080.SI,电子,801084.SI,光学光电子,光学光电子,L,19960528,11075,30.32,12.83,-0.311,9.091,False,True,True,0,0,0,0,True,
600704.SH,600704,600704,物产中大,主板,沪市,主板,801170.SI,交通运输,801178.SI,物流,物流,L,19960606,11066,30.3,4.85,-0.411,6.122,False,True,True,0,0,0,0,True,
600706.SH,600706,600706,曲江文旅,主板,沪市,主板,801210.SI,社会服务,801993.SI,旅游及景区,旅游及景区,L,19960516,11087,30.35,8.32,-1.887,10.714,False,True,True,0,0,0,0,True,
600707.SH,600707,600707,彩虹股份,主板,沪市,主板,801080.SI,电子,801084.SI,光学光电子,光学光电子,L,19960520,11083,30.34,9.8,2.618,14.894,False,True,True,0,0,0,0,True,
600708.SH,600708,600708,光明地产,主板,沪市,主板,801180.SI,房地产,801181.SI,房地产开发,房地产开发,L,19960606,11066,30.3,3.1,-0.641,12.903,False,True,True,0,0,0,0,True,
600710.SH,600710,600710,苏美达,主板,沪市,主板,801200.SI,商贸零售,801202.SI,贸易Ⅱ,贸易Ⅱ,L,19960701,11041,30.23,11.37,0.53,15.455,False,True,True,0,0,0,0,True,
600711.SH,600711,600711,盛屯矿业,主板,沪市,主板,801050.SI,有色金属,801056.SI,能源金属,能源金属,L,19960531,11072,30.31,10.9,-0.999,10.435,False,True,True,0,0,0,0,True,
600712.SH,600712,600712,南宁百货,主板,沪市,主板,801200.SI,商贸零售,801203.SI,一般零售,一般零售,L,19960626,11046,30.24,5.6,-2.439,15.789,False,True,True,0,0,0,0,True,
600713.SH,600713,600713,南京医药,主板,沪市,主板,801150.SI,医药生物,801154.SI,医药商业,医药商业,L,19960701,11041,30.23,4.94,-1.594,7.843,False,True,True,0,0,0,0,True,
600714.SH,600714,600714,金瑞矿业,主板,沪市,主板,801030.SI,基础化工,801033.SI,化学原料,化学原料,L,19960606,11066,30.3,19.46,2.045,12.5,False,True,True,0,0,0,0,True,
600715.SH,600715,600715,文投控股,主板,沪市,主板,801760.SI,传媒,801764.SI,游戏Ⅱ,游戏Ⅱ,L,19960701,11041,30.23,1.65,-2.367,12.5,False,True,True,0,0,0,0,True,
600716.SH,600716,600716,凤凰股份,主板,沪市,主板,801180.SI,房地产,801181.SI,房地产开发,房地产开发,L,19960702,11040,30.23,3.73,-0.798,25.0,False,True,True,0,0,0,0,True,
600717.SH,600717,600717,天津港,主板,沪市,主板,801170.SI,交通运输,801992.SI,航运港口,航运港口,L,19960614,11058,30.28,4.23,0.0,9.302,False,True,True,0,0,0,10,True,
600718.SH,600718,600718,东软集团,主板,沪市,主板,801750.SI,计算机,801103.SI,IT服务Ⅱ,IT服务Ⅱ,L,19960618,11054,30.26,7.99,-1.963,14.634,False,True,True,0,0,0,0,True,
600719.SH,600719,600719,大连热电,主板,沪市,主板,801160.SI,公用事业,801161.SI,电力,电力,L,19960716,11026,30.19,7.59,-5.948,11.688,False,True,True,0,0,0,0,True,
600720.SH,600720,600720,中交设计,主板,沪市,主板,801720.SI,建筑装饰,801726.SI,工程咨询服务Ⅱ,工程咨询服务Ⅱ,L,19960716,11026,30.19,5.16,-0.193,9.804,False,True,True,0,0,0,0,True,
600721.SH,600721,600721,百花医药,主板,沪市,主板,801150.SI,医药生物,801156.SI,医疗服务,医疗服务,L,19960626,11046,30.24,13.29,-8.155,5.797,False,True,True,0,0,0,0,True,
600722.SH,600722,600722,金牛化工,主板,沪市,主板,801030.SI,基础化工,801033.SI,化学原料,化学原料,L,19960626,11046,30.24,16.29,-9.9,7.784,False,True,True,0,0,0,0,True,
600724.SH,600724,600724,宁波富达,主板,沪市,主板,801180.SI,房地产,801183.SI,房地产服务,房地产服务,L,19960716,11026,30.19,5.05,0.598,35.849,False,True,True,0,0,0,0,True,
600725.SH,600725,600725,云维股份,主板,沪市,主板,801950.SI,煤炭,801952.SI,焦炭Ⅱ,焦炭Ⅱ,L,19960702,11040,30.23,3.2,-3.323,12.121,False,True,True,0,0,0,0,True,
600726.SH,600726,600726,华电能源,主板,沪市,主板,801160.SI,公用事业,801161.SI,电力,电力,L,19960701,11041,30.23,5.07,-4.159,21.053,False,True,True,0,0,0,0,True,
600727.SH,600727,600727,鲁北化工,主板,沪市,主板,801030.SI,基础化工,801033.SI,化学原料,化学原料,L,19960702,11040,30.23,7.52,-1.183,6.579,False,True,True,0,0,0,0,True,
600728.SH,600728,600728,佳都科技,主板,沪市,主板,801750.SI,计算机,801103.SI,IT服务Ⅱ,IT服务Ⅱ,L,19960716,11026,30.19,4.47,-2.188,13.043,False,True,True,0,0,0,0,True,
600729.SH,600729,600729,重百集团,主板,沪市,主板,801200.SI,商贸零售,801203.SI,一般零售,一般零售,L,19960702,11040,30.23,18.38,-0.541,7.812,False,True,True,0,0,0,0,True,
600730.SH,600730,600730,*ST高科,主板,沪市,主板,801210.SI,社会服务,801994.SI,教育,教育,L,19960726,11016,30.16,9.29,-0.215,22.917,True,True,True,0,0,0,0,False,ST
600731.SH,600731,600731,湖南海利,主板,沪市,主板,801030.SI,基础化工,801038.SI,农化制品,农化制品,L,19960802,11009,30.14,5.88,0.0,10.345,False,True,True,0,0,0,0,True,
600732.SH,600732,600732,爱旭股份,主板,沪市,主板,801730.SI,电力设备,801735.SI,光伏设备,光伏设备,L,19960816,10995,30.1,10.86,-0.64,16.949,False,True,True,0,0,0,0,True,
600733.SH,600733,600733,北汽蓝谷,主板,沪市,主板,801880.SI,汽车,801095.SI,乘用车,乘用车,L,19960816,10995,30.1,4.77,-0.209,28.0,False,True,True,0,0,0,0,True,
600734.SH,600734,600734,*ST实达,主板,沪市,主板,801770.SI,通信,801102.SI,通信设备,通信设备,L,19960808,11003,30.12,1.93,-2.525,21.053,True,True,True,0,0,0,0,False,ST
600735.SH,600735,600735,ST新华锦,主板,沪市,主板,801130.SI,纺织服饰,801133.SI,饰品,饰品,L,19960726,11016,30.16,6.66,-0.893,11.111,True,True,True,0,0,0,0,False,ST
600736.SH,600736,600736,苏州高新,主板,沪市,主板,801180.SI,房地产,801181.SI,房地产开发,房地产开发,L,19960815,10996,30.11,6.66,0.0,5.97,False,True,True,0,0,0,0,True,
600737.SH,600737,600737,中粮糖业,主板,沪市,主板,801010.SI,农林牧渔,801012.SI,农产品加工,农产品加工,L,19960731,11011,30.15,15.03,0.133,25.333,False,True,True,0,0,0,0,True,
600738.SH,600738,600738,丽尚国潮,主板,沪市,主板,801200.SI,商贸零售,801203.SI,一般零售,一般零售,L,19960802,11009,30.14,4.19,-1.873,11.905,False,True,True,0,0,0,0,True,
600739.SH,600739,600739,辽宁成大,主板,沪市,主板,801150.SI,医药生物,801152.SI,生物制品,生物制品,L,19960819,10992,30.09,10.43,-0.477,11.111,False,True,True,0,0,0,0,True,
600740.SH,600740,600740,山西焦化,主板,沪市,主板,801950.SI,煤炭,801952.SI,焦炭Ⅱ,焦炭Ⅱ,L,19960808,11003,30.12,3.72,-3.377,13.158,False,True,True,0,0,0,0,True,
600741.SH,600741,600741,华域汽车,主板,沪市,主板,801880.SI,汽车,801093.SI,汽车零部件,汽车零部件,L,19960826,10985,30.08,14.82,-0.67,22.642,False,True,True,0,0,0,0,True,
600742.SH,600742,600742,富维股份,主板,沪市,主板,801880.SI,汽车,801093.SI,汽车零部件,汽车零部件,L,19960826,10985,30.08,7.71,-0.13,29.87,False,True,True,0,0,0,0,True,
600743.SH,600743,600743,华远控股,主板,沪市,主板,801180.SI,房地产,801181.SI,房地产开发,房地产开发,L,19960909,10971,30.04,2.82,10.156,22.727,False,True,True,0,0,0,0,True,
600744.SH,600744,600744,华银电力,主板,沪市,主板,801160.SI,公用事业,801161.SI,电力,电力,L,19960905,10975,30.05,6.18,-5.505,12.308,False,True,True,0,0,0,0,True,
600745.SH,600745,600745,*ST闻泰,主板,沪市,主板,801080.SI,电子,801081.SI,半导体,半导体,L,19960828,10983,30.07,17.1,-2.786,20.0,True,True,True,0,0,0,0,False,ST
600746.SH,600746,600746,江苏索普,主板,沪市,主板,801030.SI,基础化工,801033.SI,化学原料,化学原料,L,19960918,10962,30.01,6.87,-4.317,17.647,False,True,True,0,0,0,0,True,
600748.SH,600748,600748,上实发展,主板,沪市,主板,801180.SI,房地产,801181.SI,房地产开发,房地产开发,L,19960925,10955,29.99,3.99,0.504,42.105,False,True,True,0,0,0,0,True,
600749.SH,600749,600749,西藏旅游,主板,沪市,主板,801210.SI,社会服务,801993.SI,旅游及景区,旅游及景区,L,19961015,10935,29.94,13.49,-1.461,13.889,False,True,True,0,0,0,0,True,
600750.SH,600750,600750,华润江中,主板,沪市,主板,801150.SI,医药生物,801155.SI,中药Ⅱ,中药Ⅱ,L,19960923,10957,30.0,22.45,0.582,11.538,False,True,True,0,0,0,0,True,
600751.SH,600751,600751,海航科技,主板,沪市,主板,801170.SI,交通运输,801992.SI,航运港口,航运港口,L,19960909,10971,30.04,2.89,-1.027,12.903,False,True,True,0,0,0,0,True,
600753.SH,600753,600753,ST海钦,主板,沪市,主板,801170.SI,交通运输,801178.SI,物流,物流,L,19960927,10953,29.99,13.4,8.414,26.957,True,True,True,0,0,0,2,False,ST
600754.SH,600754,600754,锦江酒店,主板,沪市,主板,801210.SI,社会服务,801219.SI,酒店餐饮,酒店餐饮,L,19961011,10939,29.95,18.44,-0.647,9.375,False,True,True,0,0,0,0,True,
600755.SH,600755,600755,厦门国贸,主板,沪市,主板,801170.SI,交通运输,801178.SI,物流,物流,L,19961003,10947,29.97,5.8,-0.172,12.069,False,True,True,0,0,0,0,True,
600756.SH,600756,600756,浪潮软件,主板,沪市,主板,801750.SI,计算机,801103.SI,IT服务Ⅱ,IT服务Ⅱ,L,19960923,10957,30.0,13.8,-1.989,11.111,False,True,True,0,0,0,0,True,
600757.SH,600757,600757,长江传媒,主板,沪市,主板,801760.SI,传媒,801769.SI,出版,出版,L,19961003,10947,29.97,7.39,-1.467,13.158,False,True,True,0,0,0,0,True,
600758.SH,600758,600758,辽宁能源,主板,沪市,主板,801950.SI,煤炭,801951.SI,煤炭开采,煤炭开采,L,19961029,10921,29.9,3.51,-6.4,16.667,False,True,True,0,0,0,0,True,
600759.SH,600759,600759,ST洲际,主板,沪市,主板,801960.SI,石油石化,801961.SI,油气开采Ⅱ,油气开采Ⅱ,L,19961008,10942,29.96,2.31,-2.119,12.0,True,True,True,0,0,0,0,False,ST
600760.SH,600760,600760,中航沈飞,主板,沪市,主板,801740.SI,国防军工,801742.SI,航空装备Ⅱ,航空装备Ⅱ,L,19961011,10939,29.95,44.08,-1.409,29.231,False,True,True,0,0,0,0,True,
600761.SH,600761,600761,安徽合力,主板,沪市,主板,801890.SI,机械设备,801077.SI,工程机械,工程机械,L,19961009,10941,29.95,15.31,-0.39,10.909,False,True,True,0,0,0,0,True,
600763.SH,600763,600763,通策医疗,主板,沪市,主板,801150.SI,医药生物,801156.SI,医疗服务,医疗服务,L,19961030,10920,29.9,33.86,0.385,9.091,False,True,True,0,0,0,0,True,
600764.SH,600764,600764,中国海防,主板,沪市,主板,801740.SI,国防军工,801744.SI,航海装备Ⅱ,航海装备Ⅱ,L,19961104,10915,29.88,18.39,-1.71,34.043,False,True,True,0,0,0,0,True,
600765.SH,600765,600765,中航重机,主板,沪市,主板,801740.SI,国防军工,801742.SI,航空装备Ⅱ,航空装备Ⅱ,L,19961106,10913,29.88,13.35,-0.964,11.765,False,True,True,0,0,0,0,True,
600768.SH,600768,600768,富邦新材,主板,沪市,主板,801050.SI,有色金属,801055.SI,工业金属,工业金属,L,19961111,10908,29.86,15.04,1.28,8.0,False,True,True,0,0,0,0,True,
600769.SH,600769,600769,祥龙电业,主板,沪市,主板,801970.SI,环保,801971.SI,环境治理,环境治理,L,19961101,10918,29.89,16.4,1.548,10.256,False,True,True,0,0,0,0,True,
600770.SH,600770,600770,综艺股份,主板,沪市,主板,801230.SI,综合,801231.SI,综合Ⅱ,综合Ⅱ,L,19961120,10899,29.84,6.51,-1.81,20.69,False,True,True,0,0,0,0,True,
600771.SH,600771,600771,广誉远,主板,沪市,主板,801150.SI,医药生物,801155.SI,中药Ⅱ,中药Ⅱ,L,19961105,10914,29.88,13.82,-1.637,8.571,False,True,True,0,0,0,0,True,
600773.SH,600773,600773,西藏城投,主板,沪市,主板,801180.SI,房地产,801181.SI,房地产开发,房地产开发,L,19961108,10911,29.87,10.02,-3.282,9.259,False,True,True,0,0,0,0,True,
600774.SH,600774,600774,汉商集团,主板,沪市,主板,801150.SI,医药生物,801151.SI,化学制药,化学制药,L,19961108,10911,29.87,7.77,-1.894,16.216,False,True,True,0,0,0,0,True,
600775.SH,600775,600775,南京熊猫,主板,沪市,主板,801770.SI,通信,801102.SI,通信设备,通信设备,L,19961118,10901,29.85,9.61,-3.223,5.102,False,True,True,0,0,0,0,True,
600776.SH,600776,600776,东方通信,主板,沪市,主板,801770.SI,通信,801102.SI,通信设备,通信设备,L,19961126,10893,29.82,13.03,-4.612,9.091,False,True,True,0,0,0,0,True,
600777.SH,600777,600777,新潮能源,主板,沪市,主板,801960.SI,石油石化,801961.SI,油气开采Ⅱ,油气开采Ⅱ,L,19961121,10898,29.84,4.0,-1.235,44.186,False,True,True,0,0,0,2,True,
600778.SH,600778,600778,友好集团,主板,沪市,主板,801200.SI,商贸零售,801203.SI,一般零售,一般零售,L,19961203,10886,29.8,5.83,-0.681,6.897,False,True,True,0,0,0,0,True,
600779.SH,600779,600779,水井坊,主板,沪市,主板,801120.SI,食品饮料,801125.SI,白酒Ⅱ,白酒Ⅱ,L,19961206,10883,29.8,26.7,-0.187,26.316,False,True,True,0,0,0,0,True,
600780.SH,600780,600780,通宝能源,主板,沪市,主板,801160.SI,公用事业,801161.SI,电力,电力,L,19961205,10884,29.8,6.13,-0.648,12.903,False,True,True,0,0,0,0,True,
600782.SH,600782,600782,新钢股份,主板,沪市,主板,801040.SI,钢铁,801044.SI,普钢,普钢,L,19961225,10864,29.74,2.66,-0.746,10.714,False,True,True,0,0,0,0,True,
600783.SH,600783,600783,鲁信创投,主板,沪市,主板,801890.SI,机械设备,801072.SI,通用设备,通用设备,L,19961225,10864,29.74,15.48,-0.258,21.875,False,True,True,0,0,0,0,True,
600784.SH,600784,600784,鲁银投资,主板,沪市,主板,801030.SI,基础化工,801033.SI,化学原料,化学原料,L,19961225,10864,29.74,7.07,-0.422,13.158,False,True,True,0,0,0,0,True,
600785.SH,600785,600785,新华百货,主板,沪市,主板,801200.SI,商贸零售,801203.SI,一般零售,一般零售,L,19970108,10850,29.71,10.74,-4.363,10.909,False,True,True,0,0,0,0,True,
600787.SH,600787,600787,中储股份,主板,沪市,主板,801170.SI,交通运输,801178.SI,物流,物流,L,19970121,10837,29.67,4.57,-1.082,15.217,False,True,True,0,0,0,0,True,
600789.SH,600789,600789,鲁抗医药,主板,沪市,主板,801150.SI,医药生物,801151.SI,化学制药,化学制药,L,19970226,10801,29.57,7.76,-1.147,6.579,False,True,True,0,0,0,0,True,
600790.SH,600790,600790,轻纺城,主板,沪市,主板,801200.SI,商贸零售,801203.SI,一般零售,一般零售,L,19970228,10799,29.57,3.73,5.07,14.706,False,True,True,0,0,0,0,True,
600791.SH,600791,600791,京能置业,主板,沪市,主板,801180.SI,房地产,801181.SI,房地产开发,房地产开发,L,19970130,10828,29.65,7.02,-1.955,13.699,False,True,True,0,0,0,0,True,
600792.SH,600792,600792,云煤能源,主板,沪市,主板,801950.SI,煤炭,801952.SI,焦炭Ⅱ,焦炭Ⅱ,L,19970123,10835,29.66,5.18,-9.913,11.321,False,True,True,0,0,0,0,True,
600793.SH,600793,600793,宜宾纸业,主板,沪市,主板,801140.SI,轻工制造,801143.SI,造纸,造纸,L,19970220,10807,29.59,17.73,2.131,19.231,False,True,True,0,0,0,0,True,
600794.SH,600794,600794,保税科技,主板,沪市,主板,801170.SI,交通运输,801178.SI,物流,物流,L,19970306,10793,29.55,3.16,-1.25,9.375,False,True,True,0,0,0,0,True,
600795.SH,600795,600795,国电电力,主板,沪市,主板,801160.SI,公用事业,801161.SI,电力,电力,L,19970318,10781,29.52,5.12,-1.349,12.245,False,True,True,0,0,0,0,True,
600796.SH,600796,600796,钱江生化,主板,沪市,主板,801970.SI,环保,801971.SI,环境治理,环境治理,L,19970408,10760,29.46,5.08,-0.197,7.843,False,True,True,0,0,0,0,True,
600797.SH,600797,600797,浙大网新,主板,沪市,主板,801750.SI,计算机,801103.SI,IT服务Ⅱ,IT服务Ⅱ,L,19970418,10750,29.43,6.62,-2.216,10.145,False,True,True,0,0,0,0,True,
600798.SH,600798,600798,宁波海运,主板,沪市,主板,801170.SI,交通运输,801992.SI,航运港口,航运港口,L,19970423,10745,29.42,3.35,-2.047,11.765,False,True,True,0,0,0,0,True,
600800.SH,600800,600800,渤海化学,主板,沪市,主板,801960.SI,石油石化,801963.SI,炼化及贸易,炼化及贸易,L,19931206,11979,32.8,3.17,-4.23,11.765,False,True,True,0,0,0,0,True,
600801.SH,600801,600801,华新建材,主板,沪市,主板,801710.SI,建筑材料,801711.SI,水泥,水泥,L,19940103,11951,32.72,23.78,0.253,25.676,False,True,True,0,0,0,0,True,
600802.SH,600802,600802,福建水泥,主板,沪市,主板,801710.SI,建筑材料,801711.SI,水泥,水泥,L,19940103,11951,32.72,6.02,10.055,8.929,False,True,True,0,0,0,0,True,
600803.SH,600803,600803,新奥股份,主板,沪市,主板,801160.SI,公用事业,801163.SI,燃气Ⅱ,燃气Ⅱ,L,19940103,11951,32.72,18.58,-0.268,26.042,False,True,True,0,0,0,0,True,
600805.SH,600805,600805,悦达投资,主板,沪市,主板,801230.SI,综合,801231.SI,综合Ⅱ,综合Ⅱ,L,19940103,11951,32.72,4.55,-0.438,18.182,False,True,True,0,0,0,0,True,
600807.SH,600807,600807,济高发展,主板,沪市,主板,801150.SI,医药生物,801153.SI,医疗器械,医疗器械,L,19940103,11951,32.72,2.62,-1.873,11.538,False,True,True,0,0,0,0,True,
600808.SH,600808,600808,马钢股份,主板,沪市,主板,801040.SI,钢铁,801044.SI,普钢,普钢,L,19940106,11948,32.71,2.49,-0.4,26.923,False,True,True,0,0,0,0,True,
600809.SH,600809,600809,山西汾酒,主板,沪市,主板,801120.SI,食品饮料,801125.SI,白酒Ⅱ,白酒Ⅱ,L,19940106,11948,32.71,114.03,0.733,44.118,False,True,True,0,0,0,0,True,
600810.SH,600810,600810,神马股份,主板,沪市,主板,801030.SI,基础化工,801032.SI,化学纤维,化学纤维,L,19940106,11948,32.71,6.32,-0.94,12.5,False,True,True,0,0,0,0,True,
600812.SH,600812,600812,华北制药,主板,沪市,主板,801150.SI,医药生物,801151.SI,化学制药,化学制药,L,19940114,11940,32.69,4.95,-2.941,12.245,False,True,True,0,0,0,0,True,
600814.SH,600814,600814,杭州解百,主板,沪市,主板,801200.SI,商贸零售,801203.SI,一般零售,一般零售,L,19940114,11940,32.69,6.97,-0.854,14.085,False,True,True,0,0,0,0,True,
600815.SH,600815,600815,厦工股份,主板,沪市,主板,801890.SI,机械设备,801077.SI,工程机械,工程机械,L,19940128,11926,32.65,4.23,0.955,21.053,False,True,True,0,0,0,0,True,
600816.SH,600816,600816,建元信托,主板,沪市,主板,801790.SI,非银金融,801191.SI,多元金融,多元金融,L,19940128,11926,32.65,2.37,-1.66,12.0,False,True,True,0,0,0,0,True,
600817.SH,600817,600817,宇通重工,主板,沪市,主板,801970.SI,环保,801972.SI,环保设备Ⅱ,环保设备Ⅱ,L,19940128,11926,32.65,9.51,-1.349,23.469,False,True,True,0,0,0,0,True,
600818.SH,600818,600818,ST中路,主板,沪市,主板,801880.SI,汽车,801881.SI,摩托车及其他,摩托车及其他,L,19940128,11926,32.65,9.34,3.663,31.579,True,True,True,0,0,0,0,False,ST
600819.SH,600819,600819,耀皮玻璃,主板,沪市,主板,801710.SI,建筑材料,801712.SI,玻璃玻纤,玻璃玻纤,L,19940128,11926,32.65,5.67,0.89,24.561,False,True,True,0,0,0,0,True,
600820.SH,600820,600820,隧道股份,主板,沪市,主板,801720.SI,建筑装饰,801723.SI,基础建设,基础建设,L,19940128,11926,32.65,5.27,0.0,18.519,False,True,True,0,0,0,0,True,
600821.SH,600821,600821,金开新能,主板,沪市,主板,801160.SI,公用事业,801161.SI,电力,电力,L,19940128,11926,32.65,5.88,-3.289,6.452,False,True,True,0,0,0,0,True,
600822.SH,600822,600822,上海物贸,主板,沪市,主板,801880.SI,汽车,801092.SI,汽车服务,汽车服务,L,19940204,11919,32.63,9.09,-3.708,15.217,False,True,True,0,0,0,0,True,
600824.SH,600824,600824,益民集团,主板,沪市,主板,801200.SI,商贸零售,801203.SI,一般零售,一般零售,L,19940204,11919,32.63,3.67,-0.272,16.216,False,True,True,0,0,0,0,True,
600825.SH,600825,600825,新华传媒,主板,沪市,主板,801760.SI,传媒,801769.SI,出版,出版,L,19940204,11919,32.63,7.06,9.969,16.0,False,True,True,11,11,11,11,False,近60日停牌
600826.SH,600826,600826,兰生股份,主板,沪市,主板,801210.SI,社会服务,801218.SI,专业服务,专业服务,L,19940204,11919,32.63,7.94,0.506,25.926,False,True,True,0,0,0,0,True,
600827.SH,600827,600827,百联股份,主板,沪市,主板,801200.SI,商贸零售,801203.SI,一般零售,一般零售,L,19940204,11919,32.63,7.79,-0.256,11.538,False,True,True,0,0,0,0,True,
600828.SH,600828,600828,茂业商业,主板,沪市,主板,801200.SI,商贸零售,801203.SI,一般零售,一般零售,L,19940224,11899,32.58,4.4,-4.762,26.667,False,True,True,0,0,0,0,True,
600829.SH,600829,600829,人民同泰,主板,沪市,主板,801150.SI,医药生物,801154.SI,医药商业,医药商业,L,19940224,11899,32.58,9.69,-4.059,12.0,False,True,True,0,0,0,0,True,
600830.SH,600830,600830,香溢融通,主板,沪市,主板,801790.SI,非银金融,801191.SI,多元金融,多元金融,L,19940224,11899,32.58,8.46,-2.083,13.793,False,True,True,0,0,0,0,True,
600831.SH,600831,600831,广电网络,主板,沪市,主板,801760.SI,传媒,801995.SI,电视广播Ⅱ,电视广播Ⅱ,L,19940224,11899,32.58,3.34,-2.624,6.25,False,True,True,0,0,0,0,True,
600833.SH,600833,600833,第一医药,主板,沪市,主板,801150.SI,医药生物,801154.SI,医药商业,医药商业,L,19940224,11899,32.58,10.71,-1.472,10.28,False,True,True,0,0,0,0,True,
600834.SH,600834,600834,申通地铁,主板,沪市,主板,801170.SI,交通运输,801179.SI,铁路公路,铁路公路,L,19940224,11899,32.58,7.58,-0.915,16.0,False,True,True,0,0,0,0,True,
600835.SH,600835,600835,上海机电,主板,沪市,主板,801890.SI,机械设备,801074.SI,专用设备,专用设备,L,19940224,11899,32.58,18.88,3.001,30.769,False,True,True,0,0,0,0,True,
600838.SH,600838,600838,上海九百,主板,沪市,主板,801200.SI,商贸零售,801203.SI,一般零售,一般零售,L,19940224,11899,32.58,8.56,-0.465,9.412,False,True,True,0,0,0,0,True,
600839.SH,600839,600839,四川长虹,主板,沪市,主板,801110.SI,家用电器,801112.SI,黑色家电,黑色家电,L,19940311,11884,32.54,6.62,-1.341,5.797,False,True,True,0,0,0,0,True,
600841.SH,600841,600841,动力新科,主板,沪市,主板,801880.SI,汽车,801093.SI,汽车零部件,汽车零部件,L,19940311,11884,32.54,5.72,-2.055,17.241,False,True,True,0,0,0,0,True,
600843.SH,600843,600843,上工申贝,主板,沪市,主板,801890.SI,机械设备,801074.SI,专用设备,专用设备,L,19940311,11884,32.54,7.61,9.971,14.286,False,True,True,0,0,0,0,True,
600844.SH,600844,600844,金煤科技,主板,沪市,主板,801030.SI,基础化工,801033.SI,化学原料,化学原料,L,19940311,11884,32.54,3.3,-3.509,17.647,False,True,True,0,0,0,0,True,
600845.SH,600845,600845,宝信软件,主板,沪市,主板,801750.SI,计算机,801103.SI,IT服务Ⅱ,IT服务Ⅱ,L,19940311,11884,32.54,18.34,-0.596,28.261,False,True,True,0,0,0,0,True,
600846.SH,600846,600846,同济科技,主板,沪市,主板,801720.SI,建筑装饰,801726.SI,工程咨询服务Ⅱ,工程咨询服务Ⅱ,L,19940311,11884,32.54,10.96,0.921,17.094,False,True,True,0,0,0,0,True,
600847.SH,600847,600847,万里股份,主板,沪市,主板,801730.SI,电力设备,801737.SI,电池,电池,L,19940324,11871,32.5,12.87,-3.595,15.385,False,True,True,0,0,0,0,True,
600848.SH,600848,600848,上海临港,主板,沪市,主板,801180.SI,房地产,801181.SI,房地产开发,房地产开发,L,19940324,11871,32.5,8.72,0.461,37.931,False,True,True,0,0,0,0,True,
600850.SH,600850,600850,电科数字,主板,沪市,主板,801750.SI,计算机,801103.SI,IT服务Ⅱ,IT服务Ⅱ,L,19940324,11871,32.5,14.16,-0.211,13.333,False,True,True,0,0,0,0,True,
600851.SH,600851,600851,海欣股份,主板,沪市,主板,801150.SI,医药生物,801151.SI,化学制药,化学制药,L,19940404,11860,32.47,8.39,-1.526,10.588,False,True,True,0,0,0,0,True,
600853.SH,600853,600853,龙建股份,主板,沪市,主板,801720.SI,建筑装饰,801723.SI,基础建设,基础建设,L,19940404,11860,32.47,3.26,-0.306,24.242,False,True,True,0,0,0,0,True,
600854.SH,600854,600854,春兰股份,主板,沪市,主板,801180.SI,房地产,801181.SI,房地产开发,房地产开发,L,19940425,11839,32.41,4.72,0.212,11.111,False,True,True,0,0,0,0,True,
600855.SH,600855,600855,航天长峰,主板,沪市,主板,801740.SI,国防军工,801745.SI,军工电子Ⅱ,军工电子Ⅱ,L,19940425,11839,32.41,12.86,-2.205,14.504,False,True,True,0,0,0,0,True,
600857.SH,600857,600857,宁波中百,主板,沪市,主板,801200.SI,商贸零售,801203.SI,一般零售,一般零售,L,19940425,11839,32.41,22.48,-7.261,18.018,False,True,True,0,0,0,0,True,
600858.SH,600858,600858,银座股份,主板,沪市,主板,801200.SI,商贸零售,801203.SI,一般零售,一般零售,L,19940506,11828,32.38,4.91,-1.8,12.245,False,True,True,0,0,0,0,True,
600859.SH,600859,600859,王府井,主板,沪市,主板,801200.SI,商贸零售,801203.SI,一般零售,一般零售,L,19940506,11828,32.38,9.84,-0.606,8.0,False,True,True,0,0,0,0,True,
600860.SH,600860,600860,京城股份,主板,沪市,主板,801890.SI,机械设备,801072.SI,通用设备,通用设备,L,19940506,11828,32.38,7.56,-1.69,14.286,False,True,True,0,0,0,0,True,
600861.SH,600861,600861,北京人力,主板,沪市,主板,801210.SI,社会服务,801218.SI,专业服务,专业服务,L,19940520,11814,32.34,12.71,-0.548,31.818,False,True,True,0,0,0,0,True,
600862.SH,600862,600862,中航高科,主板,沪市,主板,801740.SI,国防军工,801742.SI,航空装备Ⅱ,航空装备Ⅱ,L,19940520,11814,32.34,17.97,-1.046,10.87,False,True,True,0,0,0,0,True,
600863.SH,600863,600863,华能蒙电,主板,沪市,主板,801160.SI,公用事业,801161.SI,电力,电力,L,19940520,11814,32.34,4.61,-2.743,8.333,False,True,True,0,0,0,0,True,
600864.SH,600864,600864,哈投股份,主板,沪市,主板,801790.SI,非银金融,801193.SI,证券Ⅱ,证券Ⅱ,L,19940809,11733,32.12,5.82,-0.683,10.345,False,True,True,0,0,0,0,True,
600865.SH,600865,600865,百大集团,主板,沪市,主板,801200.SI,商贸零售,801203.SI,一般零售,一般零售,L,19940809,11733,32.12,11.08,-4.069,9.821,False,True,True,0,0,0,0,True,
600866.SH,600866,600866,星湖科技,主板,沪市,主板,801030.SI,基础化工,801034.SI,化学制品,化学制品,L,19940818,11724,32.1,4.17,-0.714,9.091,False,True,True,0,0,0,0,True,
600867.SH,600867,600867,通化东宝,主板,沪市,主板,801150.SI,医药生物,801152.SI,生物制品,生物制品,L,19940824,11718,32.08,7.85,-0.254,9.756,False,True,True,0,0,0,0,True,
600868.SH,600868,600868,梅雁吉祥,主板,沪市,主板,801160.SI,公用事业,801161.SI,电力,电力,L,19940912,11699,32.03,2.73,-2.151,7.143,False,True,True,0,0,0,0,True,
600869.SH,600869,600869,远东股份,主板,沪市,主板,801730.SI,电力设备,801738.SI,电网设备,电网设备,L,19950206,11552,31.63,21.03,-4.539,9.091,False,True,True,0,0,0,0,True,
600871.SH,600871,600871,石化油服,主板,沪市,主板,801960.SI,石油石化,801962.SI,油服工程,油服工程,L,19950411,11488,31.45,2.12,-3.196,13.636,False,True,True,0,0,0,0,True,
600872.SH,600872,600872,中炬高新,主板,沪市,主板,801120.SI,食品饮料,801129.SI,调味发酵品Ⅱ,调味发酵品Ⅱ,L,19950124,11565,31.66,17.39,0.231,8.696,False,True,True,0,0,0,0,True,
600873.SH,600873,600873,梅花生物,主板,沪市,主板,801030.SI,基础化工,801034.SI,化学制品,化学制品,L,19950217,11541,31.6,7.44,-0.932,21.519,False,True,True,0,0,0,0,True,
600874.SH,600874,600874,创业环保,主板,沪市,主板,801970.SI,环保,801971.SI,环境治理,环境治理,L,19950630,11408,31.23,5.46,-1.266,10.714,False,True,True,0,0,0,0,True,
600875.SH,600875,600875,东方电气,主板,沪市,主板,801730.SI,电力设备,801733.SI,其他电源设备Ⅱ,其他电源设备Ⅱ,L,19951010,11306,30.95,23.81,-2.137,12.5,False,True,True,0,0,0,0,True,
600876.SH,600876,600876,凯盛新能,主板,沪市,主板,801710.SI,建筑材料,801712.SI,玻璃玻纤,玻璃玻纤,L,19951031,11285,30.9,7.87,-2.84,23.81,False,True,True,0,0,0,0,True,
600877.SH,600877,600877,电科芯片,主板,沪市,主板,801080.SI,电子,801081.SI,半导体,半导体,L,19951013,11303,30.95,12.12,-0.165,35.484,False,True,True,0,0,0,0,True,
600879.SH,600879,600879,航天电子,主板,沪市,主板,801740.SI,国防军工,801741.SI,航天装备Ⅱ,航天装备Ⅱ,L,19951115,11270,30.86,14.3,-2.189,14.286,False,True,True,0,0,0,0,True,
600880.SH,600880,600880,博瑞传播,主板,沪市,主板,801210.SI,社会服务,801994.SI,教育,教育,L,19951115,11270,30.86,4.41,-8.696,12.5,False,True,True,0,0,0,0,True,
600881.SH,600881,600881,亚泰集团,主板,沪市,主板,801230.SI,综合,801231.SI,综合Ⅱ,综合Ⅱ,L,19951115,11270,30.86,1.88,-1.571,11.111,False,True,True,0,0,0,0,True,
600882.SH,600882,600882,妙可蓝多,主板,沪市,主板,801120.SI,食品饮料,801127.SI,饮料乳品,饮料乳品,L,19951206,11249,30.8,19.21,-1.84,15.385,False,True,True,0,0,0,0,True,
600883.SH,600883,600883,博闻科技,主板,沪市,主板,801010.SI,农林牧渔,801016.SI,种植业,种植业,L,19951208,11247,30.79,8.16,0.493,7.692,False,True,True,0,0,0,0,True,
600884.SH,600884,600884,杉杉股份,主板,沪市,主板,801730.SI,电力设备,801737.SI,电池,电池,L,19960130,11194,30.65,11.92,5.862,10.345,False,True,True,0,0,0,0,True,
600885.SH,600885,600885,宏发股份,主板,沪市,主板,801730.SI,电力设备,801738.SI,电网设备,电网设备,L,19960205,11188,30.63,33.3,-1.479,11.047,False,True,True,0,0,0,0,True,
600886.SH,600886,600886,国投电力,主板,沪市,主板,801160.SI,公用事业,801161.SI,电力,电力,L,19960118,11206,30.68,14.57,1.888,12.319,False,True,True,0,0,0,0,True,
600887.SH,600887,600887,伊利股份,主板,沪市,主板,801120.SI,食品饮料,801127.SI,饮料乳品,饮料乳品,L,19960312,11152,30.53,26.92,0.56,7.576,False,True,True,0,0,0,0,True,
600888.SH,600888,600888,新疆众和,主板,沪市,主板,801050.SI,有色金属,801055.SI,工业金属,工业金属,L,19960215,11178,30.6,10.06,-1.469,5.941,False,True,True,0,0,0,0,True,
600889.SH,600889,600889,*ST京化,主板,沪市,主板,801030.SI,基础化工,801032.SI,化学纤维,化学纤维,L,19960308,11156,30.54,13.7,2.163,19.737,True,True,True,0,0,0,0,False,ST
600892.SH,600892,600892,大晟文化,主板,沪市,主板,801760.SI,传媒,801764.SI,游戏Ⅱ,游戏Ⅱ,L,19960315,11149,30.52,4.16,-3.704,9.524,False,True,True,0,0,0,2,True,
600893.SH,600893,600893,航发动力,主板,沪市,主板,801740.SI,国防军工,801742.SI,航空装备Ⅱ,航空装备Ⅱ,L,19960408,11125,30.46,39.56,-0.227,16.667,False,True,True,0,0,0,0,True,
600894.SH,600894,600894,广日股份,主板,沪市,主板,801890.SI,机械设备,801074.SI,专用设备,专用设备,L,19960328,11136,30.49,7.75,0.911,24.359,False,True,True,0,0,0,0,True,
600895.SH,600895,600895,张江高科,主板,沪市,主板,801180.SI,房地产,801181.SI,房地产开发,房地产开发,L,19960422,11111,30.42,28.76,-1.675,16.129,False,True,True,0,0,0,0,True,
600897.SH,600897,600897,厦门空港,主板,沪市,主板,801170.SI,交通运输,801991.SI,航空机场,航空机场,L,19960531,11072,30.31,15.05,-0.791,17.105,False,True,True,0,0,0,0,True,
600900.SH,600900,600900,长江电力,主板,沪市,主板,801160.SI,公用事业,801161.SI,电力,电力,L,20031118,8345,22.85,28.08,0.214,10.0,False,True,True,0,0,0,0,True,
600901.SH,600901,600901,江苏金租,主板,沪市,主板,801790.SI,非银金融,801191.SI,多元金融,多元金融,L,20180301,3128,8.56,6.67,-1.331,12.308,False,True,True,0,0,0,0,True,
600903.SH,600903,600903,贵州燃气,主板,沪市,主板,801160.SI,公用事业,801163.SI,燃气Ⅱ,燃气Ⅱ,L,20171107,3242,8.88,6.64,-3.628,14.706,False,True,True,0,0,0,0,True,
600905.SH,600905,600905,三峡能源,主板,沪市,主板,801160.SI,公用事业,801161.SI,电力,电力,L,20210610,1931,5.29,3.64,0.0,13.514,False,True,True,0,0,0,0,True,
600906.SH,600906,600906,财达证券,主板,沪市,主板,801790.SI,非银金融,801193.SI,证券Ⅱ,证券Ⅱ,L,20210507,1965,5.38,6.46,-0.155,10.606,False,True,True,0,0,0,0,True,
600908.SH,600908,600908,无锡银行,主板,沪市,主板,801780.SI,银行,801785.SI,农商行Ⅱ,农商行Ⅱ,L,20160923,3652,10.0,5.75,-0.347,8.929,False,True,True,0,0,0,0,True,
600909.SH,600909,600909,华安证券,主板,沪市,主板,801790.SI,非银金融,801193.SI,证券Ⅱ,证券Ⅱ,L,20161206,3578,9.8,8.09,-0.736,8.642,False,True,True,0,0,0,0,True,
600916.SH,600916,600916,中国黄金,主板,沪市,主板,801130.SI,纺织服饰,801133.SI,饰品,饰品,L,20210205,2056,5.63,7.36,-0.942,8.974,False,True,True,0,0,0,0,True,
600917.SH,600917,600917,重庆燃气,主板,沪市,主板,801160.SI,公用事业,801163.SI,燃气Ⅱ,燃气Ⅱ,L,20140930,4376,11.98,4.81,-1.837,18.367,False,True,True,0,0,0,0,True,
600918.SH,600918,600918,中泰证券,主板,沪市,主板,801790.SI,非银金融,801193.SI,证券Ⅱ,证券Ⅱ,L,20200603,2303,6.31,5.51,-0.721,9.091,False,True,True,0,0,0,0,True,
600919.SH,600919,600919,江苏银行,主板,沪市,主板,801780.SI,银行,801784.SI,城商行Ⅱ,城商行Ⅱ,L,20160802,3704,10.14,12.07,-0.165,16.529,False,True,True,0,0,0,0,True,
600925.SH,600925,600925,苏能股份,主板,沪市,主板,801950.SI,煤炭,801951.SI,煤炭开采,煤炭开采,L,20230329,1274,3.49,4.06,-1.932,11.628,False,True,True,0,0,0,0,True,
600926.SH,600926,600926,杭州银行,主板,沪市,主板,801780.SI,银行,801784.SI,城商行Ⅱ,城商行Ⅱ,L,20161027,3618,9.91,17.14,0.351,10.526,False,True,True,0,0,0,0,True,
600927.SH,600927,600927,永安期货,主板,沪市,主板,801790.SI,非银金融,801191.SI,多元金融,多元金融,L,20211223,1735,4.75,12.34,-0.963,20.149,False,True,True,0,0,0,0,True,
600928.SH,600928,600928,西安银行,主板,沪市,主板,801780.SI,银行,801784.SI,城商行Ⅱ,城商行Ⅱ,L,20190301,2763,7.56,3.5,-0.285,8.571,False,True,True,0,0,0,0,True,
600929.SH,600929,600929,雪天盐业,主板,沪市,主板,801030.SI,基础化工,801033.SI,化学原料,化学原料,L,20180326,3103,8.5,6.11,-2.862,21.053,False,True,True,11,11,11,11,False,近60日停牌
600930.SH,600930,600930,华电新能,主板,沪市,主板,801160.SI,公用事业,801161.SI,电力,电力,L,20250716,434,1.19,3.9,-1.515,10.256,False,True,True,0,0,0,0,False,上市时间不足
600933.SH,600933,600933,爱柯迪,主板,沪市,主板,801880.SI,汽车,801093.SI,汽车零部件,汽车零部件,L,20171117,3232,8.85,13.89,-0.501,20.144,False,True,True,0,0,0,0,True,
600935.SH,600935,600935,华塑股份,主板,沪市,主板,801030.SI,基础化工,801033.SI,化学原料,化学原料,L,20211126,1762,4.82,2.31,-1.702,25.0,False,True,True,0,0,0,0,True,
600936.SH,600936,600936,北投科技,主板,沪市,主板,801760.SI,传媒,801995.SI,电视广播Ⅱ,电视广播Ⅱ,L,20160815,3691,10.11,4.35,-3.118,16.327,False,True,True,0,0,0,0,True,
600938.SH,600938,600938,中国海油,主板,沪市,主板,801960.SI,石油石化,801961.SI,油气开采Ⅱ,油气开采Ⅱ,L,20220421,1616,4.42,32.29,-2.418,10.909,False,True,True,0,0,0,0,True,
600939.SH,600939,600939,重庆建工,主板,沪市,主板,801720.SI,建筑装饰,801721.SI,房屋建设Ⅱ,房屋建设Ⅱ,L,20170221,3501,9.59,2.61,-0.76,25.926,False,True,True,0,0,0,0,True,
600941.SH,600941,600941,中国移动,主板,沪市,主板,801770.SI,通信,801223.SI,通信服务,通信服务,L,20220105,1722,4.71,96.4,-0.052,6.522,False,True,True,0,0,0,0,True,
600955.SH,600955,600955,维远股份,主板,沪市,主板,801030.SI,基础化工,801033.SI,化学原料,化学原料,L,20210915,1834,5.02,12.58,-0.079,42.857,False,True,True,0,0,0,0,True,
600956.SH,600956,600956,新天绿能,主板,沪市,主板,801160.SI,公用事业,801161.SI,电力,电力,L,20200629,2277,6.23,7.04,-1.95,27.848,False,True,True,0,0,0,0,True,
600958.SH,600958,600958,东方证券,主板,沪市,主板,801790.SI,非银金融,801193.SI,证券Ⅱ,证券Ⅱ,L,20150323,4202,11.5,8.93,-0.446,10.0,False,True,True,0,0,0,0,True,
600959.SH,600959,600959,江苏有线,主板,沪市,主板,801760.SI,传媒,801995.SI,电视广播Ⅱ,电视广播Ⅱ,L,20150428,4166,11.41,3.09,-1.905,33.333,False,True,True,0,0,0,0,True,
600960.SH,600960,600960,渤海汽车,主板,沪市,主板,801880.SI,汽车,801093.SI,汽车零部件,汽车零部件,L,20040407,8204,22.46,3.92,-0.508,10.0,False,True,True,0,0,0,0,True,
600961.SH,600961,600961,株冶集团,主板,沪市,主板,801050.SI,有色金属,801055.SI,工业金属,工业金属,L,20040830,8059,22.06,24.47,-1.806,12.598,False,True,True,0,0,0,0,True,
600962.SH,600962,600962,国投中鲁,主板,沪市,主板,801010.SI,农林牧渔,801012.SI,农产品加工,农产品加工,L,20040622,8128,22.25,26.35,-3.48,8.527,False,True,True,0,0,0,0,True,
600963.SH,600963,600963,岳阳林纸,主板,沪市,主板,801140.SI,轻工制造,801143.SI,造纸,造纸,L,20040525,8156,22.33,3.41,-3.399,8.824,False,True,True,0,0,0,0,True,
600965.SH,600965,600965,*ST福成,主板,沪市,主板,801010.SI,农林牧渔,801017.SI,养殖业,养殖业,L,20040713,8107,22.2,2.69,-2.182,18.519,True,True,True,0,0,0,0,False,ST
600966.SH,600966,600966,博汇纸业,主板,沪市,主板,801140.SI,轻工制造,801143.SI,造纸,造纸,L,20040608,8142,22.29,4.88,-1.811,30.612,False,True,True,0,0,0,0,True,
600967.SH,600967,600967,内蒙一机,主板,沪市,主板,801740.SI,国防军工,801743.SI,地面兵装Ⅱ,地面兵装Ⅱ,L,20040518,8163,22.35,12.94,-3.863,11.111,False,True,True,0,0,0,0,True,
600968.SH,600968,600968,海油发展,主板,沪市,主板,801960.SI,石油石化,801962.SI,油服工程,油服工程,L,20190626,2646,7.24,3.85,-1.534,25.0,False,True,True,0,0,0,0,True,
600969.SH,600969,600969,郴电国际,主板,沪市,主板,801160.SI,公用事业,801161.SI,电力,电力,L,20040408,8203,22.46,9.8,-3.733,8.911,False,True,True,0,0,0,0,True,
600970.SH,600970,600970,中材国际,主板,沪市,主板,801720.SI,建筑装饰,801724.SI,专业工程,专业工程,L,20050412,7834,21.45,7.61,0.132,26.923,False,True,True,0,0,0,0,True,
600971.SH,600971,600971,恒源煤电,主板,沪市,主板,801950.SI,煤炭,801951.SI,煤炭开采,煤炭开采,L,20040817,8072,22.1,8.38,-1.296,15.294,False,True,True,0,0,0,0,True,
600973.SH,600973,600973,宝胜股份,主板,沪市,主板,801730.SI,电力设备,801738.SI,电网设备,电网设备,L,20040802,8087,22.14,5.91,-1.99,12.903,False,True,True,0,0,0,0,True,
600975.SH,600975,600975,新五丰,主板,沪市,主板,801010.SI,农林牧渔,801017.SI,养殖业,养殖业,L,20040609,8141,22.29,5.16,-2.458,15.094,False,True,True,0,0,0,0,True,
600976.SH,600976,600976,健民集团,主板,沪市,主板,801150.SI,医药生物,801155.SI,中药Ⅱ,中药Ⅱ,L,20040419,8192,22.43,27.02,-0.698,10.0,False,True,True,0,0,0,0,True,
600977.SH,600977,600977,中国电影,主板,沪市,主板,801760.SI,传媒,801766.SI,影视院线,影视院线,L,20160809,3697,10.12,13.5,-0.369,9.524,False,True,True,0,0,0,0,True,
600979.SH,600979,600979,广安爱众,主板,沪市,主板,801160.SI,公用事业,801161.SI,电力,电力,L,20040906,8052,22.05,3.88,-2.02,5.0,False,True,True,0,0,0,0,True,
600980.SH,600980,600980,北矿科技,主板,沪市,主板,801890.SI,机械设备,801074.SI,专用设备,专用设备,L,20040512,8169,22.37,19.54,-1.313,15.263,False,True,True,0,0,0,0,True,
600981.SH,600981,600981,苏豪汇鸿,主板,沪市,主板,801200.SI,商贸零售,801202.SI,贸易Ⅱ,贸易Ⅱ,L,20040630,8120,22.23,2.39,-2.049,16.667,False,True,True,0,0,0,0,True,
600982.SH,600982,600982,宁波能源,主板,沪市,主板,801160.SI,公用事业,801161.SI,电力,电力,L,20040706,8114,22.21,4.85,-3.579,5.882,False,True,True,0,0,0,0,True,
600983.SH,600983,600983,惠而浦,主板,沪市,主板,801110.SI,家用电器,801111.SI,白色家电,白色家电,L,20040727,8093,22.16,7.54,1.208,34.94,False,True,True,0,0,0,0,True,
600984.SH,600984,600984,建设机械,主板,沪市,主板,801890.SI,机械设备,801077.SI,工程机械,工程机械,L,20040707,8113,22.21,3.46,-1.704,21.053,False,True,True,0,11,11,11,False,近60日停牌
600985.SH,600985,600985,淮北矿业,主板,沪市,主板,801950.SI,煤炭,801951.SI,煤炭开采,煤炭开采,L,20040428,8183,22.4,16.61,-0.777,23.636,False,True,True,0,0,0,0,True,
600986.SH,600986,600986,浙文互联,主板,沪市,主板,801760.SI,传媒,801765.SI,广告营销,广告营销,L,20040426,8185,22.41,7.06,-4.465,9.459,False,True,True,0,0,0,0,True,
600987.SH,600987,600987,航民股份,主板,沪市,主板,801130.SI,纺织服饰,801131.SI,纺织制造,纺织制造,L,20040809,8080,22.12,6.33,-0.315,13.636,False,True,True,0,0,0,0,True,
600988.SH,600988,600988,赤峰黄金,主板,沪市,主板,801050.SI,有色金属,801053.SI,贵金属,贵金属,L,20040414,8197,22.44,42.5,0.236,10.227,False,True,True,0,0,0,0,True,
600989.SH,600989,600989,宝丰能源,主板,沪市,主板,801030.SI,基础化工,801033.SI,化学原料,化学原料,L,20190516,2687,7.36,22.58,-2.714,15.584,False,True,True,0,0,0,0,True,
600990.SH,600990,600990,四创电子,主板,沪市,主板,801740.SI,国防军工,801745.SI,军工电子Ⅱ,军工电子Ⅱ,L,20040510,8171,22.37,17.91,-0.885,13.043,False,True,True,0,0,0,0,True,
600992.SH,600992,600992,贵绳股份,主板,沪市,主板,801890.SI,机械设备,801072.SI,通用设备,通用设备,L,20040514,8167,22.36,10.19,-0.875,8.0,False,True,True,0,0,0,0,True,
600993.SH,600993,600993,马应龙,主板,沪市,主板,801150.SI,医药生物,801155.SI,中药Ⅱ,中药Ⅱ,L,20040517,8164,22.35,22.46,-0.399,6.494,False,True,True,0,0,0,0,True,
600995.SH,600995,600995,南网储能,主板,沪市,主板,801160.SI,公用事业,801161.SI,电力,电力,L,20040615,8135,22.27,11.99,-0.498,23.077,False,True,True,0,0,0,0,True,
600996.SH,600996,600996,贵广网络,主板,沪市,主板,801760.SI,传媒,801995.SI,电视广播Ⅱ,电视广播Ⅱ,L,20161226,3558,9.74,6.85,-2.699,11.594,False,True,True,0,0,0,0,True,
600997.SH,600997,600997,开滦股份,主板,沪市,主板,801950.SI,煤炭,801951.SI,煤炭开采,煤炭开采,L,20040602,8148,22.31,5.13,-2.471,16.364,False,True,True,0,0,0,0,True,
600998.SH,600998,600998,九州通,主板,沪市,主板,801150.SI,医药生物,801154.SI,医药商业,医药商业,L,20101102,5804,15.89,4.89,0.411,6.0,False,True,True,0,0,0,0,True,
600999.SH,600999,600999,招商证券,主板,沪市,主板,801790.SI,非银金融,801193.SI,证券Ⅱ,证券Ⅱ,L,20091117,6154,16.85,17.83,-0.999,18.889,False,True,True,0,0,0,0,True,
601000.SH,601000,601000,唐山港,主板,沪市,主板,801170.SI,交通运输,801992.SI,航运港口,航运港口,L,20100705,5924,16.22,4.32,-0.917,13.333,False,True,True,0,0,0,0,True,
601001.SH,601001,601001,晋控煤业,主板,沪市,主板,801950.SI,煤炭,801951.SI,煤炭开采,煤炭开采,L,20060623,7397,20.25,18.05,-1.258,11.628,False,True,True,0,0,0,0,True,
601002.SH,601002,601002,晋亿实业,主板,沪市,主板,801890.SI,机械设备,801072.SI,通用设备,通用设备,L,20070126,7180,19.66,5.19,-0.192,11.538,False,True,True,0,0,0,0,True,
601003.SH,601003,601003,柳钢股份,主板,沪市,主板,801040.SI,钢铁,801044.SI,普钢,普钢,L,20070227,7148,19.57,3.52,-1.95,31.579,False,True,True,0,0,0,0,True,
601005.SH,601005,601005,重庆钢铁,主板,沪市,主板,801040.SI,钢铁,801044.SI,普钢,普钢,L,20070228,7147,19.57,1.23,1.653,25.0,False,True,True,0,0,0,0,True,
601006.SH,601006,601006,大秦铁路,主板,沪市,主板,801170.SI,交通运输,801179.SI,铁路公路,铁路公路,L,20060801,7358,20.15,4.69,-0.425,10.204,False,True,True,0,0,0,0,True,
601007.SH,601007,601007,金陵饭店,主板,沪市,主板,801210.SI,社会服务,801219.SI,酒店餐饮,酒店餐饮,L,20070406,7110,19.47,6.78,-0.441,11.765,False,True,True,0,0,0,0,True,
601008.SH,601008,601008,连云港,主板,沪市,主板,801170.SI,交通运输,801992.SI,航运港口,航运港口,L,20070426,7090,19.41,4.35,-1.806,11.364,False,True,True,0,0,0,0,True,
601009.SH,601009,601009,南京银行,主板,沪市,主板,801780.SI,银行,801784.SI,城商行Ⅱ,城商行Ⅱ,L,20070719,7006,19.18,11.73,-0.34,13.675,False,True,True,0,0,0,0,True,
601010.SH,601010,601010,ST文峰,主板,沪市,主板,801200.SI,商贸零售,801203.SI,一般零售,一般零售,L,20110603,5591,15.31,1.46,-0.68,21.429,True,True,True,0,0,0,0,False,ST
601011.SH,601011,601011,宝泰隆,主板,沪市,主板,801950.SI,煤炭,801952.SI,焦炭Ⅱ,焦炭Ⅱ,L,20110309,5677,15.54,2.88,-4.319,6.667,False,True,True,0,0,0,0,True,
601012.SH,601012,601012,隆基绿能,主板,沪市,主板,801730.SI,电力设备,801735.SI,光伏设备,光伏设备,L,20120411,5278,14.45,11.41,0.264,12.903,False,True,True,0,0,0,0,True,
601015.SH,601015,601015,陕西黑猫,主板,沪市,主板,801950.SI,煤炭,801952.SI,焦炭Ⅱ,焦炭Ⅱ,L,20141105,4340,11.88,3.5,-6.667,10.811,False,True,True,0,0,0,0,True,
601016.SH,601016,601016,节能风电,主板,沪市,主板,801160.SI,公用事业,801161.SI,电力,电力,L,20140929,4377,11.98,3.28,-1.796,8.824,False,True,True,0,0,0,0,True,
601018.SH,601018,601018,宁波港,主板,沪市,主板,801170.SI,交通运输,801992.SI,航运港口,航运港口,L,20100928,5839,15.99,3.4,-0.585,20.0,False,True,True,0,0,0,0,True,
601019.SH,601019,601019,山东出版,主板,沪市,主板,801760.SI,传媒,801769.SI,出版,出版,L,20171122,3227,8.84,6.99,0.0,27.778,False,True,True,0,0,0,0,True,
601020.SH,601020,601020,华钰矿业,主板,沪市,主板,801050.SI,有色金属,801055.SI,工业金属,工业金属,L,20160316,3843,10.52,22.14,5.029,8.219,False,True,True,0,0,0,0,True,
601021.SH,601021,601021,春秋航空,主板,沪市,主板,801170.SI,交通运输,801991.SI,航空机场,航空机场,L,20150121,4263,11.67,41.94,0.143,10.526,False,True,True,0,0,0,0,True,
601022.SH,601022,601022,宁波远洋,主板,沪市,主板,801170.SI,交通运输,801992.SI,航运港口,航运港口,L,20221208,1385,3.79,8.46,-1.053,13.58,False,True,True,0,0,0,0,True,
601026.SH,601026,601026,道生天合,主板,沪市,主板,801030.SI,基础化工,801036.SI,塑料,塑料,L,20251017,341,0.93,15.35,-0.518,7.792,False,True,True,0,0,0,0,False,上市时间不足
601033.SH,601033,601033,永兴股份,主板,沪市,主板,801970.SI,环保,801971.SI,环境治理,环境治理,L,20240118,979,2.68,14.25,-0.07,4.167,False,True,True,0,0,0,0,True,
601038.SH,601038,601038,一拖股份,主板,沪市,主板,801890.SI,机械设备,801074.SI,专用设备,专用设备,L,20120808,5159,14.12,13.89,0.872,15.714,False,True,True,0,0,0,0,True,
601058.SH,601058,601058,赛轮轮胎,主板,沪市,主板,801880.SI,汽车,801093.SI,汽车零部件,汽车零部件,L,20110630,5564,15.23,13.92,1.236,17.518,False,True,True,0,0,0,0,True,
601059.SH,601059,601059,信达证券,主板,沪市,主板,801790.SI,非银金融,801193.SI,证券Ⅱ,证券Ⅱ,L,20230201,1330,3.64,,,,False,True,False,7,7,7,7,False,近60日停牌、无最新行情
601061.SH,601061,601061,中信金属,主板,沪市,主板,801200.SI,商贸零售,801202.SI,贸易Ⅱ,贸易Ⅱ,L,20230410,1262,3.46,11.35,-2.155,23.729,False,True,True,0,0,0,0,True,
601065.SH,601065,601065,江盐集团,主板,沪市,主板,801030.SI,基础化工,801033.SI,化学原料,化学原料,L,20230410,1262,3.46,6.73,-0.444,5.882,False,True,True,0,0,0,0,True,
601066.SH,601066,601066,中信建投,主板,沪市,主板,801790.SI,非银金融,801193.SI,证券Ⅱ,证券Ⅱ,L,20180620,3017,8.26,23.67,-0.421,21.569,False,True,True,0,0,0,0,True,
601068.SH,601068,601068,中铝国际,主板,沪市,主板,801720.SI,建筑装饰,801724.SI,专业工程,专业工程,L,20180831,2945,8.06,4.5,2.273,37.5,False,True,True,0,0,0,0,True,
601069.SH,601069,601069,西部黄金,主板,沪市,主板,801050.SI,有色金属,801053.SI,贵金属,贵金属,L,20150122,4262,11.67,26.79,-0.446,12.069,False,True,True,0,0,0,0,True,
601077.SH,601077,601077,渝农商行,主板,沪市,主板,801780.SI,银行,801785.SI,农商行Ⅱ,农商行Ⅱ,L,20191029,2521,6.9,6.54,-0.608,9.091,False,True,True,0,0,0,0,True,
601083.SH,601083,601083,锦江航运,主板,沪市,主板,801170.SI,交通运输,801992.SI,航运港口,航运港口,L,20231205,1023,2.8,12.78,0.235,7.087,False,True,True,0,0,0,0,True,
601086.SH,601086,601086,国芳集团,主板,沪市,主板,801200.SI,商贸零售,801203.SI,一般零售,一般零售,L,20170929,3281,8.98,17.02,-6.277,17.241,False,True,True,0,0,0,0,True,
601088.SH,601088,601088,中国神华,主板,沪市,主板,801950.SI,煤炭,801951.SI,煤炭开采,煤炭开采,L,20071009,6924,18.96,47.21,-0.631,72.727,False,True,True,0,0,0,0,True,
601089.SH,601089,601089,福元医药,主板,沪市,主板,801150.SI,医药生物,801151.SI,化学制药,化学制药,L,20220630,1546,4.23,16.29,-0.973,35.632,False,True,True,0,0,0,0,True,
601091.SH,601091,601091,沈鼓集团,主板,沪市,主板,,,,,未分类,L,20260917,6,0.02,30.0,-21.011,9.091,False,True,True,3,3,3,3,False,上市时间不足、近60日停牌
601096.SH,601096,601096,宏盛华源,主板,沪市,主板,801720.SI,建筑装饰,801724.SI,专业工程,专业工程,L,20231222,1006,2.75,4.08,-1.449,11.905,False,True,True,0,0,0,0,True,
601098.SH,601098,601098,中南传媒,主板,沪市,主板,801760.SI,传媒,801769.SI,出版,出版,L,20101028,5809,15.9,10.36,-1.987,11.65,False,True,True,0,0,0,0,True,
601099.SH,601099,601099,太平洋,主板,沪市,主板,801790.SI,非银金融,801193.SI,证券Ⅱ,证券Ⅱ,L,20071228,6844,18.74,3.54,-0.84,5.714,False,True,True,0,0,0,0,True,
601100.SH,601100,601100,恒立液压,主板,沪市,主板,801890.SI,机械设备,801077.SI,工程机械,工程机械,L,20111028,5444,14.9,91.6,-0.855,19.753,False,True,True,0,0,0,0,True,
601101.SH,601101,601101,昊华能源,主板,沪市,主板,801950.SI,煤炭,801951.SI,煤炭开采,煤炭开采,L,20100331,6020,16.48,13.25,-2.43,16.418,False,True,True,0,0,0,0,True,
601106.SH,601106,601106,中国一重,主板,沪市,主板,801890.SI,机械设备,801074.SI,专用设备,专用设备,L,20100209,6070,16.62,2.94,-1.672,41.935,False,True,True,0,0,0,0,True,
601107.SH,601107,601107,四川成渝,主板,沪市,主板,801170.SI,交通运输,801179.SI,铁路公路,铁路公路,L,20090727,6267,17.16,6.01,0.502,12.281,False,True,True,0,0,0,0,True,
601108.SH,601108,601108,财通证券,主板,沪市,主板,801790.SI,非银金融,801193.SI,证券Ⅱ,证券Ⅱ,L,20171024,3256,8.91,8.56,-0.465,8.235,False,True,True,0,0,0,0,True,
601111.SH,601111,601111,中国国航,主板,沪市,主板,801170.SI,交通运输,801991.SI,航空机场,航空机场,L,20060818,7341,20.1,5.96,0.506,25.806,False,True,True,0,0,0,0,True,
601112.SH,601112,601112,振石股份,主板,沪市,主板,801710.SI,建筑材料,801712.SI,玻璃玻纤,玻璃玻纤,L,20260129,237,0.65,16.42,-2.145,9.202,False,True,True,0,0,0,0,False,上市时间不足
601113.SH,601113,601113,华鼎股份,主板,沪市,主板,801030.SI,基础化工,801032.SI,化学纤维,化学纤维,L,20110509,5616,15.38,3.52,0.86,31.429,False,True,True,0,0,0,0,True,
601116.SH,601116,601116,三江购物,主板,沪市,主板,801200.SI,商贸零售,801203.SI,一般零售,一般零售,L,20110302,5684,15.56,10.21,-2.109,14.815,False,True,True,0,0,0,0,True,
601117.SH,601117,601117,中国化学,主板,沪市,主板,801720.SI,建筑装饰,801724.SI,专业工程,专业工程,L,20100107,6103,16.71,7.16,-0.968,8.0,False,True,True,0,0,0,0,True,
601118.SH,601118,601118,海南橡胶,主板,沪市,主板,801010.SI,农林牧渔,801016.SI,种植业,种植业,L,20110107,5738,15.71,6.66,1.835,23.077,False,True,True,0,0,0,0,True,
601121.SH,601121,601121,宝地矿业,主板,沪市,主板,801040.SI,钢铁,801043.SI,冶钢原料,冶钢原料,L,20230310,1293,3.54,7.26,0.554,12.5,False,True,True,0,0,0,0,True,
601123.SH,601123,601123,马矿股份,主板,沪市,主板,,,,,未分类,L,20260901,22,0.06,18.09,-2.742,8.242,False,True,True,1,1,1,1,False,上市时间不足、近60日停牌
601126.SH,601126,601126,四方股份,主板,沪市,主板,801730.SI,电力设备,801738.SI,电网设备,电网设备,L,20101231,5745,15.73,39.5,-1.717,15.217,False,True,True,0,0,0,0,True,
601127.SH,601127,601127,赛力斯,主板,沪市,主板,801880.SI,汽车,801095.SI,乘用车,乘用车,L,20160615,3752,10.27,47.2,-1.214,30.0,False,True,True,0,0,0,0,True,
601128.SH,601128,601128,常熟银行,主板,沪市,主板,801780.SI,银行,801785.SI,农商行Ⅱ,农商行Ⅱ,L,20160930,3645,9.98,6.19,-0.96,4.762,False,True,True,0,0,0,0,True,
601133.SH,601133,601133,柏诚股份,主板,沪市,主板,801720.SI,建筑装饰,801724.SI,专业工程,专业工程,L,20230410,1262,3.46,26.02,4.372,14.844,False,True,True,0,0,0,0,True,
601136.SH,601136,601136,首创证券,主板,沪市,主板,801790.SI,非银金融,801193.SI,证券Ⅱ,证券Ⅱ,L,20221222,1371,3.75,14.52,-0.069,12.587,False,True,True,0,0,0,0,True,
601137.SH,601137,601137,博威合金,主板,沪市,主板,801050.SI,有色金属,801051.SI,金属新材料,金属新材料,L,20110127,5718,15.66,20.49,0.688,18.0,False,True,True,0,0,0,0,True,
601138.SH,601138,601138,工业富联,主板,沪市,主板,801080.SI,电子,801085.SI,消费电子,消费电子,L,20180608,3029,8.29,62.98,-0.505,20.988,False,True,True,0,0,0,0,True,
601139.SH,601139,601139,深圳燃气,主板,沪市,主板,801160.SI,公用事业,801163.SI,燃气Ⅱ,燃气Ⅱ,L,20091225,6116,16.74,6.23,-0.796,10.938,False,True,True,0,0,0,0,True,
601155.SH,601155,601155,新城控股,主板,沪市,主板,801180.SI,房地产,801181.SI,房地产开发,房地产开发,L,20151204,3946,10.8,12.95,0.232,31.034,False,True,True,0,0,0,0,True,
601156.SH,601156,601156,东航物流,主板,沪市,主板,801170.SI,交通运输,801178.SI,物流,物流,L,20210609,1932,5.29,18.4,1.489,17.045,False,True,True,0,0,0,0,True,
601158.SH,601158,601158,重庆水务,主板,沪市,主板,801970.SI,环保,801971.SI,环境治理,环境治理,L,20100329,6022,16.49,3.99,-0.25,18.182,False,True,True,0,0,0,0,True,
601162.SH,601162,601162,天风证券,主板,沪市,主板,801790.SI,非银金融,801193.SI,证券Ⅱ,证券Ⅱ,L,20181019,2896,7.93,3.67,-1.344,5.405,False,True,True,0,0,0,0,True,
601163.SH,601163,601163,三角轮胎,主板,沪市,主板,801880.SI,汽车,801093.SI,汽车零部件,汽车零部件,L,20160909,3666,10.04,12.43,-0.48,18.182,False,True,True,0,0,0,0,True,
601166.SH,601166,601166,兴业银行,主板,沪市,主板,801780.SI,银行,801783.SI,股份制银行Ⅱ,股份制银行Ⅱ,L,20070205,7170,19.63,17.87,-0.112,11.111,False,True,True,0,0,0,0,True,
601168.SH,601168,601168,西部矿业,主板,沪市,主板,801050.SI,有色金属,801055.SI,工业金属,工业金属,L,20070712,7013,19.2,36.81,0.109,11.702,False,True,True,0,0,0,0,True,
601169.SH,601169,601169,北京银行,主板,沪市,主板,801780.SI,银行,801784.SI,城商行Ⅱ,城商行Ⅱ,L,20070919,6944,19.01,5.47,-0.906,13.725,False,True,True,0,0,0,0,True,
601177.SH,601177,601177,杭齿前进,主板,沪市,主板,801890.SI,机械设备,801072.SI,通用设备,通用设备,L,20101011,5826,15.95,13.73,0.292,9.559,False,True,True,0,0,0,0,True,
601179.SH,601179,601179,中国西电,主板,沪市,主板,801730.SI,电力设备,801738.SI,电网设备,电网设备,L,20100128,6082,16.65,12.0,-1.397,14.615,False,True,True,0,0,0,0,True,
601186.SH,601186,601186,中国铁建,主板,沪市,主板,801720.SI,建筑装饰,801723.SI,基础建设,基础建设,L,20080310,6771,18.54,6.03,-0.166,25.0,False,True,True,0,0,0,0,True,
601187.SH,601187,601187,厦门银行,主板,沪市,主板,801780.SI,银行,801784.SI,城商行Ⅱ,城商行Ⅱ,L,20201027,2157,5.91,6.93,-1.423,8.219,False,True,True,0,0,0,0,True,
601188.SH,601188,601188,龙江交通,主板,沪市,主板,801170.SI,交通运输,801179.SI,铁路公路,铁路公路,L,20100319,6032,16.51,2.84,-1.045,13.793,False,True,True,0,0,0,0,True,
601198.SH,601198,601198,东兴证券,主板,沪市,主板,801790.SI,非银金融,801193.SI,证券Ⅱ,证券Ⅱ,L,20150226,4227,11.57,,,,False,True,False,7,7,7,7,False,近60日停牌、无最新行情
601199.SH,601199,601199,江南水务,主板,沪市,主板,801970.SI,环保,801971.SI,环境治理,环境治理,L,20110317,5669,15.52,6.61,-1.048,15.873,False,True,True,0,0,0,0,True,
601200.SH,601200,601200,上海环境,主板,沪市,主板,801970.SI,环保,801971.SI,环境治理,环境治理,L,20170331,3463,9.48,6.82,-0.438,21.127,False,True,True,0,0,0,0,True,
601208.SH,601208,601208,东材科技,主板,沪市,主板,801030.SI,基础化工,801036.SI,塑料,塑料,L,20110520,5605,15.35,55.0,5.384,12.308,False,True,True,0,0,0,0,True,
601211.SH,601211,601211,国泰海通,主板,沪市,主板,801790.SI,非银金融,801193.SI,证券Ⅱ,证券Ⅱ,L,20150626,4107,11.24,17.67,-0.226,16.854,False,True,True,0,0,0,0,True,
601212.SH,601212,601212,白银有色,主板,沪市,主板,801050.SI,有色金属,801055.SI,工业金属,工业金属,L,20170215,3507,9.6,6.04,-0.821,17.188,False,True,True,0,0,0,0,True,
601216.SH,601216,601216,君正集团,主板,沪市,主板,801030.SI,基础化工,801033.SI,化学原料,化学原料,L,20110222,5692,15.58,4.51,-0.879,14.894,False,True,True,0,0,0,0,True,
601218.SH,601218,601218,吉鑫科技,主板,沪市,主板,801730.SI,电力设备,801736.SI,风电设备,风电设备,L,20110506,5619,15.38,5.0,-4.943,11.111,False,True,True,0,0,0,0,True,
601222.SH,601222,601222,林洋能源,主板,沪市,主板,801160.SI,公用事业,801161.SI,电力,电力,L,20110808,5525,15.13,5.97,0.168,11.864,False,True,True,0,0,0,0,True,
601225.SH,601225,601225,陕西煤业,主板,沪市,主板,801950.SI,煤炭,801951.SI,煤炭开采,煤炭开采,L,20140128,4621,12.65,25.68,-1.345,22.093,False,True,True,0,0,0,0,True,
601226.SH,601226,601226,华电科工,主板,沪市,主板,801720.SI,建筑装饰,801724.SI,专业工程,专业工程,L,20141211,4304,11.78,6.68,-1.037,34.375,False,True,True,0,0,0,0,True,
601228.SH,601228,601228,广州港,主板,沪市,主板,801170.SI,交通运输,801992.SI,航运港口,航运港口,L,20170329,3465,9.49,3.03,-0.98,12.5,False,True,True,0,0,0,0,True,
601229.SH,601229,601229,上海银行,主板,沪市,主板,801780.SI,银行,801784.SI,城商行Ⅱ,城商行Ⅱ,L,20161116,3598,9.85,9.47,-0.63,12.903,False,True,True,0,0,0,0,True,
601231.SH,601231,601231,环旭电子,主板,沪市,主板,801080.SI,电子,801085.SI,消费电子,消费电子,L,20120220,5329,14.59,26.94,0.186,37.037,False,True,True,0,0,0,0,True,
601233.SH,601233,601233,桐昆股份,主板,沪市,主板,801960.SI,石油石化,801963.SI,炼化及贸易,炼化及贸易,L,20110518,5607,15.35,24.08,0.669,18.987,False,True,True,0,0,0,0,True,
601236.SH,601236,601236,红塔证券,主板,沪市,主板,801790.SI,非银金融,801193.SI,证券Ⅱ,证券Ⅱ,L,20190705,2637,7.22,7.01,-0.708,25.0,False,True,True,0,0,0,0,True,
601238.SH,601238,601238,广汽集团,主板,沪市,主板,801880.SI,汽车,801095.SI,乘用车,乘用车,L,20120329,5291,14.49,,,,False,True,False,8,8,8,8,False,近60日停牌、无最新行情
601279.SH,601279,601279,英利汽车,主板,沪市,主板,801880.SI,汽车,801093.SI,汽车零部件,汽车零部件,L,20210415,1987,5.44,3.5,0.286,32.353,False,True,True,0,0,0,0,True,
601288.SH,601288,601288,农业银行,主板,沪市,主板,801780.SI,银行,801782.SI,国有大型银行Ⅱ,国有大型银行Ⅱ,L,20100715,5914,16.19,6.83,-0.727,25.0,False,True,True,0,0,0,0,True,
601298.SH,601298,601298,青岛港,主板,沪市,主板,801170.SI,交通运输,801992.SI,航运港口,航运港口,L,20190121,2802,7.67,9.69,-0.819,15.294,False,True,True,0,0,0,0,True,
601311.SH,601311,601311,骆驼股份,主板,沪市,主板,801730.SI,电力设备,801737.SI,电池,电池,L,20110602,5592,15.31,7.43,-0.134,17.949,False,True,True,0,0,0,0,True,
601318.SH,601318,601318,中国平安,主板,沪市,主板,801790.SI,非银金融,801194.SI,保险Ⅱ,保险Ⅱ,L,20070301,7146,19.56,53.87,-1.083,14.474,False,True,True,0,0,0,0,True,
601319.SH,601319,601319,中国人保,主板,沪市,主板,801790.SI,非银金融,801194.SI,保险Ⅱ,保险Ⅱ,L,20181116,2868,7.85,8.07,-1.224,38.889,False,True,True,0,0,0,0,True,
601326.SH,601326,601326,秦港股份,主板,沪市,主板,801170.SI,交通运输,801992.SI,航运港口,航运港口,L,20170816,3325,9.1,3.5,0.575,11.765,False,True,True,0,0,0,0,True,
601328.SH,601328,601328,交通银行,主板,沪市,主板,801780.SI,银行,801782.SI,国有大型银行Ⅱ,国有大型银行Ⅱ,L,20070515,7071,19.36,7.52,-0.397,13.043,False,True,True,0,0,0,0,True,
601330.SH,601330,601330,绿色动力,主板,沪市,主板,801970.SI,环保,801971.SI,环境治理,环境治理,L,20180611,3026,8.28,8.0,-2.32,15.0,False,True,True,0,0,0,0,True,
601333.SH,601333,601333,广深铁路,主板,沪市,主板,801170.SI,交通运输,801179.SI,铁路公路,铁路公路,L,20061222,7215,19.75,3.05,0.993,6.667,False,True,True,0,0,0,0,True,
601336.SH,601336,601336,新华保险,主板,沪市,主板,801790.SI,非银金融,801194.SI,保险Ⅱ,保险Ⅱ,L,20111216,5395,14.77,57.88,-1.363,8.14,False,True,True,0,0,0,0,True,
601339.SH,601339,601339,百隆东方,主板,沪市,主板,801130.SI,纺织服饰,801131.SI,纺织制造,纺织制造,L,20120612,5216,14.28,7.2,0.559,14.865,False,True,True,0,0,0,0,True,
601360.SH,601360,601360,三六零,主板,沪市,主板,801750.SI,计算机,801104.SI,软件开发,软件开发,L,20120116,5364,14.69,9.03,-1.634,13.333,False,True,True,0,0,0,0,True,
601366.SH,601366,601366,利群股份,主板,沪市,主板,801200.SI,商贸零售,801203.SI,一般零售,一般零售,L,20170412,3451,9.45,3.57,-1.923,11.111,False,True,True,0,0,0,0,True,
601368.SH,601368,601368,绿城水务,主板,沪市,主板,801970.SI,环保,801971.SI,环境治理,环境治理,L,20150612,4121,11.28,4.51,0.222,15.556,False,True,True,0,0,0,0,True,
601369.SH,601369,601369,陕鼓动力,主板,沪市,主板,801890.SI,机械设备,801074.SI,专用设备,专用设备,L,20100428,5992,16.41,8.95,-0.445,12.222,False,True,True,0,0,8,11,False,近60日停牌
601375.SH,601375,601375,中原证券,主板,沪市,主板,801790.SI,非银金融,801193.SI,证券Ⅱ,证券Ⅱ,L,20170103,3550,9.72,4.0,-0.99,7.317,False,True,True,0,0,0,0,True,
601377.SH,601377,601377,兴业证券,主板,沪市,主板,801790.SI,非银金融,801193.SI,证券Ⅱ,证券Ⅱ,L,20101013,5824,15.95,5.92,-0.838,5.085,False,True,True,0,0,0,0,True,
601388.SH,601388,601388,怡球资源,主板,沪市,主板,801050.SI,有色金属,801055.SI,工业金属,工业金属,L,20120423,5266,14.42,3.19,-1.846,12.121,False,True,True,0,0,0,0,True,
601390.SH,601390,601390,中国中铁,主板,沪市,主板,801720.SI,建筑装饰,801723.SI,基础建设,基础建设,L,20071203,6869,18.81,4.29,-0.464,31.111,False,True,True,0,0,0,0,True,
601398.SH,601398,601398,工商银行,主板,沪市,主板,801780.SI,银行,801782.SI,国有大型银行Ⅱ,国有大型银行Ⅱ,L,20061027,7271,19.91,8.09,-0.369,20.0,False,True,True,0,0,0,0,True,
601399.SH,601399,601399,国机重装,主板,沪市,主板,801890.SI,机械设备,801074.SI,专用设备,专用设备,L,20200608,2298,6.29,3.09,-2.215,28.125,False,True,True,0,0,0,0,True,
601456.SH,601456,601456,国联民生,主板,沪市,主板,801790.SI,非银金融,801193.SI,证券Ⅱ,证券Ⅱ,L,20200731,2245,6.15,8.65,-0.46,12.088,False,True,True,0,0,0,0,True,
601500.SH,601500,601500,通用股份,主板,沪市,主板,801880.SI,汽车,801093.SI,汽车零部件,汽车零部件,L,20160919,3656,10.01,3.91,0.514,15.0,False,True,True,0,0,0,0,True,
601512.SH,601512,601512,中新集团,主板,沪市,主板,801180.SI,房地产,801181.SI,房地产开发,房地产开发,L,20191220,2469,6.76,8.49,0.0,25.287,False,True,True,0,0,0,0,True,
601515.SH,601515,601515,衢州东峰,主板,沪市,主板,801140.SI,轻工制造,801141.SI,包装印刷,包装印刷,L,20120216,5333,14.6,3.24,-1.52,38.235,False,True,True,0,0,0,0,True,
601518.SH,601518,601518,吉林高速,主板,沪市,主板,801170.SI,交通运输,801179.SI,铁路公路,铁路公路,L,20100319,6032,16.51,2.76,-0.361,7.143,False,True,True,0,0,0,0,True,
601519.SH,601519,601519,大智慧,主板,沪市,主板,801750.SI,计算机,801104.SI,软件开发,软件开发,L,20110128,5717,15.65,8.9,-1.874,14.286,False,True,True,0,0,0,0,True,
601528.SH,601528,601528,瑞丰银行,主板,沪市,主板,801780.SI,银行,801785.SI,农商行Ⅱ,农商行Ⅱ,L,20210625,1916,5.25,5.0,0.806,8.163,False,True,True,0,0,0,0,True,
601555.SH,601555,601555,东吴证券,主板,沪市,主板,801790.SI,非银金融,801193.SI,证券Ⅱ,证券Ⅱ,L,20111212,5399,14.78,8.26,-0.959,10.0,False,True,True,0,0,0,0,True,
601566.SH,601566,601566,九牧王,主板,沪市,主板,801130.SI,纺织服饰,801132.SI,服装家纺,服装家纺,L,20110530,5595,15.32,9.05,-2.688,21.277,False,True,True,0,0,0,0,True,
601567.SH,601567,601567,三星电气,主板,沪市,主板,801730.SI,电力设备,801738.SI,电网设备,电网设备,L,20110615,5579,15.27,14.77,1.164,18.75,False,True,True,0,0,0,0,True,
601568.SH,601568,601568,北元化工,主板,沪市,主板,801030.SI,基础化工,801033.SI,化学原料,化学原料,L,20201020,2164,5.92,3.6,-1.639,15.789,False,True,True,0,0,0,0,True,
601577.SH,601577,601577,长沙银行,主板,沪市,主板,801780.SI,银行,801784.SI,城商行Ⅱ,城商行Ⅱ,L,20180926,2919,7.99,9.69,-0.103,9.574,False,True,True,0,0,0,0,True,
601579.SH,601579,601579,会稽山,主板,沪市,主板,801120.SI,食品饮料,801126.SI,非白酒,非白酒,L,20140825,4412,12.08,36.75,-1.895,17.021,False,True,True,0,0,0,0,True,
601588.SH,601588,601588,北辰实业,主板,沪市,主板,801180.SI,房地产,801181.SI,房地产开发,房地产开发,L,20061016,7282,19.94,1.79,0.0,17.647,False,True,True,0,0,0,0,True,
601595.SH,601595,601595,上海电影,主板,沪市,主板,801760.SI,传媒,801766.SI,影视院线,影视院线,L,20160817,3689,10.1,23.53,-4.505,25.333,False,True,True,0,0,0,0,True,
601598.SH,601598,601598,中国外运,主板,沪市,主板,801170.SI,交通运输,801178.SI,物流,物流,L,20190118,2805,7.68,6.48,0.621,18.333,False,True,True,0,0,0,0,True,
601599.SH,601599,601599,浙文影业,主板,沪市,主板,801130.SI,纺织服饰,801131.SI,纺织制造,纺织制造,L,20110527,5598,15.33,3.21,-2.134,9.375,False,True,True,0,0,0,0,True,
601600.SH,601600,601600,中国铝业,主板,沪市,主板,801050.SI,有色金属,801055.SI,工业金属,工业金属,L,20070430,7086,19.4,9.12,-1.618,10.526,False,True,True,0,0,0,0,True,
601601.SH,601601,601601,中国太保,主板,沪市,主板,801790.SI,非银金融,801194.SI,保险Ⅱ,保险Ⅱ,L,20071225,6847,18.75,31.61,-1.68,21.519,False,True,True,0,0,0,0,True,
601606.SH,601606,601606,长城军工,主板,沪市,主板,801740.SI,国防军工,801743.SI,地面兵装Ⅱ,地面兵装Ⅱ,L,20180806,2970,8.13,32.07,-3.112,9.524,False,True,True,0,0,0,0,True,
601607.SH,601607,601607,上海医药,主板,沪市,主板,801150.SI,医药生物,801154.SI,医药商业,医药商业,L,19940324,11871,32.5,16.06,0.125,10.843,False,True,True,0,0,0,0,True,
601608.SH,601608,601608,中信重工,主板,沪市,主板,801890.SI,机械设备,801074.SI,专用设备,专用设备,L,20120706,5192,14.21,4.6,-1.499,29.167,False,True,True,0,0,0,0,True,
601609.SH,601609,601609,金田股份,主板,沪市,主板,801050.SI,有色金属,801055.SI,工业金属,工业金属,L,20200422,2345,6.42,12.79,-3.472,6.87,False,True,True,0,0,0,0,True,
601611.SH,601611,601611,中国核建,主板,沪市,主板,801720.SI,建筑装饰,801723.SI,基础建设,基础建设,L,20160606,3761,10.3,10.26,-1.536,18.018,False,True,True,0,0,0,0,True,
601615.SH,601615,601615,明阳智能,主板,沪市,主板,801730.SI,电力设备,801736.SI,风电设备,风电设备,L,20190123,2800,7.67,9.72,0.31,21.212,False,True,True,0,0,0,0,True,
601616.SH,601616,601616,广电电气,主板,沪市,主板,801730.SI,电力设备,801738.SI,电网设备,电网设备,L,20110201,5713,15.64,3.76,-2.591,7.895,False,True,True,0,0,0,0,True,
601618.SH,601618,601618,中国中冶,主板,沪市,主板,801720.SI,建筑装饰,801724.SI,专业工程,专业工程,L,20090921,6211,17.0,2.55,-0.391,22.222,False,True,True,0,0,0,0,True,
601619.SH,601619,601619,嘉泽新能,主板,沪市,主板,801160.SI,公用事业,801161.SI,电力,电力,L,20170720,3352,9.18,4.01,-0.743,19.048,False,True,True,0,0,0,0,True,
601628.SH,601628,601628,中国人寿,主板,沪市,主板,801790.SI,非银金融,801194.SI,保险Ⅱ,保险Ⅱ,L,20070109,7197,19.7,38.6,-0.233,64.286,False,True,True,0,0,0,0,True,
601633.SH,601633,601633,长城汽车,主板,沪市,主板,801880.SI,汽车,801095.SI,乘用车,乘用车,L,20110928,5474,14.99,14.11,-0.141,60.606,False,True,True,0,0,0,0,True,
601636.SH,601636,601636,旗滨集团,主板,沪市,主板,801710.SI,建筑材料,801712.SI,玻璃玻纤,玻璃玻纤,L,20110812,5521,15.12,5.71,0.528,6.897,False,True,True,0,0,0,0,True,
601658.SH,601658,601658,邮储银行,主板,沪市,主板,801780.SI,银行,801782.SI,国有大型银行Ⅱ,国有大型银行Ⅱ,L,20191210,2479,6.79,5.32,-0.188,15.686,False,True,True,0,0,0,0,True,
601665.SH,601665,601665,齐鲁银行,主板,沪市,主板,801780.SI,银行,801784.SI,城商行Ⅱ,城商行Ⅱ,L,20210618,1923,5.26,6.88,0.88,15.942,False,True,True,0,0,0,0,True,
601666.SH,601666,601666,平煤股份,主板,沪市,主板,801950.SI,煤炭,801951.SI,煤炭开采,煤炭开采,L,20061123,7244,19.83,8.83,-2.753,19.78,False,True,True,0,0,0,0,True,
601668.SH,601668,601668,中国建筑,主板,沪市,主板,801720.SI,建筑装饰,801721.SI,房屋建设Ⅱ,房屋建设Ⅱ,L,20090729,6265,17.15,4.28,-0.465,11.111,False,True,True,0,0,0,0,True,
601669.SH,601669,601669,中国电建,主板,沪市,主板,801720.SI,建筑装饰,801723.SI,基础建设,基础建设,L,20111018,5454,14.93,4.59,-0.434,20.833,False,True,True,0,0,0,0,True,
601677.SH,601677,601677,明泰铝业,主板,沪市,主板,801050.SI,有色金属,801055.SI,工业金属,工业金属,L,20110919,5483,15.01,16.75,-1.817,5.357,False,True,True,0,0,0,0,True,
601678.SH,601678,601678,滨化股份,主板,沪市,主板,801030.SI,基础化工,801033.SI,化学原料,化学原料,L,20100223,6056,16.58,5.96,-1.488,11.475,False,True,True,0,0,0,0,True,
601686.SH,601686,601686,友发集团,主板,沪市,主板,801040.SI,钢铁,801044.SI,普钢,普钢,L,20201204,2119,5.8,5.02,-0.594,22.222,False,True,True,0,0,0,0,True,
601688.SH,601688,601688,华泰证券,主板,沪市,主板,801790.SI,非银金融,801193.SI,证券Ⅱ,证券Ⅱ,L,20100226,6053,16.57,18.35,-0.65,10.417,False,True,True,0,0,0,0,True,
601689.SH,601689,601689,拓普集团,主板,沪市,主板,801880.SI,汽车,801093.SI,汽车零部件,汽车零部件,L,20150319,4206,11.52,45.89,0.394,27.119,False,True,True,0,0,0,0,True,
601696.SH,601696,601696,中银证券,主板,沪市,主板,801790.SI,非银金融,801193.SI,证券Ⅱ,证券Ⅱ,L,20200226,2401,6.57,11.28,-0.966,10.0,False,True,True,0,0,0,0,True,
601698.SH,601698,601698,中国卫通,主板,沪市,主板,801740.SI,国防军工,801741.SI,航天装备Ⅱ,航天装备Ⅱ,L,20190628,2644,7.24,23.57,-1.792,41.379,False,True,True,0,0,0,0,True,
601699.SH,601699,601699,潞安环能,主板,沪市,主板,801950.SI,煤炭,801951.SI,煤炭开采,煤炭开采,L,20060922,7306,20.0,15.38,-2.349,15.0,False,True,True,0,0,0,0,True,
601700.SH,601700,601700,风范股份,主板,沪市,主板,801730.SI,电力设备,801738.SI,电网设备,电网设备,L,20110118,5727,15.68,6.31,-6.519,13.846,False,True,True,0,0,0,0,True,
601702.SH,601702,601702,华峰铝业,主板,沪市,主板,801050.SI,有色金属,801055.SI,工业金属,工业金属,L,20200907,2207,6.04,15.28,-2.114,29.114,False,True,True,0,0,0,0,True,
601717.SH,601717,601717,中创智领,主板,沪市,主板,801890.SI,机械设备,801074.SI,专用设备,专用设备,L,20100803,5895,16.14,13.57,-0.586,18.667,False,True,True,0,0,0,0,True,
601718.SH,601718,601718,ST际华,主板,沪市,主板,801130.SI,纺织服饰,801132.SI,服装家纺,服装家纺,L,20100816,5882,16.1,1.95,-1.515,33.333,True,True,True,0,0,0,0,False,ST
601727.SH,601727,601727,上海电气,主板,沪市,主板,801730.SI,电力设备,801733.SI,其他电源设备Ⅱ,其他电源设备Ⅱ,L,20081205,6501,17.8,6.65,-0.449,31.429,False,True,True,0,0,0,0,True,
601728.SH,601728,601728,中国电信,主板,沪市,主板,801770.SI,通信,801223.SI,通信服务,通信服务,L,20210820,1860,5.09,6.1,-0.327,27.419,False,True,True,0,0,0,0,True,
601766.SH,601766,601766,中国中车,主板,沪市,主板,801890.SI,机械设备,801076.SI,轨交设备Ⅱ,轨交设备Ⅱ,L,20080818,6610,18.1,5.92,-1.003,15.0,False,True,True,0,0,0,0,True,
601777.SH,601777,601777,千里科技,主板,沪市,主板,801880.SI,汽车,801881.SI,摩托车及其他,摩托车及其他,L,20101125,5781,15.83,7.71,-0.9,41.86,False,True,True,0,0,0,0,True,
601778.SH,601778,601778,晶科科技,主板,沪市,主板,801160.SI,公用事业,801161.SI,电力,电力,L,20200519,2318,6.35,3.43,-2.833,8.333,False,True,True,0,0,0,0,True,
601788.SH,601788,601788,光大证券,主板,沪市,主板,801790.SI,非银金融,801193.SI,证券Ⅱ,证券Ⅱ,L,20090818,6245,17.1,13.96,-0.711,12.5,False,True,True,0,0,0,0,True,
601789.SH,601789,601789,宁波建工,主板,沪市,主板,801720.SI,建筑装饰,801721.SI,房屋建设Ⅱ,房屋建设Ⅱ,L,20110816,5517,15.1,4.36,2.347,9.302,False,True,True,0,0,0,0,True,
601798.SH,601798,601798,蓝科高新,主板,沪市,主板,801890.SI,机械设备,801074.SI,专用设备,专用设备,L,20110622,5572,15.26,7.55,-0.527,7.895,False,True,True,0,0,0,0,True,
601799.SH,601799,601799,星宇股份,主板,沪市,主板,801880.SI,汽车,801093.SI,汽车零部件,汽车零部件,L,20110201,5713,15.64,70.81,-0.771,48.0,False,True,True,0,0,0,0,True,
601800.SH,601800,601800,中国交建,主板,沪市,主板,801720.SI,建筑装饰,801723.SI,基础建设,基础建设,L,20120309,5311,14.54,5.86,0.0,44.928,False,True,True,0,0,0,0,True,
601801.SH,601801,601801,皖新传媒,主板,沪市,主板,801760.SI,传媒,801769.SI,出版,出版,L,20100118,6092,16.68,5.46,-6.346,21.818,False,True,True,0,0,0,0,True,
601808.SH,601808,601808,中海油服,主板,沪市,主板,801960.SI,石油石化,801962.SI,油服工程,油服工程,L,20070928,6935,18.99,12.12,-0.899,32.258,False,True,True,0,0,0,0,True,
601811.SH,601811,601811,新华文轩,主板,沪市,主板,801760.SI,传媒,801769.SI,出版,出版,L,20160808,3698,10.12,18.5,9.988,25.758,False,True,True,0,0,0,0,True,
601816.SH,601816,601816,京沪高铁,主板,沪市,主板,801170.SI,交通运输,801179.SI,铁路公路,铁路公路,L,20200116,2442,6.69,4.71,-0.633,10.204,False,True,True,0,0,0,0,True,
601818.SH,601818,601818,光大银行,主板,沪市,主板,801780.SI,银行,801783.SI,股份制银行Ⅱ,股份制银行Ⅱ,L,20100818,5880,16.1,3.0,-0.332,9.677,False,True,True,0,0,0,0,True,
601825.SH,601825,601825,沪农商行,主板,沪市,主板,801780.SI,银行,801785.SI,农商行Ⅱ,农商行Ⅱ,L,20210819,1861,5.1,8.88,0.0,19.048,False,True,True,0,0,0,0,True,
601827.SH,601827,601827,三峰环境,主板,沪市,主板,801970.SI,环保,801971.SI,环境治理,环境治理,L,20200605,2301,6.3,7.86,0.255,9.877,False,True,True,0,0,0,0,True,
601828.SH,601828,601828,美凯龙,主板,沪市,主板,801200.SI,商贸零售,801203.SI,一般零售,一般零售,L,20180117,3171,8.68,2.19,-0.905,18.182,False,True,True,0,0,0,0,True,
601838.SH,601838,601838,成都银行,主板,沪市,主板,801780.SI,银行,801784.SI,城商行Ⅱ,城商行Ⅱ,L,20180131,3157,8.64,18.85,-0.737,7.216,False,True,True,0,0,0,0,True,
601857.SH,601857,601857,中国石油,主板,沪市,主板,801960.SI,石油石化,801963.SI,炼化及贸易,炼化及贸易,L,20071105,6897,18.88,10.71,-0.741,78.049,False,True,True,0,0,0,0,True,
601858.SH,601858,601858,中国科传,主板,沪市,主板,801760.SI,传媒,801769.SI,出版,出版,L,20170118,3535,9.68,21.36,-1.385,25.926,False,True,True,0,0,0,0,True,
601860.SH,601860,601860,紫金银行,主板,沪市,主板,801780.SI,银行,801785.SI,农商行Ⅱ,农商行Ⅱ,L,20190103,2820,7.72,2.55,-0.391,3.846,False,True,True,0,0,0,0,True,
601865.SH,601865,601865,福莱特,主板,沪市,主板,801730.SI,电力设备,801735.SI,光伏设备,光伏设备,L,20190215,2777,7.6,9.38,0.214,35.294,False,True,True,0,0,0,0,True,
601866.SH,601866,601866,中远海发,主板,沪市,主板,801170.SI,交通运输,801992.SI,航运港口,航运港口,L,20071212,6860,18.78,2.42,-1.224,16.667,False,True,True,0,0,0,0,True,
601868.SH,601868,601868,中国能建,主板,沪市,主板,801720.SI,建筑装饰,801723.SI,基础建设,基础建设,L,20210928,1821,4.99,2.41,-0.823,20.0,False,True,True,0,0,0,0,True,
601869.SH,601869,601869,长飞光纤,主板,沪市,主板,801770.SI,通信,801102.SI,通信设备,通信设备,L,20180720,2987,8.18,457.89,0.282,21.429,False,True,True,0,0,0,0,True,
601872.SH,601872,601872,招商轮船,主板,沪市,主板,801170.SI,交通运输,801992.SI,航运港口,航运港口,L,20061201,7236,19.81,20.78,-3.259,26.471,False,True,True,0,0,0,0,True,
601877.SH,601877,601877,正泰电器,主板,沪市,主板,801730.SI,电力设备,801738.SI,电网设备,电网设备,L,20100121,6089,16.67,25.18,-0.827,27.451,False,True,True,0,0,0,0,True,
601878.SH,601878,601878,浙商证券,主板,沪市,主板,801790.SI,非银金融,801193.SI,证券Ⅱ,证券Ⅱ,L,20170626,3376,9.24,9.14,0.0,15.789,False,True,True,0,0,0,0,True,
601880.SH,601880,601880,辽港股份,主板,沪市,主板,801170.SI,交通运输,801992.SI,航运港口,航运港口,L,20101206,5770,15.8,1.46,0.0,13.333,False,True,True,0,0,0,0,True,
601881.SH,601881,601881,中国银河,主板,沪市,主板,801790.SI,非银金融,801193.SI,证券Ⅱ,证券Ⅱ,L,20170123,3530,9.66,12.09,-0.739,26.772,False,True,True,0,0,0,0,True,
601882.SH,601882,601882,海天精工,主板,沪市,主板,801890.SI,机械设备,801072.SI,通用设备,通用设备,L,20161107,3607,9.88,23.93,2.265,15.278,False,True,True,0,0,0,0,True,
601886.SH,601886,601886,江河集团,主板,沪市,主板,801720.SI,建筑装饰,801722.SI,装修装饰Ⅱ,装修装饰Ⅱ,L,20110818,5515,15.1,13.64,1.867,37.5,False,True,True,0,0,0,0,True,
601888.SH,601888,601888,中国中免,主板,沪市,主板,801200.SI,商贸零售,801207.SI,旅游零售Ⅱ,旅游零售Ⅱ,L,20091015,6187,16.94,52.19,-0.153,7.143,False,True,True,0,0,0,0,True,
601890.SH,601890,601890,亚星锚链,主板,沪市,主板,801740.SI,国防军工,801744.SI,航海装备Ⅱ,航海装备Ⅱ,L,20101228,5748,15.74,9.34,-4.008,6.186,False,True,True,0,0,0,0,True,
601898.SH,601898,601898,中煤能源,主板,沪市,主板,801950.SI,煤炭,801951.SI,煤炭开采,煤炭开采,L,20080201,6809,18.64,13.92,-2.179,34.483,False,True,True,0,0,0,0,True,
601899.SH,601899,601899,紫金矿业,主板,沪市,主板,801050.SI,有色金属,801055.SI,工业金属,工业金属,L,20080425,6725,18.41,31.41,0.0,18.75,False,True,True,0,0,0,0,True,
601900.SH,601900,601900,南方传媒,主板,沪市,主板,801760.SI,传媒,801769.SI,出版,出版,L,20160215,3873,10.6,12.57,-0.868,11.475,False,True,True,0,0,0,0,True,
601901.SH,601901,601901,方正证券,主板,沪市,主板,801790.SI,非银金融,801193.SI,证券Ⅱ,证券Ⅱ,L,20110810,5523,15.12,6.87,-0.435,8.571,False,True,True,0,0,0,0,True,
601908.SH,601908,601908,京运通,主板,沪市,主板,801160.SI,公用事业,801161.SI,电力,电力,L,20110908,5494,15.04,2.94,-1.01,10.0,False,True,True,0,0,0,0,True,
601916.SH,601916,601916,浙商银行,主板,沪市,主板,801780.SI,银行,801783.SI,股份制银行Ⅱ,股份制银行Ⅱ,L,20191126,2493,6.83,2.86,-0.694,3.448,False,True,True,0,0,0,0,True,
601918.SH,601918,601918,新集能源,主板,沪市,主板,801950.SI,煤炭,801951.SI,煤炭开采,煤炭开采,L,20071219,6853,18.76,10.87,-0.731,13.725,False,True,True,0,0,0,0,True,
601919.SH,601919,601919,中远海控,主板,沪市,主板,801170.SI,交通运输,801992.SI,航运港口,航运港口,L,20070626,7029,19.24,16.36,-1.208,20.0,False,True,True,0,0,0,0,True,
601921.SH,601921,601921,浙版传媒,主板,沪市,主板,801760.SI,传媒,801769.SI,出版,出版,L,20210723,1888,5.17,7.64,-0.65,10.811,False,True,True,0,0,0,0,True,
601928.SH,601928,601928,凤凰传媒,主板,沪市,主板,801760.SI,传媒,801769.SI,出版,出版,L,20111130,5411,14.81,8.28,-2.243,15.385,False,True,True,0,0,0,0,True,
601929.SH,601929,601929,吉视传媒,主板,沪市,主板,801760.SI,传媒,801995.SI,电视广播Ⅱ,电视广播Ⅱ,L,20120223,5326,14.58,2.4,-5.512,12.0,False,True,True,0,0,0,0,True,
601933.SH,601933,601933,永辉超市,主板,沪市,主板,801200.SI,商贸零售,801203.SI,一般零售,一般零售,L,20101215,5761,15.77,3.01,-1.634,9.375,False,True,True,0,0,0,0,True,
601939.SH,601939,601939,建设银行,主板,沪市,主板,801780.SI,银行,801782.SI,国有大型银行Ⅱ,国有大型银行Ⅱ,L,20070925,6938,19.0,10.83,-0.824,11.111,False,True,True,0,0,0,0,True,
601949.SH,601949,601949,中国出版,主板,沪市,主板,801760.SI,传媒,801769.SI,出版,出版,L,20170821,3320,9.09,6.12,-7.553,16.393,False,True,True,0,0,0,0,True,
601952.SH,601952,601952,苏垦农发,主板,沪市,主板,801010.SI,农林牧渔,801016.SI,种植业,种植业,L,20170515,3418,9.36,9.36,-1.99,13.83,False,True,True,0,0,0,0,True,
601956.SH,601956,601956,东贝集团,主板,沪市,主板,801110.SI,家用电器,801116.SI,家电零部件Ⅱ,家电零部件Ⅱ,L,20201225,2098,5.74,4.95,0.61,22.449,False,True,True,0,0,0,0,True,
601958.SH,601958,601958,金钼股份,主板,沪市,主板,801050.SI,有色金属,801054.SI,小金属,小金属,L,20080417,6733,18.43,20.7,-1.382,18.919,False,True,True,0,0,0,0,True,
601963.SH,601963,601963,重庆银行,主板,沪市,主板,801780.SI,银行,801784.SI,城商行Ⅱ,城商行Ⅱ,L,20210205,2056,5.63,10.81,-1.098,12.727,False,True,True,0,0,0,0,True,
601965.SH,601965,601965,中国汽研,主板,沪市,主板,801880.SI,汽车,801092.SI,汽车服务,汽车服务,L,20120611,5217,14.28,13.26,2.079,28.571,False,True,True,0,0,0,0,True,
601966.SH,601966,601966,玲珑轮胎,主板,沪市,主板,801880.SI,汽车,801093.SI,汽车零部件,汽车零部件,L,20160706,3731,10.21,10.55,0.572,35.714,False,True,True,0,0,0,0,True,
601968.SH,601968,601968,宝钢包装,主板,沪市,主板,801140.SI,轻工制造,801141.SI,包装印刷,包装印刷,L,20150611,4122,11.29,4.47,0.224,22.727,False,True,True,0,0,0,0,True,
601969.SH,601969,601969,海南矿业,主板,沪市,主板,801040.SI,钢铁,801043.SI,冶钢原料,冶钢原料,L,20141209,4306,11.79,9.11,-2.567,25.532,False,True,True,0,0,0,0,True,
601975.SH,601975,601975,招商南油,主板,沪市,主板,801170.SI,交通运输,801992.SI,航运港口,航运港口,L,20190108,2815,7.71,4.42,-3.493,13.333,False,True,True,0,0,0,0,True,
601985.SH,601985,601985,中国核电,主板,沪市,主板,801160.SI,公用事业,801161.SI,电力,电力,L,20150610,4123,11.29,8.85,-0.113,5.618,False,True,True,0,0,0,0,True,
601988.SH,601988,601988,中国银行,主板,沪市,主板,801780.SI,银行,801782.SI,国有大型银行Ⅱ,国有大型银行Ⅱ,L,20060705,7385,20.22,6.58,-1.053,20.312,False,True,True,0,0,0,0,True,
601990.SH,601990,601990,南京证券,主板,沪市,主板,801790.SI,非银金融,801193.SI,证券Ⅱ,证券Ⅱ,L,20180613,3024,8.28,6.7,-0.594,22.059,False,True,True,0,0,0,0,True,
601991.SH,601991,601991,大唐发电,主板,沪市,主板,801160.SI,公用事业,801161.SI,电力,电力,L,20061220,7217,19.76,5.41,-2.873,15.254,False,True,True,0,0,0,0,True,
601992.SH,601992,601992,金隅集团,主板,沪市,主板,801710.SI,建筑材料,801711.SI,水泥,水泥,L,20110301,5685,15.56,1.42,0.709,28.571,False,True,True,0,0,0,0,True,
601995.SH,601995,601995,中金公司,主板,沪市,主板,801790.SI,非银金融,801193.SI,证券Ⅱ,证券Ⅱ,L,20201102,2151,5.89,32.65,2.673,10.345,False,True,True,7,7,7,7,False,近60日停牌
601996.SH,601996,601996,丰林集团,主板,沪市,主板,801140.SI,轻工制造,801142.SI,家居用品,家居用品,L,20110929,5473,14.98,2.99,-0.333,25.0,False,True,True,0,0,0,0,True,
601997.SH,601997,601997,贵阳银行,主板,沪市,主板,801780.SI,银行,801784.SI,城商行Ⅱ,城商行Ⅱ,L,20160816,3690,10.1,5.52,-0.361,5.357,False,True,True,0,0,0,0,True,
601998.SH,601998,601998,中信银行,主板,沪市,主板,801780.SI,银行,801783.SI,股份制银行Ⅱ,股份制银行Ⅱ,L,20070427,7089,19.41,9.05,0.111,22.093,False,True,True,0,0,0,0,True,
601999.SH,601999,601999,出版传媒,主板,沪市,主板,801760.SI,传媒,801769.SI,出版,出版,L,20071221,6851,18.76,6.9,-4.033,7.143,False,True,True,0,0,0,0,True,
603000.SH,603000,603000,人民网,主板,沪市,主板,801760.SI,传媒,801767.SI,数字媒体,数字媒体,L,20120427,5262,14.41,17.09,-1.725,9.302,False,True,True,0,0,0,0,True,
603001.SH,603001,603001,奥康国际,主板,沪市,主板,801130.SI,纺织服饰,801132.SI,服装家纺,服装家纺,L,20120426,5263,14.41,12.12,4.303,38.298,False,True,True,0,0,1,6,False,近60日停牌
603002.SH,603002,603002,宏昌电子,主板,沪市,主板,801080.SI,电子,801086.SI,电子化学品Ⅱ,电子化学品Ⅱ,L,20120518,5241,14.35,20.11,1.566,16.667,False,True,True,0,0,0,0,True,
603004.SH,603004,603004,鼎龙科技,主板,沪市,主板,801030.SI,基础化工,801034.SI,化学制品,化学制品,L,20231227,1001,2.74,19.18,0.682,11.053,False,True,True,0,0,0,0,True,
603005.SH,603005,603005,晶方科技,主板,沪市,主板,801080.SI,电子,801081.SI,半导体,半导体,L,20140210,4608,12.62,30.25,-0.231,5.96,False,True,True,0,0,0,0,True,
603006.SH,603006,603006,联明股份,主板,沪市,主板,801880.SI,汽车,801093.SI,汽车零部件,汽车零部件,L,20140630,4468,12.23,10.8,-0.735,29.091,False,True,True,0,0,0,0,True,
603007.SH,603007,603007,顺景科技,主板,沪市,主板,801720.SI,建筑装饰,801723.SI,基础建设,基础建设,L,20160826,3680,10.08,4.59,-2.548,12.245,False,True,True,0,0,0,0,True,
603008.SH,603008,603008,ST喜临门,主板,沪市,主板,801140.SI,轻工制造,801142.SI,家居用品,家居用品,L,20120717,5181,14.18,10.1,-0.883,22.727,True,True,True,0,0,0,0,False,ST
603009.SH,603009,603009,北特科技,主板,沪市,主板,801880.SI,汽车,801093.SI,汽车零部件,汽车零部件,L,20140718,4450,12.18,48.15,-0.783,11.688,False,True,True,0,0,0,0,True,
603010.SH,603010,603010,万盛股份,主板,沪市,主板,801030.SI,基础化工,801034.SI,化学制品,化学制品,L,20141010,4366,11.95,12.45,-0.4,28.814,False,True,True,0,0,0,0,True,
603011.SH,603011,603011,合锻智能,主板,沪市,主板,801890.SI,机械设备,801074.SI,专用设备,专用设备,L,20141107,4338,11.88,27.1,0.148,5.882,False,True,True,0,0,0,0,True,
603012.SH,603012,603012,创力集团,主板,沪市,主板,801890.SI,机械设备,801074.SI,专用设备,专用设备,L,20150320,4205,11.51,9.11,-0.871,14.894,False,True,True,0,0,0,0,True,
603013.SH,603013,603013,亚普股份,主板,沪市,主板,801880.SI,汽车,801093.SI,汽车零部件,汽车零部件,L,20180509,3059,8.38,14.38,0.0,41.071,False,True,True,0,0,0,0,True,
603014.SH,603014,603014,威高血净,主板,沪市,主板,801150.SI,医药生物,801153.SI,医疗器械,医疗器械,L,20250519,492,1.35,31.58,0.318,9.317,False,True,True,0,0,0,0,False,上市时间不足
603015.SH,603015,603015,弘讯科技,主板,沪市,主板,801890.SI,机械设备,801078.SI,自动化设备,自动化设备,L,20150303,4222,11.56,10.4,-2.072,18.519,False,True,True,0,0,0,0,True,
603016.SH,603016,603016,新宏泰,主板,沪市,主板,801730.SI,电力设备,801738.SI,电网设备,电网设备,L,20160701,3736,10.23,32.7,2.54,15.873,False,True,True,0,0,0,0,True,
603017.SH,603017,603017,中衡设计,主板,沪市,主板,801720.SI,建筑装饰,801726.SI,工程咨询服务Ⅱ,工程咨询服务Ⅱ,L,20141231,4284,11.73,9.97,-0.697,10.204,False,True,True,0,0,0,0,True,
603018.SH,603018,603018,华设集团,主板,沪市,主板,801720.SI,建筑装饰,801726.SI,工程咨询服务Ⅱ,工程咨询服务Ⅱ,L,20141013,4363,11.95,5.19,-0.954,16.981,False,True,True,0,0,0,0,True,
603019.SH,603019,603019,中科曙光,主板,沪市,主板,801750.SI,计算机,801101.SI,计算机设备,计算机设备,L,20141106,4339,11.88,83.5,-1.382,9.091,False,True,True,0,0,0,0,True,
603020.SH,603020,603020,爱普股份,主板,沪市,主板,801030.SI,基础化工,801034.SI,化学制品,化学制品,L,20150325,4200,11.5,13.34,-3.543,31.579,False,True,True,0,0,0,0,True,
603021.SH,603021,603021,*ST华鹏,主板,沪市,主板,801140.SI,轻工制造,801142.SI,家居用品,家居用品,L,20150423,4171,11.42,5.24,-3.853,24.561,True,True,True,0,0,0,0,False,ST
603022.SH,603022,603022,新通联,主板,沪市,主板,801140.SI,轻工制造,801141.SI,包装印刷,包装印刷,L,20150518,4146,11.35,8.92,-0.112,16.279,False,True,True,0,0,0,0,True,
603023.SH,603023,603023,威帝股份,主板,沪市,主板,801880.SI,汽车,801093.SI,汽车零部件,汽车零部件,L,20150527,4137,11.33,4.07,-1.691,12.195,False,True,True,0,0,0,0,True,
603025.SH,603025,603025,大豪科技,主板,沪市,主板,801890.SI,机械设备,801078.SI,自动化设备,自动化设备,L,20150422,4172,11.42,13.46,0.0,21.739,False,True,True,0,0,0,0,True,
603026.SH,603026,603026,石大胜华,主板,沪市,主板,801730.SI,电力设备,801737.SI,电池,电池,L,20150529,4135,11.32,58.99,-1.321,8.333,False,True,True,0,0,0,0,True,
603027.SH,603027,603027,千禾味业,主板,沪市,主板,801120.SI,食品饮料,801129.SI,调味发酵品Ⅱ,调味发酵品Ⅱ,L,20160307,3852,10.55,7.43,1.088,10.811,False,True,True,0,0,0,0,True,
603028.SH,603028,603028,赛福天,主板,沪市,主板,801890.SI,机械设备,801072.SI,通用设备,通用设备,L,20160331,3828,10.48,7.13,0.0,13.043,False,True,True,0,0,0,0,True,
603029.SH,603029,603029,天鹅股份,主板,沪市,主板,801890.SI,机械设备,801074.SI,专用设备,专用设备,L,20160427,3801,10.41,16.71,-1.124,8.929,False,True,True,0,0,0,0,True,
603030.SH,603030,603030,全筑股份,主板,沪市,主板,801720.SI,建筑装饰,801722.SI,装修装饰Ⅱ,装修装饰Ⅱ,L,20150320,4205,11.51,2.06,-1.435,9.524,False,True,True,0,0,0,0,True,
603031.SH,603031,603031,安孚科技,主板,沪市,主板,801730.SI,电力设备,801737.SI,电池,电池,L,20160822,3684,10.09,40.37,-2.933,10.577,False,True,True,0,0,0,0,True,
603032.SH,603032,603032,德新科技,主板,沪市,主板,801730.SI,电力设备,801737.SI,电池,电池,L,20170105,3548,9.71,18.36,-0.542,7.812,False,True,True,0,0,0,0,True,
603033.SH,603033,603033,三维股份,主板,沪市,主板,801030.SI,基础化工,801037.SI,橡胶,橡胶,L,20161207,3577,9.79,7.84,-1.135,43.902,False,True,True,0,0,0,0,True,
603035.SH,603035,603035,常熟汽饰,主板,沪市,主板,801880.SI,汽车,801093.SI,汽车零部件,汽车零部件,L,20170105,3548,9.71,10.35,0.0,24.545,False,True,True,0,0,0,0,True,
603036.SH,603036,603036,如通股份,主板,沪市,主板,801890.SI,机械设备,801074.SI,专用设备,专用设备,L,20161209,3575,9.79,13.66,-1.301,17.778,False,True,True,0,0,0,0,True,
603037.SH,603037,603037,凯众股份,主板,沪市,主板,801880.SI,汽车,801093.SI,汽车零部件,汽车零部件,L,20170120,3533,9.67,10.03,-0.1,18.627,False,True,True,0,0,0,0,True,
603038.SH,603038,603038,华立股份,主板,沪市,主板,801710.SI,建筑材料,801713.SI,装修建材,装修建材,L,20170116,3537,9.68,17.39,-1.024,12.727,False,True,True,0,0,0,0,True,
603039.SH,603039,603039,泛微网络,主板,沪市,主板,801750.SI,计算机,801104.SI,软件开发,软件开发,L,20170113,3540,9.69,37.86,-4.635,12.727,False,True,True,0,0,0,0,True,
603040.SH,603040,603040,新坐标,主板,沪市,主板,801880.SI,汽车,801093.SI,汽车零部件,汽车零部件,L,20170209,3513,9.62,48.68,3.663,30.882,False,True,True,0,0,0,0,True,
603041.SH,603041,603041,美思德,主板,沪市,主板,801030.SI,基础化工,801034.SI,化学制品,化学制品,L,20170330,3464,9.48,11.53,0.963,11.712,False,True,True,0,0,0,0,True,
603042.SH,603042,603042,华脉科技,主板,沪市,主板,801770.SI,通信,801102.SI,通信设备,通信设备,L,20170602,3400,9.31,17.03,-3.785,6.818,False,True,True,0,0,0,0,True,
603043.SH,603043,603043,广州酒家,主板,沪市,主板,801120.SI,食品饮料,801128.SI,休闲食品,休闲食品,L,20170627,3375,9.24,13.09,0.076,25.714,False,True,True,0,0,0,0,True,
603045.SH,603045,603045,福达合金,主板,沪市,主板,801050.SI,有色金属,801051.SI,金属新材料,金属新材料,L,20180517,3051,8.35,49.67,-1.311,8.738,False,True,True,0,0,0,0,True,
603048.SH,603048,603048,浙江黎明,主板,沪市,主板,801880.SI,汽车,801093.SI,汽车零部件,汽车零部件,L,20211116,1772,4.85,25.5,-0.778,28.571,False,True,True,0,0,0,0,True,
603049.SH,603049,603049,中策橡胶,主板,沪市,主板,801880.SI,汽车,801093.SI,汽车零部件,汽车零部件,L,20250605,475,1.3,45.06,-0.111,9.705,False,True,True,0,0,0,0,False,上市时间不足
603050.SH,603050,603050,科林电气,主板,沪市,主板,801730.SI,电力设备,801738.SI,电网设备,电网设备,L,20170414,3449,9.44,17.28,0.0,17.204,False,True,True,0,0,0,0,True,
603051.SH,603051,603051,鹿山新材,主板,沪市,主板,801030.SI,基础化工,801034.SI,化学制品,化学制品,L,20220325,1643,4.5,25.57,1.267,18.723,False,True,True,0,0,0,0,True,
603052.SH,603052,603052,可川科技,主板,沪市,主板,801080.SI,电子,801085.SI,消费电子,消费电子,L,20221011,1443,3.95,58.74,-0.827,9.231,False,True,True,0,0,0,0,True,
603053.SH,603053,603053,成都燃气,主板,沪市,主板,801160.SI,公用事业,801163.SI,燃气Ⅱ,燃气Ⅱ,L,20191217,2472,6.77,8.68,-0.686,15.957,False,True,True,0,0,0,0,True,
603055.SH,603055,603055,台华新材,主板,沪市,主板,801130.SI,纺织服饰,801131.SI,纺织制造,纺织制造,L,20170921,3289,9.0,9.26,-0.323,13.333,False,True,True,0,0,0,0,True,
603057.SH,603057,603057,紫燕食品,主板,沪市,主板,801120.SI,食品饮料,801128.SI,休闲食品,休闲食品,L,20220926,1458,3.99,18.34,-1.662,36.842,False,True,True,0,0,0,0,True,
603058.SH,603058,603058,永吉股份,主板,沪市,主板,801140.SI,轻工制造,801141.SI,包装印刷,包装印刷,L,20161223,3561,9.75,9.09,0.664,12.5,False,True,True,0,0,0,0,True,
603059.SH,603059,603059,倍加洁,主板,沪市,主板,801980.SI,美容护理,801981.SI,个护用品,个护用品,L,20180302,3127,8.56,25.49,-0.546,12.048,False,True,True,0,0,0,0,True,
603060.SH,603060,603060,国检集团,主板,沪市,主板,801210.SI,社会服务,801218.SI,专业服务,专业服务,L,20161109,3605,9.87,5.46,0.0,30.357,False,True,True,0,0,0,0,True,
603061.SH,603061,603061,金海通,主板,沪市,主板,801080.SI,电子,801081.SI,半导体,半导体,L,20230303,1300,3.56,342.1,-0.639,12.281,False,True,True,0,0,0,0,True,
603062.SH,603062,603062,麦加芯彩,主板,沪市,主板,801030.SI,基础化工,801034.SI,化学制品,化学制品,L,20231107,1051,2.88,38.85,0.129,15.385,False,True,True,0,0,0,0,True,
603063.SH,603063,603063,禾望电气,主板,沪市,主板,801730.SI,电力设备,801736.SI,风电设备,风电设备,L,20170728,3344,9.16,30.03,-0.53,8.974,False,True,True,0,0,0,0,True,
603065.SH,603065,603065,宿迁联盛,主板,沪市,主板,801030.SI,基础化工,801034.SI,化学制品,化学制品,L,20230321,1282,3.51,14.79,-1.004,15.862,False,True,True,0,0,0,0,True,
603066.SH,603066,603066,音飞储存,主板,沪市,主板,801170.SI,交通运输,801178.SI,物流,物流,L,20150611,4122,11.29,9.26,-1.068,9.783,False,True,True,0,0,0,0,True,
603067.SH,603067,603067,振华股份,主板,沪市,主板,801030.SI,基础化工,801033.SI,化学原料,化学原料,L,20160913,3662,10.03,39.86,9.989,10.959,False,True,True,0,0,0,0,True,
603068.SH,603068,603068,博通集成,主板,沪市,主板,801080.SI,电子,801081.SI,半导体,半导体,L,20190415,2718,7.44,45.87,-4.775,18.954,False,True,True,0,0,0,0,True,
603069.SH,603069,603069,海汽集团,主板,沪市,主板,801170.SI,交通运输,801179.SI,铁路公路,铁路公路,L,20160712,3725,10.2,13.37,-4.089,20.588,False,True,True,0,0,0,0,True,
603070.SH,603070,603070,万控智造,主板,沪市,主板,801730.SI,电力设备,801738.SI,电网设备,电网设备,L,20220310,1658,4.54,11.45,-0.952,52.991,False,True,True,0,0,0,0,True,
603071.SH,603071,603071,物产环能,主板,沪市,主板,801950.SI,煤炭,801951.SI,煤炭开采,煤炭开采,L,20211216,1742,4.77,12.3,-1.205,15.873,False,True,True,0,0,0,0,True,
603072.SH,603072,603072,天和磁材,主板,沪市,主板,801050.SI,有色金属,801051.SI,金属新材料,金属新材料,L,20250103,628,1.72,30.85,-0.676,9.677,False,True,True,0,0,0,0,False,上市时间不足
603073.SH,603073,603073,彩蝶实业,主板,沪市,主板,801030.SI,基础化工,801032.SI,化学纤维,化学纤维,L,20230316,1287,3.52,18.1,4.263,9.091,False,True,True,0,0,0,0,True,
603075.SH,603075,603075,热威股份,主板,沪市,主板,801110.SI,家用电器,801116.SI,家电零部件Ⅱ,家电零部件Ⅱ,L,20230911,1108,3.03,20.49,2.758,4.523,False,True,True,0,0,0,0,True,
603076.SH,603076,603076,乐惠国际,主板,沪市,主板,801890.SI,机械设备,801074.SI,专用设备,专用设备,L,20171113,3236,8.86,20.38,-0.049,11.765,False,True,True,0,0,0,0,True,
603077.SH,603077,603077,和邦生物,主板,沪市,主板,801030.SI,基础化工,801038.SI,农化制品,农化制品,L,20120731,5167,14.15,2.25,-1.316,13.043,False,True,True,0,0,0,0,True,
603078.SH,603078,603078,江化微,主板,沪市,主板,801080.SI,电子,801086.SI,电子化学品Ⅱ,电子化学品Ⅱ,L,20170410,3453,9.45,32.71,0.615,10.976,False,True,True,0,0,0,0,True,
603079.SH,603079,603079,圣达生物,主板,沪市,主板,801030.SI,基础化工,801034.SI,化学制品,化学制品,L,20170823,3318,9.08,13.28,-1.264,9.091,False,True,True,0,0,0,0,True,
603080.SH,603080,603080,新疆火炬,主板,沪市,主板,801160.SI,公用事业,801163.SI,燃气Ⅱ,燃气Ⅱ,L,20180103,3185,8.72,19.9,-0.45,10.204,False,True,True,0,0,0,0,True,
603081.SH,603081,603081,大丰实业,主板,沪市,主板,801890.SI,机械设备,801074.SI,专用设备,专用设备,L,20170420,3443,9.43,9.46,-0.211,33.333,False,True,True,0,0,0,0,True,
603082.SH,603082,603082,北自科技,主板,沪市,主板,801890.SI,机械设备,801078.SI,自动化设备,自动化设备,L,20240130,967,2.65,48.99,-5.058,4.95,False,True,True,0,0,0,0,True,
603083.SH,603083,603083,剑桥科技,主板,沪市,主板,801770.SI,通信,801102.SI,通信设备,通信设备,L,20171110,3239,8.87,218.17,-0.379,4.274,False,True,True,0,0,0,0,True,
603085.SH,603085,603085,天成自控,主板,沪市,主板,801880.SI,汽车,801093.SI,汽车零部件,汽车零部件,L,20150630,4103,11.23,9.82,0.102,14.0,False,True,True,0,0,0,0,True,
603086.SH,603086,603086,先达股份,主板,沪市,主板,801030.SI,基础化工,801038.SI,农化制品,农化制品,L,20170511,3422,9.37,5.82,-1.523,12.903,False,True,True,0,0,0,0,True,
603087.SH,603087,603087,甘李药业,主板,沪市,主板,801150.SI,医药生物,801152.SI,生物制品,生物制品,L,20200629,2277,6.23,74.56,5.475,9.756,False,True,True,0,0,0,0,True,
603088.SH,603088,603088,宁波精达,主板,沪市,主板,801890.SI,机械设备,801072.SI,通用设备,通用设备,L,20141111,4334,11.87,10.36,-0.766,11.765,False,True,True,0,0,0,0,True,
603089.SH,603089,603089,正裕工业,主板,沪市,主板,801880.SI,汽车,801093.SI,汽车零部件,汽车零部件,L,20170126,3527,9.66,9.77,1.244,12.121,False,True,True,0,0,0,0,True,
603090.SH,603090,603090,宏盛股份,主板,沪市,主板,801890.SI,机械设备,801072.SI,通用设备,通用设备,L,20160831,3675,10.06,39.08,-1.512,7.595,False,True,True,0,0,0,0,True,
603091.SH,603091,603091,众鑫股份,主板,沪市,主板,801140.SI,轻工制造,801141.SI,包装印刷,包装印刷,L,20240920,733,2.01,47.75,-0.81,8.537,False,True,True,0,0,0,0,True,
603092.SH,603092,603092,德力佳,主板,沪市,主板,801730.SI,电力设备,801736.SI,风电设备,风电设备,L,20251107,320,0.88,43.75,0.16,5.505,False,True,True,0,0,0,0,False,上市时间不足
603093.SH,603093,603093,南华期货,主板,沪市,主板,801790.SI,非银金融,801191.SI,多元金融,多元金融,L,20190830,2581,7.07,13.6,-1.163,11.628,False,True,True,0,0,0,0,True,
603095.SH,603095,603095,越剑智能,主板,沪市,主板,801890.SI,机械设备,801074.SI,专用设备,专用设备,L,20200415,2352,6.44,14.76,0.958,14.667,False,True,True,0,0,0,0,True,
603096.SH,603096,603096,新经典,主板,沪市,主板,801760.SI,传媒,801769.SI,出版,出版,L,20170425,3438,9.41,15.92,-1.241,16.0,False,True,True,0,0,0,0,True,
603097.SH,603097,603097,江苏华辰,主板,沪市,主板,801730.SI,电力设备,801738.SI,电网设备,电网设备,L,20220512,1595,4.37,18.55,0.597,21.053,False,True,True,0,0,0,0,True,
603098.SH,603098,603098,森特股份,主板,沪市,主板,801720.SI,建筑装饰,801724.SI,专业工程,专业工程,L,20161216,3568,9.77,10.74,-0.371,33.333,False,True,True,0,0,0,0,True,
603099.SH,603099,603099,长白山,主板,沪市,主板,801210.SI,社会服务,801993.SI,旅游及景区,旅游及景区,L,20140822,4415,12.09,40.49,1.301,7.576,False,True,True,0,0,0,0,True,
603100.SH,603100,603100,川仪股份,主板,沪市,主板,801890.SI,机械设备,801072.SI,通用设备,通用设备,L,20140805,4432,12.13,18.71,1.962,11.475,False,True,True,0,0,0,0,True,
603101.SH,603101,603101,汇嘉时代,主板,沪市,主板,801200.SI,商贸零售,801203.SI,一般零售,一般零售,L,20160506,3792,10.38,7.36,-1.997,9.459,False,True,True,0,0,0,0,True,
603102.SH,603102,603102,百合股份,主板,沪市,主板,801120.SI,食品饮料,801124.SI,食品加工,食品加工,L,20220125,1702,4.66,37.65,1.047,14.583,False,True,True,0,0,0,0,True,
603103.SH,603103,603103,横店影视,主板,沪市,主板,801760.SI,传媒,801766.SI,影视院线,影视院线,L,20171012,3268,8.95,16.27,-1.394,45.57,False,True,True,0,0,0,0,True,
603105.SH,603105,603105,芯能科技,主板,沪市,主板,801160.SI,公用事业,801161.SI,电力,电力,L,20180709,2998,8.21,8.19,-3.986,9.756,False,True,True,0,0,0,0,True,
603106.SH,603106,603106,恒银科技,主板,沪市,主板,801750.SI,计算机,801101.SI,计算机设备,计算机设备,L,20170920,3290,9.01,7.36,-4.416,10.256,False,True,True,0,0,0,0,True,
603107.SH,603107,603107,上海汽配,主板,沪市,主板,801880.SI,汽车,801093.SI,汽车零部件,汽车零部件,L,20231101,1057,2.89,12.19,0.0,7.5,False,True,True,0,0,0,0,True,
603108.SH,603108,603108,润达医疗,主板,沪市,主板,801150.SI,医药生物,801154.SI,医药商业,医药商业,L,20150527,4137,11.33,10.0,-1.672,10.204,False,True,True,0,0,0,0,True,
603109.SH,603109,603109,神驰机电,主板,沪市,主板,801880.SI,汽车,801093.SI,汽车零部件,汽车零部件,L,20191231,2458,6.73,17.45,0.809,29.31,False,True,True,0,0,0,0,True,
603110.SH,603110,603110,东方材料,主板,沪市,主板,801030.SI,基础化工,801034.SI,化学制品,化学制品,L,20171013,3267,8.94,25.1,-1.181,7.2,False,True,True,0,0,0,0,True,
603111.SH,603111,603111,康尼机电,主板,沪市,主板,801890.SI,机械设备,801076.SI,轨交设备Ⅱ,轨交设备Ⅱ,L,20140801,4436,12.15,6.08,-0.654,13.333,False,True,True,0,0,0,0,True,
603112.SH,603112,603112,华翔股份,主板,沪市,主板,801110.SI,家用电器,801116.SI,家电零部件Ⅱ,家电零部件Ⅱ,L,20200917,2197,6.02,17.61,-0.17,10.778,False,True,True,0,0,0,0,True,
603113.SH,603113,603113,金能科技,主板,沪市,主板,801030.SI,基础化工,801033.SI,化学原料,化学原料,L,20170511,3422,9.37,4.9,-1.606,19.231,False,True,True,0,0,0,0,True,
603115.SH,603115,603115,海星股份,主板,沪市,主板,801050.SI,有色金属,801055.SI,工业金属,工业金属,L,20190809,2602,7.12,77.1,-8.4,17.143,False,True,True,0,0,0,0,True,
603116.SH,603116,603116,红蜻蜓,主板,沪市,主板,801130.SI,纺织服饰,801132.SI,服装家纺,服装家纺,L,20150629,4104,11.24,6.75,0.746,16.129,False,True,True,0,0,0,0,True,
603117.SH,603117,603117,万林物流,主板,沪市,主板,801170.SI,交通运输,801178.SI,物流,物流,L,20150629,4104,11.24,3.87,-2.519,21.053,False,True,True,0,0,0,0,True,
603118.SH,603118,603118,共进股份,主板,沪市,主板,801770.SI,通信,801102.SI,通信设备,通信设备,L,20150225,4228,11.58,18.34,0.769,9.341,False,True,True,0,0,0,0,True,
603119.SH,603119,603119,浙江荣泰,主板,沪市,主板,801880.SI,汽车,801093.SI,汽车零部件,汽车零部件,L,20230801,1149,3.15,56.61,0.586,14.583,False,True,True,0,0,0,0,True,
603120.SH,603120,603120,肯特催化,主板,沪市,主板,801030.SI,基础化工,801034.SI,化学制品,化学制品,L,20250416,525,1.44,60.09,-2.451,13.725,False,True,True,0,0,0,0,False,上市时间不足
603121.SH,603121,603121,华培动力,主板,沪市,主板,801880.SI,汽车,801093.SI,汽车零部件,汽车零部件,L,20190111,2812,7.7,12.64,0.0,15.385,False,True,True,0,0,0,0,True,
603122.SH,603122,603122,合富中国,主板,沪市,主板,801150.SI,医药生物,801154.SI,医药商业,医药商业,L,20220216,1680,4.6,13.57,-2.374,9.489,False,True,True,0,0,0,0,True,
603123.SH,603123,603123,翠微股份,主板,沪市,主板,801200.SI,商贸零售,801203.SI,一般零售,一般零售,L,20120503,5256,14.39,9.56,-6.09,17.0,False,True,True,0,0,0,0,True,
603124.SH,603124,603124,江南新材,主板,沪市,主板,801050.SI,有色金属,801051.SI,金属新材料,金属新材料,L,20250320,552,1.51,145.0,9.998,9.009,False,True,True,0,0,0,0,False,上市时间不足
603125.SH,603125,603125,常青科技,主板,沪市,主板,801030.SI,基础化工,801034.SI,化学制品,化学制品,L,20230410,1262,3.46,24.52,3.112,36.864,False,True,True,0,0,0,0,True,
603126.SH,603126,603126,中材节能,主板,沪市,主板,801970.SI,环保,801972.SI,环保设备Ⅱ,环保设备Ⅱ,L,20140731,4437,12.15,6.35,-0.626,25.397,False,True,True,0,0,0,0,True,
603127.SH,603127,603127,昭衍新药,主板,沪市,主板,801150.SI,医药生物,801156.SI,医疗服务,医疗服务,L,20170825,3316,9.08,47.77,3.578,11.765,False,True,True,0,0,0,0,True,
603128.SH,603128,603128,华贸物流,主板,沪市,主板,801170.SI,交通运输,801178.SI,物流,物流,L,20120529,5230,14.32,5.25,-1.501,11.111,False,True,True,0,0,0,0,True,
603129.SH,603129,603129,春风动力,主板,沪市,主板,801880.SI,汽车,801881.SI,摩托车及其他,摩托车及其他,L,20170818,3323,9.1,296.97,-3.065,19.2,False,True,True,0,0,0,0,True,
603130.SH,603130,603130,云中马,主板,沪市,主板,801130.SI,纺织服饰,801131.SI,纺织制造,纺织制造,L,20221118,1405,3.85,38.71,0.939,18.812,False,True,True,0,0,0,0,True,
603131.SH,603131,603131,上海沪工,主板,沪市,主板,801890.SI,机械设备,801072.SI,通用设备,通用设备,L,20160607,3760,10.29,13.95,-0.072,12.766,False,True,True,0,0,0,0,True,
603132.SH,603132,603132,金徽股份,主板,沪市,主板,801050.SI,有色金属,801055.SI,工业金属,工业金属,L,20220222,1674,4.58,18.78,0.053,22.826,False,True,True,0,0,0,0,True,
603135.SH,603135,603135,中重科技,主板,沪市,主板,801890.SI,机械设备,801074.SI,专用设备,专用设备,L,20230410,1262,3.46,8.88,0.566,46.739,False,True,True,0,0,0,0,True,
603136.SH,603136,603136,天目湖,主板,沪市,主板,801210.SI,社会服务,801993.SI,旅游及景区,旅游及景区,L,20170927,3283,8.99,9.19,-1.395,16.304,False,True,True,0,0,0,0,True,
603137.SH,603137,603137,恒尚节能,主板,沪市,主板,801720.SI,建筑装饰,801722.SI,装修装饰Ⅱ,装修装饰Ⅱ,L,20230419,1253,3.43,20.06,-3.092,9.453,False,True,True,0,0,0,11,True,
603138.SH,603138,603138,海量数据,主板,沪市,主板,801750.SI,计算机,801103.SI,IT服务Ⅱ,IT服务Ⅱ,L,20170306,3488,9.55,15.04,-2.401,9.272,False,True,True,0,0,0,0,True,
603139.SH,603139,603139,康惠股份,主板,沪市,主板,801150.SI,医药生物,801155.SI,中药Ⅱ,中药Ⅱ,L,20170421,3442,9.42,36.57,0.082,11.579,False,True,True,0,0,0,0,True,
603150.SH,603150,603150,万朗磁塑,主板,沪市,主板,801030.SI,基础化工,801036.SI,塑料,塑料,L,20220124,1703,4.66,75.98,3.43,27.326,False,True,True,0,0,0,0,True,
603151.SH,603151,603151,邦基科技,主板,沪市,主板,801010.SI,农林牧渔,801014.SI,饲料,饲料,L,20221019,1435,3.93,18.31,1.16,21.839,False,True,True,0,0,0,0,True,
603153.SH,603153,603153,上海建科,主板,沪市,主板,801720.SI,建筑装饰,801726.SI,工程咨询服务Ⅱ,工程咨询服务Ⅱ,L,20230313,1290,3.53,13.41,0.374,10.853,False,True,True,0,0,0,0,True,
603155.SH,603155,603155,新亚强,主板,沪市,主板,801030.SI,基础化工,801034.SI,化学制品,化学制品,L,20200901,2213,6.06,15.58,1.897,14.286,False,True,True,0,0,0,0,True,
603156.SH,603156,603156,养元饮品,主板,沪市,主板,801120.SI,食品饮料,801127.SI,饮料乳品,饮料乳品,L,20180212,3145,8.61,45.2,0.736,28.571,False,True,True,0,0,0,0,True,
603158.SH,603158,603158,腾龙股份,主板,沪市,主板,801880.SI,汽车,801093.SI,汽车零部件,汽车零部件,L,20150320,4205,11.51,10.62,-2.12,8.411,False,True,True,0,0,0,0,True,
603159.SH,603159,603159,上海亚虹,主板,沪市,主板,801890.SI,机械设备,801074.SI,专用设备,专用设备,L,20160812,3694,10.11,23.44,3.809,14.035,False,True,True,6,6,6,12,False,近60日停牌
603160.SH,603160,603160,汇顶科技,主板,沪市,主板,801080.SI,电子,801081.SI,半导体,半导体,L,20161017,3628,9.93,55.15,-1.518,25.0,False,True,True,0,0,0,0,True,
603161.SH,603161,603161,科华控股,主板,沪市,主板,801880.SI,汽车,801093.SI,汽车零部件,汽车零部件,L,20180105,3183,8.71,14.95,-2.288,15.244,False,True,True,0,0,0,0,True,
603162.SH,603162,603162,海通发展,主板,沪市,主板,801170.SI,交通运输,801992.SI,航运港口,航运港口,L,20230329,1274,3.49,13.48,-4.735,5.755,False,True,True,0,0,0,0,True,
603163.SH,603163,603163,圣晖集成,主板,沪市,主板,801720.SI,建筑装饰,801724.SI,专业工程,专业工程,L,20221013,1441,3.95,83.5,0.324,9.524,False,True,True,0,0,0,0,True,
603165.SH,603165,603165,荣晟环保,主板,沪市,主板,801140.SI,轻工制造,801143.SI,造纸,造纸,L,20170117,3536,9.68,13.5,-0.808,9.559,False,True,True,0,0,0,0,True,
603166.SH,603166,603166,福达股份,主板,沪市,主板,801880.SI,汽车,801093.SI,汽车零部件,汽车零部件,L,20141127,4318,11.82,11.04,-0.181,19.643,False,True,True,0,0,0,0,True,
603167.SH,603167,603167,渤海轮渡,主板,沪市,主板,801170.SI,交通运输,801992.SI,航运港口,航运港口,L,20120906,5130,14.05,8.08,-0.247,8.235,False,True,True,0,0,0,0,True,
603168.SH,603168,603168,莎普爱思,主板,沪市,主板,801150.SI,医药生物,801151.SI,化学制药,化学制药,L,20140702,4466,12.23,5.86,-1.347,15.789,False,True,True,0,0,0,0,True,
603169.SH,603169,603169,兰石重装,主板,沪市,主板,801890.SI,机械设备,801074.SI,专用设备,专用设备,L,20141009,4367,11.96,6.05,-1.305,27.273,False,True,True,0,0,0,0,True,
603170.SH,603170,603170,宝立食品,主板,沪市,主板,801120.SI,食品饮料,801129.SI,调味发酵品Ⅱ,调味发酵品Ⅱ,L,20220715,1531,4.19,11.96,-0.993,11.29,False,True,True,0,0,0,0,True,
603171.SH,603171,603171,税友股份,主板,沪市,主板,801750.SI,计算机,801103.SI,IT服务Ⅱ,IT服务Ⅱ,L,20210630,1911,5.23,40.5,-3.11,20.183,False,True,True,0,0,0,0,True,
603172.SH,603172,603172,万丰股份,主板,沪市,主板,801030.SI,基础化工,801034.SI,化学制品,化学制品,L,20230510,1232,3.37,19.82,-0.201,21.978,False,True,True,0,0,0,0,True,
603173.SH,603173,603173,福斯达,主板,沪市,主板,801890.SI,机械设备,801074.SI,专用设备,专用设备,L,20230130,1332,3.65,29.99,0.942,26.19,False,True,True,0,0,0,0,True,
603175.SH,603175,603175,超颖电子,主板,沪市,主板,801080.SI,电子,801083.SI,元件,元件,L,20251024,334,0.91,114.58,1.327,15.771,False,True,True,0,0,0,0,False,上市时间不足
603176.SH,603176,603176,汇通集团,主板,沪市,主板,801720.SI,建筑装饰,801723.SI,基础建设,基础建设,L,20211231,1727,4.73,5.3,0.189,23.077,False,True,True,0,0,0,0,True,
603177.SH,603177,603177,德创环保,主板,沪市,主板,801970.SI,环保,801971.SI,环境治理,环境治理,L,20170207,3515,9.62,11.05,-2.985,9.346,False,True,True,0,0,0,0,True,
603178.SH,603178,603178,圣龙股份,主板,沪市,主板,801880.SI,汽车,801093.SI,汽车零部件,汽车零部件,L,20170328,3466,9.49,16.02,-1.233,12.195,False,True,True,0,0,0,0,True,
603179.SH,603179,603179,新泉股份,主板,沪市,主板,801880.SI,汽车,801093.SI,汽车零部件,汽车零部件,L,20170317,3477,9.52,40.91,1.388,10.0,False,True,True,0,0,0,0,True,
603180.SH,603180,603180,金牌家居,主板,沪市,主板,801140.SI,轻工制造,801142.SI,家居用品,家居用品,L,20170512,3421,9.37,15.76,-0.253,26.316,False,True,True,0,0,0,0,True,
603181.SH,603181,603181,皇马科技,主板,沪市,主板,801030.SI,基础化工,801034.SI,化学制品,化学制品,L,20170824,3317,9.08,12.84,1.023,27.481,False,True,True,0,0,0,0,True,
603182.SH,603182,603182,嘉华股份,主板,沪市,主板,801010.SI,农林牧渔,801012.SI,农产品加工,农产品加工,L,20220909,1475,4.04,13.61,-0.147,16.667,False,True,True,0,0,0,0,True,
603183.SH,603183,603183,建研院,主板,沪市,主板,801210.SI,社会服务,801218.SI,专业服务,专业服务,L,20170905,3305,9.05,4.99,-1.188,8.333,False,True,True,0,0,0,0,True,
603185.SH,603185,603185,弘元绿能,主板,沪市,主板,801730.SI,电力设备,801735.SI,光伏设备,光伏设备,L,20181228,2826,7.74,14.3,-0.418,30.0,False,True,True,0,0,0,0,True,
603186.SH,603186,603186,华正新材,主板,沪市,主板,801080.SI,电子,801083.SI,元件,元件,L,20170103,3550,9.72,227.7,0.53,8.333,False,True,True,0,0,0,0,True,
603187.SH,603187,603187,海容冷链,主板,沪市,主板,801890.SI,机械设备,801072.SI,通用设备,通用设备,L,20181129,2855,7.82,10.74,-0.739,16.071,False,True,True,0,0,0,0,True,
603188.SH,603188,603188,亚邦股份,主板,沪市,主板,801030.SI,基础化工,801034.SI,化学制品,化学制品,L,20140909,4397,12.04,4.54,-1.518,8.333,False,True,True,0,0,0,0,True,
603189.SH,603189,603189,*ST网达,主板,沪市,主板,801750.SI,计算机,801104.SI,软件开发,软件开发,L,20160914,3661,10.02,9.62,-3.024,14.894,True,True,True,0,0,0,0,False,ST
603190.SH,603190,603190,亚通精工,主板,沪市,主板,801880.SI,汽车,801093.SI,汽车零部件,汽车零部件,L,20230217,1314,3.6,16.38,-0.365,9.816,False,True,True,0,0,0,0,True,
603191.SH,603191,603191,望变电气,主板,沪市,主板,801730.SI,电力设备,801738.SI,电网设备,电网设备,L,20220428,1609,4.41,13.42,-1.323,16.438,False,True,True,0,0,0,0,True,
603192.SH,603192,603192,汇得科技,主板,沪市,主板,801030.SI,基础化工,801034.SI,化学制品,化学制品,L,20180828,2948,8.07,21.9,4.137,11.765,False,True,True,0,0,0,0,True,
603193.SH,603193,603193,润本股份,主板,沪市,主板,801980.SI,美容护理,801981.SI,个护用品,个护用品,L,20231017,1072,2.93,20.39,-1.259,8.824,False,True,True,0,0,0,0,True,
603194.SH,603194,603194,中力股份,主板,沪市,主板,801890.SI,机械设备,801077.SI,工程机械,工程机械,L,20241224,638,1.75,33.76,-0.56,9.942,False,True,True,0,0,0,0,False,上市时间不足
603195.SH,603195,603195,公牛集团,主板,沪市,主板,801140.SI,轻工制造,801142.SI,家居用品,家居用品,L,20200206,2421,6.63,38.03,0.105,21.739,False,True,True,0,0,0,0,True,
603196.SH,603196,603196,璞源材料,主板,沪市,主板,801130.SI,纺织服饰,801132.SI,服装家纺,服装家纺,L,20170531,3402,9.31,18.85,-1.257,37.5,False,True,True,0,0,0,0,True,
603197.SH,603197,603197,保隆科技,主板,沪市,主板,801880.SI,汽车,801093.SI,汽车零部件,汽车零部件,L,20170519,3414,9.35,29.3,0.722,8.163,False,True,True,0,0,0,0,True,
603198.SH,603198,603198,迎驾贡酒,主板,沪市,主板,801120.SI,食品饮料,801125.SI,白酒Ⅱ,白酒Ⅱ,L,20150528,4136,11.32,39.14,0.617,20.37,False,True,True,0,0,0,0,True,
603199.SH,603199,603199,九华旅游,主板,沪市,主板,801210.SI,社会服务,801993.SI,旅游及景区,旅游及景区,L,20150326,4199,11.5,32.8,-0.606,7.229,False,True,True,0,0,0,0,True,
603200.SH,603200,603200,上海洗霸,主板,沪市,主板,801970.SI,环保,801971.SI,环境治理,环境治理,L,20170601,3401,9.31,39.58,0.406,10.0,False,True,True,0,0,0,0,True,
603201.SH,603201,603201,常润股份,主板,沪市,主板,801880.SI,汽车,801093.SI,汽车零部件,汽车零部件,L,20220729,1517,4.15,15.94,1.593,12.102,False,True,True,0,0,0,0,True,
603202.SH,603202,603202,天有为,主板,沪市,主板,801880.SI,汽车,801093.SI,汽车零部件,汽车零部件,L,20250424,517,1.42,52.87,1.148,5.333,False,True,True,0,0,0,0,False,上市时间不足
603203.SH,603203,603203,快克智能,主板,沪市,主板,801890.SI,机械设备,801078.SI,自动化设备,自动化设备,L,20161108,3606,9.87,47.85,1.83,12.698,False,True,True,0,0,0,0,True,
603205.SH,603205,603205,健尔康,主板,沪市,主板,801150.SI,医药生物,801153.SI,医疗器械,医疗器械,L,20241107,685,1.88,21.62,-0.962,5.381,False,True,True,0,0,0,0,False,上市时间不足
603206.SH,603206,603206,嘉环科技,主板,沪市,主板,801770.SI,通信,801223.SI,通信服务,通信服务,L,20220506,1601,4.38,13.91,-1.207,13.768,False,True,True,0,0,0,0,True,
603207.SH,603207,603207,小方制药,主板,沪市,主板,801150.SI,医药生物,801151.SI,化学制药,化学制药,L,20240826,758,2.08,24.84,-2.012,6.024,False,True,True,0,0,0,0,True,
603208.SH,603208,603208,江山欧派,主板,沪市,主板,801140.SI,轻工制造,801142.SI,家居用品,家居用品,L,20170210,3512,9.62,11.28,-0.441,17.857,False,True,True,0,0,0,0,True,
603209.SH,603209,603209,兴通股份,主板,沪市,主板,801170.SI,交通运输,801992.SI,航运港口,航运港口,L,20220324,1644,4.5,14.61,-0.341,9.79,False,True,True,0,0,0,0,True,
603210.SH,603210,603210,泰鸿万立,主板,沪市,主板,801880.SI,汽车,801093.SI,汽车零部件,汽车零部件,L,20250409,532,1.46,13.64,0.664,6.618,False,True,True,0,0,0,0,False,上市时间不足
603211.SH,603211,603211,晋拓股份,主板,沪市,主板,801880.SI,汽车,801093.SI,汽车零部件,汽车零部件,L,20220725,1521,4.16,20.08,0.25,33.028,False,True,True,0,0,0,0,True,
603212.SH,603212,603212,赛伍技术,主板,沪市,主板,801730.SI,电力设备,801735.SI,光伏设备,光伏设备,L,20200430,2337,6.4,11.85,-0.754,11.304,False,True,True,0,0,0,0,True,
603213.SH,603213,603213,镇洋发展,主板,沪市,主板,801030.SI,基础化工,801033.SI,化学原料,化学原料,L,20211111,1777,4.87,13.76,0.365,7.246,False,True,True,0,0,0,0,True,
603214.SH,603214,603214,爱婴室,主板,沪市,主板,801200.SI,商贸零售,801204.SI,专业连锁Ⅱ,专业连锁Ⅱ,L,20180330,3099,8.48,13.43,-1.032,8.209,False,True,True,0,0,0,0,True,
603215.SH,603215,603215,比依股份,主板,沪市,主板,801110.SI,家用电器,801113.SI,小家电,小家电,L,20220218,1678,4.59,14.82,-2.756,25.85,False,True,True,0,0,0,0,True,
603216.SH,603216,603216,梦天家居,主板,沪市,主板,801140.SI,轻工制造,801142.SI,家居用品,家居用品,L,20211215,1743,4.77,23.53,3.429,13.333,False,True,True,0,0,0,0,True,
603217.SH,603217,603217,元利科技,主板,沪市,主板,801030.SI,基础化工,801034.SI,化学制品,化学制品,L,20190620,2652,7.26,28.8,1.266,23.077,False,True,True,0,0,0,0,True,
603218.SH,603218,603218,日月股份,主板,沪市,主板,801730.SI,电力设备,801736.SI,风电设备,风电设备,L,20161228,3556,9.74,9.24,-0.965,37.5,False,True,True,0,0,0,0,True,
603219.SH,603219,603219,富佳股份,主板,沪市,主板,801110.SI,家用电器,801113.SI,小家电,小家电,L,20211122,1766,4.84,12.76,-0.932,33.784,False,True,True,0,0,0,0,True,
603220.SH,603220,603220,中贝通信,主板,沪市,主板,801770.SI,通信,801223.SI,通信服务,通信服务,L,20181115,2869,7.85,18.47,-1.546,6.452,False,True,True,0,0,0,0,True,
603221.SH,603221,603221,爱丽家居,主板,沪市,主板,801140.SI,轻工制造,801142.SI,家居用品,家居用品,L,20200323,2375,6.5,32.69,-2.563,16.129,False,True,True,0,10,10,10,False,近60日停牌
603222.SH,603222,603222,济民健康,主板,沪市,主板,801150.SI,医药生物,801153.SI,医疗器械,医疗器械,L,20150217,4236,11.6,8.94,9.963,12.195,False,True,True,0,0,0,0,True,
603223.SH,603223,603223,恒通股份,主板,沪市,主板,801960.SI,石油石化,801963.SI,炼化及贸易,炼化及贸易,L,20150630,4103,11.23,10.01,-0.497,22.115,False,True,True,0,0,0,0,True,
603225.SH,603225,603225,新凤鸣,主板,沪市,主板,801030.SI,基础化工,801032.SI,化学纤维,化学纤维,L,20170418,3445,9.43,17.64,-0.62,19.681,False,True,True,0,0,0,0,True,
603226.SH,603226,603226,菲林格尔,主板,沪市,主板,801140.SI,轻工制造,801142.SI,家居用品,家居用品,L,20170615,3387,9.27,32.59,-0.972,43.158,False,True,True,0,0,0,0,True,
603227.SH,603227,603227,雪峰科技,主板,沪市,主板,801030.SI,基础化工,801034.SI,化学制品,化学制品,L,20150515,4149,11.36,7.52,-0.397,20.513,False,True,True,0,0,0,0,True,
603228.SH,603228,603228,景旺电子,主板,沪市,主板,801080.SI,电子,801083.SI,元件,元件,L,20170106,3547,9.71,107.45,1.253,9.244,False,True,True,0,0,0,0,True,
603229.SH,603229,603229,奥翔药业,主板,沪市,主板,801150.SI,医药生物,801151.SI,化学制药,化学制药,L,20170509,3424,9.37,8.4,3.576,25.926,False,True,True,0,0,0,0,True,
603230.SH,603230,603230,内蒙新华,主板,沪市,主板,801760.SI,传媒,801769.SI,出版,出版,L,20211224,1734,4.75,16.79,2.943,22.013,False,True,True,0,0,0,0,True,
603231.SH,603231,603231,索宝蛋白,主板,沪市,主板,801010.SI,农林牧渔,801012.SI,农产品加工,农产品加工,L,20231215,1013,2.77,17.17,-0.348,10.366,False,True,True,0,0,0,0,True,
603232.SH,603232,603232,格尔软件,主板,沪市,主板,801750.SI,计算机,801104.SI,软件开发,软件开发,L,20170421,3442,9.42,16.99,4.747,8.75,False,True,True,0,0,0,0,True,
603233.SH,603233,603233,大参林,主板,沪市,主板,801150.SI,医药生物,801154.SI,医药商业,医药商业,L,20170731,3341,9.15,17.97,1.239,13.889,False,True,True,0,0,0,0,True,
603235.SH,603235,603235,天新药业,主板,沪市,主板,801030.SI,基础化工,801034.SI,化学制品,化学制品,L,20220712,1534,4.2,25.19,0.0,12.5,False,True,True,0,0,0,0,True,
603236.SH,603236,603236,移远通信,主板,沪市,主板,801770.SI,通信,801102.SI,通信设备,通信设备,L,20190716,2626,7.19,74.58,-2.062,23.656,False,True,True,0,0,0,0,True,
603237.SH,603237,603237,五芳斋,主板,沪市,主板,801120.SI,食品饮料,801124.SI,食品加工,食品加工,L,20220831,1484,4.06,15.17,-0.59,20.667,False,True,True,0,0,0,0,True,
603238.SH,603238,603238,诺邦股份,主板,沪市,主板,801130.SI,纺织服饰,801131.SI,纺织制造,纺织制造,L,20170222,3500,9.58,12.54,0.966,7.5,False,True,True,0,0,0,0,True,
603239.SH,603239,603239,浙江仙通,主板,沪市,主板,801880.SI,汽车,801093.SI,汽车零部件,汽车零部件,L,20161230,3554,9.73,14.18,1.576,22.535,False,True,True,0,0,0,0,True,
603248.SH,603248,603248,锡华科技,主板,沪市,主板,801730.SI,电力设备,801736.SI,风电设备,风电设备,L,20251223,274,0.75,21.49,-10.008,8.636,False,True,True,0,0,0,0,False,上市时间不足
603255.SH,603255,603255,鼎际得,主板,沪市,主板,801030.SI,基础化工,801034.SI,化学制品,化学制品,L,20220818,1497,4.1,32.51,-3.502,14.062,False,True,True,0,0,0,0,True,
603256.SH,603256,603256,宏和科技,主板,沪市,主板,801710.SI,建筑材料,801712.SI,玻璃玻纤,玻璃玻纤,L,20190719,2623,7.18,156.8,-1.52,20.93,False,True,True,0,0,0,0,True,
603257.SH,603257,603257,中国瑞林,主板,沪市,主板,801720.SI,建筑装饰,801726.SI,工程咨询服务Ⅱ,工程咨询服务Ⅱ,L,20250408,533,1.46,70.37,1.986,5.682,False,True,True,0,0,0,0,False,上市时间不足
603258.SH,603258,603258,电魂网络,主板,沪市,主板,801760.SI,传媒,801764.SI,游戏Ⅱ,游戏Ⅱ,L,20161026,3619,9.91,14.05,-4.875,18.182,False,True,True,0,0,0,0,True,
603259.SH,603259,603259,药明康德,主板,沪市,主板,801150.SI,医药生物,801156.SI,医疗服务,医疗服务,L,20180508,3060,8.38,167.95,0.06,11.215,False,True,True,0,0,0,0,True,
603260.SH,603260,603260,合盛硅业,主板,沪市,主板,801030.SI,基础化工,801034.SI,化学制品,化学制品,L,20171030,3250,8.9,32.9,0.366,44.444,False,True,True,0,0,0,0,True,
603261.SH,603261,603261,立航科技,主板,沪市,主板,801740.SI,国防军工,801742.SI,航空装备Ⅱ,航空装备Ⅱ,L,20220315,1653,4.53,52.0,-4.324,12.409,False,True,True,0,0,0,2,True,
603262.SH,603262,603262,技源集团,主板,沪市,主板,801120.SI,食品饮料,801124.SI,食品加工,食品加工,L,20250723,427,1.17,18.61,2.591,11.111,False,True,True,0,0,0,0,False,上市时间不足
603266.SH,603266,603266,天龙股份,主板,沪市,主板,801880.SI,汽车,801093.SI,汽车零部件,汽车零部件,L,20170110,3543,9.7,18.16,-0.329,11.628,False,True,True,0,0,0,0,True,
603267.SH,603267,603267,鸿远电子,主板,沪市,主板,801740.SI,国防军工,801745.SI,军工电子Ⅱ,军工电子Ⅱ,L,20190515,2688,7.36,51.63,0.35,7.692,False,True,True,0,0,0,0,True,
603268.SH,603268,603268,松发股份,主板,沪市,主板,801740.SI,国防军工,801744.SI,航海装备Ⅱ,航海装备Ⅱ,L,20150319,4206,11.52,215.32,-1.68,14.444,False,True,True,0,0,0,0,True,
603269.SH,603269,603269,海鸥股份,主板,沪市,主板,801890.SI,机械设备,801072.SI,通用设备,通用设备,L,20170517,3416,9.35,26.88,-0.149,10.0,False,True,True,0,0,0,0,True,
603270.SH,603270,603270,金帝股份,主板,沪市,主板,801890.SI,机械设备,801072.SI,通用设备,通用设备,L,20230901,1118,3.06,37.37,1.329,9.642,False,True,True,0,0,0,0,True,
603271.SH,603271,603271,永杰新材,主板,沪市,主板,801050.SI,有色金属,801055.SI,工业金属,工业金属,L,20250311,561,1.54,39.59,-1.956,11.321,False,True,True,0,0,0,0,False,上市时间不足
603272.SH,603272,603272,*ST联翔,主板,沪市,主板,801140.SI,轻工制造,801142.SI,家居用品,家居用品,L,20220520,1587,4.34,16.1,-3.593,14.634,True,True,True,0,0,0,0,False,ST
603273.SH,603273,603273,天元智能,主板,沪市,主板,801890.SI,机械设备,801077.SI,工程机械,工程机械,L,20231023,1066,2.92,14.73,0.0,5.479,False,True,True,0,0,0,0,True,
603275.SH,603275,603275,众辰科技,主板,沪市,主板,801890.SI,机械设备,801078.SI,自动化设备,自动化设备,L,20230823,1127,3.09,37.05,0.734,6.557,False,True,True,0,0,0,0,True,
603276.SH,603276,603276,恒兴新材,主板,沪市,主板,801030.SI,基础化工,801034.SI,化学制品,化学制品,L,20230925,1094,3.0,18.34,0.991,12.571,False,True,True,0,0,0,0,True,
603277.SH,603277,603277,银都股份,主板,沪市,主板,801890.SI,机械设备,801072.SI,通用设备,通用设备,L,20170911,3299,9.03,11.56,1.315,47.541,False,True,True,0,0,0,0,True,
603278.SH,603278,603278,大业股份,主板,沪市,主板,801890.SI,机械设备,801072.SI,通用设备,通用设备,L,20171113,3236,8.86,8.91,-1.656,6.522,False,True,True,0,0,0,0,True,
603279.SH,603279,603279,景津装备,主板,沪市,主板,801890.SI,机械设备,801072.SI,通用设备,通用设备,L,20190729,2613,7.15,11.22,0.358,21.667,False,True,True,0,0,0,0,True,
603280.SH,603280,603280,南方路机,主板,沪市,主板,801890.SI,机械设备,801077.SI,工程机械,工程机械,L,20221108,1415,3.87,26.75,3.123,8.333,False,True,True,0,0,0,0,True,
603281.SH,603281,603281,江瀚新材,主板,沪市,主板,801030.SI,基础化工,801034.SI,化学制品,化学制品,L,20230131,1331,3.64,19.72,4.339,35.714,False,True,True,0,0,0,0,True,
603282.SH,603282,603282,亚光股份,主板,沪市,主板,801970.SI,环保,801972.SI,环保设备Ⅱ,环保设备Ⅱ,L,20230315,1288,3.53,17.35,2.059,16.981,False,True,True,0,0,0,0,True,
603283.SH,603283,603283,赛腾股份,主板,沪市,主板,801890.SI,机械设备,801078.SI,自动化设备,自动化设备,L,20171225,3194,8.74,46.9,2.29,6.061,False,True,True,0,0,0,0,True,
603284.SH,603284,603284,林平发展,主板,沪市,主板,801140.SI,轻工制造,801143.SI,造纸,造纸,L,20260210,225,0.62,42.0,1.572,4.612,False,True,True,0,0,0,0,False,上市时间不足
603285.SH,603285,603285,键邦股份,主板,沪市,主板,801030.SI,基础化工,801034.SI,化学制品,化学制品,L,20240705,810,2.22,38.19,-0.287,3.15,False,True,True,0,0,0,0,True,
603286.SH,603286,603286,日盈电子,主板,沪市,主板,801880.SI,汽车,801093.SI,汽车零部件,汽车零部件,L,20170627,3375,9.24,45.97,5.412,10.811,False,True,True,0,0,0,0,True,
603288.SH,603288,603288,海天味业,主板,沪市,主板,801120.SI,食品饮料,801129.SI,调味发酵品Ⅱ,调味发酵品Ⅱ,L,20140211,4607,12.61,34.27,-0.058,106.061,False,True,True,0,0,0,0,True,
603289.SH,603289,603289,泰瑞机器,主板,沪市,主板,801890.SI,机械设备,801074.SI,专用设备,专用设备,L,20171031,3249,8.9,11.16,0.996,24.468,False,True,True,0,0,0,0,True,
603290.SH,603290,603290,斯达半导,主板,沪市,主板,801080.SI,电子,801081.SI,半导体,半导体,L,20200204,2423,6.63,88.03,1.021,11.538,False,True,True,0,0,0,0,True,
603291.SH,603291,603291,联合水务,主板,沪市,主板,801970.SI,环保,801971.SI,环境治理,环境治理,L,20230327,1276,3.49,8.9,-0.559,15.73,False,True,True,0,0,0,0,True,
603293.SH,603293,603293,埃泰克,主板,沪市,主板,801880.SI,汽车,801093.SI,汽车零部件,汽车零部件,L,20260416,160,0.44,36.79,-1.42,6.952,False,True,True,0,0,0,0,False,上市时间不足
603296.SH,603296,603296,华勤技术,主板,沪市,主板,801080.SI,电子,801085.SI,消费电子,消费电子,L,20230808,1142,3.13,79.89,-0.05,9.091,False,True,True,0,0,0,0,True,
603297.SH,603297,603297,永新光学,主板,沪市,主板,801080.SI,电子,801084.SI,光学光电子,光学光电子,L,20180910,2935,8.04,115.58,0.173,22.892,False,True,True,0,0,0,0,True,
603298.SH,603298,603298,杭叉集团,主板,沪市,主板,801890.SI,机械设备,801077.SI,工程机械,工程机械,L,20161227,3557,9.74,23.29,-0.682,15.116,False,True,True,0,0,0,0,True,
603299.SH,603299,603299,苏盐井神,主板,沪市,主板,801030.SI,基础化工,801033.SI,化学原料,化学原料,L,20151231,3919,10.73,8.76,0.114,22.581,False,True,True,0,0,0,0,True,
603300.SH,603300,603300,海南华铁,主板,沪市,主板,801790.SI,非银金融,801191.SI,多元金融,多元金融,L,20150529,4135,11.32,4.59,-1.923,8.333,False,True,True,0,0,0,0,True,
603301.SH,603301,603301,振德医疗,主板,沪市,主板,801150.SI,医药生物,801153.SI,医疗器械,医疗器械,L,20180412,3086,8.45,80.95,1.2,11.702,False,True,True,0,0,0,0,True,
603303.SH,603303,603303,得邦照明,主板,沪市,主板,801110.SI,家用电器,801115.SI,照明设备Ⅱ,照明设备Ⅱ,L,20170330,3464,9.48,29.35,-0.508,44.578,False,True,True,0,0,0,0,True,
603305.SH,603305,603305,旭升集团,主板,沪市,主板,801880.SI,汽车,801093.SI,汽车零部件,汽车零部件,L,20170710,3362,9.2,11.22,-0.444,16.216,False,True,True,0,0,0,0,True,
603306.SH,603306,603306,华懋科技,主板,沪市,主板,801880.SI,汽车,801093.SI,汽车零部件,汽车零部件,L,20140926,4380,11.99,83.29,-0.192,13.542,False,True,True,0,0,0,0,True,
603307.SH,603307,603307,扬州金泉,主板,沪市,主板,801130.SI,纺织服饰,801132.SI,服装家纺,服装家纺,L,20230216,1315,3.6,26.43,3.202,15.102,False,True,True,0,0,0,0,True,
603308.SH,603308,603308,应流股份,主板,沪市,主板,801890.SI,机械设备,801072.SI,通用设备,通用设备,L,20140122,4627,12.67,40.15,-2.145,11.215,False,True,True,0,0,0,0,True,
603309.SH,603309,603309,维力医疗,主板,沪市,主板,801150.SI,医药生物,801153.SI,医疗器械,医疗器械,L,20150302,4223,11.56,11.05,-0.09,7.895,False,True,True,0,0,0,0,True,
603310.SH,603310,603310,巍华新材,主板,沪市,主板,801030.SI,基础化工,801034.SI,化学制品,化学制品,L,20240814,770,2.11,14.88,0.27,7.483,False,True,True,0,0,0,0,True,
603311.SH,603311,603311,金海高科,主板,沪市,主板,801110.SI,家用电器,801116.SI,家电零部件Ⅱ,家电零部件Ⅱ,L,20150518,4146,11.35,25.46,-1.471,15.385,False,True,True,0,0,0,0,True,
603312.SH,603312,603312,西典新能,主板,沪市,主板,801730.SI,电力设备,801738.SI,电网设备,电网设备,L,20240111,986,2.7,31.8,-0.469,6.604,False,True,True,0,0,0,0,True,
603313.SH,603313,603313,梦百合,主板,沪市,主板,801140.SI,轻工制造,801142.SI,家居用品,家居用品,L,20161013,3632,9.94,6.57,-5.468,9.091,False,True,True,0,0,0,0,True,
603315.SH,603315,603315,福鞍股份,主板,沪市,主板,801970.SI,环保,801971.SI,环境治理,环境治理,L,20150424,4170,11.42,11.04,0.546,12.821,False,True,True,0,0,0,0,True,
603316.SH,603316,603316,诚邦股份,主板,沪市,主板,801720.SI,建筑装饰,801723.SI,基础建设,基础建设,L,20170619,3383,9.26,17.27,-5.214,18.286,False,True,True,0,0,0,0,True,
603317.SH,603317,603317,天味食品,主板,沪市,主板,801120.SI,食品饮料,801129.SI,调味发酵品Ⅱ,调味发酵品Ⅱ,L,20190416,2717,7.44,12.8,-0.389,13.235,False,True,True,0,0,0,0,True,
603318.SH,603318,603318,水发燃气,主板,沪市,主板,801160.SI,公用事业,801163.SI,燃气Ⅱ,燃气Ⅱ,L,20150424,4170,11.42,8.98,-4.162,9.677,False,True,True,0,0,0,0,True,
603319.SH,603319,603319,美湖股份,主板,沪市,主板,801880.SI,汽车,801093.SI,汽车零部件,汽车零部件,L,20161130,3584,9.81,31.2,-1.763,16.216,False,True,True,0,0,0,0,True,
603320.SH,603320,603320,迪贝电气,主板,沪市,主板,801730.SI,电力设备,801731.SI,电机Ⅱ,电机Ⅱ,L,20170502,3431,9.39,18.36,-1.502,11.864,False,True,True,0,0,0,0,True,
603321.SH,603321,603321,梅轮电梯,主板,沪市,主板,801890.SI,机械设备,801074.SI,专用设备,专用设备,L,20170915,3295,9.02,7.06,-3.815,16.901,False,True,True,0,0,0,0,True,
603322.SH,603322,603322,超讯科技,主板,沪市,主板,801770.SI,通信,801223.SI,通信服务,通信服务,L,20160728,3709,10.15,32.36,-1.191,16.667,False,True,True,0,0,0,0,True,
603323.SH,603323,603323,苏农银行,主板,沪市,主板,801780.SI,银行,801785.SI,农商行Ⅱ,农商行Ⅱ,L,20161129,3585,9.82,4.38,-0.455,6.818,False,True,True,0,0,0,0,True,
603324.SH,603324,603324,盛剑科技,主板,沪市,主板,801970.SI,环保,801972.SI,环保设备Ⅱ,环保设备Ⅱ,L,20210407,1995,5.46,26.98,1.087,10.448,False,True,True,0,0,0,0,True,
603325.SH,603325,603325,博隆技术,主板,沪市,主板,801890.SI,机械设备,801074.SI,专用设备,专用设备,L,20240110,987,2.7,53.52,1.498,7.778,False,True,True,0,0,0,0,True,
603326.SH,603326,603326,我乐家居,主板,沪市,主板,801140.SI,轻工制造,801142.SI,家居用品,家居用品,L,20170616,3386,9.27,7.56,-1.177,19.444,False,True,True,0,0,0,0,True,
603327.SH,603327,603327,福蓉科技,主板,沪市,主板,801080.SI,电子,801085.SI,消费电子,消费电子,L,20190523,2680,7.34,8.38,-1.412,14.286,False,True,True,0,0,0,0,True,
603328.SH,603328,603328,依顿电子,主板,沪市,主板,801080.SI,电子,801083.SI,元件,元件,L,20140701,4467,12.23,15.2,9.986,18.045,False,True,True,0,0,0,0,True,
603329.SH,603329,603329,上海雅仕,主板,沪市,主板,801170.SI,交通运输,801178.SI,物流,物流,L,20171229,3190,8.73,10.09,-0.787,8.824,False,True,True,0,0,0,0,True,
603330.SH,603330,603330,天洋新材,主板,沪市,主板,801030.SI,基础化工,801036.SI,塑料,塑料,L,20170213,3509,9.61,9.86,-2.085,10.204,False,True,True,0,0,0,0,True,
603331.SH,603331,603331,百达精工,主板,沪市,主板,801890.SI,机械设备,801072.SI,通用设备,通用设备,L,20170705,3367,9.22,12.62,-2.246,12.403,False,True,True,0,0,0,0,True,
603332.SH,603332,603332,苏州龙杰,主板,沪市,主板,801030.SI,基础化工,801032.SI,化学纤维,化学纤维,L,20190117,2806,7.68,12.1,1.595,13.158,False,True,True,0,0,0,0,True,
603333.SH,603333,603333,福华尚纬,主板,沪市,主板,801730.SI,电力设备,801738.SI,电网设备,电网设备,L,20120507,5252,14.38,9.43,-0.106,12.5,False,True,True,0,0,0,0,True,
603334.SH,603334,603334,丰倍生物,主板,沪市,主板,801030.SI,基础化工,801034.SI,化学制品,化学制品,L,20251105,322,0.88,32.17,-0.495,5.66,False,True,True,0,0,0,0,False,上市时间不足
603335.SH,603335,603335,迪生力,主板,沪市,主板,801880.SI,汽车,801093.SI,汽车零部件,汽车零部件,L,20170620,3382,9.26,6.22,-1.113,9.375,False,True,True,0,0,0,0,True,
603336.SH,603336,603336,宏辉果蔬,主板,沪市,主板,801010.SI,农林牧渔,801016.SI,种植业,种植业,L,20161124,3590,9.83,10.61,-2.482,13.861,False,True,True,0,0,0,0,True,
603337.SH,603337,603337,杰克科技,主板,沪市,主板,801890.SI,机械设备,801074.SI,专用设备,专用设备,L,20170119,3534,9.68,37.65,0.48,19.231,False,True,True,0,0,0,0,True,
603338.SH,603338,603338,浙江鼎力,主板,沪市,主板,801890.SI,机械设备,801077.SI,工程机械,工程机械,L,20150325,4200,11.5,54.28,1.363,16.279,False,True,True,0,0,0,0,True,
603339.SH,603339,603339,四方科技,主板,沪市,主板,801890.SI,机械设备,801072.SI,通用设备,通用设备,L,20160519,3779,10.35,12.75,-1.316,24.806,False,True,True,0,0,0,0,True,
603341.SH,603341,603341,龙旗科技,主板,沪市,主板,801080.SI,电子,801085.SI,消费电子,消费电子,L,20240301,936,2.56,38.43,-2.214,9.524,False,True,True,0,0,0,0,True,
603344.SH,603344,603344,星德胜,主板,沪市,主板,801730.SI,电力设备,801731.SI,电机Ⅱ,电机Ⅱ,L,20240320,917,2.51,22.52,-5.577,7.983,False,True,True,0,0,0,0,True,
603345.SH,603345,603345,安井食品,主板,沪市,主板,801120.SI,食品饮料,801124.SI,食品加工,食品加工,L,20170222,3500,9.58,79.48,-0.226,15.625,False,True,True,0,0,0,0,True,
603348.SH,603348,603348,文灿股份,主板,沪市,主板,801880.SI,汽车,801093.SI,汽车零部件,汽车零部件,L,20180426,3072,8.41,14.41,0.139,16.667,False,True,True,0,0,0,0,True,
603350.SH,603350,603350,安乃达,主板,沪市,主板,801730.SI,电力设备,801731.SI,电机Ⅱ,电机Ⅱ,L,20240703,812,2.22,28.4,0.673,8.571,False,True,True,0,0,0,0,True,
603351.SH,603351,603351,威尔药业,主板,沪市,主板,801150.SI,医药生物,801151.SI,化学制药,化学制药,L,20190130,2793,7.65,27.55,-1.607,9.848,False,True,True,0,0,0,0,True,
603352.SH,603352,603352,至信股份,主板,沪市,主板,801880.SI,汽车,801093.SI,汽车零部件,汽车零部件,L,20260115,251,0.69,25.79,0.233,9.302,False,True,True,0,0,0,0,False,上市时间不足
603353.SH,603353,603353,和顺石油,主板,沪市,主板,801960.SI,石油石化,801963.SI,炼化及贸易,炼化及贸易,L,20200407,2360,6.46,46.23,-6.587,28.829,False,True,True,0,0,0,0,True,
603355.SH,603355,603355,莱克电气,主板,沪市,主板,801110.SI,家用电器,801113.SI,小家电,小家电,L,20150513,4151,11.36,32.38,-0.185,22.807,False,True,True,0,0,0,0,True,
603356.SH,603356,603356,华菱精工,主板,沪市,主板,801890.SI,机械设备,801074.SI,专用设备,专用设备,L,20180124,3164,8.66,17.38,1.697,11.765,False,True,True,0,0,0,0,True,
603357.SH,603357,603357,设计总院,主板,沪市,主板,801720.SI,建筑装饰,801726.SI,工程咨询服务Ⅱ,工程咨询服务Ⅱ,L,20170801,3340,9.14,5.96,0.168,35.484,False,True,True,0,0,0,0,True,
603358.SH,603358,603358,华达科技,主板,沪市,主板,801880.SI,汽车,801093.SI,汽车零部件,汽车零部件,L,20170125,3528,9.66,46.43,0.281,16.484,False,True,True,0,0,0,0,True,
603359.SH,603359,603359,*ST东珠,主板,沪市,主板,801720.SI,建筑装饰,801723.SI,基础建设,基础建设,L,20170901,3309,9.06,2.18,-3.111,13.043,True,True,True,0,0,0,0,False,ST
603360.SH,603360,603360,百傲化学,主板,沪市,主板,801030.SI,基础化工,801038.SI,农化制品,农化制品,L,20170206,3516,9.63,12.84,-1.155,31.343,False,True,True,0,0,0,0,True,
603363.SH,603363,603363,傲农生物,主板,沪市,主板,801010.SI,农林牧渔,801014.SI,饲料,饲料,L,20170926,3284,8.99,2.86,-2.389,13.333,False,True,True,0,0,0,0,True,
603365.SH,603365,603365,水星家纺,主板,沪市,主板,801130.SI,纺织服饰,801132.SI,服装家纺,服装家纺,L,20171120,3229,8.84,16.06,-0.803,20.0,False,True,True,0,0,0,0,True,
603366.SH,603366,603366,日出东方,主板,沪市,主板,801110.SI,家用电器,801114.SI,厨卫电器,厨卫电器,L,20120521,5238,14.34,7.33,-0.946,13.514,False,True,True,0,0,0,0,True,
603367.SH,603367,603367,辰欣药业,主板,沪市,主板,801150.SI,医药生物,801151.SI,化学制药,化学制药,L,20170929,3281,8.98,14.48,-0.822,6.25,False,True,True,0,0,0,0,True,
603368.SH,603368,603368,柳药集团,主板,沪市,主板,801150.SI,医药生物,801154.SI,医药商业,医药商业,L,20141204,4311,11.8,15.24,-1.359,7.692,False,True,True,0,0,0,0,True,
603369.SH,603369,603369,今世缘,主板,沪市,主板,801120.SI,食品饮料,801125.SI,白酒Ⅱ,白酒Ⅱ,L,20140703,4465,12.22,27.26,-3.845,17.021,False,True,True,0,0,0,0,True,
603370.SH,603370,603370,华新精科,主板,沪市,主板,801730.SI,电力设备,801731.SI,电机Ⅱ,电机Ⅱ,L,20250905,383,1.05,27.44,-0.652,7.914,False,True,True,0,0,0,0,False,上市时间不足
603373.SH,603373,603373,安邦护卫,主板,沪市,主板,801210.SI,社会服务,801218.SI,专业服务,专业服务,L,20231220,1008,2.76,47.96,10.0,16.071,False,True,True,0,0,0,0,True,
603375.SH,603375,603375,盛景微,主板,沪市,主板,801080.SI,电子,801081.SI,半导体,半导体,L,20240124,973,2.66,44.77,-7.538,15.126,False,True,True,0,0,0,0,True,
603376.SH,603376,603376,大明电子,主板,沪市,主板,801880.SI,汽车,801093.SI,汽车零部件,汽车零部件,L,20251106,321,0.88,27.23,-0.657,7.273,False,True,True,0,0,0,0,False,上市时间不足
603377.SH,603377,603377,ST东时,主板,沪市,主板,801210.SI,社会服务,801994.SI,教育,教育,L,20160205,3883,10.63,3.17,-2.16,25.0,True,True,True,0,0,0,0,False,ST
603378.SH,603378,603378,*ST亚士,主板,沪市,主板,801710.SI,建筑材料,801713.SI,装修建材,装修建材,L,20170928,3282,8.99,4.9,-7.721,30.0,True,True,True,0,0,0,0,False,ST
603379.SH,603379,603379,三美股份,主板,沪市,主板,801030.SI,基础化工,801034.SI,化学制品,化学制品,L,20190402,2731,7.48,51.31,-0.869,21.429,False,True,True,0,0,0,0,True,
603380.SH,603380,603380,易德龙,主板,沪市,主板,801080.SI,电子,801085.SI,消费电子,消费电子,L,20170622,3380,9.25,35.66,0.877,8.14,False,True,True,0,0,0,0,True,
603381.SH,603381,603381,永臻股份,主板,沪市,主板,801730.SI,电力设备,801735.SI,光伏设备,光伏设备,L,20240626,819,2.24,15.08,0.6,6.667,False,True,True,0,0,0,0,True,
603382.SH,603382,603382,海阳科技,主板,沪市,主板,801030.SI,基础化工,801032.SI,化学纤维,化学纤维,L,20250612,468,1.28,18.97,0.158,14.433,False,True,True,0,0,0,0,False,上市时间不足
603383.SH,603383,603383,顶点软件,主板,沪市,主板,801750.SI,计算机,801104.SI,软件开发,软件开发,L,20170522,3411,9.34,27.18,-1.806,10.417,False,True,True,0,0,0,0,True,
603385.SH,603385,603385,惠达卫浴,主板,沪市,主板,801140.SI,轻工制造,801142.SI,家居用品,家居用品,L,20170405,3458,9.47,5.65,-0.177,22.222,False,True,True,0,0,0,0,True,
603386.SH,603386,603386,骏亚科技,主板,沪市,主板,801080.SI,电子,801083.SI,元件,元件,L,20170912,3298,9.03,19.37,2.216,16.667,False,True,True,0,0,0,0,True,
603387.SH,603387,603387,基蛋生物,主板,沪市,主板,801150.SI,医药生物,801153.SI,医疗器械,医疗器械,L,20170717,3355,9.19,9.95,-1.387,11.957,False,True,True,0,0,0,0,True,
603389.SH,603389,603389,亚振家居,主板,沪市,主板,801140.SI,轻工制造,801142.SI,家居用品,家居用品,L,20161215,3569,9.77,44.3,-1.577,44.444,False,True,True,0,0,0,2,True,
603390.SH,603390,603390,通达电气,主板,沪市,主板,801880.SI,汽车,801093.SI,汽车零部件,汽车零部件,L,20191125,2494,6.83,11.07,1.56,8.257,False,True,True,0,0,0,0,True,
603391.SH,603391,603391,力聚热能,主板,沪市,主板,801890.SI,机械设备,801074.SI,专用设备,专用设备,L,20240731,784,2.15,68.21,1.097,4.911,False,True,True,0,0,0,0,True,
603392.SH,603392,603392,万泰生物,主板,沪市,主板,801150.SI,医药生物,801152.SI,生物制品,生物制品,L,20200429,2338,6.4,26.93,2.708,26.087,False,True,True,0,0,0,0,True,
603393.SH,603393,603393,新天然气,主板,沪市,主板,801160.SI,公用事业,801163.SI,燃气Ⅱ,燃气Ⅱ,L,20160912,3663,10.03,25.19,-1.525,10.714,False,True,True,0,0,0,0,True,
603395.SH,603395,603395,红四方,主板,沪市,主板,801030.SI,基础化工,801038.SI,农化制品,农化制品,L,20241126,666,1.82,26.78,-2.901,8.456,False,True,True,0,0,0,0,False,上市时间不足
603396.SH,603396,603396,金辰股份,主板,沪市,主板,801730.SI,电力设备,801735.SI,光伏设备,光伏设备,L,20171018,3262,8.93,32.4,10.017,12.5,False,True,True,0,0,0,0,True,
603398.SH,603398,603398,*ST沐邦,主板,沪市,主板,801730.SI,电力设备,801735.SI,光伏设备,光伏设备,L,20151209,3941,10.79,8.63,-0.346,24.0,True,True,True,0,0,0,0,False,ST
603399.SH,603399,603399,永杉锂业,主板,沪市,主板,801050.SI,有色金属,801056.SI,能源金属,能源金属,L,20120824,5143,14.08,13.54,-3.217,7.194,False,True,True,0,0,0,0,True,
603400.SH,603400,603400,华之杰,主板,沪市,主板,801890.SI,机械设备,801072.SI,通用设备,通用设备,L,20250620,460,1.26,,,,False,True,False,7,7,7,7,False,上市时间不足、近60日停牌、无最新行情
603402.SH,603402,603402,陕西旅游,主板,沪市,主板,801210.SI,社会服务,801993.SI,旅游及景区,旅游及景区,L,20260106,260,0.71,62.01,-0.943,6.329,False,True,True,0,0,0,0,False,上市时间不足
603406.SH,603406,603406,天富龙,主板,沪市,主板,801030.SI,基础化工,801032.SI,化学纤维,化学纤维,L,20250808,411,1.13,28.4,-0.281,8.621,False,True,True,0,0,0,0,False,上市时间不足
603407.SH,603407,603407,长裕集团,主板,沪市,主板,801050.SI,有色金属,801054.SI,小金属,小金属,L,20260511,135,0.37,62.73,3.242,7.237,False,True,True,0,0,0,0,False,上市时间不足
603408.SH,603408,603408,建霖家居,主板,沪市,主板,801140.SI,轻工制造,801142.SI,家居用品,家居用品,L,20200730,2246,6.15,11.69,-0.68,21.239,False,True,True,0,0,0,0,True,
603409.SH,603409,603409,汇通控股,主板,沪市,主板,801880.SI,汽车,801093.SI,汽车零部件,汽车零部件,L,20250304,568,1.56,17.89,-0.112,5.556,False,True,True,0,0,0,0,False,上市时间不足
603416.SH,603416,603416,信捷电气,主板,沪市,主板,801890.SI,机械设备,801078.SI,自动化设备,自动化设备,L,20161221,3563,9.75,46.71,-0.363,16.981,False,True,True,0,0,0,0,True,
603418.SH,603418,603418,友升股份,主板,沪市,主板,801880.SI,汽车,801093.SI,汽车零部件,汽车零部件,L,20250923,365,1.0,44.72,-0.156,5.263,False,True,True,0,0,0,0,False,上市时间不足
603421.SH,603421,603421,鼎信通讯,主板,沪市,主板,801770.SI,通信,801102.SI,通信设备,通信设备,L,20161011,3634,9.95,6.5,-4.552,13.043,False,True,True,0,0,0,0,True,
603429.SH,603429,603429,*ST集友,主板,沪市,主板,801140.SI,轻工制造,801141.SI,包装印刷,包装印刷,L,20170124,3529,9.66,8.6,-1.149,26.667,True,True,True,0,0,0,0,False,ST
603435.SH,603435,603435,嘉德利,主板,沪市,主板,801030.SI,基础化工,801036.SI,塑料,塑料,L,20260522,124,0.34,49.25,0.0,4.065,False,True,True,0,0,0,1,False,上市时间不足
603439.SH,603439,603439,三力制药,主板,沪市,主板,801150.SI,医药生物,801155.SI,中药Ⅱ,中药Ⅱ,L,20200428,2339,6.4,13.88,-4.011,11.594,False,True,True,0,0,0,0,True,
603444.SH,603444,603444,吉比特,主板,沪市,主板,801760.SI,传媒,801764.SI,游戏Ⅱ,游戏Ⅱ,L,20170104,3549,9.72,344.58,-1.661,9.524,False,True,True,0,0,0,0,True,
603448.SH,603448,603448,天博智能,主板,沪市,主板,,,,,未分类,L,20260907,16,0.04,61.3,-0.487,2.564,False,True,True,0,0,0,0,False,上市时间不足
603456.SH,603456,603456,九洲药业,主板,沪市,主板,801150.SI,医药生物,801156.SI,医疗服务,医疗服务,L,20141010,4366,11.95,16.66,2.84,12.903,False,True,True,0,0,0,0,True,
603458.SH,603458,603458,勘设股份,主板,沪市,主板,801720.SI,建筑装饰,801726.SI,工程咨询服务Ⅱ,工程咨询服务Ⅱ,L,20170809,3332,9.12,10.89,-1.18,12.963,False,True,True,0,0,0,0,True,
603459.SH,603459,603459,红板科技,主板,沪市,主板,801080.SI,电子,801083.SI,元件,元件,L,20260408,168,0.46,88.78,-1.136,3.118,False,True,True,0,0,0,0,False,上市时间不足
603466.SH,603466,603466,风语筑,主板,沪市,主板,801760.SI,传媒,801767.SI,数字媒体,数字媒体,L,20171020,3260,8.93,12.69,-3.425,3.906,False,True,True,0,0,0,0,True,
603468.SH,603468,603468,津富士达,主板,沪市,主板,,,,,未分类,L,20260806,48,0.13,22.38,-0.622,4.889,False,True,True,0,0,0,0,False,上市时间不足
603477.SH,603477,603477,巨星农牧,主板,沪市,主板,801010.SI,农林牧渔,801017.SI,养殖业,养殖业,L,20171218,3201,8.76,14.24,-2.533,10.667,False,True,True,0,0,0,0,True,
603486.SH,603486,603486,科沃斯,主板,沪市,主板,801110.SI,家用电器,801113.SI,小家电,小家电,L,20180528,3040,8.32,50.75,-0.373,20.833,False,True,True,0,0,0,0,True,
603488.SH,603488,603488,展鹏科技,主板,沪市,主板,801890.SI,机械设备,801074.SI,专用设备,专用设备,L,20170516,3417,9.36,7.98,-1.482,8.537,False,True,True,0,0,0,0,True,
603489.SH,603489,603489,八方股份,主板,沪市,主板,801730.SI,电力设备,801731.SI,电机Ⅱ,电机Ⅱ,L,20191111,2508,6.87,29.46,0.136,28.571,False,True,True,0,0,0,0,True,
603496.SH,603496,603496,恒为科技,主板,沪市,主板,801750.SI,计算机,801101.SI,计算机设备,计算机设备,L,20170607,3395,9.3,23.0,-0.99,14.103,False,True,True,0,0,0,0,True,
603499.SH,603499,603499,翔港科技,主板,沪市,主板,801140.SI,轻工制造,801141.SI,包装印刷,包装印刷,L,20171016,3264,8.94,13.35,-0.67,19.697,False,True,True,0,0,0,0,True,
603500.SH,603500,603500,祥和实业,主板,沪市,主板,801890.SI,机械设备,801076.SI,轨交设备Ⅱ,轨交设备Ⅱ,L,20170904,3306,9.05,9.47,0.212,6.316,False,True,True,0,0,0,0,True,
603501.SH,603501,603501,豪威集团,主板,沪市,主板,801080.SI,电子,801081.SI,半导体,半导体,L,20170504,3429,9.39,82.77,-0.133,25.0,False,True,True,0,0,0,0,True,
603505.SH,603505,603505,金石资源,主板,沪市,主板,801030.SI,基础化工,801034.SI,化学制品,化学制品,L,20170503,3430,9.39,15.22,-1.297,20.0,False,True,True,0,0,0,0,True,
603506.SH,603506,603506,南都物业,主板,沪市,主板,801180.SI,房地产,801183.SI,房地产服务,房地产服务,L,20180201,3156,8.64,12.21,0.082,9.649,False,True,True,0,0,0,0,True,
603507.SH,603507,603507,振江股份,主板,沪市,主板,801730.SI,电力设备,801736.SI,风电设备,风电设备,L,20171106,3243,8.88,27.74,3.546,17.284,False,True,True,0,0,0,0,True,
603508.SH,603508,603508,思维列控,主板,沪市,主板,801750.SI,计算机,801101.SI,计算机设备,计算机设备,L,20151224,3926,10.75,20.94,-0.286,18.182,False,True,True,0,0,0,0,True,
603511.SH,603511,603511,爱慕股份,主板,沪市,主板,801130.SI,纺织服饰,801132.SI,服装家纺,服装家纺,L,20210531,1941,5.31,12.42,0.894,28.244,False,True,True,0,0,0,0,True,
603515.SH,603515,603515,欧普照明,主板,沪市,主板,801110.SI,家用电器,801115.SI,照明设备Ⅱ,照明设备Ⅱ,L,20160819,3687,10.09,14.66,-1.013,21.053,False,True,True,0,0,0,0,True,
603516.SH,603516,603516,淳中科技,主板,沪市,主板,801750.SI,计算机,801101.SI,计算机设备,计算机设备,L,20180202,3155,8.64,84.99,-0.666,15.517,False,True,True,0,0,0,0,True,
603517.SH,603517,603517,ST绝味,主板,沪市,主板,801120.SI,食品饮料,801128.SI,休闲食品,休闲食品,L,20170317,3477,9.52,11.38,-2.15,21.429,True,True,True,0,0,0,0,False,ST
603518.SH,603518,603518,锦泓集团,主板,沪市,主板,801130.SI,纺织服饰,801132.SI,服装家纺,服装家纺,L,20141203,4312,11.81,7.74,-0.642,7.595,False,True,True,0,0,0,0,True,
603519.SH,603519,603519,立霸股份,主板,沪市,主板,801110.SI,家用电器,801116.SI,家电零部件Ⅱ,家电零部件Ⅱ,L,20150319,4206,11.52,17.22,5.709,11.875,False,True,True,0,0,0,0,True,
603520.SH,603520,603520,司太立,主板,沪市,主板,801150.SI,医药生物,801151.SI,化学制药,化学制药,L,20160309,3850,10.54,8.64,-0.231,7.143,False,True,True,0,0,0,0,True,
603527.SH,603527,603527,众源新材,主板,沪市,主板,801050.SI,有色金属,801055.SI,工业金属,工业金属,L,20170907,3303,9.04,9.93,-0.7,6.0,False,True,True,0,0,0,0,True,
603528.SH,603528,603528,多伦科技,主板,沪市,主板,801750.SI,计算机,801104.SI,软件开发,软件开发,L,20160503,3795,10.39,6.58,-0.152,12.698,False,True,True,0,0,0,0,True,
603529.SH,603529,603529,爱玛科技,主板,沪市,主板,801880.SI,汽车,801881.SI,摩托车及其他,摩托车及其他,L,20210615,1926,5.27,21.66,0.932,37.5,False,True,True,0,0,0,0,True,
603530.SH,603530,603530,神马电力,主板,沪市,主板,801730.SI,电力设备,801738.SI,电网设备,电网设备,L,20190805,2606,7.13,46.01,-1.52,29.897,False,True,True,0,0,0,0,True,
603533.SH,603533,603533,掌阅科技,主板,沪市,主板,801760.SI,传媒,801767.SI,数字媒体,数字媒体,L,20170921,3289,9.0,22.55,-4.852,5.882,False,True,True,0,0,0,0,True,
603535.SH,603535,603535,嘉诚国际,主板,沪市,主板,801170.SI,交通运输,801178.SI,物流,物流,L,20170808,3333,9.13,6.22,-1.113,35.938,False,True,True,0,0,0,0,True,
603536.SH,603536,603536,惠发食品,主板,沪市,主板,801120.SI,食品饮料,801124.SI,食品加工,食品加工,L,20170613,3389,9.28,9.87,-1.399,12.371,False,True,True,0,0,0,0,True,
603538.SH,603538,603538,美诺华,主板,沪市,主板,801150.SI,医药生物,801151.SI,化学制药,化学制药,L,20170407,3456,9.46,27.78,-3.609,9.319,False,True,True,0,0,0,0,True,
603551.SH,603551,603551,奥普科技,主板,沪市,主板,801110.SI,家用电器,801114.SI,厨卫电器,厨卫电器,L,20200115,2443,6.69,9.29,-0.535,24.468,False,True,True,0,0,0,0,True,
603556.SH,603556,603556,海兴电力,主板,沪市,主板,801730.SI,电力设备,801738.SI,电网设备,电网设备,L,20161110,3604,9.87,23.16,-0.899,15.873,False,True,True,0,0,0,0,True,
603557.SH,603557,603557,*ST起步,主板,沪市,主板,801130.SI,纺织服饰,801132.SI,服装家纺,服装家纺,L,20170818,3323,9.1,3.25,-2.985,38.889,True,True,True,0,0,0,0,False,ST
603558.SH,603558,603558,健盛集团,主板,沪市,主板,801130.SI,纺织服饰,801131.SI,纺织制造,纺织制造,L,20150127,4257,11.66,13.05,2.033,13.115,False,True,True,0,0,0,0,True,
603559.SH,603559,603559,中通国脉,主板,沪市,主板,801770.SI,通信,801223.SI,通信服务,通信服务,L,20161202,3582,9.81,9.22,-5.436,17.526,False,True,True,0,0,1,2,False,近60日停牌
603565.SH,603565,603565,中谷物流,主板,沪市,主板,801170.SI,交通运输,801992.SI,航运港口,航运港口,L,20200925,2189,5.99,11.82,0.34,21.552,False,True,True,0,0,0,0,True,
603566.SH,603566,603566,普莱柯,主板,沪市,主板,801010.SI,农林牧渔,801018.SI,动物保健Ⅱ,动物保健Ⅱ,L,20150518,4146,11.35,10.22,-0.969,17.143,False,True,True,0,0,0,0,True,
603567.SH,603567,603567,珍宝岛,主板,沪市,主板,801150.SI,医药生物,801155.SI,中药Ⅱ,中药Ⅱ,L,20150424,4170,11.42,5.31,-3.63,21.053,False,True,True,0,0,0,0,True,
603568.SH,603568,603568,伟明环保,主板,沪市,主板,801970.SI,环保,801971.SI,环境治理,环境治理,L,20150528,4136,11.32,13.77,1.176,38.462,False,True,True,0,0,0,0,True,
603569.SH,603569,603569,长久物流,主板,沪市,主板,801170.SI,交通运输,801178.SI,物流,物流,L,20160810,3696,10.12,5.78,-0.516,21.053,False,True,True,0,0,0,0,True,
603577.SH,603577,603577,汇金通,主板,沪市,主板,801730.SI,电力设备,801738.SI,电网设备,电网设备,L,20161222,3562,9.75,9.66,0.207,14.141,False,True,True,0,0,0,0,True,
603578.SH,603578,603578,三星新材,主板,沪市,主板,801110.SI,家用电器,801116.SI,家电零部件Ⅱ,家电零部件Ⅱ,L,20170306,3488,9.55,13.9,-1.138,15.789,False,True,True,0,0,0,0,True,
603579.SH,603579,603579,荣泰健康,主板,沪市,主板,801110.SI,家用电器,801117.SI,其他家电Ⅱ,其他家电Ⅱ,L,20170111,3542,9.7,17.85,-1.923,8.889,False,True,True,0,0,0,0,True,
603580.SH,603580,603580,艾艾精工,主板,沪市,主板,801030.SI,基础化工,801036.SI,塑料,塑料,L,20170525,3408,9.33,77.56,-1.423,26.95,False,True,True,0,0,6,8,False,近60日停牌
603583.SH,603583,603583,捷昌驱动,主板,沪市,主板,801890.SI,机械设备,801078.SI,自动化设备,自动化设备,L,20180921,2924,8.01,28.64,1.849,16.667,False,True,True,0,0,0,0,True,
603585.SH,603585,603585,苏利股份,主板,沪市,主板,801030.SI,基础化工,801038.SI,农化制品,农化制品,L,20161214,3570,9.77,10.47,-0.191,11.429,False,True,True,0,0,0,0,True,
603586.SH,603586,603586,金麒麟,主板,沪市,主板,801880.SI,汽车,801093.SI,汽车零部件,汽车零部件,L,20170406,3457,9.46,13.71,-0.218,29.412,False,True,True,0,0,0,0,True,
603587.SH,603587,603587,地素时尚,主板,沪市,主板,801130.SI,纺织服饰,801132.SI,服装家纺,服装家纺,L,20180622,3015,8.25,12.16,-0.328,12.903,False,True,True,0,0,0,0,True,
603588.SH,603588,603588,高能环境,主板,沪市,主板,801970.SI,环保,801971.SI,环境治理,环境治理,L,20141229,4286,11.73,17.46,3.559,16.34,False,True,True,0,0,0,0,True,
603589.SH,603589,603589,口子窖,主板,沪市,主板,801120.SI,食品饮料,801125.SI,白酒Ⅱ,白酒Ⅱ,L,20150629,4104,11.24,18.0,0.167,15.625,False,True,True,0,0,0,0,True,
603590.SH,603590,603590,康辰药业,主板,沪市,主板,801150.SI,医药生物,801152.SI,生物制品,生物制品,L,20180827,2949,8.07,29.92,-0.134,14.516,False,True,True,0,0,0,0,True,
603595.SH,603595,603595,ST东尼,主板,沪市,主板,801080.SI,电子,801085.SI,消费电子,消费电子,L,20170712,3360,9.2,33.3,-0.27,37.778,True,True,True,0,0,0,0,False,ST
603596.SH,603596,603596,伯特利,主板,沪市,主板,801880.SI,汽车,801093.SI,汽车零部件,汽车零部件,L,20180427,3071,8.41,28.72,-1.475,15.493,False,True,True,0,0,0,0,True,
603598.SH,603598,603598,引力传媒,主板,沪市,主板,801760.SI,传媒,801765.SI,广告营销,广告营销,L,20150527,4137,11.33,19.12,0.844,14.894,False,True,True,0,0,0,0,True,
603599.SH,603599,603599,广信股份,主板,沪市,主板,801030.SI,基础化工,801038.SI,农化制品,农化制品,L,20150513,4151,11.36,10.6,-0.749,11.429,False,True,True,0,0,0,0,True,
603600.SH,603600,603600,永艺股份,主板,沪市,主板,801140.SI,轻工制造,801142.SI,家居用品,家居用品,L,20150123,4261,11.67,10.3,0.292,12.0,False,True,True,0,0,0,0,True,
603601.SH,603601,603601,再升科技,主板,沪市,主板,801710.SI,建筑材料,801712.SI,玻璃玻纤,玻璃玻纤,L,20150122,4262,11.67,10.12,-3.158,5.769,False,True,True,0,0,0,0,True,
603602.SH,603602,603602,纵横通信,主板,沪市,主板,801760.SI,传媒,801765.SI,广告营销,广告营销,L,20170810,3331,9.12,11.49,-1.458,10.526,False,True,True,0,0,0,0,True,
603605.SH,603605,603605,珀莱雅,主板,沪市,主板,801980.SI,美容护理,801982.SI,化妆品,化妆品,L,20171115,3234,8.85,56.79,0.549,10.204,False,True,True,0,0,0,0,True,
603606.SH,603606,603606,东方电缆,主板,沪市,主板,801730.SI,电力设备,801738.SI,电网设备,电网设备,L,20141015,4361,11.94,35.56,-1.03,15.0,False,True,True,0,0,0,0,True,
603607.SH,603607,603607,京华激光,主板,沪市,主板,801140.SI,轻工制造,801141.SI,包装印刷,包装印刷,L,20171025,3255,8.91,23.53,-2.081,11.538,False,True,True,0,0,0,0,True,
603608.SH,603608,603608,天创时尚,主板,沪市,主板,801130.SI,纺织服饰,801132.SI,服装家纺,服装家纺,L,20160218,3870,10.6,21.13,-1.949,15.094,False,True,True,0,0,0,0,True,
603609.SH,603609,603609,禾丰股份,主板,沪市,主板,801010.SI,农林牧渔,801014.SI,饲料,饲料,L,20140808,4429,12.13,6.34,-1.092,26.562,False,True,True,0,0,0,0,True,
603610.SH,603610,603610,麒盛科技,主板,沪市,主板,801140.SI,轻工制造,801142.SI,家居用品,家居用品,L,20191029,2521,6.9,13.73,-1.294,15.972,False,True,True,0,0,0,0,True,
603611.SH,603611,603611,诺力股份,主板,沪市,主板,801890.SI,机械设备,801077.SI,工程机械,工程机械,L,20150128,4256,11.65,15.71,-0.758,20.0,False,True,True,0,0,0,0,True,
603612.SH,603612,603612,索通发展,主板,沪市,主板,801030.SI,基础化工,801039.SI,非金属材料Ⅱ,非金属材料Ⅱ,L,20170718,3354,9.18,16.87,1.321,4.762,False,True,True,0,0,0,0,True,
603613.SH,603613,603613,国联股份,主板,沪市,主板,801200.SI,商贸零售,801206.SI,互联网电商,互联网电商,L,20190730,2612,7.15,20.47,-2.57,13.636,False,True,True,0,0,0,0,True,
603615.SH,603615,603615,茶花股份,主板,沪市,主板,801140.SI,轻工制造,801142.SI,家居用品,家居用品,L,20170213,3509,9.61,19.11,0.052,14.894,False,True,True,0,0,0,0,True,
603616.SH,603616,603616,韩建河山,主板,沪市,主板,801710.SI,建筑材料,801711.SI,水泥,水泥,L,20150611,4122,11.29,5.59,-0.356,10.714,False,True,True,0,0,0,0,True,
603617.SH,603617,603617,君禾股份,主板,沪市,主板,801890.SI,机械设备,801072.SI,通用设备,通用设备,L,20170703,3369,9.22,6.78,-0.587,11.765,False,True,True,0,0,0,0,True,
603618.SH,603618,603618,杭电股份,主板,沪市,主板,801730.SI,电力设备,801738.SI,电网设备,电网设备,L,20150217,4236,11.6,37.74,-2.707,6.533,False,True,True,0,0,0,0,True,
603619.SH,603619,603619,中曼石油,主板,沪市,主板,801960.SI,石油石化,801962.SI,油服工程,油服工程,L,20171117,3232,8.85,21.6,-2.79,13.514,False,True,True,0,0,0,0,True,
603626.SH,603626,603626,科森科技,主板,沪市,主板,801080.SI,电子,801085.SI,消费电子,消费电子,L,20170209,3513,9.62,22.88,-0.218,17.699,False,True,True,0,0,0,0,True,
603628.SH,603628,603628,清源股份,主板,沪市,主板,801730.SI,电力设备,801735.SI,光伏设备,光伏设备,L,20170112,3541,9.69,10.31,-0.194,12.745,False,True,True,0,0,0,0,True,
603629.SH,603629,603629,利通电子,主板,沪市,主板,801080.SI,电子,801085.SI,消费电子,消费电子,L,20181224,2830,7.75,111.57,-3.786,6.122,False,True,True,0,0,0,0,True,
603630.SH,603630,603630,拉芳家化,主板,沪市,主板,801980.SI,美容护理,801982.SI,化妆品,化妆品,L,20170313,3481,9.53,14.38,3.009,10.417,False,True,True,0,0,0,0,True,
603633.SH,603633,603633,徕木股份,主板,沪市,主板,801080.SI,电子,801085.SI,消费电子,消费电子,L,20161117,3597,9.85,6.37,-1.698,10.938,False,True,True,0,0,0,0,True,
603636.SH,603636,603636,南威软件,主板,沪市,主板,801750.SI,计算机,801103.SI,IT服务Ⅱ,IT服务Ⅱ,L,20141230,4285,11.73,8.81,9.988,27.778,False,True,True,0,0,0,0,True,
603637.SH,603637,603637,镇海股份,主板,沪市,主板,801720.SI,建筑装饰,801724.SI,专业工程,专业工程,L,20170208,3514,9.62,14.45,-0.687,8.163,False,True,True,0,0,0,0,True,
603638.SH,603638,603638,艾迪精密,主板,沪市,主板,801890.SI,机械设备,801077.SI,工程机械,工程机械,L,20170120,3533,9.67,18.83,2.393,30.303,False,True,True,0,0,0,0,True,
603639.SH,603639,603639,海利尔,主板,沪市,主板,801030.SI,基础化工,801038.SI,农化制品,农化制品,L,20170112,3541,9.69,10.43,-0.287,28.44,False,True,True,0,0,0,0,True,
603648.SH,603648,603648,畅联股份,主板,沪市,主板,801170.SI,交通运输,801178.SI,物流,物流,L,20170913,3297,9.03,9.65,0.731,11.957,False,True,True,0,0,0,0,True,
603650.SH,603650,603650,彤程新材,主板,沪市,主板,801030.SI,基础化工,801037.SI,橡胶,橡胶,L,20180627,3010,8.24,69.23,0.319,15.179,False,True,True,0,0,0,0,True,
603655.SH,603655,603655,朗博科技,主板,沪市,主板,801880.SI,汽车,801093.SI,汽车零部件,汽车零部件,L,20171229,3190,8.73,32.8,-5.202,16.456,False,True,True,0,0,0,0,True,
603656.SH,603656,603656,泰禾智能,主板,沪市,主板,801890.SI,机械设备,801074.SI,专用设备,专用设备,L,20170321,3473,9.51,17.57,1.093,8.621,False,True,True,0,0,0,0,True,
603657.SH,603657,603657,春光科技,主板,沪市,主板,801110.SI,家用电器,801116.SI,家电零部件Ⅱ,家电零部件Ⅱ,L,20180730,2977,8.15,36.64,-1.769,33.028,False,True,True,0,0,0,0,True,
603658.SH,603658,603658,安图生物,主板,沪市,主板,801150.SI,医药生物,801153.SI,医疗器械,医疗器械,L,20160901,3674,10.06,34.44,-1.516,14.286,False,True,True,0,0,0,0,True,
603659.SH,603659,603659,璞泰来,主板,沪市,主板,801730.SI,电力设备,801737.SI,电池,电池,L,20171103,3246,8.89,22.04,-0.765,28.333,False,True,True,0,0,0,0,True,
603660.SH,603660,603660,苏州科达,主板,沪市,主板,801750.SI,计算机,801101.SI,计算机设备,计算机设备,L,20161201,3583,9.81,9.75,-1.316,22.222,False,True,True,0,0,0,0,True,
603661.SH,603661,603661,恒林股份,主板,沪市,主板,801140.SI,轻工制造,801142.SI,家居用品,家居用品,L,20171121,3228,8.84,35.63,4.579,12.346,False,True,True,0,0,0,0,True,
603662.SH,603662,603662,柯力传感,主板,沪市,主板,801890.SI,机械设备,801072.SI,通用设备,通用设备,L,20190806,2605,7.13,49.71,-0.221,18.75,False,True,True,0,0,0,0,True,
603663.SH,603663,603663,三祥新材,主板,沪市,主板,801030.SI,基础化工,801033.SI,化学原料,化学原料,L,20160801,3705,10.14,47.0,-2.409,16.279,False,True,True,0,0,0,0,True,
603665.SH,603665,603665,康隆达,主板,沪市,主板,801130.SI,纺织服饰,801132.SI,服装家纺,服装家纺,L,20170313,3481,9.53,22.1,1.984,25.581,False,True,True,0,0,0,0,True,
603666.SH,603666,603666,亿嘉和,主板,沪市,主板,801890.SI,机械设备,801078.SI,自动化设备,自动化设备,L,20180612,3025,8.28,27.74,1.241,9.302,False,True,True,0,0,0,0,True,
603667.SH,603667,603667,五洲新春,主板,沪市,主板,801890.SI,机械设备,801072.SI,通用设备,通用设备,L,20161025,3620,9.91,49.69,-0.68,8.235,False,True,True,0,0,0,0,True,
603668.SH,603668,603668,天马科技,主板,沪市,主板,801010.SI,农林牧渔,801014.SI,饲料,饲料,L,20170117,3536,9.68,12.28,-2.771,20.325,False,True,True,0,0,0,0,True,
603669.SH,603669,603669,灵康药业,主板,沪市,主板,801150.SI,医药生物,801151.SI,化学制药,化学制药,L,20150528,4136,11.32,6.02,0.166,12.281,False,True,True,0,0,0,0,True,
603676.SH,603676,603676,卫信康,主板,沪市,主板,801150.SI,医药生物,801151.SI,化学制药,化学制药,L,20170721,3351,9.17,8.94,-1.106,25.806,False,True,True,0,0,0,0,True,
603677.SH,603677,603677,奇精机械,主板,沪市,主板,801110.SI,家用电器,801116.SI,家电零部件Ⅱ,家电零部件Ⅱ,L,20170206,3516,9.63,14.41,-0.208,18.841,False,True,True,0,0,0,0,True,
603678.SH,603678,603678,火炬电子,主板,沪市,主板,801740.SI,国防军工,801745.SI,军工电子Ⅱ,军工电子Ⅱ,L,20150126,4258,11.66,49.98,0.949,9.677,False,True,True,0,0,0,0,True,
603679.SH,603679,603679,华体科技,主板,沪市,主板,801080.SI,电子,801084.SI,光学光电子,光学光电子,L,20170621,3381,9.26,23.5,-9.996,10.672,False,True,True,0,0,0,0,True,
603680.SH,603680,603680,今创集团,主板,沪市,主板,801890.SI,机械设备,801076.SI,轨交设备Ⅱ,轨交设备Ⅱ,L,20180227,3130,8.57,10.21,-2.854,44.231,False,True,True,0,0,0,0,True,
603681.SH,603681,603681,永冠新材,主板,沪市,主板,801030.SI,基础化工,801034.SI,化学制品,化学制品,L,20190326,2738,7.5,19.86,3.008,8.065,False,True,True,0,0,0,0,True,
603682.SH,603682,603682,锦和商管,主板,沪市,主板,801200.SI,商贸零售,801203.SI,一般零售,一般零售,L,20200421,2346,6.42,9.76,-2.4,20.0,False,True,True,0,0,0,0,True,
603683.SH,603683,603683,晶华新材,主板,沪市,主板,801030.SI,基础化工,801034.SI,化学制品,化学制品,L,20171020,3260,8.93,16.58,1.098,5.556,False,True,True,0,0,0,0,True,
603685.SH,603685,603685,晨丰科技,主板,沪市,主板,801080.SI,电子,801084.SI,光学光电子,光学光电子,L,20171127,3222,8.82,25.98,-2.915,21.168,False,True,True,0,0,0,0,True,
603686.SH,603686,603686,福龙马,主板,沪市,主板,801970.SI,环保,801971.SI,环境治理,环境治理,L,20150126,4258,11.66,14.13,-4.398,12.245,False,True,True,0,0,0,0,True,
603687.SH,603687,603687,大胜达,主板,沪市,主板,801140.SI,轻工制造,801141.SI,包装印刷,包装印刷,L,20190726,2616,7.16,15.31,-0.97,10.127,False,True,True,0,0,0,0,True,
603688.SH,603688,603688,石英股份,主板,沪市,主板,801030.SI,基础化工,801039.SI,非金属材料Ⅱ,非金属材料Ⅱ,L,20141031,4345,11.9,50.1,1.602,9.836,False,True,True,0,0,0,0,True,
603689.SH,603689,603689,皖天然气,主板,沪市,主板,801160.SI,公用事业,801163.SI,燃气Ⅱ,燃气Ⅱ,L,20170110,3543,9.7,7.59,-1.3,9.091,False,True,True,0,0,0,0,True,
603690.SH,603690,603690,至纯科技,主板,沪市,主板,801080.SI,电子,801081.SI,半导体,半导体,L,20170113,3540,9.69,24.24,0.874,7.5,False,True,True,0,0,0,0,True,
603693.SH,603693,603693,江苏新能,主板,沪市,主板,801160.SI,公用事业,801161.SI,电力,电力,L,20180703,3004,8.22,11.61,-4.129,24.194,False,True,True,0,0,0,0,True,
603696.SH,603696,603696,安记食品,主板,沪市,主板,801120.SI,食品饮料,801129.SI,调味发酵品Ⅱ,调味发酵品Ⅱ,L,20151209,3941,10.79,13.82,-5.082,16.901,False,True,True,0,0,0,0,True,
603697.SH,603697,603697,有友食品,主板,沪市,主板,801120.SI,食品饮料,801128.SI,休闲食品,休闲食品,L,20190508,2695,7.38,9.06,-0.875,12.632,False,True,True,0,0,0,0,True,
603698.SH,603698,603698,航天工程,主板,沪市,主板,801890.SI,机械设备,801074.SI,专用设备,专用设备,L,20150128,4256,11.65,21.2,-2.079,11.111,False,True,True,0,0,0,0,True,
603699.SH,603699,603699,纽威股份,主板,沪市,主板,801890.SI,机械设备,801072.SI,通用设备,通用设备,L,20140117,4632,12.68,44.66,0.135,28.916,False,True,True,0,0,0,0,True,
603700.SH,603700,603700,宁水集团,主板,沪市,主板,801890.SI,机械设备,801072.SI,通用设备,通用设备,L,20190122,2801,7.67,11.57,-1.364,6.897,False,True,True,0,0,0,0,True,
603701.SH,603701,603701,德宏股份,主板,沪市,主板,801880.SI,汽车,801093.SI,汽车零部件,汽车零部件,L,20160412,3816,10.45,19.29,-1.882,17.172,False,True,True,0,0,0,0,True,
603703.SH,603703,603703,盛洋科技,主板,沪市,主板,801080.SI,电子,801084.SI,光学光电子,光学光电子,L,20150423,4171,11.42,10.43,-1.511,10.784,False,True,True,0,0,0,0,True,
603706.SH,603706,603706,东方环宇,主板,沪市,主板,801160.SI,公用事业,801163.SI,燃气Ⅱ,燃气Ⅱ,L,20180709,2998,8.21,17.11,-0.581,19.048,False,True,True,0,0,0,0,True,
603707.SH,603707,603707,健友股份,主板,沪市,主板,801150.SI,医药生物,801151.SI,化学制药,化学制药,L,20170719,3353,9.18,7.91,-0.378,25.926,False,True,True,0,0,0,0,True,
603708.SH,603708,603708,家家悦,主板,沪市,主板,801200.SI,商贸零售,801203.SI,一般零售,一般零售,L,20161213,3571,9.78,8.91,-1.329,20.833,False,True,True,0,0,0,0,True,
603709.SH,603709,603709,中源家居,主板,沪市,主板,801140.SI,轻工制造,801142.SI,家居用品,家居用品,L,20180208,3149,8.62,12.7,0.794,10.744,False,True,True,0,0,0,0,True,
603711.SH,603711,603711,香飘飘,主板,沪市,主板,801120.SI,食品饮料,801127.SI,饮料乳品,饮料乳品,L,20171130,3219,8.81,11.8,-2.156,11.864,False,True,True,0,0,0,0,True,
603712.SH,603712,603712,七一二,主板,沪市,主板,801740.SI,国防军工,801745.SI,军工电子Ⅱ,军工电子Ⅱ,L,20180226,3131,8.57,11.54,-2.369,8.696,False,True,True,0,0,0,0,True,
603713.SH,603713,603713,密尔克卫,主板,沪市,主板,801170.SI,交通运输,801178.SI,物流,物流,L,20180713,2994,8.2,67.63,0.03,10.638,False,True,True,0,0,0,0,True,
603716.SH,603716,603716,塞力医疗,主板,沪市,主板,801150.SI,医药生物,801154.SI,医药商业,医药商业,L,20161031,3614,9.89,16.81,-4.326,7.059,False,True,True,0,0,0,0,True,
603717.SH,603717,603717,天域生物,主板,沪市,主板,801010.SI,农林牧渔,801017.SI,养殖业,养殖业,L,20170327,3467,9.49,5.87,-1.179,13.115,False,True,True,0,0,0,0,True,
603718.SH,603718,603718,*ST海利,主板,沪市,主板,801150.SI,医药生物,801153.SI,医疗器械,医疗器械,L,20150515,4149,11.36,3.07,-0.647,14.286,True,True,True,0,0,0,0,False,ST
603719.SH,603719,603719,良品铺子,主板,沪市,主板,801120.SI,食品饮料,801128.SI,休闲食品,休闲食品,L,20200224,2403,6.58,9.15,-0.651,15.385,False,True,True,0,0,0,0,True,
603721.SH,603721,603721,中广天择,主板,沪市,主板,801760.SI,传媒,801766.SI,影视院线,影视院线,L,20170811,3330,9.12,18.23,-3.85,12.903,False,True,True,0,0,0,8,True,
603722.SH,603722,603722,阿科力,主板,沪市,主板,801030.SI,基础化工,801034.SI,化学制品,化学制品,L,20171025,3255,8.91,29.88,0.336,21.667,False,True,True,0,0,3,6,False,近60日停牌
603725.SH,603725,603725,天安新材,主板,沪市,主板,801140.SI,轻工制造,801142.SI,家居用品,家居用品,L,20170906,3304,9.05,11.97,1.183,14.035,False,True,True,0,0,0,0,True,
603726.SH,603726,603726,朗迪集团,主板,沪市,主板,801110.SI,家用电器,801116.SI,家电零部件Ⅱ,家电零部件Ⅱ,L,20160421,3807,10.42,24.74,2.528,7.5,False,True,True,0,0,0,0,True,
603727.SH,603727,603727,博迈科,主板,沪市,主板,801960.SI,石油石化,801962.SI,油服工程,油服工程,L,20161122,3592,9.83,18.23,-2.095,15.909,False,True,True,0,0,0,0,True,
603728.SH,603728,603728,鸣志电器,主板,沪市,主板,801730.SI,电力设备,801731.SI,电机Ⅱ,电机Ⅱ,L,20170509,3424,9.37,50.23,-0.633,25.0,False,True,True,0,0,0,0,True,
603729.SH,603729,603729,ST龙韵,主板,沪市,主板,801760.SI,传媒,801765.SI,广告营销,广告营销,L,20150324,4201,11.5,12.62,-0.708,23.276,True,True,True,0,0,0,0,False,ST
603730.SH,603730,603730,岱美股份,主板,沪市,主板,801880.SI,汽车,801093.SI,汽车零部件,汽车零部件,L,20170728,3344,9.16,9.72,0.621,29.63,False,True,True,0,0,0,0,True,
603733.SH,603733,603733,仙鹤股份,主板,沪市,主板,801140.SI,轻工制造,801143.SI,造纸,造纸,L,20180420,3078,8.43,18.88,-0.788,24.638,False,True,True,0,0,0,0,True,
603737.SH,603737,603737,三棵树,主板,沪市,主板,801710.SI,建筑材料,801713.SI,装修建材,装修建材,L,20160603,3764,10.31,21.83,0.0,44.444,False,True,True,0,0,0,0,True,
603738.SH,603738,603738,泰晶科技,主板,沪市,主板,801080.SI,电子,801083.SI,元件,元件,L,20160928,3647,9.98,38.23,0.977,7.447,False,True,True,0,0,0,0,True,
603739.SH,603739,603739,蔚蓝生物,主板,沪市,主板,801030.SI,基础化工,801034.SI,化学制品,化学制品,L,20190116,2807,7.69,13.03,-1.288,9.524,False,True,True,0,0,0,0,True,
603755.SH,603755,603755,日辰股份,主板,沪市,主板,801120.SI,食品饮料,801129.SI,调味发酵品Ⅱ,调味发酵品Ⅱ,L,20190828,2583,7.07,24.16,-0.902,12.5,False,True,True,0,0,0,0,True,
603757.SH,603757,603757,大元泵业,主板,沪市,主板,801890.SI,机械设备,801072.SI,通用设备,通用设备,L,20170711,3361,9.2,69.9,1.747,11.404,False,True,True,0,0,0,0,True,
603758.SH,603758,603758,秦安股份,主板,沪市,主板,801880.SI,汽车,801093.SI,汽车零部件,汽车零部件,L,20170517,3416,9.35,11.03,0.0,14.912,False,True,True,0,0,0,0,True,
603759.SH,603759,603759,海天股份,主板,沪市,主板,801970.SI,环保,801971.SI,环境治理,环境治理,L,20210326,2007,5.49,7.93,1.407,23.684,False,True,True,0,0,0,0,True,
603766.SH,603766,603766,隆鑫通用,主板,沪市,主板,801880.SI,汽车,801881.SI,摩托车及其他,摩托车及其他,L,20120810,5157,14.12,14.56,1.181,17.857,False,True,True,0,0,0,0,True,
603767.SH,603767,603767,中马传动,主板,沪市,主板,801880.SI,汽车,801093.SI,汽车零部件,汽车零部件,L,20170613,3389,9.28,13.4,-0.814,16.667,False,True,True,0,0,0,0,True,
603768.SH,603768,603768,常青股份,主板,沪市,主板,801880.SI,汽车,801093.SI,汽车零部件,汽车零部件,L,20170324,3470,9.5,11.57,-0.43,16.071,False,True,True,0,0,0,0,True,
603773.SH,603773,603773,沃格光电,主板,沪市,主板,801080.SI,电子,801084.SI,光学光电子,光学光电子,L,20180417,3081,8.44,102.5,10.002,8.0,False,True,True,0,0,0,0,True,
603776.SH,603776,603776,永安行,主板,沪市,主板,801880.SI,汽车,801881.SI,摩托车及其他,摩托车及其他,L,20170817,3324,9.1,20.83,0.92,11.765,False,True,True,0,0,0,0,True,
603777.SH,603777,603777,来伊份,主板,沪市,主板,801120.SI,食品饮料,801128.SI,休闲食品,休闲食品,L,20161012,3633,9.95,14.5,2.185,10.791,False,True,True,0,0,0,0,True,
603778.SH,603778,603778,国晟科技,主板,沪市,主板,801720.SI,建筑装饰,801723.SI,基础建设,基础建设,L,20151231,3919,10.73,8.6,-8.511,13.043,False,True,True,0,0,0,0,True,
603779.SH,603779,603779,威龙股份,主板,沪市,主板,801120.SI,食品饮料,801126.SI,非白酒,非白酒,L,20160516,3782,10.35,8.3,-0.36,9.639,False,True,True,0,0,0,0,True,
603786.SH,603786,603786,科博达,主板,沪市,主板,801880.SI,汽车,801093.SI,汽车零部件,汽车零部件,L,20191015,2535,6.94,37.92,0.397,60.0,False,True,True,0,0,0,0,True,
603787.SH,603787,603787,新日股份,主板,沪市,主板,801880.SI,汽车,801881.SI,摩托车及其他,摩托车及其他,L,20170427,3436,9.41,10.4,0.678,9.091,False,True,True,0,0,0,0,True,
603788.SH,603788,603788,宁波高发,主板,沪市,主板,801880.SI,汽车,801093.SI,汽车零部件,汽车零部件,L,20150120,4264,11.67,13.77,-0.217,18.571,False,True,True,0,0,0,0,True,
603789.SH,603789,603789,ST星农,主板,沪市,主板,801890.SI,机械设备,801074.SI,专用设备,专用设备,L,20150427,4167,11.41,5.95,-1.815,13.333,True,True,True,0,0,0,7,False,ST
603790.SH,603790,603790,雅运股份,主板,沪市,主板,801030.SI,基础化工,801034.SI,化学制品,化学制品,L,20180912,2933,8.03,25.98,4.212,16.456,False,True,True,0,0,0,0,True,
603797.SH,603797,603797,联泰环保,主板,沪市,主板,801970.SI,环保,801971.SI,环境治理,环境治理,L,20170413,3450,9.45,4.94,-0.202,8.333,False,True,True,0,0,0,0,True,
603798.SH,603798,603798,康普顿,主板,沪市,主板,801960.SI,石油石化,801963.SI,炼化及贸易,炼化及贸易,L,20160406,3822,10.46,13.56,0.594,14.925,False,True,True,0,0,0,0,True,
603799.SH,603799,603799,华友钴业,主板,沪市,主板,801050.SI,有色金属,801056.SI,能源金属,能源金属,L,20150129,4255,11.65,36.17,-1.337,18.367,False,True,True,0,0,0,0,True,
603800.SH,603800,603800,洪田股份,主板,沪市,主板,801890.SI,机械设备,801074.SI,专用设备,专用设备,L,20151210,3940,10.79,58.81,0.41,16.216,False,True,True,0,0,0,0,True,
603801.SH,603801,603801,志邦家居,主板,沪市,主板,801140.SI,轻工制造,801142.SI,家居用品,家居用品,L,20170630,3372,9.23,6.19,-0.322,12.5,False,True,True,0,0,0,0,True,
603803.SH,603803,603803,瑞斯康达,主板,沪市,主板,801770.SI,通信,801102.SI,通信设备,通信设备,L,20170420,3443,9.43,12.87,10.0,6.087,False,True,True,0,0,0,0,True,
603806.SH,603806,603806,福斯特,主板,沪市,主板,801730.SI,电力设备,801735.SI,光伏设备,光伏设备,L,20140905,4401,12.05,14.3,-0.556,20.0,False,True,True,0,0,0,0,True,
603808.SH,603808,603808,歌力思,主板,沪市,主板,801130.SI,纺织服饰,801132.SI,服装家纺,服装家纺,L,20150422,4172,11.42,8.76,0.344,17.857,False,True,True,0,0,0,0,True,
603809.SH,603809,603809,豪能股份,主板,沪市,主板,801880.SI,汽车,801093.SI,汽车零部件,汽车零部件,L,20171128,3221,8.82,8.68,0.579,20.879,False,True,True,0,0,0,0,True,
603810.SH,603810,603810,丰山集团,主板,沪市,主板,801030.SI,基础化工,801038.SI,农化制品,农化制品,L,20180917,2928,8.02,11.95,-0.417,13.333,False,True,True,0,0,0,0,True,
603811.SH,603811,603811,诚意药业,主板,沪市,主板,801150.SI,医药生物,801151.SI,化学制药,化学制药,L,20170315,3479,9.52,6.96,-0.713,13.889,False,True,True,0,0,0,0,True,
603813.SH,603813,603813,原尚股份,主板,沪市,主板,801170.SI,交通运输,801178.SI,物流,物流,L,20170918,3292,9.01,25.5,-5.973,34.177,False,True,True,0,0,0,2,True,
603815.SH,603815,603815,交建股份,主板,沪市,主板,801720.SI,建筑装饰,801723.SI,基础建设,基础建设,L,20191021,2529,6.92,5.11,-2.481,18.519,False,True,True,0,0,0,0,True,
603816.SH,603816,603816,顾家家居,主板,沪市,主板,801140.SI,轻工制造,801142.SI,家居用品,家居用品,L,20161014,3631,9.94,22.44,0.134,25.0,False,True,True,0,0,0,0,True,
603817.SH,603817,603817,海峡环保,主板,沪市,主板,801970.SI,环保,801971.SI,环境治理,环境治理,L,20170220,3502,9.59,5.79,-1.531,10.714,False,True,True,0,0,0,0,True,
603818.SH,603818,603818,曲美家居,主板,沪市,主板,801140.SI,轻工制造,801142.SI,家居用品,家居用品,L,20150422,4172,11.42,3.82,-4.02,7.692,False,True,True,0,0,0,0,True,
603819.SH,603819,603819,神力股份,主板,沪市,主板,801730.SI,电力设备,801731.SI,电机Ⅱ,电机Ⅱ,L,20161125,3589,9.83,16.07,-3.076,18.239,False,True,True,0,0,0,0,True,
603822.SH,603822,603822,ST嘉澳,主板,沪市,主板,801030.SI,基础化工,801034.SI,化学制品,化学制品,L,20160428,3800,10.4,62.65,-2.49,32.759,True,True,True,0,0,0,0,False,ST
603823.SH,603823,603823,百合花,主板,沪市,主板,801030.SI,基础化工,801034.SI,化学制品,化学制品,L,20161220,3564,9.76,50.47,-10.004,19.355,False,True,True,0,0,0,0,True,
603825.SH,603825,603825,ST华扬,主板,沪市,主板,801760.SI,传媒,801765.SI,广告营销,广告营销,L,20170802,3339,9.14,7.8,-0.889,26.316,True,True,True,0,0,0,0,False,ST
603826.SH,603826,603826,坤彩科技,主板,沪市,主板,801030.SI,基础化工,801039.SI,非金属材料Ⅱ,非金属材料Ⅱ,L,20170414,3449,9.44,17.08,4.401,38.235,False,True,True,0,0,0,0,True,
603828.SH,603828,603828,*ST利达,主板,沪市,主板,801720.SI,建筑装饰,801722.SI,装修装饰Ⅱ,装修装饰Ⅱ,L,20150226,4227,11.57,6.16,0.818,42.593,True,True,True,0,0,0,0,False,ST
603829.SH,603829,603829,洛凯股份,主板,沪市,主板,801730.SI,电力设备,801738.SI,电网设备,电网设备,L,20171017,3263,8.93,15.59,-2.011,7.843,False,True,True,0,0,0,0,True,
603833.SH,603833,603833,欧派家居,主板,沪市,主板,801140.SI,轻工制造,801142.SI,家居用品,家居用品,L,20170328,3466,9.49,30.0,1.488,70.37,False,True,True,0,0,0,0,True,
603836.SH,603836,603836,海程邦达,主板,沪市,主板,801170.SI,交通运输,801178.SI,物流,物流,L,20210526,1946,5.33,9.55,-1.139,13.187,False,True,True,0,0,0,0,True,
603838.SH,603838,603838,*ST四通,主板,沪市,主板,801140.SI,轻工制造,801142.SI,家居用品,家居用品,L,20150701,4102,11.23,13.78,-0.577,48.98,True,True,True,0,0,0,0,False,ST
603839.SH,603839,603839,安正时尚,主板,沪市,主板,801130.SI,纺织服饰,801132.SI,服装家纺,服装家纺,L,20170214,3508,9.6,6.9,-1.849,11.765,False,True,True,0,0,0,0,True,
603843.SH,603843,603843,*ST正平,主板,沪市,主板,801720.SI,建筑装饰,801723.SI,基础建设,基础建设,L,20160905,3670,10.05,6.6,2.804,14.493,True,True,True,0,0,0,0,False,ST
603848.SH,603848,603848,好太太,主板,沪市,主板,801140.SI,轻工制造,801142.SI,家居用品,家居用品,L,20171201,3218,8.81,13.55,0.222,36.957,False,True,True,0,0,0,0,True,
603855.SH,603855,603855,华荣股份,主板,沪市,主板,801890.SI,机械设备,801074.SI,专用设备,专用设备,L,20170524,3409,9.33,16.76,-0.238,14.286,False,True,True,0,0,0,0,True,
603856.SH,603856,603856,东宏股份,主板,沪市,主板,801710.SI,建筑材料,801713.SI,装修建材,装修建材,L,20171106,3243,8.88,11.71,0.429,14.655,False,True,True,0,0,0,0,True,
603858.SH,603858,603858,步长制药,主板,沪市,主板,801150.SI,医药生物,801155.SI,中药Ⅱ,中药Ⅱ,L,20161118,3596,9.85,14.68,-0.609,16.129,False,True,True,0,0,0,0,True,
603859.SH,603859,603859,能科科技,主板,沪市,主板,801750.SI,计算机,801103.SI,IT服务Ⅱ,IT服务Ⅱ,L,20161021,3624,9.92,41.09,1.708,11.34,False,True,True,0,0,0,0,True,
603860.SH,603860,603860,中公高科,主板,沪市,主板,801720.SI,建筑装饰,801726.SI,工程咨询服务Ⅱ,工程咨询服务Ⅱ,L,20170802,3339,9.14,26.3,1.505,11.628,False,True,True,0,0,0,0,True,
603861.SH,603861,603861,白云电器,主板,沪市,主板,801730.SI,电力设备,801738.SI,电网设备,电网设备,L,20160322,3837,10.51,10.99,-1.7,12.821,False,True,True,0,0,0,0,True,
603863.SH,603863,603863,松炀资源,主板,沪市,主板,801140.SI,轻工制造,801143.SI,造纸,造纸,L,20190621,2651,7.26,12.61,-1.175,9.677,False,True,True,0,0,0,0,True,
603866.SH,603866,603866,桃李面包,主板,沪市,主板,801120.SI,食品饮料,801128.SI,休闲食品,休闲食品,L,20151222,3928,10.75,4.14,-1.429,20.0,False,True,True,0,0,0,0,True,
603867.SH,603867,603867,新化股份,主板,沪市,主板,801030.SI,基础化工,801034.SI,化学制品,化学制品,L,20190627,2645,7.24,36.07,7.639,16.0,False,True,True,0,0,0,0,True,
603868.SH,603868,603868,飞科电器,主板,沪市,主板,801110.SI,家用电器,801113.SI,小家电,小家电,L,20160418,3810,10.43,31.26,-1.139,45.614,False,True,True,0,0,0,0,True,
603869.SH,603869,603869,ST智知,主板,沪市,主板,801750.SI,计算机,801103.SI,IT服务Ⅱ,IT服务Ⅱ,L,20150326,4199,11.5,8.54,-0.466,41.379,True,True,True,0,0,0,0,False,ST
603871.SH,603871,603871,嘉友国际,主板,沪市,主板,801170.SI,交通运输,801178.SI,物流,物流,L,20180206,3151,8.63,12.17,0.082,19.048,False,True,True,0,0,0,0,True,
603876.SH,603876,603876,鼎胜新材,主板,沪市,主板,801050.SI,有色金属,801055.SI,工业金属,工业金属,L,20180418,3080,8.43,18.36,-0.542,21.739,False,True,True,0,0,0,0,True,
603877.SH,603877,603877,太平鸟,主板,沪市,主板,801130.SI,纺织服饰,801132.SI,服装家纺,服装家纺,L,20170109,3544,9.7,11.84,-0.671,24.242,False,True,True,0,0,0,0,True,
603878.SH,603878,603878,武进不锈,主板,沪市,主板,801040.SI,钢铁,801044.SI,普钢,普钢,L,20161219,3565,9.76,4.86,-1.42,8.0,False,True,True,0,0,0,0,True,
603879.SH,603879,603879,永悦科技,主板,沪市,主板,801030.SI,基础化工,801036.SI,塑料,塑料,L,20170614,3388,9.28,4.87,-1.417,11.538,False,True,True,0,0,0,0,True,
603880.SH,603880,603880,南卫股份,主板,沪市,主板,801150.SI,医药生物,801153.SI,医疗器械,医疗器械,L,20170807,3334,9.13,9.3,0.215,10.638,False,True,True,0,0,0,0,True,
603881.SH,603881,603881,数据港,主板,沪市,主板,801770.SI,通信,801223.SI,通信服务,通信服务,L,20170208,3514,9.62,24.51,-2.506,15.2,False,True,True,0,0,0,0,True,
603882.SH,603882,603882,金域医学,主板,沪市,主板,801150.SI,医药生物,801156.SI,医疗服务,医疗服务,L,20170908,3302,9.04,29.07,0.034,13.043,False,True,True,0,0,0,0,True,
603883.SH,603883,603883,老百姓,主板,沪市,主板,801150.SI,医药生物,801154.SI,医药商业,医药商业,L,20150423,4171,11.42,12.9,-0.309,9.375,False,True,True,0,0,0,0,True,
603885.SH,603885,603885,吉祥航空,主板,沪市,主板,801170.SI,交通运输,801991.SI,航空机场,航空机场,L,20150527,4137,11.33,10.2,0.99,17.757,False,True,True,0,0,0,0,True,
603886.SH,603886,603886,元祖股份,主板,沪市,主板,801120.SI,食品饮料,801128.SI,休闲食品,休闲食品,L,20161228,3556,9.74,12.63,-0.551,11.475,False,True,True,0,0,0,0,True,
603887.SH,603887,603887,城地香江,主板,沪市,主板,801750.SI,计算机,801103.SI,IT服务Ⅱ,IT服务Ⅱ,L,20161010,3635,9.95,8.8,-2.655,9.783,False,True,True,0,0,0,0,True,
603888.SH,603888,603888,新华网,主板,沪市,主板,801760.SI,传媒,801767.SI,数字媒体,数字媒体,L,20161028,3617,9.9,17.79,-3.577,11.864,False,True,True,0,0,0,0,True,
603889.SH,603889,603889,新澳股份,主板,沪市,主板,801130.SI,纺织服饰,801131.SI,纺织制造,纺织制造,L,20141231,4284,11.73,6.05,-0.165,11.864,False,True,True,0,0,0,0,True,
603890.SH,603890,603890,春秋电子,主板,沪市,主板,801080.SI,电子,801085.SI,消费电子,消费电子,L,20171212,3207,8.78,16.73,-3.795,12.069,False,True,True,0,0,0,0,True,
603893.SH,603893,603893,瑞芯微,主板,沪市,主板,801080.SI,电子,801081.SI,半导体,半导体,L,20200207,2420,6.63,223.01,2.392,18.293,False,True,True,0,0,0,0,True,
603895.SH,603895,603895,天永智能,主板,沪市,主板,801890.SI,机械设备,801074.SI,专用设备,专用设备,L,20180122,3166,8.67,26.28,0.191,25.287,False,True,True,0,0,0,0,True,
603896.SH,603896,603896,寿仙谷,主板,沪市,主板,801150.SI,医药生物,801155.SI,中药Ⅱ,中药Ⅱ,L,20170510,3423,9.37,14.7,-1.077,10.204,False,True,True,0,0,0,0,True,
603897.SH,603897,603897,长城科技,主板,沪市,主板,801730.SI,电力设备,801738.SI,电网设备,电网设备,L,20180410,3088,8.45,30.36,-1.365,6.667,False,True,True,0,0,0,0,True,
603898.SH,603898,603898,好莱客,主板,沪市,主板,801140.SI,轻工制造,801142.SI,家居用品,家居用品,L,20150217,4236,11.6,11.58,2.66,31.579,False,True,True,0,0,0,0,True,
603899.SH,603899,603899,晨光股份,主板,沪市,主板,801140.SI,轻工制造,801145.SI,文娱用品,文娱用品,L,20150127,4257,11.66,22.33,1.041,27.586,False,True,True,0,0,0,0,True,
603900.SH,603900,603900,莱绅通灵,主板,沪市,主板,801130.SI,纺织服饰,801133.SI,饰品,饰品,L,20161123,3591,9.83,6.53,-3.545,7.353,False,True,True,0,0,0,0,True,
603901.SH,603901,603901,永创智能,主板,沪市,主板,801890.SI,机械设备,801074.SI,专用设备,专用设备,L,20150529,4135,11.32,9.49,1.824,15.625,False,True,True,0,0,0,0,True,
603903.SH,603903,603903,中持股份,主板,沪市,主板,801970.SI,环保,801971.SI,环境治理,环境治理,L,20170314,3480,9.53,15.12,-0.982,8.333,False,True,True,0,0,0,0,True,
603906.SH,603906,603906,龙蟠科技,主板,沪市,主板,801730.SI,电力设备,801737.SI,电池,电池,L,20170410,3453,9.45,18.02,-0.88,10.638,False,True,True,0,0,0,0,True,
603908.SH,603908,603908,牧高笛,主板,沪市,主板,801130.SI,纺织服饰,801132.SI,服装家纺,服装家纺,L,20170307,3487,9.55,19.5,-0.205,14.894,False,True,True,0,0,0,0,True,
603909.SH,603909,603909,建发合诚,主板,沪市,主板,801720.SI,建筑装饰,801726.SI,工程咨询服务Ⅱ,工程咨询服务Ⅱ,L,20160628,3739,10.24,9.89,0.61,28.421,False,True,True,0,0,0,0,True,
603912.SH,603912,603912,佳力图,主板,沪市,主板,801890.SI,机械设备,801072.SI,通用设备,通用设备,L,20171101,3248,8.89,9.13,3.632,10.227,False,True,True,0,0,0,0,True,
603915.SH,603915,603915,国茂股份,主板,沪市,主板,801890.SI,机械设备,801072.SI,通用设备,通用设备,L,20190614,2658,7.28,13.18,-0.603,21.739,False,True,True,0,0,0,0,True,
603916.SH,603916,603916,苏博特,主板,沪市,主板,801030.SI,基础化工,801034.SI,化学制品,化学制品,L,20171110,3239,8.87,10.68,-1.02,12.5,False,True,True,0,0,0,0,True,
603917.SH,603917,603917,合力科技,主板,沪市,主板,801880.SI,汽车,801093.SI,汽车零部件,汽车零部件,L,20171204,3215,8.8,14.35,-0.07,18.75,False,True,True,0,0,0,0,True,
603918.SH,603918,603918,金桥信息,主板,沪市,主板,801750.SI,计算机,801103.SI,IT服务Ⅱ,IT服务Ⅱ,L,20150528,4136,11.32,10.56,-3.913,8.182,False,True,True,0,0,0,0,True,
603919.SH,603919,603919,金徽酒,主板,沪市,主板,801120.SI,食品饮料,801125.SI,白酒Ⅱ,白酒Ⅱ,L,20160310,3849,10.54,16.33,-2.274,9.091,False,True,True,0,0,0,0,True,
603920.SH,603920,603920,世运电路,主板,沪市,主板,801080.SI,电子,801083.SI,元件,元件,L,20170426,3437,9.41,45.96,-0.412,18.31,False,True,True,0,0,0,0,True,
603922.SH,603922,603922,ST金鸿顺,主板,沪市,主板,801880.SI,汽车,801093.SI,汽车零部件,汽车零部件,L,20171023,3257,8.92,12.7,0.316,40.625,True,True,True,0,0,0,0,False,ST
603926.SH,603926,603926,铁流股份,主板,沪市,主板,801880.SI,汽车,801093.SI,汽车零部件,汽车零部件,L,20170510,3423,9.37,17.58,0.515,15.294,False,True,True,0,0,0,0,True,
603927.SH,603927,603927,中科软,主板,沪市,主板,801750.SI,计算机,801104.SI,软件开发,软件开发,L,20190909,2571,7.04,13.79,-1.359,8.824,False,True,True,0,0,0,0,True,
603928.SH,603928,603928,兴业股份,主板,沪市,主板,801030.SI,基础化工,801036.SI,塑料,塑料,L,20161212,3572,9.78,12.32,2.241,9.091,False,True,True,0,0,0,0,True,
603929.SH,603929,603929,亚翔集成,主板,沪市,主板,801720.SI,建筑装饰,801724.SI,专业工程,专业工程,L,20161230,3554,9.73,158.73,-0.713,10.526,False,True,True,0,0,0,0,True,
603931.SH,603931,603931,格林达,主板,沪市,主板,801080.SI,电子,801086.SI,电子化学品Ⅱ,电子化学品Ⅱ,L,20200819,2226,6.09,36.69,2.172,9.859,False,True,True,0,0,0,0,True,
603933.SH,603933,603933,睿能科技,主板,沪市,主板,801080.SI,电子,801082.SI,其他电子Ⅱ,其他电子Ⅱ,L,20170706,3366,9.22,19.4,-0.513,14.737,False,True,True,0,0,0,0,True,
603936.SH,603936,603936,博敏电子,主板,沪市,主板,801080.SI,电子,801083.SI,元件,元件,L,20151209,3941,10.79,22.23,-1.724,5.405,False,True,True,0,0,0,0,True,
603937.SH,603937,603937,丽岛新材,主板,沪市,主板,801050.SI,有色金属,801055.SI,工业金属,工业金属,L,20171102,3247,8.89,12.97,10.008,13.793,False,True,True,0,0,0,0,True,
603938.SH,603938,603938,三孚股份,主板,沪市,主板,801030.SI,基础化工,801033.SI,化学原料,化学原料,L,20170628,3374,9.24,51.5,4.569,9.524,False,True,True,0,0,0,0,True,
603939.SH,603939,603939,益丰药房,主板,沪市,主板,801150.SI,医药生物,801154.SI,医药商业,医药商业,L,20150217,4236,11.6,22.09,-0.495,16.071,False,True,True,0,0,0,0,True,
603948.SH,603948,603948,建业股份,主板,沪市,主板,801030.SI,基础化工,801034.SI,化学制品,化学制品,L,20200302,2396,6.56,19.6,-0.255,33.981,False,True,True,0,0,0,0,True,
603949.SH,603949,603949,雪龙集团,主板,沪市,主板,801880.SI,汽车,801093.SI,汽车零部件,汽车零部件,L,20200310,2388,6.54,15.36,10.029,25.352,False,True,True,0,0,0,0,True,
603950.SH,603950,603950,长源东谷,主板,沪市,主板,801880.SI,汽车,801093.SI,汽车零部件,汽车零部件,L,20200526,2311,6.33,58.59,-0.896,15.789,False,True,True,0,0,0,0,True,
603955.SH,603955,603955,大千生态,主板,沪市,主板,801720.SI,建筑装饰,801723.SI,基础建设,基础建设,L,20170310,3484,9.54,24.8,-0.201,22.222,False,True,True,0,0,0,0,True,
603956.SH,603956,603956,威派格,主板,沪市,主板,801890.SI,机械设备,801074.SI,专用设备,专用设备,L,20190222,2770,7.58,7.11,-2.066,14.706,False,True,True,0,0,0,0,True,
603958.SH,603958,603958,哈森股份,主板,沪市,主板,801130.SI,纺织服饰,801132.SI,服装家纺,服装家纺,L,20160629,3738,10.23,18.93,2.159,23.913,False,True,True,0,0,0,0,True,
603959.SH,603959,603959,ST百利,主板,沪市,主板,801720.SI,建筑装饰,801724.SI,专业工程,专业工程,L,20160517,3781,10.35,4.39,-1.79,13.636,True,True,True,0,0,0,0,False,ST
603960.SH,603960,603960,克来机电,主板,沪市,主板,801890.SI,机械设备,801078.SI,自动化设备,自动化设备,L,20170314,3480,9.53,18.23,-6.417,21.557,False,True,True,0,0,0,0,True,
603966.SH,603966,603966,法兰泰克,主板,沪市,主板,801890.SI,机械设备,801074.SI,专用设备,专用设备,L,20170125,3528,9.66,7.67,1.589,19.481,False,True,True,0,0,0,0,True,
603967.SH,603967,603967,中创物流,主板,沪市,主板,801170.SI,交通运输,801178.SI,物流,物流,L,20190429,2704,7.4,11.54,-1.114,12.931,False,True,True,0,0,0,0,True,
603968.SH,603968,603968,醋化股份,主板,沪市,主板,801030.SI,基础化工,801034.SI,化学制品,化学制品,L,20150518,4146,11.35,10.63,-3.451,14.286,False,True,True,0,0,0,0,True,
603969.SH,603969,603969,银龙股份,主板,沪市,主板,801890.SI,机械设备,801072.SI,通用设备,通用设备,L,20150227,4226,11.57,7.53,0.534,10.667,False,True,True,0,0,0,0,True,
603970.SH,603970,603970,中农立华,主板,沪市,主板,801030.SI,基础化工,801038.SI,农化制品,农化制品,L,20171116,3233,8.85,11.06,-0.807,15.179,False,True,True,0,0,0,0,True,
603976.SH,603976,603976,正川股份,主板,沪市,主板,801150.SI,医药生物,801153.SI,医疗器械,医疗器械,L,20170822,3319,9.09,32.9,2.62,20.0,False,True,True,0,0,0,0,True,
603977.SH,603977,603977,国泰集团,主板,沪市,主板,801030.SI,基础化工,801034.SI,化学制品,化学制品,L,20161111,3603,9.86,11.26,-1.487,18.803,False,True,True,0,0,0,0,True,
603978.SH,603978,603978,深圳新星,主板,沪市,主板,801050.SI,有色金属,801051.SI,金属新材料,金属新材料,L,20170807,3334,9.13,25.72,-1.832,21.795,False,True,True,0,0,0,0,True,
603979.SH,603979,603979,金诚信,主板,沪市,主板,801050.SI,有色金属,801055.SI,工业金属,工业金属,L,20150630,4103,11.23,76.04,1.549,21.505,False,True,True,0,0,0,0,True,
603980.SH,603980,603980,吉华集团,主板,沪市,主板,801030.SI,基础化工,801034.SI,化学制品,化学制品,L,20170615,3387,9.27,8.68,-3.017,13.095,False,True,True,0,0,0,0,True,
603982.SH,603982,603982,泉峰汽车,主板,沪市,主板,801880.SI,汽车,801093.SI,汽车零部件,汽车零部件,L,20190522,2681,7.34,6.33,0.636,13.333,False,True,True,0,0,0,0,True,
603983.SH,603983,603983,丸美生物,主板,沪市,主板,801980.SI,美容护理,801982.SI,化妆品,化妆品,L,20190725,2617,7.16,31.08,-2.996,19.048,False,True,True,0,0,0,0,True,
603985.SH,603985,603985,恒润股份,主板,沪市,主板,801730.SI,电力设备,801736.SI,风电设备,风电设备,L,20170505,3428,9.39,17.07,-0.467,11.765,False,True,True,0,0,0,0,True,
603986.SH,603986,603986,兆易创新,主板,沪市,主板,801080.SI,电子,801081.SI,半导体,半导体,L,20160818,3688,10.1,398.72,-0.841,9.211,False,True,True,0,0,0,0,True,
603987.SH,603987,603987,康德莱,主板,沪市,主板,801150.SI,医药生物,801153.SI,医疗器械,医疗器械,L,20161121,3593,9.84,7.57,-0.656,12.0,False,True,True,0,0,0,0,True,
603988.SH,603988,603988,中电电机,主板,沪市,主板,801730.SI,电力设备,801731.SI,电机Ⅱ,电机Ⅱ,L,20141104,4341,11.89,17.94,-1.32,18.182,False,True,True,0,0,0,0,True,
603989.SH,603989,603989,艾华集团,主板,沪市,主板,801080.SI,电子,801083.SI,元件,元件,L,20150515,4149,11.36,33.27,-2.577,8.824,False,True,True,0,0,0,0,True,
603990.SH,603990,603990,麦迪科技,主板,沪市,主板,801750.SI,计算机,801104.SI,软件开发,软件开发,L,20161208,3576,9.79,19.34,-2.863,15.423,False,True,True,0,0,0,0,True,
603991.SH,603991,603991,领先股份,主板,沪市,主板,801080.SI,电子,801081.SI,半导体,半导体,L,20170308,3486,9.54,185.57,10.0,23.129,False,True,True,0,0,0,0,True,
603992.SH,603992,603992,松霖科技,主板,沪市,主板,801140.SI,轻工制造,801142.SI,家居用品,家居用品,L,20190826,2585,7.08,20.3,-0.539,51.724,False,True,True,0,0,0,0,True,
603993.SH,603993,603993,洛阳钼业,主板,沪市,主板,801050.SI,有色金属,801055.SI,工业金属,工业金属,L,20121009,5097,13.95,17.66,-0.842,11.29,False,True,True,0,0,0,0,True,
603995.SH,603995,603995,甬金股份,主板,沪市,主板,801040.SI,钢铁,801045.SI,特钢Ⅱ,特钢Ⅱ,L,20191224,2465,6.75,25.7,-0.963,18.293,False,True,True,0,0,0,0,True,
603997.SH,603997,603997,继峰股份,主板,沪市,主板,801880.SI,汽车,801093.SI,汽车零部件,汽车零部件,L,20150302,4223,11.56,14.33,1.559,20.968,False,True,True,0,0,0,0,True,
603998.SH,603998,603998,方盛制药,主板,沪市,主板,801150.SI,医药生物,801155.SI,中药Ⅱ,中药Ⅱ,L,20141205,4310,11.8,10.45,-0.665,8.571,False,True,True,0,0,0,0,True,
603999.SH,603999,603999,读者传媒,主板,沪市,主板,801760.SI,传媒,801769.SI,出版,出版,L,20151210,3940,10.79,6.46,-5.279,19.048,False,True,True,0,0,0,0,True,
605001.SH,605001,605001,威奥股份,主板,沪市,主板,801890.SI,机械设备,801076.SI,轨交设备Ⅱ,轨交设备Ⅱ,L,20200522,2315,6.34,5.79,-0.344,13.793,False,True,True,0,0,0,0,True,
605003.SH,605003,605003,众望布艺,主板,沪市,主板,801130.SI,纺织服饰,801132.SI,服装家纺,服装家纺,L,20200908,2206,6.04,24.9,0.728,20.779,False,True,True,0,0,0,0,True,
605005.SH,605005,605005,合兴股份,主板,沪市,主板,801880.SI,汽车,801093.SI,汽车零部件,汽车零部件,L,20210119,2073,5.68,16.23,-0.734,27.586,False,True,True,0,0,0,0,True,
605006.SH,605006,605006,山东玻纤,主板,沪市,主板,801710.SI,建筑材料,801712.SI,玻璃玻纤,玻璃玻纤,L,20200903,2211,6.05,16.79,-3.837,5.814,False,True,True,0,0,0,0,True,
605007.SH,605007,605007,五洲特纸,主板,沪市,主板,801140.SI,轻工制造,801143.SI,造纸,造纸,L,20201110,2143,5.87,15.16,-0.329,10.526,False,True,True,0,0,0,0,True,
605008.SH,605008,605008,长鸿高科,主板,沪市,主板,801030.SI,基础化工,801036.SI,塑料,塑料,L,20200821,2224,6.09,14.25,-0.07,25.385,False,True,True,0,0,0,0,True,
605009.SH,605009,605009,豪悦护理,主板,沪市,主板,801980.SI,美容护理,801981.SI,个护用品,个护用品,L,20200911,2203,6.03,24.82,0.04,25.806,False,True,True,0,0,0,0,True,
605011.SH,605011,605011,杭州热电,主板,沪市,主板,801160.SI,公用事业,801161.SI,电力,电力,L,20210630,1911,5.23,17.58,-4.039,14.754,False,True,True,0,0,0,0,True,
605016.SH,605016,605016,百龙创园,主板,沪市,主板,801030.SI,基础化工,801034.SI,化学制品,化学制品,L,20210421,1981,5.42,21.55,4.968,21.296,False,True,True,0,0,0,0,True,
605018.SH,605018,605018,长华集团,主板,沪市,主板,801880.SI,汽车,801093.SI,汽车零部件,汽车零部件,L,20200929,2185,5.98,11.58,-3.096,26.016,False,True,True,0,0,0,0,True,
605020.SH,605020,605020,永和股份,主板,沪市,主板,801030.SI,基础化工,801034.SI,化学制品,化学制品,L,20210709,1902,5.21,31.77,1.631,12.308,False,True,True,0,0,0,0,True,
605028.SH,605028,605028,世茂能源,主板,沪市,主板,801160.SI,公用事业,801161.SI,电力,电力,L,20210712,1899,5.2,24.7,5.33,14.4,False,True,True,0,0,0,0,True,
605033.SH,605033,605033,美邦股份,主板,沪市,主板,801030.SI,基础化工,801038.SI,农化制品,农化制品,L,20210916,1833,5.02,19.53,-2.154,10.101,False,True,True,0,0,0,0,True,
605050.SH,605050,605050,福然德,主板,沪市,主板,801170.SI,交通运输,801178.SI,物流,物流,L,20200924,2190,6.0,10.1,-0.98,30.189,False,True,True,0,0,0,0,True,
605055.SH,605055,605055,迎丰股份,主板,沪市,主板,801130.SI,纺织服饰,801131.SI,纺织制造,纺织制造,L,20210129,2063,5.65,8.77,-2.664,29.897,False,True,True,0,0,0,0,True,
605056.SH,605056,605056,咸亨国际,主板,沪市,主板,801890.SI,机械设备,801072.SI,通用设备,通用设备,L,20210720,1891,5.18,14.0,-2.029,21.127,False,True,True,0,0,0,0,True,
605058.SH,605058,605058,澳弘电子,主板,沪市,主板,801080.SI,电子,801083.SI,元件,元件,L,20201021,2163,5.92,58.6,10.006,15.934,False,True,True,0,0,0,0,True,
605060.SH,605060,605060,联德股份,主板,沪市,主板,801890.SI,机械设备,801072.SI,通用设备,通用设备,L,20210301,2032,5.56,40.44,1.43,23.529,False,True,True,0,0,0,0,True,
605066.SH,605066,605066,天正电气,主板,沪市,主板,801730.SI,电力设备,801738.SI,电网设备,电网设备,L,20200807,2238,6.13,6.75,-1.171,11.429,False,True,True,0,0,0,0,True,
605068.SH,605068,605068,明新旭腾,主板,沪市,主板,801880.SI,汽车,801093.SI,汽车零部件,汽车零部件,L,20201123,2130,5.83,20.88,0.87,12.5,False,True,True,0,0,0,0,True,
605069.SH,605069,605069,正和生态,主板,沪市,主板,801970.SI,环保,801971.SI,环境治理,环境治理,L,20210816,1864,5.1,11.64,-4.197,14.05,False,True,True,0,0,0,0,True,
605077.SH,605077,605077,华康股份,主板,沪市,主板,801030.SI,基础化工,801034.SI,化学制品,化学制品,L,20210209,2052,5.62,11.88,0.935,15.385,False,True,True,0,0,0,0,True,
605080.SH,605080,605080,浙江自然,主板,沪市,主板,801140.SI,轻工制造,801145.SI,文娱用品,文娱用品,L,20210506,1966,5.38,23.02,0.876,14.667,False,True,True,0,0,0,0,True,
605086.SH,605086,605086,龙高股份,主板,沪市,主板,801030.SI,基础化工,801039.SI,非金属材料Ⅱ,非金属材料Ⅱ,L,20210416,1986,5.44,23.76,0.465,36.508,False,True,True,0,0,0,0,True,
605088.SH,605088,605088,冠盛股份,主板,沪市,主板,801880.SI,汽车,801093.SI,汽车零部件,汽车零部件,L,20200817,2228,6.1,25.91,5.282,16.049,False,True,True,0,0,0,0,True,
605089.SH,605089,605089,味知香,主板,沪市,主板,801120.SI,食品饮料,801124.SI,食品加工,食品加工,L,20210427,1975,5.41,20.83,-1.373,17.647,False,True,True,0,0,0,0,True,
605090.SH,605090,605090,九丰能源,主板,沪市,主板,801160.SI,公用事业,801163.SI,燃气Ⅱ,燃气Ⅱ,L,20210525,1947,5.33,31.79,-2.155,12.941,False,True,True,0,0,0,0,True,
605098.SH,605098,605098,行动教育,主板,沪市,主板,801210.SI,社会服务,801994.SI,教育,教育,L,20210421,1981,5.42,53.4,0.3,9.091,False,True,True,0,0,0,0,True,
605099.SH,605099,605099,共创草坪,主板,沪市,主板,801140.SI,轻工制造,801142.SI,家居用品,家居用品,L,20200930,2184,5.98,29.08,-0.649,50.588,False,True,True,0,0,0,0,True,
605100.SH,605100,605100,华丰股份,主板,沪市,主板,801890.SI,机械设备,801072.SI,通用设备,通用设备,L,20200811,2234,6.12,34.86,1.662,13.433,False,True,True,0,0,0,0,True,
605108.SH,605108,605108,同庆楼,主板,沪市,主板,801210.SI,社会服务,801219.SI,酒店餐饮,酒店餐饮,L,20200716,2260,6.19,12.3,0.408,11.905,False,True,True,0,0,0,0,True,
605111.SH,605111,605111,新洁能,主板,沪市,主板,801080.SI,电子,801081.SI,半导体,半导体,L,20200928,2186,5.98,62.38,3.193,13.333,False,True,True,0,0,0,0,True,
605116.SH,605116,605116,奥锐特,主板,沪市,主板,801150.SI,医药生物,801151.SI,化学制药,化学制药,L,20200921,2193,6.0,19.96,-0.598,26.866,False,True,True,0,0,0,0,True,
605117.SH,605117,605117,德业股份,主板,沪市,主板,801730.SI,电力设备,801735.SI,光伏设备,光伏设备,L,20210420,1982,5.43,78.01,-5.305,23.529,False,True,True,0,0,0,0,True,
605118.SH,605118,605118,力鼎光电,主板,沪市,主板,801750.SI,计算机,801101.SI,计算机设备,计算机设备,L,20200730,2246,6.15,34.54,1.172,23.81,False,True,True,0,0,0,0,True,
605122.SH,605122,605122,四方新材,主板,沪市,主板,801710.SI,建筑材料,801711.SI,水泥,水泥,L,20210310,2023,5.54,12.2,2.178,12.069,False,True,True,0,0,0,0,True,
605123.SH,605123,605123,派克新材,主板,沪市,主板,801740.SI,国防军工,801742.SI,航空装备Ⅱ,航空装备Ⅱ,L,20200825,2220,6.08,81.6,1.053,19.672,False,True,True,0,0,0,0,True,
605128.SH,605128,605128,上海沿浦,主板,沪市,主板,801880.SI,汽车,801093.SI,汽车零部件,汽车零部件,L,20200915,2199,6.02,23.86,4.238,10.169,False,True,True,0,0,0,0,True,
605133.SH,605133,605133,嵘泰股份,主板,沪市,主板,801880.SI,汽车,801093.SI,汽车零部件,汽车零部件,L,20210224,2037,5.58,24.75,0.692,18.75,False,True,True,0,0,0,0,True,
605136.SH,605136,605136,丽人丽妆,主板,沪市,主板,801200.SI,商贸零售,801206.SI,互联网电商,互联网电商,L,20200929,2185,5.98,8.43,-2.204,10.843,False,True,True,0,0,0,0,True,
605138.SH,605138,605138,盛泰集团,主板,沪市,主板,801130.SI,纺织服饰,801132.SI,服装家纺,服装家纺,L,20211027,1792,4.91,6.21,0.976,28.333,False,True,True,0,0,0,0,True,
605151.SH,605151,605151,西上海,主板,沪市,主板,801880.SI,汽车,801093.SI,汽车零部件,汽车零部件,L,20201215,2108,5.77,18.68,1.357,12.299,False,True,True,0,0,0,0,True,
605155.SH,605155,605155,西大门,主板,沪市,主板,801140.SI,轻工制造,801142.SI,家居用品,家居用品,L,20201231,2092,5.73,14.46,-1.23,12.587,False,True,True,0,0,0,0,True,
605158.SH,605158,605158,华达新材,主板,沪市,主板,801050.SI,有色金属,801051.SI,金属新材料,金属新材料,L,20200805,2240,6.13,7.77,0.129,21.795,False,True,True,0,0,0,0,True,
605162.SH,605162,605162,新中港,主板,沪市,主板,801160.SI,公用事业,801161.SI,电力,电力,L,20210707,1904,5.21,12.41,4.992,11.765,False,True,True,0,0,0,0,True,
605166.SH,605166,605166,聚合顺,主板,沪市,主板,801030.SI,基础化工,801032.SI,化学纤维,化学纤维,L,20200618,2288,6.26,8.8,1.033,15.116,False,True,True,0,0,0,0,True,
605167.SH,605167,605167,利柏特,主板,沪市,主板,801720.SI,建筑装饰,801724.SI,专业工程,专业工程,L,20210726,1885,5.16,16.16,-1.703,13.462,False,True,True,0,0,0,0,True,
605168.SH,605168,605168,三人行,主板,沪市,主板,801760.SI,传媒,801765.SI,广告营销,广告营销,L,20200528,2309,6.32,53.73,-4.361,18.056,False,True,True,0,0,0,0,True,
605169.SH,605169,605169,洪通燃气,主板,沪市,主板,801160.SI,公用事业,801163.SI,燃气Ⅱ,燃气Ⅱ,L,20201030,2154,5.9,12.95,-0.385,24.39,False,True,True,0,0,0,0,True,
605177.SH,605177,605177,东亚药业,主板,沪市,主板,801150.SI,医药生物,801151.SI,化学制药,化学制药,L,20201125,2128,5.83,24.89,0.769,8.197,False,True,True,0,0,0,0,True,
605178.SH,605178,605178,时空科技,主板,沪市,主板,801720.SI,建筑装饰,801724.SI,专业工程,专业工程,L,20200821,2224,6.09,73.9,-1.19,11.765,False,True,True,0,0,0,0,True,
605179.SH,605179,605179,一鸣食品,主板,沪市,主板,801120.SI,食品饮料,801127.SI,饮料乳品,饮料乳品,L,20201228,2095,5.74,27.09,-9.82,18.478,False,True,True,0,0,0,0,True,
605180.SH,605180,605180,华生科技,主板,沪市,主板,801130.SI,纺织服饰,801131.SI,纺织制造,纺织制造,L,20210430,1972,5.4,13.69,-1.723,16.031,False,True,True,0,0,0,0,True,
605183.SH,605183,605183,确成股份,主板,沪市,主板,801030.SI,基础化工,801037.SI,橡胶,橡胶,L,20201207,2116,5.79,16.46,1.23,36.709,False,True,True,0,0,0,0,True,
605186.SH,605186,605186,健麾信息,主板,沪市,主板,801890.SI,机械设备,801078.SI,自动化设备,自动化设备,L,20201222,2101,5.75,26.72,-1.439,15.385,False,True,True,0,0,0,0,True,
605188.SH,605188,605188,国光连锁,主板,沪市,主板,801200.SI,商贸零售,801203.SI,一般零售,一般零售,L,20200728,2248,6.15,12.97,-2.261,22.388,False,True,True,0,0,0,0,True,
605189.SH,605189,605189,富春染织,主板,沪市,主板,801130.SI,纺织服饰,801131.SI,纺织制造,纺织制造,L,20210528,1944,5.32,14.15,0.712,12.057,False,True,True,0,0,0,0,True,
605196.SH,605196,605196,华通线缆,主板,沪市,主板,801730.SI,电力设备,801738.SI,电网设备,电网设备,L,20210511,1961,5.37,36.73,3.436,14.118,False,True,True,0,0,0,0,True,
605198.SH,605198,605198,安德利,主板,沪市,主板,801010.SI,农林牧渔,801012.SI,农产品加工,农产品加工,L,20200918,2196,6.01,70.51,-0.255,30.682,False,True,True,0,0,0,0,True,
605199.SH,605199,605199,ST葫芦娃,主板,沪市,主板,801150.SI,医药生物,801155.SI,中药Ⅱ,中药Ⅱ,L,20200710,2266,6.2,5.85,0.515,17.241,True,True,True,0,0,0,0,False,ST
605208.SH,605208,605208,永茂泰,主板,沪市,主板,801050.SI,有色金属,801055.SI,工业金属,工业金属,L,20210308,2025,5.54,14.99,0.672,9.589,False,True,True,0,0,0,0,True,
605218.SH,605218,605218,伟时电子,主板,沪市,主板,801080.SI,电子,801084.SI,光学光电子,光学光电子,L,20200928,2186,5.98,14.9,-6.524,15.068,False,True,True,0,0,0,0,True,
605222.SH,605222,605222,起帆电缆,主板,沪市,主板,801730.SI,电力设备,801738.SI,电网设备,电网设备,L,20200731,2245,6.15,22.63,-0.221,17.117,False,True,True,0,0,0,0,True,
605228.SH,605228,605228,神通科技,主板,沪市,主板,801880.SI,汽车,801093.SI,汽车零部件,汽车零部件,L,20210120,2072,5.67,11.39,2.428,34.545,False,True,True,0,0,0,0,True,
605255.SH,605255,605255,天普股份,主板,沪市,主板,801880.SI,汽车,801093.SI,汽车零部件,汽车零部件,L,20200825,2220,6.08,60.07,-2.42,31.884,False,True,True,0,0,0,0,True,
605258.SH,605258,605258,协和电子,主板,沪市,主板,801080.SI,电子,801083.SI,元件,元件,L,20201203,2120,5.8,43.65,3.534,23.469,False,True,True,0,0,0,0,True,
605259.SH,605259,605259,绿田机械,主板,沪市,主板,801890.SI,机械设备,801074.SI,专用设备,专用设备,L,20210615,1926,5.27,17.61,0.456,20.879,False,True,True,0,0,0,0,True,
605266.SH,605266,605266,健之佳,主板,沪市,主板,801150.SI,医药生物,801154.SI,医药商业,医药商业,L,20201201,2122,5.81,15.76,0.0,12.5,False,True,True,0,0,0,0,True,
605268.SH,605268,605268,王力安防,主板,沪市,主板,801140.SI,轻工制造,801142.SI,家居用品,家居用品,L,20210224,2037,5.58,10.33,4.661,30.928,False,True,True,0,0,0,0,True,
605277.SH,605277,605277,新亚电子,主板,沪市,主板,801080.SI,电子,801085.SI,消费电子,消费电子,L,20210106,2086,5.71,17.43,-1.19,6.857,False,True,True,0,0,0,0,True,
605286.SH,605286,605286,同力天启,主板,沪市,主板,801890.SI,机械设备,801074.SI,专用设备,专用设备,L,20210322,2011,5.51,25.3,-1.249,14.504,False,True,True,0,0,0,0,True,
605287.SH,605287,605287,德才股份,主板,沪市,主板,801720.SI,建筑装饰,801722.SI,装修装饰Ⅱ,装修装饰Ⅱ,L,20210706,1905,5.22,36.25,-0.603,11.579,False,True,True,0,0,0,0,True,
605288.SH,605288,605288,凯迪股份,主板,沪市,主板,801890.SI,机械设备,801078.SI,自动化设备,自动化设备,L,20200601,2305,6.31,67.92,-0.483,16.667,False,True,True,0,0,0,0,True,
605289.SH,605289,605289,罗曼股份,主板,沪市,主板,801720.SI,建筑装饰,801724.SI,专业工程,专业工程,L,20210426,1976,5.41,102.14,-0.429,13.846,False,True,True,0,0,0,0,True,
605296.SH,605296,605296,神农集团,主板,沪市,主板,801010.SI,农林牧渔,801017.SI,养殖业,养殖业,L,20210528,1944,5.32,33.6,-1.553,18.421,False,True,True,0,0,0,0,True,
605298.SH,605298,605298,必得科技,主板,沪市,主板,801890.SI,机械设备,801076.SI,轨交设备Ⅱ,轨交设备Ⅱ,L,20210301,2032,5.56,45.61,3.943,27.381,False,True,True,0,0,0,0,True,
605299.SH,605299,605299,舒华体育,主板,沪市,主板,801140.SI,轻工制造,801145.SI,文娱用品,文娱用品,L,20201215,2108,5.77,12.41,-1.664,12.698,False,True,True,0,0,0,0,True,
605300.SH,605300,605300,佳禾食品,主板,沪市,主板,801120.SI,食品饮料,801127.SI,饮料乳品,饮料乳品,L,20210430,1972,5.4,10.46,-1.134,16.0,False,True,True,0,0,0,0,True,
605303.SH,605303,605303,园林股份,主板,沪市,主板,801720.SI,建筑装饰,801723.SI,基础建设,基础建设,L,20210301,2032,5.56,,,,False,True,False,8,8,8,8,False,近60日停牌、无最新行情
605305.SH,605305,605305,中际联合,主板,沪市,主板,801890.SI,机械设备,801077.SI,工程机械,工程机械,L,20210506,1966,5.38,30.73,-0.647,24.691,False,True,True,0,0,0,0,True,
605318.SH,605318,605318,法狮龙,主板,沪市,主板,801710.SI,建筑材料,801713.SI,装修建材,装修建材,L,20200803,2242,6.14,79.68,1.827,61.616,False,True,True,0,0,0,0,True,
605319.SH,605319,605319,无锡振华,主板,沪市,主板,801880.SI,汽车,801093.SI,汽车零部件,汽车零部件,L,20210607,1934,5.3,23.16,-1.864,17.073,False,True,True,0,0,0,0,True,
605333.SH,605333,605333,沪光股份,主板,沪市,主板,801880.SI,汽车,801093.SI,汽车零部件,汽车零部件,L,20200818,2227,6.1,16.93,1.988,69.492,False,True,True,0,0,0,0,True,
605336.SH,605336,605336,*ST帅电,主板,沪市,主板,801110.SI,家用电器,801114.SI,厨卫电器,厨卫电器,L,20201019,2165,5.93,11.63,-1.021,46.154,True,True,True,0,0,0,0,False,ST
605337.SH,605337,605337,李子园,主板,沪市,主板,801120.SI,食品饮料,801127.SI,饮料乳品,饮料乳品,L,20210208,2053,5.62,9.03,-1.095,12.903,False,True,True,0,0,0,0,True,
605338.SH,605338,605338,巴比食品,主板,沪市,主板,801120.SI,食品饮料,801124.SI,食品加工,食品加工,L,20201012,2172,5.95,17.78,-0.837,20.833,False,True,True,0,0,0,0,True,
605339.SH,605339,605339,南侨食品,主板,沪市,主板,801120.SI,食品饮料,801128.SI,休闲食品,休闲食品,L,20210518,1954,5.35,13.04,-1.137,53.571,False,True,True,0,0,0,0,True,
605358.SH,605358,605358,立昂微,主板,沪市,主板,801080.SI,电子,801081.SI,半导体,半导体,L,20200911,2203,6.03,48.03,2.409,10.811,False,True,True,0,0,0,0,True,
605365.SH,605365,605365,立达信,主板,沪市,主板,801110.SI,家用电器,801115.SI,照明设备Ⅱ,照明设备Ⅱ,L,20210720,1891,5.18,14.46,-1.23,23.288,False,True,True,0,0,0,0,True,
605366.SH,605366,605366,宏柏新材,主板,沪市,主板,801030.SI,基础化工,801034.SI,化学制品,化学制品,L,20200812,2233,6.11,8.75,1.508,10.843,False,True,True,0,0,0,0,True,
605368.SH,605368,605368,蓝天燃气,主板,沪市,主板,801160.SI,公用事业,801163.SI,燃气Ⅱ,燃气Ⅱ,L,20210129,2063,5.65,6.71,0.299,24.638,False,True,True,0,0,0,0,True,
605369.SH,605369,605369,拱东医疗,主板,沪市,主板,801150.SI,医药生物,801153.SI,医疗器械,医疗器械,L,20200916,2198,6.02,17.96,1.699,14.286,False,True,True,0,0,0,0,True,
605376.SH,605376,605376,博迁新材,主板,沪市,主板,801050.SI,有色金属,801056.SI,能源金属,能源金属,L,20201208,2115,5.79,139.15,-1.542,10.0,False,True,True,0,0,0,0,True,
605377.SH,605377,605377,华旺科技,主板,沪市,主板,801140.SI,轻工制造,801143.SI,造纸,造纸,L,20201228,2095,5.74,8.14,-0.611,12.791,False,True,True,0,0,0,0,True,
605378.SH,605378,605378,野马电池,主板,沪市,主板,801730.SI,电力设备,801737.SI,电池,电池,L,20210412,1990,5.45,15.07,-0.855,32.432,False,True,True,0,0,0,0,True,
605388.SH,605388,605388,均瑶健康,主板,沪市,主板,801120.SI,食品饮料,801127.SI,饮料乳品,饮料乳品,L,20200818,2227,6.1,6.14,-2.073,9.836,False,True,True,0,0,0,0,True,
605389.SH,605389,605389,长龄液压,主板,沪市,主板,801890.SI,机械设备,801077.SI,工程机械,工程机械,L,20210322,2011,5.51,65.98,-1.168,33.696,False,True,True,0,0,0,0,True,
605398.SH,605398,605398,新炬网络,主板,沪市,主板,801750.SI,计算机,801103.SI,IT服务Ⅱ,IT服务Ⅱ,L,20210121,2071,5.67,22.66,-4.105,23.214,False,True,True,0,0,0,0,True,
605399.SH,605399,605399,晨光新材,主板,沪市,主板,801030.SI,基础化工,801034.SI,化学制品,化学制品,L,20200804,2241,6.14,11.56,1.137,32.143,False,True,True,0,0,0,0,True,
605488.SH,605488,605488,福莱新材,主板,沪市,主板,801030.SI,基础化工,801036.SI,塑料,塑料,L,20210513,1959,5.36,31.01,3.367,9.589,False,True,True,0,0,0,0,True,
605499.SH,605499,605499,东鹏饮料,主板,沪市,主板,801120.SI,食品饮料,801127.SI,饮料乳品,饮料乳品,L,20210527,1945,5.33,114.45,-0.866,22.5,False,True,True,0,0,0,0,True,
605500.SH,605500,605500,森林包装,主板,沪市,主板,801140.SI,轻工制造,801143.SI,造纸,造纸,L,20201222,2101,5.75,7.42,-0.403,15.493,False,True,True,0,0,0,0,True,
605507.SH,605507,605507,国邦医药,主板,沪市,主板,801150.SI,医药生物,801151.SI,化学制药,化学制药,L,20210802,1878,5.14,18.83,3.122,16.049,False,True,True,0,0,0,0,True,
605555.SH,605555,605555,德昌股份,主板,沪市,主板,801110.SI,家用电器,801113.SI,小家电,小家电,L,20211021,1798,4.92,12.63,-1.712,30.4,False,True,True,0,0,0,0,True,
605566.SH,605566,605566,福莱蒽特,主板,沪市,主板,801030.SI,基础化工,801034.SI,化学制品,化学制品,L,20211025,1794,4.91,33.32,5.243,21.875,False,True,True,0,0,0,0,True,
605567.SH,605567,605567,春雪食品,主板,沪市,主板,801120.SI,食品饮料,801124.SI,食品加工,食品加工,L,20211013,1806,4.94,9.42,-0.106,13.043,False,True,True,0,0,0,0,True,
605577.SH,605577,605577,龙版传媒,主板,沪市,主板,801760.SI,传媒,801769.SI,出版,出版,L,20210824,1856,5.08,15.92,-10.006,20.755,False,True,True,4,4,4,4,False,近60日停牌
605580.SH,605580,605580,恒盛能源,主板,沪市,主板,801160.SI,公用事业,801161.SI,电力,电力,L,20210819,1861,5.1,22.86,0.927,8.621,False,True,True,0,0,0,0,True,
605588.SH,605588,605588,冠石科技,主板,沪市,主板,801080.SI,电子,801084.SI,光学光电子,光学光电子,L,20210812,1868,5.11,48.37,2.457,14.839,False,True,True,0,0,0,0,True,
605589.SH,605589,605589,圣泉集团,主板,沪市,主板,801030.SI,基础化工,801036.SI,塑料,塑料,L,20210810,1870,5.12,41.23,1.602,8.642,False,True,True,0,0,0,0,True,
605598.SH,605598,605598,上海港湾,主板,沪市,主板,801720.SI,建筑装饰,801724.SI,专业工程,专业工程,L,20210917,1832,5.02,24.7,-1.358,50.746,False,True,True,0,0,0,0,True,
605599.SH,605599,605599,菜百股份,主板,沪市,主板,801130.SI,纺织服饰,801133.SI,饰品,饰品,L,20210909,1840,5.04,13.8,-1.429,20.253,False,True,True,0,0,0,0,True,
688001.SH,688001,688001,华兴源创,科创板,沪市,科创板,801890.SI,机械设备,801072.SI,通用设备,通用设备,L,20190722,2620,7.17,70.74,-3.571,34.81,False,True,True,0,0,0,0,True,
688002.SH,688002,688002,睿创微纳,科创板,沪市,科创板,801740.SI,国防军工,801745.SI,军工电子Ⅱ,军工电子Ⅱ,L,20190722,2620,7.17,184.06,-1.467,14.286,False,True,True,0,0,0,0,True,
688003.SH,688003,688003,天准科技,科创板,沪市,科创板,801890.SI,机械设备,801078.SI,自动化设备,自动化设备,L,20190722,2620,7.17,82.8,1.161,12.346,False,True,True,0,0,0,0,True,
688004.SH,688004,688004,博汇科技,科创板,沪市,科创板,801750.SI,计算机,801103.SI,IT服务Ⅱ,IT服务Ⅱ,L,20200612,2294,6.28,33.5,-3.569,7.647,False,True,True,0,0,0,0,True,
688005.SH,688005,688005,容百科技,科创板,沪市,科创板,801730.SI,电力设备,801737.SI,电池,电池,L,20190722,2620,7.17,23.85,-0.167,18.919,False,True,True,0,0,0,0,True,
688006.SH,688006,688006,杭可科技,科创板,沪市,科创板,801730.SI,电力设备,801737.SI,电池,电池,L,20190722,2620,7.17,21.2,0.856,29.63,False,True,True,0,0,0,0,True,
688007.SH,688007,688007,光峰科技,科创板,沪市,科创板,801080.SI,电子,801085.SI,消费电子,消费电子,L,20190722,2620,7.17,11.19,-0.267,14.286,False,True,True,0,0,0,0,True,
688008.SH,688008,688008,澜起科技,科创板,沪市,科创板,801080.SI,电子,801081.SI,半导体,半导体,L,20190722,2620,7.17,223.37,0.694,16.535,False,True,True,0,0,0,0,True,
688009.SH,688009,688009,中国通号,科创板,沪市,科创板,801890.SI,机械设备,801076.SI,轨交设备Ⅱ,轨交设备Ⅱ,L,20190722,2620,7.17,4.66,-0.427,14.0,False,True,True,0,0,0,0,True,
688010.SH,688010,688010,福光股份,科创板,沪市,科创板,801080.SI,电子,801084.SI,光学光电子,光学光电子,L,20190722,2620,7.17,28.71,2.28,11.111,False,True,True,0,0,0,0,True,
688011.SH,688011,688011,新光光电,科创板,沪市,科创板,801740.SI,国防军工,801745.SI,军工电子Ⅱ,军工电子Ⅱ,L,20190722,2620,7.17,73.57,-3.21,17.557,False,True,True,0,0,0,0,True,
688012.SH,688012,688012,中微公司,科创板,沪市,科创板,801080.SI,电子,801081.SI,半导体,半导体,L,20190722,2620,7.17,349.35,-0.203,13.699,False,True,True,0,0,0,0,True,
688013.SH,688013,688013,天臣医疗,科创板,沪市,科创板,801150.SI,医药生物,801153.SI,医疗器械,医疗器械,L,20200928,2186,5.98,25.37,2.713,17.073,False,True,True,0,0,0,0,True,
688015.SH,688015,688015,交控科技,科创板,沪市,科创板,801890.SI,机械设备,801076.SI,轨交设备Ⅱ,轨交设备Ⅱ,L,20190722,2620,7.17,16.83,0.478,36.585,False,True,True,0,0,0,0,True,
688016.SH,688016,688016,心脉医疗,科创板,沪市,科创板,801150.SI,医药生物,801153.SI,医疗器械,医疗器械,L,20190722,2620,7.17,86.24,0.771,10.526,False,True,True,0,0,0,0,True,
688017.SH,688017,688017,绿的谐波,科创板,沪市,科创板,801890.SI,机械设备,801078.SI,自动化设备,自动化设备,L,20200828,2217,6.07,286.9,-0.696,16.304,False,True,True,0,0,0,0,True,
688018.SH,688018,688018,乐鑫科技,科创板,沪市,科创板,801080.SI,电子,801081.SI,半导体,半导体,L,20190722,2620,7.17,122.23,-1.108,16.949,False,True,True,0,0,0,0,True,
688019.SH,688019,688019,安集科技,科创板,沪市,科创板,801080.SI,电子,801086.SI,电子化学品Ⅱ,电子化学品Ⅱ,L,20190722,2620,7.17,232.4,-0.206,13.699,False,True,True,0,0,0,0,True,
688020.SH,688020,688020,方邦股份,科创板,沪市,科创板,801080.SI,电子,801083.SI,元件,元件,L,20190722,2620,7.17,157.62,0.845,12.5,False,True,True,0,0,0,0,True,
688021.SH,688021,688021,奥福科技,科创板,沪市,科创板,801880.SI,汽车,801093.SI,汽车零部件,汽车零部件,L,20191106,2513,6.88,20.36,1.698,12.0,False,True,True,0,0,0,0,True,
688022.SH,688022,688022,ST瀚川,科创板,沪市,科创板,801890.SI,机械设备,801074.SI,专用设备,专用设备,L,20190722,2620,7.17,8.9,0.0,23.81,True,True,True,0,0,0,0,False,ST
688023.SH,688023,688023,安恒信息,科创板,沪市,科创板,801750.SI,计算机,801104.SI,软件开发,软件开发,L,20191105,2514,6.88,47.44,-2.966,18.519,False,True,True,0,0,0,0,True,
688025.SH,688025,688025,杰普特,科创板,沪市,科创板,801890.SI,机械设备,801078.SI,自动化设备,自动化设备,L,20191031,2519,6.9,449.79,2.2,16.304,False,True,True,0,0,0,0,True,
688026.SH,688026,688026,洁特生物,科创板,沪市,科创板,801150.SI,医药生物,801153.SI,医疗器械,医疗器械,L,20200122,2436,6.67,27.78,2.775,30.0,False,True,True,0,0,0,0,True,
688027.SH,688027,688027,国盾量子,科创板,沪市,科创板,801770.SI,通信,801102.SI,通信设备,通信设备,L,20200709,2267,6.21,387.84,8.981,15.873,False,True,True,0,0,0,0,True,
688028.SH,688028,688028,沃尔德,科创板,沪市,科创板,801890.SI,机械设备,801072.SI,通用设备,通用设备,L,20190722,2620,7.17,130.14,4.766,17.647,False,True,True,0,0,0,0,True,
688029.SH,688029,688029,南微医学,科创板,沪市,科创板,801150.SI,医药生物,801153.SI,医疗器械,医疗器械,L,20190722,2620,7.17,84.9,-0.387,13.333,False,True,True,0,0,0,0,True,
688030.SH,688030,688030,山石网科,科创板,沪市,科创板,801750.SI,计算机,801104.SI,软件开发,软件开发,L,20190930,2550,6.98,19.0,-2.263,13.953,False,True,True,0,0,0,0,True,
688031.SH,688031,688031,星环科技,科创板,沪市,科创板,801750.SI,计算机,801104.SI,软件开发,软件开发,L,20221018,1436,3.93,109.0,-2.075,11.111,False,True,True,0,0,0,0,True,
688032.SH,688032,688032,禾迈股份,科创板,沪市,科创板,801730.SI,电力设备,801735.SI,光伏设备,光伏设备,L,20211220,1738,4.76,70.33,0.586,31.034,False,True,True,0,0,0,0,True,
688033.SH,688033,688033,*ST天宜,科创板,沪市,科创板,801890.SI,机械设备,801076.SI,轨交设备Ⅱ,轨交设备Ⅱ,L,20190722,2620,7.17,7.35,0.823,26.087,True,True,True,0,0,0,0,False,ST
688035.SH,688035,688035,德邦科技,科创板,沪市,科创板,801080.SI,电子,801086.SI,电子化学品Ⅱ,电子化学品Ⅱ,L,20220919,1465,4.01,84.54,2.324,22.34,False,True,True,0,0,0,0,True,
688036.SH,688036,688036,传音控股,科创板,沪市,科创板,801080.SI,电子,801085.SI,消费电子,消费电子,L,20190930,2550,6.98,55.65,-2.025,17.5,False,True,True,0,0,0,0,True,
688037.SH,688037,688037,芯源微,科创板,沪市,科创板,801080.SI,电子,801081.SI,半导体,半导体,L,20191216,2473,6.77,351.57,-2.747,15.854,False,True,True,0,0,0,0,True,
688038.SH,688038,688038,中科通达,科创板,沪市,科创板,801750.SI,计算机,801104.SI,软件开发,软件开发,L,20210713,1898,5.2,19.57,-0.811,11.957,False,True,True,0,0,0,0,True,
688039.SH,688039,688039,当虹科技,科创板,沪市,科创板,801750.SI,计算机,801103.SI,IT服务Ⅱ,IT服务Ⅱ,L,20191211,2478,6.78,33.39,-2.139,14.706,False,True,True,0,0,0,0,True,
688041.SH,688041,688041,海光信息,科创板,沪市,科创板,801080.SI,电子,801081.SI,半导体,半导体,L,20220812,1503,4.11,251.66,-1.695,41.538,False,True,True,0,0,0,0,True,
688045.SH,688045,688045,必易微,科创板,沪市,科创板,801080.SI,电子,801081.SI,半导体,半导体,L,20220526,1581,4.33,62.2,3.271,13.103,False,True,True,0,0,0,0,True,
688046.SH,688046,688046,药康生物,科创板,沪市,科创板,801150.SI,医药生物,801156.SI,医疗服务,医疗服务,L,20220425,1612,4.41,38.61,2.332,21.739,False,True,True,0,0,0,0,True,
688047.SH,688047,688047,龙芯中科,科创板,沪市,科创板,801080.SI,电子,801081.SI,半导体,半导体,L,20220624,1552,4.25,105.85,-1.167,38.849,False,True,True,0,0,0,0,True,
688048.SH,688048,688048,长光华芯,科创板,沪市,科创板,801080.SI,电子,801081.SI,半导体,半导体,L,20220401,1636,4.48,348.9,-0.85,19.608,False,True,True,0,0,0,0,True,
688049.SH,688049,688049,炬芯科技,科创板,沪市,科创板,801080.SI,电子,801081.SI,半导体,半导体,L,20211129,1759,4.82,46.11,2.512,12.857,False,True,True,0,0,0,0,True,
688050.SH,688050,688050,爱博医疗,科创板,沪市,科创板,801150.SI,医药生物,801153.SI,医疗器械,医疗器械,L,20200729,2247,6.15,39.41,1.181,9.091,False,True,True,0,0,0,0,True,
688051.SH,688051,688051,佳华科技,科创板,沪市,科创板,801750.SI,计算机,801103.SI,IT服务Ⅱ,IT服务Ⅱ,L,20200320,2378,6.51,25.55,-2.63,10.0,False,True,True,0,0,0,0,True,
688052.SH,688052,688052,纳芯微,科创板,沪市,科创板,801080.SI,电子,801081.SI,半导体,半导体,L,20220422,1615,4.42,254.29,-0.474,19.697,False,True,True,0,0,0,0,True,
688053.SH,688053,688053,ST思科瑞,科创板,沪市,科创板,801740.SI,国防军工,801745.SI,军工电子Ⅱ,军工电子Ⅱ,L,20220708,1538,4.21,39.8,-0.624,20.0,True,True,True,0,0,0,0,False,ST
688055.SH,688055,688055,龙腾光电,科创板,沪市,科创板,801080.SI,电子,801084.SI,光学光电子,光学光电子,L,20200817,2228,6.1,3.8,0.529,39.535,False,True,True,0,0,0,0,True,
688056.SH,688056,688056,莱伯泰科,科创板,沪市,科创板,801890.SI,机械设备,801072.SI,通用设备,通用设备,L,20200902,2212,6.06,52.92,20.0,25.714,False,True,True,0,0,0,0,True,
688057.SH,688057,688057,金达莱,科创板,沪市,科创板,801970.SI,环保,801971.SI,环境治理,环境治理,L,20201111,2142,5.86,19.56,7.178,16.949,False,True,True,0,0,0,0,True,
688058.SH,688058,688058,宝兰德,科创板,沪市,科创板,801750.SI,计算机,801104.SI,软件开发,软件开发,L,20191101,2518,6.89,25.72,-0.963,20.69,False,True,True,0,0,0,0,True,
688059.SH,688059,688059,华锐精密,科创板,沪市,科创板,801890.SI,机械设备,801072.SI,通用设备,通用设备,L,20210208,2053,5.62,91.02,0.965,11.364,False,True,True,0,0,0,0,True,
688060.SH,688060,688060,云涌科技,科创板,沪市,科创板,801750.SI,计算机,801101.SI,计算机设备,计算机设备,L,20200710,2266,6.2,38.08,-0.314,38.095,False,True,True,0,0,0,0,True,
688061.SH,688061,688061,灿瑞科技,科创板,沪市,科创板,801080.SI,电子,801081.SI,半导体,半导体,L,20221018,1436,3.93,47.5,4.511,22.667,False,True,True,0,0,0,0,True,
688062.SH,688062,688062,迈威生物,科创板,沪市,科创板,801150.SI,医药生物,801151.SI,化学制药,化学制药,L,20220118,1709,4.68,27.8,-1.418,24.286,False,True,True,0,0,0,0,True,
688063.SH,688063,688063,派能科技,科创板,沪市,科创板,801730.SI,电力设备,801737.SI,电池,电池,L,20201230,2093,5.73,41.33,-0.816,10.526,False,True,True,0,0,0,0,True,
688065.SH,688065,688065,凯赛生物,科创板,沪市,科创板,801030.SI,基础化工,801034.SI,化学制品,化学制品,L,20200812,2233,6.11,39.32,1.865,20.0,False,True,True,0,0,0,0,True,
688066.SH,688066,688066,*ST航图,科创板,沪市,科创板,801750.SI,计算机,801103.SI,IT服务Ⅱ,IT服务Ⅱ,L,20190722,2620,7.17,8.18,-3.765,13.636,True,True,True,0,0,0,0,False,ST
688067.SH,688067,688067,爱威科技,科创板,沪市,科创板,801150.SI,医药生物,801153.SI,医疗器械,医疗器械,L,20210616,1925,5.27,24.02,1.35,16.0,False,True,True,0,0,0,0,True,
688068.SH,688068,688068,热景生物,科创板,沪市,科创板,801150.SI,医药生物,801153.SI,医疗器械,医疗器械,L,20190930,2550,6.98,95.46,-1.231,24.528,False,True,True,0,0,0,0,True,
688069.SH,688069,688069,德林海,科创板,沪市,科创板,801970.SI,环保,801971.SI,环境治理,环境治理,L,20200722,2254,6.17,37.84,-2.725,18.033,False,True,True,0,0,0,0,True,
688070.SH,688070,688070,纵横股份,科创板,沪市,科创板,801740.SI,国防军工,801742.SI,航空装备Ⅱ,航空装备Ⅱ,L,20210210,2051,5.62,36.62,2.119,12.644,False,True,True,0,0,0,0,True,
688071.SH,688071,688071,华依科技,科创板,沪市,科创板,801890.SI,机械设备,801074.SI,专用设备,专用设备,L,20210729,1882,5.15,35.75,-0.805,13.953,False,True,True,0,0,0,0,True,
688072.SH,688072,688072,拓荆科技,科创板,沪市,科创板,801080.SI,电子,801081.SI,半导体,半导体,L,20220420,1617,4.43,730.3,1.085,15.217,False,True,True,0,0,8,11,False,近60日停牌
688073.SH,688073,688073,毕得医药,科创板,沪市,科创板,801150.SI,医药生物,801156.SI,医疗服务,医疗服务,L,20221011,1443,3.95,80.76,6.123,23.529,False,True,True,0,0,0,0,True,
688075.SH,688075,688075,安旭生物,科创板,沪市,科创板,801150.SI,医药生物,801153.SI,医疗器械,医疗器械,L,20211118,1770,4.85,30.41,0.963,36.667,False,True,True,0,0,0,0,True,
688076.SH,688076,688076,ST诺泰,科创板,沪市,科创板,801150.SI,医药生物,801151.SI,化学制药,化学制药,L,20210520,1952,5.34,29.06,1.822,14.035,True,True,True,0,0,0,0,False,ST
688077.SH,688077,688077,大地熊,科创板,沪市,科创板,801050.SI,有色金属,801051.SI,金属新材料,金属新材料,L,20200722,2254,6.17,28.24,-7.105,13.043,False,True,True,0,0,0,0,True,
688078.SH,688078,688078,龙软科技,科创板,沪市,科创板,801750.SI,计算机,801104.SI,软件开发,软件开发,L,20191230,2459,6.73,31.33,0.417,30.303,False,True,True,0,0,0,0,True,
688079.SH,688079,688079,美迪凯,科创板,沪市,科创板,801080.SI,电子,801084.SI,光学光电子,光学光电子,L,20210302,2031,5.56,18.06,5.738,16.867,False,True,True,0,0,0,0,True,
688080.SH,688080,688080,映翰通,科创板,沪市,科创板,801770.SI,通信,801102.SI,通信设备,通信设备,L,20200212,2415,6.61,38.52,-0.67,14.516,False,True,True,0,0,0,0,True,
688081.SH,688081,688081,兴图新科,科创板,沪市,科创板,801740.SI,国防军工,801745.SI,军工电子Ⅱ,军工电子Ⅱ,L,20200106,2452,6.71,26.67,0.075,32.857,False,True,True,0,0,0,0,True,
688082.SH,688082,688082,盛美上海,科创板,沪市,科创板,801080.SI,电子,801081.SI,半导体,半导体,L,20211118,1770,4.85,291.33,0.942,38.261,False,True,True,0,0,0,0,True,
688083.SH,688083,688083,中望软件,科创板,沪市,科创板,801750.SI,计算机,801104.SI,软件开发,软件开发,L,20210311,2022,5.54,52.57,0.057,11.538,False,True,True,0,0,0,0,True,
688084.SH,688084,688084,晶品特装,科创板,沪市,科创板,801740.SI,国防军工,801745.SI,军工电子Ⅱ,军工电子Ⅱ,L,20221208,1385,3.79,44.47,-0.737,12.5,False,True,True,0,0,0,0,True,
688085.SH,688085,688085,三友医疗,科创板,沪市,科创板,801150.SI,医药生物,801153.SI,医疗器械,医疗器械,L,20200409,2358,6.46,13.21,0.533,23.077,False,True,True,0,0,0,0,True,
688087.SH,688087,688087,英科再生,科创板,沪市,科创板,801030.SI,基础化工,801036.SI,塑料,塑料,L,20210709,1902,5.21,34.38,0.292,16.667,False,True,True,0,0,0,0,True,
688088.SH,688088,688088,虹软科技,科创板,沪市,科创板,801750.SI,计算机,801103.SI,IT服务Ⅱ,IT服务Ⅱ,L,20190722,2620,7.17,30.07,-1.053,20.0,False,True,True,0,0,0,0,True,
688089.SH,688089,688089,ST嘉必优,科创板,沪市,科创板,801030.SI,基础化工,801034.SI,化学制品,化学制品,L,20191219,2470,6.76,8.51,-1.619,20.0,True,True,True,0,0,2,2,False,ST、近60日停牌
688090.SH,688090,688090,瑞松科技,科创板,沪市,科创板,801890.SI,机械设备,801078.SI,自动化设备,自动化设备,L,20200217,2410,6.6,84.8,-1.693,23.214,False,True,True,0,0,0,0,True,
688091.SH,688091,688091,上海谊众,科创板,沪市,科创板,801150.SI,医药生物,801151.SI,化学制药,化学制药,L,20210909,1840,5.04,40.85,-1.352,9.877,False,True,True,0,0,0,0,True,
688092.SH,688092,688092,爱科科技,科创板,沪市,科创板,801890.SI,机械设备,801074.SI,专用设备,专用设备,L,20210319,2014,5.51,22.83,4.39,27.679,False,True,True,0,0,0,0,True,
688093.SH,688093,688093,世华科技,科创板,沪市,科创板,801080.SI,电子,801082.SI,其他电子Ⅱ,其他电子Ⅱ,L,20200930,2184,5.98,23.94,3.145,46.269,False,True,True,0,0,0,0,True,
688095.SH,688095,688095,福昕软件,科创板,沪市,科创板,801750.SI,计算机,801104.SI,软件开发,软件开发,L,20200908,2206,6.04,58.72,-1.559,12.5,False,True,True,0,0,0,0,True,
688096.SH,688096,688096,京源环保,科创板,沪市,科创板,801970.SI,环保,801971.SI,环境治理,环境治理,L,20200409,2358,6.46,7.5,-1.055,16.25,False,True,True,0,0,0,0,True,
688097.SH,688097,688097,博众精工,科创板,沪市,科创板,801890.SI,机械设备,801078.SI,自动化设备,自动化设备,L,20210512,1960,5.37,46.9,2.514,37.634,False,True,True,0,0,0,0,True,
688098.SH,688098,688098,申联生物,科创板,沪市,科创板,801010.SI,农林牧渔,801018.SI,动物保健Ⅱ,动物保健Ⅱ,L,20191028,2522,6.9,8.68,-1.587,13.953,False,True,True,0,0,0,0,True,
688099.SH,688099,688099,晶晨股份,科创板,沪市,科创板,801080.SI,电子,801081.SI,半导体,半导体,L,20190808,2603,7.13,92.89,-1.859,10.39,False,True,True,0,0,0,0,True,
688100.SH,688100,688100,威胜信息,科创板,沪市,科创板,801770.SI,通信,801102.SI,通信设备,通信设备,L,20200121,2437,6.67,25.09,-0.159,45.333,False,True,True,0,0,0,0,True,
688101.SH,688101,688101,三达膜,科创板,沪市,科创板,801970.SI,环保,801971.SI,环境治理,环境治理,L,20191115,2504,6.86,14.69,0.41,21.29,False,True,True,0,0,0,0,True,
688102.SH,688102,688102,斯瑞新材,科创板,沪市,科创板,801050.SI,有色金属,801051.SI,金属新材料,金属新材料,L,20220316,1652,4.52,31.58,-1.742,24.615,False,True,True,0,0,0,0,True,
688103.SH,688103,688103,国力电子,科创板,沪市,科创板,801080.SI,电子,801082.SI,其他电子Ⅱ,其他电子Ⅱ,L,20210910,1839,5.03,84.72,2.492,16.935,False,True,True,0,0,0,0,True,
688105.SH,688105,688105,诺唯赞,科创板,沪市,科创板,801150.SI,医药生物,801152.SI,生物制品,生物制品,L,20211115,1773,4.85,27.59,4.31,35.0,False,True,True,0,0,0,0,True,
688106.SH,688106,688106,金宏气体,科创板,沪市,科创板,801080.SI,电子,801086.SI,电子化学品Ⅱ,电子化学品Ⅱ,L,20200616,2290,6.27,27.02,-0.442,10.448,False,True,True,0,0,0,0,True,
688107.SH,688107,688107,安路科技,科创板,沪市,科创板,801080.SI,电子,801081.SI,半导体,半导体,L,20211112,1776,4.86,31.0,1.274,28.947,False,True,True,0,0,0,0,True,
688108.SH,688108,688108,赛诺医疗,科创板,沪市,科创板,801150.SI,医药生物,801153.SI,医疗器械,医疗器械,L,20191030,2520,6.9,15.76,-1.99,18.182,False,True,True,0,0,0,0,True,
688109.SH,688109,688109,品茗科技,科创板,沪市,科创板,801750.SI,计算机,801104.SI,软件开发,软件开发,L,20210330,2003,5.48,72.6,-1.09,16.667,False,True,True,0,0,0,0,True,
688110.SH,688110,688110,东芯股份,科创板,沪市,科创板,801080.SI,电子,801081.SI,半导体,半导体,L,20211210,1748,4.79,122.65,-0.648,10.959,False,True,True,0,0,0,0,True,
688111.SH,688111,688111,金山办公,科创板,沪市,科创板,801750.SI,计算机,801104.SI,软件开发,软件开发,L,20191118,2501,6.85,226.6,-2.041,18.75,False,True,True,0,0,0,0,True,
688112.SH,688112,688112,鼎阳科技,科创板,沪市,科创板,801890.SI,机械设备,801072.SI,通用设备,通用设备,L,20211201,1757,4.81,114.98,9.494,39.773,False,True,True,0,0,0,0,True,
688113.SH,688113,688113,联测科技,科创板,沪市,科创板,801890.SI,机械设备,801074.SI,专用设备,专用设备,L,20210506,1966,5.38,38.07,4.588,15.0,False,True,True,0,0,0,0,True,
688114.SH,688114,688114,华大智造,科创板,沪市,科创板,801150.SI,医药生物,801153.SI,医疗器械,医疗器械,L,20220909,1475,4.04,75.34,1.811,25.61,False,True,True,0,0,0,0,True,
688115.SH,688115,688115,思林杰,科创板,沪市,科创板,801890.SI,机械设备,801072.SI,通用设备,通用设备,L,20220314,1654,4.53,66.9,6.258,19.318,False,True,True,0,0,0,0,True,
688116.SH,688116,688116,天奈科技,科创板,沪市,科创板,801730.SI,电力设备,801737.SI,电池,电池,L,20190925,2555,7.0,34.3,1.24,14.286,False,True,True,0,0,0,0,True,
688117.SH,688117,688117,圣诺生物,科创板,沪市,科创板,801150.SI,医药生物,801151.SI,化学制药,化学制药,L,20210603,1938,5.31,19.75,-1.201,23.214,False,True,True,0,0,0,0,True,
688118.SH,688118,688118,普元信息,科创板,沪市,科创板,801750.SI,计算机,801104.SI,软件开发,软件开发,L,20191204,2485,6.8,20.4,-0.049,11.765,False,True,True,0,0,0,0,True,
688119.SH,688119,688119,中钢洛耐,科创板,沪市,科创板,801710.SI,建筑材料,801713.SI,装修建材,装修建材,L,20220606,1570,4.3,3.87,0.0,30.0,False,True,True,0,0,0,0,True,
688120.SH,688120,688120,华海清科,科创板,沪市,科创板,801080.SI,电子,801081.SI,半导体,半导体,L,20220608,1568,4.29,254.01,-0.369,13.402,False,True,True,0,0,0,0,True,
688121.SH,688121,688121,*ST卓然,科创板,沪市,科创板,801890.SI,机械设备,801074.SI,专用设备,专用设备,L,20210906,1843,5.05,1.16,-12.121,66.667,True,True,True,0,0,4,34,False,ST、近60日停牌
688122.SH,688122,688122,西部超导,科创板,沪市,科创板,801740.SI,国防军工,801742.SI,航空装备Ⅱ,航空装备Ⅱ,L,20190722,2620,7.17,52.79,3.632,14.035,False,True,True,0,0,0,0,True,
688123.SH,688123,688123,聚辰股份,科创板,沪市,科创板,801080.SI,电子,801081.SI,半导体,半导体,L,20191223,2466,6.75,168.11,-1.805,28.099,False,True,True,0,0,0,0,True,
688125.SH,688125,688125,安达智能,科创板,沪市,科创板,801890.SI,机械设备,801078.SI,自动化设备,自动化设备,L,20220415,1622,4.44,128.68,0.759,50.909,False,True,True,0,0,0,0,True,
688126.SH,688126,688126,沪硅产业,科创板,沪市,科创板,801080.SI,电子,801081.SI,半导体,半导体,L,20200420,2347,6.43,24.88,0.566,16.393,False,True,True,0,0,0,0,True,
688127.SH,688127,688127,蓝特光学,科创板,沪市,科创板,801080.SI,电子,801084.SI,光学光电子,光学光电子,L,20200921,2193,6.0,69.05,1.365,10.588,False,True,True,0,0,0,0,True,
688128.SH,688128,688128,中国电研,科创板,沪市,科创板,801890.SI,机械设备,801074.SI,专用设备,专用设备,L,20191105,2514,6.88,22.28,0.723,26.923,False,True,True,0,0,0,0,True,
688129.SH,688129,688129,东来技术,科创板,沪市,科创板,801030.SI,基础化工,801034.SI,化学制品,化学制品,L,20201023,2161,5.92,24.43,-0.651,28.378,False,True,True,0,0,0,0,True,
688130.SH,688130,688130,晶华微,科创板,沪市,科创板,801080.SI,电子,801081.SI,半导体,半导体,L,20220729,1517,4.15,28.51,4.051,18.699,False,True,True,0,0,0,0,True,
688131.SH,688131,688131,皓元医药,科创板,沪市,科创板,801150.SI,医药生物,801156.SI,医疗服务,医疗服务,L,20210608,1933,5.29,110.37,9.843,15.068,False,True,True,0,0,0,0,True,
688132.SH,688132,688132,邦彦技术,科创板,沪市,科创板,801740.SI,国防军工,801745.SI,军工电子Ⅱ,军工电子Ⅱ,L,20220923,1461,4.0,16.72,2.2,24.675,False,True,True,0,0,0,0,True,
688133.SH,688133,688133,泰坦科技,科创板,沪市,科创板,801030.SI,基础化工,801034.SI,化学制品,化学制品,L,20201030,2154,5.9,23.17,5.223,14.815,False,True,True,0,0,0,0,True,
688135.SH,688135,688135,利扬芯片,科创板,沪市,科创板,801080.SI,电子,801081.SI,半导体,半导体,L,20201111,2142,5.86,40.3,4.675,8.29,False,True,True,0,0,0,0,True,
688136.SH,688136,688136,科兴制药,科创板,沪市,科创板,801150.SI,医药生物,801152.SI,生物制品,生物制品,L,20201214,2109,5.77,24.59,-2.421,20.455,False,True,True,0,0,0,0,True,
688137.SH,688137,688137,近岸蛋白,科创板,沪市,科创板,801150.SI,医药生物,801152.SI,生物制品,生物制品,L,20220929,1455,3.98,122.84,-1.333,23.841,False,True,True,0,0,0,0,True,
688138.SH,688138,688138,清溢光电,科创板,沪市,科创板,801080.SI,电子,801081.SI,半导体,半导体,L,20191120,2499,6.84,41.8,5.823,16.667,False,True,True,0,0,0,0,True,
688139.SH,688139,688139,海尔生物,科创板,沪市,科创板,801150.SI,医药生物,801153.SI,医疗器械,医疗器械,L,20191025,2525,6.91,35.07,0.805,20.0,False,True,True,0,0,0,0,True,
688141.SH,688141,688141,杰华特,科创板,沪市,科创板,801080.SI,电子,801081.SI,半导体,半导体,L,20221223,1370,3.75,119.29,2.43,15.942,False,True,True,0,0,0,0,True,
688143.SH,688143,688143,长盈通,科创板,沪市,科创板,801770.SI,通信,801102.SI,通信设备,通信设备,L,20221212,1381,3.78,193.59,-1.741,9.783,False,True,True,0,0,0,4,True,
688146.SH,688146,688146,中船特气,科创板,沪市,科创板,801080.SI,电子,801081.SI,半导体,半导体,L,20230421,1251,3.43,217.4,1.3,10.145,False,True,True,0,0,0,4,True,
688147.SH,688147,688147,微导纳米,科创板,沪市,科创板,801730.SI,电力设备,801735.SI,光伏设备,光伏设备,L,20221223,1370,3.75,115.4,-0.087,21.053,False,True,True,0,0,0,0,True,
688148.SH,688148,688148,芳源股份,科创板,沪市,科创板,801730.SI,电力设备,801737.SI,电池,电池,L,20210806,1874,5.13,5.96,-1.325,16.129,False,True,True,0,0,0,0,True,
688150.SH,688150,688150,莱特光电,科创板,沪市,科创板,801080.SI,电子,801086.SI,电子化学品Ⅱ,电子化学品Ⅱ,L,20220318,1650,4.52,44.69,0.224,15.942,False,True,True,0,0,0,0,True,
688151.SH,688151,688151,华强科技,科创板,沪市,科创板,801150.SI,医药生物,801153.SI,医疗器械,医疗器械,L,20211206,1752,4.8,17.0,-1.278,21.429,False,True,True,0,0,0,0,True,
688152.SH,688152,688152,麒麟信安,科创板,沪市,科创板,801750.SI,计算机,801104.SI,软件开发,软件开发,L,20221028,1426,3.9,36.55,-2.063,9.836,False,True,True,0,0,0,0,True,
688153.SH,688153,688153,唯捷创芯,科创板,沪市,科创板,801080.SI,电子,801081.SI,半导体,半导体,L,20220412,1625,4.45,26.92,1.127,23.438,False,True,True,0,0,0,0,True,
688155.SH,688155,688155,先惠技术,科创板,沪市,科创板,801730.SI,电力设备,801737.SI,电池,电池,L,20200811,2234,6.12,53.63,0.619,19.118,False,True,True,0,0,0,0,True,
688156.SH,688156,688156,路德科技,科创板,沪市,科创板,801010.SI,农林牧渔,801014.SI,饲料,饲料,L,20200922,2192,6.0,23.3,-1.563,11.404,False,True,True,0,0,0,0,True,
688157.SH,688157,688157,松井股份,科创板,沪市,科创板,801030.SI,基础化工,801034.SI,化学制品,化学制品,L,20200609,2297,6.29,19.87,0.659,23.684,False,True,True,0,0,0,0,True,
688158.SH,688158,688158,优刻得,科创板,沪市,科创板,801750.SI,计算机,801103.SI,IT服务Ⅱ,IT服务Ⅱ,L,20200120,2438,6.67,30.21,-2.011,14.57,False,True,True,0,0,0,0,True,
688159.SH,688159,688159,有方科技,科创板,沪市,科创板,801770.SI,通信,801102.SI,通信设备,通信设备,L,20200123,2435,6.67,37.9,0.798,13.636,False,True,True,0,0,0,0,True,
688160.SH,688160,688160,步科股份,科创板,沪市,科创板,801890.SI,机械设备,801078.SI,自动化设备,自动化设备,L,20201112,2141,5.86,97.5,0.309,16.535,False,True,True,0,0,0,0,True,
688161.SH,688161,688161,威高骨科,科创板,沪市,科创板,801150.SI,医药生物,801153.SI,医疗器械,医疗器械,L,20210630,1911,5.23,21.93,-0.228,37.037,False,True,True,0,0,0,0,True,
688162.SH,688162,688162,巨一科技,科创板,沪市,科创板,801890.SI,机械设备,801074.SI,专用设备,专用设备,L,20211110,1778,4.87,25.04,0.04,41.176,False,True,True,0,0,0,0,True,
688163.SH,688163,688163,赛伦生物,科创板,沪市,科创板,801150.SI,医药生物,801152.SI,生物制品,生物制品,L,20220311,1657,4.54,38.27,-1.111,40.909,False,True,True,0,0,0,0,True,
688165.SH,688165,688165,埃夫特,科创板,沪市,科创板,801890.SI,机械设备,801078.SI,自动化设备,自动化设备,L,20200715,2261,6.19,15.03,-0.529,30.12,False,True,True,0,0,0,0,True,
688166.SH,688166,688166,博瑞医药,科创板,沪市,科创板,801150.SI,医药生物,801151.SI,化学制药,化学制药,L,20191108,2511,6.87,36.3,-1.385,12.121,False,True,True,0,0,0,0,True,
688167.SH,688167,688167,炬光科技,科创板,沪市,科创板,801080.SI,电子,801081.SI,半导体,半导体,L,20211224,1734,4.75,308.9,4.45,8.475,False,True,True,0,0,0,0,True,
688168.SH,688168,688168,安博通,科创板,沪市,科创板,801750.SI,计算机,801104.SI,软件开发,软件开发,L,20190906,2574,7.05,45.3,-0.549,26.19,False,True,True,0,0,0,0,True,
688169.SH,688169,688169,石头科技,科创板,沪市,科创板,801110.SI,家用电器,801113.SI,小家电,小家电,L,20200221,2406,6.59,116.38,-0.953,20.0,False,True,True,0,0,0,0,True,
688170.SH,688170,688170,德龙激光,科创板,沪市,科创板,801890.SI,机械设备,801078.SI,自动化设备,自动化设备,L,20220429,1608,4.4,72.0,6.414,11.628,False,True,True,0,0,0,0,True,
688171.SH,688171,688171,纬德信息,科创板,沪市,科创板,801750.SI,计算机,801104.SI,软件开发,软件开发,L,20220127,1700,4.65,24.03,6.093,21.154,False,True,True,0,0,0,0,True,
688172.SH,688172,688172,燕东微,科创板,沪市,科创板,801080.SI,电子,801081.SI,半导体,半导体,L,20221216,1377,3.77,46.96,-0.043,55.97,False,True,True,0,0,0,0,True,
688173.SH,688173,688173,希荻微,科创板,沪市,科创板,801080.SI,电子,801081.SI,半导体,半导体,L,20220121,1706,4.67,13.81,3.446,15.152,False,True,True,0,0,0,0,True,
688175.SH,688175,688175,高凌信息,科创板,沪市,科创板,801740.SI,国防军工,801745.SI,军工电子Ⅱ,军工电子Ⅱ,L,20220315,1653,4.53,26.79,15.275,38.806,False,True,True,0,0,0,0,True,
688176.SH,688176,688176,亚虹医药,科创板,沪市,科创板,801150.SI,医药生物,801151.SI,化学制药,化学制药,L,20220107,1720,4.71,14.69,-1.542,20.155,False,True,True,0,0,0,0,True,
688177.SH,688177,688177,百奥泰,科创板,沪市,科创板,801150.SI,医药生物,801152.SI,生物制品,生物制品,L,20200221,2406,6.59,21.27,0.806,27.083,False,True,True,0,0,0,0,True,
688178.SH,688178,688178,万德斯,科创板,沪市,科创板,801970.SI,环保,801971.SI,环境治理,环境治理,L,20200114,2444,6.69,30.35,2.257,18.31,False,True,True,0,0,0,0,True,
688179.SH,688179,688179,阿拉丁,科创板,沪市,科创板,801030.SI,基础化工,801034.SI,化学制品,化学制品,L,20201026,2158,5.91,24.13,4.459,20.37,False,True,True,0,0,0,0,True,
688180.SH,688180,688180,君实生物,科创板,沪市,科创板,801150.SI,医药生物,801152.SI,生物制品,生物制品,L,20200715,2261,6.19,35.78,0.988,18.182,False,True,True,0,0,0,0,True,
688181.SH,688181,688181,八亿时空,科创板,沪市,科创板,801080.SI,电子,801084.SI,光学光电子,光学光电子,L,20200106,2452,6.71,46.78,5.67,17.857,False,True,True,0,0,0,0,True,
688182.SH,688182,688182,灿勤科技,科创板,沪市,科创板,801770.SI,通信,801102.SI,通信设备,通信设备,L,20211116,1772,4.85,29.62,1.473,31.206,False,True,True,0,0,0,0,True,
688183.SH,688183,688183,生益电子,科创板,沪市,科创板,801080.SI,电子,801083.SI,元件,元件,L,20210225,2036,5.57,119.0,0.685,18.301,False,True,True,0,0,0,0,True,
688184.SH,688184,688184,ST帕瓦,科创板,沪市,科创板,801730.SI,电力设备,801737.SI,电池,电池,L,20220919,1465,4.01,10.8,0.0,23.214,True,True,True,0,0,0,0,False,ST
688185.SH,688185,688185,康希诺,科创板,沪市,科创板,801150.SI,医药生物,801152.SI,生物制品,生物制品,L,20200813,2232,6.11,85.25,6.91,22.222,False,True,True,0,0,0,0,True,
688186.SH,688186,688186,广大特材,科创板,沪市,科创板,801730.SI,电力设备,801736.SI,风电设备,风电设备,L,20200211,2416,6.61,14.72,3.226,12.5,False,True,True,0,0,0,0,True,
688187.SH,688187,688187,时代电气,科创板,沪市,科创板,801890.SI,机械设备,801076.SI,轨交设备Ⅱ,轨交设备Ⅱ,L,20210907,1842,5.04,45.77,-0.586,26.829,False,True,True,0,0,0,0,True,
688188.SH,688188,688188,柏楚电子,科创板,沪市,科创板,801750.SI,计算机,801101.SI,计算机设备,计算机设备,L,20190808,2603,7.13,97.31,0.185,16.176,False,True,True,0,0,0,0,True,
688189.SH,688189,688189,ST南新,科创板,沪市,科创板,801150.SI,医药生物,801151.SI,化学制药,化学制药,L,20200326,2372,6.49,6.53,-1.359,9.091,True,True,True,0,0,0,2,False,ST
688190.SH,688190,688190,云路股份,科创板,沪市,科创板,801050.SI,有色金属,801051.SI,金属新材料,金属新材料,L,20211126,1762,4.82,73.51,-0.068,45.783,False,True,True,0,0,0,0,True,
688191.SH,688191,688191,智洋创新,科创板,沪市,科创板,801730.SI,电力设备,801738.SI,电网设备,电网设备,L,20210408,1994,5.46,23.6,1.944,19.048,False,True,True,0,0,0,0,True,
688192.SH,688192,688192,迪哲医药,科创板,沪市,科创板,801150.SI,医药生物,801151.SI,化学制药,化学制药,L,20211210,1748,4.79,60.25,-1.809,15.172,False,True,True,0,0,0,0,True,
688193.SH,688193,688193,仁度生物,科创板,沪市,科创板,801150.SI,医药生物,801153.SI,医疗器械,医疗器械,L,20220330,1638,4.48,48.9,1.075,16.495,False,True,True,0,0,0,0,True,
688195.SH,688195,688195,腾景科技,科创板,沪市,科创板,801080.SI,电子,801084.SI,光学光电子,光学光电子,L,20210326,2007,5.49,194.4,-0.185,8.511,False,True,True,0,0,0,0,True,
688196.SH,688196,688196,卓越新能,科创板,沪市,科创板,801030.SI,基础化工,801034.SI,化学制品,化学制品,L,20191121,2498,6.84,34.66,-2.913,15.909,False,True,True,0,0,0,0,True,
688197.SH,688197,688197,首药控股,科创板,沪市,科创板,801150.SI,医药生物,801151.SI,化学制药,化学制药,L,20220323,1645,4.5,39.46,0.972,19.54,False,True,True,0,0,0,0,True,
688198.SH,688198,688198,佰仁医疗,科创板,沪市,科创板,801150.SI,医药生物,801153.SI,医疗器械,医疗器械,L,20191209,2480,6.79,73.41,0.741,43.902,False,True,True,0,0,0,0,True,
688199.SH,688199,688199,久日新材,科创板,沪市,科创板,801030.SI,基础化工,801034.SI,化学制品,化学制品,L,20191105,2514,6.88,25.5,1.07,11.864,False,True,True,0,0,0,0,True,
688200.SH,688200,688200,华峰测控,科创板,沪市,科创板,801080.SI,电子,801081.SI,半导体,半导体,L,20200218,2409,6.6,397.32,1.984,15.73,False,True,True,0,0,0,0,True,
688201.SH,688201,688201,ST信安,科创板,沪市,科创板,801750.SI,计算机,801104.SI,软件开发,软件开发,L,20210421,1981,5.42,7.9,0.0,20.0,True,True,True,0,0,0,0,False,ST
688202.SH,688202,688202,美迪西,科创板,沪市,科创板,801150.SI,医药生物,801156.SI,医疗服务,医疗服务,L,20191105,2514,6.88,117.08,6.572,20.0,False,True,True,0,0,0,0,True,
688203.SH,688203,688203,海正生材,科创板,沪市,科创板,801030.SI,基础化工,801036.SI,塑料,塑料,L,20220816,1499,4.1,24.3,16.379,47.761,False,True,True,0,0,0,0,True,
688205.SH,688205,688205,德科立,科创板,沪市,科创板,801770.SI,通信,801102.SI,通信设备,通信设备,L,20220809,1506,4.12,229.66,2.431,9.353,False,True,True,0,0,0,0,True,
688206.SH,688206,688206,概伦电子,科创板,沪市,科创板,801750.SI,计算机,801104.SI,软件开发,软件开发,L,20211228,1730,4.74,37.84,-0.552,19.388,False,True,True,0,0,0,0,True,
688207.SH,688207,688207,格灵深瞳,科创板,沪市,科创板,801750.SI,计算机,801103.SI,IT服务Ⅱ,IT服务Ⅱ,L,20220317,1651,4.52,20.85,2.356,12.371,False,True,True,0,0,0,0,True,
688208.SH,688208,688208,道通科技,科创板,沪市,科创板,801750.SI,计算机,801101.SI,计算机设备,计算机设备,L,20200213,2414,6.61,25.98,-0.574,13.462,False,True,True,0,0,0,0,True,
688209.SH,688209,688209,英集芯,科创板,沪市,科创板,801080.SI,电子,801081.SI,半导体,半导体,L,20220419,1618,4.43,36.63,1.552,10.989,False,True,True,0,0,0,0,True,
688210.SH,688210,688210,统联精密,科创板,沪市,科创板,801080.SI,电子,801085.SI,消费电子,消费电子,L,20211227,1731,4.74,29.71,-2.302,24.0,False,True,True,0,0,0,0,True,
688211.SH,688211,688211,中科微至,科创板,沪市,科创板,801890.SI,机械设备,801074.SI,专用设备,专用设备,L,20211026,1793,4.91,33.19,1.998,18.519,False,True,True,0,0,0,0,True,
688212.SH,688212,688212,澳华内镜,科创板,沪市,科创板,801150.SI,医药生物,801153.SI,医疗器械,医疗器械,L,20211115,1773,4.85,28.88,-0.035,12.069,False,True,True,0,0,0,0,True,
688213.SH,688213,688213,思特威,科创板,沪市,科创板,801080.SI,电子,801081.SI,半导体,半导体,L,20220520,1587,4.34,95.63,-1.351,8.571,False,True,True,0,0,0,0,True,
688215.SH,688215,688215,瑞晟智能,科创板,沪市,科创板,801890.SI,机械设备,801078.SI,自动化设备,自动化设备,L,20200828,2217,6.07,47.79,-0.167,22.807,False,True,True,0,0,0,0,True,
688216.SH,688216,688216,气派科技,科创板,沪市,科创板,801080.SI,电子,801081.SI,半导体,半导体,L,20210623,1918,5.25,41.5,1.517,20.619,False,True,True,0,0,0,0,True,
688217.SH,688217,688217,睿昂基因,科创板,沪市,科创板,801150.SI,医药生物,801153.SI,医疗器械,医疗器械,L,20210517,1955,5.35,25.79,1.615,15.0,False,True,True,0,0,0,0,True,
688218.SH,688218,688218,江苏北人,科创板,沪市,科创板,801890.SI,机械设备,801078.SI,自动化设备,自动化设备,L,20191211,2478,6.78,40.34,-1.682,6.796,False,True,True,0,0,0,0,True,
688219.SH,688219,688219,会通股份,科创板,沪市,科创板,801030.SI,基础化工,801036.SI,塑料,塑料,L,20201118,2135,5.85,10.43,0.87,20.0,False,True,True,0,0,0,0,True,
688220.SH,688220,688220,翱捷科技,科创板,沪市,科创板,801080.SI,电子,801081.SI,半导体,半导体,L,20220114,1713,4.69,99.68,-1.725,17.073,False,True,True,0,0,0,0,True,
688221.SH,688221,688221,前沿生物,科创板,沪市,科创板,801150.SI,医药生物,801151.SI,化学制药,化学制药,L,20201028,2156,5.9,17.48,0.057,20.93,False,True,True,0,0,0,0,True,
688222.SH,688222,688222,成都先导,科创板,沪市,科创板,801150.SI,医药生物,801156.SI,医疗服务,医疗服务,L,20200416,2351,6.44,46.02,3.649,33.333,False,True,True,0,0,0,0,True,
688223.SH,688223,688223,晶科能源,科创板,沪市,科创板,801730.SI,电力设备,801735.SI,光伏设备,光伏设备,L,20220126,1701,4.66,3.85,-0.773,17.5,False,True,True,0,0,0,0,True,
688225.SH,688225,688225,亚信安全,科创板,沪市,科创板,801750.SI,计算机,801104.SI,软件开发,软件开发,L,20220209,1687,4.62,14.68,-0.609,16.418,False,True,True,0,0,0,0,True,
688226.SH,688226,688226,威腾电气,科创板,沪市,科创板,801730.SI,电力设备,801738.SI,电网设备,电网设备,L,20210707,1904,5.21,32.07,8.418,8.219,False,True,True,0,0,0,0,True,
688227.SH,688227,688227,品高股份,科创板,沪市,科创板,801750.SI,计算机,801103.SI,IT服务Ⅱ,IT服务Ⅱ,L,20211230,1728,4.73,78.96,1.335,15.663,False,True,True,0,0,0,0,True,
688228.SH,688228,688228,开普云,科创板,沪市,科创板,801750.SI,计算机,801103.SI,IT服务Ⅱ,IT服务Ⅱ,L,20200327,2371,6.49,88.67,3.987,13.115,False,True,True,0,0,0,0,True,
688229.SH,688229,688229,博睿数据,科创板,沪市,科创板,801750.SI,计算机,801103.SI,IT服务Ⅱ,IT服务Ⅱ,L,20200817,2228,6.1,62.17,-1.847,18.182,False,True,True,0,0,0,0,True,
688230.SH,688230,688230,芯导科技,科创板,沪市,科创板,801080.SI,电子,801081.SI,半导体,半导体,L,20211201,1757,4.81,62.85,1.387,35.938,False,True,True,0,0,0,0,True,
688231.SH,688231,688231,隆达股份,科创板,沪市,科创板,801050.SI,有色金属,801051.SI,金属新材料,金属新材料,L,20220722,1524,4.17,35.61,2.416,25.0,False,True,True,0,0,0,0,True,
688232.SH,688232,688232,新点软件,科创板,沪市,科创板,801750.SI,计算机,801104.SI,软件开发,软件开发,L,20211117,1771,4.85,17.72,-0.728,28.261,False,True,True,0,0,0,0,True,
688233.SH,688233,688233,神工股份,科创板,沪市,科创板,801080.SI,电子,801081.SI,半导体,半导体,L,20200221,2406,6.59,103.08,1.059,12.941,False,True,True,0,0,0,0,True,
688234.SH,688234,688234,天岳先进,科创板,沪市,科创板,801080.SI,电子,801081.SI,半导体,半导体,L,20220112,1715,4.7,114.07,4.269,17.949,False,True,True,0,0,0,0,True,
688235.SH,688235,688235,百济神州,科创板,沪市,科创板,801150.SI,医药生物,801151.SI,化学制药,化学制药,L,20211215,1743,4.77,266.49,-0.808,13.433,False,True,True,0,0,0,0,True,
688236.SH,688236,688236,春立医疗,科创板,沪市,科创板,801150.SI,医药生物,801153.SI,医疗器械,医疗器械,L,20211230,1728,4.73,14.58,3.039,40.816,False,True,True,0,0,0,0,True,
688237.SH,688237,688237,超卓航科,科创板,沪市,科创板,801740.SI,国防军工,801742.SI,航空装备Ⅱ,航空装备Ⅱ,L,20220701,1545,4.23,59.33,-0.386,8.333,False,True,True,0,0,6,6,False,近60日停牌
688238.SH,688238,688238,和元生物,科创板,沪市,科创板,801150.SI,医药生物,801156.SI,医疗服务,医疗服务,L,20220322,1646,4.51,8.68,10.714,25.0,False,True,True,0,0,0,0,True,
688239.SH,688239,688239,航宇科技,科创板,沪市,科创板,801740.SI,国防军工,801742.SI,航空装备Ⅱ,航空装备Ⅱ,L,20210705,1906,5.22,56.88,-1.044,16.667,False,True,True,0,0,0,0,True,
688244.SH,688244,688244,永信至诚,科创板,沪市,科创板,801750.SI,计算机,801104.SI,软件开发,软件开发,L,20221019,1435,3.93,16.74,-3.848,14.815,False,True,True,0,0,0,0,True,
688246.SH,688246,688246,嘉和美康,科创板,沪市,科创板,801750.SI,计算机,801104.SI,软件开发,软件开发,L,20211214,1744,4.77,17.74,-2.151,17.045,False,True,True,0,0,0,0,True,
688247.SH,688247,688247,宣泰医药,科创板,沪市,科创板,801150.SI,医药生物,801151.SI,化学制药,化学制药,L,20220825,1490,4.08,10.25,2.398,14.894,False,True,True,0,0,0,0,True,
688248.SH,688248,688248,南网科技,科创板,沪市,科创板,801730.SI,电力设备,801738.SI,电网设备,电网设备,L,20211222,1736,4.75,49.55,-1.978,38.272,False,True,True,0,0,0,0,True,
688249.SH,688249,688249,晶合集成,科创板,沪市,科创板,801080.SI,电子,801081.SI,半导体,半导体,L,20230505,1237,3.39,36.36,-0.683,55.446,False,True,True,0,0,0,0,True,
688251.SH,688251,688251,井松智能,科创板,沪市,科创板,801750.SI,计算机,801103.SI,IT服务Ⅱ,IT服务Ⅱ,L,20220606,1570,4.3,19.15,0.209,16.923,False,True,True,0,0,0,0,True,
688252.SH,688252,688252,天德钰,科创板,沪市,科创板,801080.SI,电子,801081.SI,半导体,半导体,L,20220927,1457,3.99,21.9,1.108,17.476,False,True,True,0,0,0,0,True,
688253.SH,688253,688253,英诺特,科创板,沪市,科创板,801150.SI,医药生物,801153.SI,医疗器械,医疗器械,L,20220728,1518,4.16,57.79,0.208,29.655,False,True,True,0,0,0,0,True,
688255.SH,688255,688255,凯尔达,科创板,沪市,科创板,801890.SI,机械设备,801078.SI,自动化设备,自动化设备,L,20211025,1794,4.91,26.79,0.488,8.527,False,True,True,0,0,0,0,True,
688256.SH,688256,688256,寒武纪,科创板,沪市,科创板,801080.SI,电子,801081.SI,半导体,半导体,L,20200720,2256,6.18,1103.08,-1.599,22.807,False,True,True,0,0,0,0,True,
688257.SH,688257,688257,新锐股份,科创板,沪市,科创板,801890.SI,机械设备,801072.SI,通用设备,通用设备,L,20211027,1792,4.91,60.91,4.262,13.725,False,True,True,0,0,0,0,True,
688258.SH,688258,688258,卓易信息,科创板,沪市,科创板,801750.SI,计算机,801103.SI,IT服务Ⅱ,IT服务Ⅱ,L,20191209,2480,6.79,91.37,-3.138,19.403,False,True,True,0,0,0,0,True,
688259.SH,688259,688259,创耀科技,科创板,沪市,科创板,801080.SI,电子,801081.SI,半导体,半导体,L,20220112,1715,4.7,33.08,2.162,26.582,False,True,True,0,0,0,0,True,
688260.SH,688260,688260,昀冢科技,科创板,沪市,科创板,801080.SI,电子,801085.SI,消费电子,消费电子,L,20210406,1996,5.46,116.37,-0.538,19.231,False,True,True,0,0,0,4,True,
688261.SH,688261,688261,东微半导,科创板,沪市,科创板,801080.SI,电子,801081.SI,半导体,半导体,L,20220210,1686,4.62,79.82,1.372,15.686,False,True,True,0,0,0,0,True,
688262.SH,688262,688262,国芯科技,科创板,沪市,科创板,801080.SI,电子,801081.SI,半导体,半导体,L,20220106,1721,4.71,30.65,7.168,11.594,False,True,True,0,0,0,0,True,
688265.SH,688265,688265,南模生物,科创板,沪市,科创板,801150.SI,医药生物,801156.SI,医疗服务,医疗服务,L,20211228,1730,4.74,53.42,2.731,29.358,False,True,True,0,0,0,0,True,
688266.SH,688266,688266,泽璟制药,科创板,沪市,科创板,801150.SI,医药生物,801151.SI,化学制药,化学制药,L,20200123,2435,6.67,116.05,-2.134,19.048,False,True,True,0,0,0,0,True,
688267.SH,688267,688267,中触媒,科创板,沪市,科创板,801030.SI,基础化工,801034.SI,化学制品,化学制品,L,20220216,1680,4.6,22.3,-1.327,24.615,False,True,True,0,0,0,0,True,
688268.SH,688268,688268,华特气体,科创板,沪市,科创板,801080.SI,电子,801086.SI,电子化学品Ⅱ,电子化学品Ⅱ,L,20191226,2463,6.74,134.87,0.141,12.371,False,True,True,0,0,0,0,True,
688269.SH,688269,688269,凯立新材,科创板,沪市,科创板,801030.SI,基础化工,801034.SI,化学制品,化学制品,L,20210609,1932,5.29,27.37,-1.334,27.027,False,True,True,0,0,0,0,True,
688270.SH,688270,688270,ST臻镭,科创板,沪市,科创板,801080.SI,电子,801081.SI,半导体,半导体,L,20220127,1700,4.65,57.13,-0.609,21.429,True,True,True,0,0,0,0,False,ST
688271.SH,688271,688271,联影医疗,科创板,沪市,科创板,801150.SI,医药生物,801153.SI,医疗器械,医疗器械,L,20220822,1493,4.09,102.2,-0.156,16.129,False,True,True,0,0,0,0,True,
688272.SH,688272,688272,富吉瑞,科创板,沪市,科创板,801740.SI,国防军工,801745.SI,军工电子Ⅱ,军工电子Ⅱ,L,20211018,1801,4.93,30.0,1.833,12.5,False,True,True,0,0,0,0,True,
688273.SH,688273,688273,麦澜德,科创板,沪市,科创板,801150.SI,医药生物,801153.SI,医疗器械,医疗器械,L,20220811,1504,4.12,30.07,-1.118,16.667,False,True,True,0,0,0,0,True,
688275.SH,688275,688275,万润新能,科创板,沪市,科创板,801730.SI,电力设备,801737.SI,电池,电池,L,20220929,1455,3.98,68.97,-1.189,20.69,False,True,True,0,0,0,0,True,
688276.SH,688276,688276,百克生物,科创板,沪市,科创板,801150.SI,医药生物,801152.SI,生物制品,生物制品,L,20210625,1916,5.25,18.24,0.0,23.077,False,True,True,0,0,0,0,True,
688277.SH,688277,688277,天智航,科创板,沪市,科创板,801150.SI,医药生物,801153.SI,医疗器械,医疗器械,L,20200707,2269,6.21,15.83,0.19,19.048,False,True,True,0,1,11,11,False,近60日停牌
688278.SH,688278,688278,特宝生物,科创板,沪市,科创板,801150.SI,医药生物,801152.SI,生物制品,生物制品,L,20200117,2441,6.68,53.1,1.841,19.277,False,True,True,0,0,0,0,True,
688279.SH,688279,688279,峰岹科技,科创板,沪市,科创板,801080.SI,电子,801081.SI,半导体,半导体,L,20220420,1617,4.43,215.42,-0.245,23.636,False,True,True,0,0,0,0,True,
688280.SH,688280,688280,精进电动,科创板,沪市,科创板,801880.SI,汽车,801093.SI,汽车零部件,汽车零部件,L,20211027,1792,4.91,5.1,2.0,15.094,False,True,True,0,0,0,0,True,
688281.SH,688281,688281,华秦科技,科创板,沪市,科创板,801740.SI,国防军工,801742.SI,航空装备Ⅱ,航空装备Ⅱ,L,20220307,1661,4.55,51.48,-0.618,17.0,False,True,True,0,0,0,0,True,
688282.SH,688282,688282,理工导航,科创板,沪市,科创板,801740.SI,国防军工,801741.SI,航天装备Ⅱ,航天装备Ⅱ,L,20220318,1650,4.52,53.42,-0.373,30.986,False,True,True,0,0,0,0,True,
688283.SH,688283,688283,坤恒顺维,科创板,沪市,科创板,801770.SI,通信,801102.SI,通信设备,通信设备,L,20220215,1681,4.6,33.1,8.917,34.247,False,True,True,0,0,0,0,True,
688285.SH,688285,688285,高铁电气,科创板,沪市,科创板,801890.SI,机械设备,801076.SI,轨交设备Ⅱ,轨交设备Ⅱ,L,20211020,1799,4.93,7.68,0.0,26.316,False,True,True,0,0,0,0,True,
688286.SH,688286,688286,敏芯股份,科创板,沪市,科创板,801080.SI,电子,801081.SI,半导体,半导体,L,20200810,2235,6.12,51.15,2.855,14.286,False,True,True,0,0,0,0,True,
688288.SH,688288,688288,鸿泉技术,科创板,沪市,科创板,801750.SI,计算机,801101.SI,计算机设备,计算机设备,L,20191106,2513,6.88,19.95,1.527,15.217,False,True,True,0,0,0,0,True,
688289.SH,688289,688289,圣湘生物,科创板,沪市,科创板,801150.SI,医药生物,801153.SI,医疗器械,医疗器械,L,20200828,2217,6.07,16.57,-0.361,15.0,False,True,True,0,0,0,0,True,
688290.SH,688290,688290,景业智能,科创板,沪市,科创板,801890.SI,机械设备,801078.SI,自动化设备,自动化设备,L,20220429,1608,4.4,63.04,-0.458,18.692,False,True,True,0,0,0,0,True,
688291.SH,688291,688291,金橙子,科创板,沪市,科创板,801750.SI,计算机,801104.SI,软件开发,软件开发,L,20221026,1428,3.91,42.45,2.909,13.659,False,True,True,6,6,6,6,False,近60日停牌
688292.SH,688292,688292,浩瀚深度,科创板,沪市,科创板,801750.SI,计算机,801101.SI,计算机设备,计算机设备,L,20220818,1497,4.1,23.0,2.816,27.083,False,True,True,0,0,0,0,True,
688293.SH,688293,688293,奥浦迈,科创板,沪市,科创板,801150.SI,医药生物,801152.SI,生物制品,生物制品,L,20220902,1482,4.06,85.0,12.687,24.242,False,True,True,0,0,0,0,True,
688295.SH,688295,688295,中复神鹰,科创板,沪市,科创板,801030.SI,基础化工,801032.SI,化学纤维,化学纤维,L,20220406,1631,4.47,37.36,-1.321,43.363,False,True,True,0,0,0,0,True,
688296.SH,688296,688296,和达科技,科创板,沪市,科创板,801750.SI,计算机,801104.SI,软件开发,软件开发,L,20210727,1884,5.16,28.65,2.836,13.636,False,True,True,0,0,0,0,True,
688297.SH,688297,688297,中无人机,科创板,沪市,科创板,801740.SI,国防军工,801742.SI,航空装备Ⅱ,航空装备Ⅱ,L,20220629,1547,4.24,43.03,-1.533,12.037,False,True,True,0,0,0,0,True,
688298.SH,688298,688298,东方生物,科创板,沪市,科创板,801150.SI,医药生物,801153.SI,医疗器械,医疗器械,L,20200205,2422,6.63,19.38,2.054,12.5,False,True,True,0,0,0,0,True,
688299.SH,688299,688299,长阳科技,科创板,沪市,科创板,801080.SI,电子,801084.SI,光学光电子,光学光电子,L,20191106,2513,6.88,13.75,-0.434,12.308,False,True,True,0,0,0,0,True,
688300.SH,688300,688300,联瑞新材,科创板,沪市,科创板,801030.SI,基础化工,801039.SI,非金属材料Ⅱ,非金属材料Ⅱ,L,20191115,2504,6.86,183.1,3.324,8.081,False,True,True,0,0,0,0,True,
688301.SH,688301,688301,奕瑞科技,科创板,沪市,科创板,801150.SI,医药生物,801153.SI,医疗器械,医疗器械,L,20200918,2196,6.01,95.95,-0.332,13.208,False,True,True,0,0,0,0,True,
688302.SH,688302,688302,海创药业,科创板,沪市,科创板,801150.SI,医药生物,801151.SI,化学制药,化学制药,L,20220412,1625,4.45,33.65,0.149,23.529,False,True,True,0,0,0,0,True,
688303.SH,688303,688303,大全能源,科创板,沪市,科创板,801730.SI,电力设备,801735.SI,光伏设备,光伏设备,L,20210722,1889,5.17,16.25,-1.276,36.957,False,True,True,0,0,0,0,True,
688305.SH,688305,688305,科德数控,科创板,沪市,科创板,801890.SI,机械设备,801072.SI,通用设备,通用设备,L,20210709,1902,5.21,57.69,0.052,17.808,False,True,True,0,0,0,0,True,
688306.SH,688306,688306,均普智能,科创板,沪市,科创板,801890.SI,机械设备,801078.SI,自动化设备,自动化设备,L,20220322,1646,4.51,9.91,0.507,17.204,False,True,True,0,0,0,0,True,
688307.SH,688307,688307,中润光学,科创板,沪市,科创板,801750.SI,计算机,801101.SI,计算机设备,计算机设备,L,20230216,1315,3.6,48.7,0.682,12.821,False,True,True,0,0,0,0,True,
688308.SH,688308,688308,欧科亿,科创板,沪市,科创板,801890.SI,机械设备,801072.SI,通用设备,通用设备,L,20201210,2113,5.79,88.77,1.405,10.87,False,True,True,0,0,0,0,True,
688309.SH,688309,688309,恒誉科技,科创板,沪市,科创板,801970.SI,环保,801972.SI,环保设备Ⅱ,环保设备Ⅱ,L,20200714,2262,6.19,77.21,-1.026,14.737,False,True,True,0,0,0,0,True,
688310.SH,688310,688310,迈得医疗,科创板,沪市,科创板,801890.SI,机械设备,801078.SI,自动化设备,自动化设备,L,20191203,2486,6.81,16.02,0.882,16.447,False,True,True,0,0,0,0,True,
688311.SH,688311,688311,盟升电子,科创板,沪市,科创板,801740.SI,国防军工,801745.SI,军工电子Ⅱ,军工电子Ⅱ,L,20200731,2245,6.15,25.02,1.915,10.345,False,True,True,0,0,0,0,True,
688312.SH,688312,688312,燕麦科技,科创板,沪市,科创板,801890.SI,机械设备,801074.SI,专用设备,专用设备,L,20200608,2298,6.29,60.6,8.156,23.077,False,True,True,0,0,0,0,True,
688313.SH,688313,688313,仕佳光子,科创板,沪市,科创板,801770.SI,通信,801102.SI,通信设备,通信设备,L,20200812,2233,6.11,163.68,-0.68,14.433,False,True,True,0,0,0,0,True,
688314.SH,688314,688314,康拓医疗,科创板,沪市,科创板,801150.SI,医药生物,801153.SI,医疗器械,医疗器械,L,20210518,1954,5.35,31.8,0.474,23.913,False,True,True,0,0,0,0,True,
688315.SH,688315,688315,诺禾致源,科创板,沪市,科创板,801150.SI,医药生物,801156.SI,医疗服务,医疗服务,L,20210413,1989,5.45,19.39,1.945,31.707,False,True,True,0,0,0,0,True,
688316.SH,688316,688316,青云科技,科创板,沪市,科创板,801750.SI,计算机,801103.SI,IT服务Ⅱ,IT服务Ⅱ,L,20210316,2017,5.52,46.39,-1.924,10.169,False,True,True,0,0,0,0,True,
688317.SH,688317,688317,之江生物,科创板,沪市,科创板,801150.SI,医药生物,801153.SI,医疗器械,医疗器械,L,20210118,2074,5.68,19.39,5.898,18.182,False,True,True,0,0,0,0,True,
688318.SH,688318,688318,财富趋势,科创板,沪市,科创板,801750.SI,计算机,801104.SI,软件开发,软件开发,L,20200427,2340,6.41,81.68,-0.572,15.686,False,True,True,0,0,0,0,True,
688319.SH,688319,688319,欧林生物,科创板,沪市,科创板,801150.SI,医药生物,801152.SI,生物制品,生物制品,L,20210608,1933,5.29,33.92,12.991,18.31,False,True,True,0,0,0,0,True,
688320.SH,688320,688320,禾川科技,科创板,沪市,科创板,801890.SI,机械设备,801078.SI,自动化设备,自动化设备,L,20220428,1609,4.41,37.19,1.612,16.667,False,True,True,0,0,0,0,True,
688321.SH,688321,688321,微芯生物,科创板,沪市,科创板,801150.SI,医药生物,801151.SI,化学制药,化学制药,L,20190812,2599,7.12,26.18,-0.494,20.455,False,True,True,0,0,0,0,True,
688322.SH,688322,688322,奥比中光,科创板,沪市,科创板,801080.SI,电子,801084.SI,光学光电子,光学光电子,L,20220707,1539,4.21,91.21,0.796,21.008,False,True,True,0,0,0,0,True,
688323.SH,688323,688323,瑞华泰,科创板,沪市,科创板,801030.SI,基础化工,801036.SI,塑料,塑料,L,20210428,1974,5.4,27.3,3.566,7.576,False,True,True,0,0,0,0,True,
688325.SH,688325,688325,赛微微电,科创板,沪市,科创板,801080.SI,电子,801081.SI,半导体,半导体,L,20220422,1615,4.42,107.85,0.889,18.681,False,True,True,0,0,0,0,True,
688326.SH,688326,688326,经纬恒润,科创板,沪市,科创板,801750.SI,计算机,801104.SI,软件开发,软件开发,L,20220419,1618,4.43,58.74,-1.194,27.5,False,True,True,0,0,0,0,True,
688327.SH,688327,688327,云从科技,科创板,沪市,科创板,801750.SI,计算机,801103.SI,IT服务Ⅱ,IT服务Ⅱ,L,20220527,1580,4.33,10.07,-1.564,9.804,False,True,True,0,0,0,0,True,
688328.SH,688328,688328,深科达,科创板,沪市,科创板,801890.SI,机械设备,801074.SI,专用设备,专用设备,L,20210309,2024,5.54,84.67,1.328,9.489,False,True,True,0,0,0,0,True,
688329.SH,688329,688329,艾隆科技,科创板,沪市,科创板,801890.SI,机械设备,801078.SI,自动化设备,自动化设备,L,20210329,2004,5.49,23.25,-0.129,20.0,False,True,True,0,0,0,0,True,
688330.SH,688330,688330,宏力达,科创板,沪市,科创板,801730.SI,电力设备,801738.SI,电网设备,电网设备,L,20201015,2169,5.94,38.1,0.052,19.565,False,True,True,0,0,0,0,True,
688331.SH,688331,688331,荣昌生物,科创板,沪市,科创板,801150.SI,医药生物,801152.SI,生物制品,生物制品,L,20220331,1637,4.48,124.75,-0.288,13.971,False,True,True,0,0,0,0,True,
688332.SH,688332,688332,中科蓝讯,科创板,沪市,科创板,801080.SI,电子,801081.SI,半导体,半导体,L,20220715,1531,4.19,97.7,0.339,12.766,False,True,True,0,0,0,0,True,
688333.SH,688333,688333,铂力特,科创板,沪市,科创板,801890.SI,机械设备,801072.SI,通用设备,通用设备,L,20190722,2620,7.17,113.61,7.994,9.489,False,True,True,0,0,0,0,True,
688334.SH,688334,688334,西高院,科创板,沪市,科创板,801210.SI,社会服务,801218.SI,专业服务,专业服务,L,20230619,1192,3.26,18.11,0.332,18.478,False,True,True,0,0,0,0,True,
688335.SH,688335,688335,复洁科技,科创板,沪市,科创板,801970.SI,环保,801971.SI,环境治理,环境治理,L,20200817,2228,6.1,17.91,-2.024,28.0,False,True,True,0,0,0,0,True,
688336.SH,688336,688336,三生国健,科创板,沪市,科创板,801150.SI,医药生物,801152.SI,生物制品,生物制品,L,20200722,2254,6.17,41.36,-0.696,26.0,False,True,True,0,0,0,0,True,
688337.SH,688337,688337,普源精电,科创板,沪市,科创板,801890.SI,机械设备,801072.SI,通用设备,通用设备,L,20220408,1629,4.46,57.18,20.0,25.455,False,True,True,0,0,0,0,True,
688338.SH,688338,688338,赛科希德,科创板,沪市,科创板,801150.SI,医药生物,801153.SI,医疗器械,医疗器械,L,20200806,2239,6.13,32.51,0.963,12.0,False,True,True,0,0,0,0,True,
688339.SH,688339,688339,亿华通,科创板,沪市,科创板,801730.SI,电力设备,801737.SI,电池,电池,L,20200810,2235,6.12,18.22,-3.649,13.793,False,True,True,0,0,0,0,True,
688343.SH,688343,688343,云天励飞,科创板,沪市,科创板,801750.SI,计算机,801103.SI,IT服务Ⅱ,IT服务Ⅱ,L,20230404,1268,3.47,65.48,-1.534,18.919,False,True,True,0,0,0,0,True,
688345.SH,688345,688345,博力威,科创板,沪市,科创板,801730.SI,电力设备,801737.SI,电池,电池,L,20210611,1930,5.28,49.2,1.276,15.517,False,True,True,0,0,0,0,True,
688347.SH,688347,688347,华虹宏力,科创板,沪市,科创板,801080.SI,电子,801081.SI,半导体,半导体,L,20230807,1143,3.13,229.52,-0.662,14.754,False,True,True,0,0,0,0,True,
688348.SH,688348,688348,昱能科技,科创板,沪市,科创板,801730.SI,电力设备,801735.SI,光伏设备,光伏设备,L,20220608,1568,4.29,30.9,1.179,18.75,False,True,True,0,0,0,0,True,
688349.SH,688349,688349,三一重能,科创板,沪市,科创板,801730.SI,电力设备,801736.SI,风电设备,风电设备,L,20220622,1554,4.25,13.2,0.686,14.706,False,True,True,0,0,0,0,True,
688350.SH,688350,688350,富淼科技,科创板,沪市,科创板,801030.SI,基础化工,801034.SI,化学制品,化学制品,L,20210128,2064,5.65,29.45,2.08,13.793,False,True,True,0,0,0,0,True,
688351.SH,688351,688351,微电生理,科创板,沪市,科创板,801150.SI,医药生物,801153.SI,医疗器械,医疗器械,L,20220831,1484,4.06,17.93,1.128,31.034,False,True,True,0,0,0,0,True,
688352.SH,688352,688352,颀中科技,科创板,沪市,科创板,801080.SI,电子,801081.SI,半导体,半导体,L,20230420,1252,3.43,19.81,-0.352,14.737,False,True,True,0,0,0,0,True,
688353.SH,688353,688353,华盛锂电,科创板,沪市,科创板,801730.SI,电力设备,801737.SI,电池,电池,L,20220713,1533,4.2,82.1,-0.929,14.925,False,True,True,0,0,0,0,True,
688355.SH,688355,688355,明志科技,科创板,沪市,科创板,801890.SI,机械设备,801072.SI,通用设备,通用设备,L,20210512,1960,5.37,17.12,0.352,25.862,False,True,True,0,0,0,0,True,
688356.SH,688356,688356,键凯科技,科创板,沪市,科创板,801150.SI,医药生物,801151.SI,化学制药,化学制药,L,20200826,2219,6.08,102.34,2.958,22.5,False,True,True,0,0,0,0,True,
688357.SH,688357,688357,建龙微纳,科创板,沪市,科创板,801030.SI,基础化工,801034.SI,化学制品,化学制品,L,20191204,2485,6.8,26.94,1.699,31.818,False,True,True,0,0,0,0,True,
688358.SH,688358,688358,祥生医疗,科创板,沪市,科创板,801150.SI,医药生物,801153.SI,医疗器械,医疗器械,L,20191203,2486,6.81,29.35,1.312,18.644,False,True,True,0,0,0,0,True,
688359.SH,688359,688359,三孚新科,科创板,沪市,科创板,801080.SI,电子,801086.SI,电子化学品Ⅱ,电子化学品Ⅱ,L,20210521,1951,5.34,115.29,5.153,18.333,False,True,True,0,0,0,0,True,
688360.SH,688360,688360,德马科技,科创板,沪市,科创板,801890.SI,机械设备,801072.SI,通用设备,通用设备,L,20200602,2304,6.31,16.36,3.218,23.377,False,True,True,0,0,0,0,True,
688361.SH,688361,688361,中科飞测,科创板,沪市,科创板,801080.SI,电子,801081.SI,半导体,半导体,L,20230519,1223,3.35,381.32,0.655,20.126,False,True,True,0,0,0,0,True,
688362.SH,688362,688362,甬矽电子,科创板,沪市,科创板,801080.SI,电子,801081.SI,半导体,半导体,L,20221116,1407,3.85,62.87,-0.805,10.256,False,True,True,0,0,0,0,True,
688363.SH,688363,688363,华熙生物,科创板,沪市,科创板,801980.SI,美容护理,801983.SI,医疗美容,医疗美容,L,20191106,2513,6.88,35.05,0.114,15.385,False,True,True,0,0,0,0,True,
688365.SH,688365,688365,光云科技,科创板,沪市,科创板,801750.SI,计算机,801103.SI,IT服务Ⅱ,IT服务Ⅱ,L,20200429,2338,6.4,16.5,-1.198,19.231,False,True,True,0,0,0,0,True,
688366.SH,688366,688366,昊海生科,科创板,沪市,科创板,801150.SI,医药生物,801153.SI,医疗器械,医疗器械,L,20191030,2520,6.9,30.4,0.997,26.316,False,True,True,0,0,0,0,True,
688367.SH,688367,688367,工大高科,科创板,沪市,科创板,801890.SI,机械设备,801076.SI,轨交设备Ⅱ,轨交设备Ⅱ,L,20210628,1913,5.24,30.83,2.086,12.0,False,True,True,0,0,0,0,True,
688368.SH,688368,688368,晶丰明源,科创板,沪市,科创板,801080.SI,电子,801081.SI,半导体,半导体,L,20191014,2536,6.94,146.97,0.713,17.949,False,True,True,0,0,0,0,True,
688369.SH,688369,688369,致远互联,科创板,沪市,科创板,801750.SI,计算机,801104.SI,软件开发,软件开发,L,20191031,2519,6.9,19.96,-1.82,12.0,False,True,True,0,0,0,0,True,
688370.SH,688370,688370,丛麟科技,科创板,沪市,科创板,801970.SI,环保,801971.SI,环境治理,环境治理,L,20220825,1490,4.08,28.4,6.089,27.5,False,True,True,0,0,0,0,True,
688371.SH,688371,688371,菲沃泰,科创板,沪市,科创板,801080.SI,电子,801086.SI,电子化学品Ⅱ,电子化学品Ⅱ,L,20220802,1513,4.14,25.47,2.619,23.077,False,True,True,0,0,0,0,True,
688372.SH,688372,688372,伟测科技,科创板,沪市,科创板,801080.SI,电子,801081.SI,半导体,半导体,L,20221026,1428,3.91,116.8,1.056,12.162,False,True,True,0,0,0,0,True,
688373.SH,688373,688373,盟科药业,科创板,沪市,科创板,801150.SI,医药生物,801151.SI,化学制药,化学制药,L,20220805,1510,4.13,6.02,-2.114,12.5,False,True,True,0,0,0,0,True,
688375.SH,688375,688375,国博电子,科创板,沪市,科创板,801740.SI,国防军工,801745.SI,军工电子Ⅱ,军工电子Ⅱ,L,20220722,1524,4.17,70.08,-1.115,50.0,False,True,True,0,0,0,0,True,
688376.SH,688376,688376,美埃科技,科创板,沪市,科创板,801970.SI,环保,801972.SI,环保设备Ⅱ,环保设备Ⅱ,L,20221118,1405,3.85,65.14,1.75,33.784,False,True,True,0,0,0,0,True,
688377.SH,688377,688377,迪威尔,科创板,沪市,科创板,801890.SI,机械设备,801074.SI,专用设备,专用设备,L,20200708,2268,6.21,17.27,-1.763,63.265,False,True,True,0,0,0,0,True,
688378.SH,688378,688378,奥来德,科创板,沪市,科创板,801080.SI,电子,801084.SI,光学光电子,光学光电子,L,20200903,2211,6.05,52.49,0.556,21.277,False,True,True,0,0,0,0,True,
688379.SH,688379,688379,华光新材,科创板,沪市,科创板,801890.SI,机械设备,801072.SI,通用设备,通用设备,L,20200819,2226,6.09,64.17,13.979,9.524,False,True,True,0,0,0,0,True,
688380.SH,688380,688380,中微半导,科创板,沪市,科创板,801080.SI,电子,801081.SI,半导体,半导体,L,20220805,1510,4.13,43.51,1.945,14.074,False,True,True,0,0,0,0,True,
688381.SH,688381,688381,帝奥微,科创板,沪市,科创板,801080.SI,电子,801081.SI,半导体,半导体,L,20220823,1492,4.08,47.28,7.748,24.242,False,True,True,0,0,0,0,True,
688382.SH,688382,688382,益方生物,科创板,沪市,科创板,801150.SI,医药生物,801151.SI,化学制药,化学制药,L,20220725,1521,4.16,19.91,-1.582,16.327,False,True,True,0,0,0,0,True,
688383.SH,688383,688383,新益昌,科创板,沪市,科创板,801890.SI,机械设备,801074.SI,专用设备,专用设备,L,20210428,1974,5.4,141.61,1.411,19.31,False,True,True,0,0,0,0,True,
688385.SH,688385,688385,复旦微电,科创板,沪市,科创板,801080.SI,电子,801081.SI,半导体,半导体,L,20210804,1876,5.14,60.87,1.231,15.217,False,True,True,0,0,0,0,True,
688386.SH,688386,688386,泛亚微透,科创板,沪市,科创板,801030.SI,基础化工,801036.SI,塑料,塑料,L,20201016,2168,5.94,51.73,8.449,16.364,False,True,True,0,0,0,0,True,
688387.SH,688387,688387,信科移动,科创板,沪市,科创板,801770.SI,通信,801102.SI,通信设备,通信设备,L,20220926,1458,3.99,12.43,-1.114,17.829,False,True,True,0,0,0,0,True,
688388.SH,688388,688388,嘉元科技,科创板,沪市,科创板,801730.SI,电力设备,801737.SI,电池,电池,L,20190722,2620,7.17,31.26,4.548,8.333,False,True,True,0,0,0,0,True,
688389.SH,688389,688389,普门科技,科创板,沪市,科创板,801150.SI,医药生物,801153.SI,医疗器械,医疗器械,L,20191105,2514,6.88,11.19,0.539,21.622,False,True,True,0,0,0,0,True,
688390.SH,688390,688390,固德威,科创板,沪市,科创板,801730.SI,电力设备,801735.SI,光伏设备,光伏设备,L,20200904,2210,6.05,58.87,-1.539,15.625,False,True,True,0,0,0,0,True,
688391.SH,688391,688391,钜泉科技,科创板,沪市,科创板,801080.SI,电子,801081.SI,半导体,半导体,L,20220913,1471,4.03,27.34,2.129,32.558,False,True,True,0,0,0,0,True,
688392.SH,688392,688392,骄成超声,科创板,沪市,科创板,801730.SI,电力设备,801737.SI,电池,电池,L,20220927,1457,3.99,177.35,-2.608,14.286,False,True,True,0,0,0,0,True,
688393.SH,688393,688393,安必平,科创板,沪市,科创板,801150.SI,医药生物,801153.SI,医疗器械,医疗器械,L,20200820,2225,6.09,22.53,0.67,18.0,False,True,True,0,0,0,0,True,
688395.SH,688395,688395,正弦电气,科创板,沪市,科创板,801890.SI,机械设备,801078.SI,自动化设备,自动化设备,L,20210429,1973,5.4,26.76,4.736,14.474,False,True,True,0,0,0,0,True,
688396.SH,688396,688396,华润微,科创板,沪市,科创板,801080.SI,电子,801081.SI,半导体,半导体,L,20200227,2400,6.57,61.21,-0.407,26.49,False,True,True,0,0,0,0,True,
688398.SH,688398,688398,赛特新材,科创板,沪市,科创板,801030.SI,基础化工,801034.SI,化学制品,化学制品,L,20200211,2416,6.61,23.46,1.208,30.909,False,True,True,0,0,0,0,True,
688399.SH,688399,688399,硕世生物,科创板,沪市,科创板,801150.SI,医药生物,801153.SI,医疗器械,医疗器械,L,20191205,2484,6.8,27.89,2.161,27.273,False,True,True,0,0,0,0,True,
688400.SH,688400,688400,凌云光,科创板,沪市,科创板,801890.SI,机械设备,801074.SI,专用设备,专用设备,L,20220706,1540,4.22,47.44,1.065,10.256,False,True,True,0,0,0,0,True,
688401.SH,688401,688401,路维光电,科创板,沪市,科创板,801080.SI,电子,801081.SI,半导体,半导体,L,20220817,1498,4.1,73.17,3.772,11.34,False,True,True,0,0,0,0,True,
688403.SH,688403,688403,汇成股份,科创板,沪市,科创板,801080.SI,电子,801081.SI,半导体,半导体,L,20220818,1497,4.1,25.79,-0.54,9.375,False,True,True,0,0,0,0,True,
688408.SH,688408,688408,中信博,科创板,沪市,科创板,801730.SI,电力设备,801735.SI,光伏设备,光伏设备,L,20200828,2217,6.07,23.17,1.534,18.182,False,True,True,0,0,0,0,True,
688409.SH,688409,688409,富创精密,科创板,沪市,科创板,801080.SI,电子,801081.SI,半导体,半导体,L,20221010,1444,3.95,192.6,0.37,19.008,False,True,True,0,0,0,0,True,
688410.SH,688410,688410,山外山,科创板,沪市,科创板,801150.SI,医药生物,801153.SI,医疗器械,医疗器械,L,20221226,1367,3.74,9.94,-0.798,16.832,False,True,True,0,0,0,0,True,
688411.SH,688411,688411,海博思创,科创板,沪市,科创板,801730.SI,电力设备,801733.SI,其他电源设备Ⅱ,其他电源设备Ⅱ,L,20250127,604,1.65,165.48,-0.331,26.0,False,True,True,0,0,0,0,False,上市时间不足
688416.SH,688416,688416,恒烁股份,科创板,沪市,科创板,801080.SI,电子,801081.SI,半导体,半导体,L,20220829,1486,4.07,83.32,2.02,13.333,False,True,True,0,0,0,0,True,
688418.SH,688418,688418,震有科技,科创板,沪市,科创板,801770.SI,通信,801102.SI,通信设备,通信设备,L,20200722,2254,6.17,32.26,0.875,19.512,False,True,True,0,0,0,0,True,
688419.SH,688419,688419,耐科装备,科创板,沪市,科创板,801080.SI,电子,801081.SI,半导体,半导体,L,20221107,1416,3.88,53.55,1.613,13.281,False,True,True,0,0,0,0,True,
688420.SH,688420,688420,美腾科技,科创板,沪市,科创板,801890.SI,机械设备,801074.SI,专用设备,专用设备,L,20221209,1384,3.79,23.31,0.691,22.523,False,True,True,0,0,0,0,True,
688425.SH,688425,688425,铁建重工,科创板,沪市,科创板,801890.SI,机械设备,801077.SI,工程机械,工程机械,L,20210622,1919,5.25,3.96,-0.502,29.787,False,True,True,0,0,0,0,True,
688426.SH,688426,688426,康为世纪,科创板,沪市,科创板,801150.SI,医药生物,801153.SI,医疗器械,医疗器械,L,20221025,1429,3.91,23.79,7.989,20.952,False,True,True,0,0,0,0,True,
688428.SH,688428,688428,诺诚健华,科创板,沪市,科创板,801150.SI,医药生物,801151.SI,化学制药,化学制药,L,20220921,1463,4.01,33.4,4.375,13.423,False,True,True,0,0,0,0,True,
688429.SH,688429,688429,时创能源,科创板,沪市,科创板,801730.SI,电力设备,801735.SI,光伏设备,光伏设备,L,20230629,1182,3.24,9.99,0.909,17.647,False,True,True,0,0,0,0,True,
688432.SH,688432,688432,有研硅,科创板,沪市,科创板,801080.SI,电子,801081.SI,半导体,半导体,L,20221110,1413,3.87,55.0,4.642,24.409,False,True,True,11,11,11,11,False,近60日停牌
688433.SH,688433,688433,华曙高科,科创板,沪市,科创板,801890.SI,机械设备,801072.SI,通用设备,通用设备,L,20230417,1255,3.44,90.47,0.746,26.891,False,True,True,0,0,0,0,True,
688435.SH,688435,688435,英方软件,科创板,沪市,科创板,801750.SI,计算机,801104.SI,软件开发,软件开发,L,20230119,1343,3.68,30.8,-0.773,16.667,False,True,True,0,0,0,0,True,
688439.SH,688439,688439,振华风光,科创板,沪市,科创板,801740.SI,国防军工,801745.SI,军工电子Ⅱ,军工电子Ⅱ,L,20220826,1489,4.08,38.49,0.838,20.833,False,True,True,0,0,0,0,True,
688443.SH,688443,688443,智翔金泰,科创板,沪市,科创板,801150.SI,医药生物,801152.SI,生物制品,生物制品,L,20230620,1191,3.26,25.49,1.191,14.05,False,True,True,0,0,0,0,True,
688448.SH,688448,688448,磁谷科技,科创板,沪市,科创板,801890.SI,机械设备,801072.SI,通用设备,通用设备,L,20220921,1463,4.01,68.4,-1.299,13.393,False,True,True,0,0,0,0,True,
688449.SH,688449,688449,联芸科技,科创板,沪市,科创板,801080.SI,电子,801081.SI,半导体,半导体,L,20241129,663,1.82,64.36,0.265,13.178,False,True,True,0,0,0,0,False,上市时间不足
688450.SH,688450,688450,光格科技,科创板,沪市,科创板,801890.SI,机械设备,801072.SI,通用设备,通用设备,L,20230724,1157,3.17,33.88,1.772,8.537,False,True,True,0,0,0,0,True,
688455.SH,688455,688455,科捷智能,科创板,沪市,科创板,801890.SI,机械设备,801078.SI,自动化设备,自动化设备,L,20220915,1469,4.02,18.0,0.953,21.687,False,True,True,0,0,0,0,True,
688456.SH,688456,688456,有研粉材,科创板,沪市,科创板,801050.SI,有色金属,801051.SI,金属新材料,金属新材料,L,20210317,2016,5.52,78.4,2.779,8.421,False,True,True,0,0,0,0,True,
688458.SH,688458,688458,美芯晟,科创板,沪市,科创板,801080.SI,电子,801081.SI,半导体,半导体,L,20230522,1220,3.34,39.83,3.832,16.484,False,True,True,0,0,0,0,True,
688459.SH,688459,688459,哈铁科技,科创板,沪市,科创板,801890.SI,机械设备,801076.SI,轨交设备Ⅱ,轨交设备Ⅱ,L,20221012,1442,3.95,8.2,-0.122,18.889,False,True,True,0,0,0,0,True,
688466.SH,688466,688466,金科环境,科创板,沪市,科创板,801970.SI,环保,801971.SI,环境治理,环境治理,L,20200508,2329,6.38,14.12,0.641,29.412,False,True,True,0,0,0,0,True,
688468.SH,688468,688468,科美诊断,科创板,沪市,科创板,801150.SI,医药生物,801153.SI,医疗器械,医疗器械,L,20210409,1993,5.46,6.59,0.152,22.581,False,True,True,0,0,0,0,True,
688469.SH,688469,688469,芯联集成,科创板,沪市,科创板,801080.SI,电子,801081.SI,半导体,半导体,L,20230510,1232,3.37,8.83,0.455,15.116,False,True,True,0,0,0,0,True,
688472.SH,688472,688472,阿特斯,科创板,沪市,科创板,801730.SI,电力设备,801735.SI,光伏设备,光伏设备,L,20230609,1202,3.29,8.53,-0.814,28.0,False,True,True,0,0,0,0,True,
688475.SH,688475,688475,萤石网络,科创板,沪市,科创板,801750.SI,计算机,801101.SI,计算机设备,计算机设备,L,20221228,1365,3.74,28.18,1.258,12.371,False,True,True,0,0,0,0,True,
688478.SH,688478,688478,晶升股份,科创板,沪市,科创板,801080.SI,电子,801081.SI,半导体,半导体,L,20230424,1248,3.42,53.18,9.944,18.852,False,True,True,0,0,0,0,True,
688479.SH,688479,688479,友车科技,科创板,沪市,科创板,801750.SI,计算机,801104.SI,软件开发,软件开发,L,20230511,1231,3.37,37.74,3.397,12.069,False,True,True,0,0,0,0,True,
688480.SH,688480,688480,赛恩斯,科创板,沪市,科创板,801970.SI,环保,801971.SI,环境治理,环境治理,L,20221125,1398,3.83,70.6,-0.843,29.032,False,True,True,0,0,0,0,True,
688484.SH,688484,688484,南芯科技,科创板,沪市,科创板,801080.SI,电子,801081.SI,半导体,半导体,L,20230407,1265,3.46,34.7,-0.201,15.909,False,True,True,0,0,0,0,True,
688485.SH,688485,688485,九州一轨,科创板,沪市,科创板,801890.SI,机械设备,801076.SI,轨交设备Ⅱ,轨交设备Ⅱ,L,20230118,1344,3.68,128.02,6.241,15.333,False,True,True,0,0,0,0,True,
688486.SH,688486,688486,龙迅股份,科创板,沪市,科创板,801080.SI,电子,801081.SI,半导体,半导体,L,20230221,1310,3.59,50.0,-0.299,18.75,False,True,True,0,0,0,0,True,
688488.SH,688488,688488,艾迪药业,科创板,沪市,科创板,801150.SI,医药生物,801152.SI,生物制品,生物制品,L,20200720,2256,6.18,16.7,0.663,16.25,False,True,True,0,0,0,0,True,
688489.SH,688489,688489,三未信安,科创板,沪市,科创板,801750.SI,计算机,801101.SI,计算机设备,计算机设备,L,20221202,1391,3.81,28.92,11.103,26.667,False,True,True,0,0,0,0,True,
688496.SH,688496,688496,*ST清越,科创板,沪市,科创板,801080.SI,电子,801084.SI,光学光电子,光学光电子,L,20221228,1365,3.74,,,,True,True,False,9,9,9,9,False,ST、近60日停牌、无最新行情
688498.SH,688498,688498,源杰科技,科创板,沪市,科创板,801080.SI,电子,801081.SI,半导体,半导体,L,20221221,1372,3.76,1734.98,-1.034,22.619,False,True,True,0,0,0,0,True,
688499.SH,688499,688499,利元亨,科创板,沪市,科创板,801730.SI,电力设备,801737.SI,电池,电池,L,20210701,1910,5.23,38.43,6.602,11.864,False,True,True,0,0,0,0,True,
688500.SH,688500,688500,慧辰股份,科创板,沪市,科创板,801750.SI,计算机,801103.SI,IT服务Ⅱ,IT服务Ⅱ,L,20200716,2260,6.19,31.18,-4.061,18.182,False,True,True,0,0,0,0,True,
688501.SH,688501,688501,青达环保,科创板,沪市,科创板,801970.SI,环保,801972.SI,环保设备Ⅱ,环保设备Ⅱ,L,20210716,1895,5.19,15.93,-0.375,21.277,False,True,True,0,0,0,0,True,
688502.SH,688502,688502,茂莱光学,科创板,沪市,科创板,801080.SI,电子,801084.SI,光学光电子,光学光电子,L,20230309,1294,3.54,440.23,0.959,14.085,False,True,True,0,0,0,0,True,
688503.SH,688503,688503,聚和材料,科创板,沪市,科创板,801730.SI,电力设备,801735.SI,光伏设备,光伏设备,L,20221209,1384,3.79,80.6,-0.739,16.456,False,True,True,0,0,0,0,True,
688505.SH,688505,688505,复旦张江,科创板,沪市,科创板,801150.SI,医药生物,801151.SI,化学制药,化学制药,L,20200619,2287,6.26,8.56,0.943,17.073,False,True,True,0,0,0,0,True,
688506.SH,688506,688506,百利天恒,科创板,沪市,科创板,801150.SI,医药生物,801151.SI,化学制药,化学制药,L,20230106,1356,3.71,248.28,-1.013,33.813,False,True,True,0,0,0,0,True,
688507.SH,688507,688507,索辰科技,科创板,沪市,科创板,801750.SI,计算机,801104.SI,软件开发,软件开发,L,20230418,1254,3.43,144.08,-0.497,8.14,False,True,True,0,0,0,0,True,
688508.SH,688508,688508,芯朋微,科创板,沪市,科创板,801080.SI,电子,801081.SI,半导体,半导体,L,20200722,2254,6.17,89.67,0.101,9.677,False,True,True,0,0,0,0,True,
688509.SH,688509,688509,正元地信,科创板,沪市,科创板,801750.SI,计算机,801103.SI,IT服务Ⅱ,IT服务Ⅱ,L,20210730,1881,5.15,4.17,-0.95,9.524,False,True,True,0,0,0,0,True,
688510.SH,688510,688510,航亚科技,科创板,沪市,科创板,801740.SI,国防军工,801742.SI,航空装备Ⅱ,航空装备Ⅱ,L,20201216,2107,5.77,24.97,-1.499,12.903,False,True,True,0,0,0,0,True,
688511.SH,688511,688511,天微电子,科创板,沪市,科创板,801740.SI,国防军工,801745.SI,军工电子Ⅱ,军工电子Ⅱ,L,20210730,1881,5.15,22.9,0.792,28.571,False,True,True,0,0,0,0,True,
688512.SH,688512,688512,慧智微,科创板,沪市,科创板,801080.SI,电子,801081.SI,半导体,半导体,L,20230516,1226,3.36,17.32,20.028,20.28,False,True,True,0,0,0,0,True,
688513.SH,688513,688513,苑东生物,科创板,沪市,科创板,801150.SI,医药生物,801151.SI,化学制药,化学制药,L,20200902,2212,6.06,52.0,1.463,22.917,False,True,True,0,0,0,0,True,
688515.SH,688515,688515,裕太微,科创板,沪市,科创板,801080.SI,电子,801081.SI,半导体,半导体,L,20230210,1321,3.62,158.0,4.016,8.434,False,True,True,0,0,0,0,True,
688516.SH,688516,688516,奥特维,科创板,沪市,科创板,801730.SI,电力设备,801735.SI,光伏设备,光伏设备,L,20200521,2316,6.34,45.9,3.495,13.889,False,True,True,0,0,0,0,True,
688517.SH,688517,688517,金冠电气,科创板,沪市,科创板,801730.SI,电力设备,801738.SI,电网设备,电网设备,L,20210618,1923,5.26,16.29,-0.671,11.875,False,True,True,0,0,0,0,True,
688518.SH,688518,688518,联赢激光,科创板,沪市,科创板,801890.SI,机械设备,801078.SI,自动化设备,自动化设备,L,20200622,2284,6.25,21.59,3.45,7.692,False,True,True,0,0,0,0,True,
688519.SH,688519,688519,南亚新材,科创板,沪市,科创板,801080.SI,电子,801083.SI,元件,元件,L,20200818,2227,6.1,309.5,-1.087,16.883,False,True,True,0,0,0,0,True,
688520.SH,688520,688520,神州细胞,科创板,沪市,科创板,801150.SI,医药生物,801152.SI,生物制品,生物制品,L,20200622,2284,6.25,37.22,1.114,44.211,False,True,True,0,0,0,0,True,
688521.SH,688521,688521,芯原股份,科创板,沪市,科创板,801080.SI,电子,801081.SI,半导体,半导体,L,20200818,2227,6.1,210.2,1.043,14.493,False,True,True,0,0,0,0,True,
688522.SH,688522,688522,纳睿雷达,科创板,沪市,科创板,801740.SI,国防军工,801745.SI,军工电子Ⅱ,军工电子Ⅱ,L,20230301,1302,3.56,18.6,1.418,10.87,False,True,True,0,0,0,0,True,
688523.SH,688523,688523,航天环宇,科创板,沪市,科创板,801740.SI,国防军工,801741.SI,航天装备Ⅱ,航天装备Ⅱ,L,20230602,1209,3.31,39.74,-1.12,21.429,False,True,True,0,0,0,0,True,
688525.SH,688525,688525,佰维存储,科创板,沪市,科创板,801080.SI,电子,801081.SI,半导体,半导体,L,20221230,1363,3.73,222.69,2.518,10.417,False,True,True,0,0,0,0,True,
688526.SH,688526,688526,科前生物,科创板,沪市,科创板,801010.SI,农林牧渔,801018.SI,动物保健Ⅱ,动物保健Ⅱ,L,20200922,2192,6.0,12.36,-0.723,26.471,False,True,True,0,0,0,0,True,
688528.SH,688528,688528,秦川物联,科创板,沪市,科创板,801890.SI,机械设备,801072.SI,通用设备,通用设备,L,20200701,2275,6.23,10.24,0.294,22.449,False,True,True,0,0,0,0,True,
688529.SH,688529,688529,豪森智能,科创板,沪市,科创板,801890.SI,机械设备,801074.SI,专用设备,专用设备,L,20201109,2144,5.87,15.39,3.567,28.205,False,True,True,0,0,0,0,True,
688530.SH,688530,688530,欧莱新材,科创板,沪市,科创板,801080.SI,电子,801081.SI,半导体,半导体,L,20240509,867,2.37,63.98,3.544,3.165,False,True,True,0,0,0,0,True,
688531.SH,688531,688531,日联科技,科创板,沪市,科创板,801890.SI,机械设备,801074.SI,专用设备,专用设备,L,20230331,1272,3.48,148.16,2.179,12.329,False,True,True,0,0,0,0,True,
688533.SH,688533,688533,上声电子,科创板,沪市,科创板,801880.SI,汽车,801093.SI,汽车零部件,汽车零部件,L,20210419,1983,5.43,20.65,1.774,35.484,False,True,True,0,0,0,0,True,
688535.SH,688535,688535,华海诚科,科创板,沪市,科创板,801080.SI,电子,801081.SI,半导体,半导体,L,20230404,1268,3.47,116.0,6.383,12.245,False,True,True,0,0,0,0,True,
688536.SH,688536,688536,思瑞浦,科创板,沪市,科创板,801080.SI,电子,801081.SI,半导体,半导体,L,20200921,2193,6.0,357.97,0.635,26.437,False,True,True,0,0,0,0,True,
688538.SH,688538,688538,和辉光电,科创板,沪市,科创板,801080.SI,电子,801084.SI,光学光电子,光学光电子,L,20210528,1944,5.32,2.07,-0.957,13.043,False,True,True,0,0,0,0,True,
688539.SH,688539,688539,高华科技,科创板,沪市,科创板,801080.SI,电子,801083.SI,元件,元件,L,20230418,1254,3.43,25.15,0.882,31.746,False,True,True,0,0,0,0,True,
688543.SH,688543,688543,国科军工,科创板,沪市,科创板,801740.SI,国防军工,801743.SI,地面兵装Ⅱ,地面兵装Ⅱ,L,20230621,1190,3.26,43.22,-1.437,13.889,False,True,True,0,0,0,0,True,
688545.SH,688545,688545,兴福电子,科创板,沪市,科创板,801080.SI,电子,801086.SI,电子化学品Ⅱ,电子化学品Ⅱ,L,20250122,609,1.67,79.19,2.405,8.974,False,True,True,0,0,0,0,False,上市时间不足
688548.SH,688548,688548,广钢气体,科创板,沪市,科创板,801080.SI,电子,801086.SI,电子化学品Ⅱ,电子化学品Ⅱ,L,20230815,1135,3.11,33.54,0.6,25.373,False,True,True,0,0,0,0,True,
688549.SH,688549,688549,中巨芯,科创板,沪市,科创板,801080.SI,电子,801086.SI,电子化学品Ⅱ,电子化学品Ⅱ,L,20230908,1111,3.04,23.78,1.062,9.244,False,True,True,0,0,0,0,True,
688550.SH,688550,688550,瑞联新材,科创板,沪市,科创板,801080.SI,电子,801086.SI,电子化学品Ⅱ,电子化学品Ⅱ,L,20200902,2212,6.06,38.92,1.831,12.371,False,True,True,0,0,0,0,True,
688551.SH,688551,688551,科威尔,科创板,沪市,科创板,801730.SI,电力设备,801733.SI,其他电源设备Ⅱ,其他电源设备Ⅱ,L,20200910,2204,6.03,43.25,7.054,10.769,False,True,True,0,0,0,0,True,
688552.SH,688552,688552,航天南湖,科创板,沪市,科创板,801740.SI,国防军工,801745.SI,军工电子Ⅱ,军工电子Ⅱ,L,20230518,1224,3.35,30.7,-1.476,28.571,False,True,True,0,0,0,0,True,
688553.SH,688553,688553,汇宇制药,科创板,沪市,科创板,801150.SI,医药生物,801151.SI,化学制药,化学制药,L,20211026,1793,4.91,12.73,-0.313,15.0,False,True,True,0,0,0,0,True,
688556.SH,688556,688556,高测股份,科创板,沪市,科创板,801730.SI,电力设备,801735.SI,光伏设备,光伏设备,L,20200807,2238,6.13,7.94,1.405,12.5,False,True,True,0,0,0,0,True,
688557.SH,688557,688557,兰剑智能,科创板,沪市,科创板,801890.SI,机械设备,801072.SI,通用设备,通用设备,L,20201202,2121,5.81,21.42,1.133,15.385,False,True,True,0,0,0,0,True,
688558.SH,688558,688558,国盛智科,科创板,沪市,科创板,801890.SI,机械设备,801072.SI,通用设备,通用设备,L,20200630,2276,6.23,34.19,1.786,17.188,False,True,True,0,0,0,0,True,
688559.SH,688559,688559,海目星,科创板,沪市,科创板,801890.SI,机械设备,801078.SI,自动化设备,自动化设备,L,20200909,2205,6.04,59.19,2.654,9.375,False,True,True,0,0,0,0,True,
688560.SH,688560,688560,明冠新材,科创板,沪市,科创板,801730.SI,电力设备,801735.SI,光伏设备,光伏设备,L,20201224,2099,5.75,12.88,1.497,13.333,False,True,True,0,0,0,0,True,
688561.SH,688561,688561,奇安信,科创板,沪市,科创板,801750.SI,计算机,801104.SI,软件开发,软件开发,L,20200722,2254,6.17,29.36,-2.101,17.391,False,True,True,0,0,0,0,True,
688562.SH,688562,688562,航天软件,科创板,沪市,科创板,801750.SI,计算机,801103.SI,IT服务Ⅱ,IT服务Ⅱ,L,20230524,1218,3.33,14.46,-0.55,32.877,False,True,True,0,0,0,0,True,
688563.SH,688563,688563,航材股份,科创板,沪市,科创板,801740.SI,国防军工,801742.SI,航空装备Ⅱ,航空装备Ⅱ,L,20230719,1162,3.18,54.21,-0.569,11.364,False,True,True,0,0,0,0,True,
688565.SH,688565,688565,力源科技,科创板,沪市,科创板,801970.SI,环保,801971.SI,环境治理,环境治理,L,20210513,1959,5.36,11.54,1.495,17.431,False,True,True,0,0,0,0,True,
688566.SH,688566,688566,吉贝尔,科创板,沪市,科创板,801150.SI,医药生物,801151.SI,化学制药,化学制药,L,20200518,2319,6.35,27.97,3.978,13.846,False,True,True,0,0,0,0,True,
688567.SH,688567,688567,孚能科技,科创板,沪市,科创板,801730.SI,电力设备,801737.SI,电池,电池,L,20200717,2259,6.18,9.02,-0.551,48.0,False,True,True,0,0,0,0,True,
688568.SH,688568,688568,中科星图,科创板,沪市,科创板,801750.SI,计算机,801103.SI,IT服务Ⅱ,IT服务Ⅱ,L,20200708,2268,6.21,30.8,-1.629,38.095,False,True,True,0,0,0,0,True,
688569.SH,688569,688569,铁科轨道,科创板,沪市,科创板,801890.SI,机械设备,801076.SI,轨交设备Ⅱ,轨交设备Ⅱ,L,20200831,2214,6.06,18.54,-0.054,20.833,False,True,True,0,0,0,0,True,
688570.SH,688570,688570,天玛智控,科创板,沪市,科创板,801890.SI,机械设备,801078.SI,自动化设备,自动化设备,L,20230605,1206,3.3,14.74,0.136,32.895,False,True,True,0,0,0,0,True,
688571.SH,688571,688571,杭华股份,科创板,沪市,科创板,801030.SI,基础化工,801034.SI,化学制品,化学制品,L,20201211,2112,5.78,8.85,2.194,17.442,False,True,True,0,0,0,0,True,
688573.SH,688573,688573,信宇人,科创板,沪市,科创板,801730.SI,电力设备,801737.SI,电池,电池,L,20230817,1133,3.1,17.15,10.148,8.75,False,True,True,0,0,0,0,True,
688575.SH,688575,688575,亚辉龙,科创板,沪市,科创板,801150.SI,医药生物,801153.SI,医疗器械,医疗器械,L,20210517,1955,5.35,10.49,0.479,12.0,False,True,True,0,0,0,0,True,
688576.SH,688576,688576,西山科技,科创板,沪市,科创板,801150.SI,医药生物,801153.SI,医疗器械,医疗器械,L,20230606,1205,3.3,41.15,2.033,16.129,False,True,True,0,0,0,0,True,
688577.SH,688577,688577,浙海德曼,科创板,沪市,科创板,801890.SI,机械设备,801072.SI,通用设备,通用设备,L,20200916,2198,6.02,41.93,-0.64,33.333,False,True,True,0,0,0,0,True,
688578.SH,688578,688578,艾力斯,科创板,沪市,科创板,801150.SI,医药生物,801151.SI,化学制药,化学制药,L,20201202,2121,5.81,112.42,9.347,18.447,False,True,True,0,0,0,0,True,
688579.SH,688579,688579,地纬智能,科创板,沪市,科创板,801750.SI,计算机,801104.SI,软件开发,软件开发,L,20200717,2259,6.18,7.94,-0.75,33.333,False,True,True,0,0,0,0,True,
688580.SH,688580,688580,伟思医疗,科创板,沪市,科创板,801150.SI,医药生物,801153.SI,医疗器械,医疗器械,L,20200721,2255,6.17,44.11,-0.204,27.027,False,True,True,0,0,0,0,True,
688581.SH,688581,688581,安杰思,科创板,沪市,科创板,801150.SI,医药生物,801153.SI,医疗器械,医疗器械,L,20230519,1223,3.35,56.31,0.196,9.091,False,True,True,0,0,0,0,True,
688582.SH,688582,688582,芯动联科,科创板,沪市,科创板,801080.SI,电子,801081.SI,半导体,半导体,L,20230630,1181,3.23,39.55,0.0,48.077,False,True,True,0,0,0,0,True,
688583.SH,688583,688583,思看科技,科创板,沪市,科创板,801890.SI,机械设备,801072.SI,通用设备,通用设备,L,20250115,616,1.69,89.22,7.715,14.493,False,True,True,0,0,0,0,False,上市时间不足
688584.SH,688584,688584,上海合晶,科创板,沪市,科创板,801080.SI,电子,801081.SI,半导体,半导体,L,20240208,958,2.62,29.2,3.326,13.475,False,True,True,0,0,0,0,True,
688585.SH,688585,688585,上纬新材,科创板,沪市,科创板,801030.SI,基础化工,801036.SI,塑料,塑料,L,20200928,2186,5.98,138.66,-1.917,24.37,False,True,True,0,0,0,0,True,
688586.SH,688586,688586,江航装备,科创板,沪市,科创板,801740.SI,国防军工,801742.SI,航空装备Ⅱ,航空装备Ⅱ,L,20200731,2245,6.15,11.26,-0.177,31.579,False,True,True,0,0,0,0,True,
688588.SH,688588,688588,凌志软件,科创板,沪市,科创板,801750.SI,计算机,801104.SI,软件开发,软件开发,L,20200511,2326,6.37,9.14,-1.402,29.167,False,True,True,0,0,0,0,True,
688589.SH,688589,688589,力合微,科创板,沪市,科创板,801080.SI,电子,801081.SI,半导体,半导体,L,20200722,2254,6.17,21.35,1.667,12.821,False,True,True,0,0,0,0,True,
688590.SH,688590,688590,新致软件,科创板,沪市,科创板,801750.SI,计算机,801104.SI,软件开发,软件开发,L,20201207,2116,5.79,12.48,-1.81,14.4,False,True,True,0,0,0,0,True,
688591.SH,688591,688591,泰凌微,科创板,沪市,科创板,801080.SI,电子,801081.SI,半导体,半导体,L,20230825,1125,3.08,33.16,6.01,17.241,False,True,True,0,0,0,0,True,
688592.SH,688592,688592,司南导航,科创板,沪市,科创板,801770.SI,通信,801102.SI,通信设备,通信设备,L,20230816,1134,3.1,23.41,-1.098,18.333,False,True,True,0,0,0,0,True,
688593.SH,688593,688593,新相微,科创板,沪市,科创板,801080.SI,电子,801081.SI,半导体,半导体,L,20230601,1210,3.31,32.87,5.42,8.974,False,True,True,0,0,0,0,True,
688595.SH,688595,688595,芯海科技,科创板,沪市,科创板,801080.SI,电子,801081.SI,半导体,半导体,L,20200928,2186,5.98,32.18,0.72,16.667,False,True,True,0,0,0,0,True,
688596.SH,688596,688596,正帆科技,科创板,沪市,科创板,801890.SI,机械设备,801074.SI,专用设备,专用设备,L,20200820,2225,6.09,66.8,2.485,9.202,False,True,True,0,0,0,0,True,
688597.SH,688597,688597,煜邦电力,科创板,沪市,科创板,801730.SI,电力设备,801738.SI,电网设备,电网设备,L,20210617,1924,5.27,6.29,-2.025,15.152,False,True,True,0,0,0,0,True,
688598.SH,688598,688598,金博股份,科创板,沪市,科创板,801730.SI,电力设备,801735.SI,光伏设备,光伏设备,L,20200518,2319,6.35,36.4,3.321,9.859,False,True,True,0,0,0,0,True,
688599.SH,688599,688599,天合光能,科创板,沪市,科创板,801730.SI,电力设备,801735.SI,光伏设备,光伏设备,L,20200610,2296,6.29,11.2,0.539,25.0,False,True,True,0,0,0,0,True,
688600.SH,688600,688600,皖仪科技,科创板,沪市,科创板,801890.SI,机械设备,801072.SI,通用设备,通用设备,L,20200703,2273,6.22,38.59,4.297,22.609,False,True,True,0,0,0,0,True,
688601.SH,688601,688601,力芯微,科创板,沪市,科创板,801080.SI,电子,801081.SI,半导体,半导体,L,20210628,1913,5.24,62.86,2.914,21.333,False,True,True,0,0,0,0,True,
688602.SH,688602,688602,康鹏科技,科创板,沪市,科创板,801030.SI,基础化工,801034.SI,化学制品,化学制品,L,20230720,1161,3.18,6.9,-0.719,14.925,False,True,True,0,0,0,0,True,
688603.SH,688603,688603,天承科技,科创板,沪市,科创板,801080.SI,电子,801086.SI,电子化学品Ⅱ,电子化学品Ⅱ,L,20230710,1171,3.21,128.64,6.755,9.774,False,True,True,0,0,0,0,True,
688605.SH,688605,688605,先锋精科,科创板,沪市,科创板,801080.SI,电子,801081.SI,半导体,半导体,L,20241212,650,1.78,86.51,1.122,19.118,False,True,True,0,0,0,0,False,上市时间不足
688606.SH,688606,688606,奥泰生物,科创板,沪市,科创板,801150.SI,医药生物,801153.SI,医疗器械,医疗器械,L,20210325,2008,5.5,47.59,1.298,45.763,False,True,True,0,0,0,0,True,
688607.SH,688607,688607,康众科技,科创板,沪市,科创板,801150.SI,医药生物,801153.SI,医疗器械,医疗器械,L,20210201,2060,5.64,38.99,-0.358,21.782,False,True,True,0,0,0,0,True,
688608.SH,688608,688608,恒玄科技,科创板,沪市,科创板,801080.SI,电子,801081.SI,半导体,半导体,L,20201216,2107,5.77,113.5,0.469,21.429,False,True,True,0,0,0,0,True,
688609.SH,688609,688609,九联科技,科创板,沪市,科创板,801110.SI,家用电器,801112.SI,黑色家电,黑色家电,L,20210323,2010,5.5,9.56,-1.443,8.511,False,True,True,0,0,0,0,True,
688610.SH,688610,688610,埃科光电,科创板,沪市,科创板,801890.SI,机械设备,801072.SI,通用设备,通用设备,L,20230719,1162,3.18,172.46,0.227,13.187,False,True,True,0,0,0,0,True,
688611.SH,688611,688611,杭州柯林,科创板,沪市,科创板,801730.SI,电力设备,801738.SI,电网设备,电网设备,L,20210412,1990,5.45,68.7,-0.837,28.571,False,True,True,0,0,0,0,True,
688612.SH,688612,688612,威迈斯,科创板,沪市,科创板,801880.SI,汽车,801093.SI,汽车零部件,汽车零部件,L,20230726,1155,3.16,36.5,-0.11,20.0,False,True,True,0,0,0,0,True,
688613.SH,688613,688613,奥精医疗,科创板,沪市,科创板,801150.SI,医药生物,801153.SI,医疗器械,医疗器械,L,20210521,1951,5.34,21.29,4.363,28.0,False,True,True,0,0,0,0,True,
688615.SH,688615,688615,合合信息,科创板,沪市,科创板,801750.SI,计算机,801104.SI,软件开发,软件开发,L,20240926,727,1.99,90.74,-2.942,17.241,False,True,True,0,0,0,0,False,上市时间不足
688616.SH,688616,688616,西力科技,科创板,沪市,科创板,801730.SI,电力设备,801738.SI,电网设备,电网设备,L,20210318,2015,5.52,10.95,-0.182,20.37,False,True,True,0,0,0,0,True,
688617.SH,688617,688617,惠泰医疗,科创板,沪市,科创板,801150.SI,医药生物,801153.SI,医疗器械,医疗器械,L,20210107,2085,5.71,245.56,0.879,20.455,False,True,True,0,0,0,0,True,
688618.SH,688618,688618,三旺通信,科创板,沪市,科创板,801770.SI,通信,801102.SI,通信设备,通信设备,L,20201230,2093,5.73,30.0,-1.348,12.0,False,True,True,0,0,0,0,True,
688619.SH,688619,688619,罗普特,科创板,沪市,科创板,801750.SI,计算机,801101.SI,计算机设备,计算机设备,L,20210223,2038,5.58,14.84,-0.403,10.959,False,True,True,0,0,0,0,True,
688620.SH,688620,688620,安凯微,科创板,沪市,科创板,801080.SI,电子,801081.SI,半导体,半导体,L,20230627,1184,3.24,18.36,1.157,18.452,False,True,True,0,0,0,0,True,
688621.SH,688621,688621,阳光诺和,科创板,沪市,科创板,801150.SI,医药生物,801156.SI,医疗服务,医疗服务,L,20210621,1920,5.26,75.26,0.952,14.286,False,True,True,0,0,0,0,True,
688622.SH,688622,688622,*ST禾信,科创板,沪市,科创板,801890.SI,机械设备,801072.SI,通用设备,通用设备,L,20210913,1836,5.03,136.82,-0.898,39.259,True,True,True,0,0,0,0,False,ST
688623.SH,688623,688623,双元科技,科创板,沪市,科创板,801890.SI,机械设备,801078.SI,自动化设备,自动化设备,L,20230608,1203,3.29,63.4,6.734,12.162,False,True,True,0,0,0,0,True,
688625.SH,688625,688625,呈和科技,科创板,沪市,科创板,801030.SI,基础化工,801034.SI,化学制品,化学制品,L,20210607,1934,5.3,72.11,3.577,25.0,False,True,True,0,0,0,0,True,
688626.SH,688626,688626,翔宇医疗,科创板,沪市,科创板,801150.SI,医药生物,801153.SI,医疗器械,医疗器械,L,20210331,2002,5.48,44.22,0.5,15.909,False,True,True,0,0,0,0,True,
688627.SH,688627,688627,精智达,科创板,沪市,科创板,801890.SI,机械设备,801072.SI,通用设备,通用设备,L,20230718,1163,3.18,475.0,-0.603,9.211,False,True,True,0,0,0,0,True,
688628.SH,688628,688628,优利德,科创板,沪市,科创板,801890.SI,机械设备,801072.SI,通用设备,通用设备,L,20210201,2060,5.64,114.44,19.996,32.941,False,True,True,0,0,0,0,True,
688629.SH,688629,688629,华丰科技,科创板,沪市,科创板,801740.SI,国防军工,801745.SI,军工电子Ⅱ,军工电子Ⅱ,L,20230627,1184,3.24,123.15,-1.7,17.073,False,True,True,0,0,0,0,True,
688630.SH,688630,688630,芯碁微装,科创板,沪市,科创板,801890.SI,机械设备,801074.SI,专用设备,专用设备,L,20210401,2001,5.48,440.68,3.037,10.156,False,True,True,0,0,0,0,True,
688631.SH,688631,688631,莱斯信息,科创板,沪市,科创板,801750.SI,计算机,801104.SI,软件开发,软件开发,L,20230628,1183,3.24,38.07,0.768,20.513,False,True,True,0,0,0,0,True,
688633.SH,688633,688633,星球石墨,科创板,沪市,科创板,801890.SI,机械设备,801074.SI,专用设备,专用设备,L,20210324,2009,5.5,22.62,0.489,12.821,False,True,True,0,0,0,0,True,
688635.SH,688635,688635,长进光子,科创板,沪市,科创板,801770.SI,通信,801102.SI,通信设备,通信设备,L,20260527,119,0.33,288.8,1.504,5.366,False,True,True,0,0,0,0,False,上市时间不足
688636.SH,688636,688636,智明达,科创板,沪市,科创板,801740.SI,国防军工,801745.SI,军工电子Ⅱ,军工电子Ⅱ,L,20210408,1994,5.46,21.01,-0.756,9.756,False,True,True,0,0,0,0,True,
688638.SH,688638,688638,誉辰智能,科创板,沪市,科创板,801730.SI,电力设备,801737.SI,电池,电池,L,20230712,1169,3.2,34.22,1.483,9.202,False,True,True,0,0,0,0,True,
688639.SH,688639,688639,华恒生物,科创板,沪市,科创板,801030.SI,基础化工,801034.SI,化学制品,化学制品,L,20210422,1980,5.42,18.29,-1.561,12.5,False,True,True,0,0,0,0,True,
688646.SH,688646,688646,逸飞激光,科创板,沪市,科创板,801890.SI,机械设备,801078.SI,自动化设备,自动化设备,L,20230728,1153,3.16,77.59,-2.684,11.979,False,True,True,0,2,2,2,False,近60日停牌
688648.SH,688648,688648,中邮科技,科创板,沪市,科创板,801890.SI,机械设备,801074.SI,专用设备,专用设备,L,20231113,1045,2.86,29.39,-0.44,16.981,False,True,True,0,0,0,0,True,
688651.SH,688651,688651,盛邦安全,科创板,沪市,科创板,801750.SI,计算机,801104.SI,软件开发,软件开发,L,20230726,1155,3.16,25.51,1.472,8.861,False,True,True,0,0,0,0,True,
688652.SH,688652,688652,京仪装备,科创板,沪市,科创板,801080.SI,电子,801081.SI,半导体,半导体,L,20231129,1029,2.82,147.42,-0.392,15.73,False,True,True,0,0,0,0,True,
688653.SH,688653,688653,康希通信,科创板,沪市,科创板,801080.SI,电子,801081.SI,半导体,半导体,L,20231117,1041,2.85,15.68,2.752,14.085,False,True,True,0,0,0,0,True,
688655.SH,688655,688655,迅捷兴,科创板,沪市,科创板,801080.SI,电子,801083.SI,元件,元件,L,20210511,1961,5.37,78.15,1.218,21.053,False,True,True,0,0,0,0,True,
688656.SH,688656,688656,浩欧博,科创板,沪市,科创板,801150.SI,医药生物,801153.SI,医疗器械,医疗器械,L,20210113,2079,5.69,141.04,20.003,37.5,False,True,True,0,0,0,0,True,
688657.SH,688657,688657,浩辰软件,科创板,沪市,科创板,801750.SI,计算机,801104.SI,软件开发,软件开发,L,20231010,1079,2.95,34.39,1.386,9.877,False,True,True,0,0,0,0,True,
688658.SH,688658,688658,悦康药业,科创板,沪市,科创板,801150.SI,医药生物,801151.SI,化学制药,化学制药,L,20201224,2099,5.75,13.8,-0.289,11.94,False,True,True,0,0,0,0,True,
688659.SH,688659,688659,元琛科技,科创板,沪市,科创板,801030.SI,基础化工,801034.SI,化学制品,化学制品,L,20210331,2002,5.48,9.31,0.323,16.667,False,True,True,0,0,0,0,True,
688660.SH,688660,688660,电气风电,科创板,沪市,科创板,801730.SI,电力设备,801736.SI,风电设备,风电设备,L,20210519,1953,5.35,8.92,-1.978,15.556,False,True,True,0,0,0,0,True,
688661.SH,688661,688661,和林微纳,科创板,沪市,科创板,801080.SI,电子,801081.SI,半导体,半导体,L,20210329,2004,5.49,108.29,2.016,12.308,False,True,True,0,0,0,0,True,
688662.SH,688662,688662,富信科技,科创板,沪市,科创板,801080.SI,电子,801082.SI,其他电子Ⅱ,其他电子Ⅱ,L,20210401,2001,5.48,130.61,16.211,33.333,False,True,True,0,0,0,0,True,
688663.SH,688663,688663,新风光,科创板,沪市,科创板,801730.SI,电力设备,801738.SI,电网设备,电网设备,L,20210413,1989,5.45,57.05,-1.041,9.836,False,True,True,0,0,0,0,True,
688665.SH,688665,688665,四方光电,科创板,沪市,科创板,801890.SI,机械设备,801072.SI,通用设备,通用设备,L,20210209,2052,5.62,46.98,9.357,34.091,False,True,True,0,0,0,0,True,
688667.SH,688667,688667,菱电电控,科创板,沪市,科创板,801880.SI,汽车,801093.SI,汽车零部件,汽车零部件,L,20210312,2021,5.53,103.61,5.509,29.091,False,True,True,0,0,0,0,True,
688668.SH,688668,688668,鼎通科技,科创板,沪市,科创板,801770.SI,通信,801102.SI,通信设备,通信设备,L,20201221,2102,5.75,244.89,-3.587,7.937,False,True,True,0,0,0,0,True,
688669.SH,688669,688669,聚石化学,科创板,沪市,科创板,801030.SI,基础化工,801036.SI,塑料,塑料,L,20210125,2067,5.66,69.07,-1.329,13.483,False,True,True,0,0,0,0,True,
688670.SH,688670,688670,金迪克,科创板,沪市,科创板,801150.SI,医药生物,801152.SI,生物制品,生物制品,L,20210802,1878,5.14,18.89,-0.579,19.048,False,True,True,0,0,0,0,True,
688671.SH,688671,688671,碧兴物联,科创板,沪市,科创板,801970.SI,环保,801972.SI,环保设备Ⅱ,环保设备Ⅱ,L,20230809,1141,3.12,26.81,0.412,13.934,False,True,True,0,0,0,0,True,
688676.SH,688676,688676,金盘科技,科创板,沪市,科创板,801730.SI,电力设备,801738.SI,电网设备,电网设备,L,20210309,2024,5.54,64.2,-0.727,13.095,False,True,True,0,0,0,0,True,
688677.SH,688677,688677,海泰新光,科创板,沪市,科创板,801150.SI,医药生物,801153.SI,医疗器械,医疗器械,L,20210226,2035,5.57,87.48,10.343,14.545,False,True,True,0,0,0,0,True,
688678.SH,688678,688678,福立旺,科创板,沪市,科创板,801080.SI,电子,801085.SI,消费电子,消费电子,L,20201223,2100,5.75,31.43,13.058,28.866,False,True,True,0,0,0,0,True,
688679.SH,688679,688679,通源环境,科创板,沪市,科创板,801970.SI,环保,801971.SI,环境治理,环境治理,L,20201225,2098,5.74,41.8,3.389,10.577,False,True,True,0,0,0,0,True,
688680.SH,688680,688680,海优新材,科创板,沪市,科创板,801730.SI,电力设备,801735.SI,光伏设备,光伏设备,L,20210122,2070,5.67,38.57,0.364,27.778,False,True,True,0,0,0,0,True,
688681.SH,688681,688681,科汇股份,科创板,沪市,科创板,801730.SI,电力设备,801738.SI,电网设备,电网设备,L,20210616,1925,5.27,15.51,-0.064,14.286,False,True,True,0,0,0,0,True,
688682.SH,688682,688682,霍莱沃,科创板,沪市,科创板,801740.SI,国防军工,801745.SI,军工电子Ⅱ,军工电子Ⅱ,L,20210420,1982,5.43,31.62,0.349,30.769,False,True,True,0,0,0,0,True,
688683.SH,688683,688683,莱尔科技,科创板,沪市,科创板,801080.SI,电子,801086.SI,电子化学品Ⅱ,电子化学品Ⅱ,L,20210412,1990,5.45,31.95,-0.498,31.169,False,True,True,0,0,0,0,True,
688685.SH,688685,688685,迈信林,科创板,沪市,科创板,801740.SI,国防军工,801742.SI,航空装备Ⅱ,航空装备Ⅱ,L,20210513,1959,5.36,34.87,-2.188,25.0,False,True,True,0,0,0,0,True,
688686.SH,688686,688686,奥普特,科创板,沪市,科创板,801890.SI,机械设备,801078.SI,自动化设备,自动化设备,L,20201231,2092,5.73,141.79,0.453,26.0,False,True,True,0,0,0,0,True,
688687.SH,688687,688687,凯因科技,科创板,沪市,科创板,801150.SI,医药生物,801152.SI,生物制品,生物制品,L,20210208,2053,5.62,18.7,0.538,11.111,False,True,True,0,0,0,0,True,
688689.SH,688689,688689,银河微电,科创板,沪市,科创板,801080.SI,电子,801081.SI,半导体,半导体,L,20210127,2065,5.65,42.69,1.837,11.881,False,True,True,0,0,0,11,True,
688690.SH,688690,688690,纳微科技,科创板,沪市,科创板,801150.SI,医药生物,801151.SI,化学制药,化学制药,L,20210623,1918,5.25,49.21,2.799,25.714,False,True,True,0,0,0,0,True,
688691.SH,688691,688691,灿芯股份,科创板,沪市,科创板,801080.SI,电子,801081.SI,半导体,半导体,L,20240411,895,2.45,65.49,-0.091,10.078,False,True,True,0,0,0,0,True,
688692.SH,688692,688692,达梦数据,科创板,沪市,科创板,801750.SI,计算机,801104.SI,软件开发,软件开发,L,20240612,833,2.28,206.62,-1.549,17.143,False,True,True,0,0,0,0,True,
688693.SH,688693,688693,锴威特,科创板,沪市,科创板,801080.SI,电子,801081.SI,半导体,半导体,L,20230818,1132,3.1,79.05,2.783,8.235,False,True,True,0,0,0,0,True,
688695.SH,688695,688695,中创股份,科创板,沪市,科创板,801750.SI,计算机,801104.SI,软件开发,软件开发,L,20240313,924,2.53,19.93,0.809,10.417,False,True,True,0,0,0,0,True,
688696.SH,688696,688696,极米科技,科创板,沪市,科创板,801110.SI,家用电器,801112.SI,黑色家电,黑色家电,L,20210303,2030,5.56,86.71,-2.299,28.571,False,True,True,0,0,0,0,True,
688697.SH,688697,688697,纽威数控,科创板,沪市,科创板,801890.SI,机械设备,801072.SI,通用设备,通用设备,L,20210917,1832,5.02,15.27,2.277,13.699,False,True,True,0,0,0,0,True,
688698.SH,688698,688698,伟创电气,科创板,沪市,科创板,801890.SI,机械设备,801078.SI,自动化设备,自动化设备,L,20201229,2094,5.73,44.45,0.18,22.727,False,True,True,0,0,0,0,True,
688699.SH,688699,688699,明微电子,科创板,沪市,科创板,801080.SI,电子,801081.SI,半导体,半导体,L,20201218,2105,5.76,70.54,1.104,18.519,False,True,True,0,0,0,0,True,
688700.SH,688700,688700,东威科技,科创板,沪市,科创板,801890.SI,机械设备,801074.SI,专用设备,专用设备,L,20210615,1926,5.27,67.88,4.915,12.676,False,True,True,0,0,0,0,True,
688701.SH,688701,688701,卓锦股份,科创板,沪市,科创板,801970.SI,环保,801971.SI,环境治理,环境治理,L,20210916,1833,5.02,8.7,0.115,23.256,False,True,True,0,0,0,0,True,
688702.SH,688702,688702,盛科通信,科创板,沪市,科创板,801080.SI,电子,801081.SI,半导体,半导体,L,20230914,1105,3.03,335.0,2.134,21.429,False,True,True,0,0,0,0,True,
688707.SH,688707,688707,振华新材,科创板,沪市,科创板,801730.SI,电力设备,801737.SI,电池,电池,L,20210914,1835,5.02,10.28,0.391,38.462,False,True,True,0,0,0,0,True,
688708.SH,688708,688708,佳驰科技,科创板,沪市,科创板,801740.SI,国防军工,801742.SI,航空装备Ⅱ,航空装备Ⅱ,L,20241205,657,1.8,40.76,0.345,17.647,False,True,True,0,0,0,0,False,上市时间不足
688709.SH,688709,688709,成都华微,科创板,沪市,科创板,801080.SI,电子,801081.SI,半导体,半导体,L,20240207,959,2.63,25.98,1.089,11.905,False,True,True,0,0,0,0,True,
688710.SH,688710,688710,益诺思,科创板,沪市,科创板,801150.SI,医药生物,801156.SI,医疗服务,医疗服务,L,20240903,750,2.05,104.77,14.415,19.824,False,True,True,0,0,0,0,True,
688711.SH,688711,688711,宏微科技,科创板,沪市,科创板,801080.SI,电子,801081.SI,半导体,半导体,L,20210901,1848,5.06,29.8,5.974,17.391,False,True,True,0,0,0,0,True,
688712.SH,688712,688712,北芯生命,科创板,沪市,科创板,801150.SI,医药生物,801153.SI,医疗器械,医疗器械,L,20260205,230,0.63,32.28,1.255,9.15,False,True,True,0,0,0,0,False,上市时间不足
688716.SH,688716,688716,中研股份,科创板,沪市,科创板,801030.SI,基础化工,801036.SI,塑料,塑料,L,20230920,1099,3.01,26.86,-2.327,11.765,False,True,True,0,0,0,0,True,
688717.SH,688717,688717,艾罗能源,科创板,沪市,科创板,801730.SI,电力设备,801735.SI,光伏设备,光伏设备,L,20240103,994,2.72,43.29,-2.192,10.811,False,True,True,0,0,0,0,True,
688718.SH,688718,688718,唯赛勃,科创板,沪市,科创板,801030.SI,基础化工,801036.SI,塑料,塑料,L,20210728,1883,5.16,15.43,0.784,22.857,False,True,True,0,0,0,0,True,
688719.SH,688719,688719,爱科赛博,科创板,沪市,科创板,801730.SI,电力设备,801733.SI,其他电源设备Ⅱ,其他电源设备Ⅱ,L,20230928,1091,2.99,62.05,9.92,12.23,False,True,True,0,0,0,0,True,
688720.SH,688720,688720,艾森股份,科创板,沪市,科创板,801080.SI,电子,801081.SI,半导体,半导体,L,20231206,1022,2.8,70.03,3.61,15.054,False,True,True,0,0,0,0,True,
688721.SH,688721,688721,龙图光罩,科创板,沪市,科创板,801080.SI,电子,801081.SI,半导体,半导体,L,20240806,778,2.13,42.4,3.617,8.333,False,True,True,0,0,0,0,True,
688722.SH,688722,688722,同益中,科创板,沪市,科创板,801030.SI,基础化工,801032.SI,化学纤维,化学纤维,L,20211019,1800,4.93,14.57,0.9,18.75,False,True,True,0,0,0,0,True,
688726.SH,688726,688726,拉普拉斯,科创板,沪市,科创板,801730.SI,电力设备,801735.SI,光伏设备,光伏设备,L,20241029,694,1.9,47.85,6.098,10.526,False,True,True,0,0,0,0,False,上市时间不足
688727.SH,688727,688727,恒坤新材,科创板,沪市,科创板,801080.SI,电子,801081.SI,半导体,半导体,L,20251118,309,0.85,49.14,1.299,8.264,False,True,True,0,0,0,0,False,上市时间不足
688728.SH,688728,688728,格科微,科创板,沪市,科创板,801080.SI,电子,801081.SI,半导体,半导体,L,20210818,1862,5.1,14.74,-0.674,24.359,False,True,True,0,0,0,0,True,
688729.SH,688729,688729,屹唐股份,科创板,沪市,科创板,801080.SI,电子,801081.SI,半导体,半导体,L,20250708,442,1.21,24.65,-0.444,19.672,False,True,True,0,0,0,0,False,上市时间不足
688733.SH,688733,688733,壹石通,科创板,沪市,科创板,801730.SI,电力设备,801737.SI,电池,电池,L,20210817,1863,5.1,29.85,2.331,10.417,False,True,True,0,0,0,0,True,
688737.SH,688737,688737,中自科技,科创板,沪市,科创板,801880.SI,汽车,801093.SI,汽车零部件,汽车零部件,L,20211022,1797,4.92,17.58,2.448,46.591,False,True,True,0,0,0,0,True,
688739.SH,688739,688739,成大生物,科创板,沪市,科创板,801150.SI,医药生物,801152.SI,生物制品,生物制品,L,20211028,1791,4.9,20.92,-0.286,27.451,False,True,True,0,0,0,0,True,
688750.SH,688750,688750,金天钛业,科创板,沪市,科创板,801050.SI,有色金属,801054.SI,小金属,小金属,L,20241120,672,1.84,14.16,-0.422,6.944,False,True,True,0,0,0,0,False,上市时间不足
688755.SH,688755,688755,汉邦科技,科创板,沪市,科创板,801150.SI,医药生物,801153.SI,医疗器械,医疗器械,L,20250516,495,1.36,31.45,5.184,22.581,False,True,True,0,0,0,0,False,上市时间不足
688757.SH,688757,688757,胜科纳米,科创板,沪市,科创板,801210.SI,社会服务,801218.SI,专业服务,专业服务,L,20250325,547,1.5,33.09,6.194,8.974,False,True,True,0,0,0,0,False,上市时间不足
688758.SH,688758,688758,赛分科技,科创板,沪市,科创板,801150.SI,医药生物,801151.SI,化学制药,化学制药,L,20250110,621,1.7,33.63,-0.972,17.021,False,True,True,0,0,0,0,False,上市时间不足
688759.SH,688759,688759,必贝特,科创板,沪市,科创板,801150.SI,医药生物,801151.SI,化学制药,化学制药,L,20251028,330,0.9,23.4,-0.931,14.912,False,True,True,0,0,0,0,False,上市时间不足
688765.SH,688765,688765,禾元生物,科创板,沪市,科创板,801150.SI,医药生物,801152.SI,生物制品,生物制品,L,20251028,330,0.9,42.55,7.64,15.385,False,True,True,0,0,0,0,False,上市时间不足
688766.SH,688766,688766,普冉股份,科创板,沪市,科创板,801080.SI,电子,801081.SI,半导体,半导体,L,20210823,1857,5.08,431.0,0.607,11.321,False,True,True,0,0,0,0,True,
688767.SH,688767,688767,博拓生物,科创板,沪市,科创板,801150.SI,医药生物,801153.SI,医疗器械,医疗器械,L,20210908,1841,5.04,43.4,0.649,17.188,False,True,True,0,0,0,0,True,
688768.SH,688768,688768,容知日新,科创板,沪市,科创板,801890.SI,机械设备,801072.SI,通用设备,通用设备,L,20210726,1885,5.16,47.64,-2.437,27.083,False,True,True,0,0,0,0,True,
688772.SH,688772,688772,珠海冠宇,科创板,沪市,科创板,801730.SI,电力设备,801737.SI,电池,电池,L,20211015,1804,4.94,13.62,-1.376,17.241,False,True,True,0,0,0,0,True,
688775.SH,688775,688775,影石创新,科创板,沪市,科创板,801080.SI,电子,801085.SI,消费电子,消费电子,L,20250611,469,1.28,95.0,0.338,19.512,False,True,True,0,0,0,0,False,上市时间不足
688776.SH,688776,688776,国光电气,科创板,沪市,科创板,801740.SI,国防军工,801745.SI,军工电子Ⅱ,军工电子Ⅱ,L,20210831,1849,5.06,52.0,10.286,25.0,False,True,True,0,0,0,0,True,
688777.SH,688777,688777,中控技术,科创板,沪市,科创板,801890.SI,机械设备,801078.SI,自动化设备,自动化设备,L,20201124,2129,5.83,81.29,-0.526,20.769,False,True,True,0,0,0,0,True,
688778.SH,688778,688778,厦钨新能,科创板,沪市,科创板,801730.SI,电力设备,801737.SI,电池,电池,L,20210805,1875,5.13,43.33,0.347,31.034,False,True,True,0,0,0,0,True,
688779.SH,688779,688779,五矿新能,科创板,沪市,科创板,801730.SI,电力设备,801737.SI,电池,电池,L,20210811,1869,5.12,7.63,0.793,15.0,False,True,True,0,0,0,0,True,
688781.SH,688781,688781,视涯科技,科创板,沪市,科创板,801080.SI,电子,801084.SI,光学光电子,光学光电子,L,20260325,182,0.5,51.56,-0.751,21.739,False,True,True,0,0,0,0,False,上市时间不足
688783.SH,688783,688783,西安奕材,科创板,沪市,科创板,801080.SI,电子,801081.SI,半导体,半导体,L,20251028,330,0.9,30.0,0.739,8.219,False,True,True,0,0,0,0,False,上市时间不足
688785.SH,688785,688785,恒运昌,科创板,沪市,科创板,801080.SI,电子,801081.SI,半导体,半导体,L,20260128,238,0.65,381.0,1.432,26.042,False,True,True,0,0,0,0,False,上市时间不足
688786.SH,688786,688786,悦安新材,科创板,沪市,科创板,801050.SI,有色金属,801051.SI,金属新材料,金属新材料,L,20210826,1854,5.08,28.96,0.591,11.957,False,True,True,0,0,0,0,True,
688787.SH,688787,688787,海天瑞声,科创板,沪市,科创板,801750.SI,计算机,801103.SI,IT服务Ⅱ,IT服务Ⅱ,L,20210813,1867,5.11,92.56,-0.452,16.364,False,True,True,0,0,0,0,True,
688788.SH,688788,688788,科思科技,科创板,沪市,科创板,801740.SI,国防军工,801745.SI,军工电子Ⅱ,军工电子Ⅱ,L,20201022,2162,5.92,29.62,-0.303,33.333,False,True,True,0,0,0,0,True,
688789.SH,688789,688789,宏华数科,科创板,沪市,科创板,801890.SI,机械设备,801074.SI,专用设备,专用设备,L,20210708,1903,5.21,51.01,10.771,25.0,False,True,True,0,0,0,0,True,
688790.SH,688790,688790,昂瑞微,科创板,沪市,科创板,801080.SI,电子,801081.SI,半导体,半导体,L,20251216,281,0.77,110.13,0.502,13.812,False,True,True,0,0,0,0,False,上市时间不足
688793.SH,688793,688793,倍轻松,科创板,沪市,科创板,801110.SI,家用电器,801113.SI,小家电,小家电,L,20210715,1896,5.19,18.49,-0.377,17.742,False,True,True,0,0,0,0,True,
688795.SH,688795,688795,摩尔线程,科创板,沪市,科创板,801080.SI,电子,801081.SI,半导体,半导体,L,20251205,292,0.8,435.0,-1.806,17.557,False,True,True,0,0,0,0,False,上市时间不足
688796.SH,688796,688796,百奥赛图,科创板,沪市,科创板,801150.SI,医药生物,801156.SI,医疗服务,医疗服务,L,20251210,287,0.79,135.5,1.021,10.833,False,True,True,0,0,0,0,False,上市时间不足
688797.SH,688797,688797,臻宝科技,科创板,沪市,科创板,801080.SI,电子,801081.SI,半导体,半导体,L,20260624,91,0.25,281.88,-0.747,3.883,False,True,True,0,0,0,1,False,上市时间不足
688798.SH,688798,688798,艾为电子,科创板,沪市,科创板,801080.SI,电子,801081.SI,半导体,半导体,L,20210816,1864,5.1,58.06,-1.191,19.444,False,True,True,0,0,0,0,True,
688799.SH,688799,688799,华纳药厂,科创板,沪市,科创板,801150.SI,医药生物,801151.SI,化学制药,化学制药,L,20210713,1898,5.2,58.08,-1.392,27.835,False,True,True,0,0,0,0,True,
688800.SH,688800,688800,瑞可达,科创板,沪市,科创板,801080.SI,电子,801082.SI,其他电子Ⅱ,其他电子Ⅱ,L,20210722,1889,5.17,66.88,-2.592,11.765,False,True,True,0,0,0,0,True,
688801.SH,688801,688801,燧原科技,科创板,沪市,科创板,,,,,未分类,L,20260911,12,0.03,493.5,-3.203,7.721,False,True,True,0,0,0,0,False,上市时间不足
688802.SH,688802,688802,沐曦股份,科创板,沪市,科创板,801080.SI,电子,801081.SI,半导体,半导体,L,20251217,280,0.77,566.42,-2.51,8.4,False,True,True,0,0,0,0,False,上市时间不足
688805.SH,688805,688805,健信超导,科创板,沪市,科创板,801150.SI,医药生物,801153.SI,医疗器械,医疗器械,L,20251224,273,0.75,41.18,1.504,8.148,False,True,True,0,0,0,0,False,上市时间不足
688806.SH,688806,688806,泰诺麦博,科创板,沪市,科创板,,,,,未分类,L,20260721,64,0.18,26.46,3.602,14.341,False,True,True,0,0,1,1,False,上市时间不足、近60日停牌
688807.SH,688807,688807,优迅股份,科创板,沪市,科创板,801080.SI,电子,801081.SI,半导体,半导体,L,20251219,278,0.76,361.32,4.127,7.109,False,True,True,0,0,0,0,False,上市时间不足
688808.SH,688808,688808,联讯仪器,科创板,沪市,科创板,801890.SI,机械设备,801072.SI,通用设备,通用设备,L,20260424,152,0.42,2280.02,-1.554,7.463,False,True,True,0,0,0,0,False,上市时间不足
688809.SH,688809,688809,强一股份,科创板,沪市,科创板,801080.SI,电子,801081.SI,半导体,半导体,L,20251230,267,0.73,505.01,-0.412,15.06,False,True,True,0,0,0,0,False,上市时间不足
688811.SH,688811,688811,有研复材,科创板,沪市,科创板,801050.SI,有色金属,801051.SI,金属新材料,金属新材料,L,20260410,166,0.45,20.82,0.337,5.769,False,True,True,0,0,0,0,False,上市时间不足
688813.SH,688813,688813,泰金新能,科创板,沪市,科创板,801890.SI,机械设备,801074.SI,专用设备,专用设备,L,20260331,176,0.48,161.24,11.972,11.468,False,True,True,0,0,0,0,False,上市时间不足
688816.SH,688816,688816,易思维,科创板,沪市,科创板,801890.SI,机械设备,801078.SI,自动化设备,自动化设备,L,20260211,224,0.61,48.44,1.233,9.091,False,True,True,0,0,0,0,False,上市时间不足
688818.SH,688818,688818,电科蓝天,科创板,沪市,科创板,801740.SI,国防军工,801741.SI,航天装备Ⅱ,航天装备Ⅱ,L,20260210,225,0.62,42.76,-1.224,10.092,False,True,True,0,0,0,0,False,上市时间不足
688819.SH,688819,688819,天能股份,科创板,沪市,科创板,801730.SI,电力设备,801737.SI,电池,电池,L,20210118,2074,5.68,20.95,0.528,43.636,False,True,True,0,0,0,0,True,
688820.SH,688820,688820,盛合晶微,科创板,沪市,科创板,801080.SI,电子,801081.SI,半导体,半导体,L,20260421,155,0.42,133.57,-0.957,10.714,False,True,True,0,0,0,0,False,上市时间不足
688825.SH,688825,688825,长鑫科技,科创板,沪市,科创板,,,,,未分类,L,20260727,58,0.16,58.62,1.313,6.993,False,True,True,0,0,0,0,False,上市时间不足
688826.SH,688826,688826,频准激光,科创板,沪市,科创板,,,,,未分类,L,20260818,36,0.1,858.78,8.132,6.01,False,True,True,0,0,0,0,False,上市时间不足
688828.SH,688828,688828,国仪公司,科创板,沪市,科创板,,,,,未分类,L,20260811,43,0.12,95.86,4.196,5.042,False,True,True,0,0,0,0,False,上市时间不足
688835.SH,688835,688835,高凯技术,科创板,沪市,科创板,,,,,未分类,L,20260825,29,0.08,354.88,-1.444,7.749,False,True,True,0,0,0,0,False,上市时间不足
688836.SH,688836,688836,宇树科技,科创板,沪市,科创板,,,,,未分类,L,20260819,35,0.1,490.97,0.362,5.455,False,True,True,0,0,0,0,False,上市时间不足
688837.SH,688837,688837,信诺维,科创板,沪市,科创板,,,,,未分类,L,20260916,7,0.02,53.6,1.362,4.936,False,True,True,2,2,2,2,False,上市时间不足、近60日停牌
688981.SH,688981,688981,中芯国际,科创板,沪市,科创板,801080.SI,电子,801081.SI,半导体,半导体,L,20200716,2260,6.19,121.39,-0.833,16.026,False,True,True,0,0,0,0,True,
689009.SH,689009,689009,九号公司,科创板,沪市,科创板,801880.SI,汽车,801881.SI,摩托车及其他,摩托车及其他,L,20201029,2155,5.9,37.48,-1.134,18.182,False,True,True,0,0,0,0,True,
920000.BJ,920000,920000,安徽凤凰,北交所,北交所,北交所,801880.SI,汽车,801093.SI,汽车零部件,汽车零部件,L,20201223,2100,5.75,14.29,-0.626,10.638,False,True,True,0,0,0,0,True,
920001.BJ,920001,920001,纬达光电,北交所,北交所,北交所,801080.SI,电子,801084.SI,光学光电子,光学光电子,L,20221227,1366,3.74,11.92,-0.749,10.256,False,True,True,0,0,0,0,True,
920002.BJ,920002,920002,万达轴承,北交所,北交所,北交所,801890.SI,机械设备,801072.SI,通用设备,通用设备,L,20240530,846,2.32,50.06,0.26,13.636,False,True,True,0,0,0,0,True,
920003.BJ,920003,920003,中诚咨询,北交所,北交所,北交所,801720.SI,建筑装饰,801726.SI,工程咨询服务Ⅱ,工程咨询服务Ⅱ,L,20251107,320,0.88,17.75,14.001,17.365,False,True,True,0,0,0,0,False,上市时间不足
920005.BJ,920005,920005,鼎佳精密,北交所,北交所,北交所,801080.SI,电子,801085.SI,消费电子,消费电子,L,20250731,419,1.15,24.35,-0.612,9.877,False,True,True,0,0,0,0,False,上市时间不足
920006.BJ,920006,920006,晟楠科技,北交所,北交所,北交所,801740.SI,国防军工,801742.SI,航空装备Ⅱ,航空装备Ⅱ,L,20230518,1224,3.35,17.43,-6.088,12.432,False,True,True,0,0,0,0,True,
920007.BJ,920007,920007,酉立智能,北交所,北交所,北交所,801730.SI,电力设备,801735.SI,光伏设备,光伏设备,L,20250808,411,1.13,33.17,0.485,12.281,False,True,True,0,0,0,0,False,上市时间不足
920008.BJ,920008,920008,成电光信,北交所,北交所,北交所,801740.SI,国防军工,801745.SI,军工电子Ⅱ,军工电子Ⅱ,L,20240829,755,2.07,21.49,-3.416,10.714,False,True,True,0,0,0,0,True,
920009.BJ,920009,920009,丹娜生物,北交所,北交所,北交所,801150.SI,医药生物,801153.SI,医疗器械,医疗器械,L,20251103,324,0.89,35.43,1.723,8.451,False,True,True,0,0,0,0,False,上市时间不足
920010.BJ,920010,920010,凯添燃气,北交所,北交所,北交所,801160.SI,公用事业,801163.SI,燃气Ⅱ,燃气Ⅱ,L,20200727,2249,6.16,8.71,-2.899,16.129,False,True,True,0,0,0,0,True,
920011.BJ,920011,920011,晨光电机,北交所,北交所,北交所,801730.SI,电力设备,801731.SI,电机Ⅱ,电机Ⅱ,L,20260408,168,0.46,18.04,-0.551,7.065,False,True,True,0,0,0,0,False,上市时间不足
920012.BJ,920012,920012,创达新材,北交所,北交所,北交所,801080.SI,电子,801081.SI,半导体,半导体,L,20260413,163,0.45,55.35,9.647,10.0,False,True,True,0,0,0,0,False,上市时间不足
920014.BJ,920014,920014,特瑞斯,北交所,北交所,北交所,801160.SI,公用事业,801163.SI,燃气Ⅱ,燃气Ⅱ,L,20221213,1380,3.78,8.63,-0.805,6.742,False,True,True,0,0,0,0,True,
920015.BJ,920015,920015,锦华新材,北交所,北交所,北交所,801030.SI,基础化工,801034.SI,化学制品,化学制品,L,20250925,363,0.99,44.54,14.853,12.879,False,True,True,0,0,0,0,False,上市时间不足
920016.BJ,920016,920016,中草香料,北交所,北交所,北交所,801030.SI,基础化工,801034.SI,化学制品,化学制品,L,20240913,740,2.03,14.7,-3.984,6.757,False,True,True,0,0,0,0,True,
920017.BJ,920017,920017,星昊医药,北交所,北交所,北交所,801150.SI,医药生物,801151.SI,化学制药,化学制药,L,20230531,1211,3.32,16.07,-0.062,10.778,False,True,True,0,0,0,0,True,
920018.BJ,920018,920018,宏远股份,北交所,北交所,北交所,801730.SI,电力设备,801738.SI,电网设备,电网设备,L,20250820,399,1.09,14.84,0.27,11.538,False,True,True,0,0,0,0,False,上市时间不足
920019.BJ,920019,920019,铜冠矿建,北交所,北交所,北交所,801720.SI,建筑装饰,801724.SI,专业工程,专业工程,L,20241011,712,1.95,15.5,-1.587,21.429,False,True,True,0,0,0,0,False,上市时间不足
920020.BJ,920020,920020,泰凯英,北交所,北交所,北交所,801880.SI,汽车,801093.SI,汽车零部件,汽车零部件,L,20251028,330,0.9,14.72,0.136,8.497,False,True,True,0,0,0,0,False,上市时间不足
920021.BJ,920021,920021,流金科技,北交所,北交所,北交所,801760.SI,传媒,801995.SI,电视广播Ⅱ,电视广播Ⅱ,L,20200727,2249,6.16,8.06,-7.78,8.434,False,True,True,0,0,0,0,True,
920022.BJ,920022,920022,世昌股份,北交所,北交所,北交所,801880.SI,汽车,801093.SI,汽车零部件,汽车零部件,L,20250919,369,1.01,19.48,2.797,7.407,False,True,True,0,0,0,0,False,上市时间不足
920023.BJ,920023,920023,*ST田野,北交所,北交所,北交所,801010.SI,农林牧渔,801012.SI,农产品加工,农产品加工,L,20230202,1329,3.64,1.44,0.0,29.412,True,True,True,0,0,0,0,False,ST
920025.BJ,920025,920025,凯达重工,北交所,北交所,北交所,,,,,未分类,L,20260923,0,0.0,29.0,580.751,13.354,False,True,True,0,0,0,0,False,上市时间不足
920026.BJ,920026,920026,卓兆点胶,北交所,北交所,北交所,801890.SI,机械设备,801074.SI,专用设备,专用设备,L,20231019,1070,2.93,18.9,2.439,22.0,False,True,True,0,0,0,0,True,
920027.BJ,920027,920027,交大铁发,北交所,北交所,北交所,801890.SI,机械设备,801076.SI,轨交设备Ⅱ,轨交设备Ⅱ,L,20250610,470,1.29,11.55,-0.517,11.304,False,True,True,0,0,0,0,False,上市时间不足
920028.BJ,920028,920028,新恒泰,北交所,北交所,北交所,801030.SI,基础化工,801036.SI,塑料,塑料,L,20260320,187,0.51,15.6,-1.015,12.5,False,True,True,0,0,0,0,False,上市时间不足
920029.BJ,920029,920029,开发科技,北交所,北交所,北交所,801730.SI,电力设备,801738.SI,电网设备,电网设备,L,20250328,544,1.49,32.5,0.744,17.647,False,True,True,0,0,0,0,False,上市时间不足
920030.BJ,920030,920030,德众汽车,北交所,北交所,北交所,801880.SI,汽车,801092.SI,汽车服务,汽车服务,L,20201127,2126,5.82,4.88,1.245,10.638,False,True,True,0,0,0,0,True,
920033.BJ,920033,920033,康普化学,北交所,北交所,北交所,801030.SI,基础化工,801034.SI,化学制品,化学制品,L,20221221,1372,3.76,13.47,-0.074,16.667,False,True,True,0,0,0,0,True,
920035.BJ,920035,920035,精创电气,北交所,北交所,北交所,801890.SI,机械设备,801072.SI,通用设备,通用设备,L,20251202,295,0.81,24.65,-1.004,8.13,False,True,True,0,0,0,0,False,上市时间不足
920036.BJ,920036,920036,觅睿科技,北交所,北交所,北交所,801750.SI,计算机,801101.SI,计算机设备,计算机设备,L,20260309,198,0.54,32.52,0.185,8.075,False,True,True,0,0,0,0,False,上市时间不足
920037.BJ,920037,920037,广信科技,北交所,北交所,北交所,801730.SI,电力设备,801738.SI,电网设备,电网设备,L,20250626,454,1.24,39.41,2.845,13.0,False,True,True,0,0,0,0,False,上市时间不足
920038.BJ,920038,920038,森合高科,北交所,北交所,北交所,,,,,未分类,L,20260805,49,0.13,37.75,-1.948,8.421,False,True,True,0,0,0,0,False,上市时间不足
920039.BJ,920039,920039,国义招标,北交所,北交所,北交所,801210.SI,社会服务,801218.SI,专业服务,专业服务,L,20210818,1862,5.1,7.84,1.031,23.81,False,True,True,0,0,0,0,True,
920045.BJ,920045,920045,蘅东光,北交所,北交所,北交所,801770.SI,通信,801102.SI,通信设备,通信设备,L,20251231,266,0.73,559.8,4.953,10.68,False,True,True,0,0,0,0,False,上市时间不足
920046.BJ,920046,920046,亿能电力,北交所,北交所,北交所,801730.SI,电力设备,801738.SI,电网设备,电网设备,L,20221013,1441,3.95,19.79,-2.272,7.843,False,True,True,0,0,0,0,True,
920047.BJ,920047,920047,诺思兰德,北交所,北交所,北交所,801150.SI,医药生物,801152.SI,生物制品,生物制品,L,20201124,2129,5.83,15.75,1.156,20.0,False,True,True,0,0,0,0,True,
920050.BJ,920050,920050,爱伦医疗,北交所,北交所,北交所,801150.SI,医药生物,801153.SI,医疗器械,医疗器械,L,20260121,245,0.67,28.46,-0.42,12.676,False,True,True,0,0,0,0,False,上市时间不足
920055.BJ,920055,920055,隆源股份,北交所,北交所,北交所,801880.SI,汽车,801093.SI,汽车零部件,汽车零部件,L,20260331,176,0.48,25.64,0.47,8.015,False,True,True,0,0,0,0,False,上市时间不足
920056.BJ,920056,920056,能之光,北交所,北交所,北交所,801030.SI,基础化工,801036.SI,塑料,塑料,L,20250822,397,1.09,14.4,-0.552,15.333,False,True,True,0,0,0,0,False,上市时间不足
920057.BJ,920057,920057,百甲科技,北交所,北交所,北交所,801720.SI,建筑装饰,801724.SI,专业工程,专业工程,L,20230314,1289,3.53,4.82,-0.207,10.417,False,True,True,0,0,0,0,True,
920058.BJ,920058,920058,华洋赛车,北交所,北交所,北交所,801880.SI,汽车,801881.SI,摩托车及其他,摩托车及其他,L,20230810,1140,3.12,23.34,-9.359,16.071,False,True,True,0,0,0,6,True,
920059.BJ,920059,920059,双英集团,北交所,北交所,北交所,,,,,未分类,L,20260819,35,0.1,12.71,-1.32,4.651,False,True,True,0,1,1,1,False,上市时间不足、近60日停牌
920060.BJ,920060,920060,万源通,北交所,北交所,北交所,801080.SI,电子,801083.SI,元件,元件,L,20241119,673,1.84,31.8,4.228,23.077,False,True,True,0,0,0,0,False,上市时间不足
920061.BJ,920061,920061,西磁科技,北交所,北交所,北交所,801890.SI,机械设备,801074.SI,专用设备,专用设备,L,20231221,1007,2.76,17.3,-1.425,8.333,False,True,True,0,0,0,0,True,
920062.BJ,920062,920062,科润智控,北交所,北交所,北交所,801730.SI,电力设备,801738.SI,电网设备,电网设备,L,20220713,1533,4.2,7.25,0.415,8.0,False,True,True,0,0,0,0,True,
920065.BJ,920065,920065,千岸科技,北交所,北交所,北交所,,,,,未分类,L,20260729,56,0.15,37.72,-7.208,4.145,False,True,True,0,0,1,1,False,上市时间不足、近60日停牌
920066.BJ,920066,920066,科拜尔,北交所,北交所,北交所,801030.SI,基础化工,801036.SI,塑料,塑料,L,20241031,692,1.89,18.74,0.16,9.89,False,True,True,0,0,0,0,False,上市时间不足
920068.BJ,920068,920068,天工股份,北交所,北交所,北交所,801050.SI,有色金属,801054.SI,小金属,小金属,L,20250513,498,1.36,15.6,-0.447,18.71,False,True,True,0,0,0,0,False,上市时间不足
920069.BJ,920069,920069,普昂医疗,北交所,北交所,北交所,801150.SI,医药生物,801153.SI,医疗器械,医疗器械,L,20260327,180,0.49,32.1,-1.534,6.567,False,True,True,0,0,0,0,False,上市时间不足
920071.BJ,920071,920071,金钛股份,北交所,北交所,北交所,,,,,未分类,L,20260903,20,0.05,28.35,5.784,4.0,False,True,True,0,0,0,0,False,上市时间不足
920072.BJ,920072,920072,科莱瑞迪,北交所,北交所,北交所,,,,,未分类,L,20260629,86,0.24,23.83,-1.651,7.851,False,True,True,0,0,0,0,False,上市时间不足
920075.BJ,920075,920075,柏星龙,北交所,北交所,北交所,801140.SI,轻工制造,801141.SI,包装印刷,包装印刷,L,20221214,1379,3.78,16.84,-2.715,10.059,False,True,True,0,0,0,0,True,
920076.BJ,920076,920076,国亮新材,北交所,北交所,北交所,801710.SI,建筑材料,801713.SI,装修建材,装修建材,L,20260122,244,0.67,12.59,0.72,6.25,False,True,True,0,0,0,0,False,上市时间不足
920077.BJ,920077,920077,吉林碳谷,北交所,北交所,北交所,801030.SI,基础化工,801032.SI,化学纤维,化学纤维,L,20210831,1849,5.06,13.19,1.15,28.571,False,True,True,0,0,0,0,True,
920078.BJ,920078,920078,族兴新材,北交所,北交所,北交所,801050.SI,有色金属,801051.SI,金属新材料,金属新材料,L,20260318,189,0.52,18.88,-0.264,11.579,False,True,True,0,0,0,0,False,上市时间不足
920079.BJ,920079,920079,乔路铭,北交所,北交所,北交所,,,,,未分类,L,20260722,63,0.17,12.93,-0.077,6.202,False,True,True,0,0,1,1,False,上市时间不足、近60日停牌
920080.BJ,920080,920080,奥美森,北交所,北交所,北交所,801890.SI,机械设备,801074.SI,专用设备,专用设备,L,20251010,348,0.95,20.5,0.0,13.364,False,True,True,0,0,0,0,False,上市时间不足
920081.BJ,920081,920081,欧伦电气,北交所,北交所,北交所,,,,,未分类,L,20260710,75,0.21,42.54,0.806,8.962,False,True,True,0,0,0,0,False,上市时间不足
920082.BJ,920082,920082,方正阀门,北交所,北交所,北交所,801890.SI,机械设备,801072.SI,通用设备,通用设备,L,20241226,636,1.74,7.89,-0.379,8.537,False,True,True,0,0,0,0,False,上市时间不足
920083.BJ,920083,920083,金戈新材,北交所,北交所,北交所,801030.SI,基础化工,801039.SI,非金属材料Ⅱ,非金属材料Ⅱ,L,20260611,104,0.28,48.1,5.506,19.068,False,True,True,0,0,0,0,False,上市时间不足
920086.BJ,920086,920086,科马材料,北交所,北交所,北交所,801880.SI,汽车,801093.SI,汽车零部件,汽车零部件,L,20260116,250,0.68,20.24,-0.099,8.252,False,True,True,0,0,0,0,False,上市时间不足
920087.BJ,920087,920087,秋乐种业,北交所,北交所,北交所,801010.SI,农林牧渔,801016.SI,种植业,种植业,L,20221207,1386,3.79,15.67,-4.276,7.547,False,True,True,0,0,0,0,True,
920088.BJ,920088,920088,科力股份,北交所,北交所,北交所,801960.SI,石油石化,801962.SI,油服工程,油服工程,L,20241029,694,1.9,40.77,-5.296,10.748,False,True,True,0,0,0,0,False,上市时间不足
920089.BJ,920089,920089,禾昌聚合,北交所,北交所,北交所,801030.SI,基础化工,801036.SI,塑料,塑料,L,20211109,1779,4.87,10.25,1.99,25.243,False,True,True,0,0,0,0,True,
920090.BJ,920090,920090,*ST同辉,北交所,北交所,北交所,801750.SI,计算机,801101.SI,计算机设备,计算机设备,L,20210809,1871,5.12,3.41,-2.011,13.889,True,True,True,0,0,0,0,False,ST
920091.BJ,920091,920091,大鹏工业,北交所,北交所,北交所,801890.SI,机械设备,801074.SI,专用设备,专用设备,L,20251121,306,0.84,27.96,-1.41,10.417,False,True,True,0,0,0,0,False,上市时间不足
920092.BJ,920092,920092,汉鑫科技,北交所,北交所,北交所,801750.SI,计算机,801103.SI,IT服务Ⅱ,IT服务Ⅱ,L,20211115,1773,4.85,25.1,-3.684,18.321,False,True,True,0,0,0,0,True,
920093.BJ,920093,920093,信胜科技,北交所,北交所,北交所,,,,,未分类,L,20260821,33,0.09,19.46,-1.816,5.128,False,True,True,0,0,0,0,False,上市时间不足
920096.BJ,920096,920096,嘉晨智能,北交所,北交所,北交所,801890.SI,机械设备,801078.SI,自动化设备,自动化设备,L,20260518,128,0.35,31.53,0.67,13.75,False,True,True,0,0,0,0,False,上市时间不足
920098.BJ,920098,920098,科隆新材,北交所,北交所,北交所,801030.SI,基础化工,801037.SI,橡胶,橡胶,L,20241205,657,1.8,18.4,-0.969,17.021,False,True,True,0,0,0,0,False,上市时间不足
920099.BJ,920099,920099,瑞华技术,北交所,北交所,北交所,801030.SI,基础化工,801034.SI,化学制品,化学制品,L,20240925,728,1.99,16.81,0.119,14.881,False,True,True,0,0,0,0,False,上市时间不足
920100.BJ,920100,920100,三协电机,北交所,北交所,北交所,801730.SI,电力设备,801731.SI,电机Ⅱ,电机Ⅱ,L,20250908,380,1.04,30.64,2.475,8.163,False,True,True,0,0,0,0,False,上市时间不足
920101.BJ,920101,920101,志高机械,北交所,北交所,北交所,801890.SI,机械设备,801077.SI,工程机械,工程机械,L,20250814,405,1.11,16.18,-0.308,10.714,False,True,True,0,0,0,0,False,上市时间不足
920106.BJ,920106,920106,林泰新材,北交所,北交所,北交所,801880.SI,汽车,801093.SI,汽车零部件,汽车零部件,L,20241218,644,1.76,35.42,3.901,13.725,False,True,True,0,0,0,0,False,上市时间不足
920107.BJ,920107,920107,恒兴股份,北交所,北交所,北交所,,,,,未分类,L,20260817,37,0.1,20.01,-1.719,5.5,False,True,True,0,0,0,0,False,上市时间不足
920108.BJ,920108,920108,宏海科技,北交所,北交所,北交所,801110.SI,家用电器,801116.SI,家电零部件Ⅱ,家电零部件Ⅱ,L,20250206,594,1.63,8.64,0.0,12.36,False,True,True,0,0,0,0,False,上市时间不足
920110.BJ,920110,920110,雷特科技,北交所,北交所,北交所,801730.SI,电力设备,801733.SI,其他电源设备Ⅱ,其他电源设备Ⅱ,L,20221206,1387,3.8,25.9,0.583,12.308,False,True,True,0,0,0,0,True,
920111.BJ,920111,920111,聚星科技,北交所,北交所,北交所,801730.SI,电力设备,801738.SI,电网设备,电网设备,L,20241111,681,1.86,26.72,0.527,13.879,False,True,True,0,0,0,0,False,上市时间不足
920112.BJ,920112,920112,巴兰仕,北交所,北交所,北交所,801890.SI,机械设备,801074.SI,专用设备,专用设备,L,20250828,391,1.07,14.75,0.683,13.462,False,True,True,0,0,0,0,False,上市时间不足
920116.BJ,920116,920116,星图测控,北交所,北交所,北交所,801750.SI,计算机,801103.SI,IT服务Ⅱ,IT服务Ⅱ,L,20250102,629,1.72,44.59,0.451,20.0,False,True,True,0,0,0,0,False,上市时间不足
920117.BJ,920117,920117,龙鑫智能,北交所,北交所,北交所,,,,,未分类,L,20260716,69,0.19,30.03,0.502,5.592,False,True,True,0,0,0,0,False,上市时间不足
920118.BJ,920118,920118,太湖远大,北交所,北交所,北交所,801730.SI,电力设备,801738.SI,电网设备,电网设备,L,20240822,762,2.09,20.65,-0.864,11.65,False,True,True,0,0,0,0,True,
920119.BJ,920119,920119,美德乐,北交所,北交所,北交所,801730.SI,电力设备,801737.SI,电池,电池,L,20260130,236,0.65,55.2,0.822,17.391,False,True,True,0,0,0,0,False,上市时间不足
920121.BJ,920121,920121,江天科技,北交所,北交所,北交所,801140.SI,轻工制造,801141.SI,包装印刷,包装印刷,L,20251225,272,0.74,27.78,0.108,7.857,False,True,True,0,0,0,0,False,上市时间不足
920122.BJ,920122,920122,中纺标,北交所,北交所,北交所,801210.SI,社会服务,801218.SI,专业服务,专业服务,L,20220927,1457,3.99,23.95,-1.44,8.824,False,True,True,0,0,0,0,True,
920123.BJ,920123,920123,芭薇股份,北交所,北交所,北交所,801980.SI,美容护理,801982.SI,化妆品,化妆品,L,20240329,908,2.49,10.96,-0.182,12.727,False,True,True,0,0,0,0,True,
920124.BJ,920124,920124,南特科技,北交所,北交所,北交所,801110.SI,家用电器,801116.SI,家电零部件Ⅱ,家电零部件Ⅱ,L,20251127,300,0.82,12.31,-0.405,8.0,False,True,True,0,0,0,0,False,上市时间不足
920125.BJ,920125,920125,鸿仕达,北交所,北交所,北交所,801890.SI,机械设备,801078.SI,自动化设备,自动化设备,L,20260424,152,0.42,151.86,1.592,12.162,False,True,True,0,0,0,0,False,上市时间不足
920126.BJ,920126,920126,永大股份,北交所,北交所,北交所,801890.SI,机械设备,801074.SI,专用设备,专用设备,L,20260615,100,0.27,10.04,-0.79,9.804,False,True,True,0,0,0,0,False,上市时间不足
920128.BJ,920128,920128,胜业电气,北交所,北交所,北交所,801080.SI,电子,801083.SI,元件,元件,L,20241129,663,1.82,19.91,-2.258,6.404,False,True,True,0,0,0,0,False,上市时间不足
920130.BJ,920130,920130,立方控股,北交所,北交所,北交所,801750.SI,计算机,801103.SI,IT服务Ⅱ,IT服务Ⅱ,L,20231102,1056,2.89,17.35,-5.295,12.36,False,True,True,0,0,0,0,True,
920132.BJ,920132,920132,泰鹏智能,北交所,北交所,北交所,801140.SI,轻工制造,801142.SI,家居用品,家居用品,L,20231116,1042,2.85,9.22,-2.743,10.87,False,True,True,0,0,0,0,True,
920136.BJ,920136,920136,永励精密,北交所,北交所,北交所,,,,,未分类,L,20260709,76,0.21,21.79,-0.275,5.479,False,True,True,0,0,0,0,False,上市时间不足
920138.BJ,920138,920138,杰理科技,北交所,北交所,北交所,,,,,未分类,L,20260812,42,0.11,37.35,2.525,10.989,False,True,True,0,0,0,0,False,上市时间不足
920139.BJ,920139,920139,华岭股份,北交所,北交所,北交所,801080.SI,电子,801081.SI,半导体,半导体,L,20221028,1426,3.9,15.69,1.291,16.667,False,True,True,0,0,0,0,True,
920145.BJ,920145,920145,恒合股份,北交所,北交所,北交所,801970.SI,环保,801972.SI,环保设备Ⅱ,环保设备Ⅱ,L,20211115,1773,4.85,10.1,-2.132,17.647,False,True,True,0,0,0,0,True,
920146.BJ,920146,920146,华阳变速,北交所,北交所,北交所,801880.SI,汽车,801093.SI,汽车零部件,汽车零部件,L,20210720,1891,5.18,5.38,-4.947,14.286,False,True,True,0,0,0,0,True,
920149.BJ,920149,920149,旭杰科技,北交所,北交所,北交所,801720.SI,建筑装饰,801726.SI,工程咨询服务Ⅱ,工程咨询服务Ⅱ,L,20200727,2249,6.16,8.79,0.687,16.279,False,True,True,0,0,0,0,True,
920152.BJ,920152,920152,昆工科技,北交所,北交所,北交所,801730.SI,电力设备,801737.SI,电池,电池,L,20220901,1483,4.06,12.07,-0.903,43.284,False,True,True,0,0,0,0,True,
920156.BJ,920156,920156,海昌智能,北交所,北交所,北交所,801890.SI,机械设备,801074.SI,专用设备,专用设备,L,20260427,149,0.41,36.89,-0.216,9.89,False,True,True,0,0,0,0,False,上市时间不足
920158.BJ,920158,920158,长江能科,北交所,北交所,北交所,801890.SI,机械设备,801074.SI,专用设备,专用设备,L,20251016,342,0.94,7.91,-0.753,10.843,False,True,True,0,0,0,0,False,上市时间不足
920159.BJ,920159,920159,农大科技,北交所,北交所,北交所,801030.SI,基础化工,801038.SI,农化制品,农化制品,L,20260128,238,0.65,29.39,-2.164,9.302,False,True,True,0,0,0,0,False,上市时间不足
920160.BJ,920160,920160,北矿检测,北交所,北交所,北交所,801210.SI,社会服务,801218.SI,专业服务,专业服务,L,20251118,309,0.85,19.06,0.793,8.122,False,True,True,0,0,0,0,False,上市时间不足
920161.BJ,920161,920161,龙辰科技,北交所,北交所,北交所,801080.SI,电子,801083.SI,元件,元件,L,20260527,119,0.33,21.46,-0.418,8.095,False,True,True,0,0,0,0,False,上市时间不足
920163.BJ,920163,920163,方大新材,北交所,北交所,北交所,801140.SI,轻工制造,801141.SI,包装印刷,包装印刷,L,20200727,2249,6.16,9.92,-0.701,14.815,False,True,True,0,0,0,0,True,
920165.BJ,920165,920165,珈凯生物,北交所,北交所,北交所,,,,,未分类,L,20260811,43,0.12,35.28,-0.648,5.413,False,True,True,0,0,0,0,False,上市时间不足
920166.BJ,920166,920166,海圣医疗,北交所,北交所,北交所,801150.SI,医药生物,801153.SI,医疗器械,医疗器械,L,20260212,223,0.61,19.81,-0.552,14.423,False,True,True,0,0,0,0,False,上市时间不足
920167.BJ,920167,920167,同享科技,北交所,北交所,北交所,801730.SI,电力设备,801735.SI,光伏设备,光伏设备,L,20200727,2249,6.16,13.75,0.0,12.5,False,True,True,0,0,0,0,True,
920168.BJ,920168,920168,通宝光电,北交所,北交所,北交所,801880.SI,汽车,801093.SI,汽车零部件,汽车零部件,L,20260226,209,0.57,15.37,0.261,7.742,False,True,True,0,0,0,0,False,上市时间不足
920169.BJ,920169,920169,七丰精工,北交所,北交所,北交所,801890.SI,机械设备,801072.SI,通用设备,通用设备,L,20220415,1622,4.44,21.06,-3.261,12.963,False,True,True,0,0,0,0,True,
920171.BJ,920171,920171,志晟信息,北交所,北交所,北交所,801750.SI,计算机,801103.SI,IT服务Ⅱ,IT服务Ⅱ,L,20211115,1773,4.85,16.01,-1.538,15.663,False,True,True,0,0,0,0,True,
920174.BJ,920174,920174,五新智能,北交所,北交所,北交所,801890.SI,机械设备,801077.SI,工程机械,工程机械,L,20210820,1860,5.09,31.72,1.634,19.355,False,True,True,0,0,0,0,True,
920175.BJ,920175,920175,东方碳素,北交所,北交所,北交所,801030.SI,基础化工,801039.SI,非金属材料Ⅱ,非金属材料Ⅱ,L,20230630,1181,3.23,7.69,-1.536,7.595,False,True,True,0,0,0,0,True,
920176.BJ,920176,920176,维琪科技,北交所,北交所,北交所,,,,,未分类,L,20260727,58,0.16,63.71,-4.44,6.408,False,True,True,0,0,1,1,False,上市时间不足、近60日停牌
920177.BJ,920177,920177,恒道科技,北交所,北交所,北交所,801890.SI,机械设备,801074.SI,专用设备,专用设备,L,20260416,160,0.44,23.24,-0.3,9.167,False,True,True,0,0,0,0,False,上市时间不足
920178.BJ,920178,920178,锐翔智能,北交所,北交所,北交所,801890.SI,机械设备,801078.SI,自动化设备,自动化设备,L,20260515,131,0.36,92.43,2.552,6.863,False,True,True,0,0,0,0,False,上市时间不足
920179.BJ,920179,920179,凯德石英,北交所,北交所,北交所,801080.SI,电子,801081.SI,半导体,半导体,L,20220304,1664,4.56,59.75,4.022,10.309,False,True,True,0,0,0,0,True,
920180.BJ,920180,920180,爱得科技,北交所,北交所,北交所,801150.SI,医药生物,801153.SI,医疗器械,医疗器械,L,20260210,225,0.62,11.8,-0.338,9.322,False,True,True,0,0,0,0,False,上市时间不足
920181.BJ,920181,920181,赛英电子,北交所,北交所,北交所,801080.SI,电子,801082.SI,其他电子Ⅱ,其他电子Ⅱ,L,20260410,166,0.45,73.63,3.21,6.145,False,True,True,0,0,0,0,False,上市时间不足
920183.BJ,920183,920183,海菲曼,北交所,北交所,北交所,801080.SI,电子,801085.SI,消费电子,消费电子,L,20260304,203,0.56,29.72,0.236,12.0,False,True,True,0,0,0,0,False,上市时间不足
920184.BJ,920184,920184,国源科技,北交所,北交所,北交所,801750.SI,计算机,801103.SI,IT服务Ⅱ,IT服务Ⅱ,L,20200727,2249,6.16,11.46,-2.135,12.821,False,True,True,0,0,0,0,True,
920185.BJ,920185,920185,贝特瑞,北交所,北交所,北交所,801730.SI,电力设备,801737.SI,电池,电池,L,20200727,2249,6.16,20.37,2.054,38.235,False,True,True,0,0,0,0,True,
920186.BJ,920186,920186,中科仪,北交所,北交所,北交所,801080.SI,电子,801081.SI,半导体,半导体,L,20260429,147,0.4,72.8,-0.383,10.204,False,True,True,0,0,0,0,False,上市时间不足
920187.BJ,920187,920187,通领科技,北交所,北交所,北交所,801880.SI,汽车,801093.SI,汽车零部件,汽车零部件,L,20260305,202,0.55,17.33,0.932,13.953,False,True,True,0,0,0,0,False,上市时间不足
920188.BJ,920188,920188,悦龙科技,北交所,北交所,北交所,801030.SI,基础化工,801037.SI,橡胶,橡胶,L,20260330,177,0.48,21.89,-0.726,9.333,False,True,True,0,0,0,0,False,上市时间不足
920189.BJ,920189,920189,康美特,北交所,北交所,北交所,,,,,未分类,L,20260708,77,0.21,21.82,3.707,7.143,False,True,True,0,0,0,0,False,上市时间不足
920190.BJ,920190,920190,雷神科技,北交所,北交所,北交所,801750.SI,计算机,801101.SI,计算机设备,计算机设备,L,20221223,1370,3.75,24.33,-1.378,11.2,False,True,True,0,0,0,0,True,
920191.BJ,920191,920191,瑞尔竞达,北交所,北交所,北交所,801710.SI,建筑材料,801713.SI,装修建材,装修建材,L,20260420,156,0.43,8.78,-0.114,6.742,False,True,True,0,0,0,0,False,上市时间不足
920193.BJ,920193,920193,吉和昌,北交所,北交所,北交所,,,,,未分类,L,20260702,83,0.23,31.38,2.583,5.844,False,True,True,0,0,0,0,False,上市时间不足
920195.BJ,920195,920195,三祥科技,北交所,北交所,北交所,801880.SI,汽车,801093.SI,汽车零部件,汽车零部件,L,20221230,1363,3.73,12.78,0.0,33.333,False,True,True,0,0,0,0,True,
920198.BJ,920198,920198,微创光电,北交所,北交所,北交所,801750.SI,计算机,801101.SI,计算机设备,计算机设备,L,20200727,2249,6.16,8.21,2.114,7.5,False,True,True,0,0,0,0,True,
920199.BJ,920199,920199,倍益康,北交所,北交所,北交所,801110.SI,家用电器,801113.SI,小家电,小家电,L,20221201,1392,3.81,24.32,-2.992,14.063,False,True,True,0,0,0,0,True,
920200.BJ,920200,920200,振宏股份,北交所,北交所,北交所,801730.SI,电力设备,801736.SI,风电设备,风电设备,L,20260507,139,0.38,30.04,0.067,11.842,False,True,True,0,0,0,0,False,上市时间不足
920201.BJ,920201,920201,N百瑞吉,北交所,北交所,北交所,,,,,未分类,L,20260924,-1,-0.0,,,,False,True,False,0,0,0,0,False,上市时间不足、无最新行情
920204.BJ,920204,920204,沪江材料,北交所,北交所,北交所,801140.SI,轻工制造,801141.SI,包装印刷,包装印刷,L,20220118,1709,4.68,13.26,-0.075,11.45,False,True,True,0,0,0,0,True,
920206.BJ,920206,920206,彩客科技,北交所,北交所,北交所,801030.SI,基础化工,801034.SI,化学制品,化学制品,L,20260608,107,0.29,39.84,0.252,14.0,False,True,True,0,0,0,1,False,上市时间不足
920207.BJ,920207,920207,众诚科技,北交所,北交所,北交所,801750.SI,计算机,801104.SI,软件开发,软件开发,L,20220923,1461,4.0,22.58,3.341,9.091,False,True,True,0,0,0,0,True,
920208.BJ,920208,920208,青矩技术,北交所,北交所,北交所,801720.SI,建筑装饰,801726.SI,工程咨询服务Ⅱ,工程咨询服务Ⅱ,L,20230629,1182,3.24,10.89,0.647,26.829,False,True,True,0,0,0,0,True,
920211.BJ,920211,920211,新睿电子,北交所,北交所,北交所,801890.SI,机械设备,801078.SI,自动化设备,自动化设备,L,20260605,110,0.3,94.53,1.656,16.751,False,True,True,0,0,0,0,False,上市时间不足
920212.BJ,920212,920212,智新电子,北交所,北交所,北交所,801080.SI,电子,801085.SI,消费电子,消费电子,L,20210608,1933,5.29,10.59,-0.282,16.667,False,True,True,0,0,0,0,True,
920218.BJ,920218,920218,新天力,北交所,北交所,北交所,801140.SI,轻工制造,801142.SI,家居用品,家居用品,L,20260529,117,0.32,15.1,-0.788,11.184,False,True,True,0,0,0,0,False,上市时间不足
920220.BJ,920220,920220,朗信电气,北交所,北交所,北交所,801880.SI,汽车,801093.SI,汽车零部件,汽车零部件,L,20260522,124,0.34,41.73,0.895,7.143,False,True,True,0,0,0,0,False,上市时间不足
920221.BJ,920221,920221,易实精密,北交所,北交所,北交所,801880.SI,汽车,801093.SI,汽车零部件,汽车零部件,L,20230608,1203,3.29,12.5,0.0,9.231,False,True,True,0,0,0,0,True,
920222.BJ,920222,920222,益坤电气,北交所,北交所,北交所,,,,,未分类,L,20260630,85,0.23,26.25,-1.316,5.128,False,True,True,0,0,0,0,False,上市时间不足
920223.BJ,920223,920223,荣亿精密,北交所,北交所,北交所,801890.SI,机械设备,801072.SI,通用设备,通用设备,L,20220609,1567,4.29,13.89,-0.573,15.714,False,True,True,0,0,0,0,True,
920225.BJ,920225,920225,利通科技,北交所,北交所,北交所,801030.SI,基础化工,801037.SI,橡胶,橡胶,L,20210225,2036,5.57,16.79,1.328,8.824,False,True,True,0,0,0,0,True,
920227.BJ,920227,920227,美登科技,北交所,北交所,北交所,801750.SI,计算机,801103.SI,IT服务Ⅱ,IT服务Ⅱ,L,20221228,1365,3.74,51.8,-5.818,11.765,False,True,True,0,0,0,0,True,
920229.BJ,920229,920229,世纪数码,北交所,北交所,北交所,,,,,未分类,L,20260922,1,0.0,92.4,-30.0,50.0,False,True,True,1,1,1,1,False,上市时间不足、近60日停牌
920230.BJ,920230,920230,欧康医药,北交所,北交所,北交所,801150.SI,医药生物,801151.SI,化学制药,化学制药,L,20221209,1384,3.79,11.0,-1.345,9.091,False,True,True,0,0,0,0,True,
920237.BJ,920237,920237,力佳科技,北交所,北交所,北交所,801730.SI,电力设备,801737.SI,电池,电池,L,20221125,1398,3.83,11.13,-0.625,45.161,False,True,True,0,0,0,0,True,
920238.BJ,920238,920238,长鹰硬科,北交所,北交所,北交所,,,,,未分类,L,20260724,61,0.17,66.1,0.41,4.036,False,True,True,0,0,0,0,False,上市时间不足
920239.BJ,920239,920239,长虹能源,北交所,北交所,北交所,801730.SI,电力设备,801737.SI,电池,电池,L,20210209,2052,5.62,20.31,0.844,12.963,False,True,True,0,0,0,0,True,
920242.BJ,920242,920242,建邦科技,北交所,北交所,北交所,801880.SI,汽车,801093.SI,汽车零部件,汽车零部件,L,20200727,2249,6.16,13.88,-0.502,28.571,False,True,True,0,0,0,0,True,
920245.BJ,920245,920245,威博液压,北交所,北交所,北交所,801890.SI,机械设备,801077.SI,工程机械,工程机械,L,20220106,1721,4.71,13.68,0.0,13.043,False,True,True,0,0,0,0,True,
920247.BJ,920247,920247,华密新材,北交所,北交所,北交所,801880.SI,汽车,801093.SI,汽车零部件,汽车零部件,L,20221223,1370,3.75,14.78,0.203,10.959,False,True,True,0,0,0,0,True,
920249.BJ,920249,920249,利尔达,北交所,北交所,北交所,801770.SI,通信,801102.SI,通信设备,通信设备,L,20230217,1314,3.6,9.11,-0.871,6.522,False,True,True,0,0,0,0,True,
920252.BJ,920252,920252,天宏锂电,北交所,北交所,北交所,801730.SI,电力设备,801737.SI,电池,电池,L,20230119,1343,3.68,14.68,-0.878,9.615,False,True,True,0,0,0,0,True,
920258.BJ,920258,920258,聚仁新材,北交所,北交所,北交所,,,,,未分类,L,20260803,51,0.14,10.19,-0.196,6.667,False,True,True,0,0,0,0,False,上市时间不足
920260.BJ,920260,920260,中寰股份,北交所,北交所,北交所,801890.SI,机械设备,801072.SI,通用设备,通用设备,L,20211115,1773,4.85,8.29,-0.361,16.456,False,True,True,0,0,0,0,True,
920261.BJ,920261,920261,一诺威,北交所,北交所,北交所,801030.SI,基础化工,801034.SI,化学制品,化学制品,L,20230403,1269,3.47,13.33,0.0,12.319,False,True,True,0,0,0,0,True,
920262.BJ,920262,920262,太湖雪,北交所,北交所,北交所,801130.SI,纺织服饰,801132.SI,服装家纺,服装家纺,L,20221230,1363,3.73,14.36,-0.897,11.724,False,True,True,0,0,0,0,True,
920263.BJ,920263,920263,中航泰达,北交所,北交所,北交所,801970.SI,环保,801971.SI,环境治理,环境治理,L,20200727,2249,6.16,6.36,-3.636,13.235,False,True,True,0,0,0,0,True,
920266.BJ,920266,920266,生物谷,北交所,北交所,北交所,801150.SI,医药生物,801155.SI,中药Ⅱ,中药Ⅱ,L,20200727,2249,6.16,7.21,-0.552,10.667,False,True,True,0,0,0,0,True,
920267.BJ,920267,920267,鑫汇科,北交所,北交所,北交所,801080.SI,电子,801085.SI,消费电子,消费电子,L,20220527,1580,4.33,16.19,-1.998,9.091,False,True,True,0,0,0,0,True,
920268.BJ,920268,920268,百迈科,北交所,北交所,北交所,,,,,未分类,L,20260909,14,0.04,36.19,11.594,7.242,False,True,True,0,0,0,0,False,上市时间不足
920269.BJ,920269,920269,杰锋动力,北交所,北交所,北交所,,,,,未分类,L,20260907,16,0.04,34.91,-1.356,3.662,False,True,True,0,0,0,0,False,上市时间不足
920270.BJ,920270,920270,天铭科技,北交所,北交所,北交所,801880.SI,汽车,801093.SI,汽车零部件,汽车零部件,L,20220902,1482,4.06,11.29,-0.088,29.032,False,True,True,0,0,0,0,True,
920271.BJ,920271,920271,邦德股份,北交所,北交所,北交所,801880.SI,汽车,801093.SI,汽车零部件,汽车零部件,L,20220602,1574,4.31,9.13,0.11,17.021,False,True,True,0,0,0,0,True,
920273.BJ,920273,920273,一致魔芋,北交所,北交所,北交所,801010.SI,农林牧渔,801012.SI,农产品加工,农产品加工,L,20230221,1310,3.59,17.83,-2.033,16.216,False,True,True,0,0,0,0,True,
920274.BJ,920274,920274,宏裕包材,北交所,北交所,北交所,801140.SI,轻工制造,801141.SI,包装印刷,包装印刷,L,20230818,1132,3.1,15.44,-0.451,17.857,False,True,True,0,0,0,0,True,
920275.BJ,920275,920275,驱动力,北交所,北交所,北交所,801010.SI,农林牧渔,801018.SI,动物保健Ⅱ,动物保健Ⅱ,L,20210125,2067,5.66,6.65,-0.746,19.403,False,True,True,0,0,0,0,True,
920278.BJ,920278,920278,鹿得医疗,北交所,北交所,北交所,801150.SI,医药生物,801153.SI,医疗器械,医疗器械,L,20200727,2249,6.16,6.37,-1.393,9.375,False,True,True,0,0,0,0,True,
920284.BJ,920284,920284,灵鸽科技,北交所,北交所,北交所,801890.SI,机械设备,801074.SI,专用设备,专用设备,L,20231219,1009,2.76,16.42,0.122,11.905,False,True,True,0,0,0,0,True,
920288.BJ,920288,920288,华大海天,北交所,北交所,北交所,,,,,未分类,L,20260828,26,0.07,18.94,-2.018,3.608,False,True,True,1,1,1,1,False,上市时间不足、近60日停牌
920289.BJ,920289,920289,华汇智能,北交所,北交所,北交所,,,,,未分类,L,20260904,19,0.05,28.21,-0.599,3.819,False,True,True,0,0,0,0,False,上市时间不足
920298.BJ,920298,920298,腾信精密,北交所,北交所,北交所,,,,,未分类,L,20260916,7,0.02,89.3,6.309,6.054,False,True,True,0,0,0,0,False,上市时间不足
920299.BJ,920299,920299,灿能电力,北交所,北交所,北交所,801730.SI,电力设备,801738.SI,电网设备,电网设备,L,20220610,1566,4.29,13.69,-2.144,11.972,False,True,True,0,0,0,0,True,
920300.BJ,920300,920300,辰光医疗,北交所,北交所,北交所,801150.SI,医药生物,801153.SI,医疗器械,医疗器械,L,20221207,1386,3.79,9.89,0.101,7.216,False,True,True,0,0,0,0,True,
920304.BJ,920304,920304,迪尔化工,北交所,北交所,北交所,801030.SI,基础化工,801033.SI,化学原料,化学原料,L,20230418,1254,3.43,9.11,-2.253,18.447,False,True,True,0,0,0,0,True,
920339.BJ,920339,920339,恒太照明,北交所,北交所,北交所,801110.SI,家用电器,801115.SI,照明设备Ⅱ,照明设备Ⅱ,L,20221117,1406,3.85,10.79,-0.369,23.894,False,True,True,0,0,0,0,True,
920344.BJ,920344,920344,三元基因,北交所,北交所,北交所,801150.SI,医药生物,801152.SI,生物制品,生物制品,L,20210108,2084,5.71,21.15,-1.076,18.31,False,True,True,0,0,0,0,True,
920346.BJ,920346,920346,威贸电子,北交所,北交所,北交所,801080.SI,电子,801085.SI,消费电子,消费电子,L,20220223,1673,4.58,16.3,7.733,17.308,False,True,True,0,0,0,0,True,
920351.BJ,920351,920351,华光源海,北交所,北交所,北交所,801170.SI,交通运输,801178.SI,物流,物流,L,20221229,1364,3.73,12.82,-4.684,11.364,False,True,True,0,0,0,0,True,
920357.BJ,920357,920357,雅葆轩,北交所,北交所,北交所,801080.SI,电子,801085.SI,消费电子,消费电子,L,20221118,1405,3.85,16.19,3.782,7.051,False,True,True,0,0,0,0,True,
920363.BJ,920363,920363,莱赛激光,北交所,北交所,北交所,801890.SI,机械设备,801072.SI,通用设备,通用设备,L,20231228,1000,2.74,10.02,0.1,9.709,False,True,True,0,0,0,0,True,
920367.BJ,920367,920367,新赣江,北交所,北交所,北交所,801150.SI,医药生物,801151.SI,化学制药,化学制药,L,20230209,1322,3.62,27.59,-2.336,10.394,False,True,True,0,0,0,0,True,
920368.BJ,920368,920368,连城数控,北交所,北交所,北交所,801730.SI,电力设备,801735.SI,光伏设备,光伏设备,L,20200727,2249,6.16,23.76,2.991,25.0,False,True,True,0,0,0,0,True,
920370.BJ,920370,920370,新安洁,北交所,北交所,北交所,801970.SI,环保,801971.SI,环境治理,环境治理,L,20200727,2249,6.16,2.9,-2.357,17.857,False,True,True,0,0,0,0,True,
920371.BJ,920371,920371,欧福蛋业,北交所,北交所,北交所,801010.SI,农林牧渔,801012.SI,农产品加工,农产品加工,L,20230118,1344,3.68,7.45,-1.325,23.377,False,True,True,0,0,0,0,True,
920374.BJ,920374,920374,云里物里,北交所,北交所,北交所,801770.SI,通信,801102.SI,通信设备,通信设备,L,20221129,1394,3.82,15.29,-0.972,13.158,False,True,True,0,0,0,0,True,
920375.BJ,920375,920375,派诺科技,北交所,北交所,北交所,801730.SI,电力设备,801738.SI,电网设备,电网设备,L,20231214,1014,2.78,6.41,-1.233,16.176,False,True,True,0,0,0,0,True,
920378.BJ,920378,920378,泰德股份,北交所,北交所,北交所,801880.SI,汽车,801093.SI,汽车零部件,汽车零部件,L,20220620,1556,4.26,7.05,-0.283,12.676,False,True,True,0,0,0,0,True,
920392.BJ,920392,920392,佳合科技,北交所,北交所,北交所,801140.SI,轻工制造,801141.SI,包装印刷,包装印刷,L,20221230,1363,3.73,13.85,-1.001,8.571,False,True,True,0,0,0,0,True,
920394.BJ,920394,920394,民士达,北交所,北交所,北交所,801140.SI,轻工制造,801143.SI,造纸,造纸,L,20230425,1247,3.41,50.93,1.192,43.21,False,True,True,0,0,0,0,True,
920395.BJ,920395,920395,朗鸿科技,北交所,北交所,北交所,801890.SI,机械设备,801074.SI,专用设备,专用设备,L,20220901,1483,4.06,6.72,-0.297,13.043,False,True,True,0,0,0,0,True,
920396.BJ,920396,920396,常辅股份,北交所,北交所,北交所,801890.SI,机械设备,801078.SI,自动化设备,自动化设备,L,20201118,2135,5.85,18.31,-1.347,14.0,False,True,True,0,0,0,0,True,
920402.BJ,920402,920402,硅烷科技,北交所,北交所,北交所,801030.SI,基础化工,801034.SI,化学制品,化学制品,L,20220928,1456,3.99,8.42,0.959,11.364,False,True,True,0,0,0,0,True,
920403.BJ,920403,920403,康农种业,北交所,北交所,北交所,801010.SI,农林牧渔,801016.SI,种植业,种植业,L,20240118,979,2.68,20.3,-1.885,14.976,False,True,True,0,0,0,0,True,
920405.BJ,920405,920405,海希通讯,北交所,北交所,北交所,801890.SI,机械设备,801078.SI,自动化设备,自动化设备,L,20211105,1783,4.88,16.56,-0.719,18.824,False,True,True,0,0,0,0,True,
920407.BJ,920407,920407,驰诚股份,北交所,北交所,北交所,801890.SI,机械设备,801072.SI,通用设备,通用设备,L,20230216,1315,3.6,10.83,-1.366,11.111,False,True,True,0,0,0,0,True,
920414.BJ,920414,920414,欧普泰,北交所,北交所,北交所,801730.SI,电力设备,801735.SI,光伏设备,光伏设备,L,20221212,1381,3.78,7.95,-0.749,9.877,False,True,True,0,0,0,0,True,
920415.BJ,920415,920415,恒拓开源,北交所,北交所,北交所,801750.SI,计算机,801104.SI,软件开发,软件开发,L,20200727,2249,6.16,8.94,-0.556,13.333,False,True,True,0,0,0,0,True,
920418.BJ,920418,920418,苏轴股份,北交所,北交所,北交所,801880.SI,汽车,801093.SI,汽车零部件,汽车零部件,L,20200727,2249,6.16,17.67,0.398,25.532,False,True,True,0,0,0,0,True,
920419.BJ,920419,920419,路斯股份,北交所,北交所,北交所,801010.SI,农林牧渔,801014.SI,饲料,饲料,L,20220311,1657,4.54,10.9,-2.33,16.216,False,True,True,0,0,0,0,True,
920422.BJ,920422,920422,润普食品,北交所,北交所,北交所,801030.SI,基础化工,801034.SI,化学制品,化学制品,L,20230301,1302,3.56,9.41,-1.259,12.5,False,True,True,0,0,0,0,True,
920425.BJ,920425,920425,乐创技术,北交所,北交所,北交所,801890.SI,机械设备,801078.SI,自动化设备,自动化设备,L,20230130,1332,3.65,14.26,-0.558,8.904,False,True,True,0,0,0,0,True,
920427.BJ,920427,920427,华维设计,北交所,北交所,北交所,801720.SI,建筑装饰,801726.SI,工程咨询服务Ⅱ,工程咨询服务Ⅱ,L,20210205,2056,5.63,11.82,-4.677,13.115,False,True,True,0,0,0,0,True,
920429.BJ,920429,920429,康比特,北交所,北交所,北交所,801120.SI,食品饮料,801124.SI,食品加工,食品加工,L,20221215,1378,3.77,10.59,1.827,16.667,False,True,True,0,0,0,0,True,
920433.BJ,920433,920433,大唐药业,北交所,北交所,北交所,801150.SI,医药生物,801155.SI,中药Ⅱ,中药Ⅱ,L,20200727,2249,6.16,4.74,-0.837,10.0,False,True,True,0,0,0,0,True,
920436.BJ,920436,920436,大地电气,北交所,北交所,北交所,801880.SI,汽车,801093.SI,汽车零部件,汽车零部件,L,20211115,1773,4.85,10.9,-0.999,21.622,False,True,True,0,0,0,0,True,
920438.BJ,920438,920438,戈碧迦,北交所,北交所,北交所,801080.SI,电子,801084.SI,光学光电子,光学光电子,L,20240325,912,2.5,120.96,9.884,20.0,False,True,True,0,0,0,0,True,
920445.BJ,920445,920445,龙竹科技,北交所,北交所,北交所,801140.SI,轻工制造,801142.SI,家居用品,家居用品,L,20200727,2249,6.16,7.1,-1.526,12.5,False,True,True,0,0,0,0,True,
920454.BJ,920454,920454,同心传动,北交所,北交所,北交所,801880.SI,汽车,801093.SI,汽车零部件,汽车零部件,L,20211115,1773,4.85,11.47,0.702,10.811,False,True,True,0,0,0,0,True,
920455.BJ,920455,920455,汇隆活塞,北交所,北交所,北交所,801890.SI,机械设备,801074.SI,专用设备,专用设备,L,20230621,1190,3.26,6.57,-0.455,29.231,False,True,True,0,0,0,0,True,
920469.BJ,920469,920469,富恒新材,北交所,北交所,北交所,801030.SI,基础化工,801036.SI,塑料,塑料,L,20230918,1101,3.01,5.85,-1.681,13.115,False,True,True,0,0,0,0,True,
920471.BJ,920471,920471,美邦科技,北交所,北交所,北交所,801030.SI,基础化工,801034.SI,化学制品,化学制品,L,20230525,1217,3.33,11.68,-0.849,11.382,False,True,True,0,0,0,0,True,
920475.BJ,920475,920475,三友科技,北交所,北交所,北交所,801890.SI,机械设备,801074.SI,专用设备,专用设备,L,20200727,2249,6.16,11.52,-0.26,13.333,False,True,True,0,0,0,0,True,
920476.BJ,920476,920476,海能技术,北交所,北交所,北交所,801890.SI,机械设备,801072.SI,通用设备,通用设备,L,20221014,1440,3.94,23.63,2.427,14.894,False,True,True,0,0,0,0,True,
920478.BJ,920478,920478,峆一药业,北交所,北交所,北交所,801150.SI,医药生物,801151.SI,化学制药,化学制药,L,20230223,1308,3.58,11.54,-9.632,9.091,False,True,True,0,0,0,0,True,
920489.BJ,920489,920489,佳先股份,北交所,北交所,北交所,801030.SI,基础化工,801033.SI,化学原料,化学原料,L,20200727,2249,6.16,12.82,1.264,13.492,False,True,True,0,0,0,0,True,
920491.BJ,920491,920491,奥迪威,北交所,北交所,北交所,801080.SI,电子,801083.SI,元件,元件,L,20220614,1562,4.28,22.15,0.773,19.643,False,True,True,0,0,0,0,True,
920493.BJ,920493,920493,并行科技,北交所,北交所,北交所,801750.SI,计算机,801103.SI,IT服务Ⅱ,IT服务Ⅱ,L,20231101,1057,2.89,115.15,-1.014,10.345,False,True,True,0,0,0,0,True,
920496.BJ,920496,920496,许昌智能,北交所,北交所,北交所,801730.SI,电力设备,801738.SI,电网设备,电网设备,L,20240126,971,2.66,6.46,-0.92,9.375,False,True,True,0,0,0,0,True,
920504.BJ,920504,920504,博迅生物,北交所,北交所,北交所,801150.SI,医药生物,801153.SI,医疗器械,医疗器械,L,20230817,1133,3.1,18.56,-0.855,7.609,False,True,True,0,0,0,0,True,
920505.BJ,920505,920505,九菱科技,北交所,北交所,北交所,801890.SI,机械设备,801072.SI,通用设备,通用设备,L,20221221,1372,3.76,26.69,-2.163,12.903,False,True,True,0,0,0,0,True,
920508.BJ,920508,920508,殷图网联,北交所,北交所,北交所,801730.SI,电力设备,801738.SI,电网设备,电网设备,L,20200727,2249,6.16,14.8,-1.792,10.526,False,True,True,0,0,0,0,True,
920509.BJ,920509,920509,同惠电子,北交所,北交所,北交所,801890.SI,机械设备,801072.SI,通用设备,通用设备,L,20210111,2081,5.7,23.6,8.906,13.953,False,True,True,0,0,0,0,True,
920510.BJ,920510,920510,丰光精密,北交所,北交所,北交所,801890.SI,机械设备,801072.SI,通用设备,通用设备,L,20201228,2095,5.74,20.27,1.962,11.765,False,True,True,0,0,0,0,True,
920519.BJ,920519,920519,万德股份,北交所,北交所,北交所,801030.SI,基础化工,801034.SI,化学制品,化学制品,L,20230915,1104,3.02,11.16,0.813,16.667,False,True,True,0,0,0,0,True,
920522.BJ,920522,920522,纳科诺尔,北交所,北交所,北交所,801730.SI,电力设备,801737.SI,电池,电池,L,20231116,1042,2.85,17.61,2.087,20.0,False,True,True,0,0,0,0,True,
920523.BJ,920523,920523,德瑞锂电,北交所,北交所,北交所,801730.SI,电力设备,801737.SI,电池,电池,L,20210603,1938,5.31,14.83,0.816,11.765,False,True,True,0,0,0,0,True,
920526.BJ,920526,920526,凯华材料,北交所,北交所,北交所,801080.SI,电子,801086.SI,电子化学品Ⅱ,电子化学品Ⅱ,L,20221222,1371,3.75,23.51,-10.061,21.849,False,True,True,0,0,0,0,True,
920527.BJ,920527,920527,夜光明,北交所,北交所,北交所,801130.SI,纺织服饰,801131.SI,纺织制造,纺织制造,L,20221027,1427,3.91,15.59,0.257,14.103,False,True,True,0,0,0,0,True,
920533.BJ,920533,920533,骏创科技,北交所,北交所,北交所,801880.SI,汽车,801093.SI,汽车零部件,汽车零部件,L,20220524,1583,4.33,16.61,-0.24,23.256,False,True,True,0,0,0,0,True,
920541.BJ,920541,920541,铁大科技,北交所,北交所,北交所,801890.SI,机械设备,801076.SI,轨交设备Ⅱ,轨交设备Ⅱ,L,20230310,1293,3.54,9.58,0.0,28.283,False,True,True,0,0,0,0,True,
920547.BJ,920547,920547,无锡晶海,北交所,北交所,北交所,801150.SI,医药生物,801152.SI,生物制品,生物制品,L,20231212,1016,2.78,19.05,-1.448,10.638,False,True,True,0,0,0,0,True,
920553.BJ,920553,920553,凯腾精工,北交所,北交所,北交所,801890.SI,机械设备,801074.SI,专用设备,专用设备,L,20210806,1874,5.13,6.8,-1.449,12.5,False,True,True,0,0,0,0,True,
920556.BJ,920556,920556,雅达股份,北交所,北交所,北交所,801730.SI,电力设备,801738.SI,电网设备,电网设备,L,20230317,1286,3.52,6.68,-0.298,8.955,False,True,True,0,0,0,0,True,
920564.BJ,920564,920564,天润科技,北交所,北交所,北交所,801750.SI,计算机,801103.SI,IT服务Ⅱ,IT服务Ⅱ,L,20220617,1559,4.27,14.01,1.522,11.972,False,True,True,0,0,0,0,True,
920566.BJ,920566,920566,梓橦宫,北交所,北交所,北交所,801150.SI,医药生物,801151.SI,化学制药,化学制药,L,20210813,1867,5.11,9.47,0.106,8.163,False,True,True,0,0,0,0,True,
920570.BJ,920570,920570,坤博精工,北交所,北交所,北交所,801890.SI,机械设备,801072.SI,通用设备,通用设备,L,20231123,1035,2.83,25.34,1.238,7.317,False,True,True,0,0,0,0,True,
920571.BJ,920571,920571,国航远洋,北交所,北交所,北交所,801170.SI,交通运输,801992.SI,航运港口,航运港口,L,20221215,1378,3.77,8.84,-1.887,9.677,False,True,True,0,0,0,0,True,
920575.BJ,920575,920575,*ST康乐,北交所,北交所,北交所,801150.SI,医药生物,801152.SI,生物制品,生物制品,L,20230315,1288,3.53,5.39,1.316,19.231,True,True,True,0,0,0,0,False,ST
920576.BJ,920576,920576,天力复合,北交所,北交所,北交所,801050.SI,有色金属,801051.SI,金属新材料,金属新材料,L,20230712,1169,3.2,38.27,0.711,25.0,False,True,True,0,0,0,0,True,
920578.BJ,920578,920578,巨能股份,北交所,北交所,北交所,801890.SI,机械设备,801078.SI,自动化设备,自动化设备,L,20230512,1230,3.37,17.42,-0.172,8.092,False,True,True,0,0,0,0,True,
920579.BJ,920579,920579,机科股份,北交所,北交所,北交所,801890.SI,机械设备,801078.SI,自动化设备,自动化设备,L,20231130,1028,2.81,14.16,0.071,9.589,False,True,True,0,0,0,0,True,
920580.BJ,920580,920580,科创新材,北交所,北交所,北交所,801710.SI,建筑材料,801713.SI,装修建材,装修建材,L,20220513,1594,4.36,11.19,1.359,8.108,False,True,True,0,0,0,0,True,
920592.BJ,920592,920592,华信永道,北交所,北交所,北交所,801750.SI,计算机,801104.SI,软件开发,软件开发,L,20230710,1171,3.21,27.55,-0.398,15.217,False,True,True,0,0,0,0,True,
920593.BJ,920593,920593,鼎智科技,北交所,北交所,北交所,801890.SI,机械设备,801078.SI,自动化设备,自动化设备,L,20230413,1259,3.45,23.38,0.516,26.0,False,True,True,0,0,0,0,True,
920599.BJ,920599,920599,同力股份,北交所,北交所,北交所,801890.SI,机械设备,801077.SI,工程机械,工程机械,L,20210222,2039,5.58,17.5,1.922,10.345,False,True,True,0,0,0,0,True,
920608.BJ,920608,920608,丰安股份,北交所,北交所,北交所,801890.SI,机械设备,801074.SI,专用设备,专用设备,L,20221216,1377,3.77,13.84,-0.432,17.808,False,True,True,0,0,0,0,True,
920627.BJ,920627,920627,力王股份,北交所,北交所,北交所,801730.SI,电力设备,801737.SI,电池,电池,L,20230907,1112,3.04,13.42,-1.541,9.859,False,True,True,0,0,0,0,True,
920634.BJ,920634,920634,新威凌,北交所,北交所,北交所,801050.SI,有色金属,801055.SI,工业金属,工业金属,L,20221124,1399,3.83,15.94,-1.361,11.765,False,True,True,0,0,0,0,True,
920639.BJ,920639,920639,晨光电缆,北交所,北交所,北交所,801730.SI,电力设备,801738.SI,电网设备,电网设备,L,20220712,1534,4.2,6.03,-0.985,8.065,False,True,True,0,0,0,0,True,
920640.BJ,920640,920640,富士达,北交所,北交所,北交所,801770.SI,通信,801102.SI,通信设备,通信设备,L,20200727,2249,6.16,27.46,4.371,20.755,False,True,True,0,0,0,0,True,
920641.BJ,920641,920641,格利尔,北交所,北交所,北交所,801110.SI,家用电器,801115.SI,照明设备Ⅱ,照明设备Ⅱ,L,20221202,1391,3.81,13.31,-0.672,11.594,False,True,True,0,0,0,0,True,
920642.BJ,920642,920642,通易航天,北交所,北交所,北交所,801740.SI,国防军工,801742.SI,航空装备Ⅱ,航空装备Ⅱ,L,20210816,1864,5.1,9.91,-1.393,9.709,False,True,True,0,0,0,0,True,
920651.BJ,920651,920651,天罡股份,北交所,北交所,北交所,801890.SI,机械设备,801072.SI,通用设备,通用设备,L,20230627,1184,3.24,19.56,-2.444,24.444,False,True,True,0,0,0,0,True,
920656.BJ,920656,920656,海昇药业,北交所,北交所,北交所,801150.SI,医药生物,801151.SI,化学制药,化学制药,L,20240202,964,2.64,14.99,-0.2,9.091,False,True,True,0,0,0,0,True,
920662.BJ,920662,920662,方盛股份,北交所,北交所,北交所,801890.SI,机械设备,801072.SI,通用设备,通用设备,L,20221128,1395,3.82,19.05,0.369,14.872,False,True,True,0,0,0,0,True,
920663.BJ,920663,920663,明阳科技,北交所,北交所,北交所,801880.SI,汽车,801093.SI,汽车零部件,汽车零部件,L,20230315,1288,3.53,12.44,0.485,20.313,False,True,True,0,0,0,0,True,
920665.BJ,920665,920665,科强股份,北交所,北交所,北交所,801030.SI,基础化工,801037.SI,橡胶,橡胶,L,20230926,1093,2.99,8.55,0.47,10.345,False,True,True,0,0,0,0,True,
920670.BJ,920670,920670,数字人,北交所,北交所,北交所,801150.SI,医药生物,801156.SI,医疗服务,医疗服务,L,20201208,2115,5.79,12.53,-2.868,9.091,False,True,True,0,0,0,0,True,
920675.BJ,920675,920675,秉扬科技,北交所,北交所,北交所,801030.SI,基础化工,801039.SI,非金属材料Ⅱ,非金属材料Ⅱ,L,20201228,2095,5.74,7.43,-1.197,14.865,False,True,True,0,0,0,11,True,
920679.BJ,920679,920679,前进科技,北交所,北交所,北交所,801890.SI,机械设备,801072.SI,通用设备,通用设备,L,20231110,1048,2.87,15.54,0.909,20.779,False,True,True,0,0,0,0,True,
920682.BJ,920682,920682,球冠电缆,北交所,北交所,北交所,801730.SI,电力设备,801738.SI,电网设备,电网设备,L,20200727,2249,6.16,5.83,-0.171,20.0,False,True,True,0,0,0,0,True,
920685.BJ,920685,920685,新芝生物,北交所,北交所,北交所,801890.SI,机械设备,801072.SI,通用设备,通用设备,L,20221010,1444,3.95,12.78,7.305,8.943,False,True,True,0,1,11,11,False,近60日停牌
920689.BJ,920689,920689,克莱特,北交所,北交所,北交所,801890.SI,机械设备,801072.SI,通用设备,通用设备,L,20220321,1647,4.51,19.78,-0.503,10.0,False,True,True,0,0,0,0,True,
920690.BJ,920690,920690,捷众科技,北交所,北交所,北交所,801880.SI,汽车,801093.SI,汽车零部件,汽车零部件,L,20240105,992,2.72,15.68,-0.064,20.0,False,True,True,0,0,0,0,True,
920693.BJ,920693,920693,阿为特,北交所,北交所,北交所,801890.SI,机械设备,801072.SI,通用设备,通用设备,L,20231027,1062,2.91,24.59,1.822,11.765,False,True,True,0,0,0,0,True,
920694.BJ,920694,920694,中裕科技,北交所,北交所,北交所,801030.SI,基础化工,801037.SI,橡胶,橡胶,L,20230424,1248,3.42,16.66,0.06,24.074,False,True,True,0,0,0,0,True,
920699.BJ,920699,920699,海达尔,北交所,北交所,北交所,801110.SI,家用电器,801116.SI,家电零部件Ⅱ,家电零部件Ⅱ,L,20230509,1233,3.38,67.55,-0.662,25.49,False,True,True,0,0,0,0,True,
920701.BJ,920701,920701,豪声电子,北交所,北交所,北交所,801080.SI,电子,801085.SI,消费电子,消费电子,L,20230719,1162,3.18,11.04,-1.341,19.512,False,True,True,0,0,0,0,True,
920703.BJ,920703,920703,广厦环能,北交所,北交所,北交所,801890.SI,机械设备,801074.SI,专用设备,专用设备,L,20231205,1023,2.8,9.59,-0.622,18.75,False,True,True,0,0,0,0,True,
920706.BJ,920706,920706,铁拓机械,北交所,北交所,北交所,801890.SI,机械设备,801077.SI,工程机械,工程机械,L,20240308,929,2.54,15.09,-1.308,7.895,False,True,True,0,0,0,0,True,
920717.BJ,920717,920717,瑞星股份,北交所,北交所,北交所,801890.SI,机械设备,801074.SI,专用设备,专用设备,L,20230703,1178,3.23,6.77,-1.599,20.548,False,True,True,0,0,0,0,True,
920718.BJ,920718,920718,合肥高科,北交所,北交所,北交所,801110.SI,家用电器,801116.SI,家电零部件Ⅱ,家电零部件Ⅱ,L,20221222,1371,3.75,10.51,-1.959,13.889,False,True,True,0,0,0,0,True,
920719.BJ,920719,920719,宁新新材,北交所,北交所,北交所,801030.SI,基础化工,801039.SI,非金属材料Ⅱ,非金属材料Ⅱ,L,20230526,1216,3.33,7.03,-0.142,15.714,False,True,True,0,0,0,0,True,
920720.BJ,920720,920720,吉冈精密,北交所,北交所,北交所,801890.SI,机械设备,801072.SI,通用设备,通用设备,L,20211124,1764,4.83,7.99,0.125,20.988,False,True,True,0,0,0,0,True,
920725.BJ,920725,920725,惠丰钻石,北交所,北交所,北交所,801890.SI,机械设备,801072.SI,通用设备,通用设备,L,20220718,1528,4.18,94.28,3.97,6.015,False,True,True,0,0,0,0,True,
920726.BJ,920726,920726,朱老六,北交所,北交所,北交所,801120.SI,食品饮料,801129.SI,调味发酵品Ⅱ,调味发酵品Ⅱ,L,20210527,1945,5.33,15.46,-2.522,15.0,False,True,True,0,0,0,0,True,
920729.BJ,920729,920729,永顺生物,北交所,北交所,北交所,801010.SI,农林牧渔,801018.SI,动物保健Ⅱ,动物保健Ⅱ,L,20200727,2249,6.16,6.81,-2.853,11.429,False,True,True,0,0,0,0,True,
920735.BJ,920735,920735,德源药业,北交所,北交所,北交所,801150.SI,医药生物,801151.SI,化学制药,化学制药,L,20210219,2042,5.59,26.15,0.307,9.375,False,True,True,0,0,0,0,True,
920748.BJ,920748,920748,路桥信息,北交所,北交所,北交所,801750.SI,计算机,801103.SI,IT服务Ⅱ,IT服务Ⅱ,L,20230816,1134,3.1,28.08,-4.425,21.622,False,True,True,0,0,0,0,True,
920751.BJ,920751,920751,惠同新材,北交所,北交所,北交所,801050.SI,有色金属,801051.SI,金属新材料,金属新材料,L,20230717,1164,3.19,15.01,-0.266,47.619,False,True,True,0,0,0,0,True,
920753.BJ,920753,920753,天纺标,北交所,北交所,北交所,801210.SI,社会服务,801218.SI,专业服务,专业服务,L,20221031,1423,3.9,15.09,-0.396,10.526,False,True,True,0,0,0,0,True,
920765.BJ,920765,920765,美之高,北交所,北交所,北交所,801140.SI,轻工制造,801142.SI,家居用品,家居用品,L,20210705,1906,5.22,11.66,-1.27,19.512,False,True,True,0,0,0,0,True,
920768.BJ,920768,920768,拾比佰,北交所,北交所,北交所,801110.SI,家用电器,801116.SI,家电零部件Ⅱ,家电零部件Ⅱ,L,20210628,1913,5.24,7.25,-0.138,14.085,False,True,True,0,0,0,0,True,
920770.BJ,920770,920770,艾能聚,北交所,北交所,北交所,801730.SI,电力设备,801735.SI,光伏设备,光伏设备,L,20230228,1303,3.57,10.39,-2.074,8.491,False,True,True,0,0,0,0,True,
920779.BJ,920779,920779,武汉蓝电,北交所,北交所,北交所,801730.SI,电力设备,801737.SI,电池,电池,L,20230601,1210,3.31,22.78,-1.683,9.322,False,True,True,0,0,0,0,True,
920781.BJ,920781,920781,瑞奇智造,北交所,北交所,北交所,801890.SI,机械设备,801074.SI,专用设备,专用设备,L,20221226,1367,3.74,5.73,0.175,12.069,False,True,True,0,0,0,0,True,
920786.BJ,920786,920786,骑士乳业,北交所,北交所,北交所,801120.SI,食品饮料,801127.SI,饮料乳品,饮料乳品,L,20231013,1076,2.95,7.4,-2.887,17.105,False,True,True,0,0,0,0,True,
920790.BJ,920790,920790,联迪信息,北交所,北交所,北交所,801750.SI,计算机,801103.SI,IT服务Ⅱ,IT服务Ⅱ,L,20220902,1482,4.06,23.15,-2.813,14.706,False,True,True,0,0,0,0,True,
920792.BJ,920792,920792,东和新材,北交所,北交所,北交所,801710.SI,建筑材料,801713.SI,装修建材,装修建材,L,20230330,1273,3.49,9.41,0.32,24.752,False,True,True,0,0,0,0,True,
920799.BJ,920799,920799,艾融软件,北交所,北交所,北交所,801750.SI,计算机,801104.SI,软件开发,软件开发,L,20200727,2249,6.16,32.3,-1.284,15.152,False,True,True,0,0,0,0,True,
920802.BJ,920802,920802,保丽洁,北交所,北交所,北交所,801970.SI,环保,801971.SI,环境治理,环境治理,L,20230206,1325,3.63,10.86,-1.183,9.259,False,True,True,0,0,0,0,True,
920806.BJ,920806,920806,云星宇,北交所,北交所,北交所,801750.SI,计算机,801103.SI,IT服务Ⅱ,IT服务Ⅱ,L,20240111,986,2.7,10.13,0.198,14.706,False,True,True,0,0,0,0,True,
920807.BJ,920807,920807,奔朗新材,北交所,北交所,北交所,801890.SI,机械设备,801072.SI,通用设备,通用设备,L,20221220,1373,3.76,9.5,-1.452,8.511,False,True,True,0,0,0,0,True,
920808.BJ,920808,920808,曙光数创,北交所,北交所,北交所,801750.SI,计算机,801101.SI,计算机设备,计算机设备,L,20221118,1405,3.85,59.27,0.203,36.842,False,True,True,0,0,0,0,True,
920809.BJ,920809,920809,安达科技,北交所,北交所,北交所,801730.SI,电力设备,801737.SI,电池,电池,L,20230323,1280,3.5,6.94,0.726,14.667,False,True,True,0,0,0,0,True,
920810.BJ,920810,920810,春光智能,北交所,北交所,北交所,801890.SI,机械设备,801074.SI,专用设备,专用设备,L,20221216,1377,3.77,8.65,-2.48,9.677,False,True,True,0,0,0,0,True,
920819.BJ,920819,920819,颖泰生物,北交所,北交所,北交所,801030.SI,基础化工,801038.SI,农化制品,农化制品,L,20200727,2249,6.16,3.05,-0.974,37.5,False,True,True,0,0,0,0,True,
920821.BJ,920821,920821,则成电子,北交所,北交所,北交所,801080.SI,电子,801083.SI,元件,元件,L,20220706,1540,4.22,22.65,2.257,8.929,False,True,True,0,0,0,0,True,
920826.BJ,920826,920826,盖世食品,北交所,北交所,北交所,801120.SI,食品饮料,801124.SI,食品加工,食品加工,L,20210112,2080,5.69,8.62,-1.71,18.182,False,True,True,0,0,0,0,True,
920832.BJ,920832,920832,齐鲁华信,北交所,北交所,北交所,801030.SI,基础化工,801039.SI,非金属材料Ⅱ,非金属材料Ⅱ,L,20210223,2038,5.58,6.58,-2.518,13.846,False,True,True,0,0,0,0,True,
920833.BJ,920833,920833,美心翼申,北交所,北交所,北交所,801890.SI,机械设备,801072.SI,通用设备,通用设备,L,20231108,1050,2.87,9.81,0.0,20.0,False,True,True,0,0,0,0,True,
920834.BJ,920834,920834,三维装备,北交所,北交所,北交所,801030.SI,基础化工,801037.SI,橡胶,橡胶,L,20220822,1493,4.09,9.03,-1.095,14.894,False,True,True,0,0,0,0,True,
920837.BJ,920837,920837,华原股份,北交所,北交所,北交所,801880.SI,汽车,801093.SI,汽车零部件,汽车零部件,L,20230515,1227,3.36,10.3,2.692,38.462,False,True,True,0,0,0,0,True,
920839.BJ,920839,920839,万通液压,北交所,北交所,北交所,801890.SI,机械设备,801077.SI,工程机械,工程机械,L,20201109,2144,5.87,24.04,1.563,28.571,False,True,True,0,0,0,0,True,
920855.BJ,920855,920855,浙江大农,北交所,北交所,北交所,801890.SI,机械设备,801074.SI,专用设备,专用设备,L,20221229,1364,3.73,13.14,-4.714,21.739,False,True,True,0,0,0,0,True,
920856.BJ,920856,920856,浩淼科技,北交所,北交所,北交所,801890.SI,机械设备,801074.SI,专用设备,专用设备,L,20201225,2098,5.74,11.8,-0.84,16.129,False,True,True,0,0,0,0,True,
920857.BJ,920857,920857,泓禧科技,北交所,北交所,北交所,801080.SI,电子,801085.SI,消费电子,消费电子,L,20220228,1668,4.57,17.95,-4.164,16.667,False,True,True,0,0,0,0,True,
920866.BJ,920866,920866,绿亨科技,北交所,北交所,北交所,801030.SI,基础化工,801038.SI,农化制品,农化制品,L,20221209,1384,3.79,6.38,-2.446,16.418,False,True,True,0,0,0,0,True,
920870.BJ,920870,920870,恒进感应,北交所,北交所,北交所,801890.SI,机械设备,801072.SI,通用设备,通用设备,L,20220705,1541,4.22,11.57,-0.259,11.667,False,True,True,0,0,0,0,True,
920871.BJ,920871,920871,派特尔,北交所,北交所,北交所,801880.SI,汽车,801093.SI,汽车零部件,汽车零部件,L,20220722,1524,4.17,11.22,0.809,12.5,False,True,True,0,0,0,0,True,
920873.BJ,920873,920873,中设咨询,北交所,北交所,北交所,801720.SI,建筑装饰,801726.SI,工程咨询服务Ⅱ,工程咨询服务Ⅱ,L,20211115,1773,4.85,8.16,3.685,21.622,False,True,True,0,0,0,0,True,
920876.BJ,920876,920876,慧为智能,北交所,北交所,北交所,801080.SI,电子,801085.SI,消费电子,消费电子,L,20221109,1414,3.87,16.65,-1.128,13.953,False,True,True,0,0,0,0,True,
920879.BJ,920879,920879,基康技术,北交所,北交所,北交所,801890.SI,机械设备,801072.SI,通用设备,通用设备,L,20221220,1373,3.76,12.52,1.131,40.741,False,True,True,0,0,0,0,True,
920885.BJ,920885,920885,星辰科技,北交所,北交所,北交所,801890.SI,机械设备,801078.SI,自动化设备,自动化设备,L,20210708,1903,5.21,12.47,1.054,12.195,False,True,True,0,0,0,0,True,
920892.BJ,920892,920892,广咨国际,北交所,北交所,北交所,801720.SI,建筑装饰,801726.SI,工程咨询服务Ⅱ,工程咨询服务Ⅱ,L,20211028,1791,4.9,12.01,0.25,36.667,False,True,True,0,0,0,0,True,
920895.BJ,920895,920895,花溪科技,北交所,北交所,北交所,801890.SI,机械设备,801074.SI,专用设备,专用设备,L,20230406,1266,3.47,22.42,-7.432,12.705,False,True,True,0,0,0,0,True,
920896.BJ,920896,920896,旺成科技,北交所,北交所,北交所,801880.SI,汽车,801093.SI,汽车零部件,汽车零部件,L,20230419,1253,3.43,12.54,2.619,12.195,False,True,True,0,0,0,0,True,
920906.BJ,920906,920906,舜宇精工,北交所,北交所,北交所,801880.SI,汽车,801093.SI,汽车零部件,汽车零部件,L,20230222,1309,3.58,15.29,-0.972,10.494,False,True,True,0,0,0,0,True,
920914.BJ,920914,920914,远航精密,北交所,北交所,北交所,801730.SI,电力设备,801737.SI,电池,电池,L,20221111,1412,3.87,16.85,1.262,25.0,False,True,True,0,0,0,0,True,
920924.BJ,920924,920924,广脉科技,北交所,北交所,北交所,801770.SI,通信,801223.SI,通信服务,通信服务,L,20211103,1785,4.89,15.02,0.0,10.811,False,True,True,0,0,0,0,True,
920925.BJ,920925,920925,锦好医疗,北交所,北交所,北交所,801150.SI,医药生物,801153.SI,医疗器械,医疗器械,L,20211025,1794,4.91,11.28,-0.879,10.0,False,True,True,0,0,0,0,True,
920926.BJ,920926,920926,鸿智科技,北交所,北交所,北交所,801110.SI,家用电器,801113.SI,小家电,小家电,L,20230808,1142,3.13,10.1,0.0,14.706,False,True,True,0,0,0,0,True,
920931.BJ,920931,920931,无锡鼎邦,北交所,北交所,北交所,801890.SI,机械设备,801074.SI,专用设备,专用设备,L,20240408,898,2.46,10.02,0.3,10.28,False,True,True,0,0,0,0,True,
920932.BJ,920932,920932,科达自控,北交所,北交所,北交所,801750.SI,计算机,801104.SI,软件开发,软件开发,L,20211115,1773,4.85,10.45,-0.948,19.298,False,True,True,0,0,0,0,True,
920942.BJ,920942,920942,恒立钻具,北交所,北交所,北交所,801890.SI,机械设备,801077.SI,工程机械,工程机械,L,20221208,1385,3.79,17.23,-1.374,11.111,False,True,True,0,0,0,0,True,
920943.BJ,920943,920943,优机股份,北交所,北交所,北交所,801890.SI,机械设备,801072.SI,通用设备,通用设备,L,20220624,1552,4.25,14.61,-1.217,11.765,False,True,True,0,0,0,0,True,
920946.BJ,920946,920946,森萱医药,北交所,北交所,北交所,801150.SI,医药生物,801151.SI,化学制药,化学制药,L,20200727,2249,6.16,10.65,1.236,9.091,False,True,True,0,0,0,0,True,
920950.BJ,920950,920950,迅安科技,北交所,北交所,北交所,801890.SI,机械设备,801072.SI,通用设备,通用设备,L,20230111,1351,3.7,13.16,-0.978,27.273,False,True,True,0,0,0,0,True,
920953.BJ,920953,920953,国子软件,北交所,北交所,北交所,801750.SI,计算机,801103.SI,IT服务Ⅱ,IT服务Ⅱ,L,20230823,1127,3.09,23.36,0.69,8.621,False,True,True,0,0,0,0,True,
920957.BJ,920957,920957,汉维科技,北交所,北交所,北交所,801030.SI,基础化工,801034.SI,化学制品,化学制品,L,20221214,1379,3.78,9.77,-1.908,8.911,False,True,True,0,0,0,0,True,
920961.BJ,920961,920961,创远信科,北交所,北交所,北交所,801890.SI,机械设备,801072.SI,通用设备,通用设备,L,20200727,2249,6.16,25.12,10.369,28.767,False,True,True,0,0,0,0,True,
920964.BJ,920964,920964,润农节水,北交所,北交所,北交所,801010.SI,农林牧渔,801019.SI,农业综合Ⅱ,农业综合Ⅱ,L,20200727,2249,6.16,4.84,-1.826,16.981,False,True,True,0,0,0,0,True,
920970.BJ,920970,920970,大禹生物,北交所,北交所,北交所,801010.SI,农林牧渔,801018.SI,动物保健Ⅱ,动物保健Ⅱ,L,20220518,1589,4.35,6.33,-3.799,13.636,False,True,True,0,0,0,0,True,
920971.BJ,920971,920971,天马新材,北交所,北交所,北交所,801030.SI,基础化工,801039.SI,非金属材料Ⅱ,非金属材料Ⅱ,L,20220927,1457,3.99,28.82,4.156,6.667,False,True,True,0,0,0,0,True,
920974.BJ,920974,920974,凯大催化,北交所,北交所,北交所,801030.SI,基础化工,801034.SI,化学制品,化学制品,L,20230308,1295,3.55,6.25,0.644,22.222,False,True,True,0,0,0,0,True,
920976.BJ,920976,920976,视声智能,北交所,北交所,北交所,801750.SI,计算机,801101.SI,计算机设备,计算机设备,L,20230901,1118,3.06,22.03,0.0,21.127,False,True,True,0,0,0,0,True,
920978.BJ,920978,920978,开特股份,北交所,北交所,北交所,801880.SI,汽车,801093.SI,汽车零部件,汽车零部件,L,20230928,1091,2.99,17.43,1.514,24.49,False,True,True,0,0,0,0,True,
920981.BJ,920981,920981,晶赛科技,北交所,北交所,北交所,801080.SI,电子,801083.SI,元件,元件,L,20211115,1773,4.85,32.05,3.722,7.19,False,True,True,0,0,0,0,True,
920982.BJ,920982,920982,锦波生物,北交所,北交所,北交所,801980.SI,美容护理,801983.SI,医疗美容,医疗美容,L,20230720,1161,3.18,121.34,5.9,20.69,False,True,True,0,0,0,0,True,
920985.BJ,920985,920985,海泰新能,北交所,北交所,北交所,801730.SI,电力设备,801735.SI,光伏设备,光伏设备,L,20220808,1507,4.13,4.6,0.0,10.87,False,True,True,0,0,0,0,True,
920992.BJ,920992,920992,中科美菱,北交所,北交所,北交所,801150.SI,医药生物,801153.SI,医疗器械,医疗器械,L,20221018,1436,3.93,12.77,2.818,18.333,False,True,True,0,0,0,0,True,
