ts_code,symbol,display_code,name,board,exchange,market_raw,sw_l1_code,sw_l1_name,sw_l2_code,sw_l2_name,sw_l2_display,list_status,list_date,list_age_days,list_age_years,close,pct_chg,chip_concentration_70,is_st,is_normal_listed,has_latest_quote,suspend_days_20,suspend_days_40,suspend_days_60,suspend_days_90,default_passed,default_reject_reasons
300001.SZ,300001,300001,特锐德,创业板,深市,创业板,801730.SI,电力设备,801738.SI,电网设备,电网设备,L,20091030,6187,16.94,33.5,-2.842,11.494,False,True,True,0,0,0,0,True,
300002.SZ,300002,300002,神州泰岳,创业板,深市,创业板,801760.SI,传媒,801764.SI,游戏Ⅱ,游戏Ⅱ,L,20091030,6187,16.94,7.55,-4.309,7.317,False,True,True,0,0,0,0,True,
300003.SZ,300003,300003,乐普医疗,创业板,深市,创业板,801150.SI,医药生物,801153.SI,医疗器械,医疗器械,L,20091030,6187,16.94,11.46,-1.715,16.667,False,True,True,0,0,0,0,True,
300004.SZ,300004,300004,南风股份,创业板,深市,创业板,801890.SI,机械设备,801074.SI,专用设备,专用设备,L,20091030,6187,16.94,7.53,0.0,14.634,False,True,True,0,0,0,0,True,
300005.SZ,300005,300005,探路者,创业板,深市,创业板,801130.SI,纺织服饰,801132.SI,服装家纺,服装家纺,L,20091030,6187,16.94,10.38,-2.991,7.407,False,True,True,0,0,0,0,True,
300006.SZ,300006,300006,莱美药业,创业板,深市,创业板,801150.SI,医药生物,801151.SI,化学制药,化学制药,L,20091030,6187,16.94,5.37,-3.417,9.259,False,True,True,0,0,0,0,True,
300007.SZ,300007,300007,汉威科技,创业板,深市,创业板,801890.SI,机械设备,801072.SI,通用设备,通用设备,L,20091030,6187,16.94,28.7,-4.683,11.765,False,True,True,0,0,0,0,True,
300008.SZ,300008,300008,天海防务,创业板,深市,创业板,801740.SI,国防军工,801744.SI,航海装备Ⅱ,航海装备Ⅱ,L,20091030,6187,16.94,6.15,-0.485,6.25,False,True,True,0,0,0,0,True,
300009.SZ,300009,300009,安科生物,创业板,深市,创业板,801150.SI,医药生物,801152.SI,生物制品,生物制品,L,20091030,6187,16.94,8.38,-2.671,8.235,False,True,True,0,0,0,0,True,
300011.SZ,300011,300011,鼎汉技术,创业板,深市,创业板,801890.SI,机械设备,801076.SI,轨交设备Ⅱ,轨交设备Ⅱ,L,20091030,6187,16.94,5.78,0.173,11.667,False,True,True,0,0,0,0,True,
300012.SZ,300012,300012,华测检测,创业板,深市,创业板,801210.SI,社会服务,801218.SI,专业服务,专业服务,L,20091030,6187,16.94,14.2,3.198,8.333,False,True,True,0,0,0,0,True,
300013.SZ,300013,300013,新宁物流,创业板,深市,创业板,801170.SI,交通运输,801178.SI,物流,物流,L,20091030,6187,16.94,4.13,-1.196,9.524,False,True,True,0,0,0,0,True,
300014.SZ,300014,300014,亿纬锂能,创业板,深市,创业板,801730.SI,电力设备,801737.SI,电池,电池,L,20091030,6187,16.94,50.48,1.345,14.286,False,True,True,0,0,0,0,True,
300015.SZ,300015,300015,爱尔眼科,创业板,深市,创业板,801150.SI,医药生物,801156.SI,医疗服务,医疗服务,L,20091030,6187,16.94,7.86,-1.504,19.048,False,True,True,0,0,0,0,True,
300016.SZ,300016,300016,北陆药业,创业板,深市,创业板,801150.SI,医药生物,801151.SI,化学制药,化学制药,L,20091030,6187,16.94,9.18,-3.975,12.5,False,True,True,0,0,0,0,True,
300017.SZ,300017,300017,网宿科技,创业板,深市,创业板,801750.SI,计算机,801103.SI,IT服务Ⅱ,IT服务Ⅱ,L,20091030,6187,16.94,13.84,-7.114,9.211,False,True,True,0,0,0,0,True,
300018.SZ,300018,300018,中元股份,创业板,深市,创业板,801730.SI,电力设备,801738.SI,电网设备,电网设备,L,20091030,6187,16.94,11.96,3.281,6.78,False,True,True,0,0,0,0,True,
300019.SZ,300019,300019,硅宝科技,创业板,深市,创业板,801030.SI,基础化工,801034.SI,化学制品,化学制品,L,20091030,6187,16.94,13.73,0.146,9.722,False,True,True,0,0,0,0,True,
300021.SZ,300021,300021,大禹节水,创业板,深市,创业板,801010.SI,农林牧渔,801019.SI,农业综合Ⅱ,农业综合Ⅱ,L,20091030,6187,16.94,3.77,-1.309,12.5,False,True,True,0,0,0,0,True,
300022.SZ,300022,300022,吉峰科技,创业板,深市,创业板,801200.SI,商贸零售,801204.SI,专业连锁Ⅱ,专业连锁Ⅱ,L,20091030,6187,16.94,7.73,-0.387,7.5,False,True,True,0,0,0,0,True,
300024.SZ,300024,300024,机器人,创业板,深市,创业板,801890.SI,机械设备,801078.SI,自动化设备,自动化设备,L,20091030,6187,16.94,12.78,-0.776,21.212,False,True,True,0,0,0,0,True,
300025.SZ,300025,300025,华星创业,创业板,深市,创业板,801770.SI,通信,801223.SI,通信服务,通信服务,L,20091030,6187,16.94,5.8,3.203,15.789,False,True,True,0,0,0,0,True,
300026.SZ,300026,300026,红日药业,创业板,深市,创业板,801150.SI,医药生物,801155.SI,中药Ⅱ,中药Ⅱ,L,20091030,6187,16.94,3.23,-0.615,9.091,False,True,True,0,0,0,0,True,
300030.SZ,300030,300030,阳普医疗,创业板,深市,创业板,801150.SI,医药生物,801153.SI,医疗器械,医疗器械,L,20091225,6131,16.79,6.86,-0.867,5.882,False,True,True,0,0,0,0,True,
300031.SZ,300031,300031,宝通科技,创业板,深市,创业板,801760.SI,传媒,801764.SI,游戏Ⅱ,游戏Ⅱ,L,20091225,6131,16.79,19.54,-1.957,7.692,False,True,True,0,0,0,0,True,
300032.SZ,300032,300032,金龙机电,创业板,深市,创业板,801080.SI,电子,801085.SI,消费电子,消费电子,L,20091225,6131,16.79,3.67,-1.872,11.111,False,True,True,0,0,0,0,True,
300033.SZ,300033,300033,同花顺,创业板,深市,创业板,801750.SI,计算机,801104.SI,软件开发,软件开发,L,20091225,6131,16.79,191.3,-2.923,12.5,False,True,True,0,0,0,0,True,
300034.SZ,300034,300034,钢研高纳,创业板,深市,创业板,801740.SI,国防军工,801742.SI,航空装备Ⅱ,航空装备Ⅱ,L,20091225,6131,16.79,15.06,-1.375,11.321,False,True,True,0,0,0,0,True,
300035.SZ,300035,300035,中科电气,创业板,深市,创业板,801730.SI,电力设备,801737.SI,电池,电池,L,20091225,6131,16.79,12.8,4.15,13.281,False,True,True,0,0,0,0,True,
300036.SZ,300036,300036,超图软件,创业板,深市,创业板,801750.SI,计算机,801104.SI,软件开发,软件开发,L,20091225,6131,16.79,10.04,-1.375,14.286,False,True,True,0,0,0,0,True,
300037.SZ,300037,300037,新宙邦,创业板,深市,创业板,801730.SI,电力设备,801737.SI,电池,电池,L,20100108,6117,16.75,66.85,0.496,14.286,False,True,True,0,0,0,0,True,
300039.SZ,300039,300039,上海凯宝,创业板,深市,创业板,801150.SI,医药生物,801155.SI,中药Ⅱ,中药Ⅱ,L,20100108,6117,16.75,5.17,-2.453,14.815,False,True,True,0,0,0,0,True,
300040.SZ,300040,300040,九洲集团,创业板,深市,创业板,801160.SI,公用事业,801161.SI,电力,电力,L,20100108,6117,16.75,5.75,1.232,8.621,False,True,True,0,0,0,0,True,
300041.SZ,300041,300041,回天新材,创业板,深市,创业板,801030.SI,基础化工,801034.SI,化学制品,化学制品,L,20100108,6117,16.75,10.47,-0.758,5.505,False,True,True,0,0,0,0,True,
300042.SZ,300042,300042,朗科科技,创业板,深市,创业板,801750.SI,计算机,801101.SI,计算机设备,计算机设备,L,20100108,6117,16.75,33.98,-4.147,17.204,False,True,True,0,0,0,0,True,
300043.SZ,300043,300043,星辉娱乐,创业板,深市,创业板,801760.SI,传媒,801764.SI,游戏Ⅱ,游戏Ⅱ,L,20100120,6105,16.71,4.19,-1.643,13.636,False,True,True,0,0,0,0,True,
300045.SZ,300045,300045,华力创通,创业板,深市,创业板,801740.SI,国防军工,801745.SI,军工电子Ⅱ,军工电子Ⅱ,L,20100120,6105,16.71,11.83,6.673,10.0,False,True,True,0,0,0,0,True,
300046.SZ,300046,300046,台基股份,创业板,深市,创业板,801080.SI,电子,801081.SI,半导体,半导体,L,20100120,6105,16.71,22.93,-3.208,7.317,False,True,True,0,0,0,0,True,
300047.SZ,300047,300047,天源迪科,创业板,深市,创业板,801750.SI,计算机,801104.SI,软件开发,软件开发,L,20100120,6105,16.71,8.68,-2.472,8.696,False,True,True,0,0,0,0,True,
300048.SZ,300048,300048,合康新能,创业板,深市,创业板,801890.SI,机械设备,801078.SI,自动化设备,自动化设备,L,20100120,6105,16.71,4.78,1.919,20.0,False,True,True,0,0,0,0,True,
300049.SZ,300049,300049,福瑞医科,创业板,深市,创业板,801150.SI,医药生物,801153.SI,医疗器械,医疗器械,L,20100120,6105,16.71,41.05,-12.864,14.0,False,True,True,0,0,0,0,True,
300050.SZ,300050,300050,世纪鼎利,创业板,深市,创业板,801770.SI,通信,801223.SI,通信服务,通信服务,L,20100120,6105,16.71,6.67,-1.477,8.333,False,True,True,0,0,0,0,True,
300051.SZ,300051,300051,琏升科技,创业板,深市,创业板,801730.SI,电力设备,801735.SI,光伏设备,光伏设备,L,20100211,6083,16.65,7.7,-0.517,9.756,False,True,True,0,0,0,0,True,
300052.SZ,300052,300052,中青宝,创业板,深市,创业板,801760.SI,传媒,801764.SI,游戏Ⅱ,游戏Ⅱ,L,20100211,6083,16.65,10.11,-0.296,11.429,False,True,True,0,0,0,0,True,
300053.SZ,300053,300053,航宇微,创业板,深市,创业板,801080.SI,电子,801081.SI,半导体,半导体,L,20100211,6083,16.65,11.53,-0.346,9.836,False,True,True,0,0,0,0,True,
300054.SZ,300054,300054,鼎龙股份,创业板,深市,创业板,801080.SI,电子,801086.SI,电子化学品Ⅱ,电子化学品Ⅱ,L,20100211,6083,16.65,62.94,-6.686,10.256,False,True,True,0,0,0,0,True,
300055.SZ,300055,300055,万邦达,创业板,深市,创业板,801960.SI,石油石化,801963.SI,炼化及贸易,炼化及贸易,L,20100226,6068,16.61,5.65,-1.739,8.333,False,True,True,0,0,0,0,True,
300056.SZ,300056,300056,中创环保,创业板,深市,创业板,801970.SI,环保,801971.SI,环境治理,环境治理,L,20100226,6068,16.61,7.39,-5.378,12.658,False,True,True,0,0,0,0,True,
300057.SZ,300057,300057,万顺新材,创业板,深市,创业板,801050.SI,有色金属,801055.SI,工业金属,工业金属,L,20100226,6068,16.61,6.14,0.821,6.154,False,True,True,0,0,0,0,True,
300058.SZ,300058,300058,蓝色光标,创业板,深市,创业板,801760.SI,传媒,801765.SI,广告营销,广告营销,L,20100226,6068,16.61,12.05,-2.587,10.606,False,True,True,0,0,0,0,True,
300059.SZ,300059,300059,东方财富,创业板,深市,创业板,801790.SI,非银金融,801193.SI,证券Ⅱ,证券Ⅱ,L,20100319,6047,16.56,17.28,-2.867,10.417,False,True,True,0,0,0,0,True,
300061.SZ,300061,300061,旗天科技,创业板,深市,创业板,801760.SI,传媒,801765.SI,广告营销,广告营销,L,20100319,6047,16.56,6.61,0.0,5.882,False,True,True,0,0,0,0,True,
300062.SZ,300062,300062,中能电气,创业板,深市,创业板,801730.SI,电力设备,801738.SI,电网设备,电网设备,L,20100319,6047,16.56,6.22,3.322,7.812,False,True,True,0,0,0,0,True,
300063.SZ,300063,300063,天龙集团,创业板,深市,创业板,801760.SI,传媒,801765.SI,广告营销,广告营销,L,20100326,6040,16.54,8.19,-2.151,10.345,False,True,True,0,0,0,0,True,
300065.SZ,300065,300065,海兰信,创业板,深市,创业板,801740.SI,国防军工,801744.SI,航海装备Ⅱ,航海装备Ⅱ,L,20100326,6040,16.54,14.36,-1.034,7.692,False,True,True,0,0,0,0,True,
300066.SZ,300066,300066,三川智慧,创业板,深市,创业板,801890.SI,机械设备,801072.SI,通用设备,通用设备,L,20100326,6040,16.54,4.53,0.221,16.327,False,True,True,0,0,0,0,True,
300067.SZ,300067,300067,安诺其,创业板,深市,创业板,801030.SI,基础化工,801034.SI,化学制品,化学制品,L,20100421,6014,16.47,5.18,-3.178,7.407,False,True,True,0,0,0,0,True,
300069.SZ,300069,300069,金利华电,创业板,深市,创业板,801730.SI,电力设备,801738.SI,电网设备,电网设备,L,20100421,6014,16.47,25.56,3.608,7.171,False,True,True,0,0,0,0,True,
300070.SZ,300070,300070,碧水源,创业板,深市,创业板,801970.SI,环保,801971.SI,环境治理,环境治理,L,20100421,6014,16.47,3.41,-0.292,11.765,False,True,True,0,0,0,0,True,
300071.SZ,300071,300071,福石控股,创业板,深市,创业板,801760.SI,传媒,801765.SI,广告营销,广告营销,L,20100421,6014,16.47,3.87,-2.025,9.756,False,True,True,0,0,0,0,True,
300072.SZ,300072,300072,海新能科,创业板,深市,创业板,801030.SI,基础化工,801034.SI,化学制品,化学制品,L,20100427,6008,16.45,3.82,11.37,11.111,False,True,True,0,0,0,0,True,
300073.SZ,300073,300073,当升科技,创业板,深市,创业板,801730.SI,电力设备,801737.SI,电池,电池,L,20100427,6008,16.45,41.28,6.173,11.111,False,True,True,0,0,0,0,True,
300074.SZ,300074,300074,华平股份,创业板,深市,创业板,801750.SI,计算机,801104.SI,软件开发,软件开发,L,20100427,6008,16.45,3.76,-1.828,5.263,False,True,True,0,0,0,0,True,
300075.SZ,300075,300075,数字政通,创业板,深市,创业板,801750.SI,计算机,801104.SI,软件开发,软件开发,L,20100427,6008,16.45,10.26,-2.193,8.411,False,True,True,0,0,0,0,True,
300077.SZ,300077,300077,国民技术,创业板,深市,创业板,801080.SI,电子,801081.SI,半导体,半导体,L,20100430,6005,16.44,19.14,-8.245,13.023,False,True,True,0,0,0,0,True,
300078.SZ,300078,300078,思创智联,创业板,深市,创业板,801750.SI,计算机,801103.SI,IT服务Ⅱ,IT服务Ⅱ,L,20100430,6005,16.44,2.66,-1.845,14.286,False,True,True,0,0,0,0,True,
300079.SZ,300079,300079,数码视讯,创业板,深市,创业板,801750.SI,计算机,801103.SI,IT服务Ⅱ,IT服务Ⅱ,L,20100430,6005,16.44,4.66,-2.51,12.245,False,True,True,0,0,0,0,True,
300080.SZ,300080,300080,易成新能,创业板,深市,创业板,801730.SI,电力设备,801735.SI,光伏设备,光伏设备,L,20100625,5949,16.29,3.69,0.0,24.324,False,True,True,0,0,0,0,True,
300083.SZ,300083,300083,创世纪,创业板,深市,创业板,801890.SI,机械设备,801078.SI,自动化设备,自动化设备,L,20100520,5985,16.39,11.21,-2.522,14.4,False,True,True,0,0,0,0,True,
300084.SZ,300084,300084,海默科技,创业板,深市,创业板,801890.SI,机械设备,801074.SI,专用设备,专用设备,L,20100520,5985,16.39,10.0,-0.497,12.381,False,True,True,0,0,0,0,True,
300085.SZ,300085,300085,银之杰,创业板,深市,创业板,801750.SI,计算机,801104.SI,软件开发,软件开发,L,20100526,5979,16.37,27.9,-3.727,9.804,False,True,True,0,0,0,0,True,
300086.SZ,300086,300086,康芝药业,创业板,深市,创业板,801150.SI,医药生物,801151.SI,化学制药,化学制药,L,20100526,5979,16.37,5.36,-0.186,18.182,False,True,True,0,0,0,0,True,
300088.SZ,300088,300088,长信科技,创业板,深市,创业板,801080.SI,电子,801084.SI,光学光电子,光学光电子,L,20100526,5979,16.37,6.47,-4.006,8.451,False,True,True,0,0,0,0,True,
300092.SZ,300092,300092,科新机电,创业板,深市,创业板,801890.SI,机械设备,801074.SI,专用设备,专用设备,L,20100708,5936,16.25,11.45,-0.78,8.621,False,True,True,0,0,0,0,True,
300093.SZ,300093,300093,金刚光伏,创业板,深市,创业板,801730.SI,电力设备,801735.SI,光伏设备,光伏设备,L,20100708,5936,16.25,19.64,-2.724,17.544,False,True,True,0,0,0,2,True,
300094.SZ,300094,300094,国联水产,创业板,深市,创业板,801010.SI,农林牧渔,801015.SI,渔业,渔业,L,20100708,5936,16.25,2.89,-1.027,17.241,False,True,True,0,0,0,0,True,
300095.SZ,300095,300095,华伍股份,创业板,深市,创业板,801890.SI,机械设备,801074.SI,专用设备,专用设备,L,20100728,5916,16.2,8.97,1.014,10.345,False,True,True,0,0,0,0,True,
300097.SZ,300097,300097,智云股份,创业板,深市,创业板,801890.SI,机械设备,801078.SI,自动化设备,自动化设备,L,20100728,5916,16.2,9.47,-3.662,12.745,False,True,True,0,0,0,0,True,
300098.SZ,300098,300098,高新兴,创业板,深市,创业板,801770.SI,通信,801102.SI,通信设备,通信设备,L,20100728,5916,16.2,4.1,-1.679,9.091,False,True,True,0,0,0,0,True,
300099.SZ,300099,300099,尤洛卡,创业板,深市,创业板,801890.SI,机械设备,801074.SI,专用设备,专用设备,L,20100806,5907,16.17,6.06,-1.142,6.452,False,True,True,0,0,0,0,True,
300100.SZ,300100,300100,双林股份,创业板,深市,创业板,801880.SI,汽车,801093.SI,汽车零部件,汽车零部件,L,20100806,5907,16.17,20.78,-6.312,36.364,False,True,True,0,0,0,0,True,
300101.SZ,300101,300101,振芯科技,创业板,深市,创业板,801740.SI,国防军工,801745.SI,军工电子Ⅱ,军工电子Ⅱ,L,20100806,5907,16.17,13.42,-1.032,14.583,False,True,True,0,0,0,0,True,
300102.SZ,300102,300102,乾照光电,创业板,深市,创业板,801080.SI,电子,801084.SI,光学光电子,光学光电子,L,20100812,5901,16.16,15.6,-1.141,13.953,False,True,True,0,0,0,0,True,
300103.SZ,300103,300103,达刚控股,创业板,深市,创业板,801890.SI,机械设备,801074.SI,专用设备,专用设备,L,20100812,5901,16.16,8.0,-0.621,12.5,False,True,True,0,0,0,0,True,
300105.SZ,300105,300105,龙源技术,创业板,深市,创业板,801970.SI,环保,801972.SI,环保设备Ⅱ,环保设备Ⅱ,L,20100820,5893,16.13,6.96,-0.855,17.333,False,True,True,0,0,0,0,True,
300106.SZ,300106,300106,西部牧业,创业板,深市,创业板,801120.SI,食品饮料,801127.SI,饮料乳品,饮料乳品,L,20100820,5893,16.13,10.7,0.375,10.185,False,True,True,0,0,0,0,True,
300107.SZ,300107,300107,建新股份,创业板,深市,创业板,801030.SI,基础化工,801034.SI,化学制品,化学制品,L,20100820,5893,16.13,7.28,2.391,10.145,False,True,True,0,0,0,0,True,
300109.SZ,300109,300109,新开源,创业板,深市,创业板,801030.SI,基础化工,801034.SI,化学制品,化学制品,L,20100825,5888,16.12,12.75,-1.009,22.222,False,True,True,0,0,0,0,True,
300110.SZ,300110,300110,华仁药业,创业板,深市,创业板,801150.SI,医药生物,801151.SI,化学制药,化学制药,L,20100825,5888,16.12,3.15,-0.631,15.625,False,True,True,0,0,0,0,True,
300111.SZ,300111,300111,向日葵,创业板,深市,创业板,801150.SI,医药生物,801151.SI,化学制药,化学制药,L,20100827,5886,16.11,2.97,-0.336,6.667,False,True,True,0,0,0,0,True,
300112.SZ,300112,300112,万讯自控,创业板,深市,创业板,801890.SI,机械设备,801072.SI,通用设备,通用设备,L,20100827,5886,16.11,9.58,-2.245,16.667,False,True,True,0,0,0,0,True,
300113.SZ,300113,300113,顺网科技,创业板,深市,创业板,801760.SI,传媒,801764.SI,游戏Ⅱ,游戏Ⅱ,L,20100827,5886,16.11,15.2,-4.463,12.422,False,True,True,0,0,0,0,True,
300115.SZ,300115,300115,长盈精密,创业板,深市,创业板,801080.SI,电子,801085.SI,消费电子,消费电子,L,20100902,5880,16.1,21.48,-4.448,19.672,False,True,True,0,0,0,0,True,
300118.SZ,300118,300118,东方日升,创业板,深市,创业板,801730.SI,电力设备,801735.SI,光伏设备,光伏设备,L,20100902,5880,16.1,8.71,-2.79,10.638,False,True,True,0,0,0,0,True,
300119.SZ,300119,300119,瑞普生物,创业板,深市,创业板,801010.SI,农林牧渔,801018.SI,动物保健Ⅱ,动物保健Ⅱ,L,20100917,5865,16.06,16.62,-0.835,13.793,False,True,True,0,0,0,0,True,
300120.SZ,300120,300120,经纬辉开,创业板,深市,创业板,801080.SI,电子,801084.SI,光学光电子,光学光电子,L,20100917,5865,16.06,7.32,2.092,5.405,False,True,True,0,0,0,0,True,
300121.SZ,300121,300121,阳谷华泰,创业板,深市,创业板,801030.SI,基础化工,801037.SI,橡胶,橡胶,L,20100917,5865,16.06,9.62,1.157,4.124,False,True,True,0,0,0,0,True,
300122.SZ,300122,300122,智飞生物,创业板,深市,创业板,801150.SI,医药生物,801152.SI,生物制品,生物制品,L,20100928,5854,16.03,13.59,-2.79,11.765,False,True,True,0,0,0,0,True,
300124.SZ,300124,300124,汇川技术,创业板,深市,创业板,801890.SI,机械设备,801078.SI,自动化设备,自动化设备,L,20100928,5854,16.03,49.85,-3.95,26.866,False,True,True,0,0,0,0,True,
300126.SZ,300126,300126,锐奇股份,创业板,深市,创业板,801890.SI,机械设备,801072.SI,通用设备,通用设备,L,20101013,5839,15.99,6.59,-0.753,12.308,False,True,True,0,0,0,0,True,
300127.SZ,300127,300127,银河磁体,创业板,深市,创业板,801050.SI,有色金属,801051.SI,金属新材料,金属新材料,L,20101013,5839,15.99,22.98,-0.476,11.29,False,True,True,0,0,0,0,True,
300128.SZ,300128,300128,锦富技术,创业板,深市,创业板,801730.SI,电力设备,801737.SI,电池,电池,L,20101013,5839,15.99,4.66,-2.917,12.245,False,True,True,0,0,0,0,True,
300129.SZ,300129,300129,泰胜风能,创业板,深市,创业板,801730.SI,电力设备,801736.SI,风电设备,风电设备,L,20101019,5833,15.97,7.41,-2.114,6.667,False,True,True,0,0,0,0,True,
300130.SZ,300130,300130,新国都,创业板,深市,创业板,801750.SI,计算机,801101.SI,计算机设备,计算机设备,L,20101019,5833,15.97,17.13,-4.568,11.29,False,True,True,0,0,0,0,True,
300131.SZ,300131,300131,英唐智控,创业板,深市,创业板,801080.SI,电子,801082.SI,其他电子Ⅱ,其他电子Ⅱ,L,20101019,5833,15.97,13.0,-4.412,14.103,False,True,True,0,0,0,0,True,
300132.SZ,300132,300132,诺斯贝尔,创业板,深市,创业板,801980.SI,美容护理,801982.SI,化妆品,化妆品,L,20101026,5826,15.95,6.06,-0.818,9.677,False,True,True,0,0,0,0,True,
300133.SZ,300133,300133,华策影视,创业板,深市,创业板,801760.SI,传媒,801766.SI,影视院线,影视院线,L,20101026,5826,15.95,7.56,-1.818,5.405,False,True,True,0,0,0,0,True,
300134.SZ,300134,300134,大富科技,创业板,深市,创业板,801770.SI,通信,801102.SI,通信设备,通信设备,L,20101026,5826,15.95,8.03,-1.714,9.524,False,True,True,0,0,0,0,True,
300135.SZ,300135,300135,宝利国际,创业板,深市,创业板,801960.SI,石油石化,801963.SI,炼化及贸易,炼化及贸易,L,20101026,5826,15.95,3.47,0.289,8.571,False,True,True,0,0,0,0,True,
300136.SZ,300136,300136,信维通信,创业板,深市,创业板,801080.SI,电子,801085.SI,消费电子,消费电子,L,20101105,5816,15.92,51.62,0.761,13.889,False,True,True,0,0,0,0,True,
300137.SZ,300137,300137,先河环保,创业板,深市,创业板,801970.SI,环保,801972.SI,环保设备Ⅱ,环保设备Ⅱ,L,20101105,5816,15.92,9.72,-1.52,16.19,False,True,True,0,0,0,0,True,
300138.SZ,300138,300138,晨光生物,创业板,深市,创业板,801010.SI,农林牧渔,801012.SI,农产品加工,农产品加工,L,20101105,5816,15.92,11.4,2.242,8.772,False,True,True,0,0,0,0,True,
300139.SZ,300139,300139,晓程科技,创业板,深市,创业板,801050.SI,有色金属,801053.SI,贵金属,贵金属,L,20101112,5809,15.9,41.53,-2.558,14.486,False,True,True,0,0,0,0,True,
300140.SZ,300140,300140,节能环境,创业板,深市,创业板,801970.SI,环保,801971.SI,环境治理,环境治理,L,20101112,5809,15.9,5.36,0.0,30.769,False,True,True,0,0,0,0,True,
300141.SZ,300141,300141,和顺电气,创业板,深市,创业板,801730.SI,电力设备,801738.SI,电网设备,电网设备,L,20101112,5809,15.9,10.03,0.703,5.882,False,True,True,0,0,0,0,True,
300142.SZ,300142,300142,沃森生物,创业板,深市,创业板,801150.SI,医药生物,801152.SI,生物制品,生物制品,L,20101112,5809,15.9,14.08,-1.054,7.914,False,True,True,0,0,0,0,True,
300143.SZ,300143,300143,盈康生命,创业板,深市,创业板,801150.SI,医药生物,801156.SI,医疗服务,医疗服务,L,20101209,5782,15.83,7.73,-1.529,11.538,False,True,True,0,0,0,0,True,
300144.SZ,300144,300144,宋城演艺,创业板,深市,创业板,801210.SI,社会服务,801993.SI,旅游及景区,旅游及景区,L,20101209,5782,15.83,5.53,-1.601,6.667,False,True,True,0,0,0,0,True,
300145.SZ,300145,300145,南方泵业,创业板,深市,创业板,801890.SI,机械设备,801072.SI,通用设备,通用设备,L,20101209,5782,15.83,4.46,-1.762,14.583,False,True,True,0,0,0,0,True,
300146.SZ,300146,300146,汤臣倍健,创业板,深市,创业板,801120.SI,食品饮料,801124.SI,食品加工,食品加工,L,20101215,5776,15.81,9.43,0.0,10.204,False,True,True,0,0,0,0,True,
300148.SZ,300148,300148,天舟文化,创业板,深市,创业板,801760.SI,传媒,801769.SI,出版,出版,L,20101215,5776,15.81,3.46,-1.983,5.882,False,True,True,0,0,0,0,True,
300149.SZ,300149,300149,睿智医药,创业板,深市,创业板,801150.SI,医药生物,801156.SI,医疗服务,医疗服务,L,20101222,5769,15.79,9.45,-4.545,8.163,False,True,True,0,0,0,0,True,
300150.SZ,300150,300150,世纪瑞尔,创业板,深市,创业板,801750.SI,计算机,801103.SI,IT服务Ⅱ,IT服务Ⅱ,L,20101222,5769,15.79,4.13,-0.241,9.524,False,True,True,0,0,0,0,True,
300151.SZ,300151,300151,昌红科技,创业板,深市,创业板,801890.SI,机械设备,801074.SI,专用设备,专用设备,L,20101222,5769,15.79,19.01,-4.087,17.647,False,True,True,0,0,0,0,True,
300153.SZ,300153,300153,科泰电源,创业板,深市,创业板,801730.SI,电力设备,801733.SI,其他电源设备Ⅱ,其他电源设备Ⅱ,L,20101229,5762,15.78,22.32,-5.862,19.608,False,True,True,0,0,0,0,True,
300154.SZ,300154,300154,瑞凌股份,创业板,深市,创业板,801890.SI,机械设备,801072.SI,通用设备,通用设备,L,20101229,5762,15.78,13.56,-0.877,11.765,False,True,True,0,0,0,0,True,
300155.SZ,300155,300155,安居宝,创业板,深市,创业板,801750.SI,计算机,801101.SI,计算机设备,计算机设备,L,20110107,5753,15.75,4.52,-2.586,8.696,False,True,True,0,0,0,0,True,
300157.SZ,300157,300157,新锦动力,创业板,深市,创业板,801890.SI,机械设备,801072.SI,通用设备,通用设备,L,20110107,5753,15.75,3.68,2.222,15.385,False,True,True,0,0,0,0,True,
300158.SZ,300158,300158,振东制药,创业板,深市,创业板,801150.SI,医药生物,801155.SI,中药Ⅱ,中药Ⅱ,L,20110107,5753,15.75,5.15,-1.152,9.434,False,True,True,0,0,0,0,True,
300159.SZ,300159,300159,新研股份,创业板,深市,创业板,801890.SI,机械设备,801074.SI,专用设备,专用设备,L,20110107,5753,15.75,2.74,0.735,20.0,False,True,True,0,0,0,2,True,
300160.SZ,300160,300160,秀强股份,创业板,深市,创业板,801110.SI,家用电器,801116.SI,家电零部件Ⅱ,家电零部件Ⅱ,L,20110113,5747,15.73,4.41,-0.226,20.455,False,True,True,0,0,0,0,True,
300161.SZ,300161,300161,华中数控,创业板,深市,创业板,801890.SI,机械设备,801072.SI,通用设备,通用设备,L,20110113,5747,15.73,25.5,-1.848,17.91,False,True,True,0,0,0,0,True,
300162.SZ,300162,300162,雷曼光电,创业板,深市,创业板,801080.SI,电子,801084.SI,光学光电子,光学光电子,L,20110113,5747,15.73,9.72,6.462,9.89,False,True,True,0,0,0,0,True,
300163.SZ,300163,300163,先锋新材,创业板,深市,创业板,801030.SI,基础化工,801034.SI,化学制品,化学制品,L,20110113,5747,15.73,7.2,-0.826,9.211,False,True,True,0,0,0,0,True,
300164.SZ,300164,300164,通源石油,创业板,深市,创业板,801960.SI,石油石化,801962.SI,油服工程,油服工程,L,20110113,5747,15.73,9.31,7.258,6.667,False,True,True,0,0,0,0,True,
300165.SZ,300165,300165,天瑞仪器,创业板,深市,创业板,801890.SI,机械设备,801072.SI,通用设备,通用设备,L,20110125,5735,15.7,4.97,-0.201,7.843,False,True,True,0,0,0,0,True,
300166.SZ,300166,300166,东方国信,创业板,深市,创业板,801750.SI,计算机,801103.SI,IT服务Ⅱ,IT服务Ⅱ,L,20110125,5735,15.7,11.21,-1.58,13.675,False,True,True,0,0,0,0,True,
300168.SZ,300168,300168,万达信息,创业板,深市,创业板,801750.SI,计算机,801103.SI,IT服务Ⅱ,IT服务Ⅱ,L,20110125,5735,15.7,4.75,-1.859,20.0,False,True,True,0,0,0,0,True,
300169.SZ,300169,300169,天晟新材,创业板,深市,创业板,801030.SI,基础化工,801034.SI,化学制品,化学制品,L,20110125,5735,15.7,5.45,-1.268,5.357,False,True,True,0,0,0,0,True,
300170.SZ,300170,300170,汉得信息,创业板,深市,创业板,801750.SI,计算机,801103.SI,IT服务Ⅱ,IT服务Ⅱ,L,20110201,5728,15.68,14.61,-3.437,10.256,False,True,True,0,0,0,0,True,
300171.SZ,300171,300171,东富龙,创业板,深市,创业板,801150.SI,医药生物,801153.SI,医疗器械,医疗器械,L,20110201,5728,15.68,15.95,-2.921,15.385,False,True,True,0,0,0,0,True,
300172.SZ,300172,300172,中电环保,创业板,深市,创业板,801970.SI,环保,801971.SI,环境治理,环境治理,L,20110201,5728,15.68,4.63,1.982,6.667,False,True,True,0,0,0,0,True,
300174.SZ,300174,300174,元力股份,创业板,深市,创业板,801030.SI,基础化工,801034.SI,化学制品,化学制品,L,20110201,5728,15.68,16.94,-0.118,11.29,False,True,True,0,0,0,0,True,
300175.SZ,300175,300175,朗源股份,创业板,深市,创业板,801010.SI,农林牧渔,801012.SI,农产品加工,农产品加工,L,20110215,5714,15.64,5.4,0.372,12.069,False,True,True,0,0,0,2,True,
300177.SZ,300177,300177,中海达,创业板,深市,创业板,801740.SI,国防军工,801745.SI,军工电子Ⅱ,军工电子Ⅱ,L,20110215,5714,15.64,5.9,-1.667,9.677,False,True,True,0,0,0,0,True,
300179.SZ,300179,300179,四方达,创业板,深市,创业板,801890.SI,机械设备,801072.SI,通用设备,通用设备,L,20110215,5714,15.64,37.41,-4.469,13.208,False,True,True,0,0,0,0,True,
300180.SZ,300180,300180,华峰超纤,创业板,深市,创业板,801030.SI,基础化工,801036.SI,塑料,塑料,L,20110222,5707,15.62,4.3,-0.693,10.87,False,True,True,0,0,0,0,True,
300181.SZ,300181,300181,佐力药业,创业板,深市,创业板,801150.SI,医药生物,801155.SI,中药Ⅱ,中药Ⅱ,L,20110222,5707,15.62,13.12,-0.681,9.701,False,True,True,0,0,0,0,True,
300182.SZ,300182,300182,捷成股份,创业板,深市,创业板,801760.SI,传媒,801766.SI,影视院线,影视院线,L,20110222,5707,15.62,5.01,-4.571,5.882,False,True,True,0,0,0,0,True,
300183.SZ,300183,300183,东软载波,创业板,深市,创业板,801770.SI,通信,801102.SI,通信设备,通信设备,L,20110222,5707,15.62,10.54,-0.847,11.111,False,True,True,0,0,0,0,True,
300184.SZ,300184,300184,力源信息,创业板,深市,创业板,801080.SI,电子,801082.SI,其他电子Ⅱ,其他电子Ⅱ,L,20110222,5707,15.62,10.68,-2.377,10.924,False,True,True,0,0,0,0,True,
300185.SZ,300185,300185,通裕重工,创业板,深市,创业板,801730.SI,电力设备,801736.SI,风电设备,风电设备,L,20110308,5693,15.59,2.83,1.071,3.704,False,True,True,0,0,0,0,True,
300187.SZ,300187,300187,永清环保,创业板,深市,创业板,801970.SI,环保,801971.SI,环境治理,环境治理,L,20110308,5693,15.59,4.51,0.0,12.766,False,True,True,0,0,0,0,True,
300188.SZ,300188,300188,国投智能,创业板,深市,创业板,801750.SI,计算机,801104.SI,软件开发,软件开发,L,20110316,5685,15.56,10.28,-2.559,13.208,False,True,True,0,0,0,0,True,
300189.SZ,300189,300189,神农种业,创业板,深市,创业板,801010.SI,农林牧渔,801016.SI,种植业,种植业,L,20110316,5685,15.56,6.06,1.0,8.197,False,True,True,0,0,0,0,True,
300190.SZ,300190,300190,维尔利,创业板,深市,创业板,801970.SI,环保,801971.SI,环境治理,环境治理,L,20110316,5685,15.56,3.73,-0.267,10.526,False,True,True,0,0,0,0,True,
300191.SZ,300191,300191,潜能恒信,创业板,深市,创业板,801960.SI,石油石化,801962.SI,油服工程,油服工程,L,20110316,5685,15.56,31.15,1.797,20.0,False,True,True,0,0,0,0,True,
300192.SZ,300192,300192,科德教育,创业板,深市,创业板,801210.SI,社会服务,801994.SI,教育,教育,L,20110322,5679,15.55,24.23,3.459,13.525,False,True,True,0,0,0,0,True,
300193.SZ,300193,300193,佳士科技,创业板,深市,创业板,801890.SI,机械设备,801072.SI,通用设备,通用设备,L,20110322,5679,15.55,7.95,0.76,8.861,False,True,True,0,0,0,0,True,
300194.SZ,300194,300194,福安药业,创业板,深市,创业板,801150.SI,医药生物,801151.SI,化学制药,化学制药,L,20110322,5679,15.55,3.93,1.028,7.692,False,True,True,0,0,0,0,True,
300195.SZ,300195,300195,长荣股份,创业板,深市,创业板,801890.SI,机械设备,801074.SI,专用设备,专用设备,L,20110329,5672,15.53,6.13,-2.233,11.475,False,True,True,0,0,0,0,True,
300196.SZ,300196,300196,长海股份,创业板,深市,创业板,801710.SI,建筑材料,801712.SI,玻璃玻纤,玻璃玻纤,L,20110329,5672,15.53,16.87,-1.575,13.846,False,True,True,0,0,0,0,True,
300197.SZ,300197,300197,节能铁汉,创业板,深市,创业板,801720.SI,建筑装饰,801723.SI,基础建设,基础建设,L,20110329,5672,15.53,1.97,0.0,10.0,False,True,True,0,0,0,0,True,
300199.SZ,300199,300199,翰宇药业,创业板,深市,创业板,801150.SI,医药生物,801151.SI,化学制药,化学制药,L,20110407,5663,15.5,23.75,-0.711,5.508,False,True,True,0,0,0,0,True,
300200.SZ,300200,300200,高盟新材,创业板,深市,创业板,801030.SI,基础化工,801034.SI,化学制品,化学制品,L,20110407,5663,15.5,8.08,-0.737,9.412,False,True,True,0,0,0,0,True,
300201.SZ,300201,300201,海伦哲,创业板,深市,创业板,801890.SI,机械设备,801077.SI,工程机械,工程机械,L,20110407,5663,15.5,12.51,-1.651,14.925,False,True,True,0,0,0,0,True,
300203.SZ,300203,300203,聚光科技,创业板,深市,创业板,801970.SI,环保,801972.SI,环保设备Ⅱ,环保设备Ⅱ,L,20110415,5655,15.48,13.07,-3.328,12.121,False,True,True,0,0,0,0,True,
300204.SZ,300204,300204,舒泰神,创业板,深市,创业板,801150.SI,医药生物,801151.SI,化学制药,化学制药,L,20110415,5655,15.48,20.26,-0.881,9.615,False,True,True,0,0,0,0,True,
300206.SZ,300206,300206,理邦仪器,创业板,深市,创业板,801150.SI,医药生物,801153.SI,医疗器械,医疗器械,L,20110421,5649,15.47,11.44,-1.971,8.475,False,True,True,0,0,0,0,True,
300207.SZ,300207,300207,欣旺达,创业板,深市,创业板,801730.SI,电力设备,801737.SI,电池,电池,L,20110421,5649,15.47,21.5,-2.273,17.073,False,True,True,0,0,0,0,True,
300209.SZ,300209,300209,行云科技,创业板,深市,创业板,801750.SI,计算机,801104.SI,软件开发,软件开发,L,20110426,5644,15.45,33.77,1.87,10.92,False,True,True,0,0,0,0,True,
300210.SZ,300210,300210,森远股份,创业板,深市,创业板,801970.SI,环保,801972.SI,环保设备Ⅱ,环保设备Ⅱ,L,20110426,5644,15.45,7.32,4.721,18.293,False,True,True,0,0,0,0,True,
300213.SZ,300213,300213,佳讯飞鸿,创业板,深市,创业板,801770.SI,通信,801102.SI,通信设备,通信设备,L,20110505,5635,15.43,6.36,-2.154,6.25,False,True,True,0,0,0,0,True,
300215.SZ,300215,300215,电科院,创业板,深市,创业板,801210.SI,社会服务,801218.SI,专业服务,专业服务,L,20110511,5629,15.41,6.57,1.703,9.375,False,True,True,0,0,0,0,True,
300217.SZ,300217,300217,东方电热,创业板,深市,创业板,801110.SI,家用电器,801116.SI,家电零部件Ⅱ,家电零部件Ⅱ,L,20110518,5622,15.39,4.0,0.251,14.286,False,True,True,0,0,0,0,True,
300218.SZ,300218,300218,安利股份,创业板,深市,创业板,801030.SI,基础化工,801036.SI,塑料,塑料,L,20110518,5622,15.39,12.56,0.0,9.524,False,True,True,0,0,0,0,True,
300219.SZ,300219,300219,鸿利智汇,创业板,深市,创业板,801080.SI,电子,801084.SI,光学光电子,光学光电子,L,20110518,5622,15.39,6.52,-2.102,7.246,False,True,True,0,0,0,0,True,
300220.SZ,300220,300220,金运激光,创业板,深市,创业板,801140.SI,轻工制造,801145.SI,文娱用品,文娱用品,L,20110525,5615,15.37,11.27,0.356,15.455,False,True,True,0,0,0,0,True,
300221.SZ,300221,300221,银禧科技,创业板,深市,创业板,801030.SI,基础化工,801036.SI,塑料,塑料,L,20110525,5615,15.37,12.83,-1.911,10.791,False,True,True,0,0,0,0,True,
300222.SZ,300222,300222,科大智能,创业板,深市,创业板,801730.SI,电力设备,801738.SI,电网设备,电网设备,L,20110525,5615,15.37,9.33,-2.099,8.911,False,True,True,0,0,0,0,True,
300223.SZ,300223,300223,君正股份,创业板,深市,创业板,801080.SI,电子,801081.SI,半导体,半导体,L,20110531,5609,15.36,119.74,-7.286,14.286,False,True,True,0,0,0,0,True,
300224.SZ,300224,300224,正海磁材,创业板,深市,创业板,801050.SI,有色金属,801051.SI,金属新材料,金属新材料,L,20110531,5609,15.36,11.41,-1.383,11.966,False,True,True,0,0,0,0,True,
300225.SZ,300225,300225,金力泰,创业板,深市,创业板,801030.SI,基础化工,801034.SI,化学制品,化学制品,L,20110531,5609,15.36,8.05,2.81,10.0,False,True,True,0,0,0,2,True,
300226.SZ,300226,300226,上海钢联,创业板,深市,创业板,801750.SI,计算机,801104.SI,软件开发,软件开发,L,20110608,5601,15.33,16.71,0.12,8.333,False,True,True,0,0,0,0,True,
300227.SZ,300227,300227,光韵达,创业板,深市,创业板,801890.SI,机械设备,801078.SI,自动化设备,自动化设备,L,20110608,5601,15.33,9.92,-0.701,24.771,False,True,True,0,0,0,0,True,
300228.SZ,300228,300228,富瑞特装,创业板,深市,创业板,801890.SI,机械设备,801072.SI,通用设备,通用设备,L,20110608,5601,15.33,6.62,2.477,14.925,False,True,True,0,0,0,0,True,
300229.SZ,300229,300229,拓尔思,创业板,深市,创业板,801750.SI,计算机,801104.SI,软件开发,软件开发,L,20110615,5594,15.32,12.31,-3.602,11.94,False,True,True,0,0,0,0,True,
300230.SZ,300230,300230,永利股份,创业板,深市,创业板,801030.SI,基础化工,801036.SI,塑料,塑料,L,20110615,5594,15.32,4.32,-0.69,4.651,False,True,True,0,0,0,0,True,
300231.SZ,300231,300231,银信科技,创业板,深市,创业板,801750.SI,计算机,801103.SI,IT服务Ⅱ,IT服务Ⅱ,L,20110615,5594,15.32,8.06,-1.226,8.434,False,True,True,0,0,0,0,True,
300232.SZ,300232,300232,洲明科技,创业板,深市,创业板,801080.SI,电子,801084.SI,光学光电子,光学光电子,L,20110622,5587,15.3,5.31,-0.748,9.434,False,True,True,0,0,0,0,True,
300233.SZ,300233,300233,金城医药,创业板,深市,创业板,801150.SI,医药生物,801151.SI,化学制药,化学制药,L,20110622,5587,15.3,13.5,-0.735,9.091,False,True,True,0,0,0,0,True,
300234.SZ,300234,300234,开尔新材,创业板,深市,创业板,801710.SI,建筑材料,801713.SI,装修建材,装修建材,L,20110622,5587,15.3,10.2,1.392,19.811,False,True,True,0,0,0,0,True,
300235.SZ,300235,300235,方直科技,创业板,深市,创业板,801750.SI,计算机,801104.SI,软件开发,软件开发,L,20110629,5580,15.28,12.03,3.618,11.111,False,True,True,0,0,0,0,True,
300236.SZ,300236,300236,上海新阳,创业板,深市,创业板,801080.SI,电子,801086.SI,电子化学品Ⅱ,电子化学品Ⅱ,L,20110629,5580,15.28,80.05,-5.624,10.0,False,True,True,0,0,0,0,True,
300238.SZ,300238,300238,冠昊生物,创业板,深市,创业板,801150.SI,医药生物,801153.SI,医疗器械,医疗器械,L,20110706,5573,15.26,11.69,-2.176,9.322,False,True,True,0,0,0,0,True,
300239.SZ,300239,300239,东宝生物,创业板,深市,创业板,801150.SI,医药生物,801152.SI,生物制品,生物制品,L,20110706,5573,15.26,5.53,1.282,9.804,False,True,True,0,0,0,0,True,
300240.SZ,300240,300240,飞力达,创业板,深市,创业板,801170.SI,交通运输,801178.SI,物流,物流,L,20110706,5573,15.26,6.23,1.301,13.333,False,True,True,0,0,0,0,True,
300241.SZ,300241,300241,瑞丰光电,创业板,深市,创业板,801080.SI,电子,801084.SI,光学光电子,光学光电子,L,20110712,5567,15.24,5.63,-0.706,5.172,False,True,True,0,0,0,0,True,
300243.SZ,300243,300243,瑞丰高材,创业板,深市,创业板,801030.SI,基础化工,801036.SI,塑料,塑料,L,20110712,5567,15.24,20.34,-0.196,12.442,False,True,True,0,0,0,0,True,
300244.SZ,300244,300244,迪安诊断,创业板,深市,创业板,801150.SI,医药生物,801156.SI,医疗服务,医疗服务,L,20110719,5560,15.22,19.73,-3.85,13.793,False,True,True,0,0,0,0,True,
300247.SZ,300247,300247,融捷健康,创业板,深市,创业板,801110.SI,家用电器,801117.SI,其他家电Ⅱ,其他家电Ⅱ,L,20110729,5550,15.2,3.66,-0.543,8.108,False,True,True,0,0,0,0,True,
300248.SZ,300248,300248,新开普,创业板,深市,创业板,801750.SI,计算机,801101.SI,计算机设备,计算机设备,L,20110729,5550,15.2,8.1,-1.818,12.644,False,True,True,0,0,0,0,True,
300249.SZ,300249,300249,依米康,创业板,深市,创业板,801750.SI,计算机,801101.SI,计算机设备,计算机设备,L,20110803,5545,15.18,12.09,-2.342,8.333,False,True,True,0,0,0,0,True,
300250.SZ,300250,300250,初灵信息,创业板,深市,创业板,801750.SI,计算机,801103.SI,IT服务Ⅱ,IT服务Ⅱ,L,20110803,5545,15.18,14.35,-0.966,9.211,False,True,True,0,0,0,0,True,
300251.SZ,300251,300251,光线传媒,创业板,深市,创业板,801760.SI,传媒,801766.SI,影视院线,影视院线,L,20110803,5545,15.18,10.59,-3.464,10.345,False,True,True,0,0,0,0,True,
300252.SZ,300252,300252,金信诺,创业板,深市,创业板,801740.SI,国防军工,801745.SI,军工电子Ⅱ,军工电子Ⅱ,L,20110818,5530,15.14,11.15,-2.107,11.111,False,True,True,0,0,0,0,True,
300253.SZ,300253,300253,卫宁健康,创业板,深市,创业板,801750.SI,计算机,801104.SI,软件开发,软件开发,L,20110818,5530,15.14,6.91,-1.003,10.0,False,True,True,0,0,0,0,True,
300254.SZ,300254,300254,仟源医药,创业板,深市,创业板,801150.SI,医药生物,801151.SI,化学制药,化学制药,L,20110819,5529,15.14,9.18,-0.109,5.556,False,True,True,0,0,0,0,True,
300255.SZ,300255,300255,常山药业,创业板,深市,创业板,801150.SI,医药生物,801151.SI,化学制药,化学制药,L,20110819,5529,15.14,21.89,-4.577,16.949,False,True,True,0,0,0,0,True,
300256.SZ,300256,300256,星星科技,创业板,深市,创业板,801080.SI,电子,801085.SI,消费电子,消费电子,L,20110819,5529,15.14,2.55,-1.544,14.815,False,True,True,0,0,0,0,True,
300257.SZ,300257,300257,开山股份,创业板,深市,创业板,801890.SI,机械设备,801072.SI,通用设备,通用设备,L,20110819,5529,15.14,16.74,-3.682,55.556,False,True,True,0,0,0,0,True,
300258.SZ,300258,300258,精锻科技,创业板,深市,创业板,801880.SI,汽车,801093.SI,汽车零部件,汽车零部件,L,20110826,5522,15.12,8.75,-1.353,19.78,False,True,True,0,0,0,0,True,
300259.SZ,300259,300259,新天科技,创业板,深市,创业板,801890.SI,机械设备,801072.SI,通用设备,通用设备,L,20110831,5517,15.1,3.81,-2.558,9.524,False,True,True,0,0,0,0,True,
300260.SZ,300260,300260,新莱应材,创业板,深市,创业板,801890.SI,机械设备,801072.SI,通用设备,通用设备,L,20110906,5511,15.09,49.82,-8.486,16.892,False,True,True,0,0,0,0,True,
300261.SZ,300261,300261,雅本化学,创业板,深市,创业板,801030.SI,基础化工,801038.SI,农化制品,农化制品,L,20110906,5511,15.09,4.85,-1.423,8.0,False,True,True,0,0,0,0,True,
300263.SZ,300263,300263,隆华科技,创业板,深市,创业板,801890.SI,机械设备,801072.SI,通用设备,通用设备,L,20110916,5501,15.06,9.43,-3.677,8.824,False,True,True,0,0,0,0,True,
300264.SZ,300264,300264,佳创视讯,创业板,深市,创业板,801750.SI,计算机,801103.SI,IT服务Ⅱ,IT服务Ⅱ,L,20110916,5501,15.06,5.83,-1.686,9.836,False,True,True,0,0,0,0,True,
300265.SZ,300265,300265,通光线缆,创业板,深市,创业板,801730.SI,电力设备,801738.SI,电网设备,电网设备,L,20110916,5501,15.06,11.89,0.338,14.706,False,True,True,0,0,0,0,True,
300266.SZ,300266,300266,兴源环境,创业板,深市,创业板,801970.SI,环保,801971.SI,环境治理,环境治理,L,20110927,5490,15.03,1.86,-0.535,11.111,False,True,True,0,0,0,0,True,
300267.SZ,300267,300267,尔康制药,创业板,深市,创业板,801150.SI,医药生物,801151.SI,化学制药,化学制药,L,20110927,5490,15.03,3.23,-0.92,12.5,False,True,True,0,0,0,0,True,
300268.SZ,300268,300268,佳沃食品,创业板,深市,创业板,801010.SI,农林牧渔,801012.SI,农产品加工,农产品加工,L,20110927,5490,15.03,11.72,-1.595,12.5,False,True,True,0,0,0,0,True,
300269.SZ,300269,300269,联建光电,创业板,深市,创业板,801080.SI,电子,801084.SI,光学光电子,光学光电子,L,20111012,5475,14.99,4.48,-1.754,10.638,False,True,True,0,0,0,0,True,
300270.SZ,300270,300270,中威电子,创业板,深市,创业板,801750.SI,计算机,801101.SI,计算机设备,计算机设备,L,20111012,5475,14.99,10.13,-0.783,13.208,False,True,True,0,0,0,0,True,
300271.SZ,300271,300271,华宇软件,创业板,深市,创业板,801750.SI,计算机,801103.SI,IT服务Ⅱ,IT服务Ⅱ,L,20111026,5461,14.95,5.61,-2.435,10.714,False,True,True,0,0,0,0,True,
300272.SZ,300272,300272,开能健康,创业板,深市,创业板,801110.SI,家用电器,801113.SI,小家电,小家电,L,20111102,5454,14.93,6.02,-0.66,8.475,False,True,True,0,0,0,0,True,
300274.SZ,300274,300274,阳光电源,创业板,深市,创业板,801730.SI,电力设备,801735.SI,光伏设备,光伏设备,L,20111102,5454,14.93,80.49,-2.425,31.707,False,True,True,0,0,0,0,True,
300275.SZ,300275,300275,梅安森,创业板,深市,创业板,801750.SI,计算机,801101.SI,计算机设备,计算机设备,L,20111102,5454,14.93,8.81,-0.564,11.364,False,True,True,0,0,0,0,True,
300276.SZ,300276,300276,三丰智能,创业板,深市,创业板,801890.SI,机械设备,801078.SI,自动化设备,自动化设备,L,20111115,5441,14.9,5.94,-3.415,12.903,False,True,True,0,0,0,0,True,
300277.SZ,300277,300277,汽轮科技,创业板,深市,创业板,801750.SI,计算机,801103.SI,IT服务Ⅱ,IT服务Ⅱ,L,20111123,5433,14.87,12.95,1.569,9.524,False,True,True,0,0,0,0,True,
300278.SZ,300278,300278,华昌达,创业板,深市,创业板,801890.SI,机械设备,801078.SI,自动化设备,自动化设备,L,20111216,5410,14.81,3.41,-2.849,13.514,False,True,True,0,0,0,0,True,
300279.SZ,300279,300279,和晶科技,创业板,深市,创业板,801110.SI,家用电器,801116.SI,家电零部件Ⅱ,家电零部件Ⅱ,L,20111229,5397,14.78,5.6,-3.945,6.897,False,True,True,0,0,0,0,True,
300281.SZ,300281,300281,金明精机,创业板,深市,创业板,801890.SI,机械设备,801074.SI,专用设备,专用设备,L,20111229,5397,14.78,6.87,-1.576,17.91,False,True,True,0,0,0,0,True,
300283.SZ,300283,300283,温州宏丰,创业板,深市,创业板,801730.SI,电力设备,801738.SI,电网设备,电网设备,L,20120110,5385,14.74,12.43,-3.643,11.029,False,True,True,0,0,0,0,True,
300284.SZ,300284,300284,苏交科,创业板,深市,创业板,801720.SI,建筑装饰,801726.SI,工程咨询服务Ⅱ,工程咨询服务Ⅱ,L,20120110,5385,14.74,5.11,0.196,20.755,False,True,True,0,0,0,0,True,
300285.SZ,300285,300285,国瓷材料,创业板,深市,创业板,801080.SI,电子,801086.SI,电子化学品Ⅱ,电子化学品Ⅱ,L,20120113,5382,14.74,60.2,-4.535,11.712,False,True,True,0,0,0,0,True,
300286.SZ,300286,300286,安科瑞,创业板,深市,创业板,801730.SI,电力设备,801738.SI,电网设备,电网设备,L,20120113,5382,14.74,18.55,-1.33,10.204,False,True,True,0,0,0,0,True,
300287.SZ,300287,300287,飞利信,创业板,深市,创业板,801750.SI,计算机,801103.SI,IT服务Ⅱ,IT服务Ⅱ,L,20120201,5363,14.68,3.44,-1.714,8.333,False,True,True,0,0,0,0,True,
300288.SZ,300288,300288,朗玛信息,创业板,深市,创业板,801750.SI,计算机,801103.SI,IT服务Ⅱ,IT服务Ⅱ,L,20120216,5348,14.64,9.45,-1.971,7.143,False,True,True,0,0,0,0,True,
300289.SZ,300289,300289,利德曼,创业板,深市,创业板,801150.SI,医药生物,801153.SI,医疗器械,医疗器械,L,20120216,5348,14.64,6.03,-0.495,8.475,False,True,True,0,0,0,0,True,
300291.SZ,300291,300291,百纳千成,创业板,深市,创业板,801760.SI,传媒,801766.SI,影视院线,影视院线,L,20120209,5355,14.66,4.84,-3.006,16.667,False,True,True,0,0,0,0,True,
300292.SZ,300292,300292,吴通控股,创业板,深市,创业板,801770.SI,通信,801223.SI,通信服务,通信服务,L,20120229,5335,14.61,4.28,-1.609,8.889,False,True,True,0,0,0,0,True,
300293.SZ,300293,300293,蓝英装备,创业板,深市,创业板,801890.SI,机械设备,801074.SI,专用设备,专用设备,L,20120308,5327,14.58,13.55,-1.812,13.725,False,True,True,0,0,0,0,True,
300294.SZ,300294,300294,博雅生物,创业板,深市,创业板,801150.SI,医药生物,801152.SI,生物制品,生物制品,L,20120308,5327,14.58,14.66,-1.874,10.526,False,True,True,0,0,0,0,True,
300296.SZ,300296,300296,利亚德,创业板,深市,创业板,801080.SI,电子,801084.SI,光学光电子,光学光电子,L,20120315,5320,14.57,4.61,-2.123,16.0,False,True,True,0,0,0,0,True,
300298.SZ,300298,300298,三诺生物,创业板,深市,创业板,801150.SI,医药生物,801153.SI,医疗器械,医疗器械,L,20120319,5316,14.55,16.0,-1.841,7.5,False,True,True,0,0,0,0,True,
300299.SZ,300299,300299,富春股份,创业板,深市,创业板,801760.SI,传媒,801764.SI,游戏Ⅱ,游戏Ⅱ,L,20120319,5316,14.55,5.22,-2.247,7.273,False,True,True,0,0,0,0,True,
300300.SZ,300300,300300,海峡创新,创业板,深市,创业板,801750.SI,计算机,801103.SI,IT服务Ⅱ,IT服务Ⅱ,L,20120319,5316,14.55,10.45,-6.11,4.587,False,True,True,0,0,0,0,True,
300302.SZ,300302,300302,同有科技,创业板,深市,创业板,801750.SI,计算机,801101.SI,计算机设备,计算机设备,L,20120321,5314,14.55,24.97,-2.765,10.638,False,True,True,0,0,0,0,True,
300303.SZ,300303,300303,聚飞光电,创业板,深市,创业板,801080.SI,电子,801084.SI,光学光电子,光学光电子,L,20120319,5316,14.55,6.24,-1.887,13.235,False,True,True,0,0,0,0,True,
300304.SZ,300304,300304,云意电气,创业板,深市,创业板,801880.SI,汽车,801093.SI,汽车零部件,汽车零部件,L,20120321,5314,14.55,12.21,1.076,11.864,False,True,True,0,0,0,0,True,
300305.SZ,300305,300305,裕兴股份,创业板,深市,创业板,801030.SI,基础化工,801036.SI,塑料,塑料,L,20120329,5306,14.53,6.47,2.373,9.231,False,True,True,0,0,0,0,True,
300306.SZ,300306,300306,远方信息,创业板,深市,创业板,801890.SI,机械设备,801072.SI,通用设备,通用设备,L,20120329,5306,14.53,10.29,-1.058,12.871,False,True,True,0,0,0,0,True,
300307.SZ,300307,300307,慈星股份,创业板,深市,创业板,801890.SI,机械设备,801074.SI,专用设备,专用设备,L,20120329,5306,14.53,6.81,-0.873,8.219,False,True,True,0,0,0,0,True,
300308.SZ,300308,300308,中际旭创,创业板,深市,创业板,801770.SI,通信,801102.SI,通信设备,通信设备,L,20120410,5294,14.49,783.0,-3.147,13.223,False,True,True,0,0,0,0,True,
300310.SZ,300310,300310,宜通世纪,创业板,深市,创业板,801770.SI,通信,801223.SI,通信服务,通信服务,L,20120425,5279,14.45,4.18,-1.182,6.977,False,True,True,0,0,0,0,True,
300313.SZ,300313,300313,天山生物,创业板,深市,创业板,801010.SI,农林牧渔,801017.SI,养殖业,养殖业,L,20120425,5279,14.45,12.21,1.244,11.024,False,True,True,0,0,0,2,True,
300314.SZ,300314,300314,戴维医疗,创业板,深市,创业板,801150.SI,医药生物,801153.SI,医疗器械,医疗器械,L,20120508,5266,14.42,12.72,-1.089,10.236,False,True,True,0,0,0,0,True,
300315.SZ,300315,300315,掌趣科技,创业板,深市,创业板,801760.SI,传媒,801764.SI,游戏Ⅱ,游戏Ⅱ,L,20120511,5263,14.41,3.82,-3.046,15.0,False,True,True,0,0,0,0,True,
300316.SZ,300316,300316,晶盛机电,创业板,深市,创业板,801730.SI,电力设备,801735.SI,光伏设备,光伏设备,L,20120511,5263,14.41,35.29,-1.644,30.769,False,True,True,0,0,0,0,True,
300317.SZ,300317,300317,珈伟新能,创业板,深市,创业板,801160.SI,公用事业,801161.SI,电力,电力,L,20120511,5263,14.41,4.07,0.0,5.0,False,True,True,0,0,0,0,True,
300318.SZ,300318,300318,博晖创新,创业板,深市,创业板,801150.SI,医药生物,801152.SI,生物制品,生物制品,L,20120523,5251,14.38,5.17,-1.147,16.0,False,True,True,0,0,0,0,True,
300319.SZ,300319,300319,麦捷科技,创业板,深市,创业板,801080.SI,电子,801083.SI,元件,元件,L,20120523,5251,14.38,17.56,-2.983,16.5,False,True,True,0,0,0,0,True,
300320.SZ,300320,300320,海达股份,创业板,深市,创业板,801030.SI,基础化工,801037.SI,橡胶,橡胶,L,20120601,5242,14.35,8.25,1.476,11.905,False,True,True,0,0,0,0,True,
300321.SZ,300321,300321,同大股份,创业板,深市,创业板,801030.SI,基础化工,801034.SI,化学制品,化学制品,L,20120523,5251,14.38,30.96,-4.089,13.253,False,True,True,0,0,0,0,True,
300322.SZ,300322,300322,硕贝德,创业板,深市,创业板,801080.SI,电子,801085.SI,消费电子,消费电子,L,20120608,5235,14.33,15.61,-2.193,15.73,False,True,True,0,0,0,0,True,
300323.SZ,300323,300323,华灿光电,创业板,深市,创业板,801080.SI,电子,801084.SI,光学光电子,光学光电子,L,20120601,5242,14.35,9.96,-6.916,12.5,False,True,True,0,0,0,0,True,
300324.SZ,300324,300324,旋极信息,创业板,深市,创业板,801750.SI,计算机,801101.SI,计算机设备,计算机设备,L,20120608,5235,14.33,3.6,-2.174,13.158,False,True,True,0,0,0,0,True,
300327.SZ,300327,300327,中颖电子,创业板,深市,创业板,801080.SI,电子,801081.SI,半导体,半导体,L,20120613,5230,14.32,23.78,-3.997,11.429,False,True,True,0,0,0,0,True,
300328.SZ,300328,300328,宜安科技,创业板,深市,创业板,801050.SI,有色金属,801055.SI,工业金属,工业金属,L,20120619,5224,14.3,11.68,-2.586,27.692,False,True,True,0,0,0,0,True,
300329.SZ,300329,300329,海伦钢琴,创业板,深市,创业板,801140.SI,轻工制造,801145.SI,文娱用品,文娱用品,L,20120619,5224,14.3,11.41,-3.141,11.667,False,True,True,0,0,0,0,True,
300331.SZ,300331,300331,苏大维格,创业板,深市,创业板,801080.SI,电子,801084.SI,光学光电子,光学光电子,L,20120628,5215,14.28,40.88,-3.288,12.605,False,True,True,0,0,0,0,True,
300334.SZ,300334,300334,津膜科技,创业板,深市,创业板,801970.SI,环保,801971.SI,环境治理,环境治理,L,20120705,5208,14.26,8.39,-1.641,4.762,False,True,True,0,0,0,0,True,
300335.SZ,300335,300335,迪森股份,创业板,深市,创业板,801160.SI,公用事业,801161.SI,电力,电力,L,20120710,5203,14.25,5.62,0.898,3.571,False,True,True,0,0,0,0,True,
300337.SZ,300337,300337,银邦股份,创业板,深市,创业板,801050.SI,有色金属,801055.SI,工业金属,工业金属,L,20120718,5195,14.22,8.87,-0.449,11.458,False,True,True,0,0,0,0,True,
300339.SZ,300339,300339,润和软件,创业板,深市,创业板,801750.SI,计算机,801103.SI,IT服务Ⅱ,IT服务Ⅱ,L,20120718,5195,14.22,34.3,1.479,9.091,False,True,True,0,0,0,0,True,
300340.SZ,300340,300340,科恒股份,创业板,深市,创业板,801730.SI,电力设备,801737.SI,电池,电池,L,20120726,5187,14.2,9.25,2.323,8.989,False,True,True,0,0,0,0,True,
300341.SZ,300341,300341,麦克奥迪,创业板,深市,创业板,801150.SI,医药生物,801153.SI,医疗器械,医疗器械,L,20120726,5187,14.2,12.54,-1.801,20.455,False,True,True,0,0,0,0,True,
300342.SZ,300342,300342,天银机电,创业板,深市,创业板,801110.SI,家用电器,801116.SI,家电零部件Ⅱ,家电零部件Ⅱ,L,20120726,5187,14.2,30.06,2.21,10.0,False,True,True,0,0,0,0,True,
300343.SZ,300343,300343,联创股份,创业板,深市,创业板,801030.SI,基础化工,801034.SI,化学制品,化学制品,L,20120801,5181,14.18,5.18,0.583,12.069,False,True,True,0,0,0,2,True,
300345.SZ,300345,300345,华民股份,创业板,深市,创业板,801730.SI,电力设备,801735.SI,光伏设备,光伏设备,L,20120801,5181,14.18,6.31,-1.406,18.919,False,True,True,0,0,0,0,True,
300346.SZ,300346,300346,南大光电,创业板,深市,创业板,801080.SI,电子,801086.SI,电子化学品Ⅱ,电子化学品Ⅱ,L,20120807,5175,14.17,47.59,-3.761,9.091,False,True,True,0,0,0,0,True,
300347.SZ,300347,300347,泰格医药,创业板,深市,创业板,801150.SI,医药生物,801156.SI,医疗服务,医疗服务,L,20120817,5165,14.14,55.47,-5.017,14.815,False,True,True,0,0,0,0,True,
300348.SZ,300348,300348,长亮科技,创业板,深市,创业板,801750.SI,计算机,801104.SI,软件开发,软件开发,L,20120817,5165,14.14,9.02,-2.381,10.417,False,True,True,0,0,0,0,True,
300349.SZ,300349,300349,金卡智能,创业板,深市,创业板,801890.SI,机械设备,801072.SI,通用设备,通用设备,L,20120817,5165,14.14,9.96,-1.484,7.843,False,True,True,0,0,0,0,True,
300350.SZ,300350,300350,华鹏飞,创业板,深市,创业板,801170.SI,交通运输,801178.SI,物流,物流,L,20120821,5161,14.13,4.93,2.282,9.091,False,True,True,0,0,0,0,True,
300351.SZ,300351,300351,永贵电器,创业板,深市,创业板,801890.SI,机械设备,801076.SI,轨交设备Ⅱ,轨交设备Ⅱ,L,20120920,5131,14.05,13.31,-0.746,7.042,False,True,True,0,0,0,0,True,
300353.SZ,300353,300353,东土科技,创业板,深市,创业板,801770.SI,通信,801102.SI,通信设备,通信设备,L,20120927,5124,14.03,15.85,-4.862,16.867,False,True,True,0,0,0,0,True,
300354.SZ,300354,300354,东华测试,创业板,深市,创业板,801890.SI,机械设备,801072.SI,通用设备,通用设备,L,20120920,5131,14.05,26.91,-0.407,14.545,False,True,True,0,0,0,0,True,
300355.SZ,300355,300355,蒙草生态,创业板,深市,创业板,801720.SI,建筑装饰,801723.SI,基础建设,基础建设,L,20120927,5124,14.03,2.74,-1.439,10.345,False,True,True,0,0,0,0,True,
300357.SZ,300357,300357,我武生物,创业板,深市,创业板,801150.SI,医药生物,801152.SI,生物制品,生物制品,L,20140121,4643,12.71,19.78,-2.705,25.0,False,True,True,0,0,0,0,True,
300358.SZ,300358,300358,楚天科技,创业板,深市,创业板,801150.SI,医药生物,801153.SI,医疗器械,医疗器械,L,20140121,4643,12.71,9.39,-4.476,13.043,False,True,True,0,0,0,0,True,
300359.SZ,300359,300359,全通教育,创业板,深市,创业板,801210.SI,社会服务,801994.SI,教育,教育,L,20140121,4643,12.71,4.06,-0.49,7.143,False,True,True,0,0,0,0,True,
300360.SZ,300360,300360,炬华科技,创业板,深市,创业板,801730.SI,电力设备,801738.SI,电网设备,电网设备,L,20140121,4643,12.71,11.13,0.815,26.891,False,True,True,0,0,0,0,True,
300363.SZ,300363,300363,博腾股份,创业板,深市,创业板,801150.SI,医药生物,801156.SI,医疗服务,医疗服务,L,20140129,4635,12.69,23.49,-4.357,17.241,False,True,True,0,0,0,0,True,
300364.SZ,300364,300364,中文在线,创业板,深市,创业板,801760.SI,传媒,801769.SI,出版,出版,L,20150121,4278,11.71,20.39,-12.751,18.182,False,True,True,0,0,0,0,True,
300365.SZ,300365,300365,恒华科技,创业板,深市,创业板,801750.SI,计算机,801104.SI,软件开发,软件开发,L,20140123,4641,12.71,4.48,-1.322,6.522,False,True,True,0,0,0,0,True,
300368.SZ,300368,300368,汇金股份,创业板,深市,创业板,801750.SI,计算机,801101.SI,计算机设备,计算机设备,L,20140123,4641,12.71,8.89,-2.629,6.383,False,True,True,0,0,0,0,True,
300369.SZ,300369,300369,绿盟科技,创业板,深市,创业板,801750.SI,计算机,801104.SI,软件开发,软件开发,L,20140129,4635,12.69,8.69,-6.155,6.667,False,True,True,0,0,0,0,True,
300370.SZ,300370,300370,安控科技,创业板,深市,创业板,801890.SI,机械设备,801072.SI,通用设备,通用设备,L,20140123,4641,12.71,2.07,-2.817,14.286,False,True,True,0,0,0,0,True,
300371.SZ,300371,300371,汇中股份,创业板,深市,创业板,801890.SI,机械设备,801072.SI,通用设备,通用设备,L,20140123,4641,12.71,10.09,-0.296,6.863,False,True,True,0,0,0,0,True,
300373.SZ,300373,300373,扬杰科技,创业板,深市,创业板,801080.SI,电子,801081.SI,半导体,半导体,L,20140123,4641,12.71,81.0,-4.097,13.861,False,True,True,0,0,0,0,True,
300374.SZ,300374,300374,中铁装配,创业板,深市,创业板,801710.SI,建筑材料,801713.SI,装修建材,装修建材,L,20150319,4221,11.56,10.18,0.395,11.538,False,True,True,0,0,0,0,True,
300375.SZ,300375,300375,鹏翎股份,创业板,深市,创业板,801880.SI,汽车,801093.SI,汽车零部件,汽车零部件,L,20140127,4637,12.7,4.05,-0.978,7.317,False,True,True,0,0,0,0,True,
300376.SZ,300376,300376,易事特,创业板,深市,创业板,801730.SI,电力设备,801733.SI,其他电源设备Ⅱ,其他电源设备Ⅱ,L,20140127,4637,12.7,4.11,0.244,38.298,False,True,True,0,0,0,0,True,
300377.SZ,300377,300377,赢时胜,创业板,深市,创业板,801750.SI,计算机,801104.SI,软件开发,软件开发,L,20140127,4637,12.7,12.8,-2.066,12.857,False,True,True,0,0,0,0,True,
300378.SZ,300378,300378,鼎捷数智,创业板,深市,创业板,801750.SI,计算机,801104.SI,软件开发,软件开发,L,20140127,4637,12.7,34.88,-7.333,7.937,False,True,True,0,0,0,0,True,
300380.SZ,300380,300380,安硕信息,创业板,深市,创业板,801750.SI,计算机,801104.SI,软件开发,软件开发,L,20140128,4636,12.69,26.74,-1.98,11.34,False,True,True,0,0,0,0,True,
300381.SZ,300381,300381,溢多利,创业板,深市,创业板,801150.SI,医药生物,801151.SI,化学制药,化学制药,L,20140128,4636,12.69,5.61,-1.406,10.526,False,True,True,0,0,0,0,True,
300382.SZ,300382,300382,斯莱克,创业板,深市,创业板,801890.SI,机械设备,801074.SI,专用设备,专用设备,L,20140129,4635,12.69,13.21,-5.643,21.795,False,True,True,0,0,0,0,True,
300383.SZ,300383,300383,光环新网,创业板,深市,创业板,801770.SI,通信,801223.SI,通信服务,通信服务,L,20140129,4635,12.69,10.27,-4.465,20.0,False,True,True,0,0,0,0,True,
300384.SZ,300384,300384,三联虹普,创业板,深市,创业板,801720.SI,建筑装饰,801724.SI,专业工程,专业工程,L,20140801,4451,12.19,11.76,-2.082,8.197,False,True,True,0,0,0,0,True,
300386.SZ,300386,300386,飞天诚信,创业板,深市,创业板,801750.SI,计算机,801101.SI,计算机设备,计算机设备,L,20140626,4487,12.28,10.6,-0.469,15.652,False,True,True,0,0,0,0,True,
300387.SZ,300387,300387,富邦科技,创业板,深市,创业板,801030.SI,基础化工,801038.SI,农化制品,农化制品,L,20140702,4481,12.27,7.43,0.0,10.667,False,True,True,0,0,0,0,True,
300388.SZ,300388,300388,节能国祯,创业板,深市,创业板,801970.SI,环保,801971.SI,环境治理,环境治理,L,20140801,4451,12.19,6.73,0.298,23.529,False,True,True,0,0,0,0,True,
300389.SZ,300389,300389,艾比森,创业板,深市,创业板,801080.SI,电子,801084.SI,光学光电子,光学光电子,L,20140801,4451,12.19,12.61,-1.868,9.524,False,True,True,0,0,0,0,True,
300390.SZ,300390,300390,天华新能,创业板,深市,创业板,801730.SI,电力设备,801737.SI,电池,电池,L,20140731,4452,12.19,50.47,2.811,25.373,False,True,True,0,0,0,0,True,
300393.SZ,300393,300393,中来股份,创业板,深市,创业板,801730.SI,电力设备,801735.SI,光伏设备,光伏设备,L,20140912,4409,12.07,5.73,-2.881,8.197,False,True,True,0,0,0,0,True,
300394.SZ,300394,300394,天孚通信,创业板,深市,创业板,801770.SI,通信,801102.SI,通信设备,通信设备,L,20150217,4251,11.64,235.07,-9.855,12.676,False,True,True,0,0,0,0,True,
300395.SZ,300395,300395,菲利华,创业板,深市,创业板,801740.SI,国防军工,801742.SI,航空装备Ⅱ,航空装备Ⅱ,L,20140910,4411,12.08,90.44,-4.72,7.937,False,True,True,0,0,0,0,True,
300397.SZ,300397,300397,天和防务,创业板,深市,创业板,801740.SI,国防军工,801745.SI,军工电子Ⅱ,军工电子Ⅱ,L,20140910,4411,12.08,10.45,-4.566,14.159,False,True,True,0,0,0,0,True,
300398.SZ,300398,300398,飞凯材料,创业板,深市,创业板,801080.SI,电子,801086.SI,电子化学品Ⅱ,电子化学品Ⅱ,L,20141009,4382,12.0,31.72,-6.486,15.0,False,True,True,0,0,0,0,True,
300399.SZ,300399,300399,天利科技,创业板,深市,创业板,801750.SI,计算机,801103.SI,IT服务Ⅱ,IT服务Ⅱ,L,20141009,4382,12.0,18.67,-2.354,10.204,False,True,True,0,0,0,0,True,
300400.SZ,300400,300400,劲拓股份,创业板,深市,创业板,801890.SI,机械设备,801078.SI,自动化设备,自动化设备,L,20141010,4381,11.99,30.68,-4.721,14.286,False,True,True,0,0,0,0,True,
300401.SZ,300401,300401,花园生物,创业板,深市,创业板,801150.SI,医药生物,801151.SI,化学制药,化学制药,L,20141009,4382,12.0,15.17,-1.557,10.256,False,True,True,0,0,0,0,True,
300402.SZ,300402,300402,宝色股份,创业板,深市,创业板,801890.SI,机械设备,801072.SI,通用设备,通用设备,L,20141010,4381,11.99,14.56,0.345,12.329,False,True,True,0,0,0,0,True,
300403.SZ,300403,300403,汉宇集团,创业板,深市,创业板,801110.SI,家用电器,801116.SI,家电零部件Ⅱ,家电零部件Ⅱ,L,20141030,4361,11.94,8.5,-3.737,10.989,False,True,True,0,0,0,0,True,
300404.SZ,300404,300404,博济医药,创业板,深市,创业板,801150.SI,医药生物,801156.SI,医疗服务,医疗服务,L,20150424,4185,11.46,13.92,-5.499,5.479,False,True,True,0,0,0,0,True,
300405.SZ,300405,300405,科隆股份,创业板,深市,创业板,801030.SI,基础化工,801034.SI,化学制品,化学制品,L,20141030,4361,11.94,5.88,0.341,7.018,False,True,True,0,0,0,0,True,
300406.SZ,300406,300406,九强生物,创业板,深市,创业板,801150.SI,医药生物,801153.SI,医疗器械,医疗器械,L,20141030,4361,11.94,11.94,0.0,7.895,False,True,True,0,0,0,0,True,
300407.SZ,300407,300407,凯发电气,创业板,深市,创业板,801730.SI,电力设备,801738.SI,电网设备,电网设备,L,20141203,4327,11.85,10.89,2.93,14.035,False,True,True,0,0,0,0,True,
300408.SZ,300408,300408,三环集团,创业板,深市,创业板,801080.SI,电子,801083.SI,元件,元件,L,20141203,4327,11.85,116.3,-0.878,17.105,False,True,True,0,0,0,0,True,
300409.SZ,300409,300409,道氏技术,创业板,深市,创业板,801730.SI,电力设备,801737.SI,电池,电池,L,20141203,4327,11.85,17.37,2.417,10.345,False,True,True,0,0,0,0,True,
300410.SZ,300410,300410,正业科技,创业板,深市,创业板,801730.SI,电力设备,801737.SI,电池,电池,L,20141231,4299,11.77,8.45,-0.588,5.747,False,True,True,0,0,0,0,True,
300411.SZ,300411,300411,金盾股份,创业板,深市,创业板,801890.SI,机械设备,801074.SI,专用设备,专用设备,L,20141231,4299,11.77,8.22,-0.243,8.333,False,True,True,0,0,0,6,True,
300412.SZ,300412,300412,迦南科技,创业板,深市,创业板,801890.SI,机械设备,801074.SI,专用设备,专用设备,L,20141231,4299,11.77,4.53,-0.22,8.889,False,True,True,0,0,0,0,True,
300413.SZ,300413,300413,芒果超媒,创业板,深市,创业板,801760.SI,传媒,801767.SI,数字媒体,数字媒体,L,20150121,4278,11.71,19.17,-8.714,12.5,False,True,True,0,0,0,0,True,
300414.SZ,300414,300414,中光防雷,创业板,深市,创业板,801770.SI,通信,801102.SI,通信设备,通信设备,L,20150513,4166,11.41,10.46,-0.286,7.965,False,True,True,0,0,0,0,True,
300415.SZ,300415,300415,伊之密,创业板,深市,创业板,801890.SI,机械设备,801074.SI,专用设备,专用设备,L,20150123,4276,11.71,18.75,-0.319,13.636,False,True,True,0,0,0,0,True,
300416.SZ,300416,300416,苏试试验,创业板,深市,创业板,801210.SI,社会服务,801218.SI,专业服务,专业服务,L,20150122,4277,11.71,13.31,-1.407,8.333,False,True,True,0,0,0,0,True,
300417.SZ,300417,300417,南华仪器,创业板,深市,创业板,801890.SI,机械设备,801072.SI,通用设备,通用设备,L,20150123,4276,11.71,11.95,-0.748,10.169,False,True,True,0,0,0,0,True,
300418.SZ,300418,300418,昆仑万维,创业板,深市,创业板,801760.SI,传媒,801764.SI,游戏Ⅱ,游戏Ⅱ,L,20150121,4278,11.71,38.36,-4.291,12.5,False,True,True,0,0,0,0,True,
300420.SZ,300420,300420,五洋自控,创业板,深市,创业板,801890.SI,机械设备,801072.SI,通用设备,通用设备,L,20150217,4251,11.64,6.96,-2.657,11.688,False,True,True,0,0,0,0,True,
300421.SZ,300421,300421,力星股份,创业板,深市,创业板,801890.SI,机械设备,801072.SI,通用设备,通用设备,L,20150217,4251,11.64,16.08,-4.172,8.929,False,True,True,0,0,0,0,True,
300422.SZ,300422,300422,博世科,创业板,深市,创业板,801970.SI,环保,801971.SI,环境治理,环境治理,L,20150217,4251,11.64,4.09,-0.244,14.286,False,True,True,0,0,0,0,True,
300423.SZ,300423,300423,昇辉科技,创业板,深市,创业板,801730.SI,电力设备,801738.SI,电网设备,电网设备,L,20150217,4251,11.64,5.48,1.482,8.929,False,True,True,0,0,0,0,True,
300424.SZ,300424,300424,航新科技,创业板,深市,创业板,801740.SI,国防军工,801742.SI,航空装备Ⅱ,航空装备Ⅱ,L,20150422,4187,11.46,12.59,-1.487,12.857,False,True,True,0,0,0,0,True,
300425.SZ,300425,300425,中建环能,创业板,深市,创业板,801970.SI,环保,801971.SI,环境治理,环境治理,L,20150216,4252,11.64,4.08,0.741,7.5,False,True,True,0,0,0,0,True,
300426.SZ,300426,300426,华智数媒,创业板,深市,创业板,801760.SI,传媒,801766.SI,影视院线,影视院线,L,20150217,4251,11.64,7.79,2.906,16.0,False,True,True,0,0,0,0,True,
300427.SZ,300427,300427,红相股份,创业板,深市,创业板,801730.SI,电力设备,801738.SI,电网设备,电网设备,L,20150217,4251,11.64,6.05,-0.657,12.698,False,True,True,0,0,0,0,True,
300428.SZ,300428,300428,立中集团,创业板,深市,创业板,801880.SI,汽车,801093.SI,汽车零部件,汽车零部件,L,20150319,4221,11.56,18.84,-1.875,12.5,False,True,True,0,0,0,0,True,
300429.SZ,300429,300429,强力新材,创业板,深市,创业板,801080.SI,电子,801086.SI,电子化学品Ⅱ,电子化学品Ⅱ,L,20150324,4216,11.54,10.24,-3.94,8.929,False,True,True,0,0,0,0,True,
300432.SZ,300432,300432,富临精工,创业板,深市,创业板,801730.SI,电力设备,801737.SI,电池,电池,L,20150319,4221,11.56,13.04,0.851,21.739,False,True,True,0,0,0,0,True,
300433.SZ,300433,300433,蓝思科技,创业板,深市,创业板,801080.SI,电子,801085.SI,消费电子,消费电子,L,20150318,4222,11.56,30.04,-7.026,15.493,False,True,True,0,0,0,0,True,
300434.SZ,300434,300434,金石亚药,创业板,深市,创业板,801150.SI,医药生物,801151.SI,化学制药,化学制药,L,20150424,4185,11.46,12.41,-3.947,3.968,False,True,True,0,0,0,0,True,
300435.SZ,300435,300435,中泰股份,创业板,深市,创业板,801160.SI,公用事业,801163.SI,燃气Ⅱ,燃气Ⅱ,L,20150326,4214,11.54,15.89,1.663,8.929,False,True,True,0,0,0,0,True,
300436.SZ,300436,300436,广生堂,创业板,深市,创业板,801150.SI,医药生物,801151.SI,化学制药,化学制药,L,20150422,4187,11.46,79.98,-4.422,13.333,False,True,True,0,0,0,0,True,
300437.SZ,300437,300437,清水源,创业板,深市,创业板,801970.SI,环保,801971.SI,环境治理,环境治理,L,20150423,4186,11.46,10.82,1.596,9.009,False,True,True,0,0,0,0,True,
300438.SZ,300438,300438,鹏辉能源,创业板,深市,创业板,801730.SI,电力设备,801737.SI,电池,电池,L,20150424,4185,11.46,49.38,0.632,22.807,False,True,True,0,0,0,0,True,
300439.SZ,300439,300439,美康生物,创业板,深市,创业板,801150.SI,医药生物,801153.SI,医疗器械,医疗器械,L,20150422,4187,11.46,10.17,-0.78,15.957,False,True,True,0,0,0,0,True,
300440.SZ,300440,300440,运达科技,创业板,深市,创业板,801750.SI,计算机,801103.SI,IT服务Ⅱ,IT服务Ⅱ,L,20150423,4186,11.46,16.35,-1.387,18.033,False,True,True,0,0,0,0,True,
300441.SZ,300441,300441,鲍斯股份,创业板,深市,创业板,801890.SI,机械设备,801072.SI,通用设备,通用设备,L,20150423,4186,11.46,7.07,0.0,8.696,False,True,True,0,0,0,0,True,
300442.SZ,300442,300442,润泽科技,创业板,深市,创业板,801770.SI,通信,801223.SI,通信服务,通信服务,L,20150424,4185,11.46,62.43,-2.484,15.152,False,True,True,0,0,0,0,True,
300443.SZ,300443,300443,金雷股份,创业板,深市,创业板,801730.SI,电力设备,801736.SI,风电设备,风电设备,L,20150422,4187,11.46,21.52,2.868,10.345,False,True,True,0,0,0,0,True,
300444.SZ,300444,300444,双杰电气,创业板,深市,创业板,801730.SI,电力设备,801738.SI,电网设备,电网设备,L,20150423,4186,11.46,8.5,0.592,11.111,False,True,True,0,0,0,0,True,
300445.SZ,300445,300445,康斯特,创业板,深市,创业板,801890.SI,机械设备,801072.SI,通用设备,通用设备,L,20150424,4185,11.46,18.01,-2.226,8.696,False,True,True,0,0,0,0,True,
300446.SZ,300446,300446,航天智造,创业板,深市,创业板,801880.SI,汽车,801093.SI,汽车零部件,汽车零部件,L,20150423,4186,11.46,12.37,-0.081,12.121,False,True,True,0,0,0,0,True,
300447.SZ,300447,300447,全信股份,创业板,深市,创业板,801740.SI,国防军工,801745.SI,军工电子Ⅱ,军工电子Ⅱ,L,20150422,4187,11.46,13.86,-2.873,10.0,False,True,True,0,0,0,0,True,
300448.SZ,300448,300448,浩云科技,创业板,深市,创业板,801750.SI,计算机,801103.SI,IT服务Ⅱ,IT服务Ⅱ,L,20150424,4185,11.46,5.31,-1.848,8.929,False,True,True,0,0,0,0,True,
300449.SZ,300449,300449,汉邦高科,创业板,深市,创业板,801750.SI,计算机,801101.SI,计算机设备,计算机设备,L,20150422,4187,11.46,6.42,-6.277,11.765,False,True,True,0,0,0,0,True,
300450.SZ,300450,300450,先导智能,创业板,深市,创业板,801730.SI,电力设备,801737.SI,电池,电池,L,20150518,4161,11.39,37.59,7.584,11.905,False,True,True,0,0,0,0,True,
300451.SZ,300451,300451,创业慧康,创业板,深市,创业板,801750.SI,计算机,801104.SI,软件开发,软件开发,L,20150514,4165,11.4,3.44,-1.433,8.571,False,True,True,0,0,0,0,True,
300452.SZ,300452,300452,山河药辅,创业板,深市,创业板,801150.SI,医药生物,801151.SI,化学制药,化学制药,L,20150515,4164,11.4,13.39,0.98,5.385,False,True,True,0,0,0,0,True,
300453.SZ,300453,300453,三鑫医疗,创业板,深市,创业板,801150.SI,医药生物,801153.SI,医疗器械,医疗器械,L,20150515,4164,11.4,9.05,0.0,8.602,False,True,True,0,0,0,0,True,
300454.SZ,300454,300454,深信服,创业板,深市,创业板,801750.SI,计算机,801104.SI,软件开发,软件开发,L,20180516,3067,8.4,127.9,-6.928,13.043,False,True,True,0,0,0,0,True,
300455.SZ,300455,300455,航天智装,创业板,深市,创业板,801750.SI,计算机,801101.SI,计算机设备,计算机设备,L,20150515,4164,11.4,16.43,1.671,35.789,False,True,True,0,0,0,0,True,
300456.SZ,300456,300456,赛微电子,创业板,深市,创业板,801080.SI,电子,801081.SI,半导体,半导体,L,20150514,4165,11.4,33.06,-7.859,12.329,False,True,True,0,0,0,0,True,
300457.SZ,300457,300457,赢合科技,创业板,深市,创业板,801730.SI,电力设备,801737.SI,电池,电池,L,20150514,4165,11.4,21.9,2.528,9.434,False,True,True,0,0,0,0,True,
300458.SZ,300458,300458,全志科技,创业板,深市,创业板,801080.SI,电子,801081.SI,半导体,半导体,L,20150515,4164,11.4,30.18,-6.215,11.25,False,True,True,0,0,0,0,True,
300459.SZ,300459,300459,汤姆猫,创业板,深市,创业板,801760.SI,传媒,801764.SI,游戏Ⅱ,游戏Ⅱ,L,20150515,4164,11.4,3.41,-2.292,8.333,False,True,True,0,0,0,0,True,
300461.SZ,300461,300461,田中精机,创业板,深市,创业板,801890.SI,机械设备,801078.SI,自动化设备,自动化设备,L,20150519,4160,11.39,37.51,0.428,19.101,False,True,True,0,0,0,0,True,
300463.SZ,300463,300463,迈克生物,创业板,深市,创业板,801150.SI,医药生物,801153.SI,医疗器械,医疗器械,L,20150528,4151,11.36,9.42,-1.154,9.677,False,True,True,0,0,0,0,True,
300464.SZ,300464,300464,星徽股份,创业板,深市,创业板,801200.SI,商贸零售,801206.SI,互联网电商,互联网电商,L,20150610,4138,11.33,9.53,-5.644,19.266,False,True,True,0,0,0,0,True,
300465.SZ,300465,300465,高伟达,创业板,深市,创业板,801750.SI,计算机,801104.SI,软件开发,软件开发,L,20150528,4151,11.36,10.84,-1.454,12.5,False,True,True,0,0,0,0,True,
300466.SZ,300466,300466,赛摩智能,创业板,深市,创业板,801890.SI,机械设备,801072.SI,通用设备,通用设备,L,20150528,4151,11.36,7.2,-0.277,8.333,False,True,True,0,0,0,0,True,
300467.SZ,300467,300467,迅游科技,创业板,深市,创业板,801760.SI,传媒,801764.SI,游戏Ⅱ,游戏Ⅱ,L,20150527,4152,11.37,32.17,-0.372,8.929,False,True,True,0,0,0,0,True,
300468.SZ,300468,300468,四方精创,创业板,深市,创业板,801750.SI,计算机,801104.SI,软件开发,软件开发,L,20150527,4152,11.37,19.9,-2.974,16.518,False,True,True,0,0,0,0,True,
300469.SZ,300469,300469,信息发展,创业板,深市,创业板,801750.SI,计算机,801104.SI,软件开发,软件开发,L,20150611,4137,11.33,50.67,2.946,16.092,False,True,True,0,0,0,0,True,
300470.SZ,300470,300470,中密控股,创业板,深市,创业板,801890.SI,机械设备,801072.SI,通用设备,通用设备,L,20150612,4136,11.32,27.25,0.405,18.056,False,True,True,0,0,0,0,True,
300471.SZ,300471,300471,厚普股份,创业板,深市,创业板,801890.SI,机械设备,801074.SI,专用设备,专用设备,L,20150611,4137,11.33,10.11,2.744,8.163,False,True,True,0,0,0,0,True,
300473.SZ,300473,300473,德尔股份,创业板,深市,创业板,801880.SI,汽车,801093.SI,汽车零部件,汽车零部件,L,20150612,4136,11.32,36.85,0.272,21.547,False,True,True,0,0,0,0,True,
300474.SZ,300474,300474,景嘉微,创业板,深市,创业板,801740.SI,国防军工,801745.SI,军工电子Ⅱ,军工电子Ⅱ,L,20160331,3843,10.52,49.1,-3.175,9.231,False,True,True,0,0,0,0,True,
300475.SZ,300475,300475,香农芯创,创业板,深市,创业板,801080.SI,电子,801082.SI,其他电子Ⅱ,其他电子Ⅱ,L,20150610,4138,11.33,144.98,-5.39,15.094,False,True,True,0,0,0,0,True,
300476.SZ,300476,300476,胜宏科技,创业板,深市,创业板,801080.SI,电子,801083.SI,元件,元件,L,20150611,4137,11.33,206.23,-1.935,15.385,False,True,True,0,0,0,0,True,
300478.SZ,300478,300478,杭州高新,创业板,深市,创业板,801030.SI,基础化工,801036.SI,塑料,塑料,L,20150610,4138,11.33,32.3,5.212,16.667,False,True,True,0,0,0,0,True,
300479.SZ,300479,300479,神思电子,创业板,深市,创业板,801750.SI,计算机,801101.SI,计算机设备,计算机设备,L,20150612,4136,11.32,14.54,-0.274,8.163,False,True,True,0,0,0,0,True,
300480.SZ,300480,300480,光力科技,创业板,深市,创业板,801890.SI,机械设备,801074.SI,专用设备,专用设备,L,20150702,4116,11.27,28.93,-2.789,10.39,False,True,True,0,0,0,0,True,
300481.SZ,300481,300481,濮阳惠成,创业板,深市,创业板,801080.SI,电子,801086.SI,电子化学品Ⅱ,电子化学品Ⅱ,L,20150630,4118,11.27,13.35,0.3,8.824,False,True,True,0,0,0,0,True,
300482.SZ,300482,300482,万孚生物,创业板,深市,创业板,801150.SI,医药生物,801153.SI,医疗器械,医疗器械,L,20150630,4118,11.27,16.68,-0.477,7.143,False,True,True,0,0,0,0,True,
300483.SZ,300483,300483,首华燃气,创业板,深市,创业板,801160.SI,公用事业,801163.SI,燃气Ⅱ,燃气Ⅱ,L,20150630,4118,11.27,24.5,7.034,12.863,False,True,True,0,0,0,0,True,
300484.SZ,300484,300484,蓝海华腾,创业板,深市,创业板,801890.SI,机械设备,801078.SI,自动化设备,自动化设备,L,20160322,3852,10.55,12.79,-1.766,8.527,False,True,True,0,0,0,0,True,
300485.SZ,300485,300485,赛升药业,创业板,深市,创业板,801150.SI,医药生物,801152.SI,生物制品,生物制品,L,20150626,4122,11.29,8.38,-3.121,16.092,False,True,True,0,0,0,0,True,
300486.SZ,300486,300486,东杰智能,创业板,深市,创业板,801890.SI,机械设备,801078.SI,自动化设备,自动化设备,L,20150630,4118,11.27,16.96,-1.05,21.739,False,True,True,0,0,0,0,True,
300487.SZ,300487,300487,蓝晓科技,创业板,深市,创业板,801030.SI,基础化工,801036.SI,塑料,塑料,L,20150702,4116,11.27,64.77,-3.372,12.048,False,True,True,0,0,0,0,True,
300488.SZ,300488,300488,恒锋工具,创业板,深市,创业板,801890.SI,机械设备,801072.SI,通用设备,通用设备,L,20150701,4117,11.27,34.51,-3.143,16.667,False,True,True,0,0,0,0,True,
300489.SZ,300489,300489,光智科技,创业板,深市,创业板,801080.SI,电子,801084.SI,光学光电子,光学光电子,L,20150701,4117,11.27,263.0,-5.515,18.182,False,True,True,0,0,0,0,True,
300490.SZ,300490,300490,华自科技,创业板,深市,创业板,801730.SI,电力设备,801737.SI,电池,电池,L,20151231,3934,10.77,11.02,2.226,7.339,False,True,True,0,0,0,0,True,
300491.SZ,300491,300491,通合科技,创业板,深市,创业板,801730.SI,电力设备,801733.SI,其他电源设备Ⅱ,其他电源设备Ⅱ,L,20151231,3934,10.77,32.17,-8.504,12.849,False,True,True,0,0,0,0,True,
300492.SZ,300492,300492,华图山鼎,创业板,深市,创业板,801720.SI,建筑装饰,801726.SI,工程咨询服务Ⅱ,工程咨询服务Ⅱ,L,20151223,3942,10.79,20.3,-0.734,22.222,False,True,True,0,0,0,0,True,
300493.SZ,300493,300493,润欣科技,创业板,深市,创业板,801080.SI,电子,801082.SI,其他电子Ⅱ,其他电子Ⅱ,L,20151210,3955,10.83,12.06,-3.365,9.375,False,True,True,0,0,0,0,True,
300494.SZ,300494,300494,盛天网络,创业板,深市,创业板,801760.SI,传媒,801764.SI,游戏Ⅱ,游戏Ⅱ,L,20151231,3934,10.77,7.91,-1.372,10.843,False,True,True,0,0,0,0,True,
300496.SZ,300496,300496,中科创达,创业板,深市,创业板,801750.SI,计算机,801103.SI,IT服务Ⅱ,IT服务Ⅱ,L,20151210,3955,10.83,51.76,-2.155,11.429,False,True,True,0,0,0,0,True,
300497.SZ,300497,300497,富祥股份,创业板,深市,创业板,801150.SI,医药生物,801151.SI,化学制药,化学制药,L,20151222,3943,10.8,18.24,2.128,16.489,False,True,True,0,0,0,0,True,
300498.SZ,300498,300498,温氏股份,创业板,深市,创业板,801010.SI,农林牧渔,801017.SI,养殖业,养殖业,L,20151102,3993,10.93,14.87,-1.653,21.127,False,True,True,0,0,0,0,True,
300499.SZ,300499,300499,高澜股份,创业板,深市,创业板,801890.SI,机械设备,801074.SI,专用设备,专用设备,L,20160202,3901,10.68,29.91,-4.776,16.201,False,True,True,0,0,0,0,True,
300500.SZ,300500,300500,启迪设计,创业板,深市,创业板,801720.SI,建筑装饰,801726.SI,工程咨询服务Ⅱ,工程咨询服务Ⅱ,L,20160204,3899,10.67,9.69,-0.819,9.375,False,True,True,0,0,0,0,True,
300501.SZ,300501,300501,海顺新材,创业板,深市,创业板,801140.SI,轻工制造,801141.SI,包装印刷,包装印刷,L,20160204,3899,10.67,11.48,3.891,16.505,False,True,True,0,0,0,0,True,
300502.SZ,300502,300502,新易盛,创业板,深市,创业板,801770.SI,通信,801102.SI,通信设备,通信设备,L,20160303,3871,10.6,378.5,-2.699,14.286,False,True,True,0,0,0,0,True,
300503.SZ,300503,300503,昊志机电,创业板,深市,创业板,801890.SI,机械设备,801072.SI,通用设备,通用设备,L,20160309,3865,10.58,58.25,-4.43,8.182,False,True,True,0,0,0,0,True,
300504.SZ,300504,300504,天邑股份,创业板,深市,创业板,801770.SI,通信,801102.SI,通信设备,通信设备,L,20180330,3114,8.53,16.53,-1.077,13.636,False,True,True,0,0,0,0,True,
300505.SZ,300505,300505,川金诺,创业板,深市,创业板,801030.SI,基础化工,801038.SI,农化制品,农化制品,L,20160315,3859,10.57,17.99,-0.167,9.574,False,True,True,0,0,0,0,True,
300506.SZ,300506,300506,名家汇,创业板,深市,创业板,801720.SI,建筑装饰,801722.SI,装修装饰Ⅱ,装修装饰Ⅱ,L,20160324,3850,10.54,4.82,0.837,12.0,False,True,True,0,0,0,2,True,
300507.SZ,300507,300507,苏奥传感,创业板,深市,创业板,801880.SI,汽车,801093.SI,汽车零部件,汽车零部件,L,20160429,3814,10.44,6.21,-0.481,18.182,False,True,True,0,0,0,0,True,
300508.SZ,300508,300508,维宏股份,创业板,深市,创业板,801750.SI,计算机,801101.SI,计算机设备,计算机设备,L,20160419,3824,10.47,34.76,-3.845,17.722,False,True,True,0,0,0,0,True,
300509.SZ,300509,300509,新美星,创业板,深市,创业板,801890.SI,机械设备,801074.SI,专用设备,专用设备,L,20160425,3818,10.45,8.75,-0.228,7.955,False,True,True,0,0,0,0,True,
300510.SZ,300510,300510,金冠股份,创业板,深市,创业板,801730.SI,电力设备,801738.SI,电网设备,电网设备,L,20160506,3807,10.42,3.46,1.17,5.882,False,True,True,0,0,0,0,True,
300511.SZ,300511,300511,雪榕生物,创业板,深市,创业板,801010.SI,农林牧渔,801016.SI,种植业,种植业,L,20160504,3809,10.43,4.8,-1.437,16.0,False,True,True,0,0,0,0,True,
300512.SZ,300512,300512,中亚股份,创业板,深市,创业板,801890.SI,机械设备,801074.SI,专用设备,专用设备,L,20160526,3787,10.37,7.37,-0.941,12.329,False,True,True,0,0,0,0,True,
300513.SZ,300513,300513,恒实科技,创业板,深市,创业板,801770.SI,通信,801223.SI,通信服务,通信服务,L,20160530,3783,10.36,7.38,-0.27,8.219,False,True,True,0,0,0,0,True,
300514.SZ,300514,300514,友讯达,创业板,深市,创业板,801730.SI,电力设备,801738.SI,电网设备,电网设备,L,20170426,3452,9.45,10.32,1.675,14.583,False,True,True,0,0,0,0,True,
300515.SZ,300515,300515,三德科技,创业板,深市,创业板,801890.SI,机械设备,801072.SI,通用设备,通用设备,L,20160608,3774,10.33,16.02,-0.682,10.0,False,True,True,0,0,0,0,True,
300516.SZ,300516,300516,久之洋,创业板,深市,创业板,801080.SI,电子,801082.SI,其他电子Ⅱ,其他电子Ⅱ,L,20160602,3780,10.35,33.37,-1.853,13.953,False,True,True,0,0,0,0,True,
300517.SZ,300517,300517,海波重科,创业板,深市,创业板,801720.SI,建筑装饰,801724.SI,专业工程,专业工程,L,20160719,3733,10.22,11.09,-3.059,10.345,False,True,True,0,0,0,0,True,
300518.SZ,300518,300518,新迅达,创业板,深市,创业板,801200.SI,商贸零售,801206.SI,互联网电商,互联网电商,L,20160624,3758,10.29,25.4,-2.044,9.375,False,True,True,0,0,0,0,True,
300519.SZ,300519,300519,新光药业,创业板,深市,创业板,801150.SI,医药生物,801155.SI,中药Ⅱ,中药Ⅱ,L,20160624,3758,10.29,14.85,0.202,6.164,False,True,True,0,0,0,0,True,
300520.SZ,300520,300520,科大国创,创业板,深市,创业板,801750.SI,计算机,801104.SI,软件开发,软件开发,L,20160708,3744,10.25,21.61,-4.253,10.924,False,True,True,0,0,0,0,True,
300521.SZ,300521,300521,爱司凯,创业板,深市,创业板,801890.SI,机械设备,801074.SI,专用设备,专用设备,L,20160705,3747,10.26,23.42,-3.819,10.204,False,True,True,0,0,0,0,True,
300522.SZ,300522,300522,世名科技,创业板,深市,创业板,801030.SI,基础化工,801034.SI,化学制品,化学制品,L,20160705,3747,10.26,16.56,20.0,8.725,False,True,True,0,0,0,0,True,
300523.SZ,300523,300523,辰安科技,创业板,深市,创业板,801750.SI,计算机,801103.SI,IT服务Ⅱ,IT服务Ⅱ,L,20160726,3726,10.2,23.18,-0.172,17.143,False,True,True,0,0,0,0,True,
300525.SZ,300525,300525,博思软件,创业板,深市,创业板,801750.SI,计算机,801104.SI,软件开发,软件开发,L,20160726,3726,10.2,7.54,-1.823,17.073,False,True,True,0,0,0,0,True,
300528.SZ,300528,300528,幸福蓝海,创业板,深市,创业板,801760.SI,传媒,801766.SI,影视院线,影视院线,L,20160808,3713,10.17,12.71,-2.605,8.571,False,True,True,0,0,0,0,True,
300529.SZ,300529,300529,健帆生物,创业板,深市,创业板,801150.SI,医药生物,801153.SI,医疗器械,医疗器械,L,20160802,3719,10.18,15.0,-1.768,16.667,False,True,True,0,0,0,0,True,
300530.SZ,300530,300530,领湃科技,创业板,深市,创业板,801030.SI,基础化工,801034.SI,化学制品,化学制品,L,20160809,3712,10.16,24.08,19.98,14.0,False,True,True,0,0,0,0,True,
300531.SZ,300531,300531,优博讯,创业板,深市,创业板,801750.SI,计算机,801101.SI,计算机设备,计算机设备,L,20160809,3712,10.16,15.32,0.459,11.875,False,True,True,0,0,0,0,True,
300532.SZ,300532,300532,今天国际,创业板,深市,创业板,801750.SI,计算机,801103.SI,IT服务Ⅱ,IT服务Ⅱ,L,20160818,3703,10.14,7.27,-0.954,8.451,False,True,True,0,0,0,0,True,
300533.SZ,300533,300533,冰川网络,创业板,深市,创业板,801760.SI,传媒,801764.SI,游戏Ⅱ,游戏Ⅱ,L,20160818,3703,10.14,13.72,-1.295,12.925,False,True,True,0,0,0,0,True,
300534.SZ,300534,300534,陇神戎发,创业板,深市,创业板,801150.SI,医药生物,801155.SI,中药Ⅱ,中药Ⅱ,L,20160913,3677,10.07,12.22,-2.862,11.538,False,True,True,0,0,0,0,True,
300535.SZ,300535,300535,达威股份,创业板,深市,创业板,801030.SI,基础化工,801034.SI,化学制品,化学制品,L,20160812,3709,10.15,15.68,-1.197,10.127,False,True,True,0,0,0,0,True,
300536.SZ,300536,300536,农尚环境,创业板,深市,创业板,801720.SI,建筑装饰,801723.SI,基础建设,基础建设,L,20160920,3670,10.05,7.98,-1.115,11.364,False,True,True,0,0,0,0,True,
300537.SZ,300537,300537,广信材料,创业板,深市,创业板,801080.SI,电子,801086.SI,电子化学品Ⅱ,电子化学品Ⅱ,L,20160830,3691,10.11,19.28,-2.38,8.411,False,True,True,0,0,0,0,True,
300538.SZ,300538,300538,同益股份,创业板,深市,创业板,801030.SI,基础化工,801036.SI,塑料,塑料,L,20160826,3695,10.12,13.82,-3.357,8.667,False,True,True,0,0,0,0,True,
300539.SZ,300539,300539,横河精密,创业板,深市,创业板,801030.SI,基础化工,801036.SI,塑料,塑料,L,20160830,3691,10.11,16.92,-2.759,9.091,False,True,True,0,0,0,0,True,
300540.SZ,300540,300540,蜀道装备,创业板,深市,创业板,801890.SI,机械设备,801074.SI,专用设备,专用设备,L,20160823,3698,10.12,24.54,-0.608,10.0,False,True,True,0,0,0,0,True,
300541.SZ,300541,300541,先进数通,创业板,深市,创业板,801750.SI,计算机,801103.SI,IT服务Ⅱ,IT服务Ⅱ,L,20160913,3677,10.07,9.15,-1.294,12.121,False,True,True,0,0,0,0,True,
300542.SZ,300542,300542,新晨科技,创业板,深市,创业板,801750.SI,计算机,801104.SI,软件开发,软件开发,L,20160920,3670,10.05,11.92,-2.215,10.938,False,True,True,0,0,0,0,True,
300543.SZ,300543,300543,朗科智能,创业板,深市,创业板,801110.SI,家用电器,801116.SI,家电零部件Ⅱ,家电零部件Ⅱ,L,20160908,3682,10.08,7.64,-1.673,7.792,False,True,True,0,0,0,0,True,
300545.SZ,300545,300545,联得装备,创业板,深市,创业板,801080.SI,电子,801084.SI,光学光电子,光学光电子,L,20160928,3662,10.03,25.18,-3.93,11.511,False,True,True,0,0,0,0,True,
300546.SZ,300546,300546,雄帝科技,创业板,深市,创业板,801750.SI,计算机,801101.SI,计算机设备,计算机设备,L,20160928,3662,10.03,16.71,-0.179,11.628,False,True,True,0,0,0,0,True,
300547.SZ,300547,300547,川环科技,创业板,深市,创业板,801880.SI,汽车,801093.SI,汽车零部件,汽车零部件,L,20160930,3660,10.02,22.61,-2.543,13.725,False,True,True,0,0,0,0,True,
300548.SZ,300548,300548,长芯博创,创业板,深市,创业板,801770.SI,通信,801102.SI,通信设备,通信设备,L,20161012,3648,9.99,190.44,-13.369,17.5,False,True,True,0,0,0,0,True,
300549.SZ,300549,300549,优德精密,创业板,深市,创业板,801890.SI,机械设备,801074.SI,专用设备,专用设备,L,20160930,3660,10.02,14.83,-0.269,11.111,False,True,True,0,0,0,0,True,
300550.SZ,300550,300550,和仁科技,创业板,深市,创业板,801750.SI,计算机,801104.SI,软件开发,软件开发,L,20161018,3642,9.97,13.85,0.072,17.391,False,True,True,0,0,0,5,True,
300551.SZ,300551,300551,古鳌科技,创业板,深市,创业板,801750.SI,计算机,801101.SI,计算机设备,计算机设备,L,20161018,3642,9.97,11.29,-3.504,10.526,False,True,True,0,0,0,0,True,
300552.SZ,300552,300552,万集科技,创业板,深市,创业板,801750.SI,计算机,801101.SI,计算机设备,计算机设备,L,20161021,3639,9.96,19.9,-0.896,9.524,False,True,True,0,0,0,0,True,
300553.SZ,300553,300553,集智股份,创业板,深市,创业板,801890.SI,机械设备,801072.SI,通用设备,通用设备,L,20161021,3639,9.96,53.22,-5.555,22.0,False,True,True,0,0,0,0,True,
300554.SZ,300554,300554,三超新材,创业板,深市,创业板,801890.SI,机械设备,801072.SI,通用设备,通用设备,L,20170421,3457,9.46,21.68,-3.644,11.79,False,True,True,0,0,0,0,True,
300556.SZ,300556,300556,丝路视觉,创业板,深市,创业板,801750.SI,计算机,801104.SI,软件开发,软件开发,L,20161104,3625,9.92,15.92,-0.188,7.5,False,True,True,0,0,0,0,True,
300557.SZ,300557,300557,理工光科,创业板,深市,创业板,801890.SI,机械设备,801072.SI,通用设备,通用设备,L,20161101,3628,9.93,23.66,-0.63,13.953,False,True,True,0,0,0,0,True,
300558.SZ,300558,300558,贝达药业,创业板,深市,创业板,801150.SI,医药生物,801151.SI,化学制药,化学制药,L,20161107,3622,9.92,47.85,-5.21,12.676,False,True,True,0,0,0,0,True,
300559.SZ,300559,300559,佳发教育,创业板,深市,创业板,801750.SI,计算机,801104.SI,软件开发,软件开发,L,20161101,3628,9.93,12.63,0.557,15.447,False,True,True,0,0,0,0,True,
300560.SZ,300560,300560,中富通,创业板,深市,创业板,801770.SI,通信,801223.SI,通信服务,通信服务,L,20161101,3628,9.93,14.86,-3.381,16.0,False,True,True,0,0,0,0,True,
300561.SZ,300561,300561,汇金科技,创业板,深市,创业板,801750.SI,计算机,801104.SI,软件开发,软件开发,L,20161117,3612,9.89,13.75,-0.073,13.194,False,True,True,0,0,0,2,True,
300562.SZ,300562,300562,乐心股份,创业板,深市,创业板,801150.SI,医药生物,801153.SI,医疗器械,医疗器械,L,20161116,3613,9.89,14.59,-1.085,16.364,False,True,True,0,0,0,0,True,
300563.SZ,300563,300563,神宇股份,创业板,深市,创业板,801770.SI,通信,801102.SI,通信设备,通信设备,L,20161114,3615,9.9,23.7,-2.469,12.03,False,True,True,0,0,0,0,True,
300564.SZ,300564,300564,筑博设计,创业板,深市,创业板,801720.SI,建筑装饰,801726.SI,工程咨询服务Ⅱ,工程咨询服务Ⅱ,L,20191108,2526,6.92,12.62,-0.786,8.065,False,True,True,0,0,0,0,True,
300565.SZ,300565,300565,科信技术,创业板,深市,创业板,801770.SI,通信,801102.SI,通信设备,通信设备,L,20161122,3607,9.88,9.7,-0.513,4.082,False,True,True,0,0,0,0,True,
300566.SZ,300566,300566,激智科技,创业板,深市,创业板,801080.SI,电子,801084.SI,光学光电子,光学光电子,L,20161115,3614,9.89,22.33,-4.532,13.386,False,True,True,0,0,0,0,True,
300568.SZ,300568,300568,星源材质,创业板,深市,创业板,801730.SI,电力设备,801737.SI,电池,电池,L,20161201,3598,9.85,15.62,-0.762,13.924,False,True,True,0,0,0,0,True,
300569.SZ,300569,300569,天能重工,创业板,深市,创业板,801730.SI,电力设备,801736.SI,风电设备,风电设备,L,20161125,3604,9.87,5.18,-2.079,11.765,False,True,True,0,0,0,0,True,
300570.SZ,300570,300570,太辰光,创业板,深市,创业板,801770.SI,通信,801102.SI,通信设备,通信设备,L,20161206,3593,9.84,199.0,-6.287,11.392,False,True,True,0,0,0,0,True,
300571.SZ,300571,300571,平治信息,创业板,深市,创业板,801770.SI,通信,801223.SI,通信服务,通信服务,L,20161213,3586,9.82,26.07,-3.301,8.219,False,True,True,0,0,0,0,True,
300572.SZ,300572,300572,安车检测,创业板,深市,创业板,801210.SI,社会服务,801218.SI,专业服务,专业服务,L,20161206,3593,9.84,23.27,0.823,19.328,False,True,True,0,0,0,0,True,
300573.SZ,300573,300573,兴齐眼药,创业板,深市,创业板,801150.SI,医药生物,801151.SI,化学制药,化学制药,L,20161208,3591,9.83,35.66,-2.114,15.789,False,True,True,0,0,0,0,True,
300575.SZ,300575,300575,中旗股份,创业板,深市,创业板,801030.SI,基础化工,801038.SI,农化制品,农化制品,L,20161220,3579,9.8,6.11,0.0,4.918,False,True,True,0,0,0,0,True,
300576.SZ,300576,300576,容大感光,创业板,深市,创业板,801080.SI,电子,801086.SI,电子化学品Ⅱ,电子化学品Ⅱ,L,20161220,3579,9.8,25.78,-3.662,9.524,False,True,True,0,0,0,0,True,
300577.SZ,300577,300577,开润股份,创业板,深市,创业板,801130.SI,纺织服饰,801132.SI,服装家纺,服装家纺,L,20161221,3578,9.8,18.23,-1.46,12.5,False,True,True,0,0,0,0,True,
300578.SZ,300578,300578,会畅科技,创业板,深市,创业板,801770.SI,通信,801223.SI,通信服务,通信服务,L,20170125,3543,9.7,14.76,-2.895,8.974,False,True,True,0,0,0,0,True,
300579.SZ,300579,300579,数字认证,创业板,深市,创业板,801750.SI,计算机,801104.SI,软件开发,软件开发,L,20161223,3576,9.79,22.64,-4.027,8.621,False,True,True,0,0,0,0,True,
300580.SZ,300580,300580,贝斯特,创业板,深市,创业板,801880.SI,汽车,801093.SI,汽车零部件,汽车零部件,L,20170111,3557,9.74,17.35,-3.931,20.0,False,True,True,0,0,0,0,True,
300581.SZ,300581,300581,晨曦航空,创业板,深市,创业板,801740.SI,国防军工,801742.SI,航空装备Ⅱ,航空装备Ⅱ,L,20161220,3579,9.8,9.91,-0.402,11.538,False,True,True,0,0,0,0,True,
300582.SZ,300582,300582,英飞特,创业板,深市,创业板,801080.SI,电子,801084.SI,光学光电子,光学光电子,L,20161228,3571,9.78,10.31,-3.192,14.815,False,True,True,0,0,0,0,True,
300583.SZ,300583,300583,赛托生物,创业板,深市,创业板,801150.SI,医药生物,801151.SI,化学制药,化学制药,L,20170106,3562,9.75,13.8,0.73,13.333,False,True,True,0,0,0,0,True,
300584.SZ,300584,300584,海辰药业,创业板,深市,创业板,801150.SI,医药生物,801151.SI,化学制药,化学制药,L,20170112,3556,9.74,33.8,8.403,9.434,False,True,True,0,0,0,0,True,
300586.SZ,300586,300586,美联新材,创业板,深市,创业板,801030.SI,基础化工,801036.SI,塑料,塑料,L,20170104,3564,9.76,8.55,-0.35,9.677,False,True,True,0,0,0,0,True,
300587.SZ,300587,300587,天铁科技,创业板,深市,创业板,801030.SI,基础化工,801037.SI,橡胶,橡胶,L,20170105,3563,9.75,4.54,2.252,12.5,False,True,True,0,0,0,0,True,
300588.SZ,300588,300588,熙菱信息,创业板,深市,创业板,801750.SI,计算机,801101.SI,计算机设备,计算机设备,L,20170105,3563,9.75,20.2,-3.164,13.514,False,True,True,0,0,0,0,True,
300589.SZ,300589,300589,江龙船艇,创业板,深市,创业板,801740.SI,国防军工,801744.SI,航海装备Ⅱ,航海装备Ⅱ,L,20170113,3555,9.73,13.57,-0.221,5.109,False,True,True,0,0,0,0,True,
300590.SZ,300590,300590,移为通信,创业板,深市,创业板,801770.SI,通信,801102.SI,通信设备,通信设备,L,20170111,3557,9.74,11.02,-1.343,5.31,False,True,True,0,0,0,0,True,
300591.SZ,300591,300591,万里马,创业板,深市,创业板,801130.SI,纺织服饰,801132.SI,服装家纺,服装家纺,L,20170110,3558,9.74,6.15,-0.324,16.418,False,True,True,0,0,0,0,True,
300592.SZ,300592,300592,华凯易佰,创业板,深市,创业板,801200.SI,商贸零售,801206.SI,互联网电商,互联网电商,L,20170120,3548,9.71,18.15,-2.262,21.875,False,True,True,0,0,0,0,True,
300593.SZ,300593,300593,新雷能,创业板,深市,创业板,801730.SI,电力设备,801733.SI,其他电源设备Ⅱ,其他电源设备Ⅱ,L,20170113,3555,9.73,28.15,-2.053,13.836,False,True,True,0,0,0,0,True,
300595.SZ,300595,300595,欧普康视,创业板,深市,创业板,801150.SI,医药生物,801153.SI,医疗器械,医疗器械,L,20170117,3551,9.72,10.06,-0.984,23.077,False,True,True,0,0,0,0,True,
300596.SZ,300596,300596,利安隆,创业板,深市,创业板,801030.SI,基础化工,801034.SI,化学制品,化学制品,L,20170119,3549,9.72,39.76,1.093,12.195,False,True,True,0,0,0,0,True,
300597.SZ,300597,300597,吉大通信,创业板,深市,创业板,801770.SI,通信,801223.SI,通信服务,通信服务,L,20170123,3545,9.71,7.95,-0.501,14.103,False,True,True,0,0,0,0,True,
300598.SZ,300598,300598,诚迈科技,创业板,深市,创业板,801750.SI,计算机,801104.SI,软件开发,软件开发,L,20170120,3548,9.71,29.55,-1.237,12.5,False,True,True,0,0,0,0,True,
300599.SZ,300599,300599,雄塑科技,创业板,深市,创业板,801710.SI,建筑材料,801713.SI,装修建材,装修建材,L,20170123,3545,9.71,15.58,9.718,24.138,False,True,True,0,0,0,0,True,
300600.SZ,300600,300600,国瑞科技,创业板,深市,创业板,801740.SI,国防军工,801744.SI,航海装备Ⅱ,航海装备Ⅱ,L,20170125,3543,9.7,10.08,-0.297,11.538,False,True,True,0,0,0,0,True,
300601.SZ,300601,300601,康泰生物,创业板,深市,创业板,801150.SI,医药生物,801152.SI,生物制品,生物制品,L,20170207,3530,9.66,13.23,-2.577,10.0,False,True,True,0,0,0,0,True,
300602.SZ,300602,300602,飞荣达,创业板,深市,创业板,801080.SI,电子,801085.SI,消费电子,消费电子,L,20170126,3542,9.7,33.54,-3.842,17.526,False,True,True,0,0,0,0,True,
300603.SZ,300603,300603,立昂技术,创业板,深市,创业板,801770.SI,通信,801223.SI,通信服务,通信服务,L,20170126,3542,9.7,7.65,-1.797,5.0,False,True,True,0,0,0,0,True,
300604.SZ,300604,300604,长川科技,创业板,深市,创业板,801080.SI,电子,801081.SI,半导体,半导体,L,20170417,3461,9.48,228.5,-4.708,13.38,False,True,True,0,0,0,0,True,
300605.SZ,300605,300605,恒锋信息,创业板,深市,创业板,801750.SI,计算机,801104.SI,软件开发,软件开发,L,20170208,3529,9.66,10.47,-0.381,5.769,False,True,True,0,0,0,0,True,
300606.SZ,300606,300606,金太阳,创业板,深市,创业板,801890.SI,机械设备,801072.SI,通用设备,通用设备,L,20170208,3529,9.66,30.91,-2.523,15.029,False,True,True,0,0,0,0,True,
300607.SZ,300607,300607,拓斯达,创业板,深市,创业板,801890.SI,机械设备,801078.SI,自动化设备,自动化设备,L,20170209,3528,9.66,28.85,-4.47,14.724,False,True,True,0,0,0,0,True,
300608.SZ,300608,300608,思特奇,创业板,深市,创业板,801750.SI,计算机,801104.SI,软件开发,软件开发,L,20170213,3524,9.65,9.8,0.0,6.0,False,True,True,0,0,0,0,True,
300609.SZ,300609,300609,汇纳科技,创业板,深市,创业板,801750.SI,计算机,801103.SI,IT服务Ⅱ,IT服务Ⅱ,L,20170215,3522,9.64,22.58,-4.605,9.756,False,True,True,0,0,0,0,True,
300610.SZ,300610,300610,晨化股份,创业板,深市,创业板,801030.SI,基础化工,801034.SI,化学制品,化学制品,L,20170213,3524,9.65,10.55,1.248,7.767,False,True,True,0,0,0,0,True,
300611.SZ,300611,300611,美力科技,创业板,深市,创业板,801880.SI,汽车,801093.SI,汽车零部件,汽车零部件,L,20170220,3517,9.63,26.93,-1.5,13.585,False,True,True,0,0,0,0,True,
300612.SZ,300612,300612,宣亚国际,创业板,深市,创业板,801760.SI,传媒,801765.SI,广告营销,广告营销,L,20170215,3522,9.64,11.92,-1.974,7.377,False,True,True,0,0,0,0,True,
300613.SZ,300613,300613,富瀚微,创业板,深市,创业板,801080.SI,电子,801081.SI,半导体,半导体,L,20170220,3517,9.63,72.39,-10.408,15.068,False,True,True,0,0,0,0,True,
300614.SZ,300614,300614,百川畅银,创业板,深市,创业板,801970.SI,环保,801971.SI,环境治理,环境治理,L,20210525,1962,5.37,10.38,-0.096,11.765,False,True,True,0,0,0,0,True,
300616.SZ,300616,300616,尚品宅配,创业板,深市,创业板,801140.SI,轻工制造,801142.SI,家居用品,家居用品,L,20170307,3502,9.59,10.89,-1.626,9.346,False,True,True,0,0,0,0,True,
300617.SZ,300617,300617,安靠智电,创业板,深市,创业板,801730.SI,电力设备,801738.SI,电网设备,电网设备,L,20170228,3509,9.61,34.22,-0.204,20.27,False,True,True,0,0,0,0,True,
300618.SZ,300618,300618,寒锐钴业,创业板,深市,创业板,801050.SI,有色金属,801056.SI,能源金属,能源金属,L,20170306,3503,9.59,30.64,0.327,20.833,False,True,True,0,0,0,0,True,
300619.SZ,300619,300619,金银河,创业板,深市,创业板,801730.SI,电力设备,801737.SI,电池,电池,L,20170301,3508,9.6,28.17,17.571,11.364,False,True,True,0,0,0,0,True,
300620.SZ,300620,300620,光库科技,创业板,深市,创业板,801770.SI,通信,801102.SI,通信设备,通信设备,L,20170310,3499,9.58,250.95,-7.221,13.953,False,True,True,0,0,0,0,True,
300621.SZ,300621,300621,维业股份,创业板,深市,创业板,801720.SI,建筑装饰,801722.SI,装修装饰Ⅱ,装修装饰Ⅱ,L,20170316,3493,9.56,7.1,0.0,9.859,False,True,True,0,0,0,0,True,
300622.SZ,300622,300622,博士眼镜,创业板,深市,创业板,801200.SI,商贸零售,801204.SI,专业连锁Ⅱ,专业连锁Ⅱ,L,20170315,3494,9.57,14.15,-2.949,9.211,False,True,True,0,0,0,0,True,
300623.SZ,300623,300623,捷捷微电,创业板,深市,创业板,801080.SI,电子,801081.SI,半导体,半导体,L,20170314,3495,9.57,30.95,-3.039,19.231,False,True,True,0,0,0,0,True,
300624.SZ,300624,300624,万兴科技,创业板,深市,创业板,801750.SI,计算机,801104.SI,软件开发,软件开发,L,20180118,3185,8.72,45.72,-4.928,14.286,False,True,True,0,0,0,0,True,
300625.SZ,300625,300625,三雄极光,创业板,深市,创业板,801110.SI,家用电器,801115.SI,照明设备Ⅱ,照明设备Ⅱ,L,20170317,3492,9.56,9.95,-0.5,8.333,False,True,True,0,0,0,0,True,
300626.SZ,300626,300626,华瑞股份,创业板,深市,创业板,801730.SI,电力设备,801731.SI,电机Ⅱ,电机Ⅱ,L,20170320,3489,9.55,27.63,-3.053,12.676,False,True,True,0,0,0,0,True,
300627.SZ,300627,300627,华测导航,创业板,深市,创业板,801770.SI,通信,801102.SI,通信设备,通信设备,L,20170321,3488,9.55,26.43,0.801,10.0,False,True,True,0,0,0,0,True,
300628.SZ,300628,300628,亿联网络,创业板,深市,创业板,801770.SI,通信,801102.SI,通信设备,通信设备,L,20170317,3492,9.56,40.03,1.367,12.658,False,True,True,0,0,0,0,True,
300629.SZ,300629,300629,新劲刚,创业板,深市,创业板,801740.SI,国防军工,801745.SI,军工电子Ⅱ,军工电子Ⅱ,L,20170324,3485,9.54,17.3,-1.704,5.556,False,True,True,0,0,0,0,True,
300631.SZ,300631,300631,久吾高科,创业板,深市,创业板,801970.SI,环保,801972.SI,环保设备Ⅱ,环保设备Ⅱ,L,20170323,3486,9.54,22.16,0.773,12.676,False,True,True,0,0,0,0,True,
300632.SZ,300632,300632,光莆股份,创业板,深市,创业板,801080.SI,电子,801084.SI,光学光电子,光学光电子,L,20170406,3472,9.51,16.71,-4.949,9.677,False,True,True,0,0,0,0,True,
300633.SZ,300633,300633,开立医疗,创业板,深市,创业板,801150.SI,医药生物,801153.SI,医疗器械,医疗器械,L,20170406,3472,9.51,18.91,-2.626,9.091,False,True,True,0,0,0,0,True,
300634.SZ,300634,300634,彩讯股份,创业板,深市,创业板,801750.SI,计算机,801103.SI,IT服务Ⅱ,IT服务Ⅱ,L,20180323,3121,8.54,19.98,-3.385,12.5,False,True,True,0,0,0,0,True,
300635.SZ,300635,300635,中达安,创业板,深市,创业板,801720.SI,建筑装饰,801726.SI,工程咨询服务Ⅱ,工程咨询服务Ⅱ,L,20170331,3478,9.52,11.78,-0.674,8.475,False,True,True,0,0,0,0,True,
300636.SZ,300636,300636,同和药业,创业板,深市,创业板,801150.SI,医药生物,801151.SI,化学制药,化学制药,L,20170331,3478,9.52,7.1,0.141,5.882,False,True,True,0,0,0,0,True,
300637.SZ,300637,300637,扬帆新材,创业板,深市,创业板,801030.SI,基础化工,801034.SI,化学制品,化学制品,L,20170412,3466,9.49,10.13,8.226,15.054,False,True,True,0,0,0,0,True,
300638.SZ,300638,300638,广和通,创业板,深市,创业板,801770.SI,通信,801102.SI,通信设备,通信设备,L,20170413,3465,9.49,18.44,-6.491,10.606,False,True,True,0,0,0,0,True,
300639.SZ,300639,300639,凯普生物,创业板,深市,创业板,801150.SI,医药生物,801153.SI,医疗器械,医疗器械,L,20170412,3466,9.49,6.19,-2.057,9.836,False,True,True,0,0,0,0,True,
300640.SZ,300640,300640,德艺文创,创业板,深市,创业板,801140.SI,轻工制造,801142.SI,家居用品,家居用品,L,20170417,3461,9.48,6.23,-0.32,9.375,False,True,True,0,0,0,0,True,
300641.SZ,300641,300641,正丹股份,创业板,深市,创业板,801030.SI,基础化工,801034.SI,化学制品,化学制品,L,20170418,3460,9.47,13.19,1.54,15.556,False,True,True,0,0,0,0,True,
300642.SZ,300642,300642,透景生命,创业板,深市,创业板,801150.SI,医药生物,801153.SI,医疗器械,医疗器械,L,20170421,3457,9.46,19.66,-5.662,5.854,False,True,True,0,0,0,0,True,
300643.SZ,300643,300643,万通智控,创业板,深市,创业板,801880.SI,汽车,801093.SI,汽车零部件,汽车零部件,L,20170505,3443,9.43,18.54,4.569,8.889,False,True,True,0,0,0,0,True,
300644.SZ,300644,300644,南京聚隆,创业板,深市,创业板,801030.SI,基础化工,801036.SI,塑料,塑料,L,20180206,3166,8.67,20.46,-0.872,8.696,False,True,True,0,0,0,0,True,
300645.SZ,300645,300645,正元智慧,创业板,深市,创业板,801750.SI,计算机,801101.SI,计算机设备,计算机设备,L,20170421,3457,9.46,13.8,-0.719,9.489,False,True,True,0,0,0,0,True,
300647.SZ,300647,300647,超频三,创业板,深市,创业板,801080.SI,电子,801085.SI,消费电子,消费电子,L,20170503,3445,9.43,9.6,-4.383,8.247,False,True,True,0,0,0,0,True,
300648.SZ,300648,300648,星云股份,创业板,深市,创业板,801730.SI,电力设备,801737.SI,电池,电池,L,20170425,3453,9.45,36.66,-2.083,16.667,False,True,True,0,0,0,0,True,
300649.SZ,300649,300649,杭州园林,创业板,深市,创业板,801720.SI,建筑装饰,801723.SI,基础建设,基础建设,L,20170505,3443,9.43,27.5,-0.794,13.187,False,True,True,0,0,0,0,True,
300650.SZ,300650,300650,太龙股份,创业板,深市,创业板,801080.SI,电子,801082.SI,其他电子Ⅱ,其他电子Ⅱ,L,20170503,3445,9.43,11.59,-3.255,9.016,False,True,True,0,0,0,0,True,
300651.SZ,300651,300651,金陵体育,创业板,深市,创业板,801140.SI,轻工制造,801145.SI,文娱用品,文娱用品,L,20170509,3439,9.42,15.9,-0.501,12.346,False,True,True,0,0,0,0,True,
300652.SZ,300652,300652,雷迪克,创业板,深市,创业板,801880.SI,汽车,801093.SI,汽车零部件,汽车零部件,L,20170516,3432,9.4,26.77,-2.513,12.5,False,True,True,0,0,0,0,True,
300653.SZ,300653,300653,正海生物,创业板,深市,创业板,801150.SI,医药生物,801153.SI,医疗器械,医疗器械,L,20170516,3432,9.4,15.85,-0.565,6.667,False,True,True,0,0,0,0,True,
300654.SZ,300654,300654,世纪天鸿,创业板,深市,创业板,801760.SI,传媒,801769.SI,出版,出版,L,20170926,3299,9.03,9.44,-2.881,9.184,False,True,True,0,0,0,0,True,
300655.SZ,300655,300655,晶瑞电材,创业板,深市,创业板,801080.SI,电子,801086.SI,电子化学品Ⅱ,电子化学品Ⅱ,L,20170523,3425,9.38,11.83,-3.977,9.231,False,True,True,0,0,0,0,True,
300656.SZ,300656,300656,民德电子,创业板,深市,创业板,801080.SI,电子,801082.SI,其他电子Ⅱ,其他电子Ⅱ,L,20170519,3429,9.39,28.5,-4.746,14.865,False,True,True,0,0,0,0,True,
300657.SZ,300657,300657,弘信电子,创业板,深市,创业板,801080.SI,电子,801083.SI,元件,元件,L,20170523,3425,9.38,31.18,-3.765,11.111,False,True,True,0,0,0,0,True,
300658.SZ,300658,300658,延江股份,创业板,深市,创业板,801980.SI,美容护理,801981.SI,个护用品,个护用品,L,20170602,3415,9.35,10.09,-1.657,9.615,False,True,True,0,0,0,0,True,
300659.SZ,300659,300659,中孚信息,创业板,深市,创业板,801750.SI,计算机,801101.SI,计算机设备,计算机设备,L,20170526,3422,9.37,10.85,-3.298,6.306,False,True,True,0,0,0,0,True,
300660.SZ,300660,300660,江苏雷利,创业板,深市,创业板,801730.SI,电力设备,801731.SI,电机Ⅱ,电机Ⅱ,L,20170602,3415,9.35,22.99,-2.832,27.273,False,True,True,0,0,0,0,True,
300661.SZ,300661,300661,圣邦股份,创业板,深市,创业板,801080.SI,电子,801081.SI,半导体,半导体,L,20170606,3411,9.34,96.0,-12.894,17.021,False,True,True,0,0,0,0,True,
300662.SZ,300662,300662,科锐国际,创业板,深市,创业板,801210.SI,社会服务,801218.SI,专业服务,专业服务,L,20170608,3409,9.33,20.91,1.505,8.571,False,True,True,0,0,0,0,True,
300663.SZ,300663,300663,科蓝软件,创业板,深市,创业板,801750.SI,计算机,801104.SI,软件开发,软件开发,L,20170608,3409,9.33,7.29,-0.546,16.456,False,True,True,0,0,0,0,True,
300664.SZ,300664,300664,鹏鹞环保,创业板,深市,创业板,801970.SI,环保,801971.SI,环境治理,环境治理,L,20180105,3198,8.76,4.67,1.082,10.87,False,True,True,0,0,0,0,True,
300665.SZ,300665,300665,飞鹿股份,创业板,深市,创业板,801030.SI,基础化工,801034.SI,化学制品,化学制品,L,20170613,3404,9.32,8.64,-0.69,11.236,False,True,True,0,0,0,5,True,
300666.SZ,300666,300666,江丰电子,创业板,深市,创业板,801080.SI,电子,801081.SI,半导体,半导体,L,20170615,3402,9.31,209.62,-5.907,11.828,False,True,True,0,0,0,0,True,
300667.SZ,300667,300667,必创科技,创业板,深市,创业板,801890.SI,机械设备,801072.SI,通用设备,通用设备,L,20170619,3398,9.3,14.18,-2.61,5.405,False,True,True,0,0,0,0,True,
300668.SZ,300668,300668,杰恩股份,创业板,深市,创业板,801720.SI,建筑装饰,801726.SI,工程咨询服务Ⅱ,工程咨询服务Ⅱ,L,20170619,3398,9.3,29.68,-0.769,11.111,False,True,True,0,0,0,0,True,
300669.SZ,300669,300669,沪宁股份,创业板,深市,创业板,801890.SI,机械设备,801074.SI,专用设备,专用设备,L,20170629,3388,9.28,23.7,-1.863,36.066,False,True,True,0,0,0,0,True,
300670.SZ,300670,300670,大烨智能,创业板,深市,创业板,801730.SI,电力设备,801738.SI,电网设备,电网设备,L,20170703,3384,9.26,7.18,-0.829,8.219,False,True,True,0,0,0,0,True,
300671.SZ,300671,300671,富满微,创业板,深市,创业板,801080.SI,电子,801081.SI,半导体,半导体,L,20170705,3382,9.26,50.72,-7.174,13.333,False,True,True,0,0,0,0,True,
300672.SZ,300672,300672,国科微,创业板,深市,创业板,801080.SI,电子,801081.SI,半导体,半导体,L,20170712,3375,9.24,170.2,-5.785,18.056,False,True,True,0,0,0,0,True,
300673.SZ,300673,300673,佩蒂股份,创业板,深市,创业板,801010.SI,农林牧渔,801014.SI,饲料,饲料,L,20170711,3376,9.24,15.35,2.676,15.493,False,True,True,0,0,0,0,True,
300674.SZ,300674,300674,宇信科技,创业板,深市,创业板,801750.SI,计算机,801103.SI,IT服务Ⅱ,IT服务Ⅱ,L,20181107,2892,7.92,14.45,-3.923,14.545,False,True,True,0,0,0,0,True,
300675.SZ,300675,300675,建科院,创业板,深市,创业板,801720.SI,建筑装饰,801726.SI,工程咨询服务Ⅱ,工程咨询服务Ⅱ,L,20170719,3368,9.22,15.03,3.798,17.021,False,True,True,0,0,0,0,True,
300676.SZ,300676,300676,华大基因,创业板,深市,创业板,801150.SI,医药生物,801156.SI,医疗服务,医疗服务,L,20170714,3373,9.23,43.76,-4.579,19.048,False,True,True,0,0,0,0,True,
300677.SZ,300677,300677,英科医疗,创业板,深市,创业板,801150.SI,医药生物,801153.SI,医疗器械,医疗器械,L,20170721,3366,9.22,46.71,-8.34,14.706,False,True,True,0,0,0,0,True,
300678.SZ,300678,300678,中科信息,创业板,深市,创业板,801750.SI,计算机,801103.SI,IT服务Ⅱ,IT服务Ⅱ,L,20170728,3359,9.2,20.84,0.482,9.091,False,True,True,0,0,0,0,True,
300679.SZ,300679,300679,电连技术,创业板,深市,创业板,801080.SI,电子,801085.SI,消费电子,消费电子,L,20170731,3356,9.19,38.14,-5.053,12.162,False,True,True,0,0,0,0,True,
300680.SZ,300680,300680,隆盛科技,创业板,深市,创业板,801880.SI,汽车,801093.SI,汽车零部件,汽车零部件,L,20170725,3362,9.2,19.34,-3.781,10.345,False,True,True,0,0,0,0,True,
300681.SZ,300681,300681,英搏尔,创业板,深市,创业板,801880.SI,汽车,801093.SI,汽车零部件,汽车零部件,L,20170725,3362,9.2,20.18,-7.98,9.259,False,True,True,0,0,0,0,True,
300682.SZ,300682,300682,朗新科技,创业板,深市,创业板,801750.SI,计算机,801103.SI,IT服务Ⅱ,IT服务Ⅱ,L,20170801,3355,9.19,8.65,-0.231,29.167,False,True,True,0,0,0,0,True,
300683.SZ,300683,300683,海特生物,创业板,深市,创业板,801150.SI,医药生物,801156.SI,医疗服务,医疗服务,L,20170808,3348,9.17,27.25,6.695,15.909,False,True,True,0,0,0,0,True,
300684.SZ,300684,300684,中石科技,创业板,深市,创业板,801080.SI,电子,801086.SI,电子化学品Ⅱ,电子化学品Ⅱ,L,20171227,3207,8.78,90.1,-16.651,22.527,False,True,True,0,0,0,0,True,
300685.SZ,300685,300685,艾德生物,创业板,深市,创业板,801150.SI,医药生物,801153.SI,医疗器械,医疗器械,L,20170802,3354,9.18,20.84,-2.343,19.403,False,True,True,0,0,0,5,True,
300686.SZ,300686,300686,智动力,创业板,深市,创业板,801080.SI,电子,801085.SI,消费电子,消费电子,L,20170804,3352,9.18,13.76,-3.776,6.849,False,True,True,0,0,0,0,True,
300687.SZ,300687,300687,赛意信息,创业板,深市,创业板,801750.SI,计算机,801103.SI,IT服务Ⅱ,IT服务Ⅱ,L,20170803,3353,9.18,26.74,-5.779,11.189,False,True,True,0,0,0,0,True,
300688.SZ,300688,300688,创业黑马,创业板,深市,创业板,801210.SI,社会服务,801994.SI,教育,教育,L,20170810,3346,9.16,32.62,-1.836,11.765,False,True,True,0,0,0,0,True,
300689.SZ,300689,300689,澄天伟业,创业板,深市,创业板,801770.SI,通信,801102.SI,通信设备,通信设备,L,20170809,3347,9.16,61.87,2.4,18.831,False,True,True,0,0,0,0,True,
300690.SZ,300690,300690,双一科技,创业板,深市,创业板,801730.SI,电力设备,801736.SI,风电设备,风电设备,L,20170808,3348,9.17,25.7,-3.311,9.412,False,True,True,0,0,0,0,True,
300691.SZ,300691,300691,联合光电,创业板,深市,创业板,801750.SI,计算机,801101.SI,计算机设备,计算机设备,L,20170811,3345,9.16,17.66,-14.063,16.176,False,True,True,0,0,0,0,True,
300692.SZ,300692,300692,中赋科技,创业板,深市,创业板,801970.SI,环保,801971.SI,环境治理,环境治理,L,20170821,3335,9.13,8.89,-0.892,8.791,False,True,True,0,0,0,0,True,
300693.SZ,300693,300693,盛弘股份,创业板,深市,创业板,801730.SI,电力设备,801733.SI,其他电源设备Ⅱ,其他电源设备Ⅱ,L,20170822,3334,9.13,35.35,-1.614,12.727,False,True,True,0,0,0,0,True,
300694.SZ,300694,300694,蠡湖股份,创业板,深市,创业板,801880.SI,汽车,801093.SI,汽车零部件,汽车零部件,L,20181015,2915,7.98,10.55,-0.939,7.547,False,True,True,0,0,0,0,True,
300695.SZ,300695,300695,兆丰股份,创业板,深市,创业板,801880.SI,汽车,801093.SI,汽车零部件,汽车零部件,L,20170908,3317,9.08,47.18,-3.969,33.333,False,True,True,0,0,0,0,True,
300696.SZ,300696,300696,爱乐达,创业板,深市,创业板,801740.SI,国防军工,801742.SI,航空装备Ⅱ,航空装备Ⅱ,L,20170822,3334,9.13,19.4,-3.722,9.615,False,True,True,0,0,0,0,True,
300697.SZ,300697,300697,电工合金,创业板,深市,创业板,801050.SI,有色金属,801055.SI,工业金属,工业金属,L,20170907,3318,9.08,14.01,-0.919,11.333,False,True,True,0,0,0,0,True,
300698.SZ,300698,300698,万马科技,创业板,深市,创业板,801770.SI,通信,801102.SI,通信设备,通信设备,L,20170831,3325,9.1,25.8,-2.788,10.606,False,True,True,0,0,0,0,True,
300699.SZ,300699,300699,光威复材,创业板,深市,创业板,801740.SI,国防军工,801742.SI,航空装备Ⅱ,航空装备Ⅱ,L,20170901,3324,9.1,22.68,-0.657,19.512,False,True,True,0,0,0,0,True,
300700.SZ,300700,300700,岱勒新材,创业板,深市,创业板,801890.SI,机械设备,801072.SI,通用设备,通用设备,L,20170912,3313,9.07,16.29,-2.455,16.393,False,True,True,0,0,0,0,True,
300701.SZ,300701,300701,森霸传感,创业板,深市,创业板,801080.SI,电子,801084.SI,光学光电子,光学光电子,L,20170915,3310,9.06,9.63,-2.134,9.184,False,True,True,0,0,0,0,True,
300702.SZ,300702,300702,天宇股份,创业板,深市,创业板,801150.SI,医药生物,801151.SI,化学制药,化学制药,L,20170919,3306,9.05,22.28,-1.764,9.259,False,True,True,0,0,0,0,True,
300703.SZ,300703,300703,创源股份,创业板,深市,创业板,801140.SI,轻工制造,801145.SI,文娱用品,文娱用品,L,20170919,3306,9.05,13.42,-2.965,8.696,False,True,True,0,0,0,0,True,
300705.SZ,300705,300705,九典制药,创业板,深市,创业板,801150.SI,医药生物,801151.SI,化学制药,化学制药,L,20171010,3285,8.99,10.91,-1.445,13.514,False,True,True,0,0,0,0,True,
300706.SZ,300706,300706,阿石创,创业板,深市,创业板,801080.SI,电子,801081.SI,半导体,半导体,L,20170926,3299,9.03,43.8,-4.638,8.929,False,True,True,0,0,0,0,True,
300707.SZ,300707,300707,威唐工业,创业板,深市,创业板,801880.SI,汽车,801093.SI,汽车零部件,汽车零部件,L,20171010,3285,8.99,12.03,-0.496,6.667,False,True,True,0,0,0,0,True,
300708.SZ,300708,300708,聚灿光电,创业板,深市,创业板,801080.SI,电子,801084.SI,光学光电子,光学光电子,L,20171016,3279,8.98,9.06,0.0,15.217,False,True,True,0,0,0,0,True,
300709.SZ,300709,300709,精研科技,创业板,深市,创业板,801080.SI,电子,801085.SI,消费电子,消费电子,L,20171019,3276,8.97,33.26,-3.286,20.37,False,True,True,0,0,0,0,True,
300710.SZ,300710,300710,万隆光电,创业板,深市,创业板,801770.SI,通信,801102.SI,通信设备,通信设备,L,20171019,3276,8.97,27.52,-5.495,7.843,False,True,True,0,0,0,0,True,
300711.SZ,300711,300711,广哈通信,创业板,深市,创业板,801770.SI,通信,801102.SI,通信设备,通信设备,L,20171101,3263,8.93,17.77,4.776,12.903,False,True,True,0,0,0,0,True,
300712.SZ,300712,300712,永福股份,创业板,深市,创业板,801720.SI,建筑装饰,801724.SI,专业工程,专业工程,L,20171031,3264,8.94,20.04,0.2,15.385,False,True,True,0,0,0,0,True,
300713.SZ,300713,300713,英可瑞,创业板,深市,创业板,801730.SI,电力设备,801733.SI,其他电源设备Ⅱ,其他电源设备Ⅱ,L,20171101,3263,8.93,14.18,-0.839,13.139,False,True,True,0,0,0,0,True,
300715.SZ,300715,300715,凯伦股份,创业板,深市,创业板,801710.SI,建筑材料,801713.SI,装修建材,装修建材,L,20171026,3269,8.95,12.9,-3.007,8.451,False,True,True,0,0,0,0,True,
300717.SZ,300717,300717,华信新材,创业板,深市,创业板,801030.SI,基础化工,801036.SI,塑料,塑料,L,20171106,3258,8.92,19.94,-4.135,14.737,False,True,True,0,0,0,0,True,
300718.SZ,300718,300718,长盛轴承,创业板,深市,创业板,801890.SI,机械设备,801072.SI,通用设备,通用设备,L,20171106,3258,8.92,50.2,-7.037,19.672,False,True,True,0,0,0,0,True,
300719.SZ,300719,300719,安达维尔,创业板,深市,创业板,801740.SI,国防军工,801742.SI,航空装备Ⅱ,航空装备Ⅱ,L,20171109,3255,8.91,11.6,-1.444,11.765,False,True,True,0,0,0,0,True,
300720.SZ,300720,300720,海川智能,创业板,深市,创业板,801890.SI,机械设备,801072.SI,通用设备,通用设备,L,20171106,3258,8.92,56.2,-0.917,15.385,False,True,True,0,0,0,0,True,
300721.SZ,300721,300721,怡达股份,创业板,深市,创业板,801030.SI,基础化工,801034.SI,化学制品,化学制品,L,20171115,3249,8.9,19.77,-0.803,11.607,False,True,True,0,0,0,0,True,
300722.SZ,300722,300722,新余国科,创业板,深市,创业板,801740.SI,国防军工,801741.SI,航天装备Ⅱ,航天装备Ⅱ,L,20171110,3254,8.91,20.85,-1.185,10.909,False,True,True,0,0,0,0,True,
300723.SZ,300723,300723,一品红,创业板,深市,创业板,801150.SI,医药生物,801151.SI,化学制药,化学制药,L,20171116,3248,8.89,32.84,-1.292,12.222,False,True,True,0,0,0,0,True,
300724.SZ,300724,300724,捷佳伟创,创业板,深市,创业板,801730.SI,电力设备,801735.SI,光伏设备,光伏设备,L,20180810,2981,8.16,51.49,-3.847,13.793,False,True,True,0,0,0,0,True,
300725.SZ,300725,300725,药石科技,创业板,深市,创业板,801150.SI,医药生物,801156.SI,医疗服务,医疗服务,L,20171110,3254,8.91,51.73,-6.54,6.18,False,True,True,0,0,0,0,True,
300726.SZ,300726,300726,宏达电子,创业板,深市,创业板,801740.SI,国防军工,801745.SI,军工电子Ⅱ,军工电子Ⅱ,L,20171121,3243,8.88,48.38,-4.538,14.286,False,True,True,0,0,0,0,True,
300727.SZ,300727,300727,润禾材料,创业板,深市,创业板,801030.SI,基础化工,801034.SI,化学制品,化学制品,L,20171127,3237,8.86,30.81,-3.989,18.75,False,True,True,0,0,0,0,True,
300729.SZ,300729,300729,乐歌股份,创业板,深市,创业板,801140.SI,轻工制造,801142.SI,家居用品,家居用品,L,20171201,3233,8.85,10.94,-1.174,18.519,False,True,True,0,0,0,0,True,
300730.SZ,300730,300730,科创信息,创业板,深市,创业板,801750.SI,计算机,801104.SI,软件开发,软件开发,L,20171205,3229,8.84,11.12,-1.068,5.263,False,True,True,0,0,0,0,True,
300731.SZ,300731,300731,科创新源,创业板,深市,创业板,801030.SI,基础化工,801037.SI,橡胶,橡胶,L,20171208,3226,8.83,41.37,-3.611,17.5,False,True,True,0,0,0,0,True,
300732.SZ,300732,300732,设研院,创业板,深市,创业板,801720.SI,建筑装饰,801726.SI,工程咨询服务Ⅱ,工程咨询服务Ⅱ,L,20171212,3222,8.82,5.85,-0.51,8.475,False,True,True,0,0,0,0,True,
300733.SZ,300733,300733,西菱动力,创业板,深市,创业板,801880.SI,汽车,801093.SI,汽车零部件,汽车零部件,L,20180116,3187,8.73,12.29,-6.326,11.852,False,True,True,0,0,0,0,True,
300735.SZ,300735,300735,光弘科技,创业板,深市,创业板,801080.SI,电子,801085.SI,消费电子,消费电子,L,20171229,3205,8.77,16.85,-4.152,16.327,False,True,True,0,0,0,0,True,
300736.SZ,300736,300736,百邦科技,创业板,深市,创业板,801080.SI,电子,801082.SI,其他电子Ⅱ,其他电子Ⅱ,L,20180109,3194,8.74,34.89,4.461,14.286,False,True,True,0,0,0,0,True,
300737.SZ,300737,300737,科顺股份,创业板,深市,创业板,801710.SI,建筑材料,801713.SI,装修建材,装修建材,L,20180125,3178,8.7,4.7,-2.692,8.333,False,True,True,0,0,0,0,True,
300738.SZ,300738,300738,奥飞数据,创业板,深市,创业板,801770.SI,通信,801223.SI,通信服务,通信服务,L,20180119,3184,8.72,18.0,-2.703,14.141,False,True,True,0,0,0,0,True,
300739.SZ,300739,300739,明阳电路,创业板,深市,创业板,801080.SI,电子,801083.SI,元件,元件,L,20180201,3171,8.68,26.4,-5.207,13.402,False,True,True,0,0,0,0,True,
300740.SZ,300740,300740,水羊股份,创业板,深市,创业板,801980.SI,美容护理,801982.SI,化妆品,化妆品,L,20180208,3164,8.66,21.98,3.435,10.092,False,True,True,0,0,0,0,True,
300741.SZ,300741,300741,华宝股份,创业板,深市,创业板,801030.SI,基础化工,801034.SI,化学制品,化学制品,L,20180301,3143,8.61,23.6,-4.569,50.0,False,True,True,0,0,0,0,True,
300743.SZ,300743,300743,天地数码,创业板,深市,创业板,801750.SI,计算机,801101.SI,计算机设备,计算机设备,L,20180427,3086,8.45,14.42,0.069,8.333,False,True,True,0,0,0,0,True,
300745.SZ,300745,300745,欣锐科技,创业板,深市,创业板,801880.SI,汽车,801093.SI,汽车零部件,汽车零部件,L,20180523,3060,8.38,25.48,-2.0,8.696,False,True,True,0,0,0,0,True,
300746.SZ,300746,300746,汉嘉数智,创业板,深市,创业板,801720.SI,建筑装饰,801726.SI,工程咨询服务Ⅱ,工程咨询服务Ⅱ,L,20180525,3058,8.37,15.18,2.085,18.367,False,True,True,0,0,0,0,True,
300747.SZ,300747,300747,锐科激光,创业板,深市,创业板,801890.SI,机械设备,801078.SI,自动化设备,自动化设备,L,20180625,3027,8.29,35.06,-3.069,12.658,False,True,True,0,0,0,0,True,
300748.SZ,300748,300748,金力永磁,创业板,深市,创业板,801050.SI,有色金属,801051.SI,金属新材料,金属新材料,L,20180921,2939,8.05,23.8,-1.286,12.36,False,True,True,0,0,0,0,True,
300749.SZ,300749,300749,顶固集创,创业板,深市,创业板,801140.SI,轻工制造,801142.SI,家居用品,家居用品,L,20180925,2935,8.04,21.15,-3.425,13.934,False,True,True,0,0,0,0,True,
300750.SZ,300750,300750,宁德时代,创业板,深市,创业板,801730.SI,电力设备,801737.SI,电池,电池,L,20180611,3041,8.33,286.75,-1.498,33.333,False,True,True,0,0,0,0,True,
300751.SZ,300751,300751,迈为股份,创业板,深市,创业板,801730.SI,电力设备,801735.SI,光伏设备,光伏设备,L,20181109,2890,7.91,167.65,-5.229,14.815,False,True,True,0,0,0,0,True,
300752.SZ,300752,300752,隆利科技,创业板,深市,创业板,801080.SI,电子,801084.SI,光学光电子,光学光电子,L,20181130,2869,7.85,12.02,-4.98,16.667,False,True,True,0,0,0,0,True,
300753.SZ,300753,300753,爱朋医疗,创业板,深市,创业板,801150.SI,医药生物,801153.SI,医疗器械,医疗器械,L,20181213,2856,7.82,20.25,-1.984,6.731,False,True,True,0,0,0,0,True,
300755.SZ,300755,300755,华致酒行,创业板,深市,创业板,801200.SI,商贸零售,801204.SI,专业连锁Ⅱ,专业连锁Ⅱ,L,20190129,2809,7.69,11.14,-1.937,13.793,False,True,True,0,0,0,0,True,
300756.SZ,300756,300756,金马游乐,创业板,深市,创业板,801890.SI,机械设备,801074.SI,专用设备,专用设备,L,20181228,2841,7.78,29.1,3.448,15.686,False,True,True,0,0,0,0,True,
300757.SZ,300757,300757,罗博特科,创业板,深市,创业板,801890.SI,机械设备,801078.SI,自动化设备,自动化设备,L,20190108,2830,7.75,508.0,-4.78,17.045,False,True,True,0,0,0,0,True,
300758.SZ,300758,300758,七彩化学,创业板,深市,创业板,801030.SI,基础化工,801034.SI,化学制品,化学制品,L,20190222,2785,7.62,11.54,2.669,7.08,False,True,True,0,0,0,0,True,
300759.SZ,300759,300759,康龙化成,创业板,深市,创业板,801150.SI,医药生物,801156.SI,医疗服务,医疗服务,L,20190128,2810,7.69,43.75,-2.713,9.091,False,True,True,0,0,0,0,True,
300760.SZ,300760,300760,迈瑞医疗,创业板,深市,创业板,801150.SI,医药生物,801153.SI,医疗器械,医疗器械,L,20181016,2914,7.98,157.6,-2.306,28.205,False,True,True,0,0,0,0,True,
300761.SZ,300761,300761,立华股份,创业板,深市,创业板,801010.SI,农林牧渔,801017.SI,养殖业,养殖业,L,20190218,2789,7.64,19.97,-4.037,13.636,False,True,True,0,0,0,0,True,
300762.SZ,300762,300762,上海瀚讯,创业板,深市,创业板,801740.SI,国防军工,801745.SI,军工电子Ⅱ,军工电子Ⅱ,L,20190314,2765,7.57,24.76,0.896,15.094,False,True,True,0,0,0,0,True,
300763.SZ,300763,300763,锦浪科技,创业板,深市,创业板,801730.SI,电力设备,801735.SI,光伏设备,光伏设备,L,20190319,2760,7.56,53.34,0.718,15.0,False,True,True,0,0,0,0,True,
300765.SZ,300765,300765,石药创新,创业板,深市,创业板,801150.SI,医药生物,801151.SI,化学制药,化学制药,L,20190322,2757,7.55,45.1,-4.429,20.909,False,True,True,0,0,0,0,True,
300766.SZ,300766,300766,每日互动,创业板,深市,创业板,801750.SI,计算机,801104.SI,软件开发,软件开发,L,20190325,2754,7.54,20.34,-4.011,8.108,False,True,True,0,0,0,0,True,
300767.SZ,300767,300767,震安科技,创业板,深市,创业板,801030.SI,基础化工,801037.SI,橡胶,橡胶,L,20190329,2750,7.53,18.29,-4.839,15.385,False,True,True,0,0,0,0,True,
300768.SZ,300768,300768,迪普科技,创业板,深市,创业板,801750.SI,计算机,801104.SI,软件开发,软件开发,L,20190412,2736,7.49,14.44,-2.564,12.0,False,True,True,0,0,0,0,True,
300769.SZ,300769,300769,德方纳米,创业板,深市,创业板,801730.SI,电力设备,801737.SI,电池,电池,L,20190415,2733,7.48,42.45,7.197,14.458,False,True,True,0,0,0,0,True,
300770.SZ,300770,300770,新媒股份,创业板,深市,创业板,801760.SI,传媒,801995.SI,电视广播Ⅱ,电视广播Ⅱ,L,20190419,2729,7.47,33.88,-0.441,10.811,False,True,True,0,0,0,0,True,
300771.SZ,300771,300771,智莱科技,创业板,深市,创业板,801750.SI,计算机,801101.SI,计算机设备,计算机设备,L,20190422,2726,7.46,11.47,1.325,7.018,False,True,True,0,0,0,0,True,
300772.SZ,300772,300772,运达股份,创业板,深市,创业板,801730.SI,电力设备,801736.SI,风电设备,风电设备,L,20190426,2722,7.45,9.68,-2.024,25.0,False,True,True,0,0,0,0,True,
300774.SZ,300774,300774,倍杰特,创业板,深市,创业板,801970.SI,环保,801971.SI,环境治理,环境治理,L,20210804,1891,5.18,9.49,-1.146,16.0,False,True,True,0,0,0,0,True,
300775.SZ,300775,300775,三角防务,创业板,深市,创业板,801740.SI,国防军工,801742.SI,航空装备Ⅱ,航空装备Ⅱ,L,20190521,2697,7.38,19.37,-2.418,11.628,False,True,True,0,0,0,0,True,
300776.SZ,300776,300776,帝尔激光,创业板,深市,创业板,801730.SI,电力设备,801735.SI,光伏设备,光伏设备,L,20190517,2701,7.39,112.4,-12.807,14.865,False,True,True,0,0,0,0,True,
300777.SZ,300777,300777,中简科技,创业板,深市,创业板,801740.SI,国防军工,801742.SI,航空装备Ⅱ,航空装备Ⅱ,L,20190516,2702,7.4,19.76,-1.151,21.053,False,True,True,0,0,0,0,True,
300778.SZ,300778,300778,新城市,创业板,深市,创业板,801720.SI,建筑装饰,801726.SI,工程咨询服务Ⅱ,工程咨询服务Ⅱ,L,20190510,2708,7.41,10.95,-0.905,11.111,False,True,True,0,0,0,0,True,
300779.SZ,300779,300779,惠城环保,创业板,深市,创业板,801970.SI,环保,801971.SI,环境治理,环境治理,L,20190522,2696,7.38,51.89,3.697,34.783,False,True,True,0,0,0,0,True,
300780.SZ,300780,300780,德恩精工,创业板,深市,创业板,801890.SI,机械设备,801072.SI,通用设备,通用设备,L,20190531,2687,7.36,17.94,-3.497,10.204,False,True,True,0,0,0,0,True,
300781.SZ,300781,300781,因赛集团,创业板,深市,创业板,801760.SI,传媒,801765.SI,广告营销,广告营销,L,20190606,2681,7.34,25.42,-5.537,10.294,False,True,True,0,0,0,0,True,
300782.SZ,300782,300782,卓胜微,创业板,深市,创业板,801080.SI,电子,801081.SI,半导体,半导体,L,20190618,2669,7.31,64.65,-7.867,13.636,False,True,True,0,0,0,0,True,
300783.SZ,300783,300783,三只松鼠,创业板,深市,创业板,801120.SI,食品饮料,801128.SI,休闲食品,休闲食品,L,20190712,2645,7.24,16.72,0.481,12.0,False,True,True,0,0,0,0,True,
300784.SZ,300784,300784,利安科技,创业板,深市,创业板,801080.SI,电子,801085.SI,消费电子,消费电子,L,20240607,853,2.34,42.43,0.213,6.667,False,True,True,0,0,0,0,True,
300785.SZ,300785,300785,值得买,创业板,深市,创业板,801760.SI,传媒,801767.SI,数字媒体,数字媒体,L,20190715,2642,7.23,34.0,-6.129,7.843,False,True,True,0,0,0,0,True,
300786.SZ,300786,300786,国林科技,创业板,深市,创业板,801970.SI,环保,801972.SI,环保设备Ⅱ,环保设备Ⅱ,L,20190723,2634,7.21,13.52,-2.594,10.067,False,True,True,0,0,0,0,True,
300787.SZ,300787,300787,海能实业,创业板,深市,创业板,801080.SI,电子,801085.SI,消费电子,消费电子,L,20190815,2611,7.15,11.33,-4.549,17.391,False,True,True,0,0,0,0,True,
300788.SZ,300788,300788,中信出版,创业板,深市,创业板,801760.SI,传媒,801769.SI,出版,出版,L,20190705,2652,7.26,29.08,-2.71,17.476,False,True,True,0,0,0,0,True,
300789.SZ,300789,300789,唐源电气,创业板,深市,创业板,801750.SI,计算机,801101.SI,计算机设备,计算机设备,L,20190828,2598,7.11,15.64,-0.824,14.286,False,True,True,0,0,0,0,True,
300790.SZ,300790,300790,宇瞳光学,创业板,深市,创业板,801750.SI,计算机,801101.SI,计算机设备,计算机设备,L,20190920,2575,7.05,17.52,-5.246,9.231,False,True,True,0,0,0,0,True,
300791.SZ,300791,300791,仙乐健康,创业板,深市,创业板,801120.SI,食品饮料,801124.SI,食品加工,食品加工,L,20190925,2570,7.04,18.09,-1.738,20.339,False,True,True,0,0,0,0,True,
300792.SZ,300792,300792,壹网壹创,创业板,深市,创业板,801200.SI,商贸零售,801206.SI,互联网电商,互联网电商,L,20190927,2568,7.03,23.66,-3.625,9.756,False,True,True,0,0,0,0,True,
300793.SZ,300793,300793,佳禾智能,创业板,深市,创业板,801080.SI,电子,801085.SI,消费电子,消费电子,L,20191018,2547,6.97,11.33,-2.579,10.526,False,True,True,0,0,0,0,True,
300795.SZ,300795,300795,米奥会展,创业板,深市,创业板,801210.SI,社会服务,801218.SI,专业服务,专业服务,L,20191022,2543,6.96,12.6,-1.639,8.462,False,True,True,0,0,0,0,True,
300796.SZ,300796,300796,贝斯美,创业板,深市,创业板,801030.SI,基础化工,801038.SI,农化制品,农化制品,L,20191115,2519,6.9,6.99,-0.71,13.235,False,True,True,0,0,0,0,True,
300797.SZ,300797,300797,钢研纳克,创业板,深市,创业板,801210.SI,社会服务,801218.SI,专业服务,专业服务,L,20191101,2533,6.93,12.88,-0.999,19.259,False,True,True,0,0,0,0,True,
300798.SZ,300798,300798,锦鸡股份,创业板,深市,创业板,801030.SI,基础化工,801034.SI,化学制品,化学制品,L,20191122,2512,6.88,8.34,-3.248,8.235,False,True,True,0,0,0,0,True,
300800.SZ,300800,300800,力合科技,创业板,深市,创业板,801970.SI,环保,801972.SI,环保设备Ⅱ,环保设备Ⅱ,L,20191106,2528,6.92,10.63,0.189,11.765,False,True,True,0,0,0,0,True,
300801.SZ,300801,300801,泰和科技,创业板,深市,创业板,801030.SI,基础化工,801034.SI,化学制品,化学制品,L,20191128,2506,6.86,22.92,7.103,9.009,False,True,True,0,0,0,0,True,
300802.SZ,300802,300802,矩子科技,创业板,深市,创业板,801890.SI,机械设备,801078.SI,自动化设备,自动化设备,L,20191114,2520,6.9,22.6,-6.224,16.535,False,True,True,0,0,0,0,True,
300803.SZ,300803,300803,指南针,创业板,深市,创业板,801750.SI,计算机,801104.SI,软件开发,软件开发,L,20191118,2516,6.89,51.24,-3.375,9.091,False,True,True,0,0,0,0,True,
300804.SZ,300804,300804,广康生化,创业板,深市,创业板,801030.SI,基础化工,801038.SI,农化制品,农化制品,L,20230627,1199,3.28,46.62,-15.864,17.791,False,True,True,0,0,0,0,True,
300805.SZ,300805,300805,电声股份,创业板,深市,创业板,801760.SI,传媒,801765.SI,广告营销,广告营销,L,20191121,2513,6.88,8.5,-1.961,5.882,False,True,True,0,0,0,0,True,
300806.SZ,300806,300806,斯迪克,创业板,深市,创业板,801030.SI,基础化工,801036.SI,塑料,塑料,L,20191125,2509,6.87,45.19,-5.638,18.182,False,True,True,0,0,0,0,True,
300807.SZ,300807,300807,天迈科技,创业板,深市,创业板,801750.SI,计算机,801101.SI,计算机设备,计算机设备,L,20191219,2485,6.8,33.36,-5.576,12.329,False,True,True,0,0,0,0,True,
300808.SZ,300808,300808,久量股份,创业板,深市,创业板,801080.SI,电子,801084.SI,光学光电子,光学光电子,L,20191129,2505,6.86,19.59,-2.489,17.143,False,True,True,0,0,0,0,True,
300809.SZ,300809,300809,华辰装备,创业板,深市,创业板,801890.SI,机械设备,801072.SI,通用设备,通用设备,L,20191204,2500,6.84,22.79,-3.473,6.25,False,True,True,0,0,0,0,True,
300810.SZ,300810,300810,中科海讯,创业板,深市,创业板,801740.SI,国防军工,801744.SI,航海装备Ⅱ,航海装备Ⅱ,L,20191206,2498,6.84,22.63,-7.33,16.0,False,True,True,0,0,0,0,True,
300811.SZ,300811,300811,铂科新材,创业板,深市,创业板,801050.SI,有色金属,801051.SI,金属新材料,金属新材料,L,20191230,2474,6.77,76.05,-3.183,11.111,False,True,True,0,0,0,0,True,
300812.SZ,300812,300812,易天股份,创业板,深市,创业板,801080.SI,电子,801085.SI,消费电子,消费电子,L,20200109,2464,6.75,17.72,-2.637,8.763,False,True,True,0,0,0,0,True,
300813.SZ,300813,300813,泰林生物,创业板,深市,创业板,801890.SI,机械设备,801074.SI,专用设备,专用设备,L,20200114,2459,6.73,23.22,1.708,13.699,False,True,True,0,0,0,0,True,
300814.SZ,300814,300814,中富电路,创业板,深市,创业板,801080.SI,电子,801083.SI,元件,元件,L,20210812,1883,5.16,118.63,-2.651,13.793,False,True,True,0,0,0,0,True,
300815.SZ,300815,300815,玉禾田,创业板,深市,创业板,801970.SI,环保,801971.SI,环境治理,环境治理,L,20200123,2450,6.71,15.05,0.736,11.688,False,True,True,0,0,0,0,True,
300816.SZ,300816,300816,艾可蓝,创业板,深市,创业板,801880.SI,汽车,801093.SI,汽车零部件,汽车零部件,L,20200210,2432,6.66,57.1,-2.159,10.938,False,True,True,0,0,0,0,True,
300817.SZ,300817,300817,双飞集团,创业板,深市,创业板,801890.SI,机械设备,801072.SI,通用设备,通用设备,L,20200218,2424,6.64,16.8,-2.212,10.909,False,True,True,0,0,0,0,True,
300818.SZ,300818,300818,耐普矿机,创业板,深市,创业板,801890.SI,机械设备,801072.SI,通用设备,通用设备,L,20200212,2430,6.65,15.64,-0.382,22.222,False,True,True,0,0,0,0,True,
300819.SZ,300819,300819,聚杰微纤,创业板,深市,创业板,801130.SI,纺织服饰,801131.SI,纺织制造,纺织制造,L,20200312,2401,6.57,41.9,-1.063,11.392,False,True,True,0,0,0,0,True,
300820.SZ,300820,300820,英杰电气,创业板,深市,创业板,801730.SI,电力设备,801733.SI,其他电源设备Ⅱ,其他电源设备Ⅱ,L,20200213,2429,6.65,61.58,-5.218,22.619,False,True,True,0,0,0,0,True,
300821.SZ,300821,300821,东岳硅材,创业板,深市,创业板,801030.SI,基础化工,801034.SI,化学制品,化学制品,L,20200312,2401,6.57,14.29,-0.14,12.987,False,True,True,0,0,0,0,True,
300822.SZ,300822,300822,贝仕达克,创业板,深市,创业板,801080.SI,电子,801085.SI,消费电子,消费电子,L,20200313,2400,6.57,11.07,-1.425,13.559,False,True,True,0,0,0,0,True,
300823.SZ,300823,300823,建科智能,创业板,深市,创业板,801890.SI,机械设备,801074.SI,专用设备,专用设备,L,20200319,2394,6.55,14.74,0.272,6.803,False,True,True,0,0,0,0,True,
300824.SZ,300824,300824,北鼎股份,创业板,深市,创业板,801110.SI,家用电器,801113.SI,小家电,小家电,L,20200619,2302,6.3,8.26,0.978,10.256,False,True,True,0,0,0,0,True,
300825.SZ,300825,300825,阿尔特,创业板,深市,创业板,801880.SI,汽车,801092.SI,汽车服务,汽车服务,L,20200327,2386,6.53,11.17,-0.887,13.008,False,True,True,0,0,0,0,True,
300826.SZ,300826,300826,测绘股份,创业板,深市,创业板,801720.SI,建筑装饰,801726.SI,工程咨询服务Ⅱ,工程咨询服务Ⅱ,L,20200403,2379,6.51,14.5,-2.423,8.725,False,True,True,0,0,0,0,True,
300827.SZ,300827,300827,上能电气,创业板,深市,创业板,801730.SI,电力设备,801735.SI,光伏设备,光伏设备,L,20200410,2372,6.49,23.74,-3.023,7.968,False,True,True,0,0,0,0,True,
300828.SZ,300828,300828,锐新科技,创业板,深市,创业板,801890.SI,机械设备,801072.SI,通用设备,通用设备,L,20200421,2361,6.46,16.11,-6.663,6.897,False,True,True,0,0,0,0,True,
300829.SZ,300829,300829,金丹科技,创业板,深市,创业板,801030.SI,基础化工,801034.SI,化学制品,化学制品,L,20200422,2360,6.46,21.26,-3.188,19.469,False,True,True,0,0,0,0,True,
300830.SZ,300830,300830,金现代,创业板,深市,创业板,801750.SI,计算机,801104.SI,软件开发,软件开发,L,20200506,2346,6.42,7.79,-2.013,15.854,False,True,True,0,0,0,0,True,
300832.SZ,300832,300832,新产业,创业板,深市,创业板,801150.SI,医药生物,801153.SI,医疗器械,医疗器械,L,20200512,2340,6.41,48.88,-2.958,18.033,False,True,True,0,0,0,0,True,
300833.SZ,300833,300833,浩洋股份,创业板,深市,创业板,801890.SI,机械设备,801074.SI,专用设备,专用设备,L,20200520,2332,6.38,43.69,0.344,25.0,False,True,True,0,0,0,0,True,
300834.SZ,300834,300834,星辉环材,创业板,深市,创业板,801030.SI,基础化工,801036.SI,塑料,塑料,L,20220113,1729,4.73,37.46,0.402,21.827,False,True,True,0,0,0,0,True,
300835.SZ,300835,300835,龙磁科技,创业板,深市,创业板,801050.SI,有色金属,801051.SI,金属新材料,金属新材料,L,20200525,2327,6.37,178.18,-4.824,16.832,False,True,True,0,0,0,0,True,
300836.SZ,300836,300836,佰奥智能,创业板,深市,创业板,801890.SI,机械设备,801074.SI,专用设备,专用设备,L,20200528,2324,6.36,51.28,-7.604,20.253,False,True,True,0,0,0,0,True,
300837.SZ,300837,300837,浙矿股份,创业板,深市,创业板,801890.SI,机械设备,801074.SI,专用设备,专用设备,L,20200605,2316,6.34,22.27,-0.269,8.108,False,True,True,0,0,0,0,True,
300838.SZ,300838,300838,浙江力诺,创业板,深市,创业板,801890.SI,机械设备,801072.SI,通用设备,通用设备,L,20200608,2313,6.33,14.62,0.689,8.333,False,True,True,0,0,0,0,True,
300839.SZ,300839,300839,博汇股份,创业板,深市,创业板,801960.SI,石油石化,801963.SI,炼化及贸易,炼化及贸易,L,20200630,2291,6.27,12.75,2.41,6.202,False,True,True,0,0,0,0,True,
300840.SZ,300840,300840,酷特智能,创业板,深市,创业板,801130.SI,纺织服饰,801132.SI,服装家纺,服装家纺,L,20200708,2283,6.25,17.52,-2.829,8.333,False,True,True,0,0,0,0,True,
300841.SZ,300841,300841,康华生物,创业板,深市,创业板,801150.SI,医药生物,801152.SI,生物制品,生物制品,L,20200616,2305,6.31,54.13,-3.957,14.286,False,True,True,0,0,0,0,True,
300842.SZ,300842,300842,帝科股份,创业板,深市,创业板,801730.SI,电力设备,801735.SI,光伏设备,光伏设备,L,20200618,2303,6.31,56.69,-4.078,9.375,False,True,True,0,0,0,0,True,
300843.SZ,300843,300843,胜蓝股份,创业板,深市,创业板,801080.SI,电子,801085.SI,消费电子,消费电子,L,20200702,2289,6.27,120.11,0.25,16.25,False,True,True,0,0,0,0,True,
300844.SZ,300844,300844,山水比德,创业板,深市,创业板,801720.SI,建筑装饰,801726.SI,工程咨询服务Ⅱ,工程咨询服务Ⅱ,L,20210813,1882,5.15,24.59,0.245,11.667,False,True,True,0,0,0,0,True,
300845.SZ,300845,300845,捷安高科,创业板,深市,创业板,801750.SI,计算机,801101.SI,计算机设备,计算机设备,L,20200703,2288,6.26,14.14,-1.806,9.286,False,True,True,0,0,0,0,True,
300846.SZ,300846,300846,首都在线,创业板,深市,创业板,801750.SI,计算机,801103.SI,IT服务Ⅱ,IT服务Ⅱ,L,20200701,2290,6.27,17.49,-3.583,9.278,False,True,True,0,0,0,0,True,
300847.SZ,300847,300847,中船汉光,创业板,深市,创业板,801750.SI,计算机,801101.SI,计算机设备,计算机设备,L,20200709,2282,6.25,14.19,-0.63,6.944,False,True,True,0,0,0,0,True,
300848.SZ,300848,300848,美瑞新材,创业板,深市,创业板,801030.SI,基础化工,801034.SI,化学制品,化学制品,L,20200720,2271,6.22,10.92,0.0,24.793,False,True,True,0,0,0,0,True,
300849.SZ,300849,300849,锦盛新材,创业板,深市,创业板,801980.SI,美容护理,801982.SI,化妆品,化妆品,L,20200710,2281,6.25,20.32,-2.961,11.111,False,True,True,0,0,0,0,True,
300850.SZ,300850,300850,新强联,创业板,深市,创业板,801730.SI,电力设备,801736.SI,风电设备,风电设备,L,20200713,2278,6.24,30.05,-5.533,9.524,False,True,True,0,0,0,0,True,
300851.SZ,300851,300851,交大思诺,创业板,深市,创业板,801890.SI,机械设备,801076.SI,轨交设备Ⅱ,轨交设备Ⅱ,L,20200717,2274,6.23,25.13,0.601,8.333,False,True,True,0,0,0,0,True,
300852.SZ,300852,300852,四会富仕,创业板,深市,创业板,801080.SI,电子,801083.SI,元件,元件,L,20200713,2278,6.24,69.18,-2.15,12.36,False,True,True,0,0,0,0,True,
300853.SZ,300853,300853,申昊科技,创业板,深市,创业板,801730.SI,电力设备,801738.SI,电网设备,电网设备,L,20200724,2267,6.21,30.68,-1.319,12.871,False,True,True,0,0,0,0,True,
300854.SZ,300854,300854,中兰环保,创业板,深市,创业板,801970.SI,环保,801971.SI,环境治理,环境治理,L,20210916,1848,5.06,15.05,0.602,17.949,False,True,True,0,0,0,0,True,
300855.SZ,300855,300855,图南股份,创业板,深市,创业板,801050.SI,有色金属,801051.SI,金属新材料,金属新材料,L,20200723,2268,6.21,32.49,-2.139,12.791,False,True,True,0,0,0,0,True,
300856.SZ,300856,300856,科思股份,创业板,深市,创业板,801980.SI,美容护理,801982.SI,化妆品,化妆品,L,20200722,2269,6.21,10.43,0.288,20.0,False,True,True,0,0,0,0,True,
300857.SZ,300857,300857,协创数据,创业板,深市,创业板,801080.SI,电子,801085.SI,消费电子,消费电子,L,20200727,2264,6.2,234.8,-6.514,9.877,False,True,True,0,0,0,0,True,
300858.SZ,300858,300858,科拓生物,创业板,深市,创业板,801030.SI,基础化工,801034.SI,化学制品,化学制品,L,20200727,2264,6.2,14.6,-3.439,9.459,False,True,True,0,0,0,0,True,
300859.SZ,300859,300859,西域旅游,创业板,深市,创业板,801210.SI,社会服务,801993.SI,旅游及景区,旅游及景区,L,20200806,2254,6.17,21.98,-2.311,26.087,False,True,True,0,0,0,0,True,
300860.SZ,300860,300860,锋尚文化,创业板,深市,创业板,801210.SI,社会服务,801218.SI,专业服务,专业服务,L,20200824,2236,6.12,27.69,-3.653,15.172,False,True,True,0,0,0,0,True,
300861.SZ,300861,300861,美畅股份,创业板,深市,创业板,801890.SI,机械设备,801072.SI,通用设备,通用设备,L,20200824,2236,6.12,14.81,-1.921,9.375,False,True,True,0,0,0,0,True,
300863.SZ,300863,300863,卡倍亿,创业板,深市,创业板,801880.SI,汽车,801093.SI,汽车零部件,汽车零部件,L,20200824,2236,6.12,36.0,-3.872,13.333,False,True,True,0,0,0,0,True,
300864.SZ,300864,300864,南大环境,创业板,深市,创业板,801970.SI,环保,801971.SI,环境治理,环境治理,L,20200824,2236,6.12,25.02,1.501,15.326,False,True,True,0,0,0,0,True,
300865.SZ,300865,300865,大宏立,创业板,深市,创业板,801890.SI,机械设备,801074.SI,专用设备,专用设备,L,20200824,2236,6.12,29.15,3.113,14.333,False,True,True,0,0,0,0,True,
300866.SZ,300866,300866,安克创新,创业板,深市,创业板,801080.SI,电子,801085.SI,消费电子,消费电子,L,20200824,2236,6.12,114.66,-8.0,14.545,False,True,True,0,0,0,0,True,
300867.SZ,300867,300867,圣元环保,创业板,深市,创业板,801970.SI,环保,801971.SI,环境治理,环境治理,L,20200824,2236,6.12,16.88,1.017,6.897,False,True,True,0,0,0,0,True,
300868.SZ,300868,300868,杰美特,创业板,深市,创业板,801080.SI,电子,801085.SI,消费电子,消费电子,L,20200824,2236,6.12,70.65,-2.833,21.101,False,True,True,0,0,0,0,True,
300869.SZ,300869,300869,康泰医学,创业板,深市,创业板,801150.SI,医药生物,801153.SI,医疗器械,医疗器械,L,20200824,2236,6.12,10.76,-5.198,8.929,False,True,True,0,0,0,0,True,
300870.SZ,300870,300870,欧陆通,创业板,深市,创业板,801730.SI,电力设备,801733.SI,其他电源设备Ⅱ,其他电源设备Ⅱ,L,20200824,2236,6.12,165.34,-5.682,18.367,False,True,True,0,0,0,0,True,
300871.SZ,300871,300871,回盛生物,创业板,深市,创业板,801010.SI,农林牧渔,801018.SI,动物保健Ⅱ,动物保健Ⅱ,L,20200824,2236,6.12,21.25,0.711,9.91,False,True,True,0,0,0,0,True,
300872.SZ,300872,300872,天阳科技,创业板,深市,创业板,801750.SI,计算机,801103.SI,IT服务Ⅱ,IT服务Ⅱ,L,20200824,2236,6.12,14.38,-3.36,7.792,False,True,True,0,0,0,0,True,
300873.SZ,300873,300873,海晨股份,创业板,深市,创业板,801170.SI,交通运输,801178.SI,物流,物流,L,20200824,2236,6.12,14.2,-2.136,13.158,False,True,True,0,0,0,0,True,
300875.SZ,300875,300875,捷强装备,创业板,深市,创业板,801740.SI,国防军工,801743.SI,地面兵装Ⅱ,地面兵装Ⅱ,L,20200824,2236,6.12,33.19,6.038,9.735,False,True,True,0,0,0,0,True,
300876.SZ,300876,300876,蒙泰高新,创业板,深市,创业板,801030.SI,基础化工,801032.SI,化学纤维,化学纤维,L,20200824,2236,6.12,16.7,3.92,12.987,False,True,True,0,0,0,0,True,
300877.SZ,300877,300877,金春股份,创业板,深市,创业板,801130.SI,纺织服饰,801131.SI,纺织制造,纺织制造,L,20200824,2236,6.12,26.2,-2.348,10.909,False,True,True,0,0,0,0,True,
300878.SZ,300878,300878,维康药业,创业板,深市,创业板,801150.SI,医药生物,801155.SI,中药Ⅱ,中药Ⅱ,L,20200824,2236,6.12,29.35,-2.686,12.346,False,True,True,0,0,0,0,True,
300879.SZ,300879,300879,大叶股份,创业板,深市,创业板,801890.SI,机械设备,801074.SI,专用设备,专用设备,L,20200901,2228,6.1,16.65,-2.403,13.793,False,True,True,0,0,0,0,True,
300880.SZ,300880,300880,迦南智能,创业板,深市,创业板,801730.SI,电力设备,801738.SI,电网设备,电网设备,L,20200901,2228,6.1,17.99,-0.056,12.0,False,True,True,0,0,0,0,True,
300881.SZ,300881,300881,盛德鑫泰,创业板,深市,创业板,801040.SI,钢铁,801045.SI,特钢Ⅱ,特钢Ⅱ,L,20200901,2228,6.1,29.02,-1.993,11.465,False,True,True,0,0,0,0,True,
300882.SZ,300882,300882,万胜智能,创业板,深市,创业板,801730.SI,电力设备,801738.SI,电网设备,电网设备,L,20200910,2219,6.08,13.15,-0.076,28.378,False,True,True,0,0,0,0,True,
300883.SZ,300883,300883,龙利得,创业板,深市,创业板,801140.SI,轻工制造,801141.SI,包装印刷,包装印刷,L,20200910,2219,6.08,6.37,0.157,6.25,False,True,True,0,0,0,0,True,
300884.SZ,300884,300884,狄耐克,创业板,深市,创业板,801750.SI,计算机,801101.SI,计算机设备,计算机设备,L,20201112,2156,5.9,11.98,1.698,9.836,False,True,True,0,0,0,0,True,
300885.SZ,300885,300885,海昌新材,创业板,深市,创业板,801890.SI,机械设备,801072.SI,通用设备,通用设备,L,20200910,2219,6.08,17.74,-2.848,12.371,False,True,True,0,0,0,0,True,
300886.SZ,300886,300886,华业香料,创业板,深市,创业板,801980.SI,美容护理,801982.SI,化妆品,化妆品,L,20200916,2213,6.06,23.62,-0.422,7.143,False,True,True,0,0,0,0,True,
300887.SZ,300887,300887,谱尼测试,创业板,深市,创业板,801210.SI,社会服务,801218.SI,专业服务,专业服务,L,20200916,2213,6.06,6.9,-0.719,8.451,False,True,True,0,0,0,0,True,
300888.SZ,300888,300888,稳健医疗,创业板,深市,创业板,801980.SI,美容护理,801981.SI,个护用品,个护用品,L,20200917,2212,6.06,29.85,2.051,25.0,False,True,True,0,0,0,0,True,
300889.SZ,300889,300889,爱克股份,创业板,深市,创业板,801080.SI,电子,801084.SI,光学光电子,光学光电子,L,20200916,2213,6.06,20.51,-3.709,13.158,False,True,True,0,0,0,0,True,
300890.SZ,300890,300890,翔丰华,创业板,深市,创业板,801730.SI,电力设备,801737.SI,电池,电池,L,20200917,2212,6.06,29.23,1.212,12.143,False,True,True,0,0,0,0,True,
300891.SZ,300891,300891,惠云钛业,创业板,深市,创业板,801030.SI,基础化工,801033.SI,化学原料,化学原料,L,20200917,2212,6.06,7.59,-1.3,13.514,False,True,True,0,0,0,0,True,
300892.SZ,300892,300892,品渥食品,创业板,深市,创业板,801120.SI,食品饮料,801127.SI,饮料乳品,饮料乳品,L,20200924,2205,6.04,22.47,-0.575,9.649,False,True,True,0,0,0,0,True,
300893.SZ,300893,300893,松原安全,创业板,深市,创业板,801880.SI,汽车,801093.SI,汽车零部件,汽车零部件,L,20200924,2205,6.04,14.54,-3.9,21.918,False,True,True,0,0,0,0,True,
300894.SZ,300894,300894,火星人,创业板,深市,创业板,801110.SI,家用电器,801114.SI,厨卫电器,厨卫电器,L,20201231,2107,5.77,9.85,-1.598,15.385,False,True,True,0,0,0,0,True,
300895.SZ,300895,300895,铜牛信息,创业板,深市,创业板,801750.SI,计算机,801103.SI,IT服务Ⅱ,IT服务Ⅱ,L,20200924,2205,6.04,54.3,-4.401,12.245,False,True,True,0,0,0,0,True,
300896.SZ,300896,300896,爱美客,创业板,深市,创业板,801980.SI,美容护理,801983.SI,医疗美容,医疗美容,L,20200928,2201,6.03,95.18,0.19,15.0,False,True,True,0,0,0,0,True,
300897.SZ,300897,300897,山科智能,创业板,深市,创业板,801890.SI,机械设备,801072.SI,通用设备,通用设备,L,20200928,2201,6.03,16.21,-1.459,9.259,False,True,True,0,0,0,0,True,
300898.SZ,300898,300898,熊猫乳品,创业板,深市,创业板,801120.SI,食品饮料,801127.SI,饮料乳品,饮料乳品,L,20201016,2183,5.98,20.66,0.438,7.843,False,True,True,0,0,0,0,True,
300899.SZ,300899,300899,上海凯鑫,创业板,深市,创业板,801970.SI,环保,801971.SI,环境治理,环境治理,L,20201016,2183,5.98,30.31,0.0,11.111,False,True,True,0,0,0,0,True,
300900.SZ,300900,300900,广联航空,创业板,深市,创业板,801740.SI,国防军工,801742.SI,航空装备Ⅱ,航空装备Ⅱ,L,20201029,2170,5.94,21.5,0.093,8.696,False,True,True,0,0,0,0,True,
300901.SZ,300901,300901,中胤时尚,创业板,深市,创业板,801130.SI,纺织服饰,801132.SI,服装家纺,服装家纺,L,20201029,2170,5.94,16.23,-2.17,21.739,False,True,True,0,0,0,0,True,
300902.SZ,300902,300902,国安达,创业板,深市,创业板,801890.SI,机械设备,801074.SI,专用设备,专用设备,L,20201029,2170,5.94,17.59,-1.896,12.5,False,True,True,0,0,0,0,True,
300903.SZ,300903,300903,科翔股份,创业板,深市,创业板,801080.SI,电子,801083.SI,元件,元件,L,20201105,2163,5.92,95.6,3.587,18.4,False,True,True,0,0,0,0,True,
300904.SZ,300904,300904,威力传动,创业板,深市,创业板,801730.SI,电力设备,801736.SI,风电设备,风电设备,L,20230809,1156,3.16,52.08,2.439,20.27,False,True,True,0,0,0,0,True,
300905.SZ,300905,300905,宝丽迪,创业板,深市,创业板,801030.SI,基础化工,801032.SI,化学纤维,化学纤维,L,20201105,2163,5.92,41.88,0.94,12.821,False,True,True,0,0,0,0,True,
300906.SZ,300906,300906,日月明,创业板,深市,创业板,801890.SI,机械设备,801072.SI,通用设备,通用设备,L,20201105,2163,5.92,27.78,-0.644,16.667,False,True,True,0,0,0,0,True,
300907.SZ,300907,300907,康平科技,创业板,深市,创业板,801730.SI,电力设备,801731.SI,电机Ⅱ,电机Ⅱ,L,20201118,2150,5.89,53.48,2.295,11.278,False,True,True,0,0,0,0,True,
300908.SZ,300908,300908,仲景食品,创业板,深市,创业板,801120.SI,食品饮料,801129.SI,调味发酵品Ⅱ,调味发酵品Ⅱ,L,20201123,2145,5.87,17.54,1.799,8.772,False,True,True,0,0,0,0,True,
300909.SZ,300909,300909,汇创达,创业板,深市,创业板,801080.SI,电子,801084.SI,光学光电子,光学光电子,L,20201118,2150,5.89,58.88,-3.428,14.474,False,True,True,0,0,0,0,True,
300910.SZ,300910,300910,瑞丰新材,创业板,深市,创业板,801030.SI,基础化工,801034.SI,化学制品,化学制品,L,20201127,2141,5.86,27.42,-2.141,8.511,False,True,True,0,0,0,0,True,
300911.SZ,300911,300911,亿田智能,创业板,深市,创业板,801110.SI,家用电器,801114.SI,厨卫电器,厨卫电器,L,20201203,2135,5.85,31.47,-1.687,19.753,False,True,True,0,0,0,0,True,
300912.SZ,300912,300912,凯龙高科,创业板,深市,创业板,801880.SI,汽车,801093.SI,汽车零部件,汽车零部件,L,20201207,2131,5.83,18.63,-2.41,10.204,False,True,True,0,0,0,0,True,
300913.SZ,300913,300913,兆龙互连,创业板,深市,创业板,801770.SI,通信,801102.SI,通信设备,通信设备,L,20201207,2131,5.83,34.4,-3.83,19.048,False,True,True,0,0,0,0,True,
300915.SZ,300915,300915,海融科技,创业板,深市,创业板,801120.SI,食品饮料,801127.SI,饮料乳品,饮料乳品,L,20201202,2136,5.85,23.78,2.588,18.269,False,True,True,0,0,0,0,True,
300916.SZ,300916,300916,朗特智能,创业板,深市,创业板,801080.SI,电子,801085.SI,消费电子,消费电子,L,20201202,2136,5.85,26.72,-0.336,10.606,False,True,True,0,0,0,0,True,
300917.SZ,300917,300917,特发服务,创业板,深市,创业板,801180.SI,房地产,801183.SI,房地产服务,房地产服务,L,20201221,2117,5.8,33.74,-2.344,12.5,False,True,True,0,0,0,0,True,
300918.SZ,300918,300918,南山智尚,创业板,深市,创业板,801130.SI,纺织服饰,801131.SI,纺织制造,纺织制造,L,20201222,2116,5.79,10.65,0.377,15.094,False,True,True,0,0,0,0,True,
300919.SZ,300919,300919,中伟新材,创业板,深市,创业板,801730.SI,电力设备,801737.SI,电池,电池,L,20201223,2115,5.79,37.95,1.907,24.242,False,True,True,0,0,0,0,True,
300920.SZ,300920,300920,润阳科技,创业板,深市,创业板,801030.SI,基础化工,801036.SI,塑料,塑料,L,20201225,2113,5.79,30.1,-2.715,11.765,False,True,True,0,0,0,0,True,
300921.SZ,300921,300921,南凌科技,创业板,深市,创业板,801770.SI,通信,801223.SI,通信服务,通信服务,L,20201222,2116,5.79,15.49,-2.333,6.25,False,True,True,0,0,0,0,True,
300922.SZ,300922,300922,天秦装备,创业板,深市,创业板,801740.SI,国防军工,801743.SI,地面兵装Ⅱ,地面兵装Ⅱ,L,20201225,2113,5.79,17.02,0.591,12.222,False,True,True,0,0,0,0,True,
300923.SZ,300923,300923,研奥股份,创业板,深市,创业板,801890.SI,机械设备,801076.SI,轨交设备Ⅱ,轨交设备Ⅱ,L,20201224,2114,5.79,23.97,0.209,12.605,False,True,True,0,0,0,0,True,
300925.SZ,300925,300925,法本信息,创业板,深市,创业板,801750.SI,计算机,801104.SI,软件开发,软件开发,L,20201230,2108,5.77,13.33,-2.63,9.722,False,True,True,0,0,0,0,True,
300926.SZ,300926,300926,博俊科技,创业板,深市,创业板,801880.SI,汽车,801093.SI,汽车零部件,汽车零部件,L,20210107,2100,5.75,16.57,1.098,19.318,False,True,True,0,0,0,0,True,
300927.SZ,300927,300927,江天化学,创业板,深市,创业板,801030.SI,基础化工,801033.SI,化学原料,化学原料,L,20210107,2100,5.75,27.38,-0.689,7.299,False,True,True,0,0,0,0,True,
300928.SZ,300928,300928,华安鑫创,创业板,深市,创业板,801880.SI,汽车,801093.SI,汽车零部件,汽车零部件,L,20210106,2101,5.75,23.98,-1.195,9.677,False,True,True,0,0,0,0,True,
300929.SZ,300929,300929,华骐环保,创业板,深市,创业板,801970.SI,环保,801971.SI,环境治理,环境治理,L,20210120,2087,5.71,16.2,1.124,11.111,False,True,True,0,0,0,0,True,
300930.SZ,300930,300930,屹通新材,创业板,深市,创业板,801050.SI,有色金属,801051.SI,金属新材料,金属新材料,L,20210121,2086,5.71,26.02,2.119,7.874,False,True,True,0,0,0,0,True,
300931.SZ,300931,300931,通用电梯,创业板,深市,创业板,801890.SI,机械设备,801074.SI,专用设备,专用设备,L,20210121,2086,5.71,18.48,3.704,9.04,False,True,True,0,0,0,0,True,
300932.SZ,300932,300932,三友联众,创业板,深市,创业板,801730.SI,电力设备,801738.SI,电网设备,电网设备,L,20210122,2085,5.71,10.68,-1.928,6.422,False,True,True,0,0,0,0,True,
300933.SZ,300933,300933,中辰股份,创业板,深市,创业板,801730.SI,电力设备,801738.SI,电网设备,电网设备,L,20210122,2085,5.71,6.46,-1.524,7.576,False,True,True,0,0,0,0,True,
300935.SZ,300935,300935,盈建科,创业板,深市,创业板,801750.SI,计算机,801104.SI,软件开发,软件开发,L,20210120,2087,5.71,26.82,-1.325,17.143,False,True,True,0,0,0,0,True,
300936.SZ,300936,300936,中英科技,创业板,深市,创业板,801080.SI,电子,801083.SI,元件,元件,L,20210126,2081,5.7,66.0,-3.874,15.267,False,True,True,0,0,0,0,True,
300937.SZ,300937,300937,药易购,创业板,深市,创业板,801150.SI,医药生物,801154.SI,医药商业,医药商业,L,20210127,2080,5.69,23.83,-0.915,6.098,False,True,True,0,0,0,0,True,
300938.SZ,300938,300938,信测标准,创业板,深市,创业板,801210.SI,社会服务,801218.SI,专业服务,专业服务,L,20210127,2080,5.69,27.66,-6.994,14.0,False,True,True,0,0,0,0,True,
300939.SZ,300939,300939,秋田微,创业板,深市,创业板,801080.SI,电子,801084.SI,光学光电子,光学光电子,L,20210128,2079,5.69,98.34,-1.096,14.685,False,True,True,0,0,0,0,True,
300940.SZ,300940,300940,南极光,创业板,深市,创业板,801080.SI,电子,801084.SI,光学光电子,光学光电子,L,20210203,2073,5.68,13.01,-2.62,7.353,False,True,True,0,0,0,0,True,
300941.SZ,300941,300941,创识科技,创业板,深市,创业板,801750.SI,计算机,801101.SI,计算机设备,计算机设备,L,20210209,2067,5.66,14.81,-1.201,7.895,False,True,True,0,0,0,0,True,
300942.SZ,300942,300942,易瑞生物,创业板,深市,创业板,801150.SI,医药生物,801153.SI,医疗器械,医疗器械,L,20210209,2067,5.66,6.51,-2.105,10.606,False,True,True,0,0,0,0,True,
300943.SZ,300943,300943,春晖智控,创业板,深市,创业板,801890.SI,机械设备,801072.SI,通用设备,通用设备,L,20210210,2066,5.66,31.5,-0.881,10.714,False,True,True,0,0,0,0,True,
300945.SZ,300945,300945,曼卡龙,创业板,深市,创业板,801130.SI,纺织服饰,801133.SI,饰品,饰品,L,20210210,2066,5.66,11.12,-0.626,12.5,False,True,True,0,0,0,0,True,
300946.SZ,300946,300946,恒而达,创业板,深市,创业板,801890.SI,机械设备,801072.SI,通用设备,通用设备,L,20210208,2068,5.66,34.76,-4.004,11.828,False,True,True,0,0,0,0,True,
300947.SZ,300947,300947,德必集团,创业板,深市,创业板,801200.SI,商贸零售,801203.SI,一般零售,一般零售,L,20210210,2066,5.66,15.86,-0.564,11.842,False,True,True,0,0,0,0,True,
300948.SZ,300948,300948,冠中生态,创业板,深市,创业板,801720.SI,建筑装饰,801723.SI,基础建设,基础建设,L,20210225,2051,5.62,17.28,-2.757,17.677,False,True,True,0,0,0,0,True,
300949.SZ,300949,300949,奥雅股份,创业板,深市,创业板,801720.SI,建筑装饰,801723.SI,基础建设,基础建设,L,20210226,2050,5.61,24.24,1.423,10.345,False,True,True,0,0,0,0,True,
300950.SZ,300950,300950,德固特,创业板,深市,创业板,801890.SI,机械设备,801074.SI,专用设备,专用设备,L,20210303,2045,5.6,19.46,-2.014,16.327,False,True,True,0,0,0,0,True,
300951.SZ,300951,300951,博硕科技,创业板,深市,创业板,801080.SI,电子,801085.SI,消费电子,消费电子,L,20210226,2050,5.61,79.11,-3.395,16.86,False,True,True,0,0,0,0,True,
300952.SZ,300952,300952,恒辉安防,创业板,深市,创业板,801130.SI,纺织服饰,801132.SI,服装家纺,服装家纺,L,20210311,2037,5.58,16.1,-2.365,10.909,False,True,True,0,0,0,0,True,
300953.SZ,300953,300953,震裕科技,创业板,深市,创业板,801730.SI,电力设备,801737.SI,电池,电池,L,20210318,2030,5.56,89.16,-3.245,10.256,False,True,True,0,0,0,0,True,
300956.SZ,300956,300956,英力股份,创业板,深市,创业板,801080.SI,电子,801085.SI,消费电子,消费电子,L,20210326,2022,5.54,11.01,-1.521,8.929,False,True,True,0,0,0,0,True,
300957.SZ,300957,300957,贝泰妮,创业板,深市,创业板,801980.SI,美容护理,801982.SI,化妆品,化妆品,L,20210325,2023,5.54,32.6,-0.306,7.692,False,True,True,0,0,0,0,True,
300958.SZ,300958,300958,建工修复,创业板,深市,创业板,801970.SI,环保,801971.SI,环境治理,环境治理,L,20210329,2019,5.53,12.42,0.0,7.317,False,True,True,0,0,0,0,True,
300959.SZ,300959,300959,线上线下,创业板,深市,创业板,801770.SI,通信,801223.SI,通信服务,通信服务,L,20210322,2026,5.55,83.73,-2.207,12.281,False,True,True,0,0,0,0,True,
300960.SZ,300960,300960,通业科技,创业板,深市,创业板,801890.SI,机械设备,801076.SI,轨交设备Ⅱ,轨交设备Ⅱ,L,20210329,2019,5.53,19.23,-0.62,20.339,False,True,True,0,0,0,0,True,
300961.SZ,300961,300961,深水海纳,创业板,深市,创业板,801970.SI,环保,801971.SI,环境治理,环境治理,L,20210330,2018,5.52,11.84,-2.23,10.744,False,True,True,0,0,0,0,True,
300962.SZ,300962,300962,中金辐照,创业板,深市,创业板,801210.SI,社会服务,801218.SI,专业服务,专业服务,L,20210409,2008,5.5,13.12,1.627,9.091,False,True,True,0,0,0,0,True,
300963.SZ,300963,300963,中洲特材,创业板,深市,创业板,801050.SI,有色金属,801051.SI,金属新材料,金属新材料,L,20210409,2008,5.5,10.57,-0.189,12.069,False,True,True,0,0,0,0,True,
300964.SZ,300964,300964,本川智能,创业板,深市,创业板,801080.SI,电子,801083.SI,元件,元件,L,20210805,1890,5.17,67.54,-2.088,13.187,False,True,True,0,0,0,0,True,
300965.SZ,300965,300965,恒宇信通,创业板,深市,创业板,801740.SI,国防军工,801742.SI,航空装备Ⅱ,航空装备Ⅱ,L,20210402,2015,5.52,41.88,-1.063,14.894,False,True,True,0,0,0,0,True,
300966.SZ,300966,300966,共同药业,创业板,深市,创业板,801150.SI,医药生物,801151.SI,化学制药,化学制药,L,20210409,2008,5.5,24.62,-4.202,11.245,False,True,True,0,0,0,0,True,
300967.SZ,300967,300967,晓鸣股份,创业板,深市,创业板,801010.SI,农林牧渔,801017.SI,养殖业,养殖业,L,20210413,2004,5.49,15.7,-0.633,13.095,False,True,True,0,0,0,0,True,
300968.SZ,300968,300968,格林精密,创业板,深市,创业板,801080.SI,电子,801085.SI,消费电子,消费电子,L,20210415,2002,5.48,9.37,-2.801,13.462,False,True,True,0,0,0,0,True,
300969.SZ,300969,300969,恒帅股份,创业板,深市,创业板,801880.SI,汽车,801093.SI,汽车零部件,汽车零部件,L,20210412,2005,5.49,72.55,-4.098,11.404,False,True,True,0,0,0,0,True,
300970.SZ,300970,300970,华绿生物,创业板,深市,创业板,801010.SI,农林牧渔,801016.SI,种植业,种植业,L,20210412,2005,5.49,17.32,-0.745,9.77,False,True,True,0,0,0,0,True,
300971.SZ,300971,300971,博亚精工,创业板,深市,创业板,801890.SI,机械设备,801074.SI,专用设备,专用设备,L,20210415,2002,5.48,17.69,0.74,8.475,False,True,True,0,0,0,0,True,
300972.SZ,300972,300972,万辰集团,创业板,深市,创业板,801200.SI,商贸零售,801203.SI,一般零售,一般零售,L,20210419,1998,5.47,157.23,3.257,22.353,False,True,True,0,0,0,0,True,
300973.SZ,300973,300973,立高食品,创业板,深市,创业板,801120.SI,食品饮料,801128.SI,休闲食品,休闲食品,L,20210415,2002,5.48,25.35,-1.744,11.765,False,True,True,0,0,0,0,True,
300975.SZ,300975,300975,商络电子,创业板,深市,创业板,801080.SI,电子,801083.SI,元件,元件,L,20210421,1996,5.46,22.26,-3.595,12.977,False,True,True,0,0,0,0,True,
300976.SZ,300976,300976,达瑞电子,创业板,深市,创业板,801080.SI,电子,801085.SI,消费电子,消费电子,L,20210419,1998,5.47,53.43,-4.623,13.514,False,True,True,0,0,0,0,True,
300977.SZ,300977,300977,深圳瑞捷,创业板,深市,创业板,801720.SI,建筑装饰,801726.SI,工程咨询服务Ⅱ,工程咨询服务Ⅱ,L,20210420,1997,5.47,20.08,5.407,12.632,False,True,True,0,0,0,0,True,
300978.SZ,300978,300978,东箭科技,创业板,深市,创业板,801880.SI,汽车,801093.SI,汽车零部件,汽车零部件,L,20210426,1991,5.45,8.76,0.114,9.195,False,True,True,0,0,0,0,True,
300979.SZ,300979,300979,华利集团,创业板,深市,创业板,801130.SI,纺织服饰,801131.SI,纺织制造,纺织制造,L,20210426,1991,5.45,32.9,-1.585,44.444,False,True,True,0,0,0,0,True,
300980.SZ,300980,300980,祥源新材,创业板,深市,创业板,801030.SI,基础化工,801036.SI,塑料,塑料,L,20210421,1996,5.46,15.94,-0.25,7.273,False,True,True,0,0,0,0,True,
300981.SZ,300981,300981,中红医疗,创业板,深市,创业板,801150.SI,医药生物,801153.SI,医疗器械,医疗器械,L,20210427,1990,5.45,19.47,-4.089,23.913,False,True,True,0,0,0,0,True,
300982.SZ,300982,300982,苏文电能,创业板,深市,创业板,801720.SI,建筑装饰,801723.SI,基础建设,基础建设,L,20210427,1990,5.45,14.32,-0.07,16.216,False,True,True,0,0,0,0,True,
300983.SZ,300983,300983,尤安设计,创业板,深市,创业板,801720.SI,建筑装饰,801726.SI,工程咨询服务Ⅱ,工程咨询服务Ⅱ,L,20210420,1997,5.47,36.03,-2.727,17.989,False,True,True,0,0,0,0,True,
300984.SZ,300984,300984,金沃股份,创业板,深市,创业板,801890.SI,机械设备,801072.SI,通用设备,通用设备,L,20210618,1938,5.31,30.4,-6.834,10.256,False,True,True,0,0,0,0,True,
300985.SZ,300985,300985,致远新能,创业板,深市,创业板,801890.SI,机械设备,801072.SI,通用设备,通用设备,L,20210429,1988,5.44,33.44,-4.211,16.0,False,True,True,0,0,0,0,True,
300986.SZ,300986,300986,志特新材,创业板,深市,创业板,801720.SI,建筑装饰,801724.SI,专业工程,专业工程,L,20210430,1987,5.44,10.94,-2.928,10.345,False,True,True,0,0,0,0,True,
300987.SZ,300987,300987,川网传媒,创业板,深市,创业板,801760.SI,传媒,801767.SI,数字媒体,数字媒体,L,20210511,1976,5.41,14.02,-1.889,6.849,False,True,True,0,0,0,0,True,
300988.SZ,300988,300988,津荣天宇,创业板,深市,创业板,801890.SI,机械设备,801074.SI,专用设备,专用设备,L,20210512,1975,5.41,16.32,0.246,11.538,False,True,True,0,0,0,0,True,
300989.SZ,300989,300989,蕾奥规划,创业板,深市,创业板,801720.SI,建筑装饰,801726.SI,工程咨询服务Ⅱ,工程咨询服务Ⅱ,L,20210507,1980,5.42,14.97,2.184,12.925,False,True,True,0,0,0,0,True,
300990.SZ,300990,300990,同飞股份,创业板,深市,创业板,801890.SI,机械设备,801072.SI,通用设备,通用设备,L,20210512,1975,5.41,94.47,-2.628,12.903,False,True,True,0,0,0,0,True,
300991.SZ,300991,300991,创益通,创业板,深市,创业板,801080.SI,电子,801082.SI,其他电子Ⅱ,其他电子Ⅱ,L,20210520,1967,5.39,24.89,-4.563,17.333,False,True,True,0,0,0,0,True,
300992.SZ,300992,300992,泰福泵业,创业板,深市,创业板,801890.SI,机械设备,801072.SI,通用设备,通用设备,L,20210525,1962,5.37,26.2,-2.457,15.278,False,True,True,0,0,0,0,True,
300993.SZ,300993,300993,玉马科技,创业板,深市,创业板,801140.SI,轻工制造,801142.SI,家居用品,家居用品,L,20210524,1963,5.37,9.9,1.434,12.121,False,True,True,0,0,0,0,True,
300994.SZ,300994,300994,久祺股份,创业板,深市,创业板,801880.SI,汽车,801881.SI,摩托车及其他,摩托车及其他,L,20210812,1883,5.16,11.37,-0.438,8.929,False,True,True,0,0,0,0,True,
300995.SZ,300995,300995,奇德新材,创业板,深市,创业板,801030.SI,基础化工,801036.SI,塑料,塑料,L,20210526,1961,5.37,25.78,-0.655,7.692,False,True,True,0,0,0,0,True,
300997.SZ,300997,300997,欢乐家,创业板,深市,创业板,801120.SI,食品饮料,801127.SI,饮料乳品,饮料乳品,L,20210602,1954,5.35,15.54,1.902,18.182,False,True,True,0,0,0,0,True,
300998.SZ,300998,300998,宁波方正,创业板,深市,创业板,801880.SI,汽车,801093.SI,汽车零部件,汽车零部件,L,20210602,1954,5.35,28.82,-2.865,10.667,False,True,True,0,0,0,0,True,
300999.SZ,300999,300999,金龙鱼,创业板,深市,创业板,801010.SI,农林牧渔,801012.SI,农产品加工,农产品加工,L,20201015,2184,5.98,23.9,-0.83,14.286,False,True,True,0,0,0,0,True,
301000.SZ,301000,301000,肇民科技,创业板,深市,创业板,801880.SI,汽车,801093.SI,汽车零部件,汽车零部件,L,20210528,1959,5.36,22.68,-3.448,16.327,False,True,True,0,0,0,0,True,
301001.SZ,301001,301001,凯淳股份,创业板,深市,创业板,801200.SI,商贸零售,801206.SI,互联网电商,互联网电商,L,20210528,1959,5.36,25.06,-0.831,8.8,False,True,True,0,0,0,0,True,
301002.SZ,301002,301002,崧盛股份,创业板,深市,创业板,801730.SI,电力设备,801738.SI,电网设备,电网设备,L,20210607,1949,5.34,28.16,-0.035,7.143,False,True,True,0,0,0,0,True,
301003.SZ,301003,301003,江苏博云,创业板,深市,创业板,801030.SI,基础化工,801036.SI,塑料,塑料,L,20210601,1955,5.35,57.6,0.805,13.542,False,True,True,0,0,0,0,True,
301004.SZ,301004,301004,嘉益股份,创业板,深市,创业板,801140.SI,轻工制造,801142.SI,家居用品,家居用品,L,20210625,1931,5.29,33.88,-3.586,57.778,False,True,True,0,0,0,0,True,
301005.SZ,301005,301005,超捷股份,创业板,深市,创业板,801880.SI,汽车,801093.SI,汽车零部件,汽车零部件,L,20210601,1955,5.35,56.46,-0.511,23.333,False,True,True,0,0,0,0,True,
301006.SZ,301006,301006,迈拓股份,创业板,深市,创业板,801890.SI,机械设备,801072.SI,通用设备,通用设备,L,20210607,1949,5.34,13.95,0.577,11.111,False,True,True,0,0,0,0,True,
301007.SZ,301007,301007,德迈仕,创业板,深市,创业板,801880.SI,汽车,801093.SI,汽车零部件,汽车零部件,L,20210616,1940,5.31,29.8,-5.457,12.987,False,True,True,0,0,0,0,True,
301008.SZ,301008,301008,宏昌科技,创业板,深市,创业板,801110.SI,家用电器,801116.SI,家电零部件Ⅱ,家电零部件Ⅱ,L,20210611,1945,5.33,48.9,-5.288,16.296,False,True,True,0,0,0,0,True,
301009.SZ,301009,301009,可靠股份,创业板,深市,创业板,801980.SI,美容护理,801981.SI,个护用品,个护用品,L,20210617,1939,5.31,9.18,-0.757,7.778,False,True,True,0,0,0,0,True,
301010.SZ,301010,301010,晶雪节能,创业板,深市,创业板,801710.SI,建筑材料,801713.SI,装修建材,装修建材,L,20210618,1938,5.31,21.15,6.175,20.213,False,True,True,0,0,0,0,True,
301011.SZ,301011,301011,华立科技,创业板,深市,创业板,801140.SI,轻工制造,801145.SI,文娱用品,文娱用品,L,20210617,1939,5.31,15.22,-1.169,11.765,False,True,True,0,0,0,0,True,
301012.SZ,301012,301012,扬电科技,创业板,深市,创业板,801730.SI,电力设备,801738.SI,电网设备,电网设备,L,20210622,1934,5.3,21.71,-0.686,14.103,False,True,True,0,0,0,0,True,
301013.SZ,301013,301013,利和兴,创业板,深市,创业板,801890.SI,机械设备,801074.SI,专用设备,专用设备,L,20210629,1927,5.28,32.18,-2.188,19.76,False,True,True,0,0,0,0,True,
301015.SZ,301015,301015,百洋医药,创业板,深市,创业板,801150.SI,医药生物,801154.SI,医药商业,医药商业,L,20210630,1926,5.27,25.94,1.012,14.634,False,True,True,0,0,0,0,True,
301016.SZ,301016,301016,雷尔伟,创业板,深市,创业板,801890.SI,机械设备,801076.SI,轨交设备Ⅱ,轨交设备Ⅱ,L,20210630,1926,5.27,14.48,-3.402,24.658,False,True,True,0,0,0,0,True,
301017.SZ,301017,301017,漱玉平民,创业板,深市,创业板,801150.SI,医药生物,801154.SI,医药商业,医药商业,L,20210705,1921,5.26,14.37,-3.167,14.925,False,True,True,0,0,0,0,True,
301018.SZ,301018,301018,申菱环境,创业板,深市,创业板,801890.SI,机械设备,801072.SI,通用设备,通用设备,L,20210707,1919,5.25,84.3,-4.541,14.062,False,True,True,0,0,0,0,True,
301019.SZ,301019,301019,宁波色母,创业板,深市,创业板,801030.SI,基础化工,801036.SI,塑料,塑料,L,20210628,1928,5.28,16.27,2.327,11.688,False,True,True,0,0,0,0,True,
301020.SZ,301020,301020,密封科技,创业板,深市,创业板,801880.SI,汽车,801093.SI,汽车零部件,汽车零部件,L,20210706,1920,5.26,22.24,0.725,15.068,False,True,True,0,0,0,0,True,
301021.SZ,301021,301021,英诺激光,创业板,深市,创业板,801890.SI,机械设备,801078.SI,自动化设备,自动化设备,L,20210706,1920,5.26,70.82,-7.279,20.755,False,True,True,0,0,0,0,True,
301022.SZ,301022,301022,海泰科,创业板,深市,创业板,801880.SI,汽车,801093.SI,汽车零部件,汽车零部件,L,20210702,1924,5.27,21.99,-1.434,9.333,False,True,True,0,0,0,0,True,
301023.SZ,301023,301023,奕帆传动,创业板,深市,创业板,801730.SI,电力设备,801731.SI,电机Ⅱ,电机Ⅱ,L,20210707,1919,5.25,28.05,-2.638,7.368,False,True,True,0,0,0,0,True,
301024.SZ,301024,301024,霍普股份,创业板,深市,创业板,801720.SI,建筑装饰,801726.SI,工程咨询服务Ⅱ,工程咨询服务Ⅱ,L,20210728,1898,5.2,33.24,-0.983,10.909,False,True,True,0,0,0,0,True,
301025.SZ,301025,301025,读客文化,创业板,深市,创业板,801760.SI,传媒,801769.SI,出版,出版,L,20210719,1907,5.22,9.85,-1.204,5.0,False,True,True,0,0,0,0,True,
301026.SZ,301026,301026,浩通科技,创业板,深市,创业板,801050.SI,有色金属,801054.SI,小金属,小金属,L,20210716,1910,5.23,19.48,4.731,11.94,False,True,True,0,0,0,0,True,
301027.SZ,301027,301027,华蓝集团,创业板,深市,创业板,801720.SI,建筑装饰,801726.SI,工程咨询服务Ⅱ,工程咨询服务Ⅱ,L,20210715,1911,5.23,17.28,-8.426,11.94,False,True,True,0,0,0,0,True,
301028.SZ,301028,301028,鼎熔岩,创业板,深市,创业板,801890.SI,机械设备,801072.SI,通用设备,通用设备,L,20210720,1906,5.22,12.96,-0.614,9.091,False,True,True,0,0,0,0,True,
301029.SZ,301029,301029,怡合达,创业板,深市,创业板,801890.SI,机械设备,801078.SI,自动化设备,自动化设备,L,20210723,1903,5.21,23.5,-2.53,11.905,False,True,True,0,0,0,0,True,
301031.SZ,301031,301031,中熔电气,创业板,深市,创业板,801080.SI,电子,801082.SI,其他电子Ⅱ,其他电子Ⅱ,L,20210715,1911,5.23,87.69,-5.343,11.94,False,True,True,0,0,0,0,True,
301032.SZ,301032,301032,新柴股份,创业板,深市,创业板,801890.SI,机械设备,801072.SI,通用设备,通用设备,L,20210722,1904,5.21,10.45,1.951,7.921,False,True,True,0,0,0,0,True,
301033.SZ,301033,301033,迈普医学,创业板,深市,创业板,801150.SI,医药生物,801153.SI,医疗器械,医疗器械,L,20210726,1900,5.2,52.26,-2.609,10.256,False,True,True,0,0,0,0,True,
301035.SZ,301035,301035,润丰股份,创业板,深市,创业板,801030.SI,基础化工,801038.SI,农化制品,农化制品,L,20210728,1898,5.2,48.97,-1.071,23.596,False,True,True,0,0,0,0,True,
301036.SZ,301036,301036,双乐股份,创业板,深市,创业板,801030.SI,基础化工,801034.SI,化学制品,化学制品,L,20210729,1897,5.19,22.28,-0.536,14.545,False,True,True,0,0,0,0,True,
301037.SZ,301037,301037,保立佳,创业板,深市,创业板,801030.SI,基础化工,801034.SI,化学制品,化学制品,L,20210730,1896,5.19,13.21,-0.975,10.0,False,True,True,0,0,0,0,True,
301038.SZ,301038,301038,深水规院,创业板,深市,创业板,801720.SI,建筑装饰,801726.SI,工程咨询服务Ⅱ,工程咨询服务Ⅱ,L,20210804,1891,5.18,17.7,3.328,12.281,False,True,True,0,0,0,0,True,
301039.SZ,301039,301039,中集车辆,创业板,深市,创业板,801880.SI,汽车,801096.SI,商用车,商用车,L,20210708,1918,5.25,7.25,0.415,14.103,False,True,True,0,0,0,0,True,
301040.SZ,301040,301040,中环海陆,创业板,深市,创业板,801730.SI,电力设备,801736.SI,风电设备,风电设备,L,20210803,1892,5.18,25.08,-3.278,11.236,False,True,True,0,0,0,0,True,
301041.SZ,301041,301041,金百泽,创业板,深市,创业板,801080.SI,电子,801083.SI,元件,元件,L,20210811,1884,5.16,36.6,-1.613,6.878,False,True,True,0,0,0,0,True,
301042.SZ,301042,301042,安联锐视,创业板,深市,创业板,801750.SI,计算机,801101.SI,计算机设备,计算机设备,L,20210805,1890,5.17,28.75,-1.474,12.903,False,True,True,0,0,0,0,True,
301043.SZ,301043,301043,绿岛风,创业板,深市,创业板,801890.SI,机械设备,801072.SI,通用设备,通用设备,L,20210811,1884,5.16,46.86,-1.077,17.391,False,True,True,0,0,0,0,True,
301045.SZ,301045,301045,天禄科技,创业板,深市,创业板,801080.SI,电子,801084.SI,光学光电子,光学光电子,L,20210813,1882,5.15,60.78,-6.622,13.333,False,True,True,0,0,0,0,True,
301046.SZ,301046,301046,能辉科技,创业板,深市,创业板,801720.SI,建筑装饰,801724.SI,专业工程,专业工程,L,20210817,1878,5.14,31.66,-4.466,15.625,False,True,True,0,0,0,0,True,
301047.SZ,301047,301047,义翘神州,创业板,深市,创业板,801150.SI,医药生物,801152.SI,生物制品,生物制品,L,20210816,1879,5.14,147.77,-7.063,25.926,False,True,True,0,0,0,0,True,
301048.SZ,301048,301048,金鹰重工,创业板,深市,创业板,801890.SI,机械设备,801076.SI,轨交设备Ⅱ,轨交设备Ⅱ,L,20210818,1877,5.14,9.03,-0.331,21.978,False,True,True,0,0,0,0,True,
301049.SZ,301049,301049,超越科技,创业板,深市,创业板,801970.SI,环保,801971.SI,环境治理,环境治理,L,20210824,1871,5.12,20.82,-0.287,6.931,False,True,True,0,0,0,0,True,
301050.SZ,301050,301050,雷电微力,创业板,深市,创业板,801740.SI,国防军工,801745.SI,军工电子Ⅱ,军工电子Ⅱ,L,20210824,1871,5.12,26.3,-1.276,18.75,False,True,True,0,0,0,0,True,
301051.SZ,301051,301051,信濠光电,创业板,深市,创业板,801080.SI,电子,801085.SI,消费电子,消费电子,L,20210827,1868,5.11,17.44,-1.746,10.0,False,True,True,0,0,0,0,True,
301052.SZ,301052,301052,果麦文化,创业板,深市,创业板,801760.SI,传媒,801769.SI,出版,出版,L,20210830,1865,5.11,23.36,-4.026,8.197,False,True,True,0,0,0,0,True,
301053.SZ,301053,301053,远信工业,创业板,深市,创业板,801890.SI,机械设备,801074.SI,专用设备,专用设备,L,20210901,1863,5.1,34.05,0.206,18.056,False,True,True,0,0,0,0,True,
301055.SZ,301055,301055,张小泉,创业板,深市,创业板,801140.SI,轻工制造,801142.SI,家居用品,家居用品,L,20210906,1858,5.09,29.09,-2.546,13.333,False,True,True,0,0,0,0,True,
301056.SZ,301056,301056,森赫股份,创业板,深市,创业板,801890.SI,机械设备,801074.SI,专用设备,专用设备,L,20210907,1857,5.08,13.28,2.232,23.913,False,True,True,0,0,0,0,True,
301057.SZ,301057,301057,汇隆新材,创业板,深市,创业板,801030.SI,基础化工,801032.SI,化学纤维,化学纤维,L,20210909,1855,5.08,22.55,-1.657,14.035,False,True,True,0,0,0,0,True,
301058.SZ,301058,301058,中粮科工,创业板,深市,创业板,801720.SI,建筑装饰,801726.SI,工程咨询服务Ⅱ,工程咨询服务Ⅱ,L,20210909,1855,5.08,8.62,0.466,10.227,False,True,True,0,0,0,0,True,
301059.SZ,301059,301059,金三江,创业板,深市,创业板,801030.SI,基础化工,801034.SI,化学制品,化学制品,L,20210913,1851,5.07,12.66,-1.479,13.934,False,True,True,0,0,0,0,True,
301060.SZ,301060,301060,兰卫医学,创业板,深市,创业板,801150.SI,医药生物,801156.SI,医疗服务,医疗服务,L,20210913,1851,5.07,11.44,-4.825,13.559,False,True,True,0,0,0,0,True,
301061.SZ,301061,301061,匠心家居,创业板,深市,创业板,801140.SI,轻工制造,801142.SI,家居用品,家居用品,L,20210913,1851,5.07,39.21,-4.853,22.857,False,True,True,0,0,0,0,True,
301062.SZ,301062,301062,上海艾录,创业板,深市,创业板,801140.SI,轻工制造,801141.SI,包装印刷,包装印刷,L,20210914,1850,5.07,6.89,0.291,10.0,False,True,True,0,0,0,0,True,
301063.SZ,301063,301063,海锅股份,创业板,深市,创业板,801890.SI,机械设备,801074.SI,专用设备,专用设备,L,20210924,1840,5.04,18.53,-0.962,11.111,False,True,True,0,0,0,0,True,
301065.SZ,301065,301065,本立科技,创业板,深市,创业板,801150.SI,医药生物,801151.SI,化学制药,化学制药,L,20210914,1850,5.07,20.13,0.349,9.184,False,True,True,0,0,0,0,True,
301066.SZ,301066,301066,万事利,创业板,深市,创业板,801130.SI,纺织服饰,801131.SI,纺织制造,纺织制造,L,20210922,1842,5.04,12.3,0.0,11.2,False,True,True,0,0,0,0,True,
301067.SZ,301067,301067,显盈科技,创业板,深市,创业板,801080.SI,电子,801085.SI,消费电子,消费电子,L,20210922,1842,5.04,30.31,-4.535,10.494,False,True,True,0,0,0,0,True,
301068.SZ,301068,301068,大地海洋,创业板,深市,创业板,801970.SI,环保,801971.SI,环境治理,环境治理,L,20210928,1836,5.03,24.93,6.493,18.045,False,True,True,0,0,0,0,True,
301069.SZ,301069,301069,凯盛新材,创业板,深市,创业板,801030.SI,基础化工,801033.SI,化学原料,化学原料,L,20210927,1837,5.03,15.72,1.616,29.63,False,True,True,0,0,0,0,True,
301070.SZ,301070,301070,开勒股份,创业板,深市,创业板,801890.SI,机械设备,801072.SI,通用设备,通用设备,L,20210923,1841,5.04,60.7,-3.205,9.202,False,True,True,0,0,0,0,True,
301071.SZ,301071,301071,力量钻石,创业板,深市,创业板,801030.SI,基础化工,801039.SI,非金属材料Ⅱ,非金属材料Ⅱ,L,20210924,1840,5.04,58.24,-5.485,13.69,False,True,True,0,0,0,0,True,
301072.SZ,301072,301072,中捷精工,创业板,深市,创业板,801880.SI,汽车,801093.SI,汽车零部件,汽车零部件,L,20210929,1835,5.02,42.45,-5.245,15.723,False,True,True,0,0,0,0,True,
301073.SZ,301073,301073,君亭酒店,创业板,深市,创业板,801210.SI,社会服务,801219.SI,酒店餐饮,酒店餐饮,L,20210930,1834,5.02,16.65,-3.534,15.556,False,True,True,0,0,0,0,True,
301075.SZ,301075,301075,多瑞医药,创业板,深市,创业板,801150.SI,医药生物,801151.SI,化学制药,化学制药,L,20210929,1835,5.02,60.6,-4.068,19.737,False,True,True,0,0,0,0,True,
301076.SZ,301076,301076,新瀚新材,创业板,深市,创业板,801030.SI,基础化工,801034.SI,化学制品,化学制品,L,20211011,1823,4.99,19.88,-2.549,13.208,False,True,True,0,0,0,0,True,
301077.SZ,301077,301077,星华新材,创业板,深市,创业板,801030.SI,基础化工,801034.SI,化学制品,化学制品,L,20210930,1834,5.02,20.93,-1.506,7.407,False,True,True,0,0,0,0,True,
301078.SZ,301078,301078,孩子王,创业板,深市,创业板,801200.SI,商贸零售,801204.SI,专业连锁Ⅱ,专业连锁Ⅱ,L,20211014,1820,4.98,6.85,-1.722,11.111,False,True,True,0,0,0,0,True,
301079.SZ,301079,301079,邵阳液压,创业板,深市,创业板,801890.SI,机械设备,801077.SI,工程机械,工程机械,L,20211019,1815,4.97,27.73,-0.645,7.143,False,True,True,0,0,0,0,True,
301080.SZ,301080,301080,百普赛斯,创业板,深市,创业板,801150.SI,医药生物,801152.SI,生物制品,生物制品,L,20211018,1816,4.97,123.46,-12.483,9.929,False,True,True,0,0,0,0,True,
301081.SZ,301081,301081,严牌股份,创业板,深市,创业板,801970.SI,环保,801972.SI,环保设备Ⅱ,环保设备Ⅱ,L,20211020,1814,4.97,19.21,8.715,23.529,False,True,True,0,0,0,0,True,
301082.SZ,301082,301082,久盛电气,创业板,深市,创业板,801730.SI,电力设备,801738.SI,电网设备,电网设备,L,20211027,1807,4.95,9.69,1.893,8.081,False,True,True,0,0,0,0,True,
301083.SZ,301083,301083,百胜智能,创业板,深市,创业板,801890.SI,机械设备,801074.SI,专用设备,专用设备,L,20211021,1813,4.96,14.0,-1.685,9.286,False,True,True,0,0,0,0,True,
301085.SZ,301085,301085,亚康股份,创业板,深市,创业板,801750.SI,计算机,801103.SI,IT服务Ⅱ,IT服务Ⅱ,L,20211018,1816,4.97,71.06,-5.543,17.121,False,True,True,0,0,0,0,True,
301086.SZ,301086,301086,鸿富瀚,创业板,深市,创业板,801080.SI,电子,801085.SI,消费电子,消费电子,L,20211020,1814,4.97,151.01,0.206,14.085,False,True,True,0,0,0,0,True,
301087.SZ,301087,301087,可孚医疗,创业板,深市,创业板,801150.SI,医药生物,801153.SI,医疗器械,医疗器械,L,20211025,1809,4.95,52.8,1.344,11.719,False,True,True,0,0,0,0,True,
301088.SZ,301088,301088,戎美股份,创业板,深市,创业板,801130.SI,纺织服饰,801132.SI,服装家纺,服装家纺,L,20211028,1806,4.94,13.53,1.348,24.627,False,True,True,0,0,0,0,True,
301089.SZ,301089,301089,拓新药业,创业板,深市,创业板,801150.SI,医药生物,801151.SI,化学制药,化学制药,L,20211027,1807,4.95,24.26,-0.98,9.167,False,True,True,0,0,0,0,True,
301090.SZ,301090,301090,华润材料,创业板,深市,创业板,801030.SI,基础化工,801036.SI,塑料,塑料,L,20211026,1808,4.95,7.08,2.017,29.577,False,True,True,0,0,0,0,True,
301091.SZ,301091,301091,深城交,创业板,深市,创业板,801720.SI,建筑装饰,801726.SI,工程咨询服务Ⅱ,工程咨询服务Ⅱ,L,20211029,1805,4.94,19.4,-2.951,23.404,False,True,True,0,0,0,0,True,
301092.SZ,301092,301092,争光股份,创业板,深市,创业板,801030.SI,基础化工,801036.SI,塑料,塑料,L,20211102,1801,4.93,40.5,-3.087,8.182,False,True,True,0,0,0,0,True,
301093.SZ,301093,301093,华兰股份,创业板,深市,创业板,801150.SI,医药生物,801153.SI,医疗器械,医疗器械,L,20211101,1802,4.93,60.37,-4.342,21.154,False,True,True,0,0,0,0,True,
301095.SZ,301095,301095,广立微,创业板,深市,创业板,801750.SI,计算机,801104.SI,软件开发,软件开发,L,20220805,1525,4.18,65.0,-4.566,9.677,False,True,True,0,0,0,0,True,
301096.SZ,301096,301096,百诚医药,创业板,深市,创业板,801150.SI,医药生物,801156.SI,医疗服务,医疗服务,L,20211220,1753,4.8,46.18,-6.329,10.656,False,True,True,0,0,0,4,True,
301097.SZ,301097,301097,天益医疗,创业板,深市,创业板,801150.SI,医药生物,801153.SI,医疗器械,医疗器械,L,20220407,1645,4.5,33.89,-2.334,6.977,False,True,True,0,0,0,0,True,
301098.SZ,301098,301098,金埔园林,创业板,深市,创业板,801720.SI,建筑装饰,801723.SI,基础建设,基础建设,L,20211112,1791,4.9,8.76,-1.351,7.955,False,True,True,0,0,0,0,True,
301099.SZ,301099,301099,雅创电子,创业板,深市,创业板,801080.SI,电子,801082.SI,其他电子Ⅱ,其他电子Ⅱ,L,20211122,1781,4.88,48.06,-5.207,11.732,False,True,True,0,0,0,0,True,
301100.SZ,301100,301100,风光股份,创业板,深市,创业板,801030.SI,基础化工,801034.SI,化学制品,化学制品,L,20211217,1756,4.81,16.27,1.497,8.805,False,True,True,0,0,0,0,True,
301101.SZ,301101,301101,明月镜片,创业板,深市,创业板,801140.SI,轻工制造,801145.SI,文娱用品,文娱用品,L,20211216,1757,4.81,29.22,-2.274,9.184,False,True,True,0,0,0,0,True,
301102.SZ,301102,301102,兆讯传媒,创业板,深市,创业板,801760.SI,传媒,801765.SI,广告营销,广告营销,L,20220328,1655,4.53,9.38,-0.741,24.49,False,True,True,0,0,0,0,True,
301103.SZ,301103,301103,何氏眼科,创业板,深市,创业板,801150.SI,医药生物,801156.SI,医疗服务,医疗服务,L,20220322,1661,4.55,17.04,0.059,9.091,False,True,True,0,0,0,0,True,
301105.SZ,301105,301105,鸿铭股份,创业板,深市,创业板,801890.SI,机械设备,801074.SI,专用设备,专用设备,L,20221230,1378,3.77,48.26,-0.495,7.377,False,True,True,0,0,0,0,True,
301106.SZ,301106,301106,骏成科技,创业板,深市,创业板,801080.SI,电子,801084.SI,光学光电子,光学光电子,L,20220128,1714,4.69,18.23,-1.46,8.247,False,True,True,0,0,0,0,True,
301107.SZ,301107,301107,瑜欣电子,创业板,深市,创业板,801890.SI,机械设备,801072.SI,通用设备,通用设备,L,20220524,1598,4.38,22.94,-0.477,14.655,False,True,True,0,0,0,0,True,
301108.SZ,301108,301108,洁雅股份,创业板,深市,创业板,801980.SI,美容护理,801981.SI,个护用品,个护用品,L,20211203,1770,4.85,53.8,5.017,22.137,False,True,True,0,0,0,0,True,
301109.SZ,301109,301109,军信股份,创业板,深市,创业板,801970.SI,环保,801971.SI,环境治理,环境治理,L,20220413,1639,4.49,13.05,1.006,8.955,False,True,True,0,0,0,0,True,
301110.SZ,301110,301110,青木科技,创业板,深市,创业板,801200.SI,商贸零售,801206.SI,互联网电商,互联网电商,L,20220311,1672,4.58,33.92,-4.072,8.889,False,True,True,0,0,0,0,True,
301111.SZ,301111,301111,粤万年青,创业板,深市,创业板,801150.SI,医药生物,801155.SI,中药Ⅱ,中药Ⅱ,L,20211207,1766,4.84,21.06,-1.127,9.091,False,True,True,0,0,0,0,True,
301112.SZ,301112,301112,信邦智能,创业板,深市,创业板,801890.SI,机械设备,801078.SI,自动化设备,自动化设备,L,20220629,1562,4.28,28.52,-2.462,16.34,False,True,True,0,0,0,0,True,
301113.SZ,301113,301113,雅艺科技,创业板,深市,创业板,801140.SI,轻工制造,801142.SI,家居用品,家居用品,L,20211222,1751,4.79,17.93,1.357,12.941,False,True,True,0,0,0,0,True,
301115.SZ,301115,301115,联检科技,创业板,深市,创业板,801210.SI,社会服务,801218.SI,专业服务,专业服务,L,20220831,1499,4.1,34.85,3.968,19.54,False,True,True,0,0,0,0,True,
301116.SZ,301116,301116,益客食品,创业板,深市,创业板,801010.SI,农林牧渔,801017.SI,养殖业,养殖业,L,20220118,1724,4.72,9.3,-0.107,11.828,False,True,True,0,0,0,0,True,
301118.SZ,301118,301118,恒光股份,创业板,深市,创业板,801030.SI,基础化工,801033.SI,化学原料,化学原料,L,20211118,1785,4.89,24.17,0.166,7.692,False,True,True,0,0,0,0,True,
301119.SZ,301119,301119,正强股份,创业板,深市,创业板,801880.SI,汽车,801093.SI,汽车零部件,汽车零部件,L,20211122,1781,4.88,30.49,10.072,20.755,False,True,True,0,0,0,0,True,
301120.SZ,301120,301120,新特电气,创业板,深市,创业板,801730.SI,电力设备,801738.SI,电网设备,电网设备,L,20220419,1633,4.47,14.19,-0.421,7.383,False,True,True,0,0,0,0,True,
301121.SZ,301121,301121,紫建电子,创业板,深市,创业板,801730.SI,电力设备,801737.SI,电池,电池,L,20220808,1522,4.17,35.39,0.227,14.773,False,True,True,0,0,0,0,True,
301122.SZ,301122,301122,采纳股份,创业板,深市,创业板,801150.SI,医药生物,801153.SI,医疗器械,医疗器械,L,20220126,1716,4.7,66.0,-1.005,9.581,False,True,True,0,0,0,0,True,
301123.SZ,301123,301123,奕东电子,创业板,深市,创业板,801080.SI,电子,801085.SI,消费电子,消费电子,L,20220125,1717,4.7,64.47,-4.63,13.846,False,True,True,0,0,0,0,True,
301125.SZ,301125,301125,腾亚精工,创业板,深市,创业板,801890.SI,机械设备,801072.SI,通用设备,通用设备,L,20220608,1583,4.33,14.79,-0.404,14.493,False,True,True,0,0,0,0,True,
301126.SZ,301126,301126,达嘉维康,创业板,深市,创业板,801150.SI,医药生物,801154.SI,医药商业,医药商业,L,20211207,1766,4.84,10.47,-0.475,5.825,False,True,True,0,0,0,0,True,
301127.SZ,301127,301127,武汉天源,创业板,深市,创业板,801970.SI,环保,801971.SI,环境治理,环境治理,L,20211230,1743,4.77,15.4,2.667,16.763,False,True,True,0,0,0,0,True,
301128.SZ,301128,301128,强瑞技术,创业板,深市,创业板,801890.SI,机械设备,801074.SI,专用设备,专用设备,L,20211110,1793,4.91,99.78,-5.69,15.254,False,True,True,0,0,0,0,True,
301129.SZ,301129,301129,瑞纳智能,创业板,深市,创业板,801890.SI,机械设备,801072.SI,通用设备,通用设备,L,20211102,1801,4.93,22.8,-1.512,5.085,False,True,True,0,0,0,0,True,
301130.SZ,301130,301130,西点药业,创业板,深市,创业板,801150.SI,医药生物,801151.SI,化学制药,化学制药,L,20220223,1688,4.62,27.77,-2.596,7.042,False,True,True,0,0,0,0,True,
301131.SZ,301131,301131,聚赛龙,创业板,深市,创业板,801030.SI,基础化工,801036.SI,塑料,塑料,L,20220314,1669,4.57,33.73,0.089,8.434,False,True,True,0,0,0,0,True,
301132.SZ,301132,301132,满坤科技,创业板,深市,创业板,801080.SI,电子,801083.SI,元件,元件,L,20220810,1520,4.16,64.64,-2.972,11.062,False,True,True,0,0,0,0,True,
301133.SZ,301133,301133,金钟股份,创业板,深市,创业板,801880.SI,汽车,801093.SI,汽车零部件,汽车零部件,L,20211126,1777,4.87,25.04,-2.833,18.116,False,True,True,0,0,0,0,True,
301135.SZ,301135,301135,瑞德智能,创业板,深市,创业板,801110.SI,家用电器,801116.SI,家电零部件Ⅱ,家电零部件Ⅱ,L,20220412,1640,4.49,17.85,-0.998,10.588,False,True,True,0,0,0,0,True,
301136.SZ,301136,301136,招标股份,创业板,深市,创业板,801720.SI,建筑装饰,801726.SI,工程咨询服务Ⅱ,工程咨询服务Ⅱ,L,20220111,1731,4.74,12.33,0.653,7.258,False,True,True,0,0,0,0,True,
301137.SZ,301137,301137,哈焊华通,创业板,深市,创业板,801890.SI,机械设备,801072.SI,通用设备,通用设备,L,20220322,1661,4.55,30.32,1.813,15.0,False,True,True,0,0,0,0,True,
301138.SZ,301138,301138,华研精机,创业板,深市,创业板,801890.SI,机械设备,801074.SI,专用设备,专用设备,L,20211215,1758,4.81,28.25,-0.388,11.579,False,True,True,0,0,0,0,True,
301141.SZ,301141,301141,中科磁业,创业板,深市,创业板,801050.SI,有色金属,801051.SI,金属新材料,金属新材料,L,20230403,1284,3.52,35.05,-0.792,13.684,False,True,True,0,0,0,0,True,
301148.SZ,301148,301148,嘉戎技术,创业板,深市,创业板,801970.SI,环保,801971.SI,环境治理,环境治理,L,20220421,1631,4.47,53.32,-7.366,14.894,False,True,True,0,0,0,0,True,
301149.SZ,301149,301149,隆华新材,创业板,深市,创业板,801030.SI,基础化工,801034.SI,化学制品,化学制品,L,20211110,1793,4.91,7.92,1.409,14.118,False,True,True,0,0,0,0,True,
301150.SZ,301150,301150,中一科技,创业板,深市,创业板,801730.SI,电力设备,801737.SI,电池,电池,L,20220421,1631,4.47,39.8,-2.903,12.676,False,True,True,0,0,0,0,True,
301151.SZ,301151,301151,冠龙节能,创业板,深市,创业板,801890.SI,机械设备,801072.SI,通用设备,通用设备,L,20220411,1641,4.49,20.69,-1.099,13.146,False,True,True,0,0,0,0,True,
301152.SZ,301152,301152,天力锂能,创业板,深市,创业板,801730.SI,电力设备,801737.SI,电池,电池,L,20220829,1501,4.11,22.93,3.149,8.036,False,True,True,0,0,0,0,True,
301153.SZ,301153,301153,中科江南,创业板,深市,创业板,801750.SI,计算机,801104.SI,软件开发,软件开发,L,20220518,1604,4.39,16.7,-1.649,12.644,False,True,True,0,0,0,0,True,
301155.SZ,301155,301155,海力风电,创业板,深市,创业板,801730.SI,电力设备,801736.SI,风电设备,风电设备,L,20211124,1779,4.87,46.54,3.884,11.111,False,True,True,0,0,0,0,True,
301156.SZ,301156,301156,美农生物,创业板,深市,创业板,801030.SI,基础化工,801034.SI,化学制品,化学制品,L,20220617,1574,4.31,11.73,-0.255,9.322,False,True,True,0,0,0,0,True,
301157.SZ,301157,301157,华塑科技,创业板,深市,创业板,801730.SI,电力设备,801733.SI,其他电源设备Ⅱ,其他电源设备Ⅱ,L,20230309,1309,3.58,60.2,-2.447,8.442,False,True,True,0,0,0,0,True,
301158.SZ,301158,301158,德石股份,创业板,深市,创业板,801890.SI,机械设备,801074.SI,专用设备,专用设备,L,20220117,1725,4.72,14.32,1.849,13.333,False,True,True,0,0,0,0,True,
301159.SZ,301159,301159,三维天地,创业板,深市,创业板,801750.SI,计算机,801104.SI,软件开发,软件开发,L,20220107,1735,4.75,31.38,-0.822,7.453,False,True,True,0,0,0,0,True,
301160.SZ,301160,301160,翔楼新材,创业板,深市,创业板,801040.SI,钢铁,801045.SI,特钢Ⅱ,特钢Ⅱ,L,20220606,1585,4.34,37.59,-5.052,12.676,False,True,True,0,0,0,0,True,
301161.SZ,301161,301161,唯万密封,创业板,深市,创业板,801890.SI,机械设备,801077.SI,工程机械,工程机械,L,20220914,1485,4.07,27.7,-3.011,9.524,False,True,True,0,0,0,0,True,
301162.SZ,301162,301162,国能日新,创业板,深市,创业板,801750.SI,计算机,801104.SI,软件开发,软件开发,L,20220429,1623,4.44,35.59,-3.811,15.054,False,True,True,0,0,0,0,True,
301163.SZ,301163,301163,宏德股份,创业板,深市,创业板,801730.SI,电力设备,801736.SI,风电设备,风电设备,L,20220419,1633,4.47,23.64,0.17,10.39,False,True,True,0,0,0,0,True,
301165.SZ,301165,301165,锐捷网络,创业板,深市,创业板,801770.SI,通信,801102.SI,通信设备,通信设备,L,20221121,1417,3.88,97.7,-3.018,27.041,False,True,True,0,0,0,0,True,
301166.SZ,301166,301166,优宁维,创业板,深市,创业板,801150.SI,医药生物,801152.SI,生物制品,生物制品,L,20211228,1745,4.78,35.11,-0.679,19.444,False,True,True,0,0,0,0,True,
301167.SZ,301167,301167,建研设计,创业板,深市,创业板,801720.SI,建筑装饰,801726.SI,工程咨询服务Ⅱ,工程咨询服务Ⅱ,L,20211206,1767,4.84,13.48,-1.39,10.448,False,True,True,0,0,0,0,True,
301168.SZ,301168,301168,通灵股份,创业板,深市,创业板,801730.SI,电力设备,801735.SI,光伏设备,光伏设备,L,20211210,1763,4.83,42.02,4.19,9.709,False,True,True,0,0,0,0,True,
301169.SZ,301169,301169,零点有数,创业板,深市,创业板,801210.SI,社会服务,801218.SI,专业服务,专业服务,L,20211103,1800,4.93,49.21,-2.303,11.111,False,True,True,0,0,0,0,True,
301170.SZ,301170,301170,锡南科技,创业板,深市,创业板,801880.SI,汽车,801093.SI,汽车零部件,汽车零部件,L,20230627,1199,3.28,23.0,-0.562,6.579,False,True,True,0,0,0,0,True,
301171.SZ,301171,301171,易点天下,创业板,深市,创业板,801760.SI,传媒,801765.SI,广告营销,广告营销,L,20220819,1511,4.14,31.02,-4.876,12.112,False,True,True,0,0,0,0,True,
301172.SZ,301172,301172,君逸数码,创业板,深市,创业板,801750.SI,计算机,801103.SI,IT服务Ⅱ,IT服务Ⅱ,L,20230726,1170,3.2,17.0,-0.117,7.778,False,True,True,0,0,0,0,True,
301175.SZ,301175,301175,中科环保,创业板,深市,创业板,801970.SI,环保,801971.SI,环境治理,环境治理,L,20220708,1553,4.25,5.57,-0.179,5.455,False,True,True,0,0,0,0,True,
301176.SZ,301176,301176,逸豪新材,创业板,深市,创业板,801080.SI,电子,801083.SI,元件,元件,L,20220928,1471,4.03,51.29,-1.498,18.31,False,True,True,0,0,0,0,True,
301177.SZ,301177,301177,迪阿股份,创业板,深市,创业板,801130.SI,纺织服饰,801133.SI,饰品,饰品,L,20211215,1758,4.81,22.83,-1.425,31.356,False,True,True,0,0,0,0,True,
301178.SZ,301178,301178,天亿马,创业板,深市,创业板,801750.SI,计算机,801103.SI,IT服务Ⅱ,IT服务Ⅱ,L,20211112,1791,4.9,33.32,-1.74,9.722,False,True,True,0,0,0,0,True,
301179.SZ,301179,301179,泽宇智能,创业板,深市,创业板,801730.SI,电力设备,801738.SI,电网设备,电网设备,L,20211208,1765,4.83,19.55,-0.407,5.941,False,True,True,0,0,0,0,True,
301180.SZ,301180,301180,万祥科技,创业板,深市,创业板,801080.SI,电子,801085.SI,消费电子,消费电子,L,20211116,1787,4.89,11.72,-2.9,9.322,False,True,True,0,0,0,0,True,
301181.SZ,301181,301181,标榜股份,创业板,深市,创业板,801880.SI,汽车,801093.SI,汽车零部件,汽车零部件,L,20220221,1690,4.63,24.27,-3.307,22.5,False,True,True,0,0,0,0,True,
301182.SZ,301182,301182,凯旺科技,创业板,深市,创业板,801750.SI,计算机,801101.SI,计算机设备,计算机设备,L,20211223,1750,4.79,55.98,-5.199,16.883,False,True,True,0,0,0,0,True,
301183.SZ,301183,301183,东田微,创业板,深市,创业板,801080.SI,电子,801084.SI,光学光电子,光学光电子,L,20220524,1598,4.38,255.33,-7.697,16.393,False,True,True,0,0,0,0,True,
301185.SZ,301185,301185,鸥玛软件,创业板,深市,创业板,801750.SI,计算机,801103.SI,IT服务Ⅱ,IT服务Ⅱ,L,20211119,1784,4.88,16.94,-1.167,8.333,False,True,True,0,0,0,0,True,
301186.SZ,301186,301186,超达装备,创业板,深市,创业板,801880.SI,汽车,801093.SI,汽车零部件,汽车零部件,L,20211223,1750,4.79,30.87,-6.17,17.241,False,True,True,0,0,0,0,True,
301187.SZ,301187,301187,欧圣电气,创业板,深市,创业板,801110.SI,家用电器,801113.SI,小家电,小家电,L,20220422,1630,4.46,15.32,-1.921,16.216,False,True,True,0,0,0,0,True,
301188.SZ,301188,301188,力诺药包,创业板,深市,创业板,801150.SI,医药生物,801153.SI,医疗器械,医疗器械,L,20211111,1792,4.91,31.18,-6.31,13.043,False,True,True,0,0,0,0,True,
301189.SZ,301189,301189,奥尼电子,创业板,深市,创业板,801080.SI,电子,801085.SI,消费电子,消费电子,L,20211228,1745,4.78,65.09,-4.462,23.529,False,True,True,0,0,0,0,True,
301190.SZ,301190,301190,善水科技,创业板,深市,创业板,801030.SI,基础化工,801033.SI,化学原料,化学原料,L,20211224,1749,4.79,39.52,9.992,33.071,False,True,True,0,0,0,0,True,
301191.SZ,301191,301191,菲菱科思,创业板,深市,创业板,801770.SI,通信,801102.SI,通信设备,通信设备,L,20220526,1596,4.37,74.23,-2.611,11.475,False,True,True,0,0,0,0,True,
301192.SZ,301192,301192,泰祥股份,创业板,深市,创业板,801880.SI,汽车,801093.SI,汽车零部件,汽车零部件,L,20220811,1519,4.16,19.57,-0.559,9.231,False,True,True,0,0,0,0,True,
301193.SZ,301193,301193,家联科技,创业板,深市,创业板,801140.SI,轻工制造,801142.SI,家居用品,家居用品,L,20211209,1764,4.83,20.94,-2.241,24.413,False,True,True,0,0,0,0,True,
301195.SZ,301195,301195,北路智控,创业板,深市,创业板,801750.SI,计算机,801104.SI,软件开发,软件开发,L,20220801,1529,4.19,26.64,-0.225,10.448,False,True,True,0,0,0,0,True,
301196.SZ,301196,301196,唯科科技,创业板,深市,创业板,801030.SI,基础化工,801036.SI,塑料,塑料,L,20220111,1731,4.74,80.47,-6.517,11.111,False,True,True,0,0,0,0,True,
301197.SZ,301197,301197,工大科雅,创业板,深市,创业板,801890.SI,机械设备,801072.SI,通用设备,通用设备,L,20220808,1522,4.17,27.27,2.135,12.782,False,True,True,0,0,0,0,True,
301198.SZ,301198,301198,喜悦智行,创业板,深市,创业板,801140.SI,轻工制造,801141.SI,包装印刷,包装印刷,L,20211202,1771,4.85,14.03,-0.496,18.657,False,True,True,0,0,0,0,True,
301199.SZ,301199,301199,迈赫股份,创业板,深市,创业板,801890.SI,机械设备,801078.SI,自动化设备,自动化设备,L,20211207,1766,4.84,17.93,-1.103,15.385,False,True,True,0,0,0,0,True,
301200.SZ,301200,301200,大族数控,创业板,深市,创业板,801890.SI,机械设备,801074.SI,专用设备,专用设备,L,20220228,1683,4.61,218.01,-3.016,39.85,False,True,True,0,0,0,0,True,
301201.SZ,301201,301201,诚达药业,创业板,深市,创业板,801150.SI,医药生物,801156.SI,医疗服务,医疗服务,L,20220120,1722,4.71,29.85,-2.099,19.231,False,True,True,0,0,0,0,True,
301202.SZ,301202,301202,朗威股份,创业板,深市,创业板,801770.SI,通信,801102.SI,通信设备,通信设备,L,20230705,1191,3.26,34.75,-2.497,10.989,False,True,True,0,0,0,0,True,
301203.SZ,301203,301203,国泰环保,创业板,深市,创业板,801970.SI,环保,801971.SI,环境治理,环境治理,L,20230404,1283,3.51,33.15,-0.12,19.469,False,True,True,0,0,0,0,True,
301205.SZ,301205,301205,联特科技,创业板,深市,创业板,801770.SI,通信,801102.SI,通信设备,通信设备,L,20220913,1486,4.07,251.65,-11.178,20.571,False,True,True,0,0,0,0,True,
301206.SZ,301206,301206,三元生物,创业板,深市,创业板,801030.SI,基础化工,801034.SI,化学制品,化学制品,L,20220210,1701,4.66,25.13,0.48,14.286,False,True,True,0,0,0,0,True,
301207.SZ,301207,301207,华兰疫苗,创业板,深市,创业板,801150.SI,医药生物,801152.SI,生物制品,生物制品,L,20220218,1693,4.64,19.51,-2.984,14.754,False,True,True,0,0,0,0,True,
301208.SZ,301208,301208,中亦科技,创业板,深市,创业板,801750.SI,计算机,801103.SI,IT服务Ⅱ,IT服务Ⅱ,L,20220707,1554,4.25,29.26,-3.528,8.0,False,True,True,0,0,0,0,True,
301209.SZ,301209,301209,联合化学,创业板,深市,创业板,801030.SI,基础化工,801034.SI,化学制品,化学制品,L,20220825,1505,4.12,63.89,3.533,16.807,False,True,True,0,0,0,0,True,
301210.SZ,301210,301210,金杨精密,创业板,深市,创业板,801730.SI,电力设备,801737.SI,电池,电池,L,20230630,1196,3.27,30.32,3.907,5.941,False,True,True,0,0,0,0,True,
301211.SZ,301211,301211,亨迪药业,创业板,深市,创业板,801150.SI,医药生物,801151.SI,化学制药,化学制药,L,20211222,1751,4.79,12.37,-2.598,10.484,False,True,True,0,0,0,0,True,
301212.SZ,301212,301212,联盛化学,创业板,深市,创业板,801030.SI,基础化工,801034.SI,化学制品,化学制品,L,20220419,1633,4.47,28.0,6.993,13.095,False,True,True,0,0,0,0,True,
301213.SZ,301213,301213,观想科技,创业板,深市,创业板,801740.SI,国防军工,801745.SI,军工电子Ⅱ,军工电子Ⅱ,L,20211206,1767,4.84,41.12,-3.133,16.667,False,True,True,0,0,0,0,True,
301215.SZ,301215,301215,中汽股份,创业板,深市,创业板,801880.SI,汽车,801092.SI,汽车服务,汽车服务,L,20220308,1675,4.59,5.34,1.136,20.755,False,True,True,0,0,0,0,True,
301216.SZ,301216,301216,万凯新材,创业板,深市,创业板,801030.SI,基础化工,801036.SI,塑料,塑料,L,20220329,1654,4.53,17.11,2.517,18.182,False,True,True,0,0,0,0,True,
301217.SZ,301217,301217,铜冠铜箔,创业板,深市,创业板,801730.SI,电力设备,801737.SI,电池,电池,L,20220127,1715,4.7,99.7,0.141,12.644,False,True,True,0,0,0,0,True,
301218.SZ,301218,301218,华是科技,创业板,深市,创业板,801750.SI,计算机,801103.SI,IT服务Ⅱ,IT服务Ⅱ,L,20220307,1676,4.59,68.0,-2.509,9.971,False,True,True,0,0,0,0,True,
301219.SZ,301219,301219,腾远钴业,创业板,深市,创业板,801050.SI,有色金属,801056.SI,能源金属,能源金属,L,20220317,1666,4.56,39.8,0.126,19.355,False,True,True,0,0,0,0,True,
301220.SZ,301220,301220,亚香股份,创业板,深市,创业板,801030.SI,基础化工,801034.SI,化学制品,化学制品,L,20220622,1569,4.3,28.49,-1.826,18.421,False,True,True,0,0,0,0,True,
301221.SZ,301221,301221,光庭信息,创业板,深市,创业板,801880.SI,汽车,801093.SI,汽车零部件,汽车零部件,L,20211222,1751,4.79,26.31,-0.829,13.043,False,True,True,0,0,0,0,True,
301222.SZ,301222,301222,浙江恒威,创业板,深市,创业板,801730.SI,电力设备,801737.SI,电池,电池,L,20220309,1674,4.58,24.2,-3.123,10.714,False,True,True,0,0,0,0,True,
301223.SZ,301223,301223,中荣股份,创业板,深市,创业板,801140.SI,轻工制造,801141.SI,包装印刷,包装印刷,L,20221026,1443,3.95,18.13,0.055,18.023,False,True,True,0,0,0,0,True,
301225.SZ,301225,301225,恒勃股份,创业板,深市,创业板,801880.SI,汽车,801093.SI,汽车零部件,汽车零部件,L,20230616,1210,3.31,55.1,-5.844,8.108,False,True,True,0,0,0,0,True,
301226.SZ,301226,301226,祥明智能,创业板,深市,创业板,801730.SI,电力设备,801731.SI,电机Ⅱ,电机Ⅱ,L,20220325,1658,4.54,36.55,0.44,24.39,False,True,True,0,0,0,0,True,
301227.SZ,301227,301227,森鹰窗业,创业板,深市,创业板,801140.SI,轻工制造,801142.SI,家居用品,家居用品,L,20220926,1473,4.03,30.69,-1.255,10.0,False,True,True,0,0,0,0,True,
301228.SZ,301228,301228,实朴检测,创业板,深市,创业板,801210.SI,社会服务,801218.SI,专业服务,专业服务,L,20220128,1714,4.69,50.46,-2.19,21.769,False,True,True,0,0,0,0,True,
301229.SZ,301229,301229,纽泰格,创业板,深市,创业板,801880.SI,汽车,801093.SI,汽车零部件,汽车零部件,L,20220222,1689,4.62,11.84,-1.333,8.333,False,True,True,0,0,0,0,True,
301230.SZ,301230,301230,泓博医药,创业板,深市,创业板,801150.SI,医药生物,801156.SI,医疗服务,医疗服务,L,20221101,1437,3.93,36.32,-5.613,6.494,False,True,True,0,0,0,0,True,
301231.SZ,301231,301231,荣信文化,创业板,深市,创业板,801760.SI,传媒,801769.SI,出版,出版,L,20220908,1491,4.08,28.28,-3.25,6.757,False,True,True,0,0,0,0,True,
301232.SZ,301232,301232,飞沃科技,创业板,深市,创业板,801730.SI,电力设备,801736.SI,风电设备,风电设备,L,20230615,1211,3.32,77.2,-2.006,15.842,False,True,True,0,0,0,0,True,
301233.SZ,301233,301233,盛帮股份,创业板,深市,创业板,801880.SI,汽车,801093.SI,汽车零部件,汽车零部件,L,20220706,1555,4.26,36.72,0.383,11.364,False,True,True,0,0,0,0,True,
301235.SZ,301235,301235,华康洁净,创业板,深市,创业板,801150.SI,医药生物,801153.SI,医疗器械,医疗器械,L,20220128,1714,4.69,39.7,-2.409,13.274,False,True,True,0,0,0,0,True,
301236.SZ,301236,301236,软通动力,创业板,深市,创业板,801750.SI,计算机,801103.SI,IT服务Ⅱ,IT服务Ⅱ,L,20220315,1668,4.57,34.97,-0.738,11.29,False,True,True,0,0,0,0,True,
301237.SZ,301237,301237,和顺科技,创业板,深市,创业板,801030.SI,基础化工,801036.SI,塑料,塑料,L,20220323,1660,4.54,35.73,-1.244,10.909,False,True,True,0,0,0,0,True,
301238.SZ,301238,301238,瑞泰新材,创业板,深市,创业板,801730.SI,电力设备,801737.SI,电池,电池,L,20220617,1574,4.31,16.48,3.323,37.5,False,True,True,0,0,0,0,True,
301239.SZ,301239,301239,普瑞眼科,创业板,深市,创业板,801150.SI,医药生物,801156.SI,医疗服务,医疗服务,L,20220705,1556,4.26,31.12,-2.689,16.667,False,True,True,0,0,0,0,True,
301246.SZ,301246,301246,宏源药业,创业板,深市,创业板,801150.SI,医药生物,801151.SI,化学制药,化学制药,L,20230320,1298,3.55,17.71,0.969,16.667,False,True,True,0,0,0,0,True,
301248.SZ,301248,301248,杰创智能,创业板,深市,创业板,801750.SI,计算机,801103.SI,IT服务Ⅱ,IT服务Ⅱ,L,20220420,1632,4.47,51.16,-3.563,11.304,False,True,True,0,0,0,0,True,
301251.SZ,301251,301251,威尔高,创业板,深市,创业板,801080.SI,电子,801083.SI,元件,元件,L,20230906,1128,3.09,78.75,-2.898,13.551,False,True,True,0,0,0,0,True,
301252.SZ,301252,301252,同星科技,创业板,深市,创业板,801110.SI,家用电器,801116.SI,家电零部件Ⅱ,家电零部件Ⅱ,L,20230525,1232,3.37,34.1,-4.908,22.527,False,True,True,0,0,0,0,True,
301255.SZ,301255,301255,通力科技,创业板,深市,创业板,801890.SI,机械设备,801072.SI,通用设备,通用设备,L,20221227,1381,3.78,18.71,-1.991,13.542,False,True,True,0,0,0,0,True,
301256.SZ,301256,301256,华融化学,创业板,深市,创业板,801030.SI,基础化工,801033.SI,化学原料,化学原料,L,20220322,1661,4.55,9.83,0.717,22.115,False,True,True,0,0,0,0,True,
301257.SZ,301257,301257,普蕊斯,创业板,深市,创业板,801150.SI,医药生物,801156.SI,医疗服务,医疗服务,L,20220517,1605,4.39,40.21,-5.853,9.709,False,True,True,0,0,0,0,True,
301258.SZ,301258,301258,富士莱,创业板,深市,创业板,801150.SI,医药生物,801151.SI,化学制药,化学制药,L,20220329,1654,4.53,27.0,-1.46,13.566,False,True,True,0,0,0,0,True,
301259.SZ,301259,301259,艾布鲁,创业板,深市,创业板,801970.SI,环保,801971.SI,环境治理,环境治理,L,20220426,1626,4.45,18.86,-2.026,13.131,False,True,True,0,0,0,0,True,
301260.SZ,301260,301260,格力博,创业板,深市,创业板,801890.SI,机械设备,801074.SI,专用设备,专用设备,L,20230208,1338,3.66,11.52,-1.454,26.562,False,True,True,0,0,0,0,True,
301261.SZ,301261,301261,恒工精密,创业板,深市,创业板,801890.SI,机械设备,801072.SI,通用设备,通用设备,L,20230710,1186,3.25,50.85,-3.087,11.25,False,True,True,0,0,0,0,True,
301262.SZ,301262,301262,海看股份,创业板,深市,创业板,801760.SI,传媒,801995.SI,电视广播Ⅱ,电视广播Ⅱ,L,20230620,1206,3.3,20.71,0.779,4.433,False,True,True,0,0,0,0,True,
301263.SZ,301263,301263,泰恩康,创业板,深市,创业板,801150.SI,医药生物,801151.SI,化学制药,化学制药,L,20220329,1654,4.53,18.52,-2.986,10.448,False,True,True,0,0,0,0,True,
301265.SZ,301265,301265,华新科技,创业板,深市,创业板,801970.SI,环保,801971.SI,环境治理,环境治理,L,20221216,1392,3.81,21.91,0.046,16.667,False,True,True,0,0,0,0,True,
301267.SZ,301267,301267,华厦眼科,创业板,深市,创业板,801150.SI,医药生物,801156.SI,医疗服务,医疗服务,L,20221107,1431,3.92,15.06,-0.66,15.625,False,True,True,0,0,0,0,True,
301268.SZ,301268,301268,铭利达,创业板,深市,创业板,801890.SI,机械设备,801072.SI,通用设备,通用设备,L,20220407,1645,4.5,11.73,-0.424,34.375,False,True,True,0,0,0,0,True,
301269.SZ,301269,301269,华大九天,创业板,深市,创业板,801750.SI,计算机,801104.SI,软件开发,软件开发,L,20220729,1532,4.19,85.45,0.933,27.619,False,True,True,0,0,0,0,True,
301270.SZ,301270,301270,汉仪股份,创业板,深市,创业板,801750.SI,计算机,801104.SI,软件开发,软件开发,L,20220831,1499,4.1,30.95,-3.882,6.173,False,True,True,0,0,0,0,True,
301272.SZ,301272,301272,英华特,创业板,深市,创业板,801890.SI,机械设备,801072.SI,通用设备,通用设备,L,20230713,1183,3.24,34.63,-1.339,9.942,False,True,True,0,0,0,0,True,
301273.SZ,301273,301273,瑞晨环保,创业板,深市,创业板,801890.SI,机械设备,801072.SI,通用设备,通用设备,L,20221025,1444,3.95,37.7,6.167,11.828,False,True,True,0,0,0,0,True,
301276.SZ,301276,301276,嘉曼服饰,创业板,深市,创业板,801130.SI,纺织服饰,801132.SI,服装家纺,服装家纺,L,20220909,1490,4.08,17.44,0.461,16.0,False,True,True,0,0,0,0,True,
301277.SZ,301277,301277,新天地,创业板,深市,创业板,801150.SI,医药生物,801151.SI,化学制药,化学制药,L,20221116,1422,3.89,10.48,0.096,13.462,False,True,True,0,0,0,0,True,
301278.SZ,301278,301278,快可电子,创业板,深市,创业板,801730.SI,电力设备,801735.SI,光伏设备,光伏设备,L,20220804,1526,4.18,29.27,0.862,8.392,False,True,True,0,0,0,0,True,
301279.SZ,301279,301279,金道科技,创业板,深市,创业板,801890.SI,机械设备,801077.SI,工程机械,工程机械,L,20220413,1639,4.49,24.01,3.047,22.124,False,True,True,0,0,0,0,True,
301280.SZ,301280,301280,珠城科技,创业板,深市,创业板,801110.SI,家用电器,801116.SI,家电零部件Ⅱ,家电零部件Ⅱ,L,20221226,1382,3.78,38.88,-5.309,11.905,False,True,True,0,0,0,0,True,
301281.SZ,301281,301281,科源制药,创业板,深市,创业板,801150.SI,医药生物,801151.SI,化学制药,化学制药,L,20230404,1283,3.51,45.72,-3.238,11.801,False,True,True,0,0,0,0,True,
301282.SZ,301282,301282,金禄电子,创业板,深市,创业板,801080.SI,电子,801083.SI,元件,元件,L,20220826,1504,4.12,40.6,-2.568,11.644,False,True,True,0,0,0,0,True,
301283.SZ,301283,301283,聚胶股份,创业板,深市,创业板,801030.SI,基础化工,801034.SI,化学制品,化学制品,L,20220902,1497,4.1,25.43,0.713,7.937,False,True,True,0,0,0,0,True,
301285.SZ,301285,301285,鸿日达,创业板,深市,创业板,801080.SI,电子,801085.SI,消费电子,消费电子,L,20220928,1471,4.03,85.14,-4.219,36.364,False,True,True,0,0,0,0,True,
301286.SZ,301286,301286,侨源股份,创业板,深市,创业板,801030.SI,基础化工,801034.SI,化学制品,化学制品,L,20220614,1577,4.32,46.2,4.762,36.264,False,True,True,0,0,0,0,True,
301287.SZ,301287,301287,康力源,创业板,深市,创业板,801140.SI,轻工制造,801145.SI,文娱用品,文娱用品,L,20230614,1212,3.32,40.45,-1.916,5.854,False,True,True,0,0,0,0,True,
301288.SZ,301288,301288,清研环境,创业板,深市,创业板,801970.SI,环保,801972.SI,环保设备Ⅱ,环保设备Ⅱ,L,20220422,1630,4.46,16.93,-0.994,9.412,False,True,True,0,0,0,0,True,
301289.SZ,301289,301289,国缆检测,创业板,深市,创业板,801210.SI,社会服务,801218.SI,专业服务,专业服务,L,20220622,1569,4.3,44.58,0.112,16.964,False,True,True,0,0,0,0,True,
301290.SZ,301290,301290,东星医疗,创业板,深市,创业板,801150.SI,医药生物,801153.SI,医疗器械,医疗器械,L,20221130,1408,3.85,27.59,-3.868,9.859,False,True,True,0,0,0,0,True,
301291.SZ,301291,301291,明阳电气,创业板,深市,创业板,801730.SI,电力设备,801738.SI,电网设备,电网设备,L,20230630,1196,3.27,37.12,3.168,10.0,False,True,True,0,0,0,0,True,
301292.SZ,301292,301292,海科新源,创业板,深市,创业板,801730.SI,电力设备,801737.SI,电池,电池,L,20230707,1189,3.26,57.86,1.938,10.884,False,True,True,0,0,0,0,True,
301293.SZ,301293,301293,三博脑科,创业板,深市,创业板,801150.SI,医药生物,801156.SI,医疗服务,医疗服务,L,20230505,1252,3.43,49.08,0.471,12.5,False,True,True,0,0,0,0,True,
301295.SZ,301295,301295,美硕科技,创业板,深市,创业板,801730.SI,电力设备,801738.SI,电网设备,电网设备,L,20230628,1198,3.28,34.89,-1.301,7.317,False,True,True,0,0,0,0,True,
301296.SZ,301296,301296,新巨丰,创业板,深市,创业板,801140.SI,轻工制造,801141.SI,包装印刷,包装印刷,L,20220902,1497,4.1,6.37,-0.779,9.524,False,True,True,0,0,0,0,True,
301297.SZ,301297,301297,富乐德,创业板,深市,创业板,801080.SI,电子,801081.SI,半导体,半导体,L,20221230,1378,3.77,43.71,-8.365,19.231,False,True,True,0,0,0,0,True,
301298.SZ,301298,301298,东利机械,创业板,深市,创业板,801880.SI,汽车,801093.SI,汽车零部件,汽车零部件,L,20220606,1585,4.34,12.8,-0.467,12.903,False,True,True,0,0,0,0,True,
301299.SZ,301299,301299,卓创资讯,创业板,深市,创业板,801760.SI,传媒,801767.SI,数字媒体,数字媒体,L,20221019,1450,3.97,43.76,-2.885,7.895,False,True,True,0,0,0,0,True,
301300.SZ,301300,301300,远翔新材,创业板,深市,创业板,801030.SI,基础化工,801037.SI,橡胶,橡胶,L,20220819,1511,4.14,33.42,1.457,7.143,False,True,True,0,0,0,0,True,
301301.SZ,301301,301301,川宁生物,创业板,深市,创业板,801150.SI,医药生物,801151.SI,化学制药,化学制药,L,20221227,1381,3.78,8.19,0.0,10.843,False,True,True,0,0,0,0,True,
301302.SZ,301302,301302,华如科技,创业板,深市,创业板,801740.SI,国防军工,801745.SI,军工电子Ⅱ,军工电子Ⅱ,L,20220623,1568,4.29,20.69,-1.147,8.182,False,True,True,0,0,0,0,True,
301303.SZ,301303,301303,真兰仪表,创业板,深市,创业板,801890.SI,机械设备,801072.SI,通用设备,通用设备,L,20230220,1326,3.63,13.81,-1.638,7.194,False,True,True,0,0,0,0,True,
301305.SZ,301305,301305,朗坤科技,创业板,深市,创业板,801970.SI,环保,801971.SI,环境治理,环境治理,L,20230523,1234,3.38,24.8,1.806,9.804,False,True,True,0,0,0,0,True,
301306.SZ,301306,301306,西测测试,创业板,深市,创业板,801740.SI,国防军工,801745.SI,军工电子Ⅱ,军工电子Ⅱ,L,20220726,1535,4.2,85.62,-1.052,13.115,False,True,True,0,0,0,0,True,
301307.SZ,301307,301307,美利信,创业板,深市,创业板,801770.SI,通信,801102.SI,通信设备,通信设备,L,20230424,1263,3.46,50.8,-8.649,11.111,False,True,True,0,0,0,0,True,
301308.SZ,301308,301308,江波龙,创业板,深市,创业板,801080.SI,电子,801081.SI,半导体,半导体,L,20220805,1525,4.18,288.6,-4.415,17.308,False,True,True,0,0,0,0,True,
301309.SZ,301309,301309,万得凯,创业板,深市,创业板,801890.SI,机械设备,801072.SI,通用设备,通用设备,L,20220919,1480,4.05,29.44,-0.875,10.458,False,True,True,0,0,0,0,True,
301310.SZ,301310,301310,鑫宏业,创业板,深市,创业板,801880.SI,汽车,801093.SI,汽车零部件,汽车零部件,L,20230602,1224,3.35,61.01,-0.958,12.544,False,True,True,0,0,0,0,True,
301311.SZ,301311,301311,昆船智能,创业板,深市,创业板,801890.SI,机械设备,801072.SI,通用设备,通用设备,L,20221130,1408,3.85,17.38,-5.131,27.933,False,True,True,0,0,0,0,True,
301312.SZ,301312,301312,智立方,创业板,深市,创业板,801890.SI,机械设备,801078.SI,自动化设备,自动化设备,L,20220711,1550,4.24,72.28,-8.564,15.254,False,True,True,0,0,0,0,True,
301313.SZ,301313,301313,凡拓数创,创业板,深市,创业板,801760.SI,传媒,801767.SI,数字媒体,数字媒体,L,20220930,1469,4.02,28.13,-2.799,13.636,False,True,True,0,0,0,0,True,
301314.SZ,301314,301314,科瑞思,创业板,深市,创业板,801770.SI,通信,801102.SI,通信设备,通信设备,L,20230328,1290,3.53,48.03,-1.335,12.185,False,True,True,0,0,0,0,True,
301315.SZ,301315,301315,威士顿,创业板,深市,创业板,801750.SI,计算机,801104.SI,软件开发,软件开发,L,20230621,1205,3.3,42.26,-1.308,14.286,False,True,True,0,0,0,0,True,
301316.SZ,301316,301316,慧博云通,创业板,深市,创业板,801750.SI,计算机,801103.SI,IT服务Ⅱ,IT服务Ⅱ,L,20221013,1456,3.99,36.81,-4.982,10.256,False,True,True,0,0,0,0,True,
301317.SZ,301317,301317,鑫磊股份,创业板,深市,创业板,801890.SI,机械设备,801072.SI,通用设备,通用设备,L,20230119,1358,3.72,41.43,-4.977,14.05,False,True,True,0,0,0,0,True,
301318.SZ,301318,301318,维海德,创业板,深市,创业板,801750.SI,计算机,801101.SI,计算机设备,计算机设备,L,20220810,1520,4.16,21.17,0.047,11.538,False,True,True,0,0,0,0,True,
301319.SZ,301319,301319,唯特偶,创业板,深市,创业板,801080.SI,电子,801086.SI,电子化学品Ⅱ,电子化学品Ⅱ,L,20220929,1470,4.02,77.9,-4.733,16.25,False,True,True,0,0,0,0,True,
301320.SZ,301320,301320,豪江智能,创业板,深市,创业板,801890.SI,机械设备,801078.SI,自动化设备,自动化设备,L,20230609,1217,3.33,13.91,-0.643,15.556,False,True,True,0,0,0,0,True,
301321.SZ,301321,301321,翰博高新,创业板,深市,创业板,801080.SI,电子,801084.SI,光学光电子,光学光电子,L,20220818,1512,4.14,42.8,-4.783,20.69,False,True,True,0,0,0,0,True,
301322.SZ,301322,301322,绿通科技,创业板,深市,创业板,801880.SI,汽车,801881.SI,摩托车及其他,摩托车及其他,L,20230306,1312,3.59,40.29,-5.021,12.844,False,True,True,0,0,0,0,True,
301323.SZ,301323,301323,新莱福,创业板,深市,创业板,801050.SI,有色金属,801051.SI,金属新材料,金属新材料,L,20230606,1220,3.34,68.3,-5.585,12.973,False,True,True,0,0,0,0,True,
301325.SZ,301325,301325,曼恩斯特,创业板,深市,创业板,801730.SI,电力设备,801737.SI,电池,电池,L,20230512,1245,3.41,33.14,5.845,12.987,False,True,True,0,0,0,0,True,
301326.SZ,301326,301326,捷邦科技,创业板,深市,创业板,801080.SI,电子,801085.SI,消费电子,消费电子,L,20220921,1478,4.05,90.5,-3.24,15.238,False,True,True,0,0,0,0,True,
301327.SZ,301327,301327,华宝新能,创业板,深市,创业板,801730.SI,电力设备,801737.SI,电池,电池,L,20220919,1480,4.05,41.92,0.89,48.214,False,True,True,0,0,0,0,True,
301328.SZ,301328,301328,维峰电子,创业板,深市,创业板,801080.SI,电子,801082.SI,其他电子Ⅱ,其他电子Ⅱ,L,20220908,1491,4.08,47.4,1.196,20.27,False,True,True,0,0,0,0,True,
301329.SZ,301329,301329,信音电子,创业板,深市,创业板,801080.SI,电子,801085.SI,消费电子,消费电子,L,20230717,1179,3.23,19.81,-2.462,5.366,False,True,True,0,0,0,0,True,
301330.SZ,301330,301330,熵基科技,创业板,深市,创业板,801750.SI,计算机,801101.SI,计算机设备,计算机设备,L,20220817,1513,4.14,24.73,-2.176,13.253,False,True,True,0,0,0,0,True,
301331.SZ,301331,301331,恩威医药,创业板,深市,创业板,801150.SI,医药生物,801155.SI,中药Ⅱ,中药Ⅱ,L,20220921,1478,4.05,22.2,1.648,10.185,False,True,True,0,0,0,0,True,
301332.SZ,301332,301332,德尔玛,创业板,深市,创业板,801110.SI,家用电器,801113.SI,小家电,小家电,L,20230518,1239,3.39,7.64,-0.908,7.692,False,True,True,0,0,0,0,True,
301333.SZ,301333,301333,诺思格,创业板,深市,创业板,801150.SI,医药生物,801156.SI,医疗服务,医疗服务,L,20220802,1528,4.18,63.5,-4.755,17.949,False,True,True,0,0,0,0,True,
301335.SZ,301335,301335,天元宠物,创业板,深市,创业板,801140.SI,轻工制造,801145.SI,文娱用品,文娱用品,L,20221118,1420,3.89,24.04,-3.376,12.195,False,True,True,0,0,0,0,True,
301336.SZ,301336,301336,趣睡科技,创业板,深市,创业板,801140.SI,轻工制造,801142.SI,家居用品,家居用品,L,20220812,1518,4.16,40.67,-2.4,7.547,False,True,True,0,0,0,0,True,
301337.SZ,301337,301337,亚华电子,创业板,深市,创业板,801750.SI,计算机,801104.SI,软件开发,软件开发,L,20230526,1231,3.37,26.45,-3.326,23.881,False,True,True,0,0,0,0,True,
301338.SZ,301338,301338,凯格精机,创业板,深市,创业板,801890.SI,机械设备,801074.SI,专用设备,专用设备,L,20220816,1514,4.15,83.58,-3.71,16.279,False,True,True,0,0,0,0,True,
301339.SZ,301339,301339,苏交数智,创业板,深市,创业板,801750.SI,计算机,801101.SI,计算机设备,计算机设备,L,20220909,1490,4.08,11.96,-2.367,22.124,False,True,True,0,0,0,0,True,
301345.SZ,301345,301345,涛涛车业,创业板,深市,创业板,801880.SI,汽车,801881.SI,摩托车及其他,摩托车及其他,L,20230321,1297,3.55,215.0,-5.702,11.579,False,True,True,0,0,0,0,True,
301348.SZ,301348,301348,蓝箭电子,创业板,深市,创业板,801080.SI,电子,801081.SI,半导体,半导体,L,20230810,1155,3.16,20.94,-3.235,7.798,False,True,True,0,0,0,0,True,
301349.SZ,301349,301349,信德新材,创业板,深市,创业板,801730.SI,电力设备,801737.SI,电池,电池,L,20220909,1490,4.08,42.48,-0.979,10.811,False,True,True,0,0,0,0,True,
301353.SZ,301353,301353,普莱得,创业板,深市,创业板,801890.SI,机械设备,801072.SI,通用设备,通用设备,L,20230530,1227,3.36,20.37,1.192,8.163,False,True,True,0,0,0,0,True,
301355.SZ,301355,301355,南王科技,创业板,深市,创业板,801140.SI,轻工制造,801141.SI,包装印刷,包装印刷,L,20230612,1214,3.32,12.18,-2.56,11.966,False,True,True,0,0,0,0,True,
301356.SZ,301356,301356,天振股份,创业板,深市,创业板,801140.SI,轻工制造,801142.SI,家居用品,家居用品,L,20221114,1424,3.9,19.11,-3.192,18.182,False,True,True,0,0,0,0,True,
301357.SZ,301357,301357,北方长龙,创业板,深市,创业板,801740.SI,国防军工,801743.SI,地面兵装Ⅱ,地面兵装Ⅱ,L,20230418,1269,3.47,87.51,-0.726,14.198,False,True,True,0,0,0,0,True,
301358.SZ,301358,301358,湖南裕能,创业板,深市,创业板,801730.SI,电力设备,801737.SI,电池,电池,L,20230209,1337,3.66,51.2,1.006,25.373,False,True,True,0,0,0,0,True,
301359.SZ,301359,301359,东南电子,创业板,深市,创业板,801080.SI,电子,801082.SI,其他电子Ⅱ,其他电子Ⅱ,L,20221109,1429,3.91,18.75,-2.699,16.667,False,True,True,0,0,0,0,True,
301360.SZ,301360,301360,荣旗科技,创业板,深市,创业板,801890.SI,机械设备,801072.SI,通用设备,通用设备,L,20230425,1262,3.46,58.74,-1.476,17.6,False,True,True,0,0,0,0,True,
301361.SZ,301361,301361,众智科技,创业板,深市,创业板,801730.SI,电力设备,801738.SI,电网设备,电网设备,L,20221116,1422,3.89,27.37,0.81,7.353,False,True,True,0,0,0,0,True,
301362.SZ,301362,301362,民爆光电,创业板,深市,创业板,801110.SI,家用电器,801115.SI,照明设备Ⅱ,照明设备Ⅱ,L,20230804,1161,3.18,103.97,1.464,14.286,False,True,True,0,0,0,0,True,
301363.SZ,301363,301363,美好医疗,创业板,深市,创业板,801150.SI,医药生物,801153.SI,医疗器械,医疗器械,L,20221012,1457,3.99,15.38,-5.354,10.909,False,True,True,0,0,0,0,True,
301365.SZ,301365,301365,矩阵股份,创业板,深市,创业板,801720.SI,建筑装饰,801726.SI,工程咨询服务Ⅱ,工程咨询服务Ⅱ,L,20221122,1416,3.88,33.53,-0.268,13.71,False,True,True,0,0,0,0,True,
301366.SZ,301366,301366,一博科技,创业板,深市,创业板,801080.SI,电子,801083.SI,元件,元件,L,20220926,1473,4.03,67.51,-3.225,6.704,False,True,True,0,0,0,0,True,
301367.SZ,301367,301367,瑞迈特,创业板,深市,创业板,801150.SI,医药生物,801153.SI,医疗器械,医疗器械,L,20221101,1437,3.93,46.19,-0.965,7.692,False,True,True,0,0,0,0,True,
301368.SZ,301368,301368,丰立智能,创业板,深市,创业板,801890.SI,机械设备,801072.SI,通用设备,通用设备,L,20221215,1393,3.81,37.0,-4.393,18.75,False,True,True,0,0,0,0,True,
301369.SZ,301369,301369,联动科技,创业板,深市,创业板,801080.SI,电子,801081.SI,半导体,半导体,L,20220922,1477,4.04,124.5,-9.606,14.815,False,True,True,0,0,0,0,True,
301370.SZ,301370,301370,国科恒泰,创业板,深市,创业板,801150.SI,医药生物,801153.SI,医疗器械,医疗器械,L,20230712,1184,3.24,8.68,-0.686,11.494,False,True,True,0,0,0,0,True,
301371.SZ,301371,301371,敷尔佳,创业板,深市,创业板,801980.SI,美容护理,801982.SI,化妆品,化妆品,L,20230801,1164,3.19,20.58,-1.105,5.66,False,True,True,0,0,0,0,True,
301372.SZ,301372,301372,科净源,创业板,深市,创业板,801970.SI,环保,801971.SI,环境治理,环境治理,L,20230811,1154,3.16,33.79,-1.343,11.963,False,True,True,0,0,0,0,True,
301373.SZ,301373,301373,凌玮科技,创业板,深市,创业板,801030.SI,基础化工,801034.SI,化学制品,化学制品,L,20230208,1338,3.66,114.6,-3.819,10.791,False,True,True,0,0,0,0,True,
301376.SZ,301376,301376,致欧科技,创业板,深市,创业板,801140.SI,轻工制造,801142.SI,家居用品,家居用品,L,20230621,1205,3.3,21.88,-1.751,13.901,False,True,True,0,0,0,0,True,
301377.SZ,301377,301377,鼎泰高科,创业板,深市,创业板,801890.SI,机械设备,801072.SI,通用设备,通用设备,L,20221122,1416,3.88,333.64,-2.158,17.568,False,True,True,0,0,0,0,True,
301378.SZ,301378,301378,通达海,创业板,深市,创业板,801750.SI,计算机,801104.SI,软件开发,软件开发,L,20230320,1298,3.55,24.79,-2.402,8.0,False,True,True,0,0,0,0,True,
301379.SZ,301379,301379,天山电子,创业板,深市,创业板,801080.SI,电子,801084.SI,光学光电子,光学光电子,L,20221101,1437,3.93,18.42,-3.51,9.524,False,True,True,0,0,0,0,True,
301380.SZ,301380,301380,挖金客,创业板,深市,创业板,801770.SI,通信,801223.SI,通信服务,通信服务,L,20221025,1444,3.95,33.28,-1.393,8.537,False,True,True,0,0,0,0,True,
301381.SZ,301381,301381,赛维时代,创业板,深市,创业板,801200.SI,商贸零售,801206.SI,互联网电商,互联网电商,L,20230712,1184,3.24,22.68,-1.903,15.789,False,True,True,0,0,0,0,True,
301382.SZ,301382,301382,蜂助手,创业板,深市,创业板,801770.SI,通信,801223.SI,通信服务,通信服务,L,20230517,1240,3.39,33.55,-7.652,9.043,False,True,True,0,0,0,0,True,
301383.SZ,301383,301383,天键股份,创业板,深市,创业板,801080.SI,电子,801085.SI,消费电子,消费电子,L,20230609,1217,3.33,22.33,-3.542,11.207,False,True,True,0,0,0,0,True,
301386.SZ,301386,301386,未来电器,创业板,深市,创业板,801730.SI,电力设备,801738.SI,电网设备,电网设备,L,20230329,1289,3.53,20.26,-1.841,10.145,False,True,True,0,0,0,0,True,
301387.SZ,301387,301387,光大同创,创业板,深市,创业板,801080.SI,电子,801085.SI,消费电子,消费电子,L,20230418,1269,3.47,48.9,-2.783,13.043,False,True,True,0,0,0,0,True,
301388.SZ,301388,301388,欣灵电气,创业板,深市,创业板,801730.SI,电力设备,801738.SI,电网设备,电网设备,L,20221109,1429,3.91,24.64,-1.676,13.821,False,True,True,0,0,0,0,True,
301389.SZ,301389,301389,隆扬电子,创业板,深市,创业板,801080.SI,电子,801085.SI,消费电子,消费电子,L,20221031,1438,3.94,50.21,-3.517,14.458,False,True,True,0,0,0,0,True,
301391.SZ,301391,301391,卡莱特,创业板,深市,创业板,801750.SI,计算机,801101.SI,计算机设备,计算机设备,L,20221201,1407,3.85,42.9,-2.3,32.468,False,True,True,0,0,0,0,True,
301392.SZ,301392,301392,汇成真空,创业板,深市,创业板,801890.SI,机械设备,801074.SI,专用设备,专用设备,L,20240605,855,2.34,134.99,-8.926,18.605,False,True,True,0,0,0,0,True,
301393.SZ,301393,301393,昊帆生物,创业板,深市,创业板,801150.SI,医药生物,801152.SI,生物制品,生物制品,L,20230712,1184,3.24,63.27,-5.75,10.21,False,True,True,0,0,0,0,True,
301395.SZ,301395,301395,仁信新材,创业板,深市,创业板,801030.SI,基础化工,801036.SI,塑料,塑料,L,20230703,1193,3.27,13.09,13.727,6.612,False,True,True,0,0,0,0,True,
301396.SZ,301396,301396,宏景科技,创业板,深市,创业板,801750.SI,计算机,801103.SI,IT服务Ⅱ,IT服务Ⅱ,L,20221111,1427,3.91,146.86,-5.811,17.61,False,True,True,0,0,0,0,True,
301397.SZ,301397,301397,溯联股份,创业板,深市,创业板,801880.SI,汽车,801093.SI,汽车零部件,汽车零部件,L,20230628,1198,3.28,21.34,-2.912,15.19,False,True,True,0,0,0,0,True,
301398.SZ,301398,301398,星源卓镁,创业板,深市,创业板,801880.SI,汽车,801093.SI,汽车零部件,汽车零部件,L,20221215,1393,3.81,36.8,-3.158,17.582,False,True,True,0,0,0,0,True,
301399.SZ,301399,301399,英特科技,创业板,深市,创业板,801890.SI,机械设备,801072.SI,通用设备,通用设备,L,20230523,1234,3.38,19.23,-5.178,11.538,False,True,True,0,0,0,0,True,
301408.SZ,301408,301408,华人健康,创业板,深市,创业板,801150.SI,医药生物,801154.SI,医药商业,医药商业,L,20230301,1317,3.61,14.69,-1.607,8.0,False,True,True,0,0,0,0,True,
301413.SZ,301413,301413,安培龙,创业板,深市,创业板,801890.SI,机械设备,801072.SI,通用设备,通用设备,L,20231218,1025,2.81,49.29,-5.248,14.286,False,True,True,0,0,0,0,True,
301418.SZ,301418,301418,协昌科技,创业板,深市,创业板,801890.SI,机械设备,801078.SI,自动化设备,自动化设备,L,20230821,1144,3.13,34.28,-1.296,7.471,False,True,True,0,0,0,0,True,
301419.SZ,301419,301419,阿莱德,创业板,深市,创业板,801770.SI,通信,801102.SI,通信设备,通信设备,L,20230209,1337,3.66,40.67,-1.976,17.483,False,True,True,0,0,0,0,True,
301421.SZ,301421,301421,波长光电,创业板,深市,创业板,801080.SI,电子,801084.SI,光学光电子,光学光电子,L,20230823,1142,3.13,68.05,-4.652,10.937,False,True,True,0,0,0,0,True,
301428.SZ,301428,301428,世纪恒通,创业板,深市,创业板,801770.SI,通信,801223.SI,通信服务,通信服务,L,20230519,1238,3.39,26.31,-2.664,8.273,False,True,True,0,0,0,0,True,
301429.SZ,301429,301429,森泰股份,创业板,深市,创业板,801710.SI,建筑材料,801713.SI,装修建材,装修建材,L,20230417,1270,3.48,17.55,0.689,4.598,False,True,True,0,0,0,0,True,
301439.SZ,301439,301439,泓淋电力,创业板,深市,创业板,801730.SI,电力设备,801738.SI,电网设备,电网设备,L,20230317,1301,3.56,13.72,-0.652,9.028,False,True,True,0,0,0,0,True,
301446.SZ,301446,301446,福事特,创业板,深市,创业板,801890.SI,机械设备,801077.SI,工程机械,工程机械,L,20230725,1171,3.21,38.4,2.756,10.236,False,True,True,0,0,0,0,True,
301448.SZ,301448,301448,开创电气,创业板,深市,创业板,801890.SI,机械设备,801072.SI,通用设备,通用设备,L,20230619,1207,3.3,47.98,-5.755,20.0,False,True,True,0,0,0,0,True,
301456.SZ,301456,301456,盘古智能,创业板,深市,创业板,801730.SI,电力设备,801736.SI,风电设备,风电设备,L,20230714,1182,3.24,24.79,-2.286,8.871,False,True,True,0,0,0,0,True,
301459.SZ,301459,301459,丰茂股份,创业板,深市,创业板,801030.SI,基础化工,801037.SI,橡胶,橡胶,L,20231213,1030,2.82,31.12,-0.256,3.75,False,True,True,0,0,0,0,True,
301468.SZ,301468,301468,博盈特焊,创业板,深市,创业板,801890.SI,机械设备,801072.SI,通用设备,通用设备,L,20230724,1172,3.21,29.01,-2.879,10.938,False,True,True,0,0,0,0,True,
301469.SZ,301469,301469,恒达新材,创业板,深市,创业板,801140.SI,轻工制造,801143.SI,造纸,造纸,L,20230822,1143,3.13,28.62,-0.521,6.944,False,True,True,0,0,0,0,True,
301486.SZ,301486,301486,致尚科技,创业板,深市,创业板,801080.SI,电子,801085.SI,消费电子,消费电子,L,20230707,1189,3.26,209.86,10.03,14.655,False,True,True,0,0,0,0,True,
301487.SZ,301487,301487,盟固利,创业板,深市,创业板,801730.SI,电力设备,801737.SI,电池,电池,L,20230809,1156,3.16,17.45,1.69,12.346,False,True,True,0,0,0,0,True,
301488.SZ,301488,301488,豪恩汽电,创业板,深市,创业板,801880.SI,汽车,801093.SI,汽车零部件,汽车零部件,L,20230704,1192,3.26,87.52,-3.196,13.514,False,True,True,0,0,0,0,True,
301489.SZ,301489,301489,思泉新材,创业板,深市,创业板,801080.SI,电子,801086.SI,电子化学品Ⅱ,电子化学品Ⅱ,L,20231024,1080,2.96,101.07,-6.771,17.6,False,True,True,0,0,0,0,True,
301498.SZ,301498,301498,乖宝宠物,创业板,深市,创业板,801010.SI,农林牧渔,801014.SI,饲料,饲料,L,20230816,1149,3.15,39.27,1.368,10.0,False,True,True,0,0,0,0,True,
301499.SZ,301499,301499,维科精密,创业板,深市,创业板,801880.SI,汽车,801093.SI,汽车零部件,汽车零部件,L,20230721,1175,3.22,24.79,-2.632,15.2,False,True,True,0,0,0,0,True,
301500.SZ,301500,301500,飞南资源,创业板,深市,创业板,801970.SI,环保,801971.SI,环境治理,环境治理,L,20230921,1113,3.05,24.01,-0.785,14.567,False,True,True,0,0,0,0,True,
301502.SZ,301502,301502,华阳智能,创业板,深市,创业板,801730.SI,电力设备,801731.SI,电机Ⅱ,电机Ⅱ,L,20240202,979,2.68,47.51,-3.1,7.921,False,True,True,0,0,0,0,True,
301503.SZ,301503,301503,智迪科技,创业板,深市,创业板,801750.SI,计算机,801101.SI,计算机设备,计算机设备,L,20230717,1179,3.23,22.2,-0.314,9.589,False,True,True,0,0,0,0,True,
301505.SZ,301505,301505,苏州规划,创业板,深市,创业板,801720.SI,建筑装饰,801726.SI,工程咨询服务Ⅱ,工程咨询服务Ⅱ,L,20230719,1177,3.22,18.03,-3.324,14.13,False,True,True,0,0,0,0,True,
301507.SZ,301507,301507,民生健康,创业板,深市,创业板,801150.SI,医药生物,801151.SI,化学制药,化学制药,L,20230905,1129,3.09,13.29,-0.969,8.594,False,True,True,0,0,0,0,True,
301508.SZ,301508,301508,中机认检,创业板,深市,创业板,801210.SI,社会服务,801218.SI,专业服务,专业服务,L,20231201,1042,2.85,24.12,1.515,5.0,False,True,True,0,0,0,0,True,
301509.SZ,301509,301509,金凯生科,创业板,深市,创业板,801150.SI,医药生物,801156.SI,医疗服务,医疗服务,L,20230803,1162,3.18,30.36,-2.848,8.738,False,True,True,0,0,0,0,True,
301510.SZ,301510,301510,固高科技,创业板,深市,创业板,801890.SI,机械设备,801078.SI,自动化设备,自动化设备,L,20230815,1150,3.15,26.45,-4.753,11.111,False,True,True,0,0,0,0,True,
301511.SZ,301511,301511,德福科技,创业板,深市,创业板,801730.SI,电力设备,801737.SI,电池,电池,L,20230817,1148,3.14,93.87,-1.449,16.19,False,True,True,0,0,0,0,True,
301512.SZ,301512,301512,智信精密,创业板,深市,创业板,801890.SI,机械设备,801078.SI,自动化设备,自动化设备,L,20230720,1176,3.22,30.6,-2.424,8.738,False,True,True,0,0,0,0,True,
301515.SZ,301515,301515,港通医疗,创业板,深市,创业板,801150.SI,医药生物,801153.SI,医疗器械,医疗器械,L,20230725,1171,3.21,20.19,-1.608,12.371,False,True,True,0,0,0,0,True,
301516.SZ,301516,301516,中远通,创业板,深市,创业板,801730.SI,电力设备,801733.SI,其他电源设备Ⅱ,其他电源设备Ⅱ,L,20231208,1035,2.83,18.48,2.043,6.316,False,True,True,0,0,0,0,True,
301517.SZ,301517,301517,陕西华达,创业板,深市,创业板,801740.SI,国防军工,801745.SI,军工电子Ⅱ,军工电子Ⅱ,L,20231017,1087,2.98,34.14,-0.842,9.474,False,True,True,0,0,0,0,True,
301518.SZ,301518,301518,长华化学,创业板,深市,创业板,801030.SI,基础化工,801034.SI,化学制品,化学制品,L,20230803,1162,3.18,24.62,-0.806,8.434,False,True,True,0,0,0,0,True,
301519.SZ,301519,301519,舜禹股份,创业板,深市,创业板,801970.SI,环保,801971.SI,环境治理,环境治理,L,20230727,1169,3.2,11.97,-1.319,7.5,False,True,True,0,0,0,0,True,
301520.SZ,301520,301520,万邦医药,创业板,深市,创业板,801150.SI,医药生物,801156.SI,医疗服务,医疗服务,L,20230925,1109,3.04,67.81,-4.56,5.731,False,True,True,0,0,0,0,True,
301525.SZ,301525,301525,儒竞科技,创业板,深市,创业板,801890.SI,机械设备,801072.SI,通用设备,通用设备,L,20230830,1135,3.11,40.67,-5.965,15.909,False,True,True,0,0,0,0,True,
301526.SZ,301526,301526,国际复材,创业板,深市,创业板,801710.SI,建筑材料,801712.SI,玻璃玻纤,玻璃玻纤,L,20231226,1017,2.78,26.54,-1.594,14.474,False,True,True,0,0,0,0,True,
301528.SZ,301528,301528,多浦乐,创业板,深市,创业板,801890.SI,机械设备,801072.SI,通用设备,通用设备,L,20230828,1137,3.11,66.2,-6.839,24.051,False,True,True,0,0,0,0,True,
301529.SZ,301529,301529,福赛科技,创业板,深市,创业板,801880.SI,汽车,801093.SI,汽车零部件,汽车零部件,L,20230911,1123,3.07,133.06,-5.363,17.722,False,True,True,0,0,0,0,True,
301533.SZ,301533,301533,威马农机,创业板,深市,创业板,801890.SI,机械设备,801074.SI,专用设备,专用设备,L,20230818,1147,3.14,28.19,-0.809,5.517,False,True,True,0,0,0,0,True,
301536.SZ,301536,301536,星宸科技,创业板,深市,创业板,801080.SI,电子,801081.SI,半导体,半导体,L,20240328,924,2.53,113.28,-8.171,14.194,False,True,True,0,0,0,0,True,
301538.SZ,301538,301538,骏鼎达,创业板,深市,创业板,801030.SI,基础化工,801036.SI,塑料,塑料,L,20240320,932,2.55,38.2,-2.922,7.407,False,True,True,0,0,0,0,True,
301539.SZ,301539,301539,宏鑫科技,创业板,深市,创业板,801880.SI,汽车,801093.SI,汽车零部件,汽车零部件,L,20240415,906,2.48,15.2,-0.977,8.0,False,True,True,0,0,0,0,True,
301548.SZ,301548,301548,崇德科技,创业板,深市,创业板,801890.SI,机械设备,801072.SI,通用设备,通用设备,L,20230920,1114,3.05,52.55,-1.444,10.185,False,True,True,0,0,0,0,True,
301550.SZ,301550,301550,斯菱智驱,创业板,深市,创业板,801880.SI,汽车,801093.SI,汽车零部件,汽车零部件,L,20230915,1119,3.06,96.46,-3.752,10.638,False,True,True,0,0,0,0,True,
301551.SZ,301551,301551,无线传媒,创业板,深市,创业板,801760.SI,传媒,801995.SI,电视广播Ⅱ,电视广播Ⅱ,L,20240926,742,2.03,21.39,-2.016,7.143,False,True,True,0,0,0,0,True,
301552.SZ,301552,301552,科力装备,创业板,深市,创业板,801880.SI,汽车,801093.SI,汽车零部件,汽车零部件,L,20240722,808,2.21,24.26,0.041,8.13,False,True,True,0,0,0,0,True,
301555.SZ,301555,301555,惠柏新材,创业板,深市,创业板,801030.SI,基础化工,801036.SI,塑料,塑料,L,20231031,1073,2.94,34.9,-0.598,8.475,False,True,True,0,0,0,0,True,
301558.SZ,301558,301558,三态股份,创业板,深市,创业板,801200.SI,商贸零售,801206.SI,互联网电商,互联网电商,L,20230928,1106,3.03,6.78,0.743,5.97,False,True,True,0,0,0,0,True,
301559.SZ,301559,301559,中集环科,创业板,深市,创业板,801890.SI,机械设备,801072.SI,通用设备,通用设备,L,20231011,1093,2.99,12.77,-0.234,5.385,False,True,True,0,0,0,0,True,
301565.SZ,301565,301565,中仑新材,创业板,深市,创业板,801030.SI,基础化工,801036.SI,塑料,塑料,L,20240620,840,2.3,19.59,1.925,7.143,False,True,True,0,0,0,0,True,
301566.SZ,301566,301566,达利凯普,创业板,深市,创业板,801080.SI,电子,801083.SI,元件,元件,L,20231229,1014,2.78,22.76,-3.066,15.385,False,True,True,0,0,0,0,True,
301567.SZ,301567,301567,贝隆精密,创业板,深市,创业板,801080.SI,电子,801085.SI,消费电子,消费电子,L,20240116,996,2.73,36.19,-1.12,9.189,False,True,True,0,0,0,0,True,
301568.SZ,301568,301568,思泰克,创业板,深市,创业板,801890.SI,机械设备,801078.SI,自动化设备,自动化设备,L,20231128,1045,2.86,64.13,-3.273,13.559,False,True,True,0,0,0,0,True,
301571.SZ,301571,301571,国科天成,创业板,深市,创业板,801740.SI,国防军工,801745.SI,军工电子Ⅱ,军工电子Ⅱ,L,20240821,778,2.13,65.31,-2.668,12.251,False,True,True,0,0,0,0,True,
301577.SZ,301577,301577,美信科技,创业板,深市,创业板,801770.SI,通信,801102.SI,通信设备,通信设备,L,20240124,988,2.7,53.49,-1.328,9.859,False,True,True,0,0,0,0,True,
301578.SZ,301578,301578,辰奕智能,创业板,深市,创业板,801110.SI,家用电器,801112.SI,黑色家电,黑色家电,L,20231228,1015,2.78,23.12,-0.345,4.274,False,True,True,0,0,0,0,True,
301580.SZ,301580,301580,爱迪特,创业板,深市,创业板,801150.SI,医药生物,801153.SI,医疗器械,医疗器械,L,20240626,834,2.28,48.28,-3.652,11.957,False,True,True,0,0,0,0,True,
301586.SZ,301586,301586,佳力奇,创业板,深市,创业板,801740.SI,国防军工,801742.SI,航空装备Ⅱ,航空装备Ⅱ,L,20240828,771,2.11,28.87,-0.448,8.667,False,True,True,0,0,0,0,True,
301587.SZ,301587,301587,中瑞股份,创业板,深市,创业板,801730.SI,电力设备,801737.SI,电池,电池,L,20240408,913,2.5,22.74,4.026,7.692,False,True,True,0,0,0,0,True,
301588.SZ,301588,301588,美新科技,创业板,深市,创业板,801140.SI,轻工制造,801142.SI,家居用品,家居用品,L,20240313,939,2.57,25.72,0.273,10.791,False,True,True,0,0,0,0,True,
301589.SZ,301589,301589,诺瓦星云,创业板,深市,创业板,801750.SI,计算机,801101.SI,计算机设备,计算机设备,L,20240208,973,2.66,152.96,-2.573,14.286,False,True,True,0,0,0,0,True,
301591.SZ,301591,301591,肯特股份,创业板,深市,创业板,801030.SI,基础化工,801036.SI,塑料,塑料,L,20240228,953,2.61,39.28,-1.825,11.951,False,True,True,0,0,0,0,True,
301596.SZ,301596,301596,瑞迪智驱,创业板,深市,创业板,801890.SI,机械设备,801072.SI,通用设备,通用设备,L,20240513,878,2.4,42.98,-4.041,7.692,False,True,True,0,0,0,0,True,
301600.SZ,301600,301600,慧翰股份,创业板,深市,创业板,801750.SI,计算机,801101.SI,计算机设备,计算机设备,L,20240911,757,2.07,73.43,-0.904,16.667,False,True,True,0,0,0,0,True,
301603.SZ,301603,301603,乔锋智能,创业板,深市,创业板,801890.SI,机械设备,801072.SI,通用设备,通用设备,L,20240710,820,2.25,111.67,-1.186,11.765,False,True,True,0,0,0,0,True,
301606.SZ,301606,301606,绿联科技,创业板,深市,创业板,801080.SI,电子,801085.SI,消费电子,消费电子,L,20240726,804,2.2,45.73,-8.338,12.36,False,True,True,0,0,0,0,True,
301607.SZ,301607,301607,富特科技,创业板,深市,创业板,801880.SI,汽车,801093.SI,汽车零部件,汽车零部件,L,20240904,764,2.09,40.16,-4.221,7.407,False,True,True,0,0,0,0,True,
301608.SZ,301608,301608,博实结,创业板,深市,创业板,801750.SI,计算机,801101.SI,计算机设备,计算机设备,L,20240801,798,2.18,51.33,2.414,12.903,False,True,True,0,0,0,0,True,
301611.SZ,301611,301611,珂玛科技,创业板,深市,创业板,801080.SI,电子,801081.SI,半导体,半导体,L,20240816,783,2.14,80.17,-4.673,13.462,False,True,True,0,0,0,0,True,
301618.SZ,301618,301618,长联科技,创业板,深市,创业板,801030.SI,基础化工,801034.SI,化学制品,化学制品,L,20240930,738,2.02,30.49,2.042,13.665,False,True,True,0,0,0,0,True,
302132.SZ,302132,302132,中航成飞,创业板,深市,创业板,801740.SI,国防军工,801745.SI,军工电子Ⅱ,军工电子Ⅱ,L,20100827,5886,16.11,58.91,1.991,11.111,False,True,True,0,0,0,0,True,
