ts_code,symbol,display_code,name,board,exchange,market_raw,sw_l1_code,sw_l1_name,sw_l2_code,sw_l2_name,sw_l2_display,list_status,list_date,list_age_days,list_age_years,close,pct_chg,chip_concentration_70,is_st,is_normal_listed,has_latest_quote,suspend_days_20,suspend_days_40,suspend_days_60,suspend_days_90,default_passed,default_reject_reasons
000001.SZ,000001,000001,平安银行,主板,深市,主板,801780.SI,银行,801783.SI,股份制银行Ⅱ,股份制银行Ⅱ,L,19910403,12941,35.43,11.7,-1.598,10.909,False,True,True,0,0,0,0,True,
000002.SZ,000002,000002,万科A,主板,深市,主板,801180.SI,房地产,801181.SI,房地产开发,房地产开发,L,19910129,13005,35.61,3.19,-1.543,12.5,False,True,True,0,0,0,0,True,
000006.SZ,000006,000006,深振业A,主板,深市,主板,801180.SI,房地产,801181.SI,房地产开发,房地产开发,L,19920427,12551,34.36,7.11,1.427,19.718,False,True,True,0,0,0,0,True,
000007.SZ,000007,000007,全新好,主板,深市,主板,801200.SI,商贸零售,801203.SI,一般零售,一般零售,L,19920413,12565,34.4,11.5,-7.407,22.951,False,True,True,0,0,0,0,True,
000009.SZ,000009,000009,中国宝安,主板,深市,主板,801730.SI,电力设备,801737.SI,电池,电池,L,19910625,12858,35.2,7.06,-0.141,24.0,False,True,True,0,0,0,0,True,
000011.SZ,000011,000011,深物业A,主板,深市,主板,801180.SI,房地产,801181.SI,房地产开发,房地产开发,L,19920330,12579,34.44,8.63,1.529,14.286,False,True,True,0,0,0,0,True,
000012.SZ,000012,000012,南玻A,主板,深市,主板,801710.SI,建筑材料,801712.SI,玻璃玻纤,玻璃玻纤,L,19920228,12610,34.52,3.74,0.538,28.205,False,True,True,0,0,0,0,True,
000014.SZ,000014,000014,沙河股份,主板,深市,主板,801180.SI,房地产,801181.SI,房地产开发,房地产开发,L,19920602,12515,34.26,10.58,0.475,11.321,False,True,True,0,0,0,0,True,
000017.SZ,000017,000017,深中华A,主板,深市,主板,801130.SI,纺织服饰,801133.SI,饰品,饰品,L,19920331,12578,34.44,8.99,-5.567,21.875,False,True,True,0,0,0,0,True,
000019.SZ,000019,000019,深粮控股,主板,深市,主板,801010.SI,农林牧渔,801012.SI,农产品加工,农产品加工,L,19921012,12383,33.9,7.38,3.506,11.111,False,True,True,0,0,0,0,True,
000020.SZ,000020,000020,深华发A,主板,深市,主板,801080.SI,电子,801084.SI,光学光电子,光学光电子,L,19920428,12550,34.36,12.45,1.384,9.524,False,True,True,0,0,0,0,True,
000021.SZ,000021,000021,深科技,主板,深市,主板,801080.SI,电子,801085.SI,消费电子,消费电子,L,19940202,11905,32.59,35.29,2.231,13.514,False,True,True,0,0,0,0,True,
000025.SZ,000025,000025,特力A,主板,深市,主板,801230.SI,综合,801231.SI,综合Ⅱ,综合Ⅱ,L,19930621,12131,33.21,15.04,-2.338,13.636,False,True,True,0,0,0,0,True,
000026.SZ,000026,000026,飞亚达,主板,深市,主板,801130.SI,纺织服饰,801133.SI,饰品,饰品,L,19930603,12149,33.26,21.13,6.987,13.433,False,True,True,0,0,0,0,True,
000027.SZ,000027,000027,深圳能源,主板,深市,主板,801160.SI,公用事业,801161.SI,电力,电力,L,19930903,12057,33.01,6.28,-0.633,19.697,False,True,True,0,0,0,0,True,
000028.SZ,000028,000028,国药一致,主板,深市,主板,801150.SI,医药生物,801154.SI,医药商业,医药商业,L,19930809,12082,33.08,20.34,0.743,14.706,False,True,True,0,0,0,0,True,
000029.SZ,000029,000029,深深房A,主板,深市,主板,801180.SI,房地产,801181.SI,房地产开发,房地产开发,L,19930915,12045,32.98,22.86,3.159,28.07,False,True,True,0,0,0,0,True,
000030.SZ,000030,000030,富奥股份,主板,深市,主板,801880.SI,汽车,801093.SI,汽车零部件,汽车零部件,L,19930929,12031,32.94,4.06,0.247,25.581,False,True,True,0,0,0,0,True,
000031.SZ,000031,000031,大悦城,主板,深市,主板,801180.SI,房地产,801181.SI,房地产开发,房地产开发,L,19931008,12022,32.91,2.28,-0.87,45.455,False,True,True,0,0,0,0,True,
000032.SZ,000032,000032,深桑达A,主板,深市,主板,801720.SI,建筑装饰,801724.SI,专业工程,专业工程,L,19931028,12002,32.86,14.18,1.358,9.722,False,True,True,0,0,0,0,True,
000034.SZ,000034,000034,神州数码,主板,深市,主板,801750.SI,计算机,801103.SI,IT服务Ⅱ,IT服务Ⅱ,L,19940509,11809,32.33,23.65,0.81,6.557,False,True,True,0,0,0,0,True,
000035.SZ,000035,000035,中国天楹,主板,深市,主板,801970.SI,环保,801971.SI,环境治理,环境治理,L,19940408,11840,32.42,4.94,2.277,10.417,False,True,True,0,0,0,0,True,
000036.SZ,000036,000036,华联控股,主板,深市,主板,801180.SI,房地产,801181.SI,房地产开发,房地产开发,L,19940617,11770,32.22,3.93,-0.506,12.195,False,True,True,0,0,0,0,True,
000037.SZ,000037,000037,深南电A,主板,深市,主板,801160.SI,公用事业,801161.SI,电力,电力,L,19940701,11756,32.19,9.32,-0.107,7.292,False,True,True,0,0,0,0,True,
000039.SZ,000039,000039,中集集团,主板,深市,主板,801890.SI,机械设备,801072.SI,通用设备,通用设备,L,19940408,11840,32.42,9.41,0.213,15.556,False,True,True,0,0,0,0,True,
000042.SZ,000042,000042,中洲控股,主板,深市,主板,801180.SI,房地产,801181.SI,房地产开发,房地产开发,L,19940921,11674,31.96,8.69,-0.799,16.279,False,True,True,0,0,0,0,True,
000045.SZ,000045,000045,深纺织A,主板,深市,主板,801080.SI,电子,801084.SI,光学光电子,光学光电子,L,19940815,11711,32.06,10.86,-0.912,15.385,False,True,True,0,0,0,0,True,
000048.SZ,000048,000048,京基智农,主板,深市,主板,801010.SI,农林牧渔,801017.SI,养殖业,养殖业,L,19941101,11633,31.85,22.14,-0.762,16.964,False,True,True,0,0,0,0,True,
000049.SZ,000049,000049,德赛电池,主板,深市,主板,801730.SI,电力设备,801737.SI,电池,电池,L,19950320,11494,31.47,22.99,-0.605,7.5,False,True,True,0,0,0,0,True,
000050.SZ,000050,000050,深天马A,主板,深市,主板,801080.SI,电子,801084.SI,光学光电子,光学光电子,L,19950315,11499,31.48,6.6,0.152,48.485,False,True,True,0,0,0,0,True,
000055.SZ,000055,000055,方大集团,主板,深市,主板,801710.SI,建筑材料,801713.SI,装修建材,装修建材,L,19960415,11102,30.4,3.58,0.28,8.571,False,True,True,0,0,0,0,True,
000058.SZ,000058,000058,深赛格,主板,深市,主板,801200.SI,商贸零售,801203.SI,一般零售,一般零售,L,19961226,10847,29.7,7.23,0.0,33.333,False,True,True,0,0,0,0,True,
000059.SZ,000059,000059,华锦股份,主板,深市,主板,801960.SI,石油石化,801963.SI,炼化及贸易,炼化及贸易,L,19970130,10812,29.6,5.59,-2.783,24.138,False,True,True,0,0,0,0,True,
000060.SZ,000060,000060,中金岭南,主板,深市,主板,801050.SI,有色金属,801055.SI,工业金属,工业金属,L,19970123,10819,29.62,6.45,-0.922,7.576,False,True,True,0,0,0,0,True,
000061.SZ,000061,000061,农产品,主板,深市,主板,801200.SI,商贸零售,801203.SI,一般零售,一般零售,L,19970110,10832,29.66,6.49,2.528,15.0,False,True,True,0,0,0,0,True,
000062.SZ,000062,000062,深圳华强,主板,深市,主板,801080.SI,电子,801082.SI,其他电子Ⅱ,其他电子Ⅱ,L,19970130,10812,29.6,24.05,1.178,12.5,False,True,True,0,0,0,0,True,
000063.SZ,000063,000063,中兴通讯,主板,深市,主板,801770.SI,通信,801102.SI,通信设备,通信设备,L,19971118,10520,28.8,33.28,0.635,7.018,False,True,True,0,0,0,0,True,
000065.SZ,000065,000065,北方国际,主板,深市,主板,801720.SI,建筑装饰,801724.SI,专业工程,专业工程,L,19980605,10321,28.26,9.83,0.409,12.245,False,True,True,0,0,0,0,True,
000066.SZ,000066,000066,中国长城,主板,深市,主板,801750.SI,计算机,801101.SI,计算机设备,计算机设备,L,19970626,10665,29.2,14.79,3.935,6.849,False,True,True,0,0,0,0,True,
000068.SZ,000068,000068,华控赛格,主板,深市,主板,801970.SI,环保,801971.SI,环境治理,环境治理,L,19970611,10680,29.24,3.28,2.5,20.0,False,True,True,0,0,0,0,True,
000069.SZ,000069,000069,华侨城A,主板,深市,主板,801180.SI,房地产,801181.SI,房地产开发,房地产开发,L,19970910,10589,28.99,1.82,-1.087,38.889,False,True,True,0,0,0,0,True,
000070.SZ,000070,000070,特发信息,主板,深市,主板,801770.SI,通信,801102.SI,通信设备,通信设备,L,20000511,9615,26.32,16.05,3.415,6.329,False,True,True,0,0,0,0,True,
000088.SZ,000088,000088,盐田港,主板,深市,主板,801170.SI,交通运输,801992.SI,航运港口,航运港口,L,19970728,10633,29.11,4.55,0.442,6.818,False,True,True,0,0,0,0,True,
000089.SZ,000089,000089,深圳机场,主板,深市,主板,801170.SI,交通运输,801991.SI,航空机场,航空机场,L,19980420,10367,28.38,6.63,-0.151,7.576,False,True,True,0,0,0,0,True,
000090.SZ,000090,000090,天健集团,主板,深市,主板,801180.SI,房地产,801181.SI,房地产开发,房地产开发,L,19990721,9910,27.13,3.55,2.011,11.765,False,True,True,0,0,0,0,True,
000096.SZ,000096,000096,广聚能源,主板,深市,主板,801960.SI,石油石化,801963.SI,炼化及贸易,炼化及贸易,L,20000724,9541,26.12,8.22,-0.844,11.538,False,True,True,0,0,0,0,True,
000099.SZ,000099,000099,中信海直,主板,深市,主板,801170.SI,交通运输,801991.SI,航空机场,航空机场,L,20000731,9534,26.1,13.73,-1.009,10.638,False,True,True,0,0,0,0,True,
000100.SZ,000100,000100,TCL科技,主板,深市,主板,801080.SI,电子,801084.SI,光学光电子,光学光电子,L,20040130,8256,22.6,4.81,0.208,8.0,False,True,True,0,0,0,0,True,
000151.SZ,000151,000151,中成股份,主板,深市,主板,801200.SI,商贸零售,801202.SI,贸易Ⅱ,贸易Ⅱ,L,20000906,9497,26.0,10.25,0.392,10.0,False,True,True,0,0,0,0,True,
000153.SZ,000153,000153,丰原药业,主板,深市,主板,801150.SI,医药生物,801151.SI,化学制药,化学制药,L,20000920,9483,25.96,6.27,0.804,7.937,False,True,True,0,0,0,0,True,
000155.SZ,000155,000155,川能动力,主板,深市,主板,801160.SI,公用事业,801161.SI,电力,电力,L,20000926,9477,25.95,12.01,-0.083,6.557,False,True,True,0,0,0,0,True,
000156.SZ,000156,000156,华数传媒,主板,深市,主板,801760.SI,传媒,801995.SI,电视广播Ⅱ,电视广播Ⅱ,L,20000906,9497,26.0,7.09,0.425,23.529,False,True,True,0,0,0,0,True,
000157.SZ,000157,000157,中联重科,主板,深市,主板,801890.SI,机械设备,801077.SI,工程机械,工程机械,L,20001012,9461,25.9,6.64,0.302,15.278,False,True,True,0,0,0,0,True,
000158.SZ,000158,000158,常山北明,主板,深市,主板,801750.SI,计算机,801103.SI,IT服务Ⅱ,IT服务Ⅱ,L,20000724,9541,26.12,13.84,1.69,8.889,False,True,True,0,0,0,0,True,
000159.SZ,000159,000159,国际实业,主板,深市,主板,801730.SI,电力设备,801735.SI,光伏设备,光伏设备,L,20000926,9477,25.95,5.7,0.0,14.035,False,True,True,0,0,0,0,True,
000166.SZ,000166,000166,申万宏源,主板,深市,主板,801790.SI,非银金融,801193.SI,证券Ⅱ,证券Ⅱ,L,20150126,4242,11.61,4.52,-1.525,17.391,False,True,True,0,0,0,0,True,
000301.SZ,000301,000301,东方盛虹,主板,深市,主板,801960.SI,石油石化,801963.SI,炼化及贸易,炼化及贸易,L,20000529,9597,26.28,13.94,-4.651,30.159,False,True,True,0,0,0,0,True,
000333.SZ,000333,000333,美的集团,主板,深市,主板,801110.SI,家用电器,801111.SI,白色家电,白色家电,L,20130918,4737,12.97,86.27,-1.484,25.51,False,True,True,0,0,0,0,True,
000338.SZ,000338,000338,潍柴动力,主板,深市,主板,801880.SI,汽车,801093.SI,汽车零部件,汽车零部件,L,20070430,7070,19.36,27.54,2.57,14.706,False,True,True,0,0,0,0,True,
000400.SZ,000400,000400,许继电气,主板,深市,主板,801730.SI,电力设备,801738.SI,电网设备,电网设备,L,19970418,10734,29.39,21.94,0.091,8.219,False,True,True,0,0,0,0,True,
000401.SZ,000401,000401,金隅冀东,主板,深市,主板,801710.SI,建筑材料,801711.SI,水泥,水泥,L,19960614,11042,30.23,3.6,0.0,31.818,False,True,True,0,0,0,0,True,
000402.SZ,000402,000402,金融街,主板,深市,主板,801180.SI,房地产,801181.SI,房地产开发,房地产开发,L,19960626,11030,30.2,2.58,-0.769,16.0,False,True,True,0,0,0,0,True,
000403.SZ,000403,000403,派林生物,主板,深市,主板,801150.SI,医药生物,801152.SI,生物制品,生物制品,L,19960628,11028,30.19,10.44,0.87,22.642,False,True,True,0,0,0,0,True,
000404.SZ,000404,000404,长虹华意,主板,深市,主板,801110.SI,家用电器,801116.SI,家电零部件Ⅱ,家电零部件Ⅱ,L,19960619,11037,30.22,7.08,0.425,10.667,False,True,True,0,0,0,0,True,
000407.SZ,000407,000407,胜利股份,主板,深市,主板,801160.SI,公用事业,801163.SI,燃气Ⅱ,燃气Ⅱ,L,19960703,11023,30.18,4.21,-0.708,9.756,False,True,True,0,0,0,0,True,
000408.SZ,000408,000408,藏格矿业,主板,深市,主板,801050.SI,有色金属,801056.SI,能源金属,能源金属,L,19960628,11028,30.19,74.03,-2.103,18.182,False,True,True,0,0,0,0,True,
000409.SZ,000409,000409,云鼎科技,主板,深市,主板,801750.SI,计算机,801103.SI,IT服务Ⅱ,IT服务Ⅱ,L,19960627,11029,30.2,9.1,-1.087,12.644,False,True,True,0,0,0,0,True,
000410.SZ,000410,000410,沈阳机床,主板,深市,主板,801890.SI,机械设备,801072.SI,通用设备,通用设备,L,19960718,11008,30.14,5.33,0.188,23.077,False,True,True,0,0,0,0,True,
000411.SZ,000411,000411,英特集团,主板,深市,主板,801150.SI,医药生物,801154.SI,医药商业,医药商业,L,19960716,11010,30.14,10.16,-0.587,21.875,False,True,True,0,0,0,0,True,
000415.SZ,000415,000415,渤海租赁,主板,深市,主板,801790.SI,非银金融,801191.SI,多元金融,多元金融,L,19960716,11010,30.14,4.49,-1.535,9.091,False,True,True,0,0,0,0,True,
000417.SZ,000417,000417,合百集团,主板,深市,主板,801200.SI,商贸零售,801203.SI,一般零售,一般零售,L,19960812,10983,30.07,6.88,9.206,13.333,False,True,True,0,0,0,0,True,
000419.SZ,000419,000419,通程控股,主板,深市,主板,801200.SI,商贸零售,801203.SI,一般零售,一般零售,L,19960816,10979,30.06,5.24,1.946,12.245,False,True,True,0,0,0,0,True,
000420.SZ,000420,000420,吉林化纤,主板,深市,主板,801030.SI,基础化工,801032.SI,化学纤维,化学纤维,L,19960802,10993,30.1,3.73,-2.356,8.108,False,True,True,0,0,0,0,True,
000421.SZ,000421,000421,南京公用,主板,深市,主板,801230.SI,综合,801231.SI,综合Ⅱ,综合Ⅱ,L,19960806,10989,30.09,5.81,-0.172,10.526,False,True,True,0,0,0,0,True,
000422.SZ,000422,000422,湖北宜化,主板,深市,主板,801030.SI,基础化工,801038.SI,农化制品,农化制品,L,19960815,10980,30.06,12.46,0.161,6.977,False,True,True,0,0,0,0,True,
000423.SZ,000423,000423,东阿阿胶,主板,深市,主板,801150.SI,医药生物,801155.SI,中药Ⅱ,中药Ⅱ,L,19960729,10997,30.11,47.26,-2.657,13.043,False,True,True,0,0,0,0,True,
000425.SZ,000425,000425,徐工机械,主板,深市,主板,801890.SI,机械设备,801077.SI,工程机械,工程机械,L,19960828,10967,30.03,8.31,2.088,15.663,False,True,True,0,0,0,0,True,
000426.SZ,000426,000426,兴业银锡,主板,深市,主板,801050.SI,有色金属,801055.SI,工业金属,工业金属,L,19960828,10967,30.03,37.43,-2.627,10.714,False,True,True,0,0,0,0,True,
000428.SZ,000428,000428,华天酒店,主板,深市,主板,801210.SI,社会服务,801219.SI,酒店餐饮,酒店餐饮,L,19960808,10987,30.08,5.16,10.021,15.556,False,True,True,0,0,0,0,True,
000429.SZ,000429,000429,粤高速A,主板,深市,主板,801170.SI,交通运输,801179.SI,铁路公路,铁路公路,L,19980220,10426,28.54,12.91,-0.997,15.789,False,True,True,0,0,0,0,True,
000430.SZ,000430,000430,张家界,主板,深市,主板,801210.SI,社会服务,801993.SI,旅游及景区,旅游及景区,L,19960829,10966,30.02,8.15,6.536,18.667,False,True,True,0,0,0,2,True,
000498.SZ,000498,000498,山东路桥,主板,深市,主板,801720.SI,建筑装饰,801723.SI,基础建设,基础建设,L,19970609,10682,29.25,4.94,-0.604,18.0,False,True,True,0,0,0,0,True,
000501.SZ,000501,000501,武商集团,主板,深市,主板,801200.SI,商贸零售,801203.SI,一般零售,一般零售,L,19921120,12344,33.8,7.78,3.046,19.444,False,True,True,0,0,0,0,True,
000503.SZ,000503,000503,国新健康,主板,深市,主板,801750.SI,计算机,801104.SI,软件开发,软件开发,L,19921130,12334,33.77,6.96,-0.996,11.111,False,True,True,0,0,0,0,True,
000504.SZ,000504,000504,南华生物,主板,深市,主板,801150.SI,医药生物,801156.SI,医疗服务,医疗服务,L,19921208,12326,33.75,8.6,6.173,14.286,False,True,True,0,0,0,2,True,
000505.SZ,000505,000505,京粮控股,主板,深市,主板,801010.SI,农林牧渔,801012.SI,农产品加工,农产品加工,L,19921221,12313,33.71,7.35,4.108,8.451,False,True,True,0,0,0,0,True,
000506.SZ,000506,000506,招金黄金,主板,深市,主板,801050.SI,有色金属,801053.SI,贵金属,贵金属,L,19930312,12232,33.49,19.83,-3.924,7.767,False,True,True,0,0,0,0,True,
000507.SZ,000507,000507,珠海港,主板,深市,主板,801160.SI,公用事业,801161.SI,电力,电力,L,19930326,12218,33.45,5.04,-0.592,6.0,False,True,True,0,0,0,0,True,
000509.SZ,000509,000509,华塑控股,主板,深市,主板,801080.SI,电子,801084.SI,光学光电子,光学光电子,L,19930507,12176,33.34,3.52,-0.283,18.182,False,True,True,0,0,0,0,True,
000510.SZ,000510,000510,新金路,主板,深市,主板,801030.SI,基础化工,801033.SI,化学原料,化学原料,L,19930507,12176,33.34,17.08,6.75,8.333,False,True,True,0,0,0,0,True,
000513.SZ,000513,000513,丽珠集团,主板,深市,主板,801150.SI,医药生物,801151.SI,化学制药,化学制药,L,19931028,12002,32.86,27.16,1.457,16.667,False,True,True,0,0,0,0,True,
000514.SZ,000514,000514,渝开发,主板,深市,主板,801180.SI,房地产,801181.SI,房地产开发,房地产开发,L,19930712,12110,33.16,4.29,0.704,14.634,False,True,True,0,0,0,0,True,
000516.SZ,000516,000516,国际医学,主板,深市,主板,801150.SI,医药生物,801156.SI,医疗服务,医疗服务,L,19930809,12082,33.08,4.08,0.741,14.286,False,True,True,0,0,0,0,True,
000517.SZ,000517,000517,荣安地产,主板,深市,主板,801180.SI,房地产,801181.SI,房地产开发,房地产开发,L,19930806,12085,33.09,2.16,-1.37,22.727,False,True,True,0,0,0,0,True,
000518.SZ,000518,000518,四环生物,主板,深市,主板,801150.SI,医药生物,801152.SI,生物制品,生物制品,L,19930908,12052,33.0,3.83,-1.795,7.692,False,True,True,0,0,0,2,True,
000519.SZ,000519,000519,中兵红箭,主板,深市,主板,801740.SI,国防军工,801743.SI,地面兵装Ⅱ,地面兵装Ⅱ,L,19931008,12022,32.91,15.69,-0.696,10.526,False,True,True,0,0,0,0,True,
000520.SZ,000520,000520,凤凰航运,主板,深市,主板,801170.SI,交通运输,801992.SI,航运港口,航运港口,L,19931025,12005,32.87,4.4,-0.901,11.364,False,True,True,0,0,0,0,True,
000521.SZ,000521,000521,长虹美菱,主板,深市,主板,801110.SI,家用电器,801111.SI,白色家电,白色家电,L,19931018,12012,32.89,4.93,0.407,21.569,False,True,True,0,0,0,0,True,
000523.SZ,000523,000523,红棉股份,主板,深市,主板,801230.SI,综合,801231.SI,综合Ⅱ,综合Ⅱ,L,19931108,11991,32.83,3.6,6.825,6.25,False,True,True,0,0,0,0,True,
000525.SZ,000525,000525,红太阳,主板,深市,主板,801030.SI,基础化工,801038.SI,农化制品,农化制品,L,19931028,12002,32.86,4.77,0.846,13.043,False,True,True,0,0,0,0,True,
000526.SZ,000526,000526,学大教育,主板,深市,主板,801210.SI,社会服务,801994.SI,教育,教育,L,19931101,11998,32.85,37.35,0.565,5.882,False,True,True,0,0,0,0,True,
000528.SZ,000528,000528,柳工,主板,深市,主板,801890.SI,机械设备,801077.SI,工程机械,工程机械,L,19931118,11981,32.8,8.05,1.385,9.877,False,True,True,0,0,0,0,True,
000529.SZ,000529,000529,广弘控股,主板,深市,主板,801120.SI,食品饮料,801124.SI,食品加工,食品加工,L,19931118,11981,32.8,5.23,2.953,20.0,False,True,True,0,0,0,0,True,
000530.SZ,000530,000530,冰山冷热,主板,深市,主板,801890.SI,机械设备,801072.SI,通用设备,通用设备,L,19931208,11961,32.75,5.28,-1.124,11.538,False,True,True,0,0,0,0,True,
000531.SZ,000531,000531,穗恒运A,主板,深市,主板,801160.SI,公用事业,801161.SI,电力,电力,L,19940106,11932,32.67,5.62,0.0,25.424,False,True,True,0,0,0,0,True,
000532.SZ,000532,000532,华金资本,主板,深市,主板,801790.SI,非银金融,801191.SI,多元金融,多元金融,L,19940103,11935,32.68,11.33,-1.82,14.679,False,True,True,0,0,0,0,True,
000533.SZ,000533,000533,顺钠股份,主板,深市,主板,801730.SI,电力设备,801738.SI,电网设备,电网设备,L,19940103,11935,32.68,12.0,-0.415,4.237,False,True,True,0,0,0,0,True,
000534.SZ,000534,000534,万泽股份,主板,深市,主板,801150.SI,医药生物,801152.SI,生物制品,生物制品,L,19940110,11928,32.66,23.87,-4.213,19.355,False,True,True,0,0,0,0,True,
000536.SZ,000536,000536,华映科技,主板,深市,主板,801080.SI,电子,801084.SI,光学光电子,光学光电子,L,19931126,11973,32.78,3.64,1.111,17.143,False,True,True,0,0,0,0,True,
000537.SZ,000537,000537,绿发电力,主板,深市,主板,801160.SI,公用事业,801161.SI,电力,电力,L,19931210,11959,32.74,7.49,0.134,19.231,False,True,True,0,0,0,0,True,
000538.SZ,000538,000538,云南白药,主板,深市,主板,801150.SI,医药生物,801155.SI,中药Ⅱ,中药Ⅱ,L,19931215,11954,32.73,50.57,-0.882,10.959,False,True,True,0,0,0,0,True,
000539.SZ,000539,000539,粤电力A,主板,深市,主板,801160.SI,公用事业,801161.SI,电力,电力,L,19931126,11973,32.78,5.08,-0.975,16.071,False,True,True,0,0,0,0,True,
000541.SZ,000541,000541,佛山照明,主板,深市,主板,801110.SI,家用电器,801115.SI,照明设备Ⅱ,照明设备Ⅱ,L,19931123,11976,32.79,4.96,0.0,22.0,False,True,True,0,0,0,0,True,
000543.SZ,000543,000543,皖能电力,主板,深市,主板,801160.SI,公用事业,801161.SI,电力,电力,L,19931220,11949,32.71,7.32,-1.081,11.688,False,True,True,0,0,0,0,True,
000544.SZ,000544,000544,中原环保,主板,深市,主板,801970.SI,环保,801971.SI,环境治理,环境治理,L,19931208,11961,32.75,7.36,-0.271,16.883,False,True,True,0,0,0,0,True,
000545.SZ,000545,000545,金浦钛业,主板,深市,主板,801030.SI,基础化工,801033.SI,化学原料,化学原料,L,19931215,11954,32.73,2.29,3.153,9.091,False,True,True,0,0,0,0,True,
000546.SZ,000546,000546,金圆股份,主板,深市,主板,801970.SI,环保,801971.SI,环境治理,环境治理,L,19931215,11954,32.73,4.6,-0.648,13.043,False,True,True,0,0,0,0,True,
000547.SZ,000547,000547,航天发展,主板,深市,主板,801740.SI,国防军工,801745.SI,军工电子Ⅱ,军工电子Ⅱ,L,19931130,11969,32.77,14.35,-1.78,12.5,False,True,True,0,0,0,0,True,
000548.SZ,000548,000548,湖南投资,主板,深市,主板,801170.SI,交通运输,801179.SI,铁路公路,铁路公路,L,19931220,11949,32.71,4.66,0.648,15.556,False,True,True,0,0,0,0,True,
000550.SZ,000550,000550,江铃汽车,主板,深市,主板,801880.SI,汽车,801096.SI,商用车,商用车,L,19931201,11968,32.77,17.42,1.338,12.727,False,True,True,0,0,0,0,True,
000551.SZ,000551,000551,创元科技,主板,深市,主板,801970.SI,环保,801972.SI,环保设备Ⅱ,环保设备Ⅱ,L,19940106,11932,32.67,12.24,0.824,15.873,False,True,True,0,0,0,0,True,
000552.SZ,000552,000552,甘肃能化,主板,深市,主板,801950.SI,煤炭,801951.SI,煤炭开采,煤炭开采,L,19940106,11932,32.67,2.53,-1.172,7.692,False,True,True,0,0,0,0,True,
000553.SZ,000553,000553,安道麦A,主板,深市,主板,801030.SI,基础化工,801038.SI,农化制品,农化制品,L,19931203,11966,32.76,5.74,1.413,26.667,False,True,True,0,0,0,0,True,
000554.SZ,000554,000554,泰山石油,主板,深市,主板,801960.SI,石油石化,801963.SI,炼化及贸易,炼化及贸易,L,19931215,11954,32.73,6.57,0.922,4.615,False,True,True,0,0,0,0,True,
000555.SZ,000555,000555,神州信息,主板,深市,主板,801750.SI,计算机,801103.SI,IT服务Ⅱ,IT服务Ⅱ,L,19940408,11840,32.42,10.9,-1.802,9.259,False,True,True,0,0,0,0,True,
000557.SZ,000557,000557,西部创业,主板,深市,主板,801170.SI,交通运输,801179.SI,铁路公路,铁路公路,L,19940617,11770,32.22,3.73,0.0,36.842,False,True,True,0,0,0,0,True,
000558.SZ,000558,000558,天府文旅,主板,深市,主板,801210.SI,社会服务,801993.SI,旅游及景区,旅游及景区,L,19940509,11809,32.33,4.03,3.333,16.667,False,True,True,0,0,0,0,True,
000559.SZ,000559,000559,万向钱潮,主板,深市,主板,801880.SI,汽车,801093.SI,汽车零部件,汽车零部件,L,19940110,11928,32.66,11.04,1.192,33.898,False,True,True,0,0,0,0,True,
000560.SZ,000560,000560,我爱我家,主板,深市,主板,801180.SI,房地产,801183.SI,房地产服务,房地产服务,L,19940202,11905,32.59,3.13,-0.635,6.452,False,True,True,0,0,0,0,True,
000561.SZ,000561,000561,烽火电子,主板,深市,主板,801740.SI,国防军工,801742.SI,航空装备Ⅱ,航空装备Ⅱ,L,19940509,11809,32.33,7.79,-0.891,13.514,False,True,True,0,0,0,0,True,
000563.SZ,000563,000563,陕国投A,主板,深市,主板,801790.SI,非银金融,801191.SI,多元金融,多元金融,L,19940110,11928,32.66,2.99,-1.645,13.333,False,True,True,0,0,0,0,True,
000564.SZ,000564,000564,供销大集,主板,深市,主板,801200.SI,商贸零售,801203.SI,一般零售,一般零售,L,19940110,11928,32.66,1.65,3.125,13.333,False,True,True,0,0,0,0,True,
000565.SZ,000565,000565,渝三峡A,主板,深市,主板,801030.SI,基础化工,801034.SI,化学制品,化学制品,L,19940408,11840,32.42,6.45,1.896,12.903,False,True,True,0,0,0,0,True,
000566.SZ,000566,000566,海南海药,主板,深市,主板,801150.SI,医药生物,801151.SI,化学制药,化学制药,L,19940525,11793,32.29,4.92,0.82,6.0,False,True,True,0,0,0,0,True,
000567.SZ,000567,000567,海德股份,主板,深市,主板,801790.SI,非银金融,801191.SI,多元金融,多元金融,L,19940525,11793,32.29,6.69,-0.446,17.742,False,True,True,0,0,0,0,True,
000568.SZ,000568,000568,泸州老窖,主板,深市,主板,801120.SI,食品饮料,801125.SI,白酒Ⅱ,白酒Ⅱ,L,19940509,11809,32.33,79.3,-0.776,37.931,False,True,True,0,0,0,0,True,
000570.SZ,000570,000570,苏常柴A,主板,深市,主板,801880.SI,汽车,801093.SI,汽车零部件,汽车零部件,L,19940701,11756,32.19,5.23,0.577,8.0,False,True,True,0,0,0,0,True,
000571.SZ,000571,000571,新大洲A,主板,深市,主板,801950.SI,煤炭,801951.SI,煤炭开采,煤炭开采,L,19940525,11793,32.29,5.95,0.168,14.516,False,True,True,0,0,0,0,True,
000572.SZ,000572,000572,海马汽车,主板,深市,主板,801880.SI,汽车,801095.SI,乘用车,乘用车,L,19940808,11718,32.08,3.97,1.534,10.526,False,True,True,0,0,0,0,True,
000573.SZ,000573,000573,粤宏远A,主板,深市,主板,801180.SI,房地产,801181.SI,房地产开发,房地产开发,L,19940815,11711,32.06,3.82,0.263,10.811,False,True,True,0,0,0,0,True,
000576.SZ,000576,000576,甘化科工,主板,深市,主板,801740.SI,国防军工,801743.SI,地面兵装Ⅱ,地面兵装Ⅱ,L,19940907,11688,32.0,8.32,-1.07,16.867,False,True,True,0,0,0,0,True,
000581.SZ,000581,000581,威孚高科,主板,深市,主板,801880.SI,汽车,801093.SI,汽车零部件,汽车零部件,L,19980924,10210,27.95,18.05,-0.221,11.864,False,True,True,0,0,0,0,True,
000582.SZ,000582,000582,北部湾港,主板,深市,主板,801170.SI,交通运输,801992.SI,航运港口,航运港口,L,19951102,11267,30.85,12.08,-0.821,16.239,False,True,True,0,0,0,0,True,
000586.SZ,000586,000586,汇源通信,主板,深市,主板,801770.SI,通信,801102.SI,通信设备,通信设备,L,19951220,11219,30.72,13.72,1.932,16.912,False,True,True,0,0,0,0,True,
000589.SZ,000589,000589,贵州轮胎,主板,深市,主板,801880.SI,汽车,801093.SI,汽车零部件,汽车零部件,L,19960308,11140,30.5,4.31,-0.919,6.977,False,True,True,0,0,0,0,True,
000590.SZ,000590,000590,古汉医药,主板,深市,主板,801150.SI,医药生物,801155.SI,中药Ⅱ,中药Ⅱ,L,19960119,11189,30.63,9.3,0.432,15.556,False,True,True,0,0,0,0,True,
000591.SZ,000591,000591,太阳能,主板,深市,主板,801160.SI,公用事业,801161.SI,电力,电力,L,19960208,11169,30.58,4.31,1.651,24.444,False,True,True,0,0,0,0,True,
000592.SZ,000592,000592,平潭发展,主板,深市,主板,801010.SI,农林牧渔,801011.SI,林业Ⅱ,林业Ⅱ,L,19960327,11121,30.45,7.87,5.073,15.385,False,True,True,0,0,0,0,True,
000593.SZ,000593,000593,德龙汇能,主板,深市,主板,801160.SI,公用事业,801163.SI,燃气Ⅱ,燃气Ⅱ,L,19960312,11136,30.49,21.92,-0.228,14.912,False,True,True,0,0,0,0,True,
000596.SZ,000596,000596,古井贡酒,主板,深市,主板,801120.SI,食品饮料,801125.SI,白酒Ⅱ,白酒Ⅱ,L,19960927,10937,29.94,101.0,-0.168,15.152,False,True,True,0,0,0,0,True,
000597.SZ,000597,000597,东北制药,主板,深市,主板,801150.SI,医药生物,801151.SI,化学制药,化学制药,L,19960523,11064,30.29,4.81,0.628,14.286,False,True,True,0,0,0,0,True,
000598.SZ,000598,000598,兴蓉环境,主板,深市,主板,801970.SI,环保,801971.SI,环境治理,环境治理,L,19960529,11058,30.28,7.15,-0.97,13.043,False,True,True,0,0,0,0,True,
000599.SZ,000599,000599,青岛双星,主板,深市,主板,801880.SI,汽车,801093.SI,汽车零部件,汽车零部件,L,19960430,11087,30.35,4.69,-0.846,12.766,False,True,True,0,0,0,0,True,
000600.SZ,000600,000600,建投能源,主板,深市,主板,801160.SI,公用事业,801161.SI,电力,电力,L,19960606,11050,30.25,7.38,-1.072,15.476,False,True,True,0,0,0,0,True,
000601.SZ,000601,000601,韶能股份,主板,深市,主板,801160.SI,公用事业,801161.SI,电力,电力,L,19960830,10965,30.02,6.16,-0.162,7.937,False,True,True,0,0,0,0,True,
000603.SZ,000603,000603,盛达资源,主板,深市,主板,801050.SI,有色金属,801055.SI,工业金属,工业金属,L,19960823,10972,30.04,35.36,-2.212,7.692,False,True,True,0,0,0,0,True,
000605.SZ,000605,000605,渤海股份,主板,深市,主板,801970.SI,环保,801971.SI,环境治理,环境治理,L,19960913,10951,29.98,6.05,1.171,16.949,False,True,True,0,0,0,0,True,
000607.SZ,000607,000607,华媒控股,主板,深市,主板,801760.SI,传媒,801765.SI,广告营销,广告营销,L,19960830,10965,30.02,3.88,1.837,16.667,False,True,True,0,0,0,0,True,
000608.SZ,000608,000608,阳光股份,主板,深市,主板,801180.SI,房地产,801181.SI,房地产开发,房地产开发,L,19960919,10945,29.97,7.83,6.386,6.757,False,True,True,0,0,0,2,True,
000612.SZ,000612,000612,焦作万方,主板,深市,主板,801050.SI,有色金属,801055.SI,工业金属,工业金属,L,19960926,10938,29.95,10.8,-2.085,5.357,False,True,True,0,0,0,0,True,
000617.SZ,000617,000617,中油资本,主板,深市,主板,801790.SI,非银金融,801191.SI,多元金融,多元金融,L,19961022,10912,29.88,7.12,-2.997,37.5,False,True,True,0,0,0,0,True,
000619.SZ,000619,000619,海螺新材,主板,深市,主板,801710.SI,建筑材料,801713.SI,装修建材,装修建材,L,19961023,10911,29.87,5.09,0.792,16.667,False,True,True,0,0,0,0,True,
000620.SZ,000620,000620,盈新发展,主板,深市,主板,801180.SI,房地产,801181.SI,房地产开发,房地产开发,L,19961029,10905,29.86,3.02,1.683,12.5,False,True,True,0,0,0,0,True,
000623.SZ,000623,000623,吉林敖东,主板,深市,主板,801150.SI,医药生物,801155.SI,中药Ⅱ,中药Ⅱ,L,19961028,10906,29.86,18.17,-1.731,4.444,False,True,True,0,0,0,0,True,
000625.SZ,000625,000625,长安汽车,主板,深市,主板,801880.SI,汽车,801095.SI,乘用车,乘用车,L,19970610,10681,29.24,7.11,-0.14,37.838,False,True,True,0,0,0,0,True,
000626.SZ,000626,000626,远大控股,主板,深市,主板,801170.SI,交通运输,801178.SI,物流,物流,L,19961128,10875,29.77,9.86,4.118,15.385,False,True,True,0,0,0,0,True,
000628.SZ,000628,000628,高新发展,主板,深市,主板,801720.SI,建筑装饰,801721.SI,房屋建设Ⅱ,房屋建设Ⅱ,L,19961118,10885,29.8,53.38,-0.037,16.092,False,True,True,0,0,0,0,True,
000629.SZ,000629,000629,钒钛股份,主板,深市,主板,801040.SI,钢铁,801043.SI,冶钢原料,冶钢原料,L,19961115,10888,29.81,2.99,-0.333,16.129,False,True,True,0,0,0,0,True,
000630.SZ,000630,000630,铜陵有色,主板,深市,主板,801050.SI,有色金属,801055.SI,工业金属,工业金属,L,19961120,10883,29.8,6.38,-0.157,9.231,False,True,True,0,0,0,0,True,
000631.SZ,000631,000631,顺发恒能,主板,深市,主板,801180.SI,房地产,801181.SI,房地产开发,房地产开发,L,19961122,10881,29.79,2.96,0.0,19.355,False,True,True,0,0,0,0,True,
000633.SZ,000633,000633,合金投资,主板,深市,主板,801050.SI,有色金属,801051.SI,金属新材料,金属新材料,L,19961112,10891,29.82,5.39,0.56,11.538,False,True,True,0,0,0,0,True,
000636.SZ,000636,000636,风华高科,主板,深市,主板,801080.SI,电子,801083.SI,元件,元件,L,19961129,10874,29.77,50.45,4.214,10.938,False,True,True,0,0,0,0,True,
000637.SZ,000637,000637,茂化实华,主板,深市,主板,801960.SI,石油石化,801963.SI,炼化及贸易,炼化及贸易,L,19961114,10889,29.81,4.28,1.182,17.949,False,True,True,0,0,0,0,True,
000650.SZ,000650,000650,仁和药业,主板,深市,主板,801150.SI,医药生物,801155.SI,中药Ⅱ,中药Ⅱ,L,19961210,10863,29.74,5.36,-0.372,5.556,False,True,True,0,0,0,0,True,
000651.SZ,000651,000651,格力电器,主板,深市,主板,801110.SI,家用电器,801111.SI,白色家电,白色家电,L,19961118,10885,29.8,38.9,-0.205,9.211,False,True,True,0,0,0,0,True,
000652.SZ,000652,000652,泰达股份,主板,深市,主板,801230.SI,综合,801231.SI,综合Ⅱ,综合Ⅱ,L,19961128,10875,29.77,3.51,0.573,22.222,False,True,True,0,0,0,0,True,
000655.SZ,000655,000655,金岭矿业,主板,深市,主板,801040.SI,钢铁,801043.SI,冶钢原料,冶钢原料,L,19961128,10875,29.77,7.21,0.0,21.739,False,True,True,0,0,0,0,True,
000657.SZ,000657,000657,中钨高新,主板,深市,主板,801050.SI,有色金属,801054.SI,小金属,小金属,L,19961205,10868,29.75,60.0,4.094,13.793,False,True,True,0,0,0,0,True,
000659.SZ,000659,000659,珠海中富,主板,深市,主板,801140.SI,轻工制造,801141.SI,包装印刷,包装印刷,L,19961203,10870,29.76,2.99,2.749,14.286,False,True,True,0,0,0,0,True,
000661.SZ,000661,000661,长春高新,主板,深市,主板,801150.SI,医药生物,801152.SI,生物制品,生物制品,L,19961218,10855,29.72,73.08,-0.895,18.75,False,True,True,0,0,0,0,True,
000663.SZ,000663,000663,永安林业,主板,深市,主板,801010.SI,农林牧渔,801011.SI,林业Ⅱ,林业Ⅱ,L,19961206,10867,29.75,6.19,1.144,21.053,False,True,True,0,0,0,0,True,
000665.SZ,000665,000665,湖北广电,主板,深市,主板,801760.SI,传媒,801995.SI,电视广播Ⅱ,电视广播Ⅱ,L,19961210,10863,29.74,4.2,0.962,12.195,False,True,True,0,0,0,0,True,
000668.SZ,000668,000668,荣丰控股,主板,深市,主板,801180.SI,房地产,801181.SI,房地产开发,房地产开发,L,19961210,10863,29.74,21.68,-0.322,16.216,False,True,True,0,0,0,2,True,
000670.SZ,000670,000670,盈方微,主板,深市,主板,801080.SI,电子,801082.SI,其他电子Ⅱ,其他电子Ⅱ,L,19961217,10856,29.72,7.04,0.86,7.042,False,True,True,0,0,0,0,True,
000672.SZ,000672,000672,上峰材料,主板,深市,主板,801710.SI,建筑材料,801711.SI,水泥,水泥,L,19961218,10855,29.72,15.03,0.94,22.222,False,True,True,0,0,0,0,True,
000676.SZ,000676,000676,智度股份,主板,深市,主板,801760.SI,传媒,801765.SI,广告营销,广告营销,L,19961224,10849,29.7,7.08,-0.282,10.0,False,True,True,0,0,0,0,True,
000678.SZ,000678,000678,襄阳轴承,主板,深市,主板,801880.SI,汽车,801093.SI,汽车零部件,汽车零部件,L,19970106,10836,29.67,9.37,1.627,11.236,False,True,True,0,0,0,0,True,
000679.SZ,000679,000679,大连友谊,主板,深市,主板,801200.SI,商贸零售,801203.SI,一般零售,一般零售,L,19970124,10818,29.62,6.55,2.504,12.903,False,True,True,0,0,0,0,True,
000680.SZ,000680,000680,山推股份,主板,深市,主板,801890.SI,机械设备,801077.SI,工程机械,工程机械,L,19970122,10820,29.62,10.6,0.0,9.434,False,True,True,0,0,0,0,True,
000681.SZ,000681,000681,视觉中国,主板,深市,主板,801760.SI,传媒,801767.SI,数字媒体,数字媒体,L,19970121,10821,29.63,17.68,2.85,8.14,False,True,True,0,0,0,0,True,
000682.SZ,000682,000682,东方电子,主板,深市,主板,801730.SI,电力设备,801738.SI,电网设备,电网设备,L,19970121,10821,29.63,11.18,0.089,13.333,False,True,True,0,0,0,0,True,
000683.SZ,000683,000683,博源化工,主板,深市,主板,801030.SI,基础化工,801033.SI,化学原料,化学原料,L,19970131,10811,29.6,6.16,-3.297,6.557,False,True,True,0,0,0,0,True,
000685.SZ,000685,000685,中山公用,主板,深市,主板,801970.SI,环保,801971.SI,环境治理,环境治理,L,19970123,10819,29.62,11.34,-0.787,6.306,False,True,True,0,0,0,0,True,
000686.SZ,000686,000686,东北证券,主板,深市,主板,801790.SI,非银金融,801193.SI,证券Ⅱ,证券Ⅱ,L,19970227,10784,29.52,7.98,-1.603,7.407,False,True,True,0,0,0,0,True,
000688.SZ,000688,000688,国城矿业,主板,深市,主板,801050.SI,有色金属,801055.SI,工业金属,工业金属,L,19970120,10822,29.63,27.58,-1.324,21.795,False,True,True,0,0,0,0,True,
000690.SZ,000690,000690,宝新能源,主板,深市,主板,801160.SI,公用事业,801161.SI,电力,电力,L,19970128,10814,29.61,4.98,0.606,6.122,False,True,True,0,0,0,0,True,
000691.SZ,000691,000691,亚太实业,主板,深市,主板,801030.SI,基础化工,801033.SI,化学原料,化学原料,L,19970228,10783,29.52,10.06,0.1,7.843,False,True,True,0,0,0,2,True,
000692.SZ,000692,000692,惠天热电,主板,深市,主板,801160.SI,公用事业,801161.SI,电力,电力,L,19970227,10784,29.52,4.23,-0.937,6.977,False,True,True,0,0,0,0,True,
000695.SZ,000695,000695,滨海能源,主板,深市,主板,801730.SI,电力设备,801737.SI,电池,电池,L,19970218,10793,29.55,14.2,-2.001,9.524,False,True,True,0,0,0,0,True,
000697.SZ,000697,000697,炼石航空,主板,深市,主板,801740.SI,国防军工,801742.SI,航空装备Ⅱ,航空装备Ⅱ,L,19970325,10758,29.45,9.12,-0.545,34.483,False,True,True,0,0,0,2,True,
000700.SZ,000700,000700,模塑科技,主板,深市,主板,801880.SI,汽车,801093.SI,汽车零部件,汽车零部件,L,19970228,10783,29.52,11.7,5.405,6.957,False,True,True,0,0,0,0,True,
000701.SZ,000701,000701,厦门信达,主板,深市,主板,801880.SI,汽车,801092.SI,汽车服务,汽车服务,L,19970226,10785,29.53,5.21,-1.139,12.0,False,True,True,0,0,0,0,True,
000702.SZ,000702,000702,正虹科技,主板,深市,主板,801010.SI,农林牧渔,801014.SI,饲料,饲料,L,19970318,10765,29.47,6.42,2.556,24.561,False,True,True,0,0,0,0,True,
000703.SZ,000703,000703,恒逸石化,主板,深市,主板,801960.SI,石油石化,801963.SI,炼化及贸易,炼化及贸易,L,19970328,10755,29.45,17.69,-1.339,17.895,False,True,True,0,0,0,0,True,
000705.SZ,000705,000705,浙江震元,主板,深市,主板,801150.SI,医药生物,801154.SI,医药商业,医药商业,L,19970410,10742,29.41,7.27,0.832,12.857,False,True,True,0,0,0,0,True,
000707.SZ,000707,000707,双环科技,主板,深市,主板,801030.SI,基础化工,801033.SI,化学原料,化学原料,L,19970415,10737,29.4,4.67,0.647,13.043,False,True,True,0,0,0,0,True,
000708.SZ,000708,000708,中信特钢,主板,深市,主板,801040.SI,钢铁,801045.SI,特钢Ⅱ,特钢Ⅱ,L,19970326,10757,29.45,13.43,-1.177,27.66,False,True,True,0,0,0,0,True,
000709.SZ,000709,000709,河钢股份,主板,深市,主板,801040.SI,钢铁,801044.SI,普钢,普钢,L,19970416,10736,29.39,2.07,-1.429,14.286,False,True,True,0,0,0,0,True,
000710.SZ,000710,000710,贝瑞基因,主板,深市,主板,801150.SI,医药生物,801156.SI,医疗服务,医疗服务,L,19970422,10730,29.38,8.72,-0.343,8.791,False,True,True,0,0,0,0,True,
000712.SZ,000712,000712,锦龙股份,主板,深市,主板,801790.SI,非银金融,801193.SI,证券Ⅱ,证券Ⅱ,L,19970415,10737,29.4,12.35,0.0,7.2,False,True,True,0,0,0,0,True,
000713.SZ,000713,000713,国投丰乐,主板,深市,主板,801010.SI,农林牧渔,801016.SI,种植业,种植业,L,19970422,10730,29.38,6.79,3.664,13.846,False,True,True,0,0,0,0,True,
000715.SZ,000715,000715,中兴商业,主板,深市,主板,801200.SI,商贸零售,801203.SI,一般零售,一般零售,L,19970508,10714,29.33,5.78,1.761,16.981,False,True,True,0,0,0,0,True,
000716.SZ,000716,000716,黑芝麻,主板,深市,主板,801120.SI,食品饮料,801128.SI,休闲食品,休闲食品,L,19970418,10734,29.39,5.72,4.762,12.727,False,True,True,0,0,0,0,True,
000717.SZ,000717,000717,中南股份,主板,深市,主板,801040.SI,钢铁,801044.SI,普钢,普钢,L,19970508,10714,29.33,2.25,-0.881,18.182,False,True,True,0,0,0,0,True,
000718.SZ,000718,000718,苏宁环球,主板,深市,主板,801180.SI,房地产,801181.SI,房地产开发,房地产开发,L,19970408,10744,29.42,2.0,0.502,15.789,False,True,True,0,0,0,0,True,
000719.SZ,000719,000719,中原传媒,主板,深市,主板,801760.SI,传媒,801769.SI,出版,出版,L,19970331,10752,29.44,12.32,-1.203,10.744,False,True,True,0,0,0,0,True,
000720.SZ,000720,000720,新能泰山,主板,深市,主板,801730.SI,电力设备,801738.SI,电网设备,电网设备,L,19970509,10713,29.33,3.78,-1.047,7.895,False,True,True,0,0,0,0,True,
000721.SZ,000721,000721,西安饮食,主板,深市,主板,801210.SI,社会服务,801219.SI,酒店餐饮,酒店餐饮,L,19970430,10722,29.36,7.59,4.979,11.111,False,True,True,0,0,0,0,True,
000722.SZ,000722,000722,湖南发展,主板,深市,主板,801160.SI,公用事业,801161.SI,电力,电力,L,19970522,10700,29.3,13.16,-1.201,6.87,False,True,True,0,0,0,0,True,
000723.SZ,000723,000723,美锦能源,主板,深市,主板,801950.SI,煤炭,801952.SI,焦炭Ⅱ,焦炭Ⅱ,L,19970515,10707,29.31,3.73,-1.323,15.789,False,True,True,0,0,0,0,True,
000725.SZ,000725,000725,京东方A,主板,深市,主板,801080.SI,电子,801084.SI,光学光电子,光学光电子,L,20010112,9369,25.65,5.68,1.248,6.78,False,True,True,0,0,0,0,True,
000726.SZ,000726,000726,鲁泰A,主板,深市,主板,801130.SI,纺织服饰,801131.SI,纺织制造,纺织制造,L,20001225,9387,25.7,5.9,-0.169,15.254,False,True,True,0,0,0,0,True,
000727.SZ,000727,000727,冠捷科技,主板,深市,主板,801080.SI,电子,801084.SI,光学光电子,光学光电子,L,19970520,10702,29.3,2.26,0.0,17.391,False,True,True,0,0,0,0,True,
000728.SZ,000728,000728,国元证券,主板,深市,主板,801790.SI,非银金融,801193.SI,证券Ⅱ,证券Ⅱ,L,19970616,10675,29.23,7.72,-0.515,10.811,False,True,True,0,0,0,0,True,
000729.SZ,000729,000729,燕京啤酒,主板,深市,主板,801120.SI,食品饮料,801126.SI,非白酒,非白酒,L,19970716,10645,29.14,11.14,-1.153,16.949,False,True,True,0,0,0,0,True,
000731.SZ,000731,000731,四川美丰,主板,深市,主板,801030.SI,基础化工,801038.SI,农化制品,农化制品,L,19970617,10674,29.22,7.46,-0.267,22.857,False,True,True,0,0,0,0,True,
000733.SZ,000733,000733,振华科技,主板,深市,主板,801740.SI,国防军工,801745.SI,军工电子Ⅱ,军工电子Ⅱ,L,19970703,10658,29.18,40.42,0.348,9.677,False,True,True,0,0,0,0,True,
000735.SZ,000735,000735,罗牛山,主板,深市,主板,801010.SI,农林牧渔,801017.SI,养殖业,养殖业,L,19970611,10680,29.24,6.74,9.951,12.281,False,True,True,0,0,0,0,True,
000736.SZ,000736,000736,中交发展,主板,深市,主板,801180.SI,房地产,801181.SI,房地产开发,房地产开发,L,19970425,10727,29.37,4.71,0.0,8.696,False,True,True,0,0,0,2,True,
000737.SZ,000737,000737,北方铜业,主板,深市,主板,801050.SI,有色金属,801055.SI,工业金属,工业金属,L,19970428,10724,29.36,14.33,-0.139,6.757,False,True,True,0,0,0,0,True,
000738.SZ,000738,000738,航发控制,主板,深市,主板,801740.SI,国防军工,801742.SI,航空装备Ⅱ,航空装备Ⅱ,L,19970626,10665,29.2,19.28,-1.532,17.391,False,True,True,0,0,0,0,True,
000739.SZ,000739,000739,普洛药业,主板,深市,主板,801150.SI,医药生物,801151.SI,化学制药,化学制药,L,19970509,10713,29.33,22.3,-0.224,15.741,False,True,True,0,0,0,0,True,
000750.SZ,000750,000750,国海证券,主板,深市,主板,801790.SI,非银金融,801193.SI,证券Ⅱ,证券Ⅱ,L,19970709,10652,29.16,3.79,-1.302,5.263,False,True,True,0,0,0,0,True,
000751.SZ,000751,000751,锌业股份,主板,深市,主板,801050.SI,有色金属,801055.SI,工业金属,工业金属,L,19970626,10665,29.2,4.91,-0.808,3.846,False,True,True,0,0,0,0,True,
000753.SZ,000753,000753,漳州发展,主板,深市,主板,801230.SI,综合,801231.SI,综合Ⅱ,综合Ⅱ,L,19970626,10665,29.2,5.09,-1.738,10.417,False,True,True,0,0,0,0,True,
000755.SZ,000755,000755,山西高速,主板,深市,主板,801170.SI,交通运输,801179.SI,铁路公路,铁路公路,L,19970627,10664,29.2,4.87,2.096,12.5,False,True,True,0,0,0,0,True,
000756.SZ,000756,000756,新华制药,主板,深市,主板,801150.SI,医药生物,801151.SI,化学制药,化学制药,L,19970806,10624,29.09,13.16,-0.152,8.696,False,True,True,0,0,0,0,True,
000757.SZ,000757,000757,浩物股份,主板,深市,主板,801880.SI,汽车,801092.SI,汽车服务,汽车服务,L,19970627,10664,29.2,4.33,0.464,21.429,False,True,True,0,0,0,0,True,
000758.SZ,000758,000758,中色股份,主板,深市,主板,801050.SI,有色金属,801055.SI,工业金属,工业金属,L,19970416,10736,29.39,6.07,-1.78,12.903,False,True,True,0,0,0,0,True,
000759.SZ,000759,000759,中百集团,主板,深市,主板,801200.SI,商贸零售,801203.SI,一般零售,一般零售,L,19970519,10703,29.3,7.0,10.063,9.375,False,True,True,0,0,0,0,True,
000761.SZ,000761,000761,本钢板材,主板,深市,主板,801040.SI,钢铁,801044.SI,普钢,普钢,L,19980115,10462,28.64,2.3,-1.288,53.846,False,True,True,0,0,0,0,True,
000762.SZ,000762,000762,西藏矿业,主板,深市,主板,801050.SI,有色金属,801056.SI,能源金属,能源金属,L,19970708,10653,29.17,22.13,-0.225,10.345,False,True,True,0,0,0,0,True,
000766.SZ,000766,000766,通化金马,主板,深市,主板,801150.SI,医药生物,801151.SI,化学制药,化学制药,L,19970430,10722,29.36,16.77,1.821,9.639,False,True,True,0,0,0,0,True,
000767.SZ,000767,000767,晋控电力,主板,深市,主板,801160.SI,公用事业,801161.SI,电力,电力,L,19970609,10682,29.25,3.37,-0.296,14.286,False,True,True,0,0,0,0,True,
000768.SZ,000768,000768,中航西飞,主板,深市,主板,801740.SI,国防军工,801742.SI,航空装备Ⅱ,航空装备Ⅱ,L,19970626,10665,29.2,23.28,-1.772,16.279,False,True,True,0,0,0,0,True,
000776.SZ,000776,000776,广发证券,主板,深市,主板,801790.SI,非银金融,801193.SI,证券Ⅱ,证券Ⅱ,L,19970611,10680,29.24,21.81,-1.757,9.434,False,True,True,0,0,0,0,True,
000777.SZ,000777,000777,中核科技,主板,深市,主板,801890.SI,机械设备,801072.SI,通用设备,通用设备,L,19970710,10651,29.16,17.15,0.942,8.621,False,True,True,0,0,0,0,True,
000778.SZ,000778,000778,新兴铸管,主板,深市,主板,801040.SI,钢铁,801044.SI,普钢,普钢,L,19970606,10685,29.25,3.66,-1.348,16.216,False,True,True,0,0,0,0,True,
000779.SZ,000779,000779,甘咨询,主板,深市,主板,801720.SI,建筑装饰,801726.SI,工程咨询服务Ⅱ,工程咨询服务Ⅱ,L,19970528,10694,29.28,10.33,-2.547,7.692,False,True,True,0,0,0,0,True,
000782.SZ,000782,000782,恒申新材,主板,深市,主板,801030.SI,基础化工,801032.SI,化学纤维,化学纤维,L,19970619,10672,29.22,7.57,0.933,6.494,False,True,True,0,0,0,0,True,
000783.SZ,000783,000783,长江证券,主板,深市,主板,801790.SI,非银金融,801193.SI,证券Ⅱ,证券Ⅱ,L,19970731,10630,29.1,9.06,-2.16,7.778,False,True,True,0,0,0,0,True,
000785.SZ,000785,000785,居然智家,主板,深市,主板,801200.SI,商贸零售,801203.SI,一般零售,一般零售,L,19970711,10650,29.16,2.35,1.732,18.182,False,True,True,0,0,0,0,True,
000786.SZ,000786,000786,北新建材,主板,深市,主板,801710.SI,建筑材料,801713.SI,装修建材,装修建材,L,19970606,10685,29.25,16.3,0.123,35.135,False,True,True,0,0,0,0,True,
000788.SZ,000788,000788,北大医药,主板,深市,主板,801150.SI,医药生物,801151.SI,化学制药,化学制药,L,19970616,10675,29.23,5.53,0.181,7.143,False,True,True,0,0,0,0,True,
000789.SZ,000789,000789,万年青,主板,深市,主板,801710.SI,建筑材料,801711.SI,水泥,水泥,L,19970923,10576,28.96,4.13,-0.959,34.884,False,True,True,0,0,0,0,True,
000790.SZ,000790,000790,华神科技,主板,深市,主板,801150.SI,医药生物,801155.SI,中药Ⅱ,中药Ⅱ,L,19980327,10391,28.45,4.16,1.463,12.195,False,True,True,0,0,0,0,True,
000791.SZ,000791,000791,甘肃能源,主板,深市,主板,801160.SI,公用事业,801161.SI,电力,电力,L,19971014,10555,28.9,7.22,0.0,18.182,False,True,True,0,0,0,0,True,
000792.SZ,000792,000792,盐湖股份,主板,深市,主板,801030.SI,基础化工,801038.SI,农化制品,农化制品,L,19970904,10595,29.01,26.28,-1.388,17.143,False,True,True,0,0,0,0,True,
000795.SZ,000795,000795,英洛华,主板,深市,主板,801050.SI,有色金属,801051.SI,金属新材料,金属新材料,L,19970808,10622,29.08,8.46,-0.118,12.644,False,True,True,0,0,0,0,True,
000796.SZ,000796,000796,凯撒旅业,主板,深市,主板,801210.SI,社会服务,801993.SI,旅游及景区,旅游及景区,L,19970703,10658,29.18,4.5,2.975,11.628,False,True,True,0,0,0,0,True,
000797.SZ,000797,000797,中国武夷,主板,深市,主板,801180.SI,房地产,801181.SI,房地产开发,房地产开发,L,19970715,10646,29.15,2.6,0.775,12.5,False,True,True,0,0,0,0,True,
000798.SZ,000798,000798,中水渔业,主板,深市,主板,801010.SI,农林牧渔,801015.SI,渔业,渔业,L,19980212,10434,28.57,11.15,9.961,12.5,False,True,True,0,0,0,0,True,
000799.SZ,000799,000799,酒鬼酒,主板,深市,主板,801120.SI,食品饮料,801125.SI,白酒Ⅱ,白酒Ⅱ,L,19970718,10643,29.14,39.49,0.279,6.25,False,True,True,0,0,0,0,True,
000800.SZ,000800,000800,一汽解放,主板,深市,主板,801880.SI,汽车,801096.SI,商用车,商用车,L,19970618,10673,29.22,6.02,-0.987,18.182,False,True,True,0,0,0,0,True,
000801.SZ,000801,000801,四川九洲,主板,深市,主板,801110.SI,家用电器,801112.SI,黑色家电,黑色家电,L,19980506,10351,28.34,12.6,-0.631,15.254,False,True,True,0,0,0,0,True,
000802.SZ,000802,000802,北京文化,主板,深市,主板,801760.SI,传媒,801766.SI,影视院线,影视院线,L,19980108,10469,28.66,4.19,0.48,4.878,False,True,True,0,0,0,0,True,
000803.SZ,000803,000803,山高环能,主板,深市,主板,801970.SI,环保,801971.SI,环境治理,环境治理,L,19980303,10415,28.51,7.38,-0.94,13.889,False,True,True,0,0,0,0,True,
000807.SZ,000807,000807,云铝股份,主板,深市,主板,801050.SI,有色金属,801055.SI,工业金属,工业金属,L,19980408,10379,28.42,26.79,-0.594,9.091,False,True,True,0,0,0,0,True,
000809.SZ,000809,000809,和展能源,主板,深市,主板,801180.SI,房地产,801181.SI,房地产开发,房地产开发,L,19980616,10310,28.23,3.39,0.594,14.706,False,True,True,0,0,0,0,True,
000810.SZ,000810,000810,创维数字,主板,深市,主板,801110.SI,家用电器,801112.SI,黑色家电,黑色家电,L,19980602,10324,28.27,9.73,-0.205,25.0,False,True,True,0,0,0,0,True,
000811.SZ,000811,000811,冰轮环境,主板,深市,主板,801890.SI,机械设备,801072.SI,通用设备,通用设备,L,19980528,10329,28.28,37.88,4.641,12.5,False,True,True,0,0,0,0,True,
000812.SZ,000812,000812,陕西金叶,主板,深市,主板,801140.SI,轻工制造,801141.SI,包装印刷,包装印刷,L,19980623,10303,28.21,3.88,1.306,13.889,False,True,True,0,0,0,0,True,
000813.SZ,000813,000813,德展健康,主板,深市,主板,801150.SI,医药生物,801151.SI,化学制药,化学制药,L,19980519,10338,28.3,3.75,9.329,11.765,False,True,True,0,0,0,0,True,
000815.SZ,000815,000815,美利云,主板,深市,主板,801750.SI,计算机,801103.SI,IT服务Ⅱ,IT服务Ⅱ,L,19980609,10317,28.25,16.35,1.051,3.636,False,True,True,0,0,0,0,True,
000816.SZ,000816,000816,智慧农业,主板,深市,主板,801880.SI,汽车,801093.SI,汽车零部件,汽车零部件,L,19970818,10612,29.05,3.25,10.169,17.241,False,True,True,0,0,0,0,True,
000818.SZ,000818,000818,航锦科技,主板,深市,主板,801030.SI,基础化工,801033.SI,化学原料,化学原料,L,19971017,10552,28.89,12.24,0.0,12.903,False,True,True,0,0,0,0,True,
000819.SZ,000819,000819,岳阳兴长,主板,深市,主板,801960.SI,石油石化,801963.SI,炼化及贸易,炼化及贸易,L,19970625,10666,29.2,12.3,0.326,30.0,False,True,True,0,0,0,0,True,
000822.SZ,000822,000822,山东海化,主板,深市,主板,801030.SI,基础化工,801033.SI,化学原料,化学原料,L,19980703,10293,28.18,4.6,3.837,11.628,False,True,True,0,0,0,0,True,
000823.SZ,000823,000823,超声电子,主板,深市,主板,801080.SI,电子,801083.SI,元件,元件,L,19971008,10561,28.91,15.94,10.007,6.579,False,True,True,0,0,0,0,True,
000825.SZ,000825,000825,太钢不锈,主板,深市,主板,801040.SI,钢铁,801045.SI,特钢Ⅱ,特钢Ⅱ,L,19981021,10183,27.88,3.47,-1.421,45.946,False,True,True,0,0,0,0,True,
000828.SZ,000828,000828,东莞控股,主板,深市,主板,801170.SI,交通运输,801179.SI,铁路公路,铁路公路,L,19970617,10674,29.22,10.09,0.199,9.0,False,True,True,0,0,0,0,True,
000829.SZ,000829,000829,天音控股,主板,深市,主板,801200.SI,商贸零售,801204.SI,专业连锁Ⅱ,专业连锁Ⅱ,L,19971202,10506,28.76,9.05,0.556,9.302,False,True,True,0,0,0,0,True,
000830.SZ,000830,000830,鲁西化工,主板,深市,主板,801030.SI,基础化工,801033.SI,化学原料,化学原料,L,19980807,10258,28.08,12.44,-2.355,9.524,False,True,True,0,0,0,0,True,
000831.SZ,000831,000831,中国稀土,主板,深市,主板,801050.SI,有色金属,801054.SI,小金属,小金属,L,19980911,10223,27.99,55.82,-0.694,11.111,False,True,True,0,0,0,0,True,
000833.SZ,000833,000833,粤桂股份,主板,深市,主板,801230.SI,综合,801231.SI,综合Ⅱ,综合Ⅱ,L,19981111,10162,27.82,20.75,4.587,5.714,False,True,True,0,0,0,0,True,
000837.SZ,000837,000837,秦川机床,主板,深市,主板,801890.SI,机械设备,801072.SI,通用设备,通用设备,L,19980928,10206,27.94,10.04,1.826,13.462,False,True,True,0,0,0,0,True,
000839.SZ,000839,000839,国安股份,主板,深市,主板,801770.SI,通信,801223.SI,通信服务,通信服务,L,19971031,10538,28.85,2.83,2.909,10.714,False,True,True,0,0,0,0,True,
000848.SZ,000848,000848,承德露露,主板,深市,主板,801120.SI,食品饮料,801127.SI,饮料乳品,饮料乳品,L,19971113,10525,28.82,8.38,-0.475,9.524,False,True,True,0,0,0,0,True,
000850.SZ,000850,000850,华茂股份,主板,深市,主板,801130.SI,纺织服饰,801131.SI,纺织制造,纺织制造,L,19981007,10197,27.92,4.26,2.158,19.512,False,True,True,0,0,0,0,True,
000852.SZ,000852,000852,石化机械,主板,深市,主板,801890.SI,机械设备,801074.SI,专用设备,专用设备,L,19981126,10147,27.78,5.64,1.075,10.909,False,True,True,0,0,0,0,True,
000856.SZ,000856,000856,冀东装备,主板,深市,主板,801890.SI,机械设备,801074.SI,专用设备,专用设备,L,19980813,10252,28.07,8.73,0.345,19.277,False,True,True,0,0,0,0,True,
000858.SZ,000858,000858,五粮液,主板,深市,主板,801120.SI,食品饮料,801125.SI,白酒Ⅱ,白酒Ⅱ,L,19980427,10360,28.36,71.46,-0.722,44.0,False,True,True,0,0,0,0,True,
000859.SZ,000859,000859,国风新材,主板,深市,主板,801030.SI,基础化工,801036.SI,塑料,塑料,L,19981119,10154,27.8,8.9,-0.559,11.236,False,True,True,0,0,0,0,True,
000860.SZ,000860,000860,顺鑫农业,主板,深市,主板,801120.SI,食品饮料,801125.SI,白酒Ⅱ,白酒Ⅱ,L,19981104,10169,27.84,11.15,1.088,7.407,False,True,True,0,0,0,0,True,
000862.SZ,000862,000862,银星能源,主板,深市,主板,801160.SI,公用事业,801161.SI,电力,电力,L,19980915,10219,27.98,5.29,0.762,9.434,False,True,True,0,0,0,0,True,
000863.SZ,000863,000863,三湘印象,主板,深市,主板,801180.SI,房地产,801181.SI,房地产开发,房地产开发,L,19970925,10574,28.95,4.24,1.679,14.286,False,True,True,0,0,0,0,True,
000868.SZ,000868,000868,安凯客车,主板,深市,主板,801880.SI,汽车,801096.SI,商用车,商用车,L,19970725,10636,29.12,3.56,0.0,19.444,False,True,True,0,0,0,0,True,
000869.SZ,000869,000869,张裕A,主板,深市,主板,801120.SI,食品饮料,801126.SI,非白酒,非白酒,L,20001026,9447,25.86,16.37,0.368,28.571,False,True,True,0,0,0,0,True,
000875.SZ,000875,000875,电投绿能,主板,深市,主板,801160.SI,公用事业,801161.SI,电力,电力,L,20020926,8747,23.95,4.85,-0.206,28.846,False,True,True,0,0,0,0,True,
000876.SZ,000876,000876,新希望,主板,深市,主板,801010.SI,农林牧渔,801017.SI,养殖业,养殖业,L,19980311,10407,28.49,7.82,1.558,29.412,False,True,True,0,0,0,0,True,
000877.SZ,000877,000877,天山股份,主板,深市,主板,801710.SI,建筑材料,801711.SI,水泥,水泥,L,19990107,10105,27.67,3.73,0.0,56.522,False,True,True,0,0,0,0,True,
000878.SZ,000878,000878,云南铜业,主板,深市,主板,801050.SI,有色金属,801055.SI,工业金属,工业金属,L,19980602,10324,28.27,17.44,0.519,9.524,False,True,True,0,0,0,0,True,
000880.SZ,000880,000880,潍柴重机,主板,深市,主板,801880.SI,汽车,801093.SI,汽车零部件,汽车零部件,L,19980402,10385,28.43,25.57,5.226,8.75,False,True,True,0,0,0,0,True,
000881.SZ,000881,000881,中广核技,主板,深市,主板,801030.SI,基础化工,801034.SI,化学制品,化学制品,L,19980902,10232,28.01,6.71,1.054,24.242,False,True,True,0,0,0,0,True,
000882.SZ,000882,000882,华联股份,主板,深市,主板,801200.SI,商贸零售,801203.SI,一般零售,一般零售,L,19980616,10310,28.23,1.56,1.299,14.286,False,True,True,0,0,0,0,True,
000883.SZ,000883,000883,湖北能源,主板,深市,主板,801160.SI,公用事业,801161.SI,电力,电力,L,19980519,10338,28.3,4.48,-0.665,10.87,False,True,True,0,0,0,0,True,
000885.SZ,000885,000885,城发环境,主板,深市,主板,801970.SI,环保,801971.SI,环境治理,环境治理,L,19990319,10034,27.47,12.16,0.0,11.905,False,True,True,0,0,0,0,True,
000886.SZ,000886,000886,海南高速,主板,深市,主板,801170.SI,交通运输,801179.SI,铁路公路,铁路公路,L,19980123,10454,28.62,4.84,1.255,10.87,False,True,True,0,0,0,0,True,
000887.SZ,000887,000887,中鼎股份,主板,深市,主板,801880.SI,汽车,801093.SI,汽车零部件,汽车零部件,L,19981203,10140,27.76,21.32,3.696,9.434,False,True,True,0,0,0,0,True,
000888.SZ,000888,000888,峨眉山A,主板,深市,主板,801210.SI,社会服务,801993.SI,旅游及景区,旅游及景区,L,19971021,10548,28.88,10.56,2.524,10.0,False,True,True,0,0,0,0,True,
000889.SZ,000889,000889,中嘉博创,主板,深市,主板,801770.SI,通信,801223.SI,通信服务,通信服务,L,19971218,10490,28.72,3.95,-1.002,5.0,False,True,True,0,0,0,0,True,
000890.SZ,000890,000890,法尔胜,主板,深市,主板,801970.SI,环保,801972.SI,环保设备Ⅱ,环保设备Ⅱ,L,19990119,10093,27.63,8.33,-2.115,7.955,False,True,True,0,0,0,0,True,
000892.SZ,000892,000892,欢瑞世纪,主板,深市,主板,801760.SI,传媒,801766.SI,影视院线,影视院线,L,19990115,10097,27.64,5.86,4.83,7.143,False,True,True,0,0,0,0,True,
000893.SZ,000893,000893,亚钾国际,主板,深市,主板,801030.SI,基础化工,801038.SI,农化制品,农化制品,L,19981224,10119,27.7,45.58,-5.846,10.924,False,True,True,0,0,0,0,True,
000895.SZ,000895,000895,双汇发展,主板,深市,主板,801120.SI,食品饮料,801124.SI,食品加工,食品加工,L,19981210,10133,27.74,24.0,-0.703,14.516,False,True,True,0,0,0,0,True,
000897.SZ,000897,000897,津滨发展,主板,深市,主板,801180.SI,房地产,801181.SI,房地产开发,房地产开发,L,19990422,10000,27.38,1.88,0.0,11.111,False,True,True,0,0,0,0,True,
000898.SZ,000898,000898,鞍钢股份,主板,深市,主板,801040.SI,钢铁,801044.SI,普钢,普钢,L,19971225,10483,28.7,2.03,-1.456,38.095,False,True,True,0,0,0,0,True,
000899.SZ,000899,000899,赣能股份,主板,深市,主板,801160.SI,公用事业,801161.SI,电力,电力,L,19971126,10512,28.78,9.35,-0.426,17.757,False,True,True,0,0,0,0,True,
000900.SZ,000900,000900,现代投资,主板,深市,主板,801170.SI,交通运输,801179.SI,铁路公路,铁路公路,L,19990128,10084,27.61,3.67,0.273,10.811,False,True,True,0,0,0,0,True,
000901.SZ,000901,000901,航天科技,主板,深市,主板,801880.SI,汽车,801093.SI,汽车零部件,汽车零部件,L,19990401,10021,27.44,14.1,-1.053,9.929,False,True,True,0,0,0,0,True,
000902.SZ,000902,000902,新洋丰,主板,深市,主板,801030.SI,基础化工,801038.SI,农化制品,农化制品,L,19990408,10014,27.42,14.36,0.209,17.647,False,True,True,0,0,0,0,True,
000905.SZ,000905,000905,厦门港务,主板,深市,主板,801170.SI,交通运输,801992.SI,航运港口,航运港口,L,19990429,9993,27.36,9.13,-0.976,11.628,False,True,True,0,0,0,0,True,
000906.SZ,000906,000906,浙商中拓,主板,深市,主板,801170.SI,交通运输,801178.SI,物流,物流,L,19990707,9924,27.17,6.19,1.475,14.286,False,True,True,0,0,0,0,True,
000908.SZ,000908,000908,石药景峰,主板,深市,主板,801150.SI,医药生物,801151.SI,化学制药,化学制药,L,19990203,10078,27.59,6.32,1.12,12.121,False,True,True,0,0,0,2,True,
000910.SZ,000910,000910,大亚圣象,主板,深市,主板,801140.SI,轻工制造,801142.SI,家居用品,家居用品,L,19990630,9931,27.19,5.41,0.371,33.333,False,True,True,0,0,0,0,True,
000912.SZ,000912,000912,泸天化,主板,深市,主板,801030.SI,基础化工,801038.SI,农化制品,农化制品,L,19990603,9958,27.26,4.3,2.138,23.256,False,True,True,0,0,0,0,True,
000913.SZ,000913,000913,钱江摩托,主板,深市,主板,801880.SI,汽车,801881.SI,摩托车及其他,摩托车及其他,L,19990514,9978,27.32,11.16,-0.357,23.684,False,True,True,0,0,0,0,True,
000915.SZ,000915,000915,华特达因,主板,深市,主板,801150.SI,医药生物,801151.SI,化学制药,化学制药,L,19990609,9952,27.25,25.99,2.363,7.843,False,True,True,0,0,0,0,True,
000917.SZ,000917,000917,电广传媒,主板,深市,主板,801760.SI,传媒,801995.SI,电视广播Ⅱ,电视广播Ⅱ,L,19990325,10028,27.46,7.27,0.414,9.589,False,True,True,0,0,0,0,True,
000919.SZ,000919,000919,金陵药业,主板,深市,主板,801150.SI,医药生物,801151.SI,化学制药,化学制药,L,19991118,9790,26.8,6.6,0.61,9.091,False,True,True,0,0,0,0,True,
000920.SZ,000920,000920,沃顿科技,主板,深市,主板,801030.SI,基础化工,801036.SI,塑料,塑料,L,19990616,9945,27.23,11.31,-0.176,18.421,False,True,True,0,0,0,0,True,
000921.SZ,000921,000921,海信家电,主板,深市,主板,801110.SI,家用电器,801111.SI,白色家电,白色家电,L,19990713,9918,27.15,27.9,0.072,10.937,False,True,True,0,0,0,0,True,
000922.SZ,000922,000922,佳电股份,主板,深市,主板,801730.SI,电力设备,801731.SI,电机Ⅱ,电机Ⅱ,L,19990618,9943,27.22,12.02,-0.661,21.008,False,True,True,0,0,0,0,True,
000923.SZ,000923,000923,河钢资源,主板,深市,主板,801040.SI,钢铁,801043.SI,冶钢原料,冶钢原料,L,19990714,9917,27.15,16.52,1.288,15.385,False,True,True,0,0,0,0,True,
000925.SZ,000925,000925,众合科技,主板,深市,主板,801890.SI,机械设备,801076.SI,轨交设备Ⅱ,轨交设备Ⅱ,L,19990611,9950,27.24,8.63,1.172,10.345,False,True,True,0,0,0,0,True,
000926.SZ,000926,000926,福星股份,主板,深市,主板,801180.SI,房地产,801181.SI,房地产开发,房地产开发,L,19990618,9943,27.22,2.22,0.909,13.636,False,True,True,0,0,0,0,True,
000927.SZ,000927,000927,中国铁物,主板,深市,主板,801890.SI,机械设备,801076.SI,轨交设备Ⅱ,轨交设备Ⅱ,L,19990727,9904,27.12,2.49,-0.4,20.0,False,True,True,0,0,0,0,True,
000928.SZ,000928,000928,中钢国际,主板,深市,主板,801720.SI,建筑装饰,801724.SI,专业工程,专业工程,L,19990312,10041,27.49,5.42,-0.184,24.528,False,True,True,0,0,0,0,True,
000930.SZ,000930,000930,中粮科技,主板,深市,主板,801010.SI,农林牧渔,801012.SI,农产品加工,农产品加工,L,19990712,9919,27.16,5.3,2.913,24.0,False,True,True,0,0,0,0,True,
000931.SZ,000931,000931,中关村,主板,深市,主板,801150.SI,医药生物,801151.SI,化学制药,化学制药,L,19990712,9919,27.16,4.59,1.325,18.75,False,True,True,0,0,0,0,True,
000932.SZ,000932,000932,华菱钢铁,主板,深市,主板,801040.SI,钢铁,801044.SI,普钢,普钢,L,19990803,9897,27.1,3.57,-1.923,10.811,False,True,True,0,0,0,0,True,
000933.SZ,000933,000933,神火股份,主板,深市,主板,801050.SI,有色金属,801055.SI,工业金属,工业金属,L,19990831,9869,27.02,26.95,-1.498,10.606,False,True,True,0,0,0,0,True,
000935.SZ,000935,000935,四川双马,主板,深市,主板,801790.SI,非银金融,801191.SI,多元金融,多元金融,L,19990824,9876,27.04,21.66,0.0,22.581,False,True,True,0,0,0,0,True,
000936.SZ,000936,000936,华西股份,主板,深市,主板,801030.SI,基础化工,801032.SI,化学纤维,化学纤维,L,19990810,9890,27.08,5.66,1.434,17.544,False,True,True,0,0,0,0,True,
000937.SZ,000937,000937,冀中能源,主板,深市,主板,801950.SI,煤炭,801951.SI,煤炭开采,煤炭开采,L,19990909,9860,27.0,4.71,-2.887,12.245,False,True,True,0,0,0,0,True,
000938.SZ,000938,000938,紫光股份,主板,深市,主板,801750.SI,计算机,801103.SI,IT服务Ⅱ,IT服务Ⅱ,L,19991104,9804,26.84,35.37,0.283,10.811,False,True,True,0,0,0,0,True,
000948.SZ,000948,000948,南天信息,主板,深市,主板,801750.SI,计算机,801104.SI,软件开发,软件开发,L,19991014,9825,26.9,14.1,-2.692,8.276,False,True,True,0,0,0,0,True,
000949.SZ,000949,000949,新乡化纤,主板,深市,主板,801030.SI,基础化工,801032.SI,化学纤维,化学纤维,L,19991021,9818,26.88,7.57,-2.824,25.714,False,True,True,0,0,0,0,True,
000950.SZ,000950,000950,重药控股,主板,深市,主板,801150.SI,医药生物,801154.SI,医药商业,医药商业,L,19990916,9853,26.98,5.36,0.752,10.909,False,True,True,0,0,0,0,True,
000951.SZ,000951,000951,中国重汽,主板,深市,主板,801880.SI,汽车,801096.SI,商用车,商用车,L,19991125,9783,26.78,22.0,0.182,9.722,False,True,True,0,0,0,0,True,
000952.SZ,000952,000952,广济药业,主板,深市,主板,801150.SI,医药生物,801151.SI,化学制药,化学制药,L,19991112,9796,26.82,6.69,4.043,19.048,False,True,True,0,0,0,0,True,
000953.SZ,000953,000953,中哲精化,主板,深市,主板,801150.SI,医药生物,801151.SI,化学制药,化学制药,L,19991202,9776,26.77,6.16,1.149,13.333,False,True,True,0,0,0,0,True,
000955.SZ,000955,000955,欣龙控股,主板,深市,主板,801130.SI,纺织服饰,801131.SI,纺织制造,纺织制造,L,19991209,9769,26.75,4.27,0.708,14.286,False,True,True,0,0,0,0,True,
000957.SZ,000957,000957,中通客车,主板,深市,主板,801880.SI,汽车,801096.SI,商用车,商用车,L,20000113,9734,26.65,10.18,-2.021,5.882,False,True,True,0,0,0,0,True,
000958.SZ,000958,000958,电投产融,主板,深市,主板,801790.SI,非银金融,801191.SI,多元金融,多元金融,L,19991223,9755,26.71,5.27,0.381,21.311,False,True,True,0,0,0,0,True,
000959.SZ,000959,000959,首钢股份,主板,深市,主板,801040.SI,钢铁,801044.SI,普钢,普钢,L,19991216,9762,26.73,3.63,-2.419,39.474,False,True,True,0,0,0,0,True,
000960.SZ,000960,000960,锡业股份,主板,深市,主板,801050.SI,有色金属,801054.SI,小金属,小金属,L,20000221,9695,26.54,33.98,1.676,15.556,False,True,True,0,0,0,0,True,
000962.SZ,000962,000962,东方钽业,主板,深市,主板,801050.SI,有色金属,801054.SI,小金属,小金属,L,20000120,9727,26.63,53.7,4.434,8.824,False,True,True,0,0,0,0,True,
000963.SZ,000963,000963,华东医药,主板,深市,主板,801150.SI,医药生物,801151.SI,化学制药,化学制药,L,20000127,9720,26.61,27.2,-0.621,12.069,False,True,True,0,0,0,0,True,
000965.SZ,000965,000965,天保基建,主板,深市,主板,801180.SI,房地产,801181.SI,房地产开发,房地产开发,L,20000406,9650,26.42,3.33,-1.187,12.121,False,True,True,0,0,0,0,True,
000966.SZ,000966,000966,长源电力,主板,深市,主板,801160.SI,公用事业,801161.SI,电力,电力,L,20000316,9671,26.48,4.01,-0.249,16.667,False,True,True,0,0,0,0,True,
000967.SZ,000967,000967,盈峰环境,主板,深市,主板,801970.SI,环保,801972.SI,环保设备Ⅱ,环保设备Ⅱ,L,20000330,9657,26.44,8.07,0.248,15.116,False,True,True,0,0,0,0,True,
000968.SZ,000968,000968,蓝焰控股,主板,深市,主板,801960.SI,石油石化,801961.SI,油气开采Ⅱ,油气开采Ⅱ,L,20000622,9573,26.21,7.23,-0.823,8.333,False,True,True,0,0,0,0,True,
000969.SZ,000969,000969,安泰科技,主板,深市,主板,801050.SI,有色金属,801051.SI,金属新材料,金属新材料,L,20000529,9597,26.28,17.43,2.469,10.526,False,True,True,0,0,0,0,True,
000970.SZ,000970,000970,中科三环,主板,深市,主板,801050.SI,有色金属,801051.SI,金属新材料,金属新材料,L,20000420,9636,26.38,11.75,0.085,14.286,False,True,True,0,0,0,0,True,
000973.SZ,000973,000973,佛塑科技,主板,深市,主板,801030.SI,基础化工,801036.SI,塑料,塑料,L,20000525,9601,26.29,12.39,1.641,16.418,False,True,True,0,0,0,0,True,
000975.SZ,000975,000975,山金国际,主板,深市,主板,801050.SI,有色金属,801053.SI,贵金属,贵金属,L,20000608,9587,26.25,25.8,-1.714,23.077,False,True,True,0,0,0,0,True,
000977.SZ,000977,000977,浪潮信息,主板,深市,主板,801750.SI,计算机,801101.SI,计算机设备,计算机设备,L,20000608,9587,26.25,74.74,-3.834,15.152,False,True,True,0,0,0,0,True,
000978.SZ,000978,000978,桂林旅游,主板,深市,主板,801210.SI,社会服务,801993.SI,旅游及景区,旅游及景区,L,20000518,9608,26.31,7.28,9.97,18.75,False,True,True,0,0,0,0,True,
000980.SZ,000980,000980,众泰汽车,主板,深市,主板,801880.SI,汽车,801093.SI,汽车零部件,汽车零部件,L,20000616,9579,26.23,1.67,2.454,11.765,False,True,True,0,0,0,0,True,
000981.SZ,000981,000981,山子高科,主板,深市,主板,801880.SI,汽车,801093.SI,汽车零部件,汽车零部件,L,20000622,9573,26.21,2.68,0.752,11.111,False,True,True,0,0,0,0,True,
000983.SZ,000983,000983,山西焦煤,主板,深市,主板,801950.SI,煤炭,801951.SI,煤炭开采,煤炭开采,L,20000726,9539,26.12,6.62,-3.639,17.647,False,True,True,0,0,0,0,True,
000985.SZ,000985,000985,大庆华科,主板,深市,主板,801960.SI,石油石化,801963.SI,炼化及贸易,炼化及贸易,L,20000726,9539,26.12,18.03,4.159,17.857,False,True,True,0,0,0,0,True,
000987.SZ,000987,000987,越秀资本,主板,深市,主板,801790.SI,非银金融,801191.SI,多元金融,多元金融,L,20000718,9547,26.14,7.53,-2.081,16.667,False,True,True,0,0,0,0,True,
000988.SZ,000988,000988,华工科技,主板,深市,主板,801890.SI,机械设备,801078.SI,自动化设备,自动化设备,L,20000608,9587,26.25,101.91,6.6,8.772,False,True,True,0,0,0,0,True,
000989.SZ,000989,000989,九芝堂,主板,深市,主板,801150.SI,医药生物,801155.SI,中药Ⅱ,中药Ⅱ,L,20000628,9567,26.19,8.91,-0.224,6.593,False,True,True,0,0,0,0,True,
000990.SZ,000990,000990,诚志股份,主板,深市,主板,801030.SI,基础化工,801033.SI,化学原料,化学原料,L,20000706,9559,26.17,6.53,0.927,9.091,False,True,True,0,0,0,0,True,
000993.SZ,000993,000993,闽东电力,主板,深市,主板,801160.SI,公用事业,801161.SI,电力,电力,L,20000731,9534,26.1,10.46,-2.516,8.824,False,True,True,0,0,0,0,True,
000995.SZ,000995,000995,皇台酒业,主板,深市,主板,801120.SI,食品饮料,801125.SI,白酒Ⅱ,白酒Ⅱ,L,20000807,9527,26.08,11.56,0.873,6.306,False,True,True,0,0,0,0,True,
000997.SZ,000997,000997,新大陆,主板,深市,主板,801750.SI,计算机,801101.SI,计算机设备,计算机设备,L,20000807,9527,26.08,21.07,-2.454,17.647,False,True,True,0,0,0,0,True,
000998.SZ,000998,000998,隆平高科,主板,深市,主板,801010.SI,农林牧渔,801016.SI,种植业,种植业,L,20001211,9401,25.74,9.68,3.088,13.043,False,True,True,0,0,0,0,True,
000999.SZ,000999,000999,华润三九,主板,深市,主板,801150.SI,医药生物,801155.SI,中药Ⅱ,中药Ⅱ,L,20000309,9678,26.5,24.67,-0.924,15.873,False,True,True,0,0,0,0,True,
001201.SZ,001201,001201,东瑞股份,主板,深市,主板,801010.SI,农林牧渔,801017.SI,养殖业,养殖业,L,20210428,1958,5.36,13.09,1.947,13.333,False,True,True,0,0,0,0,True,
001202.SZ,001202,001202,炬申股份,主板,深市,主板,801170.SI,交通运输,801178.SI,物流,物流,L,20210429,1957,5.36,14.37,0.489,15.441,False,True,True,0,0,0,0,True,
001203.SZ,001203,001203,大中矿业,主板,深市,主板,801040.SI,钢铁,801043.SI,冶钢原料,冶钢原料,L,20210510,1946,5.33,25.81,-1.863,19.643,False,True,True,0,0,0,0,True,
001205.SZ,001205,001205,盛航股份,主板,深市,主板,801170.SI,交通运输,801992.SI,航运港口,航运港口,L,20210513,1943,5.32,14.6,-0.341,8.451,False,True,True,0,0,0,0,True,
001206.SZ,001206,001206,依依股份,主板,深市,主板,801980.SI,美容护理,801981.SI,个护用品,个护用品,L,20210518,1938,5.31,17.03,2.16,5.455,False,True,True,0,0,0,0,True,
001207.SZ,001207,001207,联科科技,主板,深市,主板,801030.SI,基础化工,801037.SI,橡胶,橡胶,L,20210623,1902,5.21,17.51,-0.171,16.071,False,True,True,0,0,0,0,True,
001208.SZ,001208,001208,华菱线缆,主板,深市,主板,801730.SI,电力设备,801738.SI,电网设备,电网设备,L,20210624,1901,5.2,14.37,-3.232,9.655,False,True,True,0,0,0,0,True,
001209.SZ,001209,001209,洪兴股份,主板,深市,主板,801130.SI,纺织服饰,801132.SI,服装家纺,服装家纺,L,20210723,1872,5.13,18.54,0.597,18.391,False,True,True,0,0,0,0,True,
001210.SZ,001210,001210,金房能源,主板,深市,主板,801160.SI,公用事业,801161.SI,电力,电力,L,20210729,1866,5.11,28.29,0.533,8.247,False,True,True,0,0,0,0,True,
001211.SZ,001211,001211,双枪科技,主板,深市,主板,801140.SI,轻工制造,801142.SI,家居用品,家居用品,L,20210805,1859,5.09,24.27,4.838,6.78,False,True,True,0,0,0,0,True,
001212.SZ,001212,001212,中旗新材,主板,深市,主板,801710.SI,建筑材料,801713.SI,装修建材,装修建材,L,20210823,1841,5.04,33.42,-0.269,10.588,False,True,True,0,0,0,0,True,
001213.SZ,001213,001213,中铁特货,主板,深市,主板,801170.SI,交通运输,801179.SI,铁路公路,铁路公路,L,20210908,1825,5.0,3.53,-0.282,20.0,False,True,True,0,0,0,0,True,
001215.SZ,001215,001215,千味央厨,主板,深市,主板,801120.SI,食品饮料,801124.SI,食品加工,食品加工,L,20210906,1827,5.0,30.86,0.685,14.286,False,True,True,0,0,0,0,True,
001216.SZ,001216,001216,华瓷股份,主板,深市,主板,801140.SI,轻工制造,801142.SI,家居用品,家居用品,L,20211019,1784,4.88,15.06,0.601,12.925,False,True,True,0,0,0,0,True,
001217.SZ,001217,001217,华尔泰,主板,深市,主板,801030.SI,基础化工,801033.SI,化学原料,化学原料,L,20210929,1804,4.94,10.39,0.193,21.212,False,True,True,0,0,0,0,True,
001218.SZ,001218,001218,丽臣实业,主板,深市,主板,801030.SI,基础化工,801034.SI,化学制品,化学制品,L,20211015,1788,4.9,23.78,-0.751,12.5,False,True,True,0,0,0,0,True,
001219.SZ,001219,001219,青岛食品,主板,深市,主板,801120.SI,食品饮料,801128.SI,休闲食品,休闲食品,L,20211021,1782,4.88,13.23,2.558,10.156,False,True,True,0,0,0,0,True,
001222.SZ,001222,001222,源飞宠物,主板,深市,主板,801140.SI,轻工制造,801145.SI,文娱用品,文娱用品,L,20220818,1481,4.05,16.99,5.528,15.789,False,True,True,0,0,0,0,True,
001223.SZ,001223,001223,欧克科技,主板,深市,主板,801890.SI,机械设备,801078.SI,自动化设备,自动化设备,L,20221212,1365,3.74,41.36,7.067,9.774,False,True,True,0,0,0,0,True,
001225.SZ,001225,001225,和泰机电,主板,深市,主板,801890.SI,机械设备,801074.SI,专用设备,专用设备,L,20230222,1293,3.54,47.69,0.654,6.522,False,True,True,0,0,0,0,True,
001226.SZ,001226,001226,拓山重工,主板,深市,主板,801890.SI,机械设备,801077.SI,工程机械,工程机械,L,20220622,1538,4.21,46.95,-0.991,17.532,False,True,True,0,0,0,0,True,
001227.SZ,001227,001227,兰州银行,主板,深市,主板,801780.SI,银行,801784.SI,城商行Ⅱ,城商行Ⅱ,L,20220117,1694,4.64,2.14,-0.926,4.762,False,True,True,0,0,0,0,True,
001228.SZ,001228,001228,永泰运,主板,深市,主板,801170.SI,交通运输,801178.SI,物流,物流,L,20220429,1592,4.36,31.01,3.851,11.189,False,True,True,0,0,0,0,True,
001229.SZ,001229,001229,魅视科技,主板,深市,主板,801750.SI,计算机,801101.SI,计算机设备,计算机设备,L,20220808,1491,4.08,38.89,10.014,21.939,False,True,True,0,0,0,0,True,
001230.SZ,001230,001230,劲旅环境,主板,深市,主板,801970.SI,环保,801971.SI,环境治理,环境治理,L,20220715,1515,4.15,19.74,0.407,13.146,False,True,True,0,0,0,0,True,
001231.SZ,001231,001231,农心科技,主板,深市,主板,801030.SI,基础化工,801038.SI,农化制品,农化制品,L,20220819,1480,4.05,22.28,2.673,18.868,False,True,True,0,0,0,0,True,
001234.SZ,001234,001234,泰慕士,主板,深市,主板,801130.SI,纺织服饰,801132.SI,服装家纺,服装家纺,L,20220111,1700,4.65,23.23,-0.172,20.27,False,True,True,0,0,0,0,True,
001236.SZ,001236,001236,弘业期货,主板,深市,主板,801790.SI,非银金融,801191.SI,多元金融,多元金融,L,20220805,1494,4.09,8.02,-1.595,14.474,False,True,True,0,0,0,0,True,
001238.SZ,001238,001238,浙江正特,主板,深市,主板,801140.SI,轻工制造,801145.SI,文娱用品,文娱用品,L,20220919,1449,3.97,25.17,1.41,39.344,False,True,True,0,0,0,0,True,
001239.SZ,001239,001239,永达股份,主板,深市,主板,801890.SI,机械设备,801077.SI,工程机械,工程机械,L,20231212,1000,2.74,12.18,0.661,9.322,False,True,True,0,0,0,0,True,
001255.SZ,001255,001255,博菲电气,主板,深市,主板,801030.SI,基础化工,801036.SI,塑料,塑料,L,20220930,1438,3.94,27.13,0.185,21.429,False,True,True,0,0,0,0,True,
001256.SZ,001256,001256,炜冈科技,主板,深市,主板,801890.SI,机械设备,801074.SI,专用设备,专用设备,L,20221205,1372,3.76,22.57,0.939,19.828,False,True,True,0,0,0,0,True,
001258.SZ,001258,001258,立新能源,主板,深市,主板,801160.SI,公用事业,801161.SI,电力,电力,L,20220727,1503,4.11,12.2,-0.732,13.008,False,True,True,0,0,0,0,True,
001259.SZ,001259,001259,利仁科技,主板,深市,主板,801110.SI,家用电器,801113.SI,小家电,小家电,L,20220831,1468,4.02,46.8,2.97,7.692,False,True,True,0,0,0,0,True,
001260.SZ,001260,001260,坤泰股份,主板,深市,主板,801880.SI,汽车,801093.SI,汽车零部件,汽车零部件,L,20230216,1299,3.56,18.65,1.857,12.088,False,True,True,0,0,0,0,True,
001266.SZ,001266,001266,宏英智能,主板,深市,主板,801890.SI,机械设备,801078.SI,自动化设备,自动化设备,L,20220228,1652,4.52,33.3,-0.656,5.31,False,True,True,0,0,0,0,True,
001267.SZ,001267,001267,汇绿生态,主板,深市,主板,801720.SI,建筑装饰,801723.SI,基础建设,基础建设,L,20211117,1755,4.8,38.71,10.003,11.579,False,True,True,0,0,0,0,True,
001268.SZ,001268,001268,联合精密,主板,深市,主板,801110.SI,家用电器,801116.SI,家电零部件Ⅱ,家电零部件Ⅱ,L,20220630,1530,4.19,26.02,5.089,13.095,False,True,True,0,0,0,0,True,
001269.SZ,001269,001269,欧晶科技,主板,深市,主板,801730.SI,电力设备,801735.SI,光伏设备,光伏设备,L,20220930,1438,3.94,19.41,0.936,18.085,False,True,True,0,0,0,0,True,
001270.SZ,001270,001270,铖昌科技,主板,深市,主板,801740.SI,国防军工,801745.SI,军工电子Ⅱ,军工电子Ⅱ,L,20220606,1554,4.25,96.76,0.676,18.824,False,True,True,0,0,0,2,True,
001277.SZ,001277,001277,速达股份,主板,深市,主板,801890.SI,机械设备,801074.SI,专用设备,专用设备,L,20240903,734,2.01,30.79,0.195,4.762,False,True,True,0,0,0,0,True,
001278.SZ,001278,001278,一彬科技,主板,深市,主板,801880.SI,汽车,801093.SI,汽车零部件,汽车零部件,L,20230308,1279,3.5,16.1,-4.11,12.27,False,True,True,0,0,0,0,True,
001282.SZ,001282,001282,三联锻造,主板,深市,主板,801880.SI,汽车,801093.SI,汽车零部件,汽车零部件,L,20230524,1202,3.29,16.02,0.818,11.95,False,True,True,0,0,0,0,True,
001283.SZ,001283,001283,豪鹏科技,主板,深市,主板,801730.SI,电力设备,801737.SI,电池,电池,L,20220905,1463,4.01,50.02,0.563,15.789,False,True,True,0,0,0,0,True,
001286.SZ,001286,001286,陕西能源,主板,深市,主板,801160.SI,公用事业,801161.SI,电力,电力,L,20230410,1246,3.41,9.45,-1.357,12.621,False,True,True,0,0,0,0,True,
001287.SZ,001287,001287,中电港,主板,深市,主板,801080.SI,电子,801082.SI,其他电子Ⅱ,其他电子Ⅱ,L,20230410,1246,3.41,22.55,1.898,8.811,False,True,True,0,0,0,0,True,
001288.SZ,001288,001288,运机集团,主板,深市,主板,801890.SI,机械设备,801074.SI,专用设备,专用设备,L,20211101,1771,4.85,30.28,5.358,12.766,False,True,True,0,0,0,0,True,
001289.SZ,001289,001289,龙源电力,主板,深市,主板,801160.SI,公用事业,801161.SI,电力,电力,L,20220124,1687,4.62,15.12,-0.461,24.277,False,True,True,0,0,0,0,True,
001296.SZ,001296,001296,长江材料,主板,深市,主板,801030.SI,基础化工,801039.SI,非金属材料Ⅱ,非金属材料Ⅱ,L,20211224,1718,4.7,22.0,10.0,9.0,False,True,True,0,0,0,0,True,
001298.SZ,001298,001298,好上好,主板,深市,主板,801080.SI,电子,801082.SI,其他电子Ⅱ,其他电子Ⅱ,L,20221031,1407,3.85,18.09,0.5,15.084,False,True,True,0,0,0,0,True,
001299.SZ,001299,001299,美能能源,主板,深市,主板,801160.SI,公用事业,801163.SI,燃气Ⅱ,燃气Ⅱ,L,20221031,1407,3.85,10.85,-7.265,19.444,False,True,True,0,0,0,0,True,
001300.SZ,001300,001300,三柏硕,主板,深市,主板,801140.SI,轻工制造,801145.SI,文娱用品,文娱用品,L,20221019,1419,3.89,12.17,-1.458,22.124,False,True,True,0,0,0,0,True,
001301.SZ,001301,001301,尚太科技,主板,深市,主板,801730.SI,电力设备,801737.SI,电池,电池,L,20221228,1349,3.69,54.01,-3.104,17.187,False,True,True,0,0,0,0,True,
001306.SZ,001306,001306,夏厦精密,主板,深市,主板,801890.SI,机械设备,801072.SI,通用设备,通用设备,L,20231116,1026,2.81,55.28,0.802,6.667,False,True,True,0,0,0,0,True,
001308.SZ,001308,001308,康冠科技,主板,深市,主板,801080.SI,电子,801084.SI,光学光电子,光学光电子,L,20220318,1634,4.47,17.79,0.113,17.347,False,True,True,0,0,0,0,True,
001309.SZ,001309,001309,德明利,主板,深市,主板,801080.SI,电子,801081.SI,半导体,半导体,L,20220701,1529,4.19,403.98,3.24,8.333,False,True,True,0,0,0,0,True,
001311.SZ,001311,001311,多利科技,主板,深市,主板,801880.SI,汽车,801093.SI,汽车零部件,汽车零部件,L,20230227,1288,3.53,18.03,4.643,13.793,False,True,True,0,0,0,0,True,
001313.SZ,001313,001313,粤海饲料,主板,深市,主板,801010.SI,农林牧渔,801014.SI,饲料,饲料,L,20220216,1664,4.56,8.03,4.151,10.256,False,True,True,0,0,0,0,True,
001314.SZ,001314,001314,亿道信息,主板,深市,主板,801080.SI,电子,801085.SI,消费电子,消费电子,L,20230214,1301,3.56,51.43,0.371,12.261,False,True,True,0,0,0,0,True,
001316.SZ,001316,001316,润贝航科,主板,深市,主板,801960.SI,石油石化,801963.SI,炼化及贸易,炼化及贸易,L,20220624,1536,4.21,29.62,-1.855,24.444,False,True,True,0,0,0,0,True,
001317.SZ,001317,001317,三羊马,主板,深市,主板,801170.SI,交通运输,801179.SI,铁路公路,铁路公路,L,20211130,1742,4.77,53.87,0.056,6.742,False,True,True,0,0,0,0,True,
001318.SZ,001318,001318,阳光乳业,主板,深市,主板,801120.SI,食品饮料,801127.SI,饮料乳品,饮料乳品,L,20220520,1571,4.3,12.06,2.464,14.035,False,True,True,0,0,0,0,True,
001319.SZ,001319,001319,铭科精技,主板,深市,主板,801880.SI,汽车,801093.SI,汽车零部件,汽车零部件,L,20220512,1579,4.32,20.16,0.249,11.224,False,True,True,0,0,0,0,True,
001322.SZ,001322,001322,箭牌家居,主板,深市,主板,801140.SI,轻工制造,801142.SI,家居用品,家居用品,L,20221026,1412,3.87,6.51,0.308,27.419,False,True,True,0,0,0,0,True,
001323.SZ,001323,001323,慕思股份,主板,深市,主板,801140.SI,轻工制造,801142.SI,家居用品,家居用品,L,20220623,1537,4.21,18.75,-1.781,21.053,False,True,True,0,0,0,0,True,
001324.SZ,001324,001324,长青科技,主板,深市,主板,801890.SI,机械设备,801076.SI,轨交设备Ⅱ,轨交设备Ⅱ,L,20230522,1204,3.3,19.88,3.434,8.808,False,True,True,0,0,0,0,True,
001326.SZ,001326,001326,联域股份,主板,深市,主板,801110.SI,家用电器,801115.SI,照明设备Ⅱ,照明设备Ⅱ,L,20231109,1033,2.83,72.21,2.527,9.497,False,True,True,0,0,0,0,True,
001328.SZ,001328,001328,登康口腔,主板,深市,主板,801980.SI,美容护理,801981.SI,个护用品,个护用品,L,20230410,1246,3.41,30.52,0.693,12.162,False,True,True,0,0,0,0,True,
001330.SZ,001330,001330,博纳影业,主板,深市,主板,801760.SI,传媒,801766.SI,影视院线,影视院线,L,20220818,1481,4.05,6.35,10.052,6.78,False,True,True,0,0,0,0,True,
001332.SZ,001332,001332,锡装股份,主板,深市,主板,801890.SI,机械设备,801074.SI,专用设备,专用设备,L,20220920,1448,3.96,27.09,-0.733,12.676,False,True,True,0,0,0,0,True,
001333.SZ,001333,001333,光华股份,主板,深市,主板,801030.SI,基础化工,801036.SI,塑料,塑料,L,20221208,1369,3.75,20.19,0.648,16.749,False,True,True,0,0,0,0,True,
001336.SZ,001336,001336,楚环科技,主板,深市,主板,801970.SI,环保,801972.SI,环保设备Ⅱ,环保设备Ⅱ,L,20220725,1505,4.12,18.54,-0.269,15.217,False,True,True,0,0,0,0,True,
001337.SZ,001337,001337,四川黄金,主板,深市,主板,801050.SI,有色金属,801053.SI,贵金属,贵金属,L,20230303,1284,3.52,51.23,-3.703,12.5,False,True,True,0,0,0,0,True,
001338.SZ,001338,001338,永顺泰,主板,深市,主板,801010.SI,农林牧渔,801012.SI,农产品加工,农产品加工,L,20221116,1391,3.81,9.39,1.844,8.989,False,True,True,0,0,0,0,True,
001339.SZ,001339,001339,智微智能,主板,深市,主板,801750.SI,计算机,801101.SI,计算机设备,计算机设备,L,20220815,1484,4.06,76.7,2.843,10.0,False,True,True,0,0,0,0,True,
001358.SZ,001358,001358,兴欣新材,主板,深市,主板,801030.SI,基础化工,801034.SI,化学制品,化学制品,L,20231221,991,2.71,24.17,1.172,7.059,False,True,True,0,0,0,0,True,
001359.SZ,001359,001359,平安电工,主板,深市,主板,801030.SI,基础化工,801036.SI,塑料,塑料,L,20240328,893,2.44,83.51,4.689,10.448,False,True,True,0,0,0,0,True,
001360.SZ,001360,001360,南矿集团,主板,深市,主板,801890.SI,机械设备,801074.SI,专用设备,专用设备,L,20230410,1246,3.41,19.2,3.17,10.989,False,True,True,0,0,0,0,True,
001366.SZ,001366,001366,播恩集团,主板,深市,主板,801010.SI,农林牧渔,801014.SI,饲料,饲料,L,20230307,1280,3.5,15.8,10.028,15.267,False,True,True,0,0,0,0,True,
001367.SZ,001367,001367,海森药业,主板,深市,主板,801150.SI,医药生物,801151.SI,化学制药,化学制药,L,20230410,1246,3.41,20.42,0.147,13.793,False,True,True,0,0,0,0,True,
001368.SZ,001368,001368,通达创智,主板,深市,主板,801140.SI,轻工制造,801145.SI,文娱用品,文娱用品,L,20230313,1274,3.49,24.09,0.879,19.91,False,True,True,0,0,0,0,True,
001373.SZ,001373,001373,翔腾新材,主板,深市,主板,801080.SI,电子,801084.SI,光学光电子,光学光电子,L,20230601,1194,3.27,29.14,1.639,10.563,False,True,True,0,0,0,0,True,
001376.SZ,001376,001376,百通能源,主板,深市,主板,801160.SI,公用事业,801161.SI,电力,电力,L,20231103,1039,2.84,11.64,0.605,7.018,False,True,True,0,0,0,0,True,
001378.SZ,001378,001378,德冠新材,主板,深市,主板,801030.SI,基础化工,801036.SI,塑料,塑料,L,20231030,1043,2.86,20.11,1.208,5.882,False,True,True,0,0,0,0,True,
001379.SZ,001379,001379,腾达科技,主板,深市,主板,801890.SI,机械设备,801072.SI,通用设备,通用设备,L,20240119,962,2.63,16.09,-0.186,6.832,False,True,True,0,0,0,0,True,
001380.SZ,001380,001380,华纬科技,主板,深市,主板,801880.SI,汽车,801093.SI,汽车零部件,汽车零部件,L,20230516,1210,3.31,17.92,-0.167,14.634,False,True,True,0,0,0,0,True,
001387.SZ,001387,001387,雪祺电气,主板,深市,主板,801110.SI,家用电器,801111.SI,白色家电,白色家电,L,20240111,970,2.66,12.11,1.085,10.0,False,True,True,0,0,0,0,True,
001389.SZ,001389,001389,广合科技,主板,深市,主板,801080.SI,电子,801083.SI,元件,元件,L,20240402,888,2.43,167.88,9.999,10.204,False,True,True,0,0,0,0,True,
001696.SZ,001696,001696,宗申动力,主板,深市,主板,801890.SI,机械设备,801072.SI,通用设备,通用设备,L,19970306,10777,29.51,16.48,0.243,9.259,False,True,True,0,0,0,0,True,
001872.SZ,001872,001872,招商港口,主板,深市,主板,801170.SI,交通运输,801992.SI,航运港口,航运港口,L,19930505,12178,33.34,23.19,-2.44,23.077,False,True,True,0,0,0,0,True,
001896.SZ,001896,001896,豫能控股,主板,深市,主板,801160.SI,公用事业,801161.SI,电力,电力,L,19980122,10455,28.62,11.57,0.26,16.393,False,True,True,0,0,0,0,True,
001914.SZ,001914,001914,招商积余,主板,深市,主板,801180.SI,房地产,801183.SI,房地产服务,房地产服务,L,19940928,11667,31.94,9.07,-1.198,22.727,False,True,True,0,0,0,0,True,
001965.SZ,001965,001965,招商公路,主板,深市,主板,801170.SI,交通运输,801179.SI,铁路公路,铁路公路,L,20171225,3178,8.7,9.78,-0.204,29.167,False,True,True,0,0,0,0,True,
001979.SZ,001979,001979,招商蛇口,主板,深市,主板,801180.SI,房地产,801181.SI,房地产开发,房地产开发,L,20151230,3904,10.69,6.89,-1.148,35.211,False,True,True,0,0,0,0,True,
002001.SZ,002001,002001,新和成,主板,深市,主板,801030.SI,基础化工,801034.SI,化学制品,化学制品,L,20040625,8109,22.2,26.51,-1.303,16.216,False,True,True,0,0,0,0,True,
002003.SZ,002003,002003,伟星股份,主板,深市,主板,801130.SI,纺织服饰,801131.SI,纺织制造,纺织制造,L,20040625,8109,22.2,11.55,-5.56,25.962,False,True,True,0,0,0,0,True,
002004.SZ,002004,002004,华邦健康,主板,深市,主板,801150.SI,医药生物,801151.SI,化学制药,化学制药,L,20040625,8109,22.2,4.44,-0.225,9.091,False,True,True,0,0,0,0,True,
002006.SZ,002006,002006,精工科技,主板,深市,主板,801890.SI,机械设备,801074.SI,专用设备,专用设备,L,20040625,8109,22.2,14.29,5.852,17.391,False,True,True,0,0,0,0,True,
002007.SZ,002007,002007,华兰生物,主板,深市,主板,801150.SI,医药生物,801152.SI,生物制品,生物制品,L,20040625,8109,22.2,13.05,0.077,15.789,False,True,True,0,0,0,0,True,
002008.SZ,002008,002008,大族激光,主板,深市,主板,801890.SI,机械设备,801078.SI,自动化设备,自动化设备,L,20040625,8109,22.2,93.77,6.958,10.345,False,True,True,0,0,0,0,True,
002009.SZ,002009,002009,天奇股份,主板,深市,主板,801890.SI,机械设备,801074.SI,专用设备,专用设备,L,20040629,8105,22.19,16.35,0.307,11.905,False,True,True,0,0,0,0,True,
002010.SZ,002010,002010,传化智联,主板,深市,主板,801170.SI,交通运输,801178.SI,物流,物流,L,20040629,8105,22.19,4.69,2.402,25.0,False,True,True,0,0,0,0,True,
002011.SZ,002011,002011,盾安环境,主板,深市,主板,801110.SI,家用电器,801116.SI,家电零部件Ⅱ,家电零部件Ⅱ,L,20040705,8099,22.17,11.94,10.046,16.981,False,True,True,0,0,0,0,True,
002012.SZ,002012,002012,凯恩股份,主板,深市,主板,801140.SI,轻工制造,801143.SI,造纸,造纸,L,20040705,8099,22.17,7.2,1.695,19.403,False,True,True,0,0,0,0,True,
002014.SZ,002014,002014,永新股份,主板,深市,主板,801140.SI,轻工制造,801141.SI,包装印刷,包装印刷,L,20040708,8096,22.17,11.51,-0.26,10.0,False,True,True,0,0,0,0,True,
002015.SZ,002015,002015,协鑫能科,主板,深市,主板,801160.SI,公用事业,801161.SI,电力,电力,L,20040708,8096,22.17,17.19,0.117,9.412,False,True,True,0,0,0,0,True,
002016.SZ,002016,002016,世荣兆业,主板,深市,主板,801180.SI,房地产,801181.SI,房地产开发,房地产开发,L,20040708,8096,22.17,4.72,-0.632,17.778,False,True,True,0,0,0,0,True,
002017.SZ,002017,002017,东信和平,主板,深市,主板,801770.SI,通信,801102.SI,通信设备,通信设备,L,20040713,8091,22.15,16.35,-4.162,7.317,False,True,True,0,0,0,0,True,
002019.SZ,002019,002019,亿帆医药,主板,深市,主板,801150.SI,医药生物,801151.SI,化学制药,化学制药,L,20040713,8091,22.15,9.69,0.414,8.824,False,True,True,0,0,0,0,True,
002020.SZ,002020,002020,京新药业,主板,深市,主板,801150.SI,医药生物,801151.SI,化学制药,化学制药,L,20040715,8089,22.15,11.84,-6.625,13.043,False,True,True,0,0,0,0,True,
002021.SZ,002021,002021,中捷资源,主板,深市,主板,801890.SI,机械设备,801074.SI,专用设备,专用设备,L,20040715,8089,22.15,2.69,0.749,11.538,False,True,True,0,0,0,0,True,
002022.SZ,002022,002022,科华生物,主板,深市,主板,801150.SI,医药生物,801153.SI,医疗器械,医疗器械,L,20040721,8083,22.13,5.77,0.698,15.385,False,True,True,0,0,0,0,True,
002023.SZ,002023,002023,海特高新,主板,深市,主板,801740.SI,国防军工,801742.SI,航空装备Ⅱ,航空装备Ⅱ,L,20040721,8083,22.13,9.71,0.0,11.765,False,True,True,0,0,0,0,True,
002025.SZ,002025,002025,航天电器,主板,深市,主板,801740.SI,国防军工,801745.SI,军工电子Ⅱ,军工电子Ⅱ,L,20040726,8078,22.12,67.4,5.017,8.333,False,True,True,0,0,0,0,True,
002026.SZ,002026,002026,山东威达,主板,深市,主板,801890.SI,机械设备,801072.SI,通用设备,通用设备,L,20040727,8077,22.11,12.36,8.042,18.333,False,True,True,0,0,0,0,True,
002027.SZ,002027,002027,分众传媒,主板,深市,主板,801760.SI,传媒,801765.SI,广告营销,广告营销,L,20040804,8069,22.09,4.88,0.0,16.0,False,True,True,0,0,0,0,True,
002028.SZ,002028,002028,思源电气,主板,深市,主板,801730.SI,电力设备,801738.SI,电网设备,电网设备,L,20040805,8068,22.09,145.0,-1.495,21.538,False,True,True,0,0,0,0,True,
002029.SZ,002029,002029,七匹狼,主板,深市,主板,801130.SI,纺织服饰,801132.SI,服装家纺,服装家纺,L,20040806,8067,22.09,9.07,0.89,6.897,False,True,True,0,0,0,0,True,
002030.SZ,002030,002030,达安基因,主板,深市,主板,801150.SI,医药生物,801153.SI,医疗器械,医疗器械,L,20040809,8064,22.08,5.48,1.482,10.714,False,True,True,0,0,0,0,True,
002031.SZ,002031,002031,巨轮智能,主板,深市,主板,801890.SI,机械设备,801074.SI,专用设备,专用设备,L,20040816,8057,22.06,5.44,1.492,12.963,False,True,True,0,0,0,0,True,
002032.SZ,002032,002032,苏泊尔,主板,深市,主板,801110.SI,家用电器,801113.SI,小家电,小家电,L,20040817,8056,22.06,39.83,-0.475,19.048,False,True,True,0,0,0,0,True,
002033.SZ,002033,002033,丽江股份,主板,深市,主板,801210.SI,社会服务,801993.SI,旅游及景区,旅游及景区,L,20040825,8048,22.03,9.29,1.641,6.593,False,True,True,0,0,0,0,True,
002034.SZ,002034,002034,旺能环境,主板,深市,主板,801970.SI,环保,801971.SI,环境治理,环境治理,L,20040826,8047,22.03,14.52,-2.09,23.611,False,True,True,0,0,0,0,True,
002035.SZ,002035,002035,华帝股份,主板,深市,主板,801110.SI,家用电器,801114.SI,厨卫电器,厨卫电器,L,20040901,8041,22.02,4.61,-0.216,8.333,False,True,True,0,0,0,0,True,
002037.SZ,002037,002037,保利联合,主板,深市,主板,801030.SI,基础化工,801034.SI,化学制品,化学制品,L,20040908,8034,22.0,7.16,-0.417,15.942,False,True,True,0,0,0,0,True,
002038.SZ,002038,002038,双鹭药业,主板,深市,主板,801150.SI,医药生物,801151.SI,化学制药,化学制药,L,20040909,8033,21.99,5.93,0.85,9.677,False,True,True,0,0,0,0,True,
002039.SZ,002039,002039,黔源电力,主板,深市,主板,801160.SI,公用事业,801161.SI,电力,电力,L,20050303,7858,21.51,19.2,-1.031,6.122,False,True,True,0,0,0,0,True,
002040.SZ,002040,002040,南京港,主板,深市,主板,801170.SI,交通运输,801992.SI,航运港口,航运港口,L,20050325,7836,21.45,8.92,-0.668,12.5,False,True,True,0,0,0,0,True,
002041.SZ,002041,002041,登海种业,主板,深市,主板,801010.SI,农林牧渔,801016.SI,种植业,种植业,L,20050418,7812,21.39,11.58,5.465,9.091,False,True,True,0,0,0,0,True,
002042.SZ,002042,002042,华孚时尚,主板,深市,主板,801130.SI,纺织服饰,801131.SI,纺织制造,纺织制造,L,20050427,7803,21.36,3.91,-0.255,13.158,False,True,True,0,0,0,0,True,
002043.SZ,002043,002043,兔宝宝,主板,深市,主板,801710.SI,建筑材料,801713.SI,装修建材,装修建材,L,20050510,7790,21.33,11.82,-7.149,10.317,False,True,True,0,0,0,0,True,
002044.SZ,002044,002044,美年健康,主板,深市,主板,801150.SI,医药生物,801156.SI,医疗服务,医疗服务,L,20050518,7782,21.31,4.63,0.434,8.333,False,True,True,0,0,0,0,True,
002045.SZ,002045,002045,国光电器,主板,深市,主板,801080.SI,电子,801085.SI,消费电子,消费电子,L,20050523,7777,21.29,9.21,0.766,8.696,False,True,True,0,0,0,0,True,
002046.SZ,002046,002046,国机精工,主板,深市,主板,801890.SI,机械设备,801072.SI,通用设备,通用设备,L,20050526,7774,21.28,51.61,1.335,16.867,False,True,True,0,0,0,0,True,
002047.SZ,002047,002047,宝鹰股份,主板,深市,主板,801720.SI,建筑装饰,801722.SI,装修装饰Ⅱ,装修装饰Ⅱ,L,20050531,7769,21.27,3.46,0.875,20.0,False,True,True,0,0,0,2,True,
002048.SZ,002048,002048,宁波华翔,主板,深市,主板,801880.SI,汽车,801093.SI,汽车零部件,汽车零部件,L,20050603,7766,21.26,19.26,2.885,8.333,False,True,True,0,0,0,0,True,
002049.SZ,002049,002049,紫光国微,主板,深市,主板,801080.SI,电子,801081.SI,半导体,半导体,L,20050606,7763,21.25,62.04,-0.064,10.526,False,True,True,0,0,0,0,True,
002050.SZ,002050,002050,三花智控,主板,深市,主板,801110.SI,家用电器,801116.SI,家电零部件Ⅱ,家电零部件Ⅱ,L,20050607,7762,21.25,36.5,2.933,21.875,False,True,True,0,0,0,0,True,
002051.SZ,002051,002051,中工国际,主板,深市,主板,801720.SI,建筑装饰,801724.SI,专业工程,专业工程,L,20060619,7385,20.22,8.55,0.117,11.364,False,True,True,0,0,0,0,True,
002052.SZ,002052,002052,同洲电子,主板,深市,主板,801110.SI,家用电器,801112.SI,黑色家电,黑色家电,L,20060627,7377,20.2,8.81,1.732,11.364,False,True,True,0,0,0,0,True,
002053.SZ,002053,002053,云南能投,主板,深市,主板,801160.SI,公用事业,801161.SI,电力,电力,L,20060627,7377,20.2,9.55,1.272,27.083,False,True,True,0,0,0,0,True,
002054.SZ,002054,002054,德美化工,主板,深市,主板,801030.SI,基础化工,801034.SI,化学制品,化学制品,L,20060725,7349,20.12,7.23,-0.823,8.333,False,True,True,0,0,0,0,True,
002056.SZ,002056,002056,横店东磁,主板,深市,主板,801730.SI,电力设备,801735.SI,光伏设备,光伏设备,L,20060802,7341,20.1,20.61,4.513,32.877,False,True,True,0,0,0,0,True,
002057.SZ,002057,002057,中钢天源,主板,深市,主板,801210.SI,社会服务,801218.SI,专业服务,专业服务,L,20060802,7341,20.1,8.89,0.113,10.345,False,True,True,0,0,0,0,True,
002059.SZ,002059,002059,云南旅游,主板,深市,主板,801210.SI,社会服务,801993.SI,旅游及景区,旅游及景区,L,20060810,7333,20.08,6.07,7.055,26.316,False,True,True,0,0,0,0,True,
002060.SZ,002060,002060,广东建工,主板,深市,主板,801160.SI,公用事业,801161.SI,电力,电力,L,20060810,7333,20.08,3.17,-0.315,15.625,False,True,True,0,0,0,0,True,
002061.SZ,002061,002061,浙江交科,主板,深市,主板,801720.SI,建筑装饰,801723.SI,基础建设,基础建设,L,20060816,7327,20.06,3.47,0.0,11.111,False,True,True,0,0,0,0,True,
002062.SZ,002062,002062,宏润建设,主板,深市,主板,801720.SI,建筑装饰,801723.SI,基础建设,基础建设,L,20060816,7327,20.06,8.87,6.867,13.924,False,True,True,0,0,0,0,True,
002063.SZ,002063,002063,远光软件,主板,深市,主板,801750.SI,计算机,801104.SI,软件开发,软件开发,L,20060823,7320,20.04,5.5,-1.257,10.909,False,True,True,0,0,0,0,True,
002064.SZ,002064,002064,华峰化学,主板,深市,主板,801030.SI,基础化工,801032.SI,化学纤维,化学纤维,L,20060823,7320,20.04,10.79,-3.832,15.455,False,True,True,0,0,0,0,True,
002065.SZ,002065,002065,东华软件,主板,深市,主板,801750.SI,计算机,801103.SI,IT服务Ⅱ,IT服务Ⅱ,L,20060823,7320,20.04,6.92,-0.717,12.676,False,True,True,0,0,0,0,True,
002066.SZ,002066,002066,瑞泰科技,主板,深市,主板,801710.SI,建筑材料,801713.SI,装修建材,装修建材,L,20060823,7320,20.04,21.68,0.417,11.111,False,True,True,0,0,0,0,True,
002067.SZ,002067,002067,景兴纸业,主板,深市,主板,801140.SI,轻工制造,801143.SI,造纸,造纸,L,20060915,7297,19.98,4.2,1.942,11.905,False,True,True,0,0,0,0,True,
002068.SZ,002068,002068,黑猫股份,主板,深市,主板,801030.SI,基础化工,801037.SI,橡胶,橡胶,L,20060915,7297,19.98,8.27,1.597,7.5,False,True,True,0,0,0,0,True,
002069.SZ,002069,002069,獐子岛,主板,深市,主板,801010.SI,农林牧渔,801015.SI,渔业,渔业,L,20060928,7284,19.94,3.89,2.639,23.529,False,True,True,0,0,0,0,True,
002072.SZ,002072,002072,凯瑞德,主板,深市,主板,801200.SI,商贸零售,801202.SI,贸易Ⅱ,贸易Ⅱ,L,20061018,7264,19.89,8.56,-3.82,19.101,False,True,True,0,0,0,0,True,
002073.SZ,002073,002073,软控股份,主板,深市,主板,801890.SI,机械设备,801074.SI,专用设备,专用设备,L,20061018,7264,19.89,5.85,0.0,10.345,False,True,True,0,0,0,0,True,
002074.SZ,002074,002074,国轩高科,主板,深市,主板,801730.SI,电力设备,801737.SI,电池,电池,L,20061018,7264,19.89,25.99,0.154,11.111,False,True,True,0,0,0,0,True,
002075.SZ,002075,002075,沙钢股份,主板,深市,主板,801040.SI,钢铁,801045.SI,特钢Ⅱ,特钢Ⅱ,L,20061025,7257,19.87,3.67,-0.811,16.667,False,True,True,0,0,0,0,True,
002077.SZ,002077,002077,大港股份,主板,深市,主板,801080.SI,电子,801081.SI,半导体,半导体,L,20061116,7235,19.81,12.43,1.139,6.452,False,True,True,0,0,0,0,True,
002078.SZ,002078,002078,太阳纸业,主板,深市,主板,801140.SI,轻工制造,801143.SI,造纸,造纸,L,20061116,7235,19.81,14.56,-1.488,16.901,False,True,True,0,0,0,0,True,
002079.SZ,002079,002079,苏州固锝,主板,深市,主板,801730.SI,电力设备,801737.SI,电池,电池,L,20061116,7235,19.81,8.95,0.562,7.527,False,True,True,0,0,0,0,True,
002080.SZ,002080,002080,中材科技,主板,深市,主板,801710.SI,建筑材料,801712.SI,玻璃玻纤,玻璃玻纤,L,20061120,7231,19.8,50.2,5.818,21.622,False,True,True,0,0,0,0,True,
002081.SZ,002081,002081,金螳螂,主板,深市,主板,801720.SI,建筑装饰,801722.SI,装修装饰Ⅱ,装修装饰Ⅱ,L,20061120,7231,19.8,5.33,2.896,11.321,False,True,True,0,0,0,0,True,
002083.SZ,002083,002083,孚日股份,主板,深市,主板,801130.SI,纺织服饰,801131.SI,纺织制造,纺织制造,L,20061124,7227,19.79,9.97,0.707,15.238,False,True,True,0,0,0,0,True,
002085.SZ,002085,002085,万丰奥威,主板,深市,主板,801880.SI,汽车,801093.SI,汽车零部件,汽车零部件,L,20061128,7223,19.78,10.34,-1.053,11.538,False,True,True,0,0,0,0,True,
002086.SZ,002086,002086,东方海洋,主板,深市,主板,801150.SI,医药生物,801153.SI,医疗器械,医疗器械,L,20061128,7223,19.78,2.25,6.132,9.524,False,True,True,0,0,0,0,True,
002088.SZ,002088,002088,鲁阳节能,主板,深市,主板,801710.SI,建筑材料,801713.SI,装修建材,装修建材,L,20061130,7221,19.77,7.98,-0.125,41.463,False,True,True,0,0,0,0,True,
002090.SZ,002090,002090,金智科技,主板,深市,主板,801730.SI,电力设备,801738.SI,电网设备,电网设备,L,20061208,7213,19.75,9.3,0.0,7.447,False,True,True,0,0,0,0,True,
002091.SZ,002091,002091,江苏国泰,主板,深市,主板,801200.SI,商贸零售,801202.SI,贸易Ⅱ,贸易Ⅱ,L,20061208,7213,19.75,7.7,-0.13,19.231,False,True,True,0,0,0,0,True,
002092.SZ,002092,002092,中泰化学,主板,深市,主板,801030.SI,基础化工,801033.SI,化学原料,化学原料,L,20061208,7213,19.75,4.82,-0.619,13.333,False,True,True,0,0,0,0,True,
002093.SZ,002093,002093,国脉科技,主板,深市,主板,801210.SI,社会服务,801994.SI,教育,教育,L,20061215,7206,19.73,6.99,0.576,11.765,False,True,True,0,0,0,0,True,
002094.SZ,002094,002094,青岛金王,主板,深市,主板,801980.SI,美容护理,801982.SI,化妆品,化妆品,L,20061215,7206,19.73,5.85,1.739,5.263,False,True,True,0,0,0,0,True,
002095.SZ,002095,002095,生意宝,主板,深市,主板,801760.SI,传媒,801767.SI,数字媒体,数字媒体,L,20061215,7206,19.73,14.83,0.0,18.31,False,True,True,0,0,0,0,True,
002096.SZ,002096,002096,易普力,主板,深市,主板,801030.SI,基础化工,801034.SI,化学制品,化学制品,L,20061222,7199,19.71,9.53,-1.141,41.667,False,True,True,0,0,0,0,True,
002097.SZ,002097,002097,山河智能,主板,深市,主板,801890.SI,机械设备,801077.SI,工程机械,工程机械,L,20061222,7199,19.71,7.47,-0.134,8.333,False,True,True,0,0,0,0,True,
002098.SZ,002098,002098,浔兴股份,主板,深市,主板,801130.SI,纺织服饰,801131.SI,纺织制造,纺织制造,L,20061222,7199,19.71,8.18,2.378,19.231,False,True,True,0,0,0,0,True,
002099.SZ,002099,002099,海翔药业,主板,深市,主板,801150.SI,医药生物,801151.SI,化学制药,化学制药,L,20061226,7195,19.7,5.47,1.109,12.963,False,True,True,0,0,0,0,True,
002100.SZ,002100,002100,天康生物,主板,深市,主板,801010.SI,农林牧渔,801014.SI,饲料,饲料,L,20061226,7195,19.7,8.39,-0.238,18.056,False,True,True,0,0,0,0,True,
002101.SZ,002101,002101,广东鸿图,主板,深市,主板,801880.SI,汽车,801093.SI,汽车零部件,汽车零部件,L,20061229,7192,19.69,8.74,0.115,17.241,False,True,True,0,0,0,0,True,
002103.SZ,002103,002103,广博股份,主板,深市,主板,801140.SI,轻工制造,801145.SI,文娱用品,文娱用品,L,20070110,7180,19.66,6.87,0.146,11.94,False,True,True,0,0,0,0,True,
002104.SZ,002104,002104,恒宝股份,主板,深市,主板,801770.SI,通信,801102.SI,通信设备,通信设备,L,20070110,7180,19.66,13.53,-3.701,3.623,False,True,True,0,0,0,0,True,
002105.SZ,002105,002105,信隆健康,主板,深市,主板,801880.SI,汽车,801881.SI,摩托车及其他,摩托车及其他,L,20070112,7178,19.65,6.25,1.297,21.053,False,True,True,0,0,0,0,True,
002106.SZ,002106,002106,莱宝高科,主板,深市,主板,801080.SI,电子,801084.SI,光学光电子,光学光电子,L,20070112,7178,19.65,10.79,0.653,7.692,False,True,True,0,0,0,0,True,
002107.SZ,002107,002107,沃华医药,主板,深市,主板,801150.SI,医药生物,801155.SI,中药Ⅱ,中药Ⅱ,L,20070124,7166,19.62,6.84,0.293,18.182,False,True,True,0,0,0,0,True,
002108.SZ,002108,002108,沧州明珠,主板,深市,主板,801030.SI,基础化工,801036.SI,塑料,塑料,L,20070124,7166,19.62,4.32,-0.461,9.091,False,True,True,0,0,0,0,True,
002110.SZ,002110,002110,三钢闽光,主板,深市,主板,801040.SI,钢铁,801044.SI,普钢,普钢,L,20070126,7164,19.61,2.98,-1.974,29.032,False,True,True,0,0,0,0,True,
002111.SZ,002111,002111,威海广泰,主板,深市,主板,801740.SI,国防军工,801742.SI,航空装备Ⅱ,航空装备Ⅱ,L,20070126,7164,19.61,9.96,-0.797,8.333,False,True,True,0,0,0,0,True,
002112.SZ,002112,002112,三变科技,主板,深市,主板,801730.SI,电力设备,801738.SI,电网设备,电网设备,L,20070208,7151,19.58,15.29,-1.482,10.968,False,True,True,0,0,0,0,True,
002114.SZ,002114,002114,罗平锌电,主板,深市,主板,801050.SI,有色金属,801055.SI,工业金属,工业金属,L,20070215,7144,19.56,7.62,0.66,17.568,False,True,True,0,0,0,0,True,
002115.SZ,002115,002115,三维通信,主板,深市,主板,801770.SI,通信,801223.SI,通信服务,通信服务,L,20070215,7144,19.56,10.67,-0.744,5.556,False,True,True,0,0,0,0,True,
002116.SZ,002116,002116,中国海诚,主板,深市,主板,801720.SI,建筑装饰,801724.SI,专业工程,专业工程,L,20070215,7144,19.56,7.38,0.82,21.918,False,True,True,0,0,0,0,True,
002117.SZ,002117,002117,东港股份,主板,深市,主板,801140.SI,轻工制造,801141.SI,包装印刷,包装印刷,L,20070302,7129,19.52,8.21,-0.845,17.073,False,True,True,0,0,0,0,True,
002119.SZ,002119,002119,康强电子,主板,深市,主板,801080.SI,电子,801081.SI,半导体,半导体,L,20070302,7129,19.52,22.85,4.386,5.217,False,True,True,0,0,0,0,True,
002120.SZ,002120,002120,韵达股份,主板,深市,主板,801170.SI,交通运输,801178.SI,物流,物流,L,20070306,7125,19.51,6.87,0.0,4.545,False,True,True,0,0,0,0,True,
002121.SZ,002121,002121,科陆电子,主板,深市,主板,801730.SI,电力设备,801738.SI,电网设备,电网设备,L,20070306,7125,19.51,4.94,0.406,12.0,False,True,True,0,0,0,0,True,
002123.SZ,002123,002123,梦网科技,主板,深市,主板,801770.SI,通信,801223.SI,通信服务,通信服务,L,20070328,7103,19.45,8.13,-1.335,8.537,False,True,True,0,0,0,0,True,
002124.SZ,002124,002124,天邦食品,主板,深市,主板,801010.SI,农林牧渔,801017.SI,养殖业,养殖业,L,20070403,7097,19.43,2.54,4.959,16.667,False,True,True,0,0,0,0,True,
002125.SZ,002125,002125,湘潭电化,主板,深市,主板,801730.SI,电力设备,801737.SI,电池,电池,L,20070403,7097,19.43,12.28,-0.081,6.25,False,True,True,0,0,0,0,True,
002126.SZ,002126,002126,银轮股份,主板,深市,主板,801880.SI,汽车,801093.SI,汽车零部件,汽车零部件,L,20070418,7082,19.39,42.29,1.488,18.571,False,True,True,0,0,0,0,True,
002127.SZ,002127,002127,南极电商,主板,深市,主板,801200.SI,商贸零售,801206.SI,互联网电商,互联网电商,L,20070418,7082,19.39,3.01,1.007,13.333,False,True,True,0,0,0,0,True,
002128.SZ,002128,002128,电投能源,主板,深市,主板,801950.SI,煤炭,801951.SI,煤炭开采,煤炭开采,L,20070418,7082,19.39,28.2,-3.59,23.022,False,True,True,0,0,0,0,True,
002129.SZ,002129,002129,TCL中环,主板,深市,主板,801730.SI,电力设备,801735.SI,光伏设备,光伏设备,L,20070420,7080,19.38,9.2,0.656,13.043,False,True,True,0,0,0,0,True,
002130.SZ,002130,002130,沃尔核材,主板,深市,主板,801080.SI,电子,801082.SI,其他电子Ⅱ,其他电子Ⅱ,L,20070420,7080,19.38,17.19,0.117,8.929,False,True,True,0,0,0,0,True,
002131.SZ,002131,002131,利欧股份,主板,深市,主板,801890.SI,机械设备,801072.SI,通用设备,通用设备,L,20070427,7073,19.36,4.79,-0.416,8.333,False,True,True,0,0,0,0,True,
002132.SZ,002132,002132,恒星科技,主板,深市,主板,801890.SI,机械设备,801072.SI,通用设备,通用设备,L,20070427,7073,19.36,4.18,-0.239,13.636,False,True,True,0,0,0,0,True,
002133.SZ,002133,002133,广宇集团,主板,深市,主板,801180.SI,房地产,801181.SI,房地产开发,房地产开发,L,20070427,7073,19.36,2.86,0.351,17.857,False,True,True,0,0,0,0,True,
002134.SZ,002134,002134,天津普林,主板,深市,主板,801080.SI,电子,801083.SI,元件,元件,L,20070516,7054,19.31,22.37,0.449,11.607,False,True,True,0,0,0,0,True,
002135.SZ,002135,002135,东南网架,主板,深市,主板,801720.SI,建筑装饰,801724.SI,专业工程,专业工程,L,20070530,7040,19.27,6.24,0.161,20.312,False,True,True,0,0,0,0,True,
002136.SZ,002136,002136,安纳达,主板,深市,主板,801030.SI,基础化工,801033.SI,化学原料,化学原料,L,20070530,7040,19.27,12.73,0.157,8.871,False,True,True,0,0,0,0,True,
002137.SZ,002137,002137,实益达,主板,深市,主板,801080.SI,电子,801084.SI,光学光电子,光学光电子,L,20070613,7026,19.24,7.8,1.43,6.41,False,True,True,0,0,0,0,True,
002138.SZ,002138,002138,顺络电子,主板,深市,主板,801080.SI,电子,801083.SI,元件,元件,L,20070613,7026,19.24,48.94,10.002,10.0,False,True,True,0,0,0,0,True,
002139.SZ,002139,002139,拓邦股份,主板,深市,主板,801080.SI,电子,801085.SI,消费电子,消费电子,L,20070629,7010,19.19,9.32,-0.107,10.204,False,True,True,0,0,0,0,True,
002140.SZ,002140,002140,东华科技,主板,深市,主板,801720.SI,建筑装饰,801724.SI,专业工程,专业工程,L,20070712,6997,19.16,9.2,0.109,36.957,False,True,True,0,0,0,0,True,
002141.SZ,002141,002141,贤丰控股,主板,深市,主板,801010.SI,农林牧渔,801018.SI,动物保健Ⅱ,动物保健Ⅱ,L,20070720,6989,19.13,6.63,3.918,7.576,False,True,True,0,0,0,0,True,
002142.SZ,002142,002142,宁波银行,主板,深市,主板,801780.SI,银行,801784.SI,城商行Ⅱ,城商行Ⅱ,L,20070719,6990,19.14,34.13,-1.073,18.421,False,True,True,0,0,0,0,True,
002144.SZ,002144,002144,宏达高科,主板,深市,主板,801130.SI,纺织服饰,801131.SI,纺织制造,纺织制造,L,20070803,6975,19.1,11.18,0.089,12.844,False,True,True,0,0,0,0,True,
002145.SZ,002145,002145,钛能化学,主板,深市,主板,801030.SI,基础化工,801033.SI,化学原料,化学原料,L,20070803,6975,19.1,4.27,-0.234,9.091,False,True,True,0,0,0,0,True,
002146.SZ,002146,002146,荣盛发展,主板,深市,主板,801180.SI,房地产,801181.SI,房地产开发,房地产开发,L,20070808,6970,19.08,1.2,0.0,8.333,False,True,True,0,0,0,0,True,
002148.SZ,002148,002148,北纬科技,主板,深市,主板,801770.SI,通信,801223.SI,通信服务,通信服务,L,20070810,6968,19.08,6.46,0.467,6.25,False,True,True,0,0,0,0,True,
002149.SZ,002149,002149,西部材料,主板,深市,主板,801050.SI,有色金属,801054.SI,小金属,小金属,L,20070810,6968,19.08,33.9,-0.294,21.154,False,True,True,0,0,0,0,True,
002150.SZ,002150,002150,正泰电源,主板,深市,主板,801890.SI,机械设备,801072.SI,通用设备,通用设备,L,20070810,6968,19.08,21.16,1.292,10.909,False,True,True,0,0,0,0,True,
002151.SZ,002151,002151,北斗星通,主板,深市,主板,801740.SI,国防军工,801745.SI,军工电子Ⅱ,军工电子Ⅱ,L,20070813,6965,19.07,28.33,-0.527,6.944,False,True,True,0,0,0,0,True,
002152.SZ,002152,002152,广电运通,主板,深市,主板,801750.SI,计算机,801101.SI,计算机设备,计算机设备,L,20070813,6965,19.07,9.63,-2.233,19.0,False,True,True,0,0,0,0,True,
002153.SZ,002153,002153,石基信息,主板,深市,主板,801750.SI,计算机,801104.SI,软件开发,软件开发,L,20070813,6965,19.07,7.98,-0.746,14.634,False,True,True,0,0,0,0,True,
002154.SZ,002154,002154,报喜鸟,主板,深市,主板,801130.SI,纺织服饰,801132.SI,服装家纺,服装家纺,L,20070816,6962,19.06,4.06,-0.976,9.756,False,True,True,0,0,0,0,True,
002156.SZ,002156,002156,通富微电,主板,深市,主板,801080.SI,电子,801081.SI,半导体,半导体,L,20070816,6962,19.06,59.15,4.009,9.677,False,True,True,0,0,0,0,True,
002157.SZ,002157,002157,正邦科技,主板,深市,主板,801010.SI,农林牧渔,801017.SI,养殖业,养殖业,L,20070817,6961,19.06,3.22,0.0,13.333,False,True,True,0,0,0,0,True,
002158.SZ,002158,002158,汉钟精机,主板,深市,主板,801890.SI,机械设备,801072.SI,通用设备,通用设备,L,20070817,6961,19.06,27.55,0.694,13.043,False,True,True,0,0,0,0,True,
002159.SZ,002159,002159,三特索道,主板,深市,主板,801210.SI,社会服务,801993.SI,旅游及景区,旅游及景区,L,20070817,6961,19.06,14.21,1.211,8.824,False,True,True,0,0,0,0,True,
002161.SZ,002161,002161,远望谷,主板,深市,主板,801080.SI,电子,801082.SI,其他电子Ⅱ,其他电子Ⅱ,L,20070821,6957,19.05,7.04,0.86,26.23,False,True,True,0,0,0,0,True,
002162.SZ,002162,002162,悦心健康,主板,深市,主板,801140.SI,轻工制造,801142.SI,家居用品,家居用品,L,20070823,6955,19.04,4.05,0.746,10.0,False,True,True,0,0,0,0,True,
002163.SZ,002163,002163,海南发展,主板,深市,主板,801720.SI,建筑装饰,801722.SI,装修装饰Ⅱ,装修装饰Ⅱ,L,20070823,6955,19.04,8.91,-2.195,11.905,False,True,True,0,0,0,0,True,
002164.SZ,002164,002164,宁波东力,主板,深市,主板,801890.SI,机械设备,801072.SI,通用设备,通用设备,L,20070823,6955,19.04,10.89,1.491,16.216,False,True,True,0,0,0,0,True,
002165.SZ,002165,002165,红宝丽,主板,深市,主板,801030.SI,基础化工,801034.SI,化学制品,化学制品,L,20070913,6934,18.98,8.12,4.505,8.642,False,True,True,0,0,0,0,True,
002166.SZ,002166,002166,莱茵生物,主板,深市,主板,801030.SI,基础化工,801034.SI,化学制品,化学制品,L,20070913,6934,18.98,6.87,1.477,7.353,False,True,True,0,0,0,0,True,
002167.SZ,002167,002167,东方锆业,主板,深市,主板,801050.SI,有色金属,801054.SI,小金属,小金属,L,20070913,6934,18.98,15.44,1.312,10.843,False,True,True,0,0,0,0,True,
002169.SZ,002169,002169,智光电气,主板,深市,主板,801730.SI,电力设备,801738.SI,电网设备,电网设备,L,20070919,6928,18.97,12.5,-0.16,11.811,False,True,True,0,0,0,0,True,
002170.SZ,002170,002170,芭田股份,主板,深市,主板,801030.SI,基础化工,801038.SI,农化制品,农化制品,L,20070919,6928,18.97,11.72,-0.085,6.034,False,True,True,0,0,0,0,True,
002171.SZ,002171,002171,楚江新材,主板,深市,主板,801050.SI,有色金属,801055.SI,工业金属,工业金属,L,20070921,6926,18.96,10.2,-0.971,9.0,False,True,True,0,0,0,0,True,
002172.SZ,002172,002172,澳洋健康,主板,深市,主板,801150.SI,医药生物,801156.SI,医疗服务,医疗服务,L,20070921,6926,18.96,4.63,9.976,9.091,False,True,True,0,0,0,0,True,
002173.SZ,002173,002173,创新医疗,主板,深市,主板,801150.SI,医药生物,801156.SI,医疗服务,医疗服务,L,20070925,6922,18.95,18.37,-0.163,4.813,False,True,True,0,0,0,0,True,
002174.SZ,002174,002174,游族网络,主板,深市,主板,801760.SI,传媒,801764.SI,游戏Ⅱ,游戏Ⅱ,L,20070925,6922,18.95,12.22,0.328,12.5,False,True,True,0,0,0,0,True,
002176.SZ,002176,002176,江特电机,主板,深市,主板,801730.SI,电力设备,801731.SI,电机Ⅱ,电机Ⅱ,L,20071012,6905,18.9,8.89,2.067,6.667,False,True,True,0,0,0,0,True,
002177.SZ,002177,002177,御银股份,主板,深市,主板,801750.SI,计算机,801101.SI,计算机设备,计算机设备,L,20071101,6885,18.85,6.0,-2.121,6.667,False,True,True,0,0,0,0,True,
002178.SZ,002178,002178,延华智能,主板,深市,主板,801750.SI,计算机,801104.SI,软件开发,软件开发,L,20071101,6885,18.85,4.7,0.213,13.043,False,True,True,0,0,0,0,True,
002179.SZ,002179,002179,中航光电,主板,深市,主板,801740.SI,国防军工,801745.SI,军工电子Ⅱ,军工电子Ⅱ,L,20071101,6885,18.85,34.15,-0.205,24.286,False,True,True,0,0,0,0,True,
002180.SZ,002180,002180,奔图科技,主板,深市,主板,801750.SI,计算机,801101.SI,计算机设备,计算机设备,L,20071113,6873,18.82,16.7,-0.417,16.279,False,True,True,0,0,0,0,True,
002181.SZ,002181,002181,粤传媒,主板,深市,主板,801760.SI,传媒,801769.SI,出版,出版,L,20071116,6870,18.81,9.79,3.053,12.632,False,True,True,0,0,0,0,True,
002182.SZ,002182,002182,宝武镁业,主板,深市,主板,801050.SI,有色金属,801054.SI,小金属,小金属,L,20071113,6873,18.82,12.18,1.5,11.475,False,True,True,0,0,0,0,True,
002183.SZ,002183,002183,怡亚通,主板,深市,主板,801200.SI,商贸零售,801202.SI,贸易Ⅱ,贸易Ⅱ,L,20071113,6873,18.82,4.36,0.23,17.391,False,True,True,0,0,0,0,True,
002184.SZ,002184,002184,海得控制,主板,深市,主板,801890.SI,机械设备,801078.SI,自动化设备,自动化设备,L,20071116,6870,18.81,10.04,0.2,9.091,False,True,True,0,0,0,0,True,
002185.SZ,002185,002185,华天科技,主板,深市,主板,801080.SI,电子,801081.SI,半导体,半导体,L,20071120,6866,18.8,16.08,3.276,11.905,False,True,True,0,0,0,0,True,
002186.SZ,002186,002186,全聚德,主板,深市,主板,801210.SI,社会服务,801219.SI,酒店餐饮,酒店餐饮,L,20071120,6866,18.8,10.15,1.908,14.894,False,True,True,0,0,0,0,True,
002187.SZ,002187,002187,广百股份,主板,深市,主板,801200.SI,商贸零售,801203.SI,一般零售,一般零售,L,20071122,6864,18.79,5.93,3.13,14.815,False,True,True,0,0,0,0,True,
002188.SZ,002188,002188,中天服务,主板,深市,主板,801180.SI,房地产,801183.SI,房地产服务,房地产服务,L,20071122,6864,18.79,5.65,1.254,9.091,False,True,True,0,0,0,0,True,
002189.SZ,002189,002189,中光学,主板,深市,主板,801740.SI,国防军工,801745.SI,军工电子Ⅱ,军工电子Ⅱ,L,20071203,6853,18.76,19.4,-2.218,15.789,False,True,True,0,0,0,0,True,
002190.SZ,002190,002190,成飞集成,主板,深市,主板,801880.SI,汽车,801093.SI,汽车零部件,汽车零部件,L,20071203,6853,18.76,26.09,1.242,14.062,False,True,True,0,0,0,0,True,
002191.SZ,002191,002191,劲嘉股份,主板,深市,主板,801140.SI,轻工制造,801141.SI,包装印刷,包装印刷,L,20071205,6851,18.76,3.63,-0.275,10.526,False,True,True,0,0,0,0,True,
002192.SZ,002192,002192,融捷股份,主板,深市,主板,801050.SI,有色金属,801056.SI,能源金属,能源金属,L,20071205,6851,18.76,64.89,-0.825,10.526,False,True,True,0,0,0,0,True,
002194.SZ,002194,002194,武汉凡谷,主板,深市,主板,801770.SI,通信,801102.SI,通信设备,通信设备,L,20071207,6849,18.75,10.07,1.104,5.0,False,True,True,0,0,0,0,True,
002195.SZ,002195,002195,岩山科技,主板,深市,主板,801750.SI,计算机,801103.SI,IT服务Ⅱ,IT服务Ⅱ,L,20071212,6844,18.74,6.31,-0.942,12.308,False,True,True,0,0,0,0,True,
002196.SZ,002196,002196,方正电机,主板,深市,主板,801730.SI,电力设备,801731.SI,电机Ⅱ,电机Ⅱ,L,20071212,6844,18.74,10.9,0.184,7.273,False,True,True,0,0,0,0,True,
002197.SZ,002197,002197,证通电子,主板,深市,主板,801750.SI,计算机,801101.SI,计算机设备,计算机设备,L,20071218,6838,18.72,7.02,-0.707,8.571,False,True,True,0,0,0,0,True,
002200.SZ,002200,002200,交投生态,主板,深市,主板,801720.SI,建筑装饰,801723.SI,基础建设,基础建设,L,20071221,6835,18.71,7.05,0.142,5.882,False,True,True,0,0,0,2,True,
002201.SZ,002201,002201,九鼎新材,主板,深市,主板,801710.SI,建筑材料,801712.SI,玻璃玻纤,玻璃玻纤,L,20071226,6830,18.7,9.05,-2.373,16.484,False,True,True,0,0,0,0,True,
002202.SZ,002202,002202,金风科技,主板,深市,主板,801730.SI,电力设备,801736.SI,风电设备,风电设备,L,20071226,6830,18.7,17.65,0.915,20.635,False,True,True,0,0,0,0,True,
002203.SZ,002203,002203,海亮股份,主板,深市,主板,801050.SI,有色金属,801055.SI,工业金属,工业金属,L,20080116,6809,18.64,19.16,1.698,28.125,False,True,True,0,0,0,0,True,
002204.SZ,002204,002204,大连重工,主板,深市,主板,801890.SI,机械设备,801074.SI,专用设备,专用设备,L,20080116,6809,18.64,5.19,0.387,26.415,False,True,True,0,0,0,0,True,
002205.SZ,002205,002205,国统股份,主板,深市,主板,801710.SI,建筑材料,801711.SI,水泥,水泥,L,20080123,6802,18.62,11.06,0.0,19.048,False,True,True,0,0,0,0,True,
002206.SZ,002206,002206,海利得,主板,深市,主板,801030.SI,基础化工,801032.SI,化学纤维,化学纤维,L,20080123,6802,18.62,5.22,-0.949,9.434,False,True,True,0,0,0,0,True,
002208.SZ,002208,002208,合肥城建,主板,深市,主板,801180.SI,房地产,801181.SI,房地产开发,房地产开发,L,20080128,6797,18.61,10.26,0.984,11.111,False,True,True,0,0,0,0,True,
002209.SZ,002209,002209,达意隆,主板,深市,主板,801890.SI,机械设备,801074.SI,专用设备,专用设备,L,20080130,6795,18.6,13.4,-0.446,12.121,False,True,True,0,0,0,0,True,
002210.SZ,002210,002210,飞马国际,主板,深市,主板,801970.SI,环保,801971.SI,环境治理,环境治理,L,20080130,6795,18.6,2.28,0.441,9.091,False,True,True,0,0,0,0,True,
002212.SZ,002212,002212,天融信,主板,深市,主板,801750.SI,计算机,801104.SI,软件开发,软件开发,L,20080201,6793,18.6,6.65,0.0,7.576,False,True,True,0,0,0,0,True,
002213.SZ,002213,002213,大为股份,主板,深市,主板,801080.SI,电子,801081.SI,半导体,半导体,L,20080201,6793,18.6,28.15,1.005,10.0,False,True,True,0,0,0,0,True,
002215.SZ,002215,002215,诺普信,主板,深市,主板,801010.SI,农林牧渔,801016.SI,种植业,种植业,L,20080218,6776,18.55,10.59,-0.282,15.152,False,True,True,0,0,0,0,True,
002216.SZ,002216,002216,三全食品,主板,深市,主板,801120.SI,食品饮料,801124.SI,食品加工,食品加工,L,20080220,6774,18.55,12.02,0.586,12.195,False,True,True,0,0,0,0,True,
002218.SZ,002218,002218,拓日新能,主板,深市,主板,801160.SI,公用事业,801161.SI,电力,电力,L,20080228,6766,18.52,4.0,0.502,7.5,False,True,True,0,0,0,0,True,
002219.SZ,002219,002219,新里程,主板,深市,主板,801150.SI,医药生物,801156.SI,医疗服务,医疗服务,L,20080306,6759,18.51,2.15,0.939,13.636,False,True,True,0,0,0,0,True,
002221.SZ,002221,002221,东华能源,主板,深市,主板,801960.SI,石油石化,801963.SI,炼化及贸易,炼化及贸易,L,20080306,6759,18.51,5.87,0.686,14.286,False,True,True,0,0,0,0,True,
002222.SZ,002222,002222,福晶科技,主板,深市,主板,801080.SI,电子,801084.SI,光学光电子,光学光电子,L,20080319,6746,18.47,68.29,6.04,9.091,False,True,True,0,0,0,0,True,
002223.SZ,002223,002223,鱼跃医疗,主板,深市,主板,801150.SI,医药生物,801153.SI,医疗器械,医疗器械,L,20080418,6716,18.39,25.55,-0.931,10.606,False,True,True,0,0,0,0,True,
002224.SZ,002224,002224,三力士,主板,深市,主板,801030.SI,基础化工,801037.SI,橡胶,橡胶,L,20080425,6709,18.37,3.97,3.927,18.919,False,True,True,0,0,0,0,True,
002225.SZ,002225,002225,濮耐股份,主板,深市,主板,801710.SI,建筑材料,801713.SI,装修建材,装修建材,L,20080425,6709,18.37,3.66,1.105,10.811,False,True,True,0,0,0,0,True,
002226.SZ,002226,002226,江南化工,主板,深市,主板,801030.SI,基础化工,801034.SI,化学制品,化学制品,L,20080506,6698,18.34,5.11,-0.969,23.529,False,True,True,0,0,0,0,True,
002228.SZ,002228,002228,合兴包装,主板,深市,主板,801140.SI,轻工制造,801141.SI,包装印刷,包装印刷,L,20080508,6696,18.33,3.24,0.621,6.452,False,True,True,0,0,0,0,True,
002229.SZ,002229,002229,鸿博股份,主板,深市,主板,801140.SI,轻工制造,801141.SI,包装印刷,包装印刷,L,20080508,6696,18.33,12.37,2.486,4.132,False,True,True,0,0,0,0,True,
002230.SZ,002230,002230,科大讯飞,主板,深市,主板,801750.SI,计算机,801104.SI,软件开发,软件开发,L,20080512,6692,18.32,39.44,-0.152,11.765,False,True,True,0,0,0,0,True,
002232.SZ,002232,002232,启明信息,主板,深市,主板,801750.SI,计算机,801103.SI,IT服务Ⅱ,IT服务Ⅱ,L,20080509,6695,18.33,14.53,-1.824,10.563,False,True,True,0,0,0,0,True,
002233.SZ,002233,002233,塔牌集团,主板,深市,主板,801710.SI,建筑材料,801711.SI,水泥,水泥,L,20080516,6688,18.31,7.12,0.423,22.973,False,True,True,0,0,0,0,True,
002234.SZ,002234,002234,民和股份,主板,深市,主板,801010.SI,农林牧渔,801017.SI,养殖业,养殖业,L,20080516,6688,18.31,8.52,2.158,15.385,False,True,True,0,0,0,0,True,
002235.SZ,002235,002235,安妮股份,主板,深市,主板,801140.SI,轻工制造,801143.SI,造纸,造纸,L,20080516,6688,18.31,8.68,-0.686,7.955,False,True,True,0,0,0,0,True,
002236.SZ,002236,002236,大华股份,主板,深市,主板,801750.SI,计算机,801101.SI,计算机设备,计算机设备,L,20080520,6684,18.3,16.28,-0.184,3.636,False,True,True,0,0,0,0,True,
002237.SZ,002237,002237,恒邦股份,主板,深市,主板,801050.SI,有色金属,801053.SI,贵金属,贵金属,L,20080520,6684,18.3,14.5,-3.075,10.811,False,True,True,0,0,0,0,True,
002238.SZ,002238,002238,天威视讯,主板,深市,主板,801760.SI,传媒,801995.SI,电视广播Ⅱ,电视广播Ⅱ,L,20080526,6678,18.28,6.7,1.362,30.769,False,True,True,0,0,0,0,True,
002239.SZ,002239,002239,奥特佳,主板,深市,主板,801880.SI,汽车,801093.SI,汽车零部件,汽车零部件,L,20080522,6682,18.29,2.55,0.0,8.0,False,True,True,0,0,0,0,True,
002240.SZ,002240,002240,盛新锂能,主板,深市,主板,801050.SI,有色金属,801056.SI,能源金属,能源金属,L,20080523,6681,18.29,29.26,-0.713,11.392,False,True,True,0,0,0,0,True,
002241.SZ,002241,002241,歌尔股份,主板,深市,主板,801080.SI,电子,801085.SI,消费电子,消费电子,L,20080522,6682,18.29,23.6,0.812,7.692,False,True,True,0,0,0,0,True,
002242.SZ,002242,002242,九阳股份,主板,深市,主板,801110.SI,家用电器,801113.SI,小家电,小家电,L,20080528,6676,18.28,8.59,2.751,26.667,False,True,True,0,0,0,0,True,
002243.SZ,002243,002243,力合科创,主板,深市,主板,801210.SI,社会服务,801218.SI,专业服务,专业服务,L,20080528,6676,18.28,7.47,1.22,25.0,False,True,True,0,0,0,0,True,
002244.SZ,002244,002244,滨江集团,主板,深市,主板,801180.SI,房地产,801181.SI,房地产开发,房地产开发,L,20080529,6675,18.28,8.56,-1.947,15.73,False,True,True,0,0,0,0,True,
002245.SZ,002245,002245,蔚蓝锂芯,主板,深市,主板,801730.SI,电力设备,801737.SI,电池,电池,L,20080605,6668,18.26,18.23,8.126,8.475,False,True,True,0,0,0,0,True,
002246.SZ,002246,002246,北化股份,主板,深市,主板,801030.SI,基础化工,801034.SI,化学制品,化学制品,L,20080605,6668,18.26,21.48,0.609,10.784,False,True,True,0,0,0,0,True,
002247.SZ,002247,002247,聚力文化,主板,深市,主板,801710.SI,建筑材料,801713.SI,装修建材,装修建材,L,20080612,6661,18.24,2.48,0.813,12.5,False,True,True,0,0,0,0,True,
002248.SZ,002248,002248,华东数控,主板,深市,主板,801890.SI,机械设备,801072.SI,通用设备,通用设备,L,20080612,6661,18.24,10.03,3.402,3.03,False,True,True,0,0,0,0,True,
002249.SZ,002249,002249,大洋电机,主板,深市,主板,801730.SI,电力设备,801731.SI,电机Ⅱ,电机Ⅱ,L,20080619,6654,18.22,6.71,0.751,11.429,False,True,True,0,0,0,0,True,
002250.SZ,002250,002250,联化科技,主板,深市,主板,801030.SI,基础化工,801038.SI,农化制品,农化制品,L,20080619,6654,18.22,14.84,-3.699,11.538,False,True,True,0,0,0,0,True,
002251.SZ,002251,002251,步步高,主板,深市,主板,801200.SI,商贸零售,801203.SI,一般零售,一般零售,L,20080619,6654,18.22,3.93,3.421,5.263,False,True,True,0,0,0,0,True,
002252.SZ,002252,002252,上海莱士,主板,深市,主板,801150.SI,医药生物,801152.SI,生物制品,生物制品,L,20080623,6650,18.21,4.94,0.406,29.412,False,True,True,0,0,0,0,True,
002254.SZ,002254,002254,泰和新材,主板,深市,主板,801030.SI,基础化工,801032.SI,化学纤维,化学纤维,L,20080625,6648,18.2,12.62,-0.864,12.698,False,True,True,0,0,0,0,True,
002255.SZ,002255,002255,海陆重工,主板,深市,主板,801730.SI,电力设备,801733.SI,其他电源设备Ⅱ,其他电源设备Ⅱ,L,20080625,6648,18.2,7.88,-0.127,11.25,False,True,True,0,0,0,0,True,
002256.SZ,002256,002256,兆新股份,主板,深市,主板,801160.SI,公用事业,801161.SI,电力,电力,L,20080625,6648,18.2,3.34,1.212,11.765,False,True,True,0,0,0,0,True,
002258.SZ,002258,002258,利尔化学,主板,深市,主板,801030.SI,基础化工,801038.SI,农化制品,农化制品,L,20080708,6635,18.17,14.96,0.673,6.849,False,True,True,0,0,0,0,True,
002259.SZ,002259,002259,升达林业,主板,深市,主板,801160.SI,公用事业,801163.SI,燃气Ⅱ,燃气Ⅱ,L,20080716,6627,18.14,4.28,0.234,17.5,False,True,True,0,0,0,0,True,
002261.SZ,002261,002261,拓维信息,主板,深市,主板,801750.SI,计算机,801104.SI,软件开发,软件开发,L,20080723,6620,18.12,25.88,1.57,5.792,False,True,True,0,0,0,0,True,
002262.SZ,002262,002262,恩华药业,主板,深市,主板,801150.SI,医药生物,801151.SI,化学制药,化学制药,L,20080723,6620,18.12,22.09,-2.083,12.329,False,True,True,0,0,0,0,True,
002263.SZ,002263,002263,大东南,主板,深市,主板,801030.SI,基础化工,801036.SI,塑料,塑料,L,20080728,6615,18.11,3.17,0.635,13.333,False,True,True,0,0,0,0,True,
002264.SZ,002264,002264,新华都,主板,深市,主板,801760.SI,传媒,801765.SI,广告营销,广告营销,L,20080731,6612,18.1,7.01,1.301,10.606,False,True,True,0,0,0,0,True,
002265.SZ,002265,002265,建设工业,主板,深市,主板,801880.SI,汽车,801093.SI,汽车零部件,汽车零部件,L,20080806,6606,18.09,20.8,-3.03,18.75,False,True,True,0,0,0,0,True,
002266.SZ,002266,002266,浙富控股,主板,深市,主板,801970.SI,环保,801971.SI,环境治理,环境治理,L,20080806,6606,18.09,4.75,-2.464,12.245,False,True,True,0,0,0,0,True,
002267.SZ,002267,002267,陕天然气,主板,深市,主板,801160.SI,公用事业,801163.SI,燃气Ⅱ,燃气Ⅱ,L,20080813,6599,18.07,7.35,0.273,12.329,False,True,True,0,0,0,0,True,
002268.SZ,002268,002268,电科网安,主板,深市,主板,801750.SI,计算机,801101.SI,计算机设备,计算机设备,L,20080811,6601,18.07,14.03,-1.336,8.333,False,True,True,0,0,0,0,True,
002269.SZ,002269,002269,美邦服饰,主板,深市,主板,801130.SI,纺织服饰,801132.SI,服装家纺,服装家纺,L,20080828,6584,18.03,1.49,1.361,14.286,False,True,True,0,0,0,0,True,
002270.SZ,002270,002270,华明装备,主板,深市,主板,801730.SI,电力设备,801738.SI,电网设备,电网设备,L,20080905,6576,18.0,19.55,2.249,10.101,False,True,True,0,0,0,0,True,
002271.SZ,002271,002271,东方雨虹,主板,深市,主板,801710.SI,建筑材料,801713.SI,装修建材,装修建材,L,20080910,6571,17.99,10.84,-1.454,7.143,False,True,True,0,0,0,0,True,
002272.SZ,002272,002272,川润股份,主板,深市,主板,801890.SI,机械设备,801072.SI,通用设备,通用设备,L,20080919,6562,17.97,17.01,0.711,12.5,False,True,True,0,0,0,0,True,
002273.SZ,002273,002273,水晶光电,主板,深市,主板,801080.SI,电子,801084.SI,光学光电子,光学光电子,L,20080919,6562,17.97,25.79,3.616,9.091,False,True,True,0,0,0,0,True,
002275.SZ,002275,002275,桂林三金,主板,深市,主板,801150.SI,医药生物,801155.SI,中药Ⅱ,中药Ⅱ,L,20090710,6268,17.16,12.35,-0.081,16.296,False,True,True,0,0,0,0,True,
002276.SZ,002276,002276,万马股份,主板,深市,主板,801730.SI,电力设备,801738.SI,电网设备,电网设备,L,20090710,6268,17.16,10.28,-1.154,11.765,False,True,True,0,0,0,0,True,
002277.SZ,002277,002277,友阿股份,主板,深市,主板,801200.SI,商贸零售,801203.SI,一般零售,一般零售,L,20090717,6261,17.14,6.07,0.831,13.115,False,True,True,0,0,0,0,True,
002278.SZ,002278,002278,神开股份,主板,深市,主板,801890.SI,机械设备,801074.SI,专用设备,专用设备,L,20090811,6236,17.07,8.29,-0.6,10.843,False,True,True,0,0,0,0,True,
002279.SZ,002279,002279,久其软件,主板,深市,主板,801750.SI,计算机,801104.SI,软件开发,软件开发,L,20090811,6236,17.07,7.05,-1.26,7.143,False,True,True,0,0,0,0,True,
002281.SZ,002281,002281,光迅科技,主板,深市,主板,801770.SI,通信,801102.SI,通信设备,通信设备,L,20090821,6226,17.05,184.47,10.0,10.811,False,True,True,0,0,0,0,True,
002282.SZ,002282,002282,博深股份,主板,深市,主板,801890.SI,机械设备,801072.SI,通用设备,通用设备,L,20090821,6226,17.05,6.2,0.649,20.0,False,True,True,0,0,0,0,True,
002283.SZ,002283,002283,天润工业,主板,深市,主板,801880.SI,汽车,801093.SI,汽车零部件,汽车零部件,L,20090821,6226,17.05,8.27,1.224,17.442,False,True,True,0,0,0,0,True,
002284.SZ,002284,002284,亚太股份,主板,深市,主板,801880.SI,汽车,801093.SI,汽车零部件,汽车零部件,L,20090828,6219,17.03,10.15,-0.976,10.0,False,True,True,0,0,0,0,True,
002285.SZ,002285,002285,世联行,主板,深市,主板,801180.SI,房地产,801183.SI,房地产服务,房地产服务,L,20090828,6219,17.03,2.36,-0.422,18.182,False,True,True,0,0,0,0,True,
002286.SZ,002286,002286,保龄宝,主板,深市,主板,801010.SI,农林牧渔,801012.SI,农产品加工,农产品加工,L,20090828,6219,17.03,8.41,2.938,9.756,False,True,True,0,0,0,0,True,
002287.SZ,002287,002287,奇正藏药,主板,深市,主板,801150.SI,医药生物,801155.SI,中药Ⅱ,中药Ⅱ,L,20090828,6219,17.03,19.91,0.05,23.611,False,True,True,0,0,0,0,True,
002290.SZ,002290,002290,禾盛新材,主板,深市,主板,801110.SI,家用电器,801116.SI,家电零部件Ⅱ,家电零部件Ⅱ,L,20090903,6213,17.01,68.05,10.007,16.456,False,True,True,0,0,0,0,True,
002291.SZ,002291,002291,遥望科技,主板,深市,主板,801760.SI,传媒,801765.SI,广告营销,广告营销,L,20090903,6213,17.01,5.82,0.692,13.793,False,True,True,0,0,0,0,True,
002292.SZ,002292,002292,奥飞娱乐,主板,深市,主板,801760.SI,传媒,801766.SI,影视院线,影视院线,L,20090910,6206,16.99,8.65,2.005,7.143,False,True,True,0,0,0,0,True,
002293.SZ,002293,002293,罗莱生活,主板,深市,主板,801130.SI,纺织服饰,801132.SI,服装家纺,服装家纺,L,20090910,6206,16.99,11.21,-1.146,15.888,False,True,True,0,0,0,0,True,
002294.SZ,002294,002294,信立泰,主板,深市,主板,801150.SI,医药生物,801151.SI,化学制药,化学制药,L,20090910,6206,16.99,31.32,-0.318,14.286,False,True,True,0,0,0,0,True,
002295.SZ,002295,002295,精艺股份,主板,深市,主板,801050.SI,有色金属,801055.SI,工业金属,工业金属,L,20090929,6187,16.94,9.57,-1.644,17.347,False,True,True,0,0,0,0,True,
002296.SZ,002296,002296,辉煌科技,主板,深市,主板,801770.SI,通信,801102.SI,通信设备,通信设备,L,20090929,6187,16.94,9.09,0.331,5.556,False,True,True,0,0,0,0,True,
002297.SZ,002297,002297,博云新材,主板,深市,主板,801740.SI,国防军工,801742.SI,航空装备Ⅱ,航空装备Ⅱ,L,20090929,6187,16.94,20.84,-2.251,7.547,False,True,True,0,0,0,0,True,
002298.SZ,002298,002298,中电鑫龙,主板,深市,主板,801750.SI,计算机,801104.SI,软件开发,软件开发,L,20090929,6187,16.94,8.4,-2.552,8.333,False,True,True,0,0,0,0,True,
002299.SZ,002299,002299,圣农发展,主板,深市,主板,801010.SI,农林牧渔,801017.SI,养殖业,养殖业,L,20091021,6165,16.88,17.25,-0.116,10.909,False,True,True,0,0,0,0,True,
002300.SZ,002300,002300,太阳电缆,主板,深市,主板,801730.SI,电力设备,801738.SI,电网设备,电网设备,L,20091021,6165,16.88,8.0,-0.374,15.19,False,True,True,0,0,0,0,True,
002301.SZ,002301,002301,齐心集团,主板,深市,主板,801140.SI,轻工制造,801145.SI,文娱用品,文娱用品,L,20091021,6165,16.88,8.05,0.751,15.584,False,True,True,0,0,0,0,True,
002302.SZ,002302,002302,西部建设,主板,深市,主板,801710.SI,建筑材料,801711.SI,水泥,水泥,L,20091103,6152,16.84,4.78,0.0,32.0,False,True,True,0,0,0,0,True,
002303.SZ,002303,002303,美盈森,主板,深市,主板,801140.SI,轻工制造,801141.SI,包装印刷,包装印刷,L,20091103,6152,16.84,5.25,0.768,13.462,False,True,True,0,0,0,0,True,
002304.SZ,002304,002304,洋河股份,主板,深市,主板,801120.SI,食品饮料,801125.SI,白酒Ⅱ,白酒Ⅱ,L,20091106,6149,16.84,39.5,-0.227,76.19,False,True,True,0,0,0,0,True,
002307.SZ,002307,002307,北新路桥,主板,深市,主板,801720.SI,建筑装饰,801723.SI,基础建设,基础建设,L,20091111,6144,16.82,3.13,1.954,6.667,False,True,True,0,0,0,0,True,
002309.SZ,002309,002309,中利集团,主板,深市,主板,801730.SI,电力设备,801738.SI,电网设备,电网设备,L,20091127,6128,16.78,3.0,0.334,13.333,False,True,True,0,0,0,0,True,
002310.SZ,002310,002310,东方新能,主板,深市,主板,801720.SI,建筑装饰,801723.SI,基础建设,基础建设,L,20091127,6128,16.78,2.31,0.435,16.667,False,True,True,0,0,0,0,True,
002311.SZ,002311,002311,海大集团,主板,深市,主板,801010.SI,农林牧渔,801014.SI,饲料,饲料,L,20091127,6128,16.78,44.3,-0.717,18.966,False,True,True,0,0,0,0,True,
002312.SZ,002312,002312,川发龙蟒,主板,深市,主板,801030.SI,基础化工,801038.SI,农化制品,农化制品,L,20091203,6122,16.76,8.49,0.0,16.471,False,True,True,0,0,0,0,True,
002313.SZ,002313,002313,日海智能,主板,深市,主板,801770.SI,通信,801102.SI,通信设备,通信设备,L,20091203,6122,16.76,8.64,0.582,10.465,False,True,True,0,0,0,0,True,
002314.SZ,002314,002314,南山控股,主板,深市,主板,801180.SI,房地产,801181.SI,房地产开发,房地产开发,L,20091203,6122,16.76,2.25,0.446,14.286,False,True,True,0,0,0,0,True,
002315.SZ,002315,002315,焦点科技,主板,深市,主板,801200.SI,商贸零售,801206.SI,互联网电商,互联网电商,L,20091209,6116,16.74,26.01,-1.701,7.692,False,True,True,0,0,0,0,True,
002316.SZ,002316,002316,亚联发展,主板,深市,主板,801790.SI,非银金融,801191.SI,多元金融,多元金融,L,20091209,6116,16.74,4.5,1.351,9.091,False,True,True,0,0,0,0,True,
002317.SZ,002317,002317,众生药业,主板,深市,主板,801150.SI,医药生物,801155.SI,中药Ⅱ,中药Ⅱ,L,20091211,6114,16.74,25.03,1.583,13.636,False,True,True,0,0,0,0,True,
002318.SZ,002318,002318,久立特材,主板,深市,主板,801040.SI,钢铁,801045.SI,特钢Ⅱ,特钢Ⅱ,L,20091211,6114,16.74,19.11,-3.387,28.358,False,True,True,0,0,0,0,True,
002319.SZ,002319,002319,乐通股份,主板,深市,主板,801030.SI,基础化工,801034.SI,化学制品,化学制品,L,20091211,6114,16.74,10.59,-0.282,5.556,False,True,True,0,0,0,0,True,
002320.SZ,002320,002320,海峡股份,主板,深市,主板,801170.SI,交通运输,801992.SI,航运港口,航运港口,L,20091216,6109,16.73,7.07,-0.282,30.435,False,True,True,0,0,0,0,True,
002321.SZ,002321,002321,华英农业,主板,深市,主板,801010.SI,农林牧渔,801017.SI,养殖业,养殖业,L,20091216,6109,16.73,2.21,3.271,15.0,False,True,True,0,0,0,0,True,
002322.SZ,002322,002322,理工能科,主板,深市,主板,801750.SI,计算机,801104.SI,软件开发,软件开发,L,20091218,6107,16.72,12.75,-0.078,11.29,False,True,True,0,0,0,0,True,
002324.SZ,002324,002324,普利特,主板,深市,主板,801030.SI,基础化工,801036.SI,塑料,塑料,L,20091218,6107,16.72,9.44,4.772,6.522,False,True,True,0,0,0,0,True,
002326.SZ,002326,002326,永太科技,主板,深市,主板,801030.SI,基础化工,801034.SI,化学制品,化学制品,L,20091222,6103,16.71,17.8,0.907,15.183,False,True,True,0,0,0,0,True,
002327.SZ,002327,002327,富安娜,主板,深市,主板,801130.SI,纺织服饰,801132.SI,服装家纺,服装家纺,L,20091230,6095,16.69,6.37,1.111,6.25,False,True,True,0,0,0,0,True,
002328.SZ,002328,002328,新朋股份,主板,深市,主板,801880.SI,汽车,801093.SI,汽车零部件,汽车零部件,L,20091230,6095,16.69,9.56,-4.016,8.163,False,True,True,0,0,0,0,True,
002329.SZ,002329,002329,皇氏集团,主板,深市,主板,801120.SI,食品饮料,801127.SI,饮料乳品,饮料乳品,L,20100106,6088,16.67,4.04,3.856,5.263,False,True,True,0,0,0,0,True,
002330.SZ,002330,002330,得利斯,主板,深市,主板,801120.SI,食品饮料,801124.SI,食品加工,食品加工,L,20100106,6088,16.67,4.36,2.347,9.756,False,True,True,0,0,0,0,True,
002331.SZ,002331,002331,皖通科技,主板,深市,主板,801750.SI,计算机,801103.SI,IT服务Ⅱ,IT服务Ⅱ,L,20100106,6088,16.67,7.19,1.554,11.429,False,True,True,0,0,0,0,True,
002332.SZ,002332,002332,仙琚制药,主板,深市,主板,801150.SI,医药生物,801151.SI,化学制药,化学制药,L,20100112,6082,16.65,8.64,-0.461,5.814,False,True,True,0,0,0,0,True,
002333.SZ,002333,002333,罗普斯金,主板,深市,主板,801710.SI,建筑材料,801713.SI,装修建材,装修建材,L,20100112,6082,16.65,5.55,1.648,10.714,False,True,True,0,0,0,0,True,
002334.SZ,002334,002334,英威腾,主板,深市,主板,801890.SI,机械设备,801078.SI,自动化设备,自动化设备,L,20100113,6081,16.65,6.71,-0.445,10.448,False,True,True,0,0,0,0,True,
002335.SZ,002335,002335,科华数据,主板,深市,主板,801730.SI,电力设备,801733.SI,其他电源设备Ⅱ,其他电源设备Ⅱ,L,20100113,6081,16.65,30.91,2.828,10.526,False,True,True,0,0,0,0,True,
002337.SZ,002337,002337,赛象科技,主板,深市,主板,801890.SI,机械设备,801074.SI,专用设备,专用设备,L,20100115,6079,16.64,4.75,0.423,13.043,False,True,True,0,0,0,0,True,
002338.SZ,002338,002338,奥普光电,主板,深市,主板,801740.SI,国防军工,801745.SI,军工电子Ⅱ,军工电子Ⅱ,L,20100115,6079,16.64,41.06,1.258,13.084,False,True,True,0,0,0,0,True,
002339.SZ,002339,002339,积成电子,主板,深市,主板,801730.SI,电力设备,801738.SI,电网设备,电网设备,L,20100122,6072,16.62,7.57,0.265,6.849,False,True,True,0,0,0,0,True,
002340.SZ,002340,002340,格林美,主板,深市,主板,801730.SI,电力设备,801737.SI,电池,电池,L,20100122,6072,16.62,6.41,-0.774,7.576,False,True,True,0,0,0,0,True,
002342.SZ,002342,002342,巨力索具,主板,深市,主板,801890.SI,机械设备,801072.SI,通用设备,通用设备,L,20100126,6068,16.61,7.74,-1.401,10.256,False,True,True,0,0,0,0,True,
002343.SZ,002343,002343,慈文传媒,主板,深市,主板,801760.SI,传媒,801766.SI,影视院线,影视院线,L,20100126,6068,16.61,5.63,2.178,15.385,False,True,True,0,0,0,0,True,
002344.SZ,002344,002344,海宁皮城,主板,深市,主板,801200.SI,商贸零售,801203.SI,一般零售,一般零售,L,20100126,6068,16.61,4.09,0.491,23.077,False,True,True,0,0,0,0,True,
002345.SZ,002345,002345,潮宏基,主板,深市,主板,801130.SI,纺织服饰,801133.SI,饰品,饰品,L,20100128,6066,16.61,9.36,-3.206,13.0,False,True,True,0,0,0,0,True,
002346.SZ,002346,002346,柘中股份,主板,深市,主板,801730.SI,电力设备,801738.SI,电网设备,电网设备,L,20100128,6066,16.61,18.83,1.073,31.193,False,True,True,0,0,0,0,True,
002347.SZ,002347,002347,泰尔股份,主板,深市,主板,801890.SI,机械设备,801072.SI,通用设备,通用设备,L,20100128,6066,16.61,6.26,0.805,9.836,False,True,True,0,0,0,0,True,
002348.SZ,002348,002348,高乐股份,主板,深市,主板,801140.SI,轻工制造,801145.SI,文娱用品,文娱用品,L,20100203,6060,16.59,10.74,-0.922,13.913,False,True,True,0,0,0,0,True,
002349.SZ,002349,002349,精华制药,主板,深市,主板,801150.SI,医药生物,801155.SI,中药Ⅱ,中药Ⅱ,L,20100203,6060,16.59,7.65,-0.131,15.385,False,True,True,0,0,0,0,True,
002350.SZ,002350,002350,北京科锐,主板,深市,主板,801730.SI,电力设备,801738.SI,电网设备,电网设备,L,20100203,6060,16.59,14.54,-0.274,10.067,False,True,True,0,0,0,0,True,
002351.SZ,002351,002351,漫步者,主板,深市,主板,801080.SI,电子,801085.SI,消费电子,消费电子,L,20100205,6058,16.59,10.11,-0.296,6.0,False,True,True,0,0,0,0,True,
002352.SZ,002352,002352,顺丰控股,主板,深市,主板,801170.SI,交通运输,801178.SI,物流,物流,L,20100205,6058,16.59,31.75,-1.459,76.667,False,True,True,0,0,0,0,True,
002353.SZ,002353,002353,杰瑞股份,主板,深市,主板,801890.SI,机械设备,801074.SI,专用设备,专用设备,L,20100205,6058,16.59,125.36,-0.048,20.69,False,True,True,0,0,0,0,True,
002354.SZ,002354,002354,天娱数科,主板,深市,主板,801760.SI,传媒,801765.SI,广告营销,广告营销,L,20100209,6054,16.57,8.43,-0.237,3.571,False,True,True,0,0,0,0,True,
002355.SZ,002355,002355,兴民智通,主板,深市,主板,801880.SI,汽车,801093.SI,汽车零部件,汽车零部件,L,20100209,6054,16.57,4.92,-0.606,8.333,False,True,True,0,0,0,0,True,
002356.SZ,002356,002356,鹏飞绿能,主板,深市,主板,801200.SI,商贸零售,801203.SI,一般零售,一般零售,L,20100209,6054,16.57,2.85,1.423,15.385,False,True,True,0,0,0,0,True,
002357.SZ,002357,002357,富临运业,主板,深市,主板,801170.SI,交通运输,801179.SI,铁路公路,铁路公路,L,20100210,6053,16.57,11.45,1.327,20.37,False,True,True,0,0,0,0,True,
002358.SZ,002358,002358,森源电气,主板,深市,主板,801730.SI,电力设备,801738.SI,电网设备,电网设备,L,20100210,6053,16.57,5.36,-0.372,7.273,False,True,True,0,0,0,0,True,
002361.SZ,002361,002361,神剑股份,主板,深市,主板,801030.SI,基础化工,801036.SI,塑料,塑料,L,20100303,6032,16.51,10.36,-2.264,5.66,False,True,True,0,0,0,0,True,
002362.SZ,002362,002362,汉王科技,主板,深市,主板,801750.SI,计算机,801104.SI,软件开发,软件开发,L,20100303,6032,16.51,16.22,0.309,13.836,False,True,True,0,0,0,0,True,
002363.SZ,002363,002363,隆基机械,主板,深市,主板,801880.SI,汽车,801093.SI,汽车零部件,汽车零部件,L,20100305,6030,16.51,6.9,-0.145,14.063,False,True,True,0,0,0,0,True,
002364.SZ,002364,002364,中恒电气,主板,深市,主板,801730.SI,电力设备,801733.SI,其他电源设备Ⅱ,其他电源设备Ⅱ,L,20100305,6030,16.51,38.35,2.431,9.524,False,True,True,0,0,0,0,True,
002365.SZ,002365,002365,永安药业,主板,深市,主板,801150.SI,医药生物,801151.SI,化学制药,化学制药,L,20100305,6030,16.51,14.62,1.953,8.108,False,True,True,0,0,0,0,True,
002366.SZ,002366,002366,融发核电,主板,深市,主板,801730.SI,电力设备,801733.SI,其他电源设备Ⅱ,其他电源设备Ⅱ,L,20100312,6023,16.49,5.95,1.884,13.333,False,True,True,0,0,0,0,True,
002367.SZ,002367,002367,康力电梯,主板,深市,主板,801890.SI,机械设备,801074.SI,专用设备,专用设备,L,20100312,6023,16.49,5.76,0.174,17.544,False,True,True,0,0,0,0,True,
002368.SZ,002368,002368,太极股份,主板,深市,主板,801750.SI,计算机,801103.SI,IT服务Ⅱ,IT服务Ⅱ,L,20100312,6023,16.49,13.92,-1.972,14.286,False,True,True,0,0,0,0,True,
002369.SZ,002369,002369,卓翼科技,主板,深市,主板,801080.SI,电子,801085.SI,消费电子,消费电子,L,20100316,6019,16.48,6.18,0.0,9.677,False,True,True,0,0,0,0,True,
002370.SZ,002370,002370,亚太药业,主板,深市,主板,801150.SI,医药生物,801151.SI,化学制药,化学制药,L,20100316,6019,16.48,5.4,0.185,12.281,False,True,True,0,0,0,0,True,
002371.SZ,002371,002371,北方华创,主板,深市,主板,801080.SI,电子,801081.SI,半导体,半导体,L,20100316,6019,16.48,660.65,3.523,26.316,False,True,True,0,0,0,0,True,
002372.SZ,002372,002372,伟星新材,主板,深市,主板,801710.SI,建筑材料,801713.SI,装修建材,装修建材,L,20100318,6017,16.47,8.53,-1.615,27.907,False,True,True,0,0,0,0,True,
002373.SZ,002373,002373,千方科技,主板,深市,主板,801750.SI,计算机,801103.SI,IT服务Ⅱ,IT服务Ⅱ,L,20100318,6017,16.47,7.64,-1.419,13.158,False,True,True,0,0,0,0,True,
002374.SZ,002374,002374,中锐股份,主板,深市,主板,801140.SI,轻工制造,801141.SI,包装印刷,包装印刷,L,20100318,6017,16.47,3.14,0.641,9.677,False,True,True,0,0,0,0,True,
002375.SZ,002375,002375,亚厦股份,主板,深市,主板,801720.SI,建筑装饰,801722.SI,装修装饰Ⅱ,装修装饰Ⅱ,L,20100323,6012,16.46,3.86,0.783,25.0,False,True,True,0,0,0,0,True,
002376.SZ,002376,002376,新北洋,主板,深市,主板,801750.SI,计算机,801101.SI,计算机设备,计算机设备,L,20100323,6012,16.46,6.64,-0.599,9.091,False,True,True,0,0,0,0,True,
002377.SZ,002377,002377,国创高新,主板,深市,主板,801960.SI,石油石化,801963.SI,炼化及贸易,炼化及贸易,L,20100323,6012,16.46,2.74,-0.364,7.407,False,True,True,0,0,0,0,True,
002378.SZ,002378,002378,章源钨业,主板,深市,主板,801050.SI,有色金属,801054.SI,小金属,小金属,L,20100331,6004,16.44,23.99,1.224,12.5,False,True,True,0,0,0,0,True,
002379.SZ,002379,002379,宏桥控股,主板,深市,主板,801050.SI,有色金属,801055.SI,工业金属,工业金属,L,20100331,6004,16.44,18.61,-1.742,7.447,False,True,True,0,0,0,0,True,
002380.SZ,002380,002380,科远智慧,主板,深市,主板,801750.SI,计算机,801103.SI,IT服务Ⅱ,IT服务Ⅱ,L,20100331,6004,16.44,28.25,-3.154,8.451,False,True,True,0,0,0,0,True,
002381.SZ,002381,002381,双箭股份,主板,深市,主板,801030.SI,基础化工,801037.SI,橡胶,橡胶,L,20100402,6002,16.43,5.6,0.0,9.091,False,True,True,0,0,0,0,True,
002382.SZ,002382,002382,蓝帆医疗,主板,深市,主板,801150.SI,医药生物,801153.SI,医疗器械,医疗器械,L,20100402,6002,16.43,5.9,-0.84,10.345,False,True,True,0,0,0,0,True,
002383.SZ,002383,002383,合众思壮,主板,深市,主板,801740.SI,国防军工,801745.SI,军工电子Ⅱ,军工电子Ⅱ,L,20100402,6002,16.43,7.1,-1.114,8.571,False,True,True,0,0,0,0,True,
002384.SZ,002384,002384,东山精密,主板,深市,主板,801080.SI,电子,801083.SI,元件,元件,L,20100409,5995,16.41,190.55,6.649,10.619,False,True,True,0,0,0,0,True,
002385.SZ,002385,002385,大北农,主板,深市,主板,801010.SI,农林牧渔,801014.SI,饲料,饲料,L,20100409,5995,16.41,3.5,1.156,12.121,False,True,True,0,0,0,0,True,
002386.SZ,002386,002386,天原股份,主板,深市,主板,801030.SI,基础化工,801033.SI,化学原料,化学原料,L,20100409,5995,16.41,5.87,0.171,6.78,False,True,True,0,0,0,0,True,
002387.SZ,002387,002387,维信诺,主板,深市,主板,801080.SI,电子,801084.SI,光学光电子,光学光电子,L,20100413,5991,16.4,7.06,0.57,22.222,False,True,True,0,0,0,0,True,
002388.SZ,002388,002388,新亚制程,主板,深市,主板,801080.SI,电子,801082.SI,其他电子Ⅱ,其他电子Ⅱ,L,20100413,5991,16.4,6.45,4.2,6.25,False,True,True,0,0,0,0,True,
002389.SZ,002389,002389,航天彩虹,主板,深市,主板,801740.SI,国防军工,801742.SI,航空装备Ⅱ,航空装备Ⅱ,L,20100413,5991,16.4,19.1,0.632,7.527,False,True,True,0,0,0,0,True,
002390.SZ,002390,002390,信邦制药,主板,深市,主板,801150.SI,医药生物,801155.SI,中药Ⅱ,中药Ⅱ,L,20100416,5988,16.39,3.01,0.333,13.333,False,True,True,0,0,0,0,True,
002391.SZ,002391,002391,长青股份,主板,深市,主板,801030.SI,基础化工,801038.SI,农化制品,农化制品,L,20100416,5988,16.39,5.39,0.372,5.769,False,True,True,0,0,0,0,True,
002392.SZ,002392,002392,北京利尔,主板,深市,主板,801710.SI,建筑材料,801713.SI,装修建材,装修建材,L,20100423,5981,16.38,7.81,-0.762,18.182,False,True,True,0,0,0,0,True,
002393.SZ,002393,002393,力生制药,主板,深市,主板,801150.SI,医药生物,801151.SI,化学制药,化学制药,L,20100423,5981,16.38,13.97,-0.071,21.918,False,True,True,0,0,0,0,True,
002394.SZ,002394,002394,联发股份,主板,深市,主板,801130.SI,纺织服饰,801131.SI,纺织制造,纺织制造,L,20100423,5981,16.38,10.82,0.464,19.0,False,True,True,0,0,0,0,True,
002395.SZ,002395,002395,双象股份,主板,深市,主板,801030.SI,基础化工,801036.SI,塑料,塑料,L,20100429,5975,16.36,13.32,0.909,12.698,False,True,True,0,0,0,0,True,
002396.SZ,002396,002396,星网锐捷,主板,深市,主板,801770.SI,通信,801102.SI,通信设备,通信设备,L,20100623,5920,16.21,38.14,3.053,8.136,False,True,True,0,0,0,0,True,
002397.SZ,002397,002397,梦洁股份,主板,深市,主板,801130.SI,纺织服饰,801132.SI,服装家纺,服装家纺,L,20100429,5975,16.36,3.9,0.0,8.333,False,True,True,0,0,0,0,True,
002398.SZ,002398,002398,垒知集团,主板,深市,主板,801710.SI,建筑材料,801713.SI,装修建材,装修建材,L,20100506,5968,16.34,4.25,0.236,9.756,False,True,True,0,0,0,0,True,
002399.SZ,002399,002399,海普瑞,主板,深市,主板,801150.SI,医药生物,801151.SI,化学制药,化学制药,L,20100506,5968,16.34,9.84,0.102,23.077,False,True,True,0,0,0,0,True,
002400.SZ,002400,002400,省广集团,主板,深市,主板,801760.SI,传媒,801765.SI,广告营销,广告营销,L,20100506,5968,16.34,6.8,0.89,7.463,False,True,True,0,0,0,0,True,
002401.SZ,002401,002401,中远海科,主板,深市,主板,801750.SI,计算机,801103.SI,IT服务Ⅱ,IT服务Ⅱ,L,20100506,5968,16.34,12.37,-0.563,10.0,False,True,True,0,0,0,0,True,
002402.SZ,002402,002402,和而泰,主板,深市,主板,801080.SI,电子,801085.SI,消费电子,消费电子,L,20100511,5963,16.33,18.86,0.212,15.625,False,True,True,0,0,0,0,True,
002403.SZ,002403,002403,爱仕达,主板,深市,主板,801110.SI,家用电器,801113.SI,小家电,小家电,L,20100511,5963,16.33,12.41,10.018,34.375,False,True,True,0,0,0,0,True,
002404.SZ,002404,002404,嘉欣丝绸,主板,深市,主板,801130.SI,纺织服饰,801132.SI,服装家纺,服装家纺,L,20100511,5963,16.33,5.86,-0.17,5.172,False,True,True,0,0,0,0,True,
002405.SZ,002405,002405,四维图新,主板,深市,主板,801750.SI,计算机,801104.SI,软件开发,软件开发,L,20100518,5956,16.31,6.27,-0.948,12.5,False,True,True,0,0,0,0,True,
002406.SZ,002406,002406,远东传动,主板,深市,主板,801880.SI,汽车,801093.SI,汽车零部件,汽车零部件,L,20100518,5956,16.31,6.76,-1.17,7.463,False,True,True,0,0,0,0,True,
002407.SZ,002407,002407,多氟多,主板,深市,主板,801030.SI,基础化工,801034.SI,化学制品,化学制品,L,20100518,5956,16.31,33.3,1.524,8.721,False,True,True,0,0,0,0,True,
002408.SZ,002408,002408,齐翔腾达,主板,深市,主板,801960.SI,石油石化,801963.SI,炼化及贸易,炼化及贸易,L,20100518,5956,16.31,5.42,-0.368,21.569,False,True,True,0,0,0,0,True,
002409.SZ,002409,002409,雅克科技,主板,深市,主板,801080.SI,电子,801081.SI,半导体,半导体,L,20100525,5949,16.29,131.0,3.459,13.913,False,True,True,0,0,0,0,True,
002410.SZ,002410,002410,广联达,主板,深市,主板,801750.SI,计算机,801104.SI,软件开发,软件开发,L,20100525,5949,16.29,8.81,-0.564,13.636,False,True,True,0,0,0,0,True,
002412.SZ,002412,002412,汉森制药,主板,深市,主板,801150.SI,医药生物,801155.SI,中药Ⅱ,中药Ⅱ,L,20100525,5949,16.29,9.74,0.62,10.101,False,True,True,0,0,0,0,True,
002413.SZ,002413,002413,雷科防务,主板,深市,主板,801740.SI,国防军工,801745.SI,军工电子Ⅱ,军工电子Ⅱ,L,20100528,5946,16.28,8.06,-0.739,13.58,False,True,True,0,0,0,0,True,
002414.SZ,002414,002414,高德红外,主板,深市,主板,801740.SI,国防军工,801745.SI,军工电子Ⅱ,军工电子Ⅱ,L,20100716,5897,16.15,12.49,-0.399,9.848,False,True,True,0,0,0,0,True,
002415.SZ,002415,002415,海康威视,主板,深市,主板,801750.SI,计算机,801101.SI,计算机设备,计算机设备,L,20100528,5946,16.28,34.87,0.0,17.544,False,True,True,0,0,0,0,True,
002416.SZ,002416,002416,爱施德,主板,深市,主板,801200.SI,商贸零售,801204.SI,专业连锁Ⅱ,专业连锁Ⅱ,L,20100528,5946,16.28,9.69,1.679,11.458,False,True,True,0,0,0,0,True,
002418.SZ,002418,002418,康盛股份,主板,深市,主板,801110.SI,家用电器,801116.SI,家电零部件Ⅱ,家电零部件Ⅱ,L,20100601,5942,16.27,5.33,2.303,11.321,False,True,True,0,0,0,0,True,
002419.SZ,002419,002419,天虹股份,主板,深市,主板,801200.SI,商贸零售,801203.SI,一般零售,一般零售,L,20100601,5942,16.27,4.88,2.092,19.565,False,True,True,0,0,0,0,True,
002420.SZ,002420,002420,毅昌科技,主板,深市,主板,801110.SI,家用电器,801116.SI,家电零部件Ⅱ,家电零部件Ⅱ,L,20100601,5942,16.27,6.16,0.163,15.517,False,True,True,0,0,0,0,True,
002421.SZ,002421,002421,达实智能,主板,深市,主板,801750.SI,计算机,801103.SI,IT服务Ⅱ,IT服务Ⅱ,L,20100603,5940,16.26,3.38,0.0,8.824,False,True,True,0,0,0,0,True,
002422.SZ,002422,002422,科伦药业,主板,深市,主板,801150.SI,医药生物,801151.SI,化学制药,化学制药,L,20100603,5940,16.26,41.54,-0.906,12.613,False,True,True,0,0,0,0,True,
002423.SZ,002423,002423,中粮资本,主板,深市,主板,801790.SI,非银金融,801191.SI,多元金融,多元金融,L,20100603,5940,16.26,9.7,-1.323,20.833,False,True,True,0,0,0,0,True,
002425.SZ,002425,002425,凯撒文化,主板,深市,主板,801760.SI,传媒,801764.SI,游戏Ⅱ,游戏Ⅱ,L,20100608,5935,16.25,3.44,0.88,11.765,False,True,True,0,0,0,0,True,
002426.SZ,002426,002426,胜利精密,主板,深市,主板,801080.SI,电子,801085.SI,消费电子,消费电子,L,20100608,5935,16.25,2.7,1.124,11.111,False,True,True,0,0,0,0,True,
002427.SZ,002427,002427,尤夫股份,主板,深市,主板,801030.SI,基础化工,801032.SI,化学纤维,化学纤维,L,20100608,5935,16.25,4.98,1.22,18.75,False,True,True,0,0,0,0,True,
002428.SZ,002428,002428,云南锗业,主板,深市,主板,801050.SI,有色金属,801054.SI,小金属,小金属,L,20100608,5935,16.25,92.0,5.638,12.712,False,True,True,0,0,0,0,True,
002429.SZ,002429,002429,兆驰股份,主板,深市,主板,801110.SI,家用电器,801112.SI,黑色家电,黑色家电,L,20100610,5933,16.24,7.96,1.401,37.349,False,True,True,0,0,0,0,True,
002430.SZ,002430,002430,杭氧股份,主板,深市,主板,801030.SI,基础化工,801034.SI,化学制品,化学制品,L,20100610,5933,16.24,26.64,-2.382,16.923,False,True,True,0,0,0,0,True,
002432.SZ,002432,002432,九安医疗,主板,深市,主板,801150.SI,医药生物,801153.SI,医疗器械,医疗器械,L,20100610,5933,16.24,69.6,2.959,7.895,False,True,True,0,0,0,0,True,
002434.SZ,002434,002434,万里扬,主板,深市,主板,801880.SI,汽车,801093.SI,汽车零部件,汽车零部件,L,20100618,5925,16.22,5.82,0.0,25.424,False,True,True,0,0,0,0,True,
002436.SZ,002436,002436,兴森科技,主板,深市,主板,801080.SI,电子,801083.SI,元件,元件,L,20100618,5925,16.22,36.75,9.997,6.897,False,True,True,0,0,0,0,True,
002437.SZ,002437,002437,誉衡药业,主板,深市,主板,801150.SI,医药生物,801151.SI,化学制药,化学制药,L,20100623,5920,16.21,3.95,0.254,12.5,False,True,True,0,0,0,0,True,
002438.SZ,002438,002438,江苏神通,主板,深市,主板,801890.SI,机械设备,801072.SI,通用设备,通用设备,L,20100623,5920,16.21,14.11,-2.891,8.511,False,True,True,0,0,0,0,True,
002439.SZ,002439,002439,启明星辰,主板,深市,主板,801750.SI,计算机,801104.SI,软件开发,软件开发,L,20100623,5920,16.21,13.43,-0.518,8.824,False,True,True,0,0,0,0,True,
002440.SZ,002440,002440,闰土股份,主板,深市,主板,801030.SI,基础化工,801034.SI,化学制品,化学制品,L,20100706,5907,16.17,12.57,-5.489,10.526,False,True,True,0,0,0,0,True,
002441.SZ,002441,002441,众业达,主板,深市,主板,801730.SI,电力设备,801738.SI,电网设备,电网设备,L,20100706,5907,16.17,8.34,0.361,10.0,False,True,True,0,0,0,0,True,
002442.SZ,002442,002442,龙星科技,主板,深市,主板,801030.SI,基础化工,801037.SI,橡胶,橡胶,L,20100706,5907,16.17,5.24,0.191,16.0,False,True,True,0,0,0,0,True,
002443.SZ,002443,002443,金洲管道,主板,深市,主板,801040.SI,钢铁,801045.SI,特钢Ⅱ,特钢Ⅱ,L,20100706,5907,16.17,11.55,7.542,18.627,False,True,True,0,0,0,0,True,
002444.SZ,002444,002444,巨星科技,主板,深市,主板,801890.SI,机械设备,801072.SI,通用设备,通用设备,L,20100713,5900,16.15,29.3,-4.092,12.0,False,True,True,0,0,0,0,True,
002446.SZ,002446,002446,盛路通信,主板,深市,主板,801740.SI,国防军工,801745.SI,军工电子Ⅱ,军工电子Ⅱ,L,20100713,5900,16.15,8.07,-1.224,11.905,False,True,True,0,0,0,0,True,
002448.SZ,002448,002448,中原内配,主板,深市,主板,801880.SI,汽车,801093.SI,汽车零部件,汽车零部件,L,20100716,5897,16.15,11.96,2.573,10.744,False,True,True,0,0,0,0,True,
002449.SZ,002449,002449,国星光电,主板,深市,主板,801080.SI,电子,801084.SI,光学光电子,光学光电子,L,20100716,5897,16.15,6.58,0.766,9.231,False,True,True,0,0,0,0,True,
002451.SZ,002451,002451,摩恩电气,主板,深市,主板,801730.SI,电力设备,801738.SI,电网设备,电网设备,L,20100720,5893,16.13,7.75,0.0,10.256,False,True,True,0,0,0,0,True,
002452.SZ,002452,002452,长高电气,主板,深市,主板,801730.SI,电力设备,801738.SI,电网设备,电网设备,L,20100720,5893,16.13,12.22,3.472,8.696,False,True,True,0,0,0,0,True,
002453.SZ,002453,002453,华软科技,主板,深市,主板,801030.SI,基础化工,801034.SI,化学制品,化学制品,L,20100720,5893,16.13,4.55,1.111,13.953,False,True,True,0,0,0,0,True,
002454.SZ,002454,002454,松芝股份,主板,深市,主板,801880.SI,汽车,801093.SI,汽车零部件,汽车零部件,L,20100720,5893,16.13,5.1,-0.196,25.49,False,True,True,0,0,0,0,True,
002455.SZ,002455,002455,百川股份,主板,深市,主板,801030.SI,基础化工,801034.SI,化学制品,化学制品,L,20100803,5879,16.1,7.74,0.389,7.692,False,True,True,0,0,0,0,True,
002456.SZ,002456,002456,欧菲光,主板,深市,主板,801080.SI,电子,801084.SI,光学光电子,光学光电子,L,20100803,5879,16.1,7.53,0.266,10.811,False,True,True,0,0,0,0,True,
002457.SZ,002457,002457,青龙管业,主板,深市,主板,801710.SI,建筑材料,801713.SI,装修建材,装修建材,L,20100803,5879,16.1,12.12,0.497,9.167,False,True,True,0,0,0,0,True,
002458.SZ,002458,002458,益生股份,主板,深市,主板,801010.SI,农林牧渔,801017.SI,养殖业,养殖业,L,20100810,5872,16.08,9.19,0.878,7.692,False,True,True,0,0,0,0,True,
002459.SZ,002459,002459,晶澳科技,主板,深市,主板,801730.SI,电力设备,801735.SI,光伏设备,光伏设备,L,20100810,5872,16.08,6.86,1.932,26.316,False,True,True,0,0,0,0,True,
002460.SZ,002460,002460,赣锋锂业,主板,深市,主板,801050.SI,有色金属,801056.SI,能源金属,能源金属,L,20100810,5872,16.08,48.86,-0.469,11.429,False,True,True,0,0,0,0,True,
002461.SZ,002461,002461,珠江啤酒,主板,深市,主板,801120.SI,食品饮料,801126.SI,非白酒,非白酒,L,20100818,5864,16.05,8.72,0.461,20.652,False,True,True,0,0,0,0,True,
002462.SZ,002462,002462,嘉事堂,主板,深市,主板,801150.SI,医药生物,801154.SI,医药商业,医药商业,L,20100818,5864,16.05,12.4,0.895,15.702,False,True,True,0,0,0,0,True,
002463.SZ,002463,002463,沪电股份,主板,深市,主板,801080.SI,电子,801083.SI,元件,元件,L,20100818,5864,16.05,122.65,10.0,9.396,False,True,True,0,0,0,0,True,
002465.SZ,002465,002465,海格通信,主板,深市,主板,801740.SI,国防军工,801745.SI,军工电子Ⅱ,军工电子Ⅱ,L,20100831,5851,16.02,9.96,-0.4,8.0,False,True,True,0,0,0,0,True,
002466.SZ,002466,002466,天齐锂业,主板,深市,主板,801050.SI,有色金属,801056.SI,能源金属,能源金属,L,20100831,5851,16.02,45.26,-0.199,8.333,False,True,True,0,0,0,0,True,
002467.SZ,002467,002467,二六三,主板,深市,主板,801770.SI,通信,801223.SI,通信服务,通信服务,L,20100908,5843,16.0,4.77,-0.209,8.333,False,True,True,0,0,0,0,True,
002468.SZ,002468,002468,申通快递,主板,深市,主板,801170.SI,交通运输,801178.SI,物流,物流,L,20100908,5843,16.0,14.33,0.14,17.143,False,True,True,0,0,0,0,True,
002469.SZ,002469,002469,三维化学,主板,深市,主板,801720.SI,建筑装饰,801724.SI,专业工程,专业工程,L,20100908,5843,16.0,6.43,1.74,14.062,False,True,True,0,0,0,0,True,
002470.SZ,002470,002470,金正大,主板,深市,主板,801030.SI,基础化工,801038.SI,农化制品,农化制品,L,20100908,5843,16.0,2.3,10.048,14.286,False,True,True,0,0,0,0,True,
002471.SZ,002471,002471,中超控股,主板,深市,主板,801730.SI,电力设备,801738.SI,电网设备,电网设备,L,20100910,5841,15.99,5.72,-1.209,8.929,False,True,True,0,0,0,0,True,
002472.SZ,002472,002472,双环传动,主板,深市,主板,801880.SI,汽车,801093.SI,汽车零部件,汽车零部件,L,20100910,5841,15.99,37.62,-1.13,9.211,False,True,True,0,0,0,0,True,
002474.SZ,002474,002474,榕基软件,主板,深市,主板,801750.SI,计算机,801103.SI,IT服务Ⅱ,IT服务Ⅱ,L,20100915,5836,15.98,6.52,-0.61,6.154,False,True,True,0,0,0,0,True,
002475.SZ,002475,002475,立讯精密,主板,深市,主板,801080.SI,电子,801085.SI,消费电子,消费电子,L,20100915,5836,15.98,55.93,3.002,20.833,False,True,True,0,0,0,0,True,
002476.SZ,002476,002476,新叶股份,主板,深市,主板,801960.SI,石油石化,801963.SI,炼化及贸易,炼化及贸易,L,20100915,5836,15.98,5.29,2.918,16.0,False,True,True,0,0,0,0,True,
002478.SZ,002478,002478,常宝股份,主板,深市,主板,801040.SI,钢铁,801045.SI,特钢Ⅱ,特钢Ⅱ,L,20100921,5830,15.96,6.86,-2.14,11.594,False,True,True,0,0,0,0,True,
002479.SZ,002479,002479,富春环保,主板,深市,主板,801160.SI,公用事业,801161.SI,电力,电力,L,20100921,5830,15.96,6.0,-0.826,15.517,False,True,True,0,0,0,0,True,
002480.SZ,002480,002480,新筑股份,主板,深市,主板,801160.SI,公用事业,801161.SI,电力,电力,L,20100921,5830,15.96,5.39,0.372,16.364,False,True,True,0,0,0,0,True,
002481.SZ,002481,002481,双塔食品,主板,深市,主板,801010.SI,农林牧渔,801012.SI,农产品加工,农产品加工,L,20100921,5830,15.96,4.5,3.211,11.905,False,True,True,0,0,0,0,True,
002482.SZ,002482,002482,广田集团,主板,深市,主板,801720.SI,建筑装饰,801722.SI,装修装饰Ⅱ,装修装饰Ⅱ,L,20100929,5822,15.94,1.34,1.515,15.385,False,True,True,0,0,0,0,True,
002483.SZ,002483,002483,润邦股份,主板,深市,主板,801890.SI,机械设备,801074.SI,专用设备,专用设备,L,20100929,5822,15.94,6.02,10.055,16.364,False,True,True,0,0,0,0,True,
002484.SZ,002484,002484,江海股份,主板,深市,主板,801080.SI,电子,801083.SI,元件,元件,L,20100929,5822,15.94,61.95,9.996,13.953,False,True,True,0,0,0,0,True,
002486.SZ,002486,002486,嘉麟杰,主板,深市,主板,801130.SI,纺织服饰,801132.SI,服装家纺,服装家纺,L,20101015,5806,15.9,3.0,0.334,20.69,False,True,True,0,0,0,0,True,
002487.SZ,002487,002487,大金重工,主板,深市,主板,801730.SI,电力设备,801736.SI,风电设备,风电设备,L,20101015,5806,15.9,33.24,0.06,21.739,False,True,True,0,0,0,0,True,
002488.SZ,002488,002488,金固股份,主板,深市,主板,801880.SI,汽车,801093.SI,汽车零部件,汽车零部件,L,20101021,5800,15.88,8.1,-1.34,11.905,False,True,True,0,0,0,0,True,
002489.SZ,002489,002489,浙江永强,主板,深市,主板,801140.SI,轻工制造,801142.SI,家居用品,家居用品,L,20101021,5800,15.88,2.8,0.0,35.714,False,True,True,0,0,0,0,True,
002490.SZ,002490,002490,山东墨龙,主板,深市,主板,801890.SI,机械设备,801074.SI,专用设备,专用设备,L,20101021,5800,15.88,7.83,0.513,11.111,False,True,True,0,0,0,0,True,
002491.SZ,002491,002491,通鼎互联,主板,深市,主板,801770.SI,通信,801102.SI,通信设备,通信设备,L,20101021,5800,15.88,21.1,3.533,8.019,False,True,True,0,0,0,0,True,
002492.SZ,002492,002492,恒基达鑫,主板,深市,主板,801170.SI,交通运输,801178.SI,物流,物流,L,20101102,5788,15.85,6.05,1.51,14.286,False,True,True,0,0,0,0,True,
002493.SZ,002493,002493,荣盛石化,主板,深市,主板,801960.SI,石油石化,801963.SI,炼化及贸易,炼化及贸易,L,20101102,5788,15.85,13.99,-2.712,30.0,False,True,True,0,0,0,0,True,
002494.SZ,002494,002494,华斯股份,主板,深市,主板,801130.SI,纺织服饰,801132.SI,服装家纺,服装家纺,L,20101102,5788,15.85,4.86,1.25,6.25,False,True,True,0,0,0,0,True,
002495.SZ,002495,002495,佳隆股份,主板,深市,主板,801120.SI,食品饮料,801129.SI,调味发酵品Ⅱ,调味发酵品Ⅱ,L,20101102,5788,15.85,2.45,1.24,8.333,False,True,True,0,0,0,0,True,
002497.SZ,002497,002497,雅化集团,主板,深市,主板,801030.SI,基础化工,801034.SI,化学制品,化学制品,L,20101109,5781,15.83,17.73,-0.839,7.937,False,True,True,0,0,0,0,True,
002498.SZ,002498,002498,汉缆股份,主板,深市,主板,801730.SI,电力设备,801738.SI,电网设备,电网设备,L,20101109,5781,15.83,6.44,-2.572,11.94,False,True,True,0,0,0,0,True,
002500.SZ,002500,002500,山西证券,主板,深市,主板,801790.SI,非银金融,801193.SI,证券Ⅱ,证券Ⅱ,L,20101115,5775,15.81,5.34,-1.476,12.963,False,True,True,0,0,0,0,True,
002506.SZ,002506,002506,协鑫集成,主板,深市,主板,801730.SI,电力设备,801735.SI,光伏设备,光伏设备,L,20101118,5772,15.8,2.58,1.976,7.692,False,True,True,0,0,0,0,True,
002507.SZ,002507,002507,涪陵榨菜,主板,深市,主板,801120.SI,食品饮料,801129.SI,调味发酵品Ⅱ,调味发酵品Ⅱ,L,20101123,5767,15.79,11.41,0.529,10.345,False,True,True,0,0,0,0,True,
002508.SZ,002508,002508,老板电器,主板,深市,主板,801110.SI,家用电器,801114.SI,厨卫电器,厨卫电器,L,20101123,5767,15.79,15.92,-0.81,25.0,False,True,True,0,0,0,0,True,
002510.SZ,002510,002510,天汽模,主板,深市,主板,801880.SI,汽车,801093.SI,汽车零部件,汽车零部件,L,20101125,5765,15.78,5.69,-0.524,8.929,False,True,True,0,0,0,0,True,
002511.SZ,002511,002511,中顺洁柔,主板,深市,主板,801980.SI,美容护理,801981.SI,个护用品,个护用品,L,20101125,5765,15.78,7.25,1.969,19.444,False,True,True,0,0,0,0,True,
002513.SZ,002513,002513,蓝丰生化,主板,深市,主板,801030.SI,基础化工,801038.SI,农化制品,农化制品,L,20101203,5757,15.76,5.48,1.482,16.981,False,True,True,0,0,0,0,True,
002515.SZ,002515,002515,金字火腿,主板,深市,主板,801120.SI,食品饮料,801124.SI,食品加工,食品加工,L,20101203,5757,15.76,8.16,9.973,8.974,False,True,True,0,0,0,0,True,
002516.SZ,002516,002516,旷达科技,主板,深市,主板,801880.SI,汽车,801093.SI,汽车零部件,汽车零部件,L,20101207,5753,15.75,5.88,8.688,14.545,False,True,True,0,0,0,0,True,
002517.SZ,002517,002517,恺英网络,主板,深市,主板,801760.SI,传媒,801764.SI,游戏Ⅱ,游戏Ⅱ,L,20101207,5753,15.75,17.63,1.264,7.018,False,True,True,0,0,0,0,True,
002518.SZ,002518,002518,科士达,主板,深市,主板,801730.SI,电力设备,801733.SI,其他电源设备Ⅱ,其他电源设备Ⅱ,L,20101207,5753,15.75,36.82,1.6,13.559,False,True,True,0,0,0,0,True,
002519.SZ,002519,002519,银河电子,主板,深市,主板,801740.SI,国防军工,801743.SI,地面兵装Ⅱ,地面兵装Ⅱ,L,20101207,5753,15.75,5.66,-1.049,12.5,False,True,True,0,0,0,0,True,
002520.SZ,002520,002520,日发精机,主板,深市,主板,801890.SI,机械设备,801072.SI,通用设备,通用设备,L,20101210,5750,15.74,6.46,0.938,9.375,False,True,True,0,0,0,0,True,
002521.SZ,002521,002521,齐峰新材,主板,深市,主板,801140.SI,轻工制造,801143.SI,造纸,造纸,L,20101210,5750,15.74,6.59,0.152,13.235,False,True,True,0,0,0,0,True,
002522.SZ,002522,002522,浙江众成,主板,深市,主板,801030.SI,基础化工,801036.SI,塑料,塑料,L,20101210,5750,15.74,5.22,0.578,7.692,False,True,True,0,0,0,0,True,
002523.SZ,002523,002523,天桥起重,主板,深市,主板,801890.SI,机械设备,801074.SI,专用设备,专用设备,L,20101210,5750,15.74,3.57,-1.108,12.121,False,True,True,0,0,0,0,True,
002524.SZ,002524,002524,光正眼科,主板,深市,主板,801150.SI,医药生物,801156.SI,医疗服务,医疗服务,L,20101217,5743,15.72,4.11,1.232,12.5,False,True,True,0,0,0,0,True,
002526.SZ,002526,002526,山东矿机,主板,深市,主板,801890.SI,机械设备,801074.SI,专用设备,专用设备,L,20101217,5743,15.72,2.72,-0.366,11.111,False,True,True,0,0,0,0,True,
002527.SZ,002527,002527,新时达,主板,深市,主板,801890.SI,机械设备,801074.SI,专用设备,专用设备,L,20101224,5736,15.7,11.37,2.896,25.0,False,True,True,0,0,0,0,True,
002530.SZ,002530,002530,金财互联,主板,深市,主板,801890.SI,机械设备,801074.SI,专用设备,专用设备,L,20101231,5729,15.69,7.46,-0.93,10.959,False,True,True,0,0,0,0,True,
002531.SZ,002531,002531,天顺风能,主板,深市,主板,801730.SI,电力设备,801736.SI,风电设备,风电设备,L,20101231,5729,15.69,6.3,1.613,21.875,False,True,True,0,0,0,0,True,
002532.SZ,002532,002532,天山铝业,主板,深市,主板,801050.SI,有色金属,801055.SI,工业金属,工业金属,L,20101231,5729,15.69,12.96,-1.295,10.078,False,True,True,0,0,0,0,True,
002533.SZ,002533,002533,金杯电工,主板,深市,主板,801730.SI,电力设备,801738.SI,电网设备,电网设备,L,20101231,5729,15.69,11.19,-0.622,12.281,False,True,True,0,0,0,0,True,
002534.SZ,002534,002534,西子洁能,主板,深市,主板,801730.SI,电力设备,801733.SI,其他电源设备Ⅱ,其他电源设备Ⅱ,L,20110110,5719,15.66,16.97,4.11,22.642,False,True,True,0,0,0,0,True,
002535.SZ,002535,002535,林州重机,主板,深市,主板,801890.SI,机械设备,801074.SI,专用设备,专用设备,L,20110111,5718,15.66,2.59,2.778,16.0,False,True,True,0,0,0,0,True,
002536.SZ,002536,002536,飞龙股份,主板,深市,主板,801880.SI,汽车,801093.SI,汽车零部件,汽车零部件,L,20110111,5718,15.66,57.37,-1.528,12.821,False,True,True,0,0,0,0,True,
002537.SZ,002537,002537,海联金汇,主板,深市,主板,801880.SI,汽车,801093.SI,汽车零部件,汽车零部件,L,20110110,5719,15.66,6.4,-3.03,14.516,False,True,True,0,0,0,0,True,
002539.SZ,002539,002539,云图控股,主板,深市,主板,801030.SI,基础化工,801038.SI,农化制品,农化制品,L,20110118,5711,15.64,13.05,-2.612,18.11,False,True,True,0,0,0,0,True,
002540.SZ,002540,002540,亚太科技,主板,深市,主板,801050.SI,有色金属,801055.SI,工业金属,工业金属,L,20110118,5711,15.64,5.23,1.751,17.647,False,True,True,0,0,0,0,True,
002541.SZ,002541,002541,鸿路钢构,主板,深市,主板,801720.SI,建筑装饰,801724.SI,专业工程,专业工程,L,20110118,5711,15.64,20.35,-1.453,10.0,False,True,True,0,0,0,0,True,
002543.SZ,002543,002543,万和电气,主板,深市,主板,801110.SI,家用电器,801114.SI,厨卫电器,厨卫电器,L,20110128,5701,15.61,7.36,-1.208,16.438,False,True,True,0,0,0,0,True,
002544.SZ,002544,002544,普天科技,主板,深市,主板,801770.SI,通信,801223.SI,通信服务,通信服务,L,20110128,5701,15.61,15.84,-0.752,17.073,False,True,True,0,0,0,0,True,
002545.SZ,002545,002545,东方铁塔,主板,深市,主板,801030.SI,基础化工,801038.SI,农化制品,农化制品,L,20110211,5687,15.57,17.43,-2.353,8.333,False,True,True,0,0,0,0,True,
002546.SZ,002546,002546,新联电子,主板,深市,主板,801730.SI,电力设备,801738.SI,电网设备,电网设备,L,20110211,5687,15.57,7.73,-2.522,8.537,False,True,True,0,0,0,0,True,
002548.SZ,002548,002548,金新农,主板,深市,主板,801010.SI,农林牧渔,801014.SI,饲料,饲料,L,20110218,5680,15.55,4.57,-0.218,14.286,False,True,True,0,0,0,0,True,
002549.SZ,002549,002549,凯美特气,主板,深市,主板,801030.SI,基础化工,801034.SI,化学制品,化学制品,L,20110218,5680,15.55,13.83,0.072,8.511,False,True,True,0,0,0,0,True,
002550.SZ,002550,002550,千红制药,主板,深市,主板,801150.SI,医药生物,801151.SI,化学制药,化学制药,L,20110218,5680,15.55,6.54,-0.305,8.696,False,True,True,0,0,0,0,True,
002551.SZ,002551,002551,尚荣医疗,主板,深市,主板,801150.SI,医药生物,801153.SI,医疗器械,医疗器械,L,20110225,5673,15.53,3.34,0.906,18.75,False,True,True,0,0,0,0,True,
002552.SZ,002552,002552,宝鼎科技,主板,深市,主板,801890.SI,机械设备,801072.SI,通用设备,通用设备,L,20110225,5673,15.53,48.01,4.46,15.385,False,True,True,0,0,0,0,True,
002553.SZ,002553,002553,南方精工,主板,深市,主板,801880.SI,汽车,801093.SI,汽车零部件,汽车零部件,L,20110225,5673,15.53,18.27,7.218,14.286,False,True,True,0,0,0,0,True,
002554.SZ,002554,002554,惠博普,主板,深市,主板,801960.SI,石油石化,801962.SI,油服工程,油服工程,L,20110225,5673,15.53,2.89,0.347,10.345,False,True,True,0,0,0,0,True,
002555.SZ,002555,002555,三七互娱,主板,深市,主板,801760.SI,传媒,801764.SI,游戏Ⅱ,游戏Ⅱ,L,20110302,5668,15.52,18.85,0.964,8.511,False,True,True,0,0,0,0,True,
002556.SZ,002556,002556,辉隆股份,主板,深市,主板,801010.SI,农林牧渔,801019.SI,农业综合Ⅱ,农业综合Ⅱ,L,20110302,5668,15.52,5.42,1.308,13.462,False,True,True,0,0,0,0,True,
002557.SZ,002557,002557,洽洽食品,主板,深市,主板,801120.SI,食品饮料,801128.SI,休闲食品,休闲食品,L,20110302,5668,15.52,19.23,1.478,9.375,False,True,True,0,0,0,0,True,
002558.SZ,002558,002558,巨人网络,主板,深市,主板,801760.SI,传媒,801764.SI,游戏Ⅱ,游戏Ⅱ,L,20110302,5668,15.52,27.49,-0.65,7.692,False,True,True,0,0,0,0,True,
002559.SZ,002559,002559,亚威股份,主板,深市,主板,801890.SI,机械设备,801072.SI,通用设备,通用设备,L,20110303,5667,15.52,8.96,1.015,9.89,False,True,True,0,0,0,0,True,
002560.SZ,002560,002560,通达股份,主板,深市,主板,801730.SI,电力设备,801738.SI,电网设备,电网设备,L,20110303,5667,15.52,6.19,-0.482,6.452,False,True,True,0,0,0,0,True,
002561.SZ,002561,002561,徐家汇,主板,深市,主板,801200.SI,商贸零售,801203.SI,一般零售,一般零售,L,20110303,5667,15.52,7.72,6.044,16.418,False,True,True,0,0,0,0,True,
002562.SZ,002562,002562,兄弟科技,主板,深市,主板,801030.SI,基础化工,801034.SI,化学制品,化学制品,L,20110310,5660,15.5,4.97,0.0,8.163,False,True,True,0,0,0,0,True,
002563.SZ,002563,002563,森马服饰,主板,深市,主板,801130.SI,纺织服饰,801132.SI,服装家纺,服装家纺,L,20110311,5659,15.49,5.77,-1.199,12.5,False,True,True,0,0,0,0,True,
002564.SZ,002564,002564,天沃科技,主板,深市,主板,801720.SI,建筑装饰,801724.SI,专业工程,专业工程,L,20110310,5660,15.5,5.42,9.939,22.222,False,True,True,0,0,0,0,True,
002565.SZ,002565,002565,顺灏股份,主板,深市,主板,801140.SI,轻工制造,801141.SI,包装印刷,包装印刷,L,20110318,5652,15.47,8.56,-0.349,13.953,False,True,True,0,0,0,0,True,
002566.SZ,002566,002566,益盛药业,主板,深市,主板,801150.SI,医药生物,801155.SI,中药Ⅱ,中药Ⅱ,L,20110318,5652,15.47,7.05,0.571,8.824,False,True,True,0,0,0,0,True,
002567.SZ,002567,002567,唐人神,主板,深市,主板,801010.SI,农林牧渔,801014.SI,饲料,饲料,L,20110325,5645,15.46,4.08,0.741,13.514,False,True,True,0,0,0,0,True,
002568.SZ,002568,002568,百润股份,主板,深市,主板,801120.SI,食品饮料,801126.SI,非白酒,非白酒,L,20110325,5645,15.46,18.16,0.387,11.538,False,True,True,0,0,0,0,True,
002570.SZ,002570,002570,贝因美,主板,深市,主板,801120.SI,食品饮料,801127.SI,饮料乳品,饮料乳品,L,20110412,5627,15.41,4.69,1.515,13.636,False,True,True,0,0,0,0,True,
002571.SZ,002571,002571,德力股份,主板,深市,主板,801140.SI,轻工制造,801142.SI,家居用品,家居用品,L,20110412,5627,15.41,11.82,1.634,10.28,False,True,True,0,0,0,0,True,
002572.SZ,002572,002572,索菲亚,主板,深市,主板,801140.SI,轻工制造,801142.SI,家居用品,家居用品,L,20110412,5627,15.41,7.94,-0.376,11.111,False,True,True,0,0,0,0,True,
002573.SZ,002573,002573,清新环境,主板,深市,主板,801970.SI,环保,801971.SI,环境治理,环境治理,L,20110422,5617,15.38,3.23,-0.615,25.0,False,True,True,0,0,0,0,True,
002574.SZ,002574,002574,明牌珠宝,主板,深市,主板,801130.SI,纺织服饰,801133.SI,饰品,饰品,L,20110422,5617,15.38,5.15,-0.771,16.0,False,True,True,0,0,0,0,True,
002575.SZ,002575,002575,群兴玩具,主板,深市,主板,801140.SI,轻工制造,801145.SI,文娱用品,文娱用品,L,20110422,5617,15.38,5.54,0.727,11.111,False,True,True,0,0,0,0,True,
002576.SZ,002576,002576,通达动力,主板,深市,主板,801730.SI,电力设备,801731.SI,电机Ⅱ,电机Ⅱ,L,20110428,5611,15.36,14.63,-0.205,11.189,False,True,True,0,0,0,0,True,
002577.SZ,002577,002577,雷柏科技,主板,深市,主板,801750.SI,计算机,801101.SI,计算机设备,计算机设备,L,20110428,5611,15.36,19.24,-0.311,8.696,False,True,True,0,0,0,0,True,
002578.SZ,002578,002578,闽发铝业,主板,深市,主板,801050.SI,有色金属,801055.SI,工业金属,工业金属,L,20110428,5611,15.36,4.23,1.196,21.951,False,True,True,0,0,0,0,True,
002579.SZ,002579,002579,中京电子,主板,深市,主板,801080.SI,电子,801083.SI,元件,元件,L,20110506,5603,15.34,15.51,10.0,7.534,False,True,True,0,0,0,0,True,
002580.SZ,002580,002580,圣阳股份,主板,深市,主板,801730.SI,电力设备,801737.SI,电池,电池,L,20110506,5603,15.34,22.48,-0.794,5.752,False,True,True,0,0,0,0,True,
002582.SZ,002582,002582,好想你,主板,深市,主板,801120.SI,食品饮料,801128.SI,休闲食品,休闲食品,L,20110520,5589,15.3,10.52,1.839,5.769,False,True,True,0,0,0,0,True,
002583.SZ,002583,002583,海能达,主板,深市,主板,801770.SI,通信,801102.SI,通信设备,通信设备,L,20110527,5582,15.28,8.45,-0.471,8.434,False,True,True,0,0,0,0,True,
002584.SZ,002584,002584,西陇科学,主板,深市,主板,801080.SI,电子,801086.SI,电子化学品Ⅱ,电子化学品Ⅱ,L,20110602,5576,15.27,8.06,0.75,4.878,False,True,True,0,0,0,0,True,
002585.SZ,002585,002585,双星新材,主板,深市,主板,801030.SI,基础化工,801036.SI,塑料,塑料,L,20110602,5576,15.27,9.13,2.931,16.495,False,True,True,0,0,0,0,True,
002587.SZ,002587,002587,奥拓电子,主板,深市,主板,801080.SI,电子,801084.SI,光学光电子,光学光电子,L,20110610,5568,15.24,5.56,0.18,5.455,False,True,True,0,0,0,0,True,
002588.SZ,002588,002588,史丹利,主板,深市,主板,801030.SI,基础化工,801038.SI,农化制品,农化制品,L,20110610,5568,15.24,8.06,-0.247,10.843,False,True,True,0,0,0,0,True,
002589.SZ,002589,002589,瑞康医药,主板,深市,主板,801150.SI,医药生物,801154.SI,医药商业,医药商业,L,20110610,5568,15.24,3.26,1.242,6.25,False,True,True,0,0,0,0,True,
002590.SZ,002590,002590,万安科技,主板,深市,主板,801880.SI,汽车,801093.SI,汽车零部件,汽车零部件,L,20110610,5568,15.24,9.99,-0.399,13.684,False,True,True,0,0,0,0,True,
002591.SZ,002591,002591,恒大高新,主板,深市,主板,801030.SI,基础化工,801034.SI,化学制品,化学制品,L,20110621,5557,15.21,6.51,0.463,9.375,False,True,True,0,0,0,0,True,
002593.SZ,002593,002593,日上集团,主板,深市,主板,801720.SI,建筑装饰,801724.SI,专业工程,专业工程,L,20110628,5550,15.2,4.56,-0.654,11.364,False,True,True,0,0,0,0,True,
002594.SZ,002594,002594,比亚迪,主板,深市,主板,801880.SI,汽车,801095.SI,乘用车,乘用车,L,20110630,5548,15.19,86.51,-1.018,10.0,False,True,True,0,0,0,0,True,
002595.SZ,002595,002595,豪迈科技,主板,深市,主板,801890.SI,机械设备,801074.SI,专用设备,专用设备,L,20110628,5550,15.2,41.36,-2.453,35.606,False,True,True,0,0,0,0,True,
002596.SZ,002596,002596,海南瑞泽,主板,深市,主板,801710.SI,建筑材料,801711.SI,水泥,水泥,L,20110707,5541,15.17,3.4,0.0,18.75,False,True,True,0,0,0,0,True,
002597.SZ,002597,002597,金禾实业,主板,深市,主板,801030.SI,基础化工,801034.SI,化学制品,化学制品,L,20110707,5541,15.17,21.2,0.617,12.195,False,True,True,0,0,0,0,True,
002599.SZ,002599,002599,盛通股份,主板,深市,主板,801140.SI,轻工制造,801141.SI,包装印刷,包装印刷,L,20110715,5533,15.15,5.84,0.172,8.475,False,True,True,0,0,0,0,True,
002600.SZ,002600,002600,领益智造,主板,深市,主板,801080.SI,电子,801085.SI,消费电子,消费电子,L,20110715,5533,15.15,12.65,0.158,30.709,False,True,True,0,0,0,0,True,
002601.SZ,002601,002601,龙佰集团,主板,深市,主板,801030.SI,基础化工,801033.SI,化学原料,化学原料,L,20110715,5533,15.15,15.57,-1.767,11.111,False,True,True,0,0,0,0,True,
002602.SZ,002602,002602,世纪华通,主板,深市,主板,801760.SI,传媒,801764.SI,游戏Ⅱ,游戏Ⅱ,L,20110728,5520,15.11,16.16,2.734,14.286,False,True,True,0,0,0,0,True,
002603.SZ,002603,002603,以岭药业,主板,深市,主板,801150.SI,医药生物,801155.SI,中药Ⅱ,中药Ⅱ,L,20110728,5520,15.11,15.76,-0.693,9.091,False,True,True,0,0,0,0,True,
002605.SZ,002605,002605,姚记科技,主板,深市,主板,801760.SI,传媒,801764.SI,游戏Ⅱ,游戏Ⅱ,L,20110805,5512,15.09,17.59,1.325,11.111,False,True,True,0,0,0,0,True,
002606.SZ,002606,002606,大连电瓷,主板,深市,主板,801730.SI,电力设备,801738.SI,电网设备,电网设备,L,20110805,5512,15.09,12.99,-1.142,12.879,False,True,True,0,0,0,0,True,
002607.SZ,002607,002607,中公教育,主板,深市,主板,801210.SI,社会服务,801994.SI,教育,教育,L,20110810,5507,15.08,2.05,0.985,20.0,False,True,True,0,0,0,0,True,
002608.SZ,002608,002608,江苏国信,主板,深市,主板,801160.SI,公用事业,801161.SI,电力,电力,L,20110810,5507,15.08,7.34,-0.542,32.432,False,True,True,0,0,0,0,True,
002609.SZ,002609,002609,捷顺科技,主板,深市,主板,801750.SI,计算机,801103.SI,IT服务Ⅱ,IT服务Ⅱ,L,20110815,5502,15.06,7.85,-0.127,12.0,False,True,True,0,0,0,0,True,
002611.SZ,002611,002611,东方精工,主板,深市,主板,801890.SI,机械设备,801074.SI,专用设备,专用设备,L,20110830,5487,15.02,14.82,0.339,9.934,False,True,True,0,0,0,0,True,
002612.SZ,002612,002612,朗姿股份,主板,深市,主板,801130.SI,纺织服饰,801132.SI,服装家纺,服装家纺,L,20110830,5487,15.02,16.69,-0.536,12.5,False,True,True,0,0,0,0,True,
002613.SZ,002613,002613,北玻股份,主板,深市,主板,801710.SI,建筑材料,801712.SI,玻璃玻纤,玻璃玻纤,L,20110830,5487,15.02,3.46,0.581,8.824,False,True,True,0,0,0,0,True,
002614.SZ,002614,002614,奥佳华,主板,深市,主板,801110.SI,家用电器,801117.SI,其他家电Ⅱ,其他家电Ⅱ,L,20110909,5477,15.0,5.78,1.94,19.298,False,True,True,0,0,0,0,True,
002615.SZ,002615,002615,哈尔斯,主板,深市,主板,801140.SI,轻工制造,801142.SI,家居用品,家居用品,L,20110909,5477,15.0,6.49,-0.764,6.061,False,True,True,0,0,0,0,True,
002616.SZ,002616,002616,长青集团,主板,深市,主板,801160.SI,公用事业,801161.SI,电力,电力,L,20110920,5466,14.97,4.88,0.205,6.25,False,True,True,0,0,0,0,True,
002617.SZ,002617,002617,露笑科技,主板,深市,主板,801160.SI,公用事业,801161.SI,电力,电力,L,20110920,5466,14.97,6.13,0.327,4.839,False,True,True,0,0,0,0,True,
002622.SZ,002622,002622,皓宸医疗,主板,深市,主板,801150.SI,医药生物,801156.SI,医疗服务,医疗服务,L,20111018,5438,14.89,2.65,1.145,15.385,False,True,True,0,0,0,0,True,
002623.SZ,002623,002623,亚玛顿,主板,深市,主板,801730.SI,电力设备,801735.SI,光伏设备,光伏设备,L,20111013,5443,14.9,16.0,3.359,10.256,False,True,True,0,0,0,0,True,
002624.SZ,002624,002624,完美世界,主板,深市,主板,801760.SI,传媒,801764.SI,游戏Ⅱ,游戏Ⅱ,L,20111028,5428,14.86,11.48,2.867,5.405,False,True,True,0,0,0,0,True,
002625.SZ,002625,002625,光启技术,主板,深市,主板,801740.SI,国防军工,801742.SI,航空装备Ⅱ,航空装备Ⅱ,L,20111103,5422,14.84,28.08,-1.092,34.884,False,True,True,0,0,0,0,True,
002626.SZ,002626,002626,金达威,主板,深市,主板,801120.SI,食品饮料,801124.SI,食品加工,食品加工,L,20111028,5428,14.86,16.88,1.078,18.519,False,True,True,0,0,0,0,True,
002627.SZ,002627,002627,三峡旅游,主板,深市,主板,801210.SI,社会服务,801993.SI,旅游及景区,旅游及景区,L,20111103,5422,14.84,7.33,1.947,17.143,False,True,True,0,0,0,0,True,
002628.SZ,002628,002628,成都路桥,主板,深市,主板,801720.SI,建筑装饰,801723.SI,基础建设,基础建设,L,20111103,5422,14.84,5.3,2.317,11.321,False,True,True,0,0,0,0,True,
002629.SZ,002629,002629,仁智股份,主板,深市,主板,801960.SI,石油石化,801962.SI,油服工程,油服工程,L,20111103,5422,14.84,4.87,1.458,12.766,False,True,True,0,0,0,6,True,
002631.SZ,002631,002631,德尔未来,主板,深市,主板,801140.SI,轻工制造,801142.SI,家居用品,家居用品,L,20111111,5414,14.82,11.2,1.726,21.569,False,True,True,0,0,0,0,True,
002632.SZ,002632,002632,道明光学,主板,深市,主板,801030.SI,基础化工,801036.SI,塑料,塑料,L,20111122,5403,14.79,9.41,-1.259,15.217,False,True,True,0,0,0,0,True,
002633.SZ,002633,002633,申科股份,主板,深市,主板,801890.SI,机械设备,801072.SI,通用设备,通用设备,L,20111122,5403,14.79,14.73,0.546,23.288,False,True,True,0,0,0,0,True,
002635.SZ,002635,002635,安洁科技,主板,深市,主板,801080.SI,电子,801085.SI,消费电子,消费电子,L,20111125,5400,14.78,15.26,2.21,5.161,False,True,True,0,0,0,0,True,
002636.SZ,002636,002636,金安国纪,主板,深市,主板,801080.SI,电子,801083.SI,元件,元件,L,20111125,5400,14.78,68.05,5.324,13.158,False,True,True,0,0,0,0,True,
002637.SZ,002637,002637,赞宇科技,主板,深市,主板,801030.SI,基础化工,801034.SI,化学制品,化学制品,L,20111125,5400,14.78,12.78,3.231,12.5,False,True,True,0,0,0,0,True,
002638.SZ,002638,002638,勤上股份,主板,深市,主板,801110.SI,家用电器,801115.SI,照明设备Ⅱ,照明设备Ⅱ,L,20111125,5400,14.78,4.25,-1.392,23.256,False,True,True,0,0,0,0,True,
002639.SZ,002639,002639,雪人集团,主板,深市,主板,801890.SI,机械设备,801072.SI,通用设备,通用设备,L,20111205,5390,14.76,14.0,-2.235,9.286,False,True,True,0,0,0,0,True,
002640.SZ,002640,002640,跨境通,主板,深市,主板,801200.SI,商贸零售,801206.SI,互联网电商,互联网电商,L,20111208,5387,14.75,3.5,1.449,5.882,False,True,True,0,0,0,0,True,
002641.SZ,002641,002641,公元股份,主板,深市,主板,801710.SI,建筑材料,801713.SI,装修建材,装修建材,L,20111208,5387,14.75,3.92,-0.255,12.5,False,True,True,0,0,0,0,True,
002642.SZ,002642,002642,荣联科技,主板,深市,主板,801750.SI,计算机,801103.SI,IT服务Ⅱ,IT服务Ⅱ,L,20111220,5375,14.72,7.18,-1.238,8.219,False,True,True,0,0,0,0,True,
002643.SZ,002643,002643,万润股份,主板,深市,主板,801080.SI,电子,801086.SI,电子化学品Ⅱ,电子化学品Ⅱ,L,20111220,5375,14.72,12.72,0.952,22.059,False,True,True,0,0,0,0,True,
002644.SZ,002644,002644,佛慈制药,主板,深市,主板,801150.SI,医药生物,801155.SI,中药Ⅱ,中药Ⅱ,L,20111222,5373,14.71,8.57,0.587,14.286,False,True,True,0,0,0,0,True,
002645.SZ,002645,002645,华宏科技,主板,深市,主板,801970.SI,环保,801972.SI,环保设备Ⅱ,环保设备Ⅱ,L,20111220,5375,14.72,18.02,3.148,12.698,False,True,True,0,0,0,0,True,
002646.SZ,002646,002646,天佑德酒,主板,深市,主板,801120.SI,食品饮料,801125.SI,白酒Ⅱ,白酒Ⅱ,L,20111222,5373,14.71,7.23,0.556,11.765,False,True,True,0,0,0,0,True,
002647.SZ,002647,002647,仁东控股,主板,深市,主板,801790.SI,非银金融,801191.SI,多元金融,多元金融,L,20111228,5367,14.69,11.47,0.175,18.966,False,True,True,0,0,0,0,True,
002648.SZ,002648,002648,卫星化学,主板,深市,主板,801030.SI,基础化工,801033.SI,化学原料,化学原料,L,20111228,5367,14.69,27.01,-1.925,16.471,False,True,True,0,0,0,0,True,
002649.SZ,002649,002649,博彦科技,主板,深市,主板,801750.SI,计算机,801103.SI,IT服务Ⅱ,IT服务Ⅱ,L,20120106,5358,14.67,9.77,-1.71,10.101,False,True,True,0,0,0,0,True,
002651.SZ,002651,002651,利君股份,主板,深市,主板,801740.SI,国防军工,801742.SI,航空装备Ⅱ,航空装备Ⅱ,L,20120106,5358,14.67,8.58,-1.152,11.628,False,True,True,0,0,0,0,True,
002652.SZ,002652,002652,扬子新材,主板,深市,主板,801710.SI,建筑材料,801713.SI,装修建材,装修建材,L,20120119,5345,14.63,4.41,5.755,15.0,False,True,True,0,0,0,0,True,
002653.SZ,002653,002653,海思科,主板,深市,主板,801150.SI,医药生物,801151.SI,化学制药,化学制药,L,20120117,5347,14.64,68.73,-0.665,16.667,False,True,True,0,0,0,0,True,
002654.SZ,002654,002654,万润科技,主板,深市,主板,801080.SI,电子,801084.SI,光学光电子,光学光电子,L,20120217,5316,14.55,13.91,0.87,5.797,False,True,True,0,0,0,0,True,
002655.SZ,002655,002655,共达电声,主板,深市,主板,801080.SI,电子,801085.SI,消费电子,消费电子,L,20120217,5316,14.55,38.85,3.023,6.316,False,True,True,0,0,0,0,True,
002657.SZ,002657,002657,中科金财,主板,深市,主板,801750.SI,计算机,801103.SI,IT服务Ⅱ,IT服务Ⅱ,L,20120228,5305,14.52,16.22,-1.994,10.0,False,True,True,0,0,0,0,True,
002658.SZ,002658,002658,雪迪龙,主板,深市,主板,801970.SI,环保,801972.SI,环保设备Ⅱ,环保设备Ⅱ,L,20120309,5295,14.5,7.67,-1.667,9.211,False,True,True,0,0,0,0,True,
002659.SZ,002659,002659,凯文教育,主板,深市,主板,801210.SI,社会服务,801994.SI,教育,教育,L,20120309,5295,14.5,4.65,0.432,13.333,False,True,True,0,0,0,0,True,
002660.SZ,002660,002660,茂硕电源,主板,深市,主板,801080.SI,电子,801085.SI,消费电子,消费电子,L,20120316,5288,14.48,7.95,1.662,13.75,False,True,True,0,0,0,0,True,
002661.SZ,002661,002661,克明食品,主板,深市,主板,801120.SI,食品饮料,801124.SI,食品加工,食品加工,L,20120316,5288,14.48,8.1,1.504,15.19,False,True,True,0,0,0,0,True,
002662.SZ,002662,002662,峰璟股份,主板,深市,主板,801880.SI,汽车,801093.SI,汽车零部件,汽车零部件,L,20120309,5295,14.5,3.3,0.0,21.212,False,True,True,0,0,0,0,True,
002663.SZ,002663,002663,普邦股份,主板,深市,主板,801720.SI,建筑装饰,801723.SI,基础建设,基础建设,L,20120316,5288,14.48,1.75,1.156,12.5,False,True,True,0,0,0,0,True,
002664.SZ,002664,002664,信质集团,主板,深市,主板,801880.SI,汽车,801093.SI,汽车零部件,汽车零部件,L,20120316,5288,14.48,15.6,2.632,25.0,False,True,True,0,0,0,0,True,
002666.SZ,002666,002666,德联集团,主板,深市,主板,801030.SI,基础化工,801034.SI,化学制品,化学制品,L,20120327,5277,14.45,4.26,0.948,9.524,False,True,True,0,0,0,0,True,
002668.SZ,002668,002668,TCL智家,主板,深市,主板,801110.SI,家用电器,801111.SI,白色家电,白色家电,L,20120416,5257,14.39,9.11,-1.726,14.286,False,True,True,0,0,0,0,True,
002669.SZ,002669,002669,康达新材,主板,深市,主板,801030.SI,基础化工,801034.SI,化学制品,化学制品,L,20120416,5257,14.39,12.31,4.766,9.167,False,True,True,0,0,0,0,True,
002670.SZ,002670,002670,国盛证券,主板,深市,主板,801790.SI,非银金融,801193.SI,证券Ⅱ,证券Ⅱ,L,20120416,5257,14.39,12.46,-2.121,13.333,False,True,True,0,0,0,0,True,
002671.SZ,002671,002671,龙泉股份,主板,深市,主板,801710.SI,建筑材料,801711.SI,水泥,水泥,L,20120426,5247,14.37,4.03,0.249,10.526,False,True,True,0,0,0,0,True,
002672.SZ,002672,002672,东江环保,主板,深市,主板,801970.SI,环保,801971.SI,环境治理,环境治理,L,20120426,5247,14.37,3.74,0.268,11.111,False,True,True,0,0,0,0,True,
002673.SZ,002673,002673,西部证券,主板,深市,主板,801790.SI,非银金融,801193.SI,证券Ⅱ,证券Ⅱ,L,20120503,5240,14.35,6.9,-0.576,22.727,False,True,True,0,0,0,0,True,
002674.SZ,002674,002674,兴业科技,主板,深市,主板,801130.SI,纺织服饰,801131.SI,纺织制造,纺织制造,L,20120507,5236,14.34,20.93,-10.017,20.0,False,True,True,0,0,0,0,True,
002675.SZ,002675,002675,东诚药业,主板,深市,主板,801150.SI,医药生物,801151.SI,化学制药,化学制药,L,20120525,5218,14.29,12.72,-0.157,6.154,False,True,True,0,0,0,0,True,
002676.SZ,002676,002676,顺威股份,主板,深市,主板,801110.SI,家用电器,801116.SI,家电零部件Ⅱ,家电零部件Ⅱ,L,20120525,5218,14.29,5.2,-0.192,9.804,False,True,True,0,0,0,0,True,
002678.SZ,002678,002678,珠江钢琴,主板,深市,主板,801140.SI,轻工制造,801145.SI,文娱用品,文娱用品,L,20120530,5213,14.27,4.8,1.48,33.333,False,True,True,0,0,0,0,True,
002679.SZ,002679,002679,福建金森,主板,深市,主板,801010.SI,农林牧渔,801011.SI,林业Ⅱ,林业Ⅱ,L,20120605,5207,14.26,11.17,4.588,25.0,False,True,True,0,0,0,0,True,
002681.SZ,002681,002681,奋达科技,主板,深市,主板,801080.SI,电子,801085.SI,消费电子,消费电子,L,20120605,5207,14.26,4.9,-1.21,17.021,False,True,True,0,0,0,0,True,
002682.SZ,002682,002682,龙洲股份,主板,深市,主板,801170.SI,交通运输,801178.SI,物流,物流,L,20120612,5200,14.24,5.28,1.734,12.0,False,True,True,0,0,0,0,True,
002683.SZ,002683,002683,广东宏大,主板,深市,主板,801030.SI,基础化工,801034.SI,化学制品,化学制品,L,20120612,5200,14.24,30.17,-2.489,13.514,False,True,True,0,0,0,0,True,
002685.SZ,002685,002685,华东重机,主板,深市,主板,801890.SI,机械设备,801077.SI,工程机械,工程机械,L,20120612,5200,14.24,5.42,-0.184,10.909,False,True,True,0,0,0,0,True,
002686.SZ,002686,002686,亿利达,主板,深市,主板,801890.SI,机械设备,801072.SI,通用设备,通用设备,L,20120703,5179,14.18,6.55,0.153,11.94,False,True,True,0,0,0,0,True,
002687.SZ,002687,002687,乔治白,主板,深市,主板,801130.SI,纺织服饰,801132.SI,服装家纺,服装家纺,L,20120713,5169,14.15,6.16,-0.324,4.762,False,True,True,0,0,0,0,True,
002688.SZ,002688,002688,金河生物,主板,深市,主板,801010.SI,农林牧渔,801018.SI,动物保健Ⅱ,动物保健Ⅱ,L,20120713,5169,14.15,5.34,1.136,7.692,False,True,True,0,0,0,0,True,
002690.SZ,002690,002690,美亚光电,主板,深市,主板,801890.SI,机械设备,801074.SI,专用设备,专用设备,L,20120731,5151,14.1,15.89,-0.935,10.39,False,True,True,0,0,0,0,True,
002692.SZ,002692,002692,远程股份,主板,深市,主板,801730.SI,电力设备,801738.SI,电网设备,电网设备,L,20120808,5143,14.08,4.31,1.412,14.634,False,True,True,0,0,0,0,True,
002693.SZ,002693,002693,双成药业,主板,深市,主板,801150.SI,医药生物,801151.SI,化学制药,化学制药,L,20120808,5143,14.08,8.8,0.571,11.957,False,True,True,0,0,0,2,True,
002695.SZ,002695,002695,煌上煌,主板,深市,主板,801120.SI,食品饮料,801128.SI,休闲食品,休闲食品,L,20120905,5115,14.0,10.5,-1.593,11.111,False,True,True,0,0,0,0,True,
002696.SZ,002696,002696,百洋股份,主板,深市,主板,801010.SI,农林牧渔,801014.SI,饲料,饲料,L,20120905,5115,14.0,7.03,5.556,10.448,False,True,True,0,0,0,0,True,
002697.SZ,002697,002697,红旗连锁,主板,深市,主板,801200.SI,商贸零售,801203.SI,一般零售,一般零售,L,20120905,5115,14.0,4.89,2.947,8.696,False,True,True,0,0,0,0,True,
002698.SZ,002698,002698,博实股份,主板,深市,主板,801890.SI,机械设备,801078.SI,自动化设备,自动化设备,L,20120911,5109,13.99,11.97,0.251,11.905,False,True,True,0,0,0,0,True,
002700.SZ,002700,002700,万憬能源,主板,深市,主板,801160.SI,公用事业,801163.SI,燃气Ⅱ,燃气Ⅱ,L,20120921,5099,13.96,6.51,-1.214,14.516,False,True,True,0,0,0,0,True,
002701.SZ,002701,002701,奥瑞金,主板,深市,主板,801140.SI,轻工制造,801141.SI,包装印刷,包装印刷,L,20121011,5079,13.91,4.54,-0.22,14.894,False,True,True,0,0,0,0,True,
002702.SZ,002702,002702,海欣食品,主板,深市,主板,801120.SI,食品饮料,801124.SI,食品加工,食品加工,L,20121011,5079,13.91,6.17,9.982,7.843,False,True,True,0,0,0,0,True,
002703.SZ,002703,002703,浙江世宝,主板,深市,主板,801880.SI,汽车,801093.SI,汽车零部件,汽车零部件,L,20121102,5057,13.85,16.86,-1.461,8.046,False,True,True,0,0,0,0,True,
002705.SZ,002705,002705,新宝股份,主板,深市,主板,801110.SI,家用电器,801113.SI,小家电,小家电,L,20140121,4612,12.63,11.35,1.794,26.087,False,True,True,0,0,0,0,True,
002706.SZ,002706,002706,良信股份,主板,深市,主板,801730.SI,电力设备,801738.SI,电网设备,电网设备,L,20140121,4612,12.63,9.5,-1.656,8.333,False,True,True,0,0,0,0,True,
002707.SZ,002707,002707,众信旅游,主板,深市,主板,801210.SI,社会服务,801993.SI,旅游及景区,旅游及景区,L,20140123,4610,12.62,5.68,2.342,16.667,False,True,True,0,0,0,0,True,
002708.SZ,002708,002708,光洋股份,主板,深市,主板,801880.SI,汽车,801093.SI,汽车零部件,汽车零部件,L,20140121,4612,12.63,16.8,10.02,26.797,False,True,True,0,0,0,0,True,
002709.SZ,002709,002709,天赐材料,主板,深市,主板,801730.SI,电力设备,801737.SI,电池,电池,L,20140123,4610,12.62,34.0,0.502,13.043,False,True,True,0,0,0,0,True,
002712.SZ,002712,002712,思美传媒,主板,深市,主板,801760.SI,传媒,801765.SI,广告营销,广告营销,L,20140123,4610,12.62,5.22,1.953,12.5,False,True,True,0,0,0,0,True,
002714.SZ,002714,002714,牧原股份,主板,深市,主板,801010.SI,农林牧渔,801017.SI,养殖业,养殖业,L,20140128,4605,12.61,43.91,-0.137,12.245,False,True,True,0,0,0,0,True,
002715.SZ,002715,002715,登云股份,主板,深市,主板,801880.SI,汽车,801093.SI,汽车零部件,汽车零部件,L,20140219,4583,12.55,14.02,-0.071,8.333,False,True,True,0,0,0,0,True,
002716.SZ,002716,002716,湖南白银,主板,深市,主板,801050.SI,有色金属,801053.SI,贵金属,贵金属,L,20140128,4605,12.61,10.7,-4.635,8.036,False,True,True,0,0,0,0,True,
002718.SZ,002718,002718,友邦吊顶,主板,深市,主板,801710.SI,建筑材料,801713.SI,装修建材,装修建材,L,20140128,4605,12.61,86.45,2.697,33.945,False,True,True,0,0,0,0,True,
002721.SZ,002721,002721,金一文化,主板,深市,主板,801130.SI,纺织服饰,801133.SI,饰品,饰品,L,20140127,4606,12.61,2.98,-5.397,13.333,False,True,True,0,0,0,0,True,
002722.SZ,002722,002722,物产金轮,主板,深市,主板,801890.SI,机械设备,801074.SI,专用设备,专用设备,L,20140128,4605,12.61,13.19,0.228,11.628,False,True,True,0,0,0,0,True,
002723.SZ,002723,002723,小崧股份,主板,深市,主板,801110.SI,家用电器,801115.SI,照明设备Ⅱ,照明设备Ⅱ,L,20140129,4604,12.61,7.89,0.895,14.865,False,True,True,0,0,0,0,True,
002724.SZ,002724,002724,海洋王,主板,深市,主板,801110.SI,家用电器,801115.SI,照明设备Ⅱ,照明设备Ⅱ,L,20141104,4325,11.84,6.86,0.0,14.706,False,True,True,0,0,0,0,True,
002725.SZ,002725,002725,跃岭股份,主板,深市,主板,801880.SI,汽车,801093.SI,汽车零部件,汽车零部件,L,20140129,4604,12.61,11.38,-0.611,11.504,False,True,True,0,0,0,0,True,
002727.SZ,002727,002727,一心堂,主板,深市,主板,801150.SI,医药生物,801154.SI,医药商业,医药商业,L,20140702,4450,12.18,11.24,-0.178,8.621,False,True,True,0,0,0,0,True,
002728.SZ,002728,002728,特一药业,主板,深市,主板,801150.SI,医药生物,801155.SI,中药Ⅱ,中药Ⅱ,L,20140731,4421,12.1,9.06,1.003,6.667,False,True,True,0,0,0,0,True,
002730.SZ,002730,002730,电光科技,主板,深市,主板,801890.SI,机械设备,801074.SI,专用设备,专用设备,L,20141009,4351,11.91,24.29,6.395,11.688,False,True,True,0,0,0,0,True,
002732.SZ,002732,002732,燕塘乳业,主板,深市,主板,801120.SI,食品饮料,801127.SI,饮料乳品,饮料乳品,L,20141205,4294,11.76,14.48,2.332,20.588,False,True,True,0,0,0,0,True,
002733.SZ,002733,002733,雄韬股份,主板,深市,主板,801730.SI,电力设备,801737.SI,电池,电池,L,20141203,4296,11.76,18.62,2.252,8.197,False,True,True,0,0,0,0,True,
002734.SZ,002734,002734,利民股份,主板,深市,主板,801030.SI,基础化工,801038.SI,农化制品,农化制品,L,20150127,4241,11.61,16.9,0.595,13.125,False,True,True,0,0,0,0,True,
002735.SZ,002735,002735,王子新材,主板,深市,主板,801140.SI,轻工制造,801141.SI,包装印刷,包装印刷,L,20141203,4296,11.76,11.94,0.252,5.932,False,True,True,0,0,0,0,True,
002736.SZ,002736,002736,国信证券,主板,深市,主板,801790.SI,非银金融,801193.SI,证券Ⅱ,证券Ⅱ,L,20141229,4270,11.69,10.14,-1.17,30.769,False,True,True,0,0,0,0,True,
002737.SZ,002737,002737,葵花药业,主板,深市,主板,801150.SI,医药生物,801155.SI,中药Ⅱ,中药Ⅱ,L,20141230,4269,11.69,11.76,-0.592,13.636,False,True,True,0,0,0,0,True,
002738.SZ,002738,002738,中矿资源,主板,深市,主板,801050.SI,有色金属,801054.SI,小金属,小金属,L,20141230,4269,11.69,47.93,-0.951,11.628,False,True,True,0,0,0,0,True,
002739.SZ,002739,002739,儒意电影,主板,深市,主板,801760.SI,传媒,801766.SI,影视院线,影视院线,L,20150122,4246,11.62,8.68,2.6,21.429,False,True,True,0,0,0,0,True,
002741.SZ,002741,002741,光华科技,主板,深市,主板,801080.SI,电子,801086.SI,电子化学品Ⅱ,电子化学品Ⅱ,L,20150216,4221,11.56,23.79,4.114,10.4,False,True,True,0,0,0,0,True,
002742.SZ,002742,002742,冀衡医药,主板,深市,主板,801150.SI,医药生物,801151.SI,化学制药,化学制药,L,20150217,4220,11.55,4.55,6.308,17.391,False,True,True,0,0,0,2,True,
002745.SZ,002745,002745,木林森,主板,深市,主板,801080.SI,电子,801084.SI,光学光电子,光学光电子,L,20150217,4220,11.55,11.19,3.996,8.929,False,True,True,0,0,0,0,True,
002746.SZ,002746,002746,仙坛股份,主板,深市,主板,801010.SI,农林牧渔,801017.SI,养殖业,养殖业,L,20150216,4221,11.56,6.83,1.036,11.111,False,True,True,0,0,0,0,True,
002747.SZ,002747,002747,埃斯顿,主板,深市,主板,801890.SI,机械设备,801078.SI,自动化设备,自动化设备,L,20150320,4189,11.47,30.58,2.343,15.19,False,True,True,0,0,0,0,True,
002748.SZ,002748,002748,世龙实业,主板,深市,主板,801030.SI,基础化工,801033.SI,化学原料,化学原料,L,20150319,4190,11.47,12.23,0.741,19.328,False,True,True,0,0,0,0,True,
002749.SZ,002749,002749,国光股份,主板,深市,主板,801030.SI,基础化工,801038.SI,农化制品,农化制品,L,20150320,4189,11.47,8.74,-0.228,33.333,False,True,True,0,0,0,0,True,
002752.SZ,002752,002752,昇兴股份,主板,深市,主板,801140.SI,轻工制造,801141.SI,包装印刷,包装印刷,L,20150422,4156,11.38,6.23,0.484,8.333,False,True,True,0,0,0,0,True,
002753.SZ,002753,002753,永东股份,主板,深市,主板,801030.SI,基础化工,801037.SI,橡胶,橡胶,L,20150519,4129,11.3,6.79,0.891,15.152,False,True,True,0,0,0,0,True,
002755.SZ,002755,002755,奥赛康,主板,深市,主板,801150.SI,医药生物,801151.SI,化学制药,化学制药,L,20150515,4133,11.32,11.91,1.795,25.0,False,True,True,0,0,0,0,True,
002756.SZ,002756,002756,永兴材料,主板,深市,主板,801050.SI,有色金属,801056.SI,能源金属,能源金属,L,20150515,4133,11.32,42.94,0.023,9.524,False,True,True,0,0,0,0,True,
002757.SZ,002757,002757,南兴股份,主板,深市,主板,801890.SI,机械设备,801074.SI,专用设备,专用设备,L,20150527,4121,11.28,17.74,-1.935,9.04,False,True,True,0,0,0,0,True,
002758.SZ,002758,002758,浙农股份,主板,深市,主板,801030.SI,基础化工,801038.SI,农化制品,农化制品,L,20150527,4121,11.28,8.95,0.788,15.909,False,True,True,0,0,0,0,True,
002760.SZ,002760,002760,凤形股份,主板,深市,主板,801890.SI,机械设备,801072.SI,通用设备,通用设备,L,20150611,4106,11.24,17.99,0.897,11.667,False,True,True,0,0,0,0,True,
002761.SZ,002761,002761,浙江建投,主板,深市,主板,801720.SI,建筑装饰,801721.SI,房屋建设Ⅱ,房屋建设Ⅱ,L,20150610,4107,11.24,7.51,-1.83,16.667,False,True,True,0,0,0,0,True,
002763.SZ,002763,002763,汇洁股份,主板,深市,主板,801130.SI,纺织服饰,801132.SI,服装家纺,服装家纺,L,20150610,4107,11.24,7.56,0.532,9.459,False,True,True,0,0,0,0,True,
002765.SZ,002765,002765,蓝黛科技,主板,深市,主板,801880.SI,汽车,801093.SI,汽车零部件,汽车零部件,L,20150612,4105,11.24,7.24,1.259,11.268,False,True,True,0,0,0,0,True,
002766.SZ,002766,002766,索菱股份,主板,深市,主板,801880.SI,汽车,801093.SI,汽车零部件,汽车零部件,L,20150611,4106,11.24,4.27,-1.157,9.524,False,True,True,0,0,0,0,True,
002767.SZ,002767,002767,先锋电子,主板,深市,主板,801890.SI,机械设备,801072.SI,通用设备,通用设备,L,20150612,4105,11.24,18.31,1.272,14.525,False,True,True,0,0,0,0,True,
002768.SZ,002768,002768,国恩股份,主板,深市,主板,801030.SI,基础化工,801036.SI,塑料,塑料,L,20150630,4087,11.19,61.28,1.845,12.821,False,True,True,0,0,0,0,True,
002769.SZ,002769,002769,普路通,主板,深市,主板,801170.SI,交通运输,801178.SI,物流,物流,L,20150629,4088,11.19,7.77,1.835,18.31,False,True,True,0,0,0,0,True,
002771.SZ,002771,002771,真视通,主板,深市,主板,801750.SI,计算机,801103.SI,IT服务Ⅱ,IT服务Ⅱ,L,20150629,4088,11.19,14.83,6.614,13.869,False,True,True,0,0,0,0,True,
002772.SZ,002772,002772,众兴菌业,主板,深市,主板,801010.SI,农林牧渔,801016.SI,种植业,种植业,L,20150626,4091,11.2,11.96,3.103,12.281,False,True,True,0,0,0,0,True,
002773.SZ,002773,002773,康弘药业,主板,深市,主板,801150.SI,医药生物,801152.SI,生物制品,生物制品,L,20150626,4091,11.2,20.15,-0.739,12.727,False,True,True,0,0,0,0,True,
002774.SZ,002774,002774,快意电梯,主板,深市,主板,801890.SI,机械设备,801074.SI,专用设备,专用设备,L,20170324,3454,9.46,15.62,0.839,7.407,False,True,True,0,0,0,0,True,
002775.SZ,002775,002775,文科股份,主板,深市,主板,801720.SI,建筑装饰,801723.SI,基础建设,基础建设,L,20150629,4088,11.19,3.57,0.0,8.108,False,True,True,0,0,0,0,True,
002777.SZ,002777,002777,久远银海,主板,深市,主板,801750.SI,计算机,801103.SI,IT服务Ⅱ,IT服务Ⅱ,L,20151231,3903,10.69,12.82,-0.927,9.375,False,True,True,0,0,0,0,True,
002778.SZ,002778,002778,中晟高科,主板,深市,主板,801970.SI,环保,801971.SI,环境治理,环境治理,L,20160106,3897,10.67,16.88,1.078,16.981,False,True,True,0,0,0,0,True,
002779.SZ,002779,002779,中坚科技,主板,深市,主板,801890.SI,机械设备,801074.SI,专用设备,专用设备,L,20151209,3925,10.75,81.51,0.979,16.667,False,True,True,0,0,0,0,True,
002780.SZ,002780,002780,三夫户外,主板,深市,主板,801130.SI,纺织服饰,801132.SI,服装家纺,服装家纺,L,20151209,3925,10.75,13.99,-1.548,9.63,False,True,True,0,0,0,0,True,
002782.SZ,002782,002782,可立克,主板,深市,主板,801080.SI,电子,801082.SI,其他电子Ⅱ,其他电子Ⅱ,L,20151222,3912,10.71,15.74,3.281,15.584,False,True,True,0,0,0,0,True,
002783.SZ,002783,002783,凯龙股份,主板,深市,主板,801030.SI,基础化工,801034.SI,化学制品,化学制品,L,20151209,3925,10.75,8.03,-0.248,10.127,False,True,True,0,0,0,0,True,
002785.SZ,002785,002785,万里石,主板,深市,主板,801710.SI,建筑材料,801713.SI,装修建材,装修建材,L,20151223,3911,10.71,36.46,4.023,12.069,False,True,True,0,0,0,0,True,
002786.SZ,002786,002786,银宝山新,主板,深市,主板,801890.SI,机械设备,801074.SI,专用设备,专用设备,L,20151223,3911,10.71,7.97,0.504,8.974,False,True,True,0,0,0,0,True,
002787.SZ,002787,002787,华源控股,主板,深市,主板,801140.SI,轻工制造,801141.SI,包装印刷,包装印刷,L,20151231,3903,10.69,23.68,1.067,12.174,False,True,True,0,0,0,0,True,
002788.SZ,002788,002788,鹭燕医药,主板,深市,主板,801150.SI,医药生物,801154.SI,医药商业,医药商业,L,20160218,3854,10.55,11.54,5.292,7.273,False,True,True,0,0,0,0,True,
002790.SZ,002790,002790,瑞尔特,主板,深市,主板,801140.SI,轻工制造,801142.SI,家居用品,家居用品,L,20160308,3835,10.5,6.35,-1.55,16.667,False,True,True,0,0,0,0,True,
002791.SZ,002791,002791,坚朗五金,主板,深市,主板,801710.SI,建筑材料,801713.SI,装修建材,装修建材,L,20160329,3814,10.44,15.24,1.33,8.333,False,True,True,0,0,0,0,True,
002792.SZ,002792,002792,通宇通讯,主板,深市,主板,801770.SI,通信,801102.SI,通信设备,通信设备,L,20160328,3815,10.44,30.06,-1.248,7.237,False,True,True,0,0,0,0,True,
002793.SZ,002793,002793,罗欣药业,主板,深市,主板,801150.SI,医药生物,801151.SI,化学制药,化学制药,L,20160415,3797,10.4,4.75,-0.419,8.0,False,True,True,0,0,0,0,True,
002795.SZ,002795,002795,永和智控,主板,深市,主板,801890.SI,机械设备,801072.SI,通用设备,通用设备,L,20160428,3784,10.36,7.18,-2.046,15.278,False,True,True,0,0,0,0,True,
002796.SZ,002796,002796,世嘉科技,主板,深市,主板,801770.SI,通信,801102.SI,通信设备,通信设备,L,20160510,3772,10.33,30.09,5.764,8.163,False,True,True,0,0,0,0,True,
002797.SZ,002797,002797,第一创业,主板,深市,主板,801790.SI,非银金融,801193.SI,证券Ⅱ,证券Ⅱ,L,20160511,3771,10.32,6.46,-1.524,6.061,False,True,True,0,0,0,0,True,
002798.SZ,002798,002798,帝欧水华,主板,深市,主板,801140.SI,轻工制造,801142.SI,家居用品,家居用品,L,20160525,3757,10.29,6.93,4.683,26.316,False,True,True,0,0,0,0,True,
002799.SZ,002799,002799,环球印务,主板,深市,主板,801140.SI,轻工制造,801141.SI,包装印刷,包装印刷,L,20160608,3743,10.25,6.96,0.724,14.925,False,True,True,0,0,0,0,True,
002800.SZ,002800,002800,天顺股份,主板,深市,主板,801170.SI,交通运输,801178.SI,物流,物流,L,20160530,3752,10.27,15.07,-0.199,22.857,False,True,True,0,0,0,0,True,
002801.SZ,002801,002801,微光股份,主板,深市,主板,801730.SI,电力设备,801731.SI,电机Ⅱ,电机Ⅱ,L,20160622,3729,10.21,27.97,-0.036,14.286,False,True,True,0,0,0,0,True,
002802.SZ,002802,002802,洪汇新材,主板,深市,主板,801030.SI,基础化工,801034.SI,化学制品,化学制品,L,20160629,3722,10.19,12.41,0.486,18.966,False,True,True,0,0,0,0,True,
002803.SZ,002803,002803,吉宏股份,主板,深市,主板,801200.SI,商贸零售,801206.SI,互联网电商,互联网电商,L,20160712,3709,10.15,19.98,-3.989,12.245,False,True,True,0,0,0,0,True,
002805.SZ,002805,002805,丰元股份,主板,深市,主板,801730.SI,电力设备,801737.SI,电池,电池,L,20160707,3714,10.17,17.18,-1.547,12.834,False,True,True,0,0,0,0,True,
002806.SZ,002806,002806,华锋股份,主板,深市,主板,801880.SI,汽车,801093.SI,汽车零部件,汽车零部件,L,20160726,3695,10.12,14.73,0.0,12.587,False,True,True,0,0,0,0,True,
002807.SZ,002807,002807,江阴银行,主板,深市,主板,801780.SI,银行,801785.SI,农商行Ⅱ,农商行Ⅱ,L,20160902,3657,10.01,4.17,-1.185,7.5,False,True,True,0,0,0,0,True,
002809.SZ,002809,002809,红墙股份,主板,深市,主板,801030.SI,基础化工,801034.SI,化学制品,化学制品,L,20160823,3667,10.04,8.73,0.115,9.195,False,True,True,0,0,0,0,True,
002810.SZ,002810,002810,山东赫达,主板,深市,主板,801030.SI,基础化工,801034.SI,化学制品,化学制品,L,20160826,3664,10.03,21.76,1.021,17.143,False,True,True,0,0,0,0,True,
002811.SZ,002811,002811,郑中设计,主板,深市,主板,801720.SI,建筑装饰,801722.SI,装修装饰Ⅱ,装修装饰Ⅱ,L,20160908,3651,10.0,14.38,-3.619,23.776,False,True,True,0,0,0,0,True,
002812.SZ,002812,002812,恩捷股份,主板,深市,主板,801730.SI,电力设备,801737.SI,电池,电池,L,20160914,3645,9.98,48.2,-0.145,13.636,False,True,True,0,0,0,0,True,
002813.SZ,002813,002813,路畅科技,主板,深市,主板,801880.SI,汽车,801093.SI,汽车零部件,汽车零部件,L,20161012,3617,9.9,21.99,1.243,15.686,False,True,True,0,0,0,0,True,
002815.SZ,002815,002815,崇达技术,主板,深市,主板,801080.SI,电子,801083.SI,元件,元件,L,20161012,3617,9.9,16.01,10.034,15.278,False,True,True,0,0,0,0,True,
002817.SZ,002817,002817,黄山胶囊,主板,深市,主板,801150.SI,医药生物,801151.SI,化学制药,化学制药,L,20161025,3604,9.87,6.76,0.446,12.308,False,True,True,0,0,0,0,True,
002818.SZ,002818,002818,富森美,主板,深市,主板,801200.SI,商贸零售,801203.SI,一般零售,一般零售,L,20161109,3589,9.83,11.1,0.635,5.556,False,True,True,0,0,0,0,True,
002819.SZ,002819,002819,东方中科,主板,深市,主板,801890.SI,机械设备,801072.SI,通用设备,通用设备,L,20161111,3587,9.82,21.6,0.465,18.868,False,True,True,0,0,0,0,True,
002820.SZ,002820,002820,桂发祥,主板,深市,主板,801120.SI,食品饮料,801128.SI,休闲食品,休闲食品,L,20161118,3580,9.8,10.61,3.411,6.931,False,True,True,0,0,0,0,True,
002821.SZ,002821,002821,凯莱英,主板,深市,主板,801150.SI,医药生物,801156.SI,医疗服务,医疗服务,L,20161118,3580,9.8,166.6,2.196,10.417,False,True,True,0,0,0,0,True,
002823.SZ,002823,002823,凯中精密,主板,深市,主板,801730.SI,电力设备,801731.SI,电机Ⅱ,电机Ⅱ,L,20161124,3574,9.79,13.18,0.688,9.16,False,True,True,0,0,0,0,True,
002824.SZ,002824,002824,和胜股份,主板,深市,主板,801050.SI,有色金属,801055.SI,工业金属,工业金属,L,20170112,3525,9.65,26.86,4.676,8.046,False,True,True,0,0,0,0,True,
002825.SZ,002825,002825,纳尔股份,主板,深市,主板,801030.SI,基础化工,801036.SI,塑料,塑料,L,20161129,3569,9.77,10.0,1.626,23.333,False,True,True,0,0,0,0,True,
002826.SZ,002826,002826,易明医药,主板,深市,主板,801150.SI,医药生物,801151.SI,化学制药,化学制药,L,20161209,3559,9.74,17.93,1.242,8.571,False,True,True,0,0,0,0,True,
002827.SZ,002827,002827,高争民爆,主板,深市,主板,801030.SI,基础化工,801034.SI,化学制品,化学制品,L,20161209,3559,9.74,71.05,7.407,17.117,False,True,True,0,0,0,0,True,
002829.SZ,002829,002829,星网宇达,主板,深市,主板,801740.SI,国防军工,801741.SI,航天装备Ⅱ,航天装备Ⅱ,L,20161213,3555,9.73,20.81,-1.747,9.048,False,True,True,0,0,0,0,True,
002830.SZ,002830,002830,名雕股份,主板,深市,主板,801720.SI,建筑装饰,801722.SI,装修装饰Ⅱ,装修装饰Ⅱ,L,20161213,3555,9.73,15.26,1.733,12.667,False,True,True,0,0,0,0,True,
002831.SZ,002831,002831,裕同科技,主板,深市,主板,801140.SI,轻工制造,801141.SI,包装印刷,包装印刷,L,20161216,3552,9.72,27.81,1.017,16.176,False,True,True,0,0,0,0,True,
002832.SZ,002832,002832,比音勒芬,主板,深市,主板,801130.SI,纺织服饰,801132.SI,服装家纺,服装家纺,L,20161223,3545,9.71,26.21,-1.466,8.333,False,True,True,0,0,0,0,True,
002833.SZ,002833,002833,弘亚数控,主板,深市,主板,801890.SI,机械设备,801074.SI,专用设备,专用设备,L,20161228,3540,9.69,19.15,2.133,10.989,False,True,True,0,0,0,0,True,
002835.SZ,002835,002835,同为股份,主板,深市,主板,801750.SI,计算机,801101.SI,计算机设备,计算机设备,L,20161228,3540,9.69,12.92,0.311,13.71,False,True,True,0,0,0,0,True,
002836.SZ,002836,002836,新宏泽,主板,深市,主板,801140.SI,轻工制造,801141.SI,包装印刷,包装印刷,L,20161229,3539,9.69,10.26,2.6,26.0,False,True,True,0,0,0,0,True,
002837.SZ,002837,002837,英维克,主板,深市,主板,801890.SI,机械设备,801074.SI,专用设备,专用设备,L,20161229,3539,9.69,64.47,0.876,14.815,False,True,True,0,0,0,0,True,
002838.SZ,002838,002838,道恩股份,主板,深市,主板,801030.SI,基础化工,801036.SI,塑料,塑料,L,20170106,3531,9.67,25.6,3.476,28.571,False,True,True,0,0,0,0,True,
002839.SZ,002839,002839,张家港行,主板,深市,主板,801780.SI,银行,801785.SI,农商行Ⅱ,农商行Ⅱ,L,20170124,3513,9.62,4.31,-2.268,6.977,False,True,True,0,0,0,0,True,
002840.SZ,002840,002840,华统股份,主板,深市,主板,801120.SI,食品饮料,801124.SI,食品加工,食品加工,L,20170110,3527,9.66,9.1,-1.622,14.286,False,True,True,0,0,0,0,True,
002841.SZ,002841,002841,视源股份,主板,深市,主板,801080.SI,电子,801085.SI,消费电子,消费电子,L,20170119,3518,9.63,47.95,-1.842,11.667,False,True,True,0,0,0,0,True,
002842.SZ,002842,002842,翔鹭钨业,主板,深市,主板,801050.SI,有色金属,801054.SI,小金属,小金属,L,20170119,3518,9.63,34.64,1.465,10.857,False,True,True,0,0,0,0,True,
002843.SZ,002843,002843,泰嘉股份,主板,深市,主板,801890.SI,机械设备,801072.SI,通用设备,通用设备,L,20170120,3517,9.63,16.67,2.901,6.061,False,True,True,0,0,0,0,True,
002845.SZ,002845,002845,同兴达,主板,深市,主板,801080.SI,电子,801084.SI,光学光电子,光学光电子,L,20170125,3512,9.62,13.54,0.52,11.364,False,True,True,0,0,0,0,True,
002846.SZ,002846,002846,英联股份,主板,深市,主板,801140.SI,轻工制造,801141.SI,包装印刷,包装印刷,L,20170207,3499,9.58,11.02,-0.091,8.411,False,True,True,0,0,0,0,True,
002847.SZ,002847,002847,盐津铺子,主板,深市,主板,801120.SI,食品饮料,801128.SI,休闲食品,休闲食品,L,20170208,3498,9.58,46.28,1.826,16.667,False,True,True,0,0,0,0,True,
002848.SZ,002848,002848,高斯贝尔,主板,深市,主板,801110.SI,家用电器,801112.SI,黑色家电,黑色家电,L,20170213,3493,9.56,13.59,-1.522,8.955,False,True,True,0,0,0,2,True,
002849.SZ,002849,002849,威星智能,主板,深市,主板,801890.SI,机械设备,801072.SI,通用设备,通用设备,L,20170217,3489,9.55,17.33,-6.274,11.602,False,True,True,0,0,0,0,True,
002850.SZ,002850,002850,科达利,主板,深市,主板,801730.SI,电力设备,801737.SI,电池,电池,L,20170302,3476,9.52,178.83,3.79,12.088,False,True,True,0,0,0,0,True,
002851.SZ,002851,002851,麦格米特,主板,深市,主板,801730.SI,电力设备,801733.SI,其他电源设备Ⅱ,其他电源设备Ⅱ,L,20170306,3472,9.51,132.03,8.963,6.742,False,True,True,0,0,0,0,True,
002852.SZ,002852,002852,道道全,主板,深市,主板,801010.SI,农林牧渔,801012.SI,农产品加工,农产品加工,L,20170310,3468,9.49,9.36,9.988,9.524,False,True,True,0,0,0,0,True,
002853.SZ,002853,002853,皮阿诺,主板,深市,主板,801140.SI,轻工制造,801142.SI,家居用品,家居用品,L,20170310,3468,9.49,21.87,-0.228,10.909,False,True,True,0,0,0,0,True,
002855.SZ,002855,002855,捷荣技术,主板,深市,主板,801080.SI,电子,801085.SI,消费电子,消费电子,L,20170321,3457,9.46,19.15,6.685,13.889,False,True,True,0,0,0,0,True,
002857.SZ,002857,002857,三晖电气,主板,深市,主板,801730.SI,电力设备,801738.SI,电网设备,电网设备,L,20170323,3455,9.46,18.76,-2.037,22.826,False,True,True,0,0,0,0,True,
002858.SZ,002858,002858,力盛体育,主板,深市,主板,801210.SI,社会服务,801216.SI,体育Ⅱ,体育Ⅱ,L,20170324,3454,9.46,12.15,-1.059,13.675,False,True,True,0,0,0,0,True,
002859.SZ,002859,002859,洁美科技,主板,深市,主板,801080.SI,电子,801082.SI,其他电子Ⅱ,其他电子Ⅱ,L,20170407,3440,9.42,62.83,2.262,19.091,False,True,True,0,0,0,0,True,
002860.SZ,002860,002860,星帅尔,主板,深市,主板,801110.SI,家用电器,801116.SI,家电零部件Ⅱ,家电零部件Ⅱ,L,20170412,3435,9.4,17.78,0.737,14.62,False,True,True,0,0,0,0,True,
002861.SZ,002861,002861,瀛通通讯,主板,深市,主板,801080.SI,电子,801085.SI,消费电子,消费电子,L,20170413,3434,9.4,15.86,-0.564,7.453,False,True,True,0,0,0,0,True,
002862.SZ,002862,002862,实丰文化,主板,深市,主板,801140.SI,轻工制造,801145.SI,文娱用品,文娱用品,L,20170411,3436,9.41,16.05,0.062,13.907,False,True,True,0,0,0,0,True,
002863.SZ,002863,002863,今飞凯达,主板,深市,主板,801880.SI,汽车,801093.SI,汽车零部件,汽车零部件,L,20170418,3429,9.39,4.83,0.835,10.638,False,True,True,0,0,0,0,True,
002864.SZ,002864,002864,盘龙药业,主板,深市,主板,801150.SI,医药生物,801155.SI,中药Ⅱ,中药Ⅱ,L,20171116,3217,8.81,21.46,-0.093,5.882,False,True,True,0,0,0,0,True,
002865.SZ,002865,002865,钧达股份,主板,深市,主板,801730.SI,电力设备,801735.SI,光伏设备,光伏设备,L,20170425,3422,9.37,38.31,0.209,15.686,False,True,True,0,0,0,0,True,
002866.SZ,002866,002866,传艺科技,主板,深市,主板,801080.SI,电子,801085.SI,消费电子,消费电子,L,20170426,3421,9.37,14.52,1.044,6.04,False,True,True,0,0,0,0,True,
002867.SZ,002867,002867,周大生,主板,深市,主板,801130.SI,纺织服饰,801133.SI,饰品,饰品,L,20170427,3420,9.36,10.74,-1.287,14.407,False,True,True,0,0,0,0,True,
002868.SZ,002868,002868,绿康生化,主板,深市,主板,801010.SI,农林牧渔,801018.SI,动物保健Ⅱ,动物保健Ⅱ,L,20170503,3414,9.35,25.69,-0.542,15.0,False,True,True,0,0,0,2,True,
002869.SZ,002869,002869,金溢科技,主板,深市,主板,801750.SI,计算机,801101.SI,计算机设备,计算机设备,L,20170515,3402,9.31,16.2,-1.22,16.352,False,True,True,0,0,0,0,True,
002871.SZ,002871,002871,伟隆股份,主板,深市,主板,801890.SI,机械设备,801072.SI,通用设备,通用设备,L,20170511,3406,9.33,19.59,-0.407,20.219,False,True,True,0,0,0,0,True,
002873.SZ,002873,002873,新天药业,主板,深市,主板,801150.SI,医药生物,801155.SI,中药Ⅱ,中药Ⅱ,L,20170519,3398,9.3,8.55,1.665,10.588,False,True,True,0,0,0,0,True,
002875.SZ,002875,002875,安奈儿,主板,深市,主板,801130.SI,纺织服饰,801132.SI,服装家纺,服装家纺,L,20170601,3385,9.27,13.55,-0.514,10.294,False,True,True,0,0,0,0,True,
002876.SZ,002876,002876,三利谱,主板,深市,主板,801080.SI,电子,801084.SI,光学光电子,光学光电子,L,20170525,3392,9.29,29.95,0.842,12.245,False,True,True,0,0,0,0,True,
002877.SZ,002877,002877,智能自控,主板,深市,主板,801890.SI,机械设备,801072.SI,通用设备,通用设备,L,20170605,3381,9.26,7.56,-0.526,10.959,False,True,True,0,0,0,0,True,
002878.SZ,002878,002878,元隆雅图,主板,深市,主板,801760.SI,传媒,801765.SI,广告营销,广告营销,L,20170606,3380,9.25,13.11,0.306,12.8,False,True,True,0,0,0,0,True,
002879.SZ,002879,002879,长缆科技,主板,深市,主板,801730.SI,电力设备,801738.SI,电网设备,电网设备,L,20170707,3349,9.17,16.73,-0.653,5.988,False,True,True,0,0,0,0,True,
002880.SZ,002880,002880,卫光生物,主板,深市,主板,801150.SI,医药生物,801152.SI,生物制品,生物制品,L,20170616,3370,9.23,23.18,4.414,25.0,False,True,True,0,0,0,0,True,
002881.SZ,002881,002881,美格智能,主板,深市,主板,801770.SI,通信,801102.SI,通信设备,通信设备,L,20170622,3364,9.21,46.12,9.993,15.094,False,True,True,0,0,0,0,True,
002882.SZ,002882,002882,金龙羽,主板,深市,主板,801730.SI,电力设备,801738.SI,电网设备,电网设备,L,20170717,3339,9.14,23.79,-2.099,8.974,False,True,True,0,0,0,0,True,
002884.SZ,002884,002884,凌霄泵业,主板,深市,主板,801890.SI,机械设备,801072.SI,通用设备,通用设备,L,20170711,3345,9.16,15.97,0.377,9.938,False,True,True,0,0,0,0,True,
002885.SZ,002885,002885,京泉华,主板,深市,主板,801080.SI,电子,801082.SI,其他电子Ⅱ,其他电子Ⅱ,L,20170627,3359,9.2,30.03,8.294,8.772,False,True,True,0,0,0,0,True,
002886.SZ,002886,002886,沃特股份,主板,深市,主板,801030.SI,基础化工,801036.SI,塑料,塑料,L,20170627,3359,9.2,26.52,5.615,6.923,False,True,True,0,0,0,0,True,
002887.SZ,002887,002887,绿茵生态,主板,深市,主板,801970.SI,环保,801971.SI,环境治理,环境治理,L,20170801,3324,9.1,9.38,1.078,12.371,False,True,True,0,0,0,0,True,
002888.SZ,002888,002888,惠威科技,主板,深市,主板,801080.SI,电子,801085.SI,消费电子,消费电子,L,20170721,3335,9.13,20.71,-5.864,21.256,False,True,True,0,0,0,0,True,
002889.SZ,002889,002889,东方嘉盛,主板,深市,主板,801170.SI,交通运输,801178.SI,物流,物流,L,20170731,3325,9.1,12.14,-0.165,8.13,False,True,True,0,0,0,0,True,
002890.SZ,002890,002890,弘宇股份,主板,深市,主板,801890.SI,机械设备,801074.SI,专用设备,专用设备,L,20170802,3323,9.1,15.29,-1.924,17.123,False,True,True,0,0,0,0,True,
002891.SZ,002891,002891,中宠股份,主板,深市,主板,801010.SI,农林牧渔,801014.SI,饲料,饲料,L,20170821,3304,9.05,29.77,4.054,11.905,False,True,True,0,0,0,0,True,
002892.SZ,002892,002892,科力尔,主板,深市,主板,801730.SI,电力设备,801731.SI,电机Ⅱ,电机Ⅱ,L,20170817,3308,9.06,9.19,1.772,8.696,False,True,True,0,0,0,0,True,
002893.SZ,002893,002893,京能热力,主板,深市,主板,801160.SI,公用事业,801161.SI,电力,电力,L,20170915,3279,8.98,10.54,-0.472,8.491,False,True,True,0,0,0,0,True,
002895.SZ,002895,002895,川恒股份,主板,深市,主板,801030.SI,基础化工,801038.SI,农化制品,农化制品,L,20170825,3300,9.03,32.87,-2.173,14.634,False,True,True,0,0,0,0,True,
002896.SZ,002896,002896,中大力德,主板,深市,主板,801890.SI,机械设备,801072.SI,通用设备,通用设备,L,20170829,3296,9.02,63.58,1.517,24.691,False,True,True,0,0,0,0,True,
002897.SZ,002897,002897,意华股份,主板,深市,主板,801770.SI,通信,801102.SI,通信设备,通信设备,L,20170907,3287,9.0,61.3,6.888,7.229,False,True,True,0,0,0,0,True,
002899.SZ,002899,002899,英派斯,主板,深市,主板,801140.SI,轻工制造,801145.SI,文娱用品,文娱用品,L,20170915,3279,8.98,19.82,5.707,7.812,False,True,True,0,0,0,0,True,
002900.SZ,002900,002900,哈三联,主板,深市,主板,801150.SI,医药生物,801151.SI,化学制药,化学制药,L,20170922,3272,8.96,12.31,0.572,10.317,False,True,True,0,0,0,0,True,
002901.SZ,002901,002901,大博医疗,主板,深市,主板,801150.SI,医药生物,801153.SI,医疗器械,医疗器械,L,20170922,3272,8.96,40.82,-0.97,15.909,False,True,True,0,0,0,0,True,
002902.SZ,002902,002902,铭普光磁,主板,深市,主板,801770.SI,通信,801102.SI,通信设备,通信设备,L,20170929,3265,8.94,27.18,9.996,7.634,False,True,True,0,0,0,0,True,
002903.SZ,002903,002903,宇环数控,主板,深市,主板,801890.SI,机械设备,801072.SI,通用设备,通用设备,L,20171013,3251,8.9,28.36,4.112,9.825,False,True,True,0,0,0,0,True,
002905.SZ,002905,002905,金逸影视,主板,深市,主板,801760.SI,传媒,801766.SI,影视院线,影视院线,L,20171016,3248,8.89,8.69,2.719,12.5,False,True,True,0,0,0,0,True,
002907.SZ,002907,002907,华森制药,主板,深市,主板,801150.SI,医药生物,801155.SI,中药Ⅱ,中药Ⅱ,L,20171020,3244,8.88,14.21,-1.932,12.0,False,True,True,0,0,0,0,True,
002908.SZ,002908,002908,德生科技,主板,深市,主板,801750.SI,计算机,801103.SI,IT服务Ⅱ,IT服务Ⅱ,L,20171020,3244,8.88,7.35,-0.541,12.676,False,True,True,0,0,0,0,True,
002909.SZ,002909,002909,集泰股份,主板,深市,主板,801030.SI,基础化工,801034.SI,化学制品,化学制品,L,20171026,3238,8.87,7.93,9.986,6.494,False,True,True,0,0,0,0,True,
002910.SZ,002910,002910,庄园牧场,主板,深市,主板,801120.SI,食品饮料,801127.SI,饮料乳品,饮料乳品,L,20171031,3233,8.85,10.49,3.248,12.121,False,True,True,0,0,0,0,True,
002911.SZ,002911,002911,佛燃能源,主板,深市,主板,801160.SI,公用事业,801163.SI,燃气Ⅱ,燃气Ⅱ,L,20171122,3211,8.79,11.35,-1.39,41.739,False,True,True,0,0,0,0,True,
002912.SZ,002912,002912,中新赛克,主板,深市,主板,801750.SI,计算机,801101.SI,计算机设备,计算机设备,L,20171121,3212,8.79,19.84,-0.8,11.111,False,True,True,0,0,0,0,True,
002913.SZ,002913,002913,奥士康,主板,深市,主板,801080.SI,电子,801083.SI,元件,元件,L,20171201,3202,8.77,65.11,6.738,31.304,False,True,True,0,0,0,0,True,
002915.SZ,002915,002915,中欣氟材,主板,深市,主板,801030.SI,基础化工,801034.SI,化学制品,化学制品,L,20171205,3198,8.76,18.05,-0.055,9.89,False,True,True,0,0,0,0,True,
002916.SZ,002916,002916,深南电路,主板,深市,主板,801080.SI,电子,801083.SI,元件,元件,L,20171213,3190,8.73,364.98,10.0,25.581,False,True,True,0,0,0,0,True,
002917.SZ,002917,002917,金奥博,主板,深市,主板,801030.SI,基础化工,801034.SI,化学制品,化学制品,L,20171208,3195,8.75,10.54,-0.378,8.654,False,True,True,0,0,0,0,True,
002918.SZ,002918,002918,蒙娜丽莎,主板,深市,主板,801140.SI,轻工制造,801142.SI,家居用品,家居用品,L,20171219,3184,8.72,10.91,-0.274,8.036,False,True,True,0,0,0,0,True,
002919.SZ,002919,002919,名臣健康,主板,深市,主板,801760.SI,传媒,801764.SI,游戏Ⅱ,游戏Ⅱ,L,20171218,3185,8.72,18.13,0.0,18.182,False,True,True,0,0,0,0,True,
002920.SZ,002920,002920,德赛西威,主板,深市,主板,801750.SI,计算机,801104.SI,软件开发,软件开发,L,20171226,3177,8.7,88.56,0.636,15.385,False,True,True,0,0,0,0,True,
002921.SZ,002921,002921,联诚精密,主板,深市,主板,801880.SI,汽车,801093.SI,汽车零部件,汽车零部件,L,20171227,3176,8.7,21.85,-0.228,6.667,False,True,True,0,0,0,0,True,
002922.SZ,002922,002922,伊戈尔,主板,深市,主板,801080.SI,电子,801082.SI,其他电子Ⅱ,其他电子Ⅱ,L,20171229,3174,8.69,25.8,2.097,9.524,False,True,True,0,0,0,0,True,
002923.SZ,002923,002923,润都股份,主板,深市,主板,801150.SI,医药生物,801151.SI,化学制药,化学制药,L,20180105,3167,8.67,11.13,0.18,7.207,False,True,True,0,0,0,0,True,
002925.SZ,002925,002925,盈趣科技,主板,深市,主板,801080.SI,电子,801085.SI,消费电子,消费电子,L,20180115,3157,8.64,23.12,-0.9,8.621,False,True,True,0,0,0,0,True,
002926.SZ,002926,002926,华西证券,主板,深市,主板,801790.SI,非银金融,801193.SI,证券Ⅱ,证券Ⅱ,L,20180205,3136,8.59,8.49,-1.049,9.524,False,True,True,0,0,0,0,True,
002927.SZ,002927,002927,泰永长征,主板,深市,主板,801730.SI,电力设备,801738.SI,电网设备,电网设备,L,20180223,3118,8.54,17.77,2.539,13.415,False,True,True,0,0,0,0,True,
002928.SZ,002928,002928,华夏航空,主板,深市,主板,801170.SI,交通运输,801991.SI,航空机场,航空机场,L,20180302,3111,8.52,6.42,-0.155,14.063,False,True,True,0,0,0,0,True,
002929.SZ,002929,002929,润建股份,主板,深市,主板,801770.SI,通信,801223.SI,通信服务,通信服务,L,20180301,3112,8.52,51.95,2.567,9.091,False,True,True,0,0,0,0,True,
002930.SZ,002930,002930,宏川智慧,主板,深市,主板,801170.SI,交通运输,801178.SI,物流,物流,L,20180328,3085,8.45,9.49,0.0,13.333,False,True,True,0,0,0,0,True,
002931.SZ,002931,002931,锋龙股份,主板,深市,主板,801890.SI,机械设备,801072.SI,通用设备,通用设备,L,20180403,3079,8.43,45.05,3.136,16.667,False,True,True,0,0,0,0,True,
002933.SZ,002933,002933,新兴装备,主板,深市,主板,801740.SI,国防军工,801742.SI,航空装备Ⅱ,航空装备Ⅱ,L,20180828,2932,8.03,27.52,-1.468,13.636,False,True,True,0,0,0,0,True,
002935.SZ,002935,002935,天奥电子,主板,深市,主板,801740.SI,国防军工,801745.SI,军工电子Ⅱ,军工电子Ⅱ,L,20180903,2926,8.01,15.7,-0.507,37.349,False,True,True,0,0,0,0,True,
002936.SZ,002936,002936,郑州银行,主板,深市,主板,801780.SI,银行,801784.SI,城商行Ⅱ,城商行Ⅱ,L,20180919,2910,7.97,1.78,-1.111,5.882,False,True,True,0,0,0,0,True,
002937.SZ,002937,002937,兴瑞科技,主板,深市,主板,801880.SI,汽车,801093.SI,汽车零部件,汽车零部件,L,20180926,2903,7.95,29.33,4.601,13.0,False,True,True,0,0,0,0,True,
002938.SZ,002938,002938,鹏鼎控股,主板,深市,主板,801080.SI,电子,801083.SI,元件,元件,L,20180918,2911,7.97,89.99,8.044,20.69,False,True,True,0,0,0,0,True,
002939.SZ,002939,002939,长城证券,主板,深市,主板,801790.SI,非银金融,801193.SI,证券Ⅱ,证券Ⅱ,L,20181026,2873,7.87,8.07,-0.738,19.277,False,True,True,0,0,0,0,True,
002940.SZ,002940,002940,昂利康,主板,深市,主板,801150.SI,医药生物,801151.SI,化学制药,化学制药,L,20181023,2876,7.87,25.95,-3.46,6.818,False,True,True,0,0,0,0,True,
002941.SZ,002941,002941,新疆交建,主板,深市,主板,801720.SI,建筑装饰,801723.SI,基础建设,基础建设,L,20181128,2840,7.78,11.01,0.273,12.963,False,True,True,0,0,0,0,True,
002942.SZ,002942,002942,新农股份,主板,深市,主板,801030.SI,基础化工,801038.SI,农化制品,农化制品,L,20181205,2833,7.76,18.52,3.061,17.021,False,True,True,0,0,0,0,True,
002943.SZ,002943,002943,宇晶股份,主板,深市,主板,801890.SI,机械设备,801072.SI,通用设备,通用设备,L,20181129,2839,7.77,31.02,0.065,10.843,False,True,True,0,0,0,0,True,
002945.SZ,002945,002945,华林证券,主板,深市,主板,801790.SI,非银金融,801193.SI,证券Ⅱ,证券Ⅱ,L,20190117,2790,7.64,14.92,-1.388,27.815,False,True,True,0,0,0,0,True,
002946.SZ,002946,002946,新乳业,主板,深市,主板,801120.SI,食品饮料,801127.SI,饮料乳品,饮料乳品,L,20190125,2782,7.62,15.52,-0.385,19.255,False,True,True,0,0,0,0,True,
002947.SZ,002947,002947,恒铭达,主板,深市,主板,801080.SI,电子,801085.SI,消费电子,消费电子,L,20190201,2775,7.6,66.75,-1.881,16.867,False,True,True,0,0,0,0,True,
002948.SZ,002948,002948,青岛银行,主板,深市,主板,801780.SI,银行,801784.SI,城商行Ⅱ,城商行Ⅱ,L,20190116,2791,7.64,6.22,-2.047,15.254,False,True,True,0,0,0,0,True,
002949.SZ,002949,002949,华阳国际,主板,深市,主板,801720.SI,建筑装饰,801726.SI,工程咨询服务Ⅱ,工程咨询服务Ⅱ,L,20190226,2750,7.53,14.05,-0.142,7.353,False,True,True,0,0,0,0,True,
002950.SZ,002950,002950,奥美医疗,主板,深市,主板,801150.SI,医药生物,801153.SI,医疗器械,医疗器械,L,20190311,2737,7.49,8.83,0.455,9.677,False,True,True,0,0,0,0,True,
002951.SZ,002951,002951,金时科技,主板,深市,主板,801730.SI,电力设备,801733.SI,其他电源设备Ⅱ,其他电源设备Ⅱ,L,20190315,2733,7.48,16.38,3.54,24.528,False,True,True,0,0,0,0,True,
002952.SZ,002952,002952,亚世光电,主板,深市,主板,801080.SI,电子,801084.SI,光学光电子,光学光电子,L,20190328,2720,7.45,21.22,-2.077,8.451,False,True,True,0,0,0,0,True,
002953.SZ,002953,002953,日丰股份,主板,深市,主板,801730.SI,电力设备,801738.SI,电网设备,电网设备,L,20190509,2678,7.33,10.68,1.714,7.339,False,True,True,0,0,0,0,True,
002955.SZ,002955,002955,鸿合科技,主板,深市,主板,801080.SI,电子,801084.SI,光学光电子,光学光电子,L,20190523,2664,7.29,38.7,-0.591,21.368,False,True,True,0,0,0,0,True,
002956.SZ,002956,002956,西麦食品,主板,深市,主板,801120.SI,食品饮料,801128.SI,休闲食品,休闲食品,L,20190619,2637,7.22,16.74,-0.179,21.348,False,True,True,0,0,0,0,True,
002957.SZ,002957,002957,科瑞技术,主板,深市,主板,801890.SI,机械设备,801078.SI,自动化设备,自动化设备,L,20190726,2600,7.12,40.92,10.0,8.955,False,True,True,0,0,0,0,True,
002958.SZ,002958,002958,青农商行,主板,深市,主板,801780.SI,银行,801785.SI,农商行Ⅱ,农商行Ⅱ,L,20190326,2722,7.45,2.97,-1.329,6.897,False,True,True,0,0,0,0,True,
002959.SZ,002959,002959,小熊电器,主板,深市,主板,801110.SI,家用电器,801113.SI,小家电,小家电,L,20190823,2572,7.04,32.74,0.987,32.143,False,True,True,0,0,0,0,True,
002960.SZ,002960,002960,青鸟智控,主板,深市,主板,801890.SI,机械设备,801074.SI,专用设备,专用设备,L,20190809,2586,7.08,8.8,0.342,10.588,False,True,True,0,0,0,0,True,
002961.SZ,002961,002961,瑞达期货,主板,深市,主板,801790.SI,非银金融,801191.SI,多元金融,多元金融,L,20190905,2559,7.01,19.93,-2.064,13.433,False,True,True,0,0,0,0,True,
002962.SZ,002962,002962,五方光电,主板,深市,主板,801080.SI,电子,801084.SI,光学光电子,光学光电子,L,20190917,2547,6.97,12.96,1.092,6.202,False,True,True,0,0,0,0,True,
002963.SZ,002963,002963,豪尔赛,主板,深市,主板,801720.SI,建筑装饰,801722.SI,装修装饰Ⅱ,装修装饰Ⅱ,L,20191028,2506,6.86,22.15,9.98,9.901,False,True,True,0,0,0,0,True,
002965.SZ,002965,002965,祥鑫科技,主板,深市,主板,801880.SI,汽车,801093.SI,汽车零部件,汽车零部件,L,20191025,2509,6.87,30.63,2.202,5.825,False,True,True,0,0,0,0,True,
002966.SZ,002966,002966,苏州银行,主板,深市,主板,801780.SI,银行,801784.SI,城商行Ⅱ,城商行Ⅱ,L,20190802,2593,7.1,8.98,-2.391,15.854,False,True,True,0,0,0,0,True,
002967.SZ,002967,002967,广电计量,主板,深市,主板,801210.SI,社会服务,801218.SI,专业服务,专业服务,L,20191108,2495,6.83,17.49,-1.019,25.0,False,True,True,0,0,0,0,True,
002968.SZ,002968,002968,新大正,主板,深市,主板,801180.SI,房地产,801183.SI,房地产服务,房地产服务,L,20191203,2470,6.76,9.66,0.625,15.217,False,True,True,0,0,0,0,True,
002969.SZ,002969,002969,嘉美包装,主板,深市,主板,801140.SI,轻工制造,801141.SI,包装印刷,包装印刷,L,20191202,2471,6.77,12.64,-3.732,13.846,False,True,True,0,0,0,5,True,
002970.SZ,002970,002970,锐明技术,主板,深市,主板,801750.SI,计算机,801101.SI,计算机设备,计算机设备,L,20191217,2456,6.72,51.45,6.082,11.111,False,True,True,0,0,0,0,True,
002971.SZ,002971,002971,和远气体,主板,深市,主板,801030.SI,基础化工,801034.SI,化学制品,化学制品,L,20200113,2429,6.65,39.81,3.001,14.286,False,True,True,0,0,0,0,True,
002972.SZ,002972,002972,科安达,主板,深市,主板,801890.SI,机械设备,801076.SI,轨交设备Ⅱ,轨交设备Ⅱ,L,20191227,2446,6.7,13.93,10.032,9.924,False,True,True,0,0,0,0,True,
002973.SZ,002973,002973,侨银股份,主板,深市,主板,801970.SI,环保,801971.SI,环境治理,环境治理,L,20200106,2436,6.67,12.49,-1.265,22.034,False,True,True,0,0,0,0,True,
002975.SZ,002975,002975,博杰股份,主板,深市,主板,801890.SI,机械设备,801078.SI,自动化设备,自动化设备,L,20200205,2406,6.59,104.53,9.997,8.036,False,True,True,0,0,0,0,True,
002976.SZ,002976,002976,瑞玛精密,主板,深市,主板,801880.SI,汽车,801093.SI,汽车零部件,汽车零部件,L,20200306,2376,6.51,25.46,7.699,10.744,False,True,True,0,0,0,0,True,
002978.SZ,002978,002978,安宁股份,主板,深市,主板,801050.SI,有色金属,801054.SI,小金属,小金属,L,20200417,2334,6.39,25.96,-0.46,24.719,False,True,True,0,0,0,0,True,
002979.SZ,002979,002979,雷赛智能,主板,深市,主板,801890.SI,机械设备,801078.SI,自动化设备,自动化设备,L,20200408,2343,6.41,54.33,2.471,10.753,False,True,True,0,0,0,0,True,
002980.SZ,002980,002980,华盛昌,主板,深市,主板,801730.SI,电力设备,801738.SI,电网设备,电网设备,L,20200415,2336,6.4,118.1,10.004,14.607,False,True,True,0,0,0,0,True,
002981.SZ,002981,002981,朝阳科技,主板,深市,主板,801080.SI,电子,801085.SI,消费电子,消费电子,L,20200417,2334,6.39,24.25,0.041,12.987,False,True,True,0,0,0,0,True,
002982.SZ,002982,002982,湘佳股份,主板,深市,主板,801010.SI,农林牧渔,801017.SI,养殖业,养殖业,L,20200424,2327,6.37,13.51,2.894,10.317,False,True,True,0,0,0,0,True,
002983.SZ,002983,002983,芯瑞达,主板,深市,主板,801080.SI,电子,801084.SI,光学光电子,光学光电子,L,20200428,2323,6.36,21.31,-1.251,26.214,False,True,True,0,0,0,0,True,
002984.SZ,002984,002984,森麒麟,主板,深市,主板,801880.SI,汽车,801093.SI,汽车零部件,汽车零部件,L,20200911,2187,5.99,13.56,-1.454,11.268,False,True,True,0,0,0,0,True,
002985.SZ,002985,002985,北摩高科,主板,深市,主板,801740.SI,国防军工,801742.SI,航空装备Ⅱ,航空装备Ⅱ,L,20200429,2322,6.36,29.18,5.305,18.519,False,True,True,0,0,0,0,True,
002986.SZ,002986,002986,宇新股份,主板,深市,主板,801960.SI,石油石化,801963.SI,炼化及贸易,炼化及贸易,L,20200602,2288,6.26,13.17,-2.589,16.923,False,True,True,0,0,0,0,True,
002987.SZ,002987,002987,京北方,主板,深市,主板,801750.SI,计算机,801104.SI,软件开发,软件开发,L,20200507,2314,6.34,11.83,-3.507,12.931,False,True,True,0,0,0,0,True,
002988.SZ,002988,002988,豪美新材,主板,深市,主板,801050.SI,有色金属,801055.SI,工业金属,工业金属,L,20200518,2303,6.31,28.77,10.019,22.5,False,True,True,0,0,0,0,True,
002989.SZ,002989,002989,中天精装,主板,深市,主板,801720.SI,建筑装饰,801722.SI,装修装饰Ⅱ,装修装饰Ⅱ,L,20200610,2280,6.24,23.62,2.919,8.861,False,True,True,0,0,0,0,True,
002990.SZ,002990,002990,盛视科技,主板,深市,主板,801750.SI,计算机,801101.SI,计算机设备,计算机设备,L,20200525,2296,6.29,48.56,3.849,11.875,False,True,True,0,0,0,0,True,
002991.SZ,002991,002991,甘源食品,主板,深市,主板,801120.SI,食品饮料,801128.SI,休闲食品,休闲食品,L,20200731,2229,6.1,39.57,1.644,15.0,False,True,True,0,0,0,0,True,
002992.SZ,002992,002992,宝明科技,主板,深市,主板,801080.SI,电子,801084.SI,光学光电子,光学光电子,L,20200803,2226,6.09,34.16,4.625,40.659,False,True,True,0,0,0,0,True,
002993.SZ,002993,002993,奥海科技,主板,深市,主板,801080.SI,电子,801085.SI,消费电子,消费电子,L,20200817,2212,6.06,38.18,4.146,9.211,False,True,True,0,0,0,0,True,
002995.SZ,002995,002995,天地在线,主板,深市,主板,801760.SI,传媒,801765.SI,广告营销,广告营销,L,20200805,2224,6.09,18.21,-0.055,8.242,False,True,True,0,0,0,0,True,
002996.SZ,002996,002996,顺博合金,主板,深市,主板,801050.SI,有色金属,801055.SI,工业金属,工业金属,L,20200828,2201,6.03,6.17,-0.484,4.839,False,True,True,0,0,0,0,True,
002997.SZ,002997,002997,瑞鹄模具,主板,深市,主板,801880.SI,汽车,801093.SI,汽车零部件,汽车零部件,L,20200903,2195,6.01,28.4,-0.386,12.857,False,True,True,0,0,0,0,True,
002999.SZ,002999,002999,天禾股份,主板,深市,主板,801030.SI,基础化工,801038.SI,农化制品,农化制品,L,20200903,2195,6.01,6.7,1.979,9.091,False,True,True,0,0,0,0,True,
003000.SZ,003000,003000,劲仔食品,主板,深市,主板,801120.SI,食品饮料,801128.SI,休闲食品,休闲食品,L,20200914,2184,5.98,9.92,1.431,9.804,False,True,True,0,0,0,0,True,
003001.SZ,003001,003001,中岩大地,主板,深市,主板,801720.SI,建筑装饰,801724.SI,专业工程,专业工程,L,20201013,2155,5.9,16.18,-0.492,6.25,False,True,True,0,0,0,0,True,
003002.SZ,003002,003002,壶化股份,主板,深市,主板,801030.SI,基础化工,801034.SI,化学制品,化学制品,L,20200922,2176,5.96,17.6,-0.453,14.286,False,True,True,0,0,0,0,True,
003003.SZ,003003,003003,天元股份,主板,深市,主板,801140.SI,轻工制造,801141.SI,包装印刷,包装印刷,L,20200921,2177,5.96,11.26,0.356,13.636,False,True,True,0,0,0,0,True,
003004.SZ,003004,003004,声迅股份,主板,深市,主板,801750.SI,计算机,801101.SI,计算机设备,计算机设备,L,20201126,2111,5.78,77.9,3.522,24.752,False,True,True,0,0,0,2,True,
003005.SZ,003005,003005,竞业达,主板,深市,主板,801750.SI,计算机,801103.SI,IT服务Ⅱ,IT服务Ⅱ,L,20200922,2176,5.96,19.18,3.788,7.527,False,True,True,0,0,0,0,True,
003006.SZ,003006,003006,百亚股份,主板,深市,主板,801980.SI,美容护理,801981.SI,个护用品,个护用品,L,20200921,2177,5.96,15.38,4.911,14.085,False,True,True,0,0,0,0,True,
003007.SZ,003007,003007,直真科技,主板,深市,主板,801750.SI,计算机,801104.SI,软件开发,软件开发,L,20200923,2175,5.95,39.17,-0.076,8.763,False,True,True,0,0,0,0,True,
003008.SZ,003008,003008,开普检测,主板,深市,主板,801210.SI,社会服务,801218.SI,专业服务,专业服务,L,20200923,2175,5.95,19.71,0.051,14.894,False,True,True,0,0,0,0,True,
003009.SZ,003009,003009,中天火箭,主板,深市,主板,801740.SI,国防军工,801741.SI,航天装备Ⅱ,航天装备Ⅱ,L,20200925,2173,5.95,47.53,0.827,17.213,False,True,True,0,0,0,0,True,
003010.SZ,003010,003010,若羽臣,主板,深市,主板,801200.SI,商贸零售,801206.SI,互联网电商,互联网电商,L,20200925,2173,5.95,30.73,-2.753,13.115,False,True,True,0,0,0,0,True,
003011.SZ,003011,003011,海象新材,主板,深市,主板,801140.SI,轻工制造,801142.SI,家居用品,家居用品,L,20200930,2168,5.94,20.24,-0.638,11.765,False,True,True,0,0,0,0,True,
003012.SZ,003012,003012,东鹏控股,主板,深市,主板,801140.SI,轻工制造,801142.SI,家居用品,家居用品,L,20201019,2149,5.88,4.71,0.426,27.66,False,True,True,0,0,0,0,True,
003013.SZ,003013,003013,地铁设计,主板,深市,主板,801720.SI,建筑装饰,801726.SI,工程咨询服务Ⅱ,工程咨询服务Ⅱ,L,20201022,2146,5.88,16.46,0.796,19.88,False,True,True,0,0,0,0,True,
003015.SZ,003015,003015,日久光电,主板,深市,主板,801080.SI,电子,801084.SI,光学光电子,光学光电子,L,20201021,2147,5.88,12.09,0.166,16.667,False,True,True,0,0,0,0,True,
003016.SZ,003016,003016,欣贺股份,主板,深市,主板,801130.SI,纺织服饰,801132.SI,服装家纺,服装家纺,L,20201026,2142,5.86,7.36,0.409,26.087,False,True,True,0,0,0,0,True,
003017.SZ,003017,003017,大洋生物,主板,深市,主板,801030.SI,基础化工,801033.SI,化学原料,化学原料,L,20201026,2142,5.86,22.71,0.309,10.619,False,True,True,0,0,0,0,True,
003018.SZ,003018,003018,金富科技,主板,深市,主板,801140.SI,轻工制造,801141.SI,包装印刷,包装印刷,L,20201106,2131,5.83,55.01,-0.883,25.676,False,True,True,0,0,0,0,True,
003019.SZ,003019,003019,宸展光电,主板,深市,主板,801080.SI,电子,801084.SI,光学光电子,光学光电子,L,20201117,2120,5.8,26.99,-1.783,19.767,False,True,True,0,0,0,0,True,
003020.SZ,003020,003020,立方制药,主板,深市,主板,801150.SI,医药生物,801151.SI,化学制药,化学制药,L,20201215,2092,5.73,17.72,0.057,7.609,False,True,True,0,0,0,0,True,
003021.SZ,003021,003021,兆威机电,主板,深市,主板,801730.SI,电力设备,801731.SI,电机Ⅱ,电机Ⅱ,L,20201204,2103,5.76,73.02,0.745,29.412,False,True,True,0,0,0,0,True,
003022.SZ,003022,003022,联泓新科,主板,深市,主板,801730.SI,电力设备,801735.SI,光伏设备,光伏设备,L,20201208,2099,5.75,19.4,0.466,33.333,False,True,True,0,0,0,0,True,
003023.SZ,003023,003023,彩虹集团,主板,深市,主板,801110.SI,家用电器,801113.SI,小家电,小家电,L,20201211,2096,5.74,26.17,0.654,6.716,False,True,True,0,0,0,0,True,
003025.SZ,003025,003025,思进智能,主板,深市,主板,801890.SI,机械设备,801072.SI,通用设备,通用设备,L,20201211,2096,5.74,12.18,-0.164,13.71,False,True,True,0,0,0,0,True,
003026.SZ,003026,003026,中晶科技,主板,深市,主板,801080.SI,电子,801081.SI,半导体,半导体,L,20201218,2089,5.72,28.01,1.633,7.586,False,True,True,0,0,0,0,True,
003027.SZ,003027,003027,同兴科技,主板,深市,主板,801970.SI,环保,801971.SI,环境治理,环境治理,L,20201218,2089,5.72,17.02,0.949,15.951,False,True,True,0,0,0,0,True,
003028.SZ,003028,003028,振邦智能,主板,深市,主板,801110.SI,家用电器,801116.SI,家电零部件Ⅱ,家电零部件Ⅱ,L,20201228,2079,5.69,23.14,0.478,14.667,False,True,True,0,0,0,0,True,
003029.SZ,003029,003029,吉大正元,主板,深市,主板,801750.SI,计算机,801104.SI,软件开发,软件开发,L,20201224,2083,5.7,17.35,-1.421,9.412,False,True,True,0,0,0,0,True,
003030.SZ,003030,003030,祖名股份,主板,深市,主板,801010.SI,农林牧渔,801012.SI,农产品加工,农产品加工,L,20210106,2070,5.67,26.41,6.75,13.08,False,True,True,0,0,0,0,True,
003031.SZ,003031,003031,中瓷电子,主板,深市,主板,801770.SI,通信,801102.SI,通信设备,通信设备,L,20210104,2072,5.67,120.72,6.099,20.27,False,True,True,0,0,0,0,True,
003032.SZ,003032,003032,传智教育,主板,深市,主板,801210.SI,社会服务,801994.SI,教育,教育,L,20210112,2064,5.65,9.67,-0.514,15.306,False,True,True,0,0,0,2,True,
003033.SZ,003033,003033,征和工业,主板,深市,主板,801880.SI,汽车,801881.SI,摩托车及其他,摩托车及其他,L,20210111,2065,5.65,69.64,4.314,11.976,False,True,True,0,0,0,0,True,
003035.SZ,003035,003035,南网能源,主板,深市,主板,801160.SI,公用事业,801161.SI,电力,电力,L,20210119,2057,5.63,5.64,0.0,38.596,False,True,True,0,0,0,0,True,
003036.SZ,003036,003036,泰坦股份,主板,深市,主板,801890.SI,机械设备,801074.SI,专用设备,专用设备,L,20210128,2048,5.61,52.68,3.701,11.765,False,True,True,0,0,0,0,True,
003037.SZ,003037,003037,三和管桩,主板,深市,主板,801710.SI,建筑材料,801711.SI,水泥,水泥,L,20210204,2041,5.59,5.82,0.0,28.333,False,True,True,0,0,0,0,True,
003038.SZ,003038,003038,鑫铂股份,主板,深市,主板,801050.SI,有色金属,801055.SI,工业金属,工业金属,L,20210210,2035,5.57,11.02,0.639,9.259,False,True,True,0,0,0,0,True,
003039.SZ,003039,003039,顺控发展,主板,深市,主板,801970.SI,环保,801971.SI,环境治理,环境治理,L,20210308,2009,5.5,12.79,-0.467,26.923,False,True,True,0,0,0,0,True,
003040.SZ,003040,003040,楚天龙,主板,深市,主板,801770.SI,通信,801102.SI,通信设备,通信设备,L,20210322,1995,5.46,22.95,8.665,9.346,False,True,True,0,0,0,0,True,
003041.SZ,003041,003041,真爱美家,主板,深市,主板,801130.SI,纺织服饰,801132.SI,服装家纺,服装家纺,L,20210406,1980,5.42,38.5,-2.532,20.513,False,True,True,0,0,0,0,True,
003042.SZ,003042,003042,中农联合,主板,深市,主板,801030.SI,基础化工,801038.SI,农化制品,农化制品,L,20210406,1980,5.42,14.86,3.338,7.586,False,True,True,0,0,0,0,True,
003043.SZ,003043,003043,华亚智能,主板,深市,主板,801080.SI,电子,801081.SI,半导体,半导体,L,20210406,1980,5.42,68.84,0.746,15.574,False,True,True,0,0,0,0,True,
003816.SZ,003816,003816,中国广核,主板,深市,主板,801160.SI,公用事业,801161.SI,电力,电力,L,20190826,2569,7.03,4.29,-1.831,17.5,False,True,True,0,0,0,0,True,
600000.SH,600000,600000,浦发银行,主板,沪市,主板,801780.SI,银行,801783.SI,股份制银行Ⅱ,股份制银行Ⅱ,L,19991110,9798,26.83,9.23,-2.121,41.837,False,True,True,0,0,0,0,True,
600004.SH,600004,600004,白云机场,主板,沪市,主板,801170.SI,交通运输,801991.SI,航空机场,航空机场,L,20030428,8533,23.36,7.87,-0.254,22.5,False,True,True,0,0,0,0,True,
600006.SH,600006,600006,东风股份,主板,沪市,主板,801880.SI,汽车,801096.SI,商用车,商用车,L,19990727,9904,27.12,5.32,-0.746,28.571,False,True,True,0,0,0,0,True,
600007.SH,600007,600007,中国国贸,主板,沪市,主板,801180.SI,房地产,801181.SI,房地产开发,房地产开发,L,19990312,10041,27.49,19.01,0.317,14.062,False,True,True,0,0,0,0,True,
600008.SH,600008,600008,首创环保,主板,沪市,主板,801970.SI,环保,801971.SI,环境治理,环境治理,L,20000427,9629,26.36,2.79,-0.357,6.897,False,True,True,0,0,0,0,True,
600009.SH,600009,600009,上海机场,主板,沪市,主板,801170.SI,交通运输,801991.SI,航空机场,航空机场,L,19980218,10428,28.55,23.85,-0.084,36.667,False,True,True,0,0,0,0,True,
600010.SH,600010,600010,包钢股份,主板,沪市,主板,801040.SI,钢铁,801044.SI,普钢,普钢,L,20010309,9313,25.5,2.19,-0.905,13.636,False,True,True,0,0,0,0,True,
600011.SH,600011,600011,华能国际,主板,沪市,主板,801160.SI,公用事业,801161.SI,电力,电力,L,20011206,9041,24.75,6.84,-0.291,12.676,False,True,True,0,0,0,0,True,
600012.SH,600012,600012,皖通高速,主板,沪市,主板,801170.SI,交通运输,801179.SI,铁路公路,铁路公路,L,20030107,8644,23.67,16.8,1.756,20.0,False,True,True,0,0,0,0,True,
600015.SH,600015,600015,华夏银行,主板,沪市,主板,801780.SI,银行,801783.SI,股份制银行Ⅱ,股份制银行Ⅱ,L,20030912,8396,22.99,6.25,-1.108,9.231,False,True,True,0,0,0,0,True,
600016.SH,600016,600016,民生银行,主板,沪市,主板,801780.SI,银行,801783.SI,股份制银行Ⅱ,股份制银行Ⅱ,L,20001219,9393,25.72,3.6,-0.277,11.429,False,True,True,0,0,0,0,True,
600017.SH,600017,600017,日照港,主板,沪市,主板,801170.SI,交通运输,801992.SI,航运港口,航运港口,L,20061017,7265,19.89,2.84,-0.351,10.714,False,True,True,0,0,0,0,True,
600018.SH,600018,600018,上港集团,主板,沪市,主板,801170.SI,交通运输,801992.SI,航运港口,航运港口,L,20061026,7256,19.87,5.4,-0.552,16.0,False,True,True,0,0,0,0,True,
600019.SH,600019,600019,宝钢股份,主板,沪市,主板,801040.SI,钢铁,801044.SI,普钢,普钢,L,20001212,9400,25.74,5.75,-1.877,22.034,False,True,True,0,0,0,0,True,
600020.SH,600020,600020,中原高速,主板,沪市,主板,801170.SI,交通运输,801179.SI,铁路公路,铁路公路,L,20030808,8431,23.08,3.9,0.0,7.895,False,True,True,0,0,0,0,True,
600021.SH,600021,600021,上海电力,主板,沪市,主板,801160.SI,公用事业,801161.SI,电力,电力,L,20031029,8349,22.86,13.39,-0.594,22.917,False,True,True,0,0,0,0,True,
600022.SH,600022,600022,山东钢铁,主板,沪市,主板,801040.SI,钢铁,801044.SI,普钢,普钢,L,20040629,8105,22.19,1.32,-1.492,15.385,False,True,True,0,0,0,0,True,
600023.SH,600023,600023,浙能电力,主板,沪市,主板,801160.SI,公用事业,801161.SI,电力,电力,L,20131219,4645,12.72,4.85,-0.615,19.608,False,True,True,0,0,0,0,True,
600025.SH,600025,600025,华能水电,主板,沪市,主板,801160.SI,公用事业,801161.SI,电力,电力,L,20171215,3188,8.73,9.58,-1.844,18.947,False,True,True,0,0,0,0,True,
600026.SH,600026,600026,中远海能,主板,沪市,主板,801170.SI,交通运输,801992.SI,航运港口,航运港口,L,20020523,8873,24.29,19.75,-2.901,24.59,False,True,True,0,0,0,0,True,
600027.SH,600027,600027,华电国际,主板,沪市,主板,801160.SI,公用事业,801161.SI,电力,电力,L,20050203,7886,21.59,4.82,-0.413,14.894,False,True,True,0,0,0,0,True,
600028.SH,600028,600028,中国石化,主板,沪市,主板,801960.SI,石油石化,801963.SI,炼化及贸易,炼化及贸易,L,20010808,9161,25.08,5.37,-2.007,34.615,False,True,True,0,0,0,0,True,
600029.SH,600029,600029,南方航空,主板,沪市,主板,801170.SI,交通运输,801991.SI,航空机场,航空机场,L,20030725,8445,23.12,5.03,0.0,24.528,False,True,True,0,0,0,0,True,
600030.SH,600030,600030,中信证券,主板,沪市,主板,801790.SI,非银金融,801193.SI,证券Ⅱ,证券Ⅱ,L,20030106,8645,23.67,27.67,-1.143,6.452,False,True,True,0,0,0,0,True,
600031.SH,600031,600031,三一重工,主板,沪市,主板,801890.SI,机械设备,801077.SI,工程机械,工程机械,L,20030703,8467,23.18,19.89,-0.55,12.821,False,True,True,0,0,0,0,True,
600032.SH,600032,600032,浙江新能,主板,沪市,主板,801160.SI,公用事业,801161.SI,电力,电力,L,20210525,1931,5.29,6.74,0.149,40.541,False,True,True,0,0,0,0,True,
600033.SH,600033,600033,福建高速,主板,沪市,主板,801170.SI,交通运输,801179.SI,铁路公路,铁路公路,L,20010209,9341,25.57,3.64,0.0,8.571,False,True,True,0,0,0,0,True,
600035.SH,600035,600035,楚天高速,主板,沪市,主板,801170.SI,交通运输,801179.SI,铁路公路,铁路公路,L,20040310,8216,22.49,3.72,0.27,8.333,False,True,True,0,0,0,0,True,
600036.SH,600036,600036,招商银行,主板,沪市,主板,801780.SI,银行,801783.SI,股份制银行Ⅱ,股份制银行Ⅱ,L,20020409,8917,24.41,41.07,-1.487,12.632,False,True,True,0,0,0,0,True,
600037.SH,600037,600037,歌华有线,主板,沪市,主板,801760.SI,传媒,801995.SI,电视广播Ⅱ,电视广播Ⅱ,L,20010208,9342,25.58,7.16,1.416,17.647,False,True,True,0,0,0,0,True,
600038.SH,600038,600038,中直股份,主板,沪市,主板,801740.SI,国防军工,801742.SI,航空装备Ⅱ,航空装备Ⅱ,L,20001218,9394,25.72,27.43,-1.861,26.471,False,True,True,0,0,0,0,True,
600039.SH,600039,600039,四川路桥,主板,沪市,主板,801720.SI,建筑装饰,801723.SI,基础建设,基础建设,L,20030325,8567,23.46,9.23,0.764,23.256,False,True,True,0,0,0,0,True,
600048.SH,600048,600048,保利发展,主板,沪市,主板,801180.SI,房地产,801181.SI,房地产开发,房地产开发,L,20060731,7343,20.1,5.21,-0.762,19.231,False,True,True,0,0,0,0,True,
600050.SH,600050,600050,中国联通,主板,沪市,主板,801770.SI,通信,801223.SI,通信服务,通信服务,L,20021009,8734,23.91,4.22,-0.706,20.455,False,True,True,0,0,0,0,True,
600051.SH,600051,600051,宁波联合,主板,沪市,主板,801230.SI,综合,801231.SI,综合Ⅱ,综合Ⅱ,L,19970410,10742,29.41,6.35,0.954,9.677,False,True,True,0,0,0,0,True,
600052.SH,600052,600052,东望时代,主板,沪市,主板,801160.SI,公用事业,801161.SI,电力,电力,L,19970415,10737,29.4,3.94,0.51,10.526,False,True,True,0,0,0,0,True,
600054.SH,600054,600054,黄山旅游,主板,沪市,主板,801210.SI,社会服务,801993.SI,旅游及景区,旅游及景区,L,19970506,10716,29.34,11.7,1.387,7.08,False,True,True,0,0,0,0,True,
600055.SH,600055,600055,万东医疗,主板,沪市,主板,801150.SI,医药生物,801153.SI,医疗器械,医疗器械,L,19970519,10703,29.3,10.76,-1.103,36.842,False,True,True,0,0,0,0,True,
600056.SH,600056,600056,中国医药,主板,沪市,主板,801150.SI,医药生物,801154.SI,医药商业,医药商业,L,19970515,10707,29.31,9.05,-0.11,12.903,False,True,True,0,0,0,0,True,
600057.SH,600057,600057,厦门象屿,主板,沪市,主板,801170.SI,交通运输,801178.SI,物流,物流,L,19970604,10687,29.26,6.47,-0.767,20.635,False,True,True,0,0,0,0,True,
600058.SH,600058,600058,五矿发展,主板,沪市,主板,801200.SI,商贸零售,801202.SI,贸易Ⅱ,贸易Ⅱ,L,19970528,10694,29.28,9.68,-1.022,15.385,False,True,True,0,0,0,0,True,
600059.SH,600059,600059,古越龙山,主板,沪市,主板,801120.SI,食品饮料,801126.SI,非白酒,非白酒,L,19970516,10706,29.31,8.92,-2.938,14.286,False,True,True,0,0,0,0,True,
600060.SH,600060,600060,海信视像,主板,沪市,主板,801110.SI,家用电器,801112.SI,黑色家电,黑色家电,L,19970422,10730,29.38,28.21,-1.364,15.385,False,True,True,0,0,0,0,True,
600061.SH,600061,600061,国投资本,主板,沪市,主板,801790.SI,非银金融,801193.SI,证券Ⅱ,证券Ⅱ,L,19970519,10703,29.3,6.46,-1.072,18.75,False,True,True,0,0,0,0,True,
600062.SH,600062,600062,华润双鹤,主板,沪市,主板,801150.SI,医药生物,801151.SI,化学制药,化学制药,L,19970522,10700,29.3,16.13,0.687,12.727,False,True,True,0,0,0,0,True,
600063.SH,600063,600063,皖维高新,主板,沪市,主板,801030.SI,基础化工,801032.SI,化学纤维,化学纤维,L,19970528,10694,29.28,5.57,0.0,8.621,False,True,True,0,0,0,0,True,
600064.SH,600064,600064,南京高科,主板,沪市,主板,801180.SI,房地产,801181.SI,房地产开发,房地产开发,L,19970506,10716,29.34,7.6,-0.913,10.526,False,True,True,0,0,0,0,True,
600066.SH,600066,600066,宇通客车,主板,沪市,主板,801880.SI,汽车,801096.SI,商用车,商用车,L,19970508,10714,29.33,28.43,-0.872,17.881,False,True,True,0,0,0,0,True,
600067.SH,600067,600067,冠城新材,主板,沪市,主板,801730.SI,电力设备,801738.SI,电网设备,电网设备,L,19970508,10714,29.33,2.89,1.049,17.857,False,True,True,0,0,0,0,True,
600071.SH,600071,600071,凤凰光学,主板,沪市,主板,801080.SI,电子,801084.SI,光学光电子,光学光电子,L,19970528,10694,29.28,16.69,0.542,23.81,False,True,True,0,0,0,0,True,
600072.SH,600072,600072,中船科技,主板,沪市,主板,801730.SI,电力设备,801736.SI,风电设备,风电设备,L,19970603,10688,29.26,8.95,-1.323,11.765,False,True,True,0,0,0,0,True,
600073.SH,600073,600073,光明肉业,主板,沪市,主板,801120.SI,食品饮料,801124.SI,食品加工,食品加工,L,19970704,10657,29.18,5.79,0.173,12.963,False,True,True,0,0,0,0,True,
600075.SH,600075,600075,新疆天业,主板,沪市,主板,801030.SI,基础化工,801033.SI,化学原料,化学原料,L,19970617,10674,29.22,4.93,-0.605,15.217,False,True,True,0,0,0,0,True,
600076.SH,600076,600076,康欣新材,主板,沪市,主板,801140.SI,轻工制造,801141.SI,包装印刷,包装印刷,L,19970526,10696,29.28,2.85,-10.095,19.355,False,True,True,0,0,0,0,True,
600078.SH,600078,600078,澄星股份,主板,沪市,主板,801030.SI,基础化工,801038.SI,农化制品,农化制品,L,19970627,10664,29.2,10.66,-1.021,7.273,False,True,True,0,0,0,0,True,
600081.SH,600081,600081,东风科技,主板,沪市,主板,801880.SI,汽车,801093.SI,汽车零部件,汽车零部件,L,19970703,10658,29.18,10.44,-1.695,25.714,False,True,True,0,0,0,0,True,
600085.SH,600085,600085,同仁堂,主板,沪市,主板,801150.SI,医药生物,801155.SI,中药Ⅱ,中药Ⅱ,L,19970625,10666,29.2,24.17,0.124,30.952,False,True,True,0,0,0,0,True,
600088.SH,600088,600088,中视传媒,主板,沪市,主板,801760.SI,传媒,801766.SI,影视院线,影视院线,L,19970616,10675,29.23,12.4,-0.8,20.0,False,True,True,0,0,0,0,True,
600089.SH,600089,600089,特变电工,主板,沪市,主板,801730.SI,电力设备,801738.SI,电网设备,电网设备,L,19970618,10673,29.22,18.94,0.318,14.493,False,True,True,0,0,0,0,True,
600094.SH,600094,600094,大名城,主板,沪市,主板,801180.SI,房地产,801181.SI,房地产开发,房地产开发,L,19970703,10658,29.18,4.0,0.756,20.0,False,True,True,0,0,0,0,True,
600095.SH,600095,600095,湘财股份,主板,沪市,主板,801790.SI,非银金融,801193.SI,证券Ⅱ,证券Ⅱ,L,19970708,10653,29.17,9.63,-5.31,17.895,False,True,True,0,0,0,0,True,
600096.SH,600096,600096,云天化,主板,沪市,主板,801030.SI,基础化工,801038.SI,农化制品,农化制品,L,19970709,10652,29.16,30.34,-1.494,7.895,False,True,True,0,0,0,0,True,
600097.SH,600097,600097,开创国际,主板,沪市,主板,801010.SI,农林牧渔,801015.SI,渔业,渔业,L,19970619,10672,29.22,9.61,2.891,16.279,False,True,True,0,0,0,0,True,
600098.SH,600098,600098,广州发展,主板,沪市,主板,801160.SI,公用事业,801161.SI,电力,电力,L,19970718,10643,29.14,6.19,1.309,20.313,False,True,True,0,0,0,0,True,
600099.SH,600099,600099,林海股份,主板,沪市,主板,801880.SI,汽车,801881.SI,摩托车及其他,摩托车及其他,L,19970704,10657,29.18,9.36,0.537,15.73,False,True,True,0,0,0,0,True,
600100.SH,600100,600100,同方股份,主板,沪市,主板,801750.SI,计算机,801101.SI,计算机设备,计算机设备,L,19970627,10664,29.2,6.81,-0.873,26.087,False,True,True,0,0,0,0,True,
600101.SH,600101,600101,明星电力,主板,沪市,主板,801160.SI,公用事业,801161.SI,电力,电力,L,19970627,10664,29.2,7.81,-0.636,7.407,False,True,True,0,0,0,0,True,
600103.SH,600103,600103,青山纸业,主板,沪市,主板,801140.SI,轻工制造,801143.SI,造纸,造纸,L,19970703,10658,29.18,3.91,10.141,10.811,False,True,True,0,0,0,0,True,
600104.SH,600104,600104,上汽集团,主板,沪市,主板,801880.SI,汽车,801095.SI,乘用车,乘用车,L,19971125,10513,28.78,10.58,1.051,46.154,False,True,True,0,0,0,0,True,
600105.SH,600105,600105,永鼎股份,主板,沪市,主板,801770.SI,通信,801102.SI,通信设备,通信设备,L,19970929,10570,28.94,38.99,4.925,7.216,False,True,True,0,0,0,0,True,
600106.SH,600106,600106,重庆路桥,主板,沪市,主板,801170.SI,交通运输,801179.SI,铁路公路,铁路公路,L,19970618,10673,29.22,4.6,-0.648,35.556,False,True,True,0,0,0,0,True,
600108.SH,600108,600108,亚盛集团,主板,沪市,主板,801010.SI,农林牧渔,801016.SI,种植业,种植业,L,19970818,10612,29.05,4.8,10.092,13.158,False,True,True,0,0,0,0,True,
600109.SH,600109,600109,国金证券,主板,沪市,主板,801790.SI,非银金融,801193.SI,证券Ⅱ,证券Ⅱ,L,19970807,10623,29.08,8.63,-1.259,7.143,False,True,True,0,0,0,0,True,
600110.SH,600110,600110,诺德股份,主板,沪市,主板,801730.SI,电力设备,801737.SI,电池,电池,L,19971007,10562,28.92,11.37,3.083,7.018,False,True,True,0,0,0,0,True,
600111.SH,600111,600111,北方稀土,主板,沪市,主板,801050.SI,有色金属,801054.SI,小金属,小金属,L,19970924,10575,28.95,38.8,0.336,21.739,False,True,True,0,0,0,0,True,
600113.SH,600113,600113,浙江东日,主板,沪市,主板,801200.SI,商贸零售,801203.SI,一般零售,一般零售,L,19971021,10548,28.88,29.71,0.0,19.481,False,True,True,0,0,0,0,True,
600114.SH,600114,600114,东睦股份,主板,沪市,主板,801890.SI,机械设备,801072.SI,通用设备,通用设备,L,20040511,8154,22.32,29.98,3.809,8.108,False,True,True,0,0,0,0,True,
600115.SH,600115,600115,中国东航,主板,沪市,主板,801170.SI,交通运输,801991.SI,航空机场,航空机场,L,19971105,10533,28.84,3.5,0.286,27.778,False,True,True,0,0,0,0,True,
600116.SH,600116,600116,三峡水利,主板,沪市,主板,801160.SI,公用事业,801161.SI,电力,电力,L,19970804,10626,29.09,6.2,-1.274,9.375,False,True,True,0,0,0,0,True,
600117.SH,600117,600117,西宁特钢,主板,沪市,主板,801040.SI,钢铁,801045.SI,特钢Ⅱ,特钢Ⅱ,L,19971015,10554,28.9,2.27,-0.873,25.0,False,True,True,0,0,0,0,True,
600118.SH,600118,600118,中国卫星,主板,沪市,主板,801740.SI,国防军工,801741.SI,航天装备Ⅱ,航天装备Ⅱ,L,19970908,10591,29.0,57.72,0.174,16.667,False,True,True,0,0,0,0,True,
600120.SH,600120,600120,浙江东方,主板,沪市,主板,801790.SI,非银金融,801191.SI,多元金融,多元金融,L,19971201,10507,28.77,4.91,-0.203,8.163,False,True,True,0,0,0,0,True,
600121.SH,600121,600121,郑州煤电,主板,沪市,主板,801950.SI,煤炭,801951.SI,煤炭开采,煤炭开采,L,19980107,10470,28.67,4.94,-3.516,17.647,False,True,True,0,0,0,0,True,
600123.SH,600123,600123,兰花科创,主板,沪市,主板,801950.SI,煤炭,801951.SI,煤炭开采,煤炭开采,L,19981217,10126,27.72,6.99,-0.851,14.085,False,True,True,0,0,0,0,True,
600125.SH,600125,600125,铁龙物流,主板,沪市,主板,801170.SI,交通运输,801179.SI,铁路公路,铁路公路,L,19980511,10346,28.33,5.41,-0.368,12.727,False,True,True,0,0,0,0,True,
600126.SH,600126,600126,杭钢股份,主板,沪市,主板,801040.SI,钢铁,801044.SI,普钢,普钢,L,19980311,10407,28.49,6.29,0.159,13.235,False,True,True,0,0,0,0,True,
600127.SH,600127,600127,金健米业,主板,沪市,主板,801010.SI,农林牧渔,801012.SI,农产品加工,农产品加工,L,19980506,10351,28.34,13.53,10.0,10.236,False,True,True,0,0,0,0,True,
600128.SH,600128,600128,苏豪弘业,主板,沪市,主板,801200.SI,商贸零售,801202.SI,贸易Ⅱ,贸易Ⅱ,L,19970901,10598,29.02,8.6,1.177,15.854,False,True,True,0,0,0,0,True,
600129.SH,600129,600129,太极集团,主板,沪市,主板,801150.SI,医药生物,801155.SI,中药Ⅱ,中药Ⅱ,L,19971118,10520,28.8,13.93,0.942,15.385,False,True,True,0,0,0,0,True,
600130.SH,600130,600130,波导股份,主板,沪市,主板,801080.SI,电子,801085.SI,消费电子,消费电子,L,20000706,9559,26.17,4.64,1.532,11.364,False,True,True,0,0,0,2,True,
600131.SH,600131,600131,国网信通,主板,沪市,主板,801750.SI,计算机,801103.SI,IT服务Ⅱ,IT服务Ⅱ,L,19980402,10385,28.43,14.93,0.336,24.359,False,True,True,0,0,0,0,True,
600132.SH,600132,600132,重庆啤酒,主板,沪市,主板,801120.SI,食品饮料,801126.SI,非白酒,非白酒,L,19971030,10539,28.85,40.04,0.15,32.0,False,True,True,0,0,0,0,True,
600133.SH,600133,600133,东湖高新,主板,沪市,主板,801970.SI,环保,801971.SI,环境治理,环境治理,L,19980212,10434,28.57,8.34,-1.068,10.843,False,True,True,0,0,0,0,True,
600135.SH,600135,600135,乐凯胶片,主板,沪市,主板,801030.SI,基础化工,801036.SI,塑料,塑料,L,19980122,10455,28.62,7.45,-0.268,27.027,False,True,True,0,0,0,0,True,
600137.SH,600137,600137,浪莎股份,主板,沪市,主板,801130.SI,纺织服饰,801132.SI,服装家纺,服装家纺,L,19980416,10371,28.39,18.05,0.613,11.236,False,True,True,0,0,0,0,True,
600138.SH,600138,600138,中青旅,主板,沪市,主板,801210.SI,社会服务,801993.SI,旅游及景区,旅游及景区,L,19971203,10505,28.76,7.47,2.049,12.5,False,True,True,0,0,0,0,True,
600141.SH,600141,600141,兴发集团,主板,沪市,主板,801030.SI,基础化工,801038.SI,农化制品,农化制品,L,19990616,9945,27.23,30.24,0.166,9.677,False,True,True,0,0,0,0,True,
600143.SH,600143,600143,金发科技,主板,沪市,主板,801030.SI,基础化工,801036.SI,塑料,塑料,L,20040623,8111,22.21,13.78,0.657,15.686,False,True,True,0,0,0,0,True,
600148.SH,600148,600148,长春一东,主板,沪市,主板,801880.SI,汽车,801093.SI,汽车零部件,汽车零部件,L,19980520,10337,28.3,16.36,-4.718,20.513,False,True,True,0,0,0,0,True,
600149.SH,600149,600149,廊坊发展,主板,沪市,主板,801160.SI,公用事业,801161.SI,电力,电力,L,19991014,9825,26.9,5.11,-1.161,12.5,False,True,True,0,0,0,0,True,
600150.SH,600150,600150,中国船舶,主板,沪市,主板,801740.SI,国防军工,801744.SI,航海装备Ⅱ,航海装备Ⅱ,L,19980520,10337,28.3,38.38,2.429,14.815,False,True,True,0,0,0,0,True,
600151.SH,600151,600151,航天机电,主板,沪市,主板,801730.SI,电力设备,801735.SI,光伏设备,光伏设备,L,19980605,10321,28.26,9.55,-2.947,16.0,False,True,True,0,0,0,0,True,
600152.SH,600152,600152,维科技术,主板,沪市,主板,801730.SI,电力设备,801737.SI,电池,电池,L,19980609,10317,28.25,8.13,0.619,8.642,False,True,True,0,0,0,0,True,
600153.SH,600153,600153,建发股份,主板,沪市,主板,801170.SI,交通运输,801178.SI,物流,物流,L,19980616,10310,28.23,8.34,-1.535,11.494,False,True,True,0,0,0,0,True,
600155.SH,600155,600155,华创云信,主板,沪市,主板,801790.SI,非银金融,801193.SI,证券Ⅱ,证券Ⅱ,L,19980918,10216,27.97,6.2,-0.481,13.559,False,True,True,0,0,0,0,True,
600156.SH,600156,600156,华升股份,主板,沪市,主板,801130.SI,纺织服饰,801131.SI,纺织制造,纺织制造,L,19980527,10330,28.28,9.02,3.917,12.941,False,True,True,0,0,0,0,True,
600157.SH,600157,600157,永泰能源,主板,沪市,主板,801950.SI,煤炭,801951.SI,煤炭开采,煤炭开采,L,19980513,10344,28.32,1.55,0.0,6.667,False,True,True,0,0,0,0,True,
600158.SH,600158,600158,中体产业,主板,沪市,主板,801210.SI,社会服务,801216.SI,体育Ⅱ,体育Ⅱ,L,19980327,10391,28.45,7.36,-0.136,8.333,False,True,True,0,0,0,0,True,
600159.SH,600159,600159,大龙地产,主板,沪市,主板,801180.SI,房地产,801181.SI,房地产开发,房地产开发,L,19980526,10331,28.28,2.79,2.198,15.385,False,True,True,0,0,0,0,True,
600160.SH,600160,600160,巨化股份,主板,沪市,主板,801030.SI,基础化工,801034.SI,化学制品,化学制品,L,19980626,10300,28.2,37.95,0.079,28.431,False,True,True,0,0,0,0,True,
600161.SH,600161,600161,天坛生物,主板,沪市,主板,801150.SI,医药生物,801152.SI,生物制品,生物制品,L,19980616,10310,28.23,12.25,-0.244,37.5,False,True,True,0,0,0,0,True,
600162.SH,600162,600162,香江控股,主板,沪市,主板,801180.SI,房地产,801181.SI,房地产开发,房地产开发,L,19980609,10317,28.25,5.0,6.61,16.667,False,True,True,0,0,0,0,True,
600163.SH,600163,600163,中闽能源,主板,沪市,主板,801160.SI,公用事业,801161.SI,电力,电力,L,19980602,10324,28.27,5.18,-1.521,23.077,False,True,True,0,0,0,0,True,
600166.SH,600166,600166,福田汽车,主板,沪市,主板,801880.SI,汽车,801096.SI,商用车,商用车,L,19980602,10324,28.27,2.9,0.0,10.345,False,True,True,0,0,0,0,True,
600167.SH,600167,600167,联美控股,主板,沪市,主板,801160.SI,公用事业,801161.SI,电力,电力,L,19990128,10084,27.61,5.86,1.034,27.692,False,True,True,0,0,0,0,True,
600168.SH,600168,600168,武汉控股,主板,沪市,主板,801970.SI,环保,801971.SI,环境治理,环境治理,L,19980427,10360,28.36,4.45,0.0,22.222,False,True,True,0,0,0,0,True,
600170.SH,600170,600170,上海建工,主板,沪市,主板,801720.SI,建筑装饰,801721.SI,房屋建设Ⅱ,房屋建设Ⅱ,L,19980623,10303,28.21,2.27,-0.439,13.043,False,True,True,0,0,0,0,True,
600171.SH,600171,600171,上海贝岭,主板,沪市,主板,801080.SI,电子,801081.SI,半导体,半导体,L,19980924,10210,27.95,22.75,0.309,6.522,False,True,True,0,0,0,0,True,
600172.SH,600172,600172,黄河旋风,主板,沪市,主板,801890.SI,机械设备,801072.SI,通用设备,通用设备,L,19981126,10147,27.78,15.89,0.633,5.128,False,True,True,0,0,0,0,True,
600173.SH,600173,600173,卧龙新能,主板,沪市,主板,801180.SI,房地产,801181.SI,房地产开发,房地产开发,L,19990415,10007,27.4,6.22,0.81,22.581,False,True,True,0,0,0,0,True,
600176.SH,600176,600176,中国巨石,主板,沪市,主板,801710.SI,建筑材料,801712.SI,玻璃玻纤,玻璃玻纤,L,19990422,10000,27.38,41.7,3.783,8.491,False,True,True,0,0,0,0,True,
600177.SH,600177,600177,雅戈尔,主板,沪市,主板,801130.SI,纺织服饰,801132.SI,服装家纺,服装家纺,L,19981119,10154,27.8,8.19,-0.365,10.526,False,True,True,0,0,0,0,True,
600178.SH,600178,600178,东安动力,主板,沪市,主板,801880.SI,汽车,801093.SI,汽车零部件,汽车零部件,L,19981014,10190,27.9,10.11,0.099,8.333,False,True,True,0,0,0,0,True,
600179.SH,600179,600179,安通控股,主板,沪市,主板,801170.SI,交通运输,801992.SI,航运港口,航运港口,L,19981104,10169,27.84,4.6,-0.433,8.889,False,True,True,0,0,0,0,True,
600182.SH,600182,600182,S佳通,主板,沪市,主板,801880.SI,汽车,801093.SI,汽车零部件,汽车零部件,L,19990507,9985,27.34,13.02,-0.077,6.818,False,True,True,0,0,0,0,True,
600183.SH,600183,600183,生益科技,主板,沪市,主板,801080.SI,电子,801083.SI,元件,元件,L,19981028,10176,27.86,148.15,7.745,15.957,False,True,True,0,0,0,0,True,
600184.SH,600184,600184,光电股份,主板,沪市,主板,801740.SI,国防军工,801743.SI,地面兵装Ⅱ,地面兵装Ⅱ,L,20031106,8341,22.84,18.06,1.461,8.889,False,True,True,0,0,0,0,True,
600185.SH,600185,600185,珠免集团,主板,沪市,主板,801200.SI,商贸零售,801207.SI,旅游零售Ⅱ,旅游零售Ⅱ,L,19990611,9950,27.24,5.43,-0.912,22.449,False,True,True,0,0,0,0,True,
600186.SH,600186,600186,莲花控股,主板,沪市,主板,801120.SI,食品饮料,801129.SI,调味发酵品Ⅱ,调味发酵品Ⅱ,L,19980825,10240,28.04,12.55,5.64,5.833,False,True,True,0,0,0,0,True,
600188.SH,600188,600188,兖矿能源,主板,沪市,主板,801950.SI,煤炭,801951.SI,煤炭开采,煤炭开采,L,19980701,10295,28.19,20.78,-3.618,23.944,False,True,True,0,0,0,0,True,
600189.SH,600189,600189,泉阳泉,主板,沪市,主板,801120.SI,食品饮料,801127.SI,饮料乳品,饮料乳品,L,19981007,10197,27.92,8.0,0.502,10.667,False,True,True,0,0,0,0,True,
600191.SH,600191,600191,华资实业,主板,沪市,主板,801010.SI,农林牧渔,801012.SI,农产品加工,农产品加工,L,19981210,10133,27.74,10.5,1.449,13.208,False,True,True,0,0,0,0,True,
600192.SH,600192,600192,长城电工,主板,沪市,主板,801730.SI,电力设备,801738.SI,电网设备,电网设备,L,19981224,10119,27.7,7.16,-1.513,9.722,False,True,True,0,0,0,0,True,
600195.SH,600195,600195,中牧股份,主板,沪市,主板,801010.SI,农林牧渔,801018.SI,动物保健Ⅱ,动物保健Ⅱ,L,19990107,10105,27.67,7.04,2.029,22.059,False,True,True,0,0,0,0,True,
600196.SH,600196,600196,复星医药,主板,沪市,主板,801150.SI,医药生物,801151.SI,化学制药,化学制药,L,19980807,10258,28.08,22.65,1.388,11.538,False,True,True,0,0,0,0,True,
600197.SH,600197,600197,伊力特,主板,沪市,主板,801120.SI,食品饮料,801125.SI,白酒Ⅱ,白酒Ⅱ,L,19990916,9853,26.98,9.75,0.515,18.182,False,True,True,0,0,0,0,True,
600198.SH,600198,600198,大唐电信,主板,沪市,主板,801770.SI,通信,801102.SI,通信设备,通信设备,L,19981021,10183,27.88,7.58,0.53,14.286,False,True,True,0,0,0,0,True,
600199.SH,600199,600199,金种子酒,主板,沪市,主板,801120.SI,食品饮料,801125.SI,白酒Ⅱ,白酒Ⅱ,L,19980812,10253,28.07,7.47,-0.797,10.811,False,True,True,0,0,0,0,True,
600201.SH,600201,600201,生物股份,主板,沪市,主板,801010.SI,农林牧渔,801018.SI,动物保健Ⅱ,动物保健Ⅱ,L,19990115,10097,27.64,12.3,0.0,14.286,False,True,True,0,0,0,0,True,
600202.SH,600202,600202,哈空调,主板,沪市,主板,801890.SI,机械设备,801072.SI,通用设备,通用设备,L,19990603,9958,27.26,5.17,1.174,16.667,False,True,True,0,0,0,0,True,
600203.SH,600203,600203,福日电子,主板,沪市,主板,801080.SI,电子,801085.SI,消费电子,消费电子,L,19990514,9978,27.32,10.83,-1.546,12.844,False,True,True,0,0,0,0,True,
600206.SH,600206,600206,有研新材,主板,沪市,主板,801080.SI,电子,801081.SI,半导体,半导体,L,19990319,10034,27.47,46.65,3.162,14.97,False,True,True,0,0,0,0,True,
600207.SH,600207,600207,安彩高科,主板,沪市,主板,801730.SI,电力设备,801735.SI,光伏设备,光伏设备,L,19990714,9917,27.15,4.49,1.814,38.636,False,True,True,0,0,0,0,True,
600208.SH,600208,600208,衢州发展,主板,沪市,主板,801180.SI,房地产,801181.SI,房地产开发,房地产开发,L,19990623,9938,27.21,2.89,-0.687,10.345,False,True,True,0,0,0,0,True,
600210.SH,600210,600210,紫江企业,主板,沪市,主板,801140.SI,轻工制造,801141.SI,包装印刷,包装印刷,L,19990824,9876,27.04,6.15,0.655,8.065,False,True,True,0,0,0,0,True,
600211.SH,600211,600211,西藏药业,主板,沪市,主板,801150.SI,医药生物,801152.SI,生物制品,生物制品,L,19990721,9910,27.13,38.19,0.342,6.25,False,True,True,0,0,0,0,True,
600212.SH,600212,600212,绿能慧充,主板,沪市,主板,801730.SI,电力设备,801733.SI,其他电源设备Ⅱ,其他电源设备Ⅱ,L,19990817,9883,27.06,6.43,0.942,20.69,False,True,True,0,0,0,0,True,
600215.SH,600215,600215,派斯林,主板,沪市,主板,801890.SI,机械设备,801078.SI,自动化设备,自动化设备,L,19990909,9860,27.0,6.72,0.149,15.625,False,True,True,0,0,0,0,True,
600216.SH,600216,600216,浙江医药,主板,沪市,主板,801150.SI,医药生物,801151.SI,化学制药,化学制药,L,19991021,9818,26.88,12.77,0.71,11.538,False,True,True,0,0,0,0,True,
600217.SH,600217,600217,中再资环,主板,沪市,主板,801970.SI,环保,801971.SI,环境治理,环境治理,L,19991216,9762,26.73,3.23,-0.615,28.125,False,True,True,0,0,0,0,True,
600218.SH,600218,600218,全柴动力,主板,沪市,主板,801880.SI,汽车,801093.SI,汽车零部件,汽车零部件,L,19981203,10140,27.76,7.92,2.724,18.421,False,True,True,0,0,0,0,True,
600219.SH,600219,600219,南山铝业,主板,沪市,主板,801050.SI,有色金属,801055.SI,工业金属,工业金属,L,19991223,9755,26.71,4.87,-1.016,12.5,False,True,True,0,0,0,0,True,
600221.SH,600221,600221,海航控股,主板,沪市,主板,801170.SI,交通运输,801991.SI,航空机场,航空机场,L,19991125,9783,26.78,1.3,0.0,21.429,False,True,True,0,0,0,0,True,
600222.SH,600222,600222,太龙药业,主板,沪市,主板,801150.SI,医药生物,801155.SI,中药Ⅱ,中药Ⅱ,L,19991105,9803,26.84,8.48,-0.235,10.976,False,True,True,0,0,0,0,True,
600223.SH,600223,600223,福瑞达,主板,沪市,主板,801980.SI,美容护理,801982.SI,化妆品,化妆品,L,20000113,9734,26.65,5.69,0.176,29.825,False,True,True,0,0,0,0,True,
600226.SH,600226,600226,亨通股份,主板,沪市,主板,801160.SI,公用事业,801161.SI,电力,电力,L,19991116,9792,26.81,5.84,2.277,8.333,False,True,True,0,0,0,0,True,
600227.SH,600227,600227,赤天化,主板,沪市,主板,801030.SI,基础化工,801038.SI,农化制品,农化制品,L,20000221,9695,26.54,4.51,5.128,11.111,False,True,True,0,0,0,0,True,
600229.SH,600229,600229,城市传媒,主板,沪市,主板,801760.SI,传媒,801769.SI,出版,出版,L,20000309,9678,26.5,5.55,3.16,23.077,False,True,True,0,0,0,0,True,
600230.SH,600230,600230,沧州大化,主板,沪市,主板,801030.SI,基础化工,801034.SI,化学制品,化学制品,L,20000406,9650,26.42,14.45,-1.163,8.333,False,True,True,0,0,0,0,True,
600231.SH,600231,600231,凌钢股份,主板,沪市,主板,801040.SI,钢铁,801044.SI,普钢,普钢,L,20000511,9615,26.32,1.74,-0.571,36.842,False,True,True,0,0,0,0,True,
600232.SH,600232,600232,金鹰股份,主板,沪市,主板,801890.SI,机械设备,801074.SI,专用设备,专用设备,L,20000602,9593,26.26,6.56,-0.906,17.187,False,True,True,0,0,0,0,True,
600233.SH,600233,600233,圆通速递,主板,沪市,主板,801170.SI,交通运输,801178.SI,物流,物流,L,20000608,9587,26.25,16.89,-0.53,15.517,False,True,True,0,0,0,0,True,
600234.SH,600234,600234,科新发展,主板,沪市,主板,801720.SI,建筑装饰,801722.SI,装修装饰Ⅱ,装修装饰Ⅱ,L,20000615,9580,26.23,21.49,-3.155,41.284,False,True,True,0,0,0,0,True,
600235.SH,600235,600235,民丰特纸,主板,沪市,主板,801140.SI,轻工制造,801143.SI,造纸,造纸,L,20000615,9580,26.23,5.88,0.0,14.286,False,True,True,0,0,0,0,True,
600236.SH,600236,600236,桂冠电力,主板,沪市,主板,801160.SI,公用事业,801161.SI,电力,电力,L,20000323,9664,26.46,9.56,-3.239,22.43,False,True,True,0,0,0,0,True,
600237.SH,600237,600237,铜峰电子,主板,沪市,主板,801080.SI,电子,801083.SI,元件,元件,L,20000609,9586,26.25,8.33,2.84,7.143,False,True,True,0,0,0,0,True,
600241.SH,600241,600241,时代万恒,主板,沪市,主板,801730.SI,电力设备,801737.SI,电池,电池,L,20001128,9414,25.77,7.49,0.268,11.111,False,True,True,0,0,0,0,True,
600246.SH,600246,600246,万通发展,主板,沪市,主板,801180.SI,房地产,801181.SI,房地产开发,房地产开发,L,20000922,9481,25.96,12.81,7.286,8.8,False,True,True,0,0,0,0,True,
600248.SH,600248,600248,陕建股份,主板,沪市,主板,801720.SI,建筑装饰,801721.SI,房屋建设Ⅱ,房屋建设Ⅱ,L,20000622,9573,26.21,2.9,0.0,10.714,False,True,True,0,0,0,0,True,
600249.SH,600249,600249,两面针,主板,沪市,主板,801980.SI,美容护理,801981.SI,个护用品,个护用品,L,20040130,8256,22.6,5.4,1.504,11.538,False,True,True,0,0,0,0,True,
600250.SH,600250,600250,南京商旅,主板,沪市,主板,801200.SI,商贸零售,801202.SI,贸易Ⅱ,贸易Ⅱ,L,20010306,9316,25.51,10.1,2.956,8.0,False,True,True,0,0,0,0,True,
600251.SH,600251,600251,冠农股份,主板,沪市,主板,801010.SI,农林牧渔,801012.SI,农产品加工,农产品加工,L,20030609,8491,23.25,11.28,4.155,18.519,False,True,True,0,0,0,0,True,
600252.SH,600252,600252,中恒集团,主板,沪市,主板,801150.SI,医药生物,801155.SI,中药Ⅱ,中药Ⅱ,L,20001130,9412,25.77,2.24,0.901,9.091,False,True,True,0,0,0,0,True,
600255.SH,600255,600255,鑫科材料,主板,沪市,主板,801050.SI,有色金属,801051.SI,金属新材料,金属新材料,L,20001122,9420,25.79,3.44,1.177,8.824,False,True,True,0,0,0,0,True,
600256.SH,600256,600256,广汇能源,主板,沪市,主板,801960.SI,石油石化,801963.SI,炼化及贸易,炼化及贸易,L,20000526,9600,26.28,6.7,-0.149,21.311,False,True,True,0,0,0,0,True,
600257.SH,600257,600257,大湖股份,主板,沪市,主板,801010.SI,农林牧渔,801015.SI,渔业,渔业,L,20000612,9583,26.24,6.07,3.056,12.281,False,True,True,0,0,0,0,True,
600258.SH,600258,600258,首旅酒店,主板,沪市,主板,801210.SI,社会服务,801219.SI,酒店餐饮,酒店餐饮,L,20000601,9594,26.27,12.05,0.837,7.5,False,True,True,0,0,0,0,True,
600259.SH,600259,600259,中稀有色,主板,沪市,主板,801050.SI,有色金属,801054.SI,小金属,小金属,L,20000525,9601,26.29,77.76,1.0,14.286,False,True,True,0,0,0,0,True,
600261.SH,600261,600261,阳光照明,主板,沪市,主板,801110.SI,家用电器,801115.SI,照明设备Ⅱ,照明设备Ⅱ,L,20000720,9545,26.13,3.23,0.623,12.5,False,True,True,0,0,0,0,True,
600262.SH,600262,600262,北方股份,主板,沪市,主板,801890.SI,机械设备,801074.SI,专用设备,专用设备,L,20000630,9565,26.19,15.35,-0.84,6.452,False,True,True,0,0,0,0,True,
600266.SH,600266,600266,城建发展,主板,沪市,主板,801180.SI,房地产,801181.SI,房地产开发,房地产开发,L,19990203,10078,27.59,4.25,-1.163,11.905,False,True,True,0,0,0,0,True,
600267.SH,600267,600267,海正药业,主板,沪市,主板,801150.SI,医药生物,801151.SI,化学制药,化学制药,L,20000725,9540,26.12,11.61,-0.258,19.355,False,True,True,0,0,0,0,True,
600268.SH,600268,600268,国电南自,主板,沪市,主板,801730.SI,电力设备,801738.SI,电网设备,电网设备,L,19991118,9790,26.8,10.54,-0.378,13.636,False,True,True,0,0,0,0,True,
600269.SH,600269,600269,赣粤高速,主板,沪市,主板,801170.SI,交通运输,801179.SI,铁路公路,铁路公路,L,20000518,9608,26.31,4.0,2.041,20.0,False,True,True,0,0,0,0,True,
600271.SH,600271,600271,航天信息,主板,沪市,主板,801750.SI,计算机,801103.SI,IT服务Ⅱ,IT服务Ⅱ,L,20030711,8459,23.16,6.82,-0.872,35.294,False,True,True,0,0,0,0,True,
600272.SH,600272,600272,开开实业,主板,沪市,主板,801150.SI,医药生物,801154.SI,医药商业,医药商业,L,20010228,9322,25.52,17.46,-0.626,4.0,False,True,True,0,0,0,0,True,
600273.SH,600273,600273,嘉化能源,主板,沪市,主板,801030.SI,基础化工,801034.SI,化学制品,化学制品,L,20030627,8473,23.2,6.69,-0.446,11.765,False,True,True,0,0,0,0,True,
600276.SH,600276,600276,恒瑞医药,主板,沪市,主板,801150.SI,医药生物,801151.SI,化学制药,化学制药,L,20001018,9455,25.89,46.26,0.521,15.094,False,True,True,0,0,0,0,True,
600278.SH,600278,600278,东方创业,主板,沪市,主板,801200.SI,商贸零售,801202.SI,贸易Ⅱ,贸易Ⅱ,L,20000712,9553,26.15,6.6,0.457,27.273,False,True,True,0,0,0,0,True,
600279.SH,600279,600279,重庆港,主板,沪市,主板,801170.SI,交通运输,801992.SI,航运港口,航运港口,L,20000731,9534,26.1,4.39,-0.454,32.558,False,True,True,0,0,0,0,True,
600280.SH,600280,600280,中央商场,主板,沪市,主板,801200.SI,商贸零售,801203.SI,一般零售,一般零售,L,20000926,9477,25.95,3.43,9.936,20.0,False,True,True,0,0,0,0,True,
600281.SH,600281,600281,华阳新材,主板,沪市,主板,801050.SI,有色金属,801054.SI,小金属,小金属,L,20001109,9433,25.83,4.84,1.044,8.333,False,True,True,0,0,0,0,True,
600282.SH,600282,600282,南钢股份,主板,沪市,主板,801040.SI,钢铁,801044.SI,普钢,普钢,L,20000919,9484,25.97,4.66,-1.688,16.667,False,True,True,0,0,0,0,True,
600283.SH,600283,600283,钱江水利,主板,沪市,主板,801970.SI,环保,801971.SI,环境治理,环境治理,L,20001018,9455,25.89,8.21,0.613,15.663,False,True,True,0,0,0,0,True,
600284.SH,600284,600284,浦东建设,主板,沪市,主板,801720.SI,建筑装饰,801723.SI,基础建设,基础建设,L,20040316,8210,22.48,5.2,-0.383,11.538,False,True,True,0,0,0,0,True,
600285.SH,600285,600285,羚锐制药,主板,沪市,主板,801150.SI,医药生物,801155.SI,中药Ⅱ,中药Ⅱ,L,20001018,9455,25.89,19.52,-0.459,15.152,False,True,True,0,0,0,0,True,
600287.SH,600287,600287,苏豪时尚,主板,沪市,主板,801200.SI,商贸零售,801202.SI,贸易Ⅱ,贸易Ⅱ,L,20000901,9502,26.02,5.09,1.394,27.083,False,True,True,0,0,0,0,True,
600288.SH,600288,600288,大恒科技,主板,沪市,主板,801750.SI,计算机,801104.SI,软件开发,软件开发,L,20001129,9413,25.77,11.19,0.269,4.425,False,True,True,0,0,0,0,True,
600292.SH,600292,600292,电投水电,主板,沪市,主板,801970.SI,环保,801971.SI,环境治理,环境治理,L,20001101,9441,25.85,11.9,-1.245,4.839,False,True,True,0,0,0,0,True,
600293.SH,600293,600293,三峡新材,主板,沪市,主板,801710.SI,建筑材料,801712.SI,玻璃玻纤,玻璃玻纤,L,20000919,9484,25.97,2.94,0.685,14.286,False,True,True,0,0,0,0,True,
600295.SH,600295,600295,鄂尔多斯,主板,沪市,主板,801040.SI,钢铁,801043.SI,冶钢原料,冶钢原料,L,20010426,9265,25.37,13.62,-7.41,28.906,False,True,True,0,0,0,0,True,
600298.SH,600298,600298,安琪酵母,主板,沪市,主板,801120.SI,食品饮料,801129.SI,调味发酵品Ⅱ,调味发酵品Ⅱ,L,20000818,9516,26.05,41.61,-0.881,15.517,False,True,True,0,0,0,0,True,
600299.SH,600299,600299,安迪苏,主板,沪市,主板,801030.SI,基础化工,801034.SI,化学制品,化学制品,L,20000420,9636,26.38,8.62,0.583,38.095,False,True,True,0,0,0,0,True,
600300.SH,600300,600300,维维股份,主板,沪市,主板,801120.SI,食品饮料,801127.SI,饮料乳品,饮料乳品,L,20000630,9565,26.19,3.33,1.835,6.25,False,True,True,0,0,0,0,True,
600301.SH,600301,600301,华锡有色,主板,沪市,主板,801050.SI,有色金属,801054.SI,小金属,小金属,L,20000712,9553,26.15,44.73,-0.534,10.169,False,True,True,0,0,0,0,True,
600303.SH,600303,600303,曙光股份,主板,沪市,主板,801880.SI,汽车,801096.SI,商用车,商用车,L,20001226,9386,25.7,3.0,0.0,10.345,False,True,True,0,0,0,0,True,
600305.SH,600305,600305,恒顺醋业,主板,沪市,主板,801120.SI,食品饮料,801129.SI,调味发酵品Ⅱ,调味发酵品Ⅱ,L,20010206,9344,25.58,6.89,1.026,17.391,False,True,True,0,0,0,0,True,
600307.SH,600307,600307,酒钢宏兴,主板,沪市,主板,801040.SI,钢铁,801044.SI,普钢,普钢,L,20001220,9392,25.71,1.49,0.676,33.333,False,True,True,0,0,0,0,True,
600308.SH,600308,600308,华泰股份,主板,沪市,主板,801140.SI,轻工制造,801143.SI,造纸,造纸,L,20000928,9475,25.94,3.35,2.446,27.273,False,True,True,0,0,0,0,True,
600309.SH,600309,600309,万华化学,主板,沪市,主板,801030.SI,基础化工,801034.SI,化学制品,化学制品,L,20010105,9376,25.67,76.74,-1.185,10.526,False,True,True,0,0,0,0,True,
600310.SH,600310,600310,广西能源,主板,沪市,主板,801160.SI,公用事业,801161.SI,电力,电力,L,20010228,9322,25.52,4.46,-0.446,6.977,False,True,True,0,0,0,0,True,
600312.SH,600312,600312,平高电气,主板,沪市,主板,801730.SI,电力设备,801738.SI,电网设备,电网设备,L,20010221,9329,25.54,20.29,-0.442,10.101,False,True,True,0,0,0,0,True,
600313.SH,600313,600313,农发种业,主板,沪市,主板,801010.SI,农林牧渔,801016.SI,种植业,种植业,L,20010119,9362,25.63,7.8,6.703,9.459,False,True,True,0,0,0,0,True,
600315.SH,600315,600315,上海家化,主板,沪市,主板,801980.SI,美容护理,801982.SI,化妆品,化妆品,L,20010315,9307,25.48,18.65,0.161,13.333,False,True,True,0,0,0,0,True,
600316.SH,600316,600316,洪都航空,主板,沪市,主板,801740.SI,国防军工,801742.SI,航空装备Ⅱ,航空装备Ⅱ,L,20001215,9397,25.73,31.75,-1.976,20.833,False,True,True,0,0,0,0,True,
600318.SH,600318,600318,新力金融,主板,沪市,主板,801790.SI,非银金融,801191.SI,多元金融,多元金融,L,20001208,9404,25.75,7.12,-2.997,12.676,False,True,True,0,0,0,0,True,
600319.SH,600319,600319,亚星化学,主板,沪市,主板,801030.SI,基础化工,801033.SI,化学原料,化学原料,L,20010326,9296,25.45,6.54,0.307,29.688,False,True,True,0,0,0,0,True,
600320.SH,600320,600320,振华重工,主板,沪市,主板,801890.SI,机械设备,801074.SI,专用设备,专用设备,L,20001221,9391,25.71,4.09,-0.969,21.429,False,True,True,0,0,0,0,True,
600322.SH,600322,600322,津投城开,主板,沪市,主板,801180.SI,房地产,801181.SI,房地产开发,房地产开发,L,20010910,9128,24.99,2.74,0.0,7.407,False,True,True,0,0,0,0,True,
600323.SH,600323,600323,瀚蓝环境,主板,沪市,主板,801970.SI,环保,801971.SI,环境治理,环境治理,L,20001225,9387,25.7,29.54,-1.5,11.224,False,True,True,0,0,0,0,True,
600325.SH,600325,600325,华发股份,主板,沪市,主板,801180.SI,房地产,801181.SI,房地产开发,房地产开发,L,20040225,8230,22.53,2.57,-2.281,12.0,False,True,True,0,0,0,0,True,
600326.SH,600326,600326,西藏天路,主板,沪市,主板,801710.SI,建筑材料,801711.SI,水泥,水泥,L,20010116,9365,25.64,7.44,-1.457,10.526,False,True,True,0,0,0,0,True,
600327.SH,600327,600327,大东方,主板,沪市,主板,801200.SI,商贸零售,801203.SI,一般零售,一般零售,L,20020625,8840,24.2,4.11,4.051,12.5,False,True,True,0,0,0,0,True,
600328.SH,600328,600328,中盐化工,主板,沪市,主板,801030.SI,基础化工,801033.SI,化学原料,化学原料,L,20001222,9390,25.71,6.34,-0.782,25.0,False,True,True,0,0,0,0,True,
600329.SH,600329,600329,达仁堂,主板,沪市,主板,801150.SI,医药生物,801155.SI,中药Ⅱ,中药Ⅱ,L,20010606,9224,25.25,35.49,-1.307,13.333,False,True,True,0,0,0,0,True,
600330.SH,600330,600330,天通股份,主板,沪市,主板,801080.SI,电子,801086.SI,电子化学品Ⅱ,电子化学品Ⅱ,L,20010118,9363,25.63,28.89,10.015,8.029,False,True,True,0,0,0,0,True,
600331.SH,600331,600331,宏达股份,主板,沪市,主板,801030.SI,基础化工,801038.SI,农化制品,农化制品,L,20011220,9027,24.71,12.51,-1.107,10.938,False,True,True,0,0,0,0,True,
600332.SH,600332,600332,白云山,主板,沪市,主板,801150.SI,医药生物,801155.SI,中药Ⅱ,中药Ⅱ,L,20010206,9344,25.58,20.15,-0.445,20.37,False,True,True,0,0,0,0,True,
600333.SH,600333,600333,长春燃气,主板,沪市,主板,801160.SI,公用事业,801163.SI,燃气Ⅱ,燃气Ⅱ,L,20001211,9401,25.74,6.77,-0.733,21.311,False,True,True,0,0,0,0,True,
600335.SH,600335,600335,国机汽车,主板,沪市,主板,801880.SI,汽车,801092.SI,汽车服务,汽车服务,L,20010305,9317,25.51,5.21,0.579,15.385,False,True,True,0,0,0,0,True,
600336.SH,600336,600336,澳柯玛,主板,沪市,主板,801110.SI,家用电器,801111.SI,白色家电,白色家电,L,20001229,9383,25.69,6.61,-0.151,26.562,False,True,True,0,0,0,0,True,
600338.SH,600338,600338,西藏珠峰,主板,沪市,主板,801050.SI,有色金属,801055.SI,工业金属,工业金属,L,20001227,9385,25.69,13.29,-1.409,7.407,False,True,True,0,0,0,0,True,
600339.SH,600339,600339,中油工程,主板,沪市,主板,801960.SI,石油石化,801962.SI,油服工程,油服工程,L,20001225,9387,25.7,3.35,-0.298,20.588,False,True,True,0,0,0,0,True,
600343.SH,600343,600343,航天动力,主板,沪市,主板,801890.SI,机械设备,801072.SI,通用设备,通用设备,L,20030408,8553,23.42,18.17,-0.384,13.043,False,True,True,0,0,0,0,True,
600345.SH,600345,600345,长江通信,主板,沪市,主板,801770.SI,通信,801102.SI,通信设备,通信设备,L,20001222,9390,25.71,51.25,10.002,8.642,False,True,True,0,0,0,0,True,
600346.SH,600346,600346,恒力石化,主板,沪市,主板,801960.SI,石油石化,801963.SI,炼化及贸易,炼化及贸易,L,20010820,9149,25.05,18.23,-4.154,41.304,False,True,True,0,0,0,0,True,
600348.SH,600348,600348,华阳股份,主板,沪市,主板,801950.SI,煤炭,801951.SI,煤炭开采,煤炭开采,L,20030821,8418,23.05,8.72,-1.912,13.483,False,True,True,0,0,0,0,True,
600350.SH,600350,600350,山东高速,主板,沪市,主板,801170.SI,交通运输,801179.SI,铁路公路,铁路公路,L,20020318,8939,24.47,10.19,0.197,21.368,False,True,True,0,0,0,0,True,
600351.SH,600351,600351,亚宝药业,主板,沪市,主板,801150.SI,医药生物,801155.SI,中药Ⅱ,中药Ⅱ,L,20020926,8747,23.95,6.69,0.451,5.882,False,True,True,0,0,0,0,True,
600352.SH,600352,600352,浙江龙盛,主板,沪市,主板,801030.SI,基础化工,801034.SI,化学制品,化学制品,L,20030801,8438,23.1,12.22,-2.396,9.375,False,True,True,0,0,0,0,True,
600353.SH,600353,600353,旭光电子,主板,沪市,主板,801080.SI,电子,801082.SI,其他电子Ⅱ,其他电子Ⅱ,L,20021120,8692,23.8,33.09,5.888,10.294,False,True,True,0,0,0,0,True,
600354.SH,600354,600354,敦煌种业,主板,沪市,主板,801010.SI,农林牧渔,801016.SI,种植业,种植业,L,20040115,8271,22.64,9.53,10.046,16.854,False,True,True,0,0,0,0,True,
600356.SH,600356,600356,恒丰纸业,主板,沪市,主板,801140.SI,轻工制造,801143.SI,造纸,造纸,L,20010419,9272,25.39,9.13,3.164,12.5,False,True,True,0,0,0,0,True,
600358.SH,600358,600358,国旅联合,主板,沪市,主板,801760.SI,传媒,801765.SI,广告营销,广告营销,L,20000922,9481,25.96,5.26,0.191,15.385,False,True,True,0,0,0,0,True,
600359.SH,600359,600359,新农开发,主板,沪市,主板,801010.SI,农林牧渔,801016.SI,种植业,种植业,L,19990429,9993,27.36,7.88,5.63,9.459,False,True,True,0,0,0,0,True,
600360.SH,600360,600360,华微电子,主板,沪市,主板,801080.SI,电子,801081.SI,半导体,半导体,L,20010316,9306,25.48,9.83,1.76,8.654,False,True,True,0,0,0,2,True,
600361.SH,600361,600361,创新新材,主板,沪市,主板,801050.SI,有色金属,801055.SI,工业金属,工业金属,L,20011129,9048,24.77,3.62,-0.276,16.216,False,True,True,0,0,0,0,True,
600362.SH,600362,600362,江西铜业,主板,沪市,主板,801050.SI,有色金属,801055.SI,工业金属,工业金属,L,20020111,9005,24.65,46.02,0.349,10.606,False,True,True,0,0,0,0,True,
600363.SH,600363,600363,联创光电,主板,沪市,主板,801080.SI,电子,801085.SI,消费电子,消费电子,L,20010329,9293,25.44,16.37,0.368,9.756,False,True,True,0,0,0,0,True,
600366.SH,600366,600366,宁波韵升,主板,沪市,主板,801050.SI,有色金属,801051.SI,金属新材料,金属新材料,L,20001030,9443,25.85,11.27,0.178,10.345,False,True,True,0,0,0,0,True,
600367.SH,600367,600367,红星发展,主板,沪市,主板,801030.SI,基础化工,801033.SI,化学原料,化学原料,L,20010320,9302,25.47,36.03,2.504,12.632,False,True,True,0,0,0,0,True,
600368.SH,600368,600368,五洲交通,主板,沪市,主板,801170.SI,交通运输,801179.SI,铁路公路,铁路公路,L,20001221,9391,25.71,4.36,0.461,15.0,False,True,True,0,0,0,0,True,
600369.SH,600369,600369,西南证券,主板,沪市,主板,801790.SI,非银金融,801193.SI,证券Ⅱ,证券Ⅱ,L,20010109,9372,25.66,4.06,-1.456,9.756,False,True,True,0,0,0,0,True,
600371.SH,600371,600371,万向德农,主板,沪市,主板,801010.SI,农林牧渔,801016.SI,种植业,种植业,L,20020916,8757,23.98,15.07,10.0,11.888,False,True,True,0,0,0,0,True,
600372.SH,600372,600372,中航机载,主板,沪市,主板,801740.SI,国防军工,801742.SI,航空装备Ⅱ,航空装备Ⅱ,L,20010706,9194,25.17,11.3,-1.31,30.435,False,True,True,0,0,0,0,True,
600373.SH,600373,600373,中文传媒,主板,沪市,主板,801760.SI,传媒,801769.SI,出版,出版,L,20020304,8953,24.51,7.56,1.887,25.0,False,True,True,0,0,0,0,True,
600375.SH,600375,600375,汉马科技,主板,沪市,主板,801880.SI,汽车,801096.SI,商用车,商用车,L,20030401,8560,23.44,3.84,0.261,10.526,False,True,True,0,0,0,0,True,
600376.SH,600376,600376,首开股份,主板,沪市,主板,801180.SI,房地产,801181.SI,房地产开发,房地产开发,L,20010312,9310,25.49,3.34,0.3,25.0,False,True,True,0,0,0,0,True,
600377.SH,600377,600377,宁沪高速,主板,沪市,主板,801170.SI,交通运输,801179.SI,铁路公路,铁路公路,L,20010116,9365,25.64,12.49,0.564,18.333,False,True,True,0,0,0,0,True,
600378.SH,600378,600378,昊华科技,主板,沪市,主板,801030.SI,基础化工,801034.SI,化学制品,化学制品,L,20010111,9370,25.65,47.57,3.978,12.346,False,True,True,0,0,0,0,True,
600379.SH,600379,600379,宝光股份,主板,沪市,主板,801730.SI,电力设备,801738.SI,电网设备,电网设备,L,20020116,9000,24.64,14.69,2.512,4.795,False,True,True,0,0,0,0,True,
600380.SH,600380,600380,健康元,主板,沪市,主板,801150.SI,医药生物,801151.SI,化学制药,化学制药,L,20010608,9222,25.25,9.54,4.149,15.686,False,True,True,0,0,0,0,True,
600382.SH,600382,600382,广东明珠,主板,沪市,主板,801040.SI,钢铁,801043.SI,冶钢原料,冶钢原料,L,20010118,9363,25.63,6.36,-3.049,7.812,False,True,True,0,0,0,0,True,
600383.SH,600383,600383,金地集团,主板,沪市,主板,801180.SI,房地产,801181.SI,房地产开发,房地产开发,L,20010412,9279,25.4,2.37,-0.837,8.696,False,True,True,0,0,0,0,True,
600386.SH,600386,600386,北巴传媒,主板,沪市,主板,801880.SI,汽车,801092.SI,汽车服务,汽车服务,L,20010216,9334,25.56,3.59,0.843,26.471,False,True,True,0,0,0,0,True,
600388.SH,600388,600388,紫金龙净,主板,沪市,主板,801970.SI,环保,801972.SI,环保设备Ⅱ,环保设备Ⅱ,L,20001229,9383,25.69,19.09,0.421,14.773,False,True,True,0,0,0,0,True,
600389.SH,600389,600389,江山股份,主板,沪市,主板,801030.SI,基础化工,801038.SI,农化制品,农化制品,L,20010110,9371,25.66,18.8,0.481,10.638,False,True,True,0,0,0,0,True,
600390.SH,600390,600390,五矿资本,主板,沪市,主板,801790.SI,非银金融,801191.SI,多元金融,多元金融,L,20010115,9366,25.64,4.94,-1.789,16.0,False,True,True,0,0,0,0,True,
600391.SH,600391,600391,航发科技,主板,沪市,主板,801740.SI,国防军工,801742.SI,航空装备Ⅱ,航空装备Ⅱ,L,20011212,9035,24.74,37.96,0.132,24.39,False,True,True,0,0,0,0,True,
600392.SH,600392,600392,盛和资源,主板,沪市,主板,801050.SI,有色金属,801054.SI,小金属,小金属,L,20030529,8502,23.28,21.85,0.552,7.895,False,True,True,0,0,0,0,True,
600395.SH,600395,600395,盘江股份,主板,沪市,主板,801950.SI,煤炭,801951.SI,煤炭开采,煤炭开采,L,20010531,9230,25.27,5.22,-2.612,20.755,False,True,True,0,0,0,0,True,
600396.SH,600396,600396,华电辽能,主板,沪市,主板,801160.SI,公用事业,801161.SI,电力,电力,L,20010328,9294,25.45,13.78,1.026,7.194,False,True,True,0,0,0,0,True,
600397.SH,600397,600397,江钨装备,主板,沪市,主板,801950.SI,煤炭,801951.SI,煤炭开采,煤炭开采,L,20020702,8833,24.18,17.57,4.708,10.112,False,True,True,0,0,0,0,True,
600398.SH,600398,600398,海澜之家,主板,沪市,主板,801130.SI,纺织服饰,801132.SI,服装家纺,服装家纺,L,20001228,9384,25.69,5.88,-0.339,8.475,False,True,True,0,0,0,0,True,
600399.SH,600399,600399,抚顺特钢,主板,沪市,主板,801040.SI,钢铁,801045.SI,特钢Ⅱ,特钢Ⅱ,L,20001229,9383,25.69,4.53,1.116,9.524,False,True,True,0,0,0,0,True,
600400.SH,600400,600400,红豆股份,主板,沪市,主板,801130.SI,纺织服饰,801132.SI,服装家纺,服装家纺,L,20010108,9373,25.66,3.15,10.14,17.241,False,True,True,0,0,0,0,True,
600403.SH,600403,600403,大有能源,主板,沪市,主板,801950.SI,煤炭,801951.SI,煤炭开采,煤炭开采,L,20031009,8369,22.91,6.59,0.919,17.143,False,True,True,0,0,0,0,True,
600406.SH,600406,600406,国电南瑞,主板,沪市,主板,801730.SI,电力设备,801738.SI,电网设备,电网设备,L,20031016,8362,22.89,22.69,-0.088,15.19,False,True,True,0,0,0,0,True,
600408.SH,600408,600408,安泰集团,主板,沪市,主板,801950.SI,煤炭,801952.SI,焦炭Ⅱ,焦炭Ⅱ,L,20030212,8608,23.57,3.06,0.328,10.0,False,True,True,0,0,0,0,True,
600409.SH,600409,600409,三友化工,主板,沪市,主板,801030.SI,基础化工,801033.SI,化学原料,化学原料,L,20030618,8482,23.22,6.93,-3.347,16.176,False,True,True,0,0,0,0,True,
600410.SH,600410,600410,华胜天成,主板,沪市,主板,801750.SI,计算机,801103.SI,IT服务Ⅱ,IT服务Ⅱ,L,20040427,8168,22.36,14.7,1.24,10.204,False,True,True,0,0,0,0,True,
600415.SH,600415,600415,小商品城,主板,沪市,主板,801200.SI,商贸零售,801203.SI,一般零售,一般零售,L,20020509,8887,24.33,13.06,-0.457,16.393,False,True,True,0,0,0,0,True,
600416.SH,600416,600416,湘电股份,主板,沪市,主板,801730.SI,电力设备,801731.SI,电机Ⅱ,电机Ⅱ,L,20020718,8817,24.14,8.54,-1.272,35.556,False,True,True,0,0,0,0,True,
600418.SH,600418,600418,江淮汽车,主板,沪市,主板,801880.SI,汽车,801096.SI,商用车,商用车,L,20010824,9145,25.04,20.62,0.0,20.755,False,True,True,0,0,0,0,True,
600419.SH,600419,600419,天润乳业,主板,沪市,主板,801120.SI,食品饮料,801127.SI,饮料乳品,饮料乳品,L,20010628,9202,25.19,9.26,1.535,6.897,False,True,True,0,0,0,0,True,
600420.SH,600420,600420,国药现代,主板,沪市,主板,801150.SI,医药生物,801151.SI,化学制药,化学制药,L,20040616,8118,22.23,8.47,-0.236,20.69,False,True,True,0,0,0,0,True,
600422.SH,600422,600422,昆药集团,主板,沪市,主板,801150.SI,医药生物,801155.SI,中药Ⅱ,中药Ⅱ,L,20001206,9406,25.75,8.47,-0.236,9.091,False,True,True,0,0,0,0,True,
600425.SH,600425,600425,青松建化,主板,沪市,主板,801710.SI,建筑材料,801711.SI,水泥,水泥,L,20030724,8446,23.12,3.73,0.269,16.667,False,True,True,0,0,0,0,True,
600426.SH,600426,600426,华鲁恒升,主板,沪市,主板,801030.SI,基础化工,801038.SI,农化制品,农化制品,L,20020620,8845,24.22,20.32,-2.448,9.615,False,True,True,0,0,0,0,True,
600428.SH,600428,600428,中远海特,主板,沪市,主板,801170.SI,交通运输,801992.SI,航运港口,航运港口,L,20020418,8908,24.39,11.35,-2.659,14.912,False,True,True,0,0,0,0,True,
600429.SH,600429,600429,三元股份,主板,沪市,主板,801120.SI,食品饮料,801127.SI,饮料乳品,饮料乳品,L,20030915,8393,22.98,4.83,2.766,28.261,False,True,True,0,0,0,0,True,
600433.SH,600433,600433,冠豪高新,主板,沪市,主板,801140.SI,轻工制造,801143.SI,造纸,造纸,L,20030619,8481,23.22,3.36,0.0,6.25,False,True,True,0,0,0,0,True,
600435.SH,600435,600435,北方导航,主板,沪市,主板,801740.SI,国防军工,801743.SI,地面兵装Ⅱ,地面兵装Ⅱ,L,20030704,8466,23.18,11.35,-2.071,14.286,False,True,True,0,0,0,0,True,
600436.SH,600436,600436,片仔癀,主板,沪市,主板,801150.SI,医药生物,801155.SI,中药Ⅱ,中药Ⅱ,L,20030616,8484,23.23,122.68,-0.865,35.714,False,True,True,0,0,0,0,True,
600438.SH,600438,600438,通威股份,主板,沪市,主板,801730.SI,电力设备,801735.SI,光伏设备,光伏设备,L,20040302,8224,22.52,11.67,2.458,38.71,False,True,True,0,0,0,0,True,
600444.SH,600444,600444,国机通用,主板,沪市,主板,801890.SI,机械设备,801074.SI,专用设备,专用设备,L,20040219,8236,22.55,14.35,0.631,15.493,False,True,True,0,0,0,0,True,
600446.SH,600446,600446,金证股份,主板,沪市,主板,801750.SI,计算机,801103.SI,IT服务Ⅱ,IT服务Ⅱ,L,20031224,8293,22.7,11.01,-1.521,15.385,False,True,True,0,0,0,0,True,
600448.SH,600448,600448,华纺股份,主板,沪市,主板,801130.SI,纺织服饰,801131.SI,纺织制造,纺织制造,L,20010903,9135,25.01,3.03,0.0,17.857,False,True,True,0,0,0,0,True,
600449.SH,600449,600449,宁夏建材,主板,沪市,主板,801710.SI,建筑材料,801711.SI,水泥,水泥,L,20030829,8410,23.03,12.59,0.159,7.937,False,True,True,0,0,0,0,True,
600452.SH,600452,600452,涪陵电力,主板,沪市,主板,801160.SI,公用事业,801161.SI,电力,电力,L,20040303,8223,22.51,9.06,0.111,9.574,False,True,True,0,0,0,0,True,
600455.SH,600455,600455,博通股份,主板,沪市,主板,801750.SI,计算机,801104.SI,软件开发,软件开发,L,20040329,8197,22.44,24.82,0.121,13.333,False,True,True,0,0,0,0,True,
600456.SH,600456,600456,宝钛股份,主板,沪市,主板,801050.SI,有色金属,801054.SI,小金属,小金属,L,20020412,8914,24.41,26.61,-0.523,15.0,False,True,True,0,0,0,0,True,
600458.SH,600458,600458,时代新材,主板,沪市,主板,801890.SI,机械设备,801076.SI,轨交设备Ⅱ,轨交设备Ⅱ,L,20021219,8663,23.72,11.61,0.869,10.345,False,True,True,0,0,0,0,True,
600459.SH,600459,600459,贵研铂业,主板,沪市,主板,801050.SI,有色金属,801054.SI,小金属,小金属,L,20030516,8515,23.31,19.96,-0.498,10.0,False,True,True,0,0,0,0,True,
600460.SH,600460,600460,士兰微,主板,沪市,主板,801080.SI,电子,801081.SI,半导体,半导体,L,20030311,8581,23.49,30.96,2.043,10.638,False,True,True,0,0,0,0,True,
600461.SH,600461,600461,洪城环境,主板,沪市,主板,801970.SI,环保,801971.SI,环境治理,环境治理,L,20040601,8133,22.27,8.89,-0.336,6.667,False,True,True,0,0,0,0,True,
600463.SH,600463,600463,空港股份,主板,沪市,主板,801180.SI,房地产,801181.SI,房地产开发,房地产开发,L,20040318,8208,22.47,8.49,0.712,26.829,False,True,True,0,0,0,0,True,
600467.SH,600467,600467,好当家,主板,沪市,主板,801010.SI,农林牧渔,801015.SI,渔业,渔业,L,20040405,8190,22.42,2.53,3.265,13.043,False,True,True,0,0,0,0,True,
600468.SH,600468,600468,百利电气,主板,沪市,主板,801730.SI,电力设备,801738.SI,电网设备,电网设备,L,20010615,9215,25.23,6.3,0.0,10.937,False,True,True,0,0,0,0,True,
600469.SH,600469,600469,风神股份,主板,沪市,主板,801880.SI,汽车,801093.SI,汽车零部件,汽车零部件,L,20031021,8357,22.88,5.21,0.0,22.222,False,True,True,0,0,0,0,True,
600470.SH,600470,600470,六国化工,主板,沪市,主板,801030.SI,基础化工,801038.SI,农化制品,农化制品,L,20040305,8221,22.51,6.13,1.322,8.197,False,True,True,0,0,0,0,True,
600475.SH,600475,600475,华光环能,主板,沪市,主板,801160.SI,公用事业,801161.SI,电力,电力,L,20030721,8449,23.13,15.54,4.365,12.0,False,True,True,0,0,0,0,True,
600477.SH,600477,600477,杭萧钢构,主板,沪市,主板,801720.SI,建筑装饰,801724.SI,专业工程,专业工程,L,20031110,8337,22.83,2.47,-0.403,12.5,False,True,True,0,0,0,0,True,
600478.SH,600478,600478,科力远,主板,沪市,主板,801730.SI,电力设备,801737.SI,电池,电池,L,20030918,8390,22.97,4.76,0.0,22.449,False,True,True,0,0,0,0,True,
600479.SH,600479,600479,千金药业,主板,沪市,主板,801150.SI,医药生物,801155.SI,中药Ⅱ,中药Ⅱ,L,20040312,8214,22.49,13.86,5.399,5.926,False,True,True,0,0,0,0,True,
600480.SH,600480,600480,凌云股份,主板,沪市,主板,801880.SI,汽车,801093.SI,汽车零部件,汽车零部件,L,20030815,8424,23.06,8.32,1.094,24.419,False,True,True,0,0,0,0,True,
600481.SH,600481,600481,双良节能,主板,沪市,主板,801730.SI,电力设备,801735.SI,光伏设备,光伏设备,L,20030422,8539,23.38,4.34,3.088,9.302,False,True,True,0,0,0,0,True,
600482.SH,600482,600482,中国动力,主板,沪市,主板,801730.SI,电力设备,801733.SI,其他电源设备Ⅱ,其他电源设备Ⅱ,L,20040714,8090,22.15,35.04,6.246,21.875,False,True,True,0,0,0,0,True,
600483.SH,600483,600483,福能股份,主板,沪市,主板,801160.SI,公用事业,801161.SI,电力,电力,L,20040531,8134,22.27,10.95,-1.529,13.208,False,True,True,0,0,0,0,True,
600486.SH,600486,600486,扬农化工,主板,沪市,主板,801030.SI,基础化工,801038.SI,农化制品,农化制品,L,20020425,8901,24.37,56.08,0.394,8.696,False,True,True,0,0,0,0,True,
600487.SH,600487,600487,亨通光电,主板,沪市,主板,801770.SI,通信,801102.SI,通信设备,通信设备,L,20030822,8417,23.04,64.0,2.861,12.0,False,True,True,0,0,0,0,True,
600488.SH,600488,600488,津药药业,主板,沪市,主板,801150.SI,医药生物,801151.SI,化学制药,化学制药,L,20010618,9212,25.22,5.21,1.165,12.727,False,True,True,0,0,0,0,True,
600489.SH,600489,600489,中金黄金,主板,沪市,主板,801050.SI,有色金属,801053.SI,贵金属,贵金属,L,20030814,8425,23.07,25.07,-2.07,23.81,False,True,True,0,0,0,0,True,
600490.SH,600490,600490,鹏欣资源,主板,沪市,主板,801050.SI,有色金属,801055.SI,工业金属,工业金属,L,20030626,8474,23.2,7.49,-2.979,13.514,False,True,True,0,0,0,0,True,
600493.SH,600493,600493,凤竹纺织,主板,沪市,主板,801130.SI,纺织服饰,801131.SI,纺织制造,纺织制造,L,20040421,8174,22.38,6.42,0.627,15.0,False,True,True,0,0,0,0,True,
600495.SH,600495,600495,晋西车轴,主板,沪市,主板,801890.SI,机械设备,801076.SI,轨交设备Ⅱ,轨交设备Ⅱ,L,20040526,8139,22.28,4.11,-1.202,14.634,False,True,True,0,0,0,0,True,
600496.SH,600496,600496,精工钢构,主板,沪市,主板,801720.SI,建筑装饰,801724.SI,专业工程,专业工程,L,20020605,8860,24.26,3.33,-0.299,12.121,False,True,True,0,0,0,0,True,
600497.SH,600497,600497,驰宏锌锗,主板,沪市,主板,801050.SI,有色金属,801055.SI,工业金属,工业金属,L,20040420,8175,22.38,9.86,0.203,9.901,False,True,True,0,0,0,0,True,
600498.SH,600498,600498,烽火通信,主板,沪市,主板,801770.SI,通信,801102.SI,通信设备,通信设备,L,20010823,9146,25.04,38.99,3.148,8.0,False,True,True,0,0,0,0,True,
600499.SH,600499,600499,科达制造,主板,沪市,主板,801890.SI,机械设备,801074.SI,专用设备,专用设备,L,20021010,8733,23.91,14.59,0.0,12.5,False,True,True,0,0,0,0,True,
600500.SH,600500,600500,中化国际,主板,沪市,主板,801030.SI,基础化工,801034.SI,化学制品,化学制品,L,20000301,9686,26.52,5.5,2.041,9.091,False,True,True,0,0,0,0,True,
600501.SH,600501,600501,航天晨光,主板,沪市,主板,801890.SI,机械设备,801074.SI,专用设备,专用设备,L,20010615,9215,25.23,14.78,-1.924,27.027,False,True,True,0,0,0,0,True,
600502.SH,600502,600502,安徽建工,主板,沪市,主板,801720.SI,建筑装饰,801723.SI,基础建设,基础建设,L,20030415,8546,23.4,4.4,-1.345,6.667,False,True,True,0,0,0,0,True,
600503.SH,600503,600503,华丽家族,主板,沪市,主板,801180.SI,房地产,801181.SI,房地产开发,房地产开发,L,20020709,8826,24.16,2.22,0.453,9.091,False,True,True,0,0,0,0,True,
600505.SH,600505,600505,西昌电力,主板,沪市,主板,801160.SI,公用事业,801161.SI,电力,电力,L,20020530,8866,24.27,10.54,-0.566,8.257,False,True,True,0,0,0,0,True,
600506.SH,600506,600506,统一股份,主板,沪市,主板,801960.SI,石油石化,801963.SI,炼化及贸易,炼化及贸易,L,20011226,9021,24.7,17.95,-2.763,18.023,False,True,True,0,0,0,0,True,
600507.SH,600507,600507,方大特钢,主板,沪市,主板,801040.SI,钢铁,801045.SI,特钢Ⅱ,特钢Ⅱ,L,20030930,8378,22.94,4.21,-1.174,11.628,False,True,True,0,0,0,0,True,
600508.SH,600508,600508,上海能源,主板,沪市,主板,801950.SI,煤炭,801951.SI,煤炭开采,煤炭开采,L,20010829,9140,25.02,11.37,1.337,21.622,False,True,True,0,0,0,0,True,
600509.SH,600509,600509,天富能源,主板,沪市,主板,801160.SI,公用事业,801161.SI,电力,电力,L,20020228,8957,24.52,7.39,-0.805,10.526,False,True,True,0,0,0,0,True,
600510.SH,600510,600510,黑牡丹,主板,沪市,主板,801180.SI,房地产,801181.SI,房地产开发,房地产开发,L,20020618,8847,24.22,6.8,0.147,40.0,False,True,True,0,0,0,0,True,
600511.SH,600511,600511,国药股份,主板,沪市,主板,801150.SI,医药生物,801154.SI,医药商业,医药商业,L,20021127,8685,23.78,26.88,-0.628,6.667,False,True,True,0,0,0,0,True,
600512.SH,600512,600512,腾达建设,主板,沪市,主板,801720.SI,建筑装饰,801723.SI,基础建设,基础建设,L,20021226,8656,23.7,2.1,0.962,15.0,False,True,True,0,0,0,0,True,
600513.SH,600513,600513,联环药业,主板,沪市,主板,801150.SI,医药生物,801151.SI,化学制药,化学制药,L,20030319,8573,23.47,15.31,-1.67,12.727,False,True,True,0,0,0,0,True,
600515.SH,600515,600515,海南机场,主板,沪市,主板,801180.SI,房地产,801181.SI,房地产开发,房地产开发,L,20020806,8798,24.09,2.83,0.712,28.571,False,True,True,0,0,0,0,True,
600516.SH,600516,600516,方大炭素,主板,沪市,主板,801040.SI,钢铁,801043.SI,冶钢原料,冶钢原料,L,20020830,8774,24.02,5.18,-0.576,19.231,False,True,True,0,0,0,0,True,
600517.SH,600517,600517,国网英大,主板,沪市,主板,801790.SI,非银金融,801191.SI,多元金融,多元金融,L,20031010,8368,22.91,5.03,-0.396,36.538,False,True,True,0,0,0,0,True,
600518.SH,600518,600518,康美药业,主板,沪市,主板,801150.SI,医药生物,801155.SI,中药Ⅱ,中药Ⅱ,L,20010319,9303,25.47,1.38,0.0,28.571,False,True,True,0,0,0,0,True,
600519.SH,600519,600519,贵州茅台,主板,沪市,主板,801120.SI,食品饮料,801125.SI,白酒Ⅱ,白酒Ⅱ,L,20010827,9142,25.03,1316.01,-1.052,17.241,False,True,True,0,0,0,0,True,
600520.SH,600520,600520,三佳科技,主板,沪市,主板,801890.SI,机械设备,801074.SI,专用设备,专用设备,L,20020108,9008,24.66,25.23,3.19,7.087,False,True,True,0,0,0,0,True,
600521.SH,600521,600521,华海药业,主板,沪市,主板,801150.SI,医药生物,801151.SI,化学制药,化学制药,L,20030304,8588,23.51,15.75,-1.501,9.524,False,True,True,0,0,0,0,True,
600522.SH,600522,600522,中天科技,主板,沪市,主板,801770.SI,通信,801102.SI,通信设备,通信设备,L,20021024,8719,23.87,32.72,3.218,8.333,False,True,True,0,0,0,0,True,
600523.SH,600523,600523,贵航股份,主板,沪市,主板,801880.SI,汽车,801093.SI,汽车零部件,汽车零部件,L,20011227,9020,24.7,12.04,-1.794,17.949,False,True,True,0,0,0,0,True,
600526.SH,600526,600526,菲达环保,主板,沪市,主板,801970.SI,环保,801972.SI,环保设备Ⅱ,环保设备Ⅱ,L,20020722,8813,24.13,4.68,0.645,19.565,False,True,True,0,0,0,0,True,
600527.SH,600527,600527,江南高纤,主板,沪市,主板,801130.SI,纺织服饰,801131.SI,纺织制造,纺织制造,L,20031127,8320,22.78,2.26,0.0,9.091,False,True,True,0,0,0,0,True,
600528.SH,600528,600528,中铁工业,主板,沪市,主板,801890.SI,机械设备,801076.SI,轨交设备Ⅱ,轨交设备Ⅱ,L,20010528,9233,25.28,6.94,-0.287,20.833,False,True,True,0,0,0,0,True,
600529.SH,600529,600529,山东药玻,主板,沪市,主板,801150.SI,医药生物,801153.SI,医疗器械,医疗器械,L,20020603,8862,24.26,18.83,-1.414,6.383,False,True,True,0,0,0,0,True,
600531.SH,600531,600531,豫光金铅,主板,沪市,主板,801050.SI,有色金属,801055.SI,工业金属,工业金属,L,20020730,8805,24.11,12.77,-2.37,7.463,False,True,True,0,0,0,0,True,
600533.SH,600533,600533,栖霞建设,主板,沪市,主板,801180.SI,房地产,801181.SI,房地产开发,房地产开发,L,20020328,8929,24.45,2.26,0.444,13.636,False,True,True,0,0,0,0,True,
600535.SH,600535,600535,天士力,主板,沪市,主板,801150.SI,医药生物,801155.SI,中药Ⅱ,中药Ⅱ,L,20020823,8781,24.04,14.62,-0.747,12.0,False,True,True,0,0,0,0,True,
600536.SH,600536,600536,中国软件,主板,沪市,主板,801750.SI,计算机,801103.SI,IT服务Ⅱ,IT服务Ⅱ,L,20020517,8879,24.31,33.58,0.239,7.143,False,True,True,0,0,0,0,True,
600538.SH,600538,600538,国发股份,主板,沪市,主板,801150.SI,医药生物,801154.SI,医药商业,医药商业,L,20030114,8637,23.65,5.19,0.387,9.804,False,True,True,0,0,0,0,True,
600539.SH,600539,600539,狮头股份,主板,沪市,主板,801200.SI,商贸零售,801206.SI,互联网电商,互联网电商,L,20010824,9145,25.04,14.1,0.142,6.122,False,True,True,0,0,0,0,True,
600540.SH,600540,600540,新赛股份,主板,沪市,主板,801010.SI,农林牧渔,801016.SI,种植业,种植业,L,20040107,8279,22.67,6.72,9.984,12.698,False,True,True,0,0,0,0,True,
600545.SH,600545,600545,卓郎智能,主板,沪市,主板,801890.SI,机械设备,801074.SI,专用设备,专用设备,L,20031203,8314,22.76,4.11,0.983,9.524,False,True,True,0,0,0,0,True,
600546.SH,600546,600546,山煤国际,主板,沪市,主板,801950.SI,煤炭,801951.SI,煤炭开采,煤炭开采,L,20030731,8439,23.1,12.96,-1.595,14.615,False,True,True,0,0,0,0,True,
600547.SH,600547,600547,山东黄金,主板,沪市,主板,801050.SI,有色金属,801053.SI,贵金属,贵金属,L,20030828,8411,23.03,36.45,-3.826,29.31,False,True,True,0,0,0,0,True,
600548.SH,600548,600548,深高速,主板,沪市,主板,801170.SI,交通运输,801179.SI,铁路公路,铁路公路,L,20011225,9022,24.7,8.5,0.354,26.136,False,True,True,0,0,0,0,True,
600549.SH,600549,600549,厦门钨业,主板,沪市,主板,801050.SI,有色金属,801054.SI,小金属,小金属,L,20021107,8705,23.83,50.3,3.095,14.925,False,True,True,0,0,0,0,True,
600550.SH,600550,600550,保变电气,主板,沪市,主板,801730.SI,电力设备,801738.SI,电网设备,电网设备,L,20010228,9322,25.52,10.97,-1.171,10.345,False,True,True,0,0,0,0,True,
600551.SH,600551,600551,时代出版,主板,沪市,主板,801760.SI,传媒,801769.SI,出版,出版,L,20020905,8768,24.01,8.15,1.242,12.195,False,True,True,0,0,0,0,True,
600552.SH,600552,600552,凯盛科技,主板,沪市,主板,801080.SI,电子,801084.SI,光学光电子,光学光电子,L,20021108,8704,23.83,17.13,3.069,7.955,False,True,True,0,0,0,0,True,
600556.SH,600556,600556,天下秀,主板,沪市,主板,801760.SI,传媒,801765.SI,广告营销,广告营销,L,20010807,9162,25.08,4.92,0.82,12.245,False,True,True,0,0,0,0,True,
600557.SH,600557,600557,康缘药业,主板,沪市,主板,801150.SI,医药生物,801155.SI,中药Ⅱ,中药Ⅱ,L,20020918,8755,23.97,12.55,0.24,7.937,False,True,True,0,0,0,0,True,
600558.SH,600558,600558,大西洋,主板,沪市,主板,801890.SI,机械设备,801072.SI,通用设备,通用设备,L,20010227,9323,25.52,4.79,-0.208,10.204,False,True,True,0,0,0,0,True,
600559.SH,600559,600559,老白干酒,主板,沪市,主板,801120.SI,食品饮料,801125.SI,白酒Ⅱ,白酒Ⅱ,L,20021029,8714,23.86,11.65,-0.342,10.345,False,True,True,0,0,0,0,True,
600560.SH,600560,600560,金自天正,主板,沪市,主板,801890.SI,机械设备,801074.SI,专用设备,专用设备,L,20020919,8754,23.97,11.51,0.612,16.364,False,True,True,0,0,0,0,True,
600561.SH,600561,600561,江西长运,主板,沪市,主板,801170.SI,交通运输,801179.SI,铁路公路,铁路公路,L,20020716,8819,24.15,6.16,0.489,19.643,False,True,True,0,0,0,0,True,
600562.SH,600562,600562,国睿科技,主板,沪市,主板,801740.SI,国防军工,801745.SI,军工电子Ⅱ,军工电子Ⅱ,L,20030128,8623,23.61,28.1,-3.997,29.687,False,True,True,0,0,0,0,True,
600563.SH,600563,600563,法拉电子,主板,沪市,主板,801080.SI,电子,801083.SI,元件,元件,L,20021210,8672,23.74,126.33,2.308,12.727,False,True,True,0,0,0,0,True,
600566.SH,600566,600566,济川药业,主板,沪市,主板,801150.SI,医药生物,801155.SI,中药Ⅱ,中药Ⅱ,L,20010822,9147,25.04,25.74,0.0,11.111,False,True,True,0,0,0,0,True,
600567.SH,600567,600567,山鹰国际,主板,沪市,主板,801140.SI,轻工制造,801143.SI,造纸,造纸,L,20011218,9029,24.72,1.35,0.746,7.692,False,True,True,0,0,0,0,True,
600569.SH,600569,600569,安阳钢铁,主板,沪市,主板,801040.SI,钢铁,801044.SI,普钢,普钢,L,20010820,9149,25.05,1.8,-1.639,33.333,False,True,True,0,0,0,0,True,
600570.SH,600570,600570,恒生电子,主板,沪市,主板,801750.SI,计算机,801104.SI,软件开发,软件开发,L,20031216,8301,22.73,21.59,-1.997,12.903,False,True,True,0,0,0,0,True,
600571.SH,600571,600571,信雅达,主板,沪市,主板,801750.SI,计算机,801103.SI,IT服务Ⅱ,IT服务Ⅱ,L,20021101,8711,23.85,10.9,-1.179,10.377,False,True,True,0,0,0,0,True,
600572.SH,600572,600572,康恩贝,主板,沪市,主板,801150.SI,医药生物,801155.SI,中药Ⅱ,中药Ⅱ,L,20040412,8183,22.4,4.37,-0.456,9.091,False,True,True,0,0,0,0,True,
600573.SH,600573,600573,惠泉啤酒,主板,沪市,主板,801120.SI,食品饮料,801126.SI,非白酒,非白酒,L,20030226,8594,23.53,10.3,1.378,9.184,False,True,True,0,0,0,0,True,
600575.SH,600575,600575,淮河能源,主板,沪市,主板,801950.SI,煤炭,801951.SI,煤炭开采,煤炭开采,L,20030328,8564,23.45,3.27,-0.608,15.152,False,True,True,0,0,0,0,True,
600576.SH,600576,600576,祥源文旅,主板,沪市,主板,801210.SI,社会服务,801993.SI,旅游及景区,旅游及景区,L,20030220,8600,23.55,5.94,3.484,10.714,False,True,True,0,0,0,0,True,
600577.SH,600577,600577,精达股份,主板,沪市,主板,801730.SI,电力设备,801738.SI,电网设备,电网设备,L,20020911,8762,23.99,8.01,0.376,9.639,False,True,True,0,0,0,0,True,
600578.SH,600578,600578,京能电力,主板,沪市,主板,801160.SI,公用事业,801161.SI,电力,电力,L,20020510,8886,24.33,5.38,-0.554,15.254,False,True,True,0,0,0,0,True,
600579.SH,600579,600579,中化装备,主板,沪市,主板,801890.SI,机械设备,801074.SI,专用设备,专用设备,L,20020809,8795,24.08,6.95,-0.287,12.5,False,True,True,0,0,0,0,True,
600580.SH,600580,600580,卧龙电驱,主板,沪市,主板,801730.SI,电力设备,801731.SI,电机Ⅱ,电机Ⅱ,L,20020606,8859,24.25,28.85,0.733,22.222,False,True,True,0,0,0,0,True,
600582.SH,600582,600582,天地科技,主板,沪市,主板,801890.SI,机械设备,801074.SI,专用设备,专用设备,L,20020515,8881,24.31,4.7,-0.844,20.0,False,True,True,0,0,0,0,True,
600583.SH,600583,600583,海油工程,主板,沪市,主板,801960.SI,石油石化,801962.SI,油服工程,油服工程,L,20020205,8980,24.59,6.03,-1.951,20.339,False,True,True,0,0,0,0,True,
600584.SH,600584,600584,长电科技,主板,沪市,主板,801080.SI,电子,801081.SI,半导体,半导体,L,20030603,8497,23.26,69.0,2.435,14.634,False,True,True,0,0,0,0,True,
600585.SH,600585,600585,海螺水泥,主板,沪市,主板,801710.SI,建筑材料,801711.SI,水泥,水泥,L,20020207,8978,24.58,17.83,-0.28,30.556,False,True,True,0,0,0,0,True,
600586.SH,600586,600586,金晶科技,主板,沪市,主板,801710.SI,建筑材料,801712.SI,玻璃玻纤,玻璃玻纤,L,20020815,8789,24.06,4.12,-0.242,9.524,False,True,True,0,0,0,0,True,
600587.SH,600587,600587,新华医疗,主板,沪市,主板,801150.SI,医药生物,801153.SI,医疗器械,医疗器械,L,20020927,8746,23.95,12.63,-0.316,9.375,False,True,True,0,0,0,0,True,
600588.SH,600588,600588,用友网络,主板,沪市,主板,801750.SI,计算机,801104.SI,软件开发,软件开发,L,20010518,9243,25.31,10.02,-1.668,19.231,False,True,True,0,0,0,0,True,
600589.SH,600589,600589,大位科技,主板,沪市,主板,801750.SI,计算机,801103.SI,IT服务Ⅱ,IT服务Ⅱ,L,20010612,9218,25.24,8.17,0.369,8.537,False,True,True,0,0,0,0,True,
600590.SH,600590,600590,泰豪科技,主板,沪市,主板,801740.SI,国防军工,801745.SI,军工电子Ⅱ,军工电子Ⅱ,L,20020703,8832,24.18,8.61,-1.034,10.714,False,True,True,0,0,0,0,True,
600592.SH,600592,600592,龙溪股份,主板,沪市,主板,801890.SI,机械设备,801072.SI,通用设备,通用设备,L,20020805,8799,24.09,15.2,1.604,12.5,False,True,True,0,0,0,0,True,
600593.SH,600593,600593,大连圣亚,主板,沪市,主板,801210.SI,社会服务,801993.SI,旅游及景区,旅游及景区,L,20020711,8824,24.16,41.25,-0.266,7.767,False,True,True,0,0,0,0,True,
600594.SH,600594,600594,益佰制药,主板,沪市,主板,801150.SI,医药生物,801155.SI,中药Ⅱ,中药Ⅱ,L,20040323,8203,22.46,3.72,-0.268,5.0,False,True,True,0,0,0,0,True,
600595.SH,600595,600595,中孚实业,主板,沪市,主板,801050.SI,有色金属,801055.SI,工业金属,工业金属,L,20020626,8839,24.2,6.24,-1.887,9.375,False,True,True,0,0,0,0,True,
600596.SH,600596,600596,新安股份,主板,沪市,主板,801030.SI,基础化工,801038.SI,农化制品,农化制品,L,20010906,9132,25.0,10.98,-0.363,8.333,False,True,True,0,0,0,0,True,
600597.SH,600597,600597,光明乳业,主板,沪市,主板,801120.SI,食品饮料,801127.SI,饮料乳品,饮料乳品,L,20020828,8776,24.03,7.09,0.425,20.0,False,True,True,0,0,0,0,True,
600598.SH,600598,600598,北大荒,主板,沪市,主板,801010.SI,农林牧渔,801016.SI,种植业,种植业,L,20020329,8928,24.44,13.31,1.526,11.45,False,True,True,0,0,0,0,True,
600600.SH,600600,600600,青岛啤酒,主板,沪市,主板,801120.SI,食品饮料,801126.SI,非白酒,非白酒,L,19930827,12064,33.03,51.47,-0.039,17.778,False,True,True,0,0,0,0,True,
600601.SH,600601,600601,方正科技,主板,沪市,主板,801080.SI,电子,801083.SI,元件,元件,L,19901219,13046,35.72,13.97,6.723,14.173,False,True,True,0,0,0,0,True,
600602.SH,600602,600602,云赛智联,主板,沪市,主板,801750.SI,计算机,801104.SI,软件开发,软件开发,L,19901219,13046,35.72,17.99,0.559,9.677,False,True,True,0,0,0,0,True,
600603.SH,600603,600603,广汇物流,主板,沪市,主板,801170.SI,交通运输,801178.SI,物流,物流,L,19920113,12656,34.65,4.79,-1.033,23.913,False,True,True,0,0,0,0,True,
600604.SH,600604,600604,市北高新,主板,沪市,主板,801180.SI,房地产,801181.SI,房地产开发,房地产开发,L,19920327,12582,34.45,4.82,-0.823,12.5,False,True,True,0,0,0,0,True,
600605.SH,600605,600605,汇通能源,主板,沪市,主板,801200.SI,商贸零售,801203.SI,一般零售,一般零售,L,19920327,12582,34.45,28.33,1.07,18.182,False,True,True,0,0,0,0,True,
600606.SH,600606,600606,绿地控股,主板,沪市,主板,801180.SI,房地产,801181.SI,房地产开发,房地产开发,L,19920327,12582,34.45,1.32,-1.492,28.571,False,True,True,0,0,0,0,True,
600609.SH,600609,600609,金杯汽车,主板,沪市,主板,801880.SI,汽车,801093.SI,汽车零部件,汽车零部件,L,19920724,12463,34.12,3.37,0.597,12.121,False,True,True,0,0,0,0,True,
600610.SH,600610,600610,中毅达,主板,沪市,主板,801030.SI,基础化工,801033.SI,化学原料,化学原料,L,19920805,12451,34.09,8.68,1.52,9.091,False,True,True,0,0,0,0,True,
600611.SH,600611,600611,大众交通,主板,沪市,主板,801170.SI,交通运输,801179.SI,铁路公路,铁路公路,L,19920807,12449,34.08,5.01,0.0,12.0,False,True,True,0,0,0,0,True,
600612.SH,600612,600612,老凤祥,主板,沪市,主板,801130.SI,纺织服饰,801133.SI,饰品,饰品,L,19920814,12442,34.06,34.0,0.592,34.091,False,True,True,0,0,0,0,True,
600613.SH,600613,600613,神奇制药,主板,沪市,主板,801150.SI,医药生物,801151.SI,化学制药,化学制药,L,19920820,12436,34.05,9.41,4.324,5.435,False,True,True,0,0,0,0,True,
600615.SH,600615,600615,鑫源智造,主板,沪市,主板,801050.SI,有色金属,801055.SI,工业金属,工业金属,L,19920910,12415,33.99,9.82,1.446,19.149,False,True,True,0,0,0,0,True,
600616.SH,600616,600616,金枫酒业,主板,沪市,主板,801120.SI,食品饮料,801126.SI,非白酒,非白酒,L,19920929,12396,33.94,4.53,-1.948,14.286,False,True,True,0,0,0,0,True,
600617.SH,600617,600617,国新能源,主板,沪市,主板,801160.SI,公用事业,801163.SI,燃气Ⅱ,燃气Ⅱ,L,19921013,12382,33.9,3.33,-0.893,5.882,False,True,True,0,0,0,0,True,
600618.SH,600618,600618,氯碱化工,主板,沪市,主板,801030.SI,基础化工,801033.SI,化学原料,化学原料,L,19921113,12351,33.82,10.34,-1.147,20.192,False,True,True,0,0,0,0,True,
600619.SH,600619,600619,海立股份,主板,沪市,主板,801110.SI,家用电器,801116.SI,家电零部件Ⅱ,家电零部件Ⅱ,L,19921116,12348,33.81,13.71,-0.073,7.746,False,True,True,0,0,0,0,True,
600620.SH,600620,600620,天宸股份,主板,沪市,主板,801230.SI,综合,801231.SI,综合Ⅱ,综合Ⅱ,L,19921117,12347,33.8,4.45,0.452,47.727,False,True,True,0,0,0,0,True,
600621.SH,600621,600621,华鑫股份,主板,沪市,主板,801790.SI,非银金融,801193.SI,证券Ⅱ,证券Ⅱ,L,19921202,12332,33.76,13.47,-2.036,6.818,False,True,True,0,0,0,0,True,
600622.SH,600622,600622,光大嘉宝,主板,沪市,主板,801180.SI,房地产,801181.SI,房地产开发,房地产开发,L,19921203,12331,33.76,2.47,0.406,17.391,False,True,True,0,0,0,0,True,
600623.SH,600623,600623,华谊集团,主板,沪市,主板,801030.SI,基础化工,801033.SI,化学原料,化学原料,L,19921204,12330,33.76,8.47,-1.512,17.857,False,True,True,0,0,0,0,True,
600626.SH,600626,600626,申达股份,主板,沪市,主板,801880.SI,汽车,801093.SI,汽车零部件,汽车零部件,L,19930107,12296,33.66,3.65,1.671,16.667,False,True,True,0,0,0,0,True,
600628.SH,600628,600628,新世界,主板,沪市,主板,801200.SI,商贸零售,801203.SI,一般零售,一般零售,L,19930119,12284,33.63,6.57,2.019,16.129,False,True,True,0,0,0,0,True,
600629.SH,600629,600629,华建集团,主板,沪市,主板,801720.SI,建筑装饰,801726.SI,工程咨询服务Ⅱ,工程咨询服务Ⅱ,L,19930209,12263,33.57,17.87,-2.722,24.39,False,True,True,0,0,0,0,True,
600630.SH,600630,600630,龙头股份,主板,沪市,主板,801130.SI,纺织服饰,801132.SI,服装家纺,服装家纺,L,19930209,12263,33.57,7.09,0.567,13.433,False,True,True,0,0,0,0,True,
600633.SH,600633,600633,浙数文化,主板,沪市,主板,801760.SI,传媒,801764.SI,游戏Ⅱ,游戏Ⅱ,L,19930304,12240,33.51,10.57,0.955,11.321,False,True,True,0,0,0,0,True,
600635.SH,600635,600635,大众公用,主板,沪市,主板,801160.SI,公用事业,801163.SI,燃气Ⅱ,燃气Ⅱ,L,19930304,12240,33.51,4.71,-0.212,10.638,False,True,True,0,0,0,0,True,
600637.SH,600637,600637,东方明珠,主板,沪市,主板,801760.SI,传媒,801995.SI,电视广播Ⅱ,电视广播Ⅱ,L,19930316,12228,33.48,8.65,2.005,18.75,False,True,True,0,0,0,0,True,
600638.SH,600638,600638,新黄浦,主板,沪市,主板,801180.SI,房地产,801181.SI,房地产开发,房地产开发,L,19930326,12218,33.45,5.06,0.0,12.0,False,True,True,0,0,0,0,True,
600639.SH,600639,600639,浦东金桥,主板,沪市,主板,801180.SI,房地产,801181.SI,房地产开发,房地产开发,L,19930326,12218,33.45,9.48,-1.044,15.625,False,True,True,0,0,0,0,True,
600640.SH,600640,600640,国脉文化,主板,沪市,主板,801760.SI,传媒,801767.SI,数字媒体,数字媒体,L,19930407,12206,33.42,11.2,-0.089,25.926,False,True,True,0,0,0,0,True,
600641.SH,600641,600641,先导基电,主板,沪市,主板,801180.SI,房地产,801181.SI,房地产开发,房地产开发,L,19930407,12206,33.42,31.07,4.825,14.815,False,True,True,0,0,0,0,True,
600642.SH,600642,600642,申能股份,主板,沪市,主板,801160.SI,公用事业,801161.SI,电力,电力,L,19930416,12197,33.39,8.47,-1.167,18.605,False,True,True,0,0,0,0,True,
600643.SH,600643,600643,爱建集团,主板,沪市,主板,801790.SI,非银金融,801191.SI,多元金融,多元金融,L,19930426,12187,33.37,4.15,-0.48,24.39,False,True,True,0,0,0,0,True,
600644.SH,600644,600644,乐山电力,主板,沪市,主板,801160.SI,公用事业,801161.SI,电力,电力,L,19930426,12187,33.37,9.01,-1.53,16.304,False,True,True,0,0,0,0,True,
600645.SH,600645,600645,中源协和,主板,沪市,主板,801150.SI,医药生物,801153.SI,医疗器械,医疗器械,L,19930504,12179,33.34,18.62,0.0,16.0,False,True,True,0,0,0,0,True,
600648.SH,600648,600648,外高桥,主板,沪市,主板,801180.SI,房地产,801181.SI,房地产开发,房地产开发,L,19930504,12179,33.34,9.27,-0.643,20.0,False,True,True,0,0,0,0,True,
600649.SH,600649,600649,城投控股,主板,沪市,主板,801180.SI,房地产,801181.SI,房地产开发,房地产开发,L,19930518,12165,33.31,4.01,-1.232,15.789,False,True,True,0,0,0,0,True,
600650.SH,600650,600650,锦江在线,主板,沪市,主板,801170.SI,交通运输,801179.SI,铁路公路,铁路公路,L,19930607,12145,33.25,10.98,-1.525,18.182,False,True,True,0,0,0,0,True,
600651.SH,600651,600651,飞乐音响,主板,沪市,主板,801880.SI,汽车,801093.SI,汽车零部件,汽车零部件,L,19901219,13046,35.72,5.52,-0.54,31.034,False,True,True,0,0,0,0,True,
600653.SH,600653,600653,申华控股,主板,沪市,主板,801880.SI,汽车,801092.SI,汽车服务,汽车服务,L,19901219,13046,35.72,1.75,1.744,11.765,False,True,True,0,0,0,0,True,
600654.SH,600654,600654,中安科,主板,沪市,主板,801750.SI,计算机,801104.SI,软件开发,软件开发,L,19901219,13046,35.72,3.22,-1.227,25.0,False,True,True,0,0,0,0,True,
600655.SH,600655,600655,豫园股份,主板,沪市,主板,801200.SI,商贸零售,801203.SI,一般零售,一般零售,L,19920902,12423,34.01,4.56,0.441,32.653,False,True,True,0,0,0,0,True,
600657.SH,600657,600657,信达地产,主板,沪市,主板,801180.SI,房地产,801181.SI,房地产开发,房地产开发,L,19930524,12159,33.29,3.33,-4.857,31.034,False,True,True,0,0,0,0,True,
600658.SH,600658,600658,电子城,主板,沪市,主板,801180.SI,房地产,801181.SI,房地产开发,房地产开发,L,19930524,12159,33.29,4.23,1.439,26.829,False,True,True,0,0,0,0,True,
600660.SH,600660,600660,福耀玻璃,主板,沪市,主板,801880.SI,汽车,801093.SI,汽车零部件,汽车零部件,L,19930610,12142,33.24,55.75,-2.756,13.475,False,True,True,0,0,0,0,True,
600661.SH,600661,600661,昂立教育,主板,沪市,主板,801210.SI,社会服务,801994.SI,教育,教育,L,19930614,12138,33.23,8.81,0.114,11.111,False,True,True,0,0,0,0,True,
600662.SH,600662,600662,外服控股,主板,沪市,主板,801210.SI,社会服务,801218.SI,专业服务,专业服务,L,19930614,12138,33.23,4.27,-0.234,37.209,False,True,True,0,0,0,0,True,
600663.SH,600663,600663,陆家嘴,主板,沪市,主板,801180.SI,房地产,801181.SI,房地产开发,房地产开发,L,19930628,12124,33.19,9.02,-0.77,28.571,False,True,True,0,0,0,0,True,
600664.SH,600664,600664,哈药股份,主板,沪市,主板,801150.SI,医药生物,801151.SI,化学制药,化学制药,L,19930629,12123,33.19,8.0,2.828,13.415,False,True,True,0,0,0,0,True,
600665.SH,600665,600665,天地源,主板,沪市,主板,801180.SI,房地产,801181.SI,房地产开发,房地产开发,L,19930709,12113,33.16,3.58,-1.918,20.588,False,True,True,0,0,0,0,True,
600666.SH,600666,600666,奥瑞德,主板,沪市,主板,801080.SI,电子,801084.SI,光学光电子,光学光电子,L,19930712,12110,33.16,3.49,-0.286,11.111,False,True,True,0,0,0,0,True,
600667.SH,600667,600667,太极实业,主板,沪市,主板,801720.SI,建筑装饰,801726.SI,工程咨询服务Ⅱ,工程咨询服务Ⅱ,L,19930728,12094,33.11,17.96,4.297,17.46,False,True,True,0,0,0,0,True,
600668.SH,600668,600668,尖峰集团,主板,沪市,主板,801710.SI,建筑材料,801711.SI,水泥,水泥,L,19930728,12094,33.11,7.47,-0.134,8.0,False,True,True,0,0,0,0,True,
600671.SH,600671,600671,天目药业,主板,沪市,主板,801150.SI,医药生物,801155.SI,中药Ⅱ,中药Ⅱ,L,19930823,12068,33.04,21.85,-0.137,12.844,False,True,True,0,0,0,0,True,
600673.SH,600673,600673,东阳光,主板,沪市,主板,801230.SI,综合,801231.SI,综合Ⅱ,综合Ⅱ,L,19930917,12043,32.97,31.66,3.701,20.482,False,True,True,0,0,0,0,True,
600674.SH,600674,600674,川投能源,主板,沪市,主板,801160.SI,公用事业,801161.SI,电力,电力,L,19930924,12036,32.95,15.61,-0.952,10.667,False,True,True,0,0,0,0,True,
600675.SH,600675,600675,中华企业,主板,沪市,主板,801180.SI,房地产,801181.SI,房地产开发,房地产开发,L,19930924,12036,32.95,2.3,-0.862,29.167,False,True,True,0,0,0,0,True,
600676.SH,600676,600676,久事动娱,主板,沪市,主板,801880.SI,汽车,801092.SI,汽车服务,汽车服务,L,19930928,12032,32.94,6.67,-0.891,13.235,False,True,True,0,0,0,0,True,
600679.SH,600679,600679,上海凤凰,主板,沪市,主板,801880.SI,汽车,801881.SI,摩托车及其他,摩托车及其他,L,19931008,12022,32.91,10.21,0.591,20.833,False,True,True,0,0,0,0,True,
600681.SH,600681,600681,百川能源,主板,沪市,主板,801160.SI,公用事业,801163.SI,燃气Ⅱ,燃气Ⅱ,L,19931018,12012,32.89,3.51,0.286,11.765,False,True,True,0,0,0,0,True,
600682.SH,600682,600682,南京新百,主板,沪市,主板,801230.SI,综合,801231.SI,综合Ⅱ,综合Ⅱ,L,19931018,12012,32.89,5.72,1.961,14.286,False,True,True,0,0,0,0,True,
600683.SH,600683,600683,京投发展,主板,沪市,主板,801180.SI,房地产,801181.SI,房地产开发,房地产开发,L,19931025,12005,32.87,9.96,4.293,17.647,False,True,True,0,0,0,0,True,
600684.SH,600684,600684,珠江股份,主板,沪市,主板,801180.SI,房地产,801183.SI,房地产服务,房地产服务,L,19931028,12002,32.86,3.61,-1.366,14.286,False,True,True,0,0,0,0,True,
600685.SH,600685,600685,中船防务,主板,沪市,主板,801740.SI,国防军工,801744.SI,航海装备Ⅱ,航海装备Ⅱ,L,19931028,12002,32.86,27.25,-0.692,6.061,False,True,True,0,0,0,0,True,
600686.SH,600686,600686,金龙汽车,主板,沪市,主板,801880.SI,汽车,801096.SI,商用车,商用车,L,19931108,11991,32.83,11.04,-2.817,8.772,False,True,True,0,0,0,0,True,
600688.SH,600688,600688,上海石化,主板,沪市,主板,801960.SI,石油石化,801963.SI,炼化及贸易,炼化及贸易,L,19931108,11991,32.83,2.84,-1.389,10.345,False,True,True,0,0,0,0,True,
600689.SH,600689,600689,上海三毛,主板,沪市,主板,801230.SI,综合,801231.SI,综合Ⅱ,综合Ⅱ,L,19931108,11991,32.83,12.5,-1.264,20.69,False,True,True,0,0,0,0,True,
600690.SH,600690,600690,海尔智家,主板,沪市,主板,801110.SI,家用电器,801111.SI,白色家电,白色家电,L,19931119,11980,32.8,21.61,-1.773,20.29,False,True,True,0,0,0,0,True,
600691.SH,600691,600691,潞化科技,主板,沪市,主板,801030.SI,基础化工,801038.SI,农化制品,农化制品,L,19931119,11980,32.8,3.05,1.329,26.667,False,True,True,0,0,0,0,True,
600692.SH,600692,600692,亚通股份,主板,沪市,主板,801180.SI,房地产,801181.SI,房地产开发,房地产开发,L,19931119,11980,32.8,6.6,2.009,12.5,False,True,True,0,0,0,0,True,
600693.SH,600693,600693,东百集团,主板,沪市,主板,801200.SI,商贸零售,801203.SI,一般零售,一般零售,L,19931122,11977,32.79,11.49,5.123,12.963,False,True,True,0,0,0,0,True,
600694.SH,600694,600694,大商股份,主板,沪市,主板,801200.SI,商贸零售,801203.SI,一般零售,一般零售,L,19931122,11977,32.79,14.98,0.537,8.333,False,True,True,0,0,0,0,True,
600697.SH,600697,600697,欧亚集团,主板,沪市,主板,801200.SI,商贸零售,801203.SI,一般零售,一般零售,L,19931206,11963,32.75,11.56,3.03,14.019,False,True,True,0,0,0,0,True,
600698.SH,600698,600698,湖南天雁,主板,沪市,主板,801880.SI,汽车,801093.SI,汽车零部件,汽车零部件,L,19931206,11963,32.75,7.84,-0.885,13.514,False,True,True,0,0,0,0,True,
600699.SH,600699,600699,均胜电子,主板,沪市,主板,801880.SI,汽车,801093.SI,汽车零部件,汽车零部件,L,19931206,11963,32.75,19.57,2.354,15.686,False,True,True,0,0,0,0,True,
600702.SH,600702,600702,舍得酒业,主板,沪市,主板,801120.SI,食品饮料,801125.SI,白酒Ⅱ,白酒Ⅱ,L,19960524,11063,30.29,35.98,0.897,7.143,False,True,True,0,0,0,0,True,
600703.SH,600703,600703,三安光电,主板,沪市,主板,801080.SI,电子,801084.SI,光学光电子,光学光电子,L,19960528,11059,30.28,13.05,-1.361,9.091,False,True,True,0,0,0,0,True,
600704.SH,600704,600704,物产中大,主板,沪市,主板,801170.SI,交通运输,801178.SI,物流,物流,L,19960606,11050,30.25,4.95,0.0,8.163,False,True,True,0,0,0,0,True,
600706.SH,600706,600706,曲江文旅,主板,沪市,主板,801210.SI,社会服务,801993.SI,旅游及景区,旅游及景区,L,19960516,11071,30.31,8.82,2.202,18.072,False,True,True,0,0,0,0,True,
600707.SH,600707,600707,彩虹股份,主板,沪市,主板,801080.SI,电子,801084.SI,光学光电子,光学光电子,L,19960520,11067,30.3,8.73,3.07,21.739,False,True,True,0,0,0,0,True,
600708.SH,600708,600708,光明地产,主板,沪市,主板,801180.SI,房地产,801181.SI,房地产开发,房地产开发,L,19960606,11050,30.25,3.07,0.987,12.5,False,True,True,0,0,0,0,True,
600710.SH,600710,600710,苏美达,主板,沪市,主板,801200.SI,商贸零售,801202.SI,贸易Ⅱ,贸易Ⅱ,L,19960701,11025,30.18,10.71,0.093,18.692,False,True,True,0,0,0,0,True,
600711.SH,600711,600711,盛屯矿业,主板,沪市,主板,801050.SI,有色金属,801056.SI,能源金属,能源金属,L,19960531,11056,30.27,11.6,0.694,5.983,False,True,True,0,0,0,0,True,
600712.SH,600712,600712,南宁百货,主板,沪市,主板,801200.SI,商贸零售,801203.SI,一般零售,一般零售,L,19960626,11030,30.2,5.97,3.466,10.714,False,True,True,0,0,0,0,True,
600713.SH,600713,600713,南京医药,主板,沪市,主板,801150.SI,医药生物,801154.SI,医药商业,医药商业,L,19960701,11025,30.18,5.27,0.19,7.692,False,True,True,0,0,0,0,True,
600714.SH,600714,600714,金瑞矿业,主板,沪市,主板,801030.SI,基础化工,801033.SI,化学原料,化学原料,L,19960606,11050,30.25,23.01,7.123,17.308,False,True,True,0,0,0,0,True,
600715.SH,600715,600715,文投控股,主板,沪市,主板,801760.SI,传媒,801764.SI,游戏Ⅱ,游戏Ⅱ,L,19960701,11025,30.18,1.74,2.353,37.5,False,True,True,0,0,0,0,True,
600716.SH,600716,600716,凤凰股份,主板,沪市,主板,801180.SI,房地产,801181.SI,房地产开发,房地产开发,L,19960702,11024,30.18,3.71,0.815,27.778,False,True,True,0,0,0,0,True,
600718.SH,600718,600718,东软集团,主板,沪市,主板,801750.SI,计算机,801103.SI,IT服务Ⅱ,IT服务Ⅱ,L,19960618,11038,30.22,8.05,-0.862,14.634,False,True,True,0,0,0,0,True,
600719.SH,600719,600719,大连热电,主板,沪市,主板,801160.SI,公用事业,801161.SI,电力,电力,L,19960716,11010,30.14,7.6,2.013,8.219,False,True,True,0,0,0,0,True,
600720.SH,600720,600720,中交设计,主板,沪市,主板,801720.SI,建筑装饰,801726.SI,工程咨询服务Ⅱ,工程咨询服务Ⅱ,L,19960716,11010,30.14,5.22,0.385,11.765,False,True,True,0,0,0,0,True,
600721.SH,600721,600721,百花医药,主板,沪市,主板,801150.SI,医药生物,801156.SI,医疗服务,医疗服务,L,19960626,11030,30.2,12.02,0.67,5.042,False,True,True,0,0,0,0,True,
600722.SH,600722,600722,金牛化工,主板,沪市,主板,801030.SI,基础化工,801033.SI,化学原料,化学原料,L,19960626,11030,30.2,17.97,4.477,8.0,False,True,True,0,0,0,0,True,
600724.SH,600724,600724,宁波富达,主板,沪市,主板,801180.SI,房地产,801183.SI,房地产服务,房地产服务,L,19960716,11010,30.14,5.15,0.195,33.333,False,True,True,0,0,0,0,True,
600725.SH,600725,600725,云维股份,主板,沪市,主板,801950.SI,煤炭,801952.SI,焦炭Ⅱ,焦炭Ⅱ,L,19960702,11024,30.18,3.28,0.0,21.875,False,True,True,0,0,0,0,True,
600726.SH,600726,600726,华电能源,主板,沪市,主板,801160.SI,公用事业,801161.SI,电力,电力,L,19960701,11025,30.18,5.34,-0.187,21.311,False,True,True,0,0,0,0,True,
600727.SH,600727,600727,鲁北化工,主板,沪市,主板,801030.SI,基础化工,801033.SI,化学原料,化学原料,L,19960702,11024,30.18,7.73,0.13,7.895,False,True,True,0,0,0,0,True,
600728.SH,600728,600728,佳都科技,主板,沪市,主板,801750.SI,计算机,801103.SI,IT服务Ⅱ,IT服务Ⅱ,L,19960716,11010,30.14,4.67,-1.477,13.043,False,True,True,0,0,0,0,True,
600729.SH,600729,600729,重百集团,主板,沪市,主板,801200.SI,商贸零售,801203.SI,一般零售,一般零售,L,19960702,11024,30.18,19.9,1.947,4.615,False,True,True,0,0,0,0,True,
600731.SH,600731,600731,湖南海利,主板,沪市,主板,801030.SI,基础化工,801038.SI,农化制品,农化制品,L,19960802,10993,30.1,5.94,1.712,10.345,False,True,True,0,0,0,0,True,
600732.SH,600732,600732,爱旭股份,主板,沪市,主板,801730.SI,电力设备,801735.SI,光伏设备,光伏设备,L,19960816,10979,30.06,11.07,1.84,13.115,False,True,True,0,0,0,0,True,
600733.SH,600733,600733,北汽蓝谷,主板,沪市,主板,801880.SI,汽车,801095.SI,乘用车,乘用车,L,19960816,10979,30.06,4.92,-0.203,23.077,False,True,True,0,0,0,0,True,
600736.SH,600736,600736,苏州高新,主板,沪市,主板,801180.SI,房地产,801181.SI,房地产开发,房地产开发,L,19960815,10980,30.06,6.68,-0.595,7.463,False,True,True,0,0,0,0,True,
600737.SH,600737,600737,中粮糖业,主板,沪市,主板,801010.SI,农林牧渔,801012.SI,农产品加工,农产品加工,L,19960731,10995,30.1,16.51,5.766,18.421,False,True,True,0,0,0,0,True,
600738.SH,600738,600738,丽尚国潮,主板,沪市,主板,801200.SI,商贸零售,801203.SI,一般零售,一般零售,L,19960802,10993,30.1,4.48,2.517,15.0,False,True,True,0,0,0,0,True,
600739.SH,600739,600739,辽宁成大,主板,沪市,主板,801150.SI,医药生物,801152.SI,生物制品,生物制品,L,19960819,10976,30.05,10.75,-1.557,11.111,False,True,True,0,0,0,0,True,
600740.SH,600740,600740,山西焦化,主板,沪市,主板,801950.SI,煤炭,801952.SI,焦炭Ⅱ,焦炭Ⅱ,L,19960808,10987,30.08,3.81,-1.804,13.514,False,True,True,0,0,0,0,True,
600741.SH,600741,600741,华域汽车,主板,沪市,主板,801880.SI,汽车,801093.SI,汽车零部件,汽车零部件,L,19960826,10969,30.03,15.39,-1.22,20.37,False,True,True,0,0,0,0,True,
600742.SH,600742,600742,富维股份,主板,沪市,主板,801880.SI,汽车,801093.SI,汽车零部件,汽车零部件,L,19960826,10969,30.03,7.81,0.644,33.766,False,True,True,0,0,0,0,True,
600743.SH,600743,600743,华远控股,主板,沪市,主板,801180.SI,房地产,801181.SI,房地产开发,房地产开发,L,19960909,10955,29.99,2.13,0.0,13.636,False,True,True,0,0,0,0,True,
600744.SH,600744,600744,华银电力,主板,沪市,主板,801160.SI,公用事业,801161.SI,电力,电力,L,19960905,10959,30.0,6.2,-0.161,20.0,False,True,True,0,0,0,0,True,
600746.SH,600746,600746,江苏索普,主板,沪市,主板,801030.SI,基础化工,801033.SI,化学原料,化学原料,L,19960918,10946,29.97,7.18,0.42,21.212,False,True,True,0,0,0,0,True,
600748.SH,600748,600748,上实发展,主板,沪市,主板,801180.SI,房地产,801181.SI,房地产开发,房地产开发,L,19960925,10939,29.95,3.86,0.0,40.0,False,True,True,0,0,0,0,True,
600749.SH,600749,600749,西藏旅游,主板,沪市,主板,801210.SI,社会服务,801993.SI,旅游及景区,旅游及景区,L,19961015,10919,29.89,15.64,0.968,9.091,False,True,True,0,0,0,0,True,
600750.SH,600750,600750,华润江中,主板,沪市,主板,801150.SI,医药生物,801155.SI,中药Ⅱ,中药Ⅱ,L,19960923,10941,29.95,23.22,-0.939,12.5,False,True,True,0,0,0,0,True,
600751.SH,600751,600751,海航科技,主板,沪市,主板,801170.SI,交通运输,801992.SI,航运港口,航运港口,L,19960909,10955,29.99,3.09,-0.643,22.581,False,True,True,0,0,0,0,True,
600754.SH,600754,600754,锦江酒店,主板,沪市,主板,801210.SI,社会服务,801219.SI,酒店餐饮,酒店餐饮,L,19961011,10923,29.91,19.74,0.766,9.375,False,True,True,0,0,0,0,True,
600755.SH,600755,600755,厦门国贸,主板,沪市,主板,801170.SI,交通运输,801178.SI,物流,物流,L,19961003,10931,29.93,5.79,0.347,12.069,False,True,True,0,0,0,0,True,
600756.SH,600756,600756,浪潮软件,主板,沪市,主板,801750.SI,计算机,801103.SI,IT服务Ⅱ,IT服务Ⅱ,L,19960923,10941,29.95,14.35,-1.712,9.524,False,True,True,0,0,0,0,True,
600757.SH,600757,600757,长江传媒,主板,沪市,主板,801760.SI,传媒,801769.SI,出版,出版,L,19961003,10931,29.93,7.38,0.682,14.286,False,True,True,0,0,0,0,True,
600758.SH,600758,600758,辽宁能源,主板,沪市,主板,801950.SI,煤炭,801951.SI,煤炭开采,煤炭开采,L,19961029,10905,29.86,3.64,-0.817,11.111,False,True,True,0,0,0,0,True,
600760.SH,600760,600760,中航沈飞,主板,沪市,主板,801740.SI,国防军工,801742.SI,航空装备Ⅱ,航空装备Ⅱ,L,19961011,10923,29.91,47.11,-2.383,31.25,False,True,True,0,0,0,0,True,
600761.SH,600761,600761,安徽合力,主板,沪市,主板,801890.SI,机械设备,801077.SI,工程机械,工程机械,L,19961009,10925,29.91,16.28,-0.611,10.714,False,True,True,0,0,0,0,True,
600763.SH,600763,600763,通策医疗,主板,沪市,主板,801150.SI,医药生物,801156.SI,医疗服务,医疗服务,L,19961030,10904,29.85,35.17,-0.958,9.091,False,True,True,0,0,0,0,True,
600764.SH,600764,600764,中国海防,主板,沪市,主板,801740.SI,国防军工,801744.SI,航海装备Ⅱ,航海装备Ⅱ,L,19961104,10899,29.84,18.28,-2.298,50.0,False,True,True,0,0,0,0,True,
600765.SH,600765,600765,中航重机,主板,沪市,主板,801740.SI,国防军工,801742.SI,航空装备Ⅱ,航空装备Ⅱ,L,19961106,10897,29.83,13.46,-1.823,24.242,False,True,True,0,0,0,0,True,
600768.SH,600768,600768,富邦新材,主板,沪市,主板,801050.SI,有色金属,801055.SI,工业金属,工业金属,L,19961111,10892,29.82,15.0,-0.067,6.579,False,True,True,0,0,0,0,True,
600769.SH,600769,600769,祥龙电业,主板,沪市,主板,801970.SI,环保,801971.SI,环境治理,环境治理,L,19961101,10902,29.85,15.37,3.224,13.158,False,True,True,0,0,0,0,True,
600770.SH,600770,600770,综艺股份,主板,沪市,主板,801230.SI,综合,801231.SI,综合Ⅱ,综合Ⅱ,L,19961120,10883,29.8,5.59,10.039,23.077,False,True,True,0,0,0,0,True,
600771.SH,600771,600771,广誉远,主板,沪市,主板,801150.SI,医药生物,801155.SI,中药Ⅱ,中药Ⅱ,L,19961105,10898,29.84,13.86,0.947,8.571,False,True,True,0,0,0,0,True,
600773.SH,600773,600773,西藏城投,主板,沪市,主板,801180.SI,房地产,801181.SI,房地产开发,房地产开发,L,19961108,10895,29.83,10.88,1.304,7.273,False,True,True,0,0,0,0,True,
600774.SH,600774,600774,汉商集团,主板,沪市,主板,801150.SI,医药生物,801151.SI,化学制药,化学制药,L,19961108,10895,29.83,8.0,3.761,19.444,False,True,True,0,0,0,0,True,
600775.SH,600775,600775,南京熊猫,主板,沪市,主板,801770.SI,通信,801102.SI,通信设备,通信设备,L,19961118,10885,29.8,9.88,0.0,8.163,False,True,True,0,0,0,0,True,
600776.SH,600776,600776,东方通信,主板,沪市,主板,801770.SI,通信,801102.SI,通信设备,通信设备,L,19961126,10877,29.78,12.95,-1.069,21.875,False,True,True,0,0,0,0,True,
600778.SH,600778,600778,友好集团,主板,沪市,主板,801200.SI,商贸零售,801203.SI,一般零售,一般零售,L,19961203,10870,29.76,5.95,3.12,14.286,False,True,True,0,0,0,0,True,
600779.SH,600779,600779,水井坊,主板,沪市,主板,801120.SI,食品饮料,801125.SI,白酒Ⅱ,白酒Ⅱ,L,19961206,10867,29.75,27.21,0.074,26.316,False,True,True,0,0,0,0,True,
600780.SH,600780,600780,通宝能源,主板,沪市,主板,801160.SI,公用事业,801161.SI,电力,电力,L,19961205,10868,29.75,6.23,-1.58,19.355,False,True,True,0,0,0,0,True,
600782.SH,600782,600782,新钢股份,主板,沪市,主板,801040.SI,钢铁,801044.SI,普钢,普钢,L,19961225,10848,29.7,2.75,-1.786,10.714,False,True,True,0,0,0,0,True,
600783.SH,600783,600783,鲁信创投,主板,沪市,主板,801890.SI,机械设备,801072.SI,通用设备,通用设备,L,19961225,10848,29.7,16.02,3.022,20.588,False,True,True,0,0,0,0,True,
600784.SH,600784,600784,鲁银投资,主板,沪市,主板,801030.SI,基础化工,801033.SI,化学原料,化学原料,L,19961225,10848,29.7,7.51,-0.923,10.256,False,True,True,0,0,0,0,True,
600785.SH,600785,600785,新华百货,主板,沪市,主板,801200.SI,商贸零售,801203.SI,一般零售,一般零售,L,19970108,10834,29.66,12.54,10.0,7.563,False,True,True,0,0,0,0,True,
600787.SH,600787,600787,中储股份,主板,沪市,主板,801170.SI,交通运输,801178.SI,物流,物流,L,19970121,10821,29.63,4.59,0.0,21.739,False,True,True,0,0,0,0,True,
600789.SH,600789,600789,鲁抗医药,主板,沪市,主板,801150.SI,医药生物,801151.SI,化学制药,化学制药,L,19970226,10785,29.53,7.63,0.66,8.0,False,True,True,0,0,0,0,True,
600790.SH,600790,600790,轻纺城,主板,沪市,主板,801200.SI,商贸零售,801203.SI,一般零售,一般零售,L,19970228,10783,29.52,3.43,0.292,23.529,False,True,True,0,0,0,0,True,
600791.SH,600791,600791,京能置业,主板,沪市,主板,801180.SI,房地产,801181.SI,房地产开发,房地产开发,L,19970130,10812,29.6,8.01,10.027,8.0,False,True,True,0,0,0,0,True,
600792.SH,600792,600792,云煤能源,主板,沪市,主板,801950.SI,煤炭,801952.SI,焦炭Ⅱ,焦炭Ⅱ,L,19970123,10819,29.62,4.06,2.01,20.0,False,True,True,0,0,0,0,True,
600793.SH,600793,600793,宜宾纸业,主板,沪市,主板,801140.SI,轻工制造,801143.SI,造纸,造纸,L,19970220,10791,29.54,15.52,1.904,8.108,False,True,True,0,0,0,0,True,
600794.SH,600794,600794,保税科技,主板,沪市,主板,801170.SI,交通运输,801178.SI,物流,物流,L,19970306,10777,29.51,3.27,0.0,9.677,False,True,True,0,0,0,0,True,
600795.SH,600795,600795,国电电力,主板,沪市,主板,801160.SI,公用事业,801161.SI,电力,电力,L,19970318,10765,29.47,5.28,-1.676,10.204,False,True,True,0,0,0,0,True,
600796.SH,600796,600796,钱江生化,主板,沪市,主板,801970.SI,环保,801971.SI,环境治理,环境治理,L,19970408,10744,29.42,5.26,1.349,7.843,False,True,True,0,0,0,0,True,
600797.SH,600797,600797,浙大网新,主板,沪市,主板,801750.SI,计算机,801103.SI,IT服务Ⅱ,IT服务Ⅱ,L,19970418,10734,29.39,6.88,-1.149,10.0,False,True,True,0,0,0,0,True,
600798.SH,600798,600798,宁波海运,主板,沪市,主板,801170.SI,交通运输,801992.SI,航运港口,航运港口,L,19970423,10729,29.37,3.43,1.78,9.091,False,True,True,0,0,0,0,True,
600800.SH,600800,600800,渤海化学,主板,沪市,主板,801960.SI,石油石化,801963.SI,炼化及贸易,炼化及贸易,L,19931206,11963,32.75,3.45,0.877,11.765,False,True,True,0,0,0,0,True,
600801.SH,600801,600801,华新建材,主板,沪市,主板,801710.SI,建筑材料,801711.SI,水泥,水泥,L,19940103,11935,32.68,24.44,-1.452,26.761,False,True,True,0,0,0,0,True,
600802.SH,600802,600802,福建水泥,主板,沪市,主板,801710.SI,建筑材料,801711.SI,水泥,水泥,L,19940103,11935,32.68,5.22,0.192,26.087,False,True,True,0,0,0,0,True,
600803.SH,600803,600803,新奥股份,主板,沪市,主板,801160.SI,公用事业,801163.SI,燃气Ⅱ,燃气Ⅱ,L,19940103,11935,32.68,19.23,-0.156,27.083,False,True,True,0,0,0,0,True,
600805.SH,600805,600805,悦达投资,主板,沪市,主板,801230.SI,综合,801231.SI,综合Ⅱ,综合Ⅱ,L,19940103,11935,32.68,4.59,1.101,22.727,False,True,True,0,0,0,0,True,
600807.SH,600807,600807,济高发展,主板,沪市,主板,801150.SI,医药生物,801153.SI,医疗器械,医疗器械,L,19940103,11935,32.68,2.69,0.0,11.538,False,True,True,0,0,0,0,True,
600808.SH,600808,600808,马钢股份,主板,沪市,主板,801040.SI,钢铁,801044.SI,普钢,普钢,L,19940106,11932,32.67,2.55,-1.163,46.154,False,True,True,0,0,0,0,True,
600809.SH,600809,600809,山西汾酒,主板,沪市,主板,801120.SI,食品饮料,801125.SI,白酒Ⅱ,白酒Ⅱ,L,19940106,11932,32.67,123.05,0.4,47.059,False,True,True,0,0,0,0,True,
600810.SH,600810,600810,神马股份,主板,沪市,主板,801030.SI,基础化工,801032.SI,化学纤维,化学纤维,L,19940106,11932,32.67,6.51,-0.611,12.5,False,True,True,0,0,0,0,True,
600812.SH,600812,600812,华北制药,主板,沪市,主板,801150.SI,医药生物,801151.SI,化学制药,化学制药,L,19940114,11924,32.65,4.71,0.426,12.245,False,True,True,0,0,0,0,True,
600814.SH,600814,600814,杭州解百,主板,沪市,主板,801200.SI,商贸零售,801203.SI,一般零售,一般零售,L,19940114,11924,32.65,7.62,5.833,17.143,False,True,True,0,0,0,0,True,
600815.SH,600815,600815,厦工股份,主板,沪市,主板,801890.SI,机械设备,801077.SI,工程机械,工程机械,L,19940128,11910,32.61,4.02,-0.985,20.0,False,True,True,0,0,0,0,True,
600816.SH,600816,600816,建元信托,主板,沪市,主板,801790.SI,非银金融,801191.SI,多元金融,多元金融,L,19940128,11910,32.61,2.48,-0.8,16.0,False,True,True,0,0,0,0,True,
600817.SH,600817,600817,宇通重工,主板,沪市,主板,801970.SI,环保,801972.SI,环保设备Ⅱ,环保设备Ⅱ,L,19940128,11910,32.61,9.95,0.201,24.49,False,True,True,0,0,0,0,True,
600819.SH,600819,600819,耀皮玻璃,主板,沪市,主板,801710.SI,建筑材料,801712.SI,玻璃玻纤,玻璃玻纤,L,19940128,11910,32.61,5.86,-2.007,28.07,False,True,True,0,0,0,0,True,
600820.SH,600820,600820,隧道股份,主板,沪市,主板,801720.SI,建筑装饰,801723.SI,基础建设,基础建设,L,19940128,11910,32.61,5.44,-0.183,20.0,False,True,True,0,0,0,0,True,
600821.SH,600821,600821,金开新能,主板,沪市,主板,801160.SI,公用事业,801161.SI,电力,电力,L,19940128,11910,32.61,6.09,0.828,13.115,False,True,True,0,0,0,0,True,
600822.SH,600822,600822,上海物贸,主板,沪市,主板,801880.SI,汽车,801092.SI,汽车服务,汽车服务,L,19940204,11903,32.59,8.79,3.901,25.581,False,True,True,0,0,0,0,True,
600824.SH,600824,600824,益民集团,主板,沪市,主板,801200.SI,商贸零售,801203.SI,一般零售,一般零售,L,19940204,11903,32.59,3.87,2.652,13.889,False,True,True,0,0,0,0,True,
600826.SH,600826,600826,兰生股份,主板,沪市,主板,801210.SI,社会服务,801218.SI,专业服务,专业服务,L,19940204,11903,32.59,7.67,-0.519,21.429,False,True,True,0,0,0,0,True,
600827.SH,600827,600827,百联股份,主板,沪市,主板,801200.SI,商贸零售,801203.SI,一般零售,一般零售,L,19940204,11903,32.59,7.98,1.786,15.385,False,True,True,0,0,0,0,True,
600828.SH,600828,600828,茂业商业,主板,沪市,主板,801200.SI,商贸零售,801203.SI,一般零售,一般零售,L,19940224,11883,32.53,5.08,2.213,32.609,False,True,True,0,0,0,0,True,
600829.SH,600829,600829,人民同泰,主板,沪市,主板,801150.SI,医药生物,801154.SI,医药商业,医药商业,L,19940224,11883,32.53,10.14,0.595,11.765,False,True,True,0,0,0,0,True,
600830.SH,600830,600830,香溢融通,主板,沪市,主板,801790.SI,非银金融,801191.SI,多元金融,多元金融,L,19940224,11883,32.53,9.51,-2.86,12.5,False,True,True,0,0,0,0,True,
600831.SH,600831,600831,广电网络,主板,沪市,主板,801760.SI,传媒,801995.SI,电视广播Ⅱ,电视广播Ⅱ,L,19940224,11883,32.53,3.45,1.471,12.5,False,True,True,0,0,0,0,True,
600833.SH,600833,600833,第一医药,主板,沪市,主板,801150.SI,医药生物,801154.SI,医药商业,医药商业,L,19940224,11883,32.53,10.67,0.471,11.927,False,True,True,0,0,0,0,True,
600834.SH,600834,600834,申通地铁,主板,沪市,主板,801170.SI,交通运输,801179.SI,铁路公路,铁路公路,L,19940224,11883,32.53,7.84,-1.631,23.077,False,True,True,0,0,0,0,True,
600835.SH,600835,600835,上海机电,主板,沪市,主板,801890.SI,机械设备,801074.SI,专用设备,专用设备,L,19940224,11883,32.53,18.5,2.493,31.884,False,True,True,0,0,0,0,True,
600838.SH,600838,600838,上海九百,主板,沪市,主板,801200.SI,商贸零售,801203.SI,一般零售,一般零售,L,19940224,11883,32.53,8.95,4.801,15.476,False,True,True,0,0,0,0,True,
600839.SH,600839,600839,四川长虹,主板,沪市,主板,801110.SI,家用电器,801112.SI,黑色家电,黑色家电,L,19940311,11868,32.49,6.94,-0.144,5.797,False,True,True,0,0,0,0,True,
600841.SH,600841,600841,动力新科,主板,沪市,主板,801880.SI,汽车,801093.SI,汽车零部件,汽车零部件,L,19940311,11868,32.49,5.79,-0.172,31.034,False,True,True,0,0,0,0,True,
600843.SH,600843,600843,上工申贝,主板,沪市,主板,801890.SI,机械设备,801074.SI,专用设备,专用设备,L,19940311,11868,32.49,7.2,0.279,13.043,False,True,True,0,0,0,0,True,
600844.SH,600844,600844,金煤科技,主板,沪市,主板,801030.SI,基础化工,801033.SI,化学原料,化学原料,L,19940311,11868,32.49,3.59,-1.913,10.526,False,True,True,0,0,0,0,True,
600845.SH,600845,600845,宝信软件,主板,沪市,主板,801750.SI,计算机,801103.SI,IT服务Ⅱ,IT服务Ⅱ,L,19940311,11868,32.49,17.23,-1.034,29.787,False,True,True,0,0,0,0,True,
600846.SH,600846,600846,同济科技,主板,沪市,主板,801720.SI,建筑装饰,801726.SI,工程咨询服务Ⅱ,工程咨询服务Ⅱ,L,19940311,11868,32.49,11.83,0.681,18.644,False,True,True,0,0,0,0,True,
600847.SH,600847,600847,万里股份,主板,沪市,主板,801730.SI,电力设备,801737.SI,电池,电池,L,19940324,11855,32.46,12.77,0.71,24.0,False,True,True,0,0,0,0,True,
600848.SH,600848,600848,上海临港,主板,沪市,主板,801180.SI,房地产,801181.SI,房地产开发,房地产开发,L,19940324,11855,32.46,8.6,-0.578,37.931,False,True,True,0,0,0,0,True,
600850.SH,600850,600850,电科数字,主板,沪市,主板,801750.SI,计算机,801103.SI,IT服务Ⅱ,IT服务Ⅱ,L,19940324,11855,32.46,14.44,-1.028,10.0,False,True,True,0,0,0,0,True,
600851.SH,600851,600851,海欣股份,主板,沪市,主板,801150.SI,医药生物,801151.SI,化学制药,化学制药,L,19940404,11844,32.43,8.49,-0.118,12.791,False,True,True,0,0,0,0,True,
600853.SH,600853,600853,龙建股份,主板,沪市,主板,801720.SI,建筑装饰,801723.SI,基础建设,基础建设,L,19940404,11844,32.43,3.37,-0.296,24.242,False,True,True,0,0,0,0,True,
600854.SH,600854,600854,春兰股份,主板,沪市,主板,801180.SI,房地产,801181.SI,房地产开发,房地产开发,L,19940425,11823,32.37,4.75,0.0,13.333,False,True,True,0,0,0,0,True,
600855.SH,600855,600855,航天长峰,主板,沪市,主板,801740.SI,国防军工,801745.SI,军工电子Ⅱ,军工电子Ⅱ,L,19940425,11823,32.37,12.77,-1.92,13.008,False,True,True,0,0,0,0,True,
600857.SH,600857,600857,宁波中百,主板,沪市,主板,801200.SI,商贸零售,801203.SI,一般零售,一般零售,L,19940425,11823,32.37,22.86,10.01,16.832,False,True,True,0,0,0,0,True,
600858.SH,600858,600858,银座股份,主板,沪市,主板,801200.SI,商贸零售,801203.SI,一般零售,一般零售,L,19940506,11812,32.34,5.22,2.554,12.245,False,True,True,0,0,0,0,True,
600859.SH,600859,600859,王府井,主板,沪市,主板,801200.SI,商贸零售,801203.SI,一般零售,一般零售,L,19940506,11812,32.34,10.3,1.678,12.0,False,True,True,0,0,0,0,True,
600860.SH,600860,600860,京城股份,主板,沪市,主板,801890.SI,机械设备,801072.SI,通用设备,通用设备,L,19940506,11812,32.34,8.44,-0.589,11.628,False,True,True,0,0,0,0,True,
600861.SH,600861,600861,北京人力,主板,沪市,主板,801210.SI,社会服务,801218.SI,专业服务,专业服务,L,19940520,11798,32.3,13.05,0.077,31.111,False,True,True,0,0,0,0,True,
600862.SH,600862,600862,中航高科,主板,沪市,主板,801740.SI,国防军工,801742.SI,航空装备Ⅱ,航空装备Ⅱ,L,19940520,11798,32.3,18.16,-2.208,13.043,False,True,True,0,0,0,0,True,
600863.SH,600863,600863,华能蒙电,主板,沪市,主板,801160.SI,公用事业,801161.SI,电力,电力,L,19940520,11798,32.3,4.65,-1.483,10.417,False,True,True,0,0,0,0,True,
600864.SH,600864,600864,哈投股份,主板,沪市,主板,801790.SI,非银金融,801193.SI,证券Ⅱ,证券Ⅱ,L,19940809,11717,32.08,5.71,-1.211,10.714,False,True,True,0,0,0,0,True,
600865.SH,600865,600865,百大集团,主板,沪市,主板,801200.SI,商贸零售,801203.SI,一般零售,一般零售,L,19940809,11717,32.08,12.49,10.044,25.0,False,True,True,0,0,0,0,True,
600866.SH,600866,600866,星湖科技,主板,沪市,主板,801030.SI,基础化工,801034.SI,化学制品,化学制品,L,19940818,11708,32.05,4.42,0.913,9.091,False,True,True,0,0,0,0,True,
600867.SH,600867,600867,通化东宝,主板,沪市,主板,801150.SI,医药生物,801152.SI,生物制品,生物制品,L,19940824,11702,32.04,7.98,-0.499,7.317,False,True,True,0,0,0,0,True,
600868.SH,600868,600868,梅雁吉祥,主板,沪市,主板,801160.SI,公用事业,801161.SI,电力,电力,L,19940912,11683,31.99,2.81,0.0,10.714,False,True,True,0,0,0,0,True,
600869.SH,600869,600869,远东股份,主板,沪市,主板,801730.SI,电力设备,801738.SI,电网设备,电网设备,L,19950206,11536,31.58,20.88,-1.509,15.686,False,True,True,0,0,0,0,True,
600871.SH,600871,600871,石化油服,主板,沪市,主板,801960.SI,石油石化,801962.SI,油服工程,油服工程,L,19950411,11472,31.41,2.23,0.905,22.727,False,True,True,0,0,0,0,True,
600872.SH,600872,600872,中炬高新,主板,沪市,主板,801120.SI,食品饮料,801129.SI,调味发酵品Ⅱ,调味发酵品Ⅱ,L,19950124,11549,31.62,18.45,-0.324,8.696,False,True,True,0,0,0,0,True,
600873.SH,600873,600873,梅花生物,主板,沪市,主板,801030.SI,基础化工,801034.SI,化学制品,化学制品,L,19950217,11525,31.55,7.78,-0.511,21.25,False,True,True,0,0,0,0,True,
600874.SH,600874,600874,创业环保,主板,沪市,主板,801970.SI,环保,801971.SI,环境治理,环境治理,L,19950630,11392,31.19,5.62,0.178,10.714,False,True,True,0,0,0,0,True,
600875.SH,600875,600875,东方电气,主板,沪市,主板,801730.SI,电力设备,801733.SI,其他电源设备Ⅱ,其他电源设备Ⅱ,L,19951010,11290,30.91,24.99,-0.319,10.606,False,True,True,0,0,0,0,True,
600876.SH,600876,600876,凯盛新能,主板,沪市,主板,801710.SI,建筑材料,801712.SI,玻璃玻纤,玻璃玻纤,L,19951031,11269,30.85,7.12,0.993,38.889,False,True,True,0,0,0,0,True,
600877.SH,600877,600877,电科芯片,主板,沪市,主板,801080.SI,电子,801081.SI,半导体,半导体,L,19951013,11287,30.9,11.94,-0.666,33.846,False,True,True,0,0,0,0,True,
600879.SH,600879,600879,航天电子,主板,沪市,主板,801740.SI,国防军工,801741.SI,航天装备Ⅱ,航天装备Ⅱ,L,19951115,11254,30.81,14.26,-0.835,16.0,False,True,True,0,0,0,0,True,
600880.SH,600880,600880,博瑞传播,主板,沪市,主板,801210.SI,社会服务,801994.SI,教育,教育,L,19951115,11254,30.81,4.16,1.216,10.0,False,True,True,0,0,0,0,True,
600881.SH,600881,600881,亚泰集团,主板,沪市,主板,801230.SI,综合,801231.SI,综合Ⅱ,综合Ⅱ,L,19951115,11254,30.81,1.88,1.075,11.111,False,True,True,0,0,0,0,True,
600882.SH,600882,600882,妙可蓝多,主板,沪市,主板,801120.SI,食品饮料,801127.SI,饮料乳品,饮料乳品,L,19951206,11233,30.75,20.86,-1.464,15.385,False,True,True,0,0,0,0,True,
600883.SH,600883,600883,博闻科技,主板,沪市,主板,801010.SI,农林牧渔,801016.SI,种植业,种植业,L,19951208,11231,30.75,8.12,1.754,11.538,False,True,True,0,0,0,0,True,
600884.SH,600884,600884,杉杉股份,主板,沪市,主板,801730.SI,电力设备,801737.SI,电池,电池,L,19960130,11178,30.6,11.55,0.0,10.0,False,True,True,0,0,0,0,True,
600885.SH,600885,600885,宏发股份,主板,沪市,主板,801730.SI,电力设备,801738.SI,电网设备,电网设备,L,19960205,11172,30.59,34.81,-2.548,12.139,False,True,True,0,0,0,0,True,
600886.SH,600886,600886,国投电力,主板,沪市,主板,801160.SI,公用事业,801161.SI,电力,电力,L,19960118,11190,30.64,14.25,0.0,12.409,False,True,True,0,0,0,0,True,
600887.SH,600887,600887,伊利股份,主板,沪市,主板,801120.SI,食品饮料,801127.SI,饮料乳品,饮料乳品,L,19960312,11136,30.49,26.61,-0.931,7.692,False,True,True,0,0,0,0,True,
600888.SH,600888,600888,新疆众和,主板,沪市,主板,801050.SI,有色金属,801055.SI,工业金属,工业金属,L,19960215,11162,30.56,9.98,1.115,6.863,False,True,True,0,0,0,0,True,
600893.SH,600893,600893,航发动力,主板,沪市,主板,801740.SI,国防军工,801742.SI,航空装备Ⅱ,航空装备Ⅱ,L,19960408,11109,30.41,38.98,-2.647,25.532,False,True,True,0,0,0,0,True,
600894.SH,600894,600894,广日股份,主板,沪市,主板,801890.SI,机械设备,801074.SI,专用设备,专用设备,L,19960328,11120,30.44,7.44,0.135,25.316,False,True,True,0,0,0,0,True,
600895.SH,600895,600895,张江高科,主板,沪市,主板,801180.SI,房地产,801181.SI,房地产开发,房地产开发,L,19960422,11095,30.38,29.4,-1.409,12.5,False,True,True,0,0,0,0,True,
600897.SH,600897,600897,厦门空港,主板,沪市,主板,801170.SI,交通运输,801991.SI,航空机场,航空机场,L,19960531,11056,30.27,15.59,0.711,17.105,False,True,True,0,0,0,0,True,
600900.SH,600900,600900,长江电力,主板,沪市,主板,801160.SI,公用事业,801161.SI,电力,电力,L,20031118,8329,22.8,27.85,-2.006,8.889,False,True,True,0,0,0,0,True,
600901.SH,600901,600901,江苏金租,主板,沪市,主板,801790.SI,非银金融,801191.SI,多元金融,多元金融,L,20180301,3112,8.52,6.69,-0.742,10.938,False,True,True,0,0,0,0,True,
600903.SH,600903,600903,贵州燃气,主板,沪市,主板,801160.SI,公用事业,801163.SI,燃气Ⅱ,燃气Ⅱ,L,20171107,3226,8.83,6.59,-2.37,12.121,False,True,True,0,0,0,0,True,
600905.SH,600905,600905,三峡能源,主板,沪市,主板,801160.SI,公用事业,801161.SI,电力,电力,L,20210610,1915,5.24,3.68,0.0,16.216,False,True,True,0,0,0,0,True,
600906.SH,600906,600906,财达证券,主板,沪市,主板,801790.SI,非银金融,801193.SI,证券Ⅱ,证券Ⅱ,L,20210507,1949,5.34,6.5,-2.402,13.433,False,True,True,0,0,0,0,True,
600908.SH,600908,600908,无锡银行,主板,沪市,主板,801780.SI,银行,801785.SI,农商行Ⅱ,农商行Ⅱ,L,20160923,3636,9.95,5.75,-1.033,7.273,False,True,True,0,0,0,0,True,
600909.SH,600909,600909,华安证券,主板,沪市,主板,801790.SI,非银金融,801193.SI,证券Ⅱ,证券Ⅱ,L,20161206,3562,9.75,8.1,-1.818,6.098,False,True,True,0,0,0,0,True,
600916.SH,600916,600916,中国黄金,主板,沪市,主板,801130.SI,纺织服饰,801133.SI,饰品,饰品,L,20210205,2040,5.59,7.91,-1.983,7.5,False,True,True,0,0,0,0,True,
600917.SH,600917,600917,重庆燃气,主板,沪市,主板,801160.SI,公用事业,801163.SI,燃气Ⅱ,燃气Ⅱ,L,20140930,4360,11.94,4.92,0.408,20.833,False,True,True,0,0,0,0,True,
600918.SH,600918,600918,中泰证券,主板,沪市,主板,801790.SI,非银金融,801193.SI,证券Ⅱ,证券Ⅱ,L,20200603,2287,6.26,5.58,-1.587,10.714,False,True,True,0,0,0,0,True,
600919.SH,600919,600919,江苏银行,主板,沪市,主板,801780.SI,银行,801784.SI,城商行Ⅱ,城商行Ⅱ,L,20160802,3688,10.1,12.15,-1.059,16.522,False,True,True,0,0,0,0,True,
600925.SH,600925,600925,苏能股份,主板,沪市,主板,801950.SI,煤炭,801951.SI,煤炭开采,煤炭开采,L,20230329,1258,3.44,4.2,0.0,13.953,False,True,True,0,0,0,0,True,
600926.SH,600926,600926,杭州银行,主板,沪市,主板,801780.SI,银行,801784.SI,城商行Ⅱ,城商行Ⅱ,L,20161027,3602,9.86,17.04,-1.217,11.656,False,True,True,0,0,0,0,True,
600927.SH,600927,600927,永安期货,主板,沪市,主板,801790.SI,非银金融,801191.SI,多元金融,多元金融,L,20211223,1719,4.71,12.71,-1.32,20.588,False,True,True,0,0,0,0,True,
600928.SH,600928,600928,西安银行,主板,沪市,主板,801780.SI,银行,801784.SI,城商行Ⅱ,城商行Ⅱ,L,20190301,2747,7.52,3.51,-1.955,8.571,False,True,True,0,0,0,0,True,
600933.SH,600933,600933,爱柯迪,主板,沪市,主板,801880.SI,汽车,801093.SI,汽车零部件,汽车零部件,L,20171117,3216,8.8,13.59,0.966,23.022,False,True,True,0,0,0,0,True,
600935.SH,600935,600935,华塑股份,主板,沪市,主板,801030.SI,基础化工,801033.SI,化学原料,化学原料,L,20211126,1746,4.78,2.33,0.431,25.0,False,True,True,0,0,0,0,True,
600936.SH,600936,600936,北投科技,主板,沪市,主板,801760.SI,传媒,801995.SI,电视广播Ⅱ,电视广播Ⅱ,L,20160815,3675,10.06,5.37,-1.468,13.462,False,True,True,0,0,0,0,True,
600938.SH,600938,600938,中国海油,主板,沪市,主板,801960.SI,石油石化,801961.SI,油气开采Ⅱ,油气开采Ⅱ,L,20220421,1600,4.38,33.12,-0.868,13.761,False,True,True,0,0,0,0,True,
600939.SH,600939,600939,重庆建工,主板,沪市,主板,801720.SI,建筑装饰,801721.SI,房屋建设Ⅱ,房屋建设Ⅱ,L,20170221,3485,9.54,2.69,-0.37,25.926,False,True,True,0,0,0,0,True,
600941.SH,600941,600941,中国移动,主板,沪市,主板,801770.SI,通信,801223.SI,通信服务,通信服务,L,20220105,1706,4.67,98.7,-1.595,7.299,False,True,True,0,0,0,0,True,
600955.SH,600955,600955,维远股份,主板,沪市,主板,801030.SI,基础化工,801033.SI,化学原料,化学原料,L,20210915,1818,4.98,12.69,0.0,45.238,False,True,True,0,0,0,0,True,
600956.SH,600956,600956,新天绿能,主板,沪市,主板,801160.SI,公用事业,801161.SI,电力,电力,L,20200629,2261,6.19,7.15,0.0,27.5,False,True,True,0,0,0,0,True,
600958.SH,600958,600958,东方证券,主板,沪市,主板,801790.SI,非银金融,801193.SI,证券Ⅱ,证券Ⅱ,L,20150323,4186,11.46,9.18,-0.971,10.0,False,True,True,0,0,0,4,True,
600959.SH,600959,600959,江苏有线,主板,沪市,主板,801760.SI,传媒,801995.SI,电视广播Ⅱ,电视广播Ⅱ,L,20150428,4150,11.36,3.17,0.955,33.333,False,True,True,0,0,0,0,True,
600960.SH,600960,600960,渤海汽车,主板,沪市,主板,801880.SI,汽车,801093.SI,汽车零部件,汽车零部件,L,20040407,8188,22.42,4.03,-0.247,15.0,False,True,True,0,0,0,0,True,
600961.SH,600961,600961,株冶集团,主板,沪市,主板,801050.SI,有色金属,801055.SI,工业金属,工业金属,L,20040830,8043,22.02,25.25,-0.473,8.889,False,True,True,0,0,0,0,True,
600962.SH,600962,600962,国投中鲁,主板,沪市,主板,801010.SI,农林牧渔,801012.SI,农产品加工,农产品加工,L,20040622,8112,22.21,25.22,-2.21,12.403,False,True,True,0,0,0,0,True,
600963.SH,600963,600963,岳阳林纸,主板,沪市,主板,801140.SI,轻工制造,801143.SI,造纸,造纸,L,20040525,8140,22.29,3.48,1.458,11.765,False,True,True,0,0,0,0,True,
600966.SH,600966,600966,博汇纸业,主板,沪市,主板,801140.SI,轻工制造,801143.SI,造纸,造纸,L,20040608,8126,22.25,4.83,1.258,32.653,False,True,True,0,0,0,0,True,
600967.SH,600967,600967,内蒙一机,主板,沪市,主板,801740.SI,国防军工,801743.SI,地面兵装Ⅱ,地面兵装Ⅱ,L,20040518,8147,22.31,13.34,-2.343,20.455,False,True,True,0,0,0,0,True,
600968.SH,600968,600968,海油发展,主板,沪市,主板,801960.SI,石油石化,801962.SI,油服工程,油服工程,L,20190626,2630,7.2,3.9,-1.266,27.5,False,True,True,0,0,0,0,True,
600969.SH,600969,600969,郴电国际,主板,沪市,主板,801160.SI,公用事业,801161.SI,电力,电力,L,20040408,8187,22.41,10.27,0.884,16.832,False,True,True,0,0,0,0,True,
600970.SH,600970,600970,中材国际,主板,沪市,主板,801720.SI,建筑装饰,801724.SI,专业工程,专业工程,L,20050412,7818,21.4,7.75,-0.641,27.848,False,True,True,0,0,0,0,True,
600971.SH,600971,600971,恒源煤电,主板,沪市,主板,801950.SI,煤炭,801951.SI,煤炭开采,煤炭开采,L,20040817,8056,22.06,8.71,-2.573,17.857,False,True,True,0,0,0,0,True,
600973.SH,600973,600973,宝胜股份,主板,沪市,主板,801730.SI,电力设备,801738.SI,电网设备,电网设备,L,20040802,8071,22.1,6.03,-0.659,17.742,False,True,True,0,0,0,0,True,
600975.SH,600975,600975,新五丰,主板,沪市,主板,801010.SI,农林牧渔,801017.SI,养殖业,养殖业,L,20040609,8125,22.25,5.9,5.546,19.608,False,True,True,0,0,0,0,True,
600976.SH,600976,600976,健民集团,主板,沪市,主板,801150.SI,医药生物,801155.SI,中药Ⅱ,中药Ⅱ,L,20040419,8176,22.38,27.89,-0.57,8.451,False,True,True,0,0,0,0,True,
600977.SH,600977,600977,中国电影,主板,沪市,主板,801760.SI,传媒,801766.SI,影视院线,影视院线,L,20160809,3681,10.08,13.02,2.6,11.905,False,True,True,0,0,0,0,True,
600979.SH,600979,600979,广安爱众,主板,沪市,主板,801160.SI,公用事业,801161.SI,电力,电力,L,20040906,8036,22.0,3.94,-0.505,7.5,False,True,True,0,0,0,0,True,
600980.SH,600980,600980,北矿科技,主板,沪市,主板,801890.SI,机械设备,801074.SI,专用设备,专用设备,L,20040512,8153,22.32,19.37,0.467,19.474,False,True,True,0,0,0,0,True,
600981.SH,600981,600981,苏豪汇鸿,主板,沪市,主板,801200.SI,商贸零售,801202.SI,贸易Ⅱ,贸易Ⅱ,L,20040630,8104,22.19,2.49,0.403,25.0,False,True,True,0,0,0,0,True,
600982.SH,600982,600982,宁波能源,主板,沪市,主板,801160.SI,公用事业,801161.SI,电力,电力,L,20040706,8098,22.17,4.83,-1.025,6.0,False,True,True,0,0,0,0,True,
600983.SH,600983,600983,惠而浦,主板,沪市,主板,801110.SI,家用电器,801111.SI,白色家电,白色家电,L,20040727,8077,22.11,7.58,-0.394,34.524,False,True,True,0,0,0,0,True,
600985.SH,600985,600985,淮北矿业,主板,沪市,主板,801950.SI,煤炭,801951.SI,煤炭开采,煤炭开采,L,20040428,8167,22.36,16.72,-1.878,25.309,False,True,True,0,0,0,0,True,
600986.SH,600986,600986,浙文互联,主板,沪市,主板,801760.SI,传媒,801765.SI,广告营销,广告营销,L,20040426,8169,22.37,7.52,-0.529,11.842,False,True,True,0,0,0,0,True,
600987.SH,600987,600987,航民股份,主板,沪市,主板,801130.SI,纺织服饰,801131.SI,纺织制造,纺织制造,L,20040809,8064,22.08,6.53,0.153,13.636,False,True,True,0,0,0,0,True,
600988.SH,600988,600988,赤峰黄金,主板,沪市,主板,801050.SI,有色金属,801053.SI,贵金属,贵金属,L,20040414,8181,22.4,44.48,-2.648,17.391,False,True,True,0,0,0,0,True,
600989.SH,600989,600989,宝丰能源,主板,沪市,主板,801030.SI,基础化工,801033.SI,化学原料,化学原料,L,20190516,2671,7.31,23.41,-4.057,22.368,False,True,True,0,0,0,0,True,
600990.SH,600990,600990,四创电子,主板,沪市,主板,801740.SI,国防军工,801745.SI,军工电子Ⅱ,军工电子Ⅱ,L,20040510,8155,22.33,18.62,-1.429,13.043,False,True,True,0,0,0,0,True,
600992.SH,600992,600992,贵绳股份,主板,沪市,主板,801890.SI,机械设备,801072.SI,通用设备,通用设备,L,20040514,8151,22.32,10.03,0.501,8.163,False,True,True,0,0,0,0,True,
600993.SH,600993,600993,马应龙,主板,沪市,主板,801150.SI,医药生物,801155.SI,中药Ⅱ,中药Ⅱ,L,20040517,8148,22.31,22.85,-0.911,6.494,False,True,True,0,0,0,0,True,
600995.SH,600995,600995,南网储能,主板,沪市,主板,801160.SI,公用事业,801161.SI,电力,电力,L,20040615,8119,22.23,12.4,-0.641,24.242,False,True,True,0,0,0,0,True,
600996.SH,600996,600996,贵广网络,主板,沪市,主板,801760.SI,传媒,801995.SI,电视广播Ⅱ,电视广播Ⅱ,L,20161226,3542,9.7,7.1,0.282,30.435,False,True,True,0,0,0,0,True,
600997.SH,600997,600997,开滦股份,主板,沪市,主板,801950.SI,煤炭,801951.SI,煤炭开采,煤炭开采,L,20040602,8132,22.26,5.41,-1.815,17.857,False,True,True,0,0,0,0,True,
600998.SH,600998,600998,九州通,主板,沪市,主板,801150.SI,医药生物,801154.SI,医药商业,医药商业,L,20101102,5788,15.85,5.07,0.396,6.0,False,True,True,0,0,0,0,True,
600999.SH,600999,600999,招商证券,主板,沪市,主板,801790.SI,非银金融,801193.SI,证券Ⅱ,证券Ⅱ,L,20091117,6138,16.8,18.07,-2.535,19.565,False,True,True,0,0,0,0,True,
601000.SH,601000,601000,唐山港,主板,沪市,主板,801170.SI,交通运输,801992.SI,航运港口,航运港口,L,20100705,5908,16.18,4.55,-2.985,15.556,False,True,True,0,0,0,0,True,
601001.SH,601001,601001,晋控煤业,主板,沪市,主板,801950.SI,煤炭,801951.SI,煤炭开采,煤炭开采,L,20060623,7381,20.21,16.38,-2.616,12.644,False,True,True,0,0,0,0,True,
601002.SH,601002,601002,晋亿实业,主板,沪市,主板,801890.SI,机械设备,801072.SI,通用设备,通用设备,L,20070126,7164,19.61,5.36,-0.741,11.538,False,True,True,0,0,0,0,True,
601003.SH,601003,601003,柳钢股份,主板,沪市,主板,801040.SI,钢铁,801044.SI,普钢,普钢,L,20070227,7132,19.53,3.74,-0.796,33.333,False,True,True,0,0,0,5,True,
601005.SH,601005,601005,重庆钢铁,主板,沪市,主板,801040.SI,钢铁,801044.SI,普钢,普钢,L,20070228,7131,19.52,1.2,0.0,25.0,False,True,True,0,0,0,0,True,
601006.SH,601006,601006,大秦铁路,主板,沪市,主板,801170.SI,交通运输,801179.SI,铁路公路,铁路公路,L,20060801,7342,20.1,4.79,-0.828,10.204,False,True,True,0,0,0,0,True,
601007.SH,601007,601007,金陵饭店,主板,沪市,主板,801210.SI,社会服务,801219.SI,酒店餐饮,酒店餐饮,L,20070406,7094,19.42,7.24,1.972,12.121,False,True,True,0,0,0,0,True,
601008.SH,601008,601008,连云港,主板,沪市,主板,801170.SI,交通运输,801992.SI,航运港口,航运港口,L,20070426,7074,19.37,4.49,0.447,13.636,False,True,True,0,0,0,0,True,
601009.SH,601009,601009,南京银行,主板,沪市,主板,801780.SI,银行,801784.SI,城商行Ⅱ,城商行Ⅱ,L,20070719,6990,19.14,11.93,-0.417,12.613,False,True,True,0,0,0,0,True,
601011.SH,601011,601011,宝泰隆,主板,沪市,主板,801950.SI,煤炭,801952.SI,焦炭Ⅱ,焦炭Ⅱ,L,20110309,5661,15.5,2.88,-0.69,10.0,False,True,True,0,0,0,0,True,
601012.SH,601012,601012,隆基绿能,主板,沪市,主板,801730.SI,电力设备,801735.SI,光伏设备,光伏设备,L,20120411,5262,14.41,11.88,0.935,15.625,False,True,True,0,0,0,0,True,
601015.SH,601015,601015,陕西黑猫,主板,沪市,主板,801950.SI,煤炭,801952.SI,焦炭Ⅱ,焦炭Ⅱ,L,20141105,4324,11.84,3.62,-1.362,13.514,False,True,True,0,0,0,0,True,
601016.SH,601016,601016,节能风电,主板,沪市,主板,801160.SI,公用事业,801161.SI,电力,电力,L,20140929,4361,11.94,3.33,-0.299,11.429,False,True,True,0,0,0,0,True,
601018.SH,601018,601018,宁波港,主板,沪市,主板,801170.SI,交通运输,801992.SI,航运港口,航运港口,L,20100928,5823,15.94,3.46,-0.288,22.857,False,True,True,0,0,0,0,True,
601019.SH,601019,601019,山东出版,主板,沪市,主板,801760.SI,传媒,801769.SI,出版,出版,L,20171122,3211,8.79,7.15,0.421,27.397,False,True,True,0,0,0,0,True,
601020.SH,601020,601020,华钰矿业,主板,沪市,主板,801050.SI,有色金属,801055.SI,工业金属,工业金属,L,20160316,3827,10.48,22.0,-2.698,6.667,False,True,True,0,0,0,0,True,
601021.SH,601021,601021,春秋航空,主板,沪市,主板,801170.SI,交通运输,801991.SI,航空机场,航空机场,L,20150121,4247,11.63,44.22,0.752,9.211,False,True,True,0,0,0,0,True,
601022.SH,601022,601022,宁波远洋,主板,沪市,主板,801170.SI,交通运输,801992.SI,航运港口,航运港口,L,20221208,1369,3.75,8.39,0.479,10.0,False,True,True,0,0,0,0,True,
601033.SH,601033,601033,永兴股份,主板,沪市,主板,801970.SI,环保,801971.SI,环境治理,环境治理,L,20240118,963,2.64,14.57,-0.41,4.861,False,True,True,0,0,0,0,True,
601038.SH,601038,601038,一拖股份,主板,沪市,主板,801890.SI,机械设备,801074.SI,专用设备,专用设备,L,20120808,5143,14.08,14.82,1.576,17.391,False,True,True,0,0,0,0,True,
601058.SH,601058,601058,赛轮轮胎,主板,沪市,主板,801880.SI,汽车,801093.SI,汽车零部件,汽车零部件,L,20110630,5548,15.19,14.35,-6.575,21.168,False,True,True,0,0,0,0,True,
601059.SH,601059,601059,信达证券,主板,沪市,主板,801790.SI,非银金融,801193.SI,证券Ⅱ,证券Ⅱ,L,20230201,1314,3.6,17.05,-0.409,13.462,False,True,True,0,0,0,0,True,
601061.SH,601061,601061,中信金属,主板,沪市,主板,801200.SI,商贸零售,801202.SI,贸易Ⅱ,贸易Ⅱ,L,20230410,1246,3.41,11.33,-1.82,24.37,False,True,True,0,0,0,0,True,
601065.SH,601065,601065,江盐集团,主板,沪市,主板,801030.SI,基础化工,801033.SI,化学原料,化学原料,L,20230410,1246,3.41,6.88,0.0,7.353,False,True,True,0,0,0,0,True,
601066.SH,601066,601066,中信建投,主板,沪市,主板,801790.SI,非银金融,801193.SI,证券Ⅱ,证券Ⅱ,L,20180620,3001,8.22,24.85,-1.701,19.231,False,True,True,0,0,0,0,True,
601068.SH,601068,601068,中铝国际,主板,沪市,主板,801720.SI,建筑装饰,801724.SI,专业工程,专业工程,L,20180831,2929,8.02,4.53,-0.44,35.294,False,True,True,0,0,0,0,True,
601069.SH,601069,601069,西部黄金,主板,沪市,主板,801050.SI,有色金属,801053.SI,贵金属,贵金属,L,20150122,4246,11.62,29.4,-2.0,15.0,False,True,True,0,0,0,0,True,
601077.SH,601077,601077,渝农商行,主板,沪市,主板,801780.SI,银行,801785.SI,农商行Ⅱ,农商行Ⅱ,L,20191029,2505,6.86,6.73,-2.746,10.606,False,True,True,0,0,0,0,True,
601083.SH,601083,601083,锦江航运,主板,沪市,主板,801170.SI,交通运输,801992.SI,航运港口,航运港口,L,20231205,1007,2.76,13.14,-0.68,4.615,False,True,True,0,0,0,0,True,
601086.SH,601086,601086,国芳集团,主板,沪市,主板,801200.SI,商贸零售,801203.SI,一般零售,一般零售,L,20170929,3265,8.94,13.92,10.04,47.009,False,True,True,0,0,0,0,True,
601088.SH,601088,601088,中国神华,主板,沪市,主板,801950.SI,煤炭,801951.SI,煤炭开采,煤炭开采,L,20071009,6908,18.91,46.09,-3.193,71.429,False,True,True,0,0,0,0,True,
601089.SH,601089,601089,福元医药,主板,沪市,主板,801150.SI,医药生物,801151.SI,化学制药,化学制药,L,20220630,1530,4.19,16.08,-1.228,35.227,False,True,True,0,0,0,0,True,
601096.SH,601096,601096,宏盛华源,主板,沪市,主板,801720.SI,建筑装饰,801724.SI,专业工程,专业工程,L,20231222,990,2.71,4.17,-0.477,16.279,False,True,True,0,0,0,0,True,
601098.SH,601098,601098,中南传媒,主板,沪市,主板,801760.SI,传媒,801769.SI,出版,出版,L,20101028,5793,15.86,10.23,0.689,11.538,False,True,True,0,0,0,0,True,
601099.SH,601099,601099,太平洋,主板,沪市,主板,801790.SI,非银金融,801193.SI,证券Ⅱ,证券Ⅱ,L,20071228,6828,18.69,3.53,-1.397,5.714,False,True,True,0,0,0,0,True,
601100.SH,601100,601100,恒立液压,主板,沪市,主板,801890.SI,机械设备,801077.SI,工程机械,工程机械,L,20111028,5428,14.86,101.03,2.02,17.073,False,True,True,0,0,0,0,True,
601101.SH,601101,601101,昊华能源,主板,沪市,主板,801950.SI,煤炭,801951.SI,煤炭开采,煤炭开采,L,20100331,6004,16.44,13.37,-3.535,18.382,False,True,True,0,0,0,0,True,
601106.SH,601106,601106,中国一重,主板,沪市,主板,801890.SI,机械设备,801074.SI,专用设备,专用设备,L,20100209,6054,16.57,3.01,-0.66,46.875,False,True,True,0,0,0,0,True,
601107.SH,601107,601107,四川成渝,主板,沪市,主板,801170.SI,交通运输,801179.SI,铁路公路,铁路公路,L,20090727,6251,17.11,5.79,0.0,12.5,False,True,True,0,0,0,0,True,
601108.SH,601108,601108,财通证券,主板,沪市,主板,801790.SI,非银金融,801193.SI,证券Ⅱ,证券Ⅱ,L,20171024,3240,8.87,8.51,-2.743,6.977,False,True,True,0,0,0,0,True,
601111.SH,601111,601111,中国国航,主板,沪市,主板,801170.SI,交通运输,801991.SI,航空机场,航空机场,L,20060818,7325,20.05,5.86,0.0,29.032,False,True,True,0,0,0,0,True,
601113.SH,601113,601113,华鼎股份,主板,沪市,主板,801030.SI,基础化工,801032.SI,化学纤维,化学纤维,L,20110509,5600,15.33,3.48,0.288,34.286,False,True,True,0,0,0,0,True,
601116.SH,601116,601116,三江购物,主板,沪市,主板,801200.SI,商贸零售,801203.SI,一般零售,一般零售,L,20110302,5668,15.52,11.84,4.225,10.714,False,True,True,0,0,0,0,True,
601117.SH,601117,601117,中国化学,主板,沪市,主板,801720.SI,建筑装饰,801724.SI,专业工程,专业工程,L,20100107,6087,16.67,7.32,-1.348,8.0,False,True,True,0,0,0,0,True,
601118.SH,601118,601118,海南橡胶,主板,沪市,主板,801010.SI,农林牧渔,801016.SI,种植业,种植业,L,20110107,5722,15.67,7.2,2.418,27.692,False,True,True,0,0,0,0,True,
601121.SH,601121,601121,宝地矿业,主板,沪市,主板,801040.SI,钢铁,801043.SI,冶钢原料,冶钢原料,L,20230310,1277,3.5,7.24,0.0,13.889,False,True,True,0,0,0,0,True,
601126.SH,601126,601126,四方股份,主板,沪市,主板,801730.SI,电力设备,801738.SI,电网设备,电网设备,L,20101231,5729,15.69,41.29,0.83,14.583,False,True,True,0,0,0,0,True,
601127.SH,601127,601127,赛力斯,主板,沪市,主板,801880.SI,汽车,801095.SI,乘用车,乘用车,L,20160615,3736,10.23,49.24,-0.565,30.303,False,True,True,0,0,0,0,True,
601128.SH,601128,601128,常熟银行,主板,沪市,主板,801780.SI,银行,801785.SI,农商行Ⅱ,农商行Ⅱ,L,20160930,3629,9.94,6.33,-1.402,4.762,False,True,True,0,0,0,0,True,
601133.SH,601133,601133,柏诚股份,主板,沪市,主板,801720.SI,建筑装饰,801724.SI,专业工程,专业工程,L,20230410,1246,3.41,23.67,1.675,19.231,False,True,True,0,0,0,0,True,
601136.SH,601136,601136,首创证券,主板,沪市,主板,801790.SI,非银金融,801193.SI,证券Ⅱ,证券Ⅱ,L,20221222,1355,3.71,15.64,0.643,12.587,False,True,True,0,0,0,0,True,
601137.SH,601137,601137,博威合金,主板,沪市,主板,801050.SI,有色金属,801051.SI,金属新材料,金属新材料,L,20110127,5702,15.61,20.7,0.583,22.449,False,True,True,0,0,0,0,True,
601138.SH,601138,601138,工业富联,主板,沪市,主板,801080.SI,电子,801085.SI,消费电子,消费电子,L,20180608,3013,8.25,66.57,4.522,23.457,False,True,True,0,0,0,0,True,
601139.SH,601139,601139,深圳燃气,主板,沪市,主板,801160.SI,公用事业,801163.SI,燃气Ⅱ,燃气Ⅱ,L,20091225,6100,16.7,6.41,-0.62,12.5,False,True,True,0,0,0,0,True,
601155.SH,601155,601155,新城控股,主板,沪市,主板,801180.SI,房地产,801181.SI,房地产开发,房地产开发,L,20151204,3930,10.76,12.15,-0.082,34.483,False,True,True,0,0,0,0,True,
601156.SH,601156,601156,东航物流,主板,沪市,主板,801170.SI,交通运输,801178.SI,物流,物流,L,20210609,1916,5.25,18.96,-1.506,18.235,False,True,True,0,0,0,0,True,
601158.SH,601158,601158,重庆水务,主板,沪市,主板,801970.SI,环保,801971.SI,环境治理,环境治理,L,20100329,6006,16.44,4.1,-0.485,17.778,False,True,True,0,0,0,0,True,
601162.SH,601162,601162,天风证券,主板,沪市,主板,801790.SI,非银金融,801193.SI,证券Ⅱ,证券Ⅱ,L,20181019,2880,7.89,3.76,-1.828,5.405,False,True,True,0,0,0,0,True,
601163.SH,601163,601163,三角轮胎,主板,沪市,主板,801880.SI,汽车,801093.SI,汽车零部件,汽车零部件,L,20160909,3650,9.99,12.36,-0.643,15.909,False,True,True,0,0,0,0,True,
601166.SH,601166,601166,兴业银行,主板,沪市,主板,801780.SI,银行,801783.SI,股份制银行Ⅱ,股份制银行Ⅱ,L,20070205,7154,19.59,18.05,-0.933,12.222,False,True,True,0,0,0,0,True,
601168.SH,601168,601168,西部矿业,主板,沪市,主板,801050.SI,有色金属,801055.SI,工业金属,工业金属,L,20070712,6997,19.16,38.63,-0.412,11.458,False,True,True,0,0,0,0,True,
601169.SH,601169,601169,北京银行,主板,沪市,主板,801780.SI,银行,801784.SI,城商行Ⅱ,城商行Ⅱ,L,20070919,6928,18.97,5.48,-2.143,11.765,False,True,True,0,0,0,0,True,
601177.SH,601177,601177,杭齿前进,主板,沪市,主板,801890.SI,机械设备,801072.SI,通用设备,通用设备,L,20101011,5810,15.91,13.91,-0.501,12.5,False,True,True,0,0,0,0,True,
601179.SH,601179,601179,中国西电,主板,沪市,主板,801730.SI,电力设备,801738.SI,电网设备,电网设备,L,20100128,6066,16.61,12.51,-0.714,11.852,False,True,True,0,0,0,0,True,
601186.SH,601186,601186,中国铁建,主板,沪市,主板,801720.SI,建筑装饰,801723.SI,基础建设,基础建设,L,20080310,6755,18.49,6.07,-0.655,25.0,False,True,True,0,0,0,0,True,
601187.SH,601187,601187,厦门银行,主板,沪市,主板,801780.SI,银行,801784.SI,城商行Ⅱ,城商行Ⅱ,L,20201027,2141,5.86,7.1,-1.389,8.219,False,True,True,0,0,0,0,True,
601188.SH,601188,601188,龙江交通,主板,沪市,主板,801170.SI,交通运输,801179.SI,铁路公路,铁路公路,L,20100319,6016,16.47,2.94,-0.339,13.793,False,True,True,0,0,0,0,True,
601198.SH,601198,601198,东兴证券,主板,沪市,主板,801790.SI,非银金融,801193.SI,证券Ⅱ,证券Ⅱ,L,20150226,4211,11.53,14.0,-1.2,8.889,False,True,True,0,0,0,0,True,
601199.SH,601199,601199,江南水务,主板,沪市,主板,801970.SI,环保,801971.SI,环境治理,环境治理,L,20110317,5653,15.48,5.79,-1.026,13.333,False,True,True,0,0,0,0,True,
601200.SH,601200,601200,上海环境,主板,沪市,主板,801970.SI,环保,801971.SI,环境治理,环境治理,L,20170331,3447,9.44,6.94,-0.287,22.535,False,True,True,0,0,0,0,True,
601208.SH,601208,601208,东材科技,主板,沪市,主板,801030.SI,基础化工,801036.SI,塑料,塑料,L,20110520,5589,15.3,49.18,6.612,10.0,False,True,True,0,0,0,0,True,
601211.SH,601211,601211,国泰海通,主板,沪市,主板,801790.SI,非银金融,801193.SI,证券Ⅱ,证券Ⅱ,L,20150626,4091,11.2,17.48,-2.182,17.416,False,True,True,0,0,0,0,True,
601212.SH,601212,601212,白银有色,主板,沪市,主板,801050.SI,有色金属,801055.SI,工业金属,工业金属,L,20170215,3491,9.56,7.0,-4.11,21.429,False,True,True,0,0,0,0,True,
601216.SH,601216,601216,君正集团,主板,沪市,主板,801030.SI,基础化工,801033.SI,化学原料,化学原料,L,20110222,5676,15.54,4.78,-0.83,14.894,False,True,True,0,0,0,0,True,
601218.SH,601218,601218,吉鑫科技,主板,沪市,主板,801730.SI,电力设备,801736.SI,风电设备,风电设备,L,20110506,5603,15.34,4.49,-0.222,6.667,False,True,True,0,0,0,0,True,
601222.SH,601222,601222,林洋能源,主板,沪市,主板,801160.SI,公用事业,801161.SI,电力,电力,L,20110808,5509,15.08,5.96,0.506,13.559,False,True,True,0,0,0,0,True,
601225.SH,601225,601225,陕西煤业,主板,沪市,主板,801950.SI,煤炭,801951.SI,煤炭开采,煤炭开采,L,20140128,4605,12.61,25.69,-2.096,23.256,False,True,True,0,0,0,0,True,
601226.SH,601226,601226,华电科工,主板,沪市,主板,801720.SI,建筑装饰,801724.SI,专业工程,专业工程,L,20141211,4288,11.74,6.47,-0.154,43.75,False,True,True,0,0,0,0,True,
601228.SH,601228,601228,广州港,主板,沪市,主板,801170.SI,交通运输,801992.SI,航运港口,航运港口,L,20170329,3449,9.44,3.11,-0.321,12.5,False,True,True,0,0,0,0,True,
601229.SH,601229,601229,上海银行,主板,沪市,主板,801780.SI,银行,801784.SI,城商行Ⅱ,城商行Ⅱ,L,20161116,3582,9.81,9.48,-1.353,12.903,False,True,True,0,0,0,0,True,
601231.SH,601231,601231,环旭电子,主板,沪市,主板,801080.SI,电子,801085.SI,消费电子,消费电子,L,20120220,5313,14.55,26.0,5.136,45.455,False,True,True,0,0,0,0,True,
601233.SH,601233,601233,桐昆股份,主板,沪市,主板,801960.SI,石油石化,801963.SI,炼化及贸易,炼化及贸易,L,20110518,5591,15.31,24.92,-4.154,22.785,False,True,True,0,0,0,0,True,
601236.SH,601236,601236,红塔证券,主板,沪市,主板,801790.SI,非银金融,801193.SI,证券Ⅱ,证券Ⅱ,L,20190705,2621,7.18,7.01,-1.407,24.324,False,True,True,0,0,0,0,True,
601238.SH,601238,601238,广汽集团,主板,沪市,主板,801880.SI,汽车,801095.SI,乘用车,乘用车,L,20120329,5275,14.44,5.14,-0.58,58.571,False,True,True,0,0,0,0,True,
601279.SH,601279,601279,英利汽车,主板,沪市,主板,801880.SI,汽车,801093.SI,汽车零部件,汽车零部件,L,20210415,1971,5.4,3.43,1.18,41.176,False,True,True,0,0,0,0,True,
601288.SH,601288,601288,农业银行,主板,沪市,主板,801780.SI,银行,801782.SI,国有大型银行Ⅱ,国有大型银行Ⅱ,L,20100715,5898,16.15,6.81,-2.155,24.658,False,True,True,0,0,0,0,True,
601298.SH,601298,601298,青岛港,主板,沪市,主板,801170.SI,交通运输,801992.SI,航运港口,航运港口,L,20190121,2786,7.63,9.28,0.76,14.286,False,True,True,0,0,0,0,True,
601311.SH,601311,601311,骆驼股份,主板,沪市,主板,801730.SI,电力设备,801737.SI,电池,电池,L,20110602,5576,15.27,7.68,0.261,17.949,False,True,True,0,0,0,0,True,
601318.SH,601318,601318,中国平安,主板,沪市,主板,801790.SI,非银金融,801194.SI,保险Ⅱ,保险Ⅱ,L,20070301,7130,19.52,56.36,-3.228,15.73,False,True,True,0,0,0,0,True,
601319.SH,601319,601319,中国人保,主板,沪市,主板,801790.SI,非银金融,801194.SI,保险Ⅱ,保险Ⅱ,L,20181116,2852,7.81,7.85,-1.752,38.889,False,True,True,0,0,0,0,True,
601326.SH,601326,601326,秦港股份,主板,沪市,主板,801170.SI,交通运输,801992.SI,航运港口,航运港口,L,20170816,3309,9.06,3.54,-1.117,8.824,False,True,True,0,0,0,0,True,
601328.SH,601328,601328,交通银行,主板,沪市,主板,801780.SI,银行,801782.SI,国有大型银行Ⅱ,国有大型银行Ⅱ,L,20070515,7055,19.32,7.32,-1.348,11.765,False,True,True,0,0,0,0,True,
601330.SH,601330,601330,绿色动力,主板,沪市,主板,801970.SI,环保,801971.SI,环境治理,环境治理,L,20180611,3010,8.24,8.01,1.136,15.584,False,True,True,0,0,0,0,True,
601333.SH,601333,601333,广深铁路,主板,沪市,主板,801170.SI,交通运输,801179.SI,铁路公路,铁路公路,L,20061222,7199,19.71,3.14,0.32,6.667,False,True,True,0,0,0,0,True,
601336.SH,601336,601336,新华保险,主板,沪市,主板,801790.SI,非银金融,801194.SI,保险Ⅱ,保险Ⅱ,L,20111216,5379,14.73,60.68,-2.522,6.977,False,True,True,0,0,0,0,True,
601339.SH,601339,601339,百隆东方,主板,沪市,主板,801130.SI,纺织服饰,801131.SI,纺织制造,纺织制造,L,20120612,5200,14.24,7.44,-1.064,16.0,False,True,True,0,0,0,0,True,
601360.SH,601360,601360,三六零,主板,沪市,主板,801750.SI,计算机,801104.SI,软件开发,软件开发,L,20120116,5348,14.64,8.97,-0.111,20.0,False,True,True,0,0,0,0,True,
601366.SH,601366,601366,利群股份,主板,沪市,主板,801200.SI,商贸零售,801203.SI,一般零售,一般零售,L,20170412,3435,9.4,3.88,2.105,13.889,False,True,True,0,0,0,0,True,
601368.SH,601368,601368,绿城水务,主板,沪市,主板,801970.SI,环保,801971.SI,环境治理,环境治理,L,20150612,4105,11.24,4.52,-0.221,15.556,False,True,True,0,0,0,0,True,
601375.SH,601375,601375,中原证券,主板,沪市,主板,801790.SI,非银金融,801193.SI,证券Ⅱ,证券Ⅱ,L,20170103,3534,9.68,4.06,-1.932,4.878,False,True,True,0,0,0,0,True,
601377.SH,601377,601377,兴业证券,主板,沪市,主板,801790.SI,非银金融,801193.SI,证券Ⅱ,证券Ⅱ,L,20101013,5808,15.9,5.91,-0.839,5.0,False,True,True,0,0,0,0,True,
601388.SH,601388,601388,怡球资源,主板,沪市,主板,801050.SI,有色金属,801055.SI,工业金属,工业金属,L,20120423,5250,14.37,3.37,-0.882,17.647,False,True,True,0,0,0,0,True,
601390.SH,601390,601390,中国中铁,主板,沪市,主板,801720.SI,建筑装饰,801723.SI,基础建设,基础建设,L,20071203,6853,18.76,4.35,-0.911,30.435,False,True,True,0,0,0,0,True,
601398.SH,601398,601398,工商银行,主板,沪市,主板,801780.SI,银行,801782.SI,国有大型银行Ⅱ,国有大型银行Ⅱ,L,20061027,7255,19.86,7.97,-1.968,20.0,False,True,True,0,0,0,0,True,
601399.SH,601399,601399,国机重装,主板,沪市,主板,801890.SI,机械设备,801074.SI,专用设备,专用设备,L,20200608,2282,6.25,3.18,-0.625,33.333,False,True,True,0,0,0,0,True,
601456.SH,601456,601456,国联民生,主板,沪市,主板,801790.SI,非银金融,801193.SI,证券Ⅱ,证券Ⅱ,L,20200731,2229,6.1,8.82,-1.232,10.87,False,True,True,0,0,0,0,True,
601500.SH,601500,601500,通用股份,主板,沪市,主板,801880.SI,汽车,801093.SI,汽车零部件,汽车零部件,L,20160919,3640,9.97,3.94,-0.505,15.0,False,True,True,0,0,0,0,True,
601512.SH,601512,601512,中新集团,主板,沪市,主板,801180.SI,房地产,801181.SI,房地产开发,房地产开发,L,20191220,2453,6.72,8.53,-0.699,26.136,False,True,True,0,0,0,0,True,
601515.SH,601515,601515,衢州东峰,主板,沪市,主板,801140.SI,轻工制造,801141.SI,包装印刷,包装印刷,L,20120216,5317,14.56,3.31,-0.301,37.143,False,True,True,0,0,0,0,True,
601518.SH,601518,601518,吉林高速,主板,沪市,主板,801170.SI,交通运输,801179.SI,铁路公路,铁路公路,L,20100319,6016,16.47,2.85,-1.042,7.143,False,True,True,0,0,0,0,True,
601519.SH,601519,601519,大智慧,主板,沪市,主板,801750.SI,计算机,801104.SI,软件开发,软件开发,L,20110128,5701,15.61,8.74,-2.346,14.286,False,True,True,0,0,0,0,True,
601528.SH,601528,601528,瑞丰银行,主板,沪市,主板,801780.SI,银行,801785.SI,农商行Ⅱ,农商行Ⅱ,L,20210625,1900,5.2,5.13,-0.965,10.204,False,True,True,0,0,0,0,True,
601555.SH,601555,601555,东吴证券,主板,沪市,主板,801790.SI,非银金融,801193.SI,证券Ⅱ,证券Ⅱ,L,20111212,5383,14.74,8.37,-1.181,10.127,False,True,True,0,0,0,0,True,
601566.SH,601566,601566,九牧王,主板,沪市,主板,801130.SI,纺织服饰,801132.SI,服装家纺,服装家纺,L,20110530,5579,15.27,10.69,1.713,24.272,False,True,True,0,0,0,0,True,
601567.SH,601567,601567,三星电气,主板,沪市,主板,801730.SI,电力设备,801738.SI,电网设备,电网设备,L,20110615,5563,15.23,13.47,0.598,18.0,False,True,True,0,0,0,0,True,
601568.SH,601568,601568,北元化工,主板,沪市,主板,801030.SI,基础化工,801033.SI,化学原料,化学原料,L,20201020,2148,5.88,3.8,-0.263,18.421,False,True,True,0,0,0,0,True,
601577.SH,601577,601577,长沙银行,主板,沪市,主板,801780.SI,银行,801784.SI,城商行Ⅱ,城商行Ⅱ,L,20180926,2903,7.95,9.99,-0.597,9.677,False,True,True,0,0,0,0,True,
601579.SH,601579,601579,会稽山,主板,沪市,主板,801120.SI,食品饮料,801126.SI,非白酒,非白酒,L,20140825,4396,12.04,23.7,-1.537,27.723,False,True,True,0,0,0,0,True,
601588.SH,601588,601588,北辰实业,主板,沪市,主板,801180.SI,房地产,801181.SI,房地产开发,房地产开发,L,20061016,7266,19.89,1.77,0.0,17.647,False,True,True,0,0,0,0,True,
601595.SH,601595,601595,上海电影,主板,沪市,主板,801760.SI,传媒,801766.SI,影视院线,影视院线,L,20160817,3673,10.06,20.63,10.027,16.393,False,True,True,0,0,0,0,True,
601598.SH,601598,601598,中国外运,主板,沪市,主板,801170.SI,交通运输,801178.SI,物流,物流,L,20190118,2789,7.64,6.56,0.768,18.333,False,True,True,0,0,0,0,True,
601599.SH,601599,601599,浙文影业,主板,沪市,主板,801130.SI,纺织服饰,801131.SI,纺织制造,纺织制造,L,20110527,5582,15.28,3.32,0.606,12.903,False,True,True,0,0,0,0,True,
601600.SH,601600,601600,中国铝业,主板,沪市,主板,801050.SI,有色金属,801055.SI,工业金属,工业金属,L,20070430,7070,19.36,9.54,-1.344,15.789,False,True,True,0,0,0,0,True,
601601.SH,601601,601601,中国太保,主板,沪市,主板,801790.SI,非银金融,801194.SI,保险Ⅱ,保险Ⅱ,L,20071225,6831,18.7,33.22,-2.894,22.785,False,True,True,0,0,0,0,True,
601606.SH,601606,601606,长城军工,主板,沪市,主板,801740.SI,国防军工,801743.SI,地面兵装Ⅱ,地面兵装Ⅱ,L,20180806,2954,8.09,33.91,-2.586,12.791,False,True,True,0,0,0,0,True,
601607.SH,601607,601607,上海医药,主板,沪市,主板,801150.SI,医药生物,801154.SI,医药商业,医药商业,L,19940324,11855,32.46,16.55,-0.421,10.909,False,True,True,0,0,0,0,True,
601608.SH,601608,601608,中信重工,主板,沪市,主板,801890.SI,机械设备,801074.SI,专用设备,专用设备,L,20120706,5176,14.17,4.79,-0.208,30.612,False,True,True,0,0,0,0,True,
601609.SH,601609,601609,金田股份,主板,沪市,主板,801050.SI,有色金属,801055.SI,工业金属,工业金属,L,20200422,2329,6.38,13.31,-0.225,17.557,False,True,True,0,0,0,0,True,
601611.SH,601611,601611,中国核建,主板,沪市,主板,801720.SI,建筑装饰,801723.SI,基础建设,基础建设,L,20160606,3745,10.25,10.72,1.132,18.584,False,True,True,0,0,0,0,True,
601615.SH,601615,601615,明阳智能,主板,沪市,主板,801730.SI,电力设备,801736.SI,风电设备,风电设备,L,20190123,2784,7.62,9.35,0.43,19.444,False,True,True,0,0,0,0,True,
601616.SH,601616,601616,广电电气,主板,沪市,主板,801730.SI,电力设备,801738.SI,电网设备,电网设备,L,20110201,5697,15.6,3.83,0.262,7.895,False,True,True,0,0,0,0,True,
601618.SH,601618,601618,中国中冶,主板,沪市,主板,801720.SI,建筑装饰,801724.SI,专业工程,专业工程,L,20090921,6195,16.96,2.54,-0.392,25.926,False,True,True,0,0,0,0,True,
601619.SH,601619,601619,嘉泽新能,主板,沪市,主板,801160.SI,公用事业,801161.SI,电力,电力,L,20170720,3336,9.13,4.11,-1.202,16.279,False,True,True,0,0,0,0,True,
601628.SH,601628,601628,中国人寿,主板,沪市,主板,801790.SI,非银金融,801194.SI,保险Ⅱ,保险Ⅱ,L,20070109,7181,19.66,38.45,-1.838,64.286,False,True,True,0,0,0,0,True,
601633.SH,601633,601633,长城汽车,主板,沪市,主板,801880.SI,汽车,801095.SI,乘用车,乘用车,L,20110928,5458,14.94,14.95,0.067,57.576,False,True,True,0,0,0,0,True,
601636.SH,601636,601636,旗滨集团,主板,沪市,主板,801710.SI,建筑材料,801712.SI,玻璃玻纤,玻璃玻纤,L,20110812,5505,15.07,5.91,1.721,10.345,False,True,True,0,0,0,0,True,
601658.SH,601658,601658,邮储银行,主板,沪市,主板,801780.SI,银行,801782.SI,国有大型银行Ⅱ,国有大型银行Ⅱ,L,20191210,2463,6.74,5.39,-0.553,17.647,False,True,True,0,0,0,0,True,
601665.SH,601665,601665,齐鲁银行,主板,沪市,主板,801780.SI,银行,801784.SI,城商行Ⅱ,城商行Ⅱ,L,20210618,1907,5.22,7.05,-2.219,15.942,False,True,True,0,0,0,0,True,
601666.SH,601666,601666,平煤股份,主板,沪市,主板,801950.SI,煤炭,801951.SI,煤炭开采,煤炭开采,L,20061123,7228,19.79,9.17,-1.398,21.739,False,True,True,0,0,0,0,True,
601668.SH,601668,601668,中国建筑,主板,沪市,主板,801720.SI,建筑装饰,801721.SI,房屋建设Ⅱ,房屋建设Ⅱ,L,20090729,6249,17.11,4.35,-1.136,10.87,False,True,True,0,0,0,0,True,
601669.SH,601669,601669,中国电建,主板,沪市,主板,801720.SI,建筑装饰,801723.SI,基础建设,基础建设,L,20111018,5438,14.89,4.63,0.0,20.833,False,True,True,0,0,0,0,True,
601677.SH,601677,601677,明泰铝业,主板,沪市,主板,801050.SI,有色金属,801055.SI,工业金属,工业金属,L,20110919,5467,14.97,16.31,-2.042,7.273,False,True,True,0,0,0,0,True,
601678.SH,601678,601678,滨化股份,主板,沪市,主板,801030.SI,基础化工,801033.SI,化学原料,化学原料,L,20100223,6040,16.54,6.0,-0.166,12.308,False,True,True,0,0,0,0,True,
601686.SH,601686,601686,友发集团,主板,沪市,主板,801040.SI,钢铁,801044.SI,普钢,普钢,L,20201204,2103,5.76,5.21,-0.573,20.0,False,True,True,0,0,0,0,True,
601688.SH,601688,601688,华泰证券,主板,沪市,主板,801790.SI,非银金融,801193.SI,证券Ⅱ,证券Ⅱ,L,20100226,6037,16.53,19.37,-0.971,9.278,False,True,True,0,0,0,0,True,
601689.SH,601689,601689,拓普集团,主板,沪市,主板,801880.SI,汽车,801093.SI,汽车零部件,汽车零部件,L,20150319,4190,11.47,47.06,2.706,27.419,False,True,True,0,0,0,0,True,
601696.SH,601696,601696,中银证券,主板,沪市,主板,801790.SI,非银金融,801193.SI,证券Ⅱ,证券Ⅱ,L,20200226,2385,6.53,11.93,-1.568,10.0,False,True,True,0,0,0,0,True,
601698.SH,601698,601698,中国卫通,主板,沪市,主板,801740.SI,国防军工,801741.SI,航天装备Ⅱ,航天装备Ⅱ,L,20190628,2628,7.2,23.98,-0.083,38.333,False,True,True,0,0,0,0,True,
601699.SH,601699,601699,潞安环能,主板,沪市,主板,801950.SI,煤炭,801951.SI,煤炭开采,煤炭开采,L,20060922,7290,19.96,16.0,-3.03,17.284,False,True,True,0,0,0,0,True,
601700.SH,601700,601700,风范股份,主板,沪市,主板,801730.SI,电力设备,801738.SI,电网设备,电网设备,L,20110118,5711,15.64,7.16,-6.771,13.924,False,True,True,0,0,0,0,True,
601702.SH,601702,601702,华峰铝业,主板,沪市,主板,801050.SI,有色金属,801055.SI,工业金属,工业金属,L,20200907,2191,6.0,15.27,-3.048,30.38,False,True,True,0,0,0,0,True,
601717.SH,601717,601717,中创智领,主板,沪市,主板,801890.SI,机械设备,801074.SI,专用设备,专用设备,L,20100803,5879,16.1,14.33,-0.968,17.105,False,True,True,0,0,0,0,True,
601727.SH,601727,601727,上海电气,主板,沪市,主板,801730.SI,电力设备,801733.SI,其他电源设备Ⅱ,其他电源设备Ⅱ,L,20081205,6485,17.75,6.71,1.207,30.556,False,True,True,0,0,0,0,True,
601728.SH,601728,601728,中国电信,主板,沪市,主板,801770.SI,通信,801223.SI,通信服务,通信服务,L,20210820,1844,5.05,6.34,-0.627,29.687,False,True,True,0,0,0,0,True,
601766.SH,601766,601766,中国中车,主板,沪市,主板,801890.SI,机械设备,801076.SI,轨交设备Ⅱ,轨交设备Ⅱ,L,20080818,6594,18.05,6.22,-0.48,15.0,False,True,True,0,0,0,0,True,
601777.SH,601777,601777,千里科技,主板,沪市,主板,801880.SI,汽车,801881.SI,摩托车及其他,摩托车及其他,L,20101125,5765,15.78,8.1,0.372,43.182,False,True,True,0,0,0,0,True,
601778.SH,601778,601778,晶科科技,主板,沪市,主板,801160.SI,公用事业,801161.SI,电力,电力,L,20200519,2302,6.3,3.59,0.279,10.811,False,True,True,0,0,0,0,True,
601788.SH,601788,601788,光大证券,主板,沪市,主板,801790.SI,非银金融,801193.SI,证券Ⅱ,证券Ⅱ,L,20090818,6229,17.05,14.47,-1.229,16.327,False,True,True,0,0,0,0,True,
601789.SH,601789,601789,宁波建工,主板,沪市,主板,801720.SI,建筑装饰,801721.SI,房屋建设Ⅱ,房屋建设Ⅱ,L,20110816,5501,15.06,4.3,-0.693,9.302,False,True,True,0,0,0,0,True,
601798.SH,601798,601798,蓝科高新,主板,沪市,主板,801890.SI,机械设备,801074.SI,专用设备,专用设备,L,20110622,5556,15.21,7.71,-1.027,10.526,False,True,True,0,0,0,0,True,
601799.SH,601799,601799,星宇股份,主板,沪市,主板,801880.SI,汽车,801093.SI,汽车零部件,汽车零部件,L,20110201,5697,15.6,79.28,3.878,50.0,False,True,True,0,0,0,0,True,
601800.SH,601800,601800,中国交建,主板,沪市,主板,801720.SI,建筑装饰,801723.SI,基础建设,基础建设,L,20120309,5295,14.5,5.95,-0.335,43.662,False,True,True,0,0,0,0,True,
601801.SH,601801,601801,皖新传媒,主板,沪市,主板,801760.SI,传媒,801769.SI,出版,出版,L,20100118,6076,16.64,5.4,3.053,25.926,False,True,True,0,0,0,0,True,
601808.SH,601808,601808,中海油服,主板,沪市,主板,801960.SI,石油石化,801962.SI,油服工程,油服工程,L,20070928,6919,18.94,12.44,-0.48,35.484,False,True,True,0,0,0,0,True,
601811.SH,601811,601811,新华文轩,主板,沪市,主板,801760.SI,传媒,801769.SI,出版,出版,L,20160808,3682,10.08,11.8,2.698,25.385,False,True,True,0,0,0,0,True,
601816.SH,601816,601816,京沪高铁,主板,沪市,主板,801170.SI,交通运输,801179.SI,铁路公路,铁路公路,L,20200116,2426,6.64,4.84,-1.224,10.204,False,True,True,0,0,0,0,True,
601818.SH,601818,601818,光大银行,主板,沪市,主板,801780.SI,银行,801783.SI,股份制银行Ⅱ,股份制银行Ⅱ,L,20100818,5864,16.05,3.01,-1.312,9.677,False,True,True,0,0,0,0,True,
601825.SH,601825,601825,沪农商行,主板,沪市,主板,801780.SI,银行,801785.SI,农商行Ⅱ,农商行Ⅱ,L,20210819,1845,5.05,8.89,-1.332,19.048,False,True,True,0,0,0,0,True,
601827.SH,601827,601827,三峰环境,主板,沪市,主板,801970.SI,环保,801971.SI,环境治理,环境治理,L,20200605,2285,6.26,8.12,0.995,11.111,False,True,True,0,0,0,0,True,
601828.SH,601828,601828,美凯龙,主板,沪市,主板,801200.SI,商贸零售,801203.SI,一般零售,一般零售,L,20180117,3155,8.64,2.25,2.273,22.727,False,True,True,0,0,0,0,True,
601838.SH,601838,601838,成都银行,主板,沪市,主板,801780.SI,银行,801784.SI,城商行Ⅱ,城商行Ⅱ,L,20180131,3141,8.6,19.4,-0.462,16.489,False,True,True,0,0,0,0,True,
601857.SH,601857,601857,中国石油,主板,沪市,主板,801960.SI,石油石化,801963.SI,炼化及贸易,炼化及贸易,L,20071105,6881,18.84,11.02,-1.343,76.19,False,True,True,0,0,0,0,True,
601858.SH,601858,601858,中国科传,主板,沪市,主板,801760.SI,传媒,801769.SI,出版,出版,L,20170118,3519,9.63,22.04,2.512,29.091,False,True,True,0,0,0,0,True,
601860.SH,601860,601860,紫金银行,主板,沪市,主板,801780.SI,银行,801785.SI,农商行Ⅱ,农商行Ⅱ,L,20190103,2804,7.68,2.61,-1.136,3.846,False,True,True,0,0,0,0,True,
601865.SH,601865,601865,福莱特,主板,沪市,主板,801730.SI,电力设备,801735.SI,光伏设备,光伏设备,L,20190215,2761,7.56,9.98,0.808,35.294,False,True,True,0,0,0,0,True,
601866.SH,601866,601866,中远海发,主板,沪市,主板,801170.SI,交通运输,801992.SI,航运港口,航运港口,L,20071212,6844,18.74,2.44,0.0,20.833,False,True,True,0,0,0,0,True,
601868.SH,601868,601868,中国能建,主板,沪市,主板,801720.SI,建筑装饰,801723.SI,基础建设,基础建设,L,20210928,1805,4.94,2.47,-0.403,15.385,False,True,True,0,0,0,0,True,
601869.SH,601869,601869,长飞光纤,主板,沪市,主板,801770.SI,通信,801102.SI,通信设备,通信设备,L,20180720,2971,8.13,400.51,5.731,19.82,False,True,True,0,0,0,0,True,
601872.SH,601872,601872,招商轮船,主板,沪市,主板,801170.SI,交通运输,801992.SI,航运港口,航运港口,L,20061201,7220,19.77,18.69,-2.656,21.111,False,True,True,0,0,0,0,True,
601877.SH,601877,601877,正泰电器,主板,沪市,主板,801730.SI,电力设备,801738.SI,电网设备,电网设备,L,20100121,6073,16.63,25.76,-0.425,26.923,False,True,True,0,0,0,0,True,
601878.SH,601878,601878,浙商证券,主板,沪市,主板,801790.SI,非银金融,801193.SI,证券Ⅱ,证券Ⅱ,L,20170626,3360,9.2,9.36,-1.162,14.737,False,True,True,0,0,0,0,True,
601880.SH,601880,601880,辽港股份,主板,沪市,主板,801170.SI,交通运输,801992.SI,航运港口,航运港口,L,20101206,5754,15.75,1.45,-1.361,20.0,False,True,True,0,0,0,0,True,
601881.SH,601881,601881,中国银河,主板,沪市,主板,801790.SI,非银金融,801193.SI,证券Ⅱ,证券Ⅱ,L,20170123,3514,9.62,12.28,-1.207,25.984,False,True,True,0,0,0,0,True,
601882.SH,601882,601882,海天精工,主板,沪市,主板,801890.SI,机械设备,801072.SI,通用设备,通用设备,L,20161107,3591,9.83,23.35,3.182,15.942,False,True,True,0,0,0,0,True,
601886.SH,601886,601886,江河集团,主板,沪市,主板,801720.SI,建筑装饰,801722.SI,装修装饰Ⅱ,装修装饰Ⅱ,L,20110818,5499,15.06,13.75,2.155,40.476,False,True,True,0,0,0,0,True,
601888.SH,601888,601888,中国中免,主板,沪市,主板,801200.SI,商贸零售,801207.SI,旅游零售Ⅱ,旅游零售Ⅱ,L,20091015,6171,16.9,54.83,0.421,7.143,False,True,True,0,0,0,0,True,
601890.SH,601890,601890,亚星锚链,主板,沪市,主板,801740.SI,国防军工,801744.SI,航海装备Ⅱ,航海装备Ⅱ,L,20101228,5732,15.69,9.11,-0.437,7.955,False,True,True,0,0,0,0,True,
601898.SH,601898,601898,中煤能源,主板,沪市,主板,801950.SI,煤炭,801951.SI,煤炭开采,煤炭开采,L,20080201,6793,18.6,14.53,-4.282,35.616,False,True,True,0,0,0,0,True,
601899.SH,601899,601899,紫金矿业,主板,沪市,主板,801050.SI,有色金属,801055.SI,工业金属,工业金属,L,20080425,6709,18.37,32.87,-1.439,20.988,False,True,True,0,0,0,0,True,
601900.SH,601900,601900,南方传媒,主板,沪市,主板,801760.SI,传媒,801769.SI,出版,出版,L,20160215,3857,10.56,12.62,1.365,13.333,False,True,True,0,0,0,0,True,
601901.SH,601901,601901,方正证券,主板,沪市,主板,801790.SI,非银金融,801193.SI,证券Ⅱ,证券Ⅱ,L,20110810,5507,15.08,6.86,-0.867,8.571,False,True,True,0,0,0,0,True,
601908.SH,601908,601908,京运通,主板,沪市,主板,801160.SI,公用事业,801161.SI,电力,电力,L,20110908,5478,15.0,2.97,0.0,13.333,False,True,True,0,0,0,0,True,
601916.SH,601916,601916,浙商银行,主板,沪市,主板,801780.SI,银行,801783.SI,股份制银行Ⅱ,股份制银行Ⅱ,L,20191126,2477,6.78,2.94,-1.01,3.448,False,True,True,0,0,0,0,True,
601918.SH,601918,601918,新集能源,主板,沪市,主板,801950.SI,煤炭,801951.SI,煤炭开采,煤炭开采,L,20071219,6837,18.72,10.31,-1.622,15.0,False,True,True,0,0,0,0,True,
601919.SH,601919,601919,中远海控,主板,沪市,主板,801170.SI,交通运输,801992.SI,航运港口,航运港口,L,20070626,7013,19.2,16.0,-0.374,20.408,False,True,True,0,0,0,0,True,
601921.SH,601921,601921,浙版传媒,主板,沪市,主板,801760.SI,传媒,801769.SI,出版,出版,L,20210723,1872,5.13,7.59,2.153,12.162,False,True,True,0,0,0,0,True,
601928.SH,601928,601928,凤凰传媒,主板,沪市,主板,801760.SI,传媒,801769.SI,出版,出版,L,20111130,5395,14.77,8.78,1.503,13.978,False,True,True,0,0,0,0,True,
601929.SH,601929,601929,吉视传媒,主板,沪市,主板,801760.SI,传媒,801995.SI,电视广播Ⅱ,电视广播Ⅱ,L,20120223,5310,14.54,2.56,1.587,12.0,False,True,True,0,0,0,0,True,
601933.SH,601933,601933,永辉超市,主板,沪市,主板,801200.SI,商贸零售,801203.SI,一般零售,一般零售,L,20101215,5745,15.73,3.29,4.114,6.25,False,True,True,0,0,0,0,True,
601939.SH,601939,601939,建设银行,主板,沪市,主板,801780.SI,银行,801782.SI,国有大型银行Ⅱ,国有大型银行Ⅱ,L,20070925,6922,18.95,10.71,-2.459,12.264,False,True,True,0,0,0,0,True,
601949.SH,601949,601949,中国出版,主板,沪市,主板,801760.SI,传媒,801769.SI,出版,出版,L,20170821,3304,9.05,6.41,9.948,30.909,False,True,True,0,0,0,0,True,
601952.SH,601952,601952,苏垦农发,主板,沪市,主板,801010.SI,农林牧渔,801016.SI,种植业,种植业,L,20170515,3402,9.31,9.63,3.326,15.385,False,True,True,0,0,0,0,True,
601956.SH,601956,601956,东贝集团,主板,沪市,主板,801110.SI,家用电器,801116.SI,家电零部件Ⅱ,家电零部件Ⅱ,L,20201225,2082,5.7,5.02,0.4,24.49,False,True,True,0,0,0,0,True,
601958.SH,601958,601958,金钼股份,主板,沪市,主板,801050.SI,有色金属,801054.SI,小金属,小金属,L,20080417,6717,18.39,21.09,0.524,24.0,False,True,True,0,0,0,0,True,
601963.SH,601963,601963,重庆银行,主板,沪市,主板,801780.SI,银行,801784.SI,城商行Ⅱ,城商行Ⅱ,L,20210205,2040,5.59,11.06,-2.469,13.761,False,True,True,0,0,0,0,True,
601965.SH,601965,601965,中国汽研,主板,沪市,主板,801880.SI,汽车,801092.SI,汽车服务,汽车服务,L,20120611,5201,14.24,13.82,-1.637,29.577,False,True,True,0,0,0,0,True,
601966.SH,601966,601966,玲珑轮胎,主板,沪市,主板,801880.SI,汽车,801093.SI,汽车零部件,汽车零部件,L,20160706,3715,10.17,10.72,-0.279,35.714,False,True,True,0,0,0,0,True,
601968.SH,601968,601968,宝钢包装,主板,沪市,主板,801140.SI,轻工制造,801141.SI,包装印刷,包装印刷,L,20150611,4106,11.24,4.63,-0.215,24.444,False,True,True,0,0,0,0,True,
601969.SH,601969,601969,海南矿业,主板,沪市,主板,801040.SI,钢铁,801043.SI,冶钢原料,冶钢原料,L,20141209,4290,11.75,9.42,-1.05,30.435,False,True,True,0,0,0,0,True,
601975.SH,601975,601975,招商南油,主板,沪市,主板,801170.SI,交通运输,801992.SI,航运港口,航运港口,L,20190108,2799,7.66,4.45,-0.67,20.0,False,True,True,0,0,0,0,True,
601985.SH,601985,601985,中国核电,主板,沪市,主板,801160.SI,公用事业,801161.SI,电力,电力,L,20150610,4107,11.24,8.91,-1.872,5.682,False,True,True,0,0,0,0,True,
601988.SH,601988,601988,中国银行,主板,沪市,主板,801780.SI,银行,801782.SI,国有大型银行Ⅱ,国有大型银行Ⅱ,L,20060705,7369,20.18,6.44,-1.979,20.312,False,True,True,0,0,0,0,True,
601990.SH,601990,601990,南京证券,主板,沪市,主板,801790.SI,非银金融,801193.SI,证券Ⅱ,证券Ⅱ,L,20180613,3008,8.24,6.79,-0.876,22.059,False,True,True,0,0,0,0,True,
601991.SH,601991,601991,大唐发电,主板,沪市,主板,801160.SI,公用事业,801161.SI,电力,电力,L,20061220,7201,19.72,5.6,0.358,11.475,False,True,True,0,0,0,0,True,
601992.SH,601992,601992,金隅集团,主板,沪市,主板,801710.SI,建筑材料,801711.SI,水泥,水泥,L,20110301,5669,15.52,1.4,-0.709,26.667,False,True,True,0,0,0,0,True,
601995.SH,601995,601995,中金公司,主板,沪市,主板,801790.SI,非银金融,801193.SI,证券Ⅱ,证券Ⅱ,L,20201102,2135,5.85,33.45,-1.327,8.046,False,True,True,0,0,0,0,True,
601996.SH,601996,601996,丰林集团,主板,沪市,主板,801140.SI,轻工制造,801142.SI,家居用品,家居用品,L,20110929,5457,14.94,2.86,1.418,24.0,False,True,True,0,0,0,0,True,
601997.SH,601997,601997,贵阳银行,主板,沪市,主板,801780.SI,银行,801784.SI,城商行Ⅱ,城商行Ⅱ,L,20160816,3674,10.06,5.54,-1.423,5.357,False,True,True,0,0,0,0,True,
601998.SH,601998,601998,中信银行,主板,沪市,主板,801780.SI,银行,801783.SI,股份制银行Ⅱ,股份制银行Ⅱ,L,20070427,7073,19.36,8.74,-1.687,24.39,False,True,True,0,0,0,0,True,
601999.SH,601999,601999,出版传媒,主板,沪市,主板,801760.SI,传媒,801769.SI,出版,出版,L,20071221,6835,18.71,7.29,1.958,17.647,False,True,True,0,0,0,0,True,
603000.SH,603000,603000,人民网,主板,沪市,主板,801760.SI,传媒,801767.SI,数字媒体,数字媒体,L,20120427,5246,14.36,17.1,2.029,11.905,False,True,True,0,0,0,0,True,
603002.SH,603002,603002,宏昌电子,主板,沪市,主板,801080.SI,电子,801086.SI,电子化学品Ⅱ,电子化学品Ⅱ,L,20120518,5225,14.31,16.32,8.008,13.58,False,True,True,0,0,0,0,True,
603004.SH,603004,603004,鼎龙科技,主板,沪市,主板,801030.SI,基础化工,801034.SI,化学制品,化学制品,L,20231227,985,2.7,19.05,0.316,9.326,False,True,True,0,0,0,0,True,
603005.SH,603005,603005,晶方科技,主板,沪市,主板,801080.SI,电子,801081.SI,半导体,半导体,L,20140210,4592,12.57,29.15,0.865,13.158,False,True,True,0,0,0,0,True,
603006.SH,603006,603006,联明股份,主板,沪市,主板,801880.SI,汽车,801093.SI,汽车零部件,汽车零部件,L,20140630,4452,12.19,11.24,4.074,30.909,False,True,True,0,0,0,0,True,
603007.SH,603007,603007,顺景科技,主板,沪市,主板,801720.SI,建筑装饰,801723.SI,基础建设,基础建设,L,20160826,3664,10.03,5.14,0.0,9.804,False,True,True,0,0,0,0,True,
603009.SH,603009,603009,北特科技,主板,沪市,主板,801880.SI,汽车,801093.SI,汽车零部件,汽车零部件,L,20140718,4434,12.14,48.84,10.0,15.789,False,True,True,0,0,0,0,True,
603010.SH,603010,603010,万盛股份,主板,沪市,主板,801030.SI,基础化工,801034.SI,化学制品,化学制品,L,20141010,4350,11.91,11.42,-1.552,44.068,False,True,True,0,0,0,0,True,
603011.SH,603011,603011,合锻智能,主板,沪市,主板,801890.SI,机械设备,801074.SI,专用设备,专用设备,L,20141107,4322,11.83,26.33,8.802,7.812,False,True,True,0,0,0,0,True,
603012.SH,603012,603012,创力集团,主板,沪市,主板,801890.SI,机械设备,801074.SI,专用设备,专用设备,L,20150320,4189,11.47,10.11,0.298,16.0,False,True,True,0,0,0,0,True,
603013.SH,603013,603013,亚普股份,主板,沪市,主板,801880.SI,汽车,801093.SI,汽车零部件,汽车零部件,L,20180509,3043,8.33,14.84,0.203,40.351,False,True,True,0,0,0,0,True,
603015.SH,603015,603015,弘讯科技,主板,沪市,主板,801890.SI,机械设备,801078.SI,自动化设备,自动化设备,L,20150303,4206,11.52,10.9,-0.183,25.455,False,True,True,0,0,0,0,True,
603016.SH,603016,603016,新宏泰,主板,沪市,主板,801730.SI,电力设备,801738.SI,电网设备,电网设备,L,20160701,3720,10.18,32.18,-2.485,17.188,False,True,True,0,0,0,0,True,
603017.SH,603017,603017,中衡设计,主板,沪市,主板,801720.SI,建筑装饰,801726.SI,工程咨询服务Ⅱ,工程咨询服务Ⅱ,L,20141231,4268,11.69,10.04,0.904,10.417,False,True,True,0,0,0,0,True,
603018.SH,603018,603018,华设集团,主板,沪市,主板,801720.SI,建筑装饰,801726.SI,工程咨询服务Ⅱ,工程咨询服务Ⅱ,L,20141013,4347,11.9,5.33,0.377,18.868,False,True,True,0,0,0,0,True,
603019.SH,603019,603019,中科曙光,主板,沪市,主板,801750.SI,计算机,801101.SI,计算机设备,计算机设备,L,20141106,4323,11.84,83.38,0.834,11.94,False,True,True,0,0,0,0,True,
603020.SH,603020,603020,爱普股份,主板,沪市,主板,801030.SI,基础化工,801034.SI,化学制品,化学制品,L,20150325,4184,11.46,10.41,1.859,35.294,False,True,True,0,0,0,0,True,
603022.SH,603022,603022,新通联,主板,沪市,主板,801140.SI,轻工制造,801141.SI,包装印刷,包装印刷,L,20150518,4130,11.31,9.17,0.219,21.176,False,True,True,0,0,0,0,True,
603023.SH,603023,603023,威帝股份,主板,沪市,主板,801880.SI,汽车,801093.SI,汽车零部件,汽车零部件,L,20150527,4121,11.28,4.2,-2.552,20.0,False,True,True,0,0,0,0,True,
603025.SH,603025,603025,大豪科技,主板,沪市,主板,801890.SI,机械设备,801078.SI,自动化设备,自动化设备,L,20150422,4156,11.38,13.53,0.745,21.277,False,True,True,0,0,0,0,True,
603026.SH,603026,603026,石大胜华,主板,沪市,主板,801730.SI,电力设备,801737.SI,电池,电池,L,20150529,4119,11.28,61.31,1.155,12.0,False,True,True,0,0,0,0,True,
603027.SH,603027,603027,千禾味业,主板,沪市,主板,801120.SI,食品饮料,801129.SI,调味发酵品Ⅱ,调味发酵品Ⅱ,L,20160307,3836,10.5,7.56,0.8,16.216,False,True,True,0,0,0,0,True,
603028.SH,603028,603028,赛福天,主板,沪市,主板,801890.SI,机械设备,801072.SI,通用设备,通用设备,L,20160331,3812,10.44,7.14,2.0,17.143,False,True,True,0,0,0,0,True,
603029.SH,603029,603029,天鹅股份,主板,沪市,主板,801890.SI,机械设备,801074.SI,专用设备,专用设备,L,20160427,3785,10.36,17.21,3.239,8.929,False,True,True,0,0,0,0,True,
603030.SH,603030,603030,全筑股份,主板,沪市,主板,801720.SI,建筑装饰,801722.SI,装修装饰Ⅱ,装修装饰Ⅱ,L,20150320,4189,11.47,2.24,5.66,14.286,False,True,True,0,0,0,0,True,
603031.SH,603031,603031,安孚科技,主板,沪市,主板,801730.SI,电力设备,801737.SI,电池,电池,L,20160822,3668,10.04,42.19,6.973,9.091,False,True,True,0,0,0,0,True,
603032.SH,603032,603032,德新科技,主板,沪市,主板,801730.SI,电力设备,801737.SI,电池,电池,L,20170105,3532,9.67,19.57,1.874,6.154,False,True,True,0,0,0,0,True,
603033.SH,603033,603033,三维股份,主板,沪市,主板,801030.SI,基础化工,801037.SI,橡胶,橡胶,L,20161207,3561,9.75,7.32,-1.348,40.909,False,True,True,0,0,0,0,True,
603035.SH,603035,603035,常熟汽饰,主板,沪市,主板,801880.SI,汽车,801093.SI,汽车零部件,汽车零部件,L,20170105,3532,9.67,10.78,0.186,22.523,False,True,True,0,0,0,0,True,
603036.SH,603036,603036,如通股份,主板,沪市,主板,801890.SI,机械设备,801074.SI,专用设备,专用设备,L,20161209,3559,9.74,13.89,-1.837,14.0,False,True,True,0,0,0,0,True,
603037.SH,603037,603037,凯众股份,主板,沪市,主板,801880.SI,汽车,801093.SI,汽车零部件,汽车零部件,L,20170120,3517,9.63,10.35,0.291,27.184,False,True,True,0,0,0,0,True,
603038.SH,603038,603038,华立股份,主板,沪市,主板,801710.SI,建筑材料,801713.SI,装修建材,装修建材,L,20170116,3521,9.64,16.13,0.062,12.727,False,True,True,0,0,0,0,True,
603039.SH,603039,603039,泛微网络,主板,沪市,主板,801750.SI,计算机,801104.SI,软件开发,软件开发,L,20170113,3524,9.65,38.64,-2.424,8.889,False,True,True,0,0,0,0,True,
603040.SH,603040,603040,新坐标,主板,沪市,主板,801880.SI,汽车,801093.SI,汽车零部件,汽车零部件,L,20170209,3497,9.57,50.46,2.812,25.532,False,True,True,0,0,0,0,True,
603041.SH,603041,603041,美思德,主板,沪市,主板,801030.SI,基础化工,801034.SI,化学制品,化学制品,L,20170330,3448,9.44,11.36,0.799,18.182,False,True,True,0,0,0,0,True,
603042.SH,603042,603042,华脉科技,主板,沪市,主板,801770.SI,通信,801102.SI,通信设备,通信设备,L,20170602,3384,9.26,15.43,9.979,12.143,False,True,True,0,0,0,0,True,
603043.SH,603043,603043,广州酒家,主板,沪市,主板,801120.SI,食品饮料,801128.SI,休闲食品,休闲食品,L,20170627,3359,9.2,14.1,1.293,25.714,False,True,True,0,0,0,0,True,
603045.SH,603045,603045,福达合金,主板,沪市,主板,801050.SI,有色金属,801051.SI,金属新材料,金属新材料,L,20180517,3035,8.31,50.32,0.68,14.815,False,True,True,0,0,0,0,True,
603048.SH,603048,603048,浙江黎明,主板,沪市,主板,801880.SI,汽车,801093.SI,汽车零部件,汽车零部件,L,20211116,1756,4.81,23.71,0.254,26.415,False,True,True,0,0,0,0,True,
603050.SH,603050,603050,科林电气,主板,沪市,主板,801730.SI,电力设备,801738.SI,电网设备,电网设备,L,20170414,3433,9.4,18.32,-0.973,17.895,False,True,True,0,0,0,0,True,
603051.SH,603051,603051,鹿山新材,主板,沪市,主板,801030.SI,基础化工,801034.SI,化学制品,化学制品,L,20220325,1627,4.45,21.14,-0.189,15.714,False,True,True,0,0,0,0,True,
603052.SH,603052,603052,可川科技,主板,沪市,主板,801080.SI,电子,801085.SI,消费电子,消费电子,L,20221011,1427,3.91,58.3,5.846,10.937,False,True,True,0,0,0,0,True,
603053.SH,603053,603053,成都燃气,主板,沪市,主板,801160.SI,公用事业,801163.SI,燃气Ⅱ,燃气Ⅱ,L,20191217,2456,6.72,8.83,-0.451,15.789,False,True,True,0,0,0,0,True,
603055.SH,603055,603055,台华新材,主板,沪市,主板,801130.SI,纺织服饰,801131.SI,纺织制造,纺织制造,L,20170921,3273,8.96,9.43,0.533,13.483,False,True,True,0,0,0,0,True,
603057.SH,603057,603057,紫燕食品,主板,沪市,主板,801120.SI,食品饮料,801128.SI,休闲食品,休闲食品,L,20220926,1442,3.95,20.55,-0.677,34.483,False,True,True,0,0,0,0,True,
603058.SH,603058,603058,永吉股份,主板,沪市,主板,801140.SI,轻工制造,801141.SI,包装印刷,包装印刷,L,20161223,3545,9.71,9.77,-3.267,10.204,False,True,True,0,0,0,0,True,
603059.SH,603059,603059,倍加洁,主板,沪市,主板,801980.SI,美容护理,801981.SI,个护用品,个护用品,L,20180302,3111,8.52,25.39,1.479,25.301,False,True,True,0,0,0,0,True,
603060.SH,603060,603060,国检集团,主板,沪市,主板,801210.SI,社会服务,801218.SI,专业服务,专业服务,L,20161109,3589,9.83,5.57,0.0,32.143,False,True,True,0,0,0,0,True,
603061.SH,603061,603061,金海通,主板,沪市,主板,801080.SI,电子,801081.SI,半导体,半导体,L,20230303,1284,3.52,322.51,4.606,10.811,False,True,True,0,0,0,0,True,
603062.SH,603062,603062,麦加芯彩,主板,沪市,主板,801030.SI,基础化工,801034.SI,化学制品,化学制品,L,20231107,1035,2.83,37.57,-1.598,19.231,False,True,True,0,0,0,0,True,
603063.SH,603063,603063,禾望电气,主板,沪市,主板,801730.SI,电力设备,801736.SI,风电设备,风电设备,L,20170728,3328,9.11,31.7,2.456,10.0,False,True,True,0,0,0,0,True,
603065.SH,603065,603065,宿迁联盛,主板,沪市,主板,801030.SI,基础化工,801034.SI,化学制品,化学制品,L,20230321,1266,3.47,14.61,1.812,17.47,False,True,True,0,0,0,0,True,
603066.SH,603066,603066,音飞储存,主板,沪市,主板,801170.SI,交通运输,801178.SI,物流,物流,L,20150611,4106,11.24,9.22,0.986,17.582,False,True,True,0,0,0,0,True,
603067.SH,603067,603067,振华股份,主板,沪市,主板,801030.SI,基础化工,801033.SI,化学原料,化学原料,L,20160913,3646,9.98,38.15,3.248,15.493,False,True,True,0,0,0,0,True,
603068.SH,603068,603068,博通集成,主板,沪市,主板,801080.SI,电子,801081.SI,半导体,半导体,L,20190415,2702,7.4,39.42,-0.705,11.194,False,True,True,0,0,0,0,True,
603069.SH,603069,603069,海汽集团,主板,沪市,主板,801170.SI,交通运输,801179.SI,铁路公路,铁路公路,L,20160712,3709,10.15,13.98,0.721,36.364,False,True,True,0,0,0,0,True,
603070.SH,603070,603070,万控智造,主板,沪市,主板,801730.SI,电力设备,801738.SI,电网设备,电网设备,L,20220310,1642,4.5,11.89,0.677,53.39,False,True,True,0,0,0,0,True,
603071.SH,603071,603071,物产环能,主板,沪市,主板,801950.SI,煤炭,801951.SI,煤炭开采,煤炭开采,L,20211216,1726,4.73,12.63,-0.473,16.535,False,True,True,0,0,0,0,True,
603073.SH,603073,603073,彩蝶实业,主板,沪市,主板,801030.SI,基础化工,801032.SI,化学纤维,化学纤维,L,20230316,1271,3.48,17.14,0.942,10.241,False,True,True,0,0,0,0,True,
603075.SH,603075,603075,热威股份,主板,沪市,主板,801110.SI,家用电器,801116.SI,家电零部件Ⅱ,家电零部件Ⅱ,L,20230911,1092,2.99,19.03,-0.627,3.109,False,True,True,0,0,0,0,True,
603076.SH,603076,603076,乐惠国际,主板,沪市,主板,801890.SI,机械设备,801074.SI,专用设备,专用设备,L,20171113,3220,8.82,21.02,0.719,9.615,False,True,True,0,0,0,0,True,
603077.SH,603077,603077,和邦生物,主板,沪市,主板,801030.SI,基础化工,801038.SI,农化制品,农化制品,L,20120731,5151,14.1,2.3,0.0,4.167,False,True,True,0,0,0,0,True,
603078.SH,603078,603078,江化微,主板,沪市,主板,801080.SI,电子,801086.SI,电子化学品Ⅱ,电子化学品Ⅱ,L,20170410,3437,9.41,32.69,3.679,11.628,False,True,True,0,0,0,0,True,
603079.SH,603079,603079,圣达生物,主板,沪市,主板,801030.SI,基础化工,801034.SI,化学制品,化学制品,L,20170823,3302,9.04,13.08,1.553,9.091,False,True,True,0,0,0,0,True,
603080.SH,603080,603080,新疆火炬,主板,沪市,主板,801160.SI,公用事业,801163.SI,燃气Ⅱ,燃气Ⅱ,L,20180103,3169,8.68,20.29,-1.361,14.286,False,True,True,0,0,0,0,True,
603081.SH,603081,603081,大丰实业,主板,沪市,主板,801890.SI,机械设备,801074.SI,专用设备,专用设备,L,20170420,3427,9.38,9.94,-1.095,34.694,False,True,True,0,0,0,0,True,
603082.SH,603082,603082,北自科技,主板,沪市,主板,801890.SI,机械设备,801078.SI,自动化设备,自动化设备,L,20240130,951,2.6,46.91,6.978,4.425,False,True,True,0,0,0,0,True,
603083.SH,603083,603083,剑桥科技,主板,沪市,主板,801770.SI,通信,801102.SI,通信设备,通信设备,L,20171110,3223,8.82,207.21,10.002,10.101,False,True,True,0,0,0,0,True,
603085.SH,603085,603085,天成自控,主板,沪市,主板,801880.SI,汽车,801093.SI,汽车零部件,汽车零部件,L,20150630,4087,11.19,10.03,-0.987,17.647,False,True,True,0,0,0,0,True,
603086.SH,603086,603086,先达股份,主板,沪市,主板,801030.SI,基础化工,801038.SI,农化制品,农化制品,L,20170511,3406,9.33,6.26,1.789,16.129,False,True,True,0,0,0,0,True,
603087.SH,603087,603087,甘李药业,主板,沪市,主板,801150.SI,医药生物,801152.SI,生物制品,生物制品,L,20200629,2261,6.19,69.12,-1.398,14.634,False,True,True,0,0,0,0,True,
603088.SH,603088,603088,宁波精达,主板,沪市,主板,801890.SI,机械设备,801072.SI,通用设备,通用设备,L,20141111,4318,11.82,10.23,0.0,14.141,False,True,True,0,0,0,0,True,
603089.SH,603089,603089,正裕工业,主板,沪市,主板,801880.SI,汽车,801093.SI,汽车零部件,汽车零部件,L,20170126,3511,9.61,9.8,1.031,10.891,False,True,True,0,0,0,0,True,
603090.SH,603090,603090,宏盛股份,主板,沪市,主板,801890.SI,机械设备,801072.SI,通用设备,通用设备,L,20160831,3659,10.02,42.83,0.895,11.905,False,True,True,0,0,0,0,True,
603093.SH,603093,603093,南华期货,主板,沪市,主板,801790.SI,非银金融,801191.SI,多元金融,多元金融,L,20190830,2565,7.02,13.14,-2.595,13.953,False,True,True,0,0,0,0,True,
603095.SH,603095,603095,越剑智能,主板,沪市,主板,801890.SI,机械设备,801074.SI,专用设备,专用设备,L,20200415,2336,6.4,14.98,-1.963,12.658,False,True,True,0,0,0,0,True,
603096.SH,603096,603096,新经典,主板,沪市,主板,801760.SI,传媒,801769.SI,出版,出版,L,20170425,3422,9.37,15.84,0.828,20.0,False,True,True,0,0,0,0,True,
603097.SH,603097,603097,江苏华辰,主板,沪市,主板,801730.SI,电力设备,801738.SI,电网设备,电网设备,L,20220512,1579,4.32,19.21,1.105,22.917,False,True,True,0,0,0,0,True,
603098.SH,603098,603098,森特股份,主板,沪市,主板,801720.SI,建筑装饰,801724.SI,专业工程,专业工程,L,20161216,3552,9.72,11.26,3.779,38.095,False,True,True,0,0,0,0,True,
603099.SH,603099,603099,长白山,主板,沪市,主板,801210.SI,社会服务,801993.SI,旅游及景区,旅游及景区,L,20140822,4399,12.04,39.04,1.403,9.231,False,True,True,0,0,0,0,True,
603100.SH,603100,603100,川仪股份,主板,沪市,主板,801890.SI,机械设备,801072.SI,通用设备,通用设备,L,20140805,4416,12.09,18.81,-0.529,14.754,False,True,True,0,0,0,0,True,
603101.SH,603101,603101,汇嘉时代,主板,沪市,主板,801200.SI,商贸零售,801203.SI,一般零售,一般零售,L,20160506,3776,10.34,7.89,2.601,10.959,False,True,True,0,0,0,0,True,
603102.SH,603102,603102,百合股份,主板,沪市,主板,801120.SI,食品饮料,801124.SI,食品加工,食品加工,L,20220125,1686,4.62,38.38,-0.827,10.0,False,True,True,0,0,0,0,True,
603103.SH,603103,603103,横店影视,主板,沪市,主板,801760.SI,传媒,801766.SI,影视院线,影视院线,L,20171012,3252,8.9,16.16,1.317,51.948,False,True,True,0,0,0,0,True,
603105.SH,603105,603105,芯能科技,主板,沪市,主板,801160.SI,公用事业,801161.SI,电力,电力,L,20180709,2982,8.16,7.77,-2.018,10.256,False,True,True,0,0,0,0,True,
603106.SH,603106,603106,恒银科技,主板,沪市,主板,801750.SI,计算机,801101.SI,计算机设备,计算机设备,L,20170920,3274,8.96,7.95,-1.609,7.407,False,True,True,0,0,0,0,True,
603107.SH,603107,603107,上海汽配,主板,沪市,主板,801880.SI,汽车,801093.SI,汽车零部件,汽车零部件,L,20231101,1041,2.85,12.13,0.664,8.403,False,True,True,0,0,0,0,True,
603108.SH,603108,603108,润达医疗,主板,沪市,主板,801150.SI,医药生物,801154.SI,医药商业,医药商业,L,20150527,4121,11.28,9.85,-0.203,10.0,False,True,True,0,0,0,0,True,
603109.SH,603109,603109,神驰机电,主板,沪市,主板,801880.SI,汽车,801093.SI,汽车零部件,汽车零部件,L,20191231,2442,6.69,17.38,0.058,32.759,False,True,True,0,0,0,0,True,
603110.SH,603110,603110,东方材料,主板,沪市,主板,801030.SI,基础化工,801034.SI,化学制品,化学制品,L,20171013,3251,8.9,24.49,-5.444,8.835,False,True,True,0,0,0,0,True,
603111.SH,603111,603111,康尼机电,主板,沪市,主板,801890.SI,机械设备,801076.SI,轨交设备Ⅱ,轨交设备Ⅱ,L,20140801,4420,12.1,6.26,-0.16,14.754,False,True,True,0,0,0,0,True,
603112.SH,603112,603112,华翔股份,主板,沪市,主板,801110.SI,家用电器,801116.SI,家电零部件Ⅱ,家电零部件Ⅱ,L,20200917,2181,5.97,17.34,5.667,13.939,False,True,True,0,0,0,0,True,
603113.SH,603113,603113,金能科技,主板,沪市,主板,801030.SI,基础化工,801033.SI,化学原料,化学原料,L,20170511,3406,9.33,5.39,-3.75,22.222,False,True,True,0,0,0,0,True,
603115.SH,603115,603115,海星股份,主板,沪市,主板,801050.SI,有色金属,801055.SI,工业金属,工业金属,L,20190809,2586,7.08,81.94,5.484,12.121,False,True,True,0,0,0,0,True,
603116.SH,603116,603116,红蜻蜓,主板,沪市,主板,801130.SI,纺织服饰,801132.SI,服装家纺,服装家纺,L,20150629,4088,11.19,6.33,-0.628,19.355,False,True,True,0,0,0,0,True,
603117.SH,603117,603117,万林物流,主板,沪市,主板,801170.SI,交通运输,801178.SI,物流,物流,L,20150629,4088,11.19,4.13,1.474,21.053,False,True,True,0,0,0,0,True,
603118.SH,603118,603118,共进股份,主板,沪市,主板,801770.SI,通信,801102.SI,通信设备,通信设备,L,20150225,4212,11.53,17.89,10.025,7.345,False,True,True,0,0,0,0,True,
603119.SH,603119,603119,浙江荣泰,主板,沪市,主板,801880.SI,汽车,801093.SI,汽车零部件,汽车零部件,L,20230801,1133,3.1,51.65,10.011,15.556,False,True,True,0,0,0,0,True,
603121.SH,603121,603121,华培动力,主板,沪市,主板,801880.SI,汽车,801093.SI,汽车零部件,汽车零部件,L,20190111,2796,7.66,13.41,0.449,19.403,False,True,True,0,0,0,0,True,
603122.SH,603122,603122,合富中国,主板,沪市,主板,801150.SI,医药生物,801154.SI,医药商业,医药商业,L,20220216,1664,4.56,13.76,1.475,15.079,False,True,True,0,0,0,0,True,
603123.SH,603123,603123,翠微股份,主板,沪市,主板,801200.SI,商贸零售,801203.SI,一般零售,一般零售,L,20120503,5240,14.35,11.76,5.188,16.981,False,True,True,0,0,0,0,True,
603125.SH,603125,603125,常青科技,主板,沪市,主板,801030.SI,基础化工,801034.SI,化学制品,化学制品,L,20230410,1246,3.41,22.78,-0.088,42.979,False,True,True,0,0,0,0,True,
603126.SH,603126,603126,中材节能,主板,沪市,主板,801970.SI,环保,801972.SI,环保设备Ⅱ,环保设备Ⅱ,L,20140731,4421,12.1,6.3,-0.787,29.032,False,True,True,0,0,0,0,True,
603127.SH,603127,603127,昭衍新药,主板,沪市,主板,801150.SI,医药生物,801156.SI,医疗服务,医疗服务,L,20170825,3300,9.03,42.82,-0.28,15.385,False,True,True,0,0,0,0,True,
603128.SH,603128,603128,华贸物流,主板,沪市,主板,801170.SI,交通运输,801178.SI,物流,物流,L,20120529,5214,14.28,5.69,1.607,11.321,False,True,True,0,0,0,0,True,
603129.SH,603129,603129,春风动力,主板,沪市,主板,801880.SI,汽车,801881.SI,摩托车及其他,摩托车及其他,L,20170818,3307,9.05,288.6,-2.678,18.269,False,True,True,0,0,0,0,True,
603130.SH,603130,603130,云中马,主板,沪市,主板,801130.SI,纺织服饰,801131.SI,纺织制造,纺织制造,L,20221118,1389,3.8,38.35,0.445,18.627,False,True,True,0,0,0,0,True,
603131.SH,603131,603131,上海沪工,主板,沪市,主板,801890.SI,机械设备,801072.SI,通用设备,通用设备,L,20160607,3744,10.25,14.42,-0.893,14.583,False,True,True,0,0,0,0,True,
603132.SH,603132,603132,金徽股份,主板,沪市,主板,801050.SI,有色金属,801055.SI,工业金属,工业金属,L,20220222,1658,4.54,19.88,0.709,22.951,False,True,True,0,0,0,0,True,
603135.SH,603135,603135,中重科技,主板,沪市,主板,801890.SI,机械设备,801074.SI,专用设备,专用设备,L,20230410,1246,3.41,9.12,1.221,47.312,False,True,True,0,0,0,0,True,
603136.SH,603136,603136,天目湖,主板,沪市,主板,801210.SI,社会服务,801993.SI,旅游及景区,旅游及景区,L,20170927,3267,8.94,9.57,2.026,13.187,False,True,True,0,0,0,0,True,
603138.SH,603138,603138,海量数据,主板,沪市,主板,801750.SI,计算机,801103.SI,IT服务Ⅱ,IT服务Ⅱ,L,20170306,3472,9.51,14.75,-3.783,18.056,False,True,True,0,0,0,0,True,
603139.SH,603139,603139,康惠股份,主板,沪市,主板,801150.SI,医药生物,801155.SI,中药Ⅱ,中药Ⅱ,L,20170421,3426,9.38,37.34,2.134,12.088,False,True,True,0,0,0,0,True,
603150.SH,603150,603150,万朗磁塑,主板,沪市,主板,801030.SI,基础化工,801036.SI,塑料,塑料,L,20220124,1687,4.62,69.49,4.481,31.973,False,True,True,0,0,0,0,True,
603151.SH,603151,603151,邦基科技,主板,沪市,主板,801010.SI,农林牧渔,801014.SI,饲料,饲料,L,20221019,1419,3.89,18.39,1.434,35.897,False,True,True,0,0,0,0,True,
603153.SH,603153,603153,上海建科,主板,沪市,主板,801720.SI,建筑装饰,801726.SI,工程咨询服务Ⅱ,工程咨询服务Ⅱ,L,20230313,1274,3.49,13.39,0.904,9.449,False,True,True,0,0,0,0,True,
603155.SH,603155,603155,新亚强,主板,沪市,主板,801030.SI,基础化工,801034.SI,化学制品,化学制品,L,20200901,2197,6.02,13.59,0.891,19.565,False,True,True,0,0,0,0,True,
603156.SH,603156,603156,养元饮品,主板,沪市,主板,801120.SI,食品饮料,801127.SI,饮料乳品,饮料乳品,L,20180212,3129,8.57,41.2,1.905,27.2,False,True,True,0,0,0,0,True,
603158.SH,603158,603158,腾龙股份,主板,沪市,主板,801880.SI,汽车,801093.SI,汽车零部件,汽车零部件,L,20150320,4189,11.47,11.19,0.629,12.037,False,True,True,0,0,0,0,True,
603160.SH,603160,603160,汇顶科技,主板,沪市,主板,801080.SI,电子,801081.SI,半导体,半导体,L,20161017,3612,9.89,52.84,1.518,25.0,False,True,True,0,0,0,0,True,
603161.SH,603161,603161,科华控股,主板,沪市,主板,801880.SI,汽车,801093.SI,汽车零部件,汽车零部件,L,20180105,3167,8.67,17.86,3.536,12.865,False,True,True,0,0,0,0,True,
603162.SH,603162,603162,海通发展,主板,沪市,主板,801170.SI,交通运输,801992.SI,航运港口,航运港口,L,20230329,1258,3.44,14.13,-3.484,11.972,False,True,True,0,0,0,0,True,
603163.SH,603163,603163,圣晖集成,主板,沪市,主板,801720.SI,建筑装饰,801724.SI,专业工程,专业工程,L,20221013,1425,3.9,77.83,2.139,16.393,False,True,True,0,0,0,0,True,
603165.SH,603165,603165,荣晟环保,主板,沪市,主板,801140.SI,轻工制造,801143.SI,造纸,造纸,L,20170117,3520,9.64,15.0,1.42,12.676,False,True,True,0,0,0,0,True,
603166.SH,603166,603166,福达股份,主板,沪市,主板,801880.SI,汽车,801093.SI,汽车零部件,汽车零部件,L,20141127,4302,11.78,11.28,1.989,26.786,False,True,True,0,0,0,0,True,
603167.SH,603167,603167,渤海轮渡,主板,沪市,主板,801170.SI,交通运输,801992.SI,航运港口,航运港口,L,20120906,5114,14.0,8.15,0.0,6.977,False,True,True,0,0,0,0,True,
603168.SH,603168,603168,莎普爱思,主板,沪市,主板,801150.SI,医药生物,801151.SI,化学制药,化学制药,L,20140702,4450,12.18,6.01,2.56,21.053,False,True,True,0,0,0,0,True,
603169.SH,603169,603169,兰石重装,主板,沪市,主板,801890.SI,机械设备,801074.SI,专用设备,专用设备,L,20141009,4351,11.91,6.51,-1.513,29.412,False,True,True,0,0,0,0,True,
603170.SH,603170,603170,宝立食品,主板,沪市,主板,801120.SI,食品饮料,801129.SI,调味发酵品Ⅱ,调味发酵品Ⅱ,L,20220715,1515,4.15,12.85,-0.155,14.286,False,True,True,0,0,0,0,True,
603171.SH,603171,603171,税友股份,主板,沪市,主板,801750.SI,计算机,801103.SI,IT服务Ⅱ,IT服务Ⅱ,L,20210630,1895,5.19,43.7,-2.499,16.814,False,True,True,0,0,0,0,True,
603172.SH,603172,603172,万丰股份,主板,沪市,主板,801030.SI,基础化工,801034.SI,化学制品,化学制品,L,20230510,1216,3.33,18.74,-0.689,25.287,False,True,True,0,0,0,0,True,
603173.SH,603173,603173,福斯达,主板,沪市,主板,801890.SI,机械设备,801074.SI,专用设备,专用设备,L,20230130,1316,3.6,30.24,0.498,25.882,False,True,True,0,0,0,0,True,
603176.SH,603176,603176,汇通集团,主板,沪市,主板,801720.SI,建筑装饰,801723.SI,基础建设,基础建设,L,20211231,1711,4.68,5.44,-0.911,24.0,False,True,True,0,0,0,0,True,
603177.SH,603177,603177,德创环保,主板,沪市,主板,801970.SI,环保,801971.SI,环境治理,环境治理,L,20170207,3499,9.58,10.78,2.083,19.811,False,True,True,0,0,0,0,True,
603178.SH,603178,603178,圣龙股份,主板,沪市,主板,801880.SI,汽车,801093.SI,汽车零部件,汽车零部件,L,20170328,3450,9.45,17.5,0.0,9.091,False,True,True,0,0,0,0,True,
603179.SH,603179,603179,新泉股份,主板,沪市,主板,801880.SI,汽车,801093.SI,汽车零部件,汽车零部件,L,20170317,3461,9.48,41.64,5.551,12.0,False,True,True,0,0,0,0,True,
603180.SH,603180,603180,金牌家居,主板,沪市,主板,801140.SI,轻工制造,801142.SI,家居用品,家居用品,L,20170512,3405,9.32,15.99,1.653,28.947,False,True,True,0,0,0,0,True,
603181.SH,603181,603181,皇马科技,主板,沪市,主板,801030.SI,基础化工,801034.SI,化学制品,化学制品,L,20170824,3301,9.04,12.75,0.0,26.515,False,True,True,0,0,0,0,True,
603182.SH,603182,603182,嘉华股份,主板,沪市,主板,801010.SI,农林牧渔,801012.SI,农产品加工,农产品加工,L,20220909,1459,3.99,13.98,1.895,17.829,False,True,True,0,0,0,0,True,
603183.SH,603183,603183,建研院,主板,沪市,主板,801210.SI,社会服务,801218.SI,专业服务,专业服务,L,20170905,3289,9.0,4.9,0.41,14.894,False,True,True,0,0,0,0,True,
603185.SH,603185,603185,弘元绿能,主板,沪市,主板,801730.SI,电力设备,801735.SI,光伏设备,光伏设备,L,20181228,2810,7.69,15.16,2.571,20.0,False,True,True,0,0,0,0,True,
603186.SH,603186,603186,华正新材,主板,沪市,主板,801080.SI,电子,801083.SI,元件,元件,L,20170103,3534,9.68,186.09,10.002,5.405,False,True,True,0,0,0,0,True,
603187.SH,603187,603187,海容冷链,主板,沪市,主板,801890.SI,机械设备,801072.SI,通用设备,通用设备,L,20181129,2839,7.77,11.05,0.455,13.793,False,True,True,0,0,0,0,True,
603188.SH,603188,603188,亚邦股份,主板,沪市,主板,801030.SI,基础化工,801034.SI,化学制品,化学制品,L,20140909,4381,11.99,4.96,1.639,8.333,False,True,True,0,0,0,0,True,
603190.SH,603190,603190,亚通精工,主板,沪市,主板,801880.SI,汽车,801093.SI,汽车零部件,汽车零部件,L,20230217,1298,3.55,16.68,0.421,11.585,False,True,True,0,0,0,0,True,
603191.SH,603191,603191,望变电气,主板,沪市,主板,801730.SI,电力设备,801738.SI,电网设备,电网设备,L,20220428,1593,4.36,15.73,-0.443,9.091,False,True,True,0,0,0,0,True,
603192.SH,603192,603192,汇得科技,主板,沪市,主板,801030.SI,基础化工,801034.SI,化学制品,化学制品,L,20180828,2932,8.03,20.89,10.005,15.942,False,True,True,0,0,0,0,True,
603193.SH,603193,603193,润本股份,主板,沪市,主板,801980.SI,美容护理,801981.SI,个护用品,个护用品,L,20231017,1056,2.89,21.5,-1.557,6.604,False,True,True,0,0,0,0,True,
603195.SH,603195,603195,公牛集团,主板,沪市,主板,801140.SI,轻工制造,801142.SI,家居用品,家居用品,L,20200206,2405,6.58,38.66,-1.629,20.29,False,True,True,0,0,0,0,True,
603196.SH,603196,603196,璞源材料,主板,沪市,主板,801130.SI,纺织服饰,801132.SI,服装家纺,服装家纺,L,20170531,3386,9.27,18.93,0.424,37.037,False,True,True,0,0,0,0,True,
603197.SH,603197,603197,保隆科技,主板,沪市,主板,801880.SI,汽车,801093.SI,汽车零部件,汽车零部件,L,20170519,3398,9.3,30.2,-0.231,8.0,False,True,True,0,0,0,0,True,
603198.SH,603198,603198,迎驾贡酒,主板,沪市,主板,801120.SI,食品饮料,801125.SI,白酒Ⅱ,白酒Ⅱ,L,20150528,4120,11.28,40.99,-0.146,20.755,False,True,True,0,0,0,0,True,
603199.SH,603199,603199,九华旅游,主板,沪市,主板,801210.SI,社会服务,801993.SI,旅游及景区,旅游及景区,L,20150326,4183,11.45,34.56,1.379,8.235,False,True,True,0,0,0,0,True,
603200.SH,603200,603200,上海洗霸,主板,沪市,主板,801970.SI,环保,801971.SI,环境治理,环境治理,L,20170601,3385,9.27,40.3,-1.946,11.321,False,True,True,0,0,0,0,True,
603201.SH,603201,603201,常润股份,主板,沪市,主板,801880.SI,汽车,801093.SI,汽车零部件,汽车零部件,L,20220729,1501,4.11,15.59,0.129,13.208,False,True,True,0,0,0,0,True,
603203.SH,603203,603203,快克智能,主板,沪市,主板,801890.SI,机械设备,801078.SI,自动化设备,自动化设备,L,20161108,3590,9.83,43.59,6.317,11.29,False,True,True,0,0,0,0,True,
603206.SH,603206,603206,嘉环科技,主板,沪市,主板,801770.SI,通信,801223.SI,通信服务,通信服务,L,20220506,1585,4.34,13.89,-0.998,15.827,False,True,True,0,0,0,0,True,
603207.SH,603207,603207,小方制药,主板,沪市,主板,801150.SI,医药生物,801151.SI,化学制药,化学制药,L,20240826,742,2.03,25.41,0.753,6.25,False,True,True,0,0,0,0,True,
603208.SH,603208,603208,江山欧派,主板,沪市,主板,801140.SI,轻工制造,801142.SI,家居用品,家居用品,L,20170210,3496,9.57,11.52,1.409,21.429,False,True,True,0,0,0,0,True,
603209.SH,603209,603209,兴通股份,主板,沪市,主板,801170.SI,交通运输,801992.SI,航运港口,航运港口,L,20220324,1628,4.46,14.48,-0.481,8.511,False,True,True,0,0,0,0,True,
603211.SH,603211,603211,晋拓股份,主板,沪市,主板,801880.SI,汽车,801093.SI,汽车零部件,汽车零部件,L,20220725,1505,4.12,20.9,0.578,26.957,False,True,True,0,0,0,0,True,
603212.SH,603212,603212,赛伍技术,主板,沪市,主板,801730.SI,电力设备,801735.SI,光伏设备,光伏设备,L,20200430,2321,6.35,11.16,0.09,14.159,False,True,True,0,0,0,0,True,
603213.SH,603213,603213,镇洋发展,主板,沪市,主板,801030.SI,基础化工,801033.SI,化学原料,化学原料,L,20211111,1761,4.82,13.8,-0.361,7.246,False,True,True,0,0,0,0,True,
603214.SH,603214,603214,爱婴室,主板,沪市,主板,801200.SI,商贸零售,801204.SI,专业连锁Ⅱ,专业连锁Ⅱ,L,20180330,3083,8.44,13.92,0.216,12.593,False,True,True,0,0,0,0,True,
603215.SH,603215,603215,比依股份,主板,沪市,主板,801110.SI,家用电器,801113.SI,小家电,小家电,L,20220218,1662,4.55,14.78,3.068,27.891,False,True,True,0,0,0,0,True,
603216.SH,603216,603216,梦天家居,主板,沪市,主板,801140.SI,轻工制造,801142.SI,家居用品,家居用品,L,20211215,1727,4.73,22.16,0.272,13.636,False,True,True,0,0,0,0,True,
603217.SH,603217,603217,元利科技,主板,沪市,主板,801030.SI,基础化工,801034.SI,化学制品,化学制品,L,20190620,2636,7.22,29.16,0.552,29.213,False,True,True,0,0,0,0,True,
603218.SH,603218,603218,日月股份,主板,沪市,主板,801730.SI,电力设备,801736.SI,风电设备,风电设备,L,20161228,3540,9.69,9.22,-0.216,40.0,False,True,True,0,0,0,0,True,
603219.SH,603219,603219,富佳股份,主板,沪市,主板,801110.SI,家用电器,801113.SI,小家电,小家电,L,20211122,1750,4.79,13.22,1.536,31.544,False,True,True,0,0,0,0,True,
603220.SH,603220,603220,中贝通信,主板,沪市,主板,801770.SI,通信,801223.SI,通信服务,通信服务,L,20181115,2853,7.81,18.61,1.528,9.677,False,True,True,0,0,0,0,True,
603222.SH,603222,603222,济民健康,主板,沪市,主板,801150.SI,医药生物,801153.SI,医疗器械,医疗器械,L,20150217,4220,11.55,8.09,0.497,10.714,False,True,True,0,0,0,0,True,
603223.SH,603223,603223,恒通股份,主板,沪市,主板,801960.SI,石油石化,801963.SI,炼化及贸易,炼化及贸易,L,20150630,4087,11.19,10.62,3.207,23.364,False,True,True,0,0,0,0,True,
603225.SH,603225,603225,新凤鸣,主板,沪市,主板,801030.SI,基础化工,801032.SI,化学纤维,化学纤维,L,20170418,3429,9.39,18.81,-5.667,17.188,False,True,True,0,0,0,0,True,
603226.SH,603226,603226,菲林格尔,主板,沪市,主板,801140.SI,轻工制造,801142.SI,家居用品,家居用品,L,20170615,3371,9.23,34.54,0.174,39.474,False,True,True,0,0,0,0,True,
603227.SH,603227,603227,雪峰科技,主板,沪市,主板,801030.SI,基础化工,801034.SI,化学制品,化学制品,L,20150515,4133,11.32,7.68,-0.26,21.795,False,True,True,0,0,0,0,True,
603228.SH,603228,603228,景旺电子,主板,沪市,主板,801080.SI,电子,801083.SI,元件,元件,L,20170106,3531,9.67,105.97,9.996,12.5,False,True,True,0,0,0,0,True,
603229.SH,603229,603229,奥翔药业,主板,沪市,主板,801150.SI,医药生物,801151.SI,化学制药,化学制药,L,20170509,3408,9.33,7.88,1.155,22.222,False,True,True,0,0,0,0,True,
603230.SH,603230,603230,内蒙新华,主板,沪市,主板,801760.SI,传媒,801769.SI,出版,出版,L,20211224,1718,4.7,9.95,1.531,26.316,False,True,True,0,0,0,0,True,
603231.SH,603231,603231,索宝蛋白,主板,沪市,主板,801010.SI,农林牧渔,801012.SI,农产品加工,农产品加工,L,20231215,997,2.73,16.86,1.019,11.18,False,True,True,0,0,0,0,True,
603232.SH,603232,603232,格尔软件,主板,沪市,主板,801750.SI,计算机,801104.SI,软件开发,软件开发,L,20170421,3426,9.38,15.58,-2.259,10.256,False,True,True,0,0,0,0,True,
603233.SH,603233,603233,大参林,主板,沪市,主板,801150.SI,医药生物,801154.SI,医药商业,医药商业,L,20170731,3325,9.1,18.41,-2.022,13.889,False,True,True,0,0,0,0,True,
603235.SH,603235,603235,天新药业,主板,沪市,主板,801030.SI,基础化工,801034.SI,化学制品,化学制品,L,20220712,1518,4.16,25.3,2.016,12.5,False,True,True,0,0,0,0,True,
603236.SH,603236,603236,移远通信,主板,沪市,主板,801770.SI,通信,801102.SI,通信设备,通信设备,L,20190716,2610,7.15,63.22,1.689,18.824,False,True,True,0,0,0,0,True,
603237.SH,603237,603237,五芳斋,主板,沪市,主板,801120.SI,食品饮料,801124.SI,食品加工,食品加工,L,20220831,1468,4.02,16.14,-0.554,23.129,False,True,True,0,0,0,0,True,
603238.SH,603238,603238,诺邦股份,主板,沪市,主板,801130.SI,纺织服饰,801131.SI,纺织制造,纺织制造,L,20170222,3484,9.54,12.37,-0.563,10.0,False,True,True,0,0,0,0,True,
603239.SH,603239,603239,浙江仙通,主板,沪市,主板,801880.SI,汽车,801093.SI,汽车零部件,汽车零部件,L,20161230,3538,9.69,14.4,1.053,27.778,False,True,True,0,0,0,0,True,
603255.SH,603255,603255,鼎际得,主板,沪市,主板,801030.SI,基础化工,801034.SI,化学制品,化学制品,L,20220818,1481,4.05,31.73,4.033,16.129,False,True,True,0,0,0,0,True,
603256.SH,603256,603256,宏和科技,主板,沪市,主板,801710.SI,建筑材料,801712.SI,玻璃玻纤,玻璃玻纤,L,20190719,2607,7.14,123.82,2.593,47.059,False,True,True,0,0,0,0,True,
603258.SH,603258,603258,电魂网络,主板,沪市,主板,801760.SI,传媒,801764.SI,游戏Ⅱ,游戏Ⅱ,L,20161026,3603,9.86,13.91,1.533,18.182,False,True,True,0,0,0,0,True,
603259.SH,603259,603259,药明康德,主板,沪市,主板,801150.SI,医药生物,801156.SI,医疗服务,医疗服务,L,20180508,3044,8.33,153.25,-0.377,15.888,False,True,True,0,0,0,0,True,
603260.SH,603260,603260,合盛硅业,主板,沪市,主板,801030.SI,基础化工,801034.SI,化学制品,化学制品,L,20171030,3234,8.85,32.69,-0.608,36.842,False,True,True,0,0,0,0,True,
603266.SH,603266,603266,天龙股份,主板,沪市,主板,801880.SI,汽车,801093.SI,汽车零部件,汽车零部件,L,20170110,3527,9.66,16.4,-1.264,19.512,False,True,True,0,0,0,0,True,
603267.SH,603267,603267,鸿远电子,主板,沪市,主板,801740.SI,国防军工,801745.SI,军工电子Ⅱ,军工电子Ⅱ,L,20190515,2672,7.32,48.01,1.074,10.526,False,True,True,0,0,0,0,True,
603268.SH,603268,603268,松发股份,主板,沪市,主板,801740.SI,国防军工,801744.SI,航海装备Ⅱ,航海装备Ⅱ,L,20150319,4190,11.47,193.65,0.545,9.615,False,True,True,0,0,0,0,True,
603269.SH,603269,603269,海鸥股份,主板,沪市,主板,801890.SI,机械设备,801072.SI,通用设备,通用设备,L,20170517,3400,9.31,26.9,-1.861,8.088,False,True,True,0,0,0,0,True,
603270.SH,603270,603270,金帝股份,主板,沪市,主板,801890.SI,机械设备,801072.SI,通用设备,通用设备,L,20230901,1102,3.02,33.69,0.959,6.433,False,True,True,0,0,0,0,True,
603273.SH,603273,603273,天元智能,主板,沪市,主板,801890.SI,机械设备,801077.SI,工程机械,工程机械,L,20231023,1050,2.87,14.85,1.992,6.164,False,True,True,0,0,0,0,True,
603275.SH,603275,603275,众辰科技,主板,沪市,主板,801890.SI,机械设备,801078.SI,自动化设备,自动化设备,L,20230823,1111,3.04,36.89,1.738,12.295,False,True,True,0,0,0,0,True,
603276.SH,603276,603276,恒兴新材,主板,沪市,主板,801030.SI,基础化工,801034.SI,化学制品,化学制品,L,20230925,1078,2.95,16.6,1.653,6.962,False,True,True,0,0,0,0,True,
603277.SH,603277,603277,银都股份,主板,沪市,主板,801890.SI,机械设备,801072.SI,通用设备,通用设备,L,20170911,3283,8.99,11.43,0.705,47.967,False,True,True,0,0,0,0,True,
603278.SH,603278,603278,大业股份,主板,沪市,主板,801890.SI,机械设备,801072.SI,通用设备,通用设备,L,20171113,3220,8.82,9.43,2.389,7.609,False,True,True,0,0,0,0,True,
603279.SH,603279,603279,景津装备,主板,沪市,主板,801890.SI,机械设备,801072.SI,通用设备,通用设备,L,20190729,2597,7.11,11.39,0.264,29.032,False,True,True,0,0,0,0,True,
603280.SH,603280,603280,南方路机,主板,沪市,主板,801890.SI,机械设备,801077.SI,工程机械,工程机械,L,20221108,1399,3.83,27.16,-1.056,11.278,False,True,True,0,0,0,0,True,
603281.SH,603281,603281,江瀚新材,主板,沪市,主板,801030.SI,基础化工,801034.SI,化学制品,化学制品,L,20230131,1315,3.6,18.89,-0.053,35.211,False,True,True,0,0,0,0,True,
603282.SH,603282,603282,亚光股份,主板,沪市,主板,801970.SI,环保,801972.SI,环保设备Ⅱ,环保设备Ⅱ,L,20230315,1272,3.48,16.66,-0.12,21.569,False,True,True,0,0,0,0,True,
603283.SH,603283,603283,赛腾股份,主板,沪市,主板,801890.SI,机械设备,801078.SI,自动化设备,自动化设备,L,20171225,3178,8.7,45.55,4.233,7.576,False,True,True,0,0,0,0,True,
603285.SH,603285,603285,键邦股份,主板,沪市,主板,801030.SI,基础化工,801034.SI,化学制品,化学制品,L,20240705,794,2.17,31.66,0.732,8.108,False,True,True,0,0,0,0,True,
603286.SH,603286,603286,日盈电子,主板,沪市,主板,801880.SI,汽车,801093.SI,汽车零部件,汽车零部件,L,20170627,3359,9.2,47.36,10.012,13.514,False,True,True,0,0,0,0,True,
603288.SH,603288,603288,海天味业,主板,沪市,主板,801120.SI,食品饮料,801129.SI,调味发酵品Ⅱ,调味发酵品Ⅱ,L,20140211,4591,12.57,34.2,-0.581,106.061,False,True,True,0,0,0,0,True,
603289.SH,603289,603289,泰瑞机器,主板,沪市,主板,801890.SI,机械设备,801074.SI,专用设备,专用设备,L,20171031,3233,8.85,9.53,5.654,11.236,False,True,True,0,0,0,0,True,
603290.SH,603290,603290,斯达半导,主板,沪市,主板,801080.SI,电子,801081.SI,半导体,半导体,L,20200204,2407,6.59,86.4,0.935,14.815,False,True,True,0,0,0,0,True,
603291.SH,603291,603291,联合水务,主板,沪市,主板,801970.SI,环保,801971.SI,环境治理,环境治理,L,20230327,1260,3.45,8.91,0.0,13.953,False,True,True,0,0,0,0,True,
603296.SH,603296,603296,华勤技术,主板,沪市,主板,801080.SI,电子,801085.SI,消费电子,消费电子,L,20230808,1126,3.08,78.25,2.988,10.227,False,True,True,0,0,0,0,True,
603297.SH,603297,603297,永新光学,主板,沪市,主板,801080.SI,电子,801084.SI,光学光电子,光学光电子,L,20180910,2919,7.99,108.33,0.725,32.53,False,True,True,0,0,0,0,True,
603298.SH,603298,603298,杭叉集团,主板,沪市,主板,801890.SI,机械设备,801077.SI,工程机械,工程机械,L,20161227,3541,9.69,25.3,-1.326,12.644,False,True,True,0,0,0,0,True,
603299.SH,603299,603299,苏盐井神,主板,沪市,主板,801030.SI,基础化工,801033.SI,化学原料,化学原料,L,20151231,3903,10.69,8.85,-0.896,22.34,False,True,True,0,0,0,0,True,
603300.SH,603300,603300,海南华铁,主板,沪市,主板,801790.SI,非银金融,801191.SI,多元金融,多元金融,L,20150529,4119,11.28,4.85,-1.02,8.163,False,True,True,0,0,0,0,True,
603301.SH,603301,603301,振德医疗,主板,沪市,主板,801150.SI,医药生物,801153.SI,医疗器械,医疗器械,L,20180412,3070,8.41,79.94,-1.588,11.579,False,True,True,0,0,0,0,True,
603303.SH,603303,603303,得邦照明,主板,沪市,主板,801110.SI,家用电器,801115.SI,照明设备Ⅱ,照明设备Ⅱ,L,20170330,3448,9.44,24.61,-0.646,48.148,False,True,True,0,0,0,0,True,
603305.SH,603305,603305,旭升集团,主板,沪市,主板,801880.SI,汽车,801093.SI,汽车零部件,汽车零部件,L,20170710,3346,9.16,11.42,1.601,18.421,False,True,True,0,0,0,0,True,
603306.SH,603306,603306,华懋科技,主板,沪市,主板,801880.SI,汽车,801093.SI,汽车零部件,汽车零部件,L,20140926,4364,11.95,75.71,5.785,8.602,False,True,True,0,0,0,0,True,
603307.SH,603307,603307,扬州金泉,主板,沪市,主板,801130.SI,纺织服饰,801132.SI,服装家纺,服装家纺,L,20230216,1299,3.56,25.05,0.967,16.183,False,True,True,0,0,0,0,True,
603308.SH,603308,603308,应流股份,主板,沪市,主板,801890.SI,机械设备,801072.SI,通用设备,通用设备,L,20140122,4611,12.62,42.53,-2.944,16.071,False,True,True,0,0,0,0,True,
603309.SH,603309,603309,维力医疗,主板,沪市,主板,801150.SI,医药生物,801153.SI,医疗器械,医疗器械,L,20150302,4207,11.52,11.32,0.444,5.128,False,True,True,0,0,0,0,True,
603310.SH,603310,603310,巍华新材,主板,沪市,主板,801030.SI,基础化工,801034.SI,化学制品,化学制品,L,20240814,754,2.06,14.51,0.624,8.844,False,True,True,0,0,0,0,True,
603311.SH,603311,603311,金海高科,主板,沪市,主板,801110.SI,家用电器,801116.SI,家电零部件Ⅱ,家电零部件Ⅱ,L,20150518,4130,11.31,29.37,10.0,20.0,False,True,True,0,0,0,6,True,
603312.SH,603312,603312,西典新能,主板,沪市,主板,801730.SI,电力设备,801738.SI,电网设备,电网设备,L,20240111,970,2.66,32.75,2.376,7.477,False,True,True,0,0,0,0,True,
603313.SH,603313,603313,梦百合,主板,沪市,主板,801140.SI,轻工制造,801142.SI,家居用品,家居用品,L,20161013,3616,9.9,6.82,6.065,9.375,False,True,True,0,0,0,0,True,
603315.SH,603315,603315,福鞍股份,主板,沪市,主板,801970.SI,环保,801971.SI,环境治理,环境治理,L,20150424,4154,11.37,11.63,-0.683,15.0,False,True,True,0,0,0,0,True,
603316.SH,603316,603316,诚邦股份,主板,沪市,主板,801720.SI,建筑装饰,801723.SI,基础建设,基础建设,L,20170619,3367,9.22,13.58,1.952,10.87,False,True,True,0,0,0,0,True,
603317.SH,603317,603317,天味食品,主板,沪市,主板,801120.SI,食品饮料,801129.SI,调味发酵品Ⅱ,调味发酵品Ⅱ,L,20190416,2701,7.39,13.48,-0.517,11.594,False,True,True,0,0,0,0,True,
603318.SH,603318,603318,水发燃气,主板,沪市,主板,801160.SI,公用事业,801163.SI,燃气Ⅱ,燃气Ⅱ,L,20150424,4154,11.37,9.08,-2.784,11.579,False,True,True,0,0,0,0,True,
603319.SH,603319,603319,美湖股份,主板,沪市,主板,801880.SI,汽车,801093.SI,汽车零部件,汽车零部件,L,20161130,3568,9.77,30.51,4.63,15.278,False,True,True,0,0,0,0,True,
603320.SH,603320,603320,迪贝电气,主板,沪市,主板,801730.SI,电力设备,801731.SI,电机Ⅱ,电机Ⅱ,L,20170502,3415,9.35,18.02,1.464,12.069,False,True,True,0,0,0,0,True,
603321.SH,603321,603321,梅轮电梯,主板,沪市,主板,801890.SI,机械设备,801074.SI,专用设备,专用设备,L,20170915,3279,8.98,6.94,7.264,19.048,False,True,True,0,0,0,0,True,
603322.SH,603322,603322,超讯科技,主板,沪市,主板,801770.SI,通信,801223.SI,通信服务,通信服务,L,20160728,3693,10.11,28.76,5.891,10.606,False,True,True,0,0,0,0,True,
603323.SH,603323,603323,苏农银行,主板,沪市,主板,801780.SI,银行,801785.SI,农商行Ⅱ,农商行Ⅱ,L,20161129,3569,9.77,4.48,-1.104,9.302,False,True,True,0,0,0,0,True,
603324.SH,603324,603324,盛剑科技,主板,沪市,主板,801970.SI,环保,801972.SI,环保设备Ⅱ,环保设备Ⅱ,L,20210407,1979,5.42,26.18,2.667,10.294,False,True,True,0,0,0,0,True,
603325.SH,603325,603325,博隆技术,主板,沪市,主板,801890.SI,机械设备,801074.SI,专用设备,专用设备,L,20240110,971,2.66,54.46,0.11,8.889,False,True,True,0,0,0,0,True,
603326.SH,603326,603326,我乐家居,主板,沪市,主板,801140.SI,轻工制造,801142.SI,家居用品,家居用品,L,20170616,3370,9.23,7.77,2.778,21.429,False,True,True,0,0,0,0,True,
603327.SH,603327,603327,福蓉科技,主板,沪市,主板,801080.SI,电子,801085.SI,消费电子,消费电子,L,20190523,2664,7.29,9.23,0.435,8.511,False,True,True,0,0,0,0,True,
603328.SH,603328,603328,依顿电子,主板,沪市,主板,801080.SI,电子,801083.SI,元件,元件,L,20140701,4451,12.19,11.06,5.534,17.273,False,True,True,0,0,0,0,True,
603329.SH,603329,603329,上海雅仕,主板,沪市,主板,801170.SI,交通运输,801178.SI,物流,物流,L,20171229,3174,8.69,10.25,-0.678,9.709,False,True,True,0,0,0,0,True,
603330.SH,603330,603330,天洋新材,主板,沪市,主板,801030.SI,基础化工,801036.SI,塑料,塑料,L,20170213,3493,9.56,10.89,3.321,7.273,False,True,True,0,0,0,0,True,
603331.SH,603331,603331,百达精工,主板,沪市,主板,801890.SI,机械设备,801072.SI,通用设备,通用设备,L,20170705,3351,9.17,12.65,0.877,17.46,False,True,True,0,0,0,0,True,
603332.SH,603332,603332,苏州龙杰,主板,沪市,主板,801030.SI,基础化工,801032.SI,化学纤维,化学纤维,L,20190117,2790,7.64,11.83,0.51,15.044,False,True,True,0,0,0,0,True,
603333.SH,603333,603333,福华尚纬,主板,沪市,主板,801730.SI,电力设备,801738.SI,电网设备,电网设备,L,20120507,5236,14.34,9.9,-0.202,15.306,False,True,True,0,0,0,0,True,
603335.SH,603335,603335,迪生力,主板,沪市,主板,801880.SI,汽车,801093.SI,汽车零部件,汽车零部件,L,20170620,3366,9.22,6.41,-0.156,12.121,False,True,True,0,0,0,0,True,
603336.SH,603336,603336,宏辉果蔬,主板,沪市,主板,801010.SI,农林牧渔,801016.SI,种植业,种植业,L,20161124,3574,9.79,9.37,2.516,9.677,False,True,True,0,0,0,0,True,
603337.SH,603337,603337,杰克科技,主板,沪市,主板,801890.SI,机械设备,801074.SI,专用设备,专用设备,L,20170119,3518,9.63,37.23,-1.923,18.987,False,True,True,0,0,0,0,True,
603338.SH,603338,603338,浙江鼎力,主板,沪市,主板,801890.SI,机械设备,801077.SI,工程机械,工程机械,L,20150325,4184,11.46,58.96,1.813,16.279,False,True,True,0,0,0,0,True,
603339.SH,603339,603339,四方科技,主板,沪市,主板,801890.SI,机械设备,801072.SI,通用设备,通用设备,L,20160519,3763,10.3,12.58,0.319,22.143,False,True,True,0,0,0,0,True,
603341.SH,603341,603341,龙旗科技,主板,沪市,主板,801080.SI,电子,801085.SI,消费电子,消费电子,L,20240301,920,2.52,37.85,1.447,8.0,False,True,True,0,0,0,0,True,
603344.SH,603344,603344,星德胜,主板,沪市,主板,801730.SI,电力设备,801731.SI,电机Ⅱ,电机Ⅱ,L,20240320,901,2.47,24.44,1.159,9.583,False,True,True,0,0,0,0,True,
603345.SH,603345,603345,安井食品,主板,沪市,主板,801120.SI,食品饮料,801124.SI,食品加工,食品加工,L,20170222,3484,9.54,76.23,-0.522,14.706,False,True,True,0,0,0,0,True,
603348.SH,603348,603348,文灿股份,主板,沪市,主板,801880.SI,汽车,801093.SI,汽车零部件,汽车零部件,L,20180426,3056,8.37,14.52,-1.292,22.222,False,True,True,0,0,0,0,True,
603350.SH,603350,603350,安乃达,主板,沪市,主板,801730.SI,电力设备,801731.SI,电机Ⅱ,电机Ⅱ,L,20240703,796,2.18,28.42,0.566,9.286,False,True,True,0,0,0,0,True,
603351.SH,603351,603351,威尔药业,主板,沪市,主板,801150.SI,医药生物,801151.SI,化学制药,化学制药,L,20190130,2777,7.6,25.64,-0.195,11.45,False,True,True,0,0,0,0,True,
603353.SH,603353,603353,和顺石油,主板,沪市,主板,801960.SI,石油石化,801963.SI,炼化及贸易,炼化及贸易,L,20200407,2344,6.42,34.51,1.709,20.482,False,True,True,0,0,0,0,True,
603355.SH,603355,603355,莱克电气,主板,沪市,主板,801110.SI,家用电器,801113.SI,小家电,小家电,L,20150513,4135,11.32,30.07,9.985,25.0,False,True,True,0,0,0,0,True,
603356.SH,603356,603356,华菱精工,主板,沪市,主板,801890.SI,机械设备,801074.SI,专用设备,专用设备,L,20180124,3148,8.62,16.91,1.44,16.667,False,True,True,0,0,0,0,True,
603357.SH,603357,603357,设计总院,主板,沪市,主板,801720.SI,建筑装饰,801726.SI,工程咨询服务Ⅱ,工程咨询服务Ⅱ,L,20170801,3324,9.1,6.11,0.164,34.375,False,True,True,0,0,0,0,True,
603358.SH,603358,603358,华达科技,主板,沪市,主板,801880.SI,汽车,801093.SI,汽车零部件,汽车零部件,L,20170125,3512,9.62,47.08,1.466,23.913,False,True,True,0,0,0,0,True,
603360.SH,603360,603360,百傲化学,主板,沪市,主板,801030.SI,基础化工,801038.SI,农化制品,农化制品,L,20170206,3500,9.58,13.2,1.305,39.706,False,True,True,0,0,0,0,True,
603363.SH,603363,603363,傲农生物,主板,沪市,主板,801010.SI,农林牧渔,801014.SI,饲料,饲料,L,20170926,3268,8.95,3.21,-2.134,13.333,False,True,True,0,0,0,0,True,
603365.SH,603365,603365,水星家纺,主板,沪市,主板,801130.SI,纺织服饰,801132.SI,服装家纺,服装家纺,L,20171120,3213,8.8,16.75,-0.888,18.079,False,True,True,0,0,0,0,True,
603366.SH,603366,603366,日出东方,主板,沪市,主板,801110.SI,家用电器,801114.SI,厨卫电器,厨卫电器,L,20120521,5222,14.3,7.64,-2.427,12.0,False,True,True,0,0,0,0,True,
603367.SH,603367,603367,辰欣药业,主板,沪市,主板,801150.SI,医药生物,801151.SI,化学制药,化学制药,L,20170929,3265,8.94,14.51,0.207,6.122,False,True,True,0,0,0,0,True,
603368.SH,603368,603368,柳药集团,主板,沪市,主板,801150.SI,医药生物,801154.SI,医药商业,医药商业,L,20141204,4295,11.76,15.78,0.638,7.547,False,True,True,0,0,0,0,True,
603369.SH,603369,603369,今世缘,主板,沪市,主板,801120.SI,食品饮料,801125.SI,白酒Ⅱ,白酒Ⅱ,L,20140703,4449,12.18,30.85,-0.162,17.021,False,True,True,0,0,0,0,True,
603373.SH,603373,603373,安邦护卫,主板,沪市,主板,801210.SI,社会服务,801218.SI,专业服务,专业服务,L,20231220,992,2.72,40.53,-0.418,16.832,False,True,True,0,0,0,0,True,
603375.SH,603375,603375,盛景微,主板,沪市,主板,801080.SI,电子,801081.SI,半导体,半导体,L,20240124,957,2.62,45.62,5.115,22.0,False,True,True,0,0,0,0,True,
603379.SH,603379,603379,三美股份,主板,沪市,主板,801030.SI,基础化工,801034.SI,化学制品,化学制品,L,20190402,2715,7.43,58.49,0.775,16.092,False,True,True,0,0,0,0,True,
603380.SH,603380,603380,易德龙,主板,沪市,主板,801080.SI,电子,801085.SI,消费电子,消费电子,L,20170622,3364,9.21,34.87,4.967,22.093,False,True,True,0,0,0,0,True,
603381.SH,603381,603381,永臻股份,主板,沪市,主板,801730.SI,电力设备,801735.SI,光伏设备,光伏设备,L,20240626,803,2.2,14.91,-0.666,7.285,False,True,True,0,0,0,0,True,
603383.SH,603383,603383,顶点软件,主板,沪市,主板,801750.SI,计算机,801104.SI,软件开发,软件开发,L,20170522,3395,9.3,28.85,-1.367,6.25,False,True,True,0,0,0,0,True,
603385.SH,603385,603385,惠达卫浴,主板,沪市,主板,801140.SI,轻工制造,801142.SI,家居用品,家居用品,L,20170405,3442,9.42,5.75,1.232,29.63,False,True,True,0,0,0,0,True,
603386.SH,603386,603386,骏亚科技,主板,沪市,主板,801080.SI,电子,801083.SI,元件,元件,L,20170912,3282,8.99,14.42,3.965,22.222,False,True,True,0,0,0,0,True,
603387.SH,603387,603387,基蛋生物,主板,沪市,主板,801150.SI,医药生物,801153.SI,医疗器械,医疗器械,L,20170717,3339,9.14,9.22,-0.539,8.602,False,True,True,0,0,0,0,True,
603390.SH,603390,603390,通达电气,主板,沪市,主板,801880.SI,汽车,801093.SI,汽车零部件,汽车零部件,L,20191125,2478,6.78,11.3,1.71,17.476,False,True,True,0,0,0,0,True,
603391.SH,603391,603391,力聚热能,主板,沪市,主板,801890.SI,机械设备,801074.SI,专用设备,专用设备,L,20240731,768,2.1,71.0,0.738,7.265,False,True,True,0,0,0,0,True,
603392.SH,603392,603392,万泰生物,主板,沪市,主板,801150.SI,医药生物,801152.SI,生物制品,生物制品,L,20200429,2322,6.36,27.44,-0.831,20.833,False,True,True,0,0,0,0,True,
603393.SH,603393,603393,新天然气,主板,沪市,主板,801160.SI,公用事业,801163.SI,燃气Ⅱ,燃气Ⅱ,L,20160912,3647,9.98,26.69,0.301,10.236,False,True,True,0,0,0,0,True,
603396.SH,603396,603396,金辰股份,主板,沪市,主板,801730.SI,电力设备,801735.SI,光伏设备,光伏设备,L,20171018,3246,8.89,29.08,0.762,18.75,False,True,True,0,0,0,0,True,
603399.SH,603399,603399,永杉锂业,主板,沪市,主板,801050.SI,有色金属,801056.SI,能源金属,能源金属,L,20120824,5127,14.04,13.91,0.433,8.844,False,True,True,0,0,0,0,True,
603408.SH,603408,603408,建霖家居,主板,沪市,主板,801140.SI,轻工制造,801142.SI,家居用品,家居用品,L,20200730,2230,6.11,12.16,1.502,22.321,False,True,True,0,0,0,0,True,
603416.SH,603416,603416,信捷电气,主板,沪市,主板,801890.SI,机械设备,801078.SI,自动化设备,自动化设备,L,20161221,3547,9.71,48.56,3.034,18.519,False,True,True,0,0,0,0,True,
603421.SH,603421,603421,鼎信通讯,主板,沪市,主板,801770.SI,通信,801102.SI,通信设备,通信设备,L,20161011,3618,9.91,5.9,0.511,15.0,False,True,True,0,0,0,0,True,
603439.SH,603439,603439,三力制药,主板,沪市,主板,801150.SI,医药生物,801155.SI,中药Ⅱ,中药Ⅱ,L,20200428,2323,6.36,12.76,4.334,12.097,False,True,True,0,0,0,0,True,
603444.SH,603444,603444,吉比特,主板,沪市,主板,801760.SI,传媒,801764.SI,游戏Ⅱ,游戏Ⅱ,L,20170104,3533,9.67,405.07,1.293,9.524,False,True,True,0,0,0,0,True,
603456.SH,603456,603456,九洲药业,主板,沪市,主板,801150.SI,医药生物,801156.SI,医疗服务,医疗服务,L,20141010,4350,11.91,14.97,-0.664,12.5,False,True,True,0,0,0,0,True,
603458.SH,603458,603458,勘设股份,主板,沪市,主板,801720.SI,建筑装饰,801726.SI,工程咨询服务Ⅱ,工程咨询服务Ⅱ,L,20170809,3316,9.08,10.44,4.714,12.5,False,True,True,0,0,0,0,True,
603466.SH,603466,603466,风语筑,主板,沪市,主板,801760.SI,传媒,801767.SI,数字媒体,数字媒体,L,20171020,3244,8.88,12.19,-1.614,4.167,False,True,True,0,0,0,0,True,
603477.SH,603477,603477,巨星农牧,主板,沪市,主板,801010.SI,农林牧渔,801017.SI,养殖业,养殖业,L,20171218,3185,8.72,16.26,0.432,10.667,False,True,True,0,0,0,0,True,
603486.SH,603486,603486,科沃斯,主板,沪市,主板,801110.SI,家用电器,801113.SI,小家电,小家电,L,20180528,3024,8.28,52.64,0.804,24.0,False,True,True,0,0,0,0,True,
603488.SH,603488,603488,展鹏科技,主板,沪市,主板,801890.SI,机械设备,801074.SI,专用设备,专用设备,L,20170516,3401,9.31,8.09,0.497,10.843,False,True,True,0,0,0,0,True,
603489.SH,603489,603489,八方股份,主板,沪市,主板,801730.SI,电力设备,801731.SI,电机Ⅱ,电机Ⅱ,L,20191111,2492,6.82,27.9,-0.853,33.333,False,True,True,0,0,0,0,True,
603496.SH,603496,603496,恒为科技,主板,沪市,主板,801750.SI,计算机,801101.SI,计算机设备,计算机设备,L,20170607,3379,9.25,22.74,1.7,15.0,False,True,True,0,0,0,0,True,
603499.SH,603499,603499,翔港科技,主板,沪市,主板,801140.SI,轻工制造,801141.SI,包装印刷,包装印刷,L,20171016,3248,8.89,14.11,2.768,25.0,False,True,True,0,0,0,0,True,
603500.SH,603500,603500,祥和实业,主板,沪市,主板,801890.SI,机械设备,801076.SI,轨交设备Ⅱ,轨交设备Ⅱ,L,20170904,3290,9.01,9.64,1.688,14.583,False,True,True,0,0,0,0,True,
603501.SH,603501,603501,豪威集团,主板,沪市,主板,801080.SI,电子,801081.SI,半导体,半导体,L,20170504,3413,9.34,81.08,1.034,24.324,False,True,True,0,0,0,0,True,
603505.SH,603505,603505,金石资源,主板,沪市,主板,801030.SI,基础化工,801034.SI,化学制品,化学制品,L,20170503,3414,9.35,15.34,0.065,24.691,False,True,True,0,0,0,0,True,
603506.SH,603506,603506,南都物业,主板,沪市,主板,801180.SI,房地产,801183.SI,房地产服务,房地产服务,L,20180201,3140,8.6,11.62,1.308,10.714,False,True,True,0,0,0,0,True,
603507.SH,603507,603507,振江股份,主板,沪市,主板,801730.SI,电力设备,801736.SI,风电设备,风电设备,L,20171106,3227,8.84,22.53,0.535,7.692,False,True,True,0,0,0,0,True,
603508.SH,603508,603508,思维列控,主板,沪市,主板,801750.SI,计算机,801101.SI,计算机设备,计算机设备,L,20151224,3910,10.7,21.34,-0.047,18.182,False,True,True,0,0,0,0,True,
603511.SH,603511,603511,爱慕股份,主板,沪市,主板,801130.SI,纺织服饰,801132.SI,服装家纺,服装家纺,L,20210531,1925,5.27,12.69,0.0,28.358,False,True,True,0,0,0,0,True,
603515.SH,603515,603515,欧普照明,主板,沪市,主板,801110.SI,家用电器,801115.SI,照明设备Ⅱ,照明设备Ⅱ,L,20160819,3671,10.05,15.58,0.711,19.298,False,True,True,0,0,0,0,True,
603516.SH,603516,603516,淳中科技,主板,沪市,主板,801750.SI,计算机,801101.SI,计算机设备,计算机设备,L,20180202,3139,8.59,93.03,-0.15,10.169,False,True,True,0,0,0,0,True,
603518.SH,603518,603518,锦泓集团,主板,沪市,主板,801130.SI,纺织服饰,801132.SI,服装家纺,服装家纺,L,20141203,4296,11.76,8.13,0.123,8.75,False,True,True,0,0,0,0,True,
603519.SH,603519,603519,立霸股份,主板,沪市,主板,801110.SI,家用电器,801116.SI,家电零部件Ⅱ,家电零部件Ⅱ,L,20150319,4190,11.47,15.15,-2.885,10.429,False,True,True,0,0,0,0,True,
603520.SH,603520,603520,司太立,主板,沪市,主板,801150.SI,医药生物,801151.SI,化学制药,化学制药,L,20160309,3834,10.5,8.74,-0.456,13.333,False,True,True,0,0,0,0,True,
603527.SH,603527,603527,众源新材,主板,沪市,主板,801050.SI,有色金属,801055.SI,工业金属,工业金属,L,20170907,3287,9.0,9.97,1.321,11.0,False,True,True,0,0,0,0,True,
603528.SH,603528,603528,多伦科技,主板,沪市,主板,801750.SI,计算机,801104.SI,软件开发,软件开发,L,20160503,3779,10.35,6.33,-0.472,13.115,False,True,True,0,0,0,0,True,
603529.SH,603529,603529,爱玛科技,主板,沪市,主板,801880.SI,汽车,801881.SI,摩托车及其他,摩托车及其他,L,20210615,1910,5.23,21.4,-1.337,40.278,False,True,True,0,0,0,0,True,
603530.SH,603530,603530,神马电力,主板,沪市,主板,801730.SI,电力设备,801738.SI,电网设备,电网设备,L,20190805,2590,7.09,50.0,2.041,31.313,False,True,True,0,0,0,0,True,
603533.SH,603533,603533,掌阅科技,主板,沪市,主板,801760.SI,传媒,801767.SI,数字媒体,数字媒体,L,20170921,3273,8.96,24.7,2.917,8.824,False,True,True,0,0,0,0,True,
603535.SH,603535,603535,嘉诚国际,主板,沪市,主板,801170.SI,交通运输,801178.SI,物流,物流,L,20170808,3317,9.08,6.49,1.406,37.5,False,True,True,0,0,0,0,True,
603536.SH,603536,603536,惠发食品,主板,沪市,主板,801120.SI,食品饮料,801124.SI,食品加工,食品加工,L,20170613,3373,9.23,10.63,5.877,18.75,False,True,True,0,0,0,0,True,
603538.SH,603538,603538,美诺华,主板,沪市,主板,801150.SI,医药生物,801151.SI,化学制药,化学制药,L,20170407,3440,9.42,27.46,0.512,6.182,False,True,True,0,0,0,0,True,
603551.SH,603551,603551,奥普科技,主板,沪市,主板,801110.SI,家用电器,801114.SI,厨卫电器,厨卫电器,L,20200115,2427,6.64,9.58,0.104,24.211,False,True,True,0,0,0,0,True,
603556.SH,603556,603556,海兴电力,主板,沪市,主板,801730.SI,电力设备,801738.SI,电网设备,电网设备,L,20161110,3588,9.82,24.81,-1.548,14.063,False,True,True,0,0,0,0,True,
603558.SH,603558,603558,健盛集团,主板,沪市,主板,801130.SI,纺织服饰,801131.SI,纺织制造,纺织制造,L,20150127,4241,11.61,11.98,-2.124,10.084,False,True,True,0,0,0,0,True,
603565.SH,603565,603565,中谷物流,主板,沪市,主板,801170.SI,交通运输,801992.SI,航运港口,航运港口,L,20200925,2173,5.95,12.23,-1.371,24.771,False,True,True,0,0,0,0,True,
603566.SH,603566,603566,普莱柯,主板,沪市,主板,801010.SI,农林牧渔,801018.SI,动物保健Ⅱ,动物保健Ⅱ,L,20150518,4130,11.31,10.69,0.849,20.0,False,True,True,0,0,0,0,True,
603567.SH,603567,603567,珍宝岛,主板,沪市,主板,801150.SI,医药生物,801155.SI,中药Ⅱ,中药Ⅱ,L,20150424,4154,11.37,5.58,1.087,21.053,False,True,True,0,0,0,0,True,
603568.SH,603568,603568,伟明环保,主板,沪市,主板,801970.SI,环保,801971.SI,环境治理,环境治理,L,20150528,4120,11.28,14.2,-1.594,38.462,False,True,True,0,0,0,0,True,
603569.SH,603569,603569,长久物流,主板,沪市,主板,801170.SI,交通运输,801178.SI,物流,物流,L,20160810,3680,10.08,5.95,-0.668,21.053,False,True,True,0,0,0,0,True,
603577.SH,603577,603577,汇金通,主板,沪市,主板,801730.SI,电力设备,801738.SI,电网设备,电网设备,L,20161222,3546,9.71,10.2,-0.778,15.0,False,True,True,0,0,0,0,True,
603578.SH,603578,603578,三星新材,主板,沪市,主板,801110.SI,家用电器,801116.SI,家电零部件Ⅱ,家电零部件Ⅱ,L,20170306,3472,9.51,12.68,1.603,16.279,False,True,True,0,0,0,0,True,
603579.SH,603579,603579,荣泰健康,主板,沪市,主板,801110.SI,家用电器,801117.SI,其他家电Ⅱ,其他家电Ⅱ,L,20170111,3526,9.65,18.33,0.604,13.333,False,True,True,0,0,0,0,True,
603583.SH,603583,603583,捷昌驱动,主板,沪市,主板,801890.SI,机械设备,801078.SI,自动化设备,自动化设备,L,20180921,2908,7.96,26.74,1.983,14.634,False,True,True,0,0,0,0,True,
603585.SH,603585,603585,苏利股份,主板,沪市,主板,801030.SI,基础化工,801038.SI,农化制品,农化制品,L,20161214,3554,9.73,10.78,1.126,14.706,False,True,True,0,0,0,0,True,
603586.SH,603586,603586,金麒麟,主板,沪市,主板,801880.SI,汽车,801093.SI,汽车零部件,汽车零部件,L,20170406,3441,9.42,13.94,0.432,33.824,False,True,True,0,0,0,0,True,
603587.SH,603587,603587,地素时尚,主板,沪市,主板,801130.SI,纺织服饰,801132.SI,服装家纺,服装家纺,L,20180622,2999,8.21,13.53,4.157,13.71,False,True,True,0,0,0,0,True,
603588.SH,603588,603588,高能环境,主板,沪市,主板,801970.SI,环保,801971.SI,环境治理,环境治理,L,20141229,4270,11.69,15.09,2.583,12.329,False,True,True,0,0,0,0,True,
603589.SH,603589,603589,口子窖,主板,沪市,主板,801120.SI,食品饮料,801125.SI,白酒Ⅱ,白酒Ⅱ,L,20150629,4088,11.19,19.37,-0.155,9.091,False,True,True,0,0,0,0,True,
603590.SH,603590,603590,康辰药业,主板,沪市,主板,801150.SI,医药生物,801152.SI,生物制品,生物制品,L,20180827,2933,8.03,30.27,0.799,14.062,False,True,True,0,0,0,0,True,
603596.SH,603596,603596,伯特利,主板,沪市,主板,801880.SI,汽车,801093.SI,汽车零部件,汽车零部件,L,20180427,3055,8.36,30.13,0.567,20.29,False,True,True,0,0,0,0,True,
603598.SH,603598,603598,引力传媒,主板,沪市,主板,801760.SI,传媒,801765.SI,广告营销,广告营销,L,20150527,4121,11.28,18.6,-0.906,6.522,False,True,True,0,0,0,0,True,
603599.SH,603599,603599,广信股份,主板,沪市,主板,801030.SI,基础化工,801038.SI,农化制品,农化制品,L,20150513,4135,11.32,10.77,0.0,8.654,False,True,True,0,0,0,0,True,
603600.SH,603600,603600,永艺股份,主板,沪市,主板,801140.SI,轻工制造,801142.SI,家居用品,家居用品,L,20150123,4245,11.62,10.36,-0.385,11.458,False,True,True,0,0,0,0,True,
603601.SH,603601,603601,再升科技,主板,沪市,主板,801710.SI,建筑材料,801712.SI,玻璃玻纤,玻璃玻纤,L,20150122,4246,11.62,9.04,-0.331,8.889,False,True,True,0,0,0,0,True,
603602.SH,603602,603602,纵横通信,主板,沪市,主板,801760.SI,传媒,801765.SI,广告营销,广告营销,L,20170810,3315,9.08,11.81,-0.253,17.241,False,True,True,0,0,0,0,True,
603605.SH,603605,603605,珀莱雅,主板,沪市,主板,801980.SI,美容护理,801982.SI,化妆品,化妆品,L,20171115,3218,8.81,61.6,-2.284,12.0,False,True,True,0,0,0,0,True,
603606.SH,603606,603606,东方电缆,主板,沪市,主板,801730.SI,电力设备,801738.SI,电网设备,电网设备,L,20141015,4345,11.9,33.89,-0.528,19.048,False,True,True,0,0,0,0,True,
603607.SH,603607,603607,京华激光,主板,沪市,主板,801140.SI,轻工制造,801141.SI,包装印刷,包装印刷,L,20171025,3239,8.87,22.58,2.59,9.589,False,True,True,0,0,0,0,True,
603608.SH,603608,603608,天创时尚,主板,沪市,主板,801130.SI,纺织服饰,801132.SI,服装家纺,服装家纺,L,20160218,3854,10.55,23.05,10.024,18.367,False,True,True,0,0,0,0,True,
603609.SH,603609,603609,禾丰股份,主板,沪市,主板,801010.SI,农林牧渔,801014.SI,饲料,饲料,L,20140808,4413,12.08,6.96,3.726,28.571,False,True,True,0,0,0,0,True,
603610.SH,603610,603610,麒盛科技,主板,沪市,主板,801140.SI,轻工制造,801142.SI,家居用品,家居用品,L,20191029,2505,6.86,14.26,0.706,16.216,False,True,True,0,0,0,0,True,
603611.SH,603611,603611,诺力股份,主板,沪市,主板,801890.SI,机械设备,801077.SI,工程机械,工程机械,L,20150128,4240,11.61,16.3,-0.184,18.605,False,True,True,0,0,0,0,True,
603612.SH,603612,603612,索通发展,主板,沪市,主板,801030.SI,基础化工,801039.SI,非金属材料Ⅱ,非金属材料Ⅱ,L,20170718,3338,9.14,16.68,-1.709,7.143,False,True,True,0,0,0,0,True,
603613.SH,603613,603613,国联股份,主板,沪市,主板,801200.SI,商贸零售,801206.SI,互联网电商,互联网电商,L,20190730,2596,7.11,19.91,-3.723,14.286,False,True,True,0,0,0,0,True,
603615.SH,603615,603615,茶花股份,主板,沪市,主板,801140.SI,轻工制造,801142.SI,家居用品,家居用品,L,20170213,3493,9.56,18.29,1.05,19.318,False,True,True,0,0,0,0,True,
603616.SH,603616,603616,韩建河山,主板,沪市,主板,801710.SI,建筑材料,801711.SI,水泥,水泥,L,20150611,4106,11.24,5.83,0.517,17.857,False,True,True,0,0,0,0,True,
603617.SH,603617,603617,君禾股份,主板,沪市,主板,801890.SI,机械设备,801072.SI,通用设备,通用设备,L,20170703,3353,9.18,7.05,1.003,14.706,False,True,True,0,0,0,0,True,
603618.SH,603618,603618,杭电股份,主板,沪市,主板,801730.SI,电力设备,801738.SI,电网设备,电网设备,L,20150217,4220,11.55,36.96,1.371,8.108,False,True,True,0,0,0,0,True,
603619.SH,603619,603619,中曼石油,主板,沪市,主板,801960.SI,石油石化,801962.SI,油服工程,油服工程,L,20171117,3216,8.8,22.64,-0.615,7.792,False,True,True,0,0,0,0,True,
603626.SH,603626,603626,科森科技,主板,沪市,主板,801080.SI,电子,801085.SI,消费电子,消费电子,L,20170209,3497,9.57,19.72,9.983,8.247,False,True,True,0,0,0,0,True,
603628.SH,603628,603628,清源股份,主板,沪市,主板,801730.SI,电力设备,801735.SI,光伏设备,光伏设备,L,20170112,3525,9.65,10.85,10.041,12.371,False,True,True,0,0,0,0,True,
603629.SH,603629,603629,利通电子,主板,沪市,主板,801080.SI,电子,801085.SI,消费电子,消费电子,L,20181224,2814,7.7,111.38,2.796,12.0,False,True,True,0,0,0,0,True,
603630.SH,603630,603630,拉芳家化,主板,沪市,主板,801980.SI,美容护理,801982.SI,化妆品,化妆品,L,20170313,3465,9.49,14.59,-0.137,6.25,False,True,True,0,0,0,0,True,
603633.SH,603633,603633,徕木股份,主板,沪市,主板,801080.SI,电子,801085.SI,消费电子,消费电子,L,20161117,3581,9.8,6.62,-0.451,17.187,False,True,True,0,0,0,0,True,
603636.SH,603636,603636,南威软件,主板,沪市,主板,801750.SI,计算机,801103.SI,IT服务Ⅱ,IT服务Ⅱ,L,20141230,4269,11.69,7.12,0.282,17.143,False,True,True,0,0,0,0,True,
603637.SH,603637,603637,镇海股份,主板,沪市,主板,801720.SI,建筑装饰,801724.SI,专业工程,专业工程,L,20170208,3498,9.58,14.97,1.976,14.966,False,True,True,0,0,0,0,True,
603638.SH,603638,603638,艾迪精密,主板,沪市,主板,801890.SI,机械设备,801077.SI,工程机械,工程机械,L,20170120,3517,9.63,18.46,-0.162,30.303,False,True,True,0,0,0,0,True,
603639.SH,603639,603639,海利尔,主板,沪市,主板,801030.SI,基础化工,801038.SI,农化制品,农化制品,L,20170112,3525,9.65,10.77,1.032,29.358,False,True,True,0,0,0,0,True,
603648.SH,603648,603648,畅联股份,主板,沪市,主板,801170.SI,交通运输,801178.SI,物流,物流,L,20170913,3281,8.98,9.57,2.572,14.286,False,True,True,0,0,0,0,True,
603650.SH,603650,603650,彤程新材,主板,沪市,主板,801030.SI,基础化工,801037.SI,橡胶,橡胶,L,20180627,2994,8.2,58.81,2.887,17.925,False,True,True,0,0,0,0,True,
603655.SH,603655,603655,朗博科技,主板,沪市,主板,801880.SI,汽车,801093.SI,汽车零部件,汽车零部件,L,20171229,3174,8.69,31.15,6.496,18.987,False,True,True,0,0,0,0,True,
603656.SH,603656,603656,泰禾智能,主板,沪市,主板,801890.SI,机械设备,801074.SI,专用设备,专用设备,L,20170321,3457,9.46,17.31,0.581,10.169,False,True,True,0,0,0,0,True,
603657.SH,603657,603657,春光科技,主板,沪市,主板,801110.SI,家用电器,801116.SI,家电零部件Ⅱ,家电零部件Ⅱ,L,20180730,2961,8.11,26.61,5.386,16.667,False,True,True,0,0,0,0,True,
603658.SH,603658,603658,安图生物,主板,沪市,主板,801150.SI,医药生物,801153.SI,医疗器械,医疗器械,L,20160901,3658,10.02,32.51,-1.425,17.857,False,True,True,0,0,0,0,True,
603659.SH,603659,603659,璞泰来,主板,沪市,主板,801730.SI,电力设备,801737.SI,电池,电池,L,20171103,3230,8.84,22.36,-0.401,26.23,False,True,True,0,0,0,0,True,
603660.SH,603660,603660,苏州科达,主板,沪市,主板,801750.SI,计算机,801101.SI,计算机设备,计算机设备,L,20161201,3567,9.77,10.05,-1.277,18.349,False,True,True,0,0,0,0,True,
603661.SH,603661,603661,恒林股份,主板,沪市,主板,801140.SI,轻工制造,801142.SI,家居用品,家居用品,L,20171121,3212,8.79,31.36,1.884,27.5,False,True,True,0,0,0,0,True,
603662.SH,603662,603662,柯力传感,主板,沪市,主板,801890.SI,机械设备,801072.SI,通用设备,通用设备,L,20190806,2589,7.09,50.8,1.095,24.615,False,True,True,0,0,0,0,True,
603663.SH,603663,603663,三祥新材,主板,沪市,主板,801030.SI,基础化工,801033.SI,化学原料,化学原料,L,20160801,3689,10.1,40.11,5.0,12.195,False,True,True,0,0,0,0,True,
603665.SH,603665,603665,康隆达,主板,沪市,主板,801130.SI,纺织服饰,801132.SI,服装家纺,服装家纺,L,20170313,3465,9.49,22.13,-0.405,27.273,False,True,True,0,0,0,0,True,
603666.SH,603666,603666,亿嘉和,主板,沪市,主板,801890.SI,机械设备,801078.SI,自动化设备,自动化设备,L,20180612,3009,8.24,25.62,-0.234,11.628,False,True,True,0,0,0,0,True,
603667.SH,603667,603667,五洲新春,主板,沪市,主板,801890.SI,机械设备,801072.SI,通用设备,通用设备,L,20161025,3604,9.87,51.13,4.667,9.302,False,True,True,0,0,0,0,True,
603668.SH,603668,603668,天马科技,主板,沪市,主板,801010.SI,农林牧渔,801014.SI,饲料,饲料,L,20170117,3520,9.64,13.12,9.975,20.909,False,True,True,0,0,0,0,True,
603669.SH,603669,603669,灵康药业,主板,沪市,主板,801150.SI,医药生物,801151.SI,化学制药,化学制药,L,20150528,4120,11.28,5.27,0.958,16.364,False,True,True,0,0,0,0,True,
603676.SH,603676,603676,卫信康,主板,沪市,主板,801150.SI,医药生物,801151.SI,化学制药,化学制药,L,20170721,3335,9.13,9.03,-0.551,25.806,False,True,True,0,0,0,0,True,
603677.SH,603677,603677,奇精机械,主板,沪市,主板,801110.SI,家用电器,801116.SI,家电零部件Ⅱ,家电零部件Ⅱ,L,20170206,3500,9.58,13.61,0.666,26.471,False,True,True,0,0,0,0,True,
603678.SH,603678,603678,火炬电子,主板,沪市,主板,801740.SI,国防军工,801745.SI,军工电子Ⅱ,军工电子Ⅱ,L,20150126,4242,11.61,45.44,4.244,13.793,False,True,True,0,0,0,0,True,
603679.SH,603679,603679,华体科技,主板,沪市,主板,801080.SI,电子,801084.SI,光学光电子,光学光电子,L,20170621,3365,9.21,23.77,9.995,9.607,False,True,True,0,0,0,0,True,
603680.SH,603680,603680,今创集团,主板,沪市,主板,801890.SI,机械设备,801076.SI,轨交设备Ⅱ,轨交设备Ⅱ,L,20180227,3114,8.53,9.96,-0.599,48.077,False,True,True,0,0,0,0,True,
603681.SH,603681,603681,永冠新材,主板,沪市,主板,801030.SI,基础化工,801034.SI,化学制品,化学制品,L,20190326,2722,7.45,18.43,-1.073,8.197,False,True,True,0,0,0,0,True,
603682.SH,603682,603682,锦和商管,主板,沪市,主板,801200.SI,商贸零售,801203.SI,一般零售,一般零售,L,20200421,2330,6.38,10.8,1.599,13.913,False,True,True,0,0,0,0,True,
603683.SH,603683,603683,晶华新材,主板,沪市,主板,801030.SI,基础化工,801034.SI,化学制品,化学制品,L,20171020,3244,8.88,16.3,1.939,7.273,False,True,True,0,0,0,0,True,
603685.SH,603685,603685,晨丰科技,主板,沪市,主板,801080.SI,电子,801084.SI,光学光电子,光学光电子,L,20171127,3206,8.78,27.86,0.324,25.735,False,True,True,0,0,0,0,True,
603686.SH,603686,603686,福龙马,主板,沪市,主板,801970.SI,环保,801971.SI,环境治理,环境治理,L,20150126,4242,11.61,13.69,-0.219,6.818,False,True,True,0,0,0,0,True,
603687.SH,603687,603687,大胜达,主板,沪市,主板,801140.SI,轻工制造,801141.SI,包装印刷,包装印刷,L,20190726,2600,7.12,16.31,0.369,20.755,False,True,True,0,0,0,0,True,
603688.SH,603688,603688,石英股份,主板,沪市,主板,801030.SI,基础化工,801039.SI,非金属材料Ⅱ,非金属材料Ⅱ,L,20141031,4329,11.85,46.62,3.646,13.115,False,True,True,0,0,0,0,True,
603689.SH,603689,603689,皖天然气,主板,沪市,主板,801160.SI,公用事业,801163.SI,燃气Ⅱ,燃气Ⅱ,L,20170110,3527,9.66,7.72,-0.387,10.39,False,True,True,0,0,0,0,True,
603690.SH,603690,603690,至纯科技,主板,沪市,主板,801080.SI,电子,801081.SI,半导体,半导体,L,20170113,3524,9.65,24.17,3.778,9.639,False,True,True,0,0,0,0,True,
603693.SH,603693,603693,江苏新能,主板,沪市,主板,801160.SI,公用事业,801161.SI,电力,电力,L,20180703,2988,8.18,11.2,-0.267,42.742,False,True,True,0,0,0,0,True,
603696.SH,603696,603696,安记食品,主板,沪市,主板,801120.SI,食品饮料,801129.SI,调味发酵品Ⅱ,调味发酵品Ⅱ,L,20151209,3925,10.75,16.64,9.98,14.085,False,True,True,0,0,0,0,True,
603697.SH,603697,603697,有友食品,主板,沪市,主板,801120.SI,食品饮料,801128.SI,休闲食品,休闲食品,L,20190508,2679,7.33,9.99,0.604,13.265,False,True,True,0,0,0,0,True,
603698.SH,603698,603698,航天工程,主板,沪市,主板,801890.SI,机械设备,801074.SI,专用设备,专用设备,L,20150128,4240,11.61,21.53,-0.6,10.811,False,True,True,0,0,0,0,True,
603699.SH,603699,603699,纽威股份,主板,沪市,主板,801890.SI,机械设备,801072.SI,通用设备,通用设备,L,20140117,4616,12.64,44.47,-2.521,30.588,False,True,True,0,0,0,0,True,
603700.SH,603700,603700,宁水集团,主板,沪市,主板,801890.SI,机械设备,801072.SI,通用设备,通用设备,L,20190122,2785,7.62,12.24,5.336,5.983,False,True,True,0,0,0,0,True,
603701.SH,603701,603701,德宏股份,主板,沪市,主板,801880.SI,汽车,801093.SI,汽车零部件,汽车零部件,L,20160412,3800,10.4,20.12,-1.373,23.0,False,True,True,0,0,0,0,True,
603703.SH,603703,603703,盛洋科技,主板,沪市,主板,801080.SI,电子,801084.SI,光学光电子,光学光电子,L,20150423,4155,11.38,10.32,1.077,18.182,False,True,True,0,0,0,0,True,
603706.SH,603706,603706,东方环宇,主板,沪市,主板,801160.SI,公用事业,801163.SI,燃气Ⅱ,燃气Ⅱ,L,20180709,2982,8.16,17.59,1.267,17.188,False,True,True,0,0,0,0,True,
603707.SH,603707,603707,健友股份,主板,沪市,主板,801150.SI,医药生物,801151.SI,化学制药,化学制药,L,20170719,3337,9.14,7.81,-1.014,25.926,False,True,True,0,0,0,0,True,
603708.SH,603708,603708,家家悦,主板,沪市,主板,801200.SI,商贸零售,801203.SI,一般零售,一般零售,L,20161213,3555,9.73,9.71,3.079,20.833,False,True,True,0,0,0,0,True,
603709.SH,603709,603709,中源家居,主板,沪市,主板,801140.SI,轻工制造,801142.SI,家居用品,家居用品,L,20180208,3133,8.58,12.5,1.379,15.126,False,True,True,0,0,0,0,True,
603711.SH,603711,603711,香飘飘,主板,沪市,主板,801120.SI,食品饮料,801127.SI,饮料乳品,饮料乳品,L,20171130,3203,8.77,11.9,1.884,16.949,False,True,True,0,0,0,0,True,
603712.SH,603712,603712,七一二,主板,沪市,主板,801740.SI,国防军工,801745.SI,军工电子Ⅱ,军工电子Ⅱ,L,20180226,3115,8.53,11.72,-1.513,13.043,False,True,True,0,0,0,0,True,
603713.SH,603713,603713,密尔克卫,主板,沪市,主板,801170.SI,交通运输,801178.SI,物流,物流,L,20180713,2978,8.15,66.38,4.882,14.894,False,True,True,0,0,0,0,True,
603716.SH,603716,603716,塞力医疗,主板,沪市,主板,801150.SI,医药生物,801154.SI,医药商业,医药商业,L,20161031,3598,9.85,17.62,1.673,7.647,False,True,True,0,0,0,0,True,
603717.SH,603717,603717,天域生物,主板,沪市,主板,801010.SI,农林牧渔,801017.SI,养殖业,养殖业,L,20170327,3451,9.45,6.7,2.446,12.308,False,True,True,0,0,0,0,True,
603719.SH,603719,603719,良品铺子,主板,沪市,主板,801120.SI,食品饮料,801128.SI,休闲食品,休闲食品,L,20200224,2387,6.54,9.83,1.865,15.385,False,True,True,0,0,0,0,True,
603725.SH,603725,603725,天安新材,主板,沪市,主板,801140.SI,轻工制造,801142.SI,家居用品,家居用品,L,20170906,3288,9.0,10.97,4.08,14.414,False,True,True,0,0,0,0,True,
603726.SH,603726,603726,朗迪集团,主板,沪市,主板,801110.SI,家用电器,801116.SI,家电零部件Ⅱ,家电零部件Ⅱ,L,20160421,3791,10.38,24.32,0.082,8.403,False,True,True,0,0,0,0,True,
603727.SH,603727,603727,博迈科,主板,沪市,主板,801960.SI,石油石化,801962.SI,油服工程,油服工程,L,20161122,3576,9.79,17.73,-2.422,13.636,False,True,True,0,0,0,0,True,
603728.SH,603728,603728,鸣志电器,主板,沪市,主板,801730.SI,电力设备,801731.SI,电机Ⅱ,电机Ⅱ,L,20170509,3408,9.33,51.28,2.294,26.744,False,True,True,0,0,0,0,True,
603730.SH,603730,603730,岱美股份,主板,沪市,主板,801880.SI,汽车,801093.SI,汽车零部件,汽车零部件,L,20170728,3328,9.11,11.21,3.413,27.273,False,True,True,0,0,0,0,True,
603733.SH,603733,603733,仙鹤股份,主板,沪市,主板,801140.SI,轻工制造,801143.SI,造纸,造纸,L,20180420,3062,8.38,18.98,0.85,25.714,False,True,True,0,0,0,0,True,
603737.SH,603737,603737,三棵树,主板,沪市,主板,801710.SI,建筑材料,801713.SI,装修建材,装修建材,L,20160603,3748,10.26,23.77,-3.295,51.852,False,True,True,0,0,0,0,True,
603738.SH,603738,603738,泰晶科技,主板,沪市,主板,801080.SI,电子,801083.SI,元件,元件,L,20160928,3631,9.94,36.2,5.539,15.054,False,True,True,0,0,0,0,True,
603739.SH,603739,603739,蔚蓝生物,主板,沪市,主板,801030.SI,基础化工,801034.SI,化学制品,化学制品,L,20190116,2791,7.64,13.04,2.516,7.937,False,True,True,0,0,0,0,True,
603755.SH,603755,603755,日辰股份,主板,沪市,主板,801120.SI,食品饮料,801129.SI,调味发酵品Ⅱ,调味发酵品Ⅱ,L,20190828,2567,7.03,24.97,-0.597,20.0,False,True,True,0,0,0,0,True,
603757.SH,603757,603757,大元泵业,主板,沪市,主板,801890.SI,机械设备,801072.SI,通用设备,通用设备,L,20170711,3345,9.16,72.88,0.649,16.102,False,True,True,0,0,0,0,True,
603758.SH,603758,603758,秦安股份,主板,沪市,主板,801880.SI,汽车,801093.SI,汽车零部件,汽车零部件,L,20170517,3400,9.31,11.61,1.397,10.169,False,True,True,0,0,0,0,True,
603759.SH,603759,603759,海天股份,主板,沪市,主板,801970.SI,环保,801971.SI,环境治理,环境治理,L,20210326,1991,5.45,7.45,-1.062,28.947,False,True,True,0,0,0,0,True,
603766.SH,603766,603766,隆鑫通用,主板,沪市,主板,801880.SI,汽车,801881.SI,摩托车及其他,摩托车及其他,L,20120810,5141,14.08,14.35,-2.844,19.708,False,True,True,0,0,0,0,True,
603767.SH,603767,603767,中马传动,主板,沪市,主板,801880.SI,汽车,801093.SI,汽车零部件,汽车零部件,L,20170613,3373,9.23,14.26,0.777,13.699,False,True,True,0,0,0,0,True,
603768.SH,603768,603768,常青股份,主板,沪市,主板,801880.SI,汽车,801093.SI,汽车零部件,汽车零部件,L,20170324,3454,9.46,11.66,0.258,17.857,False,True,True,0,0,0,0,True,
603773.SH,603773,603773,沃格光电,主板,沪市,主板,801080.SI,电子,801084.SI,光学光电子,光学光电子,L,20180417,3065,8.39,90.05,6.91,12.676,False,True,True,0,0,0,0,True,
603776.SH,603776,603776,永安行,主板,沪市,主板,801880.SI,汽车,801881.SI,摩托车及其他,摩托车及其他,L,20170817,3308,9.06,20.11,-0.544,11.765,False,True,True,0,0,0,0,True,
603777.SH,603777,603777,来伊份,主板,沪市,主板,801120.SI,食品饮料,801128.SI,休闲食品,休闲食品,L,20161012,3617,9.9,14.28,1.637,14.286,False,True,True,0,0,0,0,True,
603778.SH,603778,603778,国晟科技,主板,沪市,主板,801720.SI,建筑装饰,801723.SI,基础建设,基础建设,L,20151231,3903,10.69,10.5,-2.688,9.434,False,True,True,0,0,0,0,True,
603779.SH,603779,603779,威龙股份,主板,沪市,主板,801120.SI,食品饮料,801126.SI,非白酒,非白酒,L,20160516,3766,10.31,8.48,1.193,8.642,False,True,True,0,0,0,6,True,
603786.SH,603786,603786,科博达,主板,沪市,主板,801880.SI,汽车,801093.SI,汽车零部件,汽车零部件,L,20191015,2519,6.9,39.77,0.633,56.897,False,True,True,0,0,0,0,True,
603787.SH,603787,603787,新日股份,主板,沪市,主板,801880.SI,汽车,801881.SI,摩托车及其他,摩托车及其他,L,20170427,3420,9.36,10.31,-0.097,9.091,False,True,True,0,0,0,0,True,
603788.SH,603788,603788,宁波高发,主板,沪市,主板,801880.SI,汽车,801093.SI,汽车零部件,汽车零部件,L,20150120,4248,11.63,13.75,0.365,18.31,False,True,True,0,0,0,0,True,
603790.SH,603790,603790,雅运股份,主板,沪市,主板,801030.SI,基础化工,801034.SI,化学制品,化学制品,L,20180912,2917,7.99,23.19,-3.496,20.253,False,True,True,0,0,0,0,True,
603797.SH,603797,603797,联泰环保,主板,沪市,主板,801970.SI,环保,801971.SI,环境治理,环境治理,L,20170413,3434,9.4,4.79,0.0,12.766,False,True,True,0,0,0,0,True,
603798.SH,603798,603798,康普顿,主板,沪市,主板,801960.SI,石油石化,801963.SI,炼化及贸易,炼化及贸易,L,20160406,3806,10.42,14.39,0.841,21.212,False,True,True,0,0,0,0,True,
603799.SH,603799,603799,华友钴业,主板,沪市,主板,801050.SI,有色金属,801056.SI,能源金属,能源金属,L,20150129,4239,11.61,37.98,-0.236,14.0,False,True,True,0,0,0,0,True,
603800.SH,603800,603800,洪田股份,主板,沪市,主板,801890.SI,机械设备,801074.SI,专用设备,专用设备,L,20151210,3924,10.74,57.65,2.671,20.253,False,True,True,0,0,0,0,True,
603801.SH,603801,603801,志邦家居,主板,沪市,主板,801140.SI,轻工制造,801142.SI,家居用品,家居用品,L,20170630,3356,9.19,6.37,1.595,9.375,False,True,True,0,0,0,0,True,
603803.SH,603803,603803,瑞斯康达,主板,沪市,主板,801770.SI,通信,801102.SI,通信设备,通信设备,L,20170420,3427,9.38,11.2,3.704,5.405,False,True,True,0,0,0,0,True,
603806.SH,603806,603806,福斯特,主板,沪市,主板,801730.SI,电力设备,801735.SI,光伏设备,光伏设备,L,20140905,4385,12.01,14.64,1.035,16.0,False,True,True,0,0,0,0,True,
603808.SH,603808,603808,歌力思,主板,沪市,主板,801130.SI,纺织服饰,801132.SI,服装家纺,服装家纺,L,20150422,4156,11.38,8.84,1.843,21.429,False,True,True,0,0,0,0,True,
603809.SH,603809,603809,豪能股份,主板,沪市,主板,801880.SI,汽车,801093.SI,汽车零部件,汽车零部件,L,20171128,3205,8.77,8.85,-0.113,19.355,False,True,True,0,0,0,0,True,
603810.SH,603810,603810,丰山集团,主板,沪市,主板,801030.SI,基础化工,801038.SI,农化制品,农化制品,L,20180917,2912,7.97,12.43,1.885,22.951,False,True,True,0,0,0,0,True,
603811.SH,603811,603811,诚意药业,主板,沪市,主板,801150.SI,医药生物,801151.SI,化学制药,化学制药,L,20170315,3463,9.48,7.17,-0.555,8.0,False,True,True,0,0,0,0,True,
603815.SH,603815,603815,交建股份,主板,沪市,主板,801720.SI,建筑装饰,801723.SI,基础建设,基础建设,L,20191021,2513,6.88,5.42,0.0,22.222,False,True,True,0,0,0,0,True,
603816.SH,603816,603816,顾家家居,主板,沪市,主板,801140.SI,轻工制造,801142.SI,家居用品,家居用品,L,20161014,3615,9.9,23.32,-1.769,26.531,False,True,True,0,0,0,0,True,
603817.SH,603817,603817,海峡环保,主板,沪市,主板,801970.SI,环保,801971.SI,环境治理,环境治理,L,20170220,3486,9.54,5.9,0.683,10.714,False,True,True,0,0,0,0,True,
603818.SH,603818,603818,曲美家居,主板,沪市,主板,801140.SI,轻工制造,801142.SI,家居用品,家居用品,L,20150422,4156,11.38,3.68,-3.412,16.667,False,True,True,0,0,0,0,True,
603819.SH,603819,603819,神力股份,主板,沪市,主板,801730.SI,电力设备,801731.SI,电机Ⅱ,电机Ⅱ,L,20161125,3573,9.78,17.08,0.352,25.874,False,True,True,0,0,0,0,True,
603823.SH,603823,603823,百合花,主板,沪市,主板,801030.SI,基础化工,801034.SI,化学制品,化学制品,L,20161220,3548,9.71,58.04,10.008,41.284,False,True,True,0,0,0,0,True,
603826.SH,603826,603826,坤彩科技,主板,沪市,主板,801030.SI,基础化工,801039.SI,非金属材料Ⅱ,非金属材料Ⅱ,L,20170414,3433,9.4,17.38,10.0,51.429,False,True,True,0,0,0,0,True,
603829.SH,603829,603829,洛凯股份,主板,沪市,主板,801730.SI,电力设备,801738.SI,电网设备,电网设备,L,20171017,3247,8.89,15.77,0.96,15.686,False,True,True,0,0,0,0,True,
603833.SH,603833,603833,欧派家居,主板,沪市,主板,801140.SI,轻工制造,801142.SI,家居用品,家居用品,L,20170328,3450,9.45,31.32,0.064,66.667,False,True,True,0,0,0,0,True,
603836.SH,603836,603836,海程邦达,主板,沪市,主板,801170.SI,交通运输,801178.SI,物流,物流,L,20210526,1930,5.28,9.46,1.068,14.607,False,True,True,0,0,0,0,True,
603839.SH,603839,603839,安正时尚,主板,沪市,主板,801130.SI,纺织服饰,801132.SI,服装家纺,服装家纺,L,20170214,3492,9.56,6.92,-0.432,14.706,False,True,True,0,0,0,0,True,
603848.SH,603848,603848,好太太,主板,沪市,主板,801140.SI,轻工制造,801142.SI,家居用品,家居用品,L,20171201,3202,8.77,13.88,2.36,38.298,False,True,True,0,0,0,0,True,
603855.SH,603855,603855,华荣股份,主板,沪市,主板,801890.SI,机械设备,801074.SI,专用设备,专用设备,L,20170524,3393,9.29,17.33,1.583,14.118,False,True,True,0,0,0,0,True,
603856.SH,603856,603856,东宏股份,主板,沪市,主板,801710.SI,建筑材料,801713.SI,装修建材,装修建材,L,20171106,3227,8.84,11.73,0.0,15.385,False,True,True,0,0,0,0,True,
603858.SH,603858,603858,步长制药,主板,沪市,主板,801150.SI,医药生物,801155.SI,中药Ⅱ,中药Ⅱ,L,20161118,3580,9.8,14.81,-0.269,12.903,False,True,True,0,0,0,0,True,
603859.SH,603859,603859,能科科技,主板,沪市,主板,801750.SI,计算机,801103.SI,IT服务Ⅱ,IT服务Ⅱ,L,20161021,3608,9.88,38.2,0.925,14.433,False,True,True,0,0,0,0,True,
603860.SH,603860,603860,中公高科,主板,沪市,主板,801720.SI,建筑装饰,801726.SI,工程咨询服务Ⅱ,工程咨询服务Ⅱ,L,20170802,3323,9.1,26.66,0.301,16.279,False,True,True,0,0,0,0,True,
603861.SH,603861,603861,白云电器,主板,沪市,主板,801730.SI,电力设备,801738.SI,电网设备,电网设备,L,20160322,3821,10.46,11.62,-0.599,12.5,False,True,True,0,0,0,0,True,
603863.SH,603863,603863,松炀资源,主板,沪市,主板,801140.SI,轻工制造,801143.SI,造纸,造纸,L,20190621,2635,7.21,12.57,1.289,6.25,False,True,True,0,0,0,0,True,
603866.SH,603866,603866,桃李面包,主板,沪市,主板,801120.SI,食品饮料,801128.SI,休闲食品,休闲食品,L,20151222,3912,10.71,4.44,2.304,15.0,False,True,True,0,0,0,0,True,
603867.SH,603867,603867,新化股份,主板,沪市,主板,801030.SI,基础化工,801034.SI,化学制品,化学制品,L,20190627,2629,7.2,30.46,4.745,8.163,False,True,True,0,0,0,0,True,
603868.SH,603868,603868,飞科电器,主板,沪市,主板,801110.SI,家用电器,801113.SI,小家电,小家电,L,20160418,3794,10.39,32.02,1.041,36.0,False,True,True,0,0,0,0,True,
603871.SH,603871,603871,嘉友国际,主板,沪市,主板,801170.SI,交通运输,801178.SI,物流,物流,L,20180206,3135,8.58,13.94,-0.357,20.0,False,True,True,0,0,0,0,True,
603876.SH,603876,603876,鼎胜新材,主板,沪市,主板,801050.SI,有色金属,801055.SI,工业金属,工业金属,L,20180418,3064,8.39,20.16,1.715,15.068,False,True,True,0,0,0,0,True,
603877.SH,603877,603877,太平鸟,主板,沪市,主板,801130.SI,纺织服饰,801132.SI,服装家纺,服装家纺,L,20170109,3528,9.66,12.79,0.788,27.273,False,True,True,0,0,0,0,True,
603878.SH,603878,603878,武进不锈,主板,沪市,主板,801040.SI,钢铁,801044.SI,普钢,普钢,L,20161219,3549,9.72,5.11,-0.195,10.0,False,True,True,0,0,0,0,True,
603879.SH,603879,603879,永悦科技,主板,沪市,主板,801030.SI,基础化工,801036.SI,塑料,塑料,L,20170614,3372,9.23,5.27,0.573,15.094,False,True,True,0,0,0,0,True,
603880.SH,603880,603880,南卫股份,主板,沪市,主板,801150.SI,医药生物,801153.SI,医疗器械,医疗器械,L,20170807,3318,9.08,10.23,5.791,13.542,False,True,True,0,0,0,0,True,
603881.SH,603881,603881,数据港,主板,沪市,主板,801770.SI,通信,801223.SI,通信服务,通信服务,L,20170208,3498,9.58,25.12,1.618,14.173,False,True,True,0,0,0,0,True,
603882.SH,603882,603882,金域医学,主板,沪市,主板,801150.SI,医药生物,801156.SI,医疗服务,医疗服务,L,20170908,3286,9.0,26.37,-1.236,13.043,False,True,True,0,0,0,0,True,
603883.SH,603883,603883,老百姓,主板,沪市,主板,801150.SI,医药生物,801154.SI,医药商业,医药商业,L,20150423,4155,11.38,13.7,1.708,12.121,False,True,True,0,0,0,0,True,
603885.SH,603885,603885,吉祥航空,主板,沪市,主板,801170.SI,交通运输,801991.SI,航空机场,航空机场,L,20150527,4121,11.28,10.28,0.293,15.741,False,True,True,0,0,0,0,True,
603886.SH,603886,603886,元祖股份,主板,沪市,主板,801120.SI,食品饮料,801128.SI,休闲食品,休闲食品,L,20161228,3540,9.69,13.05,3.244,13.934,False,True,True,0,0,0,0,True,
603887.SH,603887,603887,城地香江,主板,沪市,主板,801750.SI,计算机,801103.SI,IT服务Ⅱ,IT服务Ⅱ,L,20161010,3619,9.91,9.63,-0.207,7.292,False,True,True,0,0,0,0,True,
603888.SH,603888,603888,新华网,主板,沪市,主板,801760.SI,传媒,801767.SI,数字媒体,数字媒体,L,20161028,3601,9.86,16.75,1.147,10.909,False,True,True,0,0,0,0,True,
603889.SH,603889,603889,新澳股份,主板,沪市,主板,801130.SI,纺织服饰,801131.SI,纺织制造,纺织制造,L,20141231,4268,11.69,6.13,-1.605,13.793,False,True,True,0,0,0,0,True,
603890.SH,603890,603890,春秋电子,主板,沪市,主板,801080.SI,电子,801085.SI,消费电子,消费电子,L,20171212,3191,8.74,18.87,-3.774,9.375,False,True,True,0,0,0,0,True,
603893.SH,603893,603893,瑞芯微,主板,沪市,主板,801080.SI,电子,801081.SI,半导体,半导体,L,20200207,2404,6.58,192.68,1.947,13.415,False,True,True,0,0,0,0,True,
603895.SH,603895,603895,天永智能,主板,沪市,主板,801890.SI,机械设备,801074.SI,专用设备,专用设备,L,20180122,3150,8.62,28.37,6.135,29.545,False,True,True,0,0,0,0,True,
603896.SH,603896,603896,寿仙谷,主板,沪市,主板,801150.SI,医药生物,801155.SI,中药Ⅱ,中药Ⅱ,L,20170510,3407,9.33,14.86,-0.067,14.286,False,True,True,0,0,0,0,True,
603897.SH,603897,603897,长城科技,主板,沪市,主板,801730.SI,电力设备,801738.SI,电网设备,电网设备,L,20180410,3072,8.41,31.32,5.065,6.557,False,True,True,0,0,0,0,True,
603898.SH,603898,603898,好莱客,主板,沪市,主板,801140.SI,轻工制造,801142.SI,家居用品,家居用品,L,20150217,4220,11.55,11.76,1.292,30.769,False,True,True,0,0,0,0,True,
603899.SH,603899,603899,晨光股份,主板,沪市,主板,801140.SI,轻工制造,801145.SI,文娱用品,文娱用品,L,20150127,4241,11.61,23.59,1.857,27.586,False,True,True,0,0,0,0,True,
603900.SH,603900,603900,莱绅通灵,主板,沪市,主板,801130.SI,纺织服饰,801133.SI,饰品,饰品,L,20161123,3575,9.79,6.68,-4.023,8.571,False,True,True,0,0,0,0,True,
603901.SH,603901,603901,永创智能,主板,沪市,主板,801890.SI,机械设备,801074.SI,专用设备,专用设备,L,20150529,4119,11.28,9.83,-0.506,18.367,False,True,True,0,0,0,0,True,
603903.SH,603903,603903,中持股份,主板,沪市,主板,801970.SI,环保,801971.SI,环境治理,环境治理,L,20170314,3464,9.48,14.23,4.709,12.766,False,True,True,0,0,0,0,True,
603906.SH,603906,603906,龙蟠科技,主板,沪市,主板,801730.SI,电力设备,801737.SI,电池,电池,L,20170410,3437,9.41,18.59,-0.588,6.25,False,True,True,0,0,0,0,True,
603908.SH,603908,603908,牧高笛,主板,沪市,主板,801130.SI,纺织服饰,801132.SI,服装家纺,服装家纺,L,20170307,3471,9.5,19.5,0.051,23.404,False,True,True,0,0,0,0,True,
603909.SH,603909,603909,建发合诚,主板,沪市,主板,801720.SI,建筑装饰,801726.SI,工程咨询服务Ⅱ,工程咨询服务Ⅱ,L,20160628,3723,10.19,9.85,0.102,32.632,False,True,True,0,0,0,0,True,
603912.SH,603912,603912,佳力图,主板,沪市,主板,801890.SI,机械设备,801072.SI,通用设备,通用设备,L,20171101,3232,8.85,9.09,-0.656,11.111,False,True,True,0,0,0,0,True,
603915.SH,603915,603915,国茂股份,主板,沪市,主板,801890.SI,机械设备,801072.SI,通用设备,通用设备,L,20190614,2642,7.23,13.49,0.0,23.913,False,True,True,0,0,0,0,True,
603916.SH,603916,603916,苏博特,主板,沪市,主板,801030.SI,基础化工,801034.SI,化学制品,化学制品,L,20171110,3223,8.82,11.22,0.179,12.281,False,True,True,0,0,0,0,True,
603917.SH,603917,603917,合力科技,主板,沪市,主板,801880.SI,汽车,801093.SI,汽车零部件,汽车零部件,L,20171204,3199,8.76,13.08,-1.059,12.903,False,True,True,0,0,0,0,True,
603918.SH,603918,603918,金桥信息,主板,沪市,主板,801750.SI,计算机,801103.SI,IT服务Ⅱ,IT服务Ⅱ,L,20150528,4120,11.28,11.26,-0.706,8.85,False,True,True,0,0,0,0,True,
603919.SH,603919,603919,金徽酒,主板,沪市,主板,801120.SI,食品饮料,801125.SI,白酒Ⅱ,白酒Ⅱ,L,20160310,3833,10.49,18.04,1.691,9.091,False,True,True,0,0,0,0,True,
603920.SH,603920,603920,世运电路,主板,沪市,主板,801080.SI,电子,801083.SI,元件,元件,L,20170426,3421,9.37,38.6,7.431,11.111,False,True,True,0,0,0,0,True,
603926.SH,603926,603926,铁流股份,主板,沪市,主板,801880.SI,汽车,801093.SI,汽车零部件,汽车零部件,L,20170510,3407,9.33,18.6,9.994,16.867,False,True,True,0,0,0,0,True,
603927.SH,603927,603927,中科软,主板,沪市,主板,801750.SI,计算机,801104.SI,软件开发,软件开发,L,20190909,2555,7.0,13.82,-1.356,11.765,False,True,True,0,0,0,0,True,
603928.SH,603928,603928,兴业股份,主板,沪市,主板,801030.SI,基础化工,801036.SI,塑料,塑料,L,20161212,3556,9.74,11.48,1.145,12.195,False,True,True,0,0,0,0,True,
603929.SH,603929,603929,亚翔集成,主板,沪市,主板,801720.SI,建筑装饰,801724.SI,专业工程,专业工程,L,20161230,3538,9.69,156.0,3.82,17.647,False,True,True,0,0,0,0,True,
603931.SH,603931,603931,格林达,主板,沪市,主板,801080.SI,电子,801086.SI,电子化学品Ⅱ,电子化学品Ⅱ,L,20200819,2210,6.05,34.19,2.58,12.676,False,True,True,0,0,0,0,True,
603933.SH,603933,603933,睿能科技,主板,沪市,主板,801080.SI,电子,801082.SI,其他电子Ⅱ,其他电子Ⅱ,L,20170706,3350,9.17,19.23,1.21,18.947,False,True,True,0,0,0,0,True,
603936.SH,603936,603936,博敏电子,主板,沪市,主板,801080.SI,电子,801083.SI,元件,元件,L,20151209,3925,10.75,17.58,10.012,10.526,False,True,True,0,0,0,0,True,
603937.SH,603937,603937,丽岛新材,主板,沪市,主板,801050.SI,有色金属,801055.SI,工业金属,工业金属,L,20171102,3231,8.85,11.77,1.466,13.793,False,True,True,0,0,0,0,True,
603938.SH,603938,603938,三孚股份,主板,沪市,主板,801030.SI,基础化工,801033.SI,化学原料,化学原料,L,20170628,3358,9.19,40.39,2.279,12.963,False,True,True,0,0,0,0,True,
603939.SH,603939,603939,益丰药房,主板,沪市,主板,801150.SI,医药生物,801154.SI,医药商业,医药商业,L,20150217,4220,11.55,22.82,-0.349,16.071,False,True,True,0,0,0,0,True,
603948.SH,603948,603948,建业股份,主板,沪市,主板,801030.SI,基础化工,801034.SI,化学制品,化学制品,L,20200302,2380,6.52,19.85,0.966,32.075,False,True,True,0,0,0,0,True,
603949.SH,603949,603949,雪龙集团,主板,沪市,主板,801880.SI,汽车,801093.SI,汽车零部件,汽车零部件,L,20200310,2372,6.49,14.62,-1.416,29.577,False,True,True,0,0,0,0,True,
603950.SH,603950,603950,长源东谷,主板,沪市,主板,801880.SI,汽车,801093.SI,汽车零部件,汽车零部件,L,20200526,2295,6.28,64.37,-1.182,15.19,False,True,True,0,0,0,0,True,
603955.SH,603955,603955,大千生态,主板,沪市,主板,801720.SI,建筑装饰,801723.SI,基础建设,基础建设,L,20170310,3468,9.49,21.73,2.645,15.686,False,True,True,0,0,0,0,True,
603956.SH,603956,603956,威派格,主板,沪市,主板,801890.SI,机械设备,801074.SI,专用设备,专用设备,L,20190222,2754,7.54,6.07,-0.328,19.048,False,True,True,0,0,0,0,True,
603958.SH,603958,603958,哈森股份,主板,沪市,主板,801130.SI,纺织服饰,801132.SI,服装家纺,服装家纺,L,20160629,3722,10.19,20.31,-1.931,11.111,False,True,True,0,0,0,0,True,
603960.SH,603960,603960,克来机电,主板,沪市,主板,801890.SI,机械设备,801078.SI,自动化设备,自动化设备,L,20170314,3464,9.48,16.26,-0.49,15.625,False,True,True,0,0,0,0,True,
603966.SH,603966,603966,法兰泰克,主板,沪市,主板,801890.SI,机械设备,801074.SI,专用设备,专用设备,L,20170125,3512,9.62,7.39,0.0,21.519,False,True,True,0,0,0,0,True,
603967.SH,603967,603967,中创物流,主板,沪市,主板,801170.SI,交通运输,801178.SI,物流,物流,L,20190429,2688,7.36,11.69,0.257,15.517,False,True,True,0,0,0,0,True,
603968.SH,603968,603968,醋化股份,主板,沪市,主板,801030.SI,基础化工,801034.SI,化学制品,化学制品,L,20150518,4130,11.31,10.8,1.029,17.647,False,True,True,0,0,0,0,True,
603969.SH,603969,603969,银龙股份,主板,沪市,主板,801890.SI,机械设备,801072.SI,通用设备,通用设备,L,20150227,4210,11.53,8.12,2.785,10.811,False,True,True,0,0,0,0,True,
603970.SH,603970,603970,中农立华,主板,沪市,主板,801030.SI,基础化工,801038.SI,农化制品,农化制品,L,20171116,3217,8.81,11.53,3.501,20.536,False,True,True,0,0,0,0,True,
603976.SH,603976,603976,正川股份,主板,沪市,主板,801150.SI,医药生物,801153.SI,医疗器械,医疗器械,L,20170822,3303,9.04,35.39,-1.2,30.303,False,True,True,0,0,0,0,True,
603977.SH,603977,603977,国泰集团,主板,沪市,主板,801030.SI,基础化工,801034.SI,化学制品,化学制品,L,20161111,3587,9.82,11.76,-0.339,25.424,False,True,True,0,0,0,0,True,
603978.SH,603978,603978,深圳新星,主板,沪市,主板,801050.SI,有色金属,801051.SI,金属新材料,金属新材料,L,20170807,3318,9.08,21.41,-2.237,15.278,False,True,True,0,0,0,0,True,
603979.SH,603979,603979,金诚信,主板,沪市,主板,801050.SI,有色金属,801055.SI,工业金属,工业金属,L,20150630,4087,11.19,78.45,-1.37,22.826,False,True,True,0,0,0,0,True,
603980.SH,603980,603980,吉华集团,主板,沪市,主板,801030.SI,基础化工,801034.SI,化学制品,化学制品,L,20170615,3371,9.23,7.65,-3.652,12.0,False,True,True,0,0,0,0,True,
603982.SH,603982,603982,泉峰汽车,主板,沪市,主板,801880.SI,汽车,801093.SI,汽车零部件,汽车零部件,L,20190522,2665,7.3,6.31,0.318,17.241,False,True,True,0,0,0,0,True,
603983.SH,603983,603983,丸美生物,主板,沪市,主板,801980.SI,美容护理,801982.SI,化妆品,化妆品,L,20190725,2601,7.12,34.09,2.434,21.429,False,True,True,0,0,0,0,True,
603985.SH,603985,603985,恒润股份,主板,沪市,主板,801730.SI,电力设备,801736.SI,风电设备,风电设备,L,20170505,3412,9.34,17.6,-0.901,14.706,False,True,True,0,0,0,0,True,
603986.SH,603986,603986,兆易创新,主板,沪市,主板,801080.SI,电子,801081.SI,半导体,半导体,L,20160818,3672,10.05,385.44,3.646,6.494,False,True,True,0,0,0,0,True,
603987.SH,603987,603987,康德莱,主板,沪市,主板,801150.SI,医药生物,801153.SI,医疗器械,医疗器械,L,20161121,3577,9.79,7.58,0.132,16.0,False,True,True,0,0,0,0,True,
603988.SH,603988,603988,中电电机,主板,沪市,主板,801730.SI,电力设备,801731.SI,电机Ⅱ,电机Ⅱ,L,20141104,4325,11.84,19.22,-0.672,16.176,False,True,True,0,0,0,0,True,
603989.SH,603989,603989,艾华集团,主板,沪市,主板,801080.SI,电子,801083.SI,元件,元件,L,20150515,4133,11.32,32.8,4.061,11.111,False,True,True,0,0,0,0,True,
603990.SH,603990,603990,麦迪科技,主板,沪市,主板,801750.SI,计算机,801104.SI,软件开发,软件开发,L,20161208,3560,9.75,20.35,-1.833,10.222,False,True,True,0,0,0,0,True,
603991.SH,603991,603991,领先股份,主板,沪市,主板,801080.SI,电子,801081.SI,半导体,半导体,L,20170308,3470,9.5,167.36,4.862,26.724,False,True,True,0,0,0,0,True,
603992.SH,603992,603992,松霖科技,主板,沪市,主板,801140.SI,轻工制造,801142.SI,家居用品,家居用品,L,20190826,2569,7.03,20.42,-1.543,48.387,False,True,True,0,0,0,0,True,
603993.SH,603993,603993,洛阳钼业,主板,沪市,主板,801050.SI,有色金属,801055.SI,工业金属,工业金属,L,20121009,5081,13.91,18.37,-0.595,11.111,False,True,True,0,0,0,0,True,
603995.SH,603995,603995,甬金股份,主板,沪市,主板,801040.SI,钢铁,801045.SI,特钢Ⅱ,特钢Ⅱ,L,20191224,2449,6.7,23.83,-3.639,20.988,False,True,True,0,0,0,0,True,
603997.SH,603997,603997,继峰股份,主板,沪市,主板,801880.SI,汽车,801093.SI,汽车零部件,汽车零部件,L,20150302,4207,11.52,11.75,2.8,16.393,False,True,True,0,0,0,0,True,
603998.SH,603998,603998,方盛制药,主板,沪市,主板,801150.SI,医药生物,801155.SI,中药Ⅱ,中药Ⅱ,L,20141205,4294,11.76,10.92,1.111,12.15,False,True,True,0,0,0,0,True,
603999.SH,603999,603999,读者传媒,主板,沪市,主板,801760.SI,传媒,801769.SI,出版,出版,L,20151210,3924,10.74,6.63,9.95,26.316,False,True,True,0,0,0,0,True,
605001.SH,605001,605001,威奥股份,主板,沪市,主板,801890.SI,机械设备,801076.SI,轨交设备Ⅱ,轨交设备Ⅱ,L,20200522,2299,6.29,6.32,-0.158,15.517,False,True,True,0,0,0,0,True,
605003.SH,605003,605003,众望布艺,主板,沪市,主板,801130.SI,纺织服饰,801132.SI,服装家纺,服装家纺,L,20200908,2190,6.0,23.98,3.229,31.081,False,True,True,0,0,0,0,True,
605005.SH,605005,605005,合兴股份,主板,沪市,主板,801880.SI,汽车,801093.SI,汽车零部件,汽车零部件,L,20210119,2057,5.63,15.96,-0.125,27.072,False,True,True,0,0,0,0,True,
605006.SH,605006,605006,山东玻纤,主板,沪市,主板,801710.SI,建筑材料,801712.SI,玻璃玻纤,玻璃玻纤,L,20200903,2195,6.01,15.53,5.862,7.895,False,True,True,0,0,0,0,True,
605007.SH,605007,605007,五洲特纸,主板,沪市,主板,801140.SI,轻工制造,801143.SI,造纸,造纸,L,20201110,2127,5.82,14.78,-0.203,13.158,False,True,True,0,0,0,0,True,
605008.SH,605008,605008,长鸿高科,主板,沪市,主板,801030.SI,基础化工,801036.SI,塑料,塑料,L,20200821,2208,6.05,13.87,2.97,28.125,False,True,True,0,0,0,0,True,
605009.SH,605009,605009,豪悦护理,主板,沪市,主板,801980.SI,美容护理,801981.SI,个护用品,个护用品,L,20200911,2187,5.99,24.96,0.08,32.258,False,True,True,0,0,0,0,True,
605011.SH,605011,605011,杭州热电,主板,沪市,主板,801160.SI,公用事业,801161.SI,电力,电力,L,20210630,1895,5.19,16.83,-1.866,10.465,False,True,True,0,0,0,0,True,
605016.SH,605016,605016,百龙创园,主板,沪市,主板,801030.SI,基础化工,801034.SI,化学制品,化学制品,L,20210421,1965,5.38,21.85,-1.798,23.148,False,True,True,0,0,0,0,True,
605018.SH,605018,605018,长华集团,主板,沪市,主板,801880.SI,汽车,801093.SI,汽车零部件,汽车零部件,L,20200929,2169,5.94,11.72,-0.762,25.6,False,True,True,0,0,0,0,True,
605020.SH,605020,605020,永和股份,主板,沪市,主板,801030.SI,基础化工,801034.SI,化学制品,化学制品,L,20210709,1886,5.16,33.18,0.667,9.821,False,True,True,0,0,0,0,True,
605028.SH,605028,605028,世茂能源,主板,沪市,主板,801160.SI,公用事业,801161.SI,电力,电力,L,20210712,1883,5.16,25.12,1.372,15.748,False,True,True,0,0,0,0,True,
605033.SH,605033,605033,美邦股份,主板,沪市,主板,801030.SI,基础化工,801038.SI,农化制品,农化制品,L,20210916,1817,4.97,20.38,2.002,8.0,False,True,True,0,0,0,0,True,
605050.SH,605050,605050,福然德,主板,沪市,主板,801170.SI,交通运输,801178.SI,物流,物流,L,20200924,2174,5.95,10.46,-0.191,29.907,False,True,True,0,0,0,0,True,
605055.SH,605055,605055,迎丰股份,主板,沪市,主板,801130.SI,纺织服饰,801131.SI,纺织制造,纺织制造,L,20210129,2047,5.6,9.62,1.691,32.653,False,True,True,0,0,0,0,True,
605056.SH,605056,605056,咸亨国际,主板,沪市,主板,801890.SI,机械设备,801072.SI,通用设备,通用设备,L,20210720,1875,5.13,13.91,1.681,33.784,False,True,True,0,0,0,0,True,
605058.SH,605058,605058,澳弘电子,主板,沪市,主板,801080.SI,电子,801083.SI,元件,元件,L,20201021,2147,5.88,28.54,3.895,40.659,False,True,True,0,0,0,0,True,
605060.SH,605060,605060,联德股份,主板,沪市,主板,801890.SI,机械设备,801072.SI,通用设备,通用设备,L,20210301,2016,5.52,40.27,-1.733,31.429,False,True,True,0,0,0,0,True,
605066.SH,605066,605066,天正电气,主板,沪市,主板,801730.SI,电力设备,801738.SI,电网设备,电网设备,L,20200807,2222,6.08,6.94,-0.857,14.085,False,True,True,0,0,0,0,True,
605068.SH,605068,605068,明新旭腾,主板,沪市,主板,801880.SI,汽车,801093.SI,汽车零部件,汽车零部件,L,20201123,2114,5.79,21.72,2.695,22.857,False,True,True,0,0,0,0,True,
605069.SH,605069,605069,正和生态,主板,沪市,主板,801970.SI,环保,801971.SI,环境治理,环境治理,L,20210816,1848,5.06,10.66,-0.187,12.264,False,True,True,0,0,0,0,True,
605077.SH,605077,605077,华康股份,主板,沪市,主板,801030.SI,基础化工,801034.SI,化学制品,化学制品,L,20210209,2036,5.57,11.39,1.425,8.333,False,True,True,0,0,0,0,True,
605080.SH,605080,605080,浙江自然,主板,沪市,主板,801140.SI,轻工制造,801145.SI,文娱用品,文娱用品,L,20210506,1950,5.34,23.22,0.216,16.438,False,True,True,0,0,0,0,True,
605086.SH,605086,605086,龙高股份,主板,沪市,主板,801030.SI,基础化工,801039.SI,非金属材料Ⅱ,非金属材料Ⅱ,L,20210416,1970,5.39,24.76,0.979,37.5,False,True,True,0,0,0,0,True,
605088.SH,605088,605088,冠盛股份,主板,沪市,主板,801880.SI,汽车,801093.SI,汽车零部件,汽车零部件,L,20200817,2212,6.06,21.97,-3.513,16.438,False,True,True,0,0,0,0,True,
605089.SH,605089,605089,味知香,主板,沪市,主板,801120.SI,食品饮料,801124.SI,食品加工,食品加工,L,20210427,1959,5.36,21.8,1.917,23.529,False,True,True,0,0,0,0,True,
605090.SH,605090,605090,九丰能源,主板,沪市,主板,801160.SI,公用事业,801163.SI,燃气Ⅱ,燃气Ⅱ,L,20210525,1931,5.29,33.12,-1.134,12.644,False,True,True,0,0,0,0,True,
605098.SH,605098,605098,行动教育,主板,沪市,主板,801210.SI,社会服务,801994.SI,教育,教育,L,20210421,1965,5.38,54.37,-2.876,10.0,False,True,True,0,0,0,0,True,
605099.SH,605099,605099,共创草坪,主板,沪市,主板,801140.SI,轻工制造,801142.SI,家居用品,家居用品,L,20200930,2168,5.94,29.96,0.706,49.425,False,True,True,0,0,0,0,True,
605100.SH,605100,605100,华丰股份,主板,沪市,主板,801890.SI,机械设备,801072.SI,通用设备,通用设备,L,20200811,2218,6.07,33.82,3.87,16.667,False,True,True,0,0,0,0,True,
605108.SH,605108,605108,同庆楼,主板,沪市,主板,801210.SI,社会服务,801219.SI,酒店餐饮,酒店餐饮,L,20200716,2244,6.14,13.55,2.264,11.905,False,True,True,0,0,0,0,True,
605111.SH,605111,605111,新洁能,主板,沪市,主板,801080.SI,电子,801081.SI,半导体,半导体,L,20200928,2170,5.94,55.15,2.205,10.959,False,True,True,0,0,0,0,True,
605116.SH,605116,605116,奥锐特,主板,沪市,主板,801150.SI,医药生物,801151.SI,化学制药,化学制药,L,20200921,2177,5.96,19.58,-0.305,29.412,False,True,True,0,0,0,0,True,
605117.SH,605117,605117,德业股份,主板,沪市,主板,801730.SI,电力设备,801735.SI,光伏设备,光伏设备,L,20210420,1966,5.38,85.19,-1.423,22.222,False,True,True,0,0,0,0,True,
605118.SH,605118,605118,力鼎光电,主板,沪市,主板,801750.SI,计算机,801101.SI,计算机设备,计算机设备,L,20200730,2230,6.11,34.39,-1.121,39.286,False,True,True,0,0,0,0,True,
605122.SH,605122,605122,四方新材,主板,沪市,主板,801710.SI,建筑材料,801711.SI,水泥,水泥,L,20210310,2007,5.49,11.81,0.94,15.789,False,True,True,0,0,0,0,True,
605123.SH,605123,605123,派克新材,主板,沪市,主板,801740.SI,国防军工,801742.SI,航空装备Ⅱ,航空装备Ⅱ,L,20200825,2204,6.03,80.92,-0.675,24.59,False,True,True,0,0,0,0,True,
605128.SH,605128,605128,上海沿浦,主板,沪市,主板,801880.SI,汽车,801093.SI,汽车零部件,汽车零部件,L,20200915,2183,5.98,25.46,-0.039,13.333,False,True,True,0,0,0,0,True,
605133.SH,605133,605133,嵘泰股份,主板,沪市,主板,801880.SI,汽车,801093.SI,汽车零部件,汽车零部件,L,20210224,2021,5.53,25.23,1.898,17.647,False,True,True,0,0,0,0,True,
605136.SH,605136,605136,丽人丽妆,主板,沪市,主板,801200.SI,商贸零售,801206.SI,互联网电商,互联网电商,L,20200929,2169,5.94,8.69,-0.115,14.634,False,True,True,0,0,0,0,True,
605138.SH,605138,605138,盛泰集团,主板,沪市,主板,801130.SI,纺织服饰,801132.SI,服装家纺,服装家纺,L,20211027,1776,4.86,6.16,2.496,31.667,False,True,True,0,0,0,0,True,
605151.SH,605151,605151,西上海,主板,沪市,主板,801880.SI,汽车,801093.SI,汽车零部件,汽车零部件,L,20201215,2092,5.73,19.01,0.689,19.577,False,True,True,0,0,0,0,True,
605155.SH,605155,605155,西大门,主板,沪市,主板,801140.SI,轻工制造,801142.SI,家居用品,家居用品,L,20201231,2076,5.68,14.45,0.278,14.894,False,True,True,0,0,0,0,True,
605158.SH,605158,605158,华达新材,主板,沪市,主板,801050.SI,有色金属,801051.SI,金属新材料,金属新材料,L,20200805,2224,6.09,7.9,0.637,23.377,False,True,True,0,0,0,0,True,
605162.SH,605162,605162,新中港,主板,沪市,主板,801160.SI,公用事业,801161.SI,电力,电力,L,20210707,1888,5.17,10.26,-3.933,9.804,False,True,True,0,0,0,0,True,
605166.SH,605166,605166,聚合顺,主板,沪市,主板,801030.SI,基础化工,801032.SI,化学纤维,化学纤维,L,20200618,2272,6.22,8.6,-1.938,18.605,False,True,True,0,0,0,0,True,
605167.SH,605167,605167,利柏特,主板,沪市,主板,801720.SI,建筑装饰,801724.SI,专业工程,专业工程,L,20210726,1869,5.12,16.34,1.807,11.921,False,True,True,0,0,0,0,True,
605168.SH,605168,605168,三人行,主板,沪市,主板,801760.SI,传媒,801765.SI,广告营销,广告营销,L,20200528,2293,6.28,52.49,9.996,20.896,False,True,True,0,0,0,0,True,
605169.SH,605169,605169,洪通燃气,主板,沪市,主板,801160.SI,公用事业,801163.SI,燃气Ⅱ,燃气Ⅱ,L,20201030,2138,5.85,12.8,1.426,25.21,False,True,True,0,0,0,0,True,
605177.SH,605177,605177,东亚药业,主板,沪市,主板,801150.SI,医药生物,801151.SI,化学制药,化学制药,L,20201125,2112,5.78,20.05,-8.739,16.667,False,True,True,0,0,0,0,True,
605178.SH,605178,605178,时空科技,主板,沪市,主板,801720.SI,建筑装饰,801724.SI,专业工程,专业工程,L,20200821,2208,6.05,69.15,6.205,7.143,False,True,True,0,0,0,0,True,
605179.SH,605179,605179,一鸣食品,主板,沪市,主板,801120.SI,食品饮料,801127.SI,饮料乳品,饮料乳品,L,20201228,2079,5.69,27.43,-4.358,22.33,False,True,True,0,0,0,0,True,
605180.SH,605180,605180,华生科技,主板,沪市,主板,801130.SI,纺织服饰,801131.SI,纺织制造,纺织制造,L,20210430,1956,5.36,13.23,0.532,17.969,False,True,True,0,0,0,0,True,
605183.SH,605183,605183,确成股份,主板,沪市,主板,801030.SI,基础化工,801037.SI,橡胶,橡胶,L,20201207,2100,5.75,15.85,1.733,40.764,False,True,True,0,0,0,0,True,
605186.SH,605186,605186,健麾信息,主板,沪市,主板,801890.SI,机械设备,801078.SI,自动化设备,自动化设备,L,20201222,2085,5.71,25.64,0.078,29.231,False,True,True,0,0,0,0,True,
605188.SH,605188,605188,国光连锁,主板,沪市,主板,801200.SI,商贸零售,801203.SI,一般零售,一般零售,L,20200728,2232,6.11,14.88,4.056,20.548,False,True,True,0,0,0,0,True,
605189.SH,605189,605189,富春染织,主板,沪市,主板,801130.SI,纺织服饰,801131.SI,纺织制造,纺织制造,L,20210528,1928,5.28,13.93,0.65,14.094,False,True,True,0,0,0,0,True,
605196.SH,605196,605196,华通线缆,主板,沪市,主板,801730.SI,电力设备,801738.SI,电网设备,电网设备,L,20210511,1945,5.33,34.51,0.291,12.791,False,True,True,0,0,0,0,True,
605198.SH,605198,605198,安德利,主板,沪市,主板,801010.SI,农林牧渔,801012.SI,农产品加工,农产品加工,L,20200918,2180,5.97,66.3,0.592,26.829,False,True,True,0,0,0,0,True,
605208.SH,605208,605208,永茂泰,主板,沪市,主板,801050.SI,有色金属,801055.SI,工业金属,工业金属,L,20210308,2009,5.5,15.12,2.717,14.894,False,True,True,0,0,0,0,True,
605218.SH,605218,605218,伟时电子,主板,沪市,主板,801080.SI,电子,801084.SI,光学光电子,光学光电子,L,20200928,2170,5.94,14.92,5.891,27.778,False,True,True,0,0,0,0,True,
605222.SH,605222,605222,起帆电缆,主板,沪市,主板,801730.SI,电力设备,801738.SI,电网设备,电网设备,L,20200731,2229,6.1,21.88,3.746,27.451,False,True,True,0,0,0,0,True,
605228.SH,605228,605228,神通科技,主板,沪市,主板,801880.SI,汽车,801093.SI,汽车零部件,汽车零部件,L,20210120,2056,5.63,10.65,-0.56,35.135,False,True,True,0,0,0,0,True,
605255.SH,605255,605255,天普股份,主板,沪市,主板,801880.SI,汽车,801093.SI,汽车零部件,汽车零部件,L,20200825,2204,6.03,65.3,0.446,31.429,False,True,True,0,0,0,0,True,
605258.SH,605258,605258,协和电子,主板,沪市,主板,801080.SI,电子,801083.SI,元件,元件,L,20201203,2104,5.76,30.28,3.063,16.0,False,True,True,0,0,0,0,True,
605259.SH,605259,605259,绿田机械,主板,沪市,主板,801890.SI,机械设备,801074.SI,专用设备,专用设备,L,20210615,1910,5.23,17.75,0.113,19.78,False,True,True,0,0,0,0,True,
605266.SH,605266,605266,健之佳,主板,沪市,主板,801150.SI,医药生物,801154.SI,医药商业,医药商业,L,20201201,2106,5.77,16.05,0.69,12.195,False,True,True,0,0,0,0,True,
605268.SH,605268,605268,王力安防,主板,沪市,主板,801140.SI,轻工制造,801142.SI,家居用品,家居用品,L,20210224,2021,5.53,9.74,0.933,35.052,False,True,True,0,0,0,0,True,
605277.SH,605277,605277,新亚电子,主板,沪市,主板,801080.SI,电子,801085.SI,消费电子,消费电子,L,20210106,2070,5.67,16.8,-0.943,17.964,False,True,True,0,0,0,0,True,
605286.SH,605286,605286,同力天启,主板,沪市,主板,801890.SI,机械设备,801074.SI,专用设备,专用设备,L,20210322,1995,5.46,26.13,1.318,11.94,False,True,True,0,0,0,0,True,
605287.SH,605287,605287,德才股份,主板,沪市,主板,801720.SI,建筑装饰,801722.SI,装修装饰Ⅱ,装修装饰Ⅱ,L,20210706,1889,5.17,38.44,0.209,10.309,False,True,True,0,0,0,0,True,
605288.SH,605288,605288,凯迪股份,主板,沪市,主板,801890.SI,机械设备,801078.SI,自动化设备,自动化设备,L,20200601,2289,6.27,70.43,7.346,19.697,False,True,True,0,0,0,0,True,
605289.SH,605289,605289,罗曼股份,主板,沪市,主板,801720.SI,建筑装饰,801724.SI,专业工程,专业工程,L,20210426,1960,5.37,103.51,0.74,16.667,False,True,True,0,0,0,0,True,
605296.SH,605296,605296,神农集团,主板,沪市,主板,801010.SI,农林牧渔,801017.SI,养殖业,养殖业,L,20210528,1928,5.28,36.47,2.243,15.894,False,True,True,0,0,0,0,True,
605298.SH,605298,605298,必得科技,主板,沪市,主板,801890.SI,机械设备,801076.SI,轨交设备Ⅱ,轨交设备Ⅱ,L,20210301,2016,5.52,47.95,-1.54,26.437,False,True,True,0,0,0,0,True,
605299.SH,605299,605299,舒华体育,主板,沪市,主板,801140.SI,轻工制造,801145.SI,文娱用品,文娱用品,L,20201215,2092,5.73,13.29,-1.19,13.636,False,True,True,0,0,0,0,True,
605300.SH,605300,605300,佳禾食品,主板,沪市,主板,801120.SI,食品饮料,801127.SI,饮料乳品,饮料乳品,L,20210430,1956,5.36,10.49,1.647,18.75,False,True,True,0,0,0,0,True,
605303.SH,605303,605303,园林股份,主板,沪市,主板,801720.SI,建筑装饰,801723.SI,基础建设,基础建设,L,20210301,2016,5.52,25.43,2.706,20.175,False,True,True,0,0,0,0,True,
605305.SH,605305,605305,中际联合,主板,沪市,主板,801890.SI,机械设备,801077.SI,工程机械,工程机械,L,20210506,1950,5.34,31.78,1.892,21.505,False,True,True,0,0,0,0,True,
605318.SH,605318,605318,法狮龙,主板,沪市,主板,801710.SI,建筑材料,801713.SI,装修建材,装修建材,L,20200803,2226,6.09,77.46,-0.052,64.0,False,True,True,0,0,0,0,True,
605319.SH,605319,605319,无锡振华,主板,沪市,主板,801880.SI,汽车,801093.SI,汽车零部件,汽车零部件,L,20210607,1918,5.25,25.95,-1.067,18.4,False,True,True,0,0,0,0,True,
605333.SH,605333,605333,沪光股份,主板,沪市,主板,801880.SI,汽车,801093.SI,汽车零部件,汽车零部件,L,20200818,2211,6.05,17.74,1.429,68.333,False,True,True,0,0,0,0,True,
605337.SH,605337,605337,李子园,主板,沪市,主板,801120.SI,食品饮料,801127.SI,饮料乳品,饮料乳品,L,20210208,2037,5.58,9.66,2.114,12.5,False,True,True,0,0,0,0,True,
605338.SH,605338,605338,巴比食品,主板,沪市,主板,801120.SI,食品饮料,801124.SI,食品加工,食品加工,L,20201012,2156,5.9,19.54,0.982,20.833,False,True,True,0,0,0,0,True,
605339.SH,605339,605339,南侨食品,主板,沪市,主板,801120.SI,食品饮料,801128.SI,休闲食品,休闲食品,L,20210518,1938,5.31,14.1,4.213,53.571,False,True,True,0,0,0,0,True,
605358.SH,605358,605358,立昂微,主板,沪市,主板,801080.SI,电子,801081.SI,半导体,半导体,L,20200911,2187,5.99,42.79,6.575,11.111,False,True,True,0,0,0,0,True,
605365.SH,605365,605365,立达信,主板,沪市,主板,801110.SI,家用电器,801115.SI,照明设备Ⅱ,照明设备Ⅱ,L,20210720,1875,5.13,15.23,-3.851,48.684,False,True,True,0,0,0,0,True,
605366.SH,605366,605366,宏柏新材,主板,沪市,主板,801030.SI,基础化工,801034.SI,化学制品,化学制品,L,20200812,2217,6.07,7.9,0.127,11.111,False,True,True,0,0,0,0,True,
605368.SH,605368,605368,蓝天燃气,主板,沪市,主板,801160.SI,公用事业,801163.SI,燃气Ⅱ,燃气Ⅱ,L,20210129,2047,5.6,6.94,-0.573,27.536,False,True,True,0,0,0,0,True,
605369.SH,605369,605369,拱东医疗,主板,沪市,主板,801150.SI,医药生物,801153.SI,医疗器械,医疗器械,L,20200916,2182,5.97,16.64,-1.597,17.857,False,True,True,0,0,0,0,True,
605376.SH,605376,605376,博迁新材,主板,沪市,主板,801050.SI,有色金属,801056.SI,能源金属,能源金属,L,20201208,2099,5.75,137.2,2.972,21.875,False,True,True,0,0,0,0,True,
605377.SH,605377,605377,华旺科技,主板,沪市,主板,801140.SI,轻工制造,801143.SI,造纸,造纸,L,20201228,2079,5.69,8.18,0.245,14.444,False,True,True,0,0,0,0,True,
605378.SH,605378,605378,野马电池,主板,沪市,主板,801730.SI,电力设备,801737.SI,电池,电池,L,20210412,1974,5.4,14.36,-0.278,45.833,False,True,True,0,0,0,0,True,
605388.SH,605388,605388,均瑶健康,主板,沪市,主板,801120.SI,食品饮料,801127.SI,饮料乳品,饮料乳品,L,20200818,2211,6.05,6.49,5.016,9.836,False,True,True,0,0,0,0,True,
605389.SH,605389,605389,长龄液压,主板,沪市,主板,801890.SI,机械设备,801077.SI,工程机械,工程机械,L,20210322,1995,5.46,68.5,2.961,31.429,False,True,True,0,0,0,0,True,
605398.SH,605398,605398,新炬网络,主板,沪市,主板,801750.SI,计算机,801103.SI,IT服务Ⅱ,IT服务Ⅱ,L,20210121,2055,5.63,27.99,4.989,31.481,False,True,True,0,0,0,0,True,
605399.SH,605399,605399,晨光新材,主板,沪市,主板,801030.SI,基础化工,801034.SI,化学制品,化学制品,L,20200804,2225,6.09,11.32,0.177,37.838,False,True,True,0,0,0,0,True,
605488.SH,605488,605488,福莱新材,主板,沪市,主板,801030.SI,基础化工,801036.SI,塑料,塑料,L,20210513,1943,5.32,29.94,9.993,11.111,False,True,True,0,0,0,0,True,
605499.SH,605499,605499,东鹏饮料,主板,沪市,主板,801120.SI,食品饮料,801127.SI,饮料乳品,饮料乳品,L,20210527,1929,5.28,121.98,1.304,19.512,False,True,True,0,0,0,0,True,
605500.SH,605500,605500,森林包装,主板,沪市,主板,801140.SI,轻工制造,801143.SI,造纸,造纸,L,20201222,2085,5.71,7.34,0.136,21.739,False,True,True,0,0,0,0,True,
605507.SH,605507,605507,国邦医药,主板,沪市,主板,801150.SI,医药生物,801151.SI,化学制药,化学制药,L,20210802,1862,5.1,15.41,-1.091,15.19,False,True,True,0,0,0,0,True,
605555.SH,605555,605555,德昌股份,主板,沪市,主板,801110.SI,家用电器,801113.SI,小家电,小家电,L,20211021,1782,4.88,12.61,1.448,32.8,False,True,True,0,0,0,0,True,
605566.SH,605566,605566,福莱蒽特,主板,沪市,主板,801030.SI,基础化工,801034.SI,化学制品,化学制品,L,20211025,1778,4.87,28.27,-0.247,16.901,False,True,True,0,0,0,0,True,
605567.SH,605567,605567,春雪食品,主板,沪市,主板,801120.SI,食品饮料,801124.SI,食品加工,食品加工,L,20211013,1790,4.9,9.69,0.623,16.667,False,True,True,0,0,0,0,True,
605577.SH,605577,605577,龙版传媒,主板,沪市,主板,801760.SI,传媒,801769.SI,出版,出版,L,20210824,1840,5.04,17.11,10.032,50.0,False,True,True,0,0,0,0,True,
605580.SH,605580,605580,恒盛能源,主板,沪市,主板,801160.SI,公用事业,801161.SI,电力,电力,L,20210819,1845,5.05,24.41,8.634,36.17,False,True,True,0,0,0,0,True,
605588.SH,605588,605588,冠石科技,主板,沪市,主板,801080.SI,电子,801084.SI,光学光电子,光学光电子,L,20210812,1852,5.07,46.04,2.175,27.564,False,True,True,0,0,0,0,True,
605589.SH,605589,605589,圣泉集团,主板,沪市,主板,801030.SI,基础化工,801036.SI,塑料,塑料,L,20210810,1854,5.08,38.12,3.418,11.538,False,True,True,0,0,0,0,True,
605598.SH,605598,605598,上海港湾,主板,沪市,主板,801720.SI,建筑装饰,801724.SI,专业工程,专业工程,L,20210917,1816,4.97,25.6,-2.402,47.273,False,True,True,0,0,0,0,True,
605599.SH,605599,605599,菜百股份,主板,沪市,主板,801130.SI,纺织服饰,801133.SI,饰品,饰品,L,20210909,1824,4.99,14.58,-2.148,23.75,False,True,True,0,0,0,0,True,
