ts_code,symbol,display_code,name,board,exchange,market_raw,sw_l1_code,sw_l1_name,sw_l2_code,sw_l2_name,sw_l2_display,list_status,list_date,list_age_days,list_age_years,close,pct_chg,chip_concentration_70,is_st,is_normal_listed,has_latest_quote,suspend_days_20,suspend_days_40,suspend_days_60,suspend_days_90,default_passed,default_reject_reasons
000001.SZ,000001,000001,平安银行,主板,深市,主板,801780.SI,银行,801783.SI,股份制银行Ⅱ,股份制银行Ⅱ,L,19910403,12964,35.49,11.57,1.938,11.111,False,True,True,0,0,0,0,True,
000002.SZ,000002,000002,万科A,主板,深市,主板,801180.SI,房地产,801181.SI,房地产开发,房地产开发,L,19910129,13028,35.67,4.26,4.412,21.053,False,True,True,0,0,0,0,True,
000006.SZ,000006,000006,深振业A,主板,深市,主板,801180.SI,房地产,801181.SI,房地产开发,房地产开发,L,19920427,12574,34.43,7.51,-1.444,11.111,False,True,True,0,0,0,0,True,
000007.SZ,000007,000007,全新好,主板,深市,主板,801200.SI,商贸零售,801203.SI,一般零售,一般零售,L,19920413,12588,34.46,10.96,-1.083,15.789,False,True,True,0,0,0,0,True,
000008.SZ,000008,000008,神州高铁,主板,深市,主板,801890.SI,机械设备,801076.SI,轨交设备Ⅱ,轨交设备Ⅱ,L,19920507,12564,34.4,2.4,0.418,12.5,False,True,True,0,0,5,6,False,近60日停牌
000009.SZ,000009,000009,中国宝安,主板,深市,主板,801730.SI,电力设备,801737.SI,电池,电池,L,19910625,12881,35.27,6.93,1.02,20.0,False,True,True,0,0,0,0,True,
000010.SZ,000010,000010,*ST美丽,主板,深市,主板,801720.SI,建筑装饰,801723.SI,基础建设,基础建设,L,19951027,11296,30.93,1.44,-2.041,12.5,True,True,True,0,0,0,0,False,ST
000011.SZ,000011,000011,深物业A,主板,深市,主板,801180.SI,房地产,801181.SI,房地产开发,房地产开发,L,19920330,12602,34.5,12.24,9.973,28.125,False,True,True,0,0,0,0,True,
000012.SZ,000012,000012,南玻A,主板,深市,主板,801710.SI,建筑材料,801712.SI,玻璃玻纤,玻璃玻纤,L,19920228,12633,34.59,3.69,0.545,23.684,False,True,True,0,0,0,0,True,
000014.SZ,000014,000014,沙河股份,主板,深市,主板,801180.SI,房地产,801181.SI,房地产开发,房地产开发,L,19920602,12538,34.33,11.24,-2.684,11.111,False,True,True,0,0,0,0,True,
000016.SZ,000016,000016,*ST康佳A,主板,深市,主板,801110.SI,家用电器,801111.SI,白色家电,白色家电,L,19920327,12605,34.51,,,,True,True,False,18,23,23,23,False,ST、近60日停牌、无最新行情
000017.SZ,000017,000017,深中华A,主板,深市,主板,801130.SI,纺织服饰,801133.SI,饰品,饰品,L,19920331,12601,34.5,7.4,-1.333,7.895,False,True,True,0,0,0,0,True,
000019.SZ,000019,000019,深粮控股,主板,深市,主板,801010.SI,农林牧渔,801012.SI,农产品加工,农产品加工,L,19921012,12406,33.97,7.01,4.627,10.0,False,True,True,0,0,0,0,True,
000020.SZ,000020,000020,深华发A,主板,深市,主板,801080.SI,电子,801084.SI,光学光电子,光学光电子,L,19920428,12573,34.42,14.28,-2.526,14.085,False,True,True,0,0,0,0,True,
000021.SZ,000021,000021,深科技,主板,深市,主板,801080.SI,电子,801085.SI,消费电子,消费电子,L,19940202,11928,32.66,32.83,-2.841,9.722,False,True,True,0,0,0,0,True,
000025.SZ,000025,000025,特力A,主板,深市,主板,801230.SI,综合,801231.SI,综合Ⅱ,综合Ⅱ,L,19930621,12154,33.28,15.21,-1.105,9.091,False,True,True,0,0,0,0,True,
000026.SZ,000026,000026,飞亚达,主板,深市,主板,801130.SI,纺织服饰,801133.SI,饰品,饰品,L,19930603,12172,33.33,18.86,0.856,12.121,False,True,True,0,0,0,0,True,
000027.SZ,000027,000027,深圳能源,主板,深市,主板,801160.SI,公用事业,801161.SI,电力,电力,L,19930903,12080,33.07,6.28,0.641,18.462,False,True,True,0,0,0,0,True,
000028.SZ,000028,000028,国药一致,主板,深市,主板,801150.SI,医药生物,801154.SI,医药商业,医药商业,L,19930809,12105,33.14,19.66,1.497,14.706,False,True,True,0,0,0,0,True,
000029.SZ,000029,000029,深深房A,主板,深市,主板,801180.SI,房地产,801181.SI,房地产开发,房地产开发,L,19930915,12068,33.04,22.71,2.667,23.009,False,True,True,0,0,0,0,True,
000030.SZ,000030,000030,富奥股份,主板,深市,主板,801880.SI,汽车,801093.SI,汽车零部件,汽车零部件,L,19930929,12054,33.0,3.93,1.028,26.19,False,True,True,0,0,0,0,True,
000031.SZ,000031,000031,大悦城,主板,深市,主板,801180.SI,房地产,801181.SI,房地产开发,房地产开发,L,19931008,12045,32.98,2.46,1.235,36.364,False,True,True,0,0,0,0,True,
000032.SZ,000032,000032,深桑达A,主板,深市,主板,801720.SI,建筑装饰,801724.SI,专业工程,专业工程,L,19931028,12025,32.92,13.09,-2.167,9.722,False,True,True,0,0,0,0,True,
000034.SZ,000034,000034,神州数码,主板,深市,主板,801750.SI,计算机,801103.SI,IT服务Ⅱ,IT服务Ⅱ,L,19940509,11832,32.39,23.21,-1.985,6.78,False,True,True,0,0,0,0,True,
000035.SZ,000035,000035,中国天楹,主板,深市,主板,801970.SI,环保,801971.SI,环境治理,环境治理,L,19940408,11863,32.48,4.74,1.717,8.333,False,True,True,0,0,0,0,True,
000036.SZ,000036,000036,华联控股,主板,深市,主板,801180.SI,房地产,801181.SI,房地产开发,房地产开发,L,19940617,11793,32.29,4.08,-3.088,7.5,False,True,True,0,0,0,0,True,
000037.SZ,000037,000037,深南电A,主板,深市,主板,801160.SI,公用事业,801161.SI,电力,电力,L,19940701,11779,32.25,9.15,1.667,8.602,False,True,True,0,0,0,0,True,
000039.SZ,000039,000039,中集集团,主板,深市,主板,801890.SI,机械设备,801072.SI,通用设备,通用设备,L,19940408,11863,32.48,8.6,0.585,12.222,False,True,True,0,0,0,0,True,
000042.SZ,000042,000042,中洲控股,主板,深市,主板,801180.SI,房地产,801181.SI,房地产开发,房地产开发,L,19940921,11697,32.02,8.46,1.928,14.286,False,True,True,0,0,0,0,True,
000045.SZ,000045,000045,深纺织A,主板,深市,主板,801080.SI,电子,801084.SI,光学光电子,光学光电子,L,19940815,11734,32.13,11.13,-0.714,14.815,False,True,True,0,0,0,0,True,
000048.SZ,000048,000048,京基智农,主板,深市,主板,801010.SI,农林牧渔,801017.SI,养殖业,养殖业,L,19941101,11656,31.91,18.0,0.446,22.449,False,True,True,0,0,0,0,True,
000049.SZ,000049,000049,德赛电池,主板,深市,主板,801730.SI,电力设备,801737.SI,电池,电池,L,19950320,11517,31.53,22.4,1.865,10.256,False,True,True,0,0,0,0,True,
000050.SZ,000050,000050,深天马A,主板,深市,主板,801080.SI,电子,801084.SI,光学光电子,光学光电子,L,19950315,11522,31.55,6.31,0.318,45.455,False,True,True,0,0,0,0,True,
000055.SZ,000055,000055,方大集团,主板,深市,主板,801710.SI,建筑材料,801713.SI,装修建材,装修建材,L,19960415,11125,30.46,3.86,-0.515,10.811,False,True,True,0,0,0,0,True,
000056.SZ,000056,000056,*ST皇庭,主板,深市,主板,801180.SI,房地产,801183.SI,房地产服务,房地产服务,L,19960708,11041,30.23,2.7,0.0,30.769,True,True,True,0,0,0,0,False,ST
000058.SZ,000058,000058,深赛格,主板,深市,主板,801200.SI,商贸零售,801203.SI,一般零售,一般零售,L,19961226,10870,29.76,7.28,-0.137,27.143,False,True,True,0,0,0,0,True,
000059.SZ,000059,000059,华锦股份,主板,深市,主板,801960.SI,石油石化,801963.SI,炼化及贸易,炼化及贸易,L,19970130,10835,29.66,5.55,1.462,12.5,False,True,True,0,0,0,0,True,
000060.SZ,000060,000060,中金岭南,主板,深市,主板,801050.SI,有色金属,801055.SI,工业金属,工业金属,L,19970123,10842,29.68,5.84,0.172,10.769,False,True,True,0,0,0,0,True,
000061.SZ,000061,000061,农产品,主板,深市,主板,801200.SI,商贸零售,801203.SI,一般零售,一般零售,L,19970110,10855,29.72,6.03,3.253,15.0,False,True,True,0,0,0,0,True,
000062.SZ,000062,000062,深圳华强,主板,深市,主板,801080.SI,电子,801082.SI,其他电子Ⅱ,其他电子Ⅱ,L,19970130,10835,29.66,21.32,-1.57,8.696,False,True,True,0,0,0,0,True,
000063.SZ,000063,000063,中兴通讯,主板,深市,主板,801770.SI,通信,801102.SI,通信设备,通信设备,L,19971118,10543,28.87,30.58,-0.456,10.714,False,True,True,0,0,0,0,True,
000065.SZ,000065,000065,北方国际,主板,深市,主板,801720.SI,建筑装饰,801724.SI,专业工程,专业工程,L,19980605,10344,28.32,9.73,1.249,10.204,False,True,True,0,0,0,0,True,
000066.SZ,000066,000066,中国长城,主板,深市,主板,801750.SI,计算机,801101.SI,计算机设备,计算机设备,L,19970626,10688,29.26,14.1,-2.219,10.811,False,True,True,0,0,0,0,True,
000068.SZ,000068,000068,华控赛格,主板,深市,主板,801970.SI,环保,801971.SI,环境治理,环境治理,L,19970611,10703,29.3,3.41,-3.672,15.625,False,True,True,0,0,0,0,True,
000069.SZ,000069,000069,华侨城A,主板,深市,主板,801180.SI,房地产,801181.SI,房地产开发,房地产开发,L,19970910,10612,29.05,1.97,0.0,27.778,False,True,True,0,0,0,0,True,
000070.SZ,000070,000070,特发信息,主板,深市,主板,801770.SI,通信,801102.SI,通信设备,通信设备,L,20000511,9638,26.39,16.3,0.679,14.607,False,True,True,0,0,0,0,True,
000078.SZ,000078,000078,ST海王,主板,深市,主板,801150.SI,医药生物,801154.SI,医药商业,医药商业,L,19981218,10148,27.78,1.49,0.0,6.667,True,True,True,0,0,0,0,False,ST
000088.SZ,000088,000088,盐田港,主板,深市,主板,801170.SI,交通运输,801992.SI,航运港口,航运港口,L,19970728,10656,29.17,4.66,0.648,6.667,False,True,True,0,0,0,0,True,
000089.SZ,000089,000089,深圳机场,主板,深市,主板,801170.SI,交通运输,801991.SI,航空机场,航空机场,L,19980420,10390,28.45,6.69,1.518,7.576,False,True,True,0,0,0,0,True,
000090.SZ,000090,000090,天健集团,主板,深市,主板,801180.SI,房地产,801181.SI,房地产开发,房地产开发,L,19990721,9933,27.2,3.64,0.0,11.429,False,True,True,0,0,0,0,True,
000096.SZ,000096,000096,广聚能源,主板,深市,主板,801960.SI,石油石化,801963.SI,炼化及贸易,炼化及贸易,L,20000724,9564,26.18,7.99,0.63,11.538,False,True,True,0,0,0,0,True,
000099.SZ,000099,000099,中信海直,主板,深市,主板,801170.SI,交通运输,801991.SI,航空机场,航空机场,L,20000731,9557,26.17,12.67,0.876,13.043,False,True,True,0,0,0,0,True,
000100.SZ,000100,000100,TCL科技,主板,深市,主板,801080.SI,电子,801084.SI,光学光电子,光学光电子,L,20040130,8279,22.67,4.79,0.419,8.163,False,True,True,0,0,0,0,True,
000151.SZ,000151,000151,中成股份,主板,深市,主板,801200.SI,商贸零售,801202.SI,贸易Ⅱ,贸易Ⅱ,L,20000906,9520,26.06,10.06,0.0,5.882,False,True,True,0,0,0,0,True,
000153.SZ,000153,000153,丰原药业,主板,深市,主板,801150.SI,医药生物,801151.SI,化学制药,化学制药,L,20000920,9506,26.03,6.11,0.493,6.452,False,True,True,0,0,0,0,True,
000155.SZ,000155,000155,川能动力,主板,深市,主板,801160.SI,公用事业,801161.SI,电力,电力,L,20000926,9500,26.01,10.88,1.021,6.897,False,True,True,0,0,0,0,True,
000156.SZ,000156,000156,华数传媒,主板,深市,主板,801760.SI,传媒,801995.SI,电视广播Ⅱ,电视广播Ⅱ,L,20000906,9520,26.06,6.98,-1.133,17.647,False,True,True,0,0,0,0,True,
000157.SZ,000157,000157,中联重科,主板,深市,主板,801890.SI,机械设备,801077.SI,工程机械,工程机械,L,20001012,9484,25.97,5.97,1.877,18.31,False,True,True,0,0,0,0,True,
000158.SZ,000158,000158,常山北明,主板,深市,主板,801750.SI,计算机,801103.SI,IT服务Ⅱ,IT服务Ⅱ,L,20000724,9564,26.18,12.17,-0.164,9.091,False,True,True,0,0,0,0,True,
000159.SZ,000159,000159,国际实业,主板,深市,主板,801730.SI,电力设备,801735.SI,光伏设备,光伏设备,L,20000926,9500,26.01,5.45,-0.909,8.929,False,True,True,0,0,0,0,True,
000166.SZ,000166,000166,申万宏源,主板,深市,主板,801790.SI,非银金融,801193.SI,证券Ⅱ,证券Ⅱ,L,20150126,4265,11.68,4.38,0.459,17.391,False,True,True,0,0,0,0,True,
000301.SZ,000301,000301,东方盛虹,主板,深市,主板,801960.SI,石油石化,801963.SI,炼化及贸易,炼化及贸易,L,20000529,9620,26.34,12.89,0.703,28.125,False,True,True,0,0,0,0,True,
000333.SZ,000333,000333,美的集团,主板,深市,主板,801110.SI,家用电器,801111.SI,白色家电,白色家电,L,20130918,4760,13.03,80.1,-1.91,24.0,False,True,True,0,0,0,0,True,
000338.SZ,000338,000338,潍柴动力,主板,深市,主板,801880.SI,汽车,801093.SI,汽车零部件,汽车零部件,L,20070430,7093,19.42,25.1,0.4,13.433,False,True,True,0,0,0,0,True,
000400.SZ,000400,000400,许继电气,主板,深市,主板,801730.SI,电力设备,801738.SI,电网设备,电网设备,L,19970418,10757,29.45,21.61,2.758,11.111,False,True,True,0,0,0,0,True,
000401.SZ,000401,000401,金隅冀东,主板,深市,主板,801710.SI,建筑材料,801711.SI,水泥,水泥,L,19960614,11065,30.29,3.66,1.95,33.333,False,True,True,0,0,0,0,True,
000402.SZ,000402,000402,金融街,主板,深市,主板,801180.SI,房地产,801181.SI,房地产开发,房地产开发,L,19960626,11053,30.26,2.74,1.107,11.538,False,True,True,0,0,0,0,True,
000403.SZ,000403,000403,派林生物,主板,深市,主板,801150.SI,医药生物,801152.SI,生物制品,生物制品,L,19960628,11051,30.26,10.06,3.285,21.154,False,True,True,0,0,0,0,True,
000404.SZ,000404,000404,长虹华意,主板,深市,主板,801110.SI,家用电器,801116.SI,家电零部件Ⅱ,家电零部件Ⅱ,L,19960619,11060,30.28,6.84,1.484,13.889,False,True,True,0,0,0,0,True,
000407.SZ,000407,000407,胜利股份,主板,深市,主板,801160.SI,公用事业,801163.SI,燃气Ⅱ,燃气Ⅱ,L,19960703,11046,30.24,4.25,1.19,7.143,False,True,True,0,0,0,0,True,
000408.SZ,000408,000408,藏格矿业,主板,深市,主板,801050.SI,有色金属,801056.SI,能源金属,能源金属,L,19960628,11051,30.26,70.66,1.232,16.883,False,True,True,0,0,0,0,True,
000409.SZ,000409,000409,云鼎科技,主板,深市,主板,801750.SI,计算机,801103.SI,IT服务Ⅱ,IT服务Ⅱ,L,19960627,11052,30.26,8.61,-2.048,11.364,False,True,True,0,0,0,0,True,
000410.SZ,000410,000410,沈阳机床,主板,深市,主板,801890.SI,机械设备,801072.SI,通用设备,通用设备,L,19960718,11031,30.2,5.11,-0.584,7.692,False,True,True,0,0,0,0,True,
000411.SZ,000411,000411,英特集团,主板,深市,主板,801150.SI,医药生物,801154.SI,医药商业,医药商业,L,19960716,11033,30.21,10.02,0.401,18.182,False,True,True,0,0,0,0,True,
000415.SZ,000415,000415,渤海租赁,主板,深市,主板,801790.SI,非银金融,801191.SI,多元金融,多元金融,L,19960716,11033,30.21,4.13,1.474,9.091,False,True,True,0,0,0,0,True,
000417.SZ,000417,000417,合百集团,主板,深市,主板,801200.SI,商贸零售,801203.SI,一般零售,一般零售,L,19960812,11006,30.13,5.64,-0.353,15.517,False,True,True,0,0,0,0,True,
000419.SZ,000419,000419,通程控股,主板,深市,主板,801200.SI,商贸零售,801203.SI,一般零售,一般零售,L,19960816,11002,30.12,5.1,0.79,10.0,False,True,True,0,0,0,0,True,
000420.SZ,000420,000420,吉林化纤,主板,深市,主板,801030.SI,基础化工,801032.SI,化学纤维,化学纤维,L,19960802,11016,30.16,3.44,-0.865,11.111,False,True,True,0,0,0,0,True,
000421.SZ,000421,000421,南京公用,主板,深市,主板,801230.SI,综合,801231.SI,综合Ⅱ,综合Ⅱ,L,19960806,11012,30.15,5.74,0.702,8.772,False,True,True,0,0,0,0,True,
000422.SZ,000422,000422,湖北宜化,主板,深市,主板,801030.SI,基础化工,801038.SI,农化制品,农化制品,L,19960815,11003,30.12,11.52,0.348,9.524,False,True,True,0,0,0,0,True,
000423.SZ,000423,000423,东阿阿胶,主板,深市,主板,801150.SI,医药生物,801155.SI,中药Ⅱ,中药Ⅱ,L,19960729,11020,30.17,45.95,1.569,13.235,False,True,True,0,0,0,0,True,
000425.SZ,000425,000425,徐工机械,主板,深市,主板,801890.SI,机械设备,801077.SI,工程机械,工程机械,L,19960828,10990,30.09,7.2,2.128,18.519,False,True,True,0,0,0,0,True,
000426.SZ,000426,000426,兴业银锡,主板,深市,主板,801050.SI,有色金属,801055.SI,工业金属,工业金属,L,19960828,10990,30.09,31.5,-0.222,19.608,False,True,True,0,0,0,0,True,
000428.SZ,000428,000428,华天酒店,主板,深市,主板,801210.SI,社会服务,801219.SI,酒店餐饮,酒店餐饮,L,19960808,11010,30.14,3.83,0.0,23.81,False,True,True,0,0,0,0,True,
000429.SZ,000429,000429,粤高速A,主板,深市,主板,801170.SI,交通运输,801179.SI,铁路公路,铁路公路,L,19980220,10449,28.61,12.46,1.466,14.504,False,True,True,0,0,0,0,True,
000430.SZ,000430,000430,张家界,主板,深市,主板,801210.SI,社会服务,801993.SI,旅游及景区,旅游及景区,L,19960829,10989,30.09,6.66,0.301,14.286,False,True,True,0,0,0,0,True,
000488.SZ,000488,000488,ST晨鸣,主板,深市,主板,801140.SI,轻工制造,801143.SI,造纸,造纸,L,20001120,9445,25.86,2.13,2.404,33.333,True,True,True,0,0,0,0,False,ST
000498.SZ,000498,000498,山东路桥,主板,深市,主板,801720.SI,建筑装饰,801723.SI,基础建设,基础建设,L,19970609,10705,29.31,5.87,4.635,16.667,False,True,True,0,0,0,0,True,
000501.SZ,000501,000501,武商集团,主板,深市,主板,801200.SI,商贸零售,801203.SI,一般零售,一般零售,L,19921120,12367,33.86,7.14,1.133,8.333,False,True,True,0,0,0,0,True,
000503.SZ,000503,000503,国新健康,主板,深市,主板,801750.SI,计算机,801104.SI,软件开发,软件开发,L,19921130,12357,33.83,7.69,-0.389,11.111,False,True,True,0,0,0,0,True,
000504.SZ,000504,000504,南华生物,主板,深市,主板,801150.SI,医药生物,801156.SI,医疗服务,医疗服务,L,19921208,12349,33.81,12.42,10.009,11.111,False,True,True,0,0,0,2,True,
000505.SZ,000505,000505,京粮控股,主板,深市,主板,801010.SI,农林牧渔,801012.SI,农产品加工,农产品加工,L,19921221,12336,33.77,6.28,3.46,18.182,False,True,True,0,0,0,0,True,
000506.SZ,000506,000506,招金黄金,主板,深市,主板,801050.SI,有色金属,801053.SI,贵金属,贵金属,L,19930312,12255,33.55,16.71,0.784,17.204,False,True,True,0,0,0,0,True,
000507.SZ,000507,000507,珠海港,主板,深市,主板,801160.SI,公用事业,801161.SI,电力,电力,L,19930326,12241,33.51,4.94,0.203,6.0,False,True,True,0,0,0,0,True,
000509.SZ,000509,000509,华塑控股,主板,深市,主板,801080.SI,电子,801084.SI,光学光电子,光学光电子,L,19930507,12199,33.4,3.39,-3.419,13.889,False,True,True,0,0,0,0,True,
000510.SZ,000510,000510,新金路,主板,深市,主板,801030.SI,基础化工,801033.SI,化学原料,化学原料,L,19930507,12199,33.4,16.85,-2.432,11.111,False,True,True,0,0,0,0,True,
000513.SZ,000513,000513,丽珠集团,主板,深市,主板,801150.SI,医药生物,801151.SI,化学制药,化学制药,L,19931028,12025,32.92,32.9,2.079,18.033,False,True,True,0,0,0,0,True,
000514.SZ,000514,000514,渝开发,主板,深市,主板,801180.SI,房地产,801181.SI,房地产开发,房地产开发,L,19930712,12133,33.22,4.6,1.099,14.286,False,True,True,0,0,0,0,True,
000516.SZ,000516,000516,国际医学,主板,深市,主板,801150.SI,医药生物,801156.SI,医疗服务,医疗服务,L,19930809,12105,33.14,4.37,2.342,9.524,False,True,True,0,0,0,0,True,
000517.SZ,000517,000517,荣安地产,主板,深市,主板,801180.SI,房地产,801181.SI,房地产开发,房地产开发,L,19930806,12108,33.15,2.07,0.0,20.0,False,True,True,0,0,0,0,True,
000518.SZ,000518,000518,四环生物,主板,深市,主板,801150.SI,医药生物,801152.SI,生物制品,生物制品,L,19930908,12075,33.06,3.59,0.0,5.263,False,True,True,0,0,0,0,True,
000519.SZ,000519,000519,中兵红箭,主板,深市,主板,801740.SI,国防军工,801743.SI,地面兵装Ⅱ,地面兵装Ⅱ,L,19931008,12045,32.98,14.3,-0.694,10.526,False,True,True,0,0,0,0,True,
000520.SZ,000520,000520,凤凰航运,主板,深市,主板,801170.SI,交通运输,801992.SI,航运港口,航运港口,L,19931025,12028,32.93,4.0,-0.744,11.905,False,True,True,0,0,0,0,True,
000521.SZ,000521,000521,长虹美菱,主板,深市,主板,801110.SI,家用电器,801111.SI,白色家电,白色家电,L,19931018,12035,32.95,4.35,1.399,26.531,False,True,True,0,0,0,0,True,
000523.SZ,000523,000523,红棉股份,主板,深市,主板,801230.SI,综合,801231.SI,综合Ⅱ,综合Ⅱ,L,19931108,12014,32.89,3.3,4.101,5.882,False,True,True,0,0,0,0,True,
000524.SZ,000524,000524,岭南控股,主板,深市,主板,801210.SI,社会服务,801993.SI,旅游及景区,旅游及景区,L,19931118,12004,32.87,8.76,0.114,16.129,False,True,True,0,0,1,11,False,近60日停牌
000525.SZ,000525,000525,红太阳,主板,深市,主板,801030.SI,基础化工,801038.SI,农化制品,农化制品,L,19931028,12025,32.92,4.44,1.139,8.696,False,True,True,0,0,0,0,True,
000526.SZ,000526,000526,学大教育,主板,深市,主板,801210.SI,社会服务,801994.SI,教育,教育,L,19931101,12021,32.91,35.82,2.901,5.882,False,True,True,0,0,0,0,True,
000528.SZ,000528,000528,柳工,主板,深市,主板,801890.SI,机械设备,801077.SI,工程机械,工程机械,L,19931118,12004,32.87,7.52,2.174,12.346,False,True,True,0,0,0,0,True,
000529.SZ,000529,000529,广弘控股,主板,深市,主板,801120.SI,食品饮料,801124.SI,食品加工,食品加工,L,19931118,12004,32.87,5.04,0.199,18.0,False,True,True,0,0,0,0,True,
000530.SZ,000530,000530,冰山冷热,主板,深市,主板,801890.SI,机械设备,801072.SI,通用设备,通用设备,L,19931208,11984,32.81,5.15,-1.152,7.692,False,True,True,0,0,0,0,True,
000531.SZ,000531,000531,穗恒运A,主板,深市,主板,801160.SI,公用事业,801161.SI,电力,电力,L,19940106,11955,32.73,5.55,1.093,20.69,False,True,True,0,0,0,0,True,
000532.SZ,000532,000532,华金资本,主板,深市,主板,801790.SI,非银金融,801191.SI,多元金融,多元金融,L,19940103,11958,32.74,12.26,-1.841,13.178,False,True,True,0,0,0,0,True,
000533.SZ,000533,000533,顺钠股份,主板,深市,主板,801730.SI,电力设备,801738.SI,电网设备,电网设备,L,19940103,11958,32.74,9.92,-0.998,14.414,False,True,True,0,0,0,0,True,
000534.SZ,000534,000534,万泽股份,主板,深市,主板,801150.SI,医药生物,801152.SI,生物制品,生物制品,L,19940110,11951,32.72,21.63,-1.503,13.333,False,True,True,0,0,0,0,True,
000536.SZ,000536,000536,华映科技,主板,深市,主板,801080.SI,电子,801084.SI,光学光电子,光学光电子,L,19931126,11996,32.84,3.34,-1.183,11.429,False,True,True,0,0,0,0,True,
000537.SZ,000537,000537,绿发电力,主板,深市,主板,801160.SI,公用事业,801161.SI,电力,电力,L,19931210,11982,32.8,7.38,1.235,11.538,False,True,True,0,0,0,0,True,
000538.SZ,000538,000538,云南白药,主板,深市,主板,801150.SI,医药生物,801155.SI,中药Ⅱ,中药Ⅱ,L,19931215,11977,32.79,50.44,0.398,10.714,False,True,True,0,0,0,0,True,
000539.SZ,000539,000539,粤电力A,主板,深市,主板,801160.SI,公用事业,801161.SI,电力,电力,L,19931126,11996,32.84,5.09,0.992,15.094,False,True,True,0,0,0,0,True,
000541.SZ,000541,000541,佛山照明,主板,深市,主板,801110.SI,家用电器,801115.SI,照明设备Ⅱ,照明设备Ⅱ,L,19931123,11999,32.85,4.89,0.617,22.0,False,True,True,0,0,0,0,True,
000543.SZ,000543,000543,皖能电力,主板,深市,主板,801160.SI,公用事业,801161.SI,电力,电力,L,19931220,11972,32.78,7.15,1.275,10.667,False,True,True,0,0,0,0,True,
000544.SZ,000544,000544,中原环保,主板,深市,主板,801970.SI,环保,801971.SI,环境治理,环境治理,L,19931208,11984,32.81,7.23,0.277,15.789,False,True,True,0,0,0,0,True,
000545.SZ,000545,000545,金浦钛业,主板,深市,主板,801030.SI,基础化工,801033.SI,化学原料,化学原料,L,19931215,11977,32.79,2.21,-0.451,9.091,False,True,True,0,0,0,0,True,
000546.SZ,000546,000546,金圆股份,主板,深市,主板,801970.SI,环保,801971.SI,环境治理,环境治理,L,19931215,11977,32.79,4.33,0.232,13.043,False,True,True,0,0,0,0,True,
000547.SZ,000547,000547,航天发展,主板,深市,主板,801740.SI,国防军工,801745.SI,军工电子Ⅱ,军工电子Ⅱ,L,19931130,11992,32.83,13.68,-1.37,6.849,False,True,True,0,0,0,0,True,
000548.SZ,000548,000548,湖南投资,主板,深市,主板,801170.SI,交通运输,801179.SI,铁路公路,铁路公路,L,19931220,11972,32.78,4.64,0.0,11.111,False,True,True,0,0,0,0,True,
000550.SZ,000550,000550,江铃汽车,主板,深市,主板,801880.SI,汽车,801096.SI,商用车,商用车,L,19931201,11991,32.83,16.5,1.351,12.727,False,True,True,0,0,0,0,True,
000551.SZ,000551,000551,创元科技,主板,深市,主板,801970.SI,环保,801972.SI,环保设备Ⅱ,环保设备Ⅱ,L,19940106,11955,32.73,11.66,-0.257,11.29,False,True,True,0,0,0,0,True,
000552.SZ,000552,000552,甘肃能化,主板,深市,主板,801950.SI,煤炭,801951.SI,煤炭开采,煤炭开采,L,19940106,11955,32.73,2.5,1.626,12.0,False,True,True,0,0,0,0,True,
000553.SZ,000553,000553,安道麦A,主板,深市,主板,801030.SI,基础化工,801038.SI,农化制品,农化制品,L,19931203,11989,32.82,5.48,1.67,26.667,False,True,True,0,0,0,0,True,
000554.SZ,000554,000554,泰山石油,主板,深市,主板,801960.SI,石油石化,801963.SI,炼化及贸易,炼化及贸易,L,19931215,11977,32.79,6.19,0.0,9.231,False,True,True,0,0,0,0,True,
000555.SZ,000555,000555,神州信息,主板,深市,主板,801750.SI,计算机,801103.SI,IT服务Ⅱ,IT服务Ⅱ,L,19940408,11863,32.48,10.07,0.199,9.434,False,True,True,0,0,0,0,True,
000557.SZ,000557,000557,西部创业,主板,深市,主板,801170.SI,交通运输,801179.SI,铁路公路,铁路公路,L,19940617,11793,32.29,3.64,0.831,31.579,False,True,True,0,0,0,0,True,
000558.SZ,000558,000558,天府文旅,主板,深市,主板,801210.SI,社会服务,801993.SI,旅游及景区,旅游及景区,L,19940509,11832,32.39,3.52,-1.124,16.667,False,True,True,0,0,0,0,True,
000559.SZ,000559,000559,万向钱潮,主板,深市,主板,801880.SI,汽车,801093.SI,汽车零部件,汽车零部件,L,19940110,11951,32.72,10.87,1.022,26.316,False,True,True,0,0,0,0,True,
000560.SZ,000560,000560,我爱我家,主板,深市,主板,801180.SI,房地产,801183.SI,房地产服务,房地产服务,L,19940202,11928,32.66,3.7,-1.596,8.333,False,True,True,0,0,0,0,True,
000561.SZ,000561,000561,烽火电子,主板,深市,主板,801740.SI,国防军工,801742.SI,航空装备Ⅱ,航空装备Ⅱ,L,19940509,11832,32.39,7.54,-0.659,11.688,False,True,True,0,0,0,0,True,
000563.SZ,000563,000563,陕国投A,主板,深市,主板,801790.SI,非银金融,801191.SI,多元金融,多元金融,L,19940110,11951,32.72,2.91,0.692,13.333,False,True,True,0,0,0,0,True,
000564.SZ,000564,000564,供销大集,主板,深市,主板,801200.SI,商贸零售,801203.SI,一般零售,一般零售,L,19940110,11951,32.72,1.47,1.379,20.0,False,True,True,0,0,0,0,True,
000565.SZ,000565,000565,渝三峡A,主板,深市,主板,801030.SI,基础化工,801034.SI,化学制品,化学制品,L,19940408,11863,32.48,6.34,-0.938,10.606,False,True,True,0,0,0,0,True,
000566.SZ,000566,000566,海南海药,主板,深市,主板,801150.SI,医药生物,801151.SI,化学制药,化学制药,L,19940525,11816,32.35,4.62,0.217,8.333,False,True,True,0,0,0,0,True,
000567.SZ,000567,000567,海德股份,主板,深市,主板,801790.SI,非银金融,801191.SI,多元金融,多元金融,L,19940525,11816,32.35,5.88,0.0,16.129,False,True,True,0,0,0,0,True,
000568.SZ,000568,000568,泸州老窖,主板,深市,主板,801120.SI,食品饮料,801125.SI,白酒Ⅱ,白酒Ⅱ,L,19940509,11832,32.39,72.28,4.18,34.483,False,True,True,0,0,0,0,True,
000570.SZ,000570,000570,苏常柴A,主板,深市,主板,801880.SI,汽车,801093.SI,汽车零部件,汽车零部件,L,19940701,11779,32.25,5.28,0.19,7.843,False,True,True,0,0,0,0,True,
000571.SZ,000571,000571,新大洲A,主板,深市,主板,801950.SI,煤炭,801951.SI,煤炭开采,煤炭开采,L,19940525,11816,32.35,6.47,-1.522,12.5,False,True,True,0,0,0,0,True,
000572.SZ,000572,000572,海马汽车,主板,深市,主板,801880.SI,汽车,801095.SI,乘用车,乘用车,L,19940808,11741,32.15,4.03,0.75,7.5,False,True,True,0,0,0,0,True,
000573.SZ,000573,000573,粤宏远A,主板,深市,主板,801180.SI,房地产,801181.SI,房地产开发,房地产开发,L,19940815,11734,32.13,3.9,-0.763,8.108,False,True,True,0,0,0,0,True,
000576.SZ,000576,000576,甘化科工,主板,深市,主板,801740.SI,国防军工,801743.SI,地面兵装Ⅱ,地面兵装Ⅱ,L,19940907,11711,32.06,8.3,0.728,4.819,False,True,True,0,0,0,0,True,
000581.SZ,000581,000581,威孚高科,主板,深市,主板,801880.SI,汽车,801093.SI,汽车零部件,汽车零部件,L,19980924,10233,28.02,18.21,1.618,11.667,False,True,True,0,0,0,0,True,
000582.SZ,000582,000582,北部湾港,主板,深市,主板,801170.SI,交通运输,801992.SI,航运港口,航运港口,L,19951102,11290,30.91,8.97,0.0,24.771,False,True,True,0,0,0,0,True,
000586.SZ,000586,000586,汇源通信,主板,深市,主板,801770.SI,通信,801102.SI,通信设备,通信设备,L,19951220,11242,30.78,12.51,-2.036,11.511,False,True,True,0,0,0,0,True,
000589.SZ,000589,000589,贵州轮胎,主板,深市,主板,801880.SI,汽车,801093.SI,汽车零部件,汽车零部件,L,19960308,11163,30.56,4.2,0.478,4.651,False,True,True,0,0,0,0,True,
000590.SZ,000590,000590,古汉医药,主板,深市,主板,801150.SI,医药生物,801155.SI,中药Ⅱ,中药Ⅱ,L,19960119,11212,30.7,9.1,-0.438,11.111,False,True,True,0,0,0,0,True,
000591.SZ,000591,000591,太阳能,主板,深市,主板,801160.SI,公用事业,801161.SI,电力,电力,L,19960208,11192,30.64,4.17,0.482,18.182,False,True,True,0,0,0,0,True,
000592.SZ,000592,000592,平潭发展,主板,深市,主板,801010.SI,农林牧渔,801011.SI,林业Ⅱ,林业Ⅱ,L,19960327,11144,30.51,8.53,-2.403,6.818,False,True,True,0,0,0,0,True,
000593.SZ,000593,000593,德龙汇能,主板,深市,主板,801160.SI,公用事业,801163.SI,燃气Ⅱ,燃气Ⅱ,L,19960312,11159,30.55,20.11,0.55,13.514,False,True,True,0,0,0,0,True,
000595.SZ,000595,000595,新能股份,主板,深市,主板,801890.SI,机械设备,801072.SI,通用设备,通用设备,L,19960419,11121,30.45,5.51,1.101,14.286,False,True,True,0,0,0,2,True,
000596.SZ,000596,000596,古井贡酒,主板,深市,主板,801120.SI,食品饮料,801125.SI,白酒Ⅱ,白酒Ⅱ,L,19960927,10960,30.01,93.55,5.077,12.121,False,True,True,0,0,0,0,True,
000597.SZ,000597,000597,东北制药,主板,深市,主板,801150.SI,医药生物,801151.SI,化学制药,化学制药,L,19960523,11087,30.35,4.76,1.492,12.245,False,True,True,0,0,0,0,True,
000598.SZ,000598,000598,兴蓉环境,主板,深市,主板,801970.SI,环保,801971.SI,环境治理,环境治理,L,19960529,11081,30.34,7.06,0.713,11.429,False,True,True,0,0,0,0,True,
000599.SZ,000599,000599,青岛双星,主板,深市,主板,801880.SI,汽车,801093.SI,汽车零部件,汽车零部件,L,19960430,11110,30.42,4.47,0.903,10.638,False,True,True,0,0,0,0,True,
000600.SZ,000600,000600,建投能源,主板,深市,主板,801160.SI,公用事业,801161.SI,电力,电力,L,19960606,11073,30.32,7.17,2.869,18.421,False,True,True,0,0,0,0,True,
000601.SZ,000601,000601,韶能股份,主板,深市,主板,801160.SI,公用事业,801161.SI,电力,电力,L,19960830,10988,30.08,6.05,0.498,6.452,False,True,True,0,0,0,0,True,
000603.SZ,000603,000603,盛达资源,主板,深市,主板,801050.SI,有色金属,801055.SI,工业金属,工业金属,L,19960823,10995,30.1,30.9,-0.579,14.583,False,True,True,0,0,0,0,True,
000605.SZ,000605,000605,渤海股份,主板,深市,主板,801970.SI,环保,801971.SI,环境治理,环境治理,L,19960913,10974,30.05,6.04,-0.33,10.169,False,True,True,0,0,0,0,True,
000607.SZ,000607,000607,华媒控股,主板,深市,主板,801760.SI,传媒,801765.SI,广告营销,广告营销,L,19960830,10988,30.08,3.96,-4.116,20.0,False,True,True,0,0,0,0,True,
000608.SZ,000608,000608,阳光股份,主板,深市,主板,801180.SI,房地产,801181.SI,房地产开发,房地产开发,L,19960919,10968,30.03,7.05,-1.811,9.722,False,True,True,0,0,0,0,True,
000609.SZ,000609,000609,*ST中迪,主板,深市,主板,801180.SI,房地产,801181.SI,房地产开发,房地产开发,L,19961010,10947,29.97,9.37,0.321,16.327,True,True,True,0,0,0,0,False,ST
000610.SZ,000610,000610,*ST西旅,主板,深市,主板,801210.SI,社会服务,801993.SI,旅游及景区,旅游及景区,L,19960926,10961,30.01,7.5,0.536,16.883,True,True,True,0,0,0,0,False,ST
000612.SZ,000612,000612,焦作万方,主板,深市,主板,801050.SI,有色金属,801055.SI,工业金属,工业金属,L,19960926,10961,30.01,10.44,-1.787,9.091,False,True,True,0,0,0,0,True,
000615.SZ,000615,000615,*ST美谷,主板,深市,主板,801980.SI,美容护理,801983.SI,医疗美容,医疗美容,L,19961016,10941,29.95,3.28,0.923,15.152,True,True,True,0,0,0,0,False,ST
000617.SZ,000617,000617,中油资本,主板,深市,主板,801790.SI,非银金融,801191.SI,多元金融,多元金融,L,19961022,10935,29.94,6.56,0.0,41.667,False,True,True,0,0,0,0,True,
000619.SZ,000619,000619,海螺新材,主板,深市,主板,801710.SI,建筑材料,801713.SI,装修建材,装修建材,L,19961023,10934,29.94,5.2,-0.952,16.0,False,True,True,0,0,0,0,True,
000620.SZ,000620,000620,盈新发展,主板,深市,主板,801180.SI,房地产,801181.SI,房地产开发,房地产开发,L,19961029,10928,29.92,3.06,-1.608,6.25,False,True,True,0,0,0,0,True,
000623.SZ,000623,000623,吉林敖东,主板,深市,主板,801150.SI,医药生物,801155.SI,中药Ⅱ,中药Ⅱ,L,19961028,10929,29.92,17.41,1.221,6.667,False,True,True,0,0,0,0,True,
000625.SZ,000625,000625,长安汽车,主板,深市,主板,801880.SI,汽车,801095.SI,乘用车,乘用车,L,19970610,10704,29.31,7.11,0.708,33.333,False,True,True,0,0,0,0,True,
000626.SZ,000626,000626,远大控股,主板,深市,主板,801170.SI,交通运输,801178.SI,物流,物流,L,19961128,10898,29.84,8.74,1.865,7.692,False,True,True,0,0,0,0,True,
000628.SZ,000628,000628,高新发展,主板,深市,主板,801720.SI,建筑装饰,801721.SI,房屋建设Ⅱ,房屋建设Ⅱ,L,19961118,10908,29.86,54.09,-1.043,11.828,False,True,True,0,0,0,0,True,
000629.SZ,000629,000629,钒钛股份,主板,深市,主板,801040.SI,钢铁,801043.SI,冶钢原料,冶钢原料,L,19961115,10911,29.87,2.83,1.799,16.129,False,True,True,0,0,0,0,True,
000630.SZ,000630,000630,铜陵有色,主板,深市,主板,801050.SI,有色金属,801055.SI,工业金属,工业金属,L,19961120,10906,29.86,5.78,-0.173,10.938,False,True,True,0,0,0,0,True,
000631.SZ,000631,000631,顺发恒能,主板,深市,主板,801180.SI,房地产,801181.SI,房地产开发,房地产开发,L,19961122,10904,29.85,3.04,0.0,16.129,False,True,True,0,0,0,0,True,
000632.SZ,000632,000632,ST三木,主板,深市,主板,801230.SI,综合,801231.SI,综合Ⅱ,综合Ⅱ,L,19961121,10905,29.86,3.8,2.703,12.821,True,True,True,0,0,0,0,False,ST
000633.SZ,000633,000633,合金投资,主板,深市,主板,801050.SI,有色金属,801051.SI,金属新材料,金属新材料,L,19961112,10914,29.88,5.29,-0.936,7.692,False,True,True,0,0,0,0,True,
000635.SZ,000635,000635,英力特,主板,深市,主板,801030.SI,基础化工,801033.SI,化学原料,化学原料,L,19961120,10906,29.86,7.58,-0.263,5.405,False,True,True,0,3,3,3,False,近60日停牌
000636.SZ,000636,000636,风华高科,主板,深市,主板,801080.SI,电子,801083.SI,元件,元件,L,19961129,10897,29.83,49.61,-3.124,15.278,False,True,True,0,0,0,0,True,
000637.SZ,000637,000637,茂化实华,主板,深市,主板,801960.SI,石油石化,801963.SI,炼化及贸易,炼化及贸易,L,19961114,10912,29.88,4.2,-0.943,11.905,False,True,True,0,0,0,0,True,
000639.SZ,000639,000639,ST西王,主板,深市,主板,801120.SI,食品饮料,801124.SI,食品加工,食品加工,L,19961126,10900,29.84,1.54,2.667,12.5,True,True,True,0,0,0,0,False,ST
000650.SZ,000650,000650,仁和药业,主板,深市,主板,801150.SI,医药生物,801155.SI,中药Ⅱ,中药Ⅱ,L,19961210,10886,29.8,5.24,1.946,5.556,False,True,True,0,0,0,0,True,
000651.SZ,000651,000651,格力电器,主板,深市,主板,801110.SI,家用电器,801111.SI,白色家电,白色家电,L,19961118,10908,29.86,38.28,0.472,7.895,False,True,True,0,0,0,0,True,
000652.SZ,000652,000652,泰达股份,主板,深市,主板,801230.SI,综合,801231.SI,综合Ⅱ,综合Ⅱ,L,19961128,10898,29.84,3.33,-0.299,17.647,False,True,True,0,0,0,0,True,
000655.SZ,000655,000655,金岭矿业,主板,深市,主板,801040.SI,钢铁,801043.SI,冶钢原料,冶钢原料,L,19961128,10898,29.84,7.25,0.555,12.5,False,True,True,0,0,0,0,True,
000656.SZ,000656,000656,金科股份,主板,深市,主板,801180.SI,房地产,801181.SI,房地产开发,房地产开发,L,19961128,10898,29.84,1.28,1.587,8.333,False,True,True,0,0,0,2,True,
000657.SZ,000657,000657,中钨高新,主板,深市,主板,801050.SI,有色金属,801054.SI,小金属,小金属,L,19961205,10891,29.82,52.74,-1.769,14.545,False,True,True,0,0,0,0,True,
000659.SZ,000659,000659,珠海中富,主板,深市,主板,801140.SI,轻工制造,801141.SI,包装印刷,包装印刷,L,19961203,10893,29.82,2.74,0.366,10.714,False,True,True,0,0,0,0,True,
000661.SZ,000661,000661,长春高新,主板,深市,主板,801150.SI,医药生物,801152.SI,生物制品,生物制品,L,19961218,10878,29.78,71.83,1.814,12.5,False,True,True,0,0,0,0,True,
000663.SZ,000663,000663,永安林业,主板,深市,主板,801010.SI,农林牧渔,801011.SI,林业Ⅱ,林业Ⅱ,L,19961206,10890,29.82,6.08,-0.328,10.0,False,True,True,0,0,0,0,True,
000665.SZ,000665,000665,湖北广电,主板,深市,主板,801760.SI,传媒,801995.SI,电视广播Ⅱ,电视广播Ⅱ,L,19961210,10886,29.8,4.11,-1.675,7.317,False,True,True,0,0,0,0,True,
000668.SZ,000668,000668,荣丰控股,主板,深市,主板,801180.SI,房地产,801181.SI,房地产开发,房地产开发,L,19961210,10886,29.8,18.69,9.941,27.419,False,True,True,0,0,0,2,True,
000669.SZ,000669,000669,ST金鸿,主板,深市,主板,801160.SI,公用事业,801163.SI,燃气Ⅱ,燃气Ⅱ,L,19961210,10886,29.8,4.05,0.998,19.512,True,True,True,0,0,0,0,False,ST
000670.SZ,000670,000670,盈方微,主板,深市,主板,801080.SI,电子,801082.SI,其他电子Ⅱ,其他电子Ⅱ,L,19961217,10879,29.79,7.29,-4.079,7.792,False,True,True,0,0,0,0,True,
000672.SZ,000672,000672,上峰材料,主板,深市,主板,801710.SI,建筑材料,801711.SI,水泥,水泥,L,19961218,10878,29.78,14.84,1.297,12.329,False,True,True,0,0,0,0,True,
000676.SZ,000676,000676,智度股份,主板,深市,主板,801760.SI,传媒,801765.SI,广告营销,广告营销,L,19961224,10872,29.77,6.56,-1.353,14.493,False,True,True,0,0,0,0,True,
000677.SZ,000677,000677,ST海龙,主板,深市,主板,801030.SI,基础化工,801032.SI,化学纤维,化学纤维,L,19961226,10870,29.76,1.74,-1.136,11.111,True,True,True,0,0,0,0,False,ST
000678.SZ,000678,000678,襄阳轴承,主板,深市,主板,801880.SI,汽车,801093.SI,汽车零部件,汽车零部件,L,19970106,10859,29.73,12.89,9.983,30.097,False,True,True,0,0,0,0,True,
000679.SZ,000679,000679,大连友谊,主板,深市,主板,801200.SI,商贸零售,801203.SI,一般零售,一般零售,L,19970124,10841,29.68,6.29,-0.475,15.625,False,True,True,0,0,0,0,True,
000680.SZ,000680,000680,山推股份,主板,深市,主板,801890.SI,机械设备,801077.SI,工程机械,工程机械,L,19970122,10843,29.69,9.06,2.721,16.346,False,True,True,0,0,0,0,True,
000681.SZ,000681,000681,视觉中国,主板,深市,主板,801760.SI,传媒,801767.SI,数字媒体,数字媒体,L,19970121,10844,29.69,15.62,-1.513,9.639,False,True,True,0,0,0,0,True,
000682.SZ,000682,000682,东方电子,主板,深市,主板,801730.SI,电力设备,801738.SI,电网设备,电网设备,L,19970121,10844,29.69,10.62,3.711,16.949,False,True,True,0,0,0,0,True,
000683.SZ,000683,000683,博源化工,主板,深市,主板,801030.SI,基础化工,801033.SI,化学原料,化学原料,L,19970131,10834,29.66,5.79,3.763,10.0,False,True,True,0,0,0,0,True,
000685.SZ,000685,000685,中山公用,主板,深市,主板,801970.SI,环保,801971.SI,环境治理,环境治理,L,19970123,10842,29.68,10.67,0.471,6.306,False,True,True,0,0,0,0,True,
000686.SZ,000686,000686,东北证券,主板,深市,主板,801790.SI,非银金融,801193.SI,证券Ⅱ,证券Ⅱ,L,19970227,10807,29.59,7.53,0.266,7.407,False,True,True,0,0,0,0,True,
000688.SZ,000688,000688,国城矿业,主板,深市,主板,801050.SI,有色金属,801055.SI,工业金属,工业金属,L,19970120,10845,29.69,24.24,0.373,25.676,False,True,True,0,0,0,0,True,
000690.SZ,000690,000690,宝新能源,主板,深市,主板,801160.SI,公用事业,801161.SI,电力,电力,L,19970128,10837,29.67,5.21,1.165,7.843,False,True,True,0,0,0,0,True,
000691.SZ,000691,000691,亚太实业,主板,深市,主板,801030.SI,基础化工,801033.SI,化学原料,化学原料,L,19970228,10806,29.59,9.0,0.223,13.265,False,True,True,0,0,0,2,True,
000692.SZ,000692,000692,惠天热电,主板,深市,主板,801160.SI,公用事业,801161.SI,电力,电力,L,19970227,10807,29.59,4.59,10.072,6.977,False,True,True,0,0,0,0,True,
000695.SZ,000695,000695,滨海能源,主板,深市,主板,801730.SI,电力设备,801737.SI,电池,电池,L,19970218,10816,29.61,12.77,-0.468,15.714,False,True,True,0,0,0,0,True,
000697.SZ,000697,000697,炼石航空,主板,深市,主板,801740.SI,国防军工,801742.SI,航空装备Ⅱ,航空装备Ⅱ,L,19970325,10781,29.52,9.16,0.219,26.667,False,True,True,0,0,0,0,True,
000698.SZ,000698,000698,ST沈化,主板,深市,主板,801960.SI,石油石化,801963.SI,炼化及贸易,炼化及贸易,L,19970220,10814,29.61,3.72,1.639,19.444,True,True,True,0,0,0,0,False,ST
000700.SZ,000700,000700,模塑科技,主板,深市,主板,801880.SI,汽车,801093.SI,汽车零部件,汽车零部件,L,19970228,10806,29.59,12.28,1.571,7.563,False,True,True,0,0,0,0,True,
000701.SZ,000701,000701,厦门信达,主板,深市,主板,801880.SI,汽车,801092.SI,汽车服务,汽车服务,L,19970226,10808,29.59,5.07,-1.17,8.0,False,True,True,0,0,0,0,True,
000702.SZ,000702,000702,正虹科技,主板,深市,主板,801010.SI,农林牧渔,801014.SI,饲料,饲料,L,19970318,10788,29.54,5.87,0.342,12.069,False,True,True,0,0,0,0,True,
000703.SZ,000703,000703,恒逸石化,主板,深市,主板,801960.SI,石油石化,801963.SI,炼化及贸易,炼化及贸易,L,19970328,10778,29.51,15.63,-0.382,15.294,False,True,True,0,0,0,0,True,
000705.SZ,000705,000705,浙江震元,主板,深市,主板,801150.SI,医药生物,801154.SI,医药商业,医药商业,L,19970410,10765,29.47,7.13,0.0,10.0,False,True,True,0,0,0,0,True,
000707.SZ,000707,000707,双环科技,主板,深市,主板,801030.SI,基础化工,801033.SI,化学原料,化学原料,L,19970415,10760,29.46,4.62,0.654,8.696,False,True,True,0,0,0,0,True,
000708.SZ,000708,000708,中信特钢,主板,深市,主板,801040.SI,钢铁,801045.SI,特钢Ⅱ,特钢Ⅱ,L,19970326,10780,29.51,13.11,2.422,26.667,False,True,True,0,0,0,0,True,
000709.SZ,000709,000709,河钢股份,主板,深市,主板,801040.SI,钢铁,801044.SI,普钢,普钢,L,19970416,10759,29.46,2.04,2.0,14.286,False,True,True,0,0,0,0,True,
000710.SZ,000710,000710,贝瑞基因,主板,深市,主板,801150.SI,医药生物,801156.SI,医疗服务,医疗服务,L,19970422,10753,29.44,10.87,10.02,12.871,False,True,True,0,0,0,0,True,
000711.SZ,000711,000711,京蓝科技,主板,深市,主板,801970.SI,环保,801971.SI,环境治理,环境治理,L,19970411,10764,29.47,4.63,-1.068,22.0,False,True,True,0,2,2,2,False,近60日停牌
000712.SZ,000712,000712,锦龙股份,主板,深市,主板,801790.SI,非银金融,801193.SI,证券Ⅱ,证券Ⅱ,L,19970415,10760,29.46,9.77,-0.509,14.851,False,True,True,0,0,0,0,True,
000713.SZ,000713,000713,国投丰乐,主板,深市,主板,801010.SI,农林牧渔,801016.SI,种植业,种植业,L,19970422,10753,29.44,6.3,3.96,10.606,False,True,True,0,0,0,0,True,
000715.SZ,000715,000715,中兴商业,主板,深市,主板,801200.SI,商贸零售,801203.SI,一般零售,一般零售,L,19970508,10737,29.4,5.33,0.566,11.111,False,True,True,0,0,0,0,True,
000716.SZ,000716,000716,黑芝麻,主板,深市,主板,801120.SI,食品饮料,801128.SI,休闲食品,休闲食品,L,19970418,10757,29.45,4.94,0.0,13.462,False,True,True,0,0,0,0,True,
000717.SZ,000717,000717,中南股份,主板,深市,主板,801040.SI,钢铁,801044.SI,普钢,普钢,L,19970508,10737,29.4,2.19,0.922,13.636,False,True,True,0,0,0,0,True,
000718.SZ,000718,000718,苏宁环球,主板,深市,主板,801180.SI,房地产,801181.SI,房地产开发,房地产开发,L,19970408,10767,29.48,2.13,0.948,15.0,False,True,True,0,0,0,0,True,
000719.SZ,000719,000719,中原传媒,主板,深市,主板,801760.SI,传媒,801769.SI,出版,出版,L,19970331,10775,29.5,11.95,0.589,9.091,False,True,True,0,0,0,0,True,
000720.SZ,000720,000720,新能泰山,主板,深市,主板,801730.SI,电力设备,801738.SI,电网设备,电网设备,L,19970509,10736,29.39,3.64,1.393,10.256,False,True,True,0,0,0,0,True,
000721.SZ,000721,000721,西安饮食,主板,深市,主板,801210.SI,社会服务,801219.SI,酒店餐饮,酒店餐饮,L,19970430,10745,29.42,6.1,0.66,20.313,False,True,True,0,0,0,0,True,
000722.SZ,000722,000722,湖南发展,主板,深市,主板,801160.SI,公用事业,801161.SI,电力,电力,L,19970522,10723,29.36,13.0,0.932,14.184,False,True,True,0,0,0,0,True,
000723.SZ,000723,000723,美锦能源,主板,深市,主板,801950.SI,煤炭,801952.SI,焦炭Ⅱ,焦炭Ⅱ,L,19970515,10730,29.38,3.51,1.153,15.789,False,True,True,0,0,0,0,True,
000725.SZ,000725,000725,京东方A,主板,深市,主板,801080.SI,电子,801084.SI,光学光电子,光学光电子,L,20010112,9392,25.71,5.72,0.175,8.621,False,True,True,0,0,0,0,True,
000726.SZ,000726,000726,鲁泰A,主板,深市,主板,801130.SI,纺织服饰,801131.SI,纺织制造,纺织制造,L,20001225,9410,25.76,5.97,0.0,8.333,False,True,True,0,0,0,0,True,
000727.SZ,000727,000727,冠捷科技,主板,深市,主板,801080.SI,电子,801084.SI,光学光电子,光学光电子,L,19970520,10725,29.36,2.18,0.0,9.091,False,True,True,0,0,0,0,True,
000728.SZ,000728,000728,国元证券,主板,深市,主板,801790.SI,非银金融,801193.SI,证券Ⅱ,证券Ⅱ,L,19970616,10698,29.29,7.25,0.694,10.811,False,True,True,0,0,0,0,True,
000729.SZ,000729,000729,燕京啤酒,主板,深市,主板,801120.SI,食品饮料,801126.SI,非白酒,非白酒,L,19970716,10668,29.21,11.0,1.758,16.667,False,True,True,0,0,0,0,True,
000731.SZ,000731,000731,四川美丰,主板,深市,主板,801030.SI,基础化工,801038.SI,农化制品,农化制品,L,19970617,10697,29.29,7.97,-0.747,15.584,False,True,True,0,0,0,0,True,
000733.SZ,000733,000733,振华科技,主板,深市,主板,801740.SI,国防军工,801745.SI,军工电子Ⅱ,军工电子Ⅱ,L,19970703,10681,29.24,39.13,0.231,6.452,False,True,True,0,0,0,0,True,
000735.SZ,000735,000735,罗牛山,主板,深市,主板,801010.SI,农林牧渔,801017.SI,养殖业,养殖业,L,19970611,10703,29.3,5.69,-1.215,13.559,False,True,True,0,0,0,0,True,
000736.SZ,000736,000736,中交发展,主板,深市,主板,801180.SI,房地产,801181.SI,房地产开发,房地产开发,L,19970425,10750,29.43,4.85,1.042,8.696,False,True,True,0,0,0,2,True,
000737.SZ,000737,000737,北方铜业,主板,深市,主板,801050.SI,有色金属,801055.SI,工业金属,工业金属,L,19970428,10747,29.42,13.44,0.074,13.889,False,True,True,0,0,0,0,True,
000738.SZ,000738,000738,航发控制,主板,深市,主板,801740.SI,国防军工,801742.SI,航空装备Ⅱ,航空装备Ⅱ,L,19970626,10688,29.26,18.75,0.428,12.766,False,True,True,0,0,0,0,True,
000739.SZ,000739,000739,普洛药业,主板,深市,主板,801150.SI,医药生物,801151.SI,化学制药,化学制药,L,19970509,10736,29.39,27.74,4.443,23.423,False,True,True,0,0,0,0,True,
000750.SZ,000750,000750,国海证券,主板,深市,主板,801790.SI,非银金融,801193.SI,证券Ⅱ,证券Ⅱ,L,19970709,10675,29.23,3.61,0.557,7.895,False,True,True,0,0,0,0,True,
000751.SZ,000751,000751,锌业股份,主板,深市,主板,801050.SI,有色金属,801055.SI,工业金属,工业金属,L,19970626,10688,29.26,4.39,0.228,12.0,False,True,True,0,0,0,0,True,
000752.SZ,000752,000752,*ST西发,主板,深市,主板,801120.SI,食品饮料,801126.SI,非白酒,非白酒,L,19970625,10689,29.26,8.72,0.461,10.345,True,True,True,0,0,0,0,False,ST
000753.SZ,000753,000753,漳州发展,主板,深市,主板,801230.SI,综合,801231.SI,综合Ⅱ,综合Ⅱ,L,19970626,10688,29.26,5.44,0.0,9.434,False,True,True,0,0,0,0,True,
000755.SZ,000755,000755,山西高速,主板,深市,主板,801170.SI,交通运输,801179.SI,铁路公路,铁路公路,L,19970627,10687,29.26,4.73,1.068,8.333,False,True,True,0,0,0,0,True,
000756.SZ,000756,000756,新华制药,主板,深市,主板,801150.SI,医药生物,801151.SI,化学制药,化学制药,L,19970806,10647,29.15,14.6,4.435,10.417,False,True,True,0,0,0,0,True,
000757.SZ,000757,000757,浩物股份,主板,深市,主板,801880.SI,汽车,801092.SI,汽车服务,汽车服务,L,19970627,10687,29.26,4.3,0.0,13.953,False,True,True,0,0,0,0,True,
000758.SZ,000758,000758,中色股份,主板,深市,主板,801050.SI,有色金属,801055.SI,工业金属,工业金属,L,19970416,10759,29.46,5.72,0.175,11.475,False,True,True,0,0,0,0,True,
000759.SZ,000759,000759,中百集团,主板,深市,主板,801200.SI,商贸零售,801203.SI,一般零售,一般零售,L,19970519,10726,29.37,6.15,0.82,9.375,False,True,True,0,0,0,0,True,
000761.SZ,000761,000761,本钢板材,主板,深市,主板,801040.SI,钢铁,801044.SI,普钢,普钢,L,19980115,10485,28.71,2.35,3.524,58.333,False,True,True,0,0,0,0,True,
000762.SZ,000762,000762,西藏矿业,主板,深市,主板,801050.SI,有色金属,801056.SI,能源金属,能源金属,L,19970708,10676,29.23,20.74,1.22,10.714,False,True,True,0,0,0,0,True,
000766.SZ,000766,000766,通化金马,主板,深市,主板,801150.SI,医药生物,801151.SI,化学制药,化学制药,L,19970430,10745,29.42,15.16,-0.066,9.756,False,True,True,0,0,0,0,True,
000767.SZ,000767,000767,晋控电力,主板,深市,主板,801160.SI,公用事业,801161.SI,电力,电力,L,19970609,10705,29.31,3.28,0.306,11.429,False,True,True,0,0,0,0,True,
000768.SZ,000768,000768,中航西飞,主板,深市,主板,801740.SI,国防军工,801742.SI,航空装备Ⅱ,航空装备Ⅱ,L,19970626,10688,29.26,23.12,2.756,15.909,False,True,True,0,0,0,0,True,
000776.SZ,000776,000776,广发证券,主板,深市,主板,801790.SI,非银金融,801193.SI,证券Ⅱ,证券Ⅱ,L,19970611,10703,29.3,19.88,0.709,9.524,False,True,True,0,0,0,0,True,
000777.SZ,000777,000777,中核科技,主板,深市,主板,801890.SI,机械设备,801072.SI,通用设备,通用设备,L,19970710,10674,29.22,16.12,0.124,8.772,False,True,True,0,0,0,0,True,
000778.SZ,000778,000778,新兴铸管,主板,深市,主板,801040.SI,钢铁,801044.SI,普钢,普钢,L,19970606,10708,29.32,3.56,0.85,8.108,False,True,True,0,0,0,0,True,
000779.SZ,000779,000779,甘咨询,主板,深市,主板,801720.SI,建筑装饰,801726.SI,工程咨询服务Ⅱ,工程咨询服务Ⅱ,L,19970528,10717,29.34,8.39,-0.71,8.046,False,True,True,0,0,0,0,True,
000782.SZ,000782,000782,恒申新材,主板,深市,主板,801030.SI,基础化工,801032.SI,化学纤维,化学纤维,L,19970619,10695,29.28,8.1,-0.246,7.692,False,True,True,0,0,0,0,True,
000783.SZ,000783,000783,长江证券,主板,深市,主板,801790.SI,非银金融,801193.SI,证券Ⅱ,证券Ⅱ,L,19970731,10653,29.17,7.94,0.0,10.112,False,True,True,0,0,0,0,True,
000785.SZ,000785,000785,居然智家,主板,深市,主板,801200.SI,商贸零售,801203.SI,一般零售,一般零售,L,19970711,10673,29.22,2.3,0.437,18.182,False,True,True,0,0,0,0,True,
000786.SZ,000786,000786,北新建材,主板,深市,主板,801710.SI,建筑材料,801713.SI,装修建材,装修建材,L,19970606,10708,29.32,16.6,2.217,25.714,False,True,True,0,0,0,0,True,
000788.SZ,000788,000788,北大医药,主板,深市,主板,801150.SI,医药生物,801151.SI,化学制药,化学制药,L,19970616,10698,29.29,5.46,0.368,11.111,False,True,True,0,0,0,0,True,
000789.SZ,000789,000789,万年青,主板,深市,主板,801710.SI,建筑材料,801711.SI,水泥,水泥,L,19970923,10599,29.02,4.17,0.0,30.952,False,True,True,0,0,0,0,True,
000790.SZ,000790,000790,华神科技,主板,深市,主板,801150.SI,医药生物,801155.SI,中药Ⅱ,中药Ⅱ,L,19980327,10414,28.51,4.42,-0.451,9.091,False,True,True,0,0,0,0,True,
000791.SZ,000791,000791,甘肃能源,主板,深市,主板,801160.SI,公用事业,801161.SI,电力,电力,L,19971014,10578,28.96,7.06,0.857,12.0,False,True,True,0,0,0,0,True,
000792.SZ,000792,000792,盐湖股份,主板,深市,主板,801030.SI,基础化工,801038.SI,农化制品,农化制品,L,19970904,10618,29.07,23.83,1.404,18.841,False,True,True,0,0,0,0,True,
000793.SZ,000793,000793,ST华闻,主板,深市,主板,801760.SI,传媒,801769.SI,出版,出版,L,19970729,10655,29.17,1.99,-0.5,33.333,True,True,True,0,0,2,4,False,ST、近60日停牌
000795.SZ,000795,000795,英洛华,主板,深市,主板,801050.SI,有色金属,801051.SI,金属新材料,金属新材料,L,19970808,10645,29.14,8.21,0.367,11.765,False,True,True,0,0,0,0,True,
000796.SZ,000796,000796,凯撒旅业,主板,深市,主板,801210.SI,社会服务,801993.SI,旅游及景区,旅游及景区,L,19970703,10681,29.24,3.52,0.86,21.053,False,True,True,0,0,0,0,True,
000797.SZ,000797,000797,中国武夷,主板,深市,主板,801180.SI,房地产,801181.SI,房地产开发,房地产开发,L,19970715,10669,29.21,2.72,0.741,11.538,False,True,True,0,0,0,0,True,
000798.SZ,000798,000798,中水渔业,主板,深市,主板,801010.SI,农林牧渔,801015.SI,渔业,渔业,L,19980212,10457,28.63,9.79,1.979,10.784,False,True,True,0,0,0,0,True,
000799.SZ,000799,000799,酒鬼酒,主板,深市,主板,801120.SI,食品饮料,801125.SI,白酒Ⅱ,白酒Ⅱ,L,19970718,10666,29.2,36.67,1.833,13.333,False,True,True,0,0,0,0,True,
000800.SZ,000800,000800,一汽解放,主板,深市,主板,801880.SI,汽车,801096.SI,商用车,商用车,L,19970618,10696,29.28,5.88,0.685,18.182,False,True,True,0,0,0,0,True,
000801.SZ,000801,000801,四川九洲,主板,深市,主板,801110.SI,家用电器,801112.SI,黑色家电,黑色家电,L,19980506,10374,28.4,11.41,-0.955,13.333,False,True,True,0,0,0,0,True,
000802.SZ,000802,000802,北京文化,主板,深市,主板,801760.SI,传媒,801766.SI,影视院线,影视院线,L,19980108,10492,28.73,3.85,-1.534,7.692,False,True,True,0,0,0,0,True,
000803.SZ,000803,000803,山高环能,主板,深市,主板,801970.SI,环保,801971.SI,环境治理,环境治理,L,19980303,10438,28.58,7.24,5.539,8.333,False,True,True,0,0,0,0,True,
000807.SZ,000807,000807,云铝股份,主板,深市,主板,801050.SI,有色金属,801055.SI,工业金属,工业金属,L,19980408,10402,28.48,26.2,-1.02,7.463,False,True,True,0,0,0,0,True,
000809.SZ,000809,000809,和展能源,主板,深市,主板,801180.SI,房地产,801181.SI,房地产开发,房地产开发,L,19980616,10333,28.29,3.42,-1.441,5.882,False,True,True,0,0,0,0,True,
000810.SZ,000810,000810,创维数字,主板,深市,主板,801110.SI,家用电器,801112.SI,黑色家电,黑色家电,L,19980602,10347,28.33,9.1,0.0,12.5,False,True,True,0,0,0,0,True,
000811.SZ,000811,000811,冰轮环境,主板,深市,主板,801890.SI,机械设备,801072.SI,通用设备,通用设备,L,19980528,10352,28.34,36.79,-2.877,10.127,False,True,True,0,0,0,0,True,
000812.SZ,000812,000812,陕西金叶,主板,深市,主板,801140.SI,轻工制造,801141.SI,包装印刷,包装印刷,L,19980623,10326,28.27,3.72,-0.535,7.895,False,True,True,0,0,0,0,True,
000813.SZ,000813,000813,德展健康,主板,深市,主板,801150.SI,医药生物,801151.SI,化学制药,化学制药,L,19980519,10361,28.37,3.23,0.938,9.091,False,True,True,0,0,0,0,True,
000815.SZ,000815,000815,美利云,主板,深市,主板,801750.SI,计算机,801103.SI,IT服务Ⅱ,IT服务Ⅱ,L,19980609,10340,28.31,14.25,-1.452,8.28,False,True,True,0,0,0,0,True,
000816.SZ,000816,000816,智慧农业,主板,深市,主板,801880.SI,汽车,801093.SI,汽车零部件,汽车零部件,L,19970818,10635,29.12,2.79,0.0,10.345,False,True,True,0,0,0,0,True,
000818.SZ,000818,000818,航锦科技,主板,深市,主板,801030.SI,基础化工,801033.SI,化学原料,化学原料,L,19971017,10575,28.95,11.26,-0.442,16.667,False,True,True,0,0,0,0,True,
000819.SZ,000819,000819,岳阳兴长,主板,深市,主板,801960.SI,石油石化,801963.SI,炼化及贸易,炼化及贸易,L,19970625,10689,29.26,12.2,0.082,16.667,False,True,True,0,0,0,0,True,
000820.SZ,000820,000820,神雾节能,主板,深市,主板,801970.SI,环保,801972.SI,环保设备Ⅱ,环保设备Ⅱ,L,19980630,10319,28.25,3.59,0.843,11.111,False,True,True,0,0,2,2,False,近60日停牌
000821.SZ,000821,000821,ST京机,主板,深市,主板,801730.SI,电力设备,801735.SI,光伏设备,光伏设备,L,19980626,10323,28.26,7.28,-0.137,12.5,True,True,True,0,0,0,0,False,ST
000822.SZ,000822,000822,山东海化,主板,深市,主板,801030.SI,基础化工,801033.SI,化学原料,化学原料,L,19980703,10316,28.24,4.28,1.182,11.628,False,True,True,0,0,0,0,True,
000823.SZ,000823,000823,超声电子,主板,深市,主板,801080.SI,电子,801083.SI,元件,元件,L,19971008,10584,28.98,23.28,-4.59,7.173,False,True,True,0,0,0,0,True,
000825.SZ,000825,000825,太钢不锈,主板,深市,主板,801040.SI,钢铁,801045.SI,特钢Ⅱ,特钢Ⅱ,L,19981021,10206,27.94,3.39,1.194,44.444,False,True,True,0,0,0,0,True,
000826.SZ,000826,000826,*ST启环,主板,深市,主板,801970.SI,环保,801971.SI,环境治理,环境治理,L,19980225,10444,28.59,1.72,-0.578,22.222,True,True,True,0,0,0,0,False,ST
000828.SZ,000828,000828,东莞控股,主板,深市,主板,801170.SI,交通运输,801179.SI,铁路公路,铁路公路,L,19970617,10697,29.29,9.97,0.605,8.081,False,True,True,0,0,0,0,True,
000829.SZ,000829,000829,天音控股,主板,深市,主板,801200.SI,商贸零售,801204.SI,专业连锁Ⅱ,专业连锁Ⅱ,L,19971202,10529,28.83,9.14,-0.109,11.111,False,True,True,0,0,0,0,True,
000830.SZ,000830,000830,鲁西化工,主板,深市,主板,801030.SI,基础化工,801033.SI,化学原料,化学原料,L,19980807,10281,28.15,11.43,1.872,9.677,False,True,True,0,0,0,0,True,
000831.SZ,000831,000831,中国稀土,主板,深市,主板,801050.SI,有色金属,801054.SI,小金属,小金属,L,19980911,10246,28.05,52.73,-0.939,13.043,False,True,True,0,0,0,0,True,
000833.SZ,000833,000833,粤桂股份,主板,深市,主板,801230.SI,综合,801231.SI,综合Ⅱ,综合Ⅱ,L,19981111,10185,27.89,18.76,1.901,18.182,False,True,True,0,0,0,0,True,
000837.SZ,000837,000837,秦川机床,主板,深市,主板,801890.SI,机械设备,801072.SI,通用设备,通用设备,L,19980928,10229,28.01,9.47,-0.421,14.0,False,True,True,0,0,0,0,True,
000838.SZ,000838,000838,*ST发展,主板,深市,主板,801180.SI,房地产,801181.SI,房地产开发,房地产开发,L,19970626,10688,29.26,2.45,9.866,25.0,True,True,True,0,4,6,6,False,ST、近60日停牌
000839.SZ,000839,000839,国安股份,主板,深市,主板,801770.SI,通信,801223.SI,通信服务,通信服务,L,19971031,10561,28.91,2.85,-1.384,10.714,False,True,True,0,0,0,0,True,
000848.SZ,000848,000848,承德露露,主板,深市,主板,801120.SI,食品饮料,801127.SI,饮料乳品,饮料乳品,L,19971113,10548,28.88,8.14,2.519,8.434,False,True,True,0,0,0,0,True,
000850.SZ,000850,000850,华茂股份,主板,深市,主板,801130.SI,纺织服饰,801131.SI,纺织制造,纺织制造,L,19981007,10220,27.98,4.17,-9.935,30.233,False,True,True,0,0,0,0,True,
000852.SZ,000852,000852,石化机械,主板,深市,主板,801890.SI,机械设备,801074.SI,专用设备,专用设备,L,19981126,10170,27.84,5.31,0.568,14.286,False,True,True,0,0,0,0,True,
000856.SZ,000856,000856,冀东装备,主板,深市,主板,801890.SI,机械设备,801074.SI,专用设备,专用设备,L,19980813,10275,28.13,8.88,-0.225,11.494,False,True,True,0,0,0,0,True,
000858.SZ,000858,000858,五粮液,主板,深市,主板,801120.SI,食品饮料,801125.SI,白酒Ⅱ,白酒Ⅱ,L,19980427,10383,28.43,70.06,1.876,44.0,False,True,True,0,0,0,0,True,
000859.SZ,000859,000859,国风新材,主板,深市,主板,801030.SI,基础化工,801036.SI,塑料,塑料,L,19981119,10177,27.86,8.53,-1.044,10.638,False,True,True,0,0,0,0,True,
000860.SZ,000860,000860,顺鑫农业,主板,深市,主板,801120.SI,食品饮料,801125.SI,白酒Ⅱ,白酒Ⅱ,L,19981104,10192,27.9,10.38,2.874,11.538,False,True,True,0,0,0,0,True,
000862.SZ,000862,000862,银星能源,主板,深市,主板,801160.SI,公用事业,801161.SI,电力,电力,L,19980915,10242,28.04,5.34,0.376,9.091,False,True,True,0,0,0,0,True,
000863.SZ,000863,000863,三湘印象,主板,深市,主板,801180.SI,房地产,801181.SI,房地产开发,房地产开发,L,19970925,10597,29.01,4.46,-1.327,11.364,False,True,True,0,0,0,0,True,
000868.SZ,000868,000868,安凯客车,主板,深市,主板,801880.SI,汽车,801096.SI,商用车,商用车,L,19970725,10659,29.18,4.15,-0.718,9.756,False,True,True,0,0,0,0,True,
000869.SZ,000869,000869,张裕A,主板,深市,主板,801120.SI,食品饮料,801126.SI,非白酒,非白酒,L,20001026,9470,25.93,17.05,1.73,29.63,False,True,True,0,0,0,0,True,
000875.SZ,000875,000875,电投绿能,主板,深市,主板,801160.SI,公用事业,801161.SI,电力,电力,L,20020926,8770,24.01,4.68,1.739,22.0,False,True,True,0,0,0,0,True,
000876.SZ,000876,000876,新希望,主板,深市,主板,801010.SI,农林牧渔,801017.SI,养殖业,养殖业,L,19980311,10430,28.56,6.92,0.435,22.222,False,True,True,0,0,0,0,True,
000877.SZ,000877,000877,天山股份,主板,深市,主板,801710.SI,建筑材料,801711.SI,水泥,水泥,L,19990107,10128,27.73,3.76,1.897,61.905,False,True,True,0,0,0,0,True,
000878.SZ,000878,000878,云南铜业,主板,深市,主板,801050.SI,有色金属,801055.SI,工业金属,工业金属,L,19980602,10347,28.33,16.04,0.564,9.524,False,True,True,0,0,0,0,True,
000880.SZ,000880,000880,潍柴重机,主板,深市,主板,801880.SI,汽车,801093.SI,汽车零部件,汽车零部件,L,19980402,10408,28.5,23.86,1.145,9.524,False,True,True,0,0,0,0,True,
000881.SZ,000881,000881,中广核技,主板,深市,主板,801030.SI,基础化工,801034.SI,化学制品,化学制品,L,19980902,10255,28.08,6.4,0.471,21.212,False,True,True,0,0,0,0,True,
000882.SZ,000882,000882,华联股份,主板,深市,主板,801200.SI,商贸零售,801203.SI,一般零售,一般零售,L,19980616,10333,28.29,1.55,1.307,13.333,False,True,True,0,0,0,0,True,
000883.SZ,000883,000883,湖北能源,主板,深市,主板,801160.SI,公用事业,801161.SI,电力,电力,L,19980519,10361,28.37,4.39,1.386,10.87,False,True,True,0,0,0,0,True,
000885.SZ,000885,000885,城发环境,主板,深市,主板,801970.SI,环保,801971.SI,环境治理,环境治理,L,19990319,10057,27.53,11.7,0.775,11.905,False,True,True,0,0,0,0,True,
000886.SZ,000886,000886,海南高速,主板,深市,主板,801170.SI,交通运输,801179.SI,铁路公路,铁路公路,L,19980123,10477,28.68,4.73,0.853,8.696,False,True,True,0,0,0,0,True,
000887.SZ,000887,000887,中鼎股份,主板,深市,主板,801880.SI,汽车,801093.SI,汽车零部件,汽车零部件,L,19981203,10163,27.82,18.32,-0.705,13.725,False,True,True,0,0,0,0,True,
000888.SZ,000888,000888,峨眉山A,主板,深市,主板,801210.SI,社会服务,801993.SI,旅游及景区,旅游及景区,L,19971021,10571,28.94,9.06,-0.22,12.245,False,True,True,0,0,0,0,True,
000889.SZ,000889,000889,中嘉博创,主板,深市,主板,801770.SI,通信,801223.SI,通信服务,通信服务,L,19971218,10513,28.78,3.62,-2.162,10.256,False,True,True,0,0,0,0,True,
000890.SZ,000890,000890,法尔胜,主板,深市,主板,801970.SI,环保,801972.SI,环保设备Ⅱ,环保设备Ⅱ,L,19990119,10116,27.7,6.96,-1.695,17.105,False,True,True,0,0,0,0,True,
000892.SZ,000892,000892,欢瑞世纪,主板,深市,主板,801760.SI,传媒,801766.SI,影视院线,影视院线,L,19990115,10120,27.71,4.53,-1.092,4.444,False,True,True,0,0,0,0,True,
000893.SZ,000893,000893,亚钾国际,主板,深市,主板,801030.SI,基础化工,801038.SI,农化制品,农化制品,L,19981224,10142,27.77,36.84,2.476,21.239,False,True,True,0,0,0,0,True,
000895.SZ,000895,000895,双汇发展,主板,深市,主板,801120.SI,食品饮料,801124.SI,食品加工,食品加工,L,19981210,10156,27.81,23.66,1.068,14.516,False,True,True,0,0,0,0,True,
000897.SZ,000897,000897,津滨发展,主板,深市,主板,801180.SI,房地产,801181.SI,房地产开发,房地产开发,L,19990422,10023,27.44,1.96,0.513,10.526,False,True,True,0,0,0,0,True,
000898.SZ,000898,000898,鞍钢股份,主板,深市,主板,801040.SI,钢铁,801044.SI,普钢,普钢,L,19971225,10506,28.76,2.06,1.98,38.095,False,True,True,0,0,0,0,True,
000899.SZ,000899,000899,赣能股份,主板,深市,主板,801160.SI,公用事业,801161.SI,电力,电力,L,19971126,10535,28.84,9.08,1.001,18.0,False,True,True,0,0,0,0,True,
000900.SZ,000900,000900,现代投资,主板,深市,主板,801170.SI,交通运输,801179.SI,铁路公路,铁路公路,L,19990128,10107,27.67,3.59,0.843,10.811,False,True,True,0,0,0,0,True,
000901.SZ,000901,000901,航天科技,主板,深市,主板,801880.SI,汽车,801093.SI,汽车零部件,汽车零部件,L,19990401,10044,27.5,13.68,-0.941,7.746,False,True,True,0,0,0,0,True,
000902.SZ,000902,000902,新洋丰,主板,深市,主板,801030.SI,基础化工,801038.SI,农化制品,农化制品,L,19990408,10037,27.48,13.5,1.048,16.176,False,True,True,0,0,0,0,True,
000903.SZ,000903,000903,ST云动,主板,深市,主板,801880.SI,汽车,801093.SI,汽车零部件,汽车零部件,L,19990415,10030,27.46,1.97,2.604,21.053,True,True,True,0,0,0,0,False,ST
000905.SZ,000905,000905,厦门港务,主板,深市,主板,801170.SI,交通运输,801992.SI,航运港口,航运港口,L,19990429,10016,27.42,9.15,-0.218,8.696,False,True,True,0,0,0,0,True,
000906.SZ,000906,000906,浙商中拓,主板,深市,主板,801170.SI,交通运输,801178.SI,物流,物流,L,19990707,9947,27.23,6.11,-0.972,13.333,False,True,True,0,0,0,0,True,
000908.SZ,000908,000908,石药景峰,主板,深市,主板,801150.SI,医药生物,801151.SI,化学制药,化学制药,L,19990203,10101,27.66,5.99,0.672,15.625,False,True,True,0,0,0,2,True,
000909.SZ,000909,000909,*ST数源,主板,深市,主板,801180.SI,房地产,801181.SI,房地产开发,房地产开发,L,19990507,10008,27.4,5.25,1.156,28.0,True,True,True,0,0,0,0,False,ST
000910.SZ,000910,000910,大亚圣象,主板,深市,主板,801140.SI,轻工制造,801142.SI,家居用品,家居用品,L,19990630,9954,27.25,6.15,-4.503,28.125,False,True,True,0,0,0,0,True,
000911.SZ,000911,000911,*ST广糖,主板,深市,主板,801010.SI,农林牧渔,801012.SI,农产品加工,农产品加工,L,19990527,9988,27.35,5.4,9.98,30.769,True,True,True,0,0,0,0,False,ST
000912.SZ,000912,000912,泸天化,主板,深市,主板,801030.SI,基础化工,801038.SI,农化制品,农化制品,L,19990603,9981,27.33,3.88,0.0,19.048,False,True,True,0,0,0,0,True,
000913.SZ,000913,000913,钱江摩托,主板,深市,主板,801880.SI,汽车,801881.SI,摩托车及其他,摩托车及其他,L,19990514,10001,27.38,10.7,1.905,21.053,False,True,True,0,0,0,0,True,
000915.SZ,000915,000915,华特达因,主板,深市,主板,801150.SI,医药生物,801151.SI,化学制药,化学制药,L,19990609,9975,27.31,23.83,1.06,8.0,False,True,True,0,0,0,0,True,
000917.SZ,000917,000917,电广传媒,主板,深市,主板,801760.SI,传媒,801995.SI,电视广播Ⅱ,电视广播Ⅱ,L,19990325,10051,27.52,6.77,-0.587,11.268,False,True,True,0,0,0,0,True,
000919.SZ,000919,000919,金陵药业,主板,深市,主板,801150.SI,医药生物,801151.SI,化学制药,化学制药,L,19991118,9813,26.87,6.5,1.089,6.061,False,True,True,0,0,0,0,True,
000920.SZ,000920,000920,沃顿科技,主板,深市,主板,801030.SI,基础化工,801036.SI,塑料,塑料,L,19990616,9968,27.29,12.43,2.22,12.195,False,True,True,0,0,0,0,True,
000921.SZ,000921,000921,海信家电,主板,深市,主板,801110.SI,家用电器,801111.SI,白色家电,白色家电,L,19990713,9941,27.22,26.78,1.057,13.846,False,True,True,0,0,0,0,True,
000922.SZ,000922,000922,佳电股份,主板,深市,主板,801730.SI,电力设备,801731.SI,电机Ⅱ,电机Ⅱ,L,19990618,9966,27.29,11.93,-0.5,10.084,False,True,True,0,0,0,0,True,
000923.SZ,000923,000923,河钢资源,主板,深市,主板,801040.SI,钢铁,801043.SI,冶钢原料,冶钢原料,L,19990714,9940,27.21,15.73,1.812,17.073,False,True,True,0,0,0,0,True,
000925.SZ,000925,000925,众合科技,主板,深市,主板,801890.SI,机械设备,801076.SI,轨交设备Ⅱ,轨交设备Ⅱ,L,19990611,9973,27.3,7.86,-0.506,12.346,False,True,True,0,0,0,0,True,
000926.SZ,000926,000926,福星股份,主板,深市,主板,801180.SI,房地产,801181.SI,房地产开发,房地产开发,L,19990618,9966,27.29,2.2,1.852,9.524,False,True,True,0,0,0,0,True,
000927.SZ,000927,000927,中国铁物,主板,深市,主板,801890.SI,机械设备,801076.SI,轨交设备Ⅱ,轨交设备Ⅱ,L,19990727,9927,27.18,2.47,1.646,16.0,False,True,True,0,0,0,0,True,
000928.SZ,000928,000928,中钢国际,主板,深市,主板,801720.SI,建筑装饰,801724.SI,专业工程,专业工程,L,19990312,10064,27.55,5.34,0.945,16.364,False,True,True,0,0,0,0,True,
000929.SZ,000929,000929,兰州黄河,主板,深市,主板,801120.SI,食品饮料,801126.SI,非白酒,非白酒,L,19990623,9961,27.27,9.4,-0.529,13.043,False,True,True,0,0,0,2,True,
000930.SZ,000930,000930,中粮科技,主板,深市,主板,801010.SI,农林牧渔,801012.SI,农产品加工,农产品加工,L,19990712,9942,27.22,5.16,2.789,20.755,False,True,True,0,0,0,0,True,
000931.SZ,000931,000931,中关村,主板,深市,主板,801150.SI,医药生物,801151.SI,化学制药,化学制药,L,19990712,9942,27.22,4.58,1.327,13.333,False,True,True,0,0,0,0,True,
000932.SZ,000932,000932,华菱钢铁,主板,深市,主板,801040.SI,钢铁,801044.SI,普钢,普钢,L,19990803,9920,27.16,3.54,2.907,8.333,False,True,True,0,0,0,0,True,
000933.SZ,000933,000933,神火股份,主板,深市,主板,801050.SI,有色金属,801055.SI,工业金属,工业金属,L,19990831,9892,27.08,26.22,0.46,9.091,False,True,True,0,0,0,0,True,
000935.SZ,000935,000935,四川双马,主板,深市,主板,801790.SI,非银金融,801191.SI,多元金融,多元金融,L,19990824,9899,27.1,19.45,1.302,29.31,False,True,True,0,0,0,0,True,
000936.SZ,000936,000936,华西股份,主板,深市,主板,801030.SI,基础化工,801032.SI,化学纤维,化学纤维,L,19990810,9913,27.14,5.49,0.919,7.143,False,True,True,0,0,0,0,True,
000937.SZ,000937,000937,冀中能源,主板,深市,主板,801950.SI,煤炭,801951.SI,煤炭开采,煤炭开采,L,19990909,9883,27.06,4.4,0.917,17.021,False,True,True,0,0,0,0,True,
000938.SZ,000938,000938,紫光股份,主板,深市,主板,801750.SI,计算机,801103.SI,IT服务Ⅱ,IT服务Ⅱ,L,19991104,9827,26.9,31.02,-1.617,13.433,False,True,True,0,0,0,0,True,
000948.SZ,000948,000948,南天信息,主板,深市,主板,801750.SI,计算机,801104.SI,软件开发,软件开发,L,19991014,9848,26.96,13.14,-0.605,10.638,False,True,True,0,0,0,0,True,
000949.SZ,000949,000949,新乡化纤,主板,深市,主板,801030.SI,基础化工,801032.SI,化学纤维,化学纤维,L,19991021,9841,26.94,6.44,0.468,17.91,False,True,True,0,0,0,0,True,
000950.SZ,000950,000950,重药控股,主板,深市,主板,801150.SI,医药生物,801154.SI,医药商业,医药商业,L,19990916,9876,27.04,5.25,0.962,12.963,False,True,True,0,0,0,0,True,
000951.SZ,000951,000951,中国重汽,主板,深市,主板,801880.SI,汽车,801096.SI,商用车,商用车,L,19991125,9806,26.85,20.23,1.556,9.859,False,True,True,0,0,0,0,True,
000952.SZ,000952,000952,广济药业,主板,深市,主板,801150.SI,医药生物,801151.SI,化学制药,化学制药,L,19991112,9819,26.88,6.57,-0.455,14.062,False,True,True,0,0,0,0,True,
000953.SZ,000953,000953,中哲精化,主板,深市,主板,801150.SI,医药生物,801151.SI,化学制药,化学制药,L,19991202,9799,26.83,5.98,-0.333,10.0,False,True,True,0,0,0,0,True,
000955.SZ,000955,000955,欣龙控股,主板,深市,主板,801130.SI,纺织服饰,801131.SI,纺织制造,纺织制造,L,19991209,9792,26.81,4.1,0.244,9.756,False,True,True,0,0,0,0,True,
000957.SZ,000957,000957,中通客车,主板,深市,主板,801880.SI,汽车,801096.SI,商用车,商用车,L,20000113,9757,26.71,9.86,0.0,6.931,False,True,True,0,0,0,0,True,
000958.SZ,000958,000958,电投产融,主板,深市,主板,801790.SI,非银金融,801191.SI,多元金融,多元金融,L,19991223,9778,26.77,4.94,0.406,21.667,False,True,True,0,0,0,0,True,
000959.SZ,000959,000959,首钢股份,主板,深市,主板,801040.SI,钢铁,801044.SI,普钢,普钢,L,19991216,9785,26.79,3.51,1.739,37.838,False,True,True,0,0,0,0,True,
000960.SZ,000960,000960,锡业股份,主板,深市,主板,801050.SI,有色金属,801054.SI,小金属,小金属,L,20000221,9718,26.61,30.46,-0.458,18.605,False,True,True,0,0,0,0,True,
000962.SZ,000962,000962,东方钽业,主板,深市,主板,801050.SI,有色金属,801054.SI,小金属,小金属,L,20000120,9750,26.69,54.27,-2.128,14.085,False,True,True,0,0,0,0,True,
000963.SZ,000963,000963,华东医药,主板,深市,主板,801150.SI,医药生物,801151.SI,化学制药,化学制药,L,20000127,9743,26.67,27.69,3.128,12.281,False,True,True,0,0,0,0,True,
000965.SZ,000965,000965,天保基建,主板,深市,主板,801180.SI,房地产,801181.SI,房地产开发,房地产开发,L,20000406,9673,26.48,3.5,0.286,9.091,False,True,True,0,0,0,0,True,
000966.SZ,000966,000966,长源电力,主板,深市,主板,801160.SI,公用事业,801161.SI,电力,电力,L,20000316,9694,26.54,3.98,0.759,12.195,False,True,True,0,0,0,0,True,
000967.SZ,000967,000967,盈峰环境,主板,深市,主板,801970.SI,环保,801972.SI,环保设备Ⅱ,环保设备Ⅱ,L,20000330,9680,26.5,7.79,-3.827,16.867,False,True,True,0,0,0,0,True,
000968.SZ,000968,000968,蓝焰控股,主板,深市,主板,801960.SI,石油石化,801961.SI,油气开采Ⅱ,油气开采Ⅱ,L,20000622,9596,26.27,6.83,0.0,12.5,False,True,True,0,0,0,0,True,
000969.SZ,000969,000969,安泰科技,主板,深市,主板,801050.SI,有色金属,801051.SI,金属新材料,金属新材料,L,20000529,9620,26.34,16.0,-1.538,7.018,False,True,True,0,0,0,0,True,
000970.SZ,000970,000970,中科三环,主板,深市,主板,801050.SI,有色金属,801051.SI,金属新材料,金属新材料,L,20000420,9659,26.44,10.95,-0.364,17.5,False,True,True,0,0,0,0,True,
000972.SZ,000972,000972,中基健康,主板,深市,主板,801010.SI,农林牧渔,801012.SI,农产品加工,农产品加工,L,20000926,9500,26.01,3.94,2.072,15.385,False,True,True,0,0,0,2,True,
000973.SZ,000973,000973,佛塑科技,主板,深市,主板,801030.SI,基础化工,801036.SI,塑料,塑料,L,20000525,9624,26.35,11.56,1.403,20.0,False,True,True,0,0,0,0,True,
000975.SZ,000975,000975,山金国际,主板,深市,主板,801050.SI,有色金属,801053.SI,贵金属,贵金属,L,20000608,9610,26.31,22.76,2.2,21.875,False,True,True,0,0,0,0,True,
000977.SZ,000977,000977,浪潮信息,主板,深市,主板,801750.SI,计算机,801101.SI,计算机设备,计算机设备,L,20000608,9610,26.31,65.93,-1.861,15.73,False,True,True,0,0,0,0,True,
000978.SZ,000978,000978,桂林旅游,主板,深市,主板,801210.SI,社会服务,801993.SI,旅游及景区,旅游及景区,L,20000518,9631,26.37,7.08,-2.614,15.068,False,True,True,0,0,0,0,True,
000980.SZ,000980,000980,众泰汽车,主板,深市,主板,801880.SI,汽车,801093.SI,汽车零部件,汽车零部件,L,20000616,9602,26.29,2.26,1.802,9.091,False,True,True,0,0,0,0,True,
000981.SZ,000981,000981,山子高科,主板,深市,主板,801880.SI,汽车,801093.SI,汽车零部件,汽车零部件,L,20000622,9596,26.27,2.69,-2.536,10.714,False,True,True,0,0,0,0,True,
000983.SZ,000983,000983,山西焦煤,主板,深市,主板,801950.SI,煤炭,801951.SI,煤炭开采,煤炭开采,L,20000726,9562,26.18,6.48,1.727,16.418,False,True,True,0,0,0,0,True,
000985.SZ,000985,000985,大庆华科,主板,深市,主板,801960.SI,石油石化,801963.SI,炼化及贸易,炼化及贸易,L,20000726,9562,26.18,17.1,-0.812,12.791,False,True,True,0,0,0,0,True,
000987.SZ,000987,000987,越秀资本,主板,深市,主板,801790.SI,非银金融,801191.SI,多元金融,多元金融,L,20000718,9570,26.2,7.2,0.84,17.949,False,True,True,0,0,0,0,True,
000988.SZ,000988,000988,华工科技,主板,深市,主板,801890.SI,机械设备,801078.SI,自动化设备,自动化设备,L,20000608,9610,26.31,92.25,-2.122,12.069,False,True,True,0,0,0,0,True,
000989.SZ,000989,000989,九芝堂,主板,深市,主板,801150.SI,医药生物,801155.SI,中药Ⅱ,中药Ⅱ,L,20000628,9590,26.26,8.75,2.339,8.989,False,True,True,0,0,0,0,True,
000990.SZ,000990,000990,诚志股份,主板,深市,主板,801030.SI,基础化工,801033.SI,化学原料,化学原料,L,20000706,9582,26.23,6.17,0.652,4.545,False,True,True,0,0,0,0,True,
000993.SZ,000993,000993,闽东电力,主板,深市,主板,801160.SI,公用事业,801161.SI,电力,电力,L,20000731,9557,26.17,17.09,4.975,13.372,False,True,True,0,0,0,0,True,
000995.SZ,000995,000995,皇台酒业,主板,深市,主板,801120.SI,食品饮料,801125.SI,白酒Ⅱ,白酒Ⅱ,L,20000807,9550,26.15,11.4,1.064,6.957,False,True,True,0,0,0,0,True,
000997.SZ,000997,000997,新大陆,主板,深市,主板,801750.SI,计算机,801101.SI,计算机设备,计算机设备,L,20000807,9550,26.15,19.33,0.104,16.327,False,True,True,0,0,0,0,True,
000998.SZ,000998,000998,隆平高科,主板,深市,主板,801010.SI,农林牧渔,801016.SI,种植业,种植业,L,20001211,9424,25.8,8.66,3.341,13.636,False,True,True,0,0,0,0,True,
000999.SZ,000999,000999,华润三九,主板,深市,主板,801150.SI,医药生物,801155.SI,中药Ⅱ,中药Ⅱ,L,20000309,9701,26.56,24.19,3.2,16.129,False,True,True,0,0,0,0,True,
001201.SZ,001201,001201,东瑞股份,主板,深市,主板,801010.SI,农林牧渔,801017.SI,养殖业,养殖业,L,20210428,1981,5.42,15.82,0.636,18.421,False,True,True,0,0,0,0,True,
001202.SZ,001202,001202,炬申股份,主板,深市,主板,801170.SI,交通运输,801178.SI,物流,物流,L,20210429,1980,5.42,14.88,-0.932,15.714,False,True,True,0,0,0,0,True,
001203.SZ,001203,001203,大中矿业,主板,深市,主板,801040.SI,钢铁,801043.SI,冶钢原料,冶钢原料,L,20210510,1969,5.39,22.28,3.053,27.778,False,True,True,0,0,0,0,True,
001205.SZ,001205,001205,盛航股份,主板,深市,主板,801170.SI,交通运输,801992.SI,航运港口,航运港口,L,20210513,1966,5.38,14.44,0.208,8.333,False,True,True,0,0,0,0,True,
001206.SZ,001206,001206,依依股份,主板,深市,主板,801980.SI,美容护理,801981.SI,个护用品,个护用品,L,20210518,1961,5.37,18.62,9.982,5.357,False,True,True,0,0,0,0,True,
001207.SZ,001207,001207,联科科技,主板,深市,主板,801030.SI,基础化工,801037.SI,橡胶,橡胶,L,20210623,1925,5.27,19.0,-0.419,15.517,False,True,True,0,0,0,0,True,
001208.SZ,001208,001208,华菱线缆,主板,深市,主板,801730.SI,电力设备,801738.SI,电网设备,电网设备,L,20210624,1924,5.27,12.92,-1.072,8.511,False,True,True,0,0,0,0,True,
001209.SZ,001209,001209,洪兴股份,主板,深市,主板,801130.SI,纺织服饰,801132.SI,服装家纺,服装家纺,L,20210723,1895,5.19,18.87,1.071,6.383,False,True,True,0,0,0,0,True,
001210.SZ,001210,001210,金房能源,主板,深市,主板,801160.SI,公用事业,801161.SI,电力,电力,L,20210729,1889,5.17,27.2,-0.073,9.375,False,True,True,0,0,0,0,True,
001211.SZ,001211,001211,双枪科技,主板,深市,主板,801140.SI,轻工制造,801142.SI,家居用品,家居用品,L,20210805,1882,5.15,29.52,6.724,16.667,False,True,True,0,0,0,0,True,
001212.SZ,001212,001212,中旗新材,主板,深市,主板,801710.SI,建筑材料,801713.SI,装修建材,装修建材,L,20210823,1864,5.1,36.18,-1.631,14.444,False,True,True,0,0,0,0,True,
001213.SZ,001213,001213,中铁特货,主板,深市,主板,801170.SI,交通运输,801179.SI,铁路公路,铁路公路,L,20210908,1848,5.06,3.51,0.573,20.0,False,True,True,0,0,0,0,True,
001215.SZ,001215,001215,千味央厨,主板,深市,主板,801120.SI,食品饮料,801124.SI,食品加工,食品加工,L,20210906,1850,5.07,32.44,0.433,11.111,False,True,True,0,0,0,0,True,
001216.SZ,001216,001216,华瓷股份,主板,深市,主板,801140.SI,轻工制造,801142.SI,家居用品,家居用品,L,20211019,1807,4.95,26.18,-10.003,7.353,False,True,True,0,0,0,0,True,
001217.SZ,001217,001217,华尔泰,主板,深市,主板,801030.SI,基础化工,801033.SI,化学原料,化学原料,L,20210929,1827,5.0,11.16,-0.446,17.647,False,True,True,0,0,0,0,True,
001218.SZ,001218,001218,丽臣实业,主板,深市,主板,801030.SI,基础化工,801034.SI,化学制品,化学制品,L,20211015,1811,4.96,23.46,-0.551,7.5,False,True,True,0,0,0,0,True,
001219.SZ,001219,001219,青岛食品,主板,深市,主板,801120.SI,食品饮料,801128.SI,休闲食品,休闲食品,L,20211021,1805,4.94,12.94,0.31,7.031,False,True,True,0,0,0,0,True,
001220.SZ,001220,001220,世盟股份,主板,深市,主板,801170.SI,交通运输,801178.SI,物流,物流,L,20260203,239,0.65,31.28,-0.382,3.145,False,True,True,0,0,0,0,False,上市时间不足
001221.SZ,001221,001221,悍高集团,主板,深市,主板,801140.SI,轻工制造,801142.SI,家居用品,家居用品,L,20250730,427,1.17,32.64,0.647,19.512,False,True,True,0,0,0,0,False,上市时间不足
001222.SZ,001222,001222,源飞宠物,主板,深市,主板,801140.SI,轻工制造,801145.SI,文娱用品,文娱用品,L,20220818,1504,4.12,15.38,0.72,7.692,False,True,True,0,0,0,0,True,
001223.SZ,001223,001223,欧克科技,主板,深市,主板,801890.SI,机械设备,801078.SI,自动化设备,自动化设备,L,20221212,1388,3.8,40.94,-2.361,13.103,False,True,True,0,0,0,0,True,
001225.SZ,001225,001225,和泰机电,主板,深市,主板,801890.SI,机械设备,801074.SI,专用设备,专用设备,L,20230222,1316,3.6,33.9,1.649,9.91,False,True,True,0,0,0,0,True,
001226.SZ,001226,001226,拓山重工,主板,深市,主板,801890.SI,机械设备,801077.SI,工程机械,工程机械,L,20220622,1561,4.27,45.7,-4.453,8.442,False,True,True,0,0,0,0,True,
001227.SZ,001227,001227,兰州银行,主板,深市,主板,801780.SI,银行,801784.SI,城商行Ⅱ,城商行Ⅱ,L,20220117,1717,4.7,2.11,0.957,4.762,False,True,True,0,0,0,0,True,
001228.SZ,001228,001228,永泰运,主板,深市,主板,801170.SI,交通运输,801178.SI,物流,物流,L,20220429,1615,4.42,37.9,0.611,19.126,False,True,True,0,0,0,0,True,
001229.SZ,001229,001229,魅视科技,主板,深市,主板,801750.SI,计算机,801101.SI,计算机设备,计算机设备,L,20220808,1514,4.15,37.13,-3.383,8.901,False,True,True,0,0,0,0,True,
001230.SZ,001230,001230,劲旅环境,主板,深市,主板,801970.SI,环保,801971.SI,环境治理,环境治理,L,20220715,1538,4.21,18.97,-1.043,13.265,False,True,True,0,0,0,0,True,
001231.SZ,001231,001231,农心科技,主板,深市,主板,801030.SI,基础化工,801038.SI,农化制品,农化制品,L,20220819,1503,4.11,22.52,-1.271,10.046,False,True,True,0,0,0,0,True,
001232.SZ,001232,001232,嘉立创,主板,深市,主板,,,,,未分类,L,20260804,57,0.16,184.73,-1.948,9.719,False,True,True,0,0,0,0,False,上市时间不足
001233.SZ,001233,001233,海安集团,主板,深市,主板,801880.SI,汽车,801093.SI,汽车零部件,汽车零部件,L,20251125,309,0.85,43.8,0.413,8.772,False,True,True,0,0,0,0,False,上市时间不足
001234.SZ,001234,001234,泰慕士,主板,深市,主板,801130.SI,纺织服饰,801132.SI,服装家纺,服装家纺,L,20220111,1723,4.72,25.8,-10.011,31.915,False,True,True,0,0,0,0,True,
001236.SZ,001236,001236,弘业期货,主板,深市,主板,801790.SI,非银金融,801191.SI,多元金融,多元金融,L,20220805,1517,4.15,7.84,-0.127,11.538,False,True,True,0,0,0,0,True,
001237.SZ,001237,001237,惠康科技,主板,深市,主板,801890.SI,机械设备,801072.SI,通用设备,通用设备,L,20260522,131,0.36,49.05,-0.668,6.587,False,True,True,0,0,0,0,False,上市时间不足
001238.SZ,001238,001238,浙江正特,主板,深市,主板,801140.SI,轻工制造,801145.SI,文娱用品,文娱用品,L,20220919,1472,4.03,25.9,-0.88,41.071,False,True,True,0,0,0,0,True,
001239.SZ,001239,001239,永达股份,主板,深市,主板,801890.SI,机械设备,801077.SI,工程机械,工程机械,L,20231212,1023,2.8,12.3,0.081,9.167,False,True,True,0,0,0,0,True,
001246.SZ,001246,001246,N力勤资源,主板,深市,主板,,,,,未分类,L,20260930,0,0.0,65.09,206.594,12.877,False,True,True,1,1,1,1,False,上市时间不足、近60日停牌
001248.SZ,001248,001248,华润新能源,主板,深市,主板,,,,,未分类,L,20260702,90,0.25,11.54,0.348,5.932,False,True,True,0,0,0,1,False,上市时间不足
001255.SZ,001255,001255,博菲电气,主板,深市,主板,801030.SI,基础化工,801036.SI,塑料,塑料,L,20220930,1461,4.0,27.1,-1.059,17.241,False,True,True,0,0,0,0,True,
001256.SZ,001256,001256,炜冈科技,主板,深市,主板,801890.SI,机械设备,801074.SI,专用设备,专用设备,L,20221205,1395,3.82,21.72,1.401,20.536,False,True,True,0,0,0,0,True,
001257.SZ,001257,001257,盛龙股份,主板,深市,主板,801050.SI,有色金属,801054.SI,小金属,小金属,L,20260331,183,0.5,20.47,-3.716,9.048,False,True,True,0,0,0,0,False,上市时间不足
001258.SZ,001258,001258,立新能源,主板,深市,主板,801160.SI,公用事业,801161.SI,电力,电力,L,20220727,1526,4.18,10.03,-0.889,8.738,False,True,True,0,0,0,0,True,
001259.SZ,001259,001259,利仁科技,主板,深市,主板,801110.SI,家用电器,801113.SI,小家电,小家电,L,20220831,1491,4.08,43.75,-2.561,9.231,False,True,True,0,0,0,0,True,
001260.SZ,001260,001260,坤泰股份,主板,深市,主板,801880.SI,汽车,801093.SI,汽车零部件,汽车零部件,L,20230216,1322,3.62,19.2,1.0,8.333,False,True,True,0,0,0,0,True,
001266.SZ,001266,001266,宏英智能,主板,深市,主板,801890.SI,机械设备,801078.SI,自动化设备,自动化设备,L,20220228,1675,4.59,39.96,9.992,9.756,False,True,True,0,0,0,0,True,
001267.SZ,001267,001267,汇绿生态,主板,深市,主板,801720.SI,建筑装饰,801723.SI,基础建设,基础建设,L,20211117,1778,4.87,32.83,-1.618,13.978,False,True,True,0,0,0,0,True,
001268.SZ,001268,001268,联合精密,主板,深市,主板,801110.SI,家用电器,801116.SI,家电零部件Ⅱ,家电零部件Ⅱ,L,20220630,1553,4.25,25.22,-0.709,8.235,False,True,True,0,0,0,0,True,
001269.SZ,001269,001269,欧晶科技,主板,深市,主板,801730.SI,电力设备,801735.SI,光伏设备,光伏设备,L,20220930,1461,4.0,19.13,0.525,14.737,False,True,True,0,0,0,0,True,
001270.SZ,001270,001270,铖昌科技,主板,深市,主板,801740.SI,国防军工,801745.SI,军工电子Ⅱ,军工电子Ⅱ,L,20220606,1577,4.32,89.5,-4.777,15.663,False,True,True,0,0,0,0,True,
001277.SZ,001277,001277,速达股份,主板,深市,主板,801890.SI,机械设备,801074.SI,专用设备,专用设备,L,20240903,757,2.07,30.29,0.033,7.843,False,True,True,0,0,0,0,True,
001278.SZ,001278,001278,一彬科技,主板,深市,主板,801880.SI,汽车,801093.SI,汽车零部件,汽车零部件,L,20230308,1302,3.56,16.97,-1.05,7.975,False,True,True,0,0,0,0,True,
001279.SZ,001279,001279,强邦新材,主板,深市,主板,801140.SI,轻工制造,801141.SI,包装印刷,包装印刷,L,20241011,719,1.97,26.0,-0.65,7.752,False,True,True,0,0,0,0,False,上市时间不足
001280.SZ,001280,001280,中国铀业,主板,深市,主板,801050.SI,有色金属,801054.SI,小金属,小金属,L,20251203,301,0.82,60.22,0.017,9.816,False,True,True,0,0,0,0,False,上市时间不足
001282.SZ,001282,001282,三联锻造,主板,深市,主板,801880.SI,汽车,801093.SI,汽车零部件,汽车零部件,L,20230524,1225,3.35,16.75,2.446,9.202,False,True,True,0,0,0,0,True,
001283.SZ,001283,001283,豪鹏科技,主板,深市,主板,801730.SI,电力设备,801737.SI,电池,电池,L,20220905,1486,4.07,47.06,1.707,11.392,False,True,True,0,0,0,0,True,
001285.SZ,001285,001285,瑞立科密,主板,深市,主板,801880.SI,汽车,801093.SI,汽车零部件,汽车零部件,L,20250930,365,1.0,41.62,-0.787,6.294,False,True,True,0,0,0,0,False,上市时间不足
001286.SZ,001286,001286,陕西能源,主板,深市,主板,801160.SI,公用事业,801161.SI,电力,电力,L,20230410,1269,3.47,9.45,0.319,11.34,False,True,True,0,0,0,0,True,
001287.SZ,001287,001287,中电港,主板,深市,主板,801080.SI,电子,801082.SI,其他电子Ⅱ,其他电子Ⅱ,L,20230410,1269,3.47,22.59,-3.338,11.638,False,True,True,0,0,0,0,True,
001288.SZ,001288,001288,运机集团,主板,深市,主板,801890.SI,机械设备,801074.SI,专用设备,专用设备,L,20211101,1794,4.91,31.32,-2.612,20.0,False,True,True,0,0,0,0,True,
001289.SZ,001289,001289,龙源电力,主板,深市,主板,801160.SI,公用事业,801161.SI,电力,电力,L,20220124,1710,4.68,14.91,0.675,25.0,False,True,True,0,0,0,0,True,
001296.SZ,001296,001296,长江材料,主板,深市,主板,801030.SI,基础化工,801039.SI,非金属材料Ⅱ,非金属材料Ⅱ,L,20211224,1741,4.77,19.39,-0.615,8.0,False,True,True,0,0,0,0,True,
001298.SZ,001298,001298,好上好,主板,深市,主板,801080.SI,电子,801082.SI,其他电子Ⅱ,其他电子Ⅱ,L,20221031,1430,3.92,16.21,-0.917,13.873,False,True,True,0,0,0,0,True,
001299.SZ,001299,001299,美能能源,主板,深市,主板,801160.SI,公用事业,801163.SI,燃气Ⅱ,燃气Ⅱ,L,20221031,1430,3.92,10.09,1.001,15.385,False,True,True,0,0,0,0,True,
001300.SZ,001300,001300,三柏硕,主板,深市,主板,801140.SI,轻工制造,801145.SI,文娱用品,文娱用品,L,20221019,1442,3.95,12.28,-1.127,15.385,False,True,True,0,0,0,0,True,
001301.SZ,001301,001301,尚太科技,主板,深市,主板,801730.SI,电力设备,801737.SI,电池,电池,L,20221228,1372,3.76,47.34,2.712,25.0,False,True,True,0,0,0,0,True,
001306.SZ,001306,001306,夏厦精密,主板,深市,主板,801890.SI,机械设备,801072.SI,通用设备,通用设备,L,20231116,1049,2.87,55.8,-1.239,5.674,False,True,True,0,0,0,0,True,
001308.SZ,001308,001308,康冠科技,主板,深市,主板,801080.SI,电子,801084.SI,光学光电子,光学光电子,L,20220318,1657,4.54,18.03,0.39,17.526,False,True,True,0,0,0,0,True,
001309.SZ,001309,001309,德明利,主板,深市,主板,801080.SI,电子,801081.SI,半导体,半导体,L,20220701,1552,4.25,358.46,-3.692,10.638,False,True,True,0,0,0,0,True,
001311.SZ,001311,001311,多利科技,主板,深市,主板,801880.SI,汽车,801093.SI,汽车零部件,汽车零部件,L,20230227,1311,3.59,16.7,-1.008,8.621,False,True,True,0,0,0,0,True,
001312.SZ,001312,001312,福恩股份,主板,深市,主板,801130.SI,纺织服饰,801131.SI,纺织制造,纺织制造,L,20260421,162,0.44,17.76,-0.337,5.0,False,True,True,0,0,0,0,False,上市时间不足
001313.SZ,001313,001313,粤海饲料,主板,深市,主板,801010.SI,农林牧渔,801014.SI,饲料,饲料,L,20220216,1687,4.62,7.16,0.0,13.158,False,True,True,0,0,0,0,True,
001314.SZ,001314,001314,亿道信息,主板,深市,主板,801080.SI,电子,801085.SI,消费电子,消费电子,L,20230214,1324,3.62,49.05,-3.235,11.538,False,True,True,0,0,0,0,True,
001316.SZ,001316,001316,润贝航科,主板,深市,主板,801960.SI,石油石化,801963.SI,炼化及贸易,炼化及贸易,L,20220624,1559,4.27,27.46,-0.29,12.632,False,True,True,0,0,0,0,True,
001317.SZ,001317,001317,三羊马,主板,深市,主板,801170.SI,交通运输,801179.SI,铁路公路,铁路公路,L,20211130,1765,4.83,61.85,-1.04,7.812,False,True,True,0,0,0,0,True,
001318.SZ,001318,001318,阳光乳业,主板,深市,主板,801120.SI,食品饮料,801127.SI,饮料乳品,饮料乳品,L,20220520,1594,4.36,13.04,10.042,12.069,False,True,True,0,0,0,0,True,
001319.SZ,001319,001319,铭科精技,主板,深市,主板,801880.SI,汽车,801093.SI,汽车零部件,汽车零部件,L,20220512,1602,4.39,21.14,-1.903,12.037,False,True,True,0,0,0,0,True,
001322.SZ,001322,001322,箭牌家居,主板,深市,主板,801140.SI,轻工制造,801142.SI,家居用品,家居用品,L,20221026,1435,3.93,6.74,3.533,21.875,False,True,True,0,0,0,0,True,
001323.SZ,001323,001323,慕思股份,主板,深市,主板,801140.SI,轻工制造,801142.SI,家居用品,家居用品,L,20220623,1560,4.27,18.68,2.525,20.69,False,True,True,0,0,0,0,True,
001324.SZ,001324,001324,长青科技,主板,深市,主板,801890.SI,机械设备,801076.SI,轨交设备Ⅱ,轨交设备Ⅱ,L,20230522,1227,3.36,20.26,-1.171,9.406,False,True,True,0,0,0,0,True,
001325.SZ,001325,001325,元创股份,主板,深市,主板,801030.SI,基础化工,801037.SI,橡胶,橡胶,L,20251218,286,0.78,35.48,-1.826,9.677,False,True,True,0,0,0,0,False,上市时间不足
001326.SZ,001326,001326,联域股份,主板,深市,主板,801110.SI,家用电器,801115.SI,照明设备Ⅱ,照明设备Ⅱ,L,20231109,1056,2.89,101.03,-2.659,7.692,False,True,True,0,0,0,0,True,
001328.SZ,001328,001328,登康口腔,主板,深市,主板,801980.SI,美容护理,801981.SI,个护用品,个护用品,L,20230410,1269,3.47,31.6,3.777,12.0,False,True,True,0,0,0,0,True,
001330.SZ,001330,001330,博纳影业,主板,深市,主板,801760.SI,传媒,801766.SI,影视院线,影视院线,L,20220818,1504,4.12,6.58,-0.754,16.923,False,True,True,0,0,0,0,True,
001331.SZ,001331,001331,胜通能源,主板,深市,主板,801160.SI,公用事业,801163.SI,燃气Ⅱ,燃气Ⅱ,L,20220908,1483,4.06,38.97,1.221,22.989,False,True,True,0,0,0,22,True,
001332.SZ,001332,001332,锡装股份,主板,深市,主板,801890.SI,机械设备,801074.SI,专用设备,专用设备,L,20220920,1471,4.03,26.9,-1.067,8.696,False,True,True,0,0,0,0,True,
001333.SZ,001333,001333,光华股份,主板,深市,主板,801030.SI,基础化工,801036.SI,塑料,塑料,L,20221208,1392,3.81,19.93,-0.2,11.0,False,True,True,0,0,0,0,True,
001335.SZ,001335,001335,信凯科技,主板,深市,主板,801030.SI,基础化工,801034.SI,化学制品,化学制品,L,20250415,533,1.46,33.04,0.364,8.333,False,True,True,0,0,0,0,False,上市时间不足
001336.SZ,001336,001336,楚环科技,主板,深市,主板,801970.SI,环保,801972.SI,环保设备Ⅱ,环保设备Ⅱ,L,20220725,1528,4.18,18.77,-1.933,8.511,False,True,True,0,0,0,0,True,
001337.SZ,001337,001337,四川黄金,主板,深市,主板,801050.SI,有色金属,801053.SI,贵金属,贵金属,L,20230303,1307,3.58,44.9,0.786,15.476,False,True,True,0,0,0,0,True,
001338.SZ,001338,001338,永顺泰,主板,深市,主板,801010.SI,农林牧渔,801012.SI,农产品加工,农产品加工,L,20221116,1414,3.87,9.21,1.544,12.088,False,True,True,0,0,0,0,True,
001339.SZ,001339,001339,智微智能,主板,深市,主板,801750.SI,计算机,801101.SI,计算机设备,计算机设备,L,20220815,1507,4.13,69.72,-0.994,11.864,False,True,True,0,0,0,0,True,
001356.SZ,001356,001356,富岭股份,主板,深市,主板,801140.SI,轻工制造,801142.SI,家居用品,家居用品,L,20250123,615,1.68,9.21,-0.647,8.602,False,True,True,0,0,0,0,False,上市时间不足
001358.SZ,001358,001358,兴欣新材,主板,深市,主板,801030.SI,基础化工,801034.SI,化学制品,化学制品,L,20231221,1014,2.78,24.17,-1.508,7.229,False,True,True,0,0,0,0,True,
001359.SZ,001359,001359,平安电工,主板,深市,主板,801030.SI,基础化工,801036.SI,塑料,塑料,L,20240328,916,2.51,79.9,-3.163,9.722,False,True,True,0,0,0,0,True,
001360.SZ,001360,001360,南矿集团,主板,深市,主板,801890.SI,机械设备,801074.SI,专用设备,专用设备,L,20230410,1269,3.47,18.89,-0.631,13.333,False,True,True,0,0,0,0,True,
001365.SZ,001365,001365,天海电子,主板,深市,主板,801880.SI,汽车,801093.SI,汽车零部件,汽车零部件,L,20260518,135,0.37,35.25,-3.026,4.67,False,True,True,0,0,0,0,False,上市时间不足
001366.SZ,001366,001366,播恩集团,主板,深市,主板,801010.SI,农林牧渔,801014.SI,饲料,饲料,L,20230307,1303,3.57,13.13,-0.152,15.267,False,True,True,0,0,0,0,True,
001367.SZ,001367,001367,海森药业,主板,深市,主板,801150.SI,医药生物,801151.SI,化学制药,化学制药,L,20230410,1269,3.47,22.01,-0.9,12.683,False,True,True,0,0,0,0,True,
001368.SZ,001368,001368,通达创智,主板,深市,主板,801140.SI,轻工制造,801145.SI,文娱用品,文娱用品,L,20230313,1297,3.55,36.85,-2.047,11.979,False,True,True,0,0,0,0,True,
001369.SZ,001369,001369,双欣材料,主板,深市,主板,801030.SI,基础化工,801032.SI,化学纤维,化学纤维,L,20251230,274,0.75,11.94,-0.167,5.6,False,True,True,0,0,0,0,False,上市时间不足
001373.SZ,001373,001373,翔腾新材,主板,深市,主板,801080.SI,电子,801084.SI,光学光电子,光学光电子,L,20230601,1217,3.33,30.99,-1.899,10.191,False,True,True,0,0,0,0,True,
001376.SZ,001376,001376,百通能源,主板,深市,主板,801160.SI,公用事业,801161.SI,电力,电力,L,20231103,1062,2.91,12.18,-0.976,5.556,False,True,True,0,0,0,0,True,
001378.SZ,001378,001378,德冠新材,主板,深市,主板,801030.SI,基础化工,801036.SI,塑料,塑料,L,20231030,1066,2.92,21.96,-0.858,6.466,False,True,True,0,0,0,0,True,
001379.SZ,001379,001379,腾达科技,主板,深市,主板,801890.SI,机械设备,801072.SI,通用设备,通用设备,L,20240119,985,2.7,15.75,-0.819,5.031,False,True,True,0,0,0,0,True,
001380.SZ,001380,001380,华纬科技,主板,深市,主板,801880.SI,汽车,801093.SI,汽车零部件,汽车零部件,L,20230516,1233,3.38,18.79,-0.265,17.857,False,True,True,0,0,0,0,True,
001382.SZ,001382,001382,新亚电缆,主板,深市,主板,801730.SI,电力设备,801738.SI,电网设备,电网设备,L,20250321,558,1.53,16.43,-0.122,5.455,False,True,True,0,0,0,0,False,上市时间不足
001386.SZ,001386,001386,马可波罗,主板,深市,主板,801140.SI,轻工制造,801142.SI,家居用品,家居用品,L,20251022,343,0.94,15.98,-0.062,5.0,False,True,True,0,0,0,0,False,上市时间不足
001387.SZ,001387,001387,雪祺电气,主板,深市,主板,801110.SI,家用电器,801111.SI,白色家电,白色家电,L,20240111,993,2.72,12.38,-1.276,8.264,False,True,True,0,0,0,0,True,
001388.SZ,001388,001388,信通电子,主板,深市,主板,801730.SI,电力设备,801738.SI,电网设备,电网设备,L,20250701,456,1.25,19.53,-0.762,12.381,False,True,True,0,0,0,0,False,上市时间不足
001389.SZ,001389,001389,广合科技,主板,深市,主板,801080.SI,电子,801083.SI,元件,元件,L,20240402,911,2.49,176.66,-7.913,14.783,False,True,True,0,0,0,0,True,
001390.SZ,001390,001390,古麒绒材,主板,深市,主板,801130.SI,纺织服饰,801131.SI,纺织制造,纺织制造,L,20250529,489,1.34,17.11,-0.233,8.046,False,True,True,0,0,0,0,False,上市时间不足
001391.SZ,001391,001391,国货航,主板,深市,主板,801170.SI,交通运输,801178.SI,物流,物流,L,20241230,639,1.75,3.84,1.053,13.158,False,True,True,0,0,0,0,False,上市时间不足
001393.SZ,001393,001393,维通利,主板,深市,主板,801730.SI,电力设备,801738.SI,电网设备,电网设备,L,20260515,138,0.38,40.05,-3.401,7.143,False,True,True,0,0,0,0,False,上市时间不足
001395.SZ,001395,001395,亚联机械,主板,深市,主板,801890.SI,机械设备,801074.SI,专用设备,专用设备,L,20250127,611,1.67,29.75,-0.734,7.071,False,True,True,0,0,0,0,False,上市时间不足
001396.SZ,001396,001396,誉帆科技,主板,深市,主板,801720.SI,建筑装饰,801723.SI,基础建设,基础建设,L,20251230,274,0.75,30.89,-1.436,6.79,False,True,True,0,0,0,0,False,上市时间不足
001399.SZ,001399,001399,惠科股份,主板,深市,主板,801080.SI,电子,801084.SI,光学光电子,光学光电子,L,20260626,96,0.26,21.27,-3.318,11.304,False,True,True,0,0,0,1,False,上市时间不足
001400.SZ,001400,001400,江顺科技,主板,深市,主板,801890.SI,机械设备,801074.SI,专用设备,专用设备,L,20250424,524,1.43,84.8,-0.621,9.333,False,True,True,0,0,0,0,False,上市时间不足
001696.SZ,001696,001696,宗申动力,主板,深市,主板,801890.SI,机械设备,801072.SI,通用设备,通用设备,L,19970306,10800,29.57,15.15,-1.174,7.692,False,True,True,0,0,0,0,True,
001872.SZ,001872,001872,招商港口,主板,深市,主板,801170.SI,交通运输,801992.SI,航运港口,航运港口,L,19930505,12201,33.4,24.18,-0.902,24.615,False,True,True,0,0,0,0,True,
001896.SZ,001896,001896,豫能控股,主板,深市,主板,801160.SI,公用事业,801161.SI,电力,电力,L,19980122,10478,28.69,10.3,0.097,15.0,False,True,True,0,0,0,0,True,
001914.SZ,001914,001914,招商积余,主板,深市,主板,801180.SI,房地产,801183.SI,房地产服务,房地产服务,L,19940928,11690,32.01,9.4,0.427,18.182,False,True,True,0,0,0,0,True,
001965.SZ,001965,001965,招商公路,主板,深市,主板,801170.SI,交通运输,801179.SI,铁路公路,铁路公路,L,20171225,3201,8.76,10.05,0.5,28.125,False,True,True,0,0,0,0,True,
001979.SZ,001979,001979,招商蛇口,主板,深市,主板,801180.SI,房地产,801181.SI,房地产开发,房地产开发,L,20151230,3927,10.75,7.58,-0.132,27.778,False,True,True,0,0,0,0,True,
002001.SZ,002001,002001,新和成,主板,深市,主板,801030.SI,基础化工,801034.SI,化学制品,化学制品,L,20040625,8132,22.26,25.95,2.448,16.667,False,True,True,0,0,0,0,True,
002003.SZ,002003,002003,伟星股份,主板,深市,主板,801130.SI,纺织服饰,801131.SI,纺织制造,纺织制造,L,20040625,8132,22.26,11.31,-0.702,19.469,False,True,True,0,0,0,0,True,
002004.SZ,002004,002004,华邦健康,主板,深市,主板,801150.SI,医药生物,801151.SI,化学制药,化学制药,L,20040625,8132,22.26,4.34,1.878,6.977,False,True,True,0,0,0,0,True,
002005.SZ,002005,002005,德豪润达,主板,深市,主板,801110.SI,家用电器,801113.SI,小家电,小家电,L,20040625,8132,22.26,2.73,0.738,20.0,False,True,True,0,0,2,2,False,近60日停牌
002006.SZ,002006,002006,精工科技,主板,深市,主板,801890.SI,机械设备,801074.SI,专用设备,专用设备,L,20040625,8132,22.26,13.21,-0.602,13.333,False,True,True,0,0,0,0,True,
002007.SZ,002007,002007,华兰生物,主板,深市,主板,801150.SI,医药生物,801152.SI,生物制品,生物制品,L,20040625,8132,22.26,13.34,2.458,15.789,False,True,True,0,0,0,0,True,
002008.SZ,002008,002008,大族激光,主板,深市,主板,801890.SI,机械设备,801078.SI,自动化设备,自动化设备,L,20040625,8132,22.26,80.03,-2.116,15.517,False,True,True,0,0,0,0,True,
002009.SZ,002009,002009,天奇股份,主板,深市,主板,801890.SI,机械设备,801074.SI,专用设备,专用设备,L,20040629,8128,22.25,15.49,0.781,15.0,False,True,True,0,0,0,0,True,
002010.SZ,002010,002010,传化智联,主板,深市,主板,801170.SI,交通运输,801178.SI,物流,物流,L,20040629,8128,22.25,4.6,0.656,29.167,False,True,True,0,0,0,0,True,
002011.SZ,002011,002011,盾安环境,主板,深市,主板,801110.SI,家用电器,801116.SI,家电零部件Ⅱ,家电零部件Ⅱ,L,20040705,8122,22.24,12.6,0.8,18.182,False,True,True,0,0,0,0,True,
002012.SZ,002012,002012,凯恩股份,主板,深市,主板,801140.SI,轻工制造,801143.SI,造纸,造纸,L,20040705,8122,22.24,6.9,0.145,12.857,False,True,True,0,0,0,0,True,
002014.SZ,002014,002014,永新股份,主板,深市,主板,801140.SI,轻工制造,801141.SI,包装印刷,包装印刷,L,20040708,8119,22.23,11.21,1.265,9.259,False,True,True,0,0,0,0,True,
002015.SZ,002015,002015,协鑫能科,主板,深市,主板,801160.SI,公用事业,801161.SI,电力,电力,L,20040708,8119,22.23,14.58,0.206,12.195,False,True,True,0,0,0,0,True,
002016.SZ,002016,002016,世荣兆业,主板,深市,主板,801180.SI,房地产,801181.SI,房地产开发,房地产开发,L,20040708,8119,22.23,4.95,2.273,10.87,False,True,True,0,0,0,0,True,
002017.SZ,002017,002017,东信和平,主板,深市,主板,801770.SI,通信,801102.SI,通信设备,通信设备,L,20040713,8114,22.21,13.79,-0.505,18.919,False,True,True,0,0,0,0,True,
002019.SZ,002019,002019,亿帆医药,主板,深市,主板,801150.SI,医药生物,801151.SI,化学制药,化学制药,L,20040713,8114,22.21,9.42,2.058,12.121,False,True,True,0,0,0,0,True,
002020.SZ,002020,002020,京新药业,主板,深市,主板,801150.SI,医药生物,801151.SI,化学制药,化学制药,L,20040715,8112,22.21,11.83,4.321,22.581,False,True,True,0,0,0,0,True,
002021.SZ,002021,002021,中捷资源,主板,深市,主板,801890.SI,机械设备,801074.SI,专用设备,专用设备,L,20040715,8112,22.21,2.58,-1.901,7.692,False,True,True,0,0,0,0,True,
002022.SZ,002022,002022,科华生物,主板,深市,主板,801150.SI,医药生物,801153.SI,医疗器械,医疗器械,L,20040721,8106,22.19,6.12,2.513,13.333,False,True,True,0,0,0,0,True,
002023.SZ,002023,002023,海特高新,主板,深市,主板,801740.SI,国防军工,801742.SI,航空装备Ⅱ,航空装备Ⅱ,L,20040721,8106,22.19,9.31,-1.377,12.0,False,True,True,0,0,0,0,True,
002024.SZ,002024,002024,ST易购,主板,深市,主板,801200.SI,商贸零售,801206.SI,互联网电商,互联网电商,L,20040721,8106,22.19,1.16,0.87,71.429,True,True,True,0,0,0,0,False,ST
002025.SZ,002025,002025,航天电器,主板,深市,主板,801740.SI,国防军工,801745.SI,军工电子Ⅱ,军工电子Ⅱ,L,20040726,8101,22.18,67.01,-1.601,17.568,False,True,True,0,0,0,0,True,
002026.SZ,002026,002026,山东威达,主板,深市,主板,801890.SI,机械设备,801072.SI,通用设备,通用设备,L,20040727,8100,22.18,10.98,-0.992,8.772,False,True,True,0,0,0,0,True,
002027.SZ,002027,002027,分众传媒,主板,深市,主板,801760.SI,传媒,801765.SI,广告营销,广告营销,L,20040804,8092,22.15,4.73,1.72,14.286,False,True,True,0,0,0,0,True,
002028.SZ,002028,002028,思源电气,主板,深市,主板,801730.SI,电力设备,801738.SI,电网设备,电网设备,L,20040805,8091,22.15,120.46,-0.29,30.508,False,True,True,0,0,0,0,True,
002029.SZ,002029,002029,七匹狼,主板,深市,主板,801130.SI,纺织服饰,801132.SI,服装家纺,服装家纺,L,20040806,8090,22.15,8.87,-1.004,6.897,False,True,True,0,0,0,0,True,
002030.SZ,002030,002030,达安基因,主板,深市,主板,801150.SI,医药生物,801153.SI,医疗器械,医疗器械,L,20040809,8087,22.14,5.75,1.95,10.714,False,True,True,0,0,0,0,True,
002031.SZ,002031,002031,巨轮智能,主板,深市,主板,801890.SI,机械设备,801074.SI,专用设备,专用设备,L,20040816,8080,22.12,5.44,-4.394,9.259,False,True,True,0,0,0,0,True,
002032.SZ,002032,002032,苏泊尔,主板,深市,主板,801110.SI,家用电器,801113.SI,小家电,小家电,L,20040817,8079,22.12,39.95,1.114,20.968,False,True,True,0,0,0,0,True,
002033.SZ,002033,002033,丽江股份,主板,深市,主板,801210.SI,社会服务,801993.SI,旅游及景区,旅游及景区,L,20040825,8071,22.1,8.21,0.367,10.345,False,True,True,0,0,0,0,True,
002034.SZ,002034,002034,旺能环境,主板,深市,主板,801970.SI,环保,801971.SI,环境治理,环境治理,L,20040826,8070,22.09,14.07,0.716,13.889,False,True,True,0,0,0,0,True,
002035.SZ,002035,002035,华帝股份,主板,深市,主板,801110.SI,家用电器,801114.SI,厨卫电器,厨卫电器,L,20040901,8064,22.08,4.77,-0.832,6.383,False,True,True,0,0,0,0,True,
002036.SZ,002036,002036,联创电子,主板,深市,主板,801080.SI,电子,801084.SI,光学光电子,光学光电子,L,20040903,8062,22.07,5.97,-0.831,13.846,False,True,True,0,0,6,6,False,近60日停牌
002037.SZ,002037,002037,保利联合,主板,深市,主板,801030.SI,基础化工,801034.SI,化学制品,化学制品,L,20040908,8057,22.06,6.77,0.445,11.594,False,True,True,0,0,0,0,True,
002038.SZ,002038,002038,双鹭药业,主板,深市,主板,801150.SI,医药生物,801151.SI,化学制药,化学制药,L,20040909,8056,22.06,5.75,2.862,13.793,False,True,True,0,0,0,0,True,
002039.SZ,002039,002039,黔源电力,主板,深市,主板,801160.SI,公用事业,801161.SI,电力,电力,L,20050303,7881,21.58,19.54,2.896,4.124,False,True,True,0,0,0,0,True,
002040.SZ,002040,002040,南京港,主板,深市,主板,801170.SI,交通运输,801992.SI,航运港口,航运港口,L,20050325,7859,21.52,8.72,-0.683,7.692,False,True,True,0,0,0,0,True,
002041.SZ,002041,002041,登海种业,主板,深市,主板,801010.SI,农林牧渔,801016.SI,种植业,种植业,L,20050418,7835,21.45,10.23,10.0,15.385,False,True,True,0,0,0,0,True,
002042.SZ,002042,002042,华孚时尚,主板,深市,主板,801130.SI,纺织服饰,801131.SI,纺织制造,纺织制造,L,20050427,7826,21.43,3.59,-1.644,12.821,False,True,True,0,0,0,0,True,
002043.SZ,002043,002043,兔宝宝,主板,深市,主板,801710.SI,建筑材料,801713.SI,装修建材,装修建材,L,20050510,7813,21.39,12.02,5.717,15.702,False,True,True,0,0,0,0,True,
002044.SZ,002044,002044,美年健康,主板,深市,主板,801150.SI,医药生物,801156.SI,医疗服务,医疗服务,L,20050518,7805,21.37,4.54,1.566,13.043,False,True,True,0,0,0,0,True,
002045.SZ,002045,002045,国光电器,主板,深市,主板,801080.SI,电子,801085.SI,消费电子,消费电子,L,20050523,7800,21.36,8.57,-2.392,8.889,False,True,True,0,0,0,0,True,
002046.SZ,002046,002046,国机精工,主板,深市,主板,801890.SI,机械设备,801072.SI,通用设备,通用设备,L,20050526,7797,21.35,59.75,-1.158,27.273,False,True,True,0,0,0,0,True,
002047.SZ,002047,002047,宝鹰股份,主板,深市,主板,801720.SI,建筑装饰,801722.SI,装修装饰Ⅱ,装修装饰Ⅱ,L,20050531,7792,21.33,3.17,1.603,11.765,False,True,True,0,0,0,0,True,
002048.SZ,002048,002048,宁波华翔,主板,深市,主板,801880.SI,汽车,801093.SI,汽车零部件,汽车零部件,L,20050603,7789,21.33,17.67,-0.674,12.766,False,True,True,0,0,0,0,True,
002049.SZ,002049,002049,紫光国微,主板,深市,主板,801080.SI,电子,801081.SI,半导体,半导体,L,20050606,7786,21.32,57.88,-0.907,10.811,False,True,True,0,0,0,0,True,
002050.SZ,002050,002050,三花智控,主板,深市,主板,801110.SI,家用电器,801116.SI,家电零部件Ⅱ,家电零部件Ⅱ,L,20050607,7785,21.31,35.71,0.507,19.672,False,True,True,0,0,0,0,True,
002051.SZ,002051,002051,中工国际,主板,深市,主板,801720.SI,建筑装饰,801724.SI,专业工程,专业工程,L,20060619,7408,20.28,8.74,1.746,9.091,False,True,True,0,0,0,0,True,
002052.SZ,002052,002052,同洲电子,主板,深市,主板,801110.SI,家用电器,801112.SI,黑色家电,黑色家电,L,20060627,7400,20.26,7.98,-0.623,11.628,False,True,True,0,0,0,0,True,
002053.SZ,002053,002053,云南能投,主板,深市,主板,801160.SI,公用事业,801161.SI,电力,电力,L,20060627,7400,20.26,9.52,-0.522,21.875,False,True,True,0,0,0,0,True,
002054.SZ,002054,002054,德美化工,主板,深市,主板,801030.SI,基础化工,801034.SI,化学制品,化学制品,L,20060725,7372,20.18,7.07,0.142,5.634,False,True,True,0,0,0,0,True,
002055.SZ,002055,002055,ST得润,主板,深市,主板,801080.SI,电子,801085.SI,消费电子,消费电子,L,20060725,7372,20.18,6.43,-1.682,18.75,True,True,True,0,0,0,0,False,ST
002056.SZ,002056,002056,横店东磁,主板,深市,主板,801730.SI,电力设备,801735.SI,光伏设备,光伏设备,L,20060802,7364,20.16,19.33,-1.125,25.352,False,True,True,0,0,0,0,True,
002057.SZ,002057,002057,中钢天源,主板,深市,主板,801210.SI,社会服务,801218.SI,专业服务,专业服务,L,20060802,7364,20.16,8.77,-0.228,6.818,False,True,True,0,0,0,0,True,
002058.SZ,002058,002058,紫竹高科,主板,深市,主板,801890.SI,机械设备,801072.SI,通用设备,通用设备,L,20060802,7364,20.16,20.2,10.022,9.412,False,True,True,0,0,0,2,True,
002059.SZ,002059,002059,云南旅游,主板,深市,主板,801210.SI,社会服务,801993.SI,旅游及景区,旅游及景区,L,20060810,7356,20.14,4.23,0.0,24.444,False,True,True,0,0,0,0,True,
002060.SZ,002060,002060,广东建工,主板,深市,主板,801160.SI,公用事业,801161.SI,电力,电力,L,20060810,7356,20.14,3.06,1.325,15.625,False,True,True,0,0,0,0,True,
002061.SZ,002061,002061,浙江交科,主板,深市,主板,801720.SI,建筑装饰,801723.SI,基础建设,基础建设,L,20060816,7350,20.12,3.35,1.515,17.143,False,True,True,0,0,0,0,True,
002062.SZ,002062,002062,宏润建设,主板,深市,主板,801720.SI,建筑装饰,801723.SI,基础建设,基础建设,L,20060816,7350,20.12,9.05,1.004,21.839,False,True,True,0,0,0,0,True,
002063.SZ,002063,002063,远光软件,主板,深市,主板,801750.SI,计算机,801104.SI,软件开发,软件开发,L,20060823,7343,20.1,5.26,0.382,9.259,False,True,True,0,0,0,0,True,
002064.SZ,002064,002064,华峰化学,主板,深市,主板,801030.SI,基础化工,801032.SI,化学纤维,化学纤维,L,20060823,7343,20.1,9.65,2.66,17.593,False,True,True,0,0,0,0,True,
002065.SZ,002065,002065,东华软件,主板,深市,主板,801750.SI,计算机,801103.SI,IT服务Ⅱ,IT服务Ⅱ,L,20060823,7343,20.1,6.5,0.0,12.857,False,True,True,0,0,0,0,True,
002066.SZ,002066,002066,瑞泰科技,主板,深市,主板,801710.SI,建筑材料,801713.SI,装修建材,装修建材,L,20060823,7343,20.1,19.57,-0.153,11.321,False,True,True,0,0,0,0,True,
002067.SZ,002067,002067,景兴纸业,主板,深市,主板,801140.SI,轻工制造,801143.SI,造纸,造纸,L,20060915,7320,20.04,3.95,0.0,9.756,False,True,True,0,0,0,0,True,
002068.SZ,002068,002068,黑猫股份,主板,深市,主板,801030.SI,基础化工,801037.SI,橡胶,橡胶,L,20060915,7320,20.04,8.97,-1.429,10.204,False,True,True,0,0,0,0,True,
002069.SZ,002069,002069,獐子岛,主板,深市,主板,801010.SI,农林牧渔,801015.SI,渔业,渔业,L,20060928,7307,20.01,3.65,-0.273,16.667,False,True,True,0,0,0,0,True,
002072.SZ,002072,002072,凯瑞德,主板,深市,主板,801200.SI,商贸零售,801202.SI,贸易Ⅱ,贸易Ⅱ,L,20061018,7287,19.95,7.03,-1.816,24.658,False,True,True,0,0,0,0,True,
002073.SZ,002073,002073,软控股份,主板,深市,主板,801890.SI,机械设备,801074.SI,专用设备,专用设备,L,20061018,7287,19.95,5.68,0.709,6.897,False,True,True,0,0,0,0,True,
002074.SZ,002074,002074,国轩高科,主板,深市,主板,801730.SI,电力设备,801737.SI,电池,电池,L,20061018,7287,19.95,29.5,2.859,13.333,False,True,True,0,0,0,0,True,
002075.SZ,002075,002075,沙钢股份,主板,深市,主板,801040.SI,钢铁,801045.SI,特钢Ⅱ,特钢Ⅱ,L,20061025,7280,19.93,3.52,1.149,16.667,False,True,True,0,0,0,0,True,
002076.SZ,002076,002076,星光股份,主板,深市,主板,801110.SI,家用电器,801115.SI,照明设备Ⅱ,照明设备Ⅱ,L,20061025,7280,19.93,2.11,-0.472,9.524,False,True,True,0,0,0,2,True,
002077.SZ,002077,002077,大港股份,主板,深市,主板,801080.SI,电子,801081.SI,半导体,半导体,L,20061116,7258,19.87,13.68,-4.669,6.944,False,True,True,0,0,0,0,True,
002078.SZ,002078,002078,太阳纸业,主板,深市,主板,801140.SI,轻工制造,801143.SI,造纸,造纸,L,20061116,7258,19.87,13.7,1.107,15.603,False,True,True,0,0,0,0,True,
002079.SZ,002079,002079,苏州固锝,主板,深市,主板,801730.SI,电力设备,801737.SI,电池,电池,L,20061116,7258,19.87,8.43,-1.748,7.692,False,True,True,0,0,0,0,True,
002080.SZ,002080,002080,中材科技,主板,深市,主板,801710.SI,建筑材料,801712.SI,玻璃玻纤,玻璃玻纤,L,20061120,7254,19.86,54.15,-1.204,21.951,False,True,True,0,0,0,0,True,
002081.SZ,002081,002081,金螳螂,主板,深市,主板,801720.SI,建筑装饰,801722.SI,装修装饰Ⅱ,装修装饰Ⅱ,L,20061120,7254,19.86,4.77,-0.209,12.0,False,True,True,0,0,0,0,True,
002082.SZ,002082,002082,ST万邦,主板,深市,主板,801150.SI,医药生物,801155.SI,中药Ⅱ,中药Ⅱ,L,20061120,7254,19.86,12.97,1.249,32.143,True,True,True,0,0,0,0,False,ST
002083.SZ,002083,002083,孚日股份,主板,深市,主板,801130.SI,纺织服饰,801131.SI,纺织制造,纺织制造,L,20061124,7250,19.85,9.6,3.784,18.182,False,True,True,0,0,0,0,True,
002084.SZ,002084,002084,海鸥住工,主板,深市,主板,801140.SI,轻工制造,801142.SI,家居用品,家居用品,L,20061124,7250,19.85,5.74,-1.034,11.864,False,True,True,0,6,6,6,False,近60日停牌
002085.SZ,002085,002085,万丰奥威,主板,深市,主板,801880.SI,汽车,801093.SI,汽车零部件,汽车零部件,L,20061128,7246,19.84,9.32,1.525,12.0,False,True,True,0,0,0,0,True,
002086.SZ,002086,002086,东方海洋,主板,深市,主板,801150.SI,医药生物,801153.SI,医疗器械,医疗器械,L,20061128,7246,19.84,2.03,1.5,10.0,False,True,True,0,0,0,0,True,
002088.SZ,002088,002088,鲁阳节能,主板,深市,主板,801710.SI,建筑材料,801713.SI,装修建材,装修建材,L,20061130,7244,19.83,8.1,1.377,36.585,False,True,True,0,0,0,0,True,
002090.SZ,002090,002090,金智科技,主板,深市,主板,801730.SI,电力设备,801738.SI,电网设备,电网设备,L,20061208,7236,19.81,8.94,0.0,6.522,False,True,True,0,0,0,0,True,
002091.SZ,002091,002091,江苏国泰,主板,深市,主板,801200.SI,商贸零售,801202.SI,贸易Ⅱ,贸易Ⅱ,L,20061208,7236,19.81,7.57,1.474,18.182,False,True,True,0,0,0,0,True,
002092.SZ,002092,002092,中泰化学,主板,深市,主板,801030.SI,基础化工,801033.SI,化学原料,化学原料,L,20061208,7236,19.81,4.37,1.392,13.333,False,True,True,0,0,0,0,True,
002093.SZ,002093,002093,国脉科技,主板,深市,主板,801210.SI,社会服务,801994.SI,教育,教育,L,20061215,7229,19.79,7.76,-2.757,13.333,False,True,True,0,0,0,0,True,
002094.SZ,002094,002094,青岛金王,主板,深市,主板,801980.SI,美容护理,801982.SI,化妆品,化妆品,L,20061215,7229,19.79,4.94,-2.178,13.208,False,True,True,0,0,0,0,True,
002095.SZ,002095,002095,生意宝,主板,深市,主板,801760.SI,传媒,801767.SI,数字媒体,数字媒体,L,20061215,7229,19.79,15.19,-3.125,8.75,False,True,True,0,0,0,0,True,
002096.SZ,002096,002096,易普力,主板,深市,主板,801030.SI,基础化工,801034.SI,化学制品,化学制品,L,20061222,7222,19.77,9.11,1.788,41.667,False,True,True,0,0,0,0,True,
002097.SZ,002097,002097,山河智能,主板,深市,主板,801890.SI,机械设备,801077.SI,工程机械,工程机械,L,20061222,7222,19.77,6.8,0.295,8.333,False,True,True,0,0,0,0,True,
002098.SZ,002098,002098,浔兴股份,主板,深市,主板,801130.SI,纺织服饰,801131.SI,纺织制造,纺织制造,L,20061222,7222,19.77,8.21,-0.845,17.722,False,True,True,0,0,0,0,True,
002099.SZ,002099,002099,海翔药业,主板,深市,主板,801150.SI,医药生物,801151.SI,化学制药,化学制药,L,20061226,7218,19.76,6.15,2.5,14.545,False,True,True,0,0,0,0,True,
002100.SZ,002100,002100,天康生物,主板,深市,主板,801010.SI,农林牧渔,801014.SI,饲料,饲料,L,20061226,7218,19.76,7.87,0.0,14.286,False,True,True,0,0,0,0,True,
002101.SZ,002101,002101,广东鸿图,主板,深市,主板,801880.SI,汽车,801093.SI,汽车零部件,汽车零部件,L,20061229,7215,19.75,8.57,0.824,13.793,False,True,True,0,0,0,0,True,
002102.SZ,002102,002102,ST能特,主板,深市,主板,801150.SI,医药生物,801151.SI,化学制药,化学制药,L,20061229,7215,19.75,2.6,1.961,25.0,True,True,True,0,0,0,0,False,ST
002103.SZ,002103,002103,广博股份,主板,深市,主板,801140.SI,轻工制造,801145.SI,文娱用品,文娱用品,L,20070110,7203,19.72,6.68,-0.89,8.955,False,True,True,0,0,0,0,True,
002104.SZ,002104,002104,恒宝股份,主板,深市,主板,801770.SI,通信,801102.SI,通信设备,通信设备,L,20070110,7203,19.72,10.12,-0.394,15.044,False,True,True,0,0,0,0,True,
002105.SZ,002105,002105,信隆健康,主板,深市,主板,801880.SI,汽车,801881.SI,摩托车及其他,摩托车及其他,L,20070112,7201,19.72,6.05,-0.493,16.667,False,True,True,0,0,0,0,True,
002106.SZ,002106,002106,莱宝高科,主板,深市,主板,801080.SI,电子,801084.SI,光学光电子,光学光电子,L,20070112,7201,19.72,11.9,-1.327,20.0,False,True,True,0,0,0,0,True,
002107.SZ,002107,002107,沃华医药,主板,深市,主板,801150.SI,医药生物,801155.SI,中药Ⅱ,中药Ⅱ,L,20070124,7189,19.68,7.09,-0.141,8.696,False,True,True,0,0,0,0,True,
002108.SZ,002108,002108,沧州明珠,主板,深市,主板,801030.SI,基础化工,801036.SI,塑料,塑料,L,20070124,7189,19.68,4.26,0.235,9.091,False,True,True,0,0,0,0,True,
002109.SZ,002109,002109,ST兴化,主板,深市,主板,801030.SI,基础化工,801033.SI,化学原料,化学原料,L,20070126,7187,19.68,2.8,0.0,50.0,True,True,True,0,0,0,0,False,ST
002110.SZ,002110,002110,三钢闽光,主板,深市,主板,801040.SI,钢铁,801044.SI,普钢,普钢,L,20070126,7187,19.68,2.93,2.091,16.667,False,True,True,0,0,0,0,True,
002111.SZ,002111,002111,威海广泰,主板,深市,主板,801740.SI,国防军工,801742.SI,航空装备Ⅱ,航空装备Ⅱ,L,20070126,7187,19.68,9.05,0.0,8.511,False,True,True,0,0,0,0,True,
002112.SZ,002112,002112,三变科技,主板,深市,主板,801730.SI,电力设备,801738.SI,电网设备,电网设备,L,20070208,7174,19.64,13.75,-0.865,10.811,False,True,True,0,0,0,0,True,
002114.SZ,002114,002114,罗平锌电,主板,深市,主板,801050.SI,有色金属,801055.SI,工业金属,工业金属,L,20070215,7167,19.62,7.18,-0.416,9.589,False,True,True,0,0,0,0,True,
002115.SZ,002115,002115,三维通信,主板,深市,主板,801770.SI,通信,801223.SI,通信服务,通信服务,L,20070215,7167,19.62,9.25,-1.805,12.371,False,True,True,0,0,0,0,True,
002116.SZ,002116,002116,中国海诚,主板,深市,主板,801720.SI,建筑装饰,801724.SI,专业工程,专业工程,L,20070215,7167,19.62,7.2,0.699,20.548,False,True,True,0,0,0,0,True,
002117.SZ,002117,002117,东港股份,主板,深市,主板,801140.SI,轻工制造,801141.SI,包装印刷,包装印刷,L,20070302,7152,19.58,7.79,-0.511,10.0,False,True,True,0,0,0,0,True,
002119.SZ,002119,002119,康强电子,主板,深市,主板,801080.SI,电子,801081.SI,半导体,半导体,L,20070302,7152,19.58,25.8,-8.737,10.909,False,True,True,0,0,0,0,True,
002120.SZ,002120,002120,韵达股份,主板,深市,主板,801170.SI,交通运输,801178.SI,物流,物流,L,20070306,7148,19.57,6.82,0.294,4.545,False,True,True,0,0,0,0,True,
002121.SZ,002121,002121,科陆电子,主板,深市,主板,801730.SI,电力设备,801738.SI,电网设备,电网设备,L,20070306,7148,19.57,4.12,0.0,16.327,False,True,True,0,0,0,0,True,
002122.SZ,002122,002122,ST汇洲,主板,深市,主板,801890.SI,机械设备,801072.SI,通用设备,通用设备,L,20070328,7126,19.51,2.84,2.527,24.0,True,True,True,0,0,0,0,False,ST
002123.SZ,002123,002123,梦网科技,主板,深市,主板,801770.SI,通信,801223.SI,通信服务,通信服务,L,20070328,7126,19.51,7.54,-1.567,8.642,False,True,True,0,0,0,0,True,
002124.SZ,002124,002124,天邦食品,主板,深市,主板,801010.SI,农林牧渔,801017.SI,养殖业,养殖业,L,20070403,7120,19.49,1.98,-1.0,18.182,False,True,True,0,0,0,0,True,
002125.SZ,002125,002125,湘潭电化,主板,深市,主板,801730.SI,电力设备,801737.SI,电池,电池,L,20070403,7120,19.49,11.92,0.084,8.065,False,True,True,0,0,0,0,True,
002126.SZ,002126,002126,银轮股份,主板,深市,主板,801880.SI,汽车,801093.SI,汽车零部件,汽车零部件,L,20070418,7105,19.45,33.95,-0.731,14.925,False,True,True,0,0,0,0,True,
002127.SZ,002127,002127,南极电商,主板,深市,主板,801200.SI,商贸零售,801206.SI,互联网电商,互联网电商,L,20070418,7105,19.45,2.97,-0.336,13.333,False,True,True,0,0,0,0,True,
002128.SZ,002128,002128,电投能源,主板,深市,主板,801950.SI,煤炭,801951.SI,煤炭开采,煤炭开采,L,20070418,7105,19.45,27.9,-0.853,19.424,False,True,True,0,0,0,0,True,
002129.SZ,002129,002129,TCL中环,主板,深市,主板,801730.SI,电力设备,801735.SI,光伏设备,光伏设备,L,20070420,7103,19.45,9.2,0.988,8.696,False,True,True,0,0,0,0,True,
002130.SZ,002130,002130,沃尔核材,主板,深市,主板,801080.SI,电子,801082.SI,其他电子Ⅱ,其他电子Ⅱ,L,20070420,7103,19.45,15.71,0.319,7.018,False,True,True,0,0,0,0,True,
002131.SZ,002131,002131,利欧股份,主板,深市,主板,801890.SI,机械设备,801072.SI,通用设备,通用设备,L,20070427,7096,19.43,4.2,-1.177,11.111,False,True,True,0,0,0,0,True,
002132.SZ,002132,002132,恒星科技,主板,深市,主板,801890.SI,机械设备,801072.SI,通用设备,通用设备,L,20070427,7096,19.43,4.03,1.511,9.524,False,True,True,0,0,0,0,True,
002133.SZ,002133,002133,广宇集团,主板,深市,主板,801180.SI,房地产,801181.SI,房地产开发,房地产开发,L,20070427,7096,19.43,2.94,0.341,7.143,False,True,True,0,0,0,0,True,
002134.SZ,002134,002134,天津普林,主板,深市,主板,801080.SI,电子,801083.SI,元件,元件,L,20070516,7077,19.38,23.69,-5.843,11.719,False,True,True,0,0,0,0,True,
002135.SZ,002135,002135,东南网架,主板,深市,主板,801720.SI,建筑装饰,801724.SI,专业工程,专业工程,L,20070530,7063,19.34,5.93,-0.168,16.129,False,True,True,0,0,0,0,True,
002136.SZ,002136,002136,安纳达,主板,深市,主板,801030.SI,基础化工,801033.SI,化学原料,化学原料,L,20070530,7063,19.34,11.75,-0.085,8.333,False,True,True,0,0,0,0,True,
002137.SZ,002137,002137,实益达,主板,深市,主板,801080.SI,电子,801084.SI,光学光电子,光学光电子,L,20070613,7049,19.3,7.6,-3.797,9.756,False,True,True,0,0,0,0,True,
002138.SZ,002138,002138,顺络电子,主板,深市,主板,801080.SI,电子,801083.SI,元件,元件,L,20070613,7049,19.3,48.24,-1.309,13.71,False,True,True,0,0,0,0,True,
002139.SZ,002139,002139,拓邦股份,主板,深市,主板,801080.SI,电子,801085.SI,消费电子,消费电子,L,20070629,7033,19.26,9.57,-0.104,8.163,False,True,True,0,0,0,0,True,
002140.SZ,002140,002140,东华科技,主板,深市,主板,801720.SI,建筑装饰,801724.SI,专业工程,专业工程,L,20070712,7020,19.22,9.15,2.235,28.261,False,True,True,0,0,0,0,True,
002141.SZ,002141,002141,贤丰控股,主板,深市,主板,801010.SI,农林牧渔,801018.SI,动物保健Ⅱ,动物保健Ⅱ,L,20070720,7012,19.2,6.3,-4.255,12.308,False,True,True,0,0,0,0,True,
002142.SZ,002142,002142,宁波银行,主板,深市,主板,801780.SI,银行,801784.SI,城商行Ⅱ,城商行Ⅱ,L,20070719,7013,19.2,35.43,1.781,22.078,False,True,True,0,0,0,0,True,
002144.SZ,002144,002144,宏达高科,主板,深市,主板,801130.SI,纺织服饰,801131.SI,纺织制造,纺织制造,L,20070803,6998,19.16,11.03,-0.541,8.333,False,True,True,0,0,0,0,True,
002145.SZ,002145,002145,钛能化学,主板,深市,主板,801030.SI,基础化工,801033.SI,化学原料,化学原料,L,20070803,6998,19.16,4.59,-0.217,11.111,False,True,True,0,0,0,0,True,
002146.SZ,002146,002146,荣盛发展,主板,深市,主板,801180.SI,房地产,801181.SI,房地产开发,房地产开发,L,20070808,6993,19.15,1.31,1.55,8.333,False,True,True,0,0,0,0,True,
002148.SZ,002148,002148,北纬科技,主板,深市,主板,801770.SI,通信,801223.SI,通信服务,通信服务,L,20070810,6991,19.14,6.18,-1.278,4.687,False,True,True,0,0,0,0,True,
002149.SZ,002149,002149,西部材料,主板,深市,主板,801050.SI,有色金属,801054.SI,小金属,小金属,L,20070810,6991,19.14,31.0,-1.743,12.5,False,True,True,0,0,0,0,True,
002150.SZ,002150,002150,正泰电源,主板,深市,主板,801890.SI,机械设备,801072.SI,通用设备,通用设备,L,20070810,6991,19.14,19.56,-0.255,11.321,False,True,True,0,0,0,0,True,
002151.SZ,002151,002151,北斗星通,主板,深市,主板,801740.SI,国防军工,801745.SI,军工电子Ⅱ,军工电子Ⅱ,L,20070813,6988,19.13,27.82,-1.172,6.25,False,True,True,0,0,0,0,True,
002152.SZ,002152,002152,广电运通,主板,深市,主板,801750.SI,计算机,801101.SI,计算机设备,计算机设备,L,20070813,6988,19.13,8.95,0.112,18.182,False,True,True,0,0,0,0,True,
002153.SZ,002153,002153,石基信息,主板,深市,主板,801750.SI,计算机,801104.SI,软件开发,软件开发,L,20070813,6988,19.13,7.37,-0.405,15.0,False,True,True,0,0,0,0,True,
002154.SZ,002154,002154,报喜鸟,主板,深市,主板,801130.SI,纺织服饰,801132.SI,服装家纺,服装家纺,L,20070816,6985,19.12,3.85,0.785,7.5,False,True,True,0,0,0,0,True,
002155.SZ,002155,002155,湖南黄金,主板,深市,主板,801050.SI,有色金属,801053.SI,贵金属,贵金属,L,20070816,6985,19.12,23.2,0.52,15.385,False,True,True,0,6,6,6,False,近60日停牌
002156.SZ,002156,002156,通富微电,主板,深市,主板,801080.SI,电子,801081.SI,半导体,半导体,L,20070816,6985,19.12,56.9,-5.732,9.868,False,True,True,0,0,0,0,True,
002157.SZ,002157,002157,正邦科技,主板,深市,主板,801010.SI,农林牧渔,801017.SI,养殖业,养殖业,L,20070817,6984,19.12,2.92,0.0,13.333,False,True,True,0,0,0,0,True,
002158.SZ,002158,002158,汉钟精机,主板,深市,主板,801890.SI,机械设备,801072.SI,通用设备,通用设备,L,20070817,6984,19.12,24.31,-2.134,10.989,False,True,True,0,0,0,0,True,
002159.SZ,002159,002159,三特索道,主板,深市,主板,801210.SI,社会服务,801993.SI,旅游及景区,旅游及景区,L,20070817,6984,19.12,13.31,0.15,7.463,False,True,True,0,0,0,0,True,
002160.SZ,002160,002160,常铝股份,主板,深市,主板,801050.SI,有色金属,801055.SI,工业金属,工业金属,L,20070821,6980,19.11,3.88,-0.513,12.821,False,True,True,0,0,0,6,True,
002161.SZ,002161,002161,远望谷,主板,深市,主板,801080.SI,电子,801082.SI,其他电子Ⅱ,其他电子Ⅱ,L,20070821,6980,19.11,6.36,-1.242,13.235,False,True,True,0,0,0,0,True,
002162.SZ,002162,002162,悦心健康,主板,深市,主板,801140.SI,轻工制造,801142.SI,家居用品,家居用品,L,20070823,6978,19.1,4.19,0.239,12.195,False,True,True,0,0,0,0,True,
002163.SZ,002163,002163,海南发展,主板,深市,主板,801720.SI,建筑装饰,801722.SI,装修装饰Ⅱ,装修装饰Ⅱ,L,20070823,6978,19.1,7.51,0.267,17.5,False,True,True,0,0,0,0,True,
002164.SZ,002164,002164,宁波东力,主板,深市,主板,801890.SI,机械设备,801072.SI,通用设备,通用设备,L,20070823,6978,19.1,13.26,10.041,12.903,False,True,True,0,0,0,0,True,
002165.SZ,002165,002165,红宝丽,主板,深市,主板,801030.SI,基础化工,801034.SI,化学制品,化学制品,L,20070913,6957,19.05,6.8,0.443,11.268,False,True,True,0,0,0,0,True,
002166.SZ,002166,002166,莱茵生物,主板,深市,主板,801030.SI,基础化工,801034.SI,化学制品,化学制品,L,20070913,6957,19.05,6.8,2.102,8.824,False,True,True,0,0,0,0,True,
002167.SZ,002167,002167,东方锆业,主板,深市,主板,801050.SI,有色金属,801054.SI,小金属,小金属,L,20070913,6957,19.05,15.04,-3.528,7.5,False,True,True,0,0,0,0,True,
002168.SZ,002168,002168,ST惠程,主板,深市,主板,801730.SI,电力设备,801738.SI,电网设备,电网设备,L,20070919,6951,19.03,3.56,-0.28,15.789,True,True,True,0,0,0,0,False,ST
002169.SZ,002169,002169,智光电气,主板,深市,主板,801730.SI,电力设备,801738.SI,电网设备,电网设备,L,20070919,6951,19.03,12.43,2.473,16.923,False,True,True,0,0,0,0,True,
002170.SZ,002170,002170,芭田股份,主板,深市,主板,801030.SI,基础化工,801038.SI,农化制品,农化制品,L,20070919,6951,19.03,10.57,0.475,8.108,False,True,True,0,0,0,0,True,
002171.SZ,002171,002171,楚江新材,主板,深市,主板,801050.SI,有色金属,801055.SI,工业金属,工业金属,L,20070921,6949,19.03,9.81,1.764,12.15,False,True,True,0,0,0,0,True,
002172.SZ,002172,002172,澳洋健康,主板,深市,主板,801150.SI,医药生物,801156.SI,医疗服务,医疗服务,L,20070921,6949,19.03,5.43,-1.093,7.407,False,True,True,0,0,0,0,True,
002173.SZ,002173,002173,创新医疗,主板,深市,主板,801150.SI,医药生物,801156.SI,医疗服务,医疗服务,L,20070925,6945,19.01,17.26,1.054,7.735,False,True,True,0,0,0,0,True,
002174.SZ,002174,002174,游族网络,主板,深市,主板,801760.SI,传媒,801764.SI,游戏Ⅱ,游戏Ⅱ,L,20070925,6945,19.01,13.19,-1.567,14.815,False,True,True,0,0,0,0,True,
002175.SZ,002175,002175,*ST东智,主板,深市,主板,801890.SI,机械设备,801072.SI,通用设备,通用设备,L,20071012,6928,18.97,2.48,0.0,8.333,True,True,True,0,0,0,6,False,ST
002176.SZ,002176,002176,江特电机,主板,深市,主板,801730.SI,电力设备,801731.SI,电机Ⅱ,电机Ⅱ,L,20071012,6928,18.97,8.61,5.0,9.091,False,True,True,0,0,0,0,True,
002177.SZ,002177,002177,御银股份,主板,深市,主板,801750.SI,计算机,801101.SI,计算机设备,计算机设备,L,20071101,6908,18.91,5.43,-1.093,10.345,False,True,True,0,0,0,0,True,
002178.SZ,002178,002178,延华智能,主板,深市,主板,801750.SI,计算机,801104.SI,软件开发,软件开发,L,20071101,6908,18.91,4.85,-2.806,12.0,False,True,True,0,0,0,0,True,
002179.SZ,002179,002179,中航光电,主板,深市,主板,801740.SI,国防军工,801745.SI,军工电子Ⅱ,军工电子Ⅱ,L,20071101,6908,18.91,33.33,1.307,20.0,False,True,True,0,0,0,0,True,
002180.SZ,002180,002180,奔图科技,主板,深市,主板,801750.SI,计算机,801101.SI,计算机设备,计算机设备,L,20071113,6896,18.88,16.14,-0.738,13.953,False,True,True,0,0,0,0,True,
002181.SZ,002181,002181,粤传媒,主板,深市,主板,801760.SI,传媒,801769.SI,出版,出版,L,20071116,6893,18.87,8.8,-2.222,9.677,False,True,True,0,0,0,0,True,
002182.SZ,002182,002182,宝武镁业,主板,深市,主板,801050.SI,有色金属,801054.SI,小金属,小金属,L,20071113,6896,18.88,11.0,-0.362,13.333,False,True,True,0,0,0,0,True,
002183.SZ,002183,002183,怡亚通,主板,深市,主板,801200.SI,商贸零售,801202.SI,贸易Ⅱ,贸易Ⅱ,L,20071113,6896,18.88,4.18,0.723,13.636,False,True,True,0,0,0,0,True,
002184.SZ,002184,002184,海得控制,主板,深市,主板,801890.SI,机械设备,801078.SI,自动化设备,自动化设备,L,20071116,6893,18.87,9.8,-1.409,6.061,False,True,True,0,0,0,0,True,
002185.SZ,002185,002185,华天科技,主板,深市,主板,801080.SI,电子,801081.SI,半导体,半导体,L,20071120,6889,18.86,16.46,-3.29,10.795,False,True,True,0,0,0,0,True,
002186.SZ,002186,002186,全聚德,主板,深市,主板,801210.SI,社会服务,801219.SI,酒店餐饮,酒店餐饮,L,20071120,6889,18.86,9.61,2.891,10.638,False,True,True,0,0,0,0,True,
002187.SZ,002187,002187,广百股份,主板,深市,主板,801200.SI,商贸零售,801203.SI,一般零售,一般零售,L,20071122,6887,18.86,5.51,0.916,14.545,False,True,True,0,0,0,0,True,
002188.SZ,002188,002188,中天服务,主板,深市,主板,801180.SI,房地产,801183.SI,房地产服务,房地产服务,L,20071122,6887,18.86,6.4,9.966,18.182,False,True,True,0,0,0,0,True,
002189.SZ,002189,002189,中光学,主板,深市,主板,801740.SI,国防军工,801745.SI,军工电子Ⅱ,军工电子Ⅱ,L,20071203,6876,18.83,19.21,0.84,12.5,False,True,True,0,0,0,0,True,
002190.SZ,002190,002190,成飞集成,主板,深市,主板,801880.SI,汽车,801093.SI,汽车零部件,汽车零部件,L,20071203,6876,18.83,22.94,0.087,12.698,False,True,True,0,0,0,0,True,
002191.SZ,002191,002191,劲嘉股份,主板,深市,主板,801140.SI,轻工制造,801141.SI,包装印刷,包装印刷,L,20071205,6874,18.82,3.5,0.0,8.108,False,True,True,0,0,0,0,True,
002192.SZ,002192,002192,融捷股份,主板,深市,主板,801050.SI,有色金属,801056.SI,能源金属,能源金属,L,20071205,6874,18.82,56.4,-1.0,21.875,False,True,True,0,0,0,0,True,
002193.SZ,002193,002193,ST如意,主板,深市,主板,801130.SI,纺织服饰,801132.SI,服装家纺,服装家纺,L,20071207,6872,18.81,4.53,-0.44,27.66,True,True,True,0,0,0,0,False,ST
002194.SZ,002194,002194,武汉凡谷,主板,深市,主板,801770.SI,通信,801102.SI,通信设备,通信设备,L,20071207,6872,18.81,9.69,-2.906,10.092,False,True,True,0,0,0,0,True,
002195.SZ,002195,002195,岩山科技,主板,深市,主板,801750.SI,计算机,801103.SI,IT服务Ⅱ,IT服务Ⅱ,L,20071212,6867,18.8,5.92,-0.504,14.286,False,True,True,0,0,0,0,True,
002196.SZ,002196,002196,方正电机,主板,深市,主板,801730.SI,电力设备,801731.SI,电机Ⅱ,电机Ⅱ,L,20071212,6867,18.8,10.1,-0.591,8.738,False,True,True,0,0,0,0,True,
002197.SZ,002197,002197,证通电子,主板,深市,主板,801750.SI,计算机,801101.SI,计算机设备,计算机设备,L,20071218,6861,18.78,6.35,-2.308,8.955,False,True,True,0,0,0,0,True,
002198.SZ,002198,002198,ST嘉应,主板,深市,主板,801150.SI,医药生物,801155.SI,中药Ⅱ,中药Ⅱ,L,20071218,6861,18.78,3.58,-0.279,20.0,True,True,True,0,0,0,0,False,ST
002199.SZ,002199,002199,东晶电子,主板,深市,主板,801080.SI,电子,801083.SI,元件,元件,L,20071221,6858,18.78,11.12,-3.388,11.2,False,True,True,0,0,2,2,False,近60日停牌
002200.SZ,002200,002200,交投生态,主板,深市,主板,801720.SI,建筑装饰,801723.SI,基础建设,基础建设,L,20071221,6858,18.78,6.86,0.587,6.25,False,True,True,0,0,0,2,True,
002201.SZ,002201,002201,九鼎新材,主板,深市,主板,801710.SI,建筑材料,801712.SI,玻璃玻纤,玻璃玻纤,L,20071226,6853,18.76,9.1,-2.151,13.462,False,True,True,0,0,0,0,True,
002202.SZ,002202,002202,金风科技,主板,深市,主板,801730.SI,电力设备,801736.SI,风电设备,风电设备,L,20071226,6853,18.76,17.22,0.761,13.115,False,True,True,0,0,0,0,True,
002203.SZ,002203,002203,海亮股份,主板,深市,主板,801050.SI,有色金属,801055.SI,工业金属,工业金属,L,20080116,6832,18.7,17.32,-0.915,21.875,False,True,True,0,0,0,0,True,
002204.SZ,002204,002204,大连重工,主板,深市,主板,801890.SI,机械设备,801074.SI,专用设备,专用设备,L,20080116,6832,18.7,5.33,1.139,9.091,False,True,True,0,0,0,0,True,
002205.SZ,002205,002205,国统股份,主板,深市,主板,801710.SI,建筑材料,801711.SI,水泥,水泥,L,20080123,6825,18.69,12.16,-4.702,16.807,False,True,True,0,0,0,0,True,
002206.SZ,002206,002206,海利得,主板,深市,主板,801030.SI,基础化工,801032.SI,化学纤维,化学纤维,L,20080123,6825,18.69,4.87,0.412,11.321,False,True,True,0,0,0,0,True,
002207.SZ,002207,002207,*ST准油,主板,深市,主板,801960.SI,石油石化,801962.SI,油服工程,油服工程,L,20080128,6820,18.67,5.33,-1.296,10.526,True,True,True,0,0,0,0,False,ST
002208.SZ,002208,002208,合肥城建,主板,深市,主板,801180.SI,房地产,801181.SI,房地产开发,房地产开发,L,20080128,6820,18.67,9.89,-1.69,11.765,False,True,True,0,0,0,0,True,
002209.SZ,002209,002209,达意隆,主板,深市,主板,801890.SI,机械设备,801074.SI,专用设备,专用设备,L,20080130,6818,18.67,13.18,-1.568,6.061,False,True,True,0,0,0,0,True,
002210.SZ,002210,002210,飞马国际,主板,深市,主板,801970.SI,环保,801971.SI,环境治理,环境治理,L,20080130,6818,18.67,2.08,0.0,9.091,False,True,True,0,0,0,0,True,
002211.SZ,002211,002211,ST宏达,主板,深市,主板,801030.SI,基础化工,801034.SI,化学制品,化学制品,L,20080201,6816,18.66,3.74,0.0,7.895,True,True,True,0,0,0,0,False,ST
002212.SZ,002212,002212,天融信,主板,深市,主板,801750.SI,计算机,801104.SI,软件开发,软件开发,L,20080201,6816,18.66,7.21,-2.304,4.167,False,True,True,0,0,0,0,True,
002213.SZ,002213,002213,大为股份,主板,深市,主板,801080.SI,电子,801081.SI,半导体,半导体,L,20080201,6816,18.66,26.7,-4.06,6.207,False,True,True,0,0,0,0,True,
002214.SZ,002214,002214,大立科技,主板,深市,主板,801740.SI,国防军工,801745.SI,军工电子Ⅱ,军工电子Ⅱ,L,20080218,6799,18.61,17.65,-0.731,24.691,False,True,True,0,1,2,2,False,近60日停牌
002215.SZ,002215,002215,诺普信,主板,深市,主板,801010.SI,农林牧渔,801016.SI,种植业,种植业,L,20080218,6799,18.61,9.31,0.54,12.5,False,True,True,0,0,0,0,True,
002216.SZ,002216,002216,三全食品,主板,深市,主板,801120.SI,食品饮料,801124.SI,食品加工,食品加工,L,20080220,6797,18.61,11.5,1.5,12.195,False,True,True,0,0,0,0,True,
002217.SZ,002217,002217,ST合力泰,主板,深市,主板,801080.SI,电子,801084.SI,光学光电子,光学光电子,L,20080220,6797,18.61,1.53,0.658,13.333,True,True,True,0,0,0,2,False,ST
002218.SZ,002218,002218,拓日新能,主板,深市,主板,801160.SI,公用事业,801161.SI,电力,电力,L,20080228,6789,18.59,3.83,2.133,12.195,False,True,True,0,0,0,0,True,
002219.SZ,002219,002219,新里程,主板,深市,主板,801150.SI,医药生物,801156.SI,医疗服务,医疗服务,L,20080306,6782,18.57,2.1,0.962,9.524,False,True,True,0,0,0,0,True,
002221.SZ,002221,002221,东华能源,主板,深市,主板,801960.SI,石油石化,801963.SI,炼化及贸易,炼化及贸易,L,20080306,6782,18.57,5.61,0.538,10.714,False,True,True,0,0,0,0,True,
002222.SZ,002222,002222,福晶科技,主板,深市,主板,801080.SI,电子,801084.SI,光学光电子,光学光电子,L,20080319,6769,18.53,60.64,-2.43,10.714,False,True,True,0,0,0,0,True,
002223.SZ,002223,002223,鱼跃医疗,主板,深市,主板,801150.SI,医药生物,801153.SI,医疗器械,医疗器械,L,20080418,6739,18.45,26.27,2.337,7.692,False,True,True,0,0,0,0,True,
002224.SZ,002224,002224,三力士,主板,深市,主板,801030.SI,基础化工,801037.SI,橡胶,橡胶,L,20080425,6732,18.43,3.77,1.617,13.158,False,True,True,0,0,0,0,True,
002225.SZ,002225,002225,濮耐股份,主板,深市,主板,801710.SI,建筑材料,801713.SI,装修建材,装修建材,L,20080425,6732,18.43,3.42,0.293,8.333,False,True,True,0,0,0,0,True,
002226.SZ,002226,002226,江南化工,主板,深市,主板,801030.SI,基础化工,801034.SI,化学制品,化学制品,L,20080506,6721,18.4,5.34,10.103,15.686,False,True,True,0,0,0,0,True,
002227.SZ,002227,002227,*ST特迅,主板,深市,主板,801730.SI,电力设备,801733.SI,其他电源设备Ⅱ,其他电源设备Ⅱ,L,20080506,6721,18.4,6.43,0.312,20.635,True,True,True,0,0,0,0,False,ST
002228.SZ,002228,002228,合兴包装,主板,深市,主板,801140.SI,轻工制造,801141.SI,包装印刷,包装印刷,L,20080508,6719,18.4,3.23,0.0,6.452,False,True,True,0,0,0,0,True,
002229.SZ,002229,002229,鸿博股份,主板,深市,主板,801140.SI,轻工制造,801141.SI,包装印刷,包装印刷,L,20080508,6719,18.4,10.05,-1.567,15.455,False,True,True,0,0,0,0,True,
002230.SZ,002230,002230,科大讯飞,主板,深市,主板,801750.SI,计算机,801104.SI,软件开发,软件开发,L,20080512,6715,18.38,37.22,0.054,11.765,False,True,True,0,0,0,0,True,
002232.SZ,002232,002232,启明信息,主板,深市,主板,801750.SI,计算机,801103.SI,IT服务Ⅱ,IT服务Ⅱ,L,20080509,6718,18.39,16.48,-3.907,15.287,False,True,True,0,0,0,0,True,
002233.SZ,002233,002233,塔牌集团,主板,深市,主板,801710.SI,建筑材料,801711.SI,水泥,水泥,L,20080516,6711,18.37,6.86,2.695,21.127,False,True,True,0,0,0,0,True,
002234.SZ,002234,002234,民和股份,主板,深市,主板,801010.SI,农林牧渔,801017.SI,养殖业,养殖业,L,20080516,6711,18.37,7.92,-0.126,10.256,False,True,True,0,0,0,0,True,
002235.SZ,002235,002235,安妮股份,主板,深市,主板,801140.SI,轻工制造,801143.SI,造纸,造纸,L,20080516,6711,18.37,7.53,-1.697,13.415,False,True,True,0,0,0,0,True,
002236.SZ,002236,002236,大华股份,主板,深市,主板,801750.SI,计算机,801101.SI,计算机设备,计算机设备,L,20080520,6707,18.36,15.32,0.591,5.66,False,True,True,0,0,0,0,True,
002237.SZ,002237,002237,恒邦股份,主板,深市,主板,801050.SI,有色金属,801053.SI,贵金属,贵金属,L,20080520,6707,18.36,12.47,0.972,15.493,False,True,True,0,0,0,0,True,
002238.SZ,002238,002238,天威视讯,主板,深市,主板,801760.SI,传媒,801995.SI,电视广播Ⅱ,电视广播Ⅱ,L,20080526,6701,18.35,7.08,-5.851,29.167,False,True,True,0,0,0,0,True,
002239.SZ,002239,002239,奥特佳,主板,深市,主板,801880.SI,汽车,801093.SI,汽车零部件,汽车零部件,L,20080522,6705,18.36,2.48,0.813,8.0,False,True,True,0,0,0,0,True,
002240.SZ,002240,002240,盛新锂能,主板,深市,主板,801050.SI,有色金属,801056.SI,能源金属,能源金属,L,20080523,6704,18.35,25.01,-0.16,23.611,False,True,True,0,0,0,0,True,
002241.SZ,002241,002241,歌尔股份,主板,深市,主板,801080.SI,电子,801085.SI,消费电子,消费电子,L,20080522,6705,18.36,22.79,-0.913,10.256,False,True,True,0,0,0,0,True,
002242.SZ,002242,002242,九阳股份,主板,深市,主板,801110.SI,家用电器,801113.SI,小家电,小家电,L,20080528,6699,18.34,12.5,10.035,27.66,False,True,True,0,0,0,0,True,
002243.SZ,002243,002243,力合科创,主板,深市,主板,801210.SI,社会服务,801218.SI,专业服务,专业服务,L,20080528,6699,18.34,6.95,0.144,13.889,False,True,True,0,0,0,0,True,
002244.SZ,002244,002244,滨江集团,主板,深市,主板,801180.SI,房地产,801181.SI,房地产开发,房地产开发,L,20080529,6698,18.34,10.14,7.188,14.773,False,True,True,0,0,0,0,True,
002245.SZ,002245,002245,蔚蓝锂芯,主板,深市,主板,801730.SI,电力设备,801737.SI,电池,电池,L,20080605,6691,18.32,16.16,-0.247,9.714,False,True,True,0,0,0,0,True,
002246.SZ,002246,002246,北化股份,主板,深市,主板,801030.SI,基础化工,801034.SI,化学制品,化学制品,L,20080605,6691,18.32,25.41,1.356,20.635,False,True,True,0,0,0,0,True,
002247.SZ,002247,002247,聚力文化,主板,深市,主板,801710.SI,建筑材料,801713.SI,装修建材,装修建材,L,20080612,6684,18.3,2.48,0.0,8.333,False,True,True,0,0,0,0,True,
002248.SZ,002248,002248,华东数控,主板,深市,主板,801890.SI,机械设备,801072.SI,通用设备,通用设备,L,20080612,6684,18.3,9.16,-1.927,5.208,False,True,True,0,0,0,0,True,
002249.SZ,002249,002249,大洋电机,主板,深市,主板,801730.SI,电力设备,801731.SI,电机Ⅱ,电机Ⅱ,L,20080619,6677,18.28,6.41,0.156,14.925,False,True,True,0,0,0,0,True,
002250.SZ,002250,002250,联化科技,主板,深市,主板,801030.SI,基础化工,801038.SI,农化制品,农化制品,L,20080619,6677,18.28,14.24,2.299,13.158,False,True,True,0,0,0,0,True,
002251.SZ,002251,002251,步步高,主板,深市,主板,801200.SI,商贸零售,801203.SI,一般零售,一般零售,L,20080619,6677,18.28,3.45,1.77,11.111,False,True,True,0,0,0,0,True,
002252.SZ,002252,002252,上海莱士,主板,深市,主板,801150.SI,医药生物,801152.SI,生物制品,生物制品,L,20080623,6673,18.27,5.32,2.901,23.529,False,True,True,0,0,0,0,True,
002253.SZ,002253,002253,川大智胜,主板,深市,主板,801750.SI,计算机,801104.SI,软件开发,软件开发,L,20080623,6673,18.27,8.8,2.804,16.304,False,True,True,0,0,0,2,True,
002254.SZ,002254,002254,泰和新材,主板,深市,主板,801030.SI,基础化工,801032.SI,化学纤维,化学纤维,L,20080625,6671,18.26,11.35,-1.901,11.29,False,True,True,0,0,0,0,True,
002255.SZ,002255,002255,海陆重工,主板,深市,主板,801730.SI,电力设备,801733.SI,其他电源设备Ⅱ,其他电源设备Ⅱ,L,20080625,6671,18.26,7.26,0.0,14.474,False,True,True,0,0,0,0,True,
002256.SZ,002256,002256,兆新股份,主板,深市,主板,801160.SI,公用事业,801161.SI,电力,电力,L,20080625,6671,18.26,3.12,-0.32,9.091,False,True,True,0,0,0,0,True,
002258.SZ,002258,002258,利尔化学,主板,深市,主板,801030.SI,基础化工,801038.SI,农化制品,农化制品,L,20080708,6658,18.23,13.88,0.361,8.108,False,True,True,0,0,0,0,True,
002259.SZ,002259,002259,升达林业,主板,深市,主板,801160.SI,公用事业,801163.SI,燃气Ⅱ,燃气Ⅱ,L,20080716,6650,18.21,5.01,2.454,19.149,False,True,True,0,0,0,0,True,
002261.SZ,002261,002261,拓维信息,主板,深市,主板,801750.SI,计算机,801104.SI,软件开发,软件开发,L,20080723,6643,18.19,23.72,-1.495,9.836,False,True,True,0,0,0,0,True,
002262.SZ,002262,002262,恩华药业,主板,深市,主板,801150.SI,医药生物,801151.SI,化学制药,化学制药,L,20080723,6643,18.19,22.73,5.721,10.959,False,True,True,0,0,0,0,True,
002263.SZ,002263,002263,大东南,主板,深市,主板,801030.SI,基础化工,801036.SI,塑料,塑料,L,20080728,6638,18.17,3.19,-0.623,6.452,False,True,True,0,0,0,0,True,
002264.SZ,002264,002264,新华都,主板,深市,主板,801760.SI,传媒,801765.SI,广告营销,广告营销,L,20080731,6635,18.17,7.4,-2.246,6.667,False,True,True,0,0,0,0,True,
002265.SZ,002265,002265,建设工业,主板,深市,主板,801880.SI,汽车,801093.SI,汽车零部件,汽车零部件,L,20080806,6629,18.15,18.92,0.106,14.0,False,True,True,0,0,0,0,True,
002266.SZ,002266,002266,浙富控股,主板,深市,主板,801970.SI,环保,801971.SI,环境治理,环境治理,L,20080806,6629,18.15,4.63,1.982,10.204,False,True,True,0,0,0,0,True,
002267.SZ,002267,002267,陕天然气,主板,深市,主板,801160.SI,公用事业,801163.SI,燃气Ⅱ,燃气Ⅱ,L,20080813,6622,18.13,7.21,0.839,9.589,False,True,True,0,0,0,0,True,
002268.SZ,002268,002268,电科网安,主板,深市,主板,801750.SI,计算机,801101.SI,计算机设备,计算机设备,L,20080811,6624,18.14,14.86,-1.459,8.333,False,True,True,0,0,0,0,True,
002269.SZ,002269,002269,美邦服饰,主板,深市,主板,801130.SI,纺织服饰,801132.SI,服装家纺,服装家纺,L,20080828,6607,18.09,1.39,1.46,14.286,False,True,True,0,0,0,0,True,
002270.SZ,002270,002270,华明装备,主板,深市,主板,801730.SI,电力设备,801738.SI,电网设备,电网设备,L,20080905,6599,18.07,17.04,0.117,13.402,False,True,True,0,0,0,0,True,
002271.SZ,002271,002271,东方雨虹,主板,深市,主板,801710.SI,建筑材料,801713.SI,装修建材,装修建材,L,20080910,6594,18.05,10.61,1.726,14.815,False,True,True,0,0,0,0,True,
002272.SZ,002272,002272,川润股份,主板,深市,主板,801890.SI,机械设备,801072.SI,通用设备,通用设备,L,20080919,6585,18.03,13.99,-1.687,15.152,False,True,True,0,0,0,0,True,
002273.SZ,002273,002273,水晶光电,主板,深市,主板,801080.SI,电子,801084.SI,光学光电子,光学光电子,L,20080919,6585,18.03,24.4,3.786,9.375,False,True,True,0,0,0,0,True,
002274.SZ,002274,002274,华昌化工,主板,深市,主板,801030.SI,基础化工,801033.SI,化学原料,化学原料,L,20080925,6579,18.01,5.81,-0.343,13.115,False,True,True,1,6,6,6,False,近60日停牌
002275.SZ,002275,002275,桂林三金,主板,深市,主板,801150.SI,医药生物,801155.SI,中药Ⅱ,中药Ⅱ,L,20090710,6291,17.22,12.22,1.243,16.418,False,True,True,0,0,0,0,True,
002276.SZ,002276,002276,万马股份,主板,深市,主板,801730.SI,电力设备,801738.SI,电网设备,电网设备,L,20090710,6291,17.22,9.86,1.232,8.0,False,True,True,0,0,0,0,True,
002277.SZ,002277,002277,友阿股份,主板,深市,主板,801200.SI,商贸零售,801203.SI,一般零售,一般零售,L,20090717,6284,17.2,4.81,-0.825,18.644,False,True,True,0,0,0,0,True,
002278.SZ,002278,002278,神开股份,主板,深市,主板,801890.SI,机械设备,801074.SI,专用设备,专用设备,L,20090811,6259,17.14,7.97,-4.207,6.173,False,True,True,0,0,0,0,True,
002279.SZ,002279,002279,久其软件,主板,深市,主板,801750.SI,计算机,801104.SI,软件开发,软件开发,L,20090811,6259,17.14,6.54,-1.949,7.246,False,True,True,0,0,0,0,True,
002281.SZ,002281,002281,光迅科技,主板,深市,主板,801770.SI,通信,801102.SI,通信设备,通信设备,L,20090821,6249,17.11,164.88,-1.21,14.159,False,True,True,0,0,0,0,True,
002282.SZ,002282,002282,博深股份,主板,深市,主板,801890.SI,机械设备,801072.SI,通用设备,通用设备,L,20090821,6249,17.11,6.06,-0.493,13.333,False,True,True,0,0,0,0,True,
002283.SZ,002283,002283,天润工业,主板,深市,主板,801880.SI,汽车,801093.SI,汽车零部件,汽车零部件,L,20090821,6249,17.11,7.52,0.94,17.073,False,True,True,0,0,0,0,True,
002284.SZ,002284,002284,亚太股份,主板,深市,主板,801880.SI,汽车,801093.SI,汽车零部件,汽车零部件,L,20090828,6242,17.09,9.29,0.432,10.204,False,True,True,0,0,0,0,True,
002285.SZ,002285,002285,世联行,主板,深市,主板,801180.SI,房地产,801183.SI,房地产服务,房地产服务,L,20090828,6242,17.09,3.02,-5.919,18.75,False,True,True,0,0,0,0,True,
002286.SZ,002286,002286,保龄宝,主板,深市,主板,801010.SI,农林牧渔,801012.SI,农产品加工,农产品加工,L,20090828,6242,17.09,8.32,0.971,11.905,False,True,True,0,0,0,0,True,
002287.SZ,002287,002287,奇正藏药,主板,深市,主板,801150.SI,医药生物,801155.SI,中药Ⅱ,中药Ⅱ,L,20090828,6242,17.09,19.38,1.36,25.714,False,True,True,0,0,0,0,True,
002289.SZ,002289,002289,宇顺电子,主板,深市,主板,801080.SI,电子,801084.SI,光学光电子,光学光电子,L,20090903,6236,17.07,33.2,-1.132,20.652,False,True,True,0,0,0,2,True,
002290.SZ,002290,002290,禾盛新材,主板,深市,主板,801110.SI,家用电器,801116.SI,家电零部件Ⅱ,家电零部件Ⅱ,L,20090903,6236,17.07,68.08,-2.604,19.048,False,True,True,0,0,0,0,True,
002291.SZ,002291,002291,遥望科技,主板,深市,主板,801760.SI,传媒,801765.SI,广告营销,广告营销,L,20090903,6236,17.07,5.48,-1.968,7.143,False,True,True,0,0,0,0,True,
002292.SZ,002292,002292,奥飞娱乐,主板,深市,主板,801760.SI,传媒,801766.SI,影视院线,影视院线,L,20090910,6229,17.05,8.47,-1.051,6.977,False,True,True,0,0,0,0,True,
002293.SZ,002293,002293,罗莱生活,主板,深市,主板,801130.SI,纺织服饰,801132.SI,服装家纺,服装家纺,L,20090910,6229,17.05,10.68,0.85,14.953,False,True,True,0,0,0,0,True,
002294.SZ,002294,002294,信立泰,主板,深市,主板,801150.SI,医药生物,801151.SI,化学制药,化学制药,L,20090910,6229,17.05,30.66,2.371,14.894,False,True,True,0,0,0,0,True,
002295.SZ,002295,002295,精艺股份,主板,深市,主板,801050.SI,有色金属,801055.SI,工业金属,工业金属,L,20090929,6210,17.0,9.77,-0.913,9.091,False,True,True,0,0,0,0,True,
002296.SZ,002296,002296,辉煌科技,主板,深市,主板,801770.SI,通信,801102.SI,通信设备,通信设备,L,20090929,6210,17.0,9.42,-1.67,6.452,False,True,True,0,0,0,0,True,
002297.SZ,002297,002297,博云新材,主板,深市,主板,801740.SI,国防军工,801742.SI,航空装备Ⅱ,航空装备Ⅱ,L,20090929,6210,17.0,19.7,-2.233,10.945,False,True,True,0,0,0,0,True,
002298.SZ,002298,002298,中电鑫龙,主板,深市,主板,801750.SI,计算机,801104.SI,软件开发,软件开发,L,20090929,6210,17.0,8.76,-3.097,6.897,False,True,True,0,0,0,0,True,
002299.SZ,002299,002299,圣农发展,主板,深市,主板,801010.SI,农林牧渔,801017.SI,养殖业,养殖业,L,20091021,6188,16.94,15.6,0.58,11.111,False,True,True,0,0,0,0,True,
002300.SZ,002300,002300,太阳电缆,主板,深市,主板,801730.SI,电力设备,801738.SI,电网设备,电网设备,L,20091021,6188,16.94,7.68,-1.158,10.0,False,True,True,0,0,0,0,True,
002301.SZ,002301,002301,齐心集团,主板,深市,主板,801140.SI,轻工制造,801145.SI,文娱用品,文娱用品,L,20091021,6188,16.94,8.56,-2.948,16.867,False,True,True,0,0,0,0,True,
002302.SZ,002302,002302,西部建设,主板,深市,主板,801710.SI,建筑材料,801711.SI,水泥,水泥,L,20091103,6175,16.91,4.72,0.64,29.167,False,True,True,0,0,0,0,True,
002303.SZ,002303,002303,美盈森,主板,深市,主板,801140.SI,轻工制造,801141.SI,包装印刷,包装印刷,L,20091103,6175,16.91,6.8,1.492,13.846,False,True,True,0,0,0,0,True,
002304.SZ,002304,002304,洋河股份,主板,深市,主板,801120.SI,食品饮料,801125.SI,白酒Ⅱ,白酒Ⅱ,L,20091106,6172,16.9,37.25,0.949,80.0,False,True,True,0,0,0,0,True,
002305.SZ,002305,002305,*ST南置,主板,深市,主板,801180.SI,房地产,801181.SI,房地产开发,房地产开发,L,20091106,6172,16.9,2.09,0.481,9.524,True,True,True,0,0,0,0,False,ST
002306.SZ,002306,002306,ST云网,主板,深市,主板,801210.SI,社会服务,801219.SI,酒店餐饮,酒店餐饮,L,20091111,6167,16.88,2.11,0.0,19.048,True,True,True,0,0,0,2,False,ST
002307.SZ,002307,002307,北新路桥,主板,深市,主板,801720.SI,建筑装饰,801723.SI,基础建设,基础建设,L,20091111,6167,16.88,2.97,0.678,6.667,False,True,True,0,0,0,0,True,
002309.SZ,002309,002309,中利集团,主板,深市,主板,801730.SI,电力设备,801738.SI,电网设备,电网设备,L,20091127,6151,16.84,2.79,-0.357,13.333,False,True,True,0,0,0,0,True,
002310.SZ,002310,002310,东方新能,主板,深市,主板,801720.SI,建筑装饰,801723.SI,基础建设,基础建设,L,20091127,6151,16.84,2.23,-0.889,9.091,False,True,True,0,0,0,0,True,
002311.SZ,002311,002311,海大集团,主板,深市,主板,801010.SI,农林牧渔,801014.SI,饲料,饲料,L,20091127,6151,16.84,42.0,1.942,21.053,False,True,True,0,0,0,0,True,
002312.SZ,002312,002312,川发龙蟒,主板,深市,主板,801030.SI,基础化工,801038.SI,农化制品,农化制品,L,20091203,6145,16.82,8.16,0.617,15.116,False,True,True,0,0,0,0,True,
002313.SZ,002313,002313,日海智能,主板,深市,主板,801770.SI,通信,801102.SI,通信设备,通信设备,L,20091203,6145,16.82,8.76,-1.904,11.364,False,True,True,0,0,0,0,True,
002314.SZ,002314,002314,南山控股,主板,深市,主板,801180.SI,房地产,801181.SI,房地产开发,房地产开发,L,20091203,6145,16.82,2.43,2.532,13.636,False,True,True,0,0,0,0,True,
002315.SZ,002315,002315,焦点科技,主板,深市,主板,801200.SI,商贸零售,801206.SI,互联网电商,互联网电商,L,20091209,6139,16.81,24.81,-0.521,6.349,False,True,True,0,0,0,0,True,
002316.SZ,002316,002316,亚联发展,主板,深市,主板,801790.SI,非银金融,801191.SI,多元金融,多元金融,L,20091209,6139,16.81,4.95,10.0,9.091,False,True,True,0,0,0,0,True,
002317.SZ,002317,002317,众生药业,主板,深市,主板,801150.SI,医药生物,801155.SI,中药Ⅱ,中药Ⅱ,L,20091211,6137,16.8,24.03,5.441,15.2,False,True,True,0,0,0,0,True,
002318.SZ,002318,002318,久立特材,主板,深市,主板,801040.SI,钢铁,801045.SI,特钢Ⅱ,特钢Ⅱ,L,20091211,6137,16.8,17.83,1.769,28.788,False,True,True,0,0,0,0,True,
002319.SZ,002319,002319,乐通股份,主板,深市,主板,801030.SI,基础化工,801034.SI,化学制品,化学制品,L,20091211,6137,16.8,10.14,-0.295,8.824,False,True,True,0,0,0,0,True,
002320.SZ,002320,002320,海峡股份,主板,深市,主板,801170.SI,交通运输,801992.SI,航运港口,航运港口,L,20091216,6132,16.79,6.33,0.957,19.118,False,True,True,0,0,0,0,True,
002321.SZ,002321,002321,华英农业,主板,深市,主板,801010.SI,农林牧渔,801017.SI,养殖业,养殖业,L,20091216,6132,16.79,2.04,-1.923,9.524,False,True,True,0,0,0,0,True,
002322.SZ,002322,002322,理工能科,主板,深市,主板,801750.SI,计算机,801104.SI,软件开发,软件开发,L,20091218,6130,16.78,11.86,-0.252,10.0,False,True,True,0,0,0,0,True,
002323.SZ,002323,002323,*ST雅博,主板,深市,主板,801720.SI,建筑装饰,801724.SI,专业工程,专业工程,L,20091218,6130,16.78,1.19,-2.459,15.385,True,True,True,0,0,0,0,False,ST
002324.SZ,002324,002324,普利特,主板,深市,主板,801030.SI,基础化工,801036.SI,塑料,塑料,L,20091218,6130,16.78,8.78,-0.791,6.522,False,True,True,0,0,0,0,True,
002326.SZ,002326,002326,永太科技,主板,深市,主板,801030.SI,基础化工,801034.SI,化学制品,化学制品,L,20091222,6126,16.77,16.47,1.918,17.877,False,True,True,0,0,0,0,True,
002327.SZ,002327,002327,富安娜,主板,深市,主板,801130.SI,纺织服饰,801132.SI,服装家纺,服装家纺,L,20091230,6118,16.75,6.13,0.492,9.375,False,True,True,0,0,0,0,True,
002328.SZ,002328,002328,新朋股份,主板,深市,主板,801880.SI,汽车,801093.SI,汽车零部件,汽车零部件,L,20091230,6118,16.75,8.11,-1.816,9.302,False,True,True,0,0,0,0,True,
002329.SZ,002329,002329,皇氏集团,主板,深市,主板,801120.SI,食品饮料,801127.SI,饮料乳品,饮料乳品,L,20100106,6111,16.73,3.71,1.366,11.111,False,True,True,0,0,0,0,True,
002330.SZ,002330,002330,得利斯,主板,深市,主板,801120.SI,食品饮料,801124.SI,食品加工,食品加工,L,20100106,6111,16.73,4.11,0.0,9.756,False,True,True,0,0,0,0,True,
002331.SZ,002331,002331,皖通科技,主板,深市,主板,801750.SI,计算机,801103.SI,IT服务Ⅱ,IT服务Ⅱ,L,20100106,6111,16.73,6.85,-2.699,8.696,False,True,True,0,0,0,0,True,
002332.SZ,002332,002332,仙琚制药,主板,深市,主板,801150.SI,医药生物,801151.SI,化学制药,化学制药,L,20100112,6105,16.71,8.64,0.699,4.706,False,True,True,0,0,0,0,True,
002333.SZ,002333,002333,罗普斯金,主板,深市,主板,801710.SI,建筑材料,801713.SI,装修建材,装修建材,L,20100112,6105,16.71,5.47,-0.906,10.909,False,True,True,0,0,0,0,True,
002334.SZ,002334,002334,英威腾,主板,深市,主板,801890.SI,机械设备,801078.SI,自动化设备,自动化设备,L,20100113,6104,16.71,6.39,-0.467,7.576,False,True,True,0,0,0,0,True,
002335.SZ,002335,002335,科华数据,主板,深市,主板,801730.SI,电力设备,801733.SI,其他电源设备Ⅱ,其他电源设备Ⅱ,L,20100113,6104,16.71,29.93,-2.667,7.895,False,True,True,0,0,0,0,True,
002337.SZ,002337,002337,赛象科技,主板,深市,主板,801890.SI,机械设备,801074.SI,专用设备,专用设备,L,20100115,6102,16.71,4.73,-0.839,8.696,False,True,True,0,0,0,0,True,
002338.SZ,002338,002338,奥普光电,主板,深市,主板,801740.SI,国防军工,801745.SI,军工电子Ⅱ,军工电子Ⅱ,L,20100115,6102,16.71,41.91,-2.919,12.037,False,True,True,0,0,0,0,True,
002339.SZ,002339,002339,积成电子,主板,深市,主板,801730.SI,电力设备,801738.SI,电网设备,电网设备,L,20100122,6095,16.69,7.15,1.275,12.0,False,True,True,0,0,0,0,True,
002340.SZ,002340,002340,格林美,主板,深市,主板,801730.SI,电力设备,801737.SI,电池,电池,L,20100122,6095,16.69,6.11,1.159,9.231,False,True,True,0,0,0,0,True,
002342.SZ,002342,002342,巨力索具,主板,深市,主板,801890.SI,机械设备,801072.SI,通用设备,通用设备,L,20100126,6091,16.68,8.25,-2.367,9.524,False,True,True,0,0,0,0,True,
002343.SZ,002343,002343,慈文传媒,主板,深市,主板,801760.SI,传媒,801766.SI,影视院线,影视院线,L,20100126,6091,16.68,5.64,-1.399,7.018,False,True,True,0,0,0,0,True,
002344.SZ,002344,002344,海宁皮城,主板,深市,主板,801200.SI,商贸零售,801203.SI,一般零售,一般零售,L,20100126,6091,16.68,4.02,0.5,15.385,False,True,True,0,0,0,0,True,
002345.SZ,002345,002345,潮宏基,主板,深市,主板,801130.SI,纺织服饰,801133.SI,饰品,饰品,L,20100128,6089,16.67,8.3,2.343,15.957,False,True,True,0,0,0,0,True,
002346.SZ,002346,002346,柘中股份,主板,深市,主板,801730.SI,电力设备,801738.SI,电网设备,电网设备,L,20100128,6089,16.67,17.81,-0.503,35.417,False,True,True,0,0,0,0,True,
002347.SZ,002347,002347,泰尔股份,主板,深市,主板,801890.SI,机械设备,801072.SI,通用设备,通用设备,L,20100128,6089,16.67,6.39,-3.182,9.375,False,True,True,0,0,0,0,True,
002348.SZ,002348,002348,高乐股份,主板,深市,主板,801140.SI,轻工制造,801145.SI,文娱用品,文娱用品,L,20100203,6083,16.65,10.65,-0.281,16.364,False,True,True,0,0,0,0,True,
002349.SZ,002349,002349,精华制药,主板,深市,主板,801150.SI,医药生物,801155.SI,中药Ⅱ,中药Ⅱ,L,20100203,6083,16.65,8.55,2.151,7.143,False,True,True,0,0,0,0,True,
002350.SZ,002350,002350,北京科锐,主板,深市,主板,801730.SI,电力设备,801738.SI,电网设备,电网设备,L,20100203,6083,16.65,13.43,-0.149,8.904,False,True,True,0,0,0,0,True,
002351.SZ,002351,002351,漫步者,主板,深市,主板,801080.SI,电子,801085.SI,消费电子,消费电子,L,20100205,6081,16.65,9.84,-0.304,6.0,False,True,True,0,0,0,0,True,
002352.SZ,002352,002352,顺丰控股,主板,深市,主板,801170.SI,交通运输,801178.SI,物流,物流,L,20100205,6081,16.65,30.67,0.524,25.806,False,True,True,0,0,0,0,True,
002353.SZ,002353,002353,杰瑞股份,主板,深市,主板,801890.SI,机械设备,801074.SI,专用设备,专用设备,L,20100205,6081,16.65,110.22,0.401,24.658,False,True,True,0,0,0,0,True,
002354.SZ,002354,002354,天娱数科,主板,深市,主板,801760.SI,传媒,801765.SI,广告营销,广告营销,L,20100209,6077,16.64,7.16,-1.105,8.0,False,True,True,0,0,0,0,True,
002355.SZ,002355,002355,兴民智通,主板,深市,主板,801880.SI,汽车,801093.SI,汽车零部件,汽车零部件,L,20100209,6077,16.64,4.61,-0.216,8.333,False,True,True,0,0,0,0,True,
002356.SZ,002356,002356,鹏飞绿能,主板,深市,主板,801200.SI,商贸零售,801203.SI,一般零售,一般零售,L,20100209,6077,16.64,2.69,1.509,15.385,False,True,True,0,0,0,0,True,
002357.SZ,002357,002357,富临运业,主板,深市,主板,801170.SI,交通运输,801179.SI,铁路公路,铁路公路,L,20100210,6076,16.64,11.5,-0.691,13.559,False,True,True,0,0,0,0,True,
002358.SZ,002358,002358,森源电气,主板,深市,主板,801730.SI,电力设备,801738.SI,电网设备,电网设备,L,20100210,6076,16.64,5.13,0.0,9.259,False,True,True,0,0,0,0,True,
002360.SZ,002360,002360,ST同德,主板,深市,主板,801030.SI,基础化工,801034.SI,化学制品,化学制品,L,20100303,6055,16.58,5.33,-0.745,9.091,True,True,True,0,0,0,0,False,ST
002361.SZ,002361,002361,神剑股份,主板,深市,主板,801030.SI,基础化工,801036.SI,塑料,塑料,L,20100303,6055,16.58,9.58,-2.145,6.931,False,True,True,0,0,0,0,True,
002362.SZ,002362,002362,汉王科技,主板,深市,主板,801750.SI,计算机,801104.SI,软件开发,软件开发,L,20100303,6055,16.58,15.77,-0.316,7.317,False,True,True,0,0,0,0,True,
002363.SZ,002363,002363,隆基机械,主板,深市,主板,801880.SI,汽车,801093.SI,汽车零部件,汽车零部件,L,20100305,6053,16.57,6.95,-0.43,13.636,False,True,True,0,0,0,0,True,
002364.SZ,002364,002364,中恒电气,主板,深市,主板,801730.SI,电力设备,801733.SI,其他电源设备Ⅱ,其他电源设备Ⅱ,L,20100305,6053,16.57,32.14,-2.012,10.0,False,True,True,0,0,0,0,True,
002365.SZ,002365,002365,永安药业,主板,深市,主板,801150.SI,医药生物,801151.SI,化学制药,化学制药,L,20100305,6053,16.57,13.48,3.692,9.353,False,True,True,0,0,0,0,True,
002366.SZ,002366,002366,融发核电,主板,深市,主板,801730.SI,电力设备,801733.SI,其他电源设备Ⅱ,其他电源设备Ⅱ,L,20100312,6046,16.55,5.49,0.366,13.333,False,True,True,0,0,0,0,True,
002367.SZ,002367,002367,康力电梯,主板,深市,主板,801890.SI,机械设备,801074.SI,专用设备,专用设备,L,20100312,6046,16.55,6.06,-1.783,11.667,False,True,True,0,0,0,0,True,
002368.SZ,002368,002368,太极股份,主板,深市,主板,801750.SI,计算机,801103.SI,IT服务Ⅱ,IT服务Ⅱ,L,20100312,6046,16.55,12.62,-0.786,11.429,False,True,True,0,0,0,0,True,
002369.SZ,002369,002369,卓翼科技,主板,深市,主板,801080.SI,电子,801085.SI,消费电子,消费电子,L,20100316,6042,16.54,5.56,-0.714,11.864,False,True,True,0,0,0,0,True,
002370.SZ,002370,002370,亚太药业,主板,深市,主板,801150.SI,医药生物,801151.SI,化学制药,化学制药,L,20100316,6042,16.54,5.16,1.177,14.815,False,True,True,0,0,0,0,True,
002371.SZ,002371,002371,北方华创,主板,深市,主板,801080.SI,电子,801081.SI,半导体,半导体,L,20100316,6042,16.54,615.97,-2.065,25.688,False,True,True,0,0,0,0,True,
002372.SZ,002372,002372,伟星新材,主板,深市,主板,801710.SI,建筑材料,801713.SI,装修建材,装修建材,L,20100318,6040,16.54,8.74,5.683,27.907,False,True,True,0,0,0,0,True,
002373.SZ,002373,002373,千方科技,主板,深市,主板,801750.SI,计算机,801103.SI,IT服务Ⅱ,IT服务Ⅱ,L,20100318,6040,16.54,7.35,-0.271,10.526,False,True,True,0,0,0,0,True,
002374.SZ,002374,002374,中锐股份,主板,深市,主板,801140.SI,轻工制造,801141.SI,包装印刷,包装印刷,L,20100318,6040,16.54,3.36,1.818,9.677,False,True,True,0,0,0,0,True,
002375.SZ,002375,002375,亚厦股份,主板,深市,主板,801720.SI,建筑装饰,801722.SI,装修装饰Ⅱ,装修装饰Ⅱ,L,20100323,6035,16.52,3.92,1.554,16.667,False,True,True,0,0,0,0,True,
002376.SZ,002376,002376,新北洋,主板,深市,主板,801750.SI,计算机,801101.SI,计算机设备,计算机设备,L,20100323,6035,16.52,6.55,-0.607,6.061,False,True,True,0,0,0,0,True,
002377.SZ,002377,002377,国创高新,主板,深市,主板,801960.SI,石油石化,801963.SI,炼化及贸易,炼化及贸易,L,20100323,6035,16.52,2.96,1.024,10.0,False,True,True,0,0,0,0,True,
002378.SZ,002378,002378,章源钨业,主板,深市,主板,801050.SI,有色金属,801054.SI,小金属,小金属,L,20100331,6027,16.5,21.13,-0.705,14.754,False,True,True,0,0,0,0,True,
002379.SZ,002379,002379,宏桥控股,主板,深市,主板,801050.SI,有色金属,801055.SI,工业金属,工业金属,L,20100331,6027,16.5,16.28,-0.123,14.444,False,True,True,0,0,0,0,True,
002380.SZ,002380,002380,科远智慧,主板,深市,主板,801750.SI,计算机,801103.SI,IT服务Ⅱ,IT服务Ⅱ,L,20100331,6027,16.5,26.29,-2.086,10.294,False,True,True,0,0,0,0,True,
002381.SZ,002381,002381,双箭股份,主板,深市,主板,801030.SI,基础化工,801037.SI,橡胶,橡胶,L,20100402,6025,16.5,5.64,-0.177,7.273,False,True,True,0,0,0,0,True,
002382.SZ,002382,002382,蓝帆医疗,主板,深市,主板,801150.SI,医药生物,801153.SI,医疗器械,医疗器械,L,20100402,6025,16.5,6.32,3.607,10.0,False,True,True,0,0,0,0,True,
002383.SZ,002383,002383,合众思壮,主板,深市,主板,801740.SI,国防军工,801745.SI,军工电子Ⅱ,军工电子Ⅱ,L,20100402,6025,16.5,7.68,-4.95,8.861,False,True,True,0,0,0,0,True,
002384.SZ,002384,002384,东山精密,主板,深市,主板,801080.SI,电子,801083.SI,元件,元件,L,20100409,6018,16.48,167.4,-2.225,13.274,False,True,True,0,0,0,0,True,
002385.SZ,002385,002385,大北农,主板,深市,主板,801010.SI,农林牧渔,801014.SI,饲料,饲料,L,20100409,6018,16.48,3.1,0.977,12.121,False,True,True,0,0,0,0,True,
002386.SZ,002386,002386,天原股份,主板,深市,主板,801030.SI,基础化工,801033.SI,化学原料,化学原料,L,20100409,6018,16.48,5.85,1.036,6.78,False,True,True,0,0,0,0,True,
002387.SZ,002387,002387,维信诺,主板,深市,主板,801080.SI,电子,801084.SI,光学光电子,光学光电子,L,20100413,6014,16.47,6.7,1.056,22.222,False,True,True,0,0,0,0,True,
002388.SZ,002388,002388,新亚制程,主板,深市,主板,801080.SI,电子,801082.SI,其他电子Ⅱ,其他电子Ⅱ,L,20100413,6014,16.47,9.1,10.036,13.095,False,True,True,0,0,0,0,True,
002389.SZ,002389,002389,航天彩虹,主板,深市,主板,801740.SI,国防军工,801742.SI,航空装备Ⅱ,航空装备Ⅱ,L,20100413,6014,16.47,18.11,1.004,8.511,False,True,True,0,0,0,0,True,
002390.SZ,002390,002390,信邦制药,主板,深市,主板,801150.SI,医药生物,801155.SI,中药Ⅱ,中药Ⅱ,L,20100416,6011,16.46,2.96,1.37,7.143,False,True,True,0,0,0,0,True,
002391.SZ,002391,002391,长青股份,主板,深市,主板,801030.SI,基础化工,801038.SI,农化制品,农化制品,L,20100416,6011,16.46,5.14,0.587,5.769,False,True,True,0,0,0,0,True,
002392.SZ,002392,002392,北京利尔,主板,深市,主板,801710.SI,建筑材料,801713.SI,装修建材,装修建材,L,20100423,6004,16.44,7.42,0.135,14.286,False,True,True,0,0,0,0,True,
002393.SZ,002393,002393,力生制药,主板,深市,主板,801150.SI,医药生物,801151.SI,化学制药,化学制药,L,20100423,6004,16.44,14.08,1.514,16.667,False,True,True,0,0,0,0,True,
002394.SZ,002394,002394,联发股份,主板,深市,主板,801130.SI,纺织服饰,801131.SI,纺织制造,纺织制造,L,20100423,6004,16.44,10.15,-4.155,15.534,False,True,True,0,0,0,0,True,
002395.SZ,002395,002395,双象股份,主板,深市,主板,801030.SI,基础化工,801036.SI,塑料,塑料,L,20100429,5998,16.42,13.6,-0.585,14.925,False,True,True,0,0,0,0,True,
002396.SZ,002396,002396,星网锐捷,主板,深市,主板,801770.SI,通信,801102.SI,通信设备,通信设备,L,20100623,5943,16.27,32.6,-0.791,14.634,False,True,True,0,0,0,0,True,
002397.SZ,002397,002397,梦洁股份,主板,深市,主板,801130.SI,纺织服饰,801132.SI,服装家纺,服装家纺,L,20100429,5998,16.42,3.59,-0.829,8.333,False,True,True,0,0,0,0,True,
002398.SZ,002398,002398,垒知集团,主板,深市,主板,801710.SI,建筑材料,801713.SI,装修建材,装修建材,L,20100506,5991,16.4,4.26,-0.234,7.143,False,True,True,0,0,0,0,True,
002399.SZ,002399,002399,海普瑞,主板,深市,主板,801150.SI,医药生物,801151.SI,化学制药,化学制药,L,20100506,5991,16.4,9.85,2.497,23.077,False,True,True,0,0,0,0,True,
002400.SZ,002400,002400,省广集团,主板,深市,主板,801760.SI,传媒,801765.SI,广告营销,广告营销,L,20100506,5991,16.4,6.36,-1.852,6.061,False,True,True,0,0,0,0,True,
002401.SZ,002401,002401,中远海科,主板,深市,主板,801750.SI,计算机,801103.SI,IT服务Ⅱ,IT服务Ⅱ,L,20100506,5991,16.4,12.06,-0.166,10.0,False,True,True,0,0,0,0,True,
002402.SZ,002402,002402,和而泰,主板,深市,主板,801080.SI,电子,801085.SI,消费电子,消费电子,L,20100511,5986,16.39,17.62,-1.067,12.903,False,True,True,0,0,0,0,True,
002403.SZ,002403,002403,爱仕达,主板,深市,主板,801110.SI,家用电器,801113.SI,小家电,小家电,L,20100511,5986,16.39,10.18,-0.489,8.824,False,True,True,0,0,0,0,True,
002404.SZ,002404,002404,嘉欣丝绸,主板,深市,主板,801130.SI,纺织服饰,801132.SI,服装家纺,服装家纺,L,20100511,5986,16.39,5.79,-0.856,5.172,False,True,True,0,0,0,0,True,
002405.SZ,002405,002405,四维图新,主板,深市,主板,801750.SI,计算机,801104.SI,软件开发,软件开发,L,20100518,5979,16.37,5.91,0.0,12.5,False,True,True,0,0,0,0,True,
002406.SZ,002406,002406,远东传动,主板,深市,主板,801880.SI,汽车,801093.SI,汽车零部件,汽车零部件,L,20100518,5979,16.37,6.42,0.0,6.061,False,True,True,0,0,0,0,True,
002407.SZ,002407,002407,多氟多,主板,深市,主板,801030.SI,基础化工,801034.SI,化学制品,化学制品,L,20100518,5979,16.37,29.49,-0.974,11.043,False,True,True,0,0,0,0,True,
002408.SZ,002408,002408,齐翔腾达,主板,深市,主板,801960.SI,石油石化,801963.SI,炼化及贸易,炼化及贸易,L,20100518,5979,16.37,5.22,2.554,15.094,False,True,True,0,0,0,0,True,
002409.SZ,002409,002409,雅克科技,主板,深市,主板,801080.SI,电子,801081.SI,半导体,半导体,L,20100525,5972,16.35,121.0,-2.85,9.821,False,True,True,0,0,0,0,True,
002410.SZ,002410,002410,广联达,主板,深市,主板,801750.SI,计算机,801104.SI,软件开发,软件开发,L,20100525,5972,16.35,8.54,0.946,13.636,False,True,True,0,0,0,0,True,
002412.SZ,002412,002412,汉森制药,主板,深市,主板,801150.SI,医药生物,801155.SI,中药Ⅱ,中药Ⅱ,L,20100525,5972,16.35,9.07,2.834,6.522,False,True,True,0,0,0,0,True,
002413.SZ,002413,002413,雷科防务,主板,深市,主板,801740.SI,国防军工,801745.SI,军工电子Ⅱ,军工电子Ⅱ,L,20100528,5969,16.34,8.61,-1.936,9.091,False,True,True,0,0,0,0,True,
002414.SZ,002414,002414,高德红外,主板,深市,主板,801740.SI,国防军工,801745.SI,军工电子Ⅱ,军工电子Ⅱ,L,20100716,5920,16.21,11.18,-0.799,13.281,False,True,True,0,0,0,0,True,
002415.SZ,002415,002415,海康威视,主板,深市,主板,801750.SI,计算机,801101.SI,计算机设备,计算机设备,L,20100528,5969,16.34,32.46,1.09,14.286,False,True,True,0,0,0,0,True,
002416.SZ,002416,002416,爱施德,主板,深市,主板,801200.SI,商贸零售,801204.SI,专业连锁Ⅱ,专业连锁Ⅱ,L,20100528,5969,16.34,8.98,0.899,11.579,False,True,True,0,0,0,0,True,
002418.SZ,002418,002418,康盛股份,主板,深市,主板,801110.SI,家用电器,801116.SI,家电零部件Ⅱ,家电零部件Ⅱ,L,20100601,5965,16.33,4.37,0.229,8.889,False,True,True,0,0,0,0,True,
002419.SZ,002419,002419,天虹股份,主板,深市,主板,801200.SI,商贸零售,801203.SI,一般零售,一般零售,L,20100601,5965,16.33,5.09,9.935,10.638,False,True,True,0,0,0,0,True,
002420.SZ,002420,002420,毅昌科技,主板,深市,主板,801110.SI,家用电器,801116.SI,家电零部件Ⅱ,家电零部件Ⅱ,L,20100601,5965,16.33,6.09,-0.164,11.667,False,True,True,0,0,0,0,True,
002421.SZ,002421,002421,达实智能,主板,深市,主板,801750.SI,计算机,801103.SI,IT服务Ⅱ,IT服务Ⅱ,L,20100603,5963,16.33,3.17,-1.246,6.25,False,True,True,0,0,0,0,True,
002422.SZ,002422,002422,科伦药业,主板,深市,主板,801150.SI,医药生物,801151.SI,化学制药,化学制药,L,20100603,5963,16.33,40.85,4.156,16.19,False,True,True,0,0,0,0,True,
002423.SZ,002423,002423,中粮资本,主板,深市,主板,801790.SI,非银金融,801191.SI,多元金融,多元金融,L,20100603,5963,16.33,9.14,0.329,20.0,False,True,True,0,0,0,0,True,
002424.SZ,002424,002424,ST百灵,主板,深市,主板,801150.SI,医药生物,801155.SI,中药Ⅱ,中药Ⅱ,L,20100603,5963,16.33,4.69,1.296,10.87,True,True,True,0,0,0,0,False,ST
002425.SZ,002425,002425,凯撒文化,主板,深市,主板,801760.SI,传媒,801764.SI,游戏Ⅱ,游戏Ⅱ,L,20100608,5958,16.31,3.09,-0.962,12.5,False,True,True,0,0,0,0,True,
002426.SZ,002426,002426,胜利精密,主板,深市,主板,801080.SI,电子,801085.SI,消费电子,消费电子,L,20100608,5958,16.31,2.56,-3.396,11.111,False,True,True,0,0,0,0,True,
002427.SZ,002427,002427,尤夫股份,主板,深市,主板,801030.SI,基础化工,801032.SI,化学纤维,化学纤维,L,20100608,5958,16.31,4.52,-0.221,12.5,False,True,True,0,0,0,0,True,
002428.SZ,002428,002428,云南锗业,主板,深市,主板,801050.SI,有色金属,801054.SI,小金属,小金属,L,20100608,5958,16.31,86.87,-0.333,8.621,False,True,True,0,0,0,0,True,
002429.SZ,002429,002429,兆驰股份,主板,深市,主板,801110.SI,家用电器,801112.SI,黑色家电,黑色家电,L,20100610,5956,16.31,7.92,-2.703,32.927,False,True,True,0,0,0,0,True,
002430.SZ,002430,002430,杭氧股份,主板,深市,主板,801030.SI,基础化工,801034.SI,化学制品,化学制品,L,20100610,5956,16.31,25.04,4.247,14.062,False,True,True,0,0,0,0,True,
002431.SZ,002431,002431,ST棕榈,主板,深市,主板,801720.SI,建筑装饰,801723.SI,基础建设,基础建设,L,20100610,5956,16.31,1.32,1.538,15.385,True,True,True,0,0,0,0,False,ST
002432.SZ,002432,002432,九安医疗,主板,深市,主板,801150.SI,医药生物,801153.SI,医疗器械,医疗器械,L,20100610,5956,16.31,60.39,0.083,12.676,False,True,True,0,0,0,0,True,
002434.SZ,002434,002434,万里扬,主板,深市,主板,801880.SI,汽车,801093.SI,汽车零部件,汽车零部件,L,20100618,5948,16.28,6.17,0.162,16.949,False,True,True,0,0,0,0,True,
002436.SZ,002436,002436,兴森科技,主板,深市,主板,801080.SI,电子,801083.SI,元件,元件,L,20100618,5948,16.28,40.94,-2.986,12.264,False,True,True,0,0,0,0,True,
002437.SZ,002437,002437,誉衡药业,主板,深市,主板,801150.SI,医药生物,801151.SI,化学制药,化学制药,L,20100623,5943,16.27,3.65,5.187,8.333,False,True,True,0,0,0,0,True,
002438.SZ,002438,002438,江苏神通,主板,深市,主板,801890.SI,机械设备,801072.SI,通用设备,通用设备,L,20100623,5943,16.27,13.68,0.22,9.353,False,True,True,0,0,0,0,True,
002439.SZ,002439,002439,启明星辰,主板,深市,主板,801750.SI,计算机,801104.SI,软件开发,软件开发,L,20100623,5943,16.27,14.68,-1.74,11.429,False,True,True,0,0,0,0,True,
002440.SZ,002440,002440,闰土股份,主板,深市,主板,801030.SI,基础化工,801034.SI,化学制品,化学制品,L,20100706,5930,16.24,13.26,2.079,12.5,False,True,True,0,0,0,0,True,
002441.SZ,002441,002441,众业达,主板,深市,主板,801730.SI,电力设备,801738.SI,电网设备,电网设备,L,20100706,5930,16.24,8.25,0.0,8.75,False,True,True,0,0,0,0,True,
002442.SZ,002442,002442,龙星科技,主板,深市,主板,801030.SI,基础化工,801037.SI,橡胶,橡胶,L,20100706,5930,16.24,5.35,0.564,9.091,False,True,True,0,0,0,0,True,
002443.SZ,002443,002443,金洲管道,主板,深市,主板,801040.SI,钢铁,801045.SI,特钢Ⅱ,特钢Ⅱ,L,20100706,5930,16.24,12.67,-1.401,15.625,False,True,True,0,0,0,0,True,
002444.SZ,002444,002444,巨星科技,主板,深市,主板,801890.SI,机械设备,801072.SI,通用设备,通用设备,L,20100713,5923,16.22,26.84,0.978,12.162,False,True,True,0,0,0,0,True,
002445.SZ,002445,002445,中南文化,主板,深市,主板,801890.SI,机械设备,801072.SI,通用设备,通用设备,L,20100713,5923,16.22,3.08,-0.645,12.903,False,True,True,0,6,6,6,False,近60日停牌
002446.SZ,002446,002446,盛路通信,主板,深市,主板,801740.SI,国防军工,801745.SI,军工电子Ⅱ,军工电子Ⅱ,L,20100713,5923,16.22,7.58,-2.067,9.756,False,True,True,0,0,0,0,True,
002448.SZ,002448,002448,中原内配,主板,深市,主板,801880.SI,汽车,801093.SI,汽车零部件,汽车零部件,L,20100716,5920,16.21,10.9,1.207,11.017,False,True,True,0,0,0,0,True,
002449.SZ,002449,002449,国星光电,主板,深市,主板,801080.SI,电子,801084.SI,光学光电子,光学光电子,L,20100716,5920,16.21,6.55,0.306,6.154,False,True,True,0,0,0,0,True,
002451.SZ,002451,002451,摩恩电气,主板,深市,主板,801730.SI,电力设备,801738.SI,电网设备,电网设备,L,20100720,5916,16.2,7.69,2.261,6.494,False,True,True,0,0,0,0,True,
002452.SZ,002452,002452,长高电气,主板,深市,主板,801730.SI,电力设备,801738.SI,电网设备,电网设备,L,20100720,5916,16.2,11.37,0.176,7.692,False,True,True,0,0,0,0,True,
002453.SZ,002453,002453,华软科技,主板,深市,主板,801030.SI,基础化工,801034.SI,化学制品,化学制品,L,20100720,5916,16.2,4.79,1.483,16.327,False,True,True,0,0,0,0,True,
002454.SZ,002454,002454,松芝股份,主板,深市,主板,801880.SI,汽车,801093.SI,汽车零部件,汽车零部件,L,20100720,5916,16.2,5.61,10.0,13.725,False,True,True,0,0,0,0,True,
002455.SZ,002455,002455,百川股份,主板,深市,主板,801030.SI,基础化工,801034.SI,化学制品,化学制品,L,20100803,5902,16.16,6.8,0.0,15.493,False,True,True,0,0,0,0,True,
002456.SZ,002456,002456,欧菲光,主板,深市,主板,801080.SI,电子,801084.SI,光学光电子,光学光电子,L,20100803,5902,16.16,6.49,0.154,17.143,False,True,True,0,0,0,0,True,
002457.SZ,002457,002457,青龙管业,主板,深市,主板,801710.SI,建筑材料,801713.SI,装修建材,装修建材,L,20100803,5902,16.16,11.31,1.8,9.649,False,True,True,0,0,0,0,True,
002458.SZ,002458,002458,益生股份,主板,深市,主板,801010.SI,农林牧渔,801017.SI,养殖业,养殖业,L,20100810,5895,16.14,8.09,0.497,12.5,False,True,True,0,0,0,0,True,
002459.SZ,002459,002459,晶澳科技,主板,深市,主板,801730.SI,电力设备,801735.SI,光伏设备,光伏设备,L,20100810,5895,16.14,6.74,2.121,22.222,False,True,True,0,0,0,0,True,
002460.SZ,002460,002460,赣锋锂业,主板,深市,主板,801050.SI,有色金属,801056.SI,能源金属,能源金属,L,20100810,5895,16.14,43.43,0.115,21.875,False,True,True,0,0,0,0,True,
002461.SZ,002461,002461,珠江啤酒,主板,深市,主板,801120.SI,食品饮料,801126.SI,非白酒,非白酒,L,20100818,5887,16.12,8.39,0.963,18.681,False,True,True,0,0,0,0,True,
002462.SZ,002462,002462,嘉事堂,主板,深市,主板,801150.SI,医药生物,801154.SI,医药商业,医药商业,L,20100818,5887,16.12,12.26,0.657,11.475,False,True,True,0,0,0,0,True,
002463.SZ,002463,002463,沪电股份,主板,深市,主板,801080.SI,电子,801083.SI,元件,元件,L,20100818,5887,16.12,115.93,-2.637,9.091,False,True,True,0,0,0,0,True,
002465.SZ,002465,002465,海格通信,主板,深市,主板,801740.SI,国防军工,801745.SI,军工电子Ⅱ,军工电子Ⅱ,L,20100831,5874,16.08,9.89,-1.1,7.843,False,True,True,0,0,0,0,True,
002466.SZ,002466,002466,天齐锂业,主板,深市,主板,801050.SI,有色金属,801056.SI,能源金属,能源金属,L,20100831,5874,16.08,40.25,-0.74,17.544,False,True,True,0,0,0,0,True,
002467.SZ,002467,002467,二六三,主板,深市,主板,801770.SI,通信,801223.SI,通信服务,通信服务,L,20100908,5866,16.06,4.88,-3.557,8.163,False,True,True,0,0,0,0,True,
002468.SZ,002468,002468,申通快递,主板,深市,主板,801170.SI,交通运输,801178.SI,物流,物流,L,20100908,5866,16.06,14.6,-0.613,13.889,False,True,True,0,0,0,0,True,
002469.SZ,002469,002469,三维化学,主板,深市,主板,801720.SI,建筑装饰,801724.SI,专业工程,专业工程,L,20100908,5866,16.06,6.06,0.664,11.111,False,True,True,0,0,0,0,True,
002470.SZ,002470,002470,金正大,主板,深市,主板,801030.SI,基础化工,801038.SI,农化制品,农化制品,L,20100908,5866,16.06,1.98,0.508,14.286,False,True,True,0,0,0,0,True,
002471.SZ,002471,002471,中超控股,主板,深市,主板,801730.SI,电力设备,801738.SI,电网设备,电网设备,L,20100910,5864,16.05,5.12,-1.727,9.091,False,True,True,0,0,0,0,True,
002472.SZ,002472,002472,双环传动,主板,深市,主板,801880.SI,汽车,801093.SI,汽车零部件,汽车零部件,L,20100910,5864,16.05,38.09,-1.576,9.333,False,True,True,0,0,0,0,True,
002474.SZ,002474,002474,榕基软件,主板,深市,主板,801750.SI,计算机,801103.SI,IT服务Ⅱ,IT服务Ⅱ,L,20100915,5859,16.04,6.38,-5.201,4.687,False,True,True,0,0,0,0,True,
002475.SZ,002475,002475,立讯精密,主板,深市,主板,801080.SI,电子,801085.SI,消费电子,消费电子,L,20100915,5859,16.04,49.43,-1.925,18.571,False,True,True,0,0,0,0,True,
002476.SZ,002476,002476,新叶股份,主板,深市,主板,801960.SI,石油石化,801963.SI,炼化及贸易,炼化及贸易,L,20100915,5859,16.04,4.82,-1.23,14.0,False,True,True,0,0,0,0,True,
002478.SZ,002478,002478,常宝股份,主板,深市,主板,801040.SI,钢铁,801045.SI,特钢Ⅱ,特钢Ⅱ,L,20100921,5853,16.02,6.28,-0.318,8.955,False,True,True,0,0,0,0,True,
002479.SZ,002479,002479,富春环保,主板,深市,主板,801160.SI,公用事业,801161.SI,电力,电力,L,20100921,5853,16.02,5.78,1.226,12.069,False,True,True,0,0,0,0,True,
002480.SZ,002480,002480,新筑股份,主板,深市,主板,801160.SI,公用事业,801161.SI,电力,电力,L,20100921,5853,16.02,5.48,-0.904,10.909,False,True,True,0,0,0,0,True,
002481.SZ,002481,002481,双塔食品,主板,深市,主板,801010.SI,农林牧渔,801012.SI,农产品加工,农产品加工,L,20100921,5853,16.02,4.28,1.422,11.628,False,True,True,0,0,0,0,True,
002482.SZ,002482,002482,广田集团,主板,深市,主板,801720.SI,建筑装饰,801722.SI,装修装饰Ⅱ,装修装饰Ⅱ,L,20100929,5845,16.0,1.4,2.19,15.385,False,True,True,0,0,0,0,True,
002483.SZ,002483,002483,润邦股份,主板,深市,主板,801890.SI,机械设备,801074.SI,专用设备,专用设备,L,20100929,5845,16.0,5.84,-0.511,16.667,False,True,True,0,0,0,0,True,
002484.SZ,002484,002484,江海股份,主板,深市,主板,801080.SI,电子,801083.SI,元件,元件,L,20100929,5845,16.0,51.32,-2.877,14.118,False,True,True,0,0,0,0,True,
002485.SZ,002485,002485,ST雪发,主板,深市,主板,801170.SI,交通运输,801178.SI,物流,物流,L,20101015,5829,15.96,5.98,2.397,22.222,True,True,True,0,0,0,0,False,ST
002486.SZ,002486,002486,嘉麟杰,主板,深市,主板,801130.SI,纺织服饰,801132.SI,服装家纺,服装家纺,L,20101015,5829,15.96,2.66,-1.115,11.111,False,True,True,0,0,0,0,True,
002487.SZ,002487,002487,大金重工,主板,深市,主板,801730.SI,电力设备,801736.SI,风电设备,风电设备,L,20101015,5829,15.96,46.29,7.827,15.217,False,True,True,0,0,0,0,True,
002488.SZ,002488,002488,金固股份,主板,深市,主板,801880.SI,汽车,801093.SI,汽车零部件,汽车零部件,L,20101021,5823,15.94,7.23,0.556,20.0,False,True,True,0,0,0,0,True,
002489.SZ,002489,002489,浙江永强,主板,深市,主板,801140.SI,轻工制造,801142.SI,家居用品,家居用品,L,20101021,5823,15.94,2.88,-0.69,13.793,False,True,True,0,0,0,0,True,
002490.SZ,002490,002490,山东墨龙,主板,深市,主板,801890.SI,机械设备,801074.SI,专用设备,专用设备,L,20101021,5823,15.94,6.91,-0.432,12.329,False,True,True,0,0,0,0,True,
002491.SZ,002491,002491,通鼎互联,主板,深市,主板,801770.SI,通信,801102.SI,通信设备,通信设备,L,20101021,5823,15.94,20.04,-2.813,17.521,False,True,True,0,0,0,0,True,
002492.SZ,002492,002492,恒基达鑫,主板,深市,主板,801170.SI,交通运输,801178.SI,物流,物流,L,20101102,5811,15.91,6.36,-2.454,16.667,False,True,True,0,0,0,0,True,
002493.SZ,002493,002493,荣盛石化,主板,深市,主板,801960.SI,石油石化,801963.SI,炼化及贸易,炼化及贸易,L,20101102,5811,15.91,13.33,0.604,26.19,False,True,True,0,0,0,0,True,
002494.SZ,002494,002494,华斯股份,主板,深市,主板,801130.SI,纺织服饰,801132.SI,服装家纺,服装家纺,L,20101102,5811,15.91,5.05,-5.075,6.25,False,True,True,0,0,0,0,True,
002495.SZ,002495,002495,佳隆股份,主板,深市,主板,801120.SI,食品饮料,801129.SI,调味发酵品Ⅱ,调味发酵品Ⅱ,L,20101102,5811,15.91,2.43,0.0,4.167,False,True,True,0,0,0,0,True,
002496.SZ,002496,002496,辉丰股份,主板,深市,主板,801030.SI,基础化工,801038.SI,农化制品,农化制品,L,20101109,5804,15.89,2.1,0.0,9.524,False,True,True,0,0,0,2,True,
002497.SZ,002497,002497,雅化集团,主板,深市,主板,801030.SI,基础化工,801034.SI,化学制品,化学制品,L,20101109,5804,15.89,15.7,-0.127,16.949,False,True,True,0,0,0,0,True,
002498.SZ,002498,002498,汉缆股份,主板,深市,主板,801730.SI,电力设备,801738.SI,电网设备,电网设备,L,20101109,5804,15.89,6.11,0.825,10.448,False,True,True,0,0,0,0,True,
002500.SZ,002500,002500,山西证券,主板,深市,主板,801790.SI,非银金融,801193.SI,证券Ⅱ,证券Ⅱ,L,20101115,5798,15.87,5.18,0.583,11.321,False,True,True,0,0,0,0,True,
002501.SZ,002501,002501,*ST利源,主板,深市,主板,801050.SI,有色金属,801055.SI,工业金属,工业金属,L,20101117,5796,15.87,1.3,2.362,33.333,True,True,True,0,0,0,0,False,ST
002506.SZ,002506,002506,协鑫集成,主板,深市,主板,801730.SI,电力设备,801735.SI,光伏设备,光伏设备,L,20101118,5795,15.87,2.38,1.277,12.0,False,True,True,0,0,0,0,True,
002507.SZ,002507,002507,涪陵榨菜,主板,深市,主板,801120.SI,食品饮料,801129.SI,调味发酵品Ⅱ,调味发酵品Ⅱ,L,20101123,5790,15.85,11.2,1.083,10.714,False,True,True,0,0,0,0,True,
002508.SZ,002508,002508,老板电器,主板,深市,主板,801110.SI,家用电器,801114.SI,厨卫电器,厨卫电器,L,20101123,5790,15.85,17.11,3.072,17.073,False,True,True,0,0,0,0,True,
002510.SZ,002510,002510,天汽模,主板,深市,主板,801880.SI,汽车,801093.SI,汽车零部件,汽车零部件,L,20101125,5788,15.85,5.82,2.465,7.018,False,True,True,0,0,0,0,True,
002511.SZ,002511,002511,中顺洁柔,主板,深市,主板,801980.SI,美容护理,801981.SI,个护用品,个护用品,L,20101125,5788,15.85,6.99,1.158,16.667,False,True,True,0,0,0,0,True,
002512.SZ,002512,002512,ST达华,主板,深市,主板,801750.SI,计算机,801101.SI,计算机设备,计算机设备,L,20101203,5780,15.82,3.76,1.075,12.821,True,True,True,0,0,0,0,False,ST
002513.SZ,002513,002513,蓝丰生化,主板,深市,主板,801030.SI,基础化工,801038.SI,农化制品,农化制品,L,20101203,5780,15.82,5.86,7.13,11.111,False,True,True,0,0,0,0,True,
002514.SZ,002514,002514,*ST宝馨,主板,深市,主板,801890.SI,机械设备,801072.SI,通用设备,通用设备,L,20101203,5780,15.82,2.41,0.0,8.0,True,True,True,0,0,0,0,False,ST
002515.SZ,002515,002515,金字火腿,主板,深市,主板,801120.SI,食品饮料,801124.SI,食品加工,食品加工,L,20101203,5780,15.82,7.05,-2.759,10.526,False,True,True,0,0,0,0,True,
002516.SZ,002516,002516,旷达科技,主板,深市,主板,801880.SI,汽车,801093.SI,汽车零部件,汽车零部件,L,20101207,5776,15.81,5.53,-0.18,12.281,False,True,True,0,0,0,0,True,
002517.SZ,002517,002517,恺英网络,主板,深市,主板,801760.SI,传媒,801764.SI,游戏Ⅱ,游戏Ⅱ,L,20101207,5776,15.81,16.01,0.882,8.929,False,True,True,0,0,0,0,True,
002518.SZ,002518,002518,科士达,主板,深市,主板,801730.SI,电力设备,801733.SI,其他电源设备Ⅱ,其他电源设备Ⅱ,L,20101207,5776,15.81,34.05,-0.816,13.333,False,True,True,0,0,0,0,True,
002519.SZ,002519,002519,银河电子,主板,深市,主板,801740.SI,国防军工,801743.SI,地面兵装Ⅱ,地面兵装Ⅱ,L,20101207,5776,15.81,5.57,-1.59,10.169,False,True,True,0,0,0,0,True,
002520.SZ,002520,002520,日发精机,主板,深市,主板,801890.SI,机械设备,801072.SI,通用设备,通用设备,L,20101210,5773,15.81,6.27,-1.26,6.25,False,True,True,0,0,0,0,True,
002521.SZ,002521,002521,齐峰新材,主板,深市,主板,801140.SI,轻工制造,801143.SI,造纸,造纸,L,20101210,5773,15.81,6.19,-0.161,14.925,False,True,True,0,0,0,0,True,
002522.SZ,002522,002522,浙江众成,主板,深市,主板,801030.SI,基础化工,801036.SI,塑料,塑料,L,20101210,5773,15.81,5.26,-1.498,13.793,False,True,True,0,0,0,0,True,
002523.SZ,002523,002523,天桥起重,主板,深市,主板,801890.SI,机械设备,801074.SI,专用设备,专用设备,L,20101210,5773,15.81,3.4,-1.163,11.765,False,True,True,0,0,0,0,True,
002524.SZ,002524,002524,光正眼科,主板,深市,主板,801150.SI,医药生物,801156.SI,医疗服务,医疗服务,L,20101217,5766,15.79,4.13,-1.667,5.0,False,True,True,0,0,0,0,True,
002526.SZ,002526,002526,山东矿机,主板,深市,主板,801890.SI,机械设备,801074.SI,专用设备,专用设备,L,20101217,5766,15.79,2.59,0.0,7.692,False,True,True,0,0,0,0,True,
002527.SZ,002527,002527,新时达,主板,深市,主板,801890.SI,机械设备,801074.SI,专用设备,专用设备,L,20101224,5759,15.77,10.59,-0.376,16.071,False,True,True,0,0,0,0,True,
002528.SZ,002528,002528,*ST英飞,主板,深市,主板,801750.SI,计算机,801101.SI,计算机设备,计算机设备,L,20101224,5759,15.77,6.17,-0.644,33.871,True,True,True,0,0,0,0,False,ST
002529.SZ,002529,002529,海源复材,主板,深市,主板,801890.SI,机械设备,801074.SI,专用设备,专用设备,L,20101224,5759,15.77,6.75,-1.171,10.294,False,True,True,0,0,0,2,True,
002530.SZ,002530,002530,金财互联,主板,深市,主板,801890.SI,机械设备,801074.SI,专用设备,专用设备,L,20101231,5752,15.75,7.02,-0.707,8.333,False,True,True,0,0,0,0,True,
002531.SZ,002531,002531,天顺风能,主板,深市,主板,801730.SI,电力设备,801736.SI,风电设备,风电设备,L,20101231,5752,15.75,7.98,4.45,10.526,False,True,True,0,0,0,0,True,
002532.SZ,002532,002532,天山铝业,主板,深市,主板,801050.SI,有色金属,801055.SI,工业金属,工业金属,L,20101231,5752,15.75,12.18,-0.246,10.853,False,True,True,0,0,0,0,True,
002533.SZ,002533,002533,金杯电工,主板,深市,主板,801730.SI,电力设备,801738.SI,电网设备,电网设备,L,20101231,5752,15.75,10.79,-1.1,9.821,False,True,True,0,0,0,0,True,
002534.SZ,002534,002534,西子洁能,主板,深市,主板,801730.SI,电力设备,801733.SI,其他电源设备Ⅱ,其他电源设备Ⅱ,L,20110110,5742,15.72,17.1,0.411,18.519,False,True,True,0,0,0,0,True,
002535.SZ,002535,002535,林州重机,主板,深市,主板,801890.SI,机械设备,801074.SI,专用设备,专用设备,L,20110111,5741,15.72,2.47,-1.2,12.5,False,True,True,0,0,0,0,True,
002536.SZ,002536,002536,飞龙股份,主板,深市,主板,801880.SI,汽车,801093.SI,汽车零部件,汽车零部件,L,20110111,5741,15.72,45.38,-2.451,15.094,False,True,True,0,0,0,0,True,
002537.SZ,002537,002537,海联金汇,主板,深市,主板,801880.SI,汽车,801093.SI,汽车零部件,汽车零部件,L,20110110,5742,15.72,5.66,0.177,15.0,False,True,True,0,0,0,0,True,
002538.SZ,002538,002538,ST司特,主板,深市,主板,801030.SI,基础化工,801038.SI,农化制品,农化制品,L,20110118,5734,15.7,6.75,-2.032,17.391,True,True,True,0,0,0,0,False,ST
002539.SZ,002539,002539,云图控股,主板,深市,主板,801030.SI,基础化工,801038.SI,农化制品,农化制品,L,20110118,5734,15.7,11.75,1.468,14.516,False,True,True,0,0,0,0,True,
002540.SZ,002540,002540,亚太科技,主板,深市,主板,801050.SI,有色金属,801055.SI,工业金属,工业金属,L,20110118,5734,15.7,4.99,0.402,11.765,False,True,True,0,0,0,0,True,
002541.SZ,002541,002541,鸿路钢构,主板,深市,主板,801720.SI,建筑装饰,801724.SI,专业工程,专业工程,L,20110118,5734,15.7,18.36,-0.434,12.5,False,True,True,0,0,0,0,True,
002542.SZ,002542,002542,*ST中岩,主板,深市,主板,801720.SI,建筑装饰,801724.SI,专业工程,专业工程,L,20110128,5724,15.67,1.64,3.145,23.529,True,True,True,0,0,0,0,False,ST
002543.SZ,002543,002543,万和电气,主板,深市,主板,801110.SI,家用电器,801114.SI,厨卫电器,厨卫电器,L,20110128,5724,15.67,7.26,-1.892,8.219,False,True,True,0,0,0,0,True,
002544.SZ,002544,002544,普天科技,主板,深市,主板,801770.SI,通信,801223.SI,通信服务,通信服务,L,20110128,5724,15.67,15.17,-1.557,12.5,False,True,True,0,0,0,0,True,
002545.SZ,002545,002545,东方铁塔,主板,深市,主板,801030.SI,基础化工,801038.SI,农化制品,农化制品,L,20110211,5710,15.63,13.85,0.435,17.241,False,True,True,0,0,0,0,True,
002546.SZ,002546,002546,新联电子,主板,深市,主板,801730.SI,电力设备,801738.SI,电网设备,电网设备,L,20110211,5710,15.63,7.34,0.824,12.658,False,True,True,0,0,0,0,True,
002547.SZ,002547,002547,*ST春兴,主板,深市,主板,801880.SI,汽车,801093.SI,汽车零部件,汽车零部件,L,20110218,5703,15.61,2.58,2.789,12.0,True,True,True,0,0,0,0,False,ST
002548.SZ,002548,002548,金新农,主板,深市,主板,801010.SI,农林牧渔,801014.SI,饲料,饲料,L,20110218,5703,15.61,3.94,0.51,20.0,False,True,True,0,0,0,0,True,
002549.SZ,002549,002549,凯美特气,主板,深市,主板,801030.SI,基础化工,801034.SI,化学制品,化学制品,L,20110218,5703,15.61,12.29,-0.887,10.294,False,True,True,0,0,0,0,True,
002550.SZ,002550,002550,千红制药,主板,深市,主板,801150.SI,医药生物,801151.SI,化学制药,化学制药,L,20110218,5703,15.61,6.59,4.107,10.448,False,True,True,0,0,0,0,True,
002551.SZ,002551,002551,尚荣医疗,主板,深市,主板,801150.SI,医药生物,801153.SI,医疗器械,医疗器械,L,20110225,5696,15.59,3.41,1.187,12.5,False,True,True,0,0,0,0,True,
002552.SZ,002552,002552,宝鼎科技,主板,深市,主板,801890.SI,机械设备,801072.SI,通用设备,通用设备,L,20110225,5696,15.59,44.39,-4.722,15.038,False,True,True,0,0,0,0,True,
002553.SZ,002553,002553,南方精工,主板,深市,主板,801880.SI,汽车,801093.SI,汽车零部件,汽车零部件,L,20110225,5696,15.59,16.97,0.177,7.143,False,True,True,0,0,0,0,True,
002554.SZ,002554,002554,惠博普,主板,深市,主板,801960.SI,石油石化,801962.SI,油服工程,油服工程,L,20110225,5696,15.59,2.71,-0.368,6.897,False,True,True,0,0,0,0,True,
002555.SZ,002555,002555,三七互娱,主板,深市,主板,801760.SI,传媒,801764.SI,游戏Ⅱ,游戏Ⅱ,L,20110302,5691,15.58,17.2,0.821,10.87,False,True,True,0,0,0,0,True,
002556.SZ,002556,002556,辉隆股份,主板,深市,主板,801010.SI,农林牧渔,801019.SI,农业综合Ⅱ,农业综合Ⅱ,L,20110302,5691,15.58,5.06,0.596,11.538,False,True,True,0,0,0,0,True,
002557.SZ,002557,002557,洽洽食品,主板,深市,主板,801120.SI,食品饮料,801128.SI,休闲食品,休闲食品,L,20110302,5691,15.58,18.34,1.214,9.677,False,True,True,0,0,0,0,True,
002558.SZ,002558,002558,巨人网络,主板,深市,主板,801760.SI,传媒,801764.SI,游戏Ⅱ,游戏Ⅱ,L,20110302,5691,15.58,22.5,1.718,13.889,False,True,True,0,0,0,0,True,
002559.SZ,002559,002559,亚威股份,主板,深市,主板,801890.SI,机械设备,801072.SI,通用设备,通用设备,L,20110303,5690,15.58,8.54,-2.064,5.495,False,True,True,0,0,0,0,True,
002560.SZ,002560,002560,通达股份,主板,深市,主板,801730.SI,电力设备,801738.SI,电网设备,电网设备,L,20110303,5690,15.58,6.29,-3.379,14.085,False,True,True,0,0,0,0,True,
002561.SZ,002561,002561,徐家汇,主板,深市,主板,801200.SI,商贸零售,801203.SI,一般零售,一般零售,L,20110303,5690,15.58,7.31,0.828,13.514,False,True,True,0,0,0,0,True,
002562.SZ,002562,002562,兄弟科技,主板,深市,主板,801030.SI,基础化工,801034.SI,化学制品,化学制品,L,20110310,5683,15.56,4.93,1.859,6.122,False,True,True,0,0,0,0,True,
002563.SZ,002563,002563,森马服饰,主板,深市,主板,801130.SI,纺织服饰,801132.SI,服装家纺,服装家纺,L,20110311,5682,15.56,5.45,1.113,12.5,False,True,True,0,0,0,0,True,
002564.SZ,002564,002564,天沃科技,主板,深市,主板,801720.SI,建筑装饰,801724.SI,专业工程,专业工程,L,20110310,5683,15.56,5.18,0.583,15.385,False,True,True,0,0,0,0,True,
002565.SZ,002565,002565,顺灏股份,主板,深市,主板,801140.SI,轻工制造,801141.SI,包装印刷,包装印刷,L,20110318,5675,15.54,8.44,1.809,6.897,False,True,True,0,0,0,0,True,
002566.SZ,002566,002566,益盛药业,主板,深市,主板,801150.SI,医药生物,801155.SI,中药Ⅱ,中药Ⅱ,L,20110318,5675,15.54,7.06,-0.282,5.714,False,True,True,0,0,0,0,True,
002567.SZ,002567,002567,唐人神,主板,深市,主板,801010.SI,农林牧渔,801014.SI,饲料,饲料,L,20110325,5668,15.52,3.7,1.093,13.514,False,True,True,0,0,0,0,True,
002568.SZ,002568,002568,百润股份,主板,深市,主板,801120.SI,食品饮料,801126.SI,非白酒,非白酒,L,20110325,5668,15.52,19.49,3.067,11.538,False,True,True,0,0,0,0,True,
002569.SZ,002569,002569,*ST步森,主板,深市,主板,801130.SI,纺织服饰,801132.SI,服装家纺,服装家纺,L,20110412,5650,15.47,12.06,0.5,40.0,True,True,True,0,0,0,0,False,ST
002570.SZ,002570,002570,贝因美,主板,深市,主板,801120.SI,食品饮料,801127.SI,饮料乳品,饮料乳品,L,20110412,5650,15.47,4.42,0.455,9.091,False,True,True,0,0,0,0,True,
002571.SZ,002571,002571,德力股份,主板,深市,主板,801140.SI,轻工制造,801142.SI,家居用品,家居用品,L,20110412,5650,15.47,10.42,-2.251,9.259,False,True,True,0,0,0,0,True,
002572.SZ,002572,002572,索菲亚,主板,深市,主板,801140.SI,轻工制造,801142.SI,家居用品,家居用品,L,20110412,5650,15.47,7.72,1.18,11.538,False,True,True,0,0,0,0,True,
002573.SZ,002573,002573,清新环境,主板,深市,主板,801970.SI,环保,801971.SI,环境治理,环境治理,L,20110422,5640,15.44,3.14,1.29,18.75,False,True,True,0,0,0,0,True,
002574.SZ,002574,002574,明牌珠宝,主板,深市,主板,801130.SI,纺织服饰,801133.SI,饰品,饰品,L,20110422,5640,15.44,4.98,-1.386,10.0,False,True,True,0,0,0,0,True,
002575.SZ,002575,002575,群兴玩具,主板,深市,主板,801140.SI,轻工制造,801145.SI,文娱用品,文娱用品,L,20110422,5640,15.44,5.0,-0.99,9.615,False,True,True,0,0,0,0,True,
002576.SZ,002576,002576,通达动力,主板,深市,主板,801730.SI,电力设备,801731.SI,电机Ⅱ,电机Ⅱ,L,20110428,5634,15.43,14.38,-1.91,7.639,False,True,True,0,0,0,0,True,
002577.SZ,002577,002577,雷柏科技,主板,深市,主板,801750.SI,计算机,801101.SI,计算机设备,计算机设备,L,20110428,5634,15.43,20.68,-1.1,19.231,False,True,True,0,0,0,0,True,
002578.SZ,002578,002578,闽发铝业,主板,深市,主板,801050.SI,有色金属,801055.SI,工业金属,工业金属,L,20110428,5634,15.43,4.14,-0.481,7.317,False,True,True,0,0,0,0,True,
002579.SZ,002579,002579,中京电子,主板,深市,主板,801080.SI,电子,801083.SI,元件,元件,L,20110506,5626,15.4,16.88,-5.698,10.169,False,True,True,0,0,0,0,True,
002580.SZ,002580,002580,圣阳股份,主板,深市,主板,801730.SI,电力设备,801737.SI,电池,电池,L,20110506,5626,15.4,19.52,4.385,7.895,False,True,True,0,0,0,0,True,
002581.SZ,002581,002581,*ST未名,主板,深市,主板,801150.SI,医药生物,801152.SI,生物制品,生物制品,L,20110520,5612,15.36,5.1,7.368,15.385,True,True,True,0,0,0,0,False,ST
002582.SZ,002582,002582,好想你,主板,深市,主板,801120.SI,食品饮料,801128.SI,休闲食品,休闲食品,L,20110520,5612,15.36,9.39,1.185,12.121,False,True,True,0,0,0,0,True,
002583.SZ,002583,002583,海能达,主板,深市,主板,801770.SI,通信,801102.SI,通信设备,通信设备,L,20110527,5605,15.35,8.07,2.411,8.434,False,True,True,0,0,0,0,True,
002584.SZ,002584,002584,西陇科学,主板,深市,主板,801080.SI,电子,801086.SI,电子化学品Ⅱ,电子化学品Ⅱ,L,20110602,5599,15.33,8.79,1.267,5.682,False,True,True,0,0,0,0,True,
002585.SZ,002585,002585,双星新材,主板,深市,主板,801030.SI,基础化工,801036.SI,塑料,塑料,L,20110602,5599,15.33,10.35,-2.999,14.953,False,True,True,0,0,0,0,True,
002586.SZ,002586,002586,围海股份,主板,深市,主板,801720.SI,建筑装饰,801723.SI,基础建设,基础建设,L,20110602,5599,15.33,3.62,-0.276,26.829,False,True,True,0,2,2,2,False,近60日停牌
002587.SZ,002587,002587,奥拓电子,主板,深市,主板,801080.SI,电子,801084.SI,光学光电子,光学光电子,L,20110610,5591,15.31,5.29,0.0,7.407,False,True,True,0,0,0,0,True,
002588.SZ,002588,002588,史丹利,主板,深市,主板,801030.SI,基础化工,801038.SI,农化制品,农化制品,L,20110610,5591,15.31,7.45,1.223,11.111,False,True,True,0,0,0,0,True,
002589.SZ,002589,002589,瑞康医药,主板,深市,主板,801150.SI,医药生物,801154.SI,医药商业,医药商业,L,20110610,5591,15.31,3.27,0.926,11.765,False,True,True,0,0,0,0,True,
002590.SZ,002590,002590,万安科技,主板,深市,主板,801880.SI,汽车,801093.SI,汽车零部件,汽车零部件,L,20110610,5591,15.31,9.55,-0.209,11.458,False,True,True,0,0,0,0,True,
002591.SZ,002591,002591,恒大高新,主板,深市,主板,801030.SI,基础化工,801034.SI,化学制品,化学制品,L,20110621,5580,15.28,6.51,-0.762,6.25,False,True,True,0,0,0,0,True,
002592.SZ,002592,002592,ST八菱,主板,深市,主板,801880.SI,汽车,801093.SI,汽车零部件,汽车零部件,L,20111111,5437,14.89,6.25,0.0,25.0,True,True,True,0,0,0,0,False,ST
002593.SZ,002593,002593,日上集团,主板,深市,主板,801720.SI,建筑装饰,801724.SI,专业工程,专业工程,L,20110628,5573,15.26,4.57,-0.652,6.667,False,True,True,0,0,0,0,True,
002594.SZ,002594,002594,比亚迪,主板,深市,主板,801880.SI,汽车,801095.SI,乘用车,乘用车,L,20110630,5571,15.25,83.31,1.573,11.594,False,True,True,0,0,0,0,True,
002595.SZ,002595,002595,豪迈科技,主板,深市,主板,801890.SI,机械设备,801074.SI,专用设备,专用设备,L,20110628,5573,15.26,38.4,0.078,43.411,False,True,True,0,0,0,0,True,
002596.SZ,002596,002596,海南瑞泽,主板,深市,主板,801710.SI,建筑材料,801711.SI,水泥,水泥,L,20110707,5564,15.23,3.22,-2.128,9.091,False,True,True,0,0,0,0,True,
002597.SZ,002597,002597,金禾实业,主板,深市,主板,801030.SI,基础化工,801034.SI,化学制品,化学制品,L,20110707,5564,15.23,21.23,-0.047,11.905,False,True,True,0,0,0,0,True,
002598.SZ,002598,002598,ST章鼓,主板,深市,主板,801890.SI,机械设备,801072.SI,通用设备,通用设备,L,20110707,5564,15.23,6.81,-0.147,13.433,True,True,True,0,0,0,0,False,ST
002599.SZ,002599,002599,盛通股份,主板,深市,主板,801140.SI,轻工制造,801141.SI,包装印刷,包装印刷,L,20110715,5556,15.21,5.5,-1.257,10.345,False,True,True,0,0,0,0,True,
002600.SZ,002600,002600,领益智造,主板,深市,主板,801080.SI,电子,801085.SI,消费电子,消费电子,L,20110715,5556,15.21,11.88,-0.835,21.429,False,True,True,0,0,0,0,True,
002601.SZ,002601,002601,龙佰集团,主板,深市,主板,801030.SI,基础化工,801033.SI,化学原料,化学原料,L,20110715,5556,15.21,14.71,0.616,13.75,False,True,True,0,0,0,0,True,
002602.SZ,002602,002602,世纪华通,主板,深市,主板,801760.SI,传媒,801764.SI,游戏Ⅱ,游戏Ⅱ,L,20110728,5543,15.18,13.8,-0.576,14.085,False,True,True,0,0,0,0,True,
002603.SZ,002603,002603,以岭药业,主板,深市,主板,801150.SI,医药生物,801155.SI,中药Ⅱ,中药Ⅱ,L,20110728,5543,15.18,15.35,2.197,9.091,False,True,True,0,0,0,0,True,
002605.SZ,002605,002605,姚记科技,主板,深市,主板,801760.SI,传媒,801764.SI,游戏Ⅱ,游戏Ⅱ,L,20110805,5535,15.15,16.47,0.243,13.953,False,True,True,0,0,0,0,True,
002606.SZ,002606,002606,大连电瓷,主板,深市,主板,801730.SI,电力设备,801738.SI,电网设备,电网设备,L,20110805,5535,15.15,11.95,0.929,11.024,False,True,True,0,0,0,0,True,
002607.SZ,002607,002607,中公教育,主板,深市,主板,801210.SI,社会服务,801994.SI,教育,教育,L,20110810,5530,15.14,1.85,0.543,20.0,False,True,True,0,0,0,0,True,
002608.SZ,002608,002608,江苏国信,主板,深市,主板,801160.SI,公用事业,801161.SI,电力,电力,L,20110810,5530,15.14,7.34,1.662,27.027,False,True,True,0,0,0,0,True,
002609.SZ,002609,002609,捷顺科技,主板,深市,主板,801750.SI,计算机,801103.SI,IT服务Ⅱ,IT服务Ⅱ,L,20110815,5525,15.13,7.87,-1.131,8.0,False,True,True,0,0,0,0,True,
002611.SZ,002611,002611,东方精工,主板,深市,主板,801890.SI,机械设备,801074.SI,专用设备,专用设备,L,20110830,5510,15.09,13.98,-3.119,12.329,False,True,True,0,0,0,0,True,
002612.SZ,002612,002612,朗姿股份,主板,深市,主板,801130.SI,纺织服饰,801132.SI,服装家纺,服装家纺,L,20110830,5510,15.09,16.72,-2.393,9.524,False,True,True,0,0,0,0,True,
002613.SZ,002613,002613,北玻股份,主板,深市,主板,801710.SI,建筑材料,801712.SI,玻璃玻纤,玻璃玻纤,L,20110830,5510,15.09,3.35,0.0,8.571,False,True,True,0,0,0,0,True,
002614.SZ,002614,002614,奥佳华,主板,深市,主板,801110.SI,家用电器,801117.SI,其他家电Ⅱ,其他家电Ⅱ,L,20110909,5500,15.06,7.76,-4.551,7.595,False,True,True,0,0,0,0,True,
002615.SZ,002615,002615,哈尔斯,主板,深市,主板,801140.SI,轻工制造,801142.SI,家居用品,家居用品,L,20110909,5500,15.06,6.23,-1.268,7.812,False,True,True,0,0,0,0,True,
002616.SZ,002616,002616,长青集团,主板,深市,主板,801160.SI,公用事业,801161.SI,电力,电力,L,20110920,5489,15.03,4.84,0.833,4.167,False,True,True,0,0,0,0,True,
002617.SZ,002617,002617,露笑科技,主板,深市,主板,801160.SI,公用事业,801161.SI,电力,电力,L,20110920,5489,15.03,6.9,1.77,8.824,False,True,True,0,0,0,0,True,
002620.SZ,002620,002620,*ST瑞和,主板,深市,主板,801720.SI,建筑装饰,801722.SI,装修装饰Ⅱ,装修装饰Ⅱ,L,20110929,5480,15.0,5.34,-0.928,17.857,True,True,True,0,0,0,0,False,ST
002622.SZ,002622,002622,皓宸医疗,主板,深市,主板,801150.SI,医药生物,801156.SI,医疗服务,医疗服务,L,20111018,5461,14.95,2.53,-0.394,7.692,False,True,True,0,0,0,0,True,
002623.SZ,002623,002623,亚玛顿,主板,深市,主板,801730.SI,电力设备,801735.SI,光伏设备,光伏设备,L,20111013,5466,14.97,17.99,-2.228,17.021,False,True,True,0,0,0,0,True,
002624.SZ,002624,002624,完美世界,主板,深市,主板,801760.SI,传媒,801764.SI,游戏Ⅱ,游戏Ⅱ,L,20111028,5451,14.92,9.71,1.463,17.143,False,True,True,0,0,0,0,True,
002625.SZ,002625,002625,光启技术,主板,深市,主板,801740.SI,国防军工,801742.SI,航空装备Ⅱ,航空装备Ⅱ,L,20111103,5445,14.91,23.57,2.926,31.707,False,True,True,0,0,0,0,True,
002626.SZ,002626,002626,金达威,主板,深市,主板,801120.SI,食品饮料,801124.SI,食品加工,食品加工,L,20111028,5451,14.92,16.13,1.065,14.815,False,True,True,0,0,0,0,True,
002627.SZ,002627,002627,三峡旅游,主板,深市,主板,801210.SI,社会服务,801993.SI,旅游及景区,旅游及景区,L,20111103,5445,14.91,6.55,0.306,11.765,False,True,True,0,0,0,0,True,
002628.SZ,002628,002628,成都路桥,主板,深市,主板,801720.SI,建筑装饰,801723.SI,基础建设,基础建设,L,20111103,5445,14.91,4.82,-0.823,9.804,False,True,True,0,0,0,0,True,
002629.SZ,002629,002629,仁智股份,主板,深市,主板,801960.SI,石油石化,801962.SI,油服工程,油服工程,L,20111103,5445,14.91,4.39,-0.454,11.364,False,True,True,0,0,0,0,True,
002630.SZ,002630,002630,*ST华西,主板,深市,主板,801730.SI,电力设备,801733.SI,其他电源设备Ⅱ,其他电源设备Ⅱ,L,20111111,5437,14.89,1.43,-2.055,26.667,True,True,True,0,0,0,0,False,ST
002631.SZ,002631,002631,德尔未来,主板,深市,主板,801140.SI,轻工制造,801142.SI,家居用品,家居用品,L,20111111,5437,14.89,13.48,0.298,22.388,False,True,True,0,0,0,0,True,
002632.SZ,002632,002632,道明光学,主板,深市,主板,801030.SI,基础化工,801036.SI,塑料,塑料,L,20111122,5426,14.86,8.94,-0.887,8.511,False,True,True,0,0,0,0,True,
002633.SZ,002633,002633,申科股份,主板,深市,主板,801890.SI,机械设备,801072.SI,通用设备,通用设备,L,20111122,5426,14.86,15.23,0.329,13.158,False,True,True,0,0,0,0,True,
002634.SZ,002634,002634,*ST棒杰,主板,深市,主板,801130.SI,纺织服饰,801132.SI,服装家纺,服装家纺,L,20111205,5413,14.82,3.92,0.256,14.286,True,True,True,0,0,0,0,False,ST
002635.SZ,002635,002635,安洁科技,主板,深市,主板,801080.SI,电子,801085.SI,消费电子,消费电子,L,20111125,5423,14.85,14.12,-4.336,9.934,False,True,True,0,0,0,0,True,
002636.SZ,002636,002636,金安国纪,主板,深市,主板,801080.SI,电子,801083.SI,元件,元件,L,20111125,5423,14.85,79.45,-4.312,7.778,False,True,True,0,0,0,0,True,
002637.SZ,002637,002637,赞宇科技,主板,深市,主板,801030.SI,基础化工,801034.SI,化学制品,化学制品,L,20111125,5423,14.85,10.37,2.877,23.894,False,True,True,0,0,0,0,True,
002638.SZ,002638,002638,勤上股份,主板,深市,主板,801110.SI,家用电器,801115.SI,照明设备Ⅱ,照明设备Ⅱ,L,20111125,5423,14.85,4.77,-3.636,20.455,False,True,True,0,0,0,0,True,
002639.SZ,002639,002639,雪人集团,主板,深市,主板,801890.SI,机械设备,801072.SI,通用设备,通用设备,L,20111205,5413,14.82,13.59,-1.877,5.674,False,True,True,0,0,0,0,True,
002640.SZ,002640,002640,跨境通,主板,深市,主板,801200.SI,商贸零售,801206.SI,互联网电商,互联网电商,L,20111208,5410,14.81,3.91,-0.761,5.263,False,True,True,0,0,0,0,True,
002641.SZ,002641,002641,公元股份,主板,深市,主板,801710.SI,建筑材料,801713.SI,装修建材,装修建材,L,20111208,5410,14.81,3.8,0.0,10.0,False,True,True,0,0,0,0,True,
002642.SZ,002642,002642,荣联科技,主板,深市,主板,801750.SI,计算机,801103.SI,IT服务Ⅱ,IT服务Ⅱ,L,20111220,5398,14.78,6.92,-1.001,7.042,False,True,True,0,0,0,0,True,
002643.SZ,002643,002643,万润股份,主板,深市,主板,801080.SI,电子,801086.SI,电子化学品Ⅱ,电子化学品Ⅱ,L,20111220,5398,14.78,12.52,-1.184,10.606,False,True,True,0,0,0,0,True,
002644.SZ,002644,002644,佛慈制药,主板,深市,主板,801150.SI,医药生物,801155.SI,中药Ⅱ,中药Ⅱ,L,20111222,5396,14.77,8.26,0.978,9.524,False,True,True,0,0,0,0,True,
002645.SZ,002645,002645,华宏科技,主板,深市,主板,801970.SI,环保,801972.SI,环保设备Ⅱ,环保设备Ⅱ,L,20111220,5398,14.78,16.85,-1.978,11.475,False,True,True,0,0,0,0,True,
002646.SZ,002646,002646,天佑德酒,主板,深市,主板,801120.SI,食品饮料,801125.SI,白酒Ⅱ,白酒Ⅱ,L,20111222,5396,14.77,7.14,1.133,11.429,False,True,True,0,0,0,0,True,
002647.SZ,002647,002647,仁东控股,主板,深市,主板,801790.SI,非银金融,801191.SI,多元金融,多元金融,L,20111228,5390,14.76,11.08,-2.293,9.649,False,True,True,0,0,0,0,True,
002648.SZ,002648,002648,卫星化学,主板,深市,主板,801030.SI,基础化工,801033.SI,化学原料,化学原料,L,20111228,5390,14.76,26.51,2.355,13.636,False,True,True,0,0,0,0,True,
002649.SZ,002649,002649,博彦科技,主板,深市,主板,801750.SI,计算机,801103.SI,IT服务Ⅱ,IT服务Ⅱ,L,20120106,5381,14.73,9.14,-0.544,10.309,False,True,True,0,0,0,0,True,
002650.SZ,002650,002650,ST加加,主板,深市,主板,801120.SI,食品饮料,801129.SI,调味发酵品Ⅱ,调味发酵品Ⅱ,L,20120106,5381,14.73,6.44,2.385,26.154,True,True,True,0,0,0,0,False,ST
002651.SZ,002651,002651,利君股份,主板,深市,主板,801740.SI,国防军工,801742.SI,航空装备Ⅱ,航空装备Ⅱ,L,20120106,5381,14.73,7.89,0.254,10.588,False,True,True,0,0,0,0,True,
002652.SZ,002652,002652,扬子新材,主板,深市,主板,801710.SI,建筑材料,801713.SI,装修建材,装修建材,L,20120119,5368,14.7,4.42,-1.996,15.217,False,True,True,0,0,0,0,True,
002653.SZ,002653,002653,海思科,主板,深市,主板,801150.SI,医药生物,801151.SI,化学制药,化学制药,L,20120117,5370,14.7,62.18,0.404,13.415,False,True,True,0,0,0,0,True,
002654.SZ,002654,002654,万润科技,主板,深市,主板,801080.SI,电子,801084.SI,光学光电子,光学光电子,L,20120217,5339,14.62,12.24,-3.241,11.594,False,True,True,0,0,0,0,True,
002655.SZ,002655,002655,共达电声,主板,深市,主板,801080.SI,电子,801085.SI,消费电子,消费电子,L,20120217,5339,14.62,32.54,-5.324,15.789,False,True,True,0,0,0,0,True,
002656.SZ,002656,002656,摩登大道,主板,深市,主板,801130.SI,纺织服饰,801132.SI,服装家纺,服装家纺,L,20120228,5328,14.59,2.83,0.355,10.345,False,True,True,0,0,2,2,False,近60日停牌
002657.SZ,002657,002657,中科金财,主板,深市,主板,801750.SI,计算机,801103.SI,IT服务Ⅱ,IT服务Ⅱ,L,20120228,5328,14.59,14.6,-1.683,10.256,False,True,True,0,0,0,0,True,
002658.SZ,002658,002658,雪迪龙,主板,深市,主板,801970.SI,环保,801972.SI,环保设备Ⅱ,环保设备Ⅱ,L,20120309,5318,14.56,7.13,-1.655,9.333,False,True,True,0,0,0,0,True,
002659.SZ,002659,002659,凯文教育,主板,深市,主板,801210.SI,社会服务,801994.SI,教育,教育,L,20120309,5318,14.56,4.7,-0.212,6.667,False,True,True,0,0,0,0,True,
002660.SZ,002660,002660,茂硕电源,主板,深市,主板,801080.SI,电子,801085.SI,消费电子,消费电子,L,20120316,5311,14.54,7.97,-1.117,7.595,False,True,True,0,0,0,0,True,
002661.SZ,002661,002661,克明食品,主板,深市,主板,801120.SI,食品饮料,801124.SI,食品加工,食品加工,L,20120316,5311,14.54,7.56,0.666,15.584,False,True,True,0,0,0,0,True,
002662.SZ,002662,002662,峰璟股份,主板,深市,主板,801880.SI,汽车,801093.SI,汽车零部件,汽车零部件,L,20120309,5318,14.56,3.12,0.0,21.212,False,True,True,0,0,0,0,True,
002663.SZ,002663,002663,普邦股份,主板,深市,主板,801720.SI,建筑装饰,801723.SI,基础建设,基础建设,L,20120316,5311,14.54,1.75,-0.568,17.647,False,True,True,0,0,0,0,True,
002664.SZ,002664,002664,信质集团,主板,深市,主板,801880.SI,汽车,801093.SI,汽车零部件,汽车零部件,L,20120316,5311,14.54,14.31,-0.07,25.806,False,True,True,0,0,0,0,True,
002666.SZ,002666,002666,德联集团,主板,深市,主板,801030.SI,基础化工,801034.SI,化学制品,化学制品,L,20120327,5300,14.51,4.21,-0.237,4.762,False,True,True,0,0,0,0,True,
002667.SZ,002667,002667,*ST威领,主板,深市,主板,801890.SI,机械设备,801074.SI,专用设备,专用设备,L,20120329,5298,14.51,,,,True,True,False,1,1,1,1,False,ST、近60日停牌、无最新行情
002668.SZ,002668,002668,TCL智家,主板,深市,主板,801110.SI,家用电器,801111.SI,白色家电,白色家电,L,20120416,5280,14.46,8.66,-0.115,14.894,False,True,True,0,0,0,0,True,
002669.SZ,002669,002669,康达新材,主板,深市,主板,801030.SI,基础化工,801034.SI,化学制品,化学制品,L,20120416,5280,14.46,13.73,-2.138,9.79,False,True,True,0,0,0,0,True,
002670.SZ,002670,002670,国盛证券,主板,深市,主板,801790.SI,非银金融,801193.SI,证券Ⅱ,证券Ⅱ,L,20120416,5280,14.46,11.18,-0.445,13.559,False,True,True,0,0,0,0,True,
002671.SZ,002671,002671,龙泉股份,主板,深市,主板,801710.SI,建筑材料,801711.SI,水泥,水泥,L,20120426,5270,14.43,4.06,0.0,5.0,False,True,True,0,0,0,0,True,
002672.SZ,002672,002672,东江环保,主板,深市,主板,801970.SI,环保,801971.SI,环境治理,环境治理,L,20120426,5270,14.43,3.7,0.543,16.667,False,True,True,0,0,0,0,True,
002673.SZ,002673,002673,西部证券,主板,深市,主板,801790.SI,非银金融,801193.SI,证券Ⅱ,证券Ⅱ,L,20120503,5263,14.41,6.59,0.0,18.182,False,True,True,0,0,0,0,True,
002674.SZ,002674,002674,兴业科技,主板,深市,主板,801130.SI,纺织服饰,801131.SI,纺织制造,纺织制造,L,20120507,5259,14.4,19.82,2.588,26.866,False,True,True,0,0,0,0,True,
002675.SZ,002675,002675,东诚药业,主板,深市,主板,801150.SI,医药生物,801151.SI,化学制药,化学制药,L,20120525,5241,14.35,12.9,1.177,6.25,False,True,True,0,0,0,0,True,
002676.SZ,002676,002676,顺威股份,主板,深市,主板,801110.SI,家用电器,801116.SI,家电零部件Ⅱ,家电零部件Ⅱ,L,20120525,5241,14.35,5.16,-0.578,7.692,False,True,True,0,0,0,0,True,
002677.SZ,002677,002677,浙江美大,主板,深市,主板,801110.SI,家用电器,801114.SI,厨卫电器,厨卫电器,L,20120525,5241,14.35,6.13,0.657,16.923,False,True,True,0,0,6,6,False,近60日停牌
002678.SZ,002678,002678,珠江钢琴,主板,深市,主板,801140.SI,轻工制造,801145.SI,文娱用品,文娱用品,L,20120530,5236,14.34,4.42,0.227,31.25,False,True,True,0,0,0,0,True,
002679.SZ,002679,002679,福建金森,主板,深市,主板,801010.SI,农林牧渔,801011.SI,林业Ⅱ,林业Ⅱ,L,20120605,5230,14.32,11.65,3.189,5.405,False,True,True,0,0,0,0,True,
002681.SZ,002681,002681,奋达科技,主板,深市,主板,801080.SI,电子,801085.SI,消费电子,消费电子,L,20120605,5230,14.32,4.44,-1.114,13.043,False,True,True,0,0,0,0,True,
002682.SZ,002682,002682,龙洲股份,主板,深市,主板,801170.SI,交通运输,801178.SI,物流,物流,L,20120612,5223,14.3,4.88,-0.813,8.0,False,True,True,0,0,0,0,True,
002683.SZ,002683,002683,广东宏大,主板,深市,主板,801030.SI,基础化工,801034.SI,化学制品,化学制品,L,20120612,5223,14.3,27.86,3.185,12.5,False,True,True,0,0,0,0,True,
002685.SZ,002685,002685,华东重机,主板,深市,主板,801890.SI,机械设备,801077.SI,工程机械,工程机械,L,20120612,5223,14.3,5.17,-1.711,9.091,False,True,True,0,0,0,0,True,
002686.SZ,002686,002686,亿利达,主板,深市,主板,801890.SI,机械设备,801072.SI,通用设备,通用设备,L,20120703,5202,14.24,6.08,-1.935,10.769,False,True,True,0,0,0,0,True,
002687.SZ,002687,002687,乔治白,主板,深市,主板,801130.SI,纺织服饰,801132.SI,服装家纺,服装家纺,L,20120713,5192,14.21,5.58,-1.064,13.333,False,True,True,0,0,0,0,True,
002688.SZ,002688,002688,金河生物,主板,深市,主板,801010.SI,农林牧渔,801018.SI,动物保健Ⅱ,动物保健Ⅱ,L,20120713,5192,14.21,5.2,1.167,9.615,False,True,True,0,0,0,0,True,
002689.SZ,002689,002689,ST远智,主板,深市,主板,801890.SI,机械设备,801074.SI,专用设备,专用设备,L,20120717,5188,14.2,2.93,0.687,37.931,True,True,True,0,0,0,0,False,ST
002690.SZ,002690,002690,美亚光电,主板,深市,主板,801890.SI,机械设备,801074.SI,专用设备,专用设备,L,20120731,5174,14.17,15.43,0.718,8.974,False,True,True,0,0,0,0,True,
002691.SZ,002691,002691,*ST冀凯,主板,深市,主板,801890.SI,机械设备,801074.SI,专用设备,专用设备,L,20120731,5174,14.17,3.96,-0.252,27.5,True,True,True,0,0,0,0,False,ST
002692.SZ,002692,002692,远程股份,主板,深市,主板,801730.SI,电力设备,801738.SI,电网设备,电网设备,L,20120808,5166,14.14,4.22,-1.632,14.286,False,True,True,0,0,0,0,True,
002693.SZ,002693,002693,双成药业,主板,深市,主板,801150.SI,医药生物,801151.SI,化学制药,化学制药,L,20120808,5166,14.14,9.22,2.902,7.609,False,True,True,0,0,0,0,True,
002694.SZ,002694,002694,*ST顾地,主板,深市,主板,801710.SI,建筑材料,801713.SI,装修建材,装修建材,L,20120816,5158,14.12,2.76,9.96,38.095,True,True,True,0,0,0,0,False,ST
002695.SZ,002695,002695,煌上煌,主板,深市,主板,801120.SI,食品饮料,801128.SI,休闲食品,休闲食品,L,20120905,5138,14.07,10.78,1.987,8.571,False,True,True,0,0,0,0,True,
002696.SZ,002696,002696,百洋股份,主板,深市,主板,801010.SI,农林牧渔,801014.SI,饲料,饲料,L,20120905,5138,14.07,6.58,-0.152,7.463,False,True,True,0,0,0,0,True,
002697.SZ,002697,002697,红旗连锁,主板,深市,主板,801200.SI,商贸零售,801203.SI,一般零售,一般零售,L,20120905,5138,14.07,4.73,1.285,6.383,False,True,True,0,0,0,0,True,
002698.SZ,002698,002698,博实股份,主板,深市,主板,801890.SI,机械设备,801078.SI,自动化设备,自动化设备,L,20120911,5132,14.05,11.1,0.726,17.073,False,True,True,0,0,0,0,True,
002700.SZ,002700,002700,万憬能源,主板,深市,主板,801160.SI,公用事业,801163.SI,燃气Ⅱ,燃气Ⅱ,L,20120921,5122,14.02,6.34,-0.627,11.111,False,True,True,0,0,0,0,True,
002701.SZ,002701,002701,奥瑞金,主板,深市,主板,801140.SI,轻工制造,801141.SI,包装印刷,包装印刷,L,20121011,5102,13.97,4.32,2.37,12.766,False,True,True,0,0,0,0,True,
002702.SZ,002702,002702,海欣食品,主板,深市,主板,801120.SI,食品饮料,801124.SI,食品加工,食品加工,L,20121011,5102,13.97,5.38,1.128,5.556,False,True,True,0,0,0,0,True,
002703.SZ,002703,002703,浙江世宝,主板,深市,主板,801880.SI,汽车,801093.SI,汽车零部件,汽车零部件,L,20121102,5080,13.91,15.65,3.164,8.974,False,True,True,0,0,0,0,True,
002705.SZ,002705,002705,新宝股份,主板,深市,主板,801110.SI,家用电器,801113.SI,小家电,小家电,L,20140121,4635,12.69,11.62,0.519,21.739,False,True,True,0,0,0,0,True,
002706.SZ,002706,002706,良信股份,主板,深市,主板,801730.SI,电力设备,801738.SI,电网设备,电网设备,L,20140121,4635,12.69,8.34,-1.068,13.333,False,True,True,0,0,0,0,True,
002707.SZ,002707,002707,众信旅游,主板,深市,主板,801210.SI,社会服务,801993.SI,旅游及景区,旅游及景区,L,20140123,4633,12.68,5.03,0.199,17.647,False,True,True,0,0,0,0,True,
002708.SZ,002708,002708,光洋股份,主板,深市,主板,801880.SI,汽车,801093.SI,汽车零部件,汽车零部件,L,20140121,4635,12.69,17.43,2.289,5.294,False,True,True,0,0,0,0,True,
002709.SZ,002709,002709,天赐材料,主板,深市,主板,801730.SI,电力设备,801737.SI,电池,电池,L,20140123,4633,12.68,31.2,0.386,19.048,False,True,True,0,0,0,0,True,
002712.SZ,002712,002712,思美传媒,主板,深市,主板,801760.SI,传媒,801765.SI,广告营销,广告营销,L,20140123,4633,12.68,5.0,-2.534,8.0,False,True,True,0,0,0,0,True,
002713.SZ,002713,002713,东易日盛,主板,深市,主板,801720.SI,建筑装饰,801722.SI,装修装饰Ⅱ,装修装饰Ⅱ,L,20140219,4606,12.61,9.8,-0.91,16.0,False,True,True,0,0,2,2,False,近60日停牌
002714.SZ,002714,002714,牧原股份,主板,深市,主板,801010.SI,农林牧渔,801017.SI,养殖业,养殖业,L,20140128,4628,12.67,42.45,0.378,11.765,False,True,True,0,0,0,0,True,
002715.SZ,002715,002715,登云股份,主板,深市,主板,801880.SI,汽车,801093.SI,汽车零部件,汽车零部件,L,20140219,4606,12.61,13.28,-0.15,11.765,False,True,True,0,0,0,0,True,
002716.SZ,002716,002716,湖南白银,主板,深市,主板,801050.SI,有色金属,801053.SI,贵金属,贵金属,L,20140128,4628,12.67,8.77,0.458,20.619,False,True,True,0,0,0,0,True,
002717.SZ,002717,002717,*ST岭南,主板,深市,主板,801720.SI,建筑装饰,801723.SI,基础建设,基础建设,L,20140219,4606,12.61,0.62,-10.145,57.143,True,True,True,0,0,0,0,False,ST
002718.SZ,002718,002718,友邦吊顶,主板,深市,主板,801710.SI,建筑材料,801713.SI,装修建材,装修建材,L,20140128,4628,12.67,79.57,-1.983,33.019,False,True,True,0,0,0,0,True,
002719.SZ,002719,002719,ST麦趣,主板,深市,主板,801120.SI,食品饮料,801128.SI,休闲食品,休闲食品,L,20140128,4628,12.67,6.18,1.645,14.286,True,True,True,0,0,0,0,False,ST
002721.SZ,002721,002721,金一文化,主板,深市,主板,801130.SI,纺织服饰,801133.SI,饰品,饰品,L,20140127,4629,12.67,2.59,0.388,14.286,False,True,True,0,0,0,0,True,
002722.SZ,002722,002722,物产金轮,主板,深市,主板,801890.SI,机械设备,801074.SI,专用设备,专用设备,L,20140128,4628,12.67,13.13,-0.455,10.0,False,True,True,0,0,0,0,True,
002723.SZ,002723,002723,小崧股份,主板,深市,主板,801110.SI,家用电器,801115.SI,照明设备Ⅱ,照明设备Ⅱ,L,20140129,4627,12.67,7.31,-1.482,9.333,False,True,True,0,0,0,0,True,
002724.SZ,002724,002724,海洋王,主板,深市,主板,801110.SI,家用电器,801115.SI,照明设备Ⅱ,照明设备Ⅱ,L,20141104,4348,11.9,6.98,-2.378,11.111,False,True,True,0,0,0,0,True,
002725.SZ,002725,002725,跃岭股份,主板,深市,主板,801880.SI,汽车,801093.SI,汽车零部件,汽车零部件,L,20140129,4627,12.67,10.81,-1.906,8.036,False,True,True,0,0,0,0,True,
002726.SZ,002726,002726,ST龙大,主板,深市,主板,801120.SI,食品饮料,801124.SI,食品加工,食品加工,L,20140626,4479,12.26,2.22,-6.723,16.0,True,True,True,0,0,0,0,False,ST
002727.SZ,002727,002727,一心堂,主板,深市,主板,801150.SI,医药生物,801154.SI,医药商业,医药商业,L,20140702,4473,12.25,10.72,0.752,10.811,False,True,True,0,0,0,0,True,
002728.SZ,002728,002728,特一药业,主板,深市,主板,801150.SI,医药生物,801155.SI,中药Ⅱ,中药Ⅱ,L,20140731,4444,12.17,9.91,1.955,9.474,False,True,True,0,0,0,0,True,
002729.SZ,002729,002729,好利科技,主板,深市,主板,801080.SI,电子,801082.SI,其他电子Ⅱ,其他电子Ⅱ,L,20140912,4401,12.05,13.63,-1.16,5.797,False,True,True,0,0,0,6,True,
002730.SZ,002730,002730,电光科技,主板,深市,主板,801890.SI,机械设备,801074.SI,专用设备,专用设备,L,20141009,4374,11.98,20.55,-0.821,12.987,False,True,True,0,0,0,0,True,
002731.SZ,002731,002731,*ST萃华,主板,深市,主板,801130.SI,纺织服饰,801133.SI,饰品,饰品,L,20141104,4348,11.9,,,,True,True,False,20,21,21,51,False,ST、近60日停牌、无最新行情
002732.SZ,002732,002732,燕塘乳业,主板,深市,主板,801120.SI,食品饮料,801127.SI,饮料乳品,饮料乳品,L,20141205,4317,11.82,14.27,0.493,14.286,False,True,True,0,0,0,0,True,
002733.SZ,002733,002733,雄韬股份,主板,深市,主板,801730.SI,电力设备,801737.SI,电池,电池,L,20141203,4319,11.82,17.17,-0.751,6.667,False,True,True,0,0,0,0,True,
002734.SZ,002734,002734,利民股份,主板,深市,主板,801030.SI,基础化工,801038.SI,农化制品,农化制品,L,20150127,4264,11.67,18.53,-0.59,16.489,False,True,True,0,0,0,0,True,
002735.SZ,002735,002735,王子新材,主板,深市,主板,801140.SI,轻工制造,801141.SI,包装印刷,包装印刷,L,20141203,4319,11.82,10.7,0.469,16.529,False,True,True,0,0,0,0,True,
002736.SZ,002736,002736,国信证券,主板,深市,主板,801790.SI,非银金融,801193.SI,证券Ⅱ,证券Ⅱ,L,20141229,4293,11.75,9.8,0.823,30.769,False,True,True,0,0,0,0,True,
002737.SZ,002737,002737,葵花药业,主板,深市,主板,801150.SI,医药生物,801155.SI,中药Ⅱ,中药Ⅱ,L,20141230,4292,11.75,11.4,1.968,17.187,False,True,True,0,0,0,0,True,
002738.SZ,002738,002738,中矿资源,主板,深市,主板,801050.SI,有色金属,801054.SI,小金属,小金属,L,20141230,4292,11.75,42.5,-1.87,21.053,False,True,True,0,0,0,0,True,
002739.SZ,002739,002739,儒意电影,主板,深市,主板,801760.SI,传媒,801766.SI,影视院线,影视院线,L,20150122,4269,11.69,8.22,-0.844,7.143,False,True,True,0,0,0,0,True,
002741.SZ,002741,002741,光华科技,主板,深市,主板,801080.SI,电子,801086.SI,电子化学品Ⅱ,电子化学品Ⅱ,L,20150216,4244,11.62,24.91,-6.0,9.848,False,True,True,0,0,0,0,True,
002742.SZ,002742,002742,冀衡医药,主板,深市,主板,801150.SI,医药生物,801151.SI,化学制药,化学制药,L,20150217,4243,11.62,4.16,1.463,9.524,False,True,True,0,0,0,0,True,
002743.SZ,002743,002743,ST富煌,主板,深市,主板,801720.SI,建筑装饰,801724.SI,专业工程,专业工程,L,20150217,4243,11.62,4.43,2.074,16.667,True,True,True,2,2,2,2,False,ST、近60日停牌
002745.SZ,002745,002745,木林森,主板,深市,主板,801080.SI,电子,801084.SI,光学光电子,光学光电子,L,20150217,4243,11.62,11.56,-2.612,10.169,False,True,True,0,0,0,0,True,
002746.SZ,002746,002746,仙坛股份,主板,深市,主板,801010.SI,农林牧渔,801017.SI,养殖业,养殖业,L,20150216,4244,11.62,6.22,0.161,9.524,False,True,True,0,0,0,0,True,
002747.SZ,002747,002747,埃斯顿,主板,深市,主板,801890.SI,机械设备,801078.SI,自动化设备,自动化设备,L,20150320,4212,11.53,28.22,0.213,10.811,False,True,True,0,0,0,0,True,
002748.SZ,002748,002748,世龙实业,主板,深市,主板,801030.SI,基础化工,801033.SI,化学原料,化学原料,L,20150319,4213,11.53,12.09,0.75,14.167,False,True,True,0,0,0,0,True,
002749.SZ,002749,002749,国光股份,主板,深市,主板,801030.SI,基础化工,801038.SI,农化制品,农化制品,L,20150320,4212,11.53,8.51,1.673,29.885,False,True,True,0,0,0,0,True,
002752.SZ,002752,002752,昇兴股份,主板,深市,主板,801140.SI,轻工制造,801141.SI,包装印刷,包装印刷,L,20150422,4179,11.44,6.09,0.995,8.197,False,True,True,0,0,0,0,True,
002753.SZ,002753,002753,永东股份,主板,深市,主板,801030.SI,基础化工,801037.SI,橡胶,橡胶,L,20150519,4152,11.37,6.74,0.898,5.97,False,True,True,0,0,0,0,True,
002755.SZ,002755,002755,奥赛康,主板,深市,主板,801150.SI,医药生物,801151.SI,化学制药,化学制药,L,20150515,4156,11.38,13.55,9.984,18.605,False,True,True,0,0,0,0,True,
002756.SZ,002756,002756,永兴材料,主板,深市,主板,801050.SI,有色金属,801056.SI,能源金属,能源金属,L,20150515,4156,11.38,38.99,0.88,17.5,False,True,True,0,0,0,0,True,
002757.SZ,002757,002757,南兴股份,主板,深市,主板,801890.SI,机械设备,801074.SI,专用设备,专用设备,L,20150527,4144,11.35,18.43,-2.332,10.995,False,True,True,0,0,0,0,True,
002758.SZ,002758,002758,浙农股份,主板,深市,主板,801030.SI,基础化工,801038.SI,农化制品,农化制品,L,20150527,4144,11.35,8.48,0.832,13.636,False,True,True,0,0,0,0,True,
002759.SZ,002759,002759,ST天际,主板,深市,主板,801730.SI,电力设备,801737.SI,电池,电池,L,20150528,4143,11.34,13.54,-0.806,24.503,True,True,True,0,0,2,2,False,ST、近60日停牌
002760.SZ,002760,002760,凤形股份,主板,深市,主板,801890.SI,机械设备,801072.SI,通用设备,通用设备,L,20150611,4129,11.3,18.05,1.405,8.475,False,True,True,0,0,0,0,True,
002761.SZ,002761,002761,浙江建投,主板,深市,主板,801720.SI,建筑装饰,801721.SI,房屋建设Ⅱ,房屋建设Ⅱ,L,20150610,4130,11.31,7.68,3.924,11.111,False,True,True,0,0,0,0,True,
002762.SZ,002762,002762,金发拉比,主板,深市,主板,801130.SI,纺织服饰,801132.SI,服装家纺,服装家纺,L,20150610,4130,11.31,9.26,-0.108,10.204,False,True,True,0,0,0,2,True,
002763.SZ,002763,002763,汇洁股份,主板,深市,主板,801130.SI,纺织服饰,801132.SI,服装家纺,服装家纺,L,20150610,4130,11.31,7.36,-0.136,6.757,False,True,True,0,0,0,0,True,
002765.SZ,002765,002765,蓝黛科技,主板,深市,主板,801880.SI,汽车,801093.SI,汽车零部件,汽车零部件,L,20150612,4128,11.3,6.75,-1.026,10.0,False,True,True,0,0,0,0,True,
002766.SZ,002766,002766,索菱股份,主板,深市,主板,801880.SI,汽车,801093.SI,汽车零部件,汽车零部件,L,20150611,4129,11.3,4.02,-0.248,9.524,False,True,True,0,0,0,0,True,
002767.SZ,002767,002767,先锋电子,主板,深市,主板,801890.SI,机械设备,801072.SI,通用设备,通用设备,L,20150612,4128,11.3,18.16,-1.251,9.945,False,True,True,0,0,0,0,True,
002768.SZ,002768,002768,国恩股份,主板,深市,主板,801030.SI,基础化工,801036.SI,塑料,塑料,L,20150630,4110,11.25,69.81,-1.704,15.217,False,True,True,0,0,0,0,True,
002769.SZ,002769,002769,普路通,主板,深市,主板,801170.SI,交通运输,801178.SI,物流,物流,L,20150629,4111,11.26,6.72,-1.466,16.176,False,True,True,0,0,0,0,True,
002771.SZ,002771,002771,真视通,主板,深市,主板,801750.SI,计算机,801103.SI,IT服务Ⅱ,IT服务Ⅱ,L,20150629,4111,11.26,13.64,-2.71,6.522,False,True,True,0,0,0,0,True,
002772.SZ,002772,002772,众兴菌业,主板,深市,主板,801010.SI,农林牧渔,801016.SI,种植业,种植业,L,20150626,4114,11.26,10.58,1.829,14.545,False,True,True,0,0,0,0,True,
002773.SZ,002773,002773,康弘药业,主板,深市,主板,801150.SI,医药生物,801152.SI,生物制品,生物制品,L,20150626,4114,11.26,21.8,-2.461,14.815,False,True,True,0,0,0,0,True,
002774.SZ,002774,002774,快意电梯,主板,深市,主板,801890.SI,机械设备,801074.SI,专用设备,专用设备,L,20170324,3477,9.52,17.31,3.282,10.059,False,True,True,0,0,0,0,True,
002775.SZ,002775,002775,文科股份,主板,深市,主板,801720.SI,建筑装饰,801723.SI,基础建设,基础建设,L,20150629,4111,11.26,3.44,0.585,14.286,False,True,True,0,0,0,0,True,
002777.SZ,002777,002777,久远银海,主板,深市,主板,801750.SI,计算机,801103.SI,IT服务Ⅱ,IT服务Ⅱ,L,20151231,3926,10.75,12.65,-0.394,6.25,False,True,True,0,0,0,0,True,
002778.SZ,002778,002778,中晟高科,主板,深市,主板,801970.SI,环保,801971.SI,环境治理,环境治理,L,20160106,3920,10.73,15.84,-0.252,13.208,False,True,True,0,0,0,0,True,
002779.SZ,002779,002779,中坚科技,主板,深市,主板,801890.SI,机械设备,801074.SI,专用设备,专用设备,L,20151209,3948,10.81,75.49,-1.126,14.545,False,True,True,0,0,0,0,True,
002780.SZ,002780,002780,三夫户外,主板,深市,主板,801130.SI,纺织服饰,801132.SI,服装家纺,服装家纺,L,20151209,3948,10.81,14.5,-0.956,10.274,False,True,True,0,0,0,0,True,
002782.SZ,002782,002782,可立克,主板,深市,主板,801080.SI,电子,801082.SI,其他电子Ⅱ,其他电子Ⅱ,L,20151222,3935,10.77,13.99,-2.509,10.526,False,True,True,0,0,0,0,True,
002783.SZ,002783,002783,凯龙股份,主板,深市,主板,801030.SI,基础化工,801034.SI,化学制品,化学制品,L,20151209,3948,10.81,8.13,0.994,7.595,False,True,True,0,0,0,0,True,
002785.SZ,002785,002785,万里石,主板,深市,主板,801710.SI,建筑材料,801713.SI,装修建材,装修建材,L,20151223,3934,10.77,33.91,-2.92,17.886,False,True,True,0,0,0,0,True,
002786.SZ,002786,002786,银宝山新,主板,深市,主板,801890.SI,机械设备,801074.SI,专用设备,专用设备,L,20151223,3934,10.77,7.56,-0.395,6.41,False,True,True,0,0,0,0,True,
002787.SZ,002787,002787,华源控股,主板,深市,主板,801140.SI,轻工制造,801141.SI,包装印刷,包装印刷,L,20151231,3926,10.75,25.51,0.433,11.811,False,True,True,0,0,0,0,True,
002788.SZ,002788,002788,鹭燕医药,主板,深市,主板,801150.SI,医药生物,801154.SI,医药商业,医药商业,L,20160218,3877,10.61,10.76,1.798,9.091,False,True,True,0,0,0,0,True,
002789.SZ,002789,002789,*ST建艺,主板,深市,主板,801720.SI,建筑装饰,801722.SI,装修装饰Ⅱ,装修装饰Ⅱ,L,20160311,3855,10.55,14.95,4.839,29.457,True,True,True,0,0,0,0,False,ST
002790.SZ,002790,002790,瑞尔特,主板,深市,主板,801140.SI,轻工制造,801142.SI,家居用品,家居用品,L,20160308,3858,10.56,6.44,-0.77,4.615,False,True,True,0,0,0,0,True,
002791.SZ,002791,002791,坚朗五金,主板,深市,主板,801710.SI,建筑材料,801713.SI,装修建材,装修建材,L,20160329,3837,10.51,15.95,1.787,8.333,False,True,True,0,0,0,0,True,
002792.SZ,002792,002792,通宇通讯,主板,深市,主板,801770.SI,通信,801102.SI,通信设备,通信设备,L,20160328,3838,10.51,28.82,-4.79,14.545,False,True,True,0,0,0,0,True,
002793.SZ,002793,002793,罗欣药业,主板,深市,主板,801150.SI,医药生物,801151.SI,化学制药,化学制药,L,20160415,3820,10.46,4.82,0.417,12.5,False,True,True,0,0,0,0,True,
002795.SZ,002795,002795,永和智控,主板,深市,主板,801890.SI,机械设备,801072.SI,通用设备,通用设备,L,20160428,3807,10.42,7.23,-2.297,9.333,False,True,True,0,0,0,0,True,
002796.SZ,002796,002796,世嘉科技,主板,深市,主板,801770.SI,通信,801102.SI,通信设备,通信设备,L,20160510,3795,10.39,25.94,-2.518,16.0,False,True,True,0,0,0,0,True,
002797.SZ,002797,002797,第一创业,主板,深市,主板,801790.SI,非银金融,801193.SI,证券Ⅱ,证券Ⅱ,L,20160511,3794,10.39,6.12,0.164,6.154,False,True,True,0,0,0,0,True,
002798.SZ,002798,002798,帝欧水华,主板,深市,主板,801140.SI,轻工制造,801142.SI,家居用品,家居用品,L,20160525,3780,10.35,6.58,-0.152,19.048,False,True,True,0,0,0,0,True,
002799.SZ,002799,002799,环球印务,主板,深市,主板,801140.SI,轻工制造,801141.SI,包装印刷,包装印刷,L,20160608,3766,10.31,7.32,-3.046,17.143,False,True,True,0,0,0,0,True,
002800.SZ,002800,002800,天顺股份,主板,深市,主板,801170.SI,交通运输,801178.SI,物流,物流,L,20160530,3775,10.34,14.98,0.604,14.286,False,True,True,0,0,0,0,True,
002801.SZ,002801,002801,微光股份,主板,深市,主板,801730.SI,电力设备,801731.SI,电机Ⅱ,电机Ⅱ,L,20160622,3752,10.27,26.61,-0.3,15.942,False,True,True,0,0,0,0,True,
002802.SZ,002802,002802,洪汇新材,主板,深市,主板,801030.SI,基础化工,801034.SI,化学制品,化学制品,L,20160629,3745,10.25,12.36,-0.483,15.833,False,True,True,0,0,0,0,True,
002803.SZ,002803,002803,吉宏股份,主板,深市,主板,801200.SI,商贸零售,801206.SI,互联网电商,互联网电商,L,20160712,3732,10.22,20.24,-4.483,6.931,False,True,True,0,0,0,0,True,
002805.SZ,002805,002805,丰元股份,主板,深市,主板,801730.SI,电力设备,801737.SI,电池,电池,L,20160707,3737,10.23,16.06,2.293,17.857,False,True,True,0,0,0,0,True,
002806.SZ,002806,002806,华锋股份,主板,深市,主板,801880.SI,汽车,801093.SI,汽车零部件,汽车零部件,L,20160726,3718,10.18,14.47,-3.211,6.0,False,True,True,0,0,0,0,True,
002807.SZ,002807,002807,江阴银行,主板,深市,主板,801780.SI,银行,801785.SI,农商行Ⅱ,农商行Ⅱ,L,20160902,3680,10.08,4.2,0.962,7.317,False,True,True,0,0,0,0,True,
002809.SZ,002809,002809,红墙股份,主板,深市,主板,801030.SI,基础化工,801034.SI,化学制品,化学制品,L,20160823,3690,10.1,8.57,0.234,7.143,False,True,True,0,0,0,0,True,
002810.SZ,002810,002810,山东赫达,主板,深市,主板,801030.SI,基础化工,801034.SI,化学制品,化学制品,L,20160826,3687,10.09,20.2,0.648,8.824,False,True,True,0,0,0,0,True,
002811.SZ,002811,002811,郑中设计,主板,深市,主板,801720.SI,建筑装饰,801722.SI,装修装饰Ⅱ,装修装饰Ⅱ,L,20160908,3674,10.06,16.97,3.35,18.239,False,True,True,0,0,0,0,True,
002812.SZ,002812,002812,恩捷股份,主板,深市,主板,801730.SI,电力设备,801737.SI,电池,电池,L,20160914,3668,10.04,45.51,-0.175,20.0,False,True,True,0,0,0,0,True,
002813.SZ,002813,002813,路畅科技,主板,深市,主板,801880.SI,汽车,801093.SI,汽车零部件,汽车零部件,L,20161012,3640,9.97,,,,False,True,False,1,1,1,1,False,近60日停牌、无最新行情
002815.SZ,002815,002815,崇达技术,主板,深市,主板,801080.SI,电子,801083.SI,元件,元件,L,20161012,3640,9.97,23.01,-5.851,10.084,False,True,True,0,0,0,0,True,
002816.SZ,002816,002816,*ST和科,主板,深市,主板,801890.SI,机械设备,801074.SI,专用设备,专用设备,L,20161025,3627,9.93,21.86,-0.183,20.513,True,True,True,0,0,0,0,False,ST
002817.SZ,002817,002817,黄山胶囊,主板,深市,主板,801150.SI,医药生物,801151.SI,化学制药,化学制药,L,20161025,3627,9.93,6.8,-0.585,10.606,False,True,True,0,0,0,0,True,
002818.SZ,002818,002818,富森美,主板,深市,主板,801200.SI,商贸零售,801203.SI,一般零售,一般零售,L,20161109,3612,9.89,11.22,0.809,8.571,False,True,True,0,0,0,0,True,
002819.SZ,002819,002819,东方中科,主板,深市,主板,801890.SI,机械设备,801072.SI,通用设备,通用设备,L,20161111,3610,9.88,23.73,-3.849,21.667,False,True,True,0,0,0,0,True,
002820.SZ,002820,002820,桂发祥,主板,深市,主板,801120.SI,食品饮料,801128.SI,休闲食品,休闲食品,L,20161118,3603,9.86,9.87,0.509,8.163,False,True,True,0,0,0,0,True,
002821.SZ,002821,002821,凯莱英,主板,深市,主板,801150.SI,医药生物,801156.SI,医疗服务,医疗服务,L,20161118,3603,9.86,188.62,5.304,11.765,False,True,True,0,0,0,0,True,
002822.SZ,002822,002822,ST中装,主板,深市,主板,801720.SI,建筑装饰,801722.SI,装修装饰Ⅱ,装修装饰Ⅱ,L,20161129,3592,9.83,2.97,-1.0,12.903,True,True,True,0,0,0,0,False,ST
002823.SZ,002823,002823,凯中精密,主板,深市,主板,801730.SI,电力设备,801731.SI,电机Ⅱ,电机Ⅱ,L,20161124,3597,9.85,12.72,-0.235,6.25,False,True,True,0,0,0,0,True,
002824.SZ,002824,002824,和胜股份,主板,深市,主板,801050.SI,有色金属,801055.SI,工业金属,工业金属,L,20170112,3548,9.71,24.16,-4.241,14.894,False,True,True,0,0,0,0,True,
002825.SZ,002825,002825,纳尔股份,主板,深市,主板,801030.SI,基础化工,801036.SI,塑料,塑料,L,20161129,3592,9.83,9.22,-0.324,18.085,False,True,True,0,0,0,0,True,
002826.SZ,002826,002826,易明医药,主板,深市,主板,801150.SI,医药生物,801151.SI,化学制药,化学制药,L,20161209,3582,9.81,17.59,-0.396,5.714,False,True,True,0,0,0,0,True,
002827.SZ,002827,002827,高争民爆,主板,深市,主板,801030.SI,基础化工,801034.SI,化学制品,化学制品,L,20161209,3582,9.81,59.0,-4.9,22.807,False,True,True,0,0,0,0,True,
002828.SZ,002828,002828,贝肯能源,主板,深市,主板,801960.SI,石油石化,801962.SI,油服工程,油服工程,L,20161208,3583,9.81,10.84,0.092,12.037,False,True,True,0,0,6,6,False,近60日停牌
002829.SZ,002829,002829,星网宇达,主板,深市,主板,801740.SI,国防军工,801741.SI,航天装备Ⅱ,航天装备Ⅱ,L,20161213,3578,9.8,19.17,-1.236,8.458,False,True,True,0,0,0,0,True,
002830.SZ,002830,002830,名雕股份,主板,深市,主板,801720.SI,建筑装饰,801722.SI,装修装饰Ⅱ,装修装饰Ⅱ,L,20161213,3578,9.8,14.88,-0.932,6.711,False,True,True,0,0,0,0,True,
002831.SZ,002831,002831,裕同科技,主板,深市,主板,801140.SI,轻工制造,801141.SI,包装印刷,包装印刷,L,20161216,3575,9.79,27.29,-1.905,11.594,False,True,True,0,0,0,0,True,
002832.SZ,002832,002832,比音勒芬,主板,深市,主板,801130.SI,纺织服饰,801132.SI,服装家纺,服装家纺,L,20161223,3568,9.77,25.93,2.571,7.143,False,True,True,0,0,0,0,True,
002833.SZ,002833,002833,弘亚数控,主板,深市,主板,801890.SI,机械设备,801074.SI,专用设备,专用设备,L,20161228,3563,9.75,19.33,2.929,8.242,False,True,True,0,0,0,0,True,
002835.SZ,002835,002835,同为股份,主板,深市,主板,801750.SI,计算机,801101.SI,计算机设备,计算机设备,L,20161228,3563,9.75,13.19,-0.678,10.236,False,True,True,0,0,0,0,True,
002836.SZ,002836,002836,新宏泽,主板,深市,主板,801140.SI,轻工制造,801141.SI,包装印刷,包装印刷,L,20161229,3562,9.75,12.12,-0.899,13.793,False,True,True,0,0,0,0,True,
002837.SZ,002837,002837,英维克,主板,深市,主板,801890.SI,机械设备,801074.SI,专用设备,专用设备,L,20161229,3562,9.75,53.95,-2.933,15.686,False,True,True,0,0,0,0,True,
002838.SZ,002838,002838,道恩股份,主板,深市,主板,801030.SI,基础化工,801036.SI,塑料,塑料,L,20170106,3554,9.73,24.55,1.741,16.667,False,True,True,0,0,0,0,True,
002839.SZ,002839,002839,张家港行,主板,深市,主板,801780.SI,银行,801785.SI,农商行Ⅱ,农商行Ⅱ,L,20170124,3536,9.68,4.31,1.412,4.651,False,True,True,0,0,0,0,True,
002840.SZ,002840,002840,华统股份,主板,深市,主板,801120.SI,食品饮料,801124.SI,食品加工,食品加工,L,20170110,3550,9.72,8.19,2.632,14.458,False,True,True,0,0,0,0,True,
002841.SZ,002841,002841,视源股份,主板,深市,主板,801080.SI,电子,801085.SI,消费电子,消费电子,L,20170119,3541,9.69,45.18,1.574,10.256,False,True,True,0,0,0,0,True,
002842.SZ,002842,002842,翔鹭钨业,主板,深市,主板,801050.SI,有色金属,801054.SI,小金属,小金属,L,20170119,3541,9.69,30.81,-0.901,12.139,False,True,True,0,0,0,0,True,
002843.SZ,002843,002843,泰嘉股份,主板,深市,主板,801890.SI,机械设备,801072.SI,通用设备,通用设备,L,20170120,3540,9.69,14.72,-1.142,9.259,False,True,True,0,0,0,0,True,
002845.SZ,002845,002845,同兴达,主板,深市,主板,801080.SI,电子,801084.SI,光学光电子,光学光电子,L,20170125,3535,9.68,13.59,-1.948,10.219,False,True,True,0,0,0,0,True,
002846.SZ,002846,002846,英联股份,主板,深市,主板,801140.SI,轻工制造,801141.SI,包装印刷,包装印刷,L,20170207,3522,9.64,11.5,-3.199,7.759,False,True,True,0,0,0,0,True,
002847.SZ,002847,002847,盐津铺子,主板,深市,主板,801120.SI,食品饮料,801128.SI,休闲食品,休闲食品,L,20170208,3521,9.64,43.41,1.307,19.231,False,True,True,0,0,0,0,True,
002848.SZ,002848,002848,高斯贝尔,主板,深市,主板,801110.SI,家用电器,801112.SI,黑色家电,黑色家电,L,20170213,3516,9.63,14.42,-3.091,5.263,False,True,True,0,0,0,2,True,
002849.SZ,002849,002849,威星智能,主板,深市,主板,801890.SI,机械设备,801072.SI,通用设备,通用设备,L,20170217,3512,9.62,21.37,-7.967,10.917,False,True,True,0,0,0,0,True,
002850.SZ,002850,002850,科达利,主板,深市,主板,801730.SI,电力设备,801737.SI,电池,电池,L,20170302,3499,9.58,155.8,-1.498,13.636,False,True,True,0,0,0,0,True,
002851.SZ,002851,002851,麦格米特,主板,深市,主板,801730.SI,电力设备,801733.SI,其他电源设备Ⅱ,其他电源设备Ⅱ,L,20170306,3495,9.57,115.72,-2.346,6.897,False,True,True,0,0,0,0,True,
002852.SZ,002852,002852,道道全,主板,深市,主板,801010.SI,农林牧渔,801012.SI,农产品加工,农产品加工,L,20170310,3491,9.56,8.69,1.046,9.524,False,True,True,0,0,0,0,True,
002853.SZ,002853,002853,皮阿诺,主板,深市,主板,801140.SI,轻工制造,801142.SI,家居用品,家居用品,L,20170310,3491,9.56,21.16,1.341,11.111,False,True,True,0,0,0,0,True,
002855.SZ,002855,002855,捷荣技术,主板,深市,主板,801080.SI,电子,801085.SI,消费电子,消费电子,L,20170321,3480,9.53,12.45,-1.033,19.231,False,True,True,0,0,0,0,True,
002856.SZ,002856,002856,*ST美芝,主板,深市,主板,801720.SI,建筑装饰,801722.SI,装修装饰Ⅱ,装修装饰Ⅱ,L,20170320,3481,9.53,20.22,10.011,29.592,True,True,True,0,0,0,0,False,ST
002857.SZ,002857,002857,三晖电气,主板,深市,主板,801730.SI,电力设备,801738.SI,电网设备,电网设备,L,20170323,3478,9.52,17.69,-0.618,16.854,False,True,True,0,0,0,0,True,
002858.SZ,002858,002858,力盛体育,主板,深市,主板,801210.SI,社会服务,801216.SI,体育Ⅱ,体育Ⅱ,L,20170324,3477,9.52,11.63,-0.257,6.897,False,True,True,0,0,0,0,True,
002859.SZ,002859,002859,洁美科技,主板,深市,主板,801080.SI,电子,801082.SI,其他电子Ⅱ,其他电子Ⅱ,L,20170407,3463,9.48,59.14,-1.071,11.712,False,True,True,0,0,0,0,True,
002860.SZ,002860,002860,星帅尔,主板,深市,主板,801110.SI,家用电器,801116.SI,家电零部件Ⅱ,家电零部件Ⅱ,L,20170412,3458,9.47,,,,False,True,False,6,6,6,6,False,近60日停牌、无最新行情
002861.SZ,002861,002861,瀛通通讯,主板,深市,主板,801080.SI,电子,801085.SI,消费电子,消费电子,L,20170413,3457,9.46,14.04,-1.474,12.838,False,True,True,0,0,0,0,True,
002862.SZ,002862,002862,实丰文化,主板,深市,主板,801140.SI,轻工制造,801145.SI,文娱用品,文娱用品,L,20170411,3459,9.47,14.66,-3.298,6.494,False,True,True,0,0,0,0,True,
002863.SZ,002863,002863,今飞凯达,主板,深市,主板,801880.SI,汽车,801093.SI,汽车零部件,汽车零部件,L,20170418,3452,9.45,4.76,-0.833,8.511,False,True,True,0,0,0,0,True,
002864.SZ,002864,002864,盘龙药业,主板,深市,主板,801150.SI,医药生物,801155.SI,中药Ⅱ,中药Ⅱ,L,20171116,3240,8.87,21.05,0.718,8.372,False,True,True,0,0,0,0,True,
002865.SZ,002865,002865,钧达股份,主板,深市,主板,801730.SI,电力设备,801735.SI,光伏设备,光伏设备,L,20170425,3445,9.43,36.44,1.194,14.894,False,True,True,0,0,0,0,True,
002866.SZ,002866,002866,传艺科技,主板,深市,主板,801080.SI,电子,801085.SI,消费电子,消费电子,L,20170426,3444,9.43,16.9,10.026,15.232,False,True,True,0,0,0,0,True,
002867.SZ,002867,002867,周大生,主板,深市,主板,801130.SI,纺织服饰,801133.SI,饰品,饰品,L,20170427,3443,9.43,10.14,0.895,18.261,False,True,True,0,0,0,0,True,
002868.SZ,002868,002868,绿康生化,主板,深市,主板,801010.SI,农林牧渔,801018.SI,动物保健Ⅱ,动物保健Ⅱ,L,20170503,3437,9.41,22.3,1.364,13.793,False,True,True,0,0,0,0,True,
002869.SZ,002869,002869,金溢科技,主板,深市,主板,801750.SI,计算机,801101.SI,计算机设备,计算机设备,L,20170515,3425,9.38,17.4,2.173,11.377,False,True,True,0,0,0,0,True,
002870.SZ,002870,002870,香山股份,主板,深市,主板,801880.SI,汽车,801093.SI,汽车零部件,汽车零部件,L,20170515,3425,9.38,45.51,-2.381,9.836,False,True,True,10,11,11,11,False,近60日停牌
002871.SZ,002871,002871,伟隆股份,主板,深市,主板,801890.SI,机械设备,801072.SI,通用设备,通用设备,L,20170511,3429,9.39,16.98,-2.638,13.333,False,True,True,0,0,0,0,True,
002872.SZ,002872,002872,ST天圣,主板,深市,主板,801150.SI,医药生物,801151.SI,化学制药,化学制药,L,20170519,3421,9.37,6.19,1.144,17.241,True,True,True,0,0,0,0,False,ST
002873.SZ,002873,002873,新天药业,主板,深市,主板,801150.SI,医药生物,801155.SI,中药Ⅱ,中药Ⅱ,L,20170519,3421,9.37,8.55,0.0,7.143,False,True,True,0,0,0,0,True,
002875.SZ,002875,002875,安奈儿,主板,深市,主板,801130.SI,纺织服饰,801132.SI,服装家纺,服装家纺,L,20170601,3408,9.33,12.7,-1.321,10.606,False,True,True,0,0,0,0,True,
002876.SZ,002876,002876,三利谱,主板,深市,主板,801080.SI,电子,801084.SI,光学光电子,光学光电子,L,20170525,3415,9.35,31.3,-0.096,9.615,False,True,True,0,0,0,0,True,
002877.SZ,002877,002877,智能自控,主板,深市,主板,801890.SI,机械设备,801072.SI,通用设备,通用设备,L,20170605,3404,9.32,7.46,-0.93,6.757,False,True,True,0,0,0,0,True,
002878.SZ,002878,002878,元隆雅图,主板,深市,主板,801760.SI,传媒,801765.SI,广告营销,广告营销,L,20170606,3403,9.32,12.68,-1.4,7.143,False,True,True,0,0,0,0,True,
002879.SZ,002879,002879,长缆科技,主板,深市,主板,801730.SI,电力设备,801738.SI,电网设备,电网设备,L,20170707,3372,9.23,16.88,-1.632,5.848,False,True,True,0,0,0,0,True,
002880.SZ,002880,002880,卫光生物,主板,深市,主板,801150.SI,医药生物,801152.SI,生物制品,生物制品,L,20170616,3393,9.29,22.23,2.301,21.818,False,True,True,0,0,0,0,True,
002881.SZ,002881,002881,美格智能,主板,深市,主板,801770.SI,通信,801102.SI,通信设备,通信设备,L,20170622,3387,9.27,42.41,1.097,13.514,False,True,True,0,0,0,0,True,
002882.SZ,002882,002882,金龙羽,主板,深市,主板,801730.SI,电力设备,801738.SI,电网设备,电网设备,L,20170717,3362,9.2,24.98,1.918,11.392,False,True,True,0,0,0,0,True,
002883.SZ,002883,002883,*ST中设,主板,深市,主板,801720.SI,建筑装饰,801726.SI,工程咨询服务Ⅱ,工程咨询服务Ⅱ,L,20170620,3389,9.28,9.14,-0.436,11.364,True,True,True,0,0,0,0,False,ST
002884.SZ,002884,002884,凌霄泵业,主板,深市,主板,801890.SI,机械设备,801072.SI,通用设备,通用设备,L,20170711,3368,9.22,15.38,0.786,11.25,False,True,True,0,0,0,0,True,
002885.SZ,002885,002885,京泉华,主板,深市,主板,801080.SI,电子,801082.SI,其他电子Ⅱ,其他电子Ⅱ,L,20170627,3382,9.26,25.78,-2.827,9.091,False,True,True,0,0,0,0,True,
002886.SZ,002886,002886,沃特股份,主板,深市,主板,801030.SI,基础化工,801036.SI,塑料,塑料,L,20170627,3382,9.26,23.64,-4.446,10.547,False,True,True,0,0,0,0,True,
002887.SZ,002887,002887,绿茵生态,主板,深市,主板,801970.SI,环保,801971.SI,环境治理,环境治理,L,20170801,3347,9.16,8.73,-1.244,12.766,False,True,True,0,0,0,0,True,
002888.SZ,002888,002888,惠威科技,主板,深市,主板,801080.SI,电子,801085.SI,消费电子,消费电子,L,20170721,3358,9.19,18.6,-0.641,10.526,False,True,True,0,0,0,0,True,
002889.SZ,002889,002889,东方嘉盛,主板,深市,主板,801170.SI,交通运输,801178.SI,物流,物流,L,20170731,3348,9.17,12.04,-0.331,8.197,False,True,True,0,0,0,0,True,
002890.SZ,002890,002890,弘宇股份,主板,深市,主板,801890.SI,机械设备,801074.SI,专用设备,专用设备,L,20170802,3346,9.16,15.13,-0.264,13.514,False,True,True,0,0,0,0,True,
002891.SZ,002891,002891,中宠股份,主板,深市,主板,801010.SI,农林牧渔,801014.SI,饲料,饲料,L,20170821,3327,9.11,27.73,1.501,14.634,False,True,True,0,0,0,0,True,
002892.SZ,002892,002892,科力尔,主板,深市,主板,801730.SI,电力设备,801731.SI,电机Ⅱ,电机Ⅱ,L,20170817,3331,9.12,8.52,-0.234,12.088,False,True,True,0,0,0,0,True,
002893.SZ,002893,002893,京能热力,主板,深市,主板,801160.SI,公用事业,801161.SI,电力,电力,L,20170915,3302,9.04,10.71,4.082,5.769,False,True,True,0,0,0,0,True,
002895.SZ,002895,002895,川恒股份,主板,深市,主板,801030.SI,基础化工,801038.SI,农化制品,农化制品,L,20170825,3323,9.1,30.35,1.234,12.195,False,True,True,0,0,0,0,True,
002896.SZ,002896,002896,中大力德,主板,深市,主板,801890.SI,机械设备,801072.SI,通用设备,通用设备,L,20170829,3319,9.09,59.62,-2.038,12.821,False,True,True,0,0,0,0,True,
002897.SZ,002897,002897,意华股份,主板,深市,主板,801770.SI,通信,801102.SI,通信设备,通信设备,L,20170907,3310,9.06,57.99,-0.804,18.367,False,True,True,0,0,0,0,True,
002899.SZ,002899,002899,英派斯,主板,深市,主板,801140.SI,轻工制造,801145.SI,文娱用品,文娱用品,L,20170915,3302,9.04,20.4,-0.391,8.955,False,True,True,0,0,0,0,True,
002900.SZ,002900,002900,哈三联,主板,深市,主板,801150.SI,医药生物,801151.SI,化学制药,化学制药,L,20170922,3295,9.02,12.97,-0.077,3.876,False,True,True,0,0,0,0,True,
002901.SZ,002901,002901,大博医疗,主板,深市,主板,801150.SI,医药生物,801153.SI,医疗器械,医疗器械,L,20170922,3295,9.02,40.86,0.74,15.909,False,True,True,0,0,0,0,True,
002902.SZ,002902,002902,铭普光磁,主板,深市,主板,801770.SI,通信,801102.SI,通信设备,通信设备,L,20170929,3288,9.0,25.64,-1.95,15.603,False,True,True,0,0,0,0,True,
002903.SZ,002903,002903,宇环数控,主板,深市,主板,801890.SI,机械设备,801072.SI,通用设备,通用设备,L,20171013,3274,8.96,27.97,-2.271,9.302,False,True,True,0,0,0,0,True,
002905.SZ,002905,002905,金逸影视,主板,深市,主板,801760.SI,传媒,801766.SI,影视院线,影视院线,L,20171016,3271,8.96,8.72,-1.469,16.667,False,True,True,0,0,0,0,True,
002906.SZ,002906,002906,华阳集团,主板,深市,主板,801880.SI,汽车,801093.SI,汽车零部件,汽车零部件,L,20171013,3274,8.96,26.62,-0.337,11.765,False,True,True,0,5,5,5,False,近60日停牌
002907.SZ,002907,002907,华森制药,主板,深市,主板,801150.SI,医药生物,801155.SI,中药Ⅱ,中药Ⅱ,L,20171020,3267,8.94,14.9,3.329,10.204,False,True,True,0,0,0,0,True,
002908.SZ,002908,002908,德生科技,主板,深市,主板,801750.SI,计算机,801103.SI,IT服务Ⅱ,IT服务Ⅱ,L,20171020,3267,8.94,7.03,-1.403,8.451,False,True,True,0,0,0,0,True,
002909.SZ,002909,002909,集泰股份,主板,深市,主板,801030.SI,基础化工,801034.SI,化学制品,化学制品,L,20171026,3261,8.93,6.71,-4.823,7.246,False,True,True,0,0,0,0,True,
002910.SZ,002910,002910,庄园牧场,主板,深市,主板,801120.SI,食品饮料,801127.SI,饮料乳品,饮料乳品,L,20171031,3256,8.91,10.31,2.079,8.911,False,True,True,0,0,0,0,True,
002911.SZ,002911,002911,佛燃能源,主板,深市,主板,801160.SI,公用事业,801163.SI,燃气Ⅱ,燃气Ⅱ,L,20171122,3234,8.85,11.21,0.719,40.351,False,True,True,0,0,0,0,True,
002912.SZ,002912,002912,中新赛克,主板,深市,主板,801750.SI,计算机,801101.SI,计算机设备,计算机设备,L,20171121,3235,8.86,26.6,-8.654,12.5,False,True,True,0,0,0,0,True,
002913.SZ,002913,002913,奥士康,主板,深市,主板,801080.SI,电子,801083.SI,元件,元件,L,20171201,3225,8.83,92.3,1.339,13.514,False,True,True,0,0,0,0,True,
002915.SZ,002915,002915,中欣氟材,主板,深市,主板,801030.SI,基础化工,801034.SI,化学制品,化学制品,L,20171205,3221,8.82,16.24,-0.184,10.112,False,True,True,0,0,0,0,True,
002916.SZ,002916,002916,深南电路,主板,深市,主板,801080.SI,电子,801083.SI,元件,元件,L,20171213,3213,8.8,373.01,-0.69,18.889,False,True,True,0,0,0,0,True,
002917.SZ,002917,002917,金奥博,主板,深市,主板,801030.SI,基础化工,801034.SI,化学制品,化学制品,L,20171208,3218,8.81,10.03,-0.298,7.767,False,True,True,0,0,0,0,True,
002918.SZ,002918,002918,蒙娜丽莎,主板,深市,主板,801140.SI,轻工制造,801142.SI,家居用品,家居用品,L,20171219,3207,8.78,10.64,1.141,7.273,False,True,True,0,0,0,0,True,
002919.SZ,002919,002919,名臣健康,主板,深市,主板,801760.SI,传媒,801764.SI,游戏Ⅱ,游戏Ⅱ,L,20171218,3208,8.78,15.59,-3.168,16.279,False,True,True,0,0,0,0,True,
002920.SZ,002920,002920,德赛西威,主板,深市,主板,801750.SI,计算机,801104.SI,软件开发,软件开发,L,20171226,3200,8.76,79.28,0.038,15.686,False,True,True,0,0,0,0,True,
002921.SZ,002921,002921,联诚精密,主板,深市,主板,801880.SI,汽车,801093.SI,汽车零部件,汽车零部件,L,20171227,3199,8.76,19.7,-0.656,12.857,False,True,True,0,0,0,0,True,
002922.SZ,002922,002922,伊戈尔,主板,深市,主板,801080.SI,电子,801082.SI,其他电子Ⅱ,其他电子Ⅱ,L,20171229,3197,8.75,21.44,-0.186,13.559,False,True,True,0,0,0,0,True,
002923.SZ,002923,002923,润都股份,主板,深市,主板,801150.SI,医药生物,801151.SI,化学制药,化学制药,L,20180105,3190,8.73,11.03,3.084,6.306,False,True,True,0,0,0,0,True,
002925.SZ,002925,002925,盈趣科技,主板,深市,主板,801080.SI,电子,801085.SI,消费电子,消费电子,L,20180115,3180,8.71,22.2,-1.333,10.39,False,True,True,0,0,0,0,True,
002926.SZ,002926,002926,华西证券,主板,深市,主板,801790.SI,非银金融,801193.SI,证券Ⅱ,证券Ⅱ,L,20180205,3159,8.65,8.15,0.0,8.434,False,True,True,0,0,0,0,True,
002927.SZ,002927,002927,泰永长征,主板,深市,主板,801730.SI,电力设备,801738.SI,电网设备,电网设备,L,20180223,3141,8.6,18.71,-3.007,12.5,False,True,True,0,0,0,0,True,
002928.SZ,002928,002928,华夏航空,主板,深市,主板,801170.SI,交通运输,801991.SI,航空机场,航空机场,L,20180302,3134,8.58,6.37,4.085,7.937,False,True,True,0,0,0,0,True,
002929.SZ,002929,002929,润建股份,主板,深市,主板,801770.SI,通信,801223.SI,通信服务,通信服务,L,20180301,3135,8.58,46.11,-2.701,9.375,False,True,True,0,0,0,0,True,
002930.SZ,002930,002930,宏川智慧,主板,深市,主板,801170.SI,交通运输,801178.SI,物流,物流,L,20180328,3108,8.51,8.93,-1.107,13.333,False,True,True,0,0,0,0,True,
002931.SZ,002931,002931,锋龙股份,主板,深市,主板,801890.SI,机械设备,801072.SI,通用设备,通用设备,L,20180403,3102,8.49,39.34,0.898,21.622,False,True,True,0,0,0,0,True,
002932.SZ,002932,002932,*ST明德,主板,深市,主板,801150.SI,医药生物,801153.SI,医疗器械,医疗器械,L,20180710,3004,8.22,15.33,1.188,15.789,True,True,True,0,0,0,0,False,ST
002933.SZ,002933,002933,新兴装备,主板,深市,主板,801740.SI,国防军工,801742.SI,航空装备Ⅱ,航空装备Ⅱ,L,20180828,2955,8.09,27.37,-2.04,11.852,False,True,True,0,0,0,0,True,
002935.SZ,002935,002935,天奥电子,主板,深市,主板,801740.SI,国防军工,801745.SI,军工电子Ⅱ,军工电子Ⅱ,L,20180903,2949,8.07,17.57,-2.982,25.287,False,True,True,0,0,0,0,True,
002936.SZ,002936,002936,郑州银行,主板,深市,主板,801780.SI,银行,801784.SI,城商行Ⅱ,城商行Ⅱ,L,20180919,2933,8.03,1.74,1.754,5.882,False,True,True,0,0,0,0,True,
002937.SZ,002937,002937,兴瑞科技,主板,深市,主板,801880.SI,汽车,801093.SI,汽车零部件,汽车零部件,L,20180926,2926,8.01,25.21,-3.705,12.632,False,True,True,0,0,0,0,True,
002938.SZ,002938,002938,鹏鼎控股,主板,深市,主板,801080.SI,电子,801083.SI,元件,元件,L,20180918,2934,8.03,79.55,-0.5,21.429,False,True,True,0,0,0,0,True,
002939.SZ,002939,002939,长城证券,主板,深市,主板,801790.SI,非银金融,801193.SI,证券Ⅱ,证券Ⅱ,L,20181026,2896,7.93,7.72,0.39,19.277,False,True,True,0,0,0,0,True,
002940.SZ,002940,002940,昂利康,主板,深市,主板,801150.SI,医药生物,801151.SI,化学制药,化学制药,L,20181023,2899,7.94,22.96,3.284,14.103,False,True,True,0,0,0,0,True,
002941.SZ,002941,002941,新疆交建,主板,深市,主板,801720.SI,建筑装饰,801723.SI,基础建设,基础建设,L,20181128,2863,7.84,10.54,0.765,11.321,False,True,True,0,0,0,0,True,
002942.SZ,002942,002942,新农股份,主板,深市,主板,801030.SI,基础化工,801038.SI,农化制品,农化制品,L,20181205,2856,7.82,17.06,3.206,15.294,False,True,True,0,0,0,0,True,
002943.SZ,002943,002943,宇晶股份,主板,深市,主板,801890.SI,机械设备,801072.SI,通用设备,通用设备,L,20181129,2862,7.84,28.28,-1.669,12.987,False,True,True,0,0,0,0,True,
002945.SZ,002945,002945,华林证券,主板,深市,主板,801790.SI,非银金融,801193.SI,证券Ⅱ,证券Ⅱ,L,20190117,2813,7.7,13.98,-1.062,26.174,False,True,True,0,0,0,0,True,
002946.SZ,002946,002946,新乳业,主板,深市,主板,801120.SI,食品饮料,801127.SI,饮料乳品,饮料乳品,L,20190125,2805,7.68,14.82,4.0,20.886,False,True,True,0,0,0,0,True,
002947.SZ,002947,002947,恒铭达,主板,深市,主板,801080.SI,电子,801085.SI,消费电子,消费电子,L,20190201,2798,7.66,55.98,-3.4,14.815,False,True,True,0,0,0,0,True,
002948.SZ,002948,002948,青岛银行,主板,深市,主板,801780.SI,银行,801784.SI,城商行Ⅱ,城商行Ⅱ,L,20190116,2814,7.7,6.15,1.653,13.333,False,True,True,0,0,0,0,True,
002949.SZ,002949,002949,华阳国际,主板,深市,主板,801720.SI,建筑装饰,801726.SI,工程咨询服务Ⅱ,工程咨询服务Ⅱ,L,20190226,2773,7.59,13.14,-4.367,10.606,False,True,True,0,0,0,0,True,
002950.SZ,002950,002950,奥美医疗,主板,深市,主板,801150.SI,医药生物,801153.SI,医疗器械,医疗器械,L,20190311,2760,7.56,8.54,1.425,10.0,False,True,True,0,0,0,0,True,
002951.SZ,002951,002951,金时科技,主板,深市,主板,801730.SI,电力设备,801733.SI,其他电源设备Ⅱ,其他电源设备Ⅱ,L,20190315,2756,7.55,15.61,-1.077,14.815,False,True,True,0,0,0,0,True,
002952.SZ,002952,002952,亚世光电,主板,深市,主板,801080.SI,电子,801084.SI,光学光电子,光学光电子,L,20190328,2743,7.51,19.05,-1.193,13.846,False,True,True,0,0,0,0,True,
002953.SZ,002953,002953,日丰股份,主板,深市,主板,801730.SI,电力设备,801738.SI,电网设备,电网设备,L,20190509,2701,7.39,9.87,-0.704,8.491,False,True,True,0,0,0,0,True,
002955.SZ,002955,002955,鸿合科技,主板,深市,主板,801080.SI,电子,801084.SI,光学光电子,光学光电子,L,20190523,2687,7.36,35.43,-1.665,12.397,False,True,True,0,0,0,0,True,
002956.SZ,002956,002956,西麦食品,主板,深市,主板,801120.SI,食品饮料,801128.SI,休闲食品,休闲食品,L,20190619,2660,7.28,17.57,0.688,11.494,False,True,True,0,0,0,0,True,
002957.SZ,002957,002957,科瑞技术,主板,深市,主板,801890.SI,机械设备,801078.SI,自动化设备,自动化设备,L,20190726,2623,7.18,35.28,-2.944,15.942,False,True,True,0,0,0,0,True,
002958.SZ,002958,002958,青农商行,主板,深市,主板,801780.SI,银行,801785.SI,农商行Ⅱ,农商行Ⅱ,L,20190326,2745,7.52,2.94,1.031,6.897,False,True,True,0,0,0,0,True,
002959.SZ,002959,002959,小熊电器,主板,深市,主板,801110.SI,家用电器,801113.SI,小家电,小家电,L,20190823,2595,7.1,35.52,-0.084,25.0,False,True,True,0,0,0,0,True,
002960.SZ,002960,002960,青鸟智控,主板,深市,主板,801890.SI,机械设备,801074.SI,专用设备,专用设备,L,20190809,2609,7.14,8.7,2.959,9.412,False,True,True,0,0,0,0,True,
002961.SZ,002961,002961,瑞达期货,主板,深市,主板,801790.SI,非银金融,801191.SI,多元金融,多元金融,L,20190905,2582,7.07,13.35,-1.33,8.889,False,True,True,0,0,0,0,True,
002962.SZ,002962,002962,五方光电,主板,深市,主板,801080.SI,电子,801084.SI,光学光电子,光学光电子,L,20190917,2570,7.04,16.17,10.0,13.605,False,True,True,0,0,0,0,True,
002963.SZ,002963,002963,豪尔赛,主板,深市,主板,801720.SI,建筑装饰,801722.SI,装修装饰Ⅱ,装修装饰Ⅱ,L,20191028,2529,6.92,21.59,-4.596,15.068,False,True,True,0,0,0,0,True,
002965.SZ,002965,002965,祥鑫科技,主板,深市,主板,801880.SI,汽车,801093.SI,汽车零部件,汽车零部件,L,20191025,2532,6.93,28.98,-3.4,13.333,False,True,True,0,0,0,0,True,
002966.SZ,002966,002966,苏州银行,主板,深市,主板,801780.SI,银行,801784.SI,城商行Ⅱ,城商行Ⅱ,L,20190802,2616,7.16,9.3,0.758,15.294,False,True,True,0,0,0,0,True,
002967.SZ,002967,002967,广电计量,主板,深市,主板,801210.SI,社会服务,801218.SI,专业服务,专业服务,L,20191108,2518,6.89,17.56,-0.51,18.182,False,True,True,0,0,0,0,True,
002968.SZ,002968,002968,新大正,主板,深市,主板,801180.SI,房地产,801183.SI,房地产服务,房地产服务,L,20191203,2493,6.83,10.14,2.528,12.5,False,True,True,0,0,0,0,True,
002969.SZ,002969,002969,嘉美包装,主板,深市,主板,801140.SI,轻工制造,801141.SI,包装印刷,包装印刷,L,20191202,2494,6.83,10.65,-0.746,19.355,False,True,True,0,0,0,5,True,
002970.SZ,002970,002970,锐明技术,主板,深市,主板,801750.SI,计算机,801101.SI,计算机设备,计算机设备,L,20191217,2479,6.79,41.7,2.583,17.778,False,True,True,0,0,0,0,True,
002971.SZ,002971,002971,和远气体,主板,深市,主板,801030.SI,基础化工,801034.SI,化学制品,化学制品,L,20200113,2452,6.71,38.6,-5.439,8.642,False,True,True,0,0,0,0,True,
002972.SZ,002972,002972,科安达,主板,深市,主板,801890.SI,机械设备,801076.SI,轨交设备Ⅱ,轨交设备Ⅱ,L,20191227,2469,6.76,13.0,-0.915,5.303,False,True,True,0,0,0,0,True,
002973.SZ,002973,002973,侨银股份,主板,深市,主板,801970.SI,环保,801971.SI,环境治理,环境治理,L,20200106,2459,6.73,11.59,-4.922,14.516,False,True,True,0,0,0,0,True,
002975.SZ,002975,002975,博杰股份,主板,深市,主板,801890.SI,机械设备,801078.SI,自动化设备,自动化设备,L,20200205,2429,6.65,101.95,-0.098,9.402,False,True,True,0,0,0,0,True,
002976.SZ,002976,002976,瑞玛精密,主板,深市,主板,801880.SI,汽车,801093.SI,汽车零部件,汽车零部件,L,20200306,2399,6.57,21.5,-5.702,15.2,False,True,True,0,0,0,0,True,
002977.SZ,002977,002977,*ST天箭,主板,深市,主板,801740.SI,国防军工,801745.SI,军工电子Ⅱ,军工电子Ⅱ,L,20200317,2388,6.54,18.43,-1.602,12.5,True,True,True,0,0,0,0,False,ST
002978.SZ,002978,002978,安宁股份,主板,深市,主板,801050.SI,有色金属,801054.SI,小金属,小金属,L,20200417,2357,6.45,25.05,1.623,25.0,False,True,True,0,0,0,0,True,
002979.SZ,002979,002979,雷赛智能,主板,深市,主板,801890.SI,机械设备,801078.SI,自动化设备,自动化设备,L,20200408,2366,6.48,52.47,1.372,9.945,False,True,True,0,0,0,0,True,
002980.SZ,002980,002980,华盛昌,主板,深市,主板,801730.SI,电力设备,801738.SI,电网设备,电网设备,L,20200415,2359,6.46,104.97,-1.548,15.302,False,True,True,0,0,0,0,True,
002981.SZ,002981,002981,朝阳科技,主板,深市,主板,801080.SI,电子,801085.SI,消费电子,消费电子,L,20200417,2357,6.45,23.23,-1.651,10.0,False,True,True,0,0,0,0,True,
002982.SZ,002982,002982,湘佳股份,主板,深市,主板,801010.SI,农林牧渔,801017.SI,养殖业,养殖业,L,20200424,2350,6.43,12.78,0.789,8.73,False,True,True,0,0,0,0,True,
002983.SZ,002983,002983,芯瑞达,主板,深市,主板,801080.SI,电子,801084.SI,光学光电子,光学光电子,L,20200428,2346,6.42,21.58,-1.551,16.822,False,True,True,0,0,0,0,True,
002984.SZ,002984,002984,森麒麟,主板,深市,主板,801880.SI,汽车,801093.SI,汽车零部件,汽车零部件,L,20200911,2210,6.05,13.02,1.402,13.043,False,True,True,0,0,0,0,True,
002985.SZ,002985,002985,北摩高科,主板,深市,主板,801740.SI,国防军工,801742.SI,航空装备Ⅱ,航空装备Ⅱ,L,20200429,2345,6.42,26.15,0.192,14.815,False,True,True,0,0,0,0,True,
002986.SZ,002986,002986,宇新股份,主板,深市,主板,801960.SI,石油石化,801963.SI,炼化及贸易,炼化及贸易,L,20200602,2311,6.33,12.57,-0.159,13.178,False,True,True,0,0,0,0,True,
002987.SZ,002987,002987,京北方,主板,深市,主板,801750.SI,计算机,801104.SI,软件开发,软件开发,L,20200507,2337,6.4,10.39,-1.889,13.158,False,True,True,0,0,0,0,True,
002988.SZ,002988,002988,豪美新材,主板,深市,主板,801050.SI,有色金属,801055.SI,工业金属,工业金属,L,20200518,2326,6.37,30.94,-0.451,26.0,False,True,True,0,0,0,0,True,
002989.SZ,002989,002989,中天精装,主板,深市,主板,801720.SI,建筑装饰,801722.SI,装修装饰Ⅱ,装修装饰Ⅱ,L,20200610,2303,6.31,22.61,-4.195,14.815,False,True,True,0,0,0,0,True,
002990.SZ,002990,002990,盛视科技,主板,深市,主板,801750.SI,计算机,801101.SI,计算机设备,计算机设备,L,20200525,2319,6.35,51.92,-4.03,10.227,False,True,True,0,0,0,0,True,
002991.SZ,002991,002991,甘源食品,主板,深市,主板,801120.SI,食品饮料,801128.SI,休闲食品,休闲食品,L,20200731,2252,6.17,38.57,4.582,13.158,False,True,True,0,0,0,0,True,
002992.SZ,002992,002992,宝明科技,主板,深市,主板,801080.SI,电子,801084.SI,光学光电子,光学光电子,L,20200803,2249,6.16,32.4,-2.115,39.08,False,True,True,0,0,0,0,True,
002993.SZ,002993,002993,奥海科技,主板,深市,主板,801080.SI,电子,801085.SI,消费电子,消费电子,L,20200817,2235,6.12,32.27,-1.736,12.162,False,True,True,0,0,0,0,True,
002995.SZ,002995,002995,天地在线,主板,深市,主板,801760.SI,传媒,801765.SI,广告营销,广告营销,L,20200805,2247,6.15,16.86,-2.712,8.046,False,True,True,0,0,0,0,True,
002996.SZ,002996,002996,顺博合金,主板,深市,主板,801050.SI,有色金属,801055.SI,工业金属,工业金属,L,20200828,2224,6.09,5.95,0.507,6.452,False,True,True,0,0,0,0,True,
002997.SZ,002997,002997,瑞鹄模具,主板,深市,主板,801880.SI,汽车,801093.SI,汽车零部件,汽车零部件,L,20200903,2218,6.07,26.39,2.685,11.429,False,True,True,0,0,0,0,True,
002998.SZ,002998,002998,优彩资源,主板,深市,主板,801030.SI,基础化工,801032.SI,化学纤维,化学纤维,L,20200925,2196,6.01,7.95,-0.501,8.75,False,True,True,6,6,6,6,False,近60日停牌
002999.SZ,002999,002999,天禾股份,主板,深市,主板,801030.SI,基础化工,801038.SI,农化制品,农化制品,L,20200903,2218,6.07,6.36,0.0,10.938,False,True,True,0,0,0,0,True,
003000.SZ,003000,003000,劲仔食品,主板,深市,主板,801120.SI,食品饮料,801128.SI,休闲食品,休闲食品,L,20200914,2207,6.04,9.61,2.452,11.224,False,True,True,0,0,0,0,True,
003001.SZ,003001,003001,中岩大地,主板,深市,主板,801720.SI,建筑装饰,801724.SI,专业工程,专业工程,L,20201013,2178,5.96,19.4,-4.995,7.767,False,True,True,0,0,0,0,True,
003002.SZ,003002,003002,壶化股份,主板,深市,主板,801030.SI,基础化工,801034.SI,化学制品,化学制品,L,20200922,2199,6.02,15.61,-1.7,23.214,False,True,True,0,0,0,0,True,
003003.SZ,003003,003003,天元股份,主板,深市,主板,801140.SI,轻工制造,801141.SI,包装印刷,包装印刷,L,20200921,2200,6.02,11.18,-0.886,7.339,False,True,True,0,0,0,0,True,
003004.SZ,003004,003004,声迅股份,主板,深市,主板,801750.SI,计算机,801101.SI,计算机设备,计算机设备,L,20201126,2134,5.84,60.22,-1.682,21.591,False,True,True,0,0,0,0,True,
003005.SZ,003005,003005,竞业达,主板,深市,主板,801750.SI,计算机,801103.SI,IT服务Ⅱ,IT服务Ⅱ,L,20200922,2199,6.02,14.93,-1.452,4.0,False,True,True,0,0,0,0,True,
003006.SZ,003006,003006,百亚股份,主板,深市,主板,801980.SI,美容护理,801981.SI,个护用品,个护用品,L,20200921,2200,6.02,23.12,6.495,8.108,False,True,True,0,0,0,0,True,
003007.SZ,003007,003007,直真科技,主板,深市,主板,801750.SI,计算机,801104.SI,软件开发,软件开发,L,20200923,2198,6.02,39.39,-2.861,6.122,False,True,True,0,0,0,0,True,
003008.SZ,003008,003008,开普检测,主板,深市,主板,801210.SI,社会服务,801218.SI,专业服务,专业服务,L,20200923,2198,6.02,19.84,-0.301,13.684,False,True,True,0,0,0,0,True,
003009.SZ,003009,003009,中天火箭,主板,深市,主板,801740.SI,国防军工,801741.SI,航天装备Ⅱ,航天装备Ⅱ,L,20200925,2196,6.01,44.05,-1.52,9.167,False,True,True,0,0,0,0,True,
003010.SZ,003010,003010,若羽臣,主板,深市,主板,801200.SI,商贸零售,801206.SI,互联网电商,互联网电商,L,20200925,2196,6.01,27.99,0.575,10.345,False,True,True,0,0,0,0,True,
003011.SZ,003011,003011,海象新材,主板,深市,主板,801140.SI,轻工制造,801142.SI,家居用品,家居用品,L,20200930,2191,6.0,19.73,-1.743,6.0,False,True,True,0,0,0,0,True,
003012.SZ,003012,003012,东鹏控股,主板,深市,主板,801140.SI,轻工制造,801142.SI,家居用品,家居用品,L,20201019,2172,5.95,4.74,2.376,19.149,False,True,True,0,0,0,0,True,
003013.SZ,003013,003013,地铁设计,主板,深市,主板,801720.SI,建筑装饰,801726.SI,工程咨询服务Ⅱ,工程咨询服务Ⅱ,L,20201022,2169,5.94,16.31,1.938,17.544,False,True,True,0,0,0,0,True,
003015.SZ,003015,003015,日久光电,主板,深市,主板,801080.SI,电子,801084.SI,光学光电子,光学光电子,L,20201021,2170,5.94,12.06,-1.792,12.397,False,True,True,0,0,0,0,True,
003016.SZ,003016,003016,欣贺股份,主板,深市,主板,801130.SI,纺织服饰,801132.SI,服装家纺,服装家纺,L,20201026,2165,5.93,7.42,-0.536,18.056,False,True,True,0,0,0,0,True,
003017.SZ,003017,003017,大洋生物,主板,深市,主板,801030.SI,基础化工,801033.SI,化学原料,化学原料,L,20201026,2165,5.93,22.63,0.533,8.036,False,True,True,0,0,0,0,True,
003018.SZ,003018,003018,金富科技,主板,深市,主板,801140.SI,轻工制造,801141.SI,包装印刷,包装印刷,L,20201106,2154,5.9,43.55,-3.115,12.857,False,True,True,0,0,0,0,True,
003019.SZ,003019,003019,宸展光电,主板,深市,主板,801080.SI,电子,801084.SI,光学光电子,光学光电子,L,20201117,2143,5.87,26.08,-2.175,16.667,False,True,True,0,0,0,0,True,
003020.SZ,003020,003020,立方制药,主板,深市,主板,801150.SI,医药生物,801151.SI,化学制药,化学制药,L,20201215,2115,5.79,17.26,1.829,10.169,False,True,True,0,0,0,0,True,
003021.SZ,003021,003021,兆威机电,主板,深市,主板,801730.SI,电力设备,801731.SI,电机Ⅱ,电机Ⅱ,L,20201204,2126,5.82,70.25,1.679,20.408,False,True,True,0,0,0,0,True,
003022.SZ,003022,003022,联泓新科,主板,深市,主板,801730.SI,电力设备,801735.SI,光伏设备,光伏设备,L,20201208,2122,5.81,18.16,-0.656,31.034,False,True,True,0,0,0,0,True,
003023.SZ,003023,003023,彩虹集团,主板,深市,主板,801110.SI,家用电器,801113.SI,小家电,小家电,L,20201211,2119,5.8,25.38,0.754,8.333,False,True,True,0,0,0,0,True,
003025.SZ,003025,003025,思进智能,主板,深市,主板,801890.SI,机械设备,801072.SI,通用设备,通用设备,L,20201211,2119,5.8,12.11,-1.062,10.569,False,True,True,0,0,0,0,True,
003026.SZ,003026,003026,中晶科技,主板,深市,主板,801080.SI,电子,801081.SI,半导体,半导体,L,20201218,2112,5.78,32.4,-2.761,9.412,False,True,True,0,0,0,0,True,
003027.SZ,003027,003027,同兴科技,主板,深市,主板,801970.SI,环保,801971.SI,环境治理,环境治理,L,20201218,2112,5.78,16.72,-0.654,11.585,False,True,True,0,0,0,0,True,
003028.SZ,003028,003028,振邦智能,主板,深市,主板,801110.SI,家用电器,801116.SI,家电零部件Ⅱ,家电零部件Ⅱ,L,20201228,2102,5.75,23.48,-1.386,9.091,False,True,True,0,0,0,0,True,
003029.SZ,003029,003029,吉大正元,主板,深市,主板,801750.SI,计算机,801104.SI,软件开发,软件开发,L,20201224,2106,5.77,17.51,-2.614,6.215,False,True,True,0,0,0,0,True,
003030.SZ,003030,003030,祖名股份,主板,深市,主板,801010.SI,农林牧渔,801012.SI,农产品加工,农产品加工,L,20210106,2093,5.73,25.79,-0.155,12.261,False,True,True,0,0,0,0,True,
003031.SZ,003031,003031,中瓷电子,主板,深市,主板,801770.SI,通信,801102.SI,通信设备,通信设备,L,20210104,2095,5.74,118.84,0.228,16.0,False,True,True,0,0,0,0,True,
003032.SZ,003032,003032,传智教育,主板,深市,主板,801210.SI,社会服务,801994.SI,教育,教育,L,20210112,2087,5.71,8.62,-0.691,12.222,False,True,True,0,0,0,2,True,
003033.SZ,003033,003033,征和工业,主板,深市,主板,801880.SI,汽车,801881.SI,摩托车及其他,摩托车及其他,L,20210111,2088,5.72,84.12,-2.853,24.107,False,True,True,0,0,0,0,True,
003035.SZ,003035,003035,南网能源,主板,深市,主板,801160.SI,公用事业,801161.SI,电力,电力,L,20210119,2080,5.69,5.34,1.521,31.579,False,True,True,0,0,0,0,True,
003036.SZ,003036,003036,泰坦股份,主板,深市,主板,801890.SI,机械设备,801074.SI,专用设备,专用设备,L,20210128,2071,5.67,44.23,-4.8,17.647,False,True,True,0,0,0,0,True,
003037.SZ,003037,003037,三和管桩,主板,深市,主板,801710.SI,建筑材料,801711.SI,水泥,水泥,L,20210204,2064,5.65,5.86,0.0,27.119,False,True,True,0,0,0,0,True,
003038.SZ,003038,003038,鑫铂股份,主板,深市,主板,801050.SI,有色金属,801055.SI,工业金属,工业金属,L,20210210,2058,5.63,10.69,-0.835,7.407,False,True,True,0,0,0,0,True,
003039.SZ,003039,003039,顺控发展,主板,深市,主板,801970.SI,环保,801971.SI,环境治理,环境治理,L,20210308,2032,5.56,12.49,0.0,16.923,False,True,True,0,0,0,0,True,
003040.SZ,003040,003040,楚天龙,主板,深市,主板,801770.SI,通信,801102.SI,通信设备,通信设备,L,20210322,2018,5.52,14.39,1.338,6.294,False,True,True,0,0,0,0,True,
003041.SZ,003041,003041,真爱美家,主板,深市,主板,801130.SI,纺织服饰,801132.SI,服装家纺,服装家纺,L,20210406,2003,5.48,38.92,-0.664,15.19,False,True,True,0,0,0,0,True,
003042.SZ,003042,003042,中农联合,主板,深市,主板,801030.SI,基础化工,801038.SI,农化制品,农化制品,L,20210406,2003,5.48,14.4,0.911,7.639,False,True,True,0,0,0,0,True,
003043.SZ,003043,003043,华亚智能,主板,深市,主板,801080.SI,电子,801081.SI,半导体,半导体,L,20210406,2003,5.48,60.4,1.649,16.038,False,True,True,0,0,0,0,True,
003816.SZ,003816,003816,中国广核,主板,深市,主板,801160.SI,公用事业,801161.SI,电力,电力,L,20190826,2592,7.1,4.23,0.475,17.5,False,True,True,0,0,0,0,True,
600000.SH,600000,600000,浦发银行,主板,沪市,主板,801780.SI,银行,801783.SI,股份制银行Ⅱ,股份制银行Ⅱ,L,19991110,9821,26.89,9.48,3.268,42.268,False,True,True,0,0,0,0,True,
600004.SH,600004,600004,白云机场,主板,沪市,主板,801170.SI,交通运输,801991.SI,航空机场,航空机场,L,20030428,8556,23.43,7.76,1.971,23.077,False,True,True,0,0,0,0,True,
600006.SH,600006,600006,东风股份,主板,沪市,主板,801880.SI,汽车,801096.SI,商用车,商用车,L,19990727,9927,27.18,5.73,2.688,25.455,False,True,True,0,0,0,0,True,
600007.SH,600007,600007,中国国贸,主板,沪市,主板,801180.SI,房地产,801181.SI,房地产开发,房地产开发,L,19990312,10064,27.55,20.5,0.737,14.062,False,True,True,0,0,0,0,True,
600008.SH,600008,600008,首创环保,主板,沪市,主板,801970.SI,环保,801971.SI,环境治理,环境治理,L,20000427,9652,26.43,2.73,0.738,10.714,False,True,True,0,0,0,0,True,
600009.SH,600009,600009,上海机场,主板,沪市,主板,801170.SI,交通运输,801991.SI,航空机场,航空机场,L,19980218,10451,28.61,22.58,0.894,37.931,False,True,True,0,0,0,0,True,
600010.SH,600010,600010,包钢股份,主板,沪市,主板,801040.SI,钢铁,801044.SI,普钢,普钢,L,20010309,9336,25.56,2.09,0.481,9.091,False,True,True,0,0,0,0,True,
600011.SH,600011,600011,华能国际,主板,沪市,主板,801160.SI,公用事业,801161.SI,电力,电力,L,20011206,9064,24.82,7.04,1.295,11.429,False,True,True,0,0,0,0,True,
600012.SH,600012,600012,皖通高速,主板,沪市,主板,801170.SI,交通运输,801179.SI,铁路公路,铁路公路,L,20030107,8667,23.73,15.58,0.711,18.519,False,True,True,0,0,0,0,True,
600015.SH,600015,600015,华夏银行,主板,沪市,主板,801780.SI,银行,801783.SI,股份制银行Ⅱ,股份制银行Ⅱ,L,20030912,8419,23.05,6.27,0.966,9.375,False,True,True,0,0,0,0,True,
600016.SH,600016,600016,民生银行,主板,沪市,主板,801780.SI,银行,801783.SI,股份制银行Ⅱ,股份制银行Ⅱ,L,20001219,9416,25.78,3.51,1.153,8.824,False,True,True,0,0,0,0,True,
600017.SH,600017,600017,日照港,主板,沪市,主板,801170.SI,交通运输,801992.SI,航运港口,航运港口,L,20061017,7288,19.95,2.83,0.712,10.714,False,True,True,0,0,0,0,True,
600018.SH,600018,600018,上港集团,主板,沪市,主板,801170.SI,交通运输,801992.SI,航运港口,航运港口,L,20061026,7279,19.93,5.45,0.368,15.686,False,True,True,0,0,0,0,True,
600019.SH,600019,600019,宝钢股份,主板,沪市,主板,801040.SI,钢铁,801044.SI,普钢,普钢,L,20001212,9423,25.8,5.93,1.367,20.69,False,True,True,0,0,0,0,True,
600020.SH,600020,600020,中原高速,主板,沪市,主板,801170.SI,交通运输,801179.SI,铁路公路,铁路公路,L,20030808,8454,23.15,3.87,1.044,7.895,False,True,True,0,0,0,0,True,
600021.SH,600021,600021,上海电力,主板,沪市,主板,801160.SI,公用事业,801161.SI,电力,电力,L,20031029,8372,22.92,13.25,3.678,17.021,False,True,True,0,0,0,0,True,
600022.SH,600022,600022,山东钢铁,主板,沪市,主板,801040.SI,钢铁,801044.SI,普钢,普钢,L,20040629,8128,22.25,1.31,0.769,15.385,False,True,True,0,0,0,0,True,
600023.SH,600023,600023,浙能电力,主板,沪市,主板,801160.SI,公用事业,801161.SI,电力,电力,L,20131219,4668,12.78,5.22,0.772,19.608,False,True,True,0,0,0,0,True,
600025.SH,600025,600025,华能水电,主板,沪市,主板,801160.SI,公用事业,801161.SI,电力,电力,L,20171215,3211,8.79,9.89,1.125,18.75,False,True,True,0,0,0,0,True,
600026.SH,600026,600026,中远海能,主板,沪市,主板,801170.SI,交通运输,801992.SI,航运港口,航运港口,L,20020523,8896,24.36,20.56,1.431,23.529,False,True,True,0,0,0,0,True,
600027.SH,600027,600027,华电国际,主板,沪市,主板,801160.SI,公用事业,801161.SI,电力,电力,L,20050203,7909,21.65,4.95,1.852,12.5,False,True,True,0,0,0,0,True,
600028.SH,600028,600028,中国石化,主板,沪市,主板,801960.SI,石油石化,801963.SI,炼化及贸易,炼化及贸易,L,20010808,9184,25.14,5.28,1.931,30.769,False,True,True,0,0,0,0,True,
600029.SH,600029,600029,南方航空,主板,沪市,主板,801170.SI,交通运输,801991.SI,航空机场,航空机场,L,20030725,8468,23.18,4.92,1.653,23.077,False,True,True,0,0,0,0,True,
600030.SH,600030,600030,中信证券,主板,沪市,主板,801790.SI,非银金融,801193.SI,证券Ⅱ,证券Ⅱ,L,20030106,8668,23.73,25.86,0.155,7.609,False,True,True,0,0,0,0,True,
600031.SH,600031,600031,三一重工,主板,沪市,主板,801890.SI,机械设备,801077.SI,工程机械,工程机械,L,20030703,8490,23.24,17.49,2.521,13.158,False,True,True,0,0,0,0,True,
600032.SH,600032,600032,浙江新能,主板,沪市,主板,801160.SI,公用事业,801161.SI,电力,电力,L,20210525,1954,5.35,7.7,-5.753,15.068,False,True,True,0,0,0,0,True,
600033.SH,600033,600033,福建高速,主板,沪市,主板,801170.SI,交通运输,801179.SI,铁路公路,铁路公路,L,20010209,9364,25.64,3.67,1.381,8.333,False,True,True,0,0,0,0,True,
600035.SH,600035,600035,楚天高速,主板,沪市,主板,801170.SI,交通运输,801179.SI,铁路公路,铁路公路,L,20040310,8239,22.56,3.74,1.63,8.333,False,True,True,0,0,0,0,True,
600036.SH,600036,600036,招商银行,主板,沪市,主板,801780.SI,银行,801783.SI,股份制银行Ⅱ,股份制银行Ⅱ,L,20020409,8940,24.48,41.26,1.851,14.583,False,True,True,0,0,0,0,True,
600037.SH,600037,600037,歌华有线,主板,沪市,主板,801760.SI,传媒,801995.SI,电视广播Ⅱ,电视广播Ⅱ,L,20010208,9365,25.64,7.07,0.142,11.765,False,True,True,0,0,0,0,True,
600038.SH,600038,600038,中直股份,主板,沪市,主板,801740.SI,国防军工,801742.SI,航空装备Ⅱ,航空装备Ⅱ,L,20001218,9417,25.78,27.06,1.729,17.647,False,True,True,0,0,0,0,True,
600039.SH,600039,600039,四川路桥,主板,沪市,主板,801720.SI,建筑装饰,801723.SI,基础建设,基础建设,L,20030325,8590,23.52,8.73,0.46,22.989,False,True,True,0,0,0,0,True,
600048.SH,600048,600048,保利发展,主板,沪市,主板,801180.SI,房地产,801181.SI,房地产开发,房地产开发,L,20060731,7366,20.17,5.77,-1.199,15.094,False,True,True,0,0,0,0,True,
600050.SH,600050,600050,中国联通,主板,沪市,主板,801770.SI,通信,801223.SI,通信服务,通信服务,L,20021009,8757,23.98,4.23,1.439,18.182,False,True,True,0,0,0,0,True,
600051.SH,600051,600051,宁波联合,主板,沪市,主板,801230.SI,综合,801231.SI,综合Ⅱ,综合Ⅱ,L,19970410,10765,29.47,6.38,-0.157,8.065,False,True,True,0,0,0,0,True,
600052.SH,600052,600052,东望时代,主板,沪市,主板,801160.SI,公用事业,801161.SI,电力,电力,L,19970415,10760,29.46,3.82,0.526,10.526,False,True,True,0,0,0,0,True,
600053.SH,600053,600053,*ST九鼎,主板,沪市,主板,801790.SI,非银金融,801191.SI,多元金融,多元金融,L,19970418,10757,29.45,7.77,1.04,93.75,True,True,True,0,0,0,0,False,ST
600054.SH,600054,600054,黄山旅游,主板,沪市,主板,801210.SI,社会服务,801993.SI,旅游及景区,旅游及景区,L,19970506,10739,29.4,10.5,-0.285,8.929,False,True,True,0,0,0,0,True,
600055.SH,600055,600055,万东医疗,主板,沪市,主板,801150.SI,医药生物,801153.SI,医疗器械,医疗器械,L,19970519,10726,29.37,10.6,1.727,37.5,False,True,True,0,0,0,0,True,
600056.SH,600056,600056,中国医药,主板,沪市,主板,801150.SI,医药生物,801154.SI,医药商业,医药商业,L,19970515,10730,29.38,8.88,1.139,9.677,False,True,True,0,0,0,0,True,
600057.SH,600057,600057,厦门象屿,主板,沪市,主板,801170.SI,交通运输,801178.SI,物流,物流,L,19970604,10710,29.32,6.11,1.833,14.286,False,True,True,0,0,0,0,True,
600058.SH,600058,600058,五矿发展,主板,沪市,主板,801200.SI,商贸零售,801202.SI,贸易Ⅱ,贸易Ⅱ,L,19970528,10717,29.34,8.52,-0.467,24.0,False,True,True,0,0,0,0,True,
600059.SH,600059,600059,古越龙山,主板,沪市,主板,801120.SI,食品饮料,801126.SI,非白酒,非白酒,L,19970516,10729,29.37,12.27,10.045,11.504,False,True,True,0,0,0,0,True,
600060.SH,600060,600060,海信视像,主板,沪市,主板,801110.SI,家用电器,801112.SI,黑色家电,黑色家电,L,19970422,10753,29.44,27.45,0.808,13.187,False,True,True,0,0,0,0,True,
600061.SH,600061,600061,国投资本,主板,沪市,主板,801790.SI,非银金融,801193.SI,证券Ⅱ,证券Ⅱ,L,19970519,10726,29.37,6.19,0.65,15.625,False,True,True,0,0,0,0,True,
600062.SH,600062,600062,华润双鹤,主板,沪市,主板,801150.SI,医药生物,801151.SI,化学制药,化学制药,L,19970522,10723,29.36,16.24,2.01,12.963,False,True,True,0,0,0,0,True,
600063.SH,600063,600063,皖维高新,主板,沪市,主板,801030.SI,基础化工,801032.SI,化学纤维,化学纤维,L,19970528,10717,29.34,5.34,-0.187,8.772,False,True,True,0,0,0,0,True,
600064.SH,600064,600064,南京高科,主板,沪市,主板,801180.SI,房地产,801181.SI,房地产开发,房地产开发,L,19970506,10739,29.4,8.04,3.742,9.091,False,True,True,0,0,0,0,True,
600066.SH,600066,600066,宇通客车,主板,沪市,主板,801880.SI,汽车,801096.SI,商用车,商用车,L,19970508,10737,29.4,26.72,1.443,23.288,False,True,True,0,0,0,0,True,
600067.SH,600067,600067,冠城新材,主板,沪市,主板,801730.SI,电力设备,801738.SI,电网设备,电网设备,L,19970508,10737,29.4,2.66,1.527,11.111,False,True,True,0,0,0,0,True,
600071.SH,600071,600071,凤凰光学,主板,沪市,主板,801080.SI,电子,801084.SI,光学光电子,光学光电子,L,19970528,10717,29.34,16.28,0.246,17.073,False,True,True,0,0,0,0,True,
600072.SH,600072,600072,中船科技,主板,沪市,主板,801730.SI,电力设备,801736.SI,风电设备,风电设备,L,19970603,10711,29.33,9.7,9.977,11.111,False,True,True,0,0,0,0,True,
600073.SH,600073,600073,光明肉业,主板,沪市,主板,801120.SI,食品饮料,801124.SI,食品加工,食品加工,L,19970704,10680,29.24,5.53,0.912,10.909,False,True,True,0,0,0,0,True,
600075.SH,600075,600075,新疆天业,主板,沪市,主板,801030.SI,基础化工,801033.SI,化学原料,化学原料,L,19970617,10697,29.29,4.59,1.549,13.043,False,True,True,0,0,0,0,True,
600076.SH,600076,600076,康欣新材,主板,沪市,主板,801140.SI,轻工制造,801141.SI,包装印刷,包装印刷,L,19970526,10719,29.35,2.13,-0.467,43.478,False,True,True,0,0,0,0,True,
600078.SH,600078,600078,澄星股份,主板,沪市,主板,801030.SI,基础化工,801038.SI,农化制品,农化制品,L,19970627,10687,29.26,9.79,0.102,10.185,False,True,True,0,0,0,0,True,
600079.SH,600079,600079,ST人福,主板,沪市,主板,801150.SI,医药生物,801151.SI,化学制药,化学制药,L,19970606,10708,29.32,19.17,1.806,11.111,True,True,True,0,0,0,0,False,ST
600080.SH,600080,600080,ST金花,主板,沪市,主板,801150.SI,医药生物,801155.SI,中药Ⅱ,中药Ⅱ,L,19970612,10702,29.3,4.61,-0.647,24.49,True,True,True,0,0,0,0,False,ST
600081.SH,600081,600081,东风科技,主板,沪市,主板,801880.SI,汽车,801093.SI,汽车零部件,汽车零部件,L,19970703,10681,29.24,11.89,9.991,22.857,False,True,True,0,0,0,0,True,
600082.SH,600082,600082,ST海泰,主板,沪市,主板,801180.SI,房地产,801181.SI,房地产开发,房地产开发,L,19970620,10694,29.28,3.32,-0.895,16.129,True,True,True,0,0,0,0,False,ST
600084.SH,600084,600084,*ST尼雅,主板,沪市,主板,801120.SI,食品饮料,801126.SI,非白酒,非白酒,L,19970711,10673,29.22,4.45,1.598,58.333,True,True,True,0,0,0,0,False,ST
600085.SH,600085,600085,同仁堂,主板,沪市,主板,801150.SI,医药生物,801155.SI,中药Ⅱ,中药Ⅱ,L,19970625,10689,29.26,23.74,1.888,30.952,False,True,True,0,0,0,0,True,
600088.SH,600088,600088,中视传媒,主板,沪市,主板,801760.SI,传媒,801766.SI,影视院线,影视院线,L,19970616,10698,29.29,13.36,0.15,16.667,False,True,True,0,0,0,0,True,
600089.SH,600089,600089,特变电工,主板,沪市,主板,801730.SI,电力设备,801738.SI,电网设备,电网设备,L,19970618,10696,29.28,17.32,0.991,16.923,False,True,True,0,0,0,0,True,
600094.SH,600094,600094,大名城,主板,沪市,主板,801180.SI,房地产,801181.SI,房地产开发,房地产开发,L,19970703,10681,29.24,4.19,1.453,15.0,False,True,True,0,0,0,0,True,
600095.SH,600095,600095,湘财股份,主板,沪市,主板,801790.SI,非银金融,801193.SI,证券Ⅱ,证券Ⅱ,L,19970708,10676,29.23,8.73,-1.467,14.444,False,True,True,0,0,0,0,True,
600096.SH,600096,600096,云天化,主板,沪市,主板,801030.SI,基础化工,801038.SI,农化制品,农化制品,L,19970709,10675,29.23,27.86,1.977,11.667,False,True,True,0,0,0,0,True,
600097.SH,600097,600097,开创国际,主板,沪市,主板,801010.SI,农林牧渔,801015.SI,渔业,渔业,L,19970619,10695,29.28,9.25,-0.431,17.391,False,True,True,0,0,0,0,True,
600098.SH,600098,600098,广州发展,主板,沪市,主板,801160.SI,公用事业,801161.SI,电力,电力,L,19970718,10666,29.2,6.32,1.935,19.048,False,True,True,0,0,0,0,True,
600099.SH,600099,600099,林海股份,主板,沪市,主板,801880.SI,汽车,801881.SI,摩托车及其他,摩托车及其他,L,19970704,10680,29.24,9.4,-0.106,14.286,False,True,True,0,0,0,0,True,
600100.SH,600100,600100,同方股份,主板,沪市,主板,801750.SI,计算机,801101.SI,计算机设备,计算机设备,L,19970627,10687,29.26,6.52,0.154,21.739,False,True,True,0,0,0,0,True,
600101.SH,600101,600101,明星电力,主板,沪市,主板,801160.SI,公用事业,801161.SI,电力,电力,L,19970627,10687,29.26,7.83,0.643,6.25,False,True,True,0,0,0,0,True,
600103.SH,600103,600103,青山纸业,主板,沪市,主板,801140.SI,轻工制造,801143.SI,造纸,造纸,L,19970703,10681,29.24,3.4,-0.293,11.111,False,True,True,0,0,0,0,True,
600104.SH,600104,600104,上汽集团,主板,沪市,主板,801880.SI,汽车,801095.SI,乘用车,乘用车,L,19971125,10536,28.85,10.88,1.587,45.946,False,True,True,0,0,0,0,True,
600105.SH,600105,600105,永鼎股份,主板,沪市,主板,801770.SI,通信,801102.SI,通信设备,通信设备,L,19970929,10593,29.0,36.26,-2.0,22.43,False,True,True,0,0,0,0,True,
600106.SH,600106,600106,重庆路桥,主板,沪市,主板,801170.SI,交通运输,801179.SI,铁路公路,铁路公路,L,19970618,10696,29.28,4.51,1.348,28.889,False,True,True,0,0,0,0,True,
600107.SH,600107,600107,*ST尔雅,主板,沪市,主板,801130.SI,纺织服饰,801132.SI,服装家纺,服装家纺,L,19971106,10555,28.9,5.62,-0.355,16.667,True,True,True,0,0,0,0,False,ST
600108.SH,600108,600108,亚盛集团,主板,沪市,主板,801010.SI,农林牧渔,801016.SI,种植业,种植业,L,19970818,10635,29.12,3.97,2.584,9.756,False,True,True,0,0,0,0,True,
600109.SH,600109,600109,国金证券,主板,沪市,主板,801790.SI,非银金融,801193.SI,证券Ⅱ,证券Ⅱ,L,19970807,10646,29.15,8.13,0.619,7.143,False,True,True,0,0,0,0,True,
600110.SH,600110,600110,诺德股份,主板,沪市,主板,801730.SI,电力设备,801737.SI,电池,电池,L,19971007,10585,28.98,10.87,-2.773,11.667,False,True,True,0,0,0,0,True,
600111.SH,600111,600111,北方稀土,主板,沪市,主板,801050.SI,有色金属,801054.SI,小金属,小金属,L,19970924,10598,29.02,35.3,-0.311,23.881,False,True,True,0,0,0,0,True,
600113.SH,600113,600113,浙江东日,主板,沪市,主板,801200.SI,商贸零售,801203.SI,一般零售,一般零售,L,19971021,10571,28.94,27.99,0.467,14.286,False,True,True,0,0,0,0,True,
600114.SH,600114,600114,东睦股份,主板,沪市,主板,801890.SI,机械设备,801072.SI,通用设备,通用设备,L,20040511,8177,22.39,25.43,0.236,12.676,False,True,True,0,0,0,0,True,
600115.SH,600115,600115,中国东航,主板,沪市,主板,801170.SI,交通运输,801991.SI,航空机场,航空机场,L,19971105,10556,28.9,3.4,2.41,22.222,False,True,True,0,0,0,0,True,
600116.SH,600116,600116,三峡水利,主板,沪市,主板,801160.SI,公用事业,801161.SI,电力,电力,L,19970804,10649,29.16,6.15,1.151,9.524,False,True,True,0,0,0,0,True,
600117.SH,600117,600117,西宁特钢,主板,沪市,主板,801040.SI,钢铁,801045.SI,特钢Ⅱ,特钢Ⅱ,L,19971015,10577,28.96,2.17,0.463,25.0,False,True,True,0,0,0,0,True,
600118.SH,600118,600118,中国卫星,主板,沪市,主板,801740.SI,国防军工,801741.SI,航天装备Ⅱ,航天装备Ⅱ,L,19970908,10614,29.06,55.03,-0.434,17.391,False,True,True,0,0,0,0,True,
600119.SH,600119,600119,*ST长投,主板,沪市,主板,801170.SI,交通运输,801178.SI,物流,物流,L,19980115,10485,28.71,4.74,-0.837,24.444,True,True,True,0,0,0,0,False,ST
600120.SH,600120,600120,浙江东方,主板,沪市,主板,801790.SI,非银金融,801191.SI,多元金融,多元金融,L,19971201,10530,28.83,4.65,0.432,8.163,False,True,True,0,0,0,0,True,
600121.SH,600121,600121,郑州煤电,主板,沪市,主板,801950.SI,煤炭,801951.SI,煤炭开采,煤炭开采,L,19980107,10493,28.73,5.34,0.188,11.538,False,True,True,0,0,0,0,True,
600123.SH,600123,600123,兰花科创,主板,沪市,主板,801950.SI,煤炭,801951.SI,煤炭开采,煤炭开采,L,19981217,10149,27.79,6.86,0.734,11.429,False,True,True,0,0,0,0,True,
600125.SH,600125,600125,铁龙物流,主板,沪市,主板,801170.SI,交通运输,801179.SI,铁路公路,铁路公路,L,19980511,10369,28.39,5.27,0.958,12.727,False,True,True,0,0,0,0,True,
600126.SH,600126,600126,杭钢股份,主板,沪市,主板,801040.SI,钢铁,801044.SI,普钢,普钢,L,19980311,10430,28.56,5.94,-0.835,13.636,False,True,True,0,0,0,0,True,
600127.SH,600127,600127,金健米业,主板,沪市,主板,801010.SI,农林牧渔,801012.SI,农产品加工,农产品加工,L,19980506,10374,28.4,13.14,-1.647,18.045,False,True,True,0,0,0,0,True,
600128.SH,600128,600128,苏豪弘业,主板,沪市,主板,801200.SI,商贸零售,801202.SI,贸易Ⅱ,贸易Ⅱ,L,19970901,10621,29.08,8.66,0.232,10.843,False,True,True,0,0,0,0,True,
600129.SH,600129,600129,太极集团,主板,沪市,主板,801150.SI,医药生物,801155.SI,中药Ⅱ,中药Ⅱ,L,19971118,10543,28.87,13.54,2.654,22.857,False,True,True,0,0,0,0,True,
600130.SH,600130,600130,波导股份,主板,沪市,主板,801080.SI,电子,801085.SI,消费电子,消费电子,L,20000706,9582,26.23,4.56,-0.654,8.889,False,True,True,0,0,0,0,True,
600131.SH,600131,600131,国网信通,主板,沪市,主板,801750.SI,计算机,801103.SI,IT服务Ⅱ,IT服务Ⅱ,L,19980402,10408,28.5,15.39,10.007,24.675,False,True,True,0,0,0,0,True,
600132.SH,600132,600132,重庆啤酒,主板,沪市,主板,801120.SI,食品饮料,801126.SI,非白酒,非白酒,L,19971030,10562,28.92,38.03,2.067,29.167,False,True,True,0,0,0,0,True,
600133.SH,600133,600133,东湖高新,主板,沪市,主板,801970.SI,环保,801971.SI,环境治理,环境治理,L,19980212,10457,28.63,7.87,1.027,10.976,False,True,True,0,0,0,0,True,
600135.SH,600135,600135,乐凯胶片,主板,沪市,主板,801030.SI,基础化工,801036.SI,塑料,塑料,L,19980122,10478,28.69,7.44,-1.326,10.526,False,True,True,0,0,0,0,True,
600136.SH,600136,600136,ST明诚,主板,沪市,主板,801180.SI,房地产,801183.SI,房地产服务,房地产服务,L,19980303,10438,28.58,1.49,1.361,28.571,True,True,True,0,0,0,0,False,ST
600137.SH,600137,600137,浪莎股份,主板,沪市,主板,801130.SI,纺织服饰,801132.SI,服装家纺,服装家纺,L,19980416,10394,28.46,18.03,-1.26,8.989,False,True,True,0,0,0,0,True,
600138.SH,600138,600138,中青旅,主板,沪市,主板,801210.SI,社会服务,801993.SI,旅游及景区,旅游及景区,L,19971203,10528,28.82,7.0,0.865,8.333,False,True,True,0,0,0,0,True,
600141.SH,600141,600141,兴发集团,主板,沪市,主板,801030.SI,基础化工,801038.SI,农化制品,农化制品,L,19990616,9968,27.29,26.87,1.396,11.475,False,True,True,0,0,0,0,True,
600143.SH,600143,600143,金发科技,主板,沪市,主板,801030.SI,基础化工,801036.SI,塑料,塑料,L,20040623,8134,22.27,12.76,0.157,20.408,False,True,True,0,0,0,0,True,
600148.SH,600148,600148,长春一东,主板,沪市,主板,801880.SI,汽车,801093.SI,汽车零部件,汽车零部件,L,19980520,10360,28.36,15.8,-0.754,12.821,False,True,True,0,0,0,0,True,
600149.SH,600149,600149,廊坊发展,主板,沪市,主板,801160.SI,公用事业,801161.SI,电力,电力,L,19991014,9848,26.96,5.18,0.778,8.0,False,True,True,0,0,0,0,True,
600150.SH,600150,600150,中国船舶,主板,沪市,主板,801740.SI,国防军工,801744.SI,航海装备Ⅱ,航海装备Ⅱ,L,19980520,10360,28.36,39.1,0.385,13.793,False,True,True,0,0,0,0,True,
600151.SH,600151,600151,航天机电,主板,沪市,主板,801730.SI,电力设备,801735.SI,光伏设备,光伏设备,L,19980605,10344,28.32,9.13,-0.109,16.327,False,True,True,0,0,0,0,True,
600152.SH,600152,600152,维科技术,主板,沪市,主板,801730.SI,电力设备,801737.SI,电池,电池,L,19980609,10340,28.31,8.48,1.923,9.756,False,True,True,0,0,0,0,True,
600153.SH,600153,600153,建发股份,主板,沪市,主板,801170.SI,交通运输,801178.SI,物流,物流,L,19980616,10333,28.29,8.82,1.965,10.465,False,True,True,0,0,0,0,True,
600155.SH,600155,600155,华创云信,主板,沪市,主板,801790.SI,非银金融,801193.SI,证券Ⅱ,证券Ⅱ,L,19980918,10239,28.03,5.92,0.0,10.0,False,True,True,0,0,0,0,True,
600156.SH,600156,600156,华升股份,主板,沪市,主板,801130.SI,纺织服饰,801131.SI,纺织制造,纺织制造,L,19980527,10353,28.34,7.35,-10.037,17.647,False,True,True,0,0,0,0,True,
600157.SH,600157,600157,永泰能源,主板,沪市,主板,801950.SI,煤炭,801951.SI,煤炭开采,煤炭开采,L,19980513,10367,28.38,1.45,0.0,6.667,False,True,True,0,0,0,0,True,
600158.SH,600158,600158,中体产业,主板,沪市,主板,801210.SI,社会服务,801216.SI,体育Ⅱ,体育Ⅱ,L,19980327,10414,28.51,6.93,-0.716,8.571,False,True,True,0,0,0,0,True,
600159.SH,600159,600159,大龙地产,主板,沪市,主板,801180.SI,房地产,801181.SI,房地产开发,房地产开发,L,19980526,10354,28.35,2.81,-0.707,11.111,False,True,True,0,0,0,0,True,
600160.SH,600160,600160,巨化股份,主板,沪市,主板,801030.SI,基础化工,801034.SI,化学制品,化学制品,L,19980626,10323,28.26,33.13,0.091,30.769,False,True,True,0,0,0,0,True,
600161.SH,600161,600161,天坛生物,主板,沪市,主板,801150.SI,医药生物,801152.SI,生物制品,生物制品,L,19980616,10333,28.29,12.59,3.878,35.484,False,True,True,0,0,0,0,True,
600162.SH,600162,600162,香江控股,主板,沪市,主板,801180.SI,房地产,801181.SI,房地产开发,房地产开发,L,19980609,10340,28.31,4.26,-1.389,17.021,False,True,True,0,0,0,0,True,
600163.SH,600163,600163,中闽能源,主板,沪市,主板,801160.SI,公用事业,801161.SI,电力,电力,L,19980602,10347,28.33,5.6,0.901,14.035,False,True,True,0,0,0,0,True,
600165.SH,600165,600165,宁科生物,主板,沪市,主板,801030.SI,基础化工,801034.SI,化学制品,化学制品,L,19980529,10351,28.34,3.35,3.077,9.375,False,True,True,0,2,2,2,False,近60日停牌
600166.SH,600166,600166,福田汽车,主板,沪市,主板,801880.SI,汽车,801096.SI,商用车,商用车,L,19980602,10347,28.33,2.8,1.449,10.345,False,True,True,0,0,0,0,True,
600167.SH,600167,600167,联美控股,主板,沪市,主板,801160.SI,公用事业,801161.SI,电力,电力,L,19990128,10107,27.67,5.65,2.355,26.984,False,True,True,0,0,0,0,True,
600168.SH,600168,600168,武汉控股,主板,沪市,主板,801970.SI,环保,801971.SI,环境治理,环境治理,L,19980427,10383,28.43,4.41,0.685,20.455,False,True,True,0,0,0,0,True,
600169.SH,600169,600169,ST太重,主板,沪市,主板,801890.SI,机械设备,801074.SI,专用设备,专用设备,L,19980904,10253,28.07,2.19,0.459,17.391,True,True,True,0,0,0,0,False,ST
600170.SH,600170,600170,上海建工,主板,沪市,主板,801720.SI,建筑装饰,801721.SI,房屋建设Ⅱ,房屋建设Ⅱ,L,19980623,10326,28.27,2.24,1.357,8.696,False,True,True,0,0,0,0,True,
600171.SH,600171,600171,上海贝岭,主板,沪市,主板,801080.SI,电子,801081.SI,半导体,半导体,L,19980924,10233,28.02,21.76,-1.716,6.522,False,True,True,0,0,0,0,True,
600172.SH,600172,600172,黄河旋风,主板,沪市,主板,801890.SI,机械设备,801072.SI,通用设备,通用设备,L,19981126,10170,27.84,14.12,-5.235,13.208,False,True,True,0,0,0,0,True,
600173.SH,600173,600173,卧龙新能,主板,沪市,主板,801180.SI,房地产,801181.SI,房地产开发,房地产开发,L,19990415,10030,27.46,5.96,0.506,20.968,False,True,True,0,0,0,0,True,
600176.SH,600176,600176,中国巨石,主板,沪市,主板,801710.SI,建筑材料,801712.SI,玻璃玻纤,玻璃玻纤,L,19990422,10023,27.44,39.41,-0.706,15.179,False,True,True,0,0,0,0,True,
600177.SH,600177,600177,雅戈尔,主板,沪市,主板,801130.SI,纺织服饰,801132.SI,服装家纺,服装家纺,L,19981119,10177,27.86,8.38,0.6,16.0,False,True,True,0,0,0,0,True,
600178.SH,600178,600178,东安动力,主板,沪市,主板,801880.SI,汽车,801093.SI,汽车零部件,汽车零部件,L,19981014,10213,27.96,9.89,-0.302,7.143,False,True,True,0,0,0,0,True,
600179.SH,600179,600179,安通控股,主板,沪市,主板,801170.SI,交通运输,801992.SI,航运港口,航运港口,L,19981104,10192,27.9,4.35,0.0,8.889,False,True,True,0,0,0,0,True,
600180.SH,600180,600180,*ST瑞茂,主板,沪市,主板,801170.SI,交通运输,801178.SI,物流,物流,L,19980703,10316,28.24,1.49,-0.667,25.0,True,True,True,0,0,0,0,False,ST
600182.SH,600182,600182,S佳通,主板,沪市,主板,801880.SI,汽车,801093.SI,汽车零部件,汽车零部件,L,19990507,10008,27.4,12.4,-0.959,9.302,False,True,True,0,0,0,0,True,
600183.SH,600183,600183,生益科技,主板,沪市,主板,801080.SI,电子,801083.SI,元件,元件,L,19981028,10199,27.92,129.96,-2.271,13.542,False,True,True,0,0,0,0,True,
600184.SH,600184,600184,光电股份,主板,沪市,主板,801740.SI,国防军工,801743.SI,地面兵装Ⅱ,地面兵装Ⅱ,L,20031106,8364,22.9,17.85,-1.49,16.505,False,True,True,0,0,0,0,True,
600185.SH,600185,600185,珠免集团,主板,沪市,主板,801200.SI,商贸零售,801207.SI,旅游零售Ⅱ,旅游零售Ⅱ,L,19990611,9973,27.3,4.8,0.629,18.367,False,True,True,0,0,0,0,True,
600186.SH,600186,600186,莲花控股,主板,沪市,主板,801120.SI,食品饮料,801129.SI,调味发酵品Ⅱ,调味发酵品Ⅱ,L,19980825,10263,28.1,11.46,-0.951,14.961,False,True,True,0,0,0,0,True,
600187.SH,600187,600187,*ST国中,主板,沪市,主板,801970.SI,环保,801971.SI,环境治理,环境治理,L,19981111,10185,27.89,1.24,0.0,15.385,True,True,True,0,0,0,0,False,ST
600188.SH,600188,600188,兖矿能源,主板,沪市,主板,801950.SI,煤炭,801951.SI,煤炭开采,煤炭开采,L,19980701,10318,28.25,19.44,0.935,21.739,False,True,True,0,0,0,0,True,
600189.SH,600189,600189,泉阳泉,主板,沪市,主板,801120.SI,食品饮料,801127.SI,饮料乳品,饮料乳品,L,19981007,10220,27.98,8.95,-0.666,17.284,False,True,True,0,0,0,0,True,
600191.SH,600191,600191,华资实业,主板,沪市,主板,801010.SI,农林牧渔,801012.SI,农产品加工,农产品加工,L,19981210,10156,27.81,8.85,1.259,17.308,False,True,True,0,0,0,0,True,
600192.SH,600192,600192,长城电工,主板,沪市,主板,801730.SI,电力设备,801738.SI,电网设备,电网设备,L,19981224,10142,27.77,7.19,-0.828,13.158,False,True,True,0,0,0,0,True,
600195.SH,600195,600195,中牧股份,主板,沪市,主板,801010.SI,农林牧渔,801018.SI,动物保健Ⅱ,动物保健Ⅱ,L,19990107,10128,27.73,6.73,1.355,20.588,False,True,True,0,0,0,0,True,
600196.SH,600196,600196,复星医药,主板,沪市,主板,801150.SI,医药生物,801151.SI,化学制药,化学制药,L,19980807,10281,28.15,24.02,2.693,11.538,False,True,True,0,0,0,0,True,
600197.SH,600197,600197,伊力特,主板,沪市,主板,801120.SI,食品饮料,801125.SI,白酒Ⅱ,白酒Ⅱ,L,19990916,9876,27.04,9.32,1.525,9.375,False,True,True,0,0,0,0,True,
600198.SH,600198,600198,大唐电信,主板,沪市,主板,801770.SI,通信,801102.SI,通信设备,通信设备,L,19981021,10206,27.94,7.21,-0.825,10.39,False,True,True,0,0,0,0,True,
600199.SH,600199,600199,金种子酒,主板,沪市,主板,801120.SI,食品饮料,801125.SI,白酒Ⅱ,白酒Ⅱ,L,19980812,10276,28.13,7.0,1.597,8.333,False,True,True,0,0,0,0,True,
600201.SH,600201,600201,生物股份,主板,沪市,主板,801010.SI,农林牧渔,801018.SI,动物保健Ⅱ,动物保健Ⅱ,L,19990115,10120,27.71,11.61,1.575,17.073,False,True,True,0,0,0,0,True,
600202.SH,600202,600202,哈空调,主板,沪市,主板,801890.SI,机械设备,801072.SI,通用设备,通用设备,L,19990603,9981,27.33,5.18,-1.145,12.0,False,True,True,0,0,0,0,True,
600203.SH,600203,600203,福日电子,主板,沪市,主板,801080.SI,电子,801085.SI,消费电子,消费电子,L,19990514,10001,27.38,9.78,-1.112,12.745,False,True,True,0,0,0,0,True,
600206.SH,600206,600206,有研新材,主板,沪市,主板,801080.SI,电子,801081.SI,半导体,半导体,L,19990319,10057,27.53,46.62,-6.197,8.333,False,True,True,0,0,0,0,True,
600207.SH,600207,600207,安彩高科,主板,沪市,主板,801730.SI,电力设备,801735.SI,光伏设备,光伏设备,L,19990714,9940,27.21,5.26,-4.015,18.0,False,True,True,0,0,0,0,True,
600208.SH,600208,600208,衢州发展,主板,沪市,主板,801180.SI,房地产,801181.SI,房地产开发,房地产开发,L,19990623,9961,27.27,2.91,0.345,10.345,False,True,True,0,0,0,0,True,
600210.SH,600210,600210,紫江企业,主板,沪市,主板,801140.SI,轻工制造,801141.SI,包装印刷,包装印刷,L,19990824,9899,27.1,6.36,1.597,6.452,False,True,True,0,0,0,0,True,
600211.SH,600211,600211,西藏药业,主板,沪市,主板,801150.SI,医药生物,801152.SI,生物制品,生物制品,L,19990721,9933,27.2,36.35,1.65,6.452,False,True,True,0,0,0,0,True,
600212.SH,600212,600212,绿能慧充,主板,沪市,主板,801730.SI,电力设备,801733.SI,其他电源设备Ⅱ,其他电源设备Ⅱ,L,19990817,9906,27.12,5.63,-1.401,16.949,False,True,True,0,0,0,0,True,
600215.SH,600215,600215,派斯林,主板,沪市,主板,801890.SI,机械设备,801078.SI,自动化设备,自动化设备,L,19990909,9883,27.06,6.23,-1.268,11.111,False,True,True,0,0,0,0,True,
600216.SH,600216,600216,浙江医药,主板,沪市,主板,801150.SI,医药生物,801151.SI,化学制药,化学制药,L,19991021,9841,26.94,12.43,2.053,11.719,False,True,True,0,0,0,0,True,
600217.SH,600217,600217,中再资环,主板,沪市,主板,801970.SI,环保,801971.SI,环境治理,环境治理,L,19991216,9785,26.79,3.27,0.307,25.0,False,True,True,0,0,0,0,True,
600218.SH,600218,600218,全柴动力,主板,沪市,主板,801880.SI,汽车,801093.SI,汽车零部件,汽车零部件,L,19981203,10163,27.82,8.03,1.389,10.256,False,True,True,0,0,0,0,True,
600219.SH,600219,600219,南山铝业,主板,沪市,主板,801050.SI,有色金属,801055.SI,工业金属,工业金属,L,19991223,9778,26.77,4.71,1.948,10.417,False,True,True,0,0,0,0,True,
600221.SH,600221,600221,海航控股,主板,沪市,主板,801170.SI,交通运输,801991.SI,航空机场,航空机场,L,19991125,9806,26.85,1.22,0.826,23.077,False,True,True,0,0,0,0,True,
600222.SH,600222,600222,太龙药业,主板,沪市,主板,801150.SI,医药生物,801155.SI,中药Ⅱ,中药Ⅱ,L,19991105,9826,26.9,7.89,0.254,10.0,False,True,True,0,0,0,0,True,
600223.SH,600223,600223,福瑞达,主板,沪市,主板,801980.SI,美容护理,801982.SI,化妆品,化妆品,L,20000113,9757,26.71,5.74,1.413,23.214,False,True,True,0,0,0,0,True,
600226.SH,600226,600226,亨通股份,主板,沪市,主板,801160.SI,公用事业,801161.SI,电力,电力,L,19991116,9815,26.87,5.15,-3.196,10.0,False,True,True,0,0,0,0,True,
600227.SH,600227,600227,赤天化,主板,沪市,主板,801030.SI,基础化工,801038.SI,农化制品,农化制品,L,20000221,9718,26.61,3.85,1.05,10.526,False,True,True,0,0,0,0,True,
600228.SH,600228,600228,返利科技,主板,沪市,主板,801760.SI,传媒,801767.SI,数字媒体,数字媒体,L,19990119,10116,27.7,10.12,-0.589,18.692,False,True,True,0,0,0,8,True,
600229.SH,600229,600229,城市传媒,主板,沪市,主板,801760.SI,传媒,801769.SI,出版,出版,L,20000309,9701,26.56,5.75,-1.709,17.857,False,True,True,0,0,0,0,True,
600230.SH,600230,600230,沧州大化,主板,沪市,主板,801030.SI,基础化工,801034.SI,化学制品,化学制品,L,20000406,9673,26.48,13.15,-0.228,11.429,False,True,True,0,0,0,0,True,
600231.SH,600231,600231,凌钢股份,主板,沪市,主板,801040.SI,钢铁,801044.SI,普钢,普钢,L,20000511,9638,26.39,1.69,2.424,35.294,False,True,True,0,0,0,0,True,
600232.SH,600232,600232,金鹰股份,主板,沪市,主板,801890.SI,机械设备,801074.SI,专用设备,专用设备,L,20000602,9616,26.33,6.66,-2.203,13.846,False,True,True,0,0,0,0,True,
600233.SH,600233,600233,圆通速递,主板,沪市,主板,801170.SI,交通运输,801178.SI,物流,物流,L,20000608,9610,26.31,17.79,-1.167,13.793,False,True,True,0,0,0,0,True,
600234.SH,600234,600234,科新发展,主板,沪市,主板,801720.SI,建筑装饰,801722.SI,装修装饰Ⅱ,装修装饰Ⅱ,L,20000615,9603,26.29,19.19,-2.241,29.358,False,True,True,0,0,0,0,True,
600235.SH,600235,600235,民丰特纸,主板,沪市,主板,801140.SI,轻工制造,801143.SI,造纸,造纸,L,20000615,9603,26.29,5.97,0.168,12.281,False,True,True,0,0,0,0,True,
600236.SH,600236,600236,桂冠电力,主板,沪市,主板,801160.SI,公用事业,801161.SI,电力,电力,L,20000323,9687,26.52,9.27,0.98,24.038,False,True,True,0,0,0,0,True,
600237.SH,600237,600237,铜峰电子,主板,沪市,主板,801080.SI,电子,801083.SI,元件,元件,L,20000609,9609,26.31,8.55,-5.316,10.526,False,True,True,0,0,0,0,True,
600238.SH,600238,600238,ST椰岛,主板,沪市,主板,801120.SI,食品饮料,801126.SI,非白酒,非白酒,L,20000120,9750,26.69,4.01,0.0,19.565,True,True,True,0,0,2,2,False,ST、近60日停牌
600239.SH,600239,600239,ST云城,主板,沪市,主板,801180.SI,房地产,801181.SI,房地产开发,房地产开发,L,19991202,9799,26.83,1.44,0.699,14.286,True,True,True,0,0,0,0,False,ST
600241.SH,600241,600241,时代万恒,主板,沪市,主板,801730.SI,电力设备,801737.SI,电池,电池,L,20001128,9437,25.84,9.72,9.955,26.027,False,True,True,0,0,0,0,True,
600243.SH,600243,600243,*ST海华,主板,沪市,主板,801890.SI,机械设备,801072.SI,通用设备,通用设备,L,20001120,9445,25.86,3.64,0.0,11.111,True,True,True,0,0,0,0,False,ST
600246.SH,600246,600246,万通发展,主板,沪市,主板,801180.SI,房地产,801181.SI,房地产开发,房地产开发,L,20000922,9504,26.02,12.58,-4.189,17.293,False,True,True,0,0,0,0,True,
600248.SH,600248,600248,陕建股份,主板,沪市,主板,801720.SI,建筑装饰,801721.SI,房屋建设Ⅱ,房屋建设Ⅱ,L,20000622,9596,26.27,2.89,2.482,10.714,False,True,True,0,0,0,0,True,
600249.SH,600249,600249,两面针,主板,沪市,主板,801980.SI,美容护理,801981.SI,个护用品,个护用品,L,20040130,8279,22.67,5.35,-0.187,11.538,False,True,True,0,0,0,0,True,
600250.SH,600250,600250,南京商旅,主板,沪市,主板,801200.SI,商贸零售,801202.SI,贸易Ⅱ,贸易Ⅱ,L,20010306,9339,25.57,8.75,-0.794,12.903,False,True,True,0,0,0,0,True,
600251.SH,600251,600251,冠农股份,主板,沪市,主板,801010.SI,农林牧渔,801012.SI,农产品加工,农产品加工,L,20030609,8514,23.31,9.99,2.252,17.308,False,True,True,0,0,0,0,True,
600252.SH,600252,600252,中恒集团,主板,沪市,主板,801150.SI,医药生物,801155.SI,中药Ⅱ,中药Ⅱ,L,20001130,9435,25.83,2.2,1.383,9.091,False,True,True,0,0,0,0,True,
600255.SH,600255,600255,鑫科材料,主板,沪市,主板,801050.SI,有色金属,801051.SI,金属新材料,金属新材料,L,20001122,9443,25.85,3.35,-0.888,11.111,False,True,True,0,0,0,0,True,
600256.SH,600256,600256,广汇能源,主板,沪市,主板,801960.SI,石油石化,801963.SI,炼化及贸易,炼化及贸易,L,20000526,9623,26.35,6.67,-0.15,20.896,False,True,True,0,0,0,0,True,
600257.SH,600257,600257,大湖股份,主板,沪市,主板,801010.SI,农林牧渔,801015.SI,渔业,渔业,L,20000612,9606,26.3,5.5,0.917,8.929,False,True,True,0,0,0,0,True,
600258.SH,600258,600258,首旅酒店,主板,沪市,主板,801210.SI,社会服务,801219.SI,酒店餐饮,酒店餐饮,L,20000601,9617,26.33,11.01,0.0,10.256,False,True,True,0,0,0,0,True,
600259.SH,600259,600259,中稀有色,主板,沪市,主板,801050.SI,有色金属,801054.SI,小金属,小金属,L,20000525,9624,26.35,73.74,-0.62,13.725,False,True,True,0,0,0,0,True,
600261.SH,600261,600261,阳光照明,主板,沪市,主板,801110.SI,家用电器,801115.SI,照明设备Ⅱ,照明设备Ⅱ,L,20000720,9568,26.2,3.29,0.612,12.5,False,True,True,0,0,0,0,True,
600262.SH,600262,600262,北方股份,主板,沪市,主板,801890.SI,机械设备,801074.SI,专用设备,专用设备,L,20000630,9588,26.25,14.52,-0.069,6.667,False,True,True,0,0,0,0,True,
600265.SH,600265,600265,*ST景谷,主板,沪市,主板,801010.SI,农林牧渔,801011.SI,林业Ⅱ,林业Ⅱ,L,20000825,9532,26.1,22.95,1.774,16.667,True,True,True,0,0,0,0,False,ST
600266.SH,600266,600266,城建发展,主板,沪市,主板,801180.SI,房地产,801181.SI,房地产开发,房地产开发,L,19990203,10101,27.66,4.42,-1.339,6.977,False,True,True,0,0,0,0,True,
600267.SH,600267,600267,海正药业,主板,沪市,主板,801150.SI,医药生物,801151.SI,化学制药,化学制药,L,20000725,9563,26.18,11.75,2.8,22.034,False,True,True,0,0,0,0,True,
600268.SH,600268,600268,国电南自,主板,沪市,主板,801730.SI,电力设备,801738.SI,电网设备,电网设备,L,19991118,9813,26.87,10.09,1.001,12.15,False,True,True,0,0,0,0,True,
600269.SH,600269,600269,赣粤高速,主板,沪市,主板,801170.SI,交通运输,801179.SI,铁路公路,铁路公路,L,20000518,9631,26.37,3.81,1.33,15.385,False,True,True,0,0,0,0,True,
600271.SH,600271,600271,航天信息,主板,沪市,主板,801750.SI,计算机,801103.SI,IT服务Ⅱ,IT服务Ⅱ,L,20030711,8482,23.22,6.64,-0.15,35.294,False,True,True,0,0,0,0,True,
600272.SH,600272,600272,开开实业,主板,沪市,主板,801150.SI,医药生物,801154.SI,医药商业,医药商业,L,20010228,9345,25.59,15.01,0.133,9.032,False,True,True,0,0,0,0,True,
600273.SH,600273,600273,嘉化能源,主板,沪市,主板,801030.SI,基础化工,801034.SI,化学制品,化学制品,L,20030627,8496,23.26,6.2,1.142,10.448,False,True,True,0,0,0,0,True,
600276.SH,600276,600276,恒瑞医药,主板,沪市,主板,801150.SI,医药生物,801151.SI,化学制药,化学制药,L,20001018,9478,25.95,47.2,3.463,20.408,False,True,True,0,0,0,0,True,
600278.SH,600278,600278,东方创业,主板,沪市,主板,801200.SI,商贸零售,801202.SI,贸易Ⅱ,贸易Ⅱ,L,20000712,9576,26.22,6.52,-0.153,24.242,False,True,True,0,0,0,0,True,
600279.SH,600279,600279,重庆港,主板,沪市,主板,801170.SI,交通运输,801992.SI,航运港口,航运港口,L,20000731,9557,26.17,4.32,1.171,27.907,False,True,True,0,0,0,0,True,
600280.SH,600280,600280,中央商场,主板,沪市,主板,801200.SI,商贸零售,801203.SI,一般零售,一般零售,L,20000926,9500,26.01,3.01,0.333,20.0,False,True,True,0,0,0,0,True,
600281.SH,600281,600281,华阳新材,主板,沪市,主板,801050.SI,有色金属,801054.SI,小金属,小金属,L,20001109,9456,25.89,4.62,-1.911,8.333,False,True,True,0,0,0,0,True,
600282.SH,600282,600282,南钢股份,主板,沪市,主板,801040.SI,钢铁,801044.SI,普钢,普钢,L,20000919,9507,26.03,4.54,2.483,14.894,False,True,True,0,0,0,0,True,
600283.SH,600283,600283,钱江水利,主板,沪市,主板,801970.SI,环保,801971.SI,环境治理,环境治理,L,20001018,9478,25.95,8.04,0.5,14.634,False,True,True,0,0,0,0,True,
600284.SH,600284,600284,浦东建设,主板,沪市,主板,801720.SI,建筑装饰,801723.SI,基础建设,基础建设,L,20040316,8233,22.54,5.14,0.784,7.692,False,True,True,0,0,0,0,True,
600285.SH,600285,600285,羚锐制药,主板,沪市,主板,801150.SI,医药生物,801155.SI,中药Ⅱ,中药Ⅱ,L,20001018,9478,25.95,18.98,1.552,15.152,False,True,True,0,0,0,0,True,
600287.SH,600287,600287,苏豪时尚,主板,沪市,主板,801200.SI,商贸零售,801202.SI,贸易Ⅱ,贸易Ⅱ,L,20000901,9525,26.08,5.02,-0.199,22.449,False,True,True,0,0,0,0,True,
600288.SH,600288,600288,大恒科技,主板,沪市,主板,801750.SI,计算机,801104.SI,软件开发,软件开发,L,20001129,9436,25.83,10.36,-1.427,7.273,False,True,True,0,0,0,0,True,
600289.SH,600289,600289,ST信通,主板,沪市,主板,801770.SI,通信,801223.SI,通信服务,通信服务,L,20000720,9568,26.2,4.4,3.286,53.846,True,True,True,0,0,0,0,False,ST
600292.SH,600292,600292,电投水电,主板,沪市,主板,801970.SI,环保,801971.SI,环境治理,环境治理,L,20001101,9464,25.91,11.42,2.606,10.526,False,True,True,0,0,0,0,True,
600293.SH,600293,600293,三峡新材,主板,沪市,主板,801710.SI,建筑材料,801712.SI,玻璃玻纤,玻璃玻纤,L,20000919,9507,26.03,,,,False,True,False,2,2,2,2,False,近60日停牌、无最新行情
600295.SH,600295,600295,鄂尔多斯,主板,沪市,主板,801040.SI,钢铁,801043.SI,冶钢原料,冶钢原料,L,20010426,9288,25.43,13.06,1.713,26.923,False,True,True,0,0,0,0,True,
600298.SH,600298,600298,安琪酵母,主板,沪市,主板,801120.SI,食品饮料,801129.SI,调味发酵品Ⅱ,调味发酵品Ⅱ,L,20000818,9539,26.12,37.47,0.456,12.069,False,True,True,0,0,0,0,True,
600299.SH,600299,600299,安迪苏,主板,沪市,主板,801030.SI,基础化工,801034.SI,化学制品,化学制品,L,20000420,9659,26.44,8.21,1.735,23.81,False,True,True,0,0,0,0,True,
600300.SH,600300,600300,维维股份,主板,沪市,主板,801120.SI,食品饮料,801127.SI,饮料乳品,饮料乳品,L,20000630,9588,26.25,3.1,1.639,9.375,False,True,True,0,0,0,0,True,
600301.SH,600301,600301,华锡有色,主板,沪市,主板,801050.SI,有色金属,801054.SI,小金属,小金属,L,20000712,9576,26.22,49.83,2.446,8.333,False,True,True,6,6,6,6,False,近60日停牌
600302.SH,600302,600302,ST标准,主板,沪市,主板,801890.SI,机械设备,801074.SI,专用设备,专用设备,L,20001213,9422,25.8,6.76,-0.148,28.986,True,True,True,0,0,0,0,False,ST
600303.SH,600303,600303,曙光股份,主板,沪市,主板,801880.SI,汽车,801096.SI,商用车,商用车,L,20001226,9409,25.76,3.11,1.634,6.667,False,True,True,0,0,0,0,True,
600305.SH,600305,600305,恒顺醋业,主板,沪市,主板,801120.SI,食品饮料,801129.SI,调味发酵品Ⅱ,调味发酵品Ⅱ,L,20010206,9367,25.65,6.74,1.05,13.043,False,True,True,0,0,0,0,True,
600307.SH,600307,600307,酒钢宏兴,主板,沪市,主板,801040.SI,钢铁,801044.SI,普钢,普钢,L,20001220,9415,25.78,1.47,0.685,26.667,False,True,True,0,0,0,0,True,
600308.SH,600308,600308,华泰股份,主板,沪市,主板,801140.SI,轻工制造,801143.SI,造纸,造纸,L,20000928,9498,26.0,3.27,0.615,21.212,False,True,True,0,0,0,0,True,
600309.SH,600309,600309,万华化学,主板,沪市,主板,801030.SI,基础化工,801034.SI,化学制品,化学制品,L,20010105,9399,25.73,68.9,1.833,10.714,False,True,True,0,0,0,0,True,
600310.SH,600310,600310,广西能源,主板,沪市,主板,801160.SI,公用事业,801161.SI,电力,电力,L,20010228,9345,25.59,4.52,-0.877,8.696,False,True,True,0,0,0,0,True,
600312.SH,600312,600312,平高电气,主板,沪市,主板,801730.SI,电力设备,801738.SI,电网设备,电网设备,L,20010221,9352,25.6,20.29,1.704,8.163,False,True,True,0,0,0,0,True,
600313.SH,600313,600313,农发种业,主板,沪市,主板,801010.SI,农林牧渔,801016.SI,种植业,种植业,L,20010119,9385,25.69,6.73,4.341,14.286,False,True,True,0,0,0,0,True,
600315.SH,600315,600315,上海家化,主板,沪市,主板,801980.SI,美容护理,801982.SI,化妆品,化妆品,L,20010315,9330,25.54,18.38,3.842,10.0,False,True,True,0,0,0,0,True,
600316.SH,600316,600316,洪都航空,主板,沪市,主板,801740.SI,国防军工,801742.SI,航空装备Ⅱ,航空装备Ⅱ,L,20001215,9420,25.79,33.41,1.736,20.0,False,True,True,0,0,0,0,True,
600318.SH,600318,600318,新力金融,主板,沪市,主板,801790.SI,非银金融,801191.SI,多元金融,多元金融,L,20001208,9427,25.81,6.8,-0.73,13.043,False,True,True,0,0,0,0,True,
600319.SH,600319,600319,亚星化学,主板,沪市,主板,801030.SI,基础化工,801033.SI,化学原料,化学原料,L,20010326,9319,25.51,6.32,0.318,22.222,False,True,True,0,0,0,0,True,
600320.SH,600320,600320,振华重工,主板,沪市,主板,801890.SI,机械设备,801074.SI,专用设备,专用设备,L,20001221,9414,25.77,4.07,1.244,14.634,False,True,True,0,0,0,0,True,
600322.SH,600322,600322,津投城开,主板,沪市,主板,801180.SI,房地产,801181.SI,房地产开发,房地产开发,L,20010910,9151,25.05,2.79,0.0,7.407,False,True,True,0,0,0,0,True,
600323.SH,600323,600323,瀚蓝环境,主板,沪市,主板,801970.SI,环保,801971.SI,环境治理,环境治理,L,20001225,9410,25.76,29.48,1.167,10.309,False,True,True,0,0,0,0,True,
600325.SH,600325,600325,华发股份,主板,沪市,主板,801180.SI,房地产,801181.SI,房地产开发,房地产开发,L,20040225,8253,22.6,2.92,-1.017,14.815,False,True,True,0,0,0,0,True,
600326.SH,600326,600326,西藏天路,主板,沪市,主板,801710.SI,建筑材料,801711.SI,水泥,水泥,L,20010116,9388,25.7,6.73,1.508,12.329,False,True,True,0,0,0,0,True,
600327.SH,600327,600327,大东方,主板,沪市,主板,801200.SI,商贸零售,801203.SI,一般零售,一般零售,L,20020625,8863,24.27,3.88,0.779,7.5,False,True,True,0,0,0,0,True,
600328.SH,600328,600328,中盐化工,主板,沪市,主板,801030.SI,基础化工,801033.SI,化学原料,化学原料,L,20001222,9413,25.77,5.68,1.61,19.048,False,True,True,0,0,0,0,True,
600329.SH,600329,600329,达仁堂,主板,沪市,主板,801150.SI,医药生物,801155.SI,中药Ⅱ,中药Ⅱ,L,20010606,9247,25.32,35.32,2.081,13.333,False,True,True,0,0,0,0,True,
600330.SH,600330,600330,天通股份,主板,沪市,主板,801080.SI,电子,801086.SI,电子化学品Ⅱ,电子化学品Ⅱ,L,20010118,9386,25.7,26.9,-3.376,8.219,False,True,True,0,0,0,0,True,
600331.SH,600331,600331,宏达股份,主板,沪市,主板,801030.SI,基础化工,801038.SI,农化制品,农化制品,L,20011220,9050,24.78,11.56,-0.772,14.516,False,True,True,0,0,0,0,True,
600332.SH,600332,600332,白云山,主板,沪市,主板,801150.SI,医药生物,801155.SI,中药Ⅱ,中药Ⅱ,L,20010206,9367,25.65,19.72,1.649,20.755,False,True,True,0,0,0,0,True,
600333.SH,600333,600333,长春燃气,主板,沪市,主板,801160.SI,公用事业,801163.SI,燃气Ⅱ,燃气Ⅱ,L,20001211,9424,25.8,6.82,1.337,18.182,False,True,True,0,0,0,0,True,
600335.SH,600335,600335,国机汽车,主板,沪市,主板,801880.SI,汽车,801092.SI,汽车服务,汽车服务,L,20010305,9340,25.57,5.26,0.96,15.385,False,True,True,0,0,0,0,True,
600336.SH,600336,600336,澳柯玛,主板,沪市,主板,801110.SI,家用电器,801111.SI,白色家电,白色家电,L,20001229,9406,25.75,6.22,-1.738,20.312,False,True,True,0,0,0,0,True,
600337.SH,600337,600337,ST美克,主板,沪市,主板,801140.SI,轻工制造,801142.SI,家居用品,家居用品,L,20001127,9438,25.84,3.82,3.243,15.625,True,True,True,0,0,0,0,False,ST
600338.SH,600338,600338,西藏珠峰,主板,沪市,主板,801050.SI,有色金属,801055.SI,工业金属,工业金属,L,20001227,9408,25.76,12.0,0.587,15.385,False,True,True,0,0,0,0,True,
600339.SH,600339,600339,中油工程,主板,沪市,主板,801960.SI,石油石化,801962.SI,油服工程,油服工程,L,20001225,9410,25.76,3.24,0.935,18.182,False,True,True,0,0,0,0,True,
600340.SH,600340,600340,*ST华幸,主板,沪市,主板,801180.SI,房地产,801181.SI,房地产开发,房地产开发,L,20031230,8310,22.75,1.3,-5.109,16.667,True,True,True,0,0,0,0,False,ST
600343.SH,600343,600343,航天动力,主板,沪市,主板,801890.SI,机械设备,801072.SI,通用设备,通用设备,L,20030408,8576,23.48,18.88,-1.461,8.0,False,True,True,0,0,0,0,True,
600345.SH,600345,600345,长江通信,主板,沪市,主板,801770.SI,通信,801102.SI,通信设备,通信设备,L,20001222,9413,25.77,48.79,3.676,12.5,False,True,True,0,0,0,0,True,
600346.SH,600346,600346,恒力石化,主板,沪市,主板,801960.SI,石油石化,801963.SI,炼化及贸易,炼化及贸易,L,20010820,9172,25.11,16.07,1.006,40.0,False,True,True,0,0,0,0,True,
600348.SH,600348,600348,华阳股份,主板,沪市,主板,801950.SI,煤炭,801951.SI,煤炭开采,煤炭开采,L,20030821,8441,23.11,8.88,1.835,12.36,False,True,True,0,0,0,0,True,
600350.SH,600350,600350,山东高速,主板,沪市,主板,801170.SI,交通运输,801179.SI,铁路公路,铁路公路,L,20020318,8962,24.54,10.16,2.008,23.478,False,True,True,0,0,0,0,True,
600351.SH,600351,600351,亚宝药业,主板,沪市,主板,801150.SI,医药生物,801155.SI,中药Ⅱ,中药Ⅱ,L,20020926,8770,24.01,6.82,1.791,4.412,False,True,True,0,0,0,0,True,
600352.SH,600352,600352,浙江龙盛,主板,沪市,主板,801030.SI,基础化工,801034.SI,化学制品,化学制品,L,20030801,8461,23.16,12.59,4.05,11.111,False,True,True,0,0,0,0,True,
600353.SH,600353,600353,旭光电子,主板,沪市,主板,801080.SI,电子,801082.SI,其他电子Ⅱ,其他电子Ⅱ,L,20021120,8715,23.86,28.68,-2.116,15.152,False,True,True,0,0,0,0,True,
600354.SH,600354,600354,敦煌种业,主板,沪市,主板,801010.SI,农林牧渔,801016.SI,种植业,种植业,L,20040115,8294,22.71,9.24,3.125,10.638,False,True,True,0,0,0,0,True,
600356.SH,600356,600356,恒丰纸业,主板,沪市,主板,801140.SI,轻工制造,801143.SI,造纸,造纸,L,20010419,9295,25.45,11.46,9.981,17.757,False,True,True,0,0,0,0,True,
600358.SH,600358,600358,国旅联合,主板,沪市,主板,801760.SI,传媒,801765.SI,广告营销,广告营销,L,20000922,9504,26.02,5.69,-1.215,14.815,False,True,True,0,0,0,0,True,
600359.SH,600359,600359,新农开发,主板,沪市,主板,801010.SI,农林牧渔,801016.SI,种植业,种植业,L,19990429,10016,27.42,7.4,2.069,7.895,False,True,True,0,0,0,0,True,
600360.SH,600360,600360,华微电子,主板,沪市,主板,801080.SI,电子,801081.SI,半导体,半导体,L,20010316,9329,25.54,10.83,-4.244,7.143,False,True,True,0,0,0,0,True,
600361.SH,600361,600361,创新新材,主板,沪市,主板,801050.SI,有色金属,801055.SI,工业金属,工业金属,L,20011129,9071,24.84,3.49,0.576,13.514,False,True,True,0,0,0,0,True,
600362.SH,600362,600362,江西铜业,主板,沪市,主板,801050.SI,有色金属,801055.SI,工业金属,工业金属,L,20020111,9028,24.72,41.8,0.144,12.5,False,True,True,0,0,0,0,True,
600363.SH,600363,600363,ST联光,主板,沪市,主板,801080.SI,电子,801085.SI,消费电子,消费电子,L,20010329,9316,25.51,12.2,-9.963,25.806,True,True,True,2,2,2,2,False,ST、近60日停牌
600365.SH,600365,600365,ST通葡,主板,沪市,主板,801200.SI,商贸零售,801206.SI,互联网电商,互联网电商,L,20010115,9389,25.71,2.86,0.0,18.519,True,True,True,0,0,0,0,False,ST
600366.SH,600366,600366,宁波韵升,主板,沪市,主板,801050.SI,有色金属,801051.SI,金属新材料,金属新材料,L,20001030,9466,25.92,10.71,-0.465,10.526,False,True,True,0,0,0,0,True,
600367.SH,600367,600367,红星发展,主板,沪市,主板,801030.SI,基础化工,801033.SI,化学原料,化学原料,L,20010320,9325,25.53,33.08,-4.365,11.351,False,True,True,0,0,0,0,True,
600368.SH,600368,600368,五洲交通,主板,沪市,主板,801170.SI,交通运输,801179.SI,铁路公路,铁路公路,L,20001221,9414,25.77,4.11,-0.243,12.195,False,True,True,0,0,0,0,True,
600369.SH,600369,600369,西南证券,主板,沪市,主板,801790.SI,非银金融,801193.SI,证券Ⅱ,证券Ⅱ,L,20010109,9395,25.72,3.92,0.256,12.195,False,True,True,0,0,0,0,True,
600370.SH,600370,600370,*ST三房,主板,沪市,主板,801030.SI,基础化工,801032.SI,化学纤维,化学纤维,L,20030306,8609,23.57,1.37,-5.517,33.333,True,True,True,0,0,0,0,False,ST
600371.SH,600371,600371,万向德农,主板,沪市,主板,801010.SI,农林牧渔,801016.SI,种植业,种植业,L,20020916,8780,24.04,13.51,5.218,28.889,False,True,True,0,0,0,0,True,
600372.SH,600372,600372,中航机载,主板,沪市,主板,801740.SI,国防军工,801742.SI,航空装备Ⅱ,航空装备Ⅱ,L,20010706,9217,25.23,11.25,0.897,26.087,False,True,True,0,0,0,0,True,
600373.SH,600373,600373,中文传媒,主板,沪市,主板,801760.SI,传媒,801769.SI,出版,出版,L,20020304,8976,24.57,7.51,-0.398,16.667,False,True,True,0,0,0,0,True,
600375.SH,600375,600375,汉马科技,主板,沪市,主板,801880.SI,汽车,801096.SI,商用车,商用车,L,20030401,8583,23.5,3.73,1.913,10.526,False,True,True,0,0,0,0,True,
600376.SH,600376,600376,首开股份,主板,沪市,主板,801180.SI,房地产,801181.SI,房地产开发,房地产开发,L,20010312,9333,25.55,3.3,-2.655,24.242,False,True,True,0,0,0,0,True,
600377.SH,600377,600377,宁沪高速,主板,沪市,主板,801170.SI,交通运输,801179.SI,铁路公路,铁路公路,L,20010116,9388,25.7,13.0,0.541,17.355,False,True,True,0,0,0,0,True,
600378.SH,600378,600378,昊华科技,主板,沪市,主板,801030.SI,基础化工,801034.SI,化学制品,化学制品,L,20010111,9393,25.72,41.2,-1.317,10.127,False,True,True,0,0,0,0,True,
600379.SH,600379,600379,宝光股份,主板,沪市,主板,801730.SI,电力设备,801738.SI,电网设备,电网设备,L,20020116,9023,24.7,13.94,-1.692,6.849,False,True,True,0,0,0,0,True,
600380.SH,600380,600380,健康元,主板,沪市,主板,801150.SI,医药生物,801151.SI,化学制药,化学制药,L,20010608,9245,25.31,10.16,2.626,14.0,False,True,True,0,0,0,0,True,
600381.SH,600381,600381,*ST春天,主板,沪市,主板,801120.SI,食品饮料,801124.SI,食品加工,食品加工,L,20010508,9276,25.4,4.2,1.695,25.581,True,True,True,0,0,0,0,False,ST
600382.SH,600382,600382,广东明珠,主板,沪市,主板,801040.SI,钢铁,801043.SI,冶钢原料,冶钢原料,L,20010118,9386,25.7,5.64,1.257,11.111,False,True,True,0,0,0,0,True,
600383.SH,600383,600383,金地集团,主板,沪市,主板,801180.SI,房地产,801181.SI,房地产开发,房地产开发,L,20010412,9302,25.47,2.74,7.451,16.667,False,True,True,0,0,0,0,True,
600386.SH,600386,600386,北巴传媒,主板,沪市,主板,801880.SI,汽车,801092.SI,汽车服务,汽车服务,L,20010216,9357,25.62,3.54,-0.282,20.0,False,True,True,0,0,0,0,True,
600388.SH,600388,600388,紫金龙净,主板,沪市,主板,801970.SI,环保,801972.SI,环保设备Ⅱ,环保设备Ⅱ,L,20001229,9406,25.75,16.8,0.659,13.636,False,True,True,0,0,0,0,True,
600389.SH,600389,600389,江山股份,主板,沪市,主板,801030.SI,基础化工,801038.SI,农化制品,农化制品,L,20010110,9394,25.72,17.89,2.345,10.638,False,True,True,0,0,0,0,True,
600390.SH,600390,600390,五矿资本,主板,沪市,主板,801790.SI,非银金融,801191.SI,多元金融,多元金融,L,20010115,9389,25.71,4.85,1.253,12.245,False,True,True,0,0,0,0,True,
600391.SH,600391,600391,航发科技,主板,沪市,主板,801740.SI,国防军工,801742.SI,航空装备Ⅱ,航空装备Ⅱ,L,20011212,9058,24.8,40.61,-0.758,11.538,False,True,True,0,0,0,0,True,
600392.SH,600392,600392,盛和资源,主板,沪市,主板,801050.SI,有色金属,801054.SI,小金属,小金属,L,20030529,8525,23.34,20.17,-0.493,10.959,False,True,True,0,0,0,0,True,
600395.SH,600395,600395,盘江股份,主板,沪市,主板,801950.SI,煤炭,801951.SI,煤炭开采,煤炭开采,L,20010531,9253,25.33,4.99,0.808,15.385,False,True,True,0,0,0,0,True,
600396.SH,600396,600396,华电辽能,主板,沪市,主板,801160.SI,公用事业,801161.SI,电力,电力,L,20010328,9317,25.51,12.39,0.324,12.593,False,True,True,0,0,0,0,True,
600397.SH,600397,600397,江钨装备,主板,沪市,主板,801950.SI,煤炭,801951.SI,煤炭开采,煤炭开采,L,20020702,8856,24.25,16.12,1.129,9.302,False,True,True,0,0,0,0,True,
600398.SH,600398,600398,海澜之家,主板,沪市,主板,801130.SI,纺织服饰,801132.SI,服装家纺,服装家纺,L,20001228,9407,25.75,5.65,0.534,6.78,False,True,True,0,0,0,0,True,
600399.SH,600399,600399,抚顺特钢,主板,沪市,主板,801040.SI,钢铁,801045.SI,特钢Ⅱ,特钢Ⅱ,L,20001229,9406,25.75,4.29,0.941,14.286,False,True,True,0,0,0,0,True,
600400.SH,600400,600400,红豆股份,主板,沪市,主板,801130.SI,纺织服饰,801132.SI,服装家纺,服装家纺,L,20010108,9396,25.72,3.29,-0.604,15.625,False,True,True,0,0,0,0,True,
600403.SH,600403,600403,大有能源,主板,沪市,主板,801950.SI,煤炭,801951.SI,煤炭开采,煤炭开采,L,20031009,8392,22.98,7.02,-0.425,9.859,False,True,True,0,0,0,0,True,
600405.SH,600405,600405,动力源,主板,沪市,主板,801730.SI,电力设备,801733.SI,其他电源设备Ⅱ,其他电源设备Ⅱ,L,20040401,8217,22.5,4.94,-1.594,16.327,False,True,True,0,0,4,6,False,近60日停牌
600406.SH,600406,600406,国电南瑞,主板,沪市,主板,801730.SI,电力设备,801738.SI,电网设备,电网设备,L,20031016,8385,22.96,22.52,1.396,16.667,False,True,True,0,0,0,0,True,
600408.SH,600408,600408,安泰集团,主板,沪市,主板,801950.SI,煤炭,801952.SI,焦炭Ⅱ,焦炭Ⅱ,L,20030212,8631,23.63,3.13,2.961,6.667,False,True,True,0,0,0,0,True,
600409.SH,600409,600409,三友化工,主板,沪市,主板,801030.SI,基础化工,801033.SI,化学原料,化学原料,L,20030618,8505,23.29,6.16,1.818,15.152,False,True,True,0,0,0,0,True,
600410.SH,600410,600410,华胜天成,主板,沪市,主板,801750.SI,计算机,801103.SI,IT服务Ⅱ,IT服务Ⅱ,L,20040427,8191,22.43,14.18,-2.81,13.208,False,True,True,0,0,0,0,True,
600415.SH,600415,600415,小商品城,主板,沪市,主板,801200.SI,商贸零售,801203.SI,一般零售,一般零售,L,20020509,8910,24.39,11.08,3.358,16.667,False,True,True,0,0,0,0,True,
600416.SH,600416,600416,湘电股份,主板,沪市,主板,801730.SI,电力设备,801731.SI,电机Ⅱ,电机Ⅱ,L,20020718,8840,24.2,8.32,2.086,29.545,False,True,True,0,0,0,0,True,
600418.SH,600418,600418,江淮汽车,主板,沪市,主板,801880.SI,汽车,801096.SI,商用车,商用车,L,20010824,9168,25.1,27.47,5.492,28.333,False,True,True,0,0,0,0,True,
600419.SH,600419,600419,天润乳业,主板,沪市,主板,801120.SI,食品饮料,801127.SI,饮料乳品,饮料乳品,L,20010628,9225,25.26,8.94,1.938,6.897,False,True,True,0,0,0,0,True,
600420.SH,600420,600420,国药现代,主板,沪市,主板,801150.SI,医药生物,801151.SI,化学制药,化学制药,L,20040616,8141,22.29,8.39,2.192,24.138,False,True,True,0,0,0,0,True,
600422.SH,600422,600422,昆药集团,主板,沪市,主板,801150.SI,医药生物,801155.SI,中药Ⅱ,中药Ⅱ,L,20001206,9429,25.82,8.11,1.375,11.628,False,True,True,0,0,0,0,True,
600423.SH,600423,600423,*ST柳化,主板,沪市,主板,801030.SI,基础化工,801033.SI,化学原料,化学原料,L,20030717,8476,23.21,2.67,1.136,18.519,True,True,True,0,0,0,0,False,ST
600425.SH,600425,600425,青松建化,主板,沪市,主板,801710.SI,建筑材料,801711.SI,水泥,水泥,L,20030724,8469,23.19,3.69,1.934,13.889,False,True,True,0,0,0,0,True,
600426.SH,600426,600426,华鲁恒升,主板,沪市,主板,801030.SI,基础化工,801038.SI,农化制品,农化制品,L,20020620,8868,24.28,19.43,1.995,11.765,False,True,True,0,0,0,0,True,
600428.SH,600428,600428,中远海特,主板,沪市,主板,801170.SI,交通运输,801992.SI,航运港口,航运港口,L,20020418,8931,24.45,10.71,2.783,10.619,False,True,True,0,0,0,0,True,
600429.SH,600429,600429,三元股份,主板,沪市,主板,801120.SI,食品饮料,801127.SI,饮料乳品,饮料乳品,L,20030915,8416,23.04,4.85,2.105,19.565,False,True,True,0,0,0,0,True,
600433.SH,600433,600433,冠豪高新,主板,沪市,主板,801140.SI,轻工制造,801143.SI,造纸,造纸,L,20030619,8504,23.28,3.26,0.617,6.25,False,True,True,0,0,0,0,True,
600435.SH,600435,600435,北方导航,主板,沪市,主板,801740.SI,国防军工,801743.SI,地面兵装Ⅱ,地面兵装Ⅱ,L,20030704,8489,23.24,11.16,2.668,12.281,False,True,True,0,0,0,0,True,
600436.SH,600436,600436,片仔癀,主板,沪市,主板,801150.SI,医药生物,801155.SI,中药Ⅱ,中药Ⅱ,L,20030616,8507,23.29,118.0,2.413,38.095,False,True,True,0,0,0,0,True,
600438.SH,600438,600438,通威股份,主板,沪市,主板,801730.SI,电力设备,801735.SI,光伏设备,光伏设备,L,20040302,8247,22.58,11.52,4.065,33.333,False,True,True,0,0,0,0,True,
600439.SH,600439,600439,ST瑞贝卡,主板,沪市,主板,801130.SI,纺织服饰,801133.SI,饰品,饰品,L,20030710,8483,23.23,1.84,0.0,15.789,True,True,True,0,0,2,2,False,ST、近60日停牌
600444.SH,600444,600444,国机通用,主板,沪市,主板,801890.SI,机械设备,801074.SI,专用设备,专用设备,L,20040219,8259,22.61,14.51,-0.138,9.859,False,True,True,0,0,0,0,True,
600446.SH,600446,600446,金证股份,主板,沪市,主板,801750.SI,计算机,801103.SI,IT服务Ⅱ,IT服务Ⅱ,L,20031224,8316,22.77,10.41,0.193,15.385,False,True,True,0,0,0,0,True,
600448.SH,600448,600448,华纺股份,主板,沪市,主板,801130.SI,纺织服饰,801131.SI,纺织制造,纺织制造,L,20010903,9158,25.07,3.1,-0.322,12.903,False,True,True,0,0,0,0,True,
600449.SH,600449,600449,宁夏建材,主板,沪市,主板,801710.SI,建筑材料,801711.SI,水泥,水泥,L,20030829,8433,23.09,12.48,-0.08,7.937,False,True,True,0,0,0,0,True,
600452.SH,600452,600452,涪陵电力,主板,沪市,主板,801160.SI,公用事业,801161.SI,电力,电力,L,20040303,8246,22.58,8.78,0.573,8.791,False,True,True,0,0,0,0,True,
600455.SH,600455,600455,博通股份,主板,沪市,主板,801750.SI,计算机,801104.SI,软件开发,软件开发,L,20040329,8220,22.51,24.63,-0.726,9.167,False,True,True,0,0,0,0,True,
600456.SH,600456,600456,宝钛股份,主板,沪市,主板,801050.SI,有色金属,801054.SI,小金属,小金属,L,20020412,8937,24.47,24.63,0.203,12.821,False,True,True,0,0,0,0,True,
600458.SH,600458,600458,时代新材,主板,沪市,主板,801890.SI,机械设备,801076.SI,轨交设备Ⅱ,轨交设备Ⅱ,L,20021219,8686,23.78,10.99,1.197,7.143,False,True,True,0,0,0,0,True,
600459.SH,600459,600459,贵研铂业,主板,沪市,主板,801050.SI,有色金属,801054.SI,小金属,小金属,L,20030516,8538,23.38,18.02,0.0,14.706,False,True,True,0,0,0,0,True,
600460.SH,600460,600460,士兰微,主板,沪市,主板,801080.SI,电子,801081.SI,半导体,半导体,L,20030311,8604,23.56,30.75,-3.423,8.696,False,True,True,0,0,0,0,True,
600461.SH,600461,600461,洪城环境,主板,沪市,主板,801970.SI,环保,801971.SI,环境治理,环境治理,L,20040601,8156,22.33,8.81,0.916,6.667,False,True,True,0,0,0,0,True,
600463.SH,600463,600463,空港股份,主板,沪市,主板,801180.SI,房地产,801181.SI,房地产开发,房地产开发,L,20040318,8231,22.54,8.37,-0.476,14.634,False,True,True,0,0,0,0,True,
600467.SH,600467,600467,好当家,主板,沪市,主板,801010.SI,农林牧渔,801015.SI,渔业,渔业,L,20040405,8213,22.49,2.44,0.826,8.333,False,True,True,0,0,0,0,True,
600468.SH,600468,600468,百利电气,主板,沪市,主板,801730.SI,电力设备,801738.SI,电网设备,电网设备,L,20010615,9238,25.29,5.87,0.171,9.375,False,True,True,0,0,0,0,True,
600469.SH,600469,600469,风神股份,主板,沪市,主板,801880.SI,汽车,801093.SI,汽车零部件,汽车零部件,L,20031021,8380,22.94,4.94,0.816,20.755,False,True,True,0,0,0,0,True,
600470.SH,600470,600470,六国化工,主板,沪市,主板,801030.SI,基础化工,801038.SI,农化制品,农化制品,L,20040305,8244,22.57,5.45,-0.183,15.517,False,True,True,0,0,0,0,True,
600475.SH,600475,600475,华光环能,主板,沪市,主板,801160.SI,公用事业,801161.SI,电力,电力,L,20030721,8472,23.2,13.97,-2.308,10.0,False,True,True,0,0,0,0,True,
600476.SH,600476,600476,*ST湘邮,主板,沪市,主板,801750.SI,计算机,801103.SI,IT服务Ⅱ,IT服务Ⅱ,L,20031210,8330,22.81,9.92,0.202,27.66,True,True,True,0,0,0,0,False,ST
600477.SH,600477,600477,杭萧钢构,主板,沪市,主板,801720.SI,建筑装饰,801724.SI,专业工程,专业工程,L,20031110,8360,22.89,2.43,0.83,12.5,False,True,True,0,0,0,0,True,
600478.SH,600478,600478,科力远,主板,沪市,主板,801730.SI,电力设备,801737.SI,电池,电池,L,20030918,8413,23.03,4.54,1.114,20.833,False,True,True,0,0,0,0,True,
600479.SH,600479,600479,千金药业,主板,沪市,主板,801150.SI,医药生物,801155.SI,中药Ⅱ,中药Ⅱ,L,20040312,8237,22.55,12.4,3.766,8.871,False,True,True,0,0,0,0,True,
600480.SH,600480,600480,凌云股份,主板,沪市,主板,801880.SI,汽车,801093.SI,汽车零部件,汽车零部件,L,20030815,8447,23.13,7.74,0.913,23.81,False,True,True,0,0,0,0,True,
600481.SH,600481,600481,双良节能,主板,沪市,主板,801730.SI,电力设备,801735.SI,光伏设备,光伏设备,L,20030422,8562,23.44,4.03,3.069,9.524,False,True,True,0,0,0,0,True,
600482.SH,600482,600482,中国动力,主板,沪市,主板,801730.SI,电力设备,801733.SI,其他电源设备Ⅱ,其他电源设备Ⅱ,L,20040714,8113,22.21,33.51,-0.858,18.462,False,True,True,0,0,0,0,True,
600483.SH,600483,600483,福能股份,主板,沪市,主板,801160.SI,公用事业,801161.SI,电力,电力,L,20040531,8157,22.33,11.02,1.754,12.15,False,True,True,0,0,0,0,True,
600486.SH,600486,600486,扬农化工,主板,沪市,主板,801030.SI,基础化工,801038.SI,农化制品,农化制品,L,20020425,8924,24.43,51.18,1.932,11.111,False,True,True,0,0,0,0,True,
600487.SH,600487,600487,亨通光电,主板,沪市,主板,801770.SI,通信,801102.SI,通信设备,通信设备,L,20030822,8440,23.11,54.86,-3.94,24.0,False,True,True,0,0,0,0,True,
600488.SH,600488,600488,津药药业,主板,沪市,主板,801150.SI,医药生物,801151.SI,化学制药,化学制药,L,20010618,9235,25.28,6.69,-3.043,15.152,False,True,True,0,0,0,0,True,
600489.SH,600489,600489,中金黄金,主板,沪市,主板,801050.SI,有色金属,801053.SI,贵金属,贵金属,L,20030814,8448,23.13,21.9,1.436,21.311,False,True,True,0,0,0,0,True,
600490.SH,600490,600490,鹏欣资源,主板,沪市,主板,801050.SI,有色金属,801055.SI,工业金属,工业金属,L,20030626,8497,23.26,6.8,1.492,16.667,False,True,True,0,0,0,0,True,
600491.SH,600491,600491,ST龙元,主板,沪市,主板,801720.SI,建筑装饰,801721.SI,房屋建设Ⅱ,房屋建设Ⅱ,L,20040524,8164,22.35,1.57,1.29,18.75,True,True,True,0,2,5,8,False,ST、近60日停牌
600493.SH,600493,600493,凤竹纺织,主板,沪市,主板,801130.SI,纺织服饰,801131.SI,纺织制造,纺织制造,L,20040421,8197,22.44,6.51,-0.913,11.111,False,True,True,0,0,0,0,True,
600495.SH,600495,600495,晋西车轴,主板,沪市,主板,801890.SI,机械设备,801076.SI,轨交设备Ⅱ,轨交设备Ⅱ,L,20040526,8162,22.35,4.08,0.246,14.634,False,True,True,0,0,0,0,True,
600496.SH,600496,600496,精工钢构,主板,沪市,主板,801720.SI,建筑装饰,801724.SI,专业工程,专业工程,L,20020605,8883,24.32,3.39,2.108,6.061,False,True,True,0,0,0,0,True,
600497.SH,600497,600497,驰宏锌锗,主板,沪市,主板,801050.SI,有色金属,801055.SI,工业金属,工业金属,L,20040420,8198,22.44,8.96,0.336,11.111,False,True,True,0,0,0,0,True,
600498.SH,600498,600498,烽火通信,主板,沪市,主板,801770.SI,通信,801102.SI,通信设备,通信设备,L,20010823,9169,25.1,35.7,-1.599,19.231,False,True,True,0,0,0,0,True,
600499.SH,600499,600499,科达制造,主板,沪市,主板,801890.SI,机械设备,801074.SI,专用设备,专用设备,L,20021010,8756,23.97,11.19,1.084,25.352,False,True,True,0,0,0,0,True,
600500.SH,600500,600500,中化国际,主板,沪市,主板,801030.SI,基础化工,801034.SI,化学制品,化学制品,L,20000301,9709,26.58,5.08,1.397,12.5,False,True,True,0,0,0,0,True,
600501.SH,600501,600501,航天晨光,主板,沪市,主板,801890.SI,机械设备,801074.SI,专用设备,专用设备,L,20010615,9238,25.29,14.45,-0.276,14.865,False,True,True,0,0,0,0,True,
600502.SH,600502,600502,安徽建工,主板,沪市,主板,801720.SI,建筑装饰,801723.SI,基础建设,基础建设,L,20030415,8569,23.46,4.23,1.683,11.364,False,True,True,0,0,0,0,True,
600503.SH,600503,600503,华丽家族,主板,沪市,主板,801180.SI,房地产,801181.SI,房地产开发,房地产开发,L,20020709,8849,24.23,2.53,2.429,16.667,False,True,True,0,0,0,0,True,
600505.SH,600505,600505,西昌电力,主板,沪市,主板,801160.SI,公用事业,801161.SI,电力,电力,L,20020530,8889,24.34,10.43,1.361,8.333,False,True,True,0,0,0,0,True,
600506.SH,600506,600506,统一股份,主板,沪市,主板,801960.SI,石油石化,801963.SI,炼化及贸易,炼化及贸易,L,20011226,9044,24.76,16.2,0.124,8.876,False,True,True,0,0,0,0,True,
600507.SH,600507,600507,方大特钢,主板,沪市,主板,801040.SI,钢铁,801045.SI,特钢Ⅱ,特钢Ⅱ,L,20030930,8401,23.0,4.08,2.513,11.628,False,True,True,0,0,0,0,True,
600508.SH,600508,600508,上海能源,主板,沪市,主板,801950.SI,煤炭,801951.SI,煤炭开采,煤炭开采,L,20010829,9163,25.09,10.58,1.244,12.727,False,True,True,0,0,0,0,True,
600509.SH,600509,600509,天富能源,主板,沪市,主板,801160.SI,公用事业,801161.SI,电力,电力,L,20020228,8980,24.59,7.15,-0.418,9.333,False,True,True,0,0,0,0,True,
600510.SH,600510,600510,黑牡丹,主板,沪市,主板,801180.SI,房地产,801181.SI,房地产开发,房地产开发,L,20020618,8870,24.28,6.4,-2.141,39.13,False,True,True,0,0,0,0,True,
600511.SH,600511,600511,国药股份,主板,沪市,主板,801150.SI,医药生物,801154.SI,医药商业,医药商业,L,20021127,8708,23.84,26.1,1.163,8.889,False,True,True,0,0,0,0,True,
600512.SH,600512,600512,腾达建设,主板,沪市,主板,801720.SI,建筑装饰,801723.SI,基础建设,基础建设,L,20021226,8679,23.76,2.09,0.0,5.0,False,True,True,0,0,0,0,True,
600513.SH,600513,600513,联环药业,主板,沪市,主板,801150.SI,医药生物,801151.SI,化学制药,化学制药,L,20030319,8596,23.53,15.09,1.891,17.647,False,True,True,0,0,0,0,True,
600515.SH,600515,600515,海南机场,主板,沪市,主板,801180.SI,房地产,801181.SI,房地产开发,房地产开发,L,20020806,8821,24.15,2.75,1.476,25.0,False,True,True,0,0,0,0,True,
600516.SH,600516,600516,方大炭素,主板,沪市,主板,801040.SI,钢铁,801043.SI,冶钢原料,冶钢原料,L,20020830,8797,24.08,5.29,0.38,15.094,False,True,True,0,0,0,0,True,
600517.SH,600517,600517,国网英大,主板,沪市,主板,801790.SI,非银金融,801191.SI,多元金融,多元金融,L,20031010,8391,22.97,4.94,1.856,35.294,False,True,True,0,0,0,0,True,
600518.SH,600518,600518,康美药业,主板,沪市,主板,801150.SI,医药生物,801155.SI,中药Ⅱ,中药Ⅱ,L,20010319,9326,25.53,1.34,0.752,14.286,False,True,True,0,0,0,0,True,
600519.SH,600519,600519,贵州茅台,主板,沪市,主板,801120.SI,食品饮料,801125.SI,白酒Ⅱ,白酒Ⅱ,L,20010827,9165,25.09,1258.62,1.865,17.241,False,True,True,0,0,0,0,True,
600520.SH,600520,600520,三佳科技,主板,沪市,主板,801890.SI,机械设备,801074.SI,专用设备,专用设备,L,20020108,9031,24.73,24.31,-2.877,7.087,False,True,True,0,0,0,0,True,
600521.SH,600521,600521,华海药业,主板,沪市,主板,801150.SI,医药生物,801151.SI,化学制药,化学制药,L,20030304,8611,23.58,16.34,2.189,9.756,False,True,True,0,0,0,0,True,
600522.SH,600522,600522,中天科技,主板,沪市,主板,801770.SI,通信,801102.SI,通信设备,通信设备,L,20021024,8742,23.93,31.13,-0.638,14.286,False,True,True,0,0,0,0,True,
600523.SH,600523,600523,贵航股份,主板,沪市,主板,801880.SI,汽车,801093.SI,汽车零部件,汽车零部件,L,20011227,9043,24.76,11.83,0.169,10.256,False,True,True,0,0,0,0,True,
600525.SH,600525,600525,长园集团,主板,沪市,主板,801730.SI,电力设备,801738.SI,电网设备,电网设备,L,20021202,8703,23.83,4.86,0.206,12.0,False,True,True,0,2,2,2,False,近60日停牌
600526.SH,600526,600526,菲达环保,主板,沪市,主板,801970.SI,环保,801972.SI,环保设备Ⅱ,环保设备Ⅱ,L,20020722,8836,24.19,4.63,0.872,15.556,False,True,True,0,0,0,0,True,
600527.SH,600527,600527,江南高纤,主板,沪市,主板,801130.SI,纺织服饰,801131.SI,纺织制造,纺织制造,L,20031127,8343,22.84,2.17,0.463,9.091,False,True,True,0,0,0,0,True,
600528.SH,600528,600528,中铁工业,主板,沪市,主板,801890.SI,机械设备,801076.SI,轨交设备Ⅱ,轨交设备Ⅱ,L,20010528,9256,25.34,6.85,1.482,16.667,False,True,True,0,0,0,0,True,
600529.SH,600529,600529,山东药玻,主板,沪市,主板,801150.SI,医药生物,801153.SI,医疗器械,医疗器械,L,20020603,8885,24.33,18.17,1.113,3.846,False,True,True,0,0,0,0,True,
600530.SH,600530,600530,ST交昂,主板,沪市,主板,801120.SI,食品饮料,801124.SI,食品加工,食品加工,L,20010702,9221,25.25,3.76,-0.792,57.5,True,True,True,0,0,2,2,False,ST、近60日停牌
600531.SH,600531,600531,豫光金铅,主板,沪市,主板,801050.SI,有色金属,801055.SI,工业金属,工业金属,L,20020730,8828,24.17,11.11,-0.09,15.625,False,True,True,0,0,0,0,True,
600533.SH,600533,600533,栖霞建设,主板,沪市,主板,801180.SI,房地产,801181.SI,房地产开发,房地产开发,L,20020328,8952,24.51,2.29,0.0,13.636,False,True,True,0,0,0,0,True,
600535.SH,600535,600535,天士力,主板,沪市,主板,801150.SI,医药生物,801155.SI,中药Ⅱ,中药Ⅱ,L,20020823,8804,24.1,14.0,1.892,12.245,False,True,True,0,0,0,0,True,
600536.SH,600536,600536,中国软件,主板,沪市,主板,801750.SI,计算机,801103.SI,IT服务Ⅱ,IT服务Ⅱ,L,20020517,8902,24.37,30.64,-1.097,9.756,False,True,True,0,0,0,0,True,
600537.SH,600537,600537,*ST亿晶,主板,沪市,主板,801730.SI,电力设备,801735.SI,光伏设备,光伏设备,L,20030123,8651,23.69,2.11,0.0,18.182,True,True,True,0,0,0,0,False,ST
600538.SH,600538,600538,国发股份,主板,沪市,主板,801150.SI,医药生物,801154.SI,医药商业,医药商业,L,20030114,8660,23.71,4.79,1.698,9.804,False,True,True,0,0,0,0,True,
600539.SH,600539,600539,狮头股份,主板,沪市,主板,801200.SI,商贸零售,801206.SI,互联网电商,互联网电商,L,20010824,9168,25.1,13.48,-1.028,11.348,False,True,True,0,0,0,0,True,
600540.SH,600540,600540,新赛股份,主板,沪市,主板,801010.SI,农林牧渔,801016.SI,种植业,种植业,L,20040107,8302,22.73,5.52,-2.646,5.357,False,True,True,0,0,0,0,True,
600543.SH,600543,600543,*ST莫高,主板,沪市,主板,801120.SI,食品饮料,801126.SI,非白酒,非白酒,L,20040324,8225,22.52,4.07,0.0,20.0,True,True,True,0,0,0,0,False,ST
600545.SH,600545,600545,卓郎智能,主板,沪市,主板,801890.SI,机械设备,801074.SI,专用设备,专用设备,L,20031203,8337,22.83,3.84,-3.275,13.636,False,True,True,0,0,0,0,True,
600546.SH,600546,600546,山煤国际,主板,沪市,主板,801950.SI,煤炭,801951.SI,煤炭开采,煤炭开采,L,20030731,8462,23.17,13.12,0.923,12.214,False,True,True,0,0,0,0,True,
600547.SH,600547,600547,山东黄金,主板,沪市,主板,801050.SI,有色金属,801053.SI,贵金属,贵金属,L,20030828,8434,23.09,27.3,3.058,30.909,False,True,True,0,0,0,0,True,
600548.SH,600548,600548,深高速,主板,沪市,主板,801170.SI,交通运输,801179.SI,铁路公路,铁路公路,L,20011225,9045,24.76,8.12,0.744,26.136,False,True,True,0,0,0,0,True,
600549.SH,600549,600549,厦门钨业,主板,沪市,主板,801050.SI,有色金属,801054.SI,小金属,小金属,L,20021107,8728,23.9,44.11,0.823,16.0,False,True,True,0,0,0,0,True,
600550.SH,600550,600550,保变电气,主板,沪市,主板,801730.SI,电力设备,801738.SI,电网设备,电网设备,L,20010228,9345,25.59,10.22,1.389,14.035,False,True,True,0,0,0,0,True,
600551.SH,600551,600551,时代出版,主板,沪市,主板,801760.SI,传媒,801769.SI,出版,出版,L,20020905,8791,24.07,7.98,1.398,8.974,False,True,True,0,0,0,0,True,
600552.SH,600552,600552,凯盛科技,主板,沪市,主板,801080.SI,电子,801084.SI,光学光电子,光学光电子,L,20021108,8727,23.89,17.0,-1.163,7.778,False,True,True,0,0,0,0,True,
600556.SH,600556,600556,天下秀,主板,沪市,主板,801760.SI,传媒,801765.SI,广告营销,广告营销,L,20010807,9185,25.15,4.57,-1.72,10.638,False,True,True,0,0,0,0,True,
600557.SH,600557,600557,康缘药业,主板,沪市,主板,801150.SI,医药生物,801155.SI,中药Ⅱ,中药Ⅱ,L,20020918,8778,24.03,12.3,1.653,6.349,False,True,True,0,0,0,0,True,
600558.SH,600558,600558,大西洋,主板,沪市,主板,801890.SI,机械设备,801072.SI,通用设备,通用设备,L,20010227,9346,25.59,4.76,0.21,8.333,False,True,True,0,0,0,0,True,
600559.SH,600559,600559,老白干酒,主板,沪市,主板,801120.SI,食品饮料,801125.SI,白酒Ⅱ,白酒Ⅱ,L,20021029,8737,23.92,10.98,1.573,13.793,False,True,True,0,0,0,0,True,
600560.SH,600560,600560,金自天正,主板,沪市,主板,801890.SI,机械设备,801074.SI,专用设备,专用设备,L,20020919,8777,24.03,11.46,-0.779,12.5,False,True,True,0,0,0,0,True,
600561.SH,600561,600561,江西长运,主板,沪市,主板,801170.SI,交通运输,801179.SI,铁路公路,铁路公路,L,20020716,8842,24.21,6.02,-0.824,13.793,False,True,True,0,0,0,0,True,
600562.SH,600562,600562,国睿科技,主板,沪市,主板,801740.SI,国防军工,801745.SI,军工电子Ⅱ,军工电子Ⅱ,L,20030128,8646,23.67,26.81,1.746,27.273,False,True,True,0,0,0,0,True,
600563.SH,600563,600563,法拉电子,主板,沪市,主板,801080.SI,电子,801083.SI,元件,元件,L,20021210,8695,23.81,115.26,-0.501,11.321,False,True,True,0,0,0,0,True,
600566.SH,600566,600566,济川药业,主板,沪市,主板,801150.SI,医药生物,801155.SI,中药Ⅱ,中药Ⅱ,L,20010822,9170,25.11,25.63,3.056,9.524,False,True,True,0,0,0,0,True,
600567.SH,600567,600567,山鹰国际,主板,沪市,主板,801140.SI,轻工制造,801143.SI,造纸,造纸,L,20011218,9052,24.78,1.32,0.763,7.692,False,True,True,0,0,0,0,True,
600568.SH,600568,600568,ST中珠,主板,沪市,主板,801150.SI,医药生物,801156.SI,医疗服务,医疗服务,L,20010518,9266,25.37,2.37,-1.25,20.833,True,True,True,0,0,0,0,False,ST
600569.SH,600569,600569,安阳钢铁,主板,沪市,主板,801040.SI,钢铁,801044.SI,普钢,普钢,L,20010820,9172,25.11,1.82,2.247,27.778,False,True,True,0,0,0,0,True,
600570.SH,600570,600570,恒生电子,主板,沪市,主板,801750.SI,计算机,801104.SI,软件开发,软件开发,L,20031216,8324,22.79,19.4,0.414,12.903,False,True,True,0,0,0,0,True,
600571.SH,600571,600571,信雅达,主板,沪市,主板,801750.SI,计算机,801103.SI,IT服务Ⅱ,IT服务Ⅱ,L,20021101,8734,23.91,10.21,-0.681,9.524,False,True,True,0,0,0,0,True,
600572.SH,600572,600572,康恩贝,主板,沪市,主板,801150.SI,医药生物,801155.SI,中药Ⅱ,中药Ⅱ,L,20040412,8206,22.47,4.31,1.651,9.091,False,True,True,0,0,0,0,True,
600573.SH,600573,600573,惠泉啤酒,主板,沪市,主板,801120.SI,食品饮料,801126.SI,非白酒,非白酒,L,20030226,8617,23.59,10.42,1.659,7.071,False,True,True,0,0,0,0,True,
600575.SH,600575,600575,淮河能源,主板,沪市,主板,801950.SI,煤炭,801951.SI,煤炭开采,煤炭开采,L,20030328,8587,23.51,3.16,0.959,9.091,False,True,True,0,0,0,0,True,
600576.SH,600576,600576,祥源文旅,主板,沪市,主板,801210.SI,社会服务,801993.SI,旅游及景区,旅游及景区,L,20030220,8623,23.61,5.3,-0.376,10.714,False,True,True,0,0,0,0,True,
600577.SH,600577,600577,精达股份,主板,沪市,主板,801730.SI,电力设备,801738.SI,电网设备,电网设备,L,20020911,8785,24.05,8.71,5.576,9.524,False,True,True,0,0,0,0,True,
600578.SH,600578,600578,京能电力,主板,沪市,主板,801160.SI,公用事业,801161.SI,电力,电力,L,20020510,8909,24.39,5.21,1.165,15.789,False,True,True,0,0,0,0,True,
600579.SH,600579,600579,中化装备,主板,沪市,主板,801890.SI,机械设备,801074.SI,专用设备,专用设备,L,20020809,8818,24.14,7.03,0.142,11.268,False,True,True,0,0,0,0,True,
600580.SH,600580,600580,卧龙电驱,主板,沪市,主板,801730.SI,电力设备,801731.SI,电机Ⅱ,电机Ⅱ,L,20020606,8882,24.32,26.39,1.656,31.081,False,True,True,0,0,0,0,True,
600581.SH,600581,600581,*ST八钢,主板,沪市,主板,801040.SI,钢铁,801044.SI,普钢,普钢,L,20020816,8811,24.12,2.47,0.816,25.0,True,True,True,0,0,0,0,False,ST
600582.SH,600582,600582,天地科技,主板,沪市,主板,801890.SI,机械设备,801074.SI,专用设备,专用设备,L,20020515,8904,24.38,4.9,2.083,18.367,False,True,True,0,0,0,0,True,
600583.SH,600583,600583,海油工程,主板,沪市,主板,801960.SI,石油石化,801962.SI,油服工程,油服工程,L,20020205,9003,24.65,6.62,1.378,19.672,False,True,True,0,0,0,0,True,
600584.SH,600584,600584,长电科技,主板,沪市,主板,801080.SI,电子,801081.SI,半导体,半导体,L,20030603,8520,23.33,64.28,-2.161,11.538,False,True,True,0,0,0,0,True,
600585.SH,600585,600585,海螺水泥,主板,沪市,主板,801710.SI,建筑材料,801711.SI,水泥,水泥,L,20020207,9001,24.64,17.51,3.917,28.571,False,True,True,0,0,0,0,True,
600586.SH,600586,600586,金晶科技,主板,沪市,主板,801710.SI,建筑材料,801712.SI,玻璃玻纤,玻璃玻纤,L,20020815,8812,24.13,3.99,1.013,9.756,False,True,True,0,0,0,0,True,
600587.SH,600587,600587,新华医疗,主板,沪市,主板,801150.SI,医药生物,801153.SI,医疗器械,医疗器械,L,20020927,8769,24.01,13.02,1.56,9.375,False,True,True,0,0,0,0,True,
600588.SH,600588,600588,用友网络,主板,沪市,主板,801750.SI,计算机,801104.SI,软件开发,软件开发,L,20010518,9266,25.37,9.22,-0.324,24.0,False,True,True,0,0,0,0,True,
600589.SH,600589,600589,大位科技,主板,沪市,主板,801750.SI,计算机,801103.SI,IT服务Ⅱ,IT服务Ⅱ,L,20010612,9241,25.3,7.35,-2.39,10.0,False,True,True,0,0,0,0,True,
600590.SH,600590,600590,泰豪科技,主板,沪市,主板,801740.SI,国防军工,801745.SI,军工电子Ⅱ,军工电子Ⅱ,L,20020703,8855,24.24,8.03,-1.108,8.235,False,True,True,0,0,0,0,True,
600592.SH,600592,600592,龙溪股份,主板,沪市,主板,801890.SI,机械设备,801072.SI,通用设备,通用设备,L,20020805,8822,24.15,16.2,9.98,10.204,False,True,True,0,0,0,0,True,
600593.SH,600593,600593,大连圣亚,主板,沪市,主板,801210.SI,社会服务,801993.SI,旅游及景区,旅游及景区,L,20020711,8847,24.22,48.12,0.146,10.744,False,True,True,0,0,0,0,True,
600594.SH,600594,600594,益佰制药,主板,沪市,主板,801150.SI,医药生物,801155.SI,中药Ⅱ,中药Ⅱ,L,20040323,8226,22.52,3.64,1.111,10.526,False,True,True,0,0,0,0,True,
600595.SH,600595,600595,中孚实业,主板,沪市,主板,801050.SI,有色金属,801055.SI,工业金属,工业金属,L,20020626,8862,24.26,5.95,-0.335,9.677,False,True,True,0,0,0,0,True,
600596.SH,600596,600596,新安股份,主板,沪市,主板,801030.SI,基础化工,801038.SI,农化制品,农化制品,L,20010906,9155,25.07,10.59,1.243,15.0,False,True,True,0,0,0,0,True,
600597.SH,600597,600597,光明乳业,主板,沪市,主板,801120.SI,食品饮料,801127.SI,饮料乳品,饮料乳品,L,20020828,8799,24.09,6.93,1.912,20.0,False,True,True,0,0,0,0,True,
600598.SH,600598,600598,北大荒,主板,沪市,主板,801010.SI,农林牧渔,801016.SI,种植业,种植业,L,20020329,8951,24.51,12.63,1.691,10.769,False,True,True,0,0,0,0,True,
600600.SH,600600,600600,青岛啤酒,主板,沪市,主板,801120.SI,食品饮料,801126.SI,非白酒,非白酒,L,19930827,12087,33.09,50.02,1.01,15.909,False,True,True,0,0,0,0,True,
600601.SH,600601,600601,方正科技,主板,沪市,主板,801080.SI,电子,801083.SI,元件,元件,L,19901219,13069,35.78,13.2,-3.79,14.483,False,True,True,0,0,0,0,True,
600602.SH,600602,600602,云赛智联,主板,沪市,主板,801750.SI,计算机,801104.SI,软件开发,软件开发,L,19901219,13069,35.78,16.05,-0.987,15.0,False,True,True,0,0,0,0,True,
600603.SH,600603,600603,广汇物流,主板,沪市,主板,801170.SI,交通运输,801178.SI,物流,物流,L,19920113,12679,34.71,4.81,0.208,14.583,False,True,True,0,0,0,0,True,
600604.SH,600604,600604,市北高新,主板,沪市,主板,801180.SI,房地产,801181.SI,房地产开发,房地产开发,L,19920327,12605,34.51,4.86,0.206,12.5,False,True,True,0,0,0,0,True,
600605.SH,600605,600605,汇通能源,主板,沪市,主板,801200.SI,商贸零售,801203.SI,一般零售,一般零售,L,19920327,12605,34.51,29.4,-0.676,18.056,False,True,True,0,0,0,0,True,
600606.SH,600606,600606,绿地控股,主板,沪市,主板,801180.SI,房地产,801181.SI,房地产开发,房地产开发,L,19920327,12605,34.51,1.54,2.667,28.571,False,True,True,0,0,0,0,True,
600609.SH,600609,600609,金杯汽车,主板,沪市,主板,801880.SI,汽车,801093.SI,汽车零部件,汽车零部件,L,19920724,12486,34.18,3.62,0.836,11.111,False,True,True,0,0,0,0,True,
600610.SH,600610,600610,中毅达,主板,沪市,主板,801030.SI,基础化工,801033.SI,化学原料,化学原料,L,19920805,12474,34.15,7.41,0.679,20.513,False,True,True,0,0,0,0,True,
600611.SH,600611,600611,大众交通,主板,沪市,主板,801170.SI,交通运输,801179.SI,铁路公路,铁路公路,L,19920807,12472,34.15,4.29,-0.464,13.043,False,True,True,0,0,0,0,True,
600612.SH,600612,600612,老凤祥,主板,沪市,主板,801130.SI,纺织服饰,801133.SI,饰品,饰品,L,19920814,12465,34.13,31.37,1.884,31.818,False,True,True,0,0,0,0,True,
600613.SH,600613,600613,神奇制药,主板,沪市,主板,801150.SI,医药生物,801151.SI,化学制药,化学制药,L,19920820,12459,34.11,8.19,0.986,9.524,False,True,True,0,0,0,0,True,
600615.SH,600615,600615,鑫源智造,主板,沪市,主板,801050.SI,有色金属,801055.SI,工业金属,工业金属,L,19920910,12438,34.05,9.53,-0.105,12.766,False,True,True,0,0,0,0,True,
600616.SH,600616,600616,金枫酒业,主板,沪市,主板,801120.SI,食品饮料,801126.SI,非白酒,非白酒,L,19920929,12419,34.0,5.27,4.98,11.538,False,True,True,0,0,0,0,True,
600617.SH,600617,600617,国新能源,主板,沪市,主板,801160.SI,公用事业,801163.SI,燃气Ⅱ,燃气Ⅱ,L,19921013,12405,33.96,3.4,3.975,8.824,False,True,True,0,0,0,0,True,
600618.SH,600618,600618,氯碱化工,主板,沪市,主板,801030.SI,基础化工,801033.SI,化学原料,化学原料,L,19921113,12374,33.88,9.66,1.471,15.534,False,True,True,0,0,0,0,True,
600619.SH,600619,600619,海立股份,主板,沪市,主板,801110.SI,家用电器,801116.SI,家电零部件Ⅱ,家电零部件Ⅱ,L,19921116,12371,33.87,12.93,-1.897,9.489,False,True,True,0,0,0,0,True,
600620.SH,600620,600620,天宸股份,主板,沪市,主板,801230.SI,综合,801231.SI,综合Ⅱ,综合Ⅱ,L,19921117,12370,33.87,4.36,0.23,36.364,False,True,True,0,0,0,0,True,
600621.SH,600621,600621,华鑫股份,主板,沪市,主板,801790.SI,非银金融,801193.SI,证券Ⅱ,证券Ⅱ,L,19921202,12355,33.83,13.37,-0.595,6.818,False,True,True,0,0,0,0,True,
600622.SH,600622,600622,光大嘉宝,主板,沪市,主板,801180.SI,房地产,801181.SI,房地产开发,房地产开发,L,19921203,12354,33.82,2.56,1.587,12.5,False,True,True,0,0,0,0,True,
600623.SH,600623,600623,华谊集团,主板,沪市,主板,801030.SI,基础化工,801033.SI,化学原料,化学原料,L,19921204,12353,33.82,8.49,0.831,14.286,False,True,True,0,0,0,0,True,
600624.SH,600624,600624,ST复华,主板,沪市,主板,801150.SI,医药生物,801151.SI,化学制药,化学制药,L,19930105,12321,33.73,4.61,0.0,34.211,True,True,True,0,0,0,0,False,ST
600626.SH,600626,600626,申达股份,主板,沪市,主板,801880.SI,汽车,801093.SI,汽车零部件,汽车零部件,L,19930107,12319,33.73,3.77,0.533,16.667,False,True,True,0,0,0,0,True,
600628.SH,600628,600628,新世界,主板,沪市,主板,801200.SI,商贸零售,801203.SI,一般零售,一般零售,L,19930119,12307,33.69,6.36,1.113,12.903,False,True,True,0,0,0,0,True,
600629.SH,600629,600629,华建集团,主板,沪市,主板,801720.SI,建筑装饰,801726.SI,工程咨询服务Ⅱ,工程咨询服务Ⅱ,L,19930209,12286,33.64,16.37,0.122,14.634,False,True,True,0,0,0,0,True,
600630.SH,600630,600630,龙头股份,主板,沪市,主板,801130.SI,纺织服饰,801132.SI,服装家纺,服装家纺,L,19930209,12286,33.64,7.63,-1.038,12.658,False,True,True,0,0,0,0,True,
600633.SH,600633,600633,浙数文化,主板,沪市,主板,801760.SI,传媒,801764.SI,游戏Ⅱ,游戏Ⅱ,L,19930304,12263,33.57,10.0,-1.088,11.538,False,True,True,0,0,0,0,True,
600635.SH,600635,600635,大众公用,主板,沪市,主板,801160.SI,公用事业,801163.SI,燃气Ⅱ,燃气Ⅱ,L,19930304,12263,33.57,4.45,1.136,8.696,False,True,True,0,0,0,0,True,
600637.SH,600637,600637,东方明珠,主板,沪市,主板,801760.SI,传媒,801995.SI,电视广播Ⅱ,电视广播Ⅱ,L,19930316,12251,33.54,8.69,-1.25,11.765,False,True,True,0,0,0,0,True,
600638.SH,600638,600638,新黄浦,主板,沪市,主板,801180.SI,房地产,801181.SI,房地产开发,房地产开发,L,19930326,12241,33.51,5.3,1.338,8.0,False,True,True,0,0,0,0,True,
600639.SH,600639,600639,浦东金桥,主板,沪市,主板,801180.SI,房地产,801181.SI,房地产开发,房地产开发,L,19930326,12241,33.51,9.88,1.333,9.375,False,True,True,0,0,0,0,True,
600640.SH,600640,600640,国脉文化,主板,沪市,主板,801760.SI,传媒,801767.SI,数字媒体,数字媒体,L,19930407,12229,33.48,12.63,0.079,23.333,False,True,True,0,0,0,0,True,
600641.SH,600641,600641,先导基电,主板,沪市,主板,801180.SI,房地产,801181.SI,房地产开发,房地产开发,L,19930407,12229,33.48,48.57,-0.39,26.016,False,True,True,0,0,0,0,True,
600642.SH,600642,600642,申能股份,主板,沪市,主板,801160.SI,公用事业,801161.SI,电力,电力,L,19930416,12220,33.46,8.78,0.228,17.442,False,True,True,0,0,0,0,True,
600643.SH,600643,600643,爱建集团,主板,沪市,主板,801790.SI,非银金融,801191.SI,多元金融,多元金融,L,19930426,12210,33.43,4.1,0.737,21.951,False,True,True,0,0,0,0,True,
600644.SH,600644,600644,乐山电力,主板,沪市,主板,801160.SI,公用事业,801161.SI,电力,电力,L,19930426,12210,33.43,8.88,0.226,10.417,False,True,True,0,0,0,0,True,
600645.SH,600645,600645,中源协和,主板,沪市,主板,801150.SI,医药生物,801153.SI,医疗器械,医疗器械,L,19930504,12202,33.41,19.41,3.575,16.667,False,True,True,0,0,0,0,True,
600648.SH,600648,600648,外高桥,主板,沪市,主板,801180.SI,房地产,801181.SI,房地产开发,房地产开发,L,19930504,12202,33.41,9.66,2.006,20.0,False,True,True,0,0,0,0,True,
600649.SH,600649,600649,城投控股,主板,沪市,主板,801180.SI,房地产,801181.SI,房地产开发,房地产开发,L,19930518,12188,33.37,4.06,-1.695,15.0,False,True,True,0,0,0,0,True,
600650.SH,600650,600650,锦江在线,主板,沪市,主板,801170.SI,交通运输,801179.SI,铁路公路,铁路公路,L,19930607,12168,33.31,10.22,0.0,11.111,False,True,True,0,0,0,0,True,
600651.SH,600651,600651,飞乐音响,主板,沪市,主板,801880.SI,汽车,801093.SI,汽车零部件,汽车零部件,L,19901219,13069,35.78,4.98,-0.2,32.143,False,True,True,0,0,0,0,True,
600653.SH,600653,600653,申华控股,主板,沪市,主板,801880.SI,汽车,801092.SI,汽车服务,汽车服务,L,19901219,13069,35.78,1.68,-1.754,11.765,False,True,True,0,0,0,0,True,
600654.SH,600654,600654,中安科,主板,沪市,主板,801750.SI,计算机,801104.SI,软件开发,软件开发,L,19901219,13069,35.78,3.02,-0.984,12.5,False,True,True,0,0,0,0,True,
600655.SH,600655,600655,豫园股份,主板,沪市,主板,801200.SI,商贸零售,801203.SI,一般零售,一般零售,L,19920902,12446,34.08,4.66,2.643,34.043,False,True,True,0,0,0,0,True,
600657.SH,600657,600657,信达地产,主板,沪市,主板,801180.SI,房地产,801181.SI,房地产开发,房地产开发,L,19930524,12182,33.35,3.55,5.03,15.625,False,True,True,0,0,0,0,True,
600658.SH,600658,600658,电子城,主板,沪市,主板,801180.SI,房地产,801181.SI,房地产开发,房地产开发,L,19930524,12182,33.35,4.21,-0.708,17.073,False,True,True,0,0,0,0,True,
600660.SH,600660,600660,福耀玻璃,主板,沪市,主板,801880.SI,汽车,801093.SI,汽车零部件,汽车零部件,L,19930610,12165,33.31,53.58,1.094,12.821,False,True,True,0,0,0,0,True,
600661.SH,600661,600661,昂立教育,主板,沪市,主板,801210.SI,社会服务,801994.SI,教育,教育,L,19930614,12161,33.3,9.17,-1.398,11.111,False,True,True,0,0,0,0,True,
600662.SH,600662,600662,外服控股,主板,沪市,主板,801210.SI,社会服务,801218.SI,专业服务,专业服务,L,19930614,12161,33.3,4.26,1.671,32.558,False,True,True,0,0,0,0,True,
600663.SH,600663,600663,陆家嘴,主板,沪市,主板,801180.SI,房地产,801181.SI,房地产开发,房地产开发,L,19930628,12147,33.26,10.11,10.011,28.571,False,True,True,0,0,0,0,True,
600664.SH,600664,600664,哈药股份,主板,沪市,主板,801150.SI,医药生物,801151.SI,化学制药,化学制药,L,19930629,12146,33.25,7.4,3.642,17.333,False,True,True,0,0,0,0,True,
600665.SH,600665,600665,天地源,主板,沪市,主板,801180.SI,房地产,801181.SI,房地产开发,房地产开发,L,19930709,12136,33.23,3.46,1.17,11.765,False,True,True,0,0,0,0,True,
600666.SH,600666,600666,奥瑞德,主板,沪市,主板,801080.SI,电子,801084.SI,光学光电子,光学光电子,L,19930712,12133,33.22,3.16,-1.25,11.765,False,True,True,0,0,0,0,True,
600667.SH,600667,600667,太极实业,主板,沪市,主板,801720.SI,建筑装饰,801726.SI,工程咨询服务Ⅱ,工程咨询服务Ⅱ,L,19930728,12117,33.17,17.29,-3.677,13.636,False,True,True,0,0,0,0,True,
600668.SH,600668,600668,尖峰集团,主板,沪市,主板,801710.SI,建筑材料,801711.SI,水泥,水泥,L,19930728,12117,33.17,7.46,0.947,8.108,False,True,True,0,0,0,0,True,
600671.SH,600671,600671,天目药业,主板,沪市,主板,801150.SI,医药生物,801155.SI,中药Ⅱ,中药Ⅱ,L,19930823,12091,33.1,21.79,0.786,9.91,False,True,True,0,0,0,0,True,
600673.SH,600673,600673,东阳光,主板,沪市,主板,801230.SI,综合,801231.SI,综合Ⅱ,综合Ⅱ,L,19930917,12066,33.03,30.37,-0.23,19.753,False,True,True,0,0,0,0,True,
600674.SH,600674,600674,川投能源,主板,沪市,主板,801160.SI,公用事业,801161.SI,电力,电力,L,19930924,12059,33.02,16.62,0.727,11.842,False,True,True,0,0,0,0,True,
600675.SH,600675,600675,中华企业,主板,沪市,主板,801180.SI,房地产,801181.SI,房地产开发,房地产开发,L,19930924,12059,33.02,2.52,1.205,25.0,False,True,True,0,0,0,0,True,
600676.SH,600676,600676,久事动娱,主板,沪市,主板,801880.SI,汽车,801092.SI,汽车服务,汽车服务,L,19930928,12055,33.0,6.6,-0.752,10.294,False,True,True,0,0,0,0,True,
600678.SH,600678,600678,ST金顶,主板,沪市,主板,801710.SI,建筑材料,801711.SI,水泥,水泥,L,19931008,12045,32.98,5.78,0.522,10.526,True,True,True,0,0,0,0,False,ST
600679.SH,600679,600679,上海凤凰,主板,沪市,主板,801880.SI,汽车,801881.SI,摩托车及其他,摩托车及其他,L,19931008,12045,32.98,10.55,0.285,17.647,False,True,True,0,0,0,0,True,
600681.SH,600681,600681,百川能源,主板,沪市,主板,801160.SI,公用事业,801163.SI,燃气Ⅱ,燃气Ⅱ,L,19931018,12035,32.95,3.52,1.149,5.882,False,True,True,0,0,0,0,True,
600682.SH,600682,600682,南京新百,主板,沪市,主板,801230.SI,综合,801231.SI,综合Ⅱ,综合Ⅱ,L,19931018,12035,32.95,5.84,1.742,14.286,False,True,True,0,0,0,0,True,
600683.SH,600683,600683,京投发展,主板,沪市,主板,801180.SI,房地产,801181.SI,房地产开发,房地产开发,L,19931025,12028,32.93,8.95,-3.243,16.327,False,True,True,0,0,0,0,True,
600684.SH,600684,600684,珠江股份,主板,沪市,主板,801180.SI,房地产,801183.SI,房地产服务,房地产服务,L,19931028,12025,32.92,3.64,-0.546,8.571,False,True,True,0,0,0,0,True,
600685.SH,600685,600685,中船防务,主板,沪市,主板,801740.SI,国防军工,801744.SI,航海装备Ⅱ,航海装备Ⅱ,L,19931028,12025,32.92,28.71,0.914,11.765,False,True,True,0,0,0,0,True,
600686.SH,600686,600686,金龙汽车,主板,沪市,主板,801880.SI,汽车,801096.SI,商用车,商用车,L,19931108,12014,32.89,11.25,-0.089,8.929,False,True,True,0,0,0,0,True,
600688.SH,600688,600688,上海石化,主板,沪市,主板,801960.SI,石油石化,801963.SI,炼化及贸易,炼化及贸易,L,19931108,12014,32.89,2.75,0.733,10.714,False,True,True,0,0,0,0,True,
600689.SH,600689,600689,上海三毛,主板,沪市,主板,801230.SI,综合,801231.SI,综合Ⅱ,综合Ⅱ,L,19931108,12014,32.89,11.92,-0.832,15.0,False,True,True,0,0,0,0,True,
600690.SH,600690,600690,海尔智家,主板,沪市,主板,801110.SI,家用电器,801111.SI,白色家电,白色家电,L,19931119,12003,32.86,20.42,1.039,14.493,False,True,True,0,0,0,0,True,
600691.SH,600691,600691,潞化科技,主板,沪市,主板,801030.SI,基础化工,801038.SI,农化制品,农化制品,L,19931119,12003,32.86,2.72,0.0,24.138,False,True,True,0,0,0,0,True,
600692.SH,600692,600692,亚通股份,主板,沪市,主板,801180.SI,房地产,801181.SI,房地产开发,房地产开发,L,19931119,12003,32.86,6.72,-0.149,6.154,False,True,True,0,0,0,0,True,
600693.SH,600693,600693,东百集团,主板,沪市,主板,801200.SI,商贸零售,801203.SI,一般零售,一般零售,L,19931122,12000,32.85,9.32,2.193,10.638,False,True,True,0,0,0,0,True,
600694.SH,600694,600694,大商股份,主板,沪市,主板,801200.SI,商贸零售,801203.SI,一般零售,一般零售,L,19931122,12000,32.85,14.4,0.982,5.556,False,True,True,0,0,0,0,True,
600697.SH,600697,600697,欧亚集团,主板,沪市,主板,801200.SI,商贸零售,801203.SI,一般零售,一般零售,L,19931206,11986,32.82,11.43,0.616,7.965,False,True,True,0,0,0,0,True,
600698.SH,600698,600698,湖南天雁,主板,沪市,主板,801880.SI,汽车,801093.SI,汽车零部件,汽车零部件,L,19931206,11986,32.82,6.7,-2.332,13.889,False,True,True,0,0,0,0,True,
600699.SH,600699,600699,均胜电子,主板,沪市,主板,801880.SI,汽车,801093.SI,汽车零部件,汽车零部件,L,19931206,11986,32.82,23.46,3.121,18.182,False,True,True,0,0,0,0,True,
600702.SH,600702,600702,舍得酒业,主板,沪市,主板,801120.SI,食品饮料,801125.SI,白酒Ⅱ,白酒Ⅱ,L,19960524,11086,30.35,32.71,2.991,14.286,False,True,True,0,0,0,0,True,
600703.SH,600703,600703,三安光电,主板,沪市,主板,801080.SI,电子,801084.SI,光学光电子,光学光电子,L,19960528,11082,30.34,11.48,0.614,12.5,False,True,True,0,0,0,0,True,
600704.SH,600704,600704,物产中大,主板,沪市,主板,801170.SI,交通运输,801178.SI,物流,物流,L,19960606,11073,30.32,4.87,1.883,8.163,False,True,True,0,0,0,0,True,
600706.SH,600706,600706,曲江文旅,主板,沪市,主板,801210.SI,社会服务,801993.SI,旅游及景区,旅游及景区,L,19960516,11094,30.37,8.1,0.496,9.639,False,True,True,0,0,0,0,True,
600707.SH,600707,600707,彩虹股份,主板,沪市,主板,801080.SI,电子,801084.SI,光学光电子,光学光电子,L,19960520,11090,30.36,10.08,5.329,12.5,False,True,True,0,0,0,0,True,
600708.SH,600708,600708,光明地产,主板,沪市,主板,801180.SI,房地产,801181.SI,房地产开发,房地产开发,L,19960606,11073,30.32,3.12,0.0,12.903,False,True,True,0,0,0,0,True,
600710.SH,600710,600710,苏美达,主板,沪市,主板,801200.SI,商贸零售,801202.SI,贸易Ⅱ,贸易Ⅱ,L,19960701,11048,30.25,11.28,1.622,14.545,False,True,True,0,0,0,0,True,
600711.SH,600711,600711,盛屯矿业,主板,沪市,主板,801050.SI,有色金属,801056.SI,能源金属,能源金属,L,19960531,11079,30.33,10.14,-1.458,11.404,False,True,True,0,0,0,0,True,
600712.SH,600712,600712,南宁百货,主板,沪市,主板,801200.SI,商贸零售,801203.SI,一般零售,一般零售,L,19960626,11053,30.26,5.39,-0.185,14.286,False,True,True,0,0,0,0,True,
600713.SH,600713,600713,南京医药,主板,沪市,主板,801150.SI,医药生物,801154.SI,医药商业,医药商业,L,19960701,11048,30.25,5.0,1.215,7.843,False,True,True,0,0,0,0,True,
600714.SH,600714,600714,金瑞矿业,主板,沪市,主板,801030.SI,基础化工,801033.SI,化学原料,化学原料,L,19960606,11073,30.32,17.15,-1.944,10.753,False,True,True,0,0,0,0,True,
600715.SH,600715,600715,文投控股,主板,沪市,主板,801760.SI,传媒,801764.SI,游戏Ⅱ,游戏Ⅱ,L,19960701,11048,30.25,1.64,-0.606,12.5,False,True,True,0,0,0,0,True,
600716.SH,600716,600716,凤凰股份,主板,沪市,主板,801180.SI,房地产,801181.SI,房地产开发,房地产开发,L,19960702,11047,30.25,3.79,0.0,24.324,False,True,True,0,0,0,0,True,
600717.SH,600717,600717,天津港,主板,沪市,主板,801170.SI,交通运输,801992.SI,航运港口,航运港口,L,19960614,11065,30.29,4.3,1.655,9.302,False,True,True,0,0,0,10,True,
600718.SH,600718,600718,东软集团,主板,沪市,主板,801750.SI,计算机,801103.SI,IT服务Ⅱ,IT服务Ⅱ,L,19960618,11061,30.28,7.91,0.127,15.0,False,True,True,0,0,0,0,True,
600719.SH,600719,600719,大连热电,主板,沪市,主板,801160.SI,公用事业,801161.SI,电力,电力,L,19960716,11033,30.21,8.72,6.601,12.5,False,True,True,0,0,0,0,True,
600720.SH,600720,600720,中交设计,主板,沪市,主板,801720.SI,建筑装饰,801726.SI,工程咨询服务Ⅱ,工程咨询服务Ⅱ,L,19960716,11033,30.21,5.19,1.367,9.804,False,True,True,0,0,0,0,True,
600721.SH,600721,600721,百花医药,主板,沪市,主板,801150.SI,医药生物,801156.SI,医疗服务,医疗服务,L,19960626,11053,30.26,13.11,1.236,4.615,False,True,True,0,0,0,0,True,
600722.SH,600722,600722,金牛化工,主板,沪市,主板,801030.SI,基础化工,801033.SI,化学原料,化学原料,L,19960626,11053,30.26,14.72,1.03,13.245,False,True,True,0,0,0,0,True,
600724.SH,600724,600724,宁波富达,主板,沪市,主板,801180.SI,房地产,801183.SI,房地产服务,房地产服务,L,19960716,11033,30.21,5.01,0.2,36.538,False,True,True,0,0,0,0,True,
600725.SH,600725,600725,云维股份,主板,沪市,主板,801950.SI,煤炭,801952.SI,焦炭Ⅱ,焦炭Ⅱ,L,19960702,11047,30.25,3.27,0.0,12.121,False,True,True,0,0,0,0,True,
600726.SH,600726,600726,华电能源,主板,沪市,主板,801160.SI,公用事业,801161.SI,电力,电力,L,19960701,11048,30.25,4.96,0.0,22.807,False,True,True,0,0,0,0,True,
600727.SH,600727,600727,鲁北化工,主板,沪市,主板,801030.SI,基础化工,801033.SI,化学原料,化学原料,L,19960702,11047,30.25,7.49,0.807,6.667,False,True,True,0,0,0,0,True,
600728.SH,600728,600728,佳都科技,主板,沪市,主板,801750.SI,计算机,801103.SI,IT服务Ⅱ,IT服务Ⅱ,L,19960716,11033,30.21,4.45,-0.447,13.043,False,True,True,0,0,0,0,True,
600729.SH,600729,600729,重百集团,主板,沪市,主板,801200.SI,商贸零售,801203.SI,一般零售,一般零售,L,19960702,11047,30.25,18.44,1.991,7.812,False,True,True,0,0,0,0,True,
600730.SH,600730,600730,*ST高科,主板,沪市,主板,801210.SI,社会服务,801994.SI,教育,教育,L,19960726,11023,30.18,8.55,1.665,21.277,True,True,True,0,0,0,0,False,ST
600731.SH,600731,600731,湖南海利,主板,沪市,主板,801030.SI,基础化工,801038.SI,农化制品,农化制品,L,19960802,11016,30.16,5.95,2.058,10.345,False,True,True,0,0,0,0,True,
600732.SH,600732,600732,爱旭股份,主板,沪市,主板,801730.SI,电力设备,801735.SI,光伏设备,光伏设备,L,19960816,11002,30.12,11.57,6.342,17.241,False,True,True,0,0,0,0,True,
600733.SH,600733,600733,北汽蓝谷,主板,沪市,主板,801880.SI,汽车,801095.SI,乘用车,乘用车,L,19960816,11002,30.12,5.07,2.84,24.0,False,True,True,0,0,0,0,True,
600734.SH,600734,600734,*ST实达,主板,沪市,主板,801770.SI,通信,801102.SI,通信设备,通信设备,L,19960808,11010,30.14,1.86,0.54,21.053,True,True,True,0,0,0,0,False,ST
600735.SH,600735,600735,ST新华锦,主板,沪市,主板,801130.SI,纺织服饰,801133.SI,饰品,饰品,L,19960726,11023,30.18,6.65,2.151,10.938,True,True,True,0,0,0,0,False,ST
600736.SH,600736,600736,苏州高新,主板,沪市,主板,801180.SI,房地产,801181.SI,房地产开发,房地产开发,L,19960815,11003,30.12,6.57,0.613,7.463,False,True,True,0,0,0,0,True,
600737.SH,600737,600737,中粮糖业,主板,沪市,主板,801010.SI,农林牧渔,801012.SI,农产品加工,农产品加工,L,19960731,11018,30.17,14.66,6.232,20.27,False,True,True,0,0,0,0,True,
600738.SH,600738,600738,丽尚国潮,主板,沪市,主板,801200.SI,商贸零售,801203.SI,一般零售,一般零售,L,19960802,11016,30.16,4.23,0.0,11.905,False,True,True,0,0,0,0,True,
600739.SH,600739,600739,辽宁成大,主板,沪市,主板,801150.SI,医药生物,801152.SI,生物制品,生物制品,L,19960819,10999,30.11,10.21,1.29,11.111,False,True,True,0,0,0,0,True,
600740.SH,600740,600740,山西焦化,主板,沪市,主板,801950.SI,煤炭,801952.SI,焦炭Ⅱ,焦炭Ⅱ,L,19960808,11010,30.14,3.76,1.622,13.158,False,True,True,0,0,0,0,True,
600741.SH,600741,600741,华域汽车,主板,沪市,主板,801880.SI,汽车,801093.SI,汽车零部件,汽车零部件,L,19960826,10992,30.09,15.38,1.317,22.642,False,True,True,0,0,0,0,True,
600742.SH,600742,600742,富维股份,主板,沪市,主板,801880.SI,汽车,801093.SI,汽车零部件,汽车零部件,L,19960826,10992,30.09,7.67,1.589,28.947,False,True,True,0,0,0,0,True,
600743.SH,600743,600743,华远控股,主板,沪市,主板,801180.SI,房地产,801181.SI,房地产开发,房地产开发,L,19960909,10978,30.06,2.35,-2.083,21.739,False,True,True,0,0,0,0,True,
600744.SH,600744,600744,华银电力,主板,沪市,主板,801160.SI,公用事业,801161.SI,电力,电力,L,19960905,10982,30.07,6.06,1.0,13.846,False,True,True,0,0,0,0,True,
600745.SH,600745,600745,*ST闻泰,主板,沪市,主板,801080.SI,电子,801081.SI,半导体,半导体,L,19960828,10990,30.09,16.43,-0.485,20.0,True,True,True,0,0,0,0,False,ST
600746.SH,600746,600746,江苏索普,主板,沪市,主板,801030.SI,基础化工,801033.SI,化学原料,化学原料,L,19960918,10969,30.03,6.88,1.775,17.647,False,True,True,0,0,0,0,True,
600748.SH,600748,600748,上实发展,主板,沪市,主板,801180.SI,房地产,801181.SI,房地产开发,房地产开发,L,19960925,10962,30.01,4.1,0.244,36.842,False,True,True,0,0,0,0,True,
600749.SH,600749,600749,西藏旅游,主板,沪市,主板,801210.SI,社会服务,801993.SI,旅游及景区,旅游及景区,L,19961015,10942,29.96,12.65,-0.862,17.391,False,True,True,0,0,0,0,True,
600750.SH,600750,600750,华润江中,主板,沪市,主板,801150.SI,医药生物,801155.SI,中药Ⅱ,中药Ⅱ,L,19960923,10964,30.02,22.53,1.031,11.688,False,True,True,0,0,0,0,True,
600751.SH,600751,600751,海航科技,主板,沪市,主板,801170.SI,交通运输,801992.SI,航运港口,航运港口,L,19960909,10978,30.06,2.91,1.748,12.903,False,True,True,0,0,0,0,True,
600753.SH,600753,600753,ST海钦,主板,沪市,主板,801170.SI,交通运输,801178.SI,物流,物流,L,19960927,10960,30.01,13.01,-5.244,30.0,True,True,True,0,0,0,2,False,ST
600754.SH,600754,600754,锦江酒店,主板,沪市,主板,801210.SI,社会服务,801219.SI,酒店餐饮,酒店餐饮,L,19961011,10946,29.97,18.05,1.12,9.375,False,True,True,0,0,0,0,True,
600755.SH,600755,600755,厦门国贸,主板,沪市,主板,801170.SI,交通运输,801178.SI,物流,物流,L,19961003,10954,29.99,5.68,-0.176,10.345,False,True,True,0,0,0,0,True,
600756.SH,600756,600756,浪潮软件,主板,沪市,主板,801750.SI,计算机,801103.SI,IT服务Ⅱ,IT服务Ⅱ,L,19960923,10964,30.02,13.76,-1.362,10.563,False,True,True,0,0,0,0,True,
600757.SH,600757,600757,长江传媒,主板,沪市,主板,801760.SI,传媒,801769.SI,出版,出版,L,19961003,10954,29.99,7.43,0.27,13.158,False,True,True,0,0,0,0,True,
600758.SH,600758,600758,辽宁能源,主板,沪市,主板,801950.SI,煤炭,801951.SI,煤炭开采,煤炭开采,L,19961029,10928,29.92,3.75,-0.53,11.111,False,True,True,0,0,0,0,True,
600759.SH,600759,600759,ST洲际,主板,沪市,主板,801960.SI,石油石化,801961.SI,油气开采Ⅱ,油气开采Ⅱ,L,19961008,10949,29.98,2.25,2.273,12.0,True,True,True,0,0,0,0,False,ST
600760.SH,600760,600760,中航沈飞,主板,沪市,主板,801740.SI,国防军工,801742.SI,航空装备Ⅱ,航空装备Ⅱ,L,19961011,10946,29.97,43.63,2.298,29.688,False,True,True,0,0,0,0,True,
600761.SH,600761,600761,安徽合力,主板,沪市,主板,801890.SI,机械设备,801077.SI,工程机械,工程机械,L,19961009,10948,29.97,14.85,1.02,12.727,False,True,True,0,0,0,0,True,
600763.SH,600763,600763,通策医疗,主板,沪市,主板,801150.SI,医药生物,801156.SI,医疗服务,医疗服务,L,19961030,10927,29.92,34.07,3.242,9.091,False,True,True,0,0,0,0,True,
600764.SH,600764,600764,中国海防,主板,沪市,主板,801740.SI,国防军工,801744.SI,航海装备Ⅱ,航海装备Ⅱ,L,19961104,10922,29.9,18.39,0.492,31.915,False,True,True,0,0,0,0,True,
600765.SH,600765,600765,中航重机,主板,沪市,主板,801740.SI,国防军工,801742.SI,航空装备Ⅱ,航空装备Ⅱ,L,19961106,10920,29.9,13.19,0.841,8.824,False,True,True,0,0,0,0,True,
600768.SH,600768,600768,富邦新材,主板,沪市,主板,801050.SI,有色金属,801055.SI,工业金属,工业金属,L,19961111,10915,29.88,14.75,-0.94,8.0,False,True,True,0,0,0,0,True,
600769.SH,600769,600769,祥龙电业,主板,沪市,主板,801970.SI,环保,801971.SI,环境治理,环境治理,L,19961101,10925,29.91,14.82,1.786,11.688,False,True,True,0,0,0,0,True,
600770.SH,600770,600770,综艺股份,主板,沪市,主板,801230.SI,综合,801231.SI,综合Ⅱ,综合Ⅱ,L,19961120,10906,29.86,6.36,2.913,16.667,False,True,True,0,0,0,0,True,
600771.SH,600771,600771,广誉远,主板,沪市,主板,801150.SI,医药生物,801155.SI,中药Ⅱ,中药Ⅱ,L,19961105,10921,29.9,14.15,1.872,8.571,False,True,True,0,0,0,0,True,
600773.SH,600773,600773,西藏城投,主板,沪市,主板,801180.SI,房地产,801181.SI,房地产开发,房地产开发,L,19961108,10918,29.89,9.82,1.551,13.208,False,True,True,0,0,0,0,True,
600774.SH,600774,600774,汉商集团,主板,沪市,主板,801150.SI,医药生物,801151.SI,化学制药,化学制药,L,19961108,10918,29.89,7.97,0.126,18.919,False,True,True,0,0,0,0,True,
600775.SH,600775,600775,南京熊猫,主板,沪市,主板,801770.SI,通信,801102.SI,通信设备,通信设备,L,19961118,10908,29.86,9.26,-0.323,6.122,False,True,True,0,0,0,0,True,
600776.SH,600776,600776,东方通信,主板,沪市,主板,801770.SI,通信,801102.SI,通信设备,通信设备,L,19961126,10900,29.84,12.28,-0.486,12.121,False,True,True,0,0,0,0,True,
600777.SH,600777,600777,新潮能源,主板,沪市,主板,801960.SI,石油石化,801961.SI,油气开采Ⅱ,油气开采Ⅱ,L,19961121,10905,29.86,4.0,0.251,38.095,False,True,True,0,0,0,2,True,
600778.SH,600778,600778,友好集团,主板,沪市,主板,801200.SI,商贸零售,801203.SI,一般零售,一般零售,L,19961203,10893,29.82,5.77,-0.173,5.172,False,True,True,0,0,0,0,True,
600779.SH,600779,600779,水井坊,主板,沪市,主板,801120.SI,食品饮料,801125.SI,白酒Ⅱ,白酒Ⅱ,L,19961206,10890,29.82,26.18,1.749,26.316,False,True,True,0,0,0,0,True,
600780.SH,600780,600780,通宝能源,主板,沪市,主板,801160.SI,公用事业,801161.SI,电力,电力,L,19961205,10891,29.82,6.13,0.492,11.29,False,True,True,0,0,0,0,True,
600782.SH,600782,600782,新钢股份,主板,沪市,主板,801040.SI,钢铁,801044.SI,普钢,普钢,L,19961225,10871,29.76,2.7,1.504,11.111,False,True,True,0,0,0,0,True,
600783.SH,600783,600783,鲁信创投,主板,沪市,主板,801890.SI,机械设备,801072.SI,通用设备,通用设备,L,19961225,10871,29.76,14.52,-0.684,21.875,False,True,True,0,0,0,0,True,
600784.SH,600784,600784,鲁银投资,主板,沪市,主板,801030.SI,基础化工,801033.SI,化学原料,化学原料,L,19961225,10871,29.76,7.0,-0.85,13.514,False,True,True,0,0,0,0,True,
600785.SH,600785,600785,新华百货,主板,沪市,主板,801200.SI,商贸零售,801203.SI,一般零售,一般零售,L,19970108,10857,29.72,10.65,3.599,9.346,False,True,True,0,0,0,0,True,
600787.SH,600787,600787,中储股份,主板,沪市,主板,801170.SI,交通运输,801178.SI,物流,物流,L,19970121,10844,29.69,4.62,1.094,15.217,False,True,True,0,0,0,0,True,
600789.SH,600789,600789,鲁抗医药,主板,沪市,主板,801150.SI,医药生物,801151.SI,化学制药,化学制药,L,19970226,10808,29.59,7.85,2.883,5.263,False,True,True,0,0,0,0,True,
600790.SH,600790,600790,轻纺城,主板,沪市,主板,801200.SI,商贸零售,801203.SI,一般零售,一般零售,L,19970228,10806,29.59,3.68,0.822,13.889,False,True,True,0,0,0,0,True,
600791.SH,600791,600791,京能置业,主板,沪市,主板,801180.SI,房地产,801181.SI,房地产开发,房地产开发,L,19970130,10835,29.66,6.94,-2.253,14.085,False,True,True,0,0,0,0,True,
600792.SH,600792,600792,云煤能源,主板,沪市,主板,801950.SI,煤炭,801952.SI,焦炭Ⅱ,焦炭Ⅱ,L,19970123,10842,29.68,5.04,-4.726,7.547,False,True,True,0,0,0,0,True,
600793.SH,600793,600793,宜宾纸业,主板,沪市,主板,801140.SI,轻工制造,801143.SI,造纸,造纸,L,19970220,10814,29.61,16.36,-0.183,17.722,False,True,True,0,0,0,0,True,
600794.SH,600794,600794,保税科技,主板,沪市,主板,801170.SI,交通运输,801178.SI,物流,物流,L,19970306,10800,29.57,3.19,0.0,9.375,False,True,True,0,0,0,0,True,
600795.SH,600795,600795,国电电力,主板,沪市,主板,801160.SI,公用事业,801161.SI,电力,电力,L,19970318,10788,29.54,5.34,-0.373,14.0,False,True,True,0,0,0,0,True,
600796.SH,600796,600796,钱江生化,主板,沪市,主板,801970.SI,环保,801971.SI,环境治理,环境治理,L,19970408,10767,29.48,5.11,0.393,7.843,False,True,True,0,0,0,0,True,
600797.SH,600797,600797,浙大网新,主板,沪市,主板,801750.SI,计算机,801103.SI,IT服务Ⅱ,IT服务Ⅱ,L,19970418,10757,29.45,6.45,-0.616,11.594,False,True,True,0,0,0,0,True,
600798.SH,600798,600798,宁波海运,主板,沪市,主板,801170.SI,交通运输,801992.SI,航运港口,航运港口,L,19970423,10752,29.44,3.41,0.888,11.765,False,True,True,0,0,0,0,True,
600800.SH,600800,600800,渤海化学,主板,沪市,主板,801960.SI,石油石化,801963.SI,炼化及贸易,炼化及贸易,L,19931206,11986,32.82,3.21,0.312,11.765,False,True,True,0,0,0,0,True,
600801.SH,600801,600801,华新建材,主板,沪市,主板,801710.SI,建筑材料,801711.SI,水泥,水泥,L,19940103,11958,32.74,23.8,0.0,25.333,False,True,True,0,0,0,0,True,
600802.SH,600802,600802,福建水泥,主板,沪市,主板,801710.SI,建筑材料,801711.SI,水泥,水泥,L,19940103,11958,32.74,7.24,4.323,14.706,False,True,True,0,0,0,0,True,
600803.SH,600803,600803,新奥股份,主板,沪市,主板,801160.SI,公用事业,801163.SI,燃气Ⅱ,燃气Ⅱ,L,19940103,11958,32.74,19.2,4.405,26.316,False,True,True,0,0,0,0,True,
600805.SH,600805,600805,悦达投资,主板,沪市,主板,801230.SI,综合,801231.SI,综合Ⅱ,综合Ⅱ,L,19940103,11958,32.74,4.63,0.0,18.182,False,True,True,0,0,0,0,True,
600807.SH,600807,600807,济高发展,主板,沪市,主板,801150.SI,医药生物,801153.SI,医疗器械,医疗器械,L,19940103,11958,32.74,2.68,0.0,11.538,False,True,True,0,0,0,0,True,
600808.SH,600808,600808,马钢股份,主板,沪市,主板,801040.SI,钢铁,801044.SI,普钢,普钢,L,19940106,11955,32.73,2.51,2.033,24.0,False,True,True,0,0,0,0,True,
600809.SH,600809,600809,山西汾酒,主板,沪市,主板,801120.SI,食品饮料,801125.SI,白酒Ⅱ,白酒Ⅱ,L,19940106,11955,32.73,115.6,3.677,44.118,False,True,True,0,0,0,0,True,
600810.SH,600810,600810,神马股份,主板,沪市,主板,801030.SI,基础化工,801032.SI,化学纤维,化学纤维,L,19940106,11955,32.73,6.3,1.286,10.938,False,True,True,0,0,0,0,True,
600812.SH,600812,600812,华北制药,主板,沪市,主板,801150.SI,医药生物,801151.SI,化学制药,化学制药,L,19940114,11947,32.71,4.98,2.893,10.204,False,True,True,0,0,0,0,True,
600814.SH,600814,600814,杭州解百,主板,沪市,主板,801200.SI,商贸零售,801203.SI,一般零售,一般零售,L,19940114,11947,32.71,6.93,0.873,14.286,False,True,True,0,0,0,0,True,
600815.SH,600815,600815,厦工股份,主板,沪市,主板,801890.SI,机械设备,801077.SI,工程机械,工程机械,L,19940128,11933,32.67,3.82,1.326,21.053,False,True,True,0,0,0,0,True,
600816.SH,600816,600816,建元信托,主板,沪市,主板,801790.SI,非银金融,801191.SI,多元金融,多元金融,L,19940128,11933,32.67,2.38,1.709,12.0,False,True,True,0,0,0,0,True,
600817.SH,600817,600817,宇通重工,主板,沪市,主板,801970.SI,环保,801972.SI,环保设备Ⅱ,环保设备Ⅱ,L,19940128,11933,32.67,9.79,0.41,23.711,False,True,True,0,0,0,0,True,
600818.SH,600818,600818,ST中路,主板,沪市,主板,801880.SI,汽车,801881.SI,摩托车及其他,摩托车及其他,L,19940128,11933,32.67,9.31,1.527,26.316,True,True,True,0,0,0,0,False,ST
600819.SH,600819,600819,耀皮玻璃,主板,沪市,主板,801710.SI,建筑材料,801712.SI,玻璃玻纤,玻璃玻纤,L,19940128,11933,32.67,5.62,0.178,22.807,False,True,True,0,0,0,0,True,
600820.SH,600820,600820,隧道股份,主板,沪市,主板,801720.SI,建筑装饰,801723.SI,基础建设,基础建设,L,19940128,11933,32.67,5.3,1.923,18.519,False,True,True,0,0,0,0,True,
600821.SH,600821,600821,金开新能,主板,沪市,主板,801160.SI,公用事业,801161.SI,电力,电力,L,19940128,11933,32.67,5.68,-0.351,8.065,False,True,True,0,0,0,0,True,
600822.SH,600822,600822,上海物贸,主板,沪市,主板,801880.SI,汽车,801092.SI,汽车服务,汽车服务,L,19940204,11926,32.65,8.92,-2.832,15.217,False,True,True,0,0,0,0,True,
600824.SH,600824,600824,益民集团,主板,沪市,主板,801200.SI,商贸零售,801203.SI,一般零售,一般零售,L,19940204,11926,32.65,3.71,1.366,11.111,False,True,True,0,0,0,0,True,
600825.SH,600825,600825,新华传媒,主板,沪市,主板,801760.SI,传媒,801769.SI,出版,出版,L,19940204,11926,32.65,10.35,9.989,28.0,False,True,True,11,11,11,11,False,近60日停牌
600826.SH,600826,600826,兰生股份,主板,沪市,主板,801210.SI,社会服务,801218.SI,专业服务,专业服务,L,19940204,11926,32.65,7.97,-0.125,25.926,False,True,True,0,0,0,0,True,
600827.SH,600827,600827,百联股份,主板,沪市,主板,801200.SI,商贸零售,801203.SI,一般零售,一般零售,L,19940204,11926,32.65,7.94,2.32,11.538,False,True,True,0,0,0,0,True,
600828.SH,600828,600828,茂业商业,主板,沪市,主板,801200.SI,商贸零售,801203.SI,一般零售,一般零售,L,19940224,11906,32.6,4.33,1.168,24.444,False,True,True,0,0,0,0,True,
600829.SH,600829,600829,人民同泰,主板,沪市,主板,801150.SI,医药生物,801154.SI,医药商业,医药商业,L,19940224,11906,32.6,9.43,1.072,10.0,False,True,True,0,0,0,0,True,
600830.SH,600830,600830,香溢融通,主板,沪市,主板,801790.SI,非银金融,801191.SI,多元金融,多元金融,L,19940224,11906,32.6,8.38,0.239,14.286,False,True,True,0,0,0,0,True,
600831.SH,600831,600831,广电网络,主板,沪市,主板,801760.SI,传媒,801995.SI,电视广播Ⅱ,电视广播Ⅱ,L,19940224,11906,32.6,3.4,-0.293,6.25,False,True,True,0,0,0,0,True,
600833.SH,600833,600833,第一医药,主板,沪市,主板,801150.SI,医药生物,801154.SI,医药商业,医药商业,L,19940224,11906,32.6,10.48,-0.758,7.477,False,True,True,0,0,0,0,True,
600834.SH,600834,600834,申通地铁,主板,沪市,主板,801170.SI,交通运输,801179.SI,铁路公路,铁路公路,L,19940224,11906,32.6,7.65,-0.52,15.385,False,True,True,0,0,0,0,True,
600835.SH,600835,600835,上海机电,主板,沪市,主板,801890.SI,机械设备,801074.SI,专用设备,专用设备,L,19940224,11906,32.6,18.29,0.439,31.25,False,True,True,0,0,0,0,True,
600838.SH,600838,600838,上海九百,主板,沪市,主板,801200.SI,商贸零售,801203.SI,一般零售,一般零售,L,19940224,11906,32.6,8.18,0.368,8.333,False,True,True,0,0,0,0,True,
600839.SH,600839,600839,四川长虹,主板,沪市,主板,801110.SI,家用电器,801112.SI,黑色家电,黑色家电,L,19940311,11891,32.56,6.42,0.156,7.246,False,True,True,0,0,0,0,True,
600841.SH,600841,600841,动力新科,主板,沪市,主板,801880.SI,汽车,801093.SI,汽车零部件,汽车零部件,L,19940311,11891,32.56,5.7,0.885,17.241,False,True,True,0,0,0,0,True,
600843.SH,600843,600843,上工申贝,主板,沪市,主板,801890.SI,机械设备,801074.SI,专用设备,专用设备,L,19940311,11891,32.56,7.58,-1.302,15.789,False,True,True,0,0,0,0,True,
600844.SH,600844,600844,金煤科技,主板,沪市,主板,801030.SI,基础化工,801033.SI,化学原料,化学原料,L,19940311,11891,32.56,3.23,0.623,17.647,False,True,True,0,0,0,0,True,
600845.SH,600845,600845,宝信软件,主板,沪市,主板,801750.SI,计算机,801103.SI,IT服务Ⅱ,IT服务Ⅱ,L,19940311,11891,32.56,17.69,-0.674,28.261,False,True,True,0,0,0,0,True,
600846.SH,600846,600846,同济科技,主板,沪市,主板,801720.SI,建筑装饰,801726.SI,工程咨询服务Ⅱ,工程咨询服务Ⅱ,L,19940311,11891,32.56,10.66,-0.187,17.094,False,True,True,0,0,0,0,True,
600847.SH,600847,600847,万里股份,主板,沪市,主板,801730.SI,电力设备,801737.SI,电池,电池,L,19940324,11878,32.52,12.79,-0.544,11.538,False,True,True,0,0,0,0,True,
600848.SH,600848,600848,上海临港,主板,沪市,主板,801180.SI,房地产,801181.SI,房地产开发,房地产开发,L,19940324,11878,32.52,9.05,4.023,37.931,False,True,True,0,0,0,0,True,
600850.SH,600850,600850,电科数字,主板,沪市,主板,801750.SI,计算机,801103.SI,IT服务Ⅱ,IT服务Ⅱ,L,19940324,11878,32.52,13.63,-0.146,13.793,False,True,True,0,0,0,0,True,
600851.SH,600851,600851,海欣股份,主板,沪市,主板,801150.SI,医药生物,801151.SI,化学制药,化学制药,L,19940404,11867,32.49,7.93,0.38,10.588,False,True,True,0,0,0,0,True,
600853.SH,600853,600853,龙建股份,主板,沪市,主板,801720.SI,建筑装饰,801723.SI,基础建设,基础建设,L,19940404,11867,32.49,3.32,0.912,21.212,False,True,True,0,0,0,0,True,
600854.SH,600854,600854,春兰股份,主板,沪市,主板,801180.SI,房地产,801181.SI,房地产开发,房地产开发,L,19940425,11846,32.43,4.75,-0.628,13.043,False,True,True,0,0,0,0,True,
600855.SH,600855,600855,航天长峰,主板,沪市,主板,801740.SI,国防军工,801745.SI,军工电子Ⅱ,军工电子Ⅱ,L,19940425,11846,32.43,12.4,0.405,13.846,False,True,True,0,0,0,0,True,
600857.SH,600857,600857,宁波中百,主板,沪市,主板,801200.SI,商贸零售,801203.SI,一般零售,一般零售,L,19940425,11846,32.43,17.22,-1.768,28.037,False,True,True,0,0,0,0,True,
600858.SH,600858,600858,银座股份,主板,沪市,主板,801200.SI,商贸零售,801203.SI,一般零售,一般零售,L,19940506,11835,32.4,4.95,0.202,10.204,False,True,True,0,0,0,0,True,
600859.SH,600859,600859,王府井,主板,沪市,主板,801200.SI,商贸零售,801203.SI,一般零售,一般零售,L,19940506,11835,32.4,9.84,1.653,8.0,False,True,True,0,0,0,0,True,
600860.SH,600860,600860,京城股份,主板,沪市,主板,801890.SI,机械设备,801072.SI,通用设备,通用设备,L,19940506,11835,32.4,7.47,-0.665,16.667,False,True,True,0,0,0,0,True,
600861.SH,600861,600861,北京人力,主板,沪市,主板,801210.SI,社会服务,801218.SI,专业服务,专业服务,L,19940520,11821,32.36,12.83,1.103,31.818,False,True,True,0,0,0,0,True,
600862.SH,600862,600862,中航高科,主板,沪市,主板,801740.SI,国防军工,801742.SI,航空装备Ⅱ,航空装备Ⅱ,L,19940520,11821,32.36,17.85,0.677,10.87,False,True,True,0,0,0,0,True,
600863.SH,600863,600863,华能蒙电,主板,沪市,主板,801160.SI,公用事业,801161.SI,电力,电力,L,19940520,11821,32.36,4.72,0.855,8.333,False,True,True,0,0,0,0,True,
600864.SH,600864,600864,哈投股份,主板,沪市,主板,801790.SI,非银金融,801193.SI,证券Ⅱ,证券Ⅱ,L,19940809,11740,32.14,5.62,-0.178,10.345,False,True,True,0,0,0,0,True,
600865.SH,600865,600865,百大集团,主板,沪市,主板,801200.SI,商贸零售,801203.SI,一般零售,一般零售,L,19940809,11740,32.14,10.43,0.0,10.0,False,True,True,0,0,0,0,True,
600866.SH,600866,600866,星湖科技,主板,沪市,主板,801030.SI,基础化工,801034.SI,化学制品,化学制品,L,19940818,11731,32.12,4.19,2.445,11.364,False,True,True,0,0,0,0,True,
600867.SH,600867,600867,通化东宝,主板,沪市,主板,801150.SI,医药生物,801152.SI,生物制品,生物制品,L,19940824,11725,32.1,7.86,2.344,7.317,False,True,True,0,0,0,0,True,
600868.SH,600868,600868,梅雁吉祥,主板,沪市,主板,801160.SI,公用事业,801161.SI,电力,电力,L,19940912,11706,32.05,2.77,-0.36,7.143,False,True,True,0,0,0,0,True,
600869.SH,600869,600869,远东股份,主板,沪市,主板,801730.SI,电力设备,801738.SI,电网设备,电网设备,L,19950206,11559,31.65,17.65,-2.108,22.642,False,True,True,0,0,0,0,True,
600871.SH,600871,600871,石化油服,主板,沪市,主板,801960.SI,石油石化,801962.SI,油服工程,油服工程,L,19950411,11495,31.47,2.1,0.478,13.636,False,True,True,0,0,0,0,True,
600872.SH,600872,600872,中炬高新,主板,沪市,主板,801120.SI,食品饮料,801129.SI,调味发酵品Ⅱ,调味发酵品Ⅱ,L,19950124,11572,31.68,17.24,2.375,13.043,False,True,True,0,0,0,0,True,
600873.SH,600873,600873,梅花生物,主板,沪市,主板,801030.SI,基础化工,801034.SI,化学制品,化学制品,L,19950217,11548,31.62,7.48,3.315,21.519,False,True,True,0,0,0,0,True,
600874.SH,600874,600874,创业环保,主板,沪市,主板,801970.SI,环保,801971.SI,环境治理,环境治理,L,19950630,11415,31.25,5.52,1.099,10.714,False,True,True,0,0,0,0,True,
600875.SH,600875,600875,东方电气,主板,沪市,主板,801730.SI,电力设备,801733.SI,其他电源设备Ⅱ,其他电源设备Ⅱ,L,19951010,11313,30.97,23.04,0.305,14.063,False,True,True,0,0,0,0,True,
600876.SH,600876,600876,凯盛新能,主板,沪市,主板,801710.SI,建筑材料,801712.SI,玻璃玻纤,玻璃玻纤,L,19951031,11292,30.92,7.47,-0.928,20.0,False,True,True,0,0,0,0,True,
600877.SH,600877,600877,电科芯片,主板,沪市,主板,801080.SI,电子,801081.SI,半导体,半导体,L,19951013,11310,30.97,11.22,-1.579,36.066,False,True,True,0,0,0,0,True,
600879.SH,600879,600879,航天电子,主板,沪市,主板,801740.SI,国防军工,801741.SI,航天装备Ⅱ,航天装备Ⅱ,L,19951115,11277,30.87,13.55,-0.805,14.583,False,True,True,0,0,0,0,True,
600880.SH,600880,600880,博瑞传播,主板,沪市,主板,801210.SI,社会服务,801994.SI,教育,教育,L,19951115,11277,30.87,4.06,-2.871,17.391,False,True,True,0,0,0,0,True,
600881.SH,600881,600881,亚泰集团,主板,沪市,主板,801230.SI,综合,801231.SI,综合Ⅱ,综合Ⅱ,L,19951115,11277,30.87,1.85,0.543,11.111,False,True,True,0,0,0,0,True,
600882.SH,600882,600882,妙可蓝多,主板,沪市,主板,801120.SI,食品饮料,801127.SI,饮料乳品,饮料乳品,L,19951206,11256,30.82,19.31,3.207,15.385,False,True,True,0,0,0,0,True,
600883.SH,600883,600883,博闻科技,主板,沪市,主板,801010.SI,农林牧渔,801016.SI,种植业,种植业,L,19951208,11254,30.81,8.16,-0.609,7.692,False,True,True,0,0,0,0,True,
600884.SH,600884,600884,杉杉股份,主板,沪市,主板,801730.SI,电力设备,801737.SI,电池,电池,L,19960130,11201,30.67,11.51,-0.605,10.345,False,True,True,0,0,0,0,True,
600885.SH,600885,600885,宏发股份,主板,沪市,主板,801730.SI,电力设备,801738.SI,电网设备,电网设备,L,19960205,11195,30.65,33.53,0.149,11.047,False,True,True,0,0,0,0,True,
600886.SH,600886,600886,国投电力,主板,沪市,主板,801160.SI,公用事业,801161.SI,电力,电力,L,19960118,11213,30.7,15.24,0.594,13.043,False,True,True,0,0,0,0,True,
600887.SH,600887,600887,伊利股份,主板,沪市,主板,801120.SI,食品饮料,801127.SI,饮料乳品,饮料乳品,L,19960312,11159,30.55,27.3,0.22,6.061,False,True,True,0,0,0,0,True,
600888.SH,600888,600888,新疆众和,主板,沪市,主板,801050.SI,有色金属,801055.SI,工业金属,工业金属,L,19960215,11185,30.62,9.78,1.137,9.0,False,True,True,0,0,0,0,True,
600889.SH,600889,600889,*ST京化,主板,沪市,主板,801030.SI,基础化工,801032.SI,化学纤维,化学纤维,L,19960308,11163,30.56,13.32,1.139,20.0,True,True,True,0,0,0,0,False,ST
600892.SH,600892,600892,大晟文化,主板,沪市,主板,801760.SI,传媒,801764.SI,游戏Ⅱ,游戏Ⅱ,L,19960315,11156,30.54,4.1,-1.442,7.317,False,True,True,0,0,0,2,True,
600893.SH,600893,600893,航发动力,主板,沪市,主板,801740.SI,国防军工,801742.SI,航空装备Ⅱ,航空装备Ⅱ,L,19960408,11132,30.48,38.86,1.172,16.667,False,True,True,0,0,0,0,True,
600894.SH,600894,600894,广日股份,主板,沪市,主板,801890.SI,机械设备,801074.SI,专用设备,专用设备,L,19960328,11143,30.51,7.65,-0.131,23.077,False,True,True,0,0,0,0,True,
600895.SH,600895,600895,张江高科,主板,沪市,主板,801180.SI,房地产,801181.SI,房地产开发,房地产开发,L,19960422,11118,30.44,28.01,0.864,14.754,False,True,True,0,0,0,0,True,
600897.SH,600897,600897,厦门空港,主板,沪市,主板,801170.SI,交通运输,801991.SI,航空机场,航空机场,L,19960531,11079,30.33,15.1,0.533,14.474,False,True,True,0,0,0,0,True,
600900.SH,600900,600900,长江电力,主板,沪市,主板,801160.SI,公用事业,801161.SI,电力,电力,L,20031118,8352,22.87,28.54,0.564,10.0,False,True,True,0,0,0,0,True,
600901.SH,600901,600901,江苏金租,主板,沪市,主板,801790.SI,非银金融,801191.SI,多元金融,多元金融,L,20180301,3135,8.58,6.94,1.314,12.308,False,True,True,0,0,0,0,True,
600903.SH,600903,600903,贵州燃气,主板,沪市,主板,801160.SI,公用事业,801163.SI,燃气Ⅱ,燃气Ⅱ,L,20171107,3249,8.9,6.68,2.611,14.706,False,True,True,0,0,0,0,True,
600905.SH,600905,600905,三峡能源,主板,沪市,主板,801160.SI,公用事业,801161.SI,电力,电力,L,20210610,1938,5.31,3.52,0.0,16.667,False,True,True,0,0,0,0,True,
600906.SH,600906,600906,财达证券,主板,沪市,主板,801790.SI,非银金融,801193.SI,证券Ⅱ,证券Ⅱ,L,20210507,1972,5.4,6.29,0.319,12.121,False,True,True,0,0,0,0,True,
600908.SH,600908,600908,无锡银行,主板,沪市,主板,801780.SI,银行,801785.SI,农商行Ⅱ,农商行Ⅱ,L,20160923,3659,10.02,5.9,1.027,10.714,False,True,True,0,0,0,0,True,
600909.SH,600909,600909,华安证券,主板,沪市,主板,801790.SI,非银金融,801193.SI,证券Ⅱ,证券Ⅱ,L,20161206,3585,9.82,7.77,1.04,8.642,False,True,True,0,0,0,0,True,
600916.SH,600916,600916,中国黄金,主板,沪市,主板,801130.SI,纺织服饰,801133.SI,饰品,饰品,L,20210205,2063,5.65,7.19,0.7,8.974,False,True,True,0,0,0,0,True,
600917.SH,600917,600917,重庆燃气,主板,沪市,主板,801160.SI,公用事业,801163.SI,燃气Ⅱ,燃气Ⅱ,L,20140930,4383,12.0,4.84,1.044,18.367,False,True,True,0,0,0,0,True,
600918.SH,600918,600918,中泰证券,主板,沪市,主板,801790.SI,非银金融,801193.SI,证券Ⅱ,证券Ⅱ,L,20200603,2310,6.32,5.42,0.557,9.091,False,True,True,0,0,0,0,True,
600919.SH,600919,600919,江苏银行,主板,沪市,主板,801780.SI,银行,801784.SI,城商行Ⅱ,城商行Ⅱ,L,20160802,3711,10.16,12.38,1.809,16.529,False,True,True,0,0,0,0,True,
600925.SH,600925,600925,苏能股份,主板,沪市,主板,801950.SI,煤炭,801951.SI,煤炭开采,煤炭开采,L,20230329,1281,3.51,4.18,1.951,11.628,False,True,True,0,0,0,0,True,
600926.SH,600926,600926,杭州银行,主板,沪市,主板,801780.SI,银行,801784.SI,城商行Ⅱ,城商行Ⅱ,L,20161027,3625,9.92,17.11,1.785,10.778,False,True,True,0,0,0,0,True,
600927.SH,600927,600927,永安期货,主板,沪市,主板,801790.SI,非银金融,801191.SI,多元金融,多元金融,L,20211223,1742,4.77,12.1,0.332,21.053,False,True,True,0,0,0,0,True,
600928.SH,600928,600928,西安银行,主板,沪市,主板,801780.SI,银行,801784.SI,城商行Ⅱ,城商行Ⅱ,L,20190301,2770,7.58,3.55,2.011,8.571,False,True,True,0,0,0,0,True,
600929.SH,600929,600929,雪天盐业,主板,沪市,主板,801030.SI,基础化工,801033.SI,化学原料,化学原料,L,20180326,3110,8.51,5.96,-0.501,18.644,False,True,True,9,11,11,11,False,近60日停牌
600930.SH,600930,600930,华电新能,主板,沪市,主板,801160.SI,公用事业,801161.SI,电力,电力,L,20250716,441,1.21,3.88,1.571,12.821,False,True,True,0,0,0,0,False,上市时间不足
600933.SH,600933,600933,爱柯迪,主板,沪市,主板,801880.SI,汽车,801093.SI,汽车零部件,汽车零部件,L,20171117,3239,8.87,13.27,-0.226,18.705,False,True,True,0,0,0,0,True,
600935.SH,600935,600935,华塑股份,主板,沪市,主板,801030.SI,基础化工,801033.SI,化学原料,化学原料,L,20211126,1769,4.84,2.31,0.435,25.0,False,True,True,0,0,0,0,True,
600936.SH,600936,600936,北投科技,主板,沪市,主板,801760.SI,传媒,801995.SI,电视广播Ⅱ,电视广播Ⅱ,L,20160815,3698,10.12,4.24,-0.235,18.367,False,True,True,0,0,0,0,True,
600938.SH,600938,600938,中国海油,主板,沪市,主板,801960.SI,石油石化,801961.SI,油气开采Ⅱ,油气开采Ⅱ,L,20220421,1623,4.44,33.42,0.18,10.909,False,True,True,0,0,0,0,True,
600939.SH,600939,600939,重庆建工,主板,沪市,主板,801720.SI,建筑装饰,801721.SI,房屋建设Ⅱ,房屋建设Ⅱ,L,20170221,3508,9.6,2.69,1.509,25.926,False,True,True,0,0,0,0,True,
600941.SH,600941,600941,中国移动,主板,沪市,主板,801770.SI,通信,801223.SI,通信服务,通信服务,L,20220105,1729,4.73,95.8,1.002,5.97,False,True,True,0,0,0,0,True,
600955.SH,600955,600955,维远股份,主板,沪市,主板,801030.SI,基础化工,801033.SI,化学原料,化学原料,L,20210915,1841,5.04,12.36,0.651,42.857,False,True,True,0,0,0,0,True,
600956.SH,600956,600956,新天绿能,主板,沪市,主板,801160.SI,公用事业,801161.SI,电力,电力,L,20200629,2284,6.25,7.09,0.997,28.205,False,True,True,0,0,0,0,True,
600958.SH,600958,600958,东方证券,主板,沪市,主板,801790.SI,非银金融,801193.SI,证券Ⅱ,证券Ⅱ,L,20150323,4209,11.52,8.65,0.465,10.0,False,True,True,0,0,0,0,True,
600959.SH,600959,600959,江苏有线,主板,沪市,主板,801760.SI,传媒,801995.SI,电视广播Ⅱ,电视广播Ⅱ,L,20150428,4173,11.43,3.11,0.0,33.333,False,True,True,0,0,0,0,True,
600960.SH,600960,600960,渤海汽车,主板,沪市,主板,801880.SI,汽车,801093.SI,汽车零部件,汽车零部件,L,20040407,8211,22.48,3.9,0.257,10.0,False,True,True,0,0,0,0,True,
600961.SH,600961,600961,株冶集团,主板,沪市,主板,801050.SI,有色金属,801055.SI,工业金属,工业金属,L,20040830,8066,22.08,22.56,-0.133,15.079,False,True,True,0,0,0,0,True,
600962.SH,600962,600962,国投中鲁,主板,沪市,主板,801010.SI,农林牧渔,801012.SI,农产品加工,农产品加工,L,20040622,8135,22.27,26.03,3.13,7.752,False,True,True,0,0,0,0,True,
600963.SH,600963,600963,岳阳林纸,主板,沪市,主板,801140.SI,轻工制造,801143.SI,造纸,造纸,L,20040525,8163,22.35,3.38,1.198,8.824,False,True,True,0,0,0,0,True,
600965.SH,600965,600965,*ST福成,主板,沪市,主板,801010.SI,农林牧渔,801017.SI,养殖业,养殖业,L,20040713,8114,22.21,2.57,-1.154,18.519,True,True,True,0,0,0,0,False,ST
600966.SH,600966,600966,博汇纸业,主板,沪市,主板,801140.SI,轻工制造,801143.SI,造纸,造纸,L,20040608,8149,22.31,4.85,1.677,28.571,False,True,True,0,0,0,0,True,
600967.SH,600967,600967,内蒙一机,主板,沪市,主板,801740.SI,国防军工,801743.SI,地面兵装Ⅱ,地面兵装Ⅱ,L,20040518,8170,22.37,12.82,0.707,13.333,False,True,True,0,0,0,0,True,
600968.SH,600968,600968,海油发展,主板,沪市,主板,801960.SI,石油石化,801962.SI,油服工程,油服工程,L,20190626,2653,7.26,3.92,0.256,25.0,False,True,True,0,0,0,0,True,
600969.SH,600969,600969,郴电国际,主板,沪市,主板,801160.SI,公用事业,801161.SI,电力,电力,L,20040408,8210,22.48,9.52,0.21,9.901,False,True,True,0,0,0,0,True,
600970.SH,600970,600970,中材国际,主板,沪市,主板,801720.SI,建筑装饰,801724.SI,专业工程,专业工程,L,20050412,7841,21.47,7.72,1.18,26.923,False,True,True,0,0,0,0,True,
600971.SH,600971,600971,恒源煤电,主板,沪市,主板,801950.SI,煤炭,801951.SI,煤炭开采,煤炭开采,L,20040817,8079,22.12,8.19,0.614,15.294,False,True,True,0,0,0,0,True,
600973.SH,600973,600973,宝胜股份,主板,沪市,主板,801730.SI,电力设备,801738.SI,电网设备,电网设备,L,20040802,8094,22.16,5.71,0.0,13.115,False,True,True,0,0,0,0,True,
600975.SH,600975,600975,新五丰,主板,沪市,主板,801010.SI,农林牧渔,801017.SI,养殖业,养殖业,L,20040609,8148,22.31,5.19,-0.575,15.094,False,True,True,0,0,0,0,True,
600976.SH,600976,600976,健民集团,主板,沪市,主板,801150.SI,医药生物,801155.SI,中药Ⅱ,中药Ⅱ,L,20040419,8199,22.45,26.86,1.129,11.429,False,True,True,0,0,0,0,True,
600977.SH,600977,600977,中国电影,主板,沪市,主板,801760.SI,传媒,801766.SI,影视院线,影视院线,L,20160809,3704,10.14,12.89,-1.828,9.302,False,True,True,0,0,0,0,True,
600979.SH,600979,600979,广安爱众,主板,沪市,主板,801160.SI,公用事业,801161.SI,电力,电力,L,20040906,8059,22.06,3.88,-0.257,5.0,False,True,True,0,0,0,0,True,
600980.SH,600980,600980,北矿科技,主板,沪市,主板,801890.SI,机械设备,801074.SI,专用设备,专用设备,L,20040512,8176,22.38,18.75,-0.16,14.815,False,True,True,0,0,0,0,True,
600981.SH,600981,600981,苏豪汇鸿,主板,沪市,主板,801200.SI,商贸零售,801202.SI,贸易Ⅱ,贸易Ⅱ,L,20040630,8127,22.25,2.42,0.415,16.667,False,True,True,0,0,0,0,True,
600982.SH,600982,600982,宁波能源,主板,沪市,主板,801160.SI,公用事业,801161.SI,电力,电力,L,20040706,8121,22.23,5.3,-3.461,9.804,False,True,True,0,0,0,0,True,
600983.SH,600983,600983,惠而浦,主板,沪市,主板,801110.SI,家用电器,801111.SI,白色家电,白色家电,L,20040727,8100,22.18,7.54,1.072,35.366,False,True,True,0,0,0,0,True,
600984.SH,600984,600984,建设机械,主板,沪市,主板,801890.SI,机械设备,801077.SI,工程机械,工程机械,L,20040707,8120,22.23,3.6,0.559,22.222,False,True,True,0,11,11,11,False,近60日停牌
600985.SH,600985,600985,淮北矿业,主板,沪市,主板,801950.SI,煤炭,801951.SI,煤炭开采,煤炭开采,L,20040428,8190,22.42,15.87,-0.189,22.561,False,True,True,0,0,0,0,True,
600986.SH,600986,600986,浙文互联,主板,沪市,主板,801760.SI,传媒,801765.SI,广告营销,广告营销,L,20040426,8192,22.43,6.89,-1.289,10.959,False,True,True,0,0,0,0,True,
600987.SH,600987,600987,航民股份,主板,沪市,主板,801130.SI,纺织服饰,801131.SI,纺织制造,纺织制造,L,20040809,8087,22.14,6.28,0.803,12.121,False,True,True,0,0,0,0,True,
600988.SH,600988,600988,赤峰黄金,主板,沪市,主板,801050.SI,有色金属,801053.SI,贵金属,贵金属,L,20040414,8204,22.46,39.56,2.914,17.241,False,True,True,0,0,0,0,True,
600989.SH,600989,600989,宝丰能源,主板,沪市,主板,801030.SI,基础化工,801033.SI,化学原料,化学原料,L,20190516,2694,7.38,22.46,0.223,15.584,False,True,True,0,0,0,0,True,
600990.SH,600990,600990,四创电子,主板,沪市,主板,801740.SI,国防军工,801745.SI,军工电子Ⅱ,军工电子Ⅱ,L,20040510,8178,22.39,17.84,1.71,13.043,False,True,True,0,0,0,0,True,
600992.SH,600992,600992,贵绳股份,主板,沪市,主板,801890.SI,机械设备,801072.SI,通用设备,通用设备,L,20040514,8174,22.38,10.2,-0.196,7.843,False,True,True,0,0,0,0,True,
600993.SH,600993,600993,马应龙,主板,沪市,主板,801150.SI,医药生物,801155.SI,中药Ⅱ,中药Ⅱ,L,20040517,8171,22.37,22.52,1.396,7.792,False,True,True,0,0,0,0,True,
600995.SH,600995,600995,南网储能,主板,沪市,主板,801160.SI,公用事业,801161.SI,电力,电力,L,20040615,8142,22.29,11.86,1.628,25.0,False,True,True,0,0,0,0,True,
600996.SH,600996,600996,贵广网络,主板,沪市,主板,801760.SI,传媒,801995.SI,电视广播Ⅱ,电视广播Ⅱ,L,20161226,3565,9.76,6.76,-2.029,10.145,False,True,True,0,0,0,0,True,
600997.SH,600997,600997,开滦股份,主板,沪市,主板,801950.SI,煤炭,801951.SI,煤炭开采,煤炭开采,L,20040602,8155,22.33,5.22,0.772,16.364,False,True,True,0,0,0,0,True,
600998.SH,600998,600998,九州通,主板,沪市,主板,801150.SI,医药生物,801154.SI,医药商业,医药商业,L,20101102,5811,15.91,5.05,1.815,6.0,False,True,True,0,0,0,0,True,
600999.SH,600999,600999,招商证券,主板,沪市,主板,801790.SI,非银金融,801193.SI,证券Ⅱ,证券Ⅱ,L,20091117,6161,16.87,17.07,0.767,18.889,False,True,True,0,0,0,0,True,
601000.SH,601000,601000,唐山港,主板,沪市,主板,801170.SI,交通运输,801992.SI,航运港口,航运港口,L,20100705,5931,16.24,4.62,0.873,13.333,False,True,True,0,0,0,0,True,
601001.SH,601001,601001,晋控煤业,主板,沪市,主板,801950.SI,煤炭,801951.SI,煤炭开采,煤炭开采,L,20060623,7404,20.27,17.21,1.235,10.465,False,True,True,0,0,0,0,True,
601002.SH,601002,601002,晋亿实业,主板,沪市,主板,801890.SI,机械设备,801072.SI,通用设备,通用设备,L,20070126,7187,19.68,5.26,0.766,11.538,False,True,True,0,0,0,0,True,
601003.SH,601003,601003,柳钢股份,主板,沪市,主板,801040.SI,钢铁,801044.SI,普钢,普钢,L,20070227,7155,19.59,3.58,2.286,28.947,False,True,True,0,0,0,0,True,
601005.SH,601005,601005,重庆钢铁,主板,沪市,主板,801040.SI,钢铁,801044.SI,普钢,普钢,L,20070228,7154,19.59,1.21,0.833,25.0,False,True,True,0,0,0,0,True,
601006.SH,601006,601006,大秦铁路,主板,沪市,主板,801170.SI,交通运输,801179.SI,铁路公路,铁路公路,L,20060801,7365,20.16,4.74,1.499,10.417,False,True,True,0,0,0,0,True,
601007.SH,601007,601007,金陵饭店,主板,沪市,主板,801210.SI,社会服务,801219.SI,酒店餐饮,酒店餐饮,L,20070406,7117,19.49,6.78,-0.294,8.824,False,True,True,0,0,0,0,True,
601008.SH,601008,601008,连云港,主板,沪市,主板,801170.SI,交通运输,801992.SI,航运港口,航运港口,L,20070426,7097,19.43,4.4,1.149,9.091,False,True,True,0,0,0,0,True,
601009.SH,601009,601009,南京银行,主板,沪市,主板,801780.SI,银行,801784.SI,城商行Ⅱ,城商行Ⅱ,L,20070719,7013,19.2,11.98,1.611,13.559,False,True,True,0,0,0,0,True,
601010.SH,601010,601010,ST文峰,主板,沪市,主板,801200.SI,商贸零售,801203.SI,一般零售,一般零售,L,20110603,5598,15.33,1.42,-0.699,21.429,True,True,True,0,0,0,0,False,ST
601011.SH,601011,601011,宝泰隆,主板,沪市,主板,801950.SI,煤炭,801952.SI,焦炭Ⅱ,焦炭Ⅱ,L,20110309,5684,15.56,2.9,1.045,10.345,False,True,True,0,0,0,0,True,
601012.SH,601012,601012,隆基绿能,主板,沪市,主板,801730.SI,电力设备,801735.SI,光伏设备,光伏设备,L,20120411,5285,14.47,11.21,2.938,16.129,False,True,True,0,0,0,0,True,
601015.SH,601015,601015,陕西黑猫,主板,沪市,主板,801950.SI,煤炭,801952.SI,焦炭Ⅱ,焦炭Ⅱ,L,20141105,4347,11.9,3.58,0.0,11.111,False,True,True,0,0,0,0,True,
601016.SH,601016,601016,节能风电,主板,沪市,主板,801160.SI,公用事业,801161.SI,电力,电力,L,20140929,4384,12.0,3.26,0.0,8.824,False,True,True,0,0,0,0,True,
601018.SH,601018,601018,宁波港,主板,沪市,主板,801170.SI,交通运输,801992.SI,航运港口,航运港口,L,20100928,5846,16.01,3.53,1.146,20.0,False,True,True,0,0,0,0,True,
601019.SH,601019,601019,山东出版,主板,沪市,主板,801760.SI,传媒,801769.SI,出版,出版,L,20171122,3234,8.85,6.84,1.183,26.389,False,True,True,0,0,0,0,True,
601020.SH,601020,601020,华钰矿业,主板,沪市,主板,801050.SI,有色金属,801055.SI,工业金属,工业金属,L,20160316,3850,10.54,19.66,-1.454,9.722,False,True,True,0,0,0,0,True,
601021.SH,601021,601021,春秋航空,主板,沪市,主板,801170.SI,交通运输,801991.SI,航空机场,航空机场,L,20150121,4270,11.69,40.76,2.309,12.0,False,True,True,0,0,0,0,True,
601022.SH,601022,601022,宁波远洋,主板,沪市,主板,801170.SI,交通运输,801992.SI,航运港口,航运港口,L,20221208,1392,3.81,8.25,0.121,13.58,False,True,True,0,0,0,0,True,
601026.SH,601026,601026,道生天合,主板,沪市,主板,801030.SI,基础化工,801036.SI,塑料,塑料,L,20251017,348,0.95,14.6,-0.613,6.579,False,True,True,0,0,0,0,False,上市时间不足
601033.SH,601033,601033,永兴股份,主板,沪市,主板,801970.SI,环保,801971.SI,环境治理,环境治理,L,20240118,986,2.7,14.18,0.567,4.167,False,True,True,0,0,0,0,True,
601038.SH,601038,601038,一拖股份,主板,沪市,主板,801890.SI,机械设备,801074.SI,专用设备,专用设备,L,20120808,5166,14.14,13.71,0.293,15.714,False,True,True,0,0,0,0,True,
601058.SH,601058,601058,赛轮轮胎,主板,沪市,主板,801880.SI,汽车,801093.SI,汽车零部件,汽车零部件,L,20110630,5571,15.25,13.24,0.151,16.058,False,True,True,0,0,0,0,True,
601059.SH,601059,601059,信达证券,主板,沪市,主板,801790.SI,非银金融,801193.SI,证券Ⅱ,证券Ⅱ,L,20230201,1337,3.66,,,,False,True,False,11,11,11,11,False,近60日停牌、无最新行情
601061.SH,601061,601061,中信金属,主板,沪市,主板,801200.SI,商贸零售,801202.SI,贸易Ⅱ,贸易Ⅱ,L,20230410,1269,3.47,10.55,0.285,23.729,False,True,True,0,0,0,0,True,
601065.SH,601065,601065,江盐集团,主板,沪市,主板,801030.SI,基础化工,801033.SI,化学原料,化学原料,L,20230410,1269,3.47,6.67,0.452,5.882,False,True,True,0,0,0,0,True,
601066.SH,601066,601066,中信建投,主板,沪市,主板,801790.SI,非银金融,801193.SI,证券Ⅱ,证券Ⅱ,L,20180620,3024,8.28,23.03,0.087,19.608,False,True,True,0,0,0,0,True,
601068.SH,601068,601068,中铝国际,主板,沪市,主板,801720.SI,建筑装饰,801724.SI,专业工程,专业工程,L,20180831,2952,8.08,4.33,-0.46,38.298,False,True,True,0,0,0,0,True,
601069.SH,601069,601069,西部黄金,主板,沪市,主板,801050.SI,有色金属,801053.SI,贵金属,贵金属,L,20150122,4269,11.69,24.56,1.07,18.966,False,True,True,0,0,0,0,True,
601077.SH,601077,601077,渝农商行,主板,沪市,主板,801780.SI,银行,801785.SI,农商行Ⅱ,农商行Ⅱ,L,20191029,2528,6.92,6.71,1.976,9.091,False,True,True,0,0,0,0,True,
601083.SH,601083,601083,锦江航运,主板,沪市,主板,801170.SI,交通运输,801992.SI,航运港口,航运港口,L,20231205,1030,2.82,12.65,0.238,7.087,False,True,True,0,0,0,0,True,
601086.SH,601086,601086,国芳集团,主板,沪市,主板,801200.SI,商贸零售,801203.SI,一般零售,一般零售,L,20170929,3288,9.0,13.33,-6.587,27.333,False,True,True,0,0,0,0,True,
601088.SH,601088,601088,中国神华,主板,沪市,主板,801950.SI,煤炭,801951.SI,煤炭开采,煤炭开采,L,20071009,6931,18.98,47.8,1.057,72.727,False,True,True,0,0,0,0,True,
601089.SH,601089,601089,福元医药,主板,沪市,主板,801150.SI,医药生物,801151.SI,化学制药,化学制药,L,20220630,1553,4.25,16.48,2.936,35.632,False,True,True,0,0,0,0,True,
601091.SH,601091,601091,沈鼓集团,主板,沪市,主板,,,,,未分类,L,20260917,13,0.04,23.15,-8.098,9.544,False,True,True,3,3,3,3,False,上市时间不足、近60日停牌
601096.SH,601096,601096,宏盛华源,主板,沪市,主板,801720.SI,建筑装饰,801724.SI,专业工程,专业工程,L,20231222,1013,2.77,3.97,1.276,11.905,False,True,True,0,0,0,0,True,
601098.SH,601098,601098,中南传媒,主板,沪市,主板,801760.SI,传媒,801769.SI,出版,出版,L,20101028,5816,15.92,10.27,0.686,11.65,False,True,True,0,0,0,0,True,
601099.SH,601099,601099,太平洋,主板,沪市,主板,801790.SI,非银金融,801193.SI,证券Ⅱ,证券Ⅱ,L,20071228,6851,18.76,3.46,0.0,5.714,False,True,True,0,0,0,0,True,
601100.SH,601100,601100,恒立液压,主板,沪市,主板,801890.SI,机械设备,801077.SI,工程机械,工程机械,L,20111028,5451,14.92,90.31,-0.562,21.25,False,True,True,0,0,0,0,True,
601101.SH,601101,601101,昊华能源,主板,沪市,主板,801950.SI,煤炭,801951.SI,煤炭开采,煤炭开采,L,20100331,6027,16.5,12.73,1.112,16.541,False,True,True,0,0,0,0,True,
601106.SH,601106,601106,中国一重,主板,沪市,主板,801890.SI,机械设备,801074.SI,专用设备,专用设备,L,20100209,6077,16.64,2.95,1.027,45.161,False,True,True,0,0,0,0,True,
601107.SH,601107,601107,四川成渝,主板,沪市,主板,801170.SI,交通运输,801179.SI,铁路公路,铁路公路,L,20090727,6274,17.18,6.09,0.828,12.281,False,True,True,0,0,0,0,True,
601108.SH,601108,601108,财通证券,主板,沪市,主板,801790.SI,非银金融,801193.SI,证券Ⅱ,证券Ⅱ,L,20171024,3263,8.93,8.15,-0.245,7.059,False,True,True,0,0,0,0,True,
601111.SH,601111,601111,中国国航,主板,沪市,主板,801170.SI,交通运输,801991.SI,航空机场,航空机场,L,20060818,7348,20.12,5.91,2.249,22.581,False,True,True,0,0,0,0,True,
601112.SH,601112,601112,振石股份,主板,沪市,主板,801710.SI,建筑材料,801712.SI,玻璃玻纤,玻璃玻纤,L,20260129,244,0.67,15.82,-2.945,8.642,False,True,True,0,0,0,0,False,上市时间不足
601113.SH,601113,601113,华鼎股份,主板,沪市,主板,801030.SI,基础化工,801032.SI,化学纤维,化学纤维,L,20110509,5623,15.39,3.5,0.0,31.429,False,True,True,0,0,0,0,True,
601116.SH,601116,601116,三江购物,主板,沪市,主板,801200.SI,商贸零售,801203.SI,一般零售,一般零售,L,20110302,5691,15.58,9.91,0.609,15.385,False,True,True,0,0,0,0,True,
601117.SH,601117,601117,中国化学,主板,沪市,主板,801720.SI,建筑装饰,801724.SI,专业工程,专业工程,L,20100107,6110,16.73,7.17,0.561,9.333,False,True,True,0,0,0,0,True,
601118.SH,601118,601118,海南橡胶,主板,沪市,主板,801010.SI,农林牧渔,801016.SI,种植业,种植业,L,20110107,5745,15.73,6.37,10.017,23.438,False,True,True,0,0,0,0,True,
601121.SH,601121,601121,宝地矿业,主板,沪市,主板,801040.SI,钢铁,801043.SI,冶钢原料,冶钢原料,L,20230310,1300,3.56,7.03,1.737,11.111,False,True,True,0,0,0,0,True,
601123.SH,601123,601123,马矿股份,主板,沪市,主板,,,,,未分类,L,20260901,29,0.08,16.72,-1.705,4.651,False,True,True,0,1,1,1,False,上市时间不足、近60日停牌
601126.SH,601126,601126,四方股份,主板,沪市,主板,801730.SI,电力设备,801738.SI,电网设备,电网设备,L,20101231,5752,15.75,36.49,-0.382,15.686,False,True,True,0,0,0,0,True,
601127.SH,601127,601127,赛力斯,主板,沪市,主板,801880.SI,汽车,801095.SI,乘用车,乘用车,L,20160615,3759,10.29,46.94,0.278,31.034,False,True,True,0,0,0,0,True,
601128.SH,601128,601128,常熟银行,主板,沪市,主板,801780.SI,银行,801785.SI,农商行Ⅱ,农商行Ⅱ,L,20160930,3652,10.0,6.26,1.623,4.762,False,True,True,0,0,0,0,True,
601133.SH,601133,601133,柏诚股份,主板,沪市,主板,801720.SI,建筑装饰,801724.SI,专业工程,专业工程,L,20230410,1269,3.47,22.41,-3.902,13.386,False,True,True,0,0,0,0,True,
601136.SH,601136,601136,首创证券,主板,沪市,主板,801790.SI,非银金融,801193.SI,证券Ⅱ,证券Ⅱ,L,20221222,1378,3.77,13.89,-0.43,12.587,False,True,True,0,0,0,0,True,
601137.SH,601137,601137,博威合金,主板,沪市,主板,801050.SI,有色金属,801051.SI,金属新材料,金属新材料,L,20110127,5725,15.67,18.91,-1.356,18.182,False,True,True,0,0,0,0,True,
601138.SH,601138,601138,工业富联,主板,沪市,主板,801080.SI,电子,801085.SI,消费电子,消费电子,L,20180608,3036,8.31,58.2,-0.377,21.25,False,True,True,0,0,0,0,True,
601139.SH,601139,601139,深圳燃气,主板,沪市,主板,801160.SI,公用事业,801163.SI,燃气Ⅱ,燃气Ⅱ,L,20091225,6123,16.76,6.25,1.133,10.938,False,True,True,0,0,0,0,True,
601155.SH,601155,601155,新城控股,主板,沪市,主板,801180.SI,房地产,801181.SI,房地产开发,房地产开发,L,20151204,3953,10.82,12.87,-1.076,26.667,False,True,True,0,0,0,0,True,
601156.SH,601156,601156,东航物流,主板,沪市,主板,801170.SI,交通运输,801178.SI,物流,物流,L,20210609,1939,5.31,18.39,1.827,16.76,False,True,True,0,0,0,0,True,
601158.SH,601158,601158,重庆水务,主板,沪市,主板,801970.SI,环保,801971.SI,环境治理,环境治理,L,20100329,6029,16.51,4.02,0.5,18.182,False,True,True,0,0,0,0,True,
601162.SH,601162,601162,天风证券,主板,沪市,主板,801790.SI,非银金融,801193.SI,证券Ⅱ,证券Ⅱ,L,20181019,2903,7.95,3.56,0.0,8.108,False,True,True,0,0,0,0,True,
601163.SH,601163,601163,三角轮胎,主板,沪市,主板,801880.SI,汽车,801093.SI,汽车零部件,汽车零部件,L,20160909,3673,10.06,12.24,0.575,16.279,False,True,True,0,0,0,0,True,
601166.SH,601166,601166,兴业银行,主板,沪市,主板,801780.SI,银行,801783.SI,股份制银行Ⅱ,股份制银行Ⅱ,L,20070205,7177,19.65,18.05,1.462,11.111,False,True,True,0,0,0,0,True,
601168.SH,601168,601168,西部矿业,主板,沪市,主板,801050.SI,有色金属,801055.SI,工业金属,工业金属,L,20070712,7020,19.22,35.35,0.512,13.978,False,True,True,0,0,0,0,True,
601169.SH,601169,601169,北京银行,主板,沪市,主板,801780.SI,银行,801784.SI,城商行Ⅱ,城商行Ⅱ,L,20070919,6951,19.03,5.57,1.642,13.725,False,True,True,0,0,0,0,True,
601177.SH,601177,601177,杭齿前进,主板,沪市,主板,801890.SI,机械设备,801072.SI,通用设备,通用设备,L,20101011,5833,15.97,13.85,1.54,8.759,False,True,True,0,0,0,0,True,
601179.SH,601179,601179,中国西电,主板,沪市,主板,801730.SI,电力设备,801738.SI,电网设备,电网设备,L,20100128,6089,16.67,11.61,1.753,15.625,False,True,True,0,0,0,0,True,
601186.SH,601186,601186,中国铁建,主板,沪市,主板,801720.SI,建筑装饰,801723.SI,基础建设,基础建设,L,20080310,6778,18.56,6.02,1.177,25.0,False,True,True,0,0,0,0,True,
601187.SH,601187,601187,厦门银行,主板,沪市,主板,801780.SI,银行,801784.SI,城商行Ⅱ,城商行Ⅱ,L,20201027,2164,5.92,6.9,0.877,8.333,False,True,True,0,0,0,0,True,
601188.SH,601188,601188,龙江交通,主板,沪市,主板,801170.SI,交通运输,801179.SI,铁路公路,铁路公路,L,20100319,6039,16.53,2.88,0.348,13.793,False,True,True,0,0,0,0,True,
601198.SH,601198,601198,东兴证券,主板,沪市,主板,801790.SI,非银金融,801193.SI,证券Ⅱ,证券Ⅱ,L,20150226,4234,11.59,,,,False,True,False,11,11,11,11,False,近60日停牌、无最新行情
601199.SH,601199,601199,江南水务,主板,沪市,主板,801970.SI,环保,801971.SI,环境治理,环境治理,L,20110317,5676,15.54,6.3,-2.174,14.063,False,True,True,0,0,0,0,True,
601200.SH,601200,601200,上海环境,主板,沪市,主板,801970.SI,环保,801971.SI,环境治理,环境治理,L,20170331,3470,9.5,6.8,0.443,21.429,False,True,True,0,0,0,0,True,
601208.SH,601208,601208,东材科技,主板,沪市,主板,801030.SI,基础化工,801036.SI,塑料,塑料,L,20110520,5612,15.36,48.22,-4.572,12.308,False,True,True,0,0,0,0,True,
601211.SH,601211,601211,国泰海通,主板,沪市,主板,801790.SI,非银金融,801193.SI,证券Ⅱ,证券Ⅱ,L,20150626,4114,11.26,16.87,1.321,16.384,False,True,True,0,0,0,0,True,
601212.SH,601212,601212,白银有色,主板,沪市,主板,801050.SI,有色金属,801055.SI,工业金属,工业金属,L,20170215,3514,9.62,5.65,0.713,20.635,False,True,True,0,0,0,0,True,
601216.SH,601216,601216,君正集团,主板,沪市,主板,801030.SI,基础化工,801033.SI,化学原料,化学原料,L,20110222,5699,15.6,4.54,2.252,14.894,False,True,True,0,0,0,0,True,
601218.SH,601218,601218,吉鑫科技,主板,沪市,主板,801730.SI,电力设备,801736.SI,风电设备,风电设备,L,20110506,5626,15.4,6.08,-0.816,8.197,False,True,True,0,0,0,0,True,
601222.SH,601222,601222,林洋能源,主板,沪市,主板,801160.SI,公用事业,801161.SI,电力,电力,L,20110808,5532,15.15,5.94,0.508,10.169,False,True,True,0,0,0,0,True,
601225.SH,601225,601225,陕西煤业,主板,沪市,主板,801950.SI,煤炭,801951.SI,煤炭开采,煤炭开采,L,20140128,4628,12.67,26.03,1.442,22.093,False,True,True,0,0,0,0,True,
601226.SH,601226,601226,华电科工,主板,沪市,主板,801720.SI,建筑装饰,801724.SI,专业工程,专业工程,L,20141211,4311,11.8,6.51,0.0,31.25,False,True,True,0,0,0,0,True,
601228.SH,601228,601228,广州港,主板,沪市,主板,801170.SI,交通运输,801992.SI,航运港口,航运港口,L,20170329,3472,9.51,3.11,1.634,12.5,False,True,True,0,0,0,0,True,
601229.SH,601229,601229,上海银行,主板,沪市,主板,801780.SI,银行,801784.SI,城商行Ⅱ,城商行Ⅱ,L,20161116,3605,9.87,9.75,2.094,12.903,False,True,True,0,0,0,0,True,
601231.SH,601231,601231,环旭电子,主板,沪市,主板,801080.SI,电子,801085.SI,消费电子,消费电子,L,20120220,5336,14.61,23.74,-1.453,33.333,False,True,True,0,0,0,0,True,
601233.SH,601233,601233,桐昆股份,主板,沪市,主板,801960.SI,石油石化,801963.SI,炼化及贸易,炼化及贸易,L,20110518,5614,15.37,22.73,1.067,17.949,False,True,True,0,0,0,0,True,
601236.SH,601236,601236,红塔证券,主板,沪市,主板,801790.SI,非银金融,801193.SI,证券Ⅱ,证券Ⅱ,L,20190705,2644,7.24,7.01,1.889,23.944,False,True,True,0,0,0,0,True,
601238.SH,601238,601238,广汽集团,主板,沪市,主板,801880.SI,汽车,801095.SI,乘用车,乘用车,L,20120329,5298,14.51,5.84,4.286,61.538,False,True,True,11,11,11,11,False,近60日停牌
601279.SH,601279,601279,英利汽车,主板,沪市,主板,801880.SI,汽车,801093.SI,汽车零部件,汽车零部件,L,20210415,1994,5.46,3.65,2.817,29.412,False,True,True,0,0,0,0,True,
601288.SH,601288,601288,农业银行,主板,沪市,主板,801780.SI,银行,801782.SI,国有大型银行Ⅱ,国有大型银行Ⅱ,L,20100715,5921,16.21,6.97,0.432,25.0,False,True,True,0,0,0,0,True,
601298.SH,601298,601298,青岛港,主板,沪市,主板,801170.SI,交通运输,801992.SI,航运港口,航运港口,L,20190121,2809,7.69,10.06,-0.297,23.864,False,True,True,0,0,0,0,True,
601311.SH,601311,601311,骆驼股份,主板,沪市,主板,801730.SI,电力设备,801737.SI,电池,电池,L,20110602,5599,15.33,7.36,0.409,17.949,False,True,True,0,0,0,0,True,
601318.SH,601318,601318,中国平安,主板,沪市,主板,801790.SI,非银金融,801194.SI,保险Ⅱ,保险Ⅱ,L,20070301,7153,19.58,53.29,1.505,14.667,False,True,True,0,0,0,0,True,
601319.SH,601319,601319,中国人保,主板,沪市,主板,801790.SI,非银金融,801194.SI,保险Ⅱ,保险Ⅱ,L,20181116,2875,7.87,7.98,-0.993,38.889,False,True,True,0,0,0,0,True,
601326.SH,601326,601326,秦港股份,主板,沪市,主板,801170.SI,交通运输,801992.SI,航运港口,航运港口,L,20170816,3332,9.12,3.55,1.14,11.765,False,True,True,0,0,0,0,True,
601328.SH,601328,601328,交通银行,主板,沪市,主板,801780.SI,银行,801782.SI,国有大型银行Ⅱ,国有大型银行Ⅱ,L,20070515,7078,19.38,7.75,1.706,14.493,False,True,True,0,0,0,0,True,
601330.SH,601330,601330,绿色动力,主板,沪市,主板,801970.SI,环保,801971.SI,环境治理,环境治理,L,20180611,3033,8.3,8.14,-1.453,15.0,False,True,True,0,0,0,0,True,
601333.SH,601333,601333,广深铁路,主板,沪市,主板,801170.SI,交通运输,801179.SI,铁路公路,铁路公路,L,20061222,7222,19.77,3.08,0.984,6.667,False,True,True,0,0,0,0,True,
601336.SH,601336,601336,新华保险,主板,沪市,主板,801790.SI,非银金融,801194.SI,保险Ⅱ,保险Ⅱ,L,20111216,5402,14.79,56.35,0.733,8.14,False,True,True,0,0,0,0,True,
601339.SH,601339,601339,百隆东方,主板,沪市,主板,801130.SI,纺织服饰,801131.SI,纺织制造,纺织制造,L,20120612,5223,14.3,7.25,0.694,14.865,False,True,True,0,0,0,0,True,
601360.SH,601360,601360,三六零,主板,沪市,主板,801750.SI,计算机,801104.SI,软件开发,软件开发,L,20120116,5371,14.7,8.95,-1.864,13.333,False,True,True,0,0,0,0,True,
601366.SH,601366,601366,利群股份,主板,沪市,主板,801200.SI,商贸零售,801203.SI,一般零售,一般零售,L,20170412,3458,9.47,3.65,0.551,11.111,False,True,True,0,0,0,0,True,
601368.SH,601368,601368,绿城水务,主板,沪市,主板,801970.SI,环保,801971.SI,环境治理,环境治理,L,20150612,4128,11.3,4.59,-0.864,15.556,False,True,True,0,0,0,0,True,
601369.SH,601369,601369,陕鼓动力,主板,沪市,主板,801890.SI,机械设备,801074.SI,专用设备,专用设备,L,20100428,5999,16.42,8.51,1.069,12.222,False,True,True,0,0,4,11,False,近60日停牌
601375.SH,601375,601375,中原证券,主板,沪市,主板,801790.SI,非银金融,801193.SI,证券Ⅱ,证券Ⅱ,L,20170103,3557,9.74,3.94,0.0,7.317,False,True,True,0,0,0,0,True,
601377.SH,601377,601377,兴业证券,主板,沪市,主板,801790.SI,非银金融,801193.SI,证券Ⅱ,证券Ⅱ,L,20101013,5831,15.96,5.72,0.0,5.085,False,True,True,0,0,0,0,True,
601388.SH,601388,601388,怡球资源,主板,沪市,主板,801050.SI,有色金属,801055.SI,工业金属,工业金属,L,20120423,5273,14.44,3.18,0.316,12.121,False,True,True,0,0,0,0,True,
601390.SH,601390,601390,中国中铁,主板,沪市,主板,801720.SI,建筑装饰,801723.SI,基础建设,基础建设,L,20071203,6876,18.83,4.33,1.882,31.111,False,True,True,0,0,0,0,True,
601398.SH,601398,601398,工商银行,主板,沪市,主板,801780.SI,银行,801782.SI,国有大型银行Ⅱ,国有大型银行Ⅱ,L,20061027,7278,19.93,8.28,1.471,20.0,False,True,True,0,0,0,0,True,
601399.SH,601399,601399,国机重装,主板,沪市,主板,801890.SI,机械设备,801074.SI,专用设备,专用设备,L,20200608,2305,6.31,3.15,0.639,28.125,False,True,True,0,0,0,0,True,
601456.SH,601456,601456,国联民生,主板,沪市,主板,801790.SI,非银金融,801193.SI,证券Ⅱ,证券Ⅱ,L,20200731,2252,6.17,8.51,-0.234,12.088,False,True,True,0,0,0,0,True,
601500.SH,601500,601500,通用股份,主板,沪市,主板,801880.SI,汽车,801093.SI,汽车零部件,汽车零部件,L,20160919,3663,10.03,3.86,0.26,15.0,False,True,True,0,0,0,0,True,
601512.SH,601512,601512,中新集团,主板,沪市,主板,801180.SI,房地产,801181.SI,房地产开发,房地产开发,L,20191220,2476,6.78,8.46,0.118,25.287,False,True,True,0,0,0,0,True,
601515.SH,601515,601515,衢州东峰,主板,沪市,主板,801140.SI,轻工制造,801141.SI,包装印刷,包装印刷,L,20120216,5340,14.62,3.18,-0.314,35.294,False,True,True,0,0,0,0,True,
601518.SH,601518,601518,吉林高速,主板,沪市,主板,801170.SI,交通运输,801179.SI,铁路公路,铁路公路,L,20100319,6039,16.53,2.79,1.087,7.143,False,True,True,0,0,0,0,True,
601519.SH,601519,601519,大智慧,主板,沪市,主板,801750.SI,计算机,801104.SI,软件开发,软件开发,L,20110128,5724,15.67,8.65,-3.996,14.286,False,True,True,0,0,0,0,True,
601528.SH,601528,601528,瑞丰银行,主板,沪市,主板,801780.SI,银行,801785.SI,农商行Ⅱ,农商行Ⅱ,L,20210625,1923,5.26,5.14,1.984,8.163,False,True,True,0,0,0,0,True,
601555.SH,601555,601555,东吴证券,主板,沪市,主板,801790.SI,非银金融,801193.SI,证券Ⅱ,证券Ⅱ,L,20111212,5406,14.8,8.13,-0.123,10.0,False,True,True,0,0,0,0,True,
601566.SH,601566,601566,九牧王,主板,沪市,主板,801130.SI,纺织服饰,801132.SI,服装家纺,服装家纺,L,20110530,5602,15.34,9.06,-0.44,17.204,False,True,True,0,0,0,0,True,
601567.SH,601567,601567,三星电气,主板,沪市,主板,801730.SI,电力设备,801738.SI,电网设备,电网设备,L,20110615,5586,15.29,13.67,-1.371,18.75,False,True,True,0,0,0,0,True,
601568.SH,601568,601568,北元化工,主板,沪市,主板,801030.SI,基础化工,801033.SI,化学原料,化学原料,L,20201020,2171,5.94,3.55,1.14,15.789,False,True,True,0,0,0,0,True,
601577.SH,601577,601577,长沙银行,主板,沪市,主板,801780.SI,银行,801784.SI,城商行Ⅱ,城商行Ⅱ,L,20180926,2926,8.01,9.71,2.426,9.783,False,True,True,0,0,0,0,True,
601579.SH,601579,601579,会稽山,主板,沪市,主板,801120.SI,食品饮料,801126.SI,非白酒,非白酒,L,20140825,4419,12.1,37.3,-0.956,10.881,False,True,True,0,0,0,0,True,
601588.SH,601588,601588,北辰实业,主板,沪市,主板,801180.SI,房地产,801181.SI,房地产开发,房地产开发,L,20061016,7289,19.96,1.83,1.105,11.765,False,True,True,0,0,0,0,True,
601595.SH,601595,601595,上海电影,主板,沪市,主板,801760.SI,传媒,801766.SI,影视院线,影视院线,L,20160817,3696,10.12,23.0,-1.118,22.368,False,True,True,0,0,0,0,True,
601598.SH,601598,601598,中国外运,主板,沪市,主板,801170.SI,交通运输,801178.SI,物流,物流,L,20190118,2812,7.7,6.61,-1.196,18.333,False,True,True,0,0,0,0,True,
601599.SH,601599,601599,浙文影业,主板,沪市,主板,801130.SI,纺织服饰,801131.SI,纺织制造,纺织制造,L,20110527,5605,15.35,3.25,-0.612,9.375,False,True,True,0,0,0,0,True,
601600.SH,601600,601600,中国铝业,主板,沪市,主板,801050.SI,有色金属,801055.SI,工业金属,工业金属,L,20070430,7093,19.42,8.93,-0.112,15.789,False,True,True,0,0,0,0,True,
601601.SH,601601,601601,中国太保,主板,沪市,主板,801790.SI,非银金融,801194.SI,保险Ⅱ,保险Ⅱ,L,20071225,6854,18.77,31.06,2.171,21.519,False,True,True,0,0,0,0,True,
601606.SH,601606,601606,长城军工,主板,沪市,主板,801740.SI,国防军工,801743.SI,地面兵装Ⅱ,地面兵装Ⅱ,L,20180806,2977,8.15,30.7,-1.254,12.048,False,True,True,0,0,0,0,True,
601607.SH,601607,601607,上海医药,主板,沪市,主板,801150.SI,医药生物,801154.SI,医药商业,医药商业,L,19940324,11878,32.52,16.22,1.375,10.976,False,True,True,0,0,0,0,True,
601608.SH,601608,601608,中信重工,主板,沪市,主板,801890.SI,机械设备,801074.SI,专用设备,专用设备,L,20120706,5199,14.23,4.59,0.658,29.167,False,True,True,0,0,0,0,True,
601609.SH,601609,601609,金田股份,主板,沪市,主板,801050.SI,有色金属,801055.SI,工业金属,工业金属,L,20200422,2352,6.44,11.72,3.534,15.385,False,True,True,0,0,0,0,True,
601611.SH,601611,601611,中国核建,主板,沪市,主板,801720.SI,建筑装饰,801723.SI,基础建设,基础建设,L,20160606,3768,10.32,10.08,0.699,18.018,False,True,True,0,0,0,0,True,
601615.SH,601615,601615,明阳智能,主板,沪市,主板,801730.SI,电力设备,801736.SI,风电设备,风电设备,L,20190123,2807,7.69,9.77,-0.102,21.212,False,True,True,0,0,0,0,True,
601616.SH,601616,601616,广电电气,主板,沪市,主板,801730.SI,电力设备,801738.SI,电网设备,电网设备,L,20110201,5720,15.66,3.75,-0.794,5.263,False,True,True,0,0,0,0,True,
601618.SH,601618,601618,中国中冶,主板,沪市,主板,801720.SI,建筑装饰,801724.SI,专业工程,专业工程,L,20090921,6218,17.02,2.54,1.6,22.222,False,True,True,0,0,0,0,True,
601619.SH,601619,601619,嘉泽新能,主板,沪市,主板,801160.SI,公用事业,801161.SI,电力,电力,L,20170720,3359,9.2,3.89,0.777,16.667,False,True,True,0,0,0,0,True,
601628.SH,601628,601628,中国人寿,主板,沪市,主板,801790.SI,非银金融,801194.SI,保险Ⅱ,保险Ⅱ,L,20070109,7204,19.72,36.7,0.218,64.286,False,True,True,0,0,0,0,True,
601633.SH,601633,601633,长城汽车,主板,沪市,主板,801880.SI,汽车,801095.SI,乘用车,乘用车,L,20110928,5481,15.01,13.73,0.512,60.606,False,True,True,0,0,0,0,True,
601636.SH,601636,601636,旗滨集团,主板,沪市,主板,801710.SI,建筑材料,801712.SI,玻璃玻纤,玻璃玻纤,L,20110812,5528,15.13,5.39,1.89,10.714,False,True,True,0,0,0,0,True,
601658.SH,601658,601658,邮储银行,主板,沪市,主板,801780.SI,银行,801782.SI,国有大型银行Ⅱ,国有大型银行Ⅱ,L,20191210,2486,6.81,5.46,0.924,15.686,False,True,True,0,0,0,0,True,
601665.SH,601665,601665,齐鲁银行,主板,沪市,主板,801780.SI,银行,801784.SI,城商行Ⅱ,城商行Ⅱ,L,20210618,1930,5.28,7.13,2.738,14.493,False,True,True,0,0,0,0,True,
601666.SH,601666,601666,平煤股份,主板,沪市,主板,801950.SI,煤炭,801951.SI,煤炭开采,煤炭开采,L,20061123,7251,19.85,8.82,1.031,19.78,False,True,True,0,0,0,0,True,
601668.SH,601668,601668,中国建筑,主板,沪市,主板,801720.SI,建筑装饰,801721.SI,房屋建设Ⅱ,房屋建设Ⅱ,L,20090729,6272,17.17,4.34,1.639,11.111,False,True,True,0,0,0,0,True,
601669.SH,601669,601669,中国电建,主板,沪市,主板,801720.SI,建筑装饰,801723.SI,基础建设,基础建设,L,20111018,5461,14.95,4.57,1.106,21.277,False,True,True,0,0,0,0,True,
601677.SH,601677,601677,明泰铝业,主板,沪市,主板,801050.SI,有色金属,801055.SI,工业金属,工业金属,L,20110919,5490,15.03,16.17,0.062,7.273,False,True,True,0,0,0,0,True,
601678.SH,601678,601678,滨化股份,主板,沪市,主板,801030.SI,基础化工,801033.SI,化学原料,化学原料,L,20100223,6063,16.6,5.68,0.709,11.667,False,True,True,0,0,0,0,True,
601686.SH,601686,601686,友发集团,主板,沪市,主板,801040.SI,钢铁,801044.SI,普钢,普钢,L,20201204,2126,5.82,5.0,0.604,22.642,False,True,True,0,0,0,0,True,
601688.SH,601688,601688,华泰证券,主板,沪市,主板,801790.SI,非银金融,801193.SI,证券Ⅱ,证券Ⅱ,L,20100226,6060,16.59,17.8,0.452,11.458,False,True,True,0,0,0,0,True,
601689.SH,601689,601689,拓普集团,主板,沪市,主板,801880.SI,汽车,801093.SI,汽车零部件,汽车零部件,L,20150319,4213,11.53,46.52,-1.753,23.729,False,True,True,0,0,0,0,True,
601696.SH,601696,601696,中银证券,主板,沪市,主板,801790.SI,非银金融,801193.SI,证券Ⅱ,证券Ⅱ,L,20200226,2408,6.59,10.96,0.0,12.821,False,True,True,0,0,0,0,True,
601698.SH,601698,601698,中国卫通,主板,沪市,主板,801740.SI,国防军工,801741.SI,航天装备Ⅱ,航天装备Ⅱ,L,20190628,2651,7.26,22.6,-0.441,41.379,False,True,True,0,0,0,0,True,
601699.SH,601699,601699,潞安环能,主板,沪市,主板,801950.SI,煤炭,801951.SI,煤炭开采,煤炭开采,L,20060922,7313,20.02,15.09,2.028,15.19,False,True,True,0,0,0,0,True,
601700.SH,601700,601700,风范股份,主板,沪市,主板,801730.SI,电力设备,801738.SI,电网设备,电网设备,L,20110118,5734,15.7,6.19,2.483,10.938,False,True,True,0,0,0,0,True,
601702.SH,601702,601702,华峰铝业,主板,沪市,主板,801050.SI,有色金属,801055.SI,工业金属,工业金属,L,20200907,2214,6.06,14.88,0.27,27.848,False,True,True,0,0,0,0,True,
601717.SH,601717,601717,中创智领,主板,沪市,主板,801890.SI,机械设备,801074.SI,专用设备,专用设备,L,20100803,5902,16.16,13.35,2.771,20.0,False,True,True,0,0,0,0,True,
601718.SH,601718,601718,ST际华,主板,沪市,主板,801130.SI,纺织服饰,801132.SI,服装家纺,服装家纺,L,20100816,5889,16.12,1.94,1.571,33.333,True,True,True,0,0,0,0,False,ST
601727.SH,601727,601727,上海电气,主板,沪市,主板,801730.SI,电力设备,801733.SI,其他电源设备Ⅱ,其他电源设备Ⅱ,L,20081205,6508,17.82,6.44,0.468,31.429,False,True,True,0,0,0,0,True,
601728.SH,601728,601728,中国电信,主板,沪市,主板,801770.SI,通信,801223.SI,通信服务,通信服务,L,20210820,1867,5.11,6.28,0.16,27.419,False,True,True,0,0,0,0,True,
601766.SH,601766,601766,中国中车,主板,沪市,主板,801890.SI,机械设备,801076.SI,轨交设备Ⅱ,轨交设备Ⅱ,L,20080818,6617,18.12,6.19,1.144,15.0,False,True,True,0,0,0,0,True,
601777.SH,601777,601777,千里科技,主板,沪市,主板,801880.SI,汽车,801881.SI,摩托车及其他,摩托车及其他,L,20101125,5788,15.85,8.18,3.413,42.857,False,True,True,0,0,0,0,True,
601778.SH,601778,601778,晶科科技,主板,沪市,主板,801160.SI,公用事业,801161.SI,电力,电力,L,20200519,2325,6.37,3.39,0.296,11.111,False,True,True,0,0,0,0,True,
601788.SH,601788,601788,光大证券,主板,沪市,主板,801790.SI,非银金融,801193.SI,证券Ⅱ,证券Ⅱ,L,20090818,6252,17.12,13.68,0.959,12.5,False,True,True,0,0,0,0,True,
601789.SH,601789,601789,宁波建工,主板,沪市,主板,801720.SI,建筑装饰,801721.SI,房屋建设Ⅱ,房屋建设Ⅱ,L,20110816,5524,15.12,4.21,0.718,7.143,False,True,True,0,0,0,0,True,
601798.SH,601798,601798,蓝科高新,主板,沪市,主板,801890.SI,机械设备,801074.SI,专用设备,专用设备,L,20110622,5579,15.27,7.68,0.0,7.895,False,True,True,0,0,0,0,True,
601799.SH,601799,601799,星宇股份,主板,沪市,主板,801880.SI,汽车,801093.SI,汽车零部件,汽车零部件,L,20110201,5720,15.66,70.33,0.832,40.816,False,True,True,0,0,0,0,True,
601800.SH,601800,601800,中国交建,主板,沪市,主板,801720.SI,建筑装饰,801723.SI,基础建设,基础建设,L,20120309,5318,14.56,5.94,1.887,44.928,False,True,True,0,0,0,0,True,
601801.SH,601801,601801,皖新传媒,主板,沪市,主板,801760.SI,传媒,801769.SI,出版,出版,L,20100118,6099,16.7,5.49,-0.902,20.0,False,True,True,0,0,0,0,True,
601808.SH,601808,601808,中海油服,主板,沪市,主板,801960.SI,石油石化,801962.SI,油服工程,油服工程,L,20070928,6942,19.01,12.22,1.327,32.258,False,True,True,0,0,0,0,True,
601811.SH,601811,601811,新华文轩,主板,沪市,主板,801760.SI,传媒,801769.SI,出版,出版,L,20160808,3705,10.14,21.12,3.682,58.389,False,True,True,0,0,0,0,True,
601816.SH,601816,601816,京沪高铁,主板,沪市,主板,801170.SI,交通运输,801179.SI,铁路公路,铁路公路,L,20200116,2449,6.7,4.76,1.277,10.204,False,True,True,0,0,0,0,True,
601818.SH,601818,601818,光大银行,主板,沪市,主板,801780.SI,银行,801783.SI,股份制银行Ⅱ,股份制银行Ⅱ,L,20100818,5887,16.12,3.04,0.997,9.677,False,True,True,0,0,0,0,True,
601825.SH,601825,601825,沪农商行,主板,沪市,主板,801780.SI,银行,801785.SI,农商行Ⅱ,农商行Ⅱ,L,20210819,1868,5.11,8.61,0.35,18.293,False,True,True,0,0,0,0,True,
601827.SH,601827,601827,三峰环境,主板,沪市,主板,801970.SI,环保,801971.SI,环境治理,环境治理,L,20200605,2308,6.32,7.9,1.023,9.877,False,True,True,0,0,0,0,True,
601828.SH,601828,601828,美凯龙,主板,沪市,主板,801200.SI,商贸零售,801203.SI,一般零售,一般零售,L,20180117,3178,8.7,2.23,1.827,13.636,False,True,True,0,0,0,0,True,
601838.SH,601838,601838,成都银行,主板,沪市,主板,801780.SI,银行,801784.SI,城商行Ⅱ,城商行Ⅱ,L,20180131,3164,8.66,19.31,2.277,6.736,False,True,True,0,0,0,0,True,
601857.SH,601857,601857,中国石油,主板,沪市,主板,801960.SI,石油石化,801963.SI,炼化及贸易,炼化及贸易,L,20071105,6904,18.9,11.21,0.809,78.049,False,True,True,0,0,0,0,True,
601858.SH,601858,601858,中国科传,主板,沪市,主板,801760.SI,传媒,801769.SI,出版,出版,L,20170118,3542,9.7,21.58,-2.397,22.222,False,True,True,0,0,0,0,True,
601860.SH,601860,601860,紫金银行,主板,沪市,主板,801780.SI,银行,801785.SI,农商行Ⅱ,农商行Ⅱ,L,20190103,2827,7.74,2.58,1.575,3.846,False,True,True,0,0,0,0,True,
601865.SH,601865,601865,福莱特,主板,沪市,主板,801730.SI,电力设备,801735.SI,光伏设备,光伏设备,L,20190215,2784,7.62,9.22,1.319,35.294,False,True,True,0,0,0,0,True,
601866.SH,601866,601866,中远海发,主板,沪市,主板,801170.SI,交通运输,801992.SI,航运港口,航运港口,L,20071212,6867,18.8,2.44,1.245,16.667,False,True,True,0,0,0,0,True,
601868.SH,601868,601868,中国能建,主板,沪市,主板,801720.SI,建筑装饰,801723.SI,基础建设,基础建设,L,20210928,1828,5.0,2.39,0.844,16.0,False,True,True,0,0,0,0,True,
601869.SH,601869,601869,长飞光纤,主板,沪市,主板,801770.SI,通信,801102.SI,通信设备,通信设备,L,20180720,2994,8.2,411.16,0.787,18.548,False,True,True,0,0,0,0,True,
601872.SH,601872,601872,招商轮船,主板,沪市,主板,801170.SI,交通运输,801992.SI,航运港口,航运港口,L,20061201,7243,19.83,20.15,1.307,24.51,False,True,True,0,0,0,0,True,
601877.SH,601877,601877,正泰电器,主板,沪市,主板,801730.SI,电力设备,801738.SI,电网设备,电网设备,L,20100121,6096,16.69,24.95,2.338,25.49,False,True,True,0,0,0,0,True,
601878.SH,601878,601878,浙商证券,主板,沪市,主板,801790.SI,非银金融,801193.SI,证券Ⅱ,证券Ⅱ,L,20170626,3383,9.26,8.97,0.56,15.789,False,True,True,0,0,0,0,True,
601880.SH,601880,601880,辽港股份,主板,沪市,主板,801170.SI,交通运输,801992.SI,航运港口,航运港口,L,20101206,5777,15.82,1.47,1.379,13.333,False,True,True,0,0,0,0,True,
601881.SH,601881,601881,中国银河,主板,沪市,主板,801790.SI,非银金融,801193.SI,证券Ⅱ,证券Ⅱ,L,20170123,3537,9.68,11.59,0.695,26.984,False,True,True,0,0,0,0,True,
601882.SH,601882,601882,海天精工,主板,沪市,主板,801890.SI,机械设备,801072.SI,通用设备,通用设备,L,20161107,3614,9.89,22.62,-0.571,16.667,False,True,True,0,0,0,0,True,
601886.SH,601886,601886,江河集团,主板,沪市,主板,801720.SI,建筑装饰,801722.SI,装修装饰Ⅱ,装修装饰Ⅱ,L,20110818,5522,15.12,13.09,2.266,36.719,False,True,True,0,0,0,0,True,
601888.SH,601888,601888,中国中免,主板,沪市,主板,801200.SI,商贸零售,801207.SI,旅游零售Ⅱ,旅游零售Ⅱ,L,20091015,6194,16.96,51.44,1.001,7.143,False,True,True,0,0,0,0,True,
601890.SH,601890,601890,亚星锚链,主板,沪市,主板,801740.SI,国防军工,801744.SI,航海装备Ⅱ,航海装备Ⅱ,L,20101228,5755,15.76,9.35,1.3,7.292,False,True,True,0,0,0,0,True,
601898.SH,601898,601898,中煤能源,主板,沪市,主板,801950.SI,煤炭,801951.SI,煤炭开采,煤炭开采,L,20080201,6816,18.66,13.8,-0.719,34.028,False,True,True,0,0,0,0,True,
601899.SH,601899,601899,紫金矿业,主板,沪市,主板,801050.SI,有色金属,801055.SI,工业金属,工业金属,L,20080425,6732,18.43,29.79,1.12,17.5,False,True,True,0,0,0,0,True,
601900.SH,601900,601900,南方传媒,主板,沪市,主板,801760.SI,传媒,801769.SI,出版,出版,L,20160215,3880,10.62,12.69,0.874,9.836,False,True,True,0,0,0,0,True,
601901.SH,601901,601901,方正证券,主板,沪市,主板,801790.SI,非银金融,801193.SI,证券Ⅱ,证券Ⅱ,L,20110810,5530,15.14,6.71,1.207,10.0,False,True,True,0,0,0,0,True,
601908.SH,601908,601908,京运通,主板,沪市,主板,801160.SI,公用事业,801161.SI,电力,电力,L,20110908,5501,15.06,2.93,0.687,10.0,False,True,True,0,0,0,0,True,
601916.SH,601916,601916,浙商银行,主板,沪市,主板,801780.SI,银行,801783.SI,股份制银行Ⅱ,股份制银行Ⅱ,L,20191126,2500,6.84,2.88,0.348,3.448,False,True,True,0,0,0,0,True,
601918.SH,601918,601918,新集能源,主板,沪市,主板,801950.SI,煤炭,801951.SI,煤炭开采,煤炭开采,L,20071219,6860,18.78,11.29,-0.616,14.563,False,True,True,0,0,0,0,True,
601919.SH,601919,601919,中远海控,主板,沪市,主板,801170.SI,交通运输,801992.SI,航运港口,航运港口,L,20070626,7036,19.26,16.37,0.245,20.0,False,True,True,0,0,0,0,True,
601921.SH,601921,601921,浙版传媒,主板,沪市,主板,801760.SI,传媒,801769.SI,出版,出版,L,20210723,1895,5.19,7.56,0.133,10.667,False,True,True,0,0,0,0,True,
601928.SH,601928,601928,凤凰传媒,主板,沪市,主板,801760.SI,传媒,801769.SI,出版,出版,L,20111130,5418,14.83,8.34,0.846,15.385,False,True,True,0,0,0,0,True,
601929.SH,601929,601929,吉视传媒,主板,沪市,主板,801760.SI,传媒,801995.SI,电视广播Ⅱ,电视广播Ⅱ,L,20120223,5333,14.6,2.31,-2.532,12.5,False,True,True,0,0,0,0,True,
601933.SH,601933,601933,永辉超市,主板,沪市,主板,801200.SI,商贸零售,801203.SI,一般零售,一般零售,L,20101215,5768,15.79,2.99,1.014,9.677,False,True,True,0,0,0,0,True,
601939.SH,601939,601939,建设银行,主板,沪市,主板,801780.SI,银行,801782.SI,国有大型银行Ⅱ,国有大型银行Ⅱ,L,20070925,6945,19.01,11.06,0.272,10.185,False,True,True,0,0,0,0,True,
601949.SH,601949,601949,中国出版,主板,沪市,主板,801760.SI,传媒,801769.SI,出版,出版,L,20170821,3327,9.11,5.91,-1.664,13.333,False,True,True,0,0,0,0,True,
601952.SH,601952,601952,苏垦农发,主板,沪市,主板,801010.SI,农林牧渔,801016.SI,种植业,种植业,L,20170515,3425,9.38,8.97,2.867,15.054,False,True,True,0,0,0,0,True,
601956.SH,601956,601956,东贝集团,主板,沪市,主板,801110.SI,家用电器,801116.SI,家电零部件Ⅱ,家电零部件Ⅱ,L,20201225,2105,5.76,5.02,-0.986,14.286,False,True,True,0,0,0,0,True,
601958.SH,601958,601958,金钼股份,主板,沪市,主板,801050.SI,有色金属,801054.SI,小金属,小金属,L,20080417,6740,18.45,19.37,0.363,19.178,False,True,True,0,0,0,0,True,
601963.SH,601963,601963,重庆银行,主板,沪市,主板,801780.SI,银行,801784.SI,城商行Ⅱ,城商行Ⅱ,L,20210205,2063,5.65,11.2,2.097,12.727,False,True,True,0,0,0,0,True,
601965.SH,601965,601965,中国汽研,主板,沪市,主板,801880.SI,汽车,801092.SI,汽车服务,汽车服务,L,20120611,5224,14.3,13.57,4.144,25.714,False,True,True,0,0,0,0,True,
601966.SH,601966,601966,玲珑轮胎,主板,沪市,主板,801880.SI,汽车,801093.SI,汽车零部件,汽车零部件,L,20160706,3738,10.23,10.49,1.255,35.714,False,True,True,0,0,0,0,True,
601968.SH,601968,601968,宝钢包装,主板,沪市,主板,801140.SI,轻工制造,801141.SI,包装印刷,包装印刷,L,20150611,4129,11.3,4.5,0.671,22.222,False,True,True,0,0,0,0,True,
601969.SH,601969,601969,海南矿业,主板,沪市,主板,801040.SI,钢铁,801043.SI,冶钢原料,冶钢原料,L,20141209,4313,11.81,8.92,0.338,25.532,False,True,True,0,0,0,0,True,
601975.SH,601975,601975,招商南油,主板,沪市,主板,801170.SI,交通运输,801992.SI,航运港口,航运港口,L,20190108,2822,7.73,4.52,2.032,11.111,False,True,True,0,0,0,0,True,
601985.SH,601985,601985,中国核电,主板,沪市,主板,801160.SI,公用事业,801161.SI,电力,电力,L,20150610,4130,11.31,9.07,0.554,5.618,False,True,True,0,0,0,0,True,
601988.SH,601988,601988,中国银行,主板,沪市,主板,801780.SI,银行,801782.SI,国有大型银行Ⅱ,国有大型银行Ⅱ,L,20060705,7392,20.24,6.73,1.203,20.312,False,True,True,0,0,0,0,True,
601990.SH,601990,601990,南京证券,主板,沪市,主板,801790.SI,非银金融,801193.SI,证券Ⅱ,证券Ⅱ,L,20180613,3031,8.3,6.58,0.612,22.059,False,True,True,0,0,0,0,True,
601991.SH,601991,601991,大唐发电,主板,沪市,主板,801160.SI,公用事业,801161.SI,电力,电力,L,20061220,7224,19.78,5.31,1.143,13.793,False,True,True,0,0,0,0,True,
601992.SH,601992,601992,金隅集团,主板,沪市,主板,801710.SI,建筑材料,801711.SI,水泥,水泥,L,20110301,5692,15.58,1.43,1.418,28.571,False,True,True,0,0,0,0,True,
601995.SH,601995,601995,中金公司,主板,沪市,主板,801790.SI,非银金融,801193.SI,证券Ⅱ,证券Ⅱ,L,20201102,2158,5.91,30.63,0.065,10.465,False,True,True,7,7,7,7,False,近60日停牌
601996.SH,601996,601996,丰林集团,主板,沪市,主板,801140.SI,轻工制造,801142.SI,家居用品,家居用品,L,20110929,5480,15.0,2.88,-0.69,17.857,False,True,True,0,0,0,0,True,
601997.SH,601997,601997,贵阳银行,主板,沪市,主板,801780.SI,银行,801784.SI,城商行Ⅱ,城商行Ⅱ,L,20160816,3697,10.12,5.61,0.899,5.357,False,True,True,0,0,0,0,True,
601998.SH,601998,601998,中信银行,主板,沪市,主板,801780.SI,银行,801783.SI,股份制银行Ⅱ,股份制银行Ⅱ,L,20070427,7096,19.43,9.1,0.887,22.093,False,True,True,0,0,0,0,True,
601999.SH,601999,601999,出版传媒,主板,沪市,主板,801760.SI,传媒,801769.SI,出版,出版,L,20071221,6858,18.78,6.81,-2.155,7.246,False,True,True,0,0,0,0,True,
603000.SH,603000,603000,人民网,主板,沪市,主板,801760.SI,传媒,801767.SI,数字媒体,数字媒体,L,20120427,5269,14.43,16.51,-0.841,9.524,False,True,True,0,0,0,0,True,
603001.SH,603001,603001,奥康国际,主板,沪市,主板,801130.SI,纺织服饰,801132.SI,服装家纺,服装家纺,L,20120426,5270,14.43,11.29,-5.681,26.786,False,True,True,0,0,0,6,True,
603002.SH,603002,603002,宏昌电子,主板,沪市,主板,801080.SI,电子,801086.SI,电子化学品Ⅱ,电子化学品Ⅱ,L,20120518,5248,14.37,17.34,-1.253,12.766,False,True,True,0,0,0,0,True,
603004.SH,603004,603004,鼎龙科技,主板,沪市,主板,801030.SI,基础化工,801034.SI,化学制品,化学制品,L,20231227,1008,2.76,19.87,3.814,8.854,False,True,True,0,0,0,0,True,
603005.SH,603005,603005,晶方科技,主板,沪市,主板,801080.SI,电子,801081.SI,半导体,半导体,L,20140210,4615,12.64,26.99,-3.123,8.667,False,True,True,0,0,0,0,True,
603006.SH,603006,603006,联明股份,主板,沪市,主板,801880.SI,汽车,801093.SI,汽车零部件,汽车零部件,L,20140630,4475,12.25,10.83,-1.006,29.091,False,True,True,0,0,0,0,True,
603007.SH,603007,603007,顺景科技,主板,沪市,主板,801720.SI,建筑装饰,801723.SI,基础建设,基础建设,L,20160826,3687,10.09,4.47,-0.223,14.583,False,True,True,0,0,0,0,True,
603008.SH,603008,603008,ST喜临门,主板,沪市,主板,801140.SI,轻工制造,801142.SI,家居用品,家居用品,L,20120717,5188,14.2,10.6,6.212,26.667,True,True,True,0,0,0,0,False,ST
603009.SH,603009,603009,北特科技,主板,沪市,主板,801880.SI,汽车,801093.SI,汽车零部件,汽车零部件,L,20140718,4457,12.2,45.88,0.68,11.688,False,True,True,0,0,0,0,True,
603010.SH,603010,603010,万盛股份,主板,沪市,主板,801030.SI,基础化工,801034.SI,化学制品,化学制品,L,20141010,4373,11.97,12.29,1.823,23.333,False,True,True,0,0,0,0,True,
603011.SH,603011,603011,合锻智能,主板,沪市,主板,801890.SI,机械设备,801074.SI,专用设备,专用设备,L,20141107,4345,11.9,23.98,-2.481,12.03,False,True,True,0,0,0,0,True,
603012.SH,603012,603012,创力集团,主板,沪市,主板,801890.SI,机械设备,801074.SI,专用设备,专用设备,L,20150320,4212,11.53,8.51,0.472,15.556,False,True,True,0,0,0,0,True,
603013.SH,603013,603013,亚普股份,主板,沪市,主板,801880.SI,汽车,801093.SI,汽车零部件,汽车零部件,L,20180509,3066,8.39,14.26,0.422,41.071,False,True,True,0,0,0,0,True,
603014.SH,603014,603014,威高血净,主板,沪市,主板,801150.SI,医药生物,801153.SI,医疗器械,医疗器械,L,20250519,499,1.37,30.79,-0.291,9.375,False,True,True,0,0,0,0,False,上市时间不足
603015.SH,603015,603015,弘讯科技,主板,沪市,主板,801890.SI,机械设备,801078.SI,自动化设备,自动化设备,L,20150303,4229,11.58,10.3,-1.246,16.667,False,True,True,0,0,0,0,True,
603016.SH,603016,603016,新宏泰,主板,沪市,主板,801730.SI,电力设备,801738.SI,电网设备,电网设备,L,20160701,3743,10.25,32.16,0.878,14.062,False,True,True,0,0,0,0,True,
603017.SH,603017,603017,中衡设计,主板,沪市,主板,801720.SI,建筑装饰,801726.SI,工程咨询服务Ⅱ,工程咨询服务Ⅱ,L,20141231,4291,11.75,10.03,-1.667,10.204,False,True,True,0,0,0,0,True,
603018.SH,603018,603018,华设集团,主板,沪市,主板,801720.SI,建筑装饰,801726.SI,工程咨询服务Ⅱ,工程咨询服务Ⅱ,L,20141013,4370,11.96,5.2,0.0,18.868,False,True,True,0,0,0,0,True,
603019.SH,603019,603019,中科曙光,主板,沪市,主板,801750.SI,计算机,801101.SI,计算机设备,计算机设备,L,20141106,4346,11.9,79.52,-1.095,9.231,False,True,True,0,0,0,0,True,
603020.SH,603020,603020,爱普股份,主板,沪市,主板,801030.SI,基础化工,801034.SI,化学制品,化学制品,L,20150325,4207,11.52,12.48,3.055,24.39,False,True,True,0,0,0,0,True,
603021.SH,603021,603021,*ST华鹏,主板,沪市,主板,801140.SI,轻工制造,801142.SI,家居用品,家居用品,L,20150423,4178,11.44,4.46,-9.899,27.273,True,True,True,0,0,0,0,False,ST
603022.SH,603022,603022,新通联,主板,沪市,主板,801140.SI,轻工制造,801141.SI,包装印刷,包装印刷,L,20150518,4153,11.37,9.06,-1.2,13.793,False,True,True,0,0,0,0,True,
603023.SH,603023,603023,威帝股份,主板,沪市,主板,801880.SI,汽车,801093.SI,汽车零部件,汽车零部件,L,20150527,4144,11.35,4.06,-0.49,12.195,False,True,True,0,0,0,0,True,
603025.SH,603025,603025,大豪科技,主板,沪市,主板,801890.SI,机械设备,801078.SI,自动化设备,自动化设备,L,20150422,4179,11.44,12.93,-0.154,19.565,False,True,True,0,0,0,0,True,
603026.SH,603026,603026,石大胜华,主板,沪市,主板,801730.SI,电力设备,801737.SI,电池,电池,L,20150529,4142,11.34,56.92,1.879,12.5,False,True,True,0,0,0,0,True,
603027.SH,603027,603027,千禾味业,主板,沪市,主板,801120.SI,食品饮料,801129.SI,调味发酵品Ⅱ,调味发酵品Ⅱ,L,20160307,3859,10.57,7.31,2.668,11.111,False,True,True,0,0,0,0,True,
603028.SH,603028,603028,赛福天,主板,沪市,主板,801890.SI,机械设备,801072.SI,通用设备,通用设备,L,20160331,3835,10.5,7.16,-1.377,11.429,False,True,True,0,0,0,0,True,
603029.SH,603029,603029,天鹅股份,主板,沪市,主板,801890.SI,机械设备,801074.SI,专用设备,专用设备,L,20160427,3808,10.43,16.65,-0.656,7.143,False,True,True,0,0,0,0,True,
603030.SH,603030,603030,全筑股份,主板,沪市,主板,801720.SI,建筑装饰,801722.SI,装修装饰Ⅱ,装修装饰Ⅱ,L,20150320,4212,11.53,2.08,-0.478,9.524,False,True,True,0,0,0,0,True,
603031.SH,603031,603031,安孚科技,主板,沪市,主板,801730.SI,电力设备,801737.SI,电池,电池,L,20160822,3691,10.11,36.67,0.273,13.725,False,True,True,0,0,0,0,True,
603032.SH,603032,603032,德新科技,主板,沪市,主板,801730.SI,电力设备,801737.SI,电池,电池,L,20170105,3555,9.73,17.77,0.68,10.582,False,True,True,0,0,0,0,True,
603033.SH,603033,603033,三维股份,主板,沪市,主板,801030.SI,基础化工,801037.SI,橡胶,橡胶,L,20161207,3584,9.81,7.71,0.916,45.0,False,True,True,0,0,0,0,True,
603035.SH,603035,603035,常熟汽饰,主板,沪市,主板,801880.SI,汽车,801093.SI,汽车零部件,汽车零部件,L,20170105,3555,9.73,10.5,0.962,22.936,False,True,True,0,0,0,0,True,
603036.SH,603036,603036,如通股份,主板,沪市,主板,801890.SI,机械设备,801074.SI,专用设备,专用设备,L,20161209,3582,9.81,13.52,-1.314,17.778,False,True,True,0,0,0,0,True,
603037.SH,603037,603037,凯众股份,主板,沪市,主板,801880.SI,汽车,801093.SI,汽车零部件,汽车零部件,L,20170120,3540,9.69,10.36,-0.766,10.784,False,True,True,0,0,0,0,True,
603038.SH,603038,603038,华立股份,主板,沪市,主板,801710.SI,建筑材料,801713.SI,装修建材,装修建材,L,20170116,3544,9.7,15.71,0.191,10.909,False,True,True,0,0,0,0,True,
603039.SH,603039,603039,泛微网络,主板,沪市,主板,801750.SI,计算机,801104.SI,软件开发,软件开发,L,20170113,3547,9.71,34.73,0.579,13.208,False,True,True,0,0,0,0,True,
603040.SH,603040,603040,新坐标,主板,沪市,主板,801880.SI,汽车,801093.SI,汽车零部件,汽车零部件,L,20170209,3520,9.64,44.3,-0.068,29.851,False,True,True,0,0,0,0,True,
603041.SH,603041,603041,美思德,主板,沪市,主板,801030.SI,基础化工,801034.SI,化学制品,化学制品,L,20170330,3471,9.5,11.53,-1.115,10.714,False,True,True,0,0,0,0,True,
603042.SH,603042,603042,华脉科技,主板,沪市,主板,801770.SI,通信,801102.SI,通信设备,通信设备,L,20170602,3407,9.33,16.66,0.665,8.187,False,True,True,0,0,0,0,True,
603043.SH,603043,603043,广州酒家,主板,沪市,主板,801120.SI,食品饮料,801128.SI,休闲食品,休闲食品,L,20170627,3382,9.26,13.14,1.467,25.714,False,True,True,0,0,0,0,True,
603045.SH,603045,603045,福达合金,主板,沪市,主板,801050.SI,有色金属,801051.SI,金属新材料,金属新材料,L,20180517,3058,8.37,46.03,-2.396,12.871,False,True,True,0,0,0,0,True,
603048.SH,603048,603048,浙江黎明,主板,沪市,主板,801880.SI,汽车,801093.SI,汽车零部件,汽车零部件,L,20211116,1779,4.87,25.27,2.765,28.07,False,True,True,0,0,0,0,True,
603049.SH,603049,603049,中策橡胶,主板,沪市,主板,801880.SI,汽车,801093.SI,汽车零部件,汽车零部件,L,20250605,482,1.32,43.96,0.297,10.127,False,True,True,0,0,0,0,False,上市时间不足
603050.SH,603050,603050,科林电气,主板,沪市,主板,801730.SI,电力设备,801738.SI,电网设备,电网设备,L,20170414,3456,9.46,16.35,-0.608,17.391,False,True,True,0,0,0,0,True,
603051.SH,603051,603051,鹿山新材,主板,沪市,主板,801030.SI,基础化工,801034.SI,化学制品,化学制品,L,20220325,1650,4.52,24.26,-1.821,17.427,False,True,True,0,0,0,0,True,
603052.SH,603052,603052,可川科技,主板,沪市,主板,801080.SI,电子,801085.SI,消费电子,消费电子,L,20221011,1450,3.97,51.02,-3.663,12.5,False,True,True,0,0,0,0,True,
603053.SH,603053,603053,成都燃气,主板,沪市,主板,801160.SI,公用事业,801163.SI,燃气Ⅱ,燃气Ⅱ,L,20191217,2479,6.79,8.75,0.575,15.957,False,True,True,0,0,0,0,True,
603055.SH,603055,603055,台华新材,主板,沪市,主板,801130.SI,纺织服饰,801131.SI,纺织制造,纺织制造,L,20170921,3296,9.02,9.17,1.438,12.088,False,True,True,0,0,0,0,True,
603057.SH,603057,603057,紫燕食品,主板,沪市,主板,801120.SI,食品饮料,801128.SI,休闲食品,休闲食品,L,20220926,1465,4.01,17.84,0.564,40.708,False,True,True,0,0,0,0,True,
603058.SH,603058,603058,永吉股份,主板,沪市,主板,801140.SI,轻工制造,801141.SI,包装印刷,包装印刷,L,20161223,3568,9.77,8.51,-1.845,12.766,False,True,True,0,0,0,0,True,
603059.SH,603059,603059,倍加洁,主板,沪市,主板,801980.SI,美容护理,801981.SI,个护用品,个护用品,L,20180302,3134,8.58,26.22,1.275,10.714,False,True,True,0,0,0,0,True,
603060.SH,603060,603060,国检集团,主板,沪市,主板,801210.SI,社会服务,801218.SI,专业服务,专业服务,L,20161109,3612,9.89,5.53,0.0,30.357,False,True,True,0,0,0,0,True,
603061.SH,603061,603061,金海通,主板,沪市,主板,801080.SI,电子,801081.SI,半导体,半导体,L,20230303,1307,3.58,311.73,-2.126,11.607,False,True,True,0,0,0,0,True,
603062.SH,603062,603062,麦加芯彩,主板,沪市,主板,801030.SI,基础化工,801034.SI,化学制品,化学制品,L,20231107,1058,2.9,36.84,0.656,14.474,False,True,True,0,0,0,0,True,
603063.SH,603063,603063,禾望电气,主板,沪市,主板,801730.SI,电力设备,801736.SI,风电设备,风电设备,L,20170728,3351,9.17,27.61,-1.953,12.987,False,True,True,0,0,0,0,True,
603065.SH,603065,603065,宿迁联盛,主板,沪市,主板,801030.SI,基础化工,801034.SI,化学制品,化学制品,L,20230321,1289,3.53,14.23,-4.046,11.409,False,True,True,0,0,0,0,True,
603066.SH,603066,603066,音飞储存,主板,沪市,主板,801170.SI,交通运输,801178.SI,物流,物流,L,20150611,4129,11.3,9.28,-0.429,9.783,False,True,True,0,0,0,0,True,
603067.SH,603067,603067,振华股份,主板,沪市,主板,801030.SI,基础化工,801033.SI,化学原料,化学原料,L,20160913,3669,10.05,40.25,2.028,14.474,False,True,True,0,0,0,0,True,
603068.SH,603068,603068,博通集成,主板,沪市,主板,801080.SI,电子,801081.SI,半导体,半导体,L,20190415,2725,7.46,44.85,-0.333,7.19,False,True,True,0,0,0,0,True,
603069.SH,603069,603069,海汽集团,主板,沪市,主板,801170.SI,交通运输,801179.SI,铁路公路,铁路公路,L,20160712,3732,10.22,13.55,0.819,17.647,False,True,True,0,0,0,0,True,
603070.SH,603070,603070,万控智造,主板,沪市,主板,801730.SI,电力设备,801738.SI,电网设备,电网设备,L,20220310,1665,4.56,11.3,-0.265,52.991,False,True,True,0,0,0,0,True,
603071.SH,603071,603071,物产环能,主板,沪市,主板,801950.SI,煤炭,801951.SI,煤炭开采,煤炭开采,L,20211216,1749,4.79,12.49,1.216,15.873,False,True,True,0,0,0,0,True,
603072.SH,603072,603072,天和磁材,主板,沪市,主板,801050.SI,有色金属,801051.SI,金属新材料,金属新材料,L,20250103,635,1.74,29.39,-1.21,9.677,False,True,True,0,0,0,0,False,上市时间不足
603073.SH,603073,603073,彩蝶实业,主板,沪市,主板,801030.SI,基础化工,801032.SI,化学纤维,化学纤维,L,20230316,1294,3.54,20.88,5.882,20.994,False,True,True,0,0,0,0,True,
603075.SH,603075,603075,热威股份,主板,沪市,主板,801110.SI,家用电器,801116.SI,家电零部件Ⅱ,家电零部件Ⅱ,L,20230911,1115,3.05,19.73,-1.103,3.5,False,True,True,0,0,0,0,True,
603076.SH,603076,603076,乐惠国际,主板,沪市,主板,801890.SI,机械设备,801074.SI,专用设备,专用设备,L,20171113,3243,8.88,20.12,-1.421,11.765,False,True,True,0,0,0,0,True,
603077.SH,603077,603077,和邦生物,主板,沪市,主板,801030.SI,基础化工,801038.SI,农化制品,农化制品,L,20120731,5174,14.17,2.19,0.459,13.043,False,True,True,0,0,0,0,True,
603078.SH,603078,603078,江化微,主板,沪市,主板,801080.SI,电子,801086.SI,电子化学品Ⅱ,电子化学品Ⅱ,L,20170410,3460,9.47,28.83,-2.568,12.346,False,True,True,0,0,0,0,True,
603079.SH,603079,603079,圣达生物,主板,沪市,主板,801030.SI,基础化工,801034.SI,化学制品,化学制品,L,20170823,3325,9.1,13.61,3.341,9.091,False,True,True,0,0,0,0,True,
603080.SH,603080,603080,新疆火炬,主板,沪市,主板,801160.SI,公用事业,801163.SI,燃气Ⅱ,燃气Ⅱ,L,20180103,3192,8.74,19.95,1.994,10.204,False,True,True,0,0,0,0,True,
603081.SH,603081,603081,大丰实业,主板,沪市,主板,801890.SI,机械设备,801074.SI,专用设备,专用设备,L,20170420,3450,9.45,9.36,-0.742,33.333,False,True,True,0,0,0,0,True,
603082.SH,603082,603082,北自科技,主板,沪市,主板,801890.SI,机械设备,801078.SI,自动化设备,自动化设备,L,20240130,974,2.67,41.25,-1.786,9.929,False,True,True,0,0,0,0,True,
603083.SH,603083,603083,剑桥科技,主板,沪市,主板,801770.SI,通信,801102.SI,通信设备,通信设备,L,20171110,3246,8.89,205.45,2.163,11.504,False,True,True,0,0,0,0,True,
603085.SH,603085,603085,天成自控,主板,沪市,主板,801880.SI,汽车,801093.SI,汽车零部件,汽车零部件,L,20150630,4110,11.25,9.73,-0.205,14.0,False,True,True,0,0,0,0,True,
603086.SH,603086,603086,先达股份,主板,沪市,主板,801030.SI,基础化工,801038.SI,农化制品,农化制品,L,20170511,3429,9.39,5.87,0.514,13.115,False,True,True,0,0,0,0,True,
603087.SH,603087,603087,甘李药业,主板,沪市,主板,801150.SI,医药生物,801152.SI,生物制品,生物制品,L,20200629,2284,6.25,77.4,3.407,12.195,False,True,True,0,0,0,0,True,
603088.SH,603088,603088,宁波精达,主板,沪市,主板,801890.SI,机械设备,801072.SI,通用设备,通用设备,L,20141111,4341,11.89,9.9,-0.602,10.891,False,True,True,0,0,0,0,True,
603089.SH,603089,603089,正裕工业,主板,沪市,主板,801880.SI,汽车,801093.SI,汽车零部件,汽车零部件,L,20170126,3534,9.68,9.46,-0.735,12.245,False,True,True,0,0,0,0,True,
603090.SH,603090,603090,宏盛股份,主板,沪市,主板,801890.SI,机械设备,801072.SI,通用设备,通用设备,L,20160831,3682,10.08,36.85,0.464,10.256,False,True,True,0,0,0,0,True,
603091.SH,603091,603091,众鑫股份,主板,沪市,主板,801140.SI,轻工制造,801141.SI,包装印刷,包装印刷,L,20240920,740,2.03,45.32,0.266,9.877,False,True,True,0,0,0,0,True,
603092.SH,603092,603092,德力佳,主板,沪市,主板,801730.SI,电力设备,801736.SI,风电设备,风电设备,L,20251107,327,0.9,48.19,-1.693,10.169,False,True,True,0,0,0,0,False,上市时间不足
603093.SH,603093,603093,南华期货,主板,沪市,主板,801790.SI,非银金融,801191.SI,多元金融,多元金融,L,20190830,2588,7.09,13.16,-1.127,11.364,False,True,True,0,0,0,0,True,
603095.SH,603095,603095,越剑智能,主板,沪市,主板,801890.SI,机械设备,801074.SI,专用设备,专用设备,L,20200415,2359,6.46,14.01,-0.709,16.216,False,True,True,0,0,0,0,True,
603096.SH,603096,603096,新经典,主板,沪市,主板,801760.SI,传媒,801769.SI,出版,出版,L,20170425,3445,9.43,16.1,-1.589,11.538,False,True,True,0,0,0,0,True,
603097.SH,603097,603097,江苏华辰,主板,沪市,主板,801730.SI,电力设备,801738.SI,电网设备,电网设备,L,20220512,1602,4.39,18.67,2.078,18.947,False,True,True,0,0,0,0,True,
603098.SH,603098,603098,森特股份,主板,沪市,主板,801720.SI,建筑装饰,801724.SI,专业工程,专业工程,L,20161216,3575,9.79,10.65,-0.838,33.333,False,True,True,0,0,0,0,True,
603099.SH,603099,603099,长白山,主板,沪市,主板,801210.SI,社会服务,801993.SI,旅游及景区,旅游及景区,L,20140822,4422,12.11,40.68,2.262,5.97,False,True,True,0,0,0,0,True,
603100.SH,603100,603100,川仪股份,主板,沪市,主板,801890.SI,机械设备,801072.SI,通用设备,通用设备,L,20140805,4439,12.15,18.29,0.0,11.475,False,True,True,0,0,0,0,True,
603101.SH,603101,603101,汇嘉时代,主板,沪市,主板,801200.SI,商贸零售,801203.SI,一般零售,一般零售,L,20160506,3799,10.4,7.39,0.271,9.459,False,True,True,0,0,0,0,True,
603102.SH,603102,603102,百合股份,主板,沪市,主板,801120.SI,食品饮料,801124.SI,食品加工,食品加工,L,20220125,1709,4.68,37.29,1.139,13.83,False,True,True,0,0,0,0,True,
603103.SH,603103,603103,横店影视,主板,沪市,主板,801760.SI,传媒,801766.SI,影视院线,影视院线,L,20171012,3275,8.97,15.82,-1.922,45.0,False,True,True,0,0,0,0,True,
603105.SH,603105,603105,芯能科技,主板,沪市,主板,801160.SI,公用事业,801161.SI,电力,电力,L,20180709,3005,8.23,8.5,-3.737,9.524,False,True,True,0,0,0,0,True,
603106.SH,603106,603106,恒银科技,主板,沪市,主板,801750.SI,计算机,801101.SI,计算机设备,计算机设备,L,20170920,3297,9.03,7.16,-1.513,11.688,False,True,True,0,0,0,0,True,
603107.SH,603107,603107,上海汽配,主板,沪市,主板,801880.SI,汽车,801093.SI,汽车零部件,汽车零部件,L,20231101,1064,2.91,12.23,0.908,7.5,False,True,True,0,0,0,0,True,
603108.SH,603108,603108,润达医疗,主板,沪市,主板,801150.SI,医药生物,801154.SI,医药商业,医药商业,L,20150527,4144,11.35,9.97,-1.091,8.0,False,True,True,0,0,0,0,True,
603109.SH,603109,603109,神驰机电,主板,沪市,主板,801880.SI,汽车,801093.SI,汽车零部件,汽车零部件,L,20191231,2465,6.75,17.37,-0.629,27.586,False,True,True,0,0,0,0,True,
603110.SH,603110,603110,东方材料,主板,沪市,主板,801030.SI,基础化工,801034.SI,化学制品,化学制品,L,20171013,3274,8.96,24.13,-4.17,6.426,False,True,True,0,0,0,0,True,
603111.SH,603111,603111,康尼机电,主板,沪市,主板,801890.SI,机械设备,801076.SI,轨交设备Ⅱ,轨交设备Ⅱ,L,20140801,4443,12.16,6.13,-0.325,13.333,False,True,True,0,0,0,0,True,
603112.SH,603112,603112,华翔股份,主板,沪市,主板,801110.SI,家用电器,801116.SI,家电零部件Ⅱ,家电零部件Ⅱ,L,20200917,2204,6.03,16.55,-0.72,10.18,False,True,True,0,0,0,0,True,
603113.SH,603113,603113,金能科技,主板,沪市,主板,801030.SI,基础化工,801033.SI,化学原料,化学原料,L,20170511,3429,9.39,4.94,1.437,19.231,False,True,True,0,0,0,0,True,
603115.SH,603115,603115,海星股份,主板,沪市,主板,801050.SI,有色金属,801055.SI,工业金属,工业金属,L,20190809,2609,7.14,70.06,-1.643,22.059,False,True,True,0,0,0,0,True,
603116.SH,603116,603116,红蜻蜓,主板,沪市,主板,801130.SI,纺织服饰,801132.SI,服装家纺,服装家纺,L,20150629,4111,11.26,7.28,-6.905,25.0,False,True,True,0,0,0,0,True,
603117.SH,603117,603117,万林物流,主板,沪市,主板,801170.SI,交通运输,801178.SI,物流,物流,L,20150629,4111,11.26,3.97,-1.244,21.053,False,True,True,0,0,0,0,True,
603118.SH,603118,603118,共进股份,主板,沪市,主板,801770.SI,通信,801102.SI,通信设备,通信设备,L,20150225,4235,11.59,15.72,-3.558,12.644,False,True,True,0,0,0,0,True,
603119.SH,603119,603119,浙江荣泰,主板,沪市,主板,801880.SI,汽车,801093.SI,汽车零部件,汽车零部件,L,20230801,1156,3.16,52.6,0.651,14.583,False,True,True,0,0,0,0,True,
603120.SH,603120,603120,肯特催化,主板,沪市,主板,801030.SI,基础化工,801034.SI,化学制品,化学制品,L,20250416,532,1.46,56.05,-2.944,9.03,False,True,True,0,0,0,0,False,上市时间不足
603121.SH,603121,603121,华培动力,主板,沪市,主板,801880.SI,汽车,801093.SI,汽车零部件,汽车零部件,L,20190111,2819,7.72,12.29,-2.305,14.063,False,True,True,0,0,0,0,True,
603122.SH,603122,603122,合富中国,主板,沪市,主板,801150.SI,医药生物,801154.SI,医药商业,医药商业,L,20220216,1687,4.62,13.86,-1.141,7.042,False,True,True,0,0,0,0,True,
603123.SH,603123,603123,翠微股份,主板,沪市,主板,801200.SI,商贸零售,801203.SI,一般零售,一般零售,L,20120503,5263,14.41,9.49,2.928,18.367,False,True,True,0,0,0,0,True,
603124.SH,603124,603124,江南新材,主板,沪市,主板,801050.SI,有色金属,801051.SI,金属新材料,金属新材料,L,20250320,559,1.53,119.85,-0.291,11.927,False,True,True,0,0,0,0,False,上市时间不足
603125.SH,603125,603125,常青科技,主板,沪市,主板,801030.SI,基础化工,801034.SI,化学制品,化学制品,L,20230410,1269,3.47,20.94,0.819,37.872,False,True,True,0,0,0,0,True,
603126.SH,603126,603126,中材节能,主板,沪市,主板,801970.SI,环保,801972.SI,环保设备Ⅱ,环保设备Ⅱ,L,20140731,4444,12.17,6.31,0.159,23.81,False,True,True,0,0,0,0,True,
603127.SH,603127,603127,昭衍新药,主板,沪市,主板,801150.SI,医药生物,801156.SI,医疗服务,医疗服务,L,20170825,3323,9.1,49.3,9.995,9.804,False,True,True,0,0,0,0,True,
603128.SH,603128,603128,华贸物流,主板,沪市,主板,801170.SI,交通运输,801178.SI,物流,物流,L,20120529,5237,14.34,5.37,0.562,9.259,False,True,True,0,0,0,0,True,
603129.SH,603129,603129,春风动力,主板,沪市,主板,801880.SI,汽车,801881.SI,摩托车及其他,摩托车及其他,L,20170818,3330,9.12,287.06,1.077,17.6,False,True,True,0,0,0,0,True,
603130.SH,603130,603130,云中马,主板,沪市,主板,801130.SI,纺织服饰,801131.SI,纺织制造,纺织制造,L,20221118,1412,3.87,39.63,2.509,18.0,False,True,True,0,0,0,0,True,
603131.SH,603131,603131,上海沪工,主板,沪市,主板,801890.SI,机械设备,801072.SI,通用设备,通用设备,L,20160607,3767,10.31,13.57,-0.877,12.766,False,True,True,0,0,0,0,True,
603132.SH,603132,603132,金徽股份,主板,沪市,主板,801050.SI,有色金属,801055.SI,工业金属,工业金属,L,20220222,1681,4.6,18.33,-0.489,22.283,False,True,True,0,0,0,0,True,
603135.SH,603135,603135,中重科技,主板,沪市,主板,801890.SI,机械设备,801074.SI,专用设备,专用设备,L,20230410,1269,3.47,8.53,-0.699,47.253,False,True,True,0,0,0,0,True,
603136.SH,603136,603136,天目湖,主板,沪市,主板,801210.SI,社会服务,801993.SI,旅游及景区,旅游及景区,L,20170927,3290,9.01,9.04,-0.55,12.088,False,True,True,0,0,0,0,True,
603137.SH,603137,603137,恒尚节能,主板,沪市,主板,801720.SI,建筑装饰,801722.SI,装修装饰Ⅱ,装修装饰Ⅱ,L,20230419,1260,3.45,17.78,-1.112,12.637,False,True,True,0,0,0,11,True,
603138.SH,603138,603138,海量数据,主板,沪市,主板,801750.SI,计算机,801103.SI,IT服务Ⅱ,IT服务Ⅱ,L,20170306,3495,9.57,13.82,-8.477,8.725,False,True,True,0,0,0,0,True,
603139.SH,603139,603139,康惠股份,主板,沪市,主板,801150.SI,医药生物,801155.SI,中药Ⅱ,中药Ⅱ,L,20170421,3449,9.44,34.18,-2.175,13.83,False,True,True,0,0,0,0,True,
603150.SH,603150,603150,万朗磁塑,主板,沪市,主板,801030.SI,基础化工,801036.SI,塑料,塑料,L,20220124,1710,4.68,66.4,-3.051,23.392,False,True,True,0,0,0,0,True,
603151.SH,603151,603151,邦基科技,主板,沪市,主板,801010.SI,农林牧渔,801014.SI,饲料,饲料,L,20221019,1442,3.95,17.72,-2.315,19.101,False,True,True,0,0,0,0,True,
603153.SH,603153,603153,上海建科,主板,沪市,主板,801720.SI,建筑装饰,801726.SI,工程咨询服务Ⅱ,工程咨询服务Ⅱ,L,20230313,1297,3.55,13.68,1.484,10.853,False,True,True,0,0,0,0,True,
603155.SH,603155,603155,新亚强,主板,沪市,主板,801030.SI,基础化工,801034.SI,化学制品,化学制品,L,20200901,2220,6.08,14.46,-2.165,12.245,False,True,True,0,0,0,0,True,
603156.SH,603156,603156,养元饮品,主板,沪市,主板,801120.SI,食品饮料,801127.SI,饮料乳品,饮料乳品,L,20180212,3152,8.63,43.63,-0.728,28.829,False,True,True,0,0,0,0,True,
603158.SH,603158,603158,腾龙股份,主板,沪市,主板,801880.SI,汽车,801093.SI,汽车零部件,汽车零部件,L,20150320,4212,11.53,10.22,-0.68,9.434,False,True,True,0,0,0,0,True,
603159.SH,603159,603159,上海亚虹,主板,沪市,主板,801890.SI,机械设备,801074.SI,专用设备,专用设备,L,20160812,3701,10.13,22.38,-2.356,12.281,False,True,True,6,6,6,12,False,近60日停牌
603160.SH,603160,603160,汇顶科技,主板,沪市,主板,801080.SI,电子,801081.SI,半导体,半导体,L,20161017,3635,9.95,53.19,-1.609,25.0,False,True,True,0,0,0,0,True,
603161.SH,603161,603161,科华控股,主板,沪市,主板,801880.SI,汽车,801093.SI,汽车零部件,汽车零部件,L,20180105,3190,8.73,14.38,-0.828,16.149,False,True,True,0,0,0,0,True,
603162.SH,603162,603162,海通发展,主板,沪市,主板,801170.SI,交通运输,801992.SI,航运港口,航运港口,L,20230329,1281,3.51,13.04,2.516,7.353,False,True,True,0,0,0,0,True,
603163.SH,603163,603163,圣晖集成,主板,沪市,主板,801720.SI,建筑装饰,801724.SI,专业工程,专业工程,L,20221013,1448,3.96,73.92,-2.557,11.29,False,True,True,0,0,0,0,True,
603165.SH,603165,603165,荣晟环保,主板,沪市,主板,801140.SI,轻工制造,801143.SI,造纸,造纸,L,20170117,3543,9.7,13.34,0.984,9.63,False,True,True,0,0,0,0,True,
603166.SH,603166,603166,福达股份,主板,沪市,主板,801880.SI,汽车,801093.SI,汽车零部件,汽车零部件,L,20141127,4325,11.84,10.61,-0.748,16.364,False,True,True,0,0,0,0,True,
603167.SH,603167,603167,渤海轮渡,主板,沪市,主板,801170.SI,交通运输,801992.SI,航运港口,航运港口,L,20120906,5137,14.06,7.99,0.125,8.235,False,True,True,0,0,0,0,True,
603168.SH,603168,603168,莎普爱思,主板,沪市,主板,801150.SI,医药生物,801151.SI,化学制药,化学制药,L,20140702,4473,12.25,6.04,0.0,15.789,False,True,True,0,0,0,0,True,
603169.SH,603169,603169,兰石重装,主板,沪市,主板,801890.SI,机械设备,801074.SI,专用设备,专用设备,L,20141009,4374,11.98,5.93,1.022,30.303,False,True,True,0,0,0,0,True,
603170.SH,603170,603170,宝立食品,主板,沪市,主板,801120.SI,食品饮料,801129.SI,调味发酵品Ⅱ,调味发酵品Ⅱ,L,20220715,1538,4.21,13.68,1.109,14.286,False,True,True,0,0,0,0,True,
603171.SH,603171,603171,税友股份,主板,沪市,主板,801750.SI,计算机,801103.SI,IT服务Ⅱ,IT服务Ⅱ,L,20210630,1918,5.25,38.97,-2.282,20.37,False,True,True,0,0,0,0,True,
603172.SH,603172,603172,万丰股份,主板,沪市,主板,801030.SI,基础化工,801034.SI,化学制品,化学制品,L,20230510,1239,3.39,19.98,0.858,21.505,False,True,True,0,0,0,0,True,
603173.SH,603173,603173,福斯达,主板,沪市,主板,801890.SI,机械设备,801074.SI,专用设备,专用设备,L,20230130,1339,3.67,29.9,3.892,27.711,False,True,True,0,0,0,0,True,
603175.SH,603175,603175,超颖电子,主板,沪市,主板,801080.SI,电子,801083.SI,元件,元件,L,20251024,341,0.93,104.45,-4.786,8.759,False,True,True,0,0,0,0,False,上市时间不足
603176.SH,603176,603176,汇通集团,主板,沪市,主板,801720.SI,建筑装饰,801723.SI,基础建设,基础建设,L,20211231,1734,4.75,5.24,-0.758,23.077,False,True,True,0,0,0,0,True,
603177.SH,603177,603177,德创环保,主板,沪市,主板,801970.SI,环保,801971.SI,环境治理,环境治理,L,20170207,3522,9.64,11.01,0.182,9.259,False,True,True,0,0,0,0,True,
603178.SH,603178,603178,圣龙股份,主板,沪市,主板,801880.SI,汽车,801093.SI,汽车零部件,汽车零部件,L,20170328,3473,9.51,16.12,-1.827,12.195,False,True,True,0,0,0,0,True,
603179.SH,603179,603179,新泉股份,主板,沪市,主板,801880.SI,汽车,801093.SI,汽车零部件,汽车零部件,L,20170317,3484,9.54,40.48,0.646,9.901,False,True,True,0,0,0,0,True,
603180.SH,603180,603180,金牌家居,主板,沪市,主板,801140.SI,轻工制造,801142.SI,家居用品,家居用品,L,20170512,3428,9.39,15.89,0.379,23.684,False,True,True,0,0,0,0,True,
603181.SH,603181,603181,皇马科技,主板,沪市,主板,801030.SI,基础化工,801034.SI,化学制品,化学制品,L,20170824,3324,9.1,12.27,0.656,27.481,False,True,True,0,0,0,0,True,
603182.SH,603182,603182,嘉华股份,主板,沪市,主板,801010.SI,农林牧渔,801012.SI,农产品加工,农产品加工,L,20220909,1482,4.06,13.69,0.367,15.909,False,True,True,0,0,0,0,True,
603183.SH,603183,603183,建研院,主板,沪市,主板,801210.SI,社会服务,801218.SI,专业服务,专业服务,L,20170905,3312,9.07,,,,False,True,False,1,1,1,1,False,近60日停牌、无最新行情
603185.SH,603185,603185,弘元绿能,主板,沪市,主板,801730.SI,电力设备,801735.SI,光伏设备,光伏设备,L,20181228,2833,7.76,15.15,10.022,33.333,False,True,True,0,0,0,0,True,
603186.SH,603186,603186,华正新材,主板,沪市,主板,801080.SI,电子,801083.SI,元件,元件,L,20170103,3557,9.74,212.66,0.311,12.5,False,True,True,0,0,0,0,True,
603187.SH,603187,603187,海容冷链,主板,沪市,主板,801890.SI,机械设备,801072.SI,通用设备,通用设备,L,20181129,2862,7.84,10.7,0.658,14.286,False,True,True,0,0,0,0,True,
603188.SH,603188,603188,亚邦股份,主板,沪市,主板,801030.SI,基础化工,801034.SI,化学制品,化学制品,L,20140909,4404,12.06,5.4,9.98,8.333,False,True,True,0,0,0,0,True,
603189.SH,603189,603189,*ST网达,主板,沪市,主板,801750.SI,计算机,801104.SI,软件开发,软件开发,L,20160914,3668,10.04,9.27,-1.383,14.894,True,True,True,0,0,0,0,False,ST
603190.SH,603190,603190,亚通精工,主板,沪市,主板,801880.SI,汽车,801093.SI,汽车零部件,汽车零部件,L,20230217,1321,3.62,16.29,-0.549,9.202,False,True,True,0,0,0,0,True,
603191.SH,603191,603191,望变电气,主板,沪市,主板,801730.SI,电力设备,801738.SI,电网设备,电网设备,L,20220428,1616,4.42,13.12,0.0,16.667,False,True,True,0,0,0,0,True,
603192.SH,603192,603192,汇得科技,主板,沪市,主板,801030.SI,基础化工,801034.SI,化学制品,化学制品,L,20180828,2955,8.09,19.93,0.403,10.294,False,True,True,0,0,0,0,True,
603193.SH,603193,603193,润本股份,主板,沪市,主板,801980.SI,美容护理,801981.SI,个护用品,个护用品,L,20231017,1079,2.95,20.25,1.25,8.824,False,True,True,0,0,0,0,True,
603194.SH,603194,603194,中力股份,主板,沪市,主板,801890.SI,机械设备,801077.SI,工程机械,工程机械,L,20241224,645,1.77,33.03,0.793,9.357,False,True,True,0,0,0,0,False,上市时间不足
603195.SH,603195,603195,公牛集团,主板,沪市,主板,801140.SI,轻工制造,801142.SI,家居用品,家居用品,L,20200206,2428,6.65,38.71,1.654,22.059,False,True,True,0,0,0,0,True,
603196.SH,603196,603196,璞源材料,主板,沪市,主板,801130.SI,纺织服饰,801132.SI,服装家纺,服装家纺,L,20170531,3409,9.33,17.82,-0.112,37.864,False,True,True,0,0,0,0,True,
603197.SH,603197,603197,保隆科技,主板,沪市,主板,801880.SI,汽车,801093.SI,汽车零部件,汽车零部件,L,20170519,3421,9.37,29.1,0.553,6.122,False,True,True,0,0,0,0,True,
603198.SH,603198,603198,迎驾贡酒,主板,沪市,主板,801120.SI,食品饮料,801125.SI,白酒Ⅱ,白酒Ⅱ,L,20150528,4143,11.34,38.72,3.391,18.519,False,True,True,0,0,0,0,True,
603199.SH,603199,603199,九华旅游,主板,沪市,主板,801210.SI,社会服务,801993.SI,旅游及景区,旅游及景区,L,20150326,4206,11.52,31.97,-0.156,7.229,False,True,True,0,0,0,0,True,
603200.SH,603200,603200,上海洗霸,主板,沪市,主板,801970.SI,环保,801971.SI,环境治理,环境治理,L,20170601,3408,9.33,44.74,10.007,11.765,False,True,True,0,0,0,0,True,
603201.SH,603201,603201,常润股份,主板,沪市,主板,801880.SI,汽车,801093.SI,汽车零部件,汽车零部件,L,20220729,1524,4.17,15.26,0.197,11.538,False,True,True,0,0,0,0,True,
603202.SH,603202,603202,天有为,主板,沪市,主板,801880.SI,汽车,801093.SI,汽车零部件,汽车零部件,L,20250424,524,1.43,51.3,0.509,5.405,False,True,True,0,0,0,0,False,上市时间不足
603203.SH,603203,603203,快克智能,主板,沪市,主板,801890.SI,机械设备,801078.SI,自动化设备,自动化设备,L,20161108,3613,9.89,41.74,-2.704,12.698,False,True,True,0,0,0,0,True,
603205.SH,603205,603205,健尔康,主板,沪市,主板,801150.SI,医药生物,801153.SI,医疗器械,医疗器械,L,20241107,692,1.89,21.74,0.882,5.882,False,True,True,0,0,0,0,False,上市时间不足
603206.SH,603206,603206,嘉环科技,主板,沪市,主板,801770.SI,通信,801223.SI,通信服务,通信服务,L,20220506,1608,4.4,13.54,-1.884,13.043,False,True,True,0,0,0,0,True,
603207.SH,603207,603207,小方制药,主板,沪市,主板,801150.SI,医药生物,801151.SI,化学制药,化学制药,L,20240826,765,2.09,24.46,1.326,5.285,False,True,True,0,0,0,0,True,
603208.SH,603208,603208,江山欧派,主板,沪市,主板,801140.SI,轻工制造,801142.SI,家居用品,家居用品,L,20170210,3519,9.63,11.5,0.612,14.286,False,True,True,0,0,0,0,True,
603209.SH,603209,603209,兴通股份,主板,沪市,主板,801170.SI,交通运输,801992.SI,航运港口,航运港口,L,20220324,1651,4.52,14.8,2.139,9.028,False,True,True,0,0,0,0,True,
603210.SH,603210,603210,泰鸿万立,主板,沪市,主板,801880.SI,汽车,801093.SI,汽车零部件,汽车零部件,L,20250409,539,1.48,13.23,-1.121,6.618,False,True,True,0,0,0,0,False,上市时间不足
603211.SH,603211,603211,晋拓股份,主板,沪市,主板,801880.SI,汽车,801093.SI,汽车零部件,汽车零部件,L,20220725,1528,4.18,18.71,-1.526,33.333,False,True,True,0,0,0,0,True,
603212.SH,603212,603212,赛伍技术,主板,沪市,主板,801730.SI,电力设备,801735.SI,光伏设备,光伏设备,L,20200430,2344,6.42,11.46,-1.715,9.565,False,True,True,0,0,0,0,True,
603213.SH,603213,603213,镇洋发展,主板,沪市,主板,801030.SI,基础化工,801033.SI,化学原料,化学原料,L,20211111,1784,4.88,13.87,0.873,7.246,False,True,True,0,0,0,0,True,
603214.SH,603214,603214,爱婴室,主板,沪市,主板,801200.SI,商贸零售,801204.SI,专业连锁Ⅱ,专业连锁Ⅱ,L,20180330,3106,8.5,13.86,0.072,6.667,False,True,True,0,0,0,0,True,
603215.SH,603215,603215,比依股份,主板,沪市,主板,801110.SI,家用电器,801113.SI,小家电,小家电,L,20220218,1685,4.61,15.63,2.358,20.805,False,True,True,0,0,0,0,True,
603216.SH,603216,603216,梦天家居,主板,沪市,主板,801140.SI,轻工制造,801142.SI,家居用品,家居用品,L,20211215,1750,4.79,21.38,-1.475,13.333,False,True,True,0,0,0,0,True,
603217.SH,603217,603217,元利科技,主板,沪市,主板,801030.SI,基础化工,801034.SI,化学制品,化学制品,L,20190620,2659,7.28,27.07,2.305,20.879,False,True,True,0,0,0,0,True,
603218.SH,603218,603218,日月股份,主板,沪市,主板,801730.SI,电力设备,801736.SI,风电设备,风电设备,L,20161228,3563,9.75,9.56,0.632,37.5,False,True,True,0,0,0,0,True,
603219.SH,603219,603219,富佳股份,主板,沪市,主板,801110.SI,家用电器,801113.SI,小家电,小家电,L,20211122,1773,4.85,12.6,-1.793,33.333,False,True,True,0,0,0,0,True,
603220.SH,603220,603220,中贝通信,主板,沪市,主板,801770.SI,通信,801223.SI,通信服务,通信服务,L,20181115,2876,7.87,16.71,-2.109,8.197,False,True,True,0,0,0,0,True,
603221.SH,603221,603221,爱丽家居,主板,沪市,主板,801140.SI,轻工制造,801142.SI,家居用品,家居用品,L,20200323,2382,6.52,25.1,-1.298,21.854,False,True,True,0,8,10,10,False,近60日停牌
603222.SH,603222,603222,济民健康,主板,沪市,主板,801150.SI,医药生物,801153.SI,医疗器械,医疗器械,L,20150217,4243,11.62,8.07,1.894,9.756,False,True,True,0,0,0,0,True,
603223.SH,603223,603223,恒通股份,主板,沪市,主板,801960.SI,石油石化,801963.SI,炼化及贸易,炼化及贸易,L,20150630,4110,11.25,9.39,0.0,22.33,False,True,True,0,0,0,0,True,
603225.SH,603225,603225,新凤鸣,主板,沪市,主板,801030.SI,基础化工,801032.SI,化学纤维,化学纤维,L,20170418,3452,9.45,16.72,0.42,19.786,False,True,True,0,0,0,0,True,
603226.SH,603226,603226,菲林格尔,主板,沪市,主板,801140.SI,轻工制造,801142.SI,家居用品,家居用品,L,20170615,3394,9.29,28.26,-4.106,51.613,False,True,True,0,0,0,0,True,
603227.SH,603227,603227,雪峰科技,主板,沪市,主板,801030.SI,基础化工,801034.SI,化学制品,化学制品,L,20150515,4156,11.38,7.42,0.952,20.779,False,True,True,0,0,0,0,True,
603228.SH,603228,603228,景旺电子,主板,沪市,主板,801080.SI,电子,801083.SI,元件,元件,L,20170106,3554,9.73,101.21,0.676,12.605,False,True,True,0,0,0,0,True,
603229.SH,603229,603229,奥翔药业,主板,沪市,主板,801150.SI,医药生物,801151.SI,化学制药,化学制药,L,20170509,3431,9.39,8.26,1.474,22.222,False,True,True,0,0,0,0,True,
603230.SH,603230,603230,内蒙新华,主板,沪市,主板,801760.SI,传媒,801769.SI,出版,出版,L,20211224,1741,4.77,14.01,-8.491,19.355,False,True,True,0,0,0,0,True,
603231.SH,603231,603231,索宝蛋白,主板,沪市,主板,801010.SI,农林牧渔,801012.SI,农产品加工,农产品加工,L,20231215,1020,2.79,17.26,-0.231,10.303,False,True,True,0,0,0,0,True,
603232.SH,603232,603232,格尔软件,主板,沪市,主板,801750.SI,计算机,801104.SI,软件开发,软件开发,L,20170421,3449,9.44,16.13,-3.355,6.173,False,True,True,0,0,0,0,True,
603233.SH,603233,603233,大参林,主板,沪市,主板,801150.SI,医药生物,801154.SI,医药商业,医药商业,L,20170731,3348,9.17,18.2,2.075,13.889,False,True,True,0,0,0,0,True,
603235.SH,603235,603235,天新药业,主板,沪市,主板,801030.SI,基础化工,801034.SI,化学制品,化学制品,L,20220712,1541,4.22,25.96,3.262,12.5,False,True,True,0,0,0,0,True,
603236.SH,603236,603236,移远通信,主板,沪市,主板,801770.SI,通信,801102.SI,通信设备,通信设备,L,20190716,2633,7.21,71.35,1.494,20.0,False,True,True,0,0,0,0,True,
603237.SH,603237,603237,五芳斋,主板,沪市,主板,801120.SI,食品饮料,801124.SI,食品加工,食品加工,L,20220831,1491,4.08,15.2,0.33,20.53,False,True,True,0,0,0,0,True,
603238.SH,603238,603238,诺邦股份,主板,沪市,主板,801130.SI,纺织服饰,801131.SI,纺织制造,纺织制造,L,20170222,3507,9.6,12.86,1.18,10.0,False,True,True,0,0,0,0,True,
603239.SH,603239,603239,浙江仙通,主板,沪市,主板,801880.SI,汽车,801093.SI,汽车零部件,汽车零部件,L,20161230,3561,9.75,13.75,0.292,18.31,False,True,True,0,0,0,0,True,
603248.SH,603248,603248,锡华科技,主板,沪市,主板,801730.SI,电力设备,801736.SI,风电设备,风电设备,L,20251223,281,0.77,20.43,-4.13,7.512,False,True,True,0,0,0,0,False,上市时间不足
603255.SH,603255,603255,鼎际得,主板,沪市,主板,801030.SI,基础化工,801034.SI,化学制品,化学制品,L,20220818,1504,4.12,30.88,0.195,12.5,False,True,True,0,0,0,0,True,
603256.SH,603256,603256,宏和科技,主板,沪市,主板,801710.SI,建筑材料,801712.SI,玻璃玻纤,玻璃玻纤,L,20190719,2630,7.2,130.7,-6.005,19.767,False,True,True,0,0,0,0,True,
603257.SH,603257,603257,中国瑞林,主板,沪市,主板,801720.SI,建筑装饰,801726.SI,工程咨询服务Ⅱ,工程咨询服务Ⅱ,L,20250408,540,1.48,64.2,-0.311,9.249,False,True,True,0,0,0,0,False,上市时间不足
603258.SH,603258,603258,电魂网络,主板,沪市,主板,801760.SI,传媒,801764.SI,游戏Ⅱ,游戏Ⅱ,L,20161026,3626,9.93,14.03,-1.128,13.636,False,True,True,0,0,0,0,True,
603259.SH,603259,603259,药明康德,主板,沪市,主板,801150.SI,医药生物,801156.SI,医疗服务,医疗服务,L,20180508,3067,8.4,167.34,4.158,9.346,False,True,True,0,0,0,0,True,
603260.SH,603260,603260,合盛硅业,主板,沪市,主板,801030.SI,基础化工,801034.SI,化学制品,化学制品,L,20171030,3257,8.92,31.55,1.741,44.444,False,True,True,0,0,0,0,True,
603261.SH,603261,603261,立航科技,主板,沪市,主板,801740.SI,国防军工,801742.SI,航空装备Ⅱ,航空装备Ⅱ,L,20220315,1660,4.54,47.33,-4.345,16.541,False,True,True,0,0,0,2,True,
603262.SH,603262,603262,技源集团,主板,沪市,主板,801120.SI,食品饮料,801124.SI,食品加工,食品加工,L,20250723,434,1.19,17.06,-0.409,9.497,False,True,True,0,0,0,0,False,上市时间不足
603266.SH,603266,603266,天龙股份,主板,沪市,主板,801880.SI,汽车,801093.SI,汽车零部件,汽车零部件,L,20170110,3550,9.72,19.57,1.452,15.909,False,True,True,0,0,0,0,True,
603267.SH,603267,603267,鸿远电子,主板,沪市,主板,801740.SI,国防军工,801745.SI,军工电子Ⅱ,军工电子Ⅱ,L,20190515,2695,7.38,46.15,-2.245,10.256,False,True,True,0,0,0,0,True,
603268.SH,603268,603268,松发股份,主板,沪市,主板,801740.SI,国防军工,801744.SI,航海装备Ⅱ,航海装备Ⅱ,L,20150319,4213,11.53,213.66,-0.168,12.849,False,True,True,0,0,0,0,True,
603269.SH,603269,603269,海鸥股份,主板,沪市,主板,801890.SI,机械设备,801072.SI,通用设备,通用设备,L,20170517,3423,9.37,23.16,-1.194,12.5,False,True,True,0,0,0,0,True,
603270.SH,603270,603270,金帝股份,主板,沪市,主板,801890.SI,机械设备,801072.SI,通用设备,通用设备,L,20230901,1125,3.08,31.15,-2.259,14.0,False,True,True,0,0,0,0,True,
603271.SH,603271,603271,永杰新材,主板,沪市,主板,801050.SI,有色金属,801055.SI,工业金属,工业金属,L,20250311,568,1.56,38.42,0.444,11.848,False,True,True,0,0,0,0,False,上市时间不足
603272.SH,603272,603272,*ST联翔,主板,沪市,主板,801140.SI,轻工制造,801142.SI,家居用品,家居用品,L,20220520,1594,4.36,15.0,-4.641,14.634,True,True,True,0,0,0,0,False,ST
603273.SH,603273,603273,天元智能,主板,沪市,主板,801890.SI,机械设备,801077.SI,工程机械,工程机械,L,20231023,1073,2.94,14.52,-1.224,4.795,False,True,True,0,0,0,0,True,
603275.SH,603275,603275,众辰科技,主板,沪市,主板,801890.SI,机械设备,801078.SI,自动化设备,自动化设备,L,20230823,1134,3.1,36.67,-0.892,6.557,False,True,True,0,0,0,0,True,
603276.SH,603276,603276,恒兴新材,主板,沪市,主板,801030.SI,基础化工,801034.SI,化学制品,化学制品,L,20230925,1101,3.01,17.5,-0.455,10.795,False,True,True,0,0,0,0,True,
603277.SH,603277,603277,银都股份,主板,沪市,主板,801890.SI,机械设备,801072.SI,通用设备,通用设备,L,20170911,3306,9.05,11.31,0.982,45.902,False,True,True,0,0,0,0,True,
603278.SH,603278,603278,大业股份,主板,沪市,主板,801890.SI,机械设备,801072.SI,通用设备,通用设备,L,20171113,3243,8.88,10.27,-2.746,15.238,False,True,True,0,0,0,0,True,
603279.SH,603279,603279,景津装备,主板,沪市,主板,801890.SI,机械设备,801072.SI,通用设备,通用设备,L,20190729,2620,7.17,10.94,2.147,20.69,False,True,True,0,0,0,0,True,
603280.SH,603280,603280,南方路机,主板,沪市,主板,801890.SI,机械设备,801077.SI,工程机械,工程机械,L,20221108,1422,3.89,27.51,1.14,8.955,False,True,True,0,0,0,0,True,
603281.SH,603281,603281,江瀚新材,主板,沪市,主板,801030.SI,基础化工,801034.SI,化学制品,化学制品,L,20230131,1338,3.66,18.02,-0.552,36.232,False,True,True,0,0,0,0,True,
603282.SH,603282,603282,亚光股份,主板,沪市,主板,801970.SI,环保,801972.SI,环保设备Ⅱ,环保设备Ⅱ,L,20230315,1295,3.55,17.08,-1.386,18.519,False,True,True,0,0,0,0,True,
603283.SH,603283,603283,赛腾股份,主板,沪市,主板,801890.SI,机械设备,801078.SI,自动化设备,自动化设备,L,20171225,3201,8.76,41.82,-2.608,7.576,False,True,True,0,0,0,0,True,
603284.SH,603284,603284,林平发展,主板,沪市,主板,801140.SI,轻工制造,801143.SI,造纸,造纸,L,20260210,232,0.64,40.49,-0.123,3.65,False,True,True,0,0,0,0,False,上市时间不足
603285.SH,603285,603285,键邦股份,主板,沪市,主板,801030.SI,基础化工,801034.SI,化学制品,化学制品,L,20240705,817,2.24,37.0,0.762,6.349,False,True,True,0,0,0,0,True,
603286.SH,603286,603286,日盈电子,主板,沪市,主板,801880.SI,汽车,801093.SI,汽车零部件,汽车零部件,L,20170627,3382,9.26,45.62,1.899,10.667,False,True,True,0,0,0,0,True,
603288.SH,603288,603288,海天味业,主板,沪市,主板,801120.SI,食品饮料,801129.SI,调味发酵品Ⅱ,调味发酵品Ⅱ,L,20140211,4614,12.63,33.17,0.79,106.061,False,True,True,0,0,0,0,True,
603289.SH,603289,603289,泰瑞机器,主板,沪市,主板,801890.SI,机械设备,801074.SI,专用设备,专用设备,L,20171031,3256,8.91,11.04,-2.817,23.077,False,True,True,0,0,0,0,True,
603290.SH,603290,603290,斯达半导,主板,沪市,主板,801080.SI,电子,801081.SI,半导体,半导体,L,20200204,2430,6.65,81.21,-2.626,15.385,False,True,True,0,0,0,0,True,
603291.SH,603291,603291,联合水务,主板,沪市,主板,801970.SI,环保,801971.SI,环境治理,环境治理,L,20230327,1283,3.51,8.53,-0.814,17.045,False,True,True,0,0,0,0,True,
603293.SH,603293,603293,埃泰克,主板,沪市,主板,801880.SI,汽车,801093.SI,汽车零部件,汽车零部件,L,20260416,167,0.46,35.17,-1.236,7.568,False,True,True,0,0,0,0,False,上市时间不足
603296.SH,603296,603296,华勤技术,主板,沪市,主板,801080.SI,电子,801085.SI,消费电子,消费电子,L,20230808,1149,3.15,74.49,-1.141,8.046,False,True,True,0,0,0,0,True,
603297.SH,603297,603297,永新光学,主板,沪市,主板,801080.SI,电子,801084.SI,光学光电子,光学光电子,L,20180910,2942,8.05,106.92,-0.438,20.482,False,True,True,0,0,0,0,True,
603298.SH,603298,603298,杭叉集团,主板,沪市,主板,801890.SI,机械设备,801077.SI,工程机械,工程机械,L,20161227,3564,9.76,21.87,-0.183,15.116,False,True,True,0,0,0,0,True,
603299.SH,603299,603299,苏盐井神,主板,沪市,主板,801030.SI,基础化工,801033.SI,化学原料,化学原料,L,20151231,3926,10.75,8.69,0.812,22.581,False,True,True,0,0,0,0,True,
603300.SH,603300,603300,海南华铁,主板,沪市,主板,801790.SI,非银金融,801191.SI,多元金融,多元金融,L,20150529,4142,11.34,4.51,-0.442,8.333,False,True,True,0,0,0,0,True,
603301.SH,603301,603301,振德医疗,主板,沪市,主板,801150.SI,医药生物,801153.SI,医疗器械,医疗器械,L,20180412,3093,8.47,75.17,-0.831,11.702,False,True,True,0,0,0,0,True,
603303.SH,603303,603303,得邦照明,主板,沪市,主板,801110.SI,家用电器,801115.SI,照明设备Ⅱ,照明设备Ⅱ,L,20170330,3471,9.5,27.63,-1.638,42.857,False,True,True,0,0,0,0,True,
603305.SH,603305,603305,旭升集团,主板,沪市,主板,801880.SI,汽车,801093.SI,汽车零部件,汽车零部件,L,20170710,3369,9.22,11.2,0.81,13.514,False,True,True,0,0,0,0,True,
603306.SH,603306,603306,华懋科技,主板,沪市,主板,801880.SI,汽车,801093.SI,汽车零部件,汽车零部件,L,20140926,4387,12.01,71.36,-0.71,13.542,False,True,True,0,0,0,0,True,
603307.SH,603307,603307,扬州金泉,主板,沪市,主板,801130.SI,纺织服饰,801132.SI,服装家纺,服装家纺,L,20230216,1322,3.62,25.49,-0.507,15.726,False,True,True,0,0,0,0,True,
603308.SH,603308,603308,应流股份,主板,沪市,主板,801890.SI,机械设备,801072.SI,通用设备,通用设备,L,20140122,4634,12.69,35.64,-3.126,16.981,False,True,True,0,0,0,0,True,
603309.SH,603309,603309,维力医疗,主板,沪市,主板,801150.SI,医药生物,801153.SI,医疗器械,医疗器械,L,20150302,4230,11.58,11.18,0.721,7.895,False,True,True,0,0,0,0,True,
603310.SH,603310,603310,巍华新材,主板,沪市,主板,801030.SI,基础化工,801034.SI,化学制品,化学制品,L,20240814,777,2.13,14.54,0.207,7.483,False,True,True,0,0,0,0,True,
603311.SH,603311,603311,金海高科,主板,沪市,主板,801110.SI,家用电器,801116.SI,家电零部件Ⅱ,家电零部件Ⅱ,L,20150518,4153,11.37,25.62,-0.659,13.846,False,True,True,0,0,0,0,True,
603312.SH,603312,603312,西典新能,主板,沪市,主板,801730.SI,电力设备,801738.SI,电网设备,电网设备,L,20240111,993,2.72,32.9,0.0,7.477,False,True,True,0,0,0,0,True,
603313.SH,603313,603313,梦百合,主板,沪市,主板,801140.SI,轻工制造,801142.SI,家居用品,家居用品,L,20161013,3639,9.96,6.21,0.0,9.091,False,True,True,0,0,0,0,True,
603315.SH,603315,603315,福鞍股份,主板,沪市,主板,801970.SI,环保,801971.SI,环境治理,环境治理,L,20150424,4177,11.44,10.47,-1.69,10.256,False,True,True,0,0,0,0,True,
603316.SH,603316,603316,诚邦股份,主板,沪市,主板,801720.SI,建筑装饰,801723.SI,基础建设,基础建设,L,20170619,3390,9.28,15.2,-4.04,13.253,False,True,True,0,0,0,0,True,
603317.SH,603317,603317,天味食品,主板,沪市,主板,801120.SI,食品饮料,801129.SI,调味发酵品Ⅱ,调味发酵品Ⅱ,L,20190416,2724,7.46,12.55,1.047,14.706,False,True,True,0,0,0,0,True,
603318.SH,603318,603318,水发燃气,主板,沪市,主板,801160.SI,公用事业,801163.SI,燃气Ⅱ,燃气Ⅱ,L,20150424,4177,11.44,8.71,0.694,10.345,False,True,True,0,0,0,0,True,
603319.SH,603319,603319,美湖股份,主板,沪市,主板,801880.SI,汽车,801093.SI,汽车零部件,汽车零部件,L,20161130,3591,9.83,28.0,-1.409,13.514,False,True,True,0,0,0,0,True,
603320.SH,603320,603320,迪贝电气,主板,沪市,主板,801730.SI,电力设备,801731.SI,电机Ⅱ,电机Ⅱ,L,20170502,3438,9.41,18.07,0.278,10.169,False,True,True,0,0,0,0,True,
603321.SH,603321,603321,梅轮电梯,主板,沪市,主板,801890.SI,机械设备,801074.SI,专用设备,专用设备,L,20170915,3302,9.04,7.21,0.98,14.085,False,True,True,0,0,0,0,True,
603322.SH,603322,603322,超讯科技,主板,沪市,主板,801770.SI,通信,801223.SI,通信服务,通信服务,L,20160728,3716,10.17,27.7,-4.811,17.333,False,True,True,0,0,0,0,True,
603323.SH,603323,603323,苏农银行,主板,沪市,主板,801780.SI,银行,801785.SI,农商行Ⅱ,农商行Ⅱ,L,20161129,3592,9.83,4.49,1.354,6.818,False,True,True,0,0,0,0,True,
603324.SH,603324,603324,盛剑科技,主板,沪市,主板,801970.SI,环保,801972.SI,环保设备Ⅱ,环保设备Ⅱ,L,20210407,2002,5.48,24.21,-3.044,10.606,False,True,True,0,0,0,0,True,
603325.SH,603325,603325,博隆技术,主板,沪市,主板,801890.SI,机械设备,801074.SI,专用设备,专用设备,L,20240110,994,2.72,53.46,1.231,7.865,False,True,True,0,0,0,0,True,
603326.SH,603326,603326,我乐家居,主板,沪市,主板,801140.SI,轻工制造,801142.SI,家居用品,家居用品,L,20170616,3393,9.29,7.68,0.655,19.178,False,True,True,0,0,0,0,True,
603327.SH,603327,603327,福蓉科技,主板,沪市,主板,801080.SI,电子,801085.SI,消费电子,消费电子,L,20190523,2687,7.36,8.0,0.0,14.444,False,True,True,0,0,0,0,True,
603328.SH,603328,603328,依顿电子,主板,沪市,主板,801080.SI,电子,801083.SI,元件,元件,L,20140701,4474,12.25,13.83,-4.224,13.139,False,True,True,0,0,0,0,True,
603329.SH,603329,603329,上海雅仕,主板,沪市,主板,801170.SI,交通运输,801178.SI,物流,物流,L,20171229,3197,8.75,10.25,-0.87,7.843,False,True,True,0,0,0,0,True,
603330.SH,603330,603330,天洋新材,主板,沪市,主板,801030.SI,基础化工,801036.SI,塑料,塑料,L,20170213,3516,9.63,9.16,-1.927,9.375,False,True,True,0,0,0,0,True,
603331.SH,603331,603331,百达精工,主板,沪市,主板,801890.SI,机械设备,801072.SI,通用设备,通用设备,L,20170705,3374,9.24,12.38,-0.081,10.938,False,True,True,0,0,0,0,True,
603332.SH,603332,603332,苏州龙杰,主板,沪市,主板,801030.SI,基础化工,801032.SI,化学纤维,化学纤维,L,20190117,2813,7.7,12.01,0.167,13.043,False,True,True,0,0,0,0,True,
603333.SH,603333,603333,福华尚纬,主板,沪市,主板,801730.SI,电力设备,801738.SI,电网设备,电网设备,L,20120507,5259,14.4,8.88,0.339,12.632,False,True,True,0,0,0,0,True,
603334.SH,603334,603334,丰倍生物,主板,沪市,主板,801030.SI,基础化工,801034.SI,化学制品,化学制品,L,20251105,329,0.9,31.8,0.952,4.717,False,True,True,0,0,0,0,False,上市时间不足
603335.SH,603335,603335,迪生力,主板,沪市,主板,801880.SI,汽车,801093.SI,汽车零部件,汽车零部件,L,20170620,3389,9.28,6.03,-2.585,10.938,False,True,True,0,0,0,0,True,
603336.SH,603336,603336,宏辉果蔬,主板,沪市,主板,801010.SI,农林牧渔,801016.SI,种植业,种植业,L,20161124,3597,9.85,9.89,-0.101,13.0,False,True,True,0,0,0,0,True,
603337.SH,603337,603337,杰克科技,主板,沪市,主板,801890.SI,机械设备,801074.SI,专用设备,专用设备,L,20170119,3541,9.69,35.07,-1.1,19.231,False,True,True,0,0,0,0,True,
603338.SH,603338,603338,浙江鼎力,主板,沪市,主板,801890.SI,机械设备,801077.SI,工程机械,工程机械,L,20150325,4207,11.52,53.36,1.522,14.286,False,True,True,0,0,0,0,True,
603339.SH,603339,603339,四方科技,主板,沪市,主板,801890.SI,机械设备,801072.SI,通用设备,通用设备,L,20160519,3786,10.37,12.2,0.246,21.094,False,True,True,0,0,0,0,True,
603341.SH,603341,603341,龙旗科技,主板,沪市,主板,801080.SI,电子,801085.SI,消费电子,消费电子,L,20240301,943,2.58,35.21,-0.593,9.6,False,True,True,0,0,0,0,True,
603344.SH,603344,603344,星德胜,主板,沪市,主板,801730.SI,电力设备,801731.SI,电机Ⅱ,电机Ⅱ,L,20240320,924,2.53,21.97,-1.7,8.621,False,True,True,0,0,0,0,True,
603345.SH,603345,603345,安井食品,主板,沪市,主板,801120.SI,食品饮料,801124.SI,食品加工,食品加工,L,20170222,3507,9.6,79.4,0.443,15.625,False,True,True,0,0,0,0,True,
603348.SH,603348,603348,文灿股份,主板,沪市,主板,801880.SI,汽车,801093.SI,汽车零部件,汽车零部件,L,20180426,3079,8.43,14.6,0.829,16.667,False,True,True,0,0,0,0,True,
603350.SH,603350,603350,安乃达,主板,沪市,主板,801730.SI,电力设备,801731.SI,电机Ⅱ,电机Ⅱ,L,20240703,819,2.24,28.27,-1.361,7.857,False,True,True,0,0,0,0,True,
603351.SH,603351,603351,威尔药业,主板,沪市,主板,801150.SI,医药生物,801151.SI,化学制药,化学制药,L,20190130,2800,7.67,27.46,0.919,9.848,False,True,True,0,0,0,0,True,
603352.SH,603352,603352,至信股份,主板,沪市,主板,801880.SI,汽车,801093.SI,汽车零部件,汽车零部件,L,20260115,258,0.71,24.81,-0.121,8.527,False,True,True,0,0,0,0,False,上市时间不足
603353.SH,603353,603353,和顺石油,主板,沪市,主板,801960.SI,石油石化,801963.SI,炼化及贸易,炼化及贸易,L,20200407,2367,6.48,38.34,-5.45,25.234,False,True,True,0,0,0,0,True,
603355.SH,603355,603355,莱克电气,主板,沪市,主板,801110.SI,家用电器,801113.SI,小家电,小家电,L,20150513,4158,11.38,30.31,-0.362,22.414,False,True,True,0,0,0,0,True,
603356.SH,603356,603356,华菱精工,主板,沪市,主板,801890.SI,机械设备,801074.SI,专用设备,专用设备,L,20180124,3171,8.68,16.51,-0.542,8.333,False,True,True,0,0,0,0,True,
603357.SH,603357,603357,设计总院,主板,沪市,主板,801720.SI,建筑装饰,801726.SI,工程咨询服务Ⅱ,工程咨询服务Ⅱ,L,20170801,3347,9.16,6.01,0.67,34.426,False,True,True,0,0,0,0,True,
603358.SH,603358,603358,华达科技,主板,沪市,主板,801880.SI,汽车,801093.SI,汽车零部件,汽车零部件,L,20170125,3535,9.68,44.4,3.16,14.444,False,True,True,0,0,0,0,True,
603359.SH,603359,603359,*ST东珠,主板,沪市,主板,801720.SI,建筑装饰,801723.SI,基础建设,基础建设,L,20170901,3316,9.08,2.03,-1.932,13.636,True,True,True,0,0,0,0,False,ST
603360.SH,603360,603360,百傲化学,主板,沪市,主板,801030.SI,基础化工,801038.SI,农化制品,农化制品,L,20170206,3523,9.65,12.26,0.574,30.303,False,True,True,0,0,0,0,True,
603363.SH,603363,603363,傲农生物,主板,沪市,主板,801010.SI,农林牧渔,801014.SI,饲料,饲料,L,20170926,3291,9.01,2.81,1.079,13.793,False,True,True,0,0,0,0,True,
603365.SH,603365,603365,水星家纺,主板,沪市,主板,801130.SI,纺织服饰,801132.SI,服装家纺,服装家纺,L,20171120,3236,8.86,16.03,0.754,21.264,False,True,True,0,0,0,0,True,
603366.SH,603366,603366,日出东方,主板,沪市,主板,801110.SI,家用电器,801114.SI,厨卫电器,厨卫电器,L,20120521,5245,14.36,7.27,0.138,10.811,False,True,True,0,0,0,0,True,
603367.SH,603367,603367,辰欣药业,主板,沪市,主板,801150.SI,医药生物,801151.SI,化学制药,化学制药,L,20170929,3288,9.0,14.53,2.18,6.25,False,True,True,0,0,0,0,True,
603368.SH,603368,603368,柳药集团,主板,沪市,主板,801150.SI,医药生物,801154.SI,医药商业,医药商业,L,20141204,4318,11.82,15.18,0.998,7.692,False,True,True,0,0,0,0,True,
603369.SH,603369,603369,今世缘,主板,沪市,主板,801120.SI,食品饮料,801125.SI,白酒Ⅱ,白酒Ⅱ,L,20140703,4472,12.24,28.09,3.538,17.021,False,True,True,0,0,0,0,True,
603370.SH,603370,603370,华新精科,主板,沪市,主板,801730.SI,电力设备,801731.SI,电机Ⅱ,电机Ⅱ,L,20250905,390,1.07,27.53,0.658,6.475,False,True,True,0,0,0,0,False,上市时间不足
603373.SH,603373,603373,安邦护卫,主板,沪市,主板,801210.SI,社会服务,801218.SI,专业服务,专业服务,L,20231220,1015,2.78,50.18,-6.729,11.628,False,True,True,0,0,0,0,True,
603375.SH,603375,603375,盛景微,主板,沪市,主板,801080.SI,电子,801081.SI,半导体,半导体,L,20240124,980,2.68,43.8,-5.746,11.017,False,True,True,0,0,0,0,True,
603376.SH,603376,603376,大明电子,主板,沪市,主板,801880.SI,汽车,801093.SI,汽车零部件,汽车零部件,L,20251106,328,0.9,26.39,0.38,6.593,False,True,True,0,0,0,0,False,上市时间不足
603377.SH,603377,603377,ST东时,主板,沪市,主板,801210.SI,社会服务,801994.SI,教育,教育,L,20160205,3890,10.65,3.06,-0.971,25.0,True,True,True,0,0,0,0,False,ST
603378.SH,603378,603378,*ST亚士,主板,沪市,主板,801710.SI,建筑材料,801713.SI,装修建材,装修建材,L,20170928,3289,9.0,4.91,4.691,34.483,True,True,True,0,0,0,0,False,ST
603379.SH,603379,603379,三美股份,主板,沪市,主板,801030.SI,基础化工,801034.SI,化学制品,化学制品,L,20190402,2738,7.5,49.12,0.163,23.81,False,True,True,0,0,0,0,True,
603380.SH,603380,603380,易德龙,主板,沪市,主板,801080.SI,电子,801085.SI,消费电子,消费电子,L,20170622,3387,9.27,32.4,-1.43,8.14,False,True,True,0,0,0,0,True,
603381.SH,603381,603381,永臻股份,主板,沪市,主板,801730.SI,电力设备,801735.SI,光伏设备,光伏设备,L,20240626,826,2.26,14.72,-0.473,6.711,False,True,True,0,0,0,0,True,
603382.SH,603382,603382,海阳科技,主板,沪市,主板,801030.SI,基础化工,801032.SI,化学纤维,化学纤维,L,20250612,475,1.3,19.11,1.433,11.34,False,True,True,0,0,0,0,False,上市时间不足
603383.SH,603383,603383,顶点软件,主板,沪市,主板,801750.SI,计算机,801104.SI,软件开发,软件开发,L,20170522,3418,9.36,26.78,-0.186,12.5,False,True,True,0,0,0,0,True,
603385.SH,603385,603385,惠达卫浴,主板,沪市,主板,801140.SI,轻工制造,801142.SI,家居用品,家居用品,L,20170405,3465,9.49,5.73,-1.036,17.857,False,True,True,0,0,0,0,True,
603386.SH,603386,603386,骏亚科技,主板,沪市,主板,801080.SI,电子,801083.SI,元件,元件,L,20170912,3305,9.05,17.4,-5.691,8.889,False,True,True,0,0,0,0,True,
603387.SH,603387,603387,基蛋生物,主板,沪市,主板,801150.SI,医药生物,801153.SI,医疗器械,医疗器械,L,20170717,3362,9.2,10.01,2.039,11.828,False,True,True,0,0,0,0,True,
603389.SH,603389,603389,亚振家居,主板,沪市,主板,801140.SI,轻工制造,801142.SI,家居用品,家居用品,L,20161215,3576,9.79,44.57,2.272,44.828,False,True,True,0,0,0,2,True,
603390.SH,603390,603390,通达电气,主板,沪市,主板,801880.SI,汽车,801093.SI,汽车零部件,汽车零部件,L,20191125,2501,6.85,11.08,-2.12,5.505,False,True,True,0,0,0,0,True,
603391.SH,603391,603391,力聚热能,主板,沪市,主板,801890.SI,机械设备,801074.SI,专用设备,专用设备,L,20240731,791,2.17,69.56,0.812,3.084,False,True,True,0,0,0,0,True,
603392.SH,603392,603392,万泰生物,主板,沪市,主板,801150.SI,医药生物,801152.SI,生物制品,生物制品,L,20200429,2345,6.42,27.34,3.248,26.087,False,True,True,0,0,0,0,True,
603393.SH,603393,603393,新天然气,主板,沪市,主板,801160.SI,公用事业,801163.SI,燃气Ⅱ,燃气Ⅱ,L,20160912,3670,10.05,24.48,-0.163,10.843,False,True,True,0,0,0,0,True,
603395.SH,603395,603395,红四方,主板,沪市,主板,801030.SI,基础化工,801038.SI,农化制品,农化制品,L,20241126,673,1.84,24.94,1.3,10.811,False,True,True,0,0,0,0,False,上市时间不足
603396.SH,603396,603396,金辰股份,主板,沪市,主板,801730.SI,电力设备,801735.SI,光伏设备,光伏设备,L,20171018,3269,8.95,33.5,-5.045,26.316,False,True,True,0,0,0,0,True,
603398.SH,603398,603398,*ST沐邦,主板,沪市,主板,801730.SI,电力设备,801735.SI,光伏设备,光伏设备,L,20151209,3948,10.81,8.38,0.721,25.0,True,True,True,0,0,0,0,False,ST
603399.SH,603399,603399,永杉锂业,主板,沪市,主板,801050.SI,有色金属,801056.SI,能源金属,能源金属,L,20120824,5150,14.1,13.01,-1.14,9.489,False,True,True,0,0,0,0,True,
603400.SH,603400,603400,华之杰,主板,沪市,主板,801890.SI,机械设备,801072.SI,通用设备,通用设备,L,20250620,467,1.28,53.0,-3.055,11.151,False,True,True,11,11,11,11,False,上市时间不足、近60日停牌
603402.SH,603402,603402,陕西旅游,主板,沪市,主板,801210.SI,社会服务,801993.SI,旅游及景区,旅游及景区,L,20260106,267,0.73,58.85,-1.556,7.792,False,True,True,0,0,0,0,False,上市时间不足
603406.SH,603406,603406,天富龙,主板,沪市,主板,801030.SI,基础化工,801032.SI,化学纤维,化学纤维,L,20250808,418,1.14,27.36,-0.905,10.345,False,True,True,0,0,0,0,False,上市时间不足
603407.SH,603407,603407,长裕集团,主板,沪市,主板,801050.SI,有色金属,801054.SI,小金属,小金属,L,20260511,142,0.39,57.46,-0.743,6.689,False,True,True,0,0,0,0,False,上市时间不足
603408.SH,603408,603408,建霖家居,主板,沪市,主板,801140.SI,轻工制造,801142.SI,家居用品,家居用品,L,20200730,2253,6.17,11.59,-0.086,20.175,False,True,True,0,0,0,0,True,
603409.SH,603409,603409,汇通控股,主板,沪市,主板,801880.SI,汽车,801093.SI,汽车零部件,汽车零部件,L,20250304,575,1.57,17.85,1.305,5.556,False,True,True,0,0,0,0,False,上市时间不足
603416.SH,603416,603416,信捷电气,主板,沪市,主板,801890.SI,机械设备,801078.SI,自动化设备,自动化设备,L,20161221,3570,9.77,46.01,-0.368,16.981,False,True,True,0,0,0,0,True,
603418.SH,603418,603418,友升股份,主板,沪市,主板,801880.SI,汽车,801093.SI,汽车零部件,汽车零部件,L,20250923,372,1.02,48.48,0.644,8.696,False,True,True,0,0,0,0,False,上市时间不足
603421.SH,603421,603421,鼎信通讯,主板,沪市,主板,801770.SI,通信,801102.SI,通信设备,通信设备,L,20161011,3641,9.97,6.18,-3.135,17.391,False,True,True,0,0,0,0,True,
603429.SH,603429,603429,*ST集友,主板,沪市,主板,801140.SI,轻工制造,801141.SI,包装印刷,包装印刷,L,20170124,3536,9.68,9.09,2.365,26.667,True,True,True,0,0,0,0,False,ST
603435.SH,603435,603435,嘉德利,主板,沪市,主板,801030.SI,基础化工,801036.SI,塑料,塑料,L,20260522,131,0.36,43.05,-4.946,10.331,False,True,True,0,0,0,0,False,上市时间不足
603439.SH,603439,603439,三力制药,主板,沪市,主板,801150.SI,医药生物,801155.SI,中药Ⅱ,中药Ⅱ,L,20200428,2346,6.42,13.18,-2.08,10.294,False,True,True,0,0,0,0,True,
603444.SH,603444,603444,吉比特,主板,沪市,主板,801760.SI,传媒,801764.SI,游戏Ⅱ,游戏Ⅱ,L,20170104,3556,9.74,339.69,1.11,11.111,False,True,True,0,0,0,0,True,
603448.SH,603448,603448,天博智能,主板,沪市,主板,,,,,未分类,L,20260907,23,0.06,59.3,-0.935,4.105,False,True,True,0,0,0,0,False,上市时间不足
603456.SH,603456,603456,九洲药业,主板,沪市,主板,801150.SI,医药生物,801156.SI,医疗服务,医疗服务,L,20141010,4373,11.97,16.75,3.014,9.375,False,True,True,0,0,0,0,True,
603458.SH,603458,603458,勘设股份,主板,沪市,主板,801720.SI,建筑装饰,801726.SI,工程咨询服务Ⅱ,工程咨询服务Ⅱ,L,20170809,3339,9.14,10.42,-4.404,11.111,False,True,True,0,0,0,0,True,
603459.SH,603459,603459,红板科技,主板,沪市,主板,801080.SI,电子,801083.SI,元件,元件,L,20260408,175,0.48,78.3,-6.362,12.802,False,True,True,0,0,0,0,False,上市时间不足
603466.SH,603466,603466,风语筑,主板,沪市,主板,801760.SI,传媒,801767.SI,数字媒体,数字媒体,L,20171020,3267,8.94,11.88,0.849,10.4,False,True,True,0,0,0,0,True,
603468.SH,603468,603468,津富士达,主板,沪市,主板,,,,,未分类,L,20260806,55,0.15,21.98,-3.129,3.556,False,True,True,0,0,0,0,False,上市时间不足
603477.SH,603477,603477,巨星农牧,主板,沪市,主板,801010.SI,农林牧渔,801017.SI,养殖业,养殖业,L,20171218,3208,8.78,14.38,0.559,10.811,False,True,True,0,0,0,0,True,
603486.SH,603486,603486,科沃斯,主板,沪市,主板,801110.SI,家用电器,801113.SI,小家电,小家电,L,20180528,3047,8.34,49.89,1.361,20.833,False,True,True,0,0,0,0,True,
603488.SH,603488,603488,展鹏科技,主板,沪市,主板,801890.SI,机械设备,801074.SI,专用设备,专用设备,L,20170516,3424,9.37,7.7,-1.155,8.642,False,True,True,0,0,0,0,True,
603489.SH,603489,603489,八方股份,主板,沪市,主板,801730.SI,电力设备,801731.SI,电机Ⅱ,电机Ⅱ,L,20191111,2515,6.89,28.48,-1.759,27.273,False,True,True,0,0,0,0,True,
603496.SH,603496,603496,恒为科技,主板,沪市,主板,801750.SI,计算机,801101.SI,计算机设备,计算机设备,L,20170607,3402,9.31,21.97,0.0,14.103,False,True,True,0,0,0,0,True,
603499.SH,603499,603499,翔港科技,主板,沪市,主板,801140.SI,轻工制造,801141.SI,包装印刷,包装印刷,L,20171016,3271,8.96,12.6,-0.943,19.697,False,True,True,0,0,0,0,True,
603500.SH,603500,603500,祥和实业,主板,沪市,主板,801890.SI,机械设备,801076.SI,轨交设备Ⅱ,轨交设备Ⅱ,L,20170904,3313,9.07,10.05,-3.736,10.204,False,True,True,0,0,0,0,True,
603501.SH,603501,603501,豪威集团,主板,沪市,主板,801080.SI,电子,801081.SI,半导体,半导体,L,20170504,3436,9.41,82.21,2.302,25.0,False,True,True,0,0,0,0,True,
603505.SH,603505,603505,金石资源,主板,沪市,主板,801030.SI,基础化工,801034.SI,化学制品,化学制品,L,20170503,3437,9.41,13.98,-0.71,16.456,False,True,True,0,0,0,0,True,
603506.SH,603506,603506,南都物业,主板,沪市,主板,801180.SI,房地产,801183.SI,房地产服务,房地产服务,L,20180201,3163,8.66,12.25,-0.326,12.174,False,True,True,0,0,0,0,True,
603507.SH,603507,603507,振江股份,主板,沪市,主板,801730.SI,电力设备,801736.SI,风电设备,风电设备,L,20171106,3250,8.9,27.71,0.399,15.556,False,True,True,0,0,0,0,True,
603508.SH,603508,603508,思维列控,主板,沪市,主板,801750.SI,计算机,801101.SI,计算机设备,计算机设备,L,20151224,3933,10.77,20.59,0.586,16.364,False,True,True,0,0,0,0,True,
603511.SH,603511,603511,爱慕股份,主板,沪市,主板,801130.SI,纺织服饰,801132.SI,服装家纺,服装家纺,L,20210531,1948,5.33,13.0,0.0,27.692,False,True,True,0,0,0,0,True,
603515.SH,603515,603515,欧普照明,主板,沪市,主板,801110.SI,家用电器,801115.SI,照明设备Ⅱ,照明设备Ⅱ,L,20160819,3694,10.11,14.87,2.41,22.353,False,True,True,0,0,0,0,True,
603516.SH,603516,603516,淳中科技,主板,沪市,主板,801750.SI,计算机,801101.SI,计算机设备,计算机设备,L,20180202,3162,8.66,77.46,-0.168,15.789,False,True,True,0,0,0,0,True,
603517.SH,603517,603517,ST绝味,主板,沪市,主板,801120.SI,食品饮料,801128.SI,休闲食品,休闲食品,L,20170317,3484,9.54,11.43,1.15,21.429,True,True,True,0,0,0,0,False,ST
603518.SH,603518,603518,锦泓集团,主板,沪市,主板,801130.SI,纺织服饰,801132.SI,服装家纺,服装家纺,L,20141203,4319,11.82,7.79,-0.638,7.595,False,True,True,0,0,0,0,True,
603519.SH,603519,603519,立霸股份,主板,沪市,主板,801110.SI,家用电器,801116.SI,家电零部件Ⅱ,家电零部件Ⅱ,L,20150319,4213,11.53,17.02,2.778,15.976,False,True,True,0,0,0,0,True,
603520.SH,603520,603520,司太立,主板,沪市,主板,801150.SI,医药生物,801151.SI,化学制药,化学制药,L,20160309,3857,10.56,8.75,4.291,7.143,False,True,True,0,0,0,0,True,
603527.SH,603527,603527,众源新材,主板,沪市,主板,801050.SI,有色金属,801055.SI,工业金属,工业金属,L,20170907,3310,9.06,9.72,-1.22,7.0,False,True,True,0,0,0,0,True,
603528.SH,603528,603528,多伦科技,主板,沪市,主板,801750.SI,计算机,801104.SI,软件开发,软件开发,L,20160503,3802,10.41,6.33,-2.315,11.111,False,True,True,0,0,0,0,True,
603529.SH,603529,603529,爱玛科技,主板,沪市,主板,801880.SI,汽车,801881.SI,摩托车及其他,摩托车及其他,L,20210615,1933,5.29,22.23,1.972,38.571,False,True,True,0,0,0,0,True,
603530.SH,603530,603530,神马电力,主板,沪市,主板,801730.SI,电力设备,801738.SI,电网设备,电网设备,L,20190805,2613,7.15,41.22,0.782,30.208,False,True,True,0,0,0,0,True,
603533.SH,603533,603533,掌阅科技,主板,沪市,主板,801760.SI,传媒,801767.SI,数字媒体,数字媒体,L,20170921,3296,9.02,23.88,0.973,8.824,False,True,True,0,0,0,0,True,
603535.SH,603535,603535,嘉诚国际,主板,沪市,主板,801170.SI,交通运输,801178.SI,物流,物流,L,20170808,3340,9.14,6.12,-0.326,35.938,False,True,True,0,0,0,0,True,
603536.SH,603536,603536,惠发食品,主板,沪市,主板,801120.SI,食品饮料,801124.SI,食品加工,食品加工,L,20170613,3396,9.3,10.19,1.697,11.224,False,True,True,0,0,0,0,True,
603538.SH,603538,603538,美诺华,主板,沪市,主板,801150.SI,医药生物,801151.SI,化学制药,化学制药,L,20170407,3463,9.48,28.59,10.004,6.934,False,True,True,0,0,0,0,True,
603551.SH,603551,603551,奥普科技,主板,沪市,主板,801110.SI,家用电器,801114.SI,厨卫电器,厨卫电器,L,20200115,2450,6.71,9.4,0.535,23.404,False,True,True,0,0,0,0,True,
603556.SH,603556,603556,海兴电力,主板,沪市,主板,801730.SI,电力设备,801738.SI,电网设备,电网设备,L,20161110,3611,9.89,22.45,0.763,17.46,False,True,True,0,0,0,0,True,
603557.SH,603557,603557,*ST起步,主板,沪市,主板,801130.SI,纺织服饰,801132.SI,服装家纺,服装家纺,L,20170818,3330,9.12,3.05,0.66,33.333,True,True,True,0,0,0,0,False,ST
603558.SH,603558,603558,健盛集团,主板,沪市,主板,801130.SI,纺织服饰,801131.SI,纺织制造,纺织制造,L,20150127,4264,11.67,12.88,-1.679,12.195,False,True,True,0,0,0,0,True,
603559.SH,603559,603559,中通国脉,主板,沪市,主板,801770.SI,通信,801223.SI,通信服务,通信服务,L,20161202,3589,9.83,8.57,-2.724,20.0,False,True,True,0,0,0,2,True,
603565.SH,603565,603565,中谷物流,主板,沪市,主板,801170.SI,交通运输,801992.SI,航运港口,航运港口,L,20200925,2196,6.01,11.59,1.667,21.739,False,True,True,0,0,0,0,True,
603566.SH,603566,603566,普莱柯,主板,沪市,主板,801010.SI,农林牧渔,801018.SI,动物保健Ⅱ,动物保健Ⅱ,L,20150518,4153,11.37,10.24,0.196,17.143,False,True,True,0,0,0,0,True,
603567.SH,603567,603567,珍宝岛,主板,沪市,主板,801150.SI,医药生物,801155.SI,中药Ⅱ,中药Ⅱ,L,20150424,4177,11.44,5.26,1.154,22.222,False,True,True,0,0,0,0,True,
603568.SH,603568,603568,伟明环保,主板,沪市,主板,801970.SI,环保,801971.SI,环境治理,环境治理,L,20150528,4143,11.34,13.42,1.513,38.462,False,True,True,0,0,0,0,True,
603569.SH,603569,603569,长久物流,主板,沪市,主板,801170.SI,交通运输,801178.SI,物流,物流,L,20160810,3703,10.14,5.86,0.171,21.053,False,True,True,0,0,0,0,True,
603577.SH,603577,603577,汇金通,主板,沪市,主板,801730.SI,电力设备,801738.SI,电网设备,电网设备,L,20161222,3569,9.77,9.7,0.207,13.131,False,True,True,0,0,0,0,True,
603578.SH,603578,603578,三星新材,主板,沪市,主板,801110.SI,家用电器,801116.SI,家电零部件Ⅱ,家电零部件Ⅱ,L,20170306,3495,9.57,14.35,-0.209,13.333,False,True,True,0,0,0,0,True,
603579.SH,603579,603579,荣泰健康,主板,沪市,主板,801110.SI,家用电器,801117.SI,其他家电Ⅱ,其他家电Ⅱ,L,20170111,3549,9.72,17.8,-0.28,8.889,False,True,True,0,0,0,0,True,
603580.SH,603580,603580,艾艾精工,主板,沪市,主板,801030.SI,基础化工,801036.SI,塑料,塑料,L,20170525,3415,9.35,72.95,-3.377,21.192,False,True,True,0,0,5,8,False,近60日停牌
603583.SH,603583,603583,捷昌驱动,主板,沪市,主板,801890.SI,机械设备,801078.SI,自动化设备,自动化设备,L,20180921,2931,8.02,27.65,-0.967,18.605,False,True,True,0,0,0,0,True,
603585.SH,603585,603585,苏利股份,主板,沪市,主板,801030.SI,基础化工,801038.SI,农化制品,农化制品,L,20161214,3577,9.79,10.53,-0.284,11.429,False,True,True,0,0,0,0,True,
603586.SH,603586,603586,金麒麟,主板,沪市,主板,801880.SI,汽车,801093.SI,汽车零部件,汽车零部件,L,20170406,3464,9.48,13.85,-1.071,26.471,False,True,True,0,0,0,0,True,
603587.SH,603587,603587,地素时尚,主板,沪市,主板,801130.SI,纺织服饰,801132.SI,服装家纺,服装家纺,L,20180622,3022,8.27,12.43,1.718,13.008,False,True,True,0,0,0,0,True,
603588.SH,603588,603588,高能环境,主板,沪市,主板,801970.SI,环保,801971.SI,环境治理,环境治理,L,20141229,4293,11.75,16.54,1.785,15.924,False,True,True,0,0,0,0,True,
603589.SH,603589,603589,口子窖,主板,沪市,主板,801120.SI,食品饮料,801125.SI,白酒Ⅱ,白酒Ⅱ,L,20150629,4111,11.26,17.78,2.775,16.129,False,True,True,0,0,0,0,True,
603590.SH,603590,603590,康辰药业,主板,沪市,主板,801150.SI,医药生物,801152.SI,生物制品,生物制品,L,20180827,2956,8.09,32.11,10.003,14.516,False,True,True,0,0,0,0,True,
603595.SH,603595,603595,ST东尼,主板,沪市,主板,801080.SI,电子,801085.SI,消费电子,消费电子,L,20170712,3367,9.22,31.02,-1.524,36.957,True,True,True,0,0,0,0,False,ST
603596.SH,603596,603596,伯特利,主板,沪市,主板,801880.SI,汽车,801093.SI,汽车零部件,汽车零部件,L,20180427,3078,8.43,28.14,1.15,15.714,False,True,True,0,0,0,0,True,
603598.SH,603598,603598,引力传媒,主板,沪市,主板,801760.SI,传媒,801765.SI,广告营销,广告营销,L,20150527,4144,11.35,18.78,-1.83,10.16,False,True,True,0,0,0,0,True,
603599.SH,603599,603599,广信股份,主板,沪市,主板,801030.SI,基础化工,801038.SI,农化制品,农化制品,L,20150513,4158,11.38,10.3,1.779,11.429,False,True,True,0,0,0,0,True,
603600.SH,603600,603600,永艺股份,主板,沪市,主板,801140.SI,轻工制造,801142.SI,家居用品,家居用品,L,20150123,4268,11.69,10.08,-1.754,12.0,False,True,True,0,0,0,0,True,
603601.SH,603601,603601,再升科技,主板,沪市,主板,801710.SI,建筑材料,801712.SI,玻璃玻纤,玻璃玻纤,L,20150122,4269,11.69,9.5,-2.664,7.843,False,True,True,0,0,0,0,True,
603602.SH,603602,603602,纵横通信,主板,沪市,主板,801760.SI,传媒,801765.SI,广告营销,广告营销,L,20170810,3338,9.14,12.37,-2.675,13.793,False,True,True,0,0,0,0,True,
603605.SH,603605,603605,珀莱雅,主板,沪市,主板,801980.SI,美容护理,801982.SI,化妆品,化妆品,L,20171115,3241,8.87,54.7,1.334,12.245,False,True,True,0,0,0,0,True,
603606.SH,603606,603606,东方电缆,主板,沪市,主板,801730.SI,电力设备,801738.SI,电网设备,电网设备,L,20141015,4368,11.96,36.53,3.397,15.0,False,True,True,0,0,0,0,True,
603607.SH,603607,603607,京华激光,主板,沪市,主板,801140.SI,轻工制造,801141.SI,包装印刷,包装印刷,L,20171025,3262,8.93,23.15,0.086,11.688,False,True,True,0,0,0,0,True,
603608.SH,603608,603608,天创时尚,主板,沪市,主板,801130.SI,纺织服饰,801132.SI,服装家纺,服装家纺,L,20160218,3877,10.61,19.22,-1.638,14.423,False,True,True,0,0,0,0,True,
603609.SH,603609,603609,禾丰股份,主板,沪市,主板,801010.SI,农林牧渔,801014.SI,饲料,饲料,L,20140808,4436,12.15,6.34,1.278,26.562,False,True,True,0,0,0,0,True,
603610.SH,603610,603610,麒盛科技,主板,沪市,主板,801140.SI,轻工制造,801142.SI,家居用品,家居用品,L,20191029,2528,6.92,13.07,-0.835,16.901,False,True,True,0,0,0,0,True,
603611.SH,603611,603611,诺力股份,主板,沪市,主板,801890.SI,机械设备,801077.SI,工程机械,工程机械,L,20150128,4263,11.67,15.47,0.389,20.0,False,True,True,0,0,0,0,True,
603612.SH,603612,603612,索通发展,主板,沪市,主板,801030.SI,基础化工,801039.SI,非金属材料Ⅱ,非金属材料Ⅱ,L,20170718,3361,9.2,16.08,1.901,7.143,False,True,True,0,0,0,0,True,
603613.SH,603613,603613,国联股份,主板,沪市,主板,801200.SI,商贸零售,801206.SI,互联网电商,互联网电商,L,20190730,2619,7.17,18.78,-0.477,13.636,False,True,True,0,0,0,0,True,
603615.SH,603615,603615,茶花股份,主板,沪市,主板,801140.SI,轻工制造,801142.SI,家居用品,家居用品,L,20170213,3516,9.63,18.46,0.0,13.83,False,True,True,0,0,0,0,True,
603616.SH,603616,603616,韩建河山,主板,沪市,主板,801710.SI,建筑材料,801711.SI,水泥,水泥,L,20150611,4129,11.3,5.65,-0.528,7.143,False,True,True,0,0,0,0,True,
603617.SH,603617,603617,君禾股份,主板,沪市,主板,801890.SI,机械设备,801072.SI,通用设备,通用设备,L,20170703,3376,9.24,6.74,-1.606,10.294,False,True,True,0,0,0,0,True,
603618.SH,603618,603618,杭电股份,主板,沪市,主板,801730.SI,电力设备,801738.SI,电网设备,电网设备,L,20150217,4243,11.62,32.75,-2.79,18.229,False,True,True,0,0,0,0,True,
603619.SH,603619,603619,中曼石油,主板,沪市,主板,801960.SI,石油石化,801962.SI,油服工程,油服工程,L,20171117,3239,8.87,20.73,-0.144,13.699,False,True,True,0,0,0,0,True,
603626.SH,603626,603626,科森科技,主板,沪市,主板,801080.SI,电子,801085.SI,消费电子,消费电子,L,20170209,3520,9.64,24.22,1.296,14.655,False,True,True,0,0,0,0,True,
603628.SH,603628,603628,清源股份,主板,沪市,主板,801730.SI,电力设备,801735.SI,光伏设备,光伏设备,L,20170112,3548,9.71,10.2,-1.163,11.65,False,True,True,0,0,0,0,True,
603629.SH,603629,603629,利通电子,主板,沪市,主板,801080.SI,电子,801085.SI,消费电子,消费电子,L,20181224,2837,7.77,95.96,-2.241,14.583,False,True,True,0,0,0,0,True,
603630.SH,603630,603630,拉芳家化,主板,沪市,主板,801980.SI,美容护理,801982.SI,化妆品,化妆品,L,20170313,3488,9.55,15.35,-1.413,10.417,False,True,True,0,0,0,0,True,
603633.SH,603633,603633,徕木股份,主板,沪市,主板,801080.SI,电子,801085.SI,消费电子,消费电子,L,20161117,3604,9.87,6.22,-2.047,10.938,False,True,True,0,0,0,0,True,
603636.SH,603636,603636,南威软件,主板,沪市,主板,801750.SI,计算机,801103.SI,IT服务Ⅱ,IT服务Ⅱ,L,20141230,4292,11.75,7.67,-2.541,15.385,False,True,True,0,0,0,0,True,
603637.SH,603637,603637,镇海股份,主板,沪市,主板,801720.SI,建筑装饰,801724.SI,专业工程,专业工程,L,20170208,3521,9.64,13.87,1.315,9.655,False,True,True,0,0,0,0,True,
603638.SH,603638,603638,艾迪精密,主板,沪市,主板,801890.SI,机械设备,801077.SI,工程机械,工程机械,L,20170120,3540,9.69,19.82,0.865,28.125,False,True,True,0,0,0,0,True,
603639.SH,603639,603639,海利尔,主板,沪市,主板,801030.SI,基础化工,801038.SI,农化制品,农化制品,L,20170112,3548,9.71,10.49,1.255,27.778,False,True,True,0,0,0,0,True,
603648.SH,603648,603648,畅联股份,主板,沪市,主板,801170.SI,交通运输,801178.SI,物流,物流,L,20170913,3304,9.05,9.52,-0.418,11.828,False,True,True,0,0,0,0,True,
603650.SH,603650,603650,彤程新材,主板,沪市,主板,801030.SI,基础化工,801037.SI,橡胶,橡胶,L,20180627,3017,8.26,62.3,-1.44,14.414,False,True,True,0,0,0,0,True,
603655.SH,603655,603655,朗博科技,主板,沪市,主板,801880.SI,汽车,801093.SI,汽车零部件,汽车零部件,L,20171229,3197,8.75,30.89,-0.451,15.19,False,True,True,0,0,0,0,True,
603656.SH,603656,603656,泰禾智能,主板,沪市,主板,801890.SI,机械设备,801074.SI,专用设备,专用设备,L,20170321,3480,9.53,17.19,-1.264,6.897,False,True,True,0,0,0,0,True,
603657.SH,603657,603657,春光科技,主板,沪市,主板,801110.SI,家用电器,801116.SI,家电零部件Ⅱ,家电零部件Ⅱ,L,20180730,2984,8.17,39.5,4.277,31.356,False,True,True,0,0,0,0,True,
603658.SH,603658,603658,安图生物,主板,沪市,主板,801150.SI,医药生物,801153.SI,医疗器械,医疗器械,L,20160901,3681,10.08,34.08,1.398,14.286,False,True,True,0,0,0,0,True,
603659.SH,603659,603659,璞泰来,主板,沪市,主板,801730.SI,电力设备,801737.SI,电池,电池,L,20171103,3253,8.91,21.45,0.846,28.333,False,True,True,0,0,0,0,True,
603660.SH,603660,603660,苏州科达,主板,沪市,主板,801750.SI,计算机,801101.SI,计算机设备,计算机设备,L,20161201,3590,9.83,9.1,-2.151,20.408,False,True,True,0,0,0,0,True,
603661.SH,603661,603661,恒林股份,主板,沪市,主板,801140.SI,轻工制造,801142.SI,家居用品,家居用品,L,20171121,3235,8.86,33.11,-0.868,13.846,False,True,True,0,0,0,0,True,
603662.SH,603662,603662,柯力传感,主板,沪市,主板,801890.SI,机械设备,801072.SI,通用设备,通用设备,L,20190806,2612,7.15,47.89,-0.54,14.286,False,True,True,0,0,0,0,True,
603663.SH,603663,603663,三祥新材,主板,沪市,主板,801030.SI,基础化工,801033.SI,化学原料,化学原料,L,20160801,3712,10.16,43.24,-2.305,15.909,False,True,True,0,0,0,0,True,
603665.SH,603665,603665,康隆达,主板,沪市,主板,801130.SI,纺织服饰,801132.SI,服装家纺,服装家纺,L,20170313,3488,9.55,23.35,-3.989,15.909,False,True,True,0,0,0,0,True,
603666.SH,603666,603666,亿嘉和,主板,沪市,主板,801890.SI,机械设备,801078.SI,自动化设备,自动化设备,L,20180612,3032,8.3,26.77,0.187,9.302,False,True,True,0,0,0,0,True,
603667.SH,603667,603667,五洲新春,主板,沪市,主板,801890.SI,机械设备,801072.SI,通用设备,通用设备,L,20161025,3627,9.93,49.43,-0.823,5.952,False,True,True,0,0,0,0,True,
603668.SH,603668,603668,天马科技,主板,沪市,主板,801010.SI,农林牧渔,801014.SI,饲料,饲料,L,20170117,3543,9.7,11.85,-1.496,19.512,False,True,True,0,0,0,0,True,
603669.SH,603669,603669,灵康药业,主板,沪市,主板,801150.SI,医药生物,801151.SI,化学制药,化学制药,L,20150528,4143,11.34,6.33,5.324,12.069,False,True,True,0,0,0,0,True,
603676.SH,603676,603676,卫信康,主板,沪市,主板,801150.SI,医药生物,801151.SI,化学制药,化学制药,L,20170721,3358,9.19,9.09,1.338,26.087,False,True,True,0,0,0,0,True,
603677.SH,603677,603677,奇精机械,主板,沪市,主板,801110.SI,家用电器,801116.SI,家电零部件Ⅱ,家电零部件Ⅱ,L,20170206,3523,9.65,14.35,-0.485,15.942,False,True,True,0,0,0,0,True,
603678.SH,603678,603678,火炬电子,主板,沪市,主板,801740.SI,国防军工,801745.SI,军工电子Ⅱ,军工电子Ⅱ,L,20150126,4265,11.68,42.72,-2.377,12.903,False,True,True,0,0,0,0,True,
603679.SH,603679,603679,华体科技,主板,沪市,主板,801080.SI,电子,801084.SI,光学光电子,光学光电子,L,20170621,3388,9.28,23.23,1.088,15.768,False,True,True,0,0,0,0,True,
603680.SH,603680,603680,今创集团,主板,沪市,主板,801890.SI,机械设备,801076.SI,轨交设备Ⅱ,轨交设备Ⅱ,L,20180227,3137,8.59,10.02,0.1,44.231,False,True,True,0,0,0,0,True,
603681.SH,603681,603681,永冠新材,主板,沪市,主板,801030.SI,基础化工,801034.SI,化学制品,化学制品,L,20190326,2745,7.52,18.31,-2.295,9.524,False,True,True,0,0,0,0,True,
603682.SH,603682,603682,锦和商管,主板,沪市,主板,801200.SI,商贸零售,801203.SI,一般零售,一般零售,L,20200421,2353,6.44,9.43,0.748,21.495,False,True,True,0,0,0,0,True,
603683.SH,603683,603683,晶华新材,主板,沪市,主板,801030.SI,基础化工,801034.SI,化学制品,化学制品,L,20171020,3267,8.94,15.03,-1.893,7.407,False,True,True,0,0,0,0,True,
603685.SH,603685,603685,晨丰科技,主板,沪市,主板,801080.SI,电子,801084.SI,光学光电子,光学光电子,L,20171127,3229,8.84,24.82,-1.037,19.708,False,True,True,0,0,0,0,True,
603686.SH,603686,603686,福龙马,主板,沪市,主板,801970.SI,环保,801971.SI,环境治理,环境治理,L,20150126,4265,11.68,14.29,1.708,10.417,False,True,True,0,0,0,0,True,
603687.SH,603687,603687,大胜达,主板,沪市,主板,801140.SI,轻工制造,801141.SI,包装印刷,包装印刷,L,20190726,2623,7.18,13.99,-2.099,12.821,False,True,True,0,0,0,0,True,
603688.SH,603688,603688,石英股份,主板,沪市,主板,801030.SI,基础化工,801039.SI,非金属材料Ⅱ,非金属材料Ⅱ,L,20141031,4352,11.92,43.54,-2.025,9.836,False,True,True,0,0,0,0,True,
603689.SH,603689,603689,皖天然气,主板,沪市,主板,801160.SI,公用事业,801163.SI,燃气Ⅱ,燃气Ⅱ,L,20170110,3550,9.72,7.72,0.652,9.091,False,True,True,0,0,0,0,True,
603690.SH,603690,603690,至纯科技,主板,沪市,主板,801080.SI,电子,801081.SI,半导体,半导体,L,20170113,3547,9.71,22.22,-3.181,7.5,False,True,True,0,0,0,0,True,
603693.SH,603693,603693,江苏新能,主板,沪市,主板,801160.SI,公用事业,801161.SI,电力,电力,L,20180703,3011,8.24,12.25,-3.619,20.968,False,True,True,0,0,0,0,True,
603696.SH,603696,603696,安记食品,主板,沪市,主板,801120.SI,食品饮料,801129.SI,调味发酵品Ⅱ,调味发酵品Ⅱ,L,20151209,3948,10.81,13.06,-0.457,10.0,False,True,True,0,0,0,0,True,
603697.SH,603697,603697,有友食品,主板,沪市,主板,801120.SI,食品饮料,801128.SI,休闲食品,休闲食品,L,20190508,2702,7.4,9.6,1.159,11.579,False,True,True,0,0,0,0,True,
603698.SH,603698,603698,航天工程,主板,沪市,主板,801890.SI,机械设备,801074.SI,专用设备,专用设备,L,20150128,4263,11.67,19.84,-0.998,11.111,False,True,True,0,0,0,0,True,
603699.SH,603699,603699,纽威股份,主板,沪市,主板,801890.SI,机械设备,801072.SI,通用设备,通用设备,L,20140117,4639,12.7,43.21,-0.894,28.916,False,True,True,0,0,0,0,True,
603700.SH,603700,603700,宁水集团,主板,沪市,主板,801890.SI,机械设备,801072.SI,通用设备,通用设备,L,20190122,2808,7.69,11.81,2.163,6.034,False,True,True,0,0,0,0,True,
603701.SH,603701,603701,德宏股份,主板,沪市,主板,801880.SI,汽车,801093.SI,汽车零部件,汽车零部件,L,20160412,3823,10.47,18.21,0.165,19.192,False,True,True,0,0,0,0,True,
603703.SH,603703,603703,盛洋科技,主板,沪市,主板,801080.SI,电子,801084.SI,光学光电子,光学光电子,L,20150423,4178,11.44,9.76,-1.215,9.804,False,True,True,0,0,0,0,True,
603706.SH,603706,603706,东方环宇,主板,沪市,主板,801160.SI,公用事业,801163.SI,燃气Ⅱ,燃气Ⅱ,L,20180709,3005,8.23,17.19,1.416,19.048,False,True,True,0,0,0,0,True,
603707.SH,603707,603707,健友股份,主板,沪市,主板,801150.SI,医药生物,801151.SI,化学制药,化学制药,L,20170719,3360,9.2,8.19,3.802,25.926,False,True,True,0,0,0,0,True,
603708.SH,603708,603708,家家悦,主板,沪市,主板,801200.SI,商贸零售,801203.SI,一般零售,一般零售,L,20161213,3578,9.8,8.99,1.011,21.739,False,True,True,0,0,0,0,True,
603709.SH,603709,603709,中源家居,主板,沪市,主板,801140.SI,轻工制造,801142.SI,家居用品,家居用品,L,20180208,3156,8.64,12.68,-1.4,10.569,False,True,True,0,0,0,0,True,
603711.SH,603711,603711,香飘飘,主板,沪市,主板,801120.SI,食品饮料,801127.SI,饮料乳品,饮料乳品,L,20171130,3226,8.83,11.64,-0.086,11.864,False,True,True,0,0,0,0,True,
603712.SH,603712,603712,七一二,主板,沪市,主板,801740.SI,国防军工,801745.SI,军工电子Ⅱ,军工电子Ⅱ,L,20180226,3138,8.59,11.41,1.153,8.696,False,True,True,0,0,0,0,True,
603713.SH,603713,603713,密尔克卫,主板,沪市,主板,801170.SI,交通运输,801178.SI,物流,物流,L,20180713,3001,8.22,67.86,1.815,8.511,False,True,True,0,0,0,0,True,
603716.SH,603716,603716,塞力医疗,主板,沪市,主板,801150.SI,医药生物,801154.SI,医药商业,医药商业,L,20161031,3621,9.91,16.62,0.241,6.471,False,True,True,0,0,0,0,True,
603717.SH,603717,603717,天域生物,主板,沪市,主板,801010.SI,农林牧渔,801017.SI,养殖业,养殖业,L,20170327,3474,9.51,6.02,-0.331,13.333,False,True,True,0,0,0,0,True,
603718.SH,603718,603718,*ST海利,主板,沪市,主板,801150.SI,医药生物,801153.SI,医疗器械,医疗器械,L,20150515,4156,11.38,3.09,0.0,14.286,True,True,True,0,0,0,0,False,ST
603719.SH,603719,603719,良品铺子,主板,沪市,主板,801120.SI,食品饮料,801128.SI,休闲食品,休闲食品,L,20200224,2410,6.6,9.21,1.432,15.385,False,True,True,0,0,0,0,True,
603721.SH,603721,603721,中广天择,主板,沪市,主板,801760.SI,传媒,801766.SI,影视院线,影视院线,L,20170811,3337,9.14,18.45,0.0,8.197,False,True,True,0,0,0,8,True,
603722.SH,603722,603722,阿科力,主板,沪市,主板,801030.SI,基础化工,801034.SI,化学制品,化学制品,L,20171025,3262,8.93,28.08,-1.439,18.644,False,True,True,0,0,0,6,True,
603725.SH,603725,603725,天安新材,主板,沪市,主板,801140.SI,轻工制造,801142.SI,家居用品,家居用品,L,20170906,3311,9.07,11.77,-2.161,12.174,False,True,True,0,0,0,0,True,
603726.SH,603726,603726,朗迪集团,主板,沪市,主板,801110.SI,家用电器,801116.SI,家电零部件Ⅱ,家电零部件Ⅱ,L,20160421,3814,10.44,23.36,-1.059,6.667,False,True,True,0,0,0,0,True,
603727.SH,603727,603727,博迈科,主板,沪市,主板,801960.SI,石油石化,801962.SI,油服工程,油服工程,L,20161122,3599,9.85,18.71,-1.266,15.556,False,True,True,0,0,0,0,True,
603728.SH,603728,603728,鸣志电器,主板,沪市,主板,801730.SI,电力设备,801731.SI,电机Ⅱ,电机Ⅱ,L,20170509,3431,9.39,51.5,-1.849,22.353,False,True,True,0,0,0,0,True,
603729.SH,603729,603729,ST龙韵,主板,沪市,主板,801760.SI,传媒,801765.SI,广告营销,广告营销,L,20150324,4208,11.52,12.45,0.0,22.881,True,True,True,0,0,0,0,False,ST
603730.SH,603730,603730,岱美股份,主板,沪市,主板,801880.SI,汽车,801093.SI,汽车零部件,汽车零部件,L,20170728,3351,9.17,9.85,2.284,29.245,False,True,True,0,0,0,0,True,
603733.SH,603733,603733,仙鹤股份,主板,沪市,主板,801140.SI,轻工制造,801143.SI,造纸,造纸,L,20180420,3085,8.45,17.74,0.795,23.188,False,True,True,0,0,0,0,True,
603737.SH,603737,603737,三棵树,主板,沪市,主板,801710.SI,建筑材料,801713.SI,装修建材,装修建材,L,20160603,3771,10.32,22.65,3.804,42.308,False,True,True,0,0,0,0,True,
603738.SH,603738,603738,泰晶科技,主板,沪市,主板,801080.SI,电子,801083.SI,元件,元件,L,20160928,3654,10.0,32.73,-3.252,13.043,False,True,True,0,0,0,0,True,
603739.SH,603739,603739,蔚蓝生物,主板,沪市,主板,801030.SI,基础化工,801034.SI,化学制品,化学制品,L,20190116,2814,7.7,14.04,10.031,9.375,False,True,True,0,0,0,0,True,
603755.SH,603755,603755,日辰股份,主板,沪市,主板,801120.SI,食品饮料,801129.SI,调味发酵品Ⅱ,调味发酵品Ⅱ,L,20190828,2590,7.09,25.85,1.333,12.195,False,True,True,0,0,0,0,True,
603757.SH,603757,603757,大元泵业,主板,沪市,主板,801890.SI,机械设备,801072.SI,通用设备,通用设备,L,20170711,3368,9.22,70.77,2.107,10.526,False,True,True,0,0,0,0,True,
603758.SH,603758,603758,秦安股份,主板,沪市,主板,801880.SI,汽车,801093.SI,汽车零部件,汽车零部件,L,20170517,3423,9.37,10.74,-0.463,14.159,False,True,True,0,0,0,0,True,
603759.SH,603759,603759,海天股份,主板,沪市,主板,801970.SI,环保,801971.SI,环境治理,环境治理,L,20210326,2014,5.51,8.01,0.502,21.053,False,True,True,0,0,0,0,True,
603766.SH,603766,603766,隆鑫通用,主板,沪市,主板,801880.SI,汽车,801881.SI,摩托车及其他,摩托车及其他,L,20120810,5164,14.14,14.18,-0.211,17.143,False,True,True,0,0,0,0,True,
603767.SH,603767,603767,中马传动,主板,沪市,主板,801880.SI,汽车,801093.SI,汽车零部件,汽车零部件,L,20170613,3396,9.3,14.83,-3.388,10.667,False,True,True,0,0,0,0,True,
603768.SH,603768,603768,常青股份,主板,沪市,主板,801880.SI,汽车,801093.SI,汽车零部件,汽车零部件,L,20170324,3477,9.52,12.14,2.794,15.789,False,True,True,0,0,0,0,True,
603773.SH,603773,603773,沃格光电,主板,沪市,主板,801080.SI,电子,801084.SI,光学光电子,光学光电子,L,20180417,3088,8.45,89.67,-1.026,10.959,False,True,True,0,0,0,0,True,
603776.SH,603776,603776,永安行,主板,沪市,主板,801880.SI,汽车,801881.SI,摩托车及其他,摩托车及其他,L,20170817,3331,9.12,20.83,-1.139,11.765,False,True,True,0,0,0,0,True,
603777.SH,603777,603777,来伊份,主板,沪市,主板,801120.SI,食品饮料,801128.SI,休闲食品,休闲食品,L,20161012,3640,9.97,13.5,-2.386,10.791,False,True,True,0,0,0,0,True,
603778.SH,603778,603778,国晟科技,主板,沪市,主板,801720.SI,建筑装饰,801723.SI,基础建设,基础建设,L,20151231,3926,10.75,8.02,-0.124,15.909,False,True,True,0,0,0,0,True,
603779.SH,603779,603779,威龙股份,主板,沪市,主板,801120.SI,食品饮料,801126.SI,非白酒,非白酒,L,20160516,3789,10.37,8.07,0.373,7.229,False,True,True,0,0,0,0,True,
603786.SH,603786,603786,科博达,主板,沪市,主板,801880.SI,汽车,801093.SI,汽车零部件,汽车零部件,L,20191015,2542,6.96,36.75,-1.13,60.0,False,True,True,0,0,0,0,True,
603787.SH,603787,603787,新日股份,主板,沪市,主板,801880.SI,汽车,801881.SI,摩托车及其他,摩托车及其他,L,20170427,3443,9.43,10.46,-0.853,9.091,False,True,True,0,0,0,0,True,
603788.SH,603788,603788,宁波高发,主板,沪市,主板,801880.SI,汽车,801093.SI,汽车零部件,汽车零部件,L,20150120,4271,11.69,13.64,-0.146,18.571,False,True,True,0,0,0,0,True,
603789.SH,603789,603789,ST星农,主板,沪市,主板,801890.SI,机械设备,801074.SI,专用设备,专用设备,L,20150427,4174,11.43,5.84,-1.017,13.333,True,True,True,0,0,0,6,False,ST
603790.SH,603790,603790,雅运股份,主板,沪市,主板,801030.SI,基础化工,801034.SI,化学制品,化学制品,L,20180912,2940,8.05,24.75,0.0,15.0,False,True,True,0,0,0,0,True,
603797.SH,603797,603797,联泰环保,主板,沪市,主板,801970.SI,环保,801971.SI,环境治理,环境治理,L,20170413,3457,9.46,4.82,-10.075,12.5,False,True,True,0,0,0,0,True,
603798.SH,603798,603798,康普顿,主板,沪市,主板,801960.SI,石油石化,801963.SI,炼化及贸易,炼化及贸易,L,20160406,3829,10.48,14.67,7.159,13.235,False,True,True,0,0,0,0,True,
603799.SH,603799,603799,华友钴业,主板,沪市,主板,801050.SI,有色金属,801056.SI,能源金属,能源金属,L,20150129,4262,11.67,35.0,2.85,18.75,False,True,True,0,0,0,0,True,
603800.SH,603800,603800,洪田股份,主板,沪市,主板,801890.SI,机械设备,801074.SI,专用设备,专用设备,L,20151210,3947,10.81,52.99,-1.743,16.216,False,True,True,0,0,0,0,True,
603801.SH,603801,603801,志邦家居,主板,沪市,主板,801140.SI,轻工制造,801142.SI,家居用品,家居用品,L,20170630,3379,9.25,6.29,1.125,9.677,False,True,True,0,0,0,0,True,
603803.SH,603803,603803,瑞斯康达,主板,沪市,主板,801770.SI,通信,801102.SI,通信设备,通信设备,L,20170420,3450,9.45,11.06,-2.897,13.043,False,True,True,0,0,0,0,True,
603806.SH,603806,603806,福斯特,主板,沪市,主板,801730.SI,电力设备,801735.SI,光伏设备,光伏设备,L,20140905,4408,12.07,13.86,0.727,20.0,False,True,True,0,0,0,0,True,
603808.SH,603808,603808,歌力思,主板,沪市,主板,801130.SI,纺织服饰,801132.SI,服装家纺,服装家纺,L,20150422,4179,11.44,8.83,0.227,17.857,False,True,True,0,0,0,0,True,
603809.SH,603809,603809,豪能股份,主板,沪市,主板,801880.SI,汽车,801093.SI,汽车零部件,汽车零部件,L,20171128,3228,8.84,8.47,-0.236,20.879,False,True,True,0,0,0,0,True,
603810.SH,603810,603810,丰山集团,主板,沪市,主板,801030.SI,基础化工,801038.SI,农化制品,农化制品,L,20180917,2935,8.04,12.23,-0.163,13.333,False,True,True,0,0,0,0,True,
603811.SH,603811,603811,诚意药业,主板,沪市,主板,801150.SI,医药生物,801151.SI,化学制药,化学制药,L,20170315,3486,9.54,6.99,0.576,12.676,False,True,True,0,0,0,0,True,
603813.SH,603813,603813,原尚股份,主板,沪市,主板,801170.SI,交通运输,801178.SI,物流,物流,L,20170918,3299,9.03,25.92,0.039,35.897,False,True,True,0,0,0,2,True,
603815.SH,603815,603815,交建股份,主板,沪市,主板,801720.SI,建筑装饰,801723.SI,基础建设,基础建设,L,20191021,2536,6.94,5.11,0.393,18.519,False,True,True,0,0,0,0,True,
603816.SH,603816,603816,顾家家居,主板,沪市,主板,801140.SI,轻工制造,801142.SI,家居用品,家居用品,L,20161014,3638,9.96,23.81,3.657,25.0,False,True,True,0,0,0,0,True,
603817.SH,603817,603817,海峡环保,主板,沪市,主板,801970.SI,环保,801971.SI,环境治理,环境治理,L,20170220,3509,9.61,5.7,-0.524,6.897,False,True,True,0,0,0,0,True,
603818.SH,603818,603818,曲美家居,主板,沪市,主板,801140.SI,轻工制造,801142.SI,家居用品,家居用品,L,20150422,4179,11.44,4.05,1.25,7.692,False,True,True,0,0,0,0,True,
603819.SH,603819,603819,神力股份,主板,沪市,主板,801730.SI,电力设备,801731.SI,电机Ⅱ,电机Ⅱ,L,20161125,3596,9.85,16.06,-2.902,15.951,False,True,True,0,0,0,0,True,
603822.SH,603822,603822,ST嘉澳,主板,沪市,主板,801030.SI,基础化工,801034.SI,化学制品,化学制品,L,20160428,3807,10.42,64.5,2.871,32.759,True,True,True,0,0,0,0,False,ST
603823.SH,603823,603823,百合花,主板,沪市,主板,801030.SI,基础化工,801034.SI,化学制品,化学制品,L,20161220,3571,9.78,42.41,-0.656,29.545,False,True,True,0,0,0,0,True,
603825.SH,603825,603825,ST华扬,主板,沪市,主板,801760.SI,传媒,801765.SI,广告营销,广告营销,L,20170802,3346,9.16,7.61,0.396,26.316,True,True,True,0,0,0,0,False,ST
603826.SH,603826,603826,坤彩科技,主板,沪市,主板,801030.SI,基础化工,801039.SI,非金属材料Ⅱ,非金属材料Ⅱ,L,20170414,3456,9.46,15.37,-1.03,35.294,False,True,True,0,0,0,0,True,
603828.SH,603828,603828,*ST利达,主板,沪市,主板,801720.SI,建筑装饰,801722.SI,装修装饰Ⅱ,装修装饰Ⅱ,L,20150226,4234,11.59,6.19,3.167,40.741,True,True,True,0,0,0,0,False,ST
603829.SH,603829,603829,洛凯股份,主板,沪市,主板,801730.SI,电力设备,801738.SI,电网设备,电网设备,L,20171017,3270,8.95,15.49,-1.212,7.843,False,True,True,0,0,0,0,True,
603833.SH,603833,603833,欧派家居,主板,沪市,主板,801140.SI,轻工制造,801142.SI,家居用品,家居用品,L,20170328,3473,9.51,31.49,4.065,66.667,False,True,True,0,0,0,0,True,
603836.SH,603836,603836,海程邦达,主板,沪市,主板,801170.SI,交通运输,801178.SI,物流,物流,L,20210526,1953,5.35,9.55,-1.139,13.187,False,True,True,0,0,0,0,True,
603838.SH,603838,603838,*ST四通,主板,沪市,主板,801140.SI,轻工制造,801142.SI,家居用品,家居用品,L,20150701,4109,11.25,12.56,0.883,51.02,True,True,True,0,0,0,0,False,ST
603839.SH,603839,603839,安正时尚,主板,沪市,主板,801130.SI,纺织服饰,801132.SI,服装家纺,服装家纺,L,20170214,3515,9.62,6.82,-0.872,11.765,False,True,True,0,0,0,0,True,
603843.SH,603843,603843,*ST正平,主板,沪市,主板,801720.SI,建筑装饰,801723.SI,基础建设,基础建设,L,20160905,3677,10.07,6.34,2.589,16.176,True,True,True,0,0,0,0,False,ST
603848.SH,603848,603848,好太太,主板,沪市,主板,801140.SI,轻工制造,801142.SI,家居用品,家居用品,L,20171201,3225,8.83,13.22,0.0,34.783,False,True,True,0,0,0,0,True,
603855.SH,603855,603855,华荣股份,主板,沪市,主板,801890.SI,机械设备,801074.SI,专用设备,专用设备,L,20170524,3416,9.35,16.82,-0.65,14.118,False,True,True,0,0,0,0,True,
603856.SH,603856,603856,东宏股份,主板,沪市,主板,801710.SI,建筑材料,801713.SI,装修建材,装修建材,L,20171106,3250,8.9,11.73,0.171,13.793,False,True,True,0,0,0,0,True,
603858.SH,603858,603858,步长制药,主板,沪市,主板,801150.SI,医药生物,801155.SI,中药Ⅱ,中药Ⅱ,L,20161118,3603,9.86,14.64,1.245,16.129,False,True,True,0,0,0,0,True,
603859.SH,603859,603859,能科科技,主板,沪市,主板,801750.SI,计算机,801103.SI,IT服务Ⅱ,IT服务Ⅱ,L,20161021,3631,9.94,37.71,-1.179,10.309,False,True,True,0,0,0,0,True,
603860.SH,603860,603860,中公高科,主板,沪市,主板,801720.SI,建筑装饰,801726.SI,工程咨询服务Ⅱ,工程咨询服务Ⅱ,L,20170802,3346,9.16,26.32,-0.679,10.465,False,True,True,0,0,0,0,True,
603861.SH,603861,603861,白云电器,主板,沪市,主板,801730.SI,电力设备,801738.SI,电网设备,电网设备,L,20160322,3844,10.52,10.89,1.302,12.821,False,True,True,0,0,0,0,True,
603863.SH,603863,603863,松炀资源,主板,沪市,主板,801140.SI,轻工制造,801143.SI,造纸,造纸,L,20190621,2658,7.28,12.38,2.23,9.677,False,True,True,0,0,0,0,True,
603866.SH,603866,603866,桃李面包,主板,沪市,主板,801120.SI,食品饮料,801128.SI,休闲食品,休闲食品,L,20151222,3935,10.77,4.21,0.477,14.286,False,True,True,0,0,0,0,True,
603867.SH,603867,603867,新化股份,主板,沪市,主板,801030.SI,基础化工,801034.SI,化学制品,化学制品,L,20190627,2652,7.26,34.38,-0.377,18.692,False,True,True,0,0,0,0,True,
603868.SH,603868,603868,飞科电器,主板,沪市,主板,801110.SI,家用电器,801113.SI,小家电,小家电,L,20160418,3817,10.45,31.09,1.303,45.614,False,True,True,0,0,0,0,True,
603869.SH,603869,603869,ST智知,主板,沪市,主板,801750.SI,计算机,801103.SI,IT服务Ⅱ,IT服务Ⅱ,L,20150326,4206,11.52,8.6,-0.232,41.379,True,True,True,0,0,0,0,False,ST
603871.SH,603871,603871,嘉友国际,主板,沪市,主板,801170.SI,交通运输,801178.SI,物流,物流,L,20180206,3158,8.65,12.0,1.523,19.2,False,True,True,0,0,0,0,True,
603876.SH,603876,603876,鼎胜新材,主板,沪市,主板,801050.SI,有色金属,801055.SI,工业金属,工业金属,L,20180418,3087,8.45,17.24,0.174,23.881,False,True,True,0,0,0,0,True,
603877.SH,603877,603877,太平鸟,主板,沪市,主板,801130.SI,纺织服饰,801132.SI,服装家纺,服装家纺,L,20170109,3551,9.72,11.91,1.362,24.242,False,True,True,0,0,0,0,True,
603878.SH,603878,603878,武进不锈,主板,沪市,主板,801040.SI,钢铁,801044.SI,普钢,普钢,L,20161219,3572,9.78,4.9,-0.406,8.0,False,True,True,0,0,0,0,True,
603879.SH,603879,603879,永悦科技,主板,沪市,主板,801030.SI,基础化工,801036.SI,塑料,塑料,L,20170614,3395,9.3,4.91,-1.207,12.0,False,True,True,0,0,0,0,True,
603880.SH,603880,603880,南卫股份,主板,沪市,主板,801150.SI,医药生物,801153.SI,医疗器械,医疗器械,L,20170807,3341,9.15,8.45,-2.086,13.043,False,True,True,0,0,0,0,True,
603881.SH,603881,603881,数据港,主板,沪市,主板,801770.SI,通信,801223.SI,通信服务,通信服务,L,20170208,3521,9.64,22.92,-0.521,16.129,False,True,True,0,0,0,0,True,
603882.SH,603882,603882,金域医学,主板,沪市,主板,801150.SI,医药生物,801156.SI,医疗服务,医疗服务,L,20170908,3309,9.06,29.06,2.867,12.5,False,True,True,0,0,0,0,True,
603883.SH,603883,603883,老百姓,主板,沪市,主板,801150.SI,医药生物,801154.SI,医药商业,医药商业,L,20150423,4178,11.44,13.04,1.164,9.375,False,True,True,0,0,0,0,True,
603885.SH,603885,603885,吉祥航空,主板,沪市,主板,801170.SI,交通运输,801991.SI,航空机场,航空机场,L,20150527,4144,11.35,9.96,2.049,16.981,False,True,True,0,0,0,0,True,
603886.SH,603886,603886,元祖股份,主板,沪市,主板,801120.SI,食品饮料,801128.SI,休闲食品,休闲食品,L,20161228,3563,9.75,12.76,-3.333,11.29,False,True,True,0,0,0,0,True,
603887.SH,603887,603887,城地香江,主板,沪市,主板,801750.SI,计算机,801103.SI,IT服务Ⅱ,IT服务Ⅱ,L,20161010,3642,9.97,8.21,-3.298,10.989,False,True,True,0,0,0,0,True,
603888.SH,603888,603888,新华网,主板,沪市,主板,801760.SI,传媒,801767.SI,数字媒体,数字媒体,L,20161028,3624,9.92,17.2,-0.405,10.169,False,True,True,0,0,0,0,True,
603889.SH,603889,603889,新澳股份,主板,沪市,主板,801130.SI,纺织服饰,801131.SI,纺织制造,纺织制造,L,20141231,4291,11.75,6.05,1.34,11.864,False,True,True,0,0,0,0,True,
603890.SH,603890,603890,春秋电子,主板,沪市,主板,801080.SI,电子,801085.SI,消费电子,消费电子,L,20171212,3214,8.8,14.97,0.402,15.484,False,True,True,0,0,0,0,True,
603893.SH,603893,603893,瑞芯微,主板,沪市,主板,801080.SI,电子,801081.SI,半导体,半导体,L,20200207,2427,6.64,215.57,1.235,18.824,False,True,True,0,0,0,0,True,
603895.SH,603895,603895,天永智能,主板,沪市,主板,801890.SI,机械设备,801074.SI,专用设备,专用设备,L,20180122,3173,8.69,25.77,-2.974,24.138,False,True,True,0,0,0,0,True,
603896.SH,603896,603896,寿仙谷,主板,沪市,主板,801150.SI,医药生物,801155.SI,中药Ⅱ,中药Ⅱ,L,20170510,3430,9.39,14.82,0.885,10.204,False,True,True,0,0,0,0,True,
603897.SH,603897,603897,长城科技,主板,沪市,主板,801730.SI,电力设备,801738.SI,电网设备,电网设备,L,20180410,3095,8.47,29.58,1.965,6.667,False,True,True,0,0,0,0,True,
603898.SH,603898,603898,好莱客,主板,沪市,主板,801140.SI,轻工制造,801142.SI,家居用品,家居用品,L,20150217,4243,11.62,11.86,2.773,28.947,False,True,True,0,0,0,0,True,
603899.SH,603899,603899,晨光股份,主板,沪市,主板,801140.SI,轻工制造,801145.SI,文娱用品,文娱用品,L,20150127,4264,11.67,22.36,2.24,24.138,False,True,True,0,0,0,0,True,
603900.SH,603900,603900,莱绅通灵,主板,沪市,主板,801130.SI,纺织服饰,801133.SI,饰品,饰品,L,20161123,3598,9.85,6.27,-0.318,10.448,False,True,True,0,0,0,0,True,
603901.SH,603901,603901,永创智能,主板,沪市,主板,801890.SI,机械设备,801074.SI,专用设备,专用设备,L,20150529,4142,11.34,9.28,-0.429,13.542,False,True,True,0,0,0,0,True,
603903.SH,603903,603903,中持股份,主板,沪市,主板,801970.SI,环保,801971.SI,环境治理,环境治理,L,20170314,3487,9.55,13.7,-0.94,8.511,False,True,True,0,0,0,0,True,
603906.SH,603906,603906,龙蟠科技,主板,沪市,主板,801730.SI,电力设备,801737.SI,电池,电池,L,20170410,3460,9.47,19.04,9.994,10.87,False,True,True,0,0,0,0,True,
603908.SH,603908,603908,牧高笛,主板,沪市,主板,801130.SI,纺织服饰,801132.SI,服装家纺,服装家纺,L,20170307,3494,9.57,19.45,-1.619,12.766,False,True,True,0,0,0,0,True,
603909.SH,603909,603909,建发合诚,主板,沪市,主板,801720.SI,建筑装饰,801726.SI,工程咨询服务Ⅱ,工程咨询服务Ⅱ,L,20160628,3746,10.26,10.13,-0.393,19.588,False,True,True,0,0,0,0,True,
603912.SH,603912,603912,佳力图,主板,沪市,主板,801890.SI,机械设备,801072.SI,通用设备,通用设备,L,20171101,3255,8.91,8.79,-2.442,10.0,False,True,True,0,0,0,0,True,
603915.SH,603915,603915,国茂股份,主板,沪市,主板,801890.SI,机械设备,801072.SI,通用设备,通用设备,L,20190614,2665,7.3,13.29,1.065,22.222,False,True,True,0,0,0,0,True,
603916.SH,603916,603916,苏博特,主板,沪市,主板,801030.SI,基础化工,801034.SI,化学制品,化学制品,L,20171110,3246,8.89,10.47,0.384,14.286,False,True,True,0,0,0,0,True,
603917.SH,603917,603917,合力科技,主板,沪市,主板,801880.SI,汽车,801093.SI,汽车零部件,汽车零部件,L,20171204,3222,8.82,13.85,-1.353,18.182,False,True,True,0,0,0,0,True,
603918.SH,603918,603918,金桥信息,主板,沪市,主板,801750.SI,计算机,801103.SI,IT服务Ⅱ,IT服务Ⅱ,L,20150528,4143,11.34,10.41,-1.7,10.092,False,True,True,0,0,0,0,True,
603919.SH,603919,603919,金徽酒,主板,沪市,主板,801120.SI,食品饮料,801125.SI,白酒Ⅱ,白酒Ⅱ,L,20160310,3856,10.56,17.4,9.987,9.091,False,True,True,0,0,0,0,True,
603920.SH,603920,603920,世运电路,主板,沪市,主板,801080.SI,电子,801083.SI,元件,元件,L,20170426,3444,9.43,44.4,-3.75,15.068,False,True,True,0,0,0,0,True,
603922.SH,603922,603922,ST金鸿顺,主板,沪市,主板,801880.SI,汽车,801093.SI,汽车零部件,汽车零部件,L,20171023,3264,8.94,12.02,-1.07,41.27,True,True,True,0,0,0,0,False,ST
603926.SH,603926,603926,铁流股份,主板,沪市,主板,801880.SI,汽车,801093.SI,汽车零部件,汽车零部件,L,20170510,3430,9.39,16.75,-0.534,14.118,False,True,True,0,0,0,0,True,
603927.SH,603927,603927,中科软,主板,沪市,主板,801750.SI,计算机,801104.SI,软件开发,软件开发,L,20190909,2578,7.06,13.64,0.22,8.824,False,True,True,0,0,0,0,True,
603928.SH,603928,603928,兴业股份,主板,沪市,主板,801030.SI,基础化工,801036.SI,塑料,塑料,L,20161212,3579,9.8,13.07,10.017,9.091,False,True,True,0,0,0,0,True,
603929.SH,603929,603929,亚翔集成,主板,沪市,主板,801720.SI,建筑装饰,801724.SI,专业工程,专业工程,L,20161230,3561,9.75,139.46,-2.312,10.526,False,True,True,0,0,0,0,True,
603931.SH,603931,603931,格林达,主板,沪市,主板,801080.SI,电子,801086.SI,电子化学品Ⅱ,电子化学品Ⅱ,L,20200819,2233,6.11,32.42,-2.934,9.859,False,True,True,0,0,0,0,True,
603933.SH,603933,603933,睿能科技,主板,沪市,主板,801080.SI,电子,801082.SI,其他电子Ⅱ,其他电子Ⅱ,L,20170706,3373,9.23,18.31,-2.71,13.684,False,True,True,0,0,0,0,True,
603936.SH,603936,603936,博敏电子,主板,沪市,主板,801080.SI,电子,801083.SI,元件,元件,L,20151209,3948,10.81,19.35,-5.748,12.5,False,True,True,0,0,0,0,True,
603937.SH,603937,603937,丽岛新材,主板,沪市,主板,801050.SI,有色金属,801055.SI,工业金属,工业金属,L,20171102,3254,8.91,12.44,-3.341,14.286,False,True,True,0,0,0,0,True,
603938.SH,603938,603938,三孚股份,主板,沪市,主板,801030.SI,基础化工,801033.SI,化学原料,化学原料,L,20170628,3381,9.26,42.68,-2.02,15.2,False,True,True,0,0,0,0,True,
603939.SH,603939,603939,益丰药房,主板,沪市,主板,801150.SI,医药生物,801154.SI,医药商业,医药商业,L,20150217,4243,11.62,23.31,2.642,14.286,False,True,True,0,0,0,0,True,
603948.SH,603948,603948,建业股份,主板,沪市,主板,801030.SI,基础化工,801034.SI,化学制品,化学制品,L,20200302,2403,6.58,21.36,9.99,34.314,False,True,True,0,0,0,0,True,
603949.SH,603949,603949,雪龙集团,主板,沪市,主板,801880.SI,汽车,801093.SI,汽车零部件,汽车零部件,L,20200310,2395,6.56,18.41,-9.976,33.333,False,True,True,0,0,0,0,True,
603950.SH,603950,603950,长源东谷,主板,沪市,主板,801880.SI,汽车,801093.SI,汽车零部件,汽车零部件,L,20200526,2318,6.35,51.72,-0.919,18.667,False,True,True,0,0,0,0,True,
603955.SH,603955,603955,大千生态,主板,沪市,主板,801720.SI,建筑装饰,801723.SI,基础建设,基础建设,L,20170310,3491,9.56,24.97,-0.24,23.636,False,True,True,0,0,0,0,True,
603956.SH,603956,603956,威派格,主板,沪市,主板,801890.SI,机械设备,801074.SI,专用设备,专用设备,L,20190222,2777,7.6,6.88,0.438,13.043,False,True,True,0,0,0,0,True,
603958.SH,603958,603958,哈森股份,主板,沪市,主板,801130.SI,纺织服饰,801132.SI,服装家纺,服装家纺,L,20160629,3745,10.25,18.0,-3.174,15.217,False,True,True,0,0,0,0,True,
603959.SH,603959,603959,ST百利,主板,沪市,主板,801720.SI,建筑装饰,801724.SI,专业工程,专业工程,L,20160517,3788,10.37,4.09,-2.619,13.636,True,True,True,0,0,0,0,False,ST
603960.SH,603960,603960,克来机电,主板,沪市,主板,801890.SI,机械设备,801078.SI,自动化设备,自动化设备,L,20170314,3487,9.55,16.81,-2.494,18.129,False,True,True,0,0,0,0,True,
603966.SH,603966,603966,法兰泰克,主板,沪市,主板,801890.SI,机械设备,801074.SI,专用设备,专用设备,L,20170125,3535,9.68,7.31,0.137,19.481,False,True,True,0,0,0,0,True,
603967.SH,603967,603967,中创物流,主板,沪市,主板,801170.SI,交通运输,801178.SI,物流,物流,L,20190429,2711,7.42,12.02,0.839,11.207,False,True,True,0,0,0,0,True,
603968.SH,603968,603968,醋化股份,主板,沪市,主板,801030.SI,基础化工,801034.SI,化学制品,化学制品,L,20150518,4153,11.37,11.5,3.139,13.889,False,True,True,0,0,0,0,True,
603969.SH,603969,603969,银龙股份,主板,沪市,主板,801890.SI,机械设备,801072.SI,通用设备,通用设备,L,20150227,4233,11.59,7.2,0.139,9.333,False,True,True,0,0,0,0,True,
603970.SH,603970,603970,中农立华,主板,沪市,主板,801030.SI,基础化工,801038.SI,农化制品,农化制品,L,20171116,3240,8.87,11.84,0.852,16.522,False,True,True,0,0,0,0,True,
603976.SH,603976,603976,正川股份,主板,沪市,主板,801150.SI,医药生物,801153.SI,医疗器械,医疗器械,L,20170822,3326,9.11,29.59,-1.037,20.588,False,True,True,0,0,0,0,True,
603977.SH,603977,603977,国泰集团,主板,沪市,主板,801030.SI,基础化工,801034.SI,化学制品,化学制品,L,20161111,3610,9.88,10.57,-0.937,18.803,False,True,True,0,0,0,0,True,
603978.SH,603978,603978,深圳新星,主板,沪市,主板,801050.SI,有色金属,801051.SI,金属新材料,金属新材料,L,20170807,3341,9.15,25.32,-7.253,18.605,False,True,True,0,0,0,0,True,
603979.SH,603979,603979,金诚信,主板,沪市,主板,801050.SI,有色金属,801055.SI,工业金属,工业金属,L,20150630,4110,11.25,72.28,-0.097,20.652,False,True,True,0,0,0,0,True,
603980.SH,603980,603980,吉华集团,主板,沪市,主板,801030.SI,基础化工,801034.SI,化学制品,化学制品,L,20170615,3394,9.29,9.06,2.489,11.765,False,True,True,0,0,0,0,True,
603982.SH,603982,603982,泉峰汽车,主板,沪市,主板,801880.SI,汽车,801093.SI,汽车零部件,汽车零部件,L,20190522,2688,7.36,6.77,4.475,19.355,False,True,True,0,0,0,0,True,
603983.SH,603983,603983,丸美生物,主板,沪市,主板,801980.SI,美容护理,801982.SI,化妆品,化妆品,L,20190725,2624,7.18,30.86,1.513,18.605,False,True,True,0,0,0,0,True,
603985.SH,603985,603985,恒润股份,主板,沪市,主板,801730.SI,电力设备,801736.SI,风电设备,风电设备,L,20170505,3435,9.4,16.98,1.132,11.765,False,True,True,0,0,0,0,True,
603986.SH,603986,603986,兆易创新,主板,沪市,主板,801080.SI,电子,801081.SI,半导体,半导体,L,20160818,3695,10.12,353.9,-3.719,10.667,False,True,True,0,0,0,0,True,
603987.SH,603987,603987,康德莱,主板,沪市,主板,801150.SI,医药生物,801153.SI,医疗器械,医疗器械,L,20161121,3600,9.86,7.59,1.606,12.0,False,True,True,0,0,0,0,True,
603988.SH,603988,603988,中电电机,主板,沪市,主板,801730.SI,电力设备,801731.SI,电机Ⅱ,电机Ⅱ,L,20141104,4348,11.9,17.0,-0.117,18.462,False,True,True,0,0,0,0,True,
603989.SH,603989,603989,艾华集团,主板,沪市,主板,801080.SI,电子,801083.SI,元件,元件,L,20150515,4156,11.38,27.01,-3.536,20.896,False,True,True,0,0,0,0,True,
603990.SH,603990,603990,麦迪科技,主板,沪市,主板,801750.SI,计算机,801104.SI,软件开发,软件开发,L,20161208,3583,9.81,19.34,2.112,16.244,False,True,True,0,0,0,0,True,
603991.SH,603991,603991,领先股份,主板,沪市,主板,801080.SI,电子,801081.SI,半导体,半导体,L,20170308,3493,9.56,165.82,-1.998,13.793,False,True,True,0,0,0,0,True,
603992.SH,603992,603992,松霖科技,主板,沪市,主板,801140.SI,轻工制造,801142.SI,家居用品,家居用品,L,20190826,2592,7.1,19.39,0.623,54.386,False,True,True,0,0,0,0,True,
603993.SH,603993,603993,洛阳钼业,主板,沪市,主板,801050.SI,有色金属,801055.SI,工业金属,工业金属,L,20121009,5104,13.97,16.88,0.776,12.903,False,True,True,0,0,0,0,True,
603995.SH,603995,603995,甬金股份,主板,沪市,主板,801040.SI,钢铁,801045.SI,特钢Ⅱ,特钢Ⅱ,L,20191224,2472,6.77,25.62,1.385,17.073,False,True,True,0,0,0,0,True,
603997.SH,603997,603997,继峰股份,主板,沪市,主板,801880.SI,汽车,801093.SI,汽车零部件,汽车零部件,L,20150302,4230,11.58,13.65,0.0,19.048,False,True,True,0,0,0,0,True,
603998.SH,603998,603998,方盛制药,主板,沪市,主板,801150.SI,医药生物,801155.SI,中药Ⅱ,中药Ⅱ,L,20141205,4317,11.82,10.36,0.975,7.692,False,True,True,0,0,0,0,True,
603999.SH,603999,603999,读者传媒,主板,沪市,主板,801760.SI,传媒,801769.SI,出版,出版,L,20151210,3947,10.81,6.78,2.108,13.636,False,True,True,0,0,0,0,True,
605001.SH,605001,605001,威奥股份,主板,沪市,主板,801890.SI,机械设备,801076.SI,轨交设备Ⅱ,轨交设备Ⅱ,L,20200522,2322,6.36,5.78,-1.365,12.069,False,True,True,0,0,0,0,True,
605003.SH,605003,605003,众望布艺,主板,沪市,主板,801130.SI,纺织服饰,801132.SI,服装家纺,服装家纺,L,20200908,2213,6.06,24.21,-1.062,20.513,False,True,True,0,0,0,0,True,
605005.SH,605005,605005,合兴股份,主板,沪市,主板,801880.SI,汽车,801093.SI,汽车零部件,汽车零部件,L,20210119,2080,5.69,16.07,0.879,27.746,False,True,True,0,0,0,0,True,
605006.SH,605006,605006,山东玻纤,主板,沪市,主板,801710.SI,建筑材料,801712.SI,玻璃玻纤,玻璃玻纤,L,20200903,2218,6.07,14.58,-0.41,16.471,False,True,True,0,0,0,0,True,
605007.SH,605007,605007,五洲特纸,主板,沪市,主板,801140.SI,轻工制造,801143.SI,造纸,造纸,L,20201110,2150,5.89,14.38,1.268,10.667,False,True,True,0,0,0,0,True,
605008.SH,605008,605008,长鸿高科,主板,沪市,主板,801030.SI,基础化工,801036.SI,塑料,塑料,L,20200821,2231,6.11,13.71,-1.931,24.242,False,True,True,0,0,0,0,True,
605009.SH,605009,605009,豪悦护理,主板,沪市,主板,801980.SI,美容护理,801981.SI,个护用品,个护用品,L,20200911,2210,6.05,25.52,1.714,25.806,False,True,True,0,0,0,0,True,
605011.SH,605011,605011,杭州热电,主板,沪市,主板,801160.SI,公用事业,801161.SI,电力,电力,L,20210630,1918,5.25,19.21,10.023,13.333,False,True,True,0,0,0,0,True,
605016.SH,605016,605016,百龙创园,主板,沪市,主板,801030.SI,基础化工,801034.SI,化学制品,化学制品,L,20210421,1988,5.44,21.11,1.833,20.561,False,True,True,0,0,0,0,True,
605018.SH,605018,605018,长华集团,主板,沪市,主板,801880.SI,汽车,801093.SI,汽车零部件,汽车零部件,L,20200929,2192,6.0,11.66,-1.437,22.951,False,True,True,0,0,0,0,True,
605020.SH,605020,605020,永和股份,主板,沪市,主板,801030.SI,基础化工,801034.SI,化学制品,化学制品,L,20210709,1909,5.23,30.3,-0.329,10.769,False,True,True,0,0,0,0,True,
605028.SH,605028,605028,世茂能源,主板,沪市,主板,801160.SI,公用事业,801161.SI,电力,电力,L,20210712,1906,5.22,23.75,-0.586,13.821,False,True,True,0,0,0,0,True,
605033.SH,605033,605033,美邦股份,主板,沪市,主板,801030.SI,基础化工,801038.SI,农化制品,农化制品,L,20210916,1840,5.04,19.6,0.564,10.204,False,True,True,0,0,0,0,True,
605050.SH,605050,605050,福然德,主板,沪市,主板,801170.SI,交通运输,801178.SI,物流,物流,L,20200924,2197,6.02,10.05,0.601,30.189,False,True,True,0,0,0,0,True,
605055.SH,605055,605055,迎丰股份,主板,沪市,主板,801130.SI,纺织服饰,801131.SI,纺织制造,纺织制造,L,20210129,2070,5.67,8.69,-0.799,28.125,False,True,True,0,0,0,0,True,
605056.SH,605056,605056,咸亨国际,主板,沪市,主板,801890.SI,机械设备,801072.SI,通用设备,通用设备,L,20210720,1898,5.2,13.48,-1.821,18.31,False,True,True,0,0,0,0,True,
605058.SH,605058,605058,澳弘电子,主板,沪市,主板,801080.SI,电子,801083.SI,元件,元件,L,20201021,2170,5.94,53.64,-10.0,10.638,False,True,True,0,0,0,0,True,
605060.SH,605060,605060,联德股份,主板,沪市,主板,801890.SI,机械设备,801072.SI,通用设备,通用设备,L,20210301,2039,5.58,37.03,-2.166,23.529,False,True,True,0,0,0,0,True,
605066.SH,605066,605066,天正电气,主板,沪市,主板,801730.SI,电力设备,801738.SI,电网设备,电网设备,L,20200807,2245,6.15,6.71,0.149,11.594,False,True,True,0,0,0,0,True,
605068.SH,605068,605068,明新旭腾,主板,沪市,主板,801880.SI,汽车,801093.SI,汽车零部件,汽车零部件,L,20201123,2137,5.85,20.32,0.994,10.68,False,True,True,0,0,0,0,True,
605069.SH,605069,605069,正和生态,主板,沪市,主板,801970.SI,环保,801971.SI,环境治理,环境治理,L,20210816,1871,5.12,11.86,-4.815,7.438,False,True,True,0,0,0,0,True,
605077.SH,605077,605077,华康股份,主板,沪市,主板,801030.SI,基础化工,801034.SI,化学制品,化学制品,L,20210209,2059,5.64,11.53,1.945,12.821,False,True,True,0,0,0,0,True,
605080.SH,605080,605080,浙江自然,主板,沪市,主板,801140.SI,轻工制造,801145.SI,文娱用品,文娱用品,L,20210506,1973,5.4,22.72,-1.217,14.667,False,True,True,0,0,0,0,True,
605086.SH,605086,605086,龙高股份,主板,沪市,主板,801030.SI,基础化工,801039.SI,非金属材料Ⅱ,非金属材料Ⅱ,L,20210416,1993,5.46,23.21,-0.429,36.508,False,True,True,0,0,0,0,True,
605088.SH,605088,605088,冠盛股份,主板,沪市,主板,801880.SI,汽车,801093.SI,汽车零部件,汽车零部件,L,20200817,2235,6.12,23.33,-1.768,11.111,False,True,True,0,0,0,0,True,
605089.SH,605089,605089,味知香,主板,沪市,主板,801120.SI,食品饮料,801124.SI,食品加工,食品加工,L,20210427,1982,5.43,21.84,-0.456,11.429,False,True,True,0,0,0,0,True,
605090.SH,605090,605090,九丰能源,主板,沪市,主板,801160.SI,公用事业,801163.SI,燃气Ⅱ,燃气Ⅱ,L,20210525,1954,5.35,31.25,3.033,14.286,False,True,True,0,0,0,0,True,
605098.SH,605098,605098,行动教育,主板,沪市,主板,801210.SI,社会服务,801994.SI,教育,教育,L,20210421,1988,5.44,52.83,0.686,8.182,False,True,True,0,0,0,0,True,
605099.SH,605099,605099,共创草坪,主板,沪市,主板,801140.SI,轻工制造,801142.SI,家居用品,家居用品,L,20200930,2191,6.0,27.97,0.72,52.381,False,True,True,0,0,0,0,True,
605100.SH,605100,605100,华丰股份,主板,沪市,主板,801890.SI,机械设备,801072.SI,通用设备,通用设备,L,20200811,2241,6.14,35.83,3.705,11.94,False,True,True,0,0,0,0,True,
605108.SH,605108,605108,同庆楼,主板,沪市,主板,801210.SI,社会服务,801219.SI,酒店餐饮,酒店餐饮,L,20200716,2267,6.21,12.11,-0.819,11.905,False,True,True,0,0,0,0,True,
605111.SH,605111,605111,新洁能,主板,沪市,主板,801080.SI,电子,801081.SI,半导体,半导体,L,20200928,2193,6.0,54.0,-3.778,13.514,False,True,True,0,0,0,0,True,
605116.SH,605116,605116,奥锐特,主板,沪市,主板,801150.SI,医药生物,801151.SI,化学制药,化学制药,L,20200921,2200,6.02,20.07,4.098,23.881,False,True,True,0,0,0,0,True,
605117.SH,605117,605117,德业股份,主板,沪市,主板,801730.SI,电力设备,801735.SI,光伏设备,光伏设备,L,20210420,1989,5.45,78.16,0.398,25.49,False,True,True,0,0,0,0,True,
605118.SH,605118,605118,力鼎光电,主板,沪市,主板,801750.SI,计算机,801101.SI,计算机设备,计算机设备,L,20200730,2253,6.17,32.17,1.739,20.238,False,True,True,0,0,0,0,True,
605122.SH,605122,605122,四方新材,主板,沪市,主板,801710.SI,建筑材料,801711.SI,水泥,水泥,L,20210310,2030,5.56,12.28,0.327,15.517,False,True,True,0,0,0,0,True,
605123.SH,605123,605123,派克新材,主板,沪市,主板,801740.SI,国防军工,801742.SI,航空装备Ⅱ,航空装备Ⅱ,L,20200825,2227,6.1,76.4,-1.368,14.754,False,True,True,0,0,0,0,True,
605128.SH,605128,605128,上海沿浦,主板,沪市,主板,801880.SI,汽车,801093.SI,汽车零部件,汽车零部件,L,20200915,2206,6.04,23.75,0.55,10.169,False,True,True,0,0,0,0,True,
605133.SH,605133,605133,嵘泰股份,主板,沪市,主板,801880.SI,汽车,801093.SI,汽车零部件,汽车零部件,L,20210224,2044,5.6,24.01,-1.396,15.873,False,True,True,0,0,0,0,True,
605136.SH,605136,605136,丽人丽妆,主板,沪市,主板,801200.SI,商贸零售,801206.SI,互联网电商,互联网电商,L,20200929,2192,6.0,8.66,-3.563,9.412,False,True,True,0,0,0,0,True,
605138.SH,605138,605138,盛泰集团,主板,沪市,主板,801130.SI,纺织服饰,801132.SI,服装家纺,服装家纺,L,20211027,1799,4.93,6.19,0.162,26.23,False,True,True,0,0,0,0,True,
605151.SH,605151,605151,西上海,主板,沪市,主板,801880.SI,汽车,801093.SI,汽车零部件,汽车零部件,L,20201215,2115,5.79,18.61,-0.905,11.765,False,True,True,0,0,0,0,True,
605155.SH,605155,605155,西大门,主板,沪市,主板,801140.SI,轻工制造,801142.SI,家居用品,家居用品,L,20201231,2099,5.75,14.25,-1.179,11.888,False,True,True,0,0,0,0,True,
605158.SH,605158,605158,华达新材,主板,沪市,主板,801050.SI,有色金属,801051.SI,金属新材料,金属新材料,L,20200805,2247,6.15,7.61,-1.806,21.795,False,True,True,0,0,0,0,True,
605162.SH,605162,605162,新中港,主板,沪市,主板,801160.SI,公用事业,801161.SI,电力,电力,L,20210707,1911,5.23,10.59,-10.025,10.084,False,True,True,0,0,0,0,True,
605166.SH,605166,605166,聚合顺,主板,沪市,主板,801030.SI,基础化工,801032.SI,化学纤维,化学纤维,L,20200618,2295,6.28,8.42,-0.355,12.791,False,True,True,0,0,0,0,True,
605167.SH,605167,605167,利柏特,主板,沪市,主板,801720.SI,建筑装饰,801724.SI,专业工程,专业工程,L,20210726,1892,5.18,15.68,1.951,13.376,False,True,True,0,0,0,0,True,
605168.SH,605168,605168,三人行,主板,沪市,主板,801760.SI,传媒,801765.SI,广告营销,广告营销,L,20200528,2316,6.34,50.03,0.321,18.056,False,True,True,0,0,0,0,True,
605169.SH,605169,605169,洪通燃气,主板,沪市,主板,801160.SI,公用事业,801163.SI,燃气Ⅱ,燃气Ⅱ,L,20201030,2161,5.92,13.21,0.84,24.0,False,True,True,0,0,0,0,True,
605177.SH,605177,605177,东亚药业,主板,沪市,主板,801150.SI,医药生物,801151.SI,化学制药,化学制药,L,20201125,2135,5.85,24.26,-2.256,8.065,False,True,True,0,0,0,0,True,
605178.SH,605178,605178,时空科技,主板,沪市,主板,801720.SI,建筑装饰,801724.SI,专业工程,专业工程,L,20200821,2231,6.11,63.4,-0.22,11.905,False,True,True,0,0,0,0,True,
605179.SH,605179,605179,一鸣食品,主板,沪市,主板,801120.SI,食品饮料,801127.SI,饮料乳品,饮料乳品,L,20201228,2102,5.75,23.56,0.384,23.256,False,True,True,0,0,0,0,True,
605180.SH,605180,605180,华生科技,主板,沪市,主板,801130.SI,纺织服饰,801131.SI,纺织制造,纺织制造,L,20210430,1979,5.42,13.9,-1.975,15.672,False,True,True,0,0,0,0,True,
605183.SH,605183,605183,确成股份,主板,沪市,主板,801030.SI,基础化工,801037.SI,橡胶,橡胶,L,20201207,2123,5.81,16.4,0.0,35.22,False,True,True,0,0,0,0,True,
605186.SH,605186,605186,健麾信息,主板,沪市,主板,801890.SI,机械设备,801078.SI,自动化设备,自动化设备,L,20201222,2108,5.77,24.66,-1.635,13.846,False,True,True,0,0,0,0,True,
605188.SH,605188,605188,国光连锁,主板,沪市,主板,801200.SI,商贸零售,801203.SI,一般零售,一般零售,L,20200728,2255,6.17,12.4,-0.081,21.212,False,True,True,0,0,0,0,True,
605189.SH,605189,605189,富春染织,主板,沪市,主板,801130.SI,纺织服饰,801131.SI,纺织制造,纺织制造,L,20210528,1951,5.34,13.73,0.073,9.22,False,True,True,0,0,0,0,True,
605196.SH,605196,605196,华通线缆,主板,沪市,主板,801730.SI,电力设备,801738.SI,电网设备,电网设备,L,20210511,1968,5.39,33.2,0.09,14.118,False,True,True,0,0,0,0,True,
605198.SH,605198,605198,安德利,主板,沪市,主板,801010.SI,农林牧渔,801012.SI,农产品加工,农产品加工,L,20200918,2203,6.03,64.75,-1.416,29.412,False,True,True,0,0,0,0,True,
605199.SH,605199,605199,ST葫芦娃,主板,沪市,主板,801150.SI,医药生物,801155.SI,中药Ⅱ,中药Ⅱ,L,20200710,2273,6.22,5.71,-0.175,17.241,True,True,True,0,0,0,0,False,ST
605208.SH,605208,605208,永茂泰,主板,沪市,主板,801050.SI,有色金属,801055.SI,工业金属,工业金属,L,20210308,2032,5.56,14.59,-0.137,8.904,False,True,True,0,0,0,0,True,
605218.SH,605218,605218,伟时电子,主板,沪市,主板,801080.SI,电子,801084.SI,光学光电子,光学光电子,L,20200928,2193,6.0,13.9,-1.628,12.329,False,True,True,0,0,0,0,True,
605222.SH,605222,605222,起帆电缆,主板,沪市,主板,801730.SI,电力设备,801738.SI,电网设备,电网设备,L,20200731,2252,6.17,22.11,1.469,17.117,False,True,True,0,0,0,0,True,
605228.SH,605228,605228,神通科技,主板,沪市,主板,801880.SI,汽车,801093.SI,汽车零部件,汽车零部件,L,20210120,2079,5.69,11.24,0.268,33.333,False,True,True,0,0,0,0,True,
605255.SH,605255,605255,天普股份,主板,沪市,主板,801880.SI,汽车,801093.SI,汽车零部件,汽车零部件,L,20200825,2227,6.1,58.87,4.751,25.862,False,True,True,0,0,0,0,True,
605258.SH,605258,605258,协和电子,主板,沪市,主板,801080.SI,电子,801083.SI,元件,元件,L,20201203,2127,5.82,39.61,-9.998,13.462,False,True,True,0,0,0,0,True,
605259.SH,605259,605259,绿田机械,主板,沪市,主板,801890.SI,机械设备,801074.SI,专用设备,专用设备,L,20210615,1933,5.29,17.39,0.52,20.879,False,True,True,0,0,0,0,True,
605266.SH,605266,605266,健之佳,主板,沪市,主板,801150.SI,医药生物,801154.SI,医药商业,医药商业,L,20201201,2129,5.83,16.04,0.501,10.0,False,True,True,0,0,0,0,True,
605268.SH,605268,605268,王力安防,主板,沪市,主板,801140.SI,轻工制造,801142.SI,家居用品,家居用品,L,20210224,2044,5.6,10.12,-0.979,28.283,False,True,True,0,0,0,0,True,
605277.SH,605277,605277,新亚电子,主板,沪市,主板,801080.SI,电子,801085.SI,消费电子,消费电子,L,20210106,2093,5.73,16.73,-1.819,6.322,False,True,True,0,0,0,0,True,
605286.SH,605286,605286,同力天启,主板,沪市,主板,801890.SI,机械设备,801074.SI,专用设备,专用设备,L,20210322,2018,5.52,24.85,1.928,14.615,False,True,True,0,0,0,0,True,
605287.SH,605287,605287,德才股份,主板,沪市,主板,801720.SI,建筑装饰,801722.SI,装修装饰Ⅱ,装修装饰Ⅱ,L,20210706,1912,5.23,37.39,10.003,12.903,False,True,True,0,0,0,0,True,
605288.SH,605288,605288,凯迪股份,主板,沪市,主板,801890.SI,机械设备,801078.SI,自动化设备,自动化设备,L,20200601,2312,6.33,71.83,10.0,14.925,False,True,True,0,0,0,0,True,
605289.SH,605289,605289,罗曼股份,主板,沪市,主板,801720.SI,建筑装饰,801724.SI,专业工程,专业工程,L,20210426,1983,5.43,94.05,-0.906,12.5,False,True,True,0,0,0,0,True,
605296.SH,605296,605296,神农集团,主板,沪市,主板,801010.SI,农林牧渔,801017.SI,养殖业,养殖业,L,20210528,1951,5.34,31.48,-0.38,16.993,False,True,True,0,0,0,0,True,
605298.SH,605298,605298,必得科技,主板,沪市,主板,801890.SI,机械设备,801076.SI,轨交设备Ⅱ,轨交设备Ⅱ,L,20210301,2039,5.58,40.88,-2.481,27.711,False,True,True,0,0,0,0,True,
605299.SH,605299,605299,舒华体育,主板,沪市,主板,801140.SI,轻工制造,801145.SI,文娱用品,文娱用品,L,20201215,2115,5.79,12.2,-0.813,12.698,False,True,True,0,0,0,0,True,
605300.SH,605300,605300,佳禾食品,主板,沪市,主板,801120.SI,食品饮料,801127.SI,饮料乳品,饮料乳品,L,20210430,1979,5.42,10.39,1.267,15.686,False,True,True,0,0,0,0,True,
605303.SH,605303,605303,园林股份,主板,沪市,主板,801720.SI,建筑装饰,801723.SI,基础建设,基础建设,L,20210301,2039,5.58,28.66,10.019,18.966,False,True,True,11,11,11,11,False,近60日停牌
605305.SH,605305,605305,中际联合,主板,沪市,主板,801890.SI,机械设备,801077.SI,工程机械,工程机械,L,20210506,1973,5.4,30.33,0.298,26.25,False,True,True,0,0,0,0,True,
605318.SH,605318,605318,法狮龙,主板,沪市,主板,801710.SI,建筑材料,801713.SI,装修建材,装修建材,L,20200803,2249,6.16,70.29,-1.637,62.245,False,True,True,0,0,0,0,True,
605319.SH,605319,605319,无锡振华,主板,沪市,主板,801880.SI,汽车,801093.SI,汽车零部件,汽车零部件,L,20210607,1941,5.31,22.22,0.543,18.182,False,True,True,0,0,0,0,True,
605333.SH,605333,605333,沪光股份,主板,沪市,主板,801880.SI,汽车,801093.SI,汽车零部件,汽车零部件,L,20200818,2234,6.12,16.57,1.656,69.492,False,True,True,0,0,0,0,True,
605336.SH,605336,605336,*ST帅电,主板,沪市,主板,801110.SI,家用电器,801114.SI,厨卫电器,厨卫电器,L,20201019,2172,5.95,11.85,3.223,45.299,True,True,True,0,0,0,0,False,ST
605337.SH,605337,605337,李子园,主板,沪市,主板,801120.SI,食品饮料,801127.SI,饮料乳品,饮料乳品,L,20210208,2060,5.64,9.29,2.088,12.903,False,True,True,0,0,0,0,True,
605338.SH,605338,605338,巴比食品,主板,沪市,主板,801120.SI,食品饮料,801124.SI,食品加工,食品加工,L,20201012,2179,5.97,17.97,2.16,20.833,False,True,True,0,0,0,0,True,
605339.SH,605339,605339,南侨食品,主板,沪市,主板,801120.SI,食品饮料,801128.SI,休闲食品,休闲食品,L,20210518,1961,5.37,13.26,0.455,53.571,False,True,True,0,0,0,0,True,
605358.SH,605358,605358,立昂微,主板,沪市,主板,801080.SI,电子,801081.SI,半导体,半导体,L,20200911,2210,6.05,45.36,-1.669,13.158,False,True,True,0,0,0,0,True,
605365.SH,605365,605365,立达信,主板,沪市,主板,801110.SI,家用电器,801115.SI,照明设备Ⅱ,照明设备Ⅱ,L,20210720,1898,5.2,14.53,0.138,21.918,False,True,True,0,0,0,0,True,
605366.SH,605366,605366,宏柏新材,主板,沪市,主板,801030.SI,基础化工,801034.SI,化学制品,化学制品,L,20200812,2240,6.13,10.41,6.769,20.213,False,True,True,0,0,0,0,True,
605368.SH,605368,605368,蓝天燃气,主板,沪市,主板,801160.SI,公用事业,801163.SI,燃气Ⅱ,燃气Ⅱ,L,20210129,2070,5.67,6.68,0.754,25.0,False,True,True,0,0,0,0,True,
605369.SH,605369,605369,拱东医疗,主板,沪市,主板,801150.SI,医药生物,801153.SI,医疗器械,医疗器械,L,20200916,2205,6.04,18.2,0.831,14.286,False,True,True,0,0,0,0,True,
605376.SH,605376,605376,博迁新材,主板,沪市,主板,801050.SI,有色金属,801056.SI,能源金属,能源金属,L,20201208,2122,5.81,114.32,-3.568,16.949,False,True,True,0,0,0,0,True,
605377.SH,605377,605377,华旺科技,主板,沪市,主板,801140.SI,轻工制造,801143.SI,造纸,造纸,L,20201228,2102,5.75,8.08,2.02,14.118,False,True,True,0,0,0,0,True,
605378.SH,605378,605378,野马电池,主板,沪市,主板,801730.SI,电力设备,801737.SI,电池,电池,L,20210412,1997,5.47,15.7,-5.308,21.053,False,True,True,0,0,0,0,True,
605388.SH,605388,605388,均瑶健康,主板,沪市,主板,801120.SI,食品饮料,801127.SI,饮料乳品,饮料乳品,L,20200818,2234,6.12,7.39,9.97,9.677,False,True,True,0,0,0,0,True,
605389.SH,605389,605389,长龄液压,主板,沪市,主板,801890.SI,机械设备,801077.SI,工程机械,工程机械,L,20210322,2018,5.52,60.88,-0.911,35.165,False,True,True,0,0,0,0,True,
605398.SH,605398,605398,新炬网络,主板,沪市,主板,801750.SI,计算机,801103.SI,IT服务Ⅱ,IT服务Ⅱ,L,20210121,2078,5.69,23.76,2.591,17.544,False,True,True,0,0,0,0,True,
605399.SH,605399,605399,晨光新材,主板,沪市,主板,801030.SI,基础化工,801034.SI,化学制品,化学制品,L,20200804,2248,6.15,11.63,-0.853,28.07,False,True,True,0,0,0,0,True,
605488.SH,605488,605488,福莱新材,主板,沪市,主板,801030.SI,基础化工,801036.SI,塑料,塑料,L,20210513,1966,5.38,29.42,-1.868,10.667,False,True,True,0,0,0,0,True,
605499.SH,605499,605499,东鹏饮料,主板,沪市,主板,801120.SI,食品饮料,801127.SI,饮料乳品,饮料乳品,L,20210527,1952,5.34,112.25,1.869,22.642,False,True,True,0,0,0,0,True,
605500.SH,605500,605500,森林包装,主板,沪市,主板,801140.SI,轻工制造,801143.SI,造纸,造纸,L,20201222,2108,5.77,7.39,-0.404,15.493,False,True,True,0,0,0,0,True,
605507.SH,605507,605507,国邦医药,主板,沪市,主板,801150.SI,医药生物,801151.SI,化学制药,化学制药,L,20210802,1885,5.16,18.09,1.231,16.867,False,True,True,0,0,0,0,True,
605555.SH,605555,605555,德昌股份,主板,沪市,主板,801110.SI,家用电器,801113.SI,小家电,小家电,L,20211021,1805,4.94,12.66,-0.784,27.778,False,True,True,0,0,0,0,True,
605566.SH,605566,605566,福莱蒽特,主板,沪市,主板,801030.SI,基础化工,801034.SI,化学制品,化学制品,L,20211025,1801,4.93,32.07,0.156,19.608,False,True,True,0,0,0,0,True,
605567.SH,605567,605567,春雪食品,主板,沪市,主板,801120.SI,食品饮料,801124.SI,食品加工,食品加工,L,20211013,1813,4.96,9.67,0.311,10.753,False,True,True,0,0,0,0,True,
605577.SH,605577,605577,龙版传媒,主板,沪市,主板,801760.SI,传媒,801769.SI,出版,出版,L,20210824,1863,5.1,16.28,10.0,17.308,False,True,True,4,4,4,4,False,近60日停牌
605580.SH,605580,605580,恒盛能源,主板,沪市,主板,801160.SI,公用事业,801161.SI,电力,电力,L,20210819,1868,5.11,20.85,-0.856,10.526,False,True,True,0,0,0,0,True,
605588.SH,605588,605588,冠石科技,主板,沪市,主板,801080.SI,电子,801084.SI,光学光电子,光学光电子,L,20210812,1875,5.13,44.24,-2.982,12.987,False,True,True,0,0,0,0,True,
605589.SH,605589,605589,圣泉集团,主板,沪市,主板,801030.SI,基础化工,801036.SI,塑料,塑料,L,20210810,1877,5.14,35.67,-1.136,11.25,False,True,True,0,0,0,0,True,
605598.SH,605598,605598,上海港湾,主板,沪市,主板,801720.SI,建筑装饰,801724.SI,专业工程,专业工程,L,20210917,1839,5.03,23.67,-0.127,50.0,False,True,True,0,0,0,0,True,
605599.SH,605599,605599,菜百股份,主板,沪市,主板,801130.SI,纺织服饰,801133.SI,饰品,饰品,L,20210909,1847,5.06,13.54,2.266,20.513,False,True,True,0,0,0,0,True,
