ts_code,symbol,display_code,name,board,exchange,market_raw,sw_l1_code,sw_l1_name,sw_l2_code,sw_l2_name,sw_l2_display,list_status,list_date,list_age_days,list_age_years,close,pct_chg,chip_concentration_70,is_st,is_normal_listed,has_latest_quote,suspend_days_20,suspend_days_40,suspend_days_60,suspend_days_90,default_passed,default_reject_reasons
600000.SH,600000,600000,浦发银行,主板,沪市,主板,801780.SI,银行,801783.SI,股份制银行Ⅱ,股份制银行Ⅱ,L,19991110,9830,26.91,9.54,-1.649,41.667,False,True,True,0,0,0,0,True,
600004.SH,600004,600004,白云机场,主板,沪市,主板,801170.SI,交通运输,801991.SI,航空机场,航空机场,L,20030428,8565,23.45,7.7,0.391,23.077,False,True,True,0,0,0,0,True,
600006.SH,600006,600006,东风股份,主板,沪市,主板,801880.SI,汽车,801096.SI,商用车,商用车,L,19990727,9936,27.2,5.45,-0.909,23.636,False,True,True,0,0,0,0,True,
600007.SH,600007,600007,中国国贸,主板,沪市,主板,801180.SI,房地产,801181.SI,房地产开发,房地产开发,L,19990312,10073,27.58,20.45,-1.255,14.062,False,True,True,0,0,0,0,True,
600008.SH,600008,600008,首创环保,主板,沪市,主板,801970.SI,环保,801971.SI,环境治理,环境治理,L,20000427,9661,26.45,2.77,0.362,10.714,False,True,True,0,0,0,0,True,
600009.SH,600009,600009,上海机场,主板,沪市,主板,801170.SI,交通运输,801991.SI,航空机场,航空机场,L,19980218,10460,28.64,22.57,0.177,37.931,False,True,True,0,0,0,0,True,
600010.SH,600010,600010,包钢股份,主板,沪市,主板,801040.SI,钢铁,801044.SI,普钢,普钢,L,20010309,9345,25.59,2.12,0.952,9.091,False,True,True,0,0,0,0,True,
600011.SH,600011,600011,华能国际,主板,沪市,主板,801160.SI,公用事业,801161.SI,电力,电力,L,20011206,9073,24.84,7.33,1.243,11.429,False,True,True,0,0,0,0,True,
600012.SH,600012,600012,皖通高速,主板,沪市,主板,801170.SI,交通运输,801179.SI,铁路公路,铁路公路,L,20030107,8676,23.75,16.29,2.196,17.901,False,True,True,0,0,0,0,True,
600015.SH,600015,600015,华夏银行,主板,沪市,主板,801780.SI,银行,801783.SI,股份制银行Ⅱ,股份制银行Ⅱ,L,20030912,8428,23.07,6.3,-0.159,9.375,False,True,True,0,0,0,0,True,
600016.SH,600016,600016,民生银行,主板,沪市,主板,801780.SI,银行,801783.SI,股份制银行Ⅱ,股份制银行Ⅱ,L,20001219,9425,25.8,3.49,-1.412,8.824,False,True,True,0,0,0,0,True,
600017.SH,600017,600017,日照港,主板,沪市,主板,801170.SI,交通运输,801992.SI,航运港口,航运港口,L,20061017,7297,19.98,2.88,0.699,7.143,False,True,True,0,0,0,0,True,
600018.SH,600018,600018,上港集团,主板,沪市,主板,801170.SI,交通运输,801992.SI,航运港口,航运港口,L,20061026,7288,19.95,5.5,-0.722,15.686,False,True,True,0,0,0,0,True,
600019.SH,600019,600019,宝钢股份,主板,沪市,主板,801040.SI,钢铁,801044.SI,普钢,普钢,L,20001212,9432,25.82,5.87,-1.675,20.69,False,True,True,0,0,0,0,True,
600020.SH,600020,600020,中原高速,主板,沪市,主板,801170.SI,交通运输,801179.SI,铁路公路,铁路公路,L,20030808,8463,23.17,3.92,0.771,7.895,False,True,True,0,0,0,0,True,
600021.SH,600021,600021,上海电力,主板,沪市,主板,801160.SI,公用事业,801161.SI,电力,电力,L,20031029,8381,22.95,12.87,-0.848,17.021,False,True,True,0,0,0,0,True,
600022.SH,600022,600022,山东钢铁,主板,沪市,主板,801040.SI,钢铁,801044.SI,普钢,普钢,L,20040629,8137,22.28,1.31,0.769,15.385,False,True,True,0,0,0,0,True,
600023.SH,600023,600023,浙能电力,主板,沪市,主板,801160.SI,公用事业,801161.SI,电力,电力,L,20131219,4677,12.8,5.32,-1.115,17.647,False,True,True,0,0,0,0,True,
600025.SH,600025,600025,华能水电,主板,沪市,主板,801160.SI,公用事业,801161.SI,电力,电力,L,20171215,3220,8.82,10.11,0.099,18.75,False,True,True,0,0,0,0,True,
600026.SH,600026,600026,中远海能,主板,沪市,主板,801170.SI,交通运输,801992.SI,航运港口,航运港口,L,20020523,8905,24.38,23.49,3.846,24.638,False,True,True,0,0,0,0,True,
600027.SH,600027,600027,华电国际,主板,沪市,主板,801160.SI,公用事业,801161.SI,电力,电力,L,20050203,7918,21.68,5.19,0.581,12.5,False,True,True,0,0,0,0,True,
600028.SH,600028,600028,中国石化,主板,沪市,主板,801960.SI,石油石化,801963.SI,炼化及贸易,炼化及贸易,L,20010808,9193,25.17,5.39,-1.642,30.769,False,True,True,0,0,0,0,True,
600029.SH,600029,600029,南方航空,主板,沪市,主板,801170.SI,交通运输,801991.SI,航空机场,航空机场,L,20030725,8477,23.21,4.85,0.832,23.077,False,True,True,0,0,0,0,True,
600030.SH,600030,600030,中信证券,主板,沪市,主板,801790.SI,非银金融,801193.SI,证券Ⅱ,证券Ⅱ,L,20030106,8677,23.76,25.91,2.008,8.696,False,True,True,0,0,0,0,True,
600031.SH,600031,600031,三一重工,主板,沪市,主板,801890.SI,机械设备,801077.SI,工程机械,工程机械,L,20030703,8499,23.27,16.95,-0.47,13.158,False,True,True,0,0,0,0,True,
600032.SH,600032,600032,浙江新能,主板,沪市,主板,801160.SI,公用事业,801161.SI,电力,电力,L,20210525,1963,5.37,7.58,-2.571,14.865,False,True,True,0,0,0,0,True,
600033.SH,600033,600033,福建高速,主板,沪市,主板,801170.SI,交通运输,801179.SI,铁路公路,铁路公路,L,20010209,9373,25.66,3.74,0.809,8.333,False,True,True,0,0,0,0,True,
600035.SH,600035,600035,楚天高速,主板,沪市,主板,801170.SI,交通运输,801179.SI,铁路公路,铁路公路,L,20040310,8248,22.58,3.76,0.804,8.333,False,True,True,0,0,0,0,True,
600036.SH,600036,600036,招商银行,主板,沪市,主板,801780.SI,银行,801783.SI,股份制银行Ⅱ,股份制银行Ⅱ,L,20020409,8949,24.5,41.42,-0.695,14.583,False,True,True,0,0,0,0,True,
600037.SH,600037,600037,歌华有线,主板,沪市,主板,801760.SI,传媒,801995.SI,电视广播Ⅱ,电视广播Ⅱ,L,20010208,9374,25.66,7.44,3.911,5.882,False,True,True,0,0,0,0,True,
600038.SH,600038,600038,中直股份,主板,沪市,主板,801740.SI,国防军工,801742.SI,航空装备Ⅱ,航空装备Ⅱ,L,20001218,9426,25.81,26.57,-0.45,17.647,False,True,True,0,0,0,0,True,
600039.SH,600039,600039,四川路桥,主板,沪市,主板,801720.SI,建筑装饰,801723.SI,基础建设,基础建设,L,20030325,8599,23.54,8.84,-0.562,22.989,False,True,True,0,0,0,0,True,
600048.SH,600048,600048,保利发展,主板,沪市,主板,801180.SI,房地产,801181.SI,房地产开发,房地产开发,L,20060731,7375,20.19,5.65,-2.08,14.815,False,True,True,0,0,0,0,True,
600050.SH,600050,600050,中国联通,主板,沪市,主板,801770.SI,通信,801223.SI,通信服务,通信服务,L,20021009,8766,24.0,4.3,0.703,18.182,False,True,True,0,0,0,0,True,
600051.SH,600051,600051,宁波联合,主板,沪市,主板,801230.SI,综合,801231.SI,综合Ⅱ,综合Ⅱ,L,19970410,10774,29.5,6.38,-0.157,8.065,False,True,True,0,0,0,0,True,
600052.SH,600052,600052,东望时代,主板,沪市,主板,801160.SI,公用事业,801161.SI,电力,电力,L,19970415,10769,29.48,4.12,5.913,10.526,False,True,True,0,0,0,0,True,
600054.SH,600054,600054,黄山旅游,主板,沪市,主板,801210.SI,社会服务,801993.SI,旅游及景区,旅游及景区,L,19970506,10748,29.43,10.37,0.777,8.929,False,True,True,0,0,0,0,True,
600055.SH,600055,600055,万东医疗,主板,沪市,主板,801150.SI,医药生物,801153.SI,医疗器械,医疗器械,L,19970519,10735,29.39,10.48,0.963,38.182,False,True,True,0,0,0,0,True,
600056.SH,600056,600056,中国医药,主板,沪市,主板,801150.SI,医药生物,801154.SI,医药商业,医药商业,L,19970515,10739,29.4,9.14,1.782,9.677,False,True,True,0,0,0,0,True,
600057.SH,600057,600057,厦门象屿,主板,沪市,主板,801170.SI,交通运输,801178.SI,物流,物流,L,19970604,10719,29.35,6.29,0.963,12.698,False,True,True,0,0,0,0,True,
600058.SH,600058,600058,五矿发展,主板,沪市,主板,801200.SI,商贸零售,801202.SI,贸易Ⅱ,贸易Ⅱ,L,19970528,10726,29.37,8.94,2.995,24.0,False,True,True,0,0,0,0,True,
600059.SH,600059,600059,古越龙山,主板,沪市,主板,801120.SI,食品饮料,801126.SI,非白酒,非白酒,L,19970516,10738,29.4,11.66,-1.852,9.483,False,True,True,0,0,0,0,True,
600060.SH,600060,600060,海信视像,主板,沪市,主板,801110.SI,家用电器,801112.SI,黑色家电,黑色家电,L,19970422,10762,29.46,27.19,0.332,13.187,False,True,True,0,0,0,0,True,
600061.SH,600061,600061,国投资本,主板,沪市,主板,801790.SI,非银金融,801193.SI,证券Ⅱ,证券Ⅱ,L,19970519,10735,29.39,6.21,1.637,15.625,False,True,True,0,0,0,0,True,
600062.SH,600062,600062,华润双鹤,主板,沪市,主板,801150.SI,医药生物,801151.SI,化学制药,化学制药,L,19970522,10732,29.38,16.44,1.733,11.111,False,True,True,0,0,0,0,True,
600063.SH,600063,600063,皖维高新,主板,沪市,主板,801030.SI,基础化工,801032.SI,化学纤维,化学纤维,L,19970528,10726,29.37,5.54,3.358,10.526,False,True,True,0,0,0,0,True,
600064.SH,600064,600064,南京高科,主板,沪市,主板,801180.SI,房地产,801181.SI,房地产开发,房地产开发,L,19970506,10748,29.43,7.99,-0.374,10.39,False,True,True,0,0,0,0,True,
600066.SH,600066,600066,宇通客车,主板,沪市,主板,801880.SI,汽车,801096.SI,商用车,商用车,L,19970508,10746,29.42,27.04,0.558,22.759,False,True,True,0,0,0,0,True,
600067.SH,600067,600067,冠城新材,主板,沪市,主板,801730.SI,电力设备,801738.SI,电网设备,电网设备,L,19970508,10746,29.42,2.72,1.873,11.111,False,True,True,0,0,0,0,True,
600071.SH,600071,600071,凤凰光学,主板,沪市,主板,801080.SI,电子,801084.SI,光学光电子,光学光电子,L,19970528,10726,29.37,16.18,3.255,19.512,False,True,True,0,0,0,0,True,
600072.SH,600072,600072,中船科技,主板,沪市,主板,801730.SI,电力设备,801736.SI,风电设备,风电设备,L,19970603,10720,29.35,9.35,-1.267,11.111,False,True,True,0,0,0,0,True,
600073.SH,600073,600073,光明肉业,主板,沪市,主板,801120.SI,食品饮料,801124.SI,食品加工,食品加工,L,19970704,10689,29.26,5.43,-0.549,10.909,False,True,True,0,0,0,0,True,
600075.SH,600075,600075,新疆天业,主板,沪市,主板,801030.SI,基础化工,801033.SI,化学原料,化学原料,L,19970617,10706,29.31,4.72,1.505,13.043,False,True,True,0,0,0,0,True,
600076.SH,600076,600076,康欣新材,主板,沪市,主板,801140.SI,轻工制造,801141.SI,包装印刷,包装印刷,L,19970526,10728,29.37,2.23,3.241,43.478,False,True,True,0,0,0,0,True,
600078.SH,600078,600078,澄星股份,主板,沪市,主板,801030.SI,基础化工,801038.SI,农化制品,农化制品,L,19970627,10696,29.28,9.98,2.254,12.15,False,True,True,0,0,0,0,True,
600081.SH,600081,600081,东风科技,主板,沪市,主板,801880.SI,汽车,801093.SI,汽车零部件,汽车零部件,L,19970703,10690,29.27,10.6,-2.93,20.0,False,True,True,0,0,0,0,True,
600085.SH,600085,600085,同仁堂,主板,沪市,主板,801150.SI,医药生物,801155.SI,中药Ⅱ,中药Ⅱ,L,19970625,10698,29.29,24.28,1.463,30.952,False,True,True,0,0,0,0,True,
600088.SH,600088,600088,中视传媒,主板,沪市,主板,801760.SI,传媒,801766.SI,影视院线,影视院线,L,19970616,10707,29.31,13.82,5.577,17.143,False,True,True,0,0,0,0,True,
600089.SH,600089,600089,特变电工,主板,沪市,主板,801730.SI,电力设备,801738.SI,电网设备,电网设备,L,19970618,10705,29.31,17.74,-0.281,16.923,False,True,True,0,0,0,0,True,
600094.SH,600094,600094,大名城,主板,沪市,主板,801180.SI,房地产,801181.SI,房地产开发,房地产开发,L,19970703,10690,29.27,4.43,0.911,15.0,False,True,True,0,0,0,0,True,
600095.SH,600095,600095,湘财股份,主板,沪市,主板,801790.SI,非银金融,801193.SI,证券Ⅱ,证券Ⅱ,L,19970708,10685,29.25,8.9,4.094,14.607,False,True,True,0,0,0,0,True,
600096.SH,600096,600096,云天化,主板,沪市,主板,801030.SI,基础化工,801038.SI,农化制品,农化制品,L,19970709,10684,29.25,28.32,1.505,11.667,False,True,True,0,0,0,0,True,
600097.SH,600097,600097,开创国际,主板,沪市,主板,801010.SI,农林牧渔,801015.SI,渔业,渔业,L,19970619,10704,29.31,9.36,1.629,17.391,False,True,True,0,0,0,0,True,
600098.SH,600098,600098,广州发展,主板,沪市,主板,801160.SI,公用事业,801161.SI,电力,电力,L,19970718,10675,29.23,6.43,-0.924,17.46,False,True,True,0,0,0,0,True,
600099.SH,600099,600099,林海股份,主板,沪市,主板,801880.SI,汽车,801881.SI,摩托车及其他,摩托车及其他,L,19970704,10689,29.26,9.38,0.321,13.043,False,True,True,0,0,0,0,True,
600100.SH,600100,600100,同方股份,主板,沪市,主板,801750.SI,计算机,801101.SI,计算机设备,计算机设备,L,19970627,10696,29.28,6.63,2.315,21.739,False,True,True,0,0,0,0,True,
600101.SH,600101,600101,明星电力,主板,沪市,主板,801160.SI,公用事业,801161.SI,电力,电力,L,19970627,10696,29.28,7.84,-0.127,6.25,False,True,True,0,0,0,0,True,
600103.SH,600103,600103,青山纸业,主板,沪市,主板,801140.SI,轻工制造,801143.SI,造纸,造纸,L,19970703,10690,29.27,3.42,1.786,11.429,False,True,True,0,0,0,0,True,
600104.SH,600104,600104,上汽集团,主板,沪市,主板,801880.SI,汽车,801095.SI,乘用车,乘用车,L,19971125,10545,28.87,10.83,-0.915,45.946,False,True,True,0,0,0,0,True,
600105.SH,600105,600105,永鼎股份,主板,沪市,主板,801770.SI,通信,801102.SI,通信设备,通信设备,L,19970929,10602,29.03,32.47,-3.248,33.673,False,True,True,0,0,0,0,True,
600106.SH,600106,600106,重庆路桥,主板,沪市,主板,801170.SI,交通运输,801179.SI,铁路公路,铁路公路,L,19970618,10705,29.31,4.52,0.0,26.667,False,True,True,0,0,0,0,True,
600108.SH,600108,600108,亚盛集团,主板,沪市,主板,801010.SI,农林牧渔,801016.SI,种植业,种植业,L,19970818,10644,29.14,4.24,6.801,9.756,False,True,True,0,0,0,0,True,
600109.SH,600109,600109,国金证券,主板,沪市,主板,801790.SI,非银金融,801193.SI,证券Ⅱ,证券Ⅱ,L,19970807,10655,29.17,8.2,1.863,7.143,False,True,True,0,0,0,0,True,
600110.SH,600110,600110,诺德股份,主板,沪市,主板,801730.SI,电力设备,801737.SI,电池,电池,L,19971007,10594,29.0,10.73,-3.246,12.069,False,True,True,0,0,0,0,True,
600111.SH,600111,600111,北方稀土,主板,沪市,主板,801050.SI,有色金属,801054.SI,小金属,小金属,L,19970924,10607,29.04,35.01,1.478,25.373,False,True,True,0,0,0,0,True,
600113.SH,600113,600113,浙江东日,主板,沪市,主板,801200.SI,商贸零售,801203.SI,一般零售,一般零售,L,19971021,10580,28.97,28.81,2.454,14.286,False,True,True,0,0,0,0,True,
600114.SH,600114,600114,东睦股份,主板,沪市,主板,801890.SI,机械设备,801072.SI,通用设备,通用设备,L,20040511,8186,22.41,23.9,-1.524,15.714,False,True,True,0,0,0,0,True,
600115.SH,600115,600115,中国东航,主板,沪市,主板,801170.SI,交通运输,801991.SI,航空机场,航空机场,L,19971105,10565,28.93,3.3,1.227,22.222,False,True,True,0,0,0,0,True,
600116.SH,600116,600116,三峡水利,主板,沪市,主板,801160.SI,公用事业,801161.SI,电力,电力,L,19970804,10658,29.18,6.2,-0.161,9.524,False,True,True,0,0,0,0,True,
600117.SH,600117,600117,西宁特钢,主板,沪市,主板,801040.SI,钢铁,801045.SI,特钢Ⅱ,特钢Ⅱ,L,19971015,10586,28.98,2.18,0.926,27.273,False,True,True,0,0,0,0,True,
600118.SH,600118,600118,中国卫星,主板,沪市,主板,801740.SI,国防军工,801741.SI,航天装备Ⅱ,航天装备Ⅱ,L,19970908,10623,29.08,54.66,-3.205,15.556,False,True,True,0,0,0,0,True,
600120.SH,600120,600120,浙江东方,主板,沪市,主板,801790.SI,非银金融,801191.SI,多元金融,多元金融,L,19971201,10539,28.85,4.67,1.522,8.163,False,True,True,0,0,0,0,True,
600121.SH,600121,600121,郑州煤电,主板,沪市,主板,801950.SI,煤炭,801951.SI,煤炭开采,煤炭开采,L,19980107,10502,28.75,5.53,-2.124,11.111,False,True,True,0,0,0,0,True,
600123.SH,600123,600123,兰花科创,主板,沪市,主板,801950.SI,煤炭,801951.SI,煤炭开采,煤炭开采,L,19981217,10158,27.81,7.07,1.145,10.0,False,True,True,0,0,0,0,True,
600125.SH,600125,600125,铁龙物流,主板,沪市,主板,801170.SI,交通运输,801179.SI,铁路公路,铁路公路,L,19980511,10378,28.41,5.32,0.758,12.963,False,True,True,0,0,0,0,True,
600126.SH,600126,600126,杭钢股份,主板,沪市,主板,801040.SI,钢铁,801044.SI,普钢,普钢,L,19980311,10439,28.58,5.95,1.19,15.152,False,True,True,0,0,0,0,True,
600127.SH,600127,600127,金健米业,主板,沪市,主板,801010.SI,农林牧渔,801012.SI,农产品加工,农产品加工,L,19980506,10383,28.43,15.18,10.0,6.993,False,True,True,0,0,0,0,True,
600128.SH,600128,600128,苏豪弘业,主板,沪市,主板,801200.SI,商贸零售,801202.SI,贸易Ⅱ,贸易Ⅱ,L,19970901,10630,29.1,8.7,0.23,10.714,False,True,True,0,0,0,0,True,
600129.SH,600129,600129,太极集团,主板,沪市,主板,801150.SI,医药生物,801155.SI,中药Ⅱ,中药Ⅱ,L,19971118,10552,28.89,13.97,4.098,22.857,False,True,True,0,0,0,0,True,
600130.SH,600130,600130,波导股份,主板,沪市,主板,801080.SI,电子,801085.SI,消费电子,消费电子,L,20000706,9591,26.26,4.86,6.114,8.696,False,True,True,0,0,0,0,True,
600131.SH,600131,600131,国网信通,主板,沪市,主板,801750.SI,计算机,801103.SI,IT服务Ⅱ,IT服务Ⅱ,L,19980402,10417,28.52,15.57,3.318,25.0,False,True,True,0,0,0,0,True,
600132.SH,600132,600132,重庆啤酒,主板,沪市,主板,801120.SI,食品饮料,801126.SI,非白酒,非白酒,L,19971030,10571,28.94,38.62,0.915,29.167,False,True,True,0,0,0,0,True,
600133.SH,600133,600133,东湖高新,主板,沪市,主板,801970.SI,环保,801971.SI,环境治理,环境治理,L,19980212,10466,28.65,7.79,-0.256,10.976,False,True,True,0,0,0,0,True,
600135.SH,600135,600135,乐凯胶片,主板,沪市,主板,801030.SI,基础化工,801036.SI,塑料,塑料,L,19980122,10487,28.71,7.56,-0.395,10.526,False,True,True,0,0,0,0,True,
600137.SH,600137,600137,浪莎股份,主板,沪市,主板,801130.SI,纺织服饰,801132.SI,服装家纺,服装家纺,L,19980416,10403,28.48,18.07,-0.166,8.989,False,True,True,0,0,0,0,True,
600138.SH,600138,600138,中青旅,主板,沪市,主板,801210.SI,社会服务,801993.SI,旅游及景区,旅游及景区,L,19971203,10537,28.85,7.01,1.742,8.333,False,True,True,0,0,0,0,True,
600141.SH,600141,600141,兴发集团,主板,沪市,主板,801030.SI,基础化工,801038.SI,农化制品,农化制品,L,19990616,9977,27.32,27.3,1.6,13.115,False,True,True,0,0,0,0,True,
600143.SH,600143,600143,金发科技,主板,沪市,主板,801030.SI,基础化工,801036.SI,塑料,塑料,L,20040623,8143,22.29,13.22,3.12,20.833,False,True,True,0,0,0,0,True,
600148.SH,600148,600148,长春一东,主板,沪市,主板,801880.SI,汽车,801093.SI,汽车零部件,汽车零部件,L,19980520,10369,28.39,15.71,0.064,10.256,False,True,True,0,0,0,0,True,
600149.SH,600149,600149,廊坊发展,主板,沪市,主板,801160.SI,公用事业,801161.SI,电力,电力,L,19991014,9857,26.99,5.11,-0.969,8.0,False,True,True,0,0,0,0,True,
600150.SH,600150,600150,中国船舶,主板,沪市,主板,801740.SI,国防军工,801744.SI,航海装备Ⅱ,航海装备Ⅱ,L,19980520,10369,28.39,38.54,-3.19,17.241,False,True,True,0,0,0,0,True,
600151.SH,600151,600151,航天机电,主板,沪市,主板,801730.SI,电力设备,801735.SI,光伏设备,光伏设备,L,19980605,10353,28.34,9.04,-0.877,16.327,False,True,True,0,0,0,0,True,
600152.SH,600152,600152,维科技术,主板,沪市,主板,801730.SI,电力设备,801737.SI,电池,电池,L,19980609,10349,28.33,8.73,-4.902,8.14,False,True,True,0,0,0,0,True,
600153.SH,600153,600153,建发股份,主板,沪市,主板,801170.SI,交通运输,801178.SI,物流,物流,L,19980616,10342,28.31,9.01,0.558,10.465,False,True,True,0,0,0,0,True,
600155.SH,600155,600155,华创云信,主板,沪市,主板,801790.SI,非银金融,801193.SI,证券Ⅱ,证券Ⅱ,L,19980918,10248,28.06,5.96,2.055,10.0,False,True,True,0,0,0,0,True,
600156.SH,600156,600156,华升股份,主板,沪市,主板,801130.SI,纺织服饰,801131.SI,纺织制造,纺织制造,L,19980527,10362,28.37,7.35,2.797,19.277,False,True,True,0,0,0,0,True,
600157.SH,600157,600157,永泰能源,主板,沪市,主板,801950.SI,煤炭,801951.SI,煤炭开采,煤炭开采,L,19980513,10376,28.41,1.46,0.69,6.667,False,True,True,0,0,0,0,True,
600158.SH,600158,600158,中体产业,主板,沪市,主板,801210.SI,社会服务,801216.SI,体育Ⅱ,体育Ⅱ,L,19980327,10423,28.54,6.99,1.895,8.571,False,True,True,0,0,0,0,True,
600159.SH,600159,600159,大龙地产,主板,沪市,主板,801180.SI,房地产,801181.SI,房地产开发,房地产开发,L,19980526,10363,28.37,2.77,1.838,11.111,False,True,True,0,0,0,0,True,
600160.SH,600160,600160,巨化股份,主板,沪市,主板,801030.SI,基础化工,801034.SI,化学制品,化学制品,L,19980626,10332,28.29,33.03,2.323,32.308,False,True,True,0,0,0,0,True,
600161.SH,600161,600161,天坛生物,主板,沪市,主板,801150.SI,医药生物,801152.SI,生物制品,生物制品,L,19980616,10342,28.31,12.73,1.434,35.484,False,True,True,0,0,0,0,True,
600162.SH,600162,600162,香江控股,主板,沪市,主板,801180.SI,房地产,801181.SI,房地产开发,房地产开发,L,19980609,10349,28.33,4.17,0.24,17.021,False,True,True,0,0,0,0,True,
600163.SH,600163,600163,中闽能源,主板,沪市,主板,801160.SI,公用事业,801161.SI,电力,电力,L,19980602,10356,28.35,5.6,-1.235,14.286,False,True,True,0,0,0,0,True,
600166.SH,600166,600166,福田汽车,主板,沪市,主板,801880.SI,汽车,801096.SI,商用车,商用车,L,19980602,10356,28.35,2.82,1.805,10.345,False,True,True,0,0,0,0,True,
600167.SH,600167,600167,联美控股,主板,沪市,主板,801160.SI,公用事业,801161.SI,电力,电力,L,19990128,10116,27.7,6.05,4.31,27.419,False,True,True,0,0,0,0,True,
600168.SH,600168,600168,武汉控股,主板,沪市,主板,801970.SI,环保,801971.SI,环境治理,环境治理,L,19980427,10392,28.45,4.43,0.226,20.455,False,True,True,0,0,0,0,True,
600170.SH,600170,600170,上海建工,主板,沪市,主板,801720.SI,建筑装饰,801721.SI,房屋建设Ⅱ,房屋建设Ⅱ,L,19980623,10335,28.3,2.23,0.451,8.696,False,True,True,0,0,0,0,True,
600171.SH,600171,600171,上海贝岭,主板,沪市,主板,801080.SI,电子,801081.SI,半导体,半导体,L,19980924,10242,28.04,21.23,-0.329,13.333,False,True,True,0,0,0,0,True,
600172.SH,600172,600172,黄河旋风,主板,沪市,主板,801890.SI,机械设备,801072.SI,通用设备,通用设备,L,19981126,10179,27.87,13.61,0.815,23.129,False,True,True,0,0,0,0,True,
600173.SH,600173,600173,卧龙新能,主板,沪市,主板,801180.SI,房地产,801181.SI,房地产开发,房地产开发,L,19990415,10039,27.49,5.93,0.679,20.968,False,True,True,0,0,0,0,True,
600176.SH,600176,600176,中国巨石,主板,沪市,主板,801710.SI,建筑材料,801712.SI,玻璃玻纤,玻璃玻纤,L,19990422,10032,27.47,38.57,-2.478,16.514,False,True,True,0,0,0,0,True,
600177.SH,600177,600177,雅戈尔,主板,沪市,主板,801130.SI,纺织服饰,801132.SI,服装家纺,服装家纺,L,19981119,10186,27.89,8.37,-0.357,16.0,False,True,True,0,0,0,0,True,
600178.SH,600178,600178,东安动力,主板,沪市,主板,801880.SI,汽车,801093.SI,汽车零部件,汽车零部件,L,19981014,10222,27.99,9.85,0.819,6.122,False,True,True,0,0,0,0,True,
600179.SH,600179,600179,安通控股,主板,沪市,主板,801170.SI,交通运输,801992.SI,航运港口,航运港口,L,19981104,10201,27.93,4.38,-0.228,8.889,False,True,True,0,0,0,0,True,
600182.SH,600182,600182,S佳通,主板,沪市,主板,801880.SI,汽车,801093.SI,汽车零部件,汽车零部件,L,19990507,10017,27.43,12.2,-0.571,9.302,False,True,True,0,0,0,0,True,
600183.SH,600183,600183,生益科技,主板,沪市,主板,801080.SI,电子,801083.SI,元件,元件,L,19981028,10208,27.95,124.14,-5.855,14.737,False,True,True,0,0,0,0,True,
600184.SH,600184,600184,光电股份,主板,沪市,主板,801740.SI,国防军工,801743.SI,地面兵装Ⅱ,地面兵装Ⅱ,L,20031106,8373,22.92,16.96,-2.417,18.812,False,True,True,0,0,0,0,True,
600185.SH,600185,600185,珠免集团,主板,沪市,主板,801200.SI,商贸零售,801207.SI,旅游零售Ⅱ,旅游零售Ⅱ,L,19990611,9982,27.33,4.77,1.706,18.75,False,True,True,0,0,0,0,True,
600186.SH,600186,600186,莲花控股,主板,沪市,主板,801120.SI,食品饮料,801129.SI,调味发酵品Ⅱ,调味发酵品Ⅱ,L,19980825,10272,28.12,10.76,-6.108,22.034,False,True,True,0,0,0,0,True,
600188.SH,600188,600188,兖矿能源,主板,沪市,主板,801950.SI,煤炭,801951.SI,煤炭开采,煤炭开采,L,19980701,10327,28.27,20.48,2.657,21.739,False,True,True,0,0,0,0,True,
600189.SH,600189,600189,泉阳泉,主板,沪市,主板,801120.SI,食品饮料,801127.SI,饮料乳品,饮料乳品,L,19981007,10229,28.01,8.76,0.0,16.867,False,True,True,0,0,0,0,True,
600191.SH,600191,600191,华资实业,主板,沪市,主板,801010.SI,农林牧渔,801012.SI,农产品加工,农产品加工,L,19981210,10165,27.83,8.9,1.947,19.608,False,True,True,0,0,0,0,True,
600192.SH,600192,600192,长城电工,主板,沪市,主板,801730.SI,电力设备,801738.SI,电网设备,电网设备,L,19981224,10151,27.79,7.21,0.0,12.0,False,True,True,0,0,0,0,True,
600195.SH,600195,600195,中牧股份,主板,沪市,主板,801010.SI,农林牧渔,801018.SI,动物保健Ⅱ,动物保健Ⅱ,L,19990107,10137,27.75,6.73,1.355,20.896,False,True,True,0,0,0,0,True,
600196.SH,600196,600196,复星医药,主板,沪市,主板,801150.SI,医药生物,801151.SI,化学制药,化学制药,L,19980807,10290,28.17,23.89,0.547,7.692,False,True,True,0,0,0,0,True,
600197.SH,600197,600197,伊力特,主板,沪市,主板,801120.SI,食品饮料,801125.SI,白酒Ⅱ,白酒Ⅱ,L,19990916,9885,27.06,9.4,1.184,9.375,False,True,True,0,0,0,0,True,
600198.SH,600198,600198,大唐电信,主板,沪市,主板,801770.SI,通信,801102.SI,通信设备,通信设备,L,19981021,10215,27.97,7.16,0.987,11.688,False,True,True,0,0,0,0,True,
600199.SH,600199,600199,金种子酒,主板,沪市,主板,801120.SI,食品饮料,801125.SI,白酒Ⅱ,白酒Ⅱ,L,19980812,10285,28.16,7.06,1.876,11.111,False,True,True,0,0,0,0,True,
600201.SH,600201,600201,生物股份,主板,沪市,主板,801010.SI,农林牧渔,801018.SI,动物保健Ⅱ,动物保健Ⅱ,L,19990115,10129,27.73,11.84,2.157,14.634,False,True,True,0,0,0,0,True,
600202.SH,600202,600202,哈空调,主板,沪市,主板,801890.SI,机械设备,801072.SI,通用设备,通用设备,L,19990603,9990,27.35,5.21,0.969,12.0,False,True,True,0,0,0,0,True,
600203.SH,600203,600203,福日电子,主板,沪市,主板,801080.SI,电子,801085.SI,消费电子,消费电子,L,19990514,10010,27.41,9.67,0.311,12.871,False,True,True,0,0,0,0,True,
600206.SH,600206,600206,有研新材,主板,沪市,主板,801080.SI,电子,801081.SI,半导体,半导体,L,19990319,10066,27.56,47.95,7.415,12.346,False,True,True,0,0,0,0,True,
600207.SH,600207,600207,安彩高科,主板,沪市,主板,801730.SI,电力设备,801735.SI,光伏设备,光伏设备,L,19990714,9949,27.24,5.6,10.02,17.647,False,True,True,0,0,0,0,True,
600208.SH,600208,600208,衢州发展,主板,沪市,主板,801180.SI,房地产,801181.SI,房地产开发,房地产开发,L,19990623,9970,27.3,2.86,0.351,10.345,False,True,True,0,0,0,0,True,
600210.SH,600210,600210,紫江企业,主板,沪市,主板,801140.SI,轻工制造,801141.SI,包装印刷,包装印刷,L,19990824,9908,27.13,6.6,3.125,8.065,False,True,True,0,0,0,0,True,
600211.SH,600211,600211,西藏药业,主板,沪市,主板,801150.SI,医药生物,801152.SI,生物制品,生物制品,L,19990721,9942,27.22,36.78,1.715,6.452,False,True,True,0,0,0,0,True,
600212.SH,600212,600212,绿能慧充,主板,沪市,主板,801730.SI,电力设备,801733.SI,其他电源设备Ⅱ,其他电源设备Ⅱ,L,19990817,9915,27.15,5.67,0.711,15.254,False,True,True,0,0,0,0,True,
600215.SH,600215,600215,派斯林,主板,沪市,主板,801890.SI,机械设备,801078.SI,自动化设备,自动化设备,L,19990909,9892,27.08,6.09,0.495,12.698,False,True,True,0,0,0,0,True,
600216.SH,600216,600216,浙江医药,主板,沪市,主板,801150.SI,医药生物,801151.SI,化学制药,化学制药,L,19991021,9850,26.97,12.59,0.72,10.938,False,True,True,0,0,0,0,True,
600217.SH,600217,600217,中再资环,主板,沪市,主板,801970.SI,环保,801971.SI,环境治理,环境治理,L,19991216,9794,26.81,3.34,1.212,25.0,False,True,True,0,0,0,0,True,
600218.SH,600218,600218,全柴动力,主板,沪市,主板,801880.SI,汽车,801093.SI,汽车零部件,汽车零部件,L,19981203,10172,27.85,8.43,4.721,7.692,False,True,True,0,0,0,0,True,
600219.SH,600219,600219,南山铝业,主板,沪市,主板,801050.SI,有色金属,801055.SI,工业金属,工业金属,L,19991223,9787,26.8,4.88,0.0,10.417,False,True,True,0,0,0,0,True,
600221.SH,600221,600221,海航控股,主板,沪市,主板,801170.SI,交通运输,801991.SI,航空机场,航空机场,L,19991125,9815,26.87,1.22,0.0,23.077,False,True,True,0,0,0,0,True,
600222.SH,600222,600222,太龙药业,主板,沪市,主板,801150.SI,医药生物,801155.SI,中药Ⅱ,中药Ⅱ,L,19991105,9835,26.93,7.78,2.1,8.861,False,True,True,0,0,0,0,True,
600223.SH,600223,600223,福瑞达,主板,沪市,主板,801980.SI,美容护理,801982.SI,化妆品,化妆品,L,20000113,9766,26.74,5.83,2.461,22.807,False,True,True,0,0,0,0,True,
600226.SH,600226,600226,亨通股份,主板,沪市,主板,801160.SI,公用事业,801161.SI,电力,电力,L,19991116,9824,26.9,5.04,-2.703,13.559,False,True,True,0,0,0,0,True,
600227.SH,600227,600227,赤天化,主板,沪市,主板,801030.SI,基础化工,801038.SI,农化制品,农化制品,L,20000221,9727,26.63,4.12,1.98,7.692,False,True,True,0,0,0,0,True,
600228.SH,600228,600228,返利科技,主板,沪市,主板,801760.SI,传媒,801767.SI,数字媒体,数字媒体,L,19990119,10125,27.72,9.42,0.965,25.243,False,True,True,0,0,0,8,True,
600229.SH,600229,600229,城市传媒,主板,沪市,主板,801760.SI,传媒,801769.SI,出版,出版,L,20000309,9710,26.58,5.91,4.233,17.857,False,True,True,0,0,0,0,True,
600230.SH,600230,600230,沧州大化,主板,沪市,主板,801030.SI,基础化工,801034.SI,化学制品,化学制品,L,20000406,9682,26.51,13.74,1.178,11.765,False,True,True,0,0,0,0,True,
600231.SH,600231,600231,凌钢股份,主板,沪市,主板,801040.SI,钢铁,801044.SI,普钢,普钢,L,20000511,9647,26.41,1.71,1.183,35.294,False,True,True,0,0,0,0,True,
600232.SH,600232,600232,金鹰股份,主板,沪市,主板,801890.SI,机械设备,801074.SI,专用设备,专用设备,L,20000602,9625,26.35,6.86,-0.291,12.121,False,True,True,0,0,0,0,True,
600233.SH,600233,600233,圆通速递,主板,沪市,主板,801170.SI,交通运输,801178.SI,物流,物流,L,20000608,9619,26.34,18.21,2.418,13.793,False,True,True,0,0,0,0,True,
600234.SH,600234,600234,科新发展,主板,沪市,主板,801720.SI,建筑装饰,801722.SI,装修装饰Ⅱ,装修装饰Ⅱ,L,20000615,9612,26.32,19.04,1.169,29.63,False,True,True,0,0,0,0,True,
600235.SH,600235,600235,民丰特纸,主板,沪市,主板,801140.SI,轻工制造,801143.SI,造纸,造纸,L,20000615,9612,26.32,5.95,0.168,12.281,False,True,True,0,0,0,0,True,
600236.SH,600236,600236,桂冠电力,主板,沪市,主板,801160.SI,公用事业,801161.SI,电力,电力,L,20000323,9696,26.55,9.93,0.608,24.272,False,True,True,0,0,0,0,True,
600237.SH,600237,600237,铜峰电子,主板,沪市,主板,801080.SI,电子,801083.SI,元件,元件,L,20000609,9618,26.33,8.42,-4.751,14.286,False,True,True,0,0,0,0,True,
600241.SH,600241,600241,时代万恒,主板,沪市,主板,801730.SI,电力设备,801737.SI,电池,电池,L,20001128,9446,25.86,11.76,10.009,40.0,False,True,True,0,0,0,0,True,
600246.SH,600246,600246,万通发展,主板,沪市,主板,801180.SI,房地产,801181.SI,房地产开发,房地产开发,L,20000922,9513,26.05,11.88,-2.142,20.611,False,True,True,0,0,0,0,True,
600248.SH,600248,600248,陕建股份,主板,沪市,主板,801720.SI,建筑装饰,801721.SI,房屋建设Ⅱ,房屋建设Ⅱ,L,20000622,9605,26.3,2.89,0.697,10.714,False,True,True,0,0,0,0,True,
600249.SH,600249,600249,两面针,主板,沪市,主板,801980.SI,美容护理,801981.SI,个护用品,个护用品,L,20040130,8288,22.69,5.44,1.873,11.111,False,True,True,0,0,0,0,True,
600250.SH,600250,600250,南京商旅,主板,沪市,主板,801200.SI,商贸零售,801202.SI,贸易Ⅱ,贸易Ⅱ,L,20010306,9348,25.59,8.8,0.802,14.13,False,True,True,0,0,0,0,True,
600251.SH,600251,600251,冠农股份,主板,沪市,主板,801010.SI,农林牧渔,801012.SI,农产品加工,农产品加工,L,20030609,8523,23.33,10.39,0.581,15.385,False,True,True,0,0,0,0,True,
600252.SH,600252,600252,中恒集团,主板,沪市,主板,801150.SI,医药生物,801155.SI,中药Ⅱ,中药Ⅱ,L,20001130,9444,25.86,2.25,3.687,9.091,False,True,True,0,0,0,0,True,
600255.SH,600255,600255,鑫科材料,主板,沪市,主板,801050.SI,有色金属,801051.SI,金属新材料,金属新材料,L,20001122,9452,25.88,3.35,0.299,13.889,False,True,True,0,0,0,0,True,
600256.SH,600256,600256,广汇能源,主板,沪市,主板,801960.SI,石油石化,801963.SI,炼化及贸易,炼化及贸易,L,20000526,9632,26.37,7.2,5.882,19.403,False,True,True,0,0,0,0,True,
600257.SH,600257,600257,大湖股份,主板,沪市,主板,801010.SI,农林牧渔,801015.SI,渔业,渔业,L,20000612,9615,26.32,5.51,2.037,8.929,False,True,True,0,0,0,0,True,
600258.SH,600258,600258,首旅酒店,主板,沪市,主板,801210.SI,社会服务,801219.SI,酒店餐饮,酒店餐饮,L,20000601,9626,26.35,10.97,2.142,10.256,False,True,True,0,0,0,0,True,
600259.SH,600259,600259,中稀有色,主板,沪市,主板,801050.SI,有色金属,801054.SI,小金属,小金属,L,20000525,9633,26.37,70.9,1.141,16.832,False,True,True,0,0,0,0,True,
600261.SH,600261,600261,阳光照明,主板,沪市,主板,801110.SI,家用电器,801115.SI,照明设备Ⅱ,照明设备Ⅱ,L,20000720,9577,26.22,3.27,0.307,12.5,False,True,True,0,0,0,0,True,
600262.SH,600262,600262,北方股份,主板,沪市,主板,801890.SI,机械设备,801074.SI,专用设备,专用设备,L,20000630,9597,26.28,14.7,1.801,6.667,False,True,True,0,0,0,0,True,
600266.SH,600266,600266,城建发展,主板,沪市,主板,801180.SI,房地产,801181.SI,房地产开发,房地产开发,L,19990203,10110,27.68,4.45,2.299,6.977,False,True,True,0,0,0,0,True,
600267.SH,600267,600267,海正药业,主板,沪市,主板,801150.SI,医药生物,801151.SI,化学制药,化学制药,L,20000725,9572,26.21,11.94,2.577,22.034,False,True,True,0,0,0,0,True,
600268.SH,600268,600268,国电南自,主板,沪市,主板,801730.SI,电力设备,801738.SI,电网设备,电网设备,L,19991118,9822,26.89,10.29,-0.194,12.15,False,True,True,0,0,0,0,True,
600269.SH,600269,600269,赣粤高速,主板,沪市,主板,801170.SI,交通运输,801179.SI,铁路公路,铁路公路,L,20000518,9640,26.39,3.87,1.309,15.385,False,True,True,0,0,0,0,True,
600271.SH,600271,600271,航天信息,主板,沪市,主板,801750.SI,计算机,801103.SI,IT服务Ⅱ,IT服务Ⅱ,L,20030711,8491,23.25,6.75,2.74,29.412,False,True,True,0,0,0,0,True,
600272.SH,600272,600272,开开实业,主板,沪市,主板,801150.SI,医药生物,801154.SI,医药商业,医药商业,L,20010228,9354,25.61,15.65,0.968,6.536,False,True,True,0,0,0,0,True,
600273.SH,600273,600273,嘉化能源,主板,沪市,主板,801030.SI,基础化工,801034.SI,化学制品,化学制品,L,20030627,8505,23.29,6.3,0.478,10.606,False,True,True,0,0,0,0,True,
600276.SH,600276,600276,恒瑞医药,主板,沪市,主板,801150.SI,医药生物,801151.SI,化学制药,化学制药,L,20001018,9487,25.97,46.85,-0.34,20.833,False,True,True,0,0,0,0,True,
600278.SH,600278,600278,东方创业,主板,沪市,主板,801200.SI,商贸零售,801202.SI,贸易Ⅱ,贸易Ⅱ,L,20000712,9585,26.24,6.62,2.477,25.0,False,True,True,0,0,0,0,True,
600279.SH,600279,600279,重庆港,主板,沪市,主板,801170.SI,交通运输,801992.SI,航运港口,航运港口,L,20000731,9566,26.19,4.34,-0.23,25.581,False,True,True,0,0,0,0,True,
600280.SH,600280,600280,中央商场,主板,沪市,主板,801200.SI,商贸零售,801203.SI,一般零售,一般零售,L,20000926,9509,26.03,3.17,7.095,13.333,False,True,True,0,0,0,0,True,
600281.SH,600281,600281,华阳新材,主板,沪市,主板,801050.SI,有色金属,801054.SI,小金属,小金属,L,20001109,9465,25.91,4.66,0.866,8.511,False,True,True,0,0,0,0,True,
600282.SH,600282,600282,南钢股份,主板,沪市,主板,801040.SI,钢铁,801044.SI,普钢,普钢,L,20000919,9516,26.05,4.61,0.0,15.217,False,True,True,0,0,0,0,True,
600283.SH,600283,600283,钱江水利,主板,沪市,主板,801970.SI,环保,801971.SI,环境治理,环境治理,L,20001018,9487,25.97,8.06,0.374,14.634,False,True,True,0,0,0,0,True,
600284.SH,600284,600284,浦东建设,主板,沪市,主板,801720.SI,建筑装饰,801723.SI,基础建设,基础建设,L,20040316,8242,22.57,5.23,1.553,7.692,False,True,True,0,0,0,0,True,
600285.SH,600285,600285,羚锐制药,主板,沪市,主板,801150.SI,医药生物,801155.SI,中药Ⅱ,中药Ⅱ,L,20001018,9487,25.97,19.66,3.04,15.152,False,True,True,0,0,0,0,True,
600287.SH,600287,600287,苏豪时尚,主板,沪市,主板,801200.SI,商贸零售,801202.SI,贸易Ⅱ,贸易Ⅱ,L,20000901,9534,26.1,5.04,0.599,22.449,False,True,True,0,0,0,0,True,
600288.SH,600288,600288,大恒科技,主板,沪市,主板,801750.SI,计算机,801104.SI,软件开发,软件开发,L,20001129,9445,25.86,10.48,2.644,8.182,False,True,True,0,0,0,0,True,
600292.SH,600292,600292,电投水电,主板,沪市,主板,801970.SI,环保,801971.SI,环境治理,环境治理,L,20001101,9473,25.94,11.31,-0.789,10.526,False,True,True,0,0,0,0,True,
600295.SH,600295,600295,鄂尔多斯,主板,沪市,主板,801040.SI,钢铁,801043.SI,冶钢原料,冶钢原料,L,20010426,9297,25.45,13.21,0.609,26.154,False,True,True,0,0,0,0,True,
600298.SH,600298,600298,安琪酵母,主板,沪市,主板,801120.SI,食品饮料,801129.SI,调味发酵品Ⅱ,调味发酵品Ⅱ,L,20000818,9548,26.14,37.86,-0.29,12.281,False,True,True,0,0,0,0,True,
600299.SH,600299,600299,安迪苏,主板,沪市,主板,801030.SI,基础化工,801034.SI,化学制品,化学制品,L,20000420,9668,26.47,8.48,1.557,19.048,False,True,True,0,0,0,0,True,
600300.SH,600300,600300,维维股份,主板,沪市,主板,801120.SI,食品饮料,801127.SI,饮料乳品,饮料乳品,L,20000630,9597,26.28,3.16,2.597,9.375,False,True,True,0,0,0,0,True,
600303.SH,600303,600303,曙光股份,主板,沪市,主板,801880.SI,汽车,801096.SI,商用车,商用车,L,20001226,9418,25.79,3.13,-1.262,10.0,False,True,True,0,0,0,0,True,
600305.SH,600305,600305,恒顺醋业,主板,沪市,主板,801120.SI,食品饮料,801129.SI,调味发酵品Ⅱ,调味发酵品Ⅱ,L,20010206,9376,25.67,6.85,1.182,13.043,False,True,True,0,0,0,0,True,
600307.SH,600307,600307,酒钢宏兴,主板,沪市,主板,801040.SI,钢铁,801044.SI,普钢,普钢,L,20001220,9424,25.8,1.48,1.37,26.667,False,True,True,0,0,0,0,True,
600308.SH,600308,600308,华泰股份,主板,沪市,主板,801140.SI,轻工制造,801143.SI,造纸,造纸,L,20000928,9507,26.03,3.29,1.231,21.212,False,True,True,0,0,0,0,True,
600309.SH,600309,600309,万华化学,主板,沪市,主板,801030.SI,基础化工,801034.SI,化学制品,化学制品,L,20010105,9408,25.76,70.2,0.588,10.714,False,True,True,0,0,0,0,True,
600310.SH,600310,600310,广西能源,主板,沪市,主板,801160.SI,公用事业,801161.SI,电力,电力,L,20010228,9354,25.61,4.85,-2.414,10.638,False,True,True,0,0,0,0,True,
600312.SH,600312,600312,平高电气,主板,沪市,主板,801730.SI,电力设备,801738.SI,电网设备,电网设备,L,20010221,9361,25.63,20.58,0.243,8.081,False,True,True,0,0,0,0,True,
600313.SH,600313,600313,农发种业,主板,沪市,主板,801010.SI,农林牧渔,801016.SI,种植业,种植业,L,20010119,9394,25.72,7.35,6.831,8.571,False,True,True,0,0,0,0,True,
600315.SH,600315,600315,上海家化,主板,沪市,主板,801980.SI,美容护理,801982.SI,化妆品,化妆品,L,20010315,9339,25.57,19.45,5.135,10.0,False,True,True,0,0,0,0,True,
600316.SH,600316,600316,洪都航空,主板,沪市,主板,801740.SI,国防军工,801742.SI,航空装备Ⅱ,航空装备Ⅱ,L,20001215,9429,25.82,31.56,-2.653,18.75,False,True,True,0,0,0,0,True,
600318.SH,600318,600318,新力金融,主板,沪市,主板,801790.SI,非银金融,801191.SI,多元金融,多元金融,L,20001208,9436,25.83,7.12,5.952,8.696,False,True,True,0,0,0,0,True,
600319.SH,600319,600319,亚星化学,主板,沪市,主板,801030.SI,基础化工,801033.SI,化学原料,化学原料,L,20010326,9328,25.54,6.32,0.318,19.048,False,True,True,0,0,0,0,True,
600320.SH,600320,600320,振华重工,主板,沪市,主板,801890.SI,机械设备,801074.SI,专用设备,专用设备,L,20001221,9423,25.8,4.12,0.98,12.195,False,True,True,0,0,0,0,True,
600322.SH,600322,600322,津投城开,主板,沪市,主板,801180.SI,房地产,801181.SI,房地产开发,房地产开发,L,20010910,9160,25.08,2.83,0.355,7.407,False,True,True,0,0,0,0,True,
600323.SH,600323,600323,瀚蓝环境,主板,沪市,主板,801970.SI,环保,801971.SI,环境治理,环境治理,L,20001225,9419,25.79,29.81,0.168,10.204,False,True,True,0,0,0,0,True,
600325.SH,600325,600325,华发股份,主板,沪市,主板,801180.SI,房地产,801181.SI,房地产开发,房地产开发,L,20040225,8262,22.62,2.89,1.049,11.111,False,True,True,0,0,0,0,True,
600326.SH,600326,600326,西藏天路,主板,沪市,主板,801710.SI,建筑材料,801711.SI,水泥,水泥,L,20010116,9397,25.73,6.63,1.531,12.329,False,True,True,0,0,0,0,True,
600327.SH,600327,600327,大东方,主板,沪市,主板,801200.SI,商贸零售,801203.SI,一般零售,一般零售,L,20020625,8872,24.29,3.98,3.916,7.692,False,True,True,0,0,0,0,True,
600328.SH,600328,600328,中盐化工,主板,沪市,主板,801030.SI,基础化工,801033.SI,化学原料,化学原料,L,20001222,9422,25.8,5.79,1.579,19.048,False,True,True,0,0,0,0,True,
600329.SH,600329,600329,达仁堂,主板,沪市,主板,801150.SI,医药生物,801155.SI,中药Ⅱ,中药Ⅱ,L,20010606,9256,25.34,35.8,0.732,13.333,False,True,True,0,0,0,0,True,
600330.SH,600330,600330,天通股份,主板,沪市,主板,801080.SI,电子,801086.SI,电子化学品Ⅱ,电子化学品Ⅱ,L,20010118,9395,25.72,23.23,-4.048,22.143,False,True,True,0,0,0,0,True,
600331.SH,600331,600331,宏达股份,主板,沪市,主板,801030.SI,基础化工,801038.SI,农化制品,农化制品,L,20011220,9059,24.8,11.71,1.385,14.516,False,True,True,0,0,0,0,True,
600332.SH,600332,600332,白云山,主板,沪市,主板,801150.SI,医药生物,801155.SI,中药Ⅱ,中药Ⅱ,L,20010206,9376,25.67,19.97,1.422,20.755,False,True,True,0,0,0,0,True,
600333.SH,600333,600333,长春燃气,主板,沪市,主板,801160.SI,公用事业,801163.SI,燃气Ⅱ,燃气Ⅱ,L,20001211,9433,25.83,6.87,0.439,16.418,False,True,True,0,0,0,0,True,
600335.SH,600335,600335,国机汽车,主板,沪市,主板,801880.SI,汽车,801092.SI,汽车服务,汽车服务,L,20010305,9349,25.6,5.28,1.538,15.385,False,True,True,0,0,0,0,True,
600336.SH,600336,600336,澳柯玛,主板,沪市,主板,801110.SI,家用电器,801111.SI,白色家电,白色家电,L,20001229,9415,25.78,6.22,1.303,20.312,False,True,True,0,0,0,0,True,
600338.SH,600338,600338,西藏珠峰,主板,沪市,主板,801050.SI,有色金属,801055.SI,工业金属,工业金属,L,20001227,9417,25.78,12.28,2.419,15.385,False,True,True,0,0,0,0,True,
600339.SH,600339,600339,中油工程,主板,沪市,主板,801960.SI,石油石化,801962.SI,油服工程,油服工程,L,20001225,9419,25.79,3.35,-0.594,15.152,False,True,True,0,0,0,0,True,
600343.SH,600343,600343,航天动力,主板,沪市,主板,801890.SI,机械设备,801072.SI,通用设备,通用设备,L,20030408,8585,23.5,18.39,-3.717,8.163,False,True,True,0,0,0,0,True,
600345.SH,600345,600345,长江通信,主板,沪市,主板,801770.SI,通信,801102.SI,通信设备,通信设备,L,20001222,9422,25.8,45.58,-1.81,14.773,False,True,True,0,0,0,0,True,
600346.SH,600346,600346,恒力石化,主板,沪市,主板,801960.SI,石油石化,801963.SI,炼化及贸易,炼化及贸易,L,20010820,9181,25.14,16.45,0.305,40.0,False,True,True,0,0,0,0,True,
600348.SH,600348,600348,华阳股份,主板,沪市,主板,801950.SI,煤炭,801951.SI,煤炭开采,煤炭开采,L,20030821,8450,23.13,9.08,-0.11,12.36,False,True,True,0,0,0,0,True,
600350.SH,600350,600350,山东高速,主板,沪市,主板,801170.SI,交通运输,801179.SI,铁路公路,铁路公路,L,20020318,8971,24.56,10.58,3.119,23.684,False,True,True,0,0,0,0,True,
600351.SH,600351,600351,亚宝药业,主板,沪市,主板,801150.SI,医药生物,801155.SI,中药Ⅱ,中药Ⅱ,L,20020926,8779,24.04,7.07,3.666,4.412,False,True,True,0,0,0,0,True,
600352.SH,600352,600352,浙江龙盛,主板,沪市,主板,801030.SI,基础化工,801034.SI,化学制品,化学制品,L,20030801,8470,23.19,12.48,1.053,11.29,False,True,True,0,0,0,0,True,
600353.SH,600353,600353,旭光电子,主板,沪市,主板,801080.SI,电子,801082.SI,其他电子Ⅱ,其他电子Ⅱ,L,20021120,8724,23.89,26.41,-4.138,20.0,False,True,True,0,0,0,0,True,
600354.SH,600354,600354,敦煌种业,主板,沪市,主板,801010.SI,农林牧渔,801016.SI,种植业,种植业,L,20040115,8303,22.73,9.99,10.022,7.447,False,True,True,0,0,0,0,True,
600356.SH,600356,600356,恒丰纸业,主板,沪市,主板,801140.SI,轻工制造,801143.SI,造纸,造纸,L,20010419,9304,25.47,10.73,-0.648,12.963,False,True,True,0,0,0,0,True,
600358.SH,600358,600358,国旅联合,主板,沪市,主板,801760.SI,传媒,801765.SI,广告营销,广告营销,L,20000922,9513,26.05,5.54,1.28,14.815,False,True,True,0,0,0,0,True,
600359.SH,600359,600359,新农开发,主板,沪市,主板,801010.SI,农林牧渔,801016.SI,种植业,种植业,L,19990429,10025,27.45,7.66,4.788,8.0,False,True,True,0,0,0,0,True,
600360.SH,600360,600360,华微电子,主板,沪市,主板,801080.SI,电子,801081.SI,半导体,半导体,L,20010316,9338,25.57,10.21,-0.293,10.811,False,True,True,0,0,0,0,True,
600361.SH,600361,600361,创新新材,主板,沪市,主板,801050.SI,有色金属,801055.SI,工业金属,工业金属,L,20011129,9080,24.86,3.5,1.449,13.889,False,True,True,0,0,0,0,True,
600362.SH,600362,600362,江西铜业,主板,沪市,主板,801050.SI,有色金属,801055.SI,工业金属,工业金属,L,20020111,9037,24.74,42.51,1.48,14.062,False,True,True,0,0,0,0,True,
600366.SH,600366,600366,宁波韵升,主板,沪市,主板,801050.SI,有色金属,801051.SI,金属新材料,金属新材料,L,20001030,9475,25.94,10.88,0.647,11.504,False,True,True,0,0,0,0,True,
600367.SH,600367,600367,红星发展,主板,沪市,主板,801030.SI,基础化工,801033.SI,化学原料,化学原料,L,20010320,9334,25.56,32.1,-1.594,16.201,False,True,True,0,0,0,0,True,
600368.SH,600368,600368,五洲交通,主板,沪市,主板,801170.SI,交通运输,801179.SI,铁路公路,铁路公路,L,20001221,9423,25.8,4.24,-0.703,12.195,False,True,True,0,0,0,0,True,
600369.SH,600369,600369,西南证券,主板,沪市,主板,801790.SI,非银金融,801193.SI,证券Ⅱ,证券Ⅱ,L,20010109,9404,25.75,3.94,1.546,12.195,False,True,True,0,0,0,0,True,
600371.SH,600371,600371,万向德农,主板,沪市,主板,801010.SI,农林牧渔,801016.SI,种植业,种植业,L,20020916,8789,24.06,14.97,9.993,9.929,False,True,True,0,0,0,0,True,
600372.SH,600372,600372,中航机载,主板,沪市,主板,801740.SI,国防军工,801742.SI,航空装备Ⅱ,航空装备Ⅱ,L,20010706,9226,25.26,11.19,0.269,21.739,False,True,True,0,0,0,0,True,
600373.SH,600373,600373,中文传媒,主板,沪市,主板,801760.SI,传媒,801769.SI,出版,出版,L,20020304,8985,24.6,7.81,5.97,16.0,False,True,True,0,0,0,0,True,
600375.SH,600375,600375,汉马科技,主板,沪市,主板,801880.SI,汽车,801096.SI,商用车,商用车,L,20030401,8592,23.52,3.7,1.37,10.526,False,True,True,0,0,0,0,True,
600376.SH,600376,600376,首开股份,主板,沪市,主板,801180.SI,房地产,801181.SI,房地产开发,房地产开发,L,20010312,9342,25.58,3.23,0.938,24.242,False,True,True,0,0,0,0,True,
600377.SH,600377,600377,宁沪高速,主板,沪市,主板,801170.SI,交通运输,801179.SI,铁路公路,铁路公路,L,20010116,9397,25.73,13.49,2.275,16.529,False,True,True,0,0,0,0,True,
600378.SH,600378,600378,昊华科技,主板,沪市,主板,801030.SI,基础化工,801034.SI,化学制品,化学制品,L,20010111,9402,25.74,39.91,-1.457,14.103,False,True,True,0,0,0,0,True,
600379.SH,600379,600379,宝光股份,主板,沪市,主板,801730.SI,电力设备,801738.SI,电网设备,电网设备,L,20020116,9032,24.73,13.43,-0.149,8.333,False,True,True,0,0,0,0,True,
600380.SH,600380,600380,健康元,主板,沪市,主板,801150.SI,医药生物,801151.SI,化学制药,化学制药,L,20010608,9254,25.34,10.13,2.323,14.0,False,True,True,0,0,0,0,True,
600382.SH,600382,600382,广东明珠,主板,沪市,主板,801040.SI,钢铁,801043.SI,冶钢原料,冶钢原料,L,20010118,9395,25.72,5.69,0.353,12.903,False,True,True,0,0,0,0,True,
600383.SH,600383,600383,金地集团,主板,沪市,主板,801180.SI,房地产,801181.SI,房地产开发,房地产开发,L,20010412,9311,25.49,2.54,-1.167,16.0,False,True,True,0,0,0,0,True,
600386.SH,600386,600386,北巴传媒,主板,沪市,主板,801880.SI,汽车,801092.SI,汽车服务,汽车服务,L,20010216,9366,25.64,3.59,1.989,17.143,False,True,True,0,0,0,0,True,
600388.SH,600388,600388,紫金龙净,主板,沪市,主板,801970.SI,环保,801972.SI,环保设备Ⅱ,环保设备Ⅱ,L,20001229,9415,25.78,17.07,1.668,13.636,False,True,True,0,0,0,0,True,
600389.SH,600389,600389,江山股份,主板,沪市,主板,801030.SI,基础化工,801038.SI,农化制品,农化制品,L,20010110,9403,25.74,18.11,0.891,10.638,False,True,True,0,0,0,0,True,
600390.SH,600390,600390,五矿资本,主板,沪市,主板,801790.SI,非银金融,801191.SI,多元金融,多元金融,L,20010115,9398,25.73,4.87,1.247,12.245,False,True,True,0,0,0,0,True,
600391.SH,600391,600391,航发科技,主板,沪市,主板,801740.SI,国防军工,801742.SI,航空装备Ⅱ,航空装备Ⅱ,L,20011212,9067,24.82,37.41,-5.003,15.385,False,True,True,0,0,0,0,True,
600392.SH,600392,600392,盛和资源,主板,沪市,主板,801050.SI,有色金属,801054.SI,小金属,小金属,L,20030529,8534,23.36,19.84,0.711,13.699,False,True,True,0,0,0,0,True,
600395.SH,600395,600395,盘江股份,主板,沪市,主板,801950.SI,煤炭,801951.SI,煤炭开采,煤炭开采,L,20010531,9262,25.36,5.11,0.789,15.385,False,True,True,0,0,0,0,True,
600396.SH,600396,600396,华电辽能,主板,沪市,主板,801160.SI,公用事业,801161.SI,电力,电力,L,20010328,9326,25.53,12.23,-2.627,12.879,False,True,True,0,0,0,0,True,
600397.SH,600397,600397,江钨装备,主板,沪市,主板,801950.SI,煤炭,801951.SI,煤炭开采,煤炭开采,L,20020702,8865,24.27,15.35,-2.354,10.588,False,True,True,0,0,0,0,True,
600398.SH,600398,600398,海澜之家,主板,沪市,主板,801130.SI,纺织服饰,801132.SI,服装家纺,服装家纺,L,20001228,9416,25.78,6.01,2.735,6.78,False,True,True,0,0,0,0,True,
600399.SH,600399,600399,抚顺特钢,主板,沪市,主板,801040.SI,钢铁,801045.SI,特钢Ⅱ,特钢Ⅱ,L,20001229,9415,25.78,4.27,-0.698,14.286,False,True,True,0,0,0,0,True,
600400.SH,600400,600400,红豆股份,主板,沪市,主板,801130.SI,纺织服饰,801132.SI,服装家纺,服装家纺,L,20010108,9405,25.75,3.98,9.945,21.212,False,True,True,0,0,0,0,True,
600403.SH,600403,600403,大有能源,主板,沪市,主板,801950.SI,煤炭,801951.SI,煤炭开采,煤炭开采,L,20031009,8401,23.0,7.53,1.619,8.333,False,True,True,0,0,0,0,True,
600406.SH,600406,600406,国电南瑞,主板,沪市,主板,801730.SI,电力设备,801738.SI,电网设备,电网设备,L,20031016,8394,22.98,22.4,-2.012,15.584,False,True,True,0,0,0,0,True,
600408.SH,600408,600408,安泰集团,主板,沪市,主板,801950.SI,煤炭,801952.SI,焦炭Ⅱ,焦炭Ⅱ,L,20030212,8640,23.66,3.78,9.884,18.182,False,True,True,0,0,0,0,True,
600409.SH,600409,600409,三友化工,主板,沪市,主板,801030.SI,基础化工,801033.SI,化学原料,化学原料,L,20030618,8514,23.31,6.34,0.317,13.636,False,True,True,0,0,0,0,True,
600410.SH,600410,600410,华胜天成,主板,沪市,主板,801750.SI,计算机,801103.SI,IT服务Ⅱ,IT服务Ⅱ,L,20040427,8200,22.45,13.98,0.431,17.308,False,True,True,0,0,0,0,True,
600415.SH,600415,600415,小商品城,主板,沪市,主板,801200.SI,商贸零售,801203.SI,一般零售,一般零售,L,20020509,8919,24.42,11.05,2.031,16.667,False,True,True,0,0,0,0,True,
600416.SH,600416,600416,湘电股份,主板,沪市,主板,801730.SI,电力设备,801731.SI,电机Ⅱ,电机Ⅱ,L,20020718,8849,24.23,8.28,0.485,29.545,False,True,True,0,0,0,0,True,
600418.SH,600418,600418,江淮汽车,主板,沪市,主板,801880.SI,汽车,801096.SI,商用车,商用车,L,20010824,9177,25.13,22.75,-7.969,24.138,False,True,True,0,0,0,0,True,
600419.SH,600419,600419,天润乳业,主板,沪市,主板,801120.SI,食品饮料,801127.SI,饮料乳品,饮料乳品,L,20010628,9234,25.28,9.33,1.967,10.345,False,True,True,0,0,0,0,True,
600420.SH,600420,600420,国药现代,主板,沪市,主板,801150.SI,医药生物,801151.SI,化学制药,化学制药,L,20040616,8150,22.31,8.51,1.069,21.429,False,True,True,0,0,0,0,True,
600422.SH,600422,600422,昆药集团,主板,沪市,主板,801150.SI,医药生物,801155.SI,中药Ⅱ,中药Ⅱ,L,20001206,9438,25.84,8.36,2.2,11.628,False,True,True,0,0,0,0,True,
600425.SH,600425,600425,青松建化,主板,沪市,主板,801710.SI,建筑材料,801711.SI,水泥,水泥,L,20030724,8478,23.21,3.66,0.826,13.889,False,True,True,0,0,0,0,True,
600426.SH,600426,600426,华鲁恒升,主板,沪市,主板,801030.SI,基础化工,801038.SI,农化制品,农化制品,L,20020620,8877,24.3,20.12,1.514,11.765,False,True,True,0,0,0,0,True,
600428.SH,600428,600428,中远海特,主板,沪市,主板,801170.SI,交通运输,801992.SI,航运港口,航运港口,L,20020418,8940,24.48,10.95,-0.273,10.619,False,True,True,0,0,0,0,True,
600429.SH,600429,600429,三元股份,主板,沪市,主板,801120.SI,食品饮料,801127.SI,饮料乳品,饮料乳品,L,20030915,8425,23.07,4.94,2.703,19.565,False,True,True,0,0,0,0,True,
600433.SH,600433,600433,冠豪高新,主板,沪市,主板,801140.SI,轻工制造,801143.SI,造纸,造纸,L,20030619,8513,23.31,3.32,1.22,6.25,False,True,True,0,0,0,0,True,
600435.SH,600435,600435,北方导航,主板,沪市,主板,801740.SI,国防军工,801743.SI,地面兵装Ⅱ,地面兵装Ⅱ,L,20030704,8498,23.27,11.02,0.0,10.526,False,True,True,0,0,0,0,True,
600436.SH,600436,600436,片仔癀,主板,沪市,主板,801150.SI,医药生物,801155.SI,中药Ⅱ,中药Ⅱ,L,20030616,8516,23.32,119.82,1.379,38.095,False,True,True,0,0,0,0,True,
600438.SH,600438,600438,通威股份,主板,沪市,主板,801730.SI,电力设备,801735.SI,光伏设备,光伏设备,L,20040302,8256,22.6,11.65,1.836,33.333,False,True,True,0,0,0,0,True,
600444.SH,600444,600444,国机通用,主板,沪市,主板,801890.SI,机械设备,801074.SI,专用设备,专用设备,L,20040219,8268,22.64,14.45,-0.345,9.859,False,True,True,0,0,0,0,True,
600446.SH,600446,600446,金证股份,主板,沪市,主板,801750.SI,计算机,801103.SI,IT服务Ⅱ,IT服务Ⅱ,L,20031224,8325,22.79,10.68,5.222,15.385,False,True,True,0,0,0,0,True,
600448.SH,600448,600448,华纺股份,主板,沪市,主板,801130.SI,纺织服饰,801131.SI,纺织制造,纺织制造,L,20010903,9167,25.1,3.11,1.634,9.677,False,True,True,0,0,0,0,True,
600449.SH,600449,600449,宁夏建材,主板,沪市,主板,801710.SI,建筑材料,801711.SI,水泥,水泥,L,20030829,8442,23.11,12.24,-0.649,6.349,False,True,True,0,0,0,0,True,
600452.SH,600452,600452,涪陵电力,主板,沪市,主板,801160.SI,公用事业,801161.SI,电力,电力,L,20040303,8255,22.6,8.85,0.34,9.89,False,True,True,0,0,0,0,True,
600455.SH,600455,600455,博通股份,主板,沪市,主板,801750.SI,计算机,801104.SI,软件开发,软件开发,L,20040329,8229,22.53,24.71,0.775,8.333,False,True,True,0,0,0,0,True,
600456.SH,600456,600456,宝钛股份,主板,沪市,主板,801050.SI,有色金属,801054.SI,小金属,小金属,L,20020412,8946,24.49,24.7,0.775,12.821,False,True,True,0,0,0,0,True,
600458.SH,600458,600458,时代新材,主板,沪市,主板,801890.SI,机械设备,801076.SI,轨交设备Ⅱ,轨交设备Ⅱ,L,20021219,8695,23.81,11.27,4.74,7.143,False,True,True,0,0,0,0,True,
600459.SH,600459,600459,贵研铂业,主板,沪市,主板,801050.SI,有色金属,801054.SI,小金属,小金属,L,20030516,8547,23.4,18.09,0.668,16.418,False,True,True,0,0,0,0,True,
600460.SH,600460,600460,士兰微,主板,沪市,主板,801080.SI,电子,801081.SI,半导体,半导体,L,20030311,8613,23.58,29.09,-1.856,10.87,False,True,True,0,0,0,0,True,
600461.SH,600461,600461,洪城环境,主板,沪市,主板,801970.SI,环保,801971.SI,环境治理,环境治理,L,20040601,8165,22.35,8.92,0.338,5.556,False,True,True,0,0,0,0,True,
600463.SH,600463,600463,空港股份,主板,沪市,主板,801180.SI,房地产,801181.SI,房地产开发,房地产开发,L,20040318,8240,22.56,8.19,-0.244,12.195,False,True,True,0,0,0,0,True,
600467.SH,600467,600467,好当家,主板,沪市,主板,801010.SI,农林牧渔,801015.SI,渔业,渔业,L,20040405,8222,22.51,2.45,2.51,8.333,False,True,True,0,0,0,0,True,
600468.SH,600468,600468,百利电气,主板,沪市,主板,801730.SI,电力设备,801738.SI,电网设备,电网设备,L,20010615,9247,25.32,5.92,0.509,10.937,False,True,True,0,0,0,0,True,
600469.SH,600469,600469,风神股份,主板,沪市,主板,801880.SI,汽车,801093.SI,汽车零部件,汽车零部件,L,20031021,8389,22.97,5.02,1.826,20.755,False,True,True,0,0,0,0,True,
600470.SH,600470,600470,六国化工,主板,沪市,主板,801030.SI,基础化工,801038.SI,农化制品,农化制品,L,20040305,8253,22.6,5.63,2.178,17.241,False,True,True,0,0,0,0,True,
600475.SH,600475,600475,华光环能,主板,沪市,主板,801160.SI,公用事业,801161.SI,电力,电力,L,20030721,8481,23.22,14.53,0.903,10.0,False,True,True,0,0,0,0,True,
600477.SH,600477,600477,杭萧钢构,主板,沪市,主板,801720.SI,建筑装饰,801724.SI,专业工程,专业工程,L,20031110,8369,22.91,2.44,1.245,12.5,False,True,True,0,0,0,0,True,
600478.SH,600478,600478,科力远,主板,沪市,主板,801730.SI,电力设备,801737.SI,电池,电池,L,20030918,8422,23.06,5.1,9.914,12.5,False,True,True,0,0,0,0,True,
600479.SH,600479,600479,千金药业,主板,沪市,主板,801150.SI,医药生物,801155.SI,中药Ⅱ,中药Ⅱ,L,20040312,8246,22.58,12.44,2.556,5.691,False,True,True,0,0,0,0,True,
600480.SH,600480,600480,凌云股份,主板,沪市,主板,801880.SI,汽车,801093.SI,汽车零部件,汽车零部件,L,20030815,8456,23.15,7.77,1.569,23.81,False,True,True,0,0,0,0,True,
600481.SH,600481,600481,双良节能,主板,沪市,主板,801730.SI,电力设备,801735.SI,光伏设备,光伏设备,L,20030422,8571,23.47,4.04,1.763,9.524,False,True,True,0,0,0,0,True,
600482.SH,600482,600482,中国动力,主板,沪市,主板,801730.SI,电力设备,801733.SI,其他电源设备Ⅱ,其他电源设备Ⅱ,L,20040714,8122,22.24,33.46,-3.518,18.462,False,True,True,0,0,0,0,True,
600483.SH,600483,600483,福能股份,主板,沪市,主板,801160.SI,公用事业,801161.SI,电力,电力,L,20040531,8166,22.36,11.23,0.089,12.15,False,True,True,0,0,0,0,True,
600486.SH,600486,600486,扬农化工,主板,沪市,主板,801030.SI,基础化工,801038.SI,农化制品,农化制品,L,20020425,8933,24.46,52.58,1.998,11.111,False,True,True,0,0,0,0,True,
600487.SH,600487,600487,亨通光电,主板,沪市,主板,801770.SI,通信,801102.SI,通信设备,通信设备,L,20030822,8449,23.13,52.95,0.474,29.167,False,True,True,0,0,0,0,True,
600488.SH,600488,600488,津药药业,主板,沪市,主板,801150.SI,医药生物,801151.SI,化学制药,化学制药,L,20010618,9244,25.31,6.47,-0.767,10.769,False,True,True,0,0,0,0,True,
600489.SH,600489,600489,中金黄金,主板,沪市,主板,801050.SI,有色金属,801053.SI,贵金属,贵金属,L,20030814,8457,23.15,22.95,6.844,21.311,False,True,True,0,0,0,0,True,
600490.SH,600490,600490,鹏欣资源,主板,沪市,主板,801050.SI,有色金属,801055.SI,工业金属,工业金属,L,20030626,8506,23.29,6.83,1.788,13.889,False,True,True,0,0,0,0,True,
600493.SH,600493,600493,凤竹纺织,主板,沪市,主板,801130.SI,纺织服饰,801131.SI,纺织制造,纺织制造,L,20040421,8206,22.47,6.54,-0.608,9.524,False,True,True,0,0,0,0,True,
600495.SH,600495,600495,晋西车轴,主板,沪市,主板,801890.SI,机械设备,801076.SI,轨交设备Ⅱ,轨交设备Ⅱ,L,20040526,8171,22.37,4.1,0.737,14.634,False,True,True,0,0,0,0,True,
600496.SH,600496,600496,精工钢构,主板,沪市,主板,801720.SI,建筑装饰,801724.SI,专业工程,专业工程,L,20020605,8892,24.34,3.34,-0.298,6.061,False,True,True,0,0,0,0,True,
600497.SH,600497,600497,驰宏锌锗,主板,沪市,主板,801050.SI,有色金属,801055.SI,工业金属,工业金属,L,20040420,8207,22.47,8.91,1.25,13.265,False,True,True,0,0,0,0,True,
600498.SH,600498,600498,烽火通信,主板,沪市,主板,801770.SI,通信,801102.SI,通信设备,通信设备,L,20010823,9178,25.13,33.65,-2.436,22.0,False,True,True,0,0,0,0,True,
600499.SH,600499,600499,科达制造,主板,沪市,主板,801890.SI,机械设备,801074.SI,专用设备,专用设备,L,20021010,8765,24.0,11.3,-1.137,25.714,False,True,True,0,0,0,0,True,
600500.SH,600500,600500,中化国际,主板,沪市,主板,801030.SI,基础化工,801034.SI,化学制品,化学制品,L,20000301,9718,26.61,5.03,-0.789,14.286,False,True,True,0,0,0,0,True,
600501.SH,600501,600501,航天晨光,主板,沪市,主板,801890.SI,机械设备,801074.SI,专用设备,专用设备,L,20010615,9247,25.32,14.63,-0.679,12.162,False,True,True,0,0,0,0,True,
600502.SH,600502,600502,安徽建工,主板,沪市,主板,801720.SI,建筑装饰,801723.SI,基础建设,基础建设,L,20030415,8578,23.49,4.25,0.236,11.364,False,True,True,0,0,0,0,True,
600503.SH,600503,600503,华丽家族,主板,沪市,主板,801180.SI,房地产,801181.SI,房地产开发,房地产开发,L,20020709,8858,24.25,2.52,-0.395,8.333,False,True,True,0,0,0,0,True,
600505.SH,600505,600505,西昌电力,主板,沪市,主板,801160.SI,公用事业,801161.SI,电力,电力,L,20020530,8898,24.36,10.49,-0.944,7.477,False,True,True,0,0,0,0,True,
600506.SH,600506,600506,统一股份,主板,沪市,主板,801960.SI,石油石化,801963.SI,炼化及贸易,炼化及贸易,L,20011226,9053,24.79,16.03,0.0,9.581,False,True,True,0,0,0,0,True,
600507.SH,600507,600507,方大特钢,主板,沪市,主板,801040.SI,钢铁,801045.SI,特钢Ⅱ,特钢Ⅱ,L,20030930,8410,23.03,4.1,-0.485,9.524,False,True,True,0,0,0,0,True,
600508.SH,600508,600508,上海能源,主板,沪市,主板,801950.SI,煤炭,801951.SI,煤炭开采,煤炭开采,L,20010829,9172,25.11,10.67,0.188,12.727,False,True,True,0,0,0,0,True,
600509.SH,600509,600509,天富能源,主板,沪市,主板,801160.SI,公用事业,801161.SI,电力,电力,L,20020228,8989,24.61,7.28,0.276,9.459,False,True,True,0,0,0,0,True,
600510.SH,600510,600510,黑牡丹,主板,沪市,主板,801180.SI,房地产,801181.SI,房地产开发,房地产开发,L,20020618,8879,24.31,6.25,0.16,37.681,False,True,True,0,0,0,0,True,
600511.SH,600511,600511,国药股份,主板,沪市,主板,801150.SI,医药生物,801154.SI,医药商业,医药商业,L,20021127,8717,23.87,26.67,1.445,8.889,False,True,True,0,0,0,0,True,
600512.SH,600512,600512,腾达建设,主板,沪市,主板,801720.SI,建筑装饰,801723.SI,基础建设,基础建设,L,20021226,8688,23.79,2.11,1.442,5.0,False,True,True,0,0,0,0,True,
600513.SH,600513,600513,联环药业,主板,沪市,主板,801150.SI,医药生物,801151.SI,化学制药,化学制药,L,20030319,8605,23.56,16.28,-1.928,11.111,False,True,True,0,0,0,0,True,
600515.SH,600515,600515,海南机场,主板,沪市,主板,801180.SI,房地产,801181.SI,房地产开发,房地产开发,L,20020806,8830,24.18,2.75,1.852,25.0,False,True,True,0,0,0,0,True,
600516.SH,600516,600516,方大炭素,主板,沪市,主板,801040.SI,钢铁,801043.SI,冶钢原料,冶钢原料,L,20020830,8806,24.11,5.39,1.89,15.094,False,True,True,0,0,0,0,True,
600517.SH,600517,600517,国网英大,主板,沪市,主板,801790.SI,非银金融,801191.SI,多元金融,多元金融,L,20031010,8400,23.0,5.0,0.0,35.294,False,True,True,0,0,0,0,True,
600518.SH,600518,600518,康美药业,主板,沪市,主板,801150.SI,医药生物,801155.SI,中药Ⅱ,中药Ⅱ,L,20010319,9335,25.56,1.35,1.504,14.286,False,True,True,0,0,0,0,True,
600519.SH,600519,600519,贵州茅台,主板,沪市,主板,801120.SI,食品饮料,801125.SI,白酒Ⅱ,白酒Ⅱ,L,20010827,9174,25.12,1263.0,0.574,17.241,False,True,True,0,0,0,0,True,
600520.SH,600520,600520,三佳科技,主板,沪市,主板,801890.SI,机械设备,801074.SI,专用设备,专用设备,L,20020108,9040,24.75,22.6,-3.46,11.111,False,True,True,0,0,0,0,True,
600521.SH,600521,600521,华海药业,主板,沪市,主板,801150.SI,医药生物,801151.SI,化学制药,化学制药,L,20030304,8620,23.6,17.45,4.805,7.317,False,True,True,0,0,0,0,True,
600522.SH,600522,600522,中天科技,主板,沪市,主板,801770.SI,通信,801102.SI,通信设备,通信设备,L,20021024,8751,23.96,30.09,-1.312,16.667,False,True,True,0,0,0,0,True,
600523.SH,600523,600523,贵航股份,主板,沪市,主板,801880.SI,汽车,801093.SI,汽车零部件,汽车零部件,L,20011227,9052,24.78,11.72,0.171,10.256,False,True,True,0,0,0,0,True,
600526.SH,600526,600526,菲达环保,主板,沪市,主板,801970.SI,环保,801972.SI,环保设备Ⅱ,环保设备Ⅱ,L,20020722,8845,24.22,4.71,0.213,13.333,False,True,True,0,0,0,0,True,
600527.SH,600527,600527,江南高纤,主板,沪市,主板,801130.SI,纺织服饰,801131.SI,纺织制造,纺织制造,L,20031127,8352,22.87,2.21,1.843,9.091,False,True,True,0,0,0,0,True,
600528.SH,600528,600528,中铁工业,主板,沪市,主板,801890.SI,机械设备,801076.SI,轨交设备Ⅱ,轨交设备Ⅱ,L,20010528,9265,25.37,6.86,0.292,16.667,False,True,True,0,0,0,0,True,
600529.SH,600529,600529,山东药玻,主板,沪市,主板,801150.SI,医药生物,801153.SI,医疗器械,医疗器械,L,20020603,8894,24.35,18.28,0.995,3.846,False,True,True,0,0,0,0,True,
600531.SH,600531,600531,豫光金铅,主板,沪市,主板,801050.SI,有色金属,801055.SI,工业金属,工业金属,L,20020730,8837,24.19,11.19,2.006,19.355,False,True,True,0,0,0,0,True,
600533.SH,600533,600533,栖霞建设,主板,沪市,主板,801180.SI,房地产,801181.SI,房地产开发,房地产开发,L,20020328,8961,24.53,2.27,1.339,9.091,False,True,True,0,0,0,0,True,
600535.SH,600535,600535,天士力,主板,沪市,主板,801150.SI,医药生物,801155.SI,中药Ⅱ,中药Ⅱ,L,20020823,8813,24.13,14.2,1.356,12.245,False,True,True,0,0,0,0,True,
600536.SH,600536,600536,中国软件,主板,沪市,主板,801750.SI,计算机,801103.SI,IT服务Ⅱ,IT服务Ⅱ,L,20020517,8911,24.4,31.32,3.674,9.756,False,True,True,0,0,0,0,True,
600538.SH,600538,600538,国发股份,主板,沪市,主板,801150.SI,医药生物,801154.SI,医药商业,医药商业,L,20030114,8669,23.73,4.82,0.837,12.0,False,True,True,0,0,0,0,True,
600539.SH,600539,600539,狮头股份,主板,沪市,主板,801200.SI,商贸零售,801206.SI,互联网电商,互联网电商,L,20010824,9177,25.13,13.37,0.526,11.429,False,True,True,0,0,0,0,True,
600540.SH,600540,600540,新赛股份,主板,沪市,主板,801010.SI,农林牧渔,801016.SI,种植业,种植业,L,20040107,8311,22.75,5.76,5.882,5.357,False,True,True,0,0,0,0,True,
600545.SH,600545,600545,卓郎智能,主板,沪市,主板,801890.SI,机械设备,801074.SI,专用设备,专用设备,L,20031203,8346,22.85,3.66,-4.935,19.048,False,True,True,0,0,0,0,True,
600546.SH,600546,600546,山煤国际,主板,沪市,主板,801950.SI,煤炭,801951.SI,煤炭开采,煤炭开采,L,20030731,8471,23.19,13.9,2.507,12.214,False,True,True,0,0,0,0,True,
600547.SH,600547,600547,山东黄金,主板,沪市,主板,801050.SI,有色金属,801053.SI,贵金属,贵金属,L,20030828,8443,23.12,27.17,2.8,30.189,False,True,True,0,0,0,0,True,
600548.SH,600548,600548,深高速,主板,沪市,主板,801170.SI,交通运输,801179.SI,铁路公路,铁路公路,L,20011225,9054,24.79,8.34,2.206,26.136,False,True,True,0,0,0,0,True,
600549.SH,600549,600549,厦门钨业,主板,沪市,主板,801050.SI,有色金属,801054.SI,小金属,小金属,L,20021107,8737,23.92,43.05,-0.324,20.0,False,True,True,0,0,0,0,True,
600550.SH,600550,600550,保变电气,主板,沪市,主板,801730.SI,电力设备,801738.SI,电网设备,电网设备,L,20010228,9354,25.61,10.33,-0.864,14.286,False,True,True,0,0,0,0,True,
600551.SH,600551,600551,时代出版,主板,沪市,主板,801760.SI,传媒,801769.SI,出版,出版,L,20020905,8800,24.09,8.23,3.522,8.974,False,True,True,0,0,0,0,True,
600552.SH,600552,600552,凯盛科技,主板,沪市,主板,801080.SI,电子,801084.SI,光学光电子,光学光电子,L,20021108,8736,23.92,15.12,-5.441,12.5,False,True,True,0,0,0,0,True,
600556.SH,600556,600556,天下秀,主板,沪市,主板,801760.SI,传媒,801765.SI,广告营销,广告营销,L,20010807,9194,25.17,4.77,6.473,10.638,False,True,True,0,0,0,0,True,
600557.SH,600557,600557,康缘药业,主板,沪市,主板,801150.SI,医药生物,801155.SI,中药Ⅱ,中药Ⅱ,L,20020918,8787,24.06,12.4,1.473,6.349,False,True,True,0,0,0,0,True,
600558.SH,600558,600558,大西洋,主板,沪市,主板,801890.SI,机械设备,801072.SI,通用设备,通用设备,L,20010227,9355,25.61,4.96,1.224,6.25,False,True,True,0,0,0,0,True,
600559.SH,600559,600559,老白干酒,主板,沪市,主板,801120.SI,食品饮料,801125.SI,白酒Ⅱ,白酒Ⅱ,L,20021029,8746,23.95,11.09,1.278,13.793,False,True,True,0,0,0,0,True,
600560.SH,600560,600560,金自天正,主板,沪市,主板,801890.SI,机械设备,801074.SI,专用设备,专用设备,L,20020919,8786,24.05,11.39,0.176,12.5,False,True,True,0,0,0,0,True,
600561.SH,600561,600561,江西长运,主板,沪市,主板,801170.SI,交通运输,801179.SI,铁路公路,铁路公路,L,20020716,8851,24.23,6.06,-0.493,13.793,False,True,True,0,0,0,0,True,
600562.SH,600562,600562,国睿科技,主板,沪市,主板,801740.SI,国防军工,801745.SI,军工电子Ⅱ,军工电子Ⅱ,L,20030128,8655,23.7,26.48,0.151,25.758,False,True,True,0,0,0,0,True,
600563.SH,600563,600563,法拉电子,主板,沪市,主板,801080.SI,电子,801083.SI,元件,元件,L,20021210,8704,23.83,113.1,-0.344,13.208,False,True,True,0,0,0,0,True,
600566.SH,600566,600566,济川药业,主板,沪市,主板,801150.SI,医药生物,801155.SI,中药Ⅱ,中药Ⅱ,L,20010822,9179,25.13,26.7,2.613,9.524,False,True,True,0,0,0,0,True,
600567.SH,600567,600567,山鹰国际,主板,沪市,主板,801140.SI,轻工制造,801143.SI,造纸,造纸,L,20011218,9061,24.81,1.32,0.763,7.692,False,True,True,0,0,0,0,True,
600569.SH,600569,600569,安阳钢铁,主板,沪市,主板,801040.SI,钢铁,801044.SI,普钢,普钢,L,20010820,9181,25.14,1.8,1.695,27.778,False,True,True,0,0,0,0,True,
600570.SH,600570,600570,恒生电子,主板,沪市,主板,801750.SI,计算机,801104.SI,软件开发,软件开发,L,20031216,8333,22.81,19.49,3.505,12.903,False,True,True,0,0,0,0,True,
600571.SH,600571,600571,信雅达,主板,沪市,主板,801750.SI,计算机,801103.SI,IT服务Ⅱ,IT服务Ⅱ,L,20021101,8743,23.94,10.6,5.263,8.571,False,True,True,0,0,0,0,True,
600572.SH,600572,600572,康恩贝,主板,沪市,主板,801150.SI,医药生物,801155.SI,中药Ⅱ,中药Ⅱ,L,20040412,8215,22.49,4.41,2.558,9.091,False,True,True,0,0,0,0,True,
600573.SH,600573,600573,惠泉啤酒,主板,沪市,主板,801120.SI,食品饮料,801126.SI,非白酒,非白酒,L,20030226,8626,23.62,11.76,5.851,14.706,False,True,True,0,0,0,0,True,
600575.SH,600575,600575,淮河能源,主板,沪市,主板,801950.SI,煤炭,801951.SI,煤炭开采,煤炭开采,L,20030328,8596,23.53,3.26,0.929,9.091,False,True,True,0,0,0,0,True,
600576.SH,600576,600576,祥源文旅,主板,沪市,主板,801210.SI,社会服务,801993.SI,旅游及景区,旅游及景区,L,20030220,8632,23.63,5.26,1.349,10.714,False,True,True,0,0,0,0,True,
600577.SH,600577,600577,精达股份,主板,沪市,主板,801730.SI,电力设备,801738.SI,电网设备,电网设备,L,20020911,8794,24.08,8.66,-2.036,9.412,False,True,True,0,0,0,0,True,
600578.SH,600578,600578,京能电力,主板,沪市,主板,801160.SI,公用事业,801161.SI,电力,电力,L,20020510,8918,24.42,5.35,-0.187,15.789,False,True,True,0,0,0,0,True,
600579.SH,600579,600579,中化装备,主板,沪市,主板,801890.SI,机械设备,801074.SI,专用设备,专用设备,L,20020809,8827,24.17,7.04,0.428,11.268,False,True,True,0,0,0,0,True,
600580.SH,600580,600580,卧龙电驱,主板,沪市,主板,801730.SI,电力设备,801731.SI,电机Ⅱ,电机Ⅱ,L,20020606,8891,24.34,25.56,0.828,31.507,False,True,True,0,0,0,0,True,
600582.SH,600582,600582,天地科技,主板,沪市,主板,801890.SI,机械设备,801074.SI,专用设备,专用设备,L,20020515,8913,24.4,5.01,1.008,18.367,False,True,True,0,0,0,0,True,
600583.SH,600583,600583,海油工程,主板,沪市,主板,801960.SI,石油石化,801962.SI,油服工程,油服工程,L,20020205,9012,24.67,6.59,-0.303,21.311,False,True,True,0,0,0,0,True,
600584.SH,600584,600584,长电科技,主板,沪市,主板,801080.SI,电子,801081.SI,半导体,半导体,L,20030603,8529,23.35,62.74,0.224,11.688,False,True,True,0,0,0,0,True,
600585.SH,600585,600585,海螺水泥,主板,沪市,主板,801710.SI,建筑材料,801711.SI,水泥,水泥,L,20020207,9010,24.67,17.39,0.058,28.571,False,True,True,0,0,0,0,True,
600586.SH,600586,600586,金晶科技,主板,沪市,主板,801710.SI,建筑材料,801712.SI,玻璃玻纤,玻璃玻纤,L,20020815,8821,24.15,3.97,0.761,9.756,False,True,True,0,0,0,0,True,
600587.SH,600587,600587,新华医疗,主板,沪市,主板,801150.SI,医药生物,801153.SI,医疗器械,医疗器械,L,20020927,8778,24.03,13.12,1.001,9.375,False,True,True,0,0,0,0,True,
600588.SH,600588,600588,用友网络,主板,沪市,主板,801750.SI,计算机,801104.SI,软件开发,软件开发,L,20010518,9275,25.39,9.37,3.996,24.0,False,True,True,0,0,0,0,True,
600589.SH,600589,600589,大位科技,主板,沪市,主板,801750.SI,计算机,801103.SI,IT服务Ⅱ,IT服务Ⅱ,L,20010612,9250,25.33,7.12,0.423,12.658,False,True,True,0,0,0,0,True,
600590.SH,600590,600590,泰豪科技,主板,沪市,主板,801740.SI,国防军工,801745.SI,军工电子Ⅱ,军工电子Ⅱ,L,20020703,8864,24.27,7.94,-0.998,9.412,False,True,True,0,0,0,0,True,
600592.SH,600592,600592,龙溪股份,主板,沪市,主板,801890.SI,机械设备,801072.SI,通用设备,通用设备,L,20020805,8831,24.18,15.32,-1.479,10.0,False,True,True,0,0,0,0,True,
600593.SH,600593,600593,大连圣亚,主板,沪市,主板,801210.SI,社会服务,801993.SI,旅游及景区,旅游及景区,L,20020711,8856,24.25,48.7,-0.551,5.738,False,True,True,0,0,0,0,True,
600594.SH,600594,600594,益佰制药,主板,沪市,主板,801150.SI,医药生物,801155.SI,中药Ⅱ,中药Ⅱ,L,20040323,8235,22.55,3.68,2.507,11.111,False,True,True,0,0,0,0,True,
600595.SH,600595,600595,中孚实业,主板,沪市,主板,801050.SI,有色金属,801055.SI,工业金属,工业金属,L,20020626,8871,24.29,6.08,1.502,9.677,False,True,True,0,0,0,0,True,
600596.SH,600596,600596,新安股份,主板,沪市,主板,801030.SI,基础化工,801038.SI,农化制品,农化制品,L,20010906,9164,25.09,10.95,4.485,15.385,False,True,True,0,0,0,0,True,
600597.SH,600597,600597,光明乳业,主板,沪市,主板,801120.SI,食品饮料,801127.SI,饮料乳品,饮料乳品,L,20020828,8808,24.11,7.04,2.624,20.0,False,True,True,0,0,0,0,True,
600598.SH,600598,600598,北大荒,主板,沪市,主板,801010.SI,农林牧渔,801016.SI,种植业,种植业,L,20020329,8960,24.53,13.16,4.114,10.769,False,True,True,0,0,0,0,True,
600600.SH,600600,600600,青岛啤酒,主板,沪市,主板,801120.SI,食品饮料,801126.SI,非白酒,非白酒,L,19930827,12096,33.12,51.21,1.567,15.909,False,True,True,0,0,0,0,True,
600601.SH,600601,600601,方正科技,主板,沪市,主板,801080.SI,电子,801083.SI,元件,元件,L,19901219,13078,35.81,11.93,-5.692,19.708,False,True,True,0,0,0,0,True,
600602.SH,600602,600602,云赛智联,主板,沪市,主板,801750.SI,计算机,801104.SI,软件开发,软件开发,L,19901219,13078,35.81,15.98,1.719,13.333,False,True,True,0,0,0,0,True,
600603.SH,600603,600603,广汇物流,主板,沪市,主板,801170.SI,交通运输,801178.SI,物流,物流,L,19920113,12688,34.74,5.06,6.751,14.583,False,True,True,0,0,0,0,True,
600604.SH,600604,600604,市北高新,主板,沪市,主板,801180.SI,房地产,801181.SI,房地产开发,房地产开发,L,19920327,12614,34.54,4.76,0.422,12.5,False,True,True,0,0,0,0,True,
600605.SH,600605,600605,汇通能源,主板,沪市,主板,801200.SI,商贸零售,801203.SI,一般零售,一般零售,L,19920327,12614,34.54,29.4,1.031,16.667,False,True,True,0,0,0,0,True,
600606.SH,600606,600606,绿地控股,主板,沪市,主板,801180.SI,房地产,801181.SI,房地产开发,房地产开发,L,19920327,12614,34.54,1.48,0.68,28.571,False,True,True,0,0,0,0,True,
600609.SH,600609,600609,金杯汽车,主板,沪市,主板,801880.SI,汽车,801093.SI,汽车零部件,汽车零部件,L,19920724,12495,34.21,3.58,1.416,11.429,False,True,True,0,0,0,0,True,
600610.SH,600610,600610,中毅达,主板,沪市,主板,801030.SI,基础化工,801033.SI,化学原料,化学原料,L,19920805,12483,34.18,7.71,1.984,17.949,False,True,True,0,0,0,0,True,
600611.SH,600611,600611,大众交通,主板,沪市,主板,801170.SI,交通运输,801179.SI,铁路公路,铁路公路,L,19920807,12481,34.17,4.33,1.882,15.217,False,True,True,0,0,0,0,True,
600612.SH,600612,600612,老凤祥,主板,沪市,主板,801130.SI,纺织服饰,801133.SI,饰品,饰品,L,19920814,12474,34.15,32.14,2.455,34.091,False,True,True,0,0,0,0,True,
600613.SH,600613,600613,神奇制药,主板,沪市,主板,801150.SI,医药生物,801151.SI,化学制药,化学制药,L,19920820,12468,34.14,8.72,6.341,5.952,False,True,True,0,0,0,0,True,
600615.SH,600615,600615,鑫源智造,主板,沪市,主板,801050.SI,有色金属,801055.SI,工业金属,工业金属,L,19920910,12447,34.08,9.89,2.381,12.5,False,True,True,0,0,0,0,True,
600616.SH,600616,600616,金枫酒业,主板,沪市,主板,801120.SI,食品饮料,801126.SI,非白酒,非白酒,L,19920929,12428,34.03,5.15,-0.579,7.692,False,True,True,0,0,0,0,True,
600617.SH,600617,600617,国新能源,主板,沪市,主板,801160.SI,公用事业,801163.SI,燃气Ⅱ,燃气Ⅱ,L,19921013,12414,33.99,3.72,-0.535,14.706,False,True,True,0,0,0,0,True,
600618.SH,600618,600618,氯碱化工,主板,沪市,主板,801030.SI,基础化工,801033.SI,化学原料,化学原料,L,19921113,12383,33.9,9.98,1.32,14.563,False,True,True,0,0,0,0,True,
600619.SH,600619,600619,海立股份,主板,沪市,主板,801110.SI,家用电器,801116.SI,家电零部件Ⅱ,家电零部件Ⅱ,L,19921116,12380,33.89,13.61,1.643,9.559,False,True,True,0,0,0,0,True,
600620.SH,600620,600620,天宸股份,主板,沪市,主板,801230.SI,综合,801231.SI,综合Ⅱ,综合Ⅱ,L,19921117,12379,33.89,4.37,1.157,37.209,False,True,True,0,0,0,0,True,
600621.SH,600621,600621,华鑫股份,主板,沪市,主板,801790.SI,非银金融,801193.SI,证券Ⅱ,证券Ⅱ,L,19921202,12364,33.85,14.48,10.03,6.667,False,True,True,0,0,0,0,True,
600622.SH,600622,600622,光大嘉宝,主板,沪市,主板,801180.SI,房地产,801181.SI,房地产开发,房地产开发,L,19921203,12363,33.85,2.5,0.806,12.5,False,True,True,0,0,0,0,True,
600623.SH,600623,600623,华谊集团,主板,沪市,主板,801030.SI,基础化工,801033.SI,化学原料,化学原料,L,19921204,12362,33.85,8.72,0.345,10.714,False,True,True,0,0,0,0,True,
600626.SH,600626,600626,申达股份,主板,沪市,主板,801880.SI,汽车,801093.SI,汽车零部件,汽车零部件,L,19930107,12328,33.75,3.79,1.882,16.667,False,True,True,0,0,0,0,True,
600628.SH,600628,600628,新世界,主板,沪市,主板,801200.SI,商贸零售,801203.SI,一般零售,一般零售,L,19930119,12316,33.72,6.46,1.732,9.677,False,True,True,0,0,0,0,True,
600629.SH,600629,600629,华建集团,主板,沪市,主板,801720.SI,建筑装饰,801726.SI,工程咨询服务Ⅱ,工程咨询服务Ⅱ,L,19930209,12295,33.66,18.02,10.012,9.756,False,True,True,0,0,0,0,True,
600630.SH,600630,600630,龙头股份,主板,沪市,主板,801130.SI,纺织服饰,801132.SI,服装家纺,服装家纺,L,19930209,12295,33.66,7.92,3.394,8.974,False,True,True,0,0,0,0,True,
600633.SH,600633,600633,浙数文化,主板,沪市,主板,801760.SI,传媒,801764.SI,游戏Ⅱ,游戏Ⅱ,L,19930304,12272,33.6,10.19,3.662,11.538,False,True,True,0,0,0,0,True,
600635.SH,600635,600635,大众公用,主板,沪市,主板,801160.SI,公用事业,801163.SI,燃气Ⅱ,燃气Ⅱ,L,19930304,12272,33.6,4.49,-0.222,8.696,False,True,True,0,0,0,0,True,
600637.SH,600637,600637,东方明珠,主板,沪市,主板,801760.SI,传媒,801995.SI,电视广播Ⅱ,电视广播Ⅱ,L,19930316,12260,33.57,8.76,3.302,11.765,False,True,True,0,0,0,0,True,
600638.SH,600638,600638,新黄浦,主板,沪市,主板,801180.SI,房地产,801181.SI,房地产开发,房地产开发,L,19930326,12250,33.54,5.26,0.0,8.0,False,True,True,0,0,0,0,True,
600639.SH,600639,600639,浦东金桥,主板,沪市,主板,801180.SI,房地产,801181.SI,房地产开发,房地产开发,L,19930326,12250,33.54,9.86,-2.085,9.375,False,True,True,0,0,0,0,True,
600640.SH,600640,600640,国脉文化,主板,沪市,主板,801760.SI,传媒,801767.SI,数字媒体,数字媒体,L,19930407,12238,33.51,12.94,5.375,19.355,False,True,True,0,0,0,0,True,
600641.SH,600641,600641,先导基电,主板,沪市,主板,801180.SI,房地产,801181.SI,房地产开发,房地产开发,L,19930407,12238,33.51,44.66,-1.456,16.529,False,True,True,0,0,0,0,True,
600642.SH,600642,600642,申能股份,主板,沪市,主板,801160.SI,公用事业,801161.SI,电力,电力,L,19930416,12229,33.48,9.08,-0.11,17.442,False,True,True,0,0,0,0,True,
600643.SH,600643,600643,爱建集团,主板,沪市,主板,801790.SI,非银金融,801191.SI,多元金融,多元金融,L,19930426,12219,33.45,4.12,2.743,21.951,False,True,True,0,0,0,0,True,
600644.SH,600644,600644,乐山电力,主板,沪市,主板,801160.SI,公用事业,801161.SI,电力,电力,L,19930426,12219,33.45,8.88,-2.203,11.828,False,True,True,0,0,0,0,True,
600645.SH,600645,600645,中源协和,主板,沪市,主板,801150.SI,医药生物,801153.SI,医疗器械,医疗器械,L,19930504,12211,33.43,19.1,2.248,14.583,False,True,True,0,0,0,0,True,
600648.SH,600648,600648,外高桥,主板,沪市,主板,801180.SI,房地产,801181.SI,房地产开发,房地产开发,L,19930504,12211,33.43,9.59,-2.243,20.0,False,True,True,0,0,0,0,True,
600649.SH,600649,600649,城投控股,主板,沪市,主板,801180.SI,房地产,801181.SI,房地产开发,房地产开发,L,19930518,12197,33.39,4.03,1.002,15.0,False,True,True,0,0,0,0,True,
600650.SH,600650,600650,锦江在线,主板,沪市,主板,801170.SI,交通运输,801179.SI,铁路公路,铁路公路,L,19930607,12177,33.34,10.38,1.367,11.111,False,True,True,0,0,0,0,True,
600651.SH,600651,600651,飞乐音响,主板,沪市,主板,801880.SI,汽车,801093.SI,汽车零部件,汽车零部件,L,19901219,13078,35.81,5.03,2.236,32.143,False,True,True,0,0,0,0,True,
600653.SH,600653,600653,申华控股,主板,沪市,主板,801880.SI,汽车,801092.SI,汽车服务,汽车服务,L,19901219,13078,35.81,1.69,1.807,11.765,False,True,True,0,0,0,0,True,
600654.SH,600654,600654,中安科,主板,沪市,主板,801750.SI,计算机,801104.SI,软件开发,软件开发,L,19901219,13078,35.81,3.1,4.377,12.5,False,True,True,0,0,0,0,True,
600655.SH,600655,600655,豫园股份,主板,沪市,主板,801200.SI,商贸零售,801203.SI,一般零售,一般零售,L,19920902,12455,34.1,4.68,2.183,34.043,False,True,True,0,0,0,0,True,
600657.SH,600657,600657,信达地产,主板,沪市,主板,801180.SI,房地产,801181.SI,房地产开发,房地产开发,L,19930524,12191,33.38,3.34,-0.298,18.75,False,True,True,0,0,0,0,True,
600658.SH,600658,600658,电子城,主板,沪市,主板,801180.SI,房地产,801181.SI,房地产开发,房地产开发,L,19930524,12191,33.38,4.19,1.453,14.634,False,True,True,0,0,0,0,True,
600660.SH,600660,600660,福耀玻璃,主板,沪市,主板,801880.SI,汽车,801093.SI,汽车零部件,汽车零部件,L,19930610,12174,33.33,54.0,4.55,11.538,False,True,True,0,0,0,0,True,
600661.SH,600661,600661,昂立教育,主板,沪市,主板,801210.SI,社会服务,801994.SI,教育,教育,L,19930614,12170,33.32,9.61,0.945,11.111,False,True,True,0,0,0,0,True,
600662.SH,600662,600662,外服控股,主板,沪市,主板,801210.SI,社会服务,801218.SI,专业服务,专业服务,L,19930614,12170,33.32,4.32,1.887,30.233,False,True,True,0,0,0,0,True,
600663.SH,600663,600663,陆家嘴,主板,沪市,主板,801180.SI,房地产,801181.SI,房地产开发,房地产开发,L,19930628,12156,33.28,10.15,-8.723,34.483,False,True,True,0,0,0,0,True,
600664.SH,600664,600664,哈药股份,主板,沪市,主板,801150.SI,医药生物,801151.SI,化学制药,化学制药,L,19930629,12155,33.28,7.39,2.072,8.108,False,True,True,0,0,0,0,True,
600665.SH,600665,600665,天地源,主板,沪市,主板,801180.SI,房地产,801181.SI,房地产开发,房地产开发,L,19930709,12145,33.25,3.34,-0.298,11.765,False,True,True,0,0,0,0,True,
600666.SH,600666,600666,奥瑞德,主板,沪市,主板,801080.SI,电子,801084.SI,光学光电子,光学光电子,L,19930712,12142,33.24,3.19,1.592,11.765,False,True,True,0,0,0,0,True,
600667.SH,600667,600667,太极实业,主板,沪市,主板,801720.SI,建筑装饰,801726.SI,工程咨询服务Ⅱ,工程咨询服务Ⅱ,L,19930728,12126,33.2,16.32,-1.39,18.75,False,True,True,0,0,0,0,True,
600668.SH,600668,600668,尖峰集团,主板,沪市,主板,801710.SI,建筑材料,801711.SI,水泥,水泥,L,19930728,12126,33.2,7.45,0.949,8.108,False,True,True,0,0,0,0,True,
600671.SH,600671,600671,天目药业,主板,沪市,主板,801150.SI,医药生物,801155.SI,中药Ⅱ,中药Ⅱ,L,19930823,12100,33.13,22.92,0.219,9.009,False,True,True,0,0,0,0,True,
600673.SH,600673,600673,东阳光,主板,沪市,主板,801230.SI,综合,801231.SI,综合Ⅱ,综合Ⅱ,L,19930917,12075,33.06,29.76,-1.294,20.988,False,True,True,0,0,0,0,True,
600674.SH,600674,600674,川投能源,主板,沪市,主板,801160.SI,公用事业,801161.SI,电力,电力,L,19930924,12068,33.04,17.04,0.769,11.842,False,True,True,0,0,0,0,True,
600675.SH,600675,600675,中华企业,主板,沪市,主板,801180.SI,房地产,801181.SI,房地产开发,房地产开发,L,19930924,12068,33.04,2.43,0.413,25.0,False,True,True,0,0,0,0,True,
600676.SH,600676,600676,久事动娱,主板,沪市,主板,801880.SI,汽车,801092.SI,汽车服务,汽车服务,L,19930928,12064,33.03,6.67,2.615,10.294,False,True,True,0,0,0,0,True,
600679.SH,600679,600679,上海凤凰,主板,沪市,主板,801880.SI,汽车,801881.SI,摩托车及其他,摩托车及其他,L,19931008,12054,33.0,10.77,0.843,16.505,False,True,True,0,0,0,0,True,
600681.SH,600681,600681,百川能源,主板,沪市,主板,801160.SI,公用事业,801163.SI,燃气Ⅱ,燃气Ⅱ,L,19931018,12044,32.97,3.59,-1.102,5.882,False,True,True,0,0,0,0,True,
600682.SH,600682,600682,南京新百,主板,沪市,主板,801230.SI,综合,801231.SI,综合Ⅱ,综合Ⅱ,L,19931018,12044,32.97,5.86,1.913,14.286,False,True,True,0,0,0,0,True,
600683.SH,600683,600683,京投发展,主板,沪市,主板,801180.SI,房地产,801181.SI,房地产开发,房地产开发,L,19931025,12037,32.96,8.84,1.144,16.327,False,True,True,0,0,0,0,True,
600684.SH,600684,600684,珠江股份,主板,沪市,主板,801180.SI,房地产,801183.SI,房地产服务,房地产服务,L,19931028,12034,32.95,3.64,0.831,8.571,False,True,True,0,0,0,0,True,
600685.SH,600685,600685,中船防务,主板,沪市,主板,801740.SI,国防军工,801744.SI,航海装备Ⅱ,航海装备Ⅱ,L,19931028,12034,32.95,28.41,-2.672,11.429,False,True,True,0,0,0,0,True,
600686.SH,600686,600686,金龙汽车,主板,沪市,主板,801880.SI,汽车,801096.SI,商用车,商用车,L,19931108,12023,32.92,11.04,-0.09,7.143,False,True,True,0,0,0,0,True,
600688.SH,600688,600688,上海石化,主板,沪市,主板,801960.SI,石油石化,801963.SI,炼化及贸易,炼化及贸易,L,19931108,12023,32.92,2.83,0.712,10.714,False,True,True,0,0,0,0,True,
600689.SH,600689,600689,上海三毛,主板,沪市,主板,801230.SI,综合,801231.SI,综合Ⅱ,综合Ⅱ,L,19931108,12023,32.92,11.89,0.0,13.559,False,True,True,0,0,0,0,True,
600690.SH,600690,600690,海尔智家,主板,沪市,主板,801110.SI,家用电器,801111.SI,白色家电,白色家电,L,19931119,12012,32.89,20.81,1.86,14.493,False,True,True,0,0,0,0,True,
600691.SH,600691,600691,潞化科技,主板,沪市,主板,801030.SI,基础化工,801038.SI,农化制品,农化制品,L,19931119,12012,32.89,2.8,1.449,24.138,False,True,True,0,0,0,0,True,
600692.SH,600692,600692,亚通股份,主板,沪市,主板,801180.SI,房地产,801181.SI,房地产开发,房地产开发,L,19931119,12012,32.89,6.63,-0.897,7.692,False,True,True,0,0,0,0,True,
600693.SH,600693,600693,东百集团,主板,沪市,主板,801200.SI,商贸零售,801203.SI,一般零售,一般零售,L,19931122,12009,32.88,10.16,7.286,8.333,False,True,True,0,0,0,0,True,
600694.SH,600694,600694,大商股份,主板,沪市,主板,801200.SI,商贸零售,801203.SI,一般零售,一般零售,L,19931122,12009,32.88,14.8,2.635,5.556,False,True,True,0,0,0,0,True,
600697.SH,600697,600697,欧亚集团,主板,沪市,主板,801200.SI,商贸零售,801203.SI,一般零售,一般零售,L,19931206,11995,32.84,11.48,1.954,6.195,False,True,True,0,0,0,0,True,
600698.SH,600698,600698,湖南天雁,主板,沪市,主板,801880.SI,汽车,801093.SI,汽车零部件,汽车零部件,L,19931206,11995,32.84,6.63,0.0,15.493,False,True,True,0,0,0,0,True,
600699.SH,600699,600699,均胜电子,主板,沪市,主板,801880.SI,汽车,801093.SI,汽车零部件,汽车零部件,L,19931206,11995,32.84,22.0,4.216,14.815,False,True,True,0,0,0,0,True,
600702.SH,600702,600702,舍得酒业,主板,沪市,主板,801120.SI,食品饮料,801125.SI,白酒Ⅱ,白酒Ⅱ,L,19960524,11095,30.38,32.62,0.772,14.286,False,True,True,0,0,0,0,True,
600703.SH,600703,600703,三安光电,主板,沪市,主板,801080.SI,电子,801084.SI,光学光电子,光学光电子,L,19960528,11091,30.37,11.78,-0.842,12.5,False,True,True,0,0,0,0,True,
600704.SH,600704,600704,物产中大,主板,沪市,主板,801170.SI,交通运输,801178.SI,物流,物流,L,19960606,11082,30.34,5.0,1.626,6.122,False,True,True,0,0,0,0,True,
600706.SH,600706,600706,曲江文旅,主板,沪市,主板,801210.SI,社会服务,801993.SI,旅游及景区,旅游及景区,L,19960516,11103,30.4,8.03,1.006,9.756,False,True,True,0,0,0,0,True,
600707.SH,600707,600707,彩虹股份,主板,沪市,主板,801080.SI,电子,801084.SI,光学光电子,光学光电子,L,19960520,11099,30.39,8.73,-4.59,14.583,False,True,True,0,0,0,0,True,
600708.SH,600708,600708,光明地产,主板,沪市,主板,801180.SI,房地产,801181.SI,房地产开发,房地产开发,L,19960606,11082,30.34,3.09,0.651,9.677,False,True,True,0,0,0,0,True,
600710.SH,600710,600710,苏美达,主板,沪市,主板,801200.SI,商贸零售,801202.SI,贸易Ⅱ,贸易Ⅱ,L,19960701,11057,30.27,11.41,-0.175,14.414,False,True,True,0,0,0,0,True,
600711.SH,600711,600711,盛屯矿业,主板,沪市,主板,801050.SI,有色金属,801056.SI,能源金属,能源金属,L,19960531,11088,30.36,10.62,3.307,12.389,False,True,True,0,0,0,0,True,
600712.SH,600712,600712,南宁百货,主板,沪市,主板,801200.SI,商贸零售,801203.SI,一般零售,一般零售,L,19960626,11062,30.29,5.64,5.816,10.909,False,True,True,0,0,0,0,True,
600713.SH,600713,600713,南京医药,主板,沪市,主板,801150.SI,医药生物,801154.SI,医药商业,医药商业,L,19960701,11057,30.27,5.14,2.595,7.843,False,True,True,0,0,0,0,True,
600714.SH,600714,600714,金瑞矿业,主板,沪市,主板,801030.SI,基础化工,801033.SI,化学原料,化学原料,L,19960606,11082,30.34,16.79,-1.525,12.088,False,True,True,0,0,0,0,True,
600715.SH,600715,600715,文投控股,主板,沪市,主板,801760.SI,传媒,801764.SI,游戏Ⅱ,游戏Ⅱ,L,19960701,11057,30.27,1.76,10.0,12.5,False,True,True,0,0,0,0,True,
600716.SH,600716,600716,凤凰股份,主板,沪市,主板,801180.SI,房地产,801181.SI,房地产开发,房地产开发,L,19960702,11056,30.27,3.71,0.27,24.324,False,True,True,0,0,0,0,True,
600717.SH,600717,600717,天津港,主板,沪市,主板,801170.SI,交通运输,801992.SI,航运港口,航运港口,L,19960614,11074,30.32,4.37,0.229,9.302,False,True,True,0,0,0,10,True,
600718.SH,600718,600718,东软集团,主板,沪市,主板,801750.SI,计算机,801103.SI,IT服务Ⅱ,IT服务Ⅱ,L,19960618,11070,30.31,8.26,5.627,12.5,False,True,True,0,0,0,0,True,
600719.SH,600719,600719,大连热电,主板,沪市,主板,801160.SI,公用事业,801161.SI,电力,电力,L,19960716,11042,30.23,8.38,-0.119,9.756,False,True,True,0,0,0,0,True,
600720.SH,600720,600720,中交设计,主板,沪市,主板,801720.SI,建筑装饰,801726.SI,工程咨询服务Ⅱ,工程咨询服务Ⅱ,L,19960716,11042,30.23,5.2,0.193,9.804,False,True,True,0,0,0,0,True,
600721.SH,600721,600721,百花医药,主板,沪市,主板,801150.SI,医药生物,801156.SI,医疗服务,医疗服务,L,19960626,11062,30.29,12.61,0.238,8.661,False,True,True,0,0,0,0,True,
600722.SH,600722,600722,金牛化工,主板,沪市,主板,801030.SI,基础化工,801033.SI,化学原料,化学原料,L,19960626,11062,30.29,16.88,4.262,10.625,False,True,True,0,0,0,0,True,
600724.SH,600724,600724,宁波富达,主板,沪市,主板,801180.SI,房地产,801183.SI,房地产服务,房地产服务,L,19960716,11042,30.23,5.02,0.803,34.615,False,True,True,0,0,0,0,True,
600725.SH,600725,600725,云维股份,主板,沪市,主板,801950.SI,煤炭,801952.SI,焦炭Ⅱ,焦炭Ⅱ,L,19960702,11056,30.27,3.33,0.0,9.091,False,True,True,0,0,0,0,True,
600726.SH,600726,600726,华电能源,主板,沪市,主板,801160.SI,公用事业,801161.SI,电力,电力,L,19960701,11057,30.27,4.98,-0.599,22.807,False,True,True,0,0,0,0,True,
600727.SH,600727,600727,鲁北化工,主板,沪市,主板,801030.SI,基础化工,801033.SI,化学原料,化学原料,L,19960702,11056,30.27,7.83,0.385,5.263,False,True,True,0,0,0,0,True,
600728.SH,600728,600728,佳都科技,主板,沪市,主板,801750.SI,计算机,801103.SI,IT服务Ⅱ,IT服务Ⅱ,L,19960716,11042,30.23,4.54,3.182,8.696,False,True,True,0,0,0,0,True,
600729.SH,600729,600729,重百集团,主板,沪市,主板,801200.SI,商贸零售,801203.SI,一般零售,一般零售,L,19960702,11056,30.27,19.02,2.978,7.812,False,True,True,0,0,0,0,True,
600731.SH,600731,600731,湖南海利,主板,沪市,主板,801030.SI,基础化工,801038.SI,农化制品,农化制品,L,19960802,11025,30.18,5.93,0.338,8.621,False,True,True,0,0,0,0,True,
600732.SH,600732,600732,爱旭股份,主板,沪市,主板,801730.SI,电力设备,801735.SI,光伏设备,光伏设备,L,19960816,11011,30.15,10.95,0.0,17.241,False,True,True,0,0,0,0,True,
600733.SH,600733,600733,北汽蓝谷,主板,沪市,主板,801880.SI,汽车,801095.SI,乘用车,乘用车,L,19960816,11011,30.15,4.73,-0.839,20.0,False,True,True,0,0,0,0,True,
600736.SH,600736,600736,苏州高新,主板,沪市,主板,801180.SI,房地产,801181.SI,房地产开发,房地产开发,L,19960815,11012,30.15,6.48,0.0,7.463,False,True,True,0,0,0,0,True,
600737.SH,600737,600737,中粮糖业,主板,沪市,主板,801010.SI,农林牧渔,801012.SI,农产品加工,农产品加工,L,19960731,11027,30.19,15.61,3.241,14.667,False,True,True,0,0,0,0,True,
600738.SH,600738,600738,丽尚国潮,主板,沪市,主板,801200.SI,商贸零售,801203.SI,一般零售,一般零售,L,19960802,11025,30.18,4.3,2.871,11.905,False,True,True,0,0,0,0,True,
600739.SH,600739,600739,辽宁成大,主板,沪市,主板,801150.SI,医药生物,801152.SI,生物制品,生物制品,L,19960819,11008,30.14,10.33,1.974,11.111,False,True,True,0,0,0,0,True,
600740.SH,600740,600740,山西焦化,主板,沪市,主板,801950.SI,煤炭,801952.SI,焦炭Ⅱ,焦炭Ⅱ,L,19960808,11019,30.17,3.83,1.055,10.526,False,True,True,0,0,0,0,True,
600741.SH,600741,600741,华域汽车,主板,沪市,主板,801880.SI,汽车,801093.SI,汽车零部件,汽车零部件,L,19960826,11001,30.12,15.55,2.64,22.642,False,True,True,0,0,0,0,True,
600742.SH,600742,600742,富维股份,主板,沪市,主板,801880.SI,汽车,801093.SI,汽车零部件,汽车零部件,L,19960826,11001,30.12,7.76,0.779,28.947,False,True,True,0,0,0,0,True,
600743.SH,600743,600743,华远控股,主板,沪市,主板,801180.SI,房地产,801181.SI,房地产开发,房地产开发,L,19960909,10987,30.08,2.36,1.288,21.739,False,True,True,0,0,0,0,True,
600744.SH,600744,600744,华银电力,主板,沪市,主板,801160.SI,公用事业,801161.SI,电力,电力,L,19960905,10991,30.09,6.08,-1.459,14.063,False,True,True,0,0,0,0,True,
600746.SH,600746,600746,江苏索普,主板,沪市,主板,801030.SI,基础化工,801033.SI,化学原料,化学原料,L,19960918,10978,30.06,7.56,5.293,17.647,False,True,True,0,0,0,0,True,
600748.SH,600748,600748,上实发展,主板,沪市,主板,801180.SI,房地产,801181.SI,房地产开发,房地产开发,L,19960925,10971,30.04,4.11,0.489,35.0,False,True,True,0,0,0,0,True,
600749.SH,600749,600749,西藏旅游,主板,沪市,主板,801210.SI,社会服务,801993.SI,旅游及景区,旅游及景区,L,19961015,10951,29.98,12.62,0.638,22.727,False,True,True,0,0,0,0,True,
600750.SH,600750,600750,华润江中,主板,沪市,主板,801150.SI,医药生物,801155.SI,中药Ⅱ,中药Ⅱ,L,19960923,10973,30.04,22.88,1.239,11.688,False,True,True,0,0,0,0,True,
600751.SH,600751,600751,海航科技,主板,沪市,主板,801170.SI,交通运输,801992.SI,航运港口,航运港口,L,19960909,10987,30.08,2.92,1.742,12.903,False,True,True,0,0,0,0,True,
600754.SH,600754,600754,锦江酒店,主板,沪市,主板,801210.SI,社会服务,801219.SI,酒店餐饮,酒店餐饮,L,19961011,10955,29.99,18.0,2.623,9.375,False,True,True,0,0,0,0,True,
600755.SH,600755,600755,厦门国贸,主板,沪市,主板,801170.SI,交通运输,801178.SI,物流,物流,L,19961003,10963,30.02,5.79,1.758,10.345,False,True,True,0,0,0,0,True,
600756.SH,600756,600756,浪潮软件,主板,沪市,主板,801750.SI,计算机,801103.SI,IT服务Ⅱ,IT服务Ⅱ,L,19960923,10973,30.04,13.93,2.88,10.638,False,True,True,0,0,0,0,True,
600757.SH,600757,600757,长江传媒,主板,沪市,主板,801760.SI,传媒,801769.SI,出版,出版,L,19961003,10963,30.02,7.56,2.717,13.333,False,True,True,0,0,0,0,True,
600758.SH,600758,600758,辽宁能源,主板,沪市,主板,801950.SI,煤炭,801951.SI,煤炭开采,煤炭开采,L,19961029,10937,29.94,3.91,1.034,5.556,False,True,True,0,0,0,0,True,
600760.SH,600760,600760,中航沈飞,主板,沪市,主板,801740.SI,国防军工,801742.SI,航空装备Ⅱ,航空装备Ⅱ,L,19961011,10955,29.99,43.32,-0.574,29.688,False,True,True,0,0,0,0,True,
600761.SH,600761,600761,安徽合力,主板,沪市,主板,801890.SI,机械设备,801077.SI,工程机械,工程机械,L,19961009,10957,30.0,15.06,0.938,12.727,False,True,True,0,0,0,0,True,
600763.SH,600763,600763,通策医疗,主板,沪市,主板,801150.SI,医药生物,801156.SI,医疗服务,医疗服务,L,19961030,10936,29.94,33.8,0.895,9.091,False,True,True,0,0,0,0,True,
600764.SH,600764,600764,中国海防,主板,沪市,主板,801740.SI,国防军工,801744.SI,航海装备Ⅱ,航海装备Ⅱ,L,19961104,10931,29.93,18.06,-1.365,31.915,False,True,True,0,0,0,0,True,
600765.SH,600765,600765,中航重机,主板,沪市,主板,801740.SI,国防军工,801742.SI,航空装备Ⅱ,航空装备Ⅱ,L,19961106,10929,29.92,13.14,0.844,9.091,False,True,True,0,0,0,0,True,
600768.SH,600768,600768,富邦新材,主板,沪市,主板,801050.SI,有色金属,801055.SI,工业金属,工业金属,L,19961111,10924,29.91,14.68,-0.475,6.667,False,True,True,0,0,0,0,True,
600769.SH,600769,600769,祥龙电业,主板,沪市,主板,801970.SI,环保,801971.SI,环境治理,环境治理,L,19961101,10934,29.94,13.9,0.652,13.158,False,True,True,0,0,0,0,True,
600770.SH,600770,600770,综艺股份,主板,沪市,主板,801230.SI,综合,801231.SI,综合Ⅱ,综合Ⅱ,L,19961120,10915,29.88,5.88,-2.488,13.333,False,True,True,0,0,0,0,True,
600771.SH,600771,600771,广誉远,主板,沪市,主板,801150.SI,医药生物,801155.SI,中药Ⅱ,中药Ⅱ,L,19961105,10930,29.92,14.38,2.641,5.714,False,True,True,0,0,0,0,True,
600773.SH,600773,600773,西藏城投,主板,沪市,主板,801180.SI,房地产,801181.SI,房地产开发,房地产开发,L,19961108,10927,29.92,9.89,0.713,13.208,False,True,True,0,0,0,0,True,
600774.SH,600774,600774,汉商集团,主板,沪市,主板,801150.SI,医药生物,801151.SI,化学制药,化学制药,L,19961108,10927,29.92,7.92,0.892,18.421,False,True,True,0,0,0,0,True,
600775.SH,600775,600775,南京熊猫,主板,沪市,主板,801770.SI,通信,801102.SI,通信设备,通信设备,L,19961118,10917,29.89,9.5,0.636,7.216,False,True,True,0,0,0,0,True,
600776.SH,600776,600776,东方通信,主板,沪市,主板,801770.SI,通信,801102.SI,通信设备,通信设备,L,19961126,10909,29.87,12.32,1.399,12.121,False,True,True,0,0,0,0,True,
600777.SH,600777,600777,新潮能源,主板,沪市,主板,801960.SI,石油石化,801961.SI,油气开采Ⅱ,油气开采Ⅱ,L,19961121,10914,29.88,4.13,1.975,35.714,False,True,True,0,0,0,2,True,
600778.SH,600778,600778,友好集团,主板,沪市,主板,801200.SI,商贸零售,801203.SI,一般零售,一般零售,L,19961203,10902,29.85,5.82,1.926,5.172,False,True,True,0,0,0,0,True,
600779.SH,600779,600779,水井坊,主板,沪市,主板,801120.SI,食品饮料,801125.SI,白酒Ⅱ,白酒Ⅱ,L,19961206,10899,29.84,26.24,0.962,26.316,False,True,True,0,0,0,0,True,
600780.SH,600780,600780,通宝能源,主板,沪市,主板,801160.SI,公用事业,801161.SI,电力,电力,L,19961205,10900,29.84,6.18,-0.323,11.29,False,True,True,0,0,0,0,True,
600782.SH,600782,600782,新钢股份,主板,沪市,主板,801040.SI,钢铁,801044.SI,普钢,普钢,L,19961225,10880,29.79,2.7,0.0,11.111,False,True,True,0,0,0,0,True,
600783.SH,600783,600783,鲁信创投,主板,沪市,主板,801890.SI,机械设备,801072.SI,通用设备,通用设备,L,19961225,10880,29.79,14.12,-0.633,21.875,False,True,True,0,0,0,0,True,
600784.SH,600784,600784,鲁银投资,主板,沪市,主板,801030.SI,基础化工,801033.SI,化学原料,化学原料,L,19961225,10880,29.79,7.03,0.861,13.514,False,True,True,0,0,0,0,True,
600785.SH,600785,600785,新华百货,主板,沪市,主板,801200.SI,商贸零售,801203.SI,一般零售,一般零售,L,19970108,10866,29.75,11.59,7.714,9.091,False,True,True,0,0,0,0,True,
600787.SH,600787,600787,中储股份,主板,沪市,主板,801170.SI,交通运输,801178.SI,物流,物流,L,19970121,10853,29.71,4.7,1.732,15.217,False,True,True,0,0,0,0,True,
600789.SH,600789,600789,鲁抗医药,主板,沪市,主板,801150.SI,医药生物,801151.SI,化学制药,化学制药,L,19970226,10817,29.62,8.28,1.595,10.256,False,True,True,0,0,0,0,True,
600790.SH,600790,600790,轻纺城,主板,沪市,主板,801200.SI,商贸零售,801203.SI,一般零售,一般零售,L,19970228,10815,29.61,3.76,-0.265,13.889,False,True,True,0,0,0,0,True,
600791.SH,600791,600791,京能置业,主板,沪市,主板,801180.SI,房地产,801181.SI,房地产开发,房地产开发,L,19970130,10844,29.69,6.72,0.149,14.085,False,True,True,0,0,0,0,True,
600792.SH,600792,600792,云煤能源,主板,沪市,主板,801950.SI,煤炭,801952.SI,焦炭Ⅱ,焦炭Ⅱ,L,19970123,10851,29.71,5.04,-3.448,9.615,False,True,True,0,0,0,0,True,
600793.SH,600793,600793,宜宾纸业,主板,沪市,主板,801140.SI,轻工制造,801143.SI,造纸,造纸,L,19970220,10823,29.63,16.02,-2.968,16.25,False,True,True,0,0,0,0,True,
600794.SH,600794,600794,保税科技,主板,沪市,主板,801170.SI,交通运输,801178.SI,物流,物流,L,19970306,10809,29.59,3.21,0.943,9.375,False,True,True,0,0,0,0,True,
600795.SH,600795,600795,国电电力,主板,沪市,主板,801160.SI,公用事业,801161.SI,电力,电力,L,19970318,10797,29.56,5.44,-0.183,14.0,False,True,True,0,0,0,0,True,
600796.SH,600796,600796,钱江生化,主板,沪市,主板,801970.SI,环保,801971.SI,环境治理,环境治理,L,19970408,10776,29.5,5.19,1.367,5.882,False,True,True,0,0,0,0,True,
600797.SH,600797,600797,浙大网新,主板,沪市,主板,801750.SI,计算机,801103.SI,IT服务Ⅱ,IT服务Ⅱ,L,19970418,10766,29.48,6.55,2.826,11.594,False,True,True,0,0,0,0,True,
600798.SH,600798,600798,宁波海运,主板,沪市,主板,801170.SI,交通运输,801992.SI,航运港口,航运港口,L,19970423,10761,29.46,3.46,-0.288,5.882,False,True,True,0,0,0,0,True,
600800.SH,600800,600800,渤海化学,主板,沪市,主板,801960.SI,石油石化,801963.SI,炼化及贸易,炼化及贸易,L,19931206,11995,32.84,3.25,0.932,11.765,False,True,True,0,0,0,0,True,
600801.SH,600801,600801,华新建材,主板,沪市,主板,801710.SI,建筑材料,801711.SI,水泥,水泥,L,19940103,11967,32.76,23.52,-0.55,25.333,False,True,True,0,0,0,0,True,
600802.SH,600802,600802,福建水泥,主板,沪市,主板,801710.SI,建筑材料,801711.SI,水泥,水泥,L,19940103,11967,32.76,7.19,0.7,8.571,False,True,True,0,0,0,0,True,
600803.SH,600803,600803,新奥股份,主板,沪市,主板,801160.SI,公用事业,801163.SI,燃气Ⅱ,燃气Ⅱ,L,19940103,11967,32.76,19.49,0.0,26.316,False,True,True,0,0,0,0,True,
600805.SH,600805,600805,悦达投资,主板,沪市,主板,801230.SI,综合,801231.SI,综合Ⅱ,综合Ⅱ,L,19940103,11967,32.76,4.72,1.505,17.391,False,True,True,0,0,0,0,True,
600807.SH,600807,600807,济高发展,主板,沪市,主板,801150.SI,医药生物,801153.SI,医疗器械,医疗器械,L,19940103,11967,32.76,2.7,1.504,11.538,False,True,True,0,0,0,0,True,
600808.SH,600808,600808,马钢股份,主板,沪市,主板,801040.SI,钢铁,801044.SI,普钢,普钢,L,19940106,11964,32.76,2.42,-0.82,20.0,False,True,True,0,0,0,0,True,
600809.SH,600809,600809,山西汾酒,主板,沪市,主板,801120.SI,食品饮料,801125.SI,白酒Ⅱ,白酒Ⅱ,L,19940106,11964,32.76,115.73,0.547,44.118,False,True,True,0,0,0,0,True,
600810.SH,600810,600810,神马股份,主板,沪市,主板,801030.SI,基础化工,801032.SI,化学纤维,化学纤维,L,19940106,11964,32.76,6.41,2.233,10.938,False,True,True,0,0,0,0,True,
600812.SH,600812,600812,华北制药,主板,沪市,主板,801150.SI,医药生物,801151.SI,化学制药,化学制药,L,19940114,11956,32.73,6.03,10.037,20.0,False,True,True,0,0,0,0,True,
600814.SH,600814,600814,杭州解百,主板,沪市,主板,801200.SI,商贸零售,801203.SI,一般零售,一般零售,L,19940114,11956,32.73,7.19,4.506,12.857,False,True,True,0,0,0,0,True,
600815.SH,600815,600815,厦工股份,主板,沪市,主板,801890.SI,机械设备,801077.SI,工程机械,工程机械,L,19940128,11942,32.7,3.8,-1.042,15.789,False,True,True,0,0,0,0,True,
600816.SH,600816,600816,建元信托,主板,沪市,主板,801790.SI,非银金融,801191.SI,多元金融,多元金融,L,19940128,11942,32.7,2.41,1.26,12.0,False,True,True,0,0,0,0,True,
600817.SH,600817,600817,宇通重工,主板,沪市,主板,801970.SI,环保,801972.SI,环保设备Ⅱ,环保设备Ⅱ,L,19940128,11942,32.7,9.89,0.406,23.469,False,True,True,0,0,0,0,True,
600819.SH,600819,600819,耀皮玻璃,主板,沪市,主板,801710.SI,建筑材料,801712.SI,玻璃玻纤,玻璃玻纤,L,19940128,11942,32.7,5.59,1.085,21.053,False,True,True,0,0,0,0,True,
600820.SH,600820,600820,隧道股份,主板,沪市,主板,801720.SI,建筑装饰,801723.SI,基础建设,基础建设,L,19940128,11942,32.7,5.31,0.378,18.519,False,True,True,0,0,0,0,True,
600821.SH,600821,600821,金开新能,主板,沪市,主板,801160.SI,公用事业,801161.SI,电力,电力,L,19940128,11942,32.7,5.68,1.61,9.836,False,True,True,0,0,0,0,True,
600822.SH,600822,600822,上海物贸,主板,沪市,主板,801880.SI,汽车,801092.SI,汽车服务,汽车服务,L,19940204,11935,32.68,9.19,1.885,15.217,False,True,True,0,0,0,0,True,
600824.SH,600824,600824,益民集团,主板,沪市,主板,801200.SI,商贸零售,801203.SI,一般零售,一般零售,L,19940204,11935,32.68,3.84,4.065,10.811,False,True,True,0,0,0,0,True,
600826.SH,600826,600826,兰生股份,主板,沪市,主板,801210.SI,社会服务,801218.SI,专业服务,专业服务,L,19940204,11935,32.68,8.08,2.279,25.926,False,True,True,0,0,0,0,True,
600827.SH,600827,600827,百联股份,主板,沪市,主板,801200.SI,商贸零售,801203.SI,一般零售,一般零售,L,19940204,11935,32.68,8.04,1.643,11.538,False,True,True,0,0,0,0,True,
600828.SH,600828,600828,茂业商业,主板,沪市,主板,801200.SI,商贸零售,801203.SI,一般零售,一般零售,L,19940224,11915,32.62,4.57,6.032,22.222,False,True,True,0,0,0,0,True,
600829.SH,600829,600829,人民同泰,主板,沪市,主板,801150.SI,医药生物,801154.SI,医药商业,医药商业,L,19940224,11915,32.62,9.52,2.919,10.0,False,True,True,0,0,0,0,True,
600830.SH,600830,600830,香溢融通,主板,沪市,主板,801790.SI,非银金融,801191.SI,多元金融,多元金融,L,19940224,11915,32.62,8.91,4.333,10.345,False,True,True,0,0,0,0,True,
600831.SH,600831,600831,广电网络,主板,沪市,主板,801760.SI,传媒,801995.SI,电视广播Ⅱ,电视广播Ⅱ,L,19940224,11915,32.62,3.55,5.655,6.25,False,True,True,0,0,0,0,True,
600833.SH,600833,600833,第一医药,主板,沪市,主板,801150.SI,医药生物,801154.SI,医药商业,医药商业,L,19940224,11915,32.62,10.56,1.636,6.542,False,True,True,0,0,0,0,True,
600834.SH,600834,600834,申通地铁,主板,沪市,主板,801170.SI,交通运输,801179.SI,铁路公路,铁路公路,L,19940224,11915,32.62,7.7,0.654,15.385,False,True,True,0,0,0,0,True,
600835.SH,600835,600835,上海机电,主板,沪市,主板,801890.SI,机械设备,801074.SI,专用设备,专用设备,L,19940224,11915,32.62,17.82,0.678,31.25,False,True,True,0,0,0,0,True,
600838.SH,600838,600838,上海九百,主板,沪市,主板,801200.SI,商贸零售,801203.SI,一般零售,一般零售,L,19940224,11915,32.62,8.7,7.275,7.143,False,True,True,0,0,0,0,True,
600839.SH,600839,600839,四川长虹,主板,沪市,主板,801110.SI,家用电器,801112.SI,黑色家电,黑色家电,L,19940311,11900,32.58,6.42,-0.155,7.246,False,True,True,0,0,0,0,True,
600841.SH,600841,600841,动力新科,主板,沪市,主板,801880.SI,汽车,801093.SI,汽车零部件,汽车零部件,L,19940311,11900,32.58,5.66,-0.352,17.241,False,True,True,0,0,0,0,True,
600843.SH,600843,600843,上工申贝,主板,沪市,主板,801890.SI,机械设备,801074.SI,专用设备,专用设备,L,19940311,11900,32.58,8.18,9.946,14.286,False,True,True,0,0,0,0,True,
600844.SH,600844,600844,金煤科技,主板,沪市,主板,801030.SI,基础化工,801033.SI,化学原料,化学原料,L,19940311,11900,32.58,3.33,1.216,17.647,False,True,True,0,0,0,0,True,
600845.SH,600845,600845,宝信软件,主板,沪市,主板,801750.SI,计算机,801103.SI,IT服务Ⅱ,IT服务Ⅱ,L,19940311,11900,32.58,17.7,1.841,30.435,False,True,True,0,0,0,0,True,
600846.SH,600846,600846,同济科技,主板,沪市,主板,801720.SI,建筑装饰,801726.SI,工程咨询服务Ⅱ,工程咨询服务Ⅱ,L,19940311,11900,32.58,10.72,0.374,17.949,False,True,True,0,0,0,0,True,
600847.SH,600847,600847,万里股份,主板,沪市,主板,801730.SI,电力设备,801737.SI,电池,电池,L,19940324,11887,32.54,13.18,0.611,7.692,False,True,True,0,0,0,0,True,
600848.SH,600848,600848,上海临港,主板,沪市,主板,801180.SI,房地产,801181.SI,房地产开发,房地产开发,L,19940324,11887,32.54,8.82,-1.121,37.931,False,True,True,0,0,0,0,True,
600850.SH,600850,600850,电科数字,主板,沪市,主板,801750.SI,计算机,801103.SI,IT服务Ⅱ,IT服务Ⅱ,L,19940324,11887,32.54,13.61,2.485,13.793,False,True,True,0,0,0,0,True,
600851.SH,600851,600851,海欣股份,主板,沪市,主板,801150.SI,医药生物,801151.SI,化学制药,化学制药,L,19940404,11876,32.51,7.82,2.089,11.765,False,True,True,0,0,0,0,True,
600853.SH,600853,600853,龙建股份,主板,沪市,主板,801720.SI,建筑装饰,801723.SI,基础建设,基础建设,L,19940404,11876,32.51,3.33,1.216,21.212,False,True,True,0,0,0,0,True,
600854.SH,600854,600854,春兰股份,主板,沪市,主板,801180.SI,房地产,801181.SI,房地产开发,房地产开发,L,19940425,11855,32.46,4.76,0.422,13.043,False,True,True,0,0,0,0,True,
600855.SH,600855,600855,航天长峰,主板,沪市,主板,801740.SI,国防军工,801745.SI,军工电子Ⅱ,军工电子Ⅱ,L,19940425,11855,32.46,12.38,0.65,13.178,False,True,True,0,0,0,0,True,
600857.SH,600857,600857,宁波中百,主板,沪市,主板,801200.SI,商贸零售,801203.SI,一般零售,一般零售,L,19940425,11855,32.46,17.98,5.455,28.846,False,True,True,0,0,0,0,True,
600858.SH,600858,600858,银座股份,主板,沪市,主板,801200.SI,商贸零售,801203.SI,一般零售,一般零售,L,19940506,11844,32.43,5.05,3.061,8.163,False,True,True,0,0,0,0,True,
600859.SH,600859,600859,王府井,主板,沪市,主板,801200.SI,商贸零售,801203.SI,一般零售,一般零售,L,19940506,11844,32.43,9.89,2.275,8.0,False,True,True,0,0,0,0,True,
600860.SH,600860,600860,京城股份,主板,沪市,主板,801890.SI,机械设备,801072.SI,通用设备,通用设备,L,19940506,11844,32.43,7.61,1.332,14.286,False,True,True,0,0,0,0,True,
600861.SH,600861,600861,北京人力,主板,沪市,主板,801210.SI,社会服务,801218.SI,专业服务,专业服务,L,19940520,11830,32.39,12.88,0.546,31.818,False,True,True,0,0,0,0,True,
600862.SH,600862,600862,中航高科,主板,沪市,主板,801740.SI,国防军工,801742.SI,航空装备Ⅱ,航空装备Ⅱ,L,19940520,11830,32.39,17.56,0.057,10.87,False,True,True,0,0,0,0,True,
600863.SH,600863,600863,华能蒙电,主板,沪市,主板,801160.SI,公用事业,801161.SI,电力,电力,L,19940520,11830,32.39,5.18,1.569,10.417,False,True,True,0,0,0,0,True,
600864.SH,600864,600864,哈投股份,主板,沪市,主板,801790.SI,非银金融,801193.SI,证券Ⅱ,证券Ⅱ,L,19940809,11749,32.17,5.82,5.818,10.345,False,True,True,0,0,0,0,True,
600865.SH,600865,600865,百大集团,主板,沪市,主板,801200.SI,商贸零售,801203.SI,一般零售,一般零售,L,19940809,11749,32.17,11.51,10.038,8.182,False,True,True,0,0,0,0,True,
600866.SH,600866,600866,星湖科技,主板,沪市,主板,801030.SI,基础化工,801034.SI,化学制品,化学制品,L,19940818,11740,32.14,4.4,3.529,11.628,False,True,True,0,0,0,0,True,
600867.SH,600867,600867,通化东宝,主板,沪市,主板,801150.SI,医药生物,801152.SI,生物制品,生物制品,L,19940824,11734,32.13,7.88,1.416,7.317,False,True,True,0,0,0,0,True,
600868.SH,600868,600868,梅雁吉祥,主板,沪市,主板,801160.SI,公用事业,801161.SI,电力,电力,L,19940912,11715,32.07,2.77,0.727,7.143,False,True,True,0,0,0,0,True,
600869.SH,600869,600869,远东股份,主板,沪市,主板,801730.SI,电力设备,801738.SI,电网设备,电网设备,L,19950206,11568,31.67,17.11,0.0,26.923,False,True,True,0,0,0,0,True,
600871.SH,600871,600871,石化油服,主板,沪市,主板,801960.SI,石油石化,801962.SI,油服工程,油服工程,L,19950411,11504,31.5,2.18,0.926,13.636,False,True,True,0,0,0,0,True,
600872.SH,600872,600872,中炬高新,主板,沪市,主板,801120.SI,食品饮料,801129.SI,调味发酵品Ⅱ,调味发酵品Ⅱ,L,19950124,11581,31.71,17.71,2.607,13.043,False,True,True,0,0,0,0,True,
600873.SH,600873,600873,梅花生物,主板,沪市,主板,801030.SI,基础化工,801034.SI,化学制品,化学制品,L,19950217,11557,31.64,7.7,1.987,21.519,False,True,True,0,0,0,0,True,
600874.SH,600874,600874,创业环保,主板,沪市,主板,801970.SI,环保,801971.SI,环境治理,环境治理,L,19950630,11424,31.28,5.59,0.721,10.714,False,True,True,0,0,0,0,True,
600875.SH,600875,600875,东方电气,主板,沪市,主板,801730.SI,电力设备,801733.SI,其他电源设备Ⅱ,其他电源设备Ⅱ,L,19951010,11322,31.0,23.5,0.085,14.063,False,True,True,0,0,0,0,True,
600876.SH,600876,600876,凯盛新能,主板,沪市,主板,801710.SI,建筑材料,801712.SI,玻璃玻纤,玻璃玻纤,L,19951031,11301,30.94,7.59,0.931,20.0,False,True,True,0,0,0,0,True,
600877.SH,600877,600877,电科芯片,主板,沪市,主板,801080.SI,电子,801081.SI,半导体,半导体,L,19951013,11319,30.99,11.04,0.091,36.066,False,True,True,0,0,0,0,True,
600879.SH,600879,600879,航天电子,主板,沪市,主板,801740.SI,国防军工,801741.SI,航天装备Ⅱ,航天装备Ⅱ,L,19951115,11286,30.9,13.33,-2.913,12.5,False,True,True,0,0,0,0,True,
600880.SH,600880,600880,博瑞传播,主板,沪市,主板,801210.SI,社会服务,801994.SI,教育,教育,L,19951115,11286,30.9,4.34,5.596,22.727,False,True,True,0,0,0,0,True,
600881.SH,600881,600881,亚泰集团,主板,沪市,主板,801230.SI,综合,801231.SI,综合Ⅱ,综合Ⅱ,L,19951115,11286,30.9,1.92,3.226,11.111,False,True,True,0,0,0,0,True,
600882.SH,600882,600882,妙可蓝多,主板,沪市,主板,801120.SI,食品饮料,801127.SI,饮料乳品,饮料乳品,L,19951206,11265,30.84,21.13,9.995,15.385,False,True,True,0,0,0,0,True,
600883.SH,600883,600883,博闻科技,主板,沪市,主板,801010.SI,农林牧渔,801016.SI,种植业,种植业,L,19951208,11263,30.84,8.05,0.124,7.692,False,True,True,0,0,0,0,True,
600884.SH,600884,600884,杉杉股份,主板,沪市,主板,801730.SI,电力设备,801737.SI,电池,电池,L,19960130,11210,30.69,11.99,1.011,6.897,False,True,True,0,0,0,0,True,
600885.SH,600885,600885,宏发股份,主板,沪市,主板,801730.SI,电力设备,801738.SI,电网设备,电网设备,L,19960205,11204,30.67,32.26,-0.093,11.047,False,True,True,0,0,0,0,True,
600886.SH,600886,600886,国投电力,主板,沪市,主板,801160.SI,公用事业,801161.SI,电力,电力,L,19960118,11222,30.72,15.78,0.895,13.669,False,True,True,0,0,0,0,True,
600887.SH,600887,600887,伊利股份,主板,沪市,主板,801120.SI,食品饮料,801127.SI,饮料乳品,饮料乳品,L,19960312,11168,30.58,27.66,1.244,7.576,False,True,True,0,0,0,0,True,
600888.SH,600888,600888,新疆众和,主板,沪市,主板,801050.SI,有色金属,801055.SI,工业金属,工业金属,L,19960215,11194,30.65,9.67,-1.628,9.0,False,True,True,0,0,0,0,True,
600892.SH,600892,600892,大晟文化,主板,沪市,主板,801760.SI,传媒,801764.SI,游戏Ⅱ,游戏Ⅱ,L,19960315,11165,30.57,4.38,8.148,7.317,False,True,True,0,0,0,2,True,
600893.SH,600893,600893,航发动力,主板,沪市,主板,801740.SI,国防军工,801742.SI,航空装备Ⅱ,航空装备Ⅱ,L,19960408,11141,30.5,37.83,-0.683,16.667,False,True,True,0,0,0,0,True,
600894.SH,600894,600894,广日股份,主板,沪市,主板,801890.SI,机械设备,801074.SI,专用设备,专用设备,L,19960328,11152,30.53,7.76,1.306,23.077,False,True,True,0,0,0,0,True,
600895.SH,600895,600895,张江高科,主板,沪市,主板,801180.SI,房地产,801181.SI,房地产开发,房地产开发,L,19960422,11127,30.46,27.9,1.862,16.393,False,True,True,0,0,0,0,True,
600897.SH,600897,600897,厦门空港,主板,沪市,主板,801170.SI,交通运输,801991.SI,航空机场,航空机场,L,19960531,11088,30.36,14.64,1.596,14.474,False,True,True,0,0,0,0,True,
600900.SH,600900,600900,长江电力,主板,沪市,主板,801160.SI,公用事业,801161.SI,电力,电力,L,20031118,8361,22.89,28.99,0.311,10.0,False,True,True,0,0,0,0,True,
600901.SH,600901,600901,江苏金租,主板,沪市,主板,801790.SI,非银金融,801191.SI,多元金融,多元金融,L,20180301,3144,8.61,7.0,0.143,13.846,False,True,True,0,0,0,0,True,
600903.SH,600903,600903,贵州燃气,主板,沪市,主板,801160.SI,公用事业,801163.SI,燃气Ⅱ,燃气Ⅱ,L,20171107,3258,8.92,6.79,-0.731,11.765,False,True,True,0,0,0,0,True,
600905.SH,600905,600905,三峡能源,主板,沪市,主板,801160.SI,公用事业,801161.SI,电力,电力,L,20210610,1947,5.33,3.55,0.567,16.667,False,True,True,0,0,0,0,True,
600906.SH,600906,600906,财达证券,主板,沪市,主板,801790.SI,非银金融,801193.SI,证券Ⅱ,证券Ⅱ,L,20210507,1981,5.42,6.34,1.929,12.308,False,True,True,0,0,0,0,True,
600908.SH,600908,600908,无锡银行,主板,沪市,主板,801780.SI,银行,801785.SI,农商行Ⅱ,农商行Ⅱ,L,20160923,3668,10.04,5.87,-1.012,10.714,False,True,True,0,0,0,0,True,
600909.SH,600909,600909,华安证券,主板,沪市,主板,801790.SI,非银金融,801193.SI,证券Ⅱ,证券Ⅱ,L,20161206,3594,9.84,7.66,2.133,9.877,False,True,True,0,0,0,0,True,
600916.SH,600916,600916,中国黄金,主板,沪市,主板,801130.SI,纺织服饰,801133.SI,饰品,饰品,L,20210205,2072,5.67,7.32,2.378,9.091,False,True,True,0,0,0,0,True,
600917.SH,600917,600917,重庆燃气,主板,沪市,主板,801160.SI,公用事业,801163.SI,燃气Ⅱ,燃气Ⅱ,L,20140930,4392,12.02,4.96,0.0,18.367,False,True,True,0,0,0,0,True,
600918.SH,600918,600918,中泰证券,主板,沪市,主板,801790.SI,非银金融,801193.SI,证券Ⅱ,证券Ⅱ,L,20200603,2319,6.35,5.47,2.052,9.091,False,True,True,0,0,0,0,True,
600919.SH,600919,600919,江苏银行,主板,沪市,主板,801780.SI,银行,801784.SI,城商行Ⅱ,城商行Ⅱ,L,20160802,3720,10.18,12.37,-1.591,16.529,False,True,True,0,0,0,0,True,
600925.SH,600925,600925,苏能股份,主板,沪市,主板,801950.SI,煤炭,801951.SI,煤炭开采,煤炭开采,L,20230329,1290,3.53,4.23,0.955,11.628,False,True,True,0,0,0,0,True,
600926.SH,600926,600926,杭州银行,主板,沪市,主板,801780.SI,银行,801784.SI,城商行Ⅱ,城商行Ⅱ,L,20161027,3634,9.95,17.15,-1.606,9.357,False,True,True,0,0,0,0,True,
600927.SH,600927,600927,永安期货,主板,沪市,主板,801790.SI,非银金融,801191.SI,多元金融,多元金融,L,20211223,1751,4.79,12.16,1.843,21.053,False,True,True,0,0,0,0,True,
600928.SH,600928,600928,西安银行,主板,沪市,主板,801780.SI,银行,801784.SI,城商行Ⅱ,城商行Ⅱ,L,20190301,2779,7.61,3.55,-0.56,8.571,False,True,True,0,0,0,0,True,
600933.SH,600933,600933,爱柯迪,主板,沪市,主板,801880.SI,汽车,801093.SI,汽车零部件,汽车零部件,L,20171117,3248,8.89,13.0,0.775,18.841,False,True,True,0,0,0,0,True,
600935.SH,600935,600935,华塑股份,主板,沪市,主板,801030.SI,基础化工,801033.SI,化学原料,化学原料,L,20211126,1778,4.87,2.34,1.739,25.0,False,True,True,0,0,0,0,True,
600936.SH,600936,600936,北投科技,主板,沪市,主板,801760.SI,传媒,801995.SI,电视广播Ⅱ,电视广播Ⅱ,L,20160815,3707,10.15,4.38,2.576,20.833,False,True,True,0,0,0,0,True,
600938.SH,600938,600938,中国海油,主板,沪市,主板,801960.SI,石油石化,801961.SI,油气开采Ⅱ,油气开采Ⅱ,L,20220421,1632,4.47,33.82,-1.024,10.909,False,True,True,0,0,0,0,True,
600939.SH,600939,600939,重庆建工,主板,沪市,主板,801720.SI,建筑装饰,801721.SI,房屋建设Ⅱ,房屋建设Ⅱ,L,20170221,3517,9.63,2.66,0.758,22.222,False,True,True,0,0,0,0,True,
600941.SH,600941,600941,中国移动,主板,沪市,主板,801770.SI,通信,801223.SI,通信服务,通信服务,L,20220105,1738,4.76,97.98,0.02,5.97,False,True,True,0,0,0,0,True,
600955.SH,600955,600955,维远股份,主板,沪市,主板,801030.SI,基础化工,801033.SI,化学原料,化学原料,L,20210915,1850,5.07,13.06,3.733,40.476,False,True,True,0,0,0,0,True,
600956.SH,600956,600956,新天绿能,主板,沪市,主板,801160.SI,公用事业,801161.SI,电力,电力,L,20200629,2293,6.28,7.21,-0.689,26.923,False,True,True,0,0,0,0,True,
600958.SH,600958,600958,东方证券,主板,沪市,主板,801790.SI,非银金融,801193.SI,证券Ⅱ,证券Ⅱ,L,20150323,4218,11.55,8.67,1.761,10.0,False,True,True,0,0,0,0,True,
600959.SH,600959,600959,江苏有线,主板,沪市,主板,801760.SI,传媒,801995.SI,电视广播Ⅱ,电视广播Ⅱ,L,20150428,4182,11.45,3.19,3.236,33.333,False,True,True,0,0,0,0,True,
600960.SH,600960,600960,渤海汽车,主板,沪市,主板,801880.SI,汽车,801093.SI,汽车零部件,汽车零部件,L,20040407,8220,22.51,3.9,1.036,10.0,False,True,True,0,0,0,0,True,
600961.SH,600961,600961,株冶集团,主板,沪市,主板,801050.SI,有色金属,801055.SI,工业金属,工业金属,L,20040830,8075,22.11,22.6,1.619,19.048,False,True,True,0,0,0,0,True,
600962.SH,600962,600962,国投中鲁,主板,沪市,主板,801010.SI,农林牧渔,801012.SI,农产品加工,农产品加工,L,20040622,8144,22.3,24.78,1.891,8.527,False,True,True,0,0,0,0,True,
600963.SH,600963,600963,岳阳林纸,主板,沪市,主板,801140.SI,轻工制造,801143.SI,造纸,造纸,L,20040525,8172,22.37,3.39,0.893,8.824,False,True,True,0,0,0,0,True,
600966.SH,600966,600966,博汇纸业,主板,沪市,主板,801140.SI,轻工制造,801143.SI,造纸,造纸,L,20040608,8158,22.34,4.81,-0.62,28.571,False,True,True,0,0,0,0,True,
600967.SH,600967,600967,内蒙一机,主板,沪市,主板,801740.SI,国防军工,801743.SI,地面兵装Ⅱ,地面兵装Ⅱ,L,20040518,8179,22.39,12.49,-3.178,11.364,False,True,True,0,0,0,0,True,
600968.SH,600968,600968,海油发展,主板,沪市,主板,801960.SI,石油石化,801962.SI,油服工程,油服工程,L,20190626,2662,7.29,3.98,-1.241,25.0,False,True,True,0,0,0,0,True,
600969.SH,600969,600969,郴电国际,主板,沪市,主板,801160.SI,公用事业,801161.SI,电力,电力,L,20040408,8219,22.5,9.3,-2.208,11.0,False,True,True,0,0,0,0,True,
600970.SH,600970,600970,中材国际,主板,沪市,主板,801720.SI,建筑装饰,801724.SI,专业工程,专业工程,L,20050412,7850,21.49,7.76,-0.257,25.641,False,True,True,0,0,0,0,True,
600971.SH,600971,600971,恒源煤电,主板,沪市,主板,801950.SI,煤炭,801951.SI,煤炭开采,煤炭开采,L,20040817,8088,22.14,8.39,-0.474,14.286,False,True,True,0,0,0,0,True,
600973.SH,600973,600973,宝胜股份,主板,沪市,主板,801730.SI,电力设备,801738.SI,电网设备,电网设备,L,20040802,8103,22.18,5.74,0.35,14.754,False,True,True,0,0,0,0,True,
600975.SH,600975,600975,新五丰,主板,沪市,主板,801010.SI,农林牧渔,801017.SI,养殖业,养殖业,L,20040609,8157,22.33,5.18,1.768,15.385,False,True,True,0,0,0,0,True,
600976.SH,600976,600976,健民集团,主板,沪市,主板,801150.SI,医药生物,801155.SI,中药Ⅱ,中药Ⅱ,L,20040419,8208,22.47,27.51,1.964,11.429,False,True,True,0,0,0,0,True,
600977.SH,600977,600977,中国电影,主板,沪市,主板,801760.SI,传媒,801766.SI,影视院线,影视院线,L,20160809,3713,10.17,13.93,3.955,9.302,False,True,True,0,0,0,0,True,
600979.SH,600979,600979,广安爱众,主板,沪市,主板,801160.SI,公用事业,801161.SI,电力,电力,L,20040906,8068,22.09,3.93,-0.254,5.0,False,True,True,0,0,0,0,True,
600980.SH,600980,600980,北矿科技,主板,沪市,主板,801890.SI,机械设备,801074.SI,专用设备,专用设备,L,20040512,8185,22.41,18.54,0.0,14.286,False,True,True,0,0,0,0,True,
600981.SH,600981,600981,苏豪汇鸿,主板,沪市,主板,801200.SI,商贸零售,801202.SI,贸易Ⅱ,贸易Ⅱ,L,20040630,8136,22.28,2.44,2.092,16.667,False,True,True,0,0,0,0,True,
600982.SH,600982,600982,宁波能源,主板,沪市,主板,801160.SI,公用事业,801161.SI,电力,电力,L,20040706,8130,22.26,5.31,-0.748,9.615,False,True,True,0,0,0,0,True,
600983.SH,600983,600983,惠而浦,主板,沪市,主板,801110.SI,家用电器,801111.SI,白色家电,白色家电,L,20040727,8109,22.2,7.5,0.0,35.366,False,True,True,0,0,0,0,True,
600985.SH,600985,600985,淮北矿业,主板,沪市,主板,801950.SI,煤炭,801951.SI,煤炭开采,煤炭开采,L,20040428,8199,22.45,16.39,0.614,22.561,False,True,True,0,0,0,0,True,
600986.SH,600986,600986,浙文互联,主板,沪市,主板,801760.SI,传媒,801765.SI,广告营销,广告营销,L,20040426,8201,22.45,7.17,5.908,11.111,False,True,True,0,0,0,0,True,
600987.SH,600987,600987,航民股份,主板,沪市,主板,801130.SI,纺织服饰,801131.SI,纺织制造,纺织制造,L,20040809,8096,22.17,6.32,0.477,13.636,False,True,True,0,0,0,0,True,
600988.SH,600988,600988,赤峰黄金,主板,沪市,主板,801050.SI,有色金属,801053.SI,贵金属,贵金属,L,20040414,8213,22.49,41.38,5.912,17.442,False,True,True,0,0,0,0,True,
600989.SH,600989,600989,宝丰能源,主板,沪市,主板,801030.SI,基础化工,801033.SI,化学原料,化学原料,L,20190516,2703,7.4,23.25,-0.3,14.286,False,True,True,0,0,0,0,True,
600990.SH,600990,600990,四创电子,主板,沪市,主板,801740.SI,国防军工,801745.SI,军工电子Ⅱ,军工电子Ⅱ,L,20040510,8187,22.41,17.64,1.263,13.043,False,True,True,0,0,0,0,True,
600992.SH,600992,600992,贵绳股份,主板,沪市,主板,801890.SI,机械设备,801072.SI,通用设备,通用设备,L,20040514,8183,22.4,10.15,-2.31,5.882,False,True,True,0,0,0,0,True,
600993.SH,600993,600993,马应龙,主板,沪市,主板,801150.SI,医药生物,801155.SI,中药Ⅱ,中药Ⅱ,L,20040517,8180,22.4,22.95,1.325,7.792,False,True,True,0,0,0,0,True,
600995.SH,600995,600995,南网储能,主板,沪市,主板,801160.SI,公用事业,801161.SI,电力,电力,L,20040615,8151,22.32,12.02,-0.332,25.0,False,True,True,0,0,0,0,True,
600996.SH,600996,600996,贵广网络,主板,沪市,主板,801760.SI,传媒,801995.SI,电视广播Ⅱ,电视广播Ⅱ,L,20161226,3574,9.79,6.89,2.99,8.696,False,True,True,0,0,0,0,True,
600997.SH,600997,600997,开滦股份,主板,沪市,主板,801950.SI,煤炭,801951.SI,煤炭开采,煤炭开采,L,20040602,8164,22.35,5.35,0.753,14.545,False,True,True,0,0,0,0,True,
600998.SH,600998,600998,九州通,主板,沪市,主板,801150.SI,医药生物,801154.SI,医药商业,医药商业,L,20101102,5820,15.93,5.08,0.395,6.0,False,True,True,0,0,0,0,True,
600999.SH,600999,600999,招商证券,主板,沪市,主板,801790.SI,非银金融,801193.SI,证券Ⅱ,证券Ⅱ,L,20091117,6170,16.89,17.04,1.068,17.778,False,True,True,0,0,0,0,True,
601000.SH,601000,601000,唐山港,主板,沪市,主板,801170.SI,交通运输,801992.SI,航运港口,航运港口,L,20100705,5940,16.26,4.68,-0.213,13.333,False,True,True,0,0,0,0,True,
601001.SH,601001,601001,晋控煤业,主板,沪市,主板,801950.SI,煤炭,801951.SI,煤炭开采,煤炭开采,L,20060623,7413,20.3,17.7,1.724,9.302,False,True,True,0,0,0,0,True,
601002.SH,601002,601002,晋亿实业,主板,沪市,主板,801890.SI,机械设备,801072.SI,通用设备,通用设备,L,20070126,7196,19.7,5.22,-1.509,11.538,False,True,True,0,0,0,0,True,
601003.SH,601003,601003,柳钢股份,主板,沪市,主板,801040.SI,钢铁,801044.SI,普钢,普钢,L,20070227,7164,19.61,3.58,0.28,28.947,False,True,True,0,0,0,0,True,
601005.SH,601005,601005,重庆钢铁,主板,沪市,主板,801040.SI,钢铁,801044.SI,普钢,普钢,L,20070228,7163,19.61,1.21,0.833,25.0,False,True,True,0,0,0,0,True,
601006.SH,601006,601006,大秦铁路,主板,沪市,主板,801170.SI,交通运输,801179.SI,铁路公路,铁路公路,L,20060801,7374,20.19,4.87,0.62,10.417,False,True,True,0,0,0,0,True,
601007.SH,601007,601007,金陵饭店,主板,沪市,主板,801210.SI,社会服务,801219.SI,酒店餐饮,酒店餐饮,L,20070406,7126,19.51,6.81,1.189,8.824,False,True,True,0,0,0,0,True,
601008.SH,601008,601008,连云港,主板,沪市,主板,801170.SI,交通运输,801992.SI,航运港口,航运港口,L,20070426,7106,19.46,4.45,0.225,9.091,False,True,True,0,0,0,0,True,
601009.SH,601009,601009,南京银行,主板,沪市,主板,801780.SI,银行,801784.SI,城商行Ⅱ,城商行Ⅱ,L,20070719,7022,19.23,11.91,-1.651,13.559,False,True,True,0,0,0,0,True,
601011.SH,601011,601011,宝泰隆,主板,沪市,主板,801950.SI,煤炭,801952.SI,焦炭Ⅱ,焦炭Ⅱ,L,20110309,5693,15.59,3.04,2.357,10.345,False,True,True,0,0,0,0,True,
601012.SH,601012,601012,隆基绿能,主板,沪市,主板,801730.SI,电力设备,801735.SI,光伏设备,光伏设备,L,20120411,5294,14.49,11.24,1.536,16.129,False,True,True,0,0,0,0,True,
601015.SH,601015,601015,陕西黑猫,主板,沪市,主板,801950.SI,煤炭,801952.SI,焦炭Ⅱ,焦炭Ⅱ,L,20141105,4356,11.93,3.84,0.261,10.811,False,True,True,0,0,0,0,True,
601016.SH,601016,601016,节能风电,主板,沪市,主板,801160.SI,公用事业,801161.SI,电力,电力,L,20140929,4393,12.03,3.26,-0.61,8.824,False,True,True,0,0,0,0,True,
601018.SH,601018,601018,宁波港,主板,沪市,主板,801170.SI,交通运输,801992.SI,航运港口,航运港口,L,20100928,5855,16.03,3.63,1.114,20.0,False,True,True,0,0,0,0,True,
601019.SH,601019,601019,山东出版,主板,沪市,主板,801760.SI,传媒,801769.SI,出版,出版,L,20171122,3243,8.88,7.06,3.824,26.389,False,True,True,0,0,0,0,True,
601020.SH,601020,601020,华钰矿业,主板,沪市,主板,801050.SI,有色金属,801055.SI,工业金属,工业金属,L,20160316,3859,10.57,19.65,1.55,13.889,False,True,True,0,0,0,0,True,
601021.SH,601021,601021,春秋航空,主板,沪市,主板,801170.SI,交通运输,801991.SI,航空机场,航空机场,L,20150121,4279,11.72,40.15,1.261,13.333,False,True,True,0,0,0,0,True,
601022.SH,601022,601022,宁波远洋,主板,沪市,主板,801170.SI,交通运输,801992.SI,航运港口,航运港口,L,20221208,1401,3.84,8.37,-1.064,13.58,False,True,True,0,0,0,0,True,
601033.SH,601033,601033,永兴股份,主板,沪市,主板,801970.SI,环保,801971.SI,环境治理,环境治理,L,20240118,995,2.72,14.33,1.058,4.167,False,True,True,0,0,0,0,True,
601038.SH,601038,601038,一拖股份,主板,沪市,主板,801890.SI,机械设备,801074.SI,专用设备,专用设备,L,20120808,5175,14.17,13.76,-0.145,15.827,False,True,True,0,0,0,0,True,
601058.SH,601058,601058,赛轮轮胎,主板,沪市,主板,801880.SI,汽车,801093.SI,汽车零部件,汽车零部件,L,20110630,5580,15.28,13.19,1.932,15.441,False,True,True,0,0,0,0,True,
601061.SH,601061,601061,中信金属,主板,沪市,主板,801200.SI,商贸零售,801202.SI,贸易Ⅱ,贸易Ⅱ,L,20230410,1278,3.5,10.99,1.104,23.729,False,True,True,0,0,0,0,True,
601065.SH,601065,601065,江盐集团,主板,沪市,主板,801030.SI,基础化工,801033.SI,化学原料,化学原料,L,20230410,1278,3.5,6.76,1.807,5.882,False,True,True,0,0,0,0,True,
601066.SH,601066,601066,中信建投,主板,沪市,主板,801790.SI,非银金融,801193.SI,证券Ⅱ,证券Ⅱ,L,20180620,3033,8.3,23.21,2.022,19.608,False,True,True,0,0,0,0,True,
601068.SH,601068,601068,中铝国际,主板,沪市,主板,801720.SI,建筑装饰,801724.SI,专业工程,专业工程,L,20180831,2961,8.11,4.58,3.153,39.13,False,True,True,0,0,0,0,True,
601069.SH,601069,601069,西部黄金,主板,沪市,主板,801050.SI,有色金属,801053.SI,贵金属,贵金属,L,20150122,4278,11.71,26.55,9.983,21.053,False,True,True,0,0,0,0,True,
601077.SH,601077,601077,渝农商行,主板,沪市,主板,801780.SI,银行,801785.SI,农商行Ⅱ,农商行Ⅱ,L,20191029,2537,6.95,6.67,-1.622,9.091,False,True,True,0,0,0,0,True,
601083.SH,601083,601083,锦江航运,主板,沪市,主板,801170.SI,交通运输,801992.SI,航运港口,航运港口,L,20231205,1039,2.84,13.38,2.765,7.031,False,True,True,0,0,0,0,True,
601086.SH,601086,601086,国芳集团,主板,沪市,主板,801200.SI,商贸零售,801203.SI,一般零售,一般零售,L,20170929,3297,9.03,14.94,10.015,24.306,False,True,True,0,0,0,0,True,
601088.SH,601088,601088,中国神华,主板,沪市,主板,801950.SI,煤炭,801951.SI,煤炭开采,煤炭开采,L,20071009,6940,19.0,48.4,1.916,73.077,False,True,True,0,0,0,0,True,
601089.SH,601089,601089,福元医药,主板,沪市,主板,801150.SI,医药生物,801151.SI,化学制药,化学制药,L,20220630,1562,4.28,16.42,0.798,34.884,False,True,True,0,0,0,0,True,
601096.SH,601096,601096,宏盛华源,主板,沪市,主板,801720.SI,建筑装饰,801724.SI,专业工程,专业工程,L,20231222,1022,2.8,4.1,1.485,14.286,False,True,True,0,0,0,0,True,
601098.SH,601098,601098,中南传媒,主板,沪市,主板,801760.SI,传媒,801769.SI,出版,出版,L,20101028,5825,15.95,10.79,2.958,10.68,False,True,True,0,0,0,0,True,
601099.SH,601099,601099,太平洋,主板,沪市,主板,801790.SI,非银金融,801193.SI,证券Ⅱ,证券Ⅱ,L,20071228,6860,18.78,3.49,2.647,5.714,False,True,True,0,0,0,0,True,
601100.SH,601100,601100,恒立液压,主板,沪市,主板,801890.SI,机械设备,801077.SI,工程机械,工程机械,L,20111028,5460,14.95,84.75,-3.021,22.5,False,True,True,0,0,0,0,True,
601101.SH,601101,601101,昊华能源,主板,沪市,主板,801950.SI,煤炭,801951.SI,煤炭开采,煤炭开采,L,20100331,6036,16.53,13.17,0.152,15.789,False,True,True,0,0,0,0,True,
601106.SH,601106,601106,中国一重,主板,沪市,主板,801890.SI,机械设备,801074.SI,专用设备,专用设备,L,20100209,6086,16.66,2.98,1.017,41.935,False,True,True,0,0,0,0,True,
601107.SH,601107,601107,四川成渝,主板,沪市,主板,801170.SI,交通运输,801179.SI,铁路公路,铁路公路,L,20090727,6283,17.2,6.39,1.914,12.281,False,True,True,0,0,0,0,True,
601108.SH,601108,601108,财通证券,主板,沪市,主板,801790.SI,非银金融,801193.SI,证券Ⅱ,证券Ⅱ,L,20171024,3272,8.96,8.11,2.141,7.059,False,True,True,0,0,0,0,True,
601111.SH,601111,601111,中国国航,主板,沪市,主板,801170.SI,交通运输,801991.SI,航空机场,航空机场,L,20060818,7357,20.14,5.78,0.697,22.581,False,True,True,0,0,0,0,True,
601113.SH,601113,601113,华鼎股份,主板,沪市,主板,801030.SI,基础化工,801032.SI,化学纤维,化学纤维,L,20110509,5632,15.42,3.54,1.433,28.571,False,True,True,0,0,0,0,True,
601116.SH,601116,601116,三江购物,主板,沪市,主板,801200.SI,商贸零售,801203.SI,一般零售,一般零售,L,20110302,5700,15.61,10.43,4.93,15.385,False,True,True,0,0,0,0,True,
601117.SH,601117,601117,中国化学,主板,沪市,主板,801720.SI,建筑装饰,801724.SI,专业工程,专业工程,L,20100107,6119,16.75,7.25,1.399,9.333,False,True,True,0,0,0,0,True,
601118.SH,601118,601118,海南橡胶,主板,沪市,主板,801010.SI,农林牧渔,801016.SI,种植业,种植业,L,20110107,5754,15.75,7.16,9.985,20.0,False,True,True,0,0,0,0,True,
601121.SH,601121,601121,宝地矿业,主板,沪市,主板,801040.SI,钢铁,801043.SI,冶钢原料,冶钢原料,L,20230310,1309,3.58,7.11,0.141,9.722,False,True,True,0,0,0,0,True,
601126.SH,601126,601126,四方股份,主板,沪市,主板,801730.SI,电力设备,801738.SI,电网设备,电网设备,L,20101231,5761,15.77,34.34,-2.637,20.0,False,True,True,0,0,0,0,True,
601127.SH,601127,601127,赛力斯,主板,沪市,主板,801880.SI,汽车,801095.SI,乘用车,乘用车,L,20160615,3768,10.32,46.58,-2.898,27.586,False,True,True,0,0,0,0,True,
601128.SH,601128,601128,常熟银行,主板,沪市,主板,801780.SI,银行,801785.SI,农商行Ⅱ,农商行Ⅱ,L,20160930,3661,10.02,6.23,-0.796,4.762,False,True,True,0,0,0,0,True,
601133.SH,601133,601133,柏诚股份,主板,沪市,主板,801720.SI,建筑装饰,801724.SI,专业工程,专业工程,L,20230410,1278,3.5,20.88,-4.264,14.286,False,True,True,0,0,0,0,True,
601136.SH,601136,601136,首创证券,主板,沪市,主板,801790.SI,非银金融,801193.SI,证券Ⅱ,证券Ⅱ,L,20221222,1387,3.8,13.95,2.198,12.587,False,True,True,0,0,0,0,True,
601137.SH,601137,601137,博威合金,主板,沪市,主板,801050.SI,有色金属,801051.SI,金属新材料,金属新材料,L,20110127,5734,15.7,18.16,-1.358,16.327,False,True,True,0,0,0,0,True,
601138.SH,601138,601138,工业富联,主板,沪市,主板,801080.SI,电子,801085.SI,消费电子,消费电子,L,20180608,3045,8.34,56.07,0.682,22.5,False,True,True,0,0,0,0,True,
601139.SH,601139,601139,深圳燃气,主板,沪市,主板,801160.SI,公用事业,801163.SI,燃气Ⅱ,燃气Ⅱ,L,20091225,6132,16.79,6.49,-0.307,10.938,False,True,True,0,0,0,0,True,
601155.SH,601155,601155,新城控股,主板,沪市,主板,801180.SI,房地产,801181.SI,房地产开发,房地产开发,L,20151204,3962,10.85,12.76,-0.468,23.333,False,True,True,0,0,0,0,True,
601156.SH,601156,601156,东航物流,主板,沪市,主板,801170.SI,交通运输,801178.SI,物流,物流,L,20210609,1948,5.33,18.55,0.433,16.76,False,True,True,0,0,0,0,True,
601158.SH,601158,601158,重庆水务,主板,沪市,主板,801970.SI,环保,801971.SI,环境治理,环境治理,L,20100329,6038,16.53,4.06,0.495,18.182,False,True,True,0,0,0,0,True,
601162.SH,601162,601162,天风证券,主板,沪市,主板,801790.SI,非银金融,801193.SI,证券Ⅱ,证券Ⅱ,L,20181019,2912,7.97,3.58,2.579,8.108,False,True,True,0,0,0,0,True,
601163.SH,601163,601163,三角轮胎,主板,沪市,主板,801880.SI,汽车,801093.SI,汽车零部件,汽车零部件,L,20160909,3682,10.08,12.27,0.574,16.279,False,True,True,0,0,0,0,True,
601166.SH,601166,601166,兴业银行,主板,沪市,主板,801780.SI,银行,801783.SI,股份制银行Ⅱ,股份制银行Ⅱ,L,20070205,7186,19.67,18.05,-1.042,11.111,False,True,True,0,0,0,0,True,
601168.SH,601168,601168,西部矿业,主板,沪市,主板,801050.SI,有色金属,801055.SI,工业金属,工业金属,L,20070712,7029,19.24,36.01,2.505,13.978,False,True,True,0,0,0,0,True,
601169.SH,601169,601169,北京银行,主板,沪市,主板,801780.SI,银行,801784.SI,城商行Ⅱ,城商行Ⅱ,L,20070919,6960,19.06,5.57,-1.59,13.462,False,True,True,0,0,0,0,True,
601177.SH,601177,601177,杭齿前进,主板,沪市,主板,801890.SI,机械设备,801072.SI,通用设备,通用设备,L,20101011,5842,15.99,13.58,-0.876,8.759,False,True,True,0,0,0,0,True,
601179.SH,601179,601179,中国西电,主板,沪市,主板,801730.SI,电力设备,801738.SI,电网设备,电网设备,L,20100128,6098,16.7,11.66,-1.103,15.625,False,True,True,0,0,0,0,True,
601186.SH,601186,601186,中国铁建,主板,沪市,主板,801720.SI,建筑装饰,801723.SI,基础建设,基础建设,L,20080310,6787,18.58,6.07,0.165,25.397,False,True,True,0,0,0,0,True,
601187.SH,601187,601187,厦门银行,主板,沪市,主板,801780.SI,银行,801784.SI,城商行Ⅱ,城商行Ⅱ,L,20201027,2173,5.95,6.83,-0.871,8.333,False,True,True,0,0,0,0,True,
601188.SH,601188,601188,龙江交通,主板,沪市,主板,801170.SI,交通运输,801179.SI,铁路公路,铁路公路,L,20100319,6048,16.56,2.91,0.692,13.793,False,True,True,0,0,0,0,True,
601199.SH,601199,601199,江南水务,主板,沪市,主板,801970.SI,环保,801971.SI,环境治理,环境治理,L,20110317,5685,15.56,6.27,0.966,12.698,False,True,True,0,0,0,0,True,
601200.SH,601200,601200,上海环境,主板,沪市,主板,801970.SI,环保,801971.SI,环境治理,环境治理,L,20170331,3479,9.52,6.85,0.44,21.429,False,True,True,0,0,0,0,True,
601208.SH,601208,601208,东材科技,主板,沪市,主板,801030.SI,基础化工,801036.SI,塑料,塑料,L,20110520,5621,15.39,48.47,-4.811,10.938,False,True,True,0,0,0,0,True,
601211.SH,601211,601211,国泰海通,主板,沪市,主板,801790.SI,非银金融,801193.SI,证券Ⅱ,证券Ⅱ,L,20150626,4123,11.29,16.81,1.265,16.384,False,True,True,0,0,0,0,True,
601212.SH,601212,601212,白银有色,主板,沪市,主板,801050.SI,有色金属,801055.SI,工业金属,工业金属,L,20170215,3523,9.65,5.73,2.873,23.81,False,True,True,0,0,0,0,True,
601216.SH,601216,601216,君正集团,主板,沪市,主板,801030.SI,基础化工,801033.SI,化学原料,化学原料,L,20110222,5708,15.63,4.85,1.677,14.894,False,True,True,0,0,0,0,True,
601218.SH,601218,601218,吉鑫科技,主板,沪市,主板,801730.SI,电力设备,801736.SI,风电设备,风电设备,L,20110506,5635,15.43,5.8,-2.521,10.0,False,True,True,0,0,0,0,True,
601222.SH,601222,601222,林洋能源,主板,沪市,主板,801160.SI,公用事业,801161.SI,电力,电力,L,20110808,5541,15.17,6.04,0.0,10.169,False,True,True,0,0,0,0,True,
601225.SH,601225,601225,陕西煤业,主板,沪市,主板,801950.SI,煤炭,801951.SI,煤炭开采,煤炭开采,L,20140128,4637,12.7,26.97,1.391,22.093,False,True,True,0,0,0,0,True,
601226.SH,601226,601226,华电科工,主板,沪市,主板,801720.SI,建筑装饰,801724.SI,专业工程,专业工程,L,20141211,4320,11.83,6.62,0.151,31.25,False,True,True,0,0,0,0,True,
601228.SH,601228,601228,广州港,主板,沪市,主板,801170.SI,交通运输,801992.SI,航运港口,航运港口,L,20170329,3481,9.53,3.14,-0.633,12.5,False,True,True,0,0,0,0,True,
601229.SH,601229,601229,上海银行,主板,沪市,主板,801780.SI,银行,801784.SI,城商行Ⅱ,城商行Ⅱ,L,20161116,3614,9.89,9.63,-1.835,12.903,False,True,True,0,0,0,0,True,
601231.SH,601231,601231,环旭电子,主板,沪市,主板,801080.SI,电子,801085.SI,消费电子,消费电子,L,20120220,5345,14.63,22.63,-1.907,33.962,False,True,True,0,0,0,0,True,
601233.SH,601233,601233,桐昆股份,主板,沪市,主板,801960.SI,石油石化,801963.SI,炼化及贸易,炼化及贸易,L,20110518,5623,15.39,22.95,1.19,16.667,False,True,True,0,0,0,0,True,
601236.SH,601236,601236,红塔证券,主板,沪市,主板,801790.SI,非银金融,801193.SI,证券Ⅱ,证券Ⅱ,L,20190705,2653,7.26,7.13,2.003,23.944,False,True,True,0,0,0,0,True,
601279.SH,601279,601279,英利汽车,主板,沪市,主板,801880.SI,汽车,801093.SI,汽车零部件,汽车零部件,L,20210415,2003,5.48,3.62,0.277,29.412,False,True,True,0,0,0,0,True,
601288.SH,601288,601288,农业银行,主板,沪市,主板,801780.SI,银行,801782.SI,国有大型银行Ⅱ,国有大型银行Ⅱ,L,20100715,5930,16.24,6.98,-0.57,25.0,False,True,True,0,0,0,0,True,
601298.SH,601298,601298,青岛港,主板,沪市,主板,801170.SI,交通运输,801992.SI,航运港口,航运港口,L,20190121,2818,7.72,10.04,-0.1,23.596,False,True,True,0,0,0,0,True,
601311.SH,601311,601311,骆驼股份,主板,沪市,主板,801730.SI,电力设备,801737.SI,电池,电池,L,20110602,5608,15.35,7.53,1.757,15.584,False,True,True,0,0,0,0,True,
601318.SH,601318,601318,中国平安,主板,沪市,主板,801790.SI,非银金融,801194.SI,保险Ⅱ,保险Ⅱ,L,20070301,7162,19.61,52.83,0.304,13.333,False,True,True,0,0,0,0,True,
601319.SH,601319,601319,中国人保,主板,沪市,主板,801790.SI,非银金融,801194.SI,保险Ⅱ,保险Ⅱ,L,20181116,2884,7.9,7.82,-1.138,37.5,False,True,True,0,0,0,0,True,
601326.SH,601326,601326,秦港股份,主板,沪市,主板,801170.SI,交通运输,801992.SI,航运港口,航运港口,L,20170816,3341,9.15,3.65,1.389,11.765,False,True,True,0,0,0,0,True,
601328.SH,601328,601328,交通银行,主板,沪市,主板,801780.SI,银行,801782.SI,国有大型银行Ⅱ,国有大型银行Ⅱ,L,20070515,7087,19.4,7.78,-0.639,14.493,False,True,True,0,0,0,0,True,
601330.SH,601330,601330,绿色动力,主板,沪市,主板,801970.SI,环保,801971.SI,环境治理,环境治理,L,20180611,3042,8.33,8.24,-0.962,14.815,False,True,True,0,0,0,0,True,
601333.SH,601333,601333,广深铁路,主板,沪市,主板,801170.SI,交通运输,801179.SI,铁路公路,铁路公路,L,20061222,7231,19.8,3.09,0.0,6.667,False,True,True,0,0,0,0,True,
601336.SH,601336,601336,新华保险,主板,沪市,主板,801790.SI,非银金融,801194.SI,保险Ⅱ,保险Ⅱ,L,20111216,5411,14.81,56.9,1.39,8.14,False,True,True,0,0,0,0,True,
601339.SH,601339,601339,百隆东方,主板,沪市,主板,801130.SI,纺织服饰,801131.SI,纺织制造,纺织制造,L,20120612,5232,14.32,7.43,0.677,14.865,False,True,True,0,0,0,0,True,
601360.SH,601360,601360,三六零,主板,沪市,主板,801750.SI,计算机,801104.SI,软件开发,软件开发,L,20120116,5380,14.73,9.11,5.075,13.333,False,True,True,0,0,0,0,True,
601366.SH,601366,601366,利群股份,主板,沪市,主板,801200.SI,商贸零售,801203.SI,一般零售,一般零售,L,20170412,3467,9.49,3.73,3.611,8.333,False,True,True,0,0,0,0,True,
601368.SH,601368,601368,绿城水务,主板,沪市,主板,801970.SI,环保,801971.SI,环境治理,环境治理,L,20150612,4137,11.33,4.65,1.087,15.556,False,True,True,0,0,0,0,True,
601375.SH,601375,601375,中原证券,主板,沪市,主板,801790.SI,非银金融,801193.SI,证券Ⅱ,证券Ⅱ,L,20170103,3566,9.76,3.97,1.534,7.5,False,True,True,0,0,0,0,True,
601377.SH,601377,601377,兴业证券,主板,沪市,主板,801790.SI,非银金融,801193.SI,证券Ⅱ,证券Ⅱ,L,20101013,5840,15.99,5.77,1.585,5.085,False,True,True,0,0,0,0,True,
601388.SH,601388,601388,怡球资源,主板,沪市,主板,801050.SI,有色金属,801055.SI,工业金属,工业金属,L,20120423,5282,14.46,3.2,0.946,12.121,False,True,True,0,0,0,0,True,
601390.SH,601390,601390,中国中铁,主板,沪市,主板,801720.SI,建筑装饰,801723.SI,基础建设,基础建设,L,20071203,6885,18.85,4.29,0.234,31.818,False,True,True,0,0,0,0,True,
601398.SH,601398,601398,工商银行,主板,沪市,主板,801780.SI,银行,801782.SI,国有大型银行Ⅱ,国有大型银行Ⅱ,L,20061027,7287,19.95,8.22,-1.083,21.053,False,True,True,0,0,0,0,True,
601399.SH,601399,601399,国机重装,主板,沪市,主板,801890.SI,机械设备,801074.SI,专用设备,专用设备,L,20200608,2314,6.34,3.13,0.0,25.0,False,True,True,0,0,0,0,True,
601456.SH,601456,601456,国联民生,主板,沪市,主板,801790.SI,非银金融,801193.SI,证券Ⅱ,证券Ⅱ,L,20200731,2261,6.19,8.49,1.313,10.989,False,True,True,0,0,0,0,True,
601500.SH,601500,601500,通用股份,主板,沪市,主板,801880.SI,汽车,801093.SI,汽车零部件,汽车零部件,L,20160919,3672,10.05,3.9,1.562,15.0,False,True,True,0,0,0,0,True,
601512.SH,601512,601512,中新集团,主板,沪市,主板,801180.SI,房地产,801181.SI,房地产开发,房地产开发,L,20191220,2485,6.8,8.34,-0.596,25.287,False,True,True,0,0,0,0,True,
601515.SH,601515,601515,衢州东峰,主板,沪市,主板,801140.SI,轻工制造,801141.SI,包装印刷,包装印刷,L,20120216,5349,14.64,3.24,1.887,35.294,False,True,True,0,0,0,0,True,
601518.SH,601518,601518,吉林高速,主板,沪市,主板,801170.SI,交通运输,801179.SI,铁路公路,铁路公路,L,20100319,6048,16.56,2.8,0.719,7.143,False,True,True,0,0,0,0,True,
601519.SH,601519,601519,大智慧,主板,沪市,主板,801750.SI,计算机,801104.SI,软件开发,软件开发,L,20110128,5733,15.7,9.17,9.952,10.714,False,True,True,0,0,0,0,True,
601528.SH,601528,601528,瑞丰银行,主板,沪市,主板,801780.SI,银行,801785.SI,农商行Ⅱ,农商行Ⅱ,L,20210625,1932,5.29,5.12,-0.583,8.163,False,True,True,0,0,0,0,True,
601555.SH,601555,601555,东吴证券,主板,沪市,主板,801790.SI,非银金融,801193.SI,证券Ⅱ,证券Ⅱ,L,20111212,5415,14.83,8.18,2.635,10.0,False,True,True,0,0,0,0,True,
601566.SH,601566,601566,九牧王,主板,沪市,主板,801130.SI,纺织服饰,801132.SI,服装家纺,服装家纺,L,20110530,5611,15.36,10.14,9.978,15.957,False,True,True,0,0,0,0,True,
601567.SH,601567,601567,三星电气,主板,沪市,主板,801730.SI,电力设备,801738.SI,电网设备,电网设备,L,20110615,5595,15.32,13.36,-2.836,18.75,False,True,True,0,0,0,0,True,
601568.SH,601568,601568,北元化工,主板,沪市,主板,801030.SI,基础化工,801033.SI,化学原料,化学原料,L,20201020,2180,5.97,3.59,0.56,15.789,False,True,True,0,0,0,0,True,
601577.SH,601577,601577,长沙银行,主板,沪市,主板,801780.SI,银行,801784.SI,城商行Ⅱ,城商行Ⅱ,L,20180926,2935,8.04,9.72,-1.619,10.87,False,True,True,0,0,0,0,True,
601579.SH,601579,601579,会稽山,主板,沪市,主板,801120.SI,食品饮料,801126.SI,非白酒,非白酒,L,20140825,4428,12.12,40.28,1.717,8.247,False,True,True,0,0,0,0,True,
601588.SH,601588,601588,北辰实业,主板,沪市,主板,801180.SI,房地产,801181.SI,房地产开发,房地产开发,L,20061016,7298,19.98,1.83,1.667,11.765,False,True,True,0,0,0,0,True,
601595.SH,601595,601595,上海电影,主板,沪市,主板,801760.SI,传媒,801766.SI,影视院线,影视院线,L,20160817,3705,10.14,24.74,10.004,22.368,False,True,True,0,0,0,0,True,
601598.SH,601598,601598,中国外运,主板,沪市,主板,801170.SI,交通运输,801178.SI,物流,物流,L,20190118,2821,7.72,6.9,2.832,18.333,False,True,True,0,0,0,0,True,
601599.SH,601599,601599,浙文影业,主板,沪市,主板,801130.SI,纺织服饰,801131.SI,纺织制造,纺织制造,L,20110527,5614,15.37,3.35,4.361,9.375,False,True,True,0,0,0,0,True,
601600.SH,601600,601600,中国铝业,主板,沪市,主板,801050.SI,有色金属,801055.SI,工业金属,工业金属,L,20070430,7102,19.44,9.07,0.554,16.667,False,True,True,0,0,0,0,True,
601601.SH,601601,601601,中国太保,主板,沪市,主板,801790.SI,非银金融,801194.SI,保险Ⅱ,保险Ⅱ,L,20071225,6863,18.79,31.15,1.038,21.519,False,True,True,0,0,0,0,True,
601606.SH,601606,601606,长城军工,主板,沪市,主板,801740.SI,国防军工,801743.SI,地面兵装Ⅱ,地面兵装Ⅱ,L,20180806,2986,8.18,30.4,-0.328,12.195,False,True,True,0,0,0,0,True,
601607.SH,601607,601607,上海医药,主板,沪市,主板,801150.SI,医药生物,801154.SI,医药商业,医药商业,L,19940324,11887,32.54,16.68,1.275,10.976,False,True,True,0,0,0,0,True,
601608.SH,601608,601608,中信重工,主板,沪市,主板,801890.SI,机械设备,801074.SI,专用设备,专用设备,L,20120706,5208,14.26,4.63,0.652,27.083,False,True,True,0,0,0,0,True,
601609.SH,601609,601609,金田股份,主板,沪市,主板,801050.SI,有色金属,801055.SI,工业金属,工业金属,L,20200422,2361,6.46,10.78,-2.97,17.054,False,True,True,0,0,0,0,True,
601611.SH,601611,601611,中国核建,主板,沪市,主板,801720.SI,建筑装饰,801723.SI,基础建设,基础建设,L,20160606,3777,10.34,10.01,0.1,18.919,False,True,True,0,0,0,0,True,
601615.SH,601615,601615,明阳智能,主板,沪市,主板,801730.SI,电力设备,801736.SI,风电设备,风电设备,L,20190123,2816,7.71,9.5,-0.628,21.875,False,True,True,0,0,0,0,True,
601616.SH,601616,601616,广电电气,主板,沪市,主板,801730.SI,电力设备,801738.SI,电网设备,电网设备,L,20110201,5729,15.69,3.79,0.798,5.263,False,True,True,0,0,0,0,True,
601618.SH,601618,601618,中国中冶,主板,沪市,主板,801720.SI,建筑装饰,801724.SI,专业工程,专业工程,L,20090921,6227,17.05,2.57,0.784,22.222,False,True,True,0,0,0,0,True,
601619.SH,601619,601619,嘉泽新能,主板,沪市,主板,801160.SI,公用事业,801161.SI,电力,电力,L,20170720,3368,9.22,3.97,1.018,17.073,False,True,True,0,0,0,0,True,
601628.SH,601628,601628,中国人寿,主板,沪市,主板,801790.SI,非银金融,801194.SI,保险Ⅱ,保险Ⅱ,L,20070109,7213,19.75,36.15,0.584,64.286,False,True,True,0,0,0,0,True,
601633.SH,601633,601633,长城汽车,主板,沪市,主板,801880.SI,汽车,801095.SI,乘用车,乘用车,L,20110928,5490,15.03,13.78,2.759,60.606,False,True,True,0,0,0,0,True,
601636.SH,601636,601636,旗滨集团,主板,沪市,主板,801710.SI,建筑材料,801712.SI,玻璃玻纤,玻璃玻纤,L,20110812,5537,15.16,5.23,0.192,10.714,False,True,True,0,0,0,0,True,
601658.SH,601658,601658,邮储银行,主板,沪市,主板,801780.SI,银行,801782.SI,国有大型银行Ⅱ,国有大型银行Ⅱ,L,20191210,2495,6.83,5.41,-1.457,15.686,False,True,True,0,0,0,0,True,
601665.SH,601665,601665,齐鲁银行,主板,沪市,主板,801780.SI,银行,801784.SI,城商行Ⅱ,城商行Ⅱ,L,20210618,1939,5.31,7.08,-0.979,15.942,False,True,True,0,0,0,0,True,
601666.SH,601666,601666,平煤股份,主板,沪市,主板,801950.SI,煤炭,801951.SI,煤炭开采,煤炭开采,L,20061123,7260,19.88,8.96,1.243,19.78,False,True,True,0,0,0,0,True,
601668.SH,601668,601668,中国建筑,主板,沪市,主板,801720.SI,建筑装饰,801721.SI,房屋建设Ⅱ,房屋建设Ⅱ,L,20090729,6281,17.2,4.35,-0.911,11.111,False,True,True,0,0,0,0,True,
601669.SH,601669,601669,中国电建,主板,沪市,主板,801720.SI,建筑装饰,801723.SI,基础建设,基础建设,L,20111018,5470,14.98,4.58,0.0,21.277,False,True,True,0,0,0,0,True,
601677.SH,601677,601677,明泰铝业,主板,沪市,主板,801050.SI,有色金属,801055.SI,工业金属,工业金属,L,20110919,5499,15.06,16.17,0.685,7.273,False,True,True,0,0,0,0,True,
601678.SH,601678,601678,滨化股份,主板,沪市,主板,801030.SI,基础化工,801033.SI,化学原料,化学原料,L,20100223,6072,16.62,5.74,1.413,13.333,False,True,True,0,0,0,0,True,
601686.SH,601686,601686,友发集团,主板,沪市,主板,801040.SI,钢铁,801044.SI,普钢,普钢,L,20201204,2135,5.85,5.07,0.996,22.642,False,True,True,0,0,0,0,True,
601688.SH,601688,601688,华泰证券,主板,沪市,主板,801790.SI,非银金融,801193.SI,证券Ⅱ,证券Ⅱ,L,20100226,6069,16.62,17.97,2.102,11.458,False,True,True,0,0,0,0,True,
601689.SH,601689,601689,拓普集团,主板,沪市,主板,801880.SI,汽车,801093.SI,汽车零部件,汽车零部件,L,20150319,4222,11.56,43.05,0.397,23.729,False,True,True,0,0,0,0,True,
601696.SH,601696,601696,中银证券,主板,沪市,主板,801790.SI,非银金融,801193.SI,证券Ⅱ,证券Ⅱ,L,20200226,2417,6.62,11.04,2.602,12.821,False,True,True,0,0,0,0,True,
601698.SH,601698,601698,中国卫通,主板,沪市,主板,801740.SI,国防军工,801741.SI,航天装备Ⅱ,航天装备Ⅱ,L,20190628,2660,7.28,22.58,-1.783,41.379,False,True,True,0,0,0,0,True,
601699.SH,601699,601699,潞安环能,主板,沪市,主板,801950.SI,煤炭,801951.SI,煤炭开采,煤炭开采,L,20060922,7322,20.05,15.52,1.637,13.924,False,True,True,0,0,0,0,True,
601700.SH,601700,601700,风范股份,主板,沪市,主板,801730.SI,电力设备,801738.SI,电网设备,电网设备,L,20110118,5743,15.72,6.35,-0.47,9.524,False,True,True,0,0,0,0,True,
601702.SH,601702,601702,华峰铝业,主板,沪市,主板,801050.SI,有色金属,801055.SI,工业金属,工业金属,L,20200907,2223,6.09,15.34,2.884,28.205,False,True,True,0,0,0,0,True,
601717.SH,601717,601717,中创智领,主板,沪市,主板,801890.SI,机械设备,801074.SI,专用设备,专用设备,L,20100803,5911,16.18,13.79,3.296,20.27,False,True,True,0,0,0,0,True,
601727.SH,601727,601727,上海电气,主板,沪市,主板,801730.SI,电力设备,801733.SI,其他电源设备Ⅱ,其他电源设备Ⅱ,L,20081205,6517,17.84,6.45,0.467,31.429,False,True,True,0,0,0,0,True,
601728.SH,601728,601728,中国电信,主板,沪市,主板,801770.SI,通信,801223.SI,通信服务,通信服务,L,20210820,1876,5.14,6.49,1.09,27.419,False,True,True,0,0,0,0,True,
601766.SH,601766,601766,中国中车,主板,沪市,主板,801890.SI,机械设备,801076.SI,轨交设备Ⅱ,轨交设备Ⅱ,L,20080818,6626,18.14,6.3,1.286,15.0,False,True,True,0,0,0,0,True,
601777.SH,601777,601777,千里科技,主板,沪市,主板,801880.SI,汽车,801881.SI,摩托车及其他,摩托车及其他,L,20101125,5797,15.87,8.27,2.733,42.857,False,True,True,0,0,0,0,True,
601778.SH,601778,601778,晶科科技,主板,沪市,主板,801160.SI,公用事业,801161.SI,电力,电力,L,20200519,2334,6.39,3.38,0.297,11.111,False,True,True,0,0,0,0,True,
601788.SH,601788,601788,光大证券,主板,沪市,主板,801790.SI,非银金融,801193.SI,证券Ⅱ,证券Ⅱ,L,20090818,6261,17.14,13.68,1.861,12.5,False,True,True,0,0,0,0,True,
601789.SH,601789,601789,宁波建工,主板,沪市,主板,801720.SI,建筑装饰,801721.SI,房屋建设Ⅱ,房屋建设Ⅱ,L,20110816,5533,15.15,4.24,1.435,7.143,False,True,True,0,0,0,0,True,
601798.SH,601798,601798,蓝科高新,主板,沪市,主板,801890.SI,机械设备,801074.SI,专用设备,专用设备,L,20110622,5588,15.3,7.6,-1.299,7.895,False,True,True,0,0,0,0,True,
601799.SH,601799,601799,星宇股份,主板,沪市,主板,801880.SI,汽车,801093.SI,汽车零部件,汽车零部件,L,20110201,5729,15.69,68.95,1.248,40.816,False,True,True,0,0,0,0,True,
601800.SH,601800,601800,中国交建,主板,沪市,主板,801720.SI,建筑装饰,801723.SI,基础建设,基础建设,L,20120309,5327,14.58,6.07,0.331,45.588,False,True,True,0,0,0,0,True,
601801.SH,601801,601801,皖新传媒,主板,沪市,主板,801760.SI,传媒,801769.SI,出版,出版,L,20100118,6108,16.72,5.69,5.176,20.0,False,True,True,0,0,0,0,True,
601808.SH,601808,601808,中海油服,主板,沪市,主板,801960.SI,石油石化,801962.SI,油服工程,油服工程,L,20070928,6951,19.03,12.57,0.08,32.258,False,True,True,0,0,0,0,True,
601811.SH,601811,601811,新华文轩,主板,沪市,主板,801760.SI,传媒,801769.SI,出版,出版,L,20160808,3714,10.17,20.91,9.995,43.158,False,True,True,0,0,0,0,True,
601816.SH,601816,601816,京沪高铁,主板,沪市,主板,801170.SI,交通运输,801179.SI,铁路公路,铁路公路,L,20200116,2458,6.73,4.81,0.0,10.204,False,True,True,0,0,0,0,True,
601818.SH,601818,601818,光大银行,主板,沪市,主板,801780.SI,银行,801783.SI,股份制银行Ⅱ,股份制银行Ⅱ,L,20100818,5896,16.14,3.06,-0.649,9.677,False,True,True,0,0,0,0,True,
601825.SH,601825,601825,沪农商行,主板,沪市,主板,801780.SI,银行,801785.SI,农商行Ⅱ,农商行Ⅱ,L,20210819,1877,5.14,8.55,-1.837,18.293,False,True,True,0,0,0,0,True,
601827.SH,601827,601827,三峰环境,主板,沪市,主板,801970.SI,环保,801971.SI,环境治理,环境治理,L,20200605,2317,6.34,8.04,1.772,10.0,False,True,True,0,0,0,0,True,
601828.SH,601828,601828,美凯龙,主板,沪市,主板,801200.SI,商贸零售,801203.SI,一般零售,一般零售,L,20180117,3187,8.73,2.23,2.765,13.636,False,True,True,0,0,0,0,True,
601838.SH,601838,601838,成都银行,主板,沪市,主板,801780.SI,银行,801784.SI,城商行Ⅱ,城商行Ⅱ,L,20180131,3173,8.69,19.29,-1.481,6.736,False,True,True,0,0,0,0,True,
601857.SH,601857,601857,中国石油,主板,沪市,主板,801960.SI,石油石化,801963.SI,炼化及贸易,炼化及贸易,L,20071105,6913,18.93,11.6,0.086,76.19,False,True,True,0,0,0,0,True,
601858.SH,601858,601858,中国科传,主板,沪市,主板,801760.SI,传媒,801769.SI,出版,出版,L,20170118,3551,9.72,22.23,5.106,22.222,False,True,True,0,0,0,0,True,
601860.SH,601860,601860,紫金银行,主板,沪市,主板,801780.SI,银行,801785.SI,农商行Ⅱ,农商行Ⅱ,L,20190103,2836,7.76,2.58,-0.386,3.846,False,True,True,0,0,0,0,True,
601865.SH,601865,601865,福莱特,主板,沪市,主板,801730.SI,电力设备,801735.SI,光伏设备,光伏设备,L,20190215,2793,7.65,9.38,2.851,41.176,False,True,True,0,0,0,0,True,
601866.SH,601866,601866,中远海发,主板,沪市,主板,801170.SI,交通运输,801992.SI,航运港口,航运港口,L,20071212,6876,18.83,2.46,-0.405,16.667,False,True,True,0,0,0,0,True,
601868.SH,601868,601868,中国能建,主板,沪市,主板,801720.SI,建筑装饰,801723.SI,基础建设,基础建设,L,20210928,1837,5.03,2.39,0.42,16.0,False,True,True,0,0,0,0,True,
601869.SH,601869,601869,长飞光纤,主板,沪市,主板,801770.SI,通信,801102.SI,通信设备,通信设备,L,20180720,3003,8.22,387.87,-1.553,20.168,False,True,True,0,0,0,0,True,
601872.SH,601872,601872,招商轮船,主板,沪市,主板,801170.SI,交通运输,801992.SI,航运港口,航运港口,L,20061201,7252,19.85,22.07,0.182,23.301,False,True,True,0,0,0,0,True,
601877.SH,601877,601877,正泰电器,主板,沪市,主板,801730.SI,电力设备,801738.SI,电网设备,电网设备,L,20100121,6105,16.71,25.59,-0.389,25.49,False,True,True,0,0,0,0,True,
601878.SH,601878,601878,浙商证券,主板,沪市,主板,801790.SI,非银金融,801193.SI,证券Ⅱ,证券Ⅱ,L,20170626,3392,9.29,8.96,1.357,15.789,False,True,True,0,0,0,0,True,
601880.SH,601880,601880,辽港股份,主板,沪市,主板,801170.SI,交通运输,801992.SI,航运港口,航运港口,L,20101206,5786,15.84,1.48,0.0,13.333,False,True,True,0,0,0,0,True,
601881.SH,601881,601881,中国银河,主板,沪市,主板,801790.SI,非银金融,801193.SI,证券Ⅱ,证券Ⅱ,L,20170123,3546,9.71,11.6,1.754,26.984,False,True,True,0,0,0,0,True,
601882.SH,601882,601882,海天精工,主板,沪市,主板,801890.SI,机械设备,801072.SI,通用设备,通用设备,L,20161107,3623,9.92,20.99,-2.824,15.278,False,True,True,0,0,0,0,True,
601886.SH,601886,601886,江河集团,主板,沪市,主板,801720.SI,建筑装饰,801722.SI,装修装饰Ⅱ,装修装饰Ⅱ,L,20110818,5531,15.14,13.07,1.396,36.719,False,True,True,0,0,0,0,True,
601888.SH,601888,601888,中国中免,主板,沪市,主板,801200.SI,商贸零售,801207.SI,旅游零售Ⅱ,旅游零售Ⅱ,L,20091015,6203,16.98,50.88,0.375,7.143,False,True,True,0,0,0,0,True,
601890.SH,601890,601890,亚星锚链,主板,沪市,主板,801740.SI,国防军工,801744.SI,航海装备Ⅱ,航海装备Ⅱ,L,20101228,5764,15.78,9.17,-3.066,7.292,False,True,True,0,0,0,0,True,
601898.SH,601898,601898,中煤能源,主板,沪市,主板,801950.SI,煤炭,801951.SI,煤炭开采,煤炭开采,L,20080201,6825,18.69,14.39,2.129,33.333,False,True,True,0,0,0,0,True,
601899.SH,601899,601899,紫金矿业,主板,沪市,主板,801050.SI,有色金属,801055.SI,工业金属,工业金属,L,20080425,6741,18.46,30.8,4.869,16.25,False,True,True,0,0,0,0,True,
601900.SH,601900,601900,南方传媒,主板,沪市,主板,801760.SI,传媒,801769.SI,出版,出版,L,20160215,3889,10.65,12.9,4.285,9.677,False,True,True,0,0,0,0,True,
601901.SH,601901,601901,方正证券,主板,沪市,主板,801790.SI,非银金融,801193.SI,证券Ⅱ,证券Ⅱ,L,20110810,5539,15.16,6.71,1.667,10.0,False,True,True,0,0,0,0,True,
601908.SH,601908,601908,京运通,主板,沪市,主板,801160.SI,公用事业,801161.SI,电力,电力,L,20110908,5510,15.09,2.96,1.37,10.0,False,True,True,0,0,0,0,True,
601916.SH,601916,601916,浙商银行,主板,沪市,主板,801780.SI,银行,801783.SI,股份制银行Ⅱ,股份制银行Ⅱ,L,20191126,2509,6.87,2.91,-0.343,3.448,False,True,True,0,0,0,0,True,
601918.SH,601918,601918,新集能源,主板,沪市,主板,801950.SI,煤炭,801951.SI,煤炭开采,煤炭开采,L,20071219,6869,18.81,11.58,0.434,16.346,False,True,True,0,0,0,0,True,
601919.SH,601919,601919,中远海控,主板,沪市,主板,801170.SI,交通运输,801992.SI,航运港口,航运港口,L,20070626,7045,19.29,16.67,0.422,19.608,False,True,True,0,0,0,0,True,
601921.SH,601921,601921,浙版传媒,主板,沪市,主板,801760.SI,传媒,801769.SI,出版,出版,L,20210723,1904,5.21,7.73,3.758,10.667,False,True,True,0,0,0,0,True,
601928.SH,601928,601928,凤凰传媒,主板,沪市,主板,801760.SI,传媒,801769.SI,出版,出版,L,20111130,5427,14.86,8.62,3.481,15.556,False,True,True,0,0,0,0,True,
601929.SH,601929,601929,吉视传媒,主板,沪市,主板,801760.SI,传媒,801995.SI,电视广播Ⅱ,电视广播Ⅱ,L,20120223,5342,14.63,2.5,10.132,8.333,False,True,True,0,0,0,0,True,
601933.SH,601933,601933,永辉超市,主板,沪市,主板,801200.SI,商贸零售,801203.SI,一般零售,一般零售,L,20101215,5777,15.82,3.01,1.689,9.677,False,True,True,0,0,0,0,True,
601939.SH,601939,601939,建设银行,主板,沪市,主板,801780.SI,银行,801782.SI,国有大型银行Ⅱ,国有大型银行Ⅱ,L,20070925,6954,19.04,10.98,-1.525,10.092,False,True,True,0,0,0,0,True,
601949.SH,601949,601949,中国出版,主板,沪市,主板,801760.SI,传媒,801769.SI,出版,出版,L,20170821,3336,9.13,6.0,4.712,11.667,False,True,True,0,0,0,0,True,
601952.SH,601952,601952,苏垦农发,主板,沪市,主板,801010.SI,农林牧渔,801016.SI,种植业,种植业,L,20170515,3434,9.4,9.38,4.922,13.978,False,True,True,0,0,0,0,True,
601956.SH,601956,601956,东贝集团,主板,沪市,主板,801110.SI,家用电器,801116.SI,家电零部件Ⅱ,家电零部件Ⅱ,L,20201225,2114,5.79,5.32,-3.623,16.0,False,True,True,0,0,0,0,True,
601958.SH,601958,601958,金钼股份,主板,沪市,主板,801050.SI,有色金属,801054.SI,小金属,小金属,L,20080417,6749,18.48,19.05,0.687,19.178,False,True,True,0,0,0,0,True,
601963.SH,601963,601963,重庆银行,主板,沪市,主板,801780.SI,银行,801784.SI,城商行Ⅱ,城商行Ⅱ,L,20210205,2072,5.67,10.91,-2.589,12.727,False,True,True,0,0,0,0,True,
601965.SH,601965,601965,中国汽研,主板,沪市,主板,801880.SI,汽车,801092.SI,汽车服务,汽车服务,L,20120611,5233,14.33,14.35,2.135,24.286,False,True,True,0,0,0,0,True,
601966.SH,601966,601966,玲珑轮胎,主板,沪市,主板,801880.SI,汽车,801093.SI,汽车零部件,汽车零部件,L,20160706,3747,10.26,10.66,1.815,35.714,False,True,True,0,0,0,0,True,
601968.SH,601968,601968,宝钢包装,主板,沪市,主板,801140.SI,轻工制造,801141.SI,包装印刷,包装印刷,L,20150611,4138,11.33,4.51,0.895,22.222,False,True,True,0,0,0,0,True,
601969.SH,601969,601969,海南矿业,主板,沪市,主板,801040.SI,钢铁,801043.SI,冶钢原料,冶钢原料,L,20141209,4322,11.83,9.11,0.33,26.087,False,True,True,0,0,0,0,True,
601975.SH,601975,601975,招商南油,主板,沪市,主板,801170.SI,交通运输,801992.SI,航运港口,航运港口,L,20190108,2831,7.75,4.78,-3.823,8.696,False,True,True,0,0,0,0,True,
601985.SH,601985,601985,中国核电,主板,沪市,主板,801160.SI,公用事业,801161.SI,电力,电力,L,20150610,4139,11.33,9.11,-0.654,5.618,False,True,True,0,0,0,0,True,
601988.SH,601988,601988,中国银行,主板,沪市,主板,801780.SI,银行,801782.SI,国有大型银行Ⅱ,国有大型银行Ⅱ,L,20060705,7401,20.26,6.77,-0.587,21.875,False,True,True,0,0,0,0,True,
601990.SH,601990,601990,南京证券,主板,沪市,主板,801790.SI,非银金融,801193.SI,证券Ⅱ,证券Ⅱ,L,20180613,3040,8.32,6.62,1.378,22.059,False,True,True,0,0,0,0,True,
601991.SH,601991,601991,大唐发电,主板,沪市,主板,801160.SI,公用事业,801161.SI,电力,电力,L,20061220,7233,19.8,5.34,-0.187,13.793,False,True,True,0,0,0,0,True,
601992.SH,601992,601992,金隅集团,主板,沪市,主板,801710.SI,建筑材料,801711.SI,水泥,水泥,L,20110301,5701,15.61,1.42,0.709,28.571,False,True,True,0,0,0,0,True,
601996.SH,601996,601996,丰林集团,主板,沪市,主板,801140.SI,轻工制造,801142.SI,家居用品,家居用品,L,20110929,5489,15.03,2.88,1.409,17.857,False,True,True,0,0,0,0,True,
601997.SH,601997,601997,贵阳银行,主板,沪市,主板,801780.SI,银行,801784.SI,城商行Ⅱ,城商行Ⅱ,L,20160816,3706,10.15,5.63,-0.177,3.571,False,True,True,0,0,0,0,True,
601998.SH,601998,601998,中信银行,主板,沪市,主板,801780.SI,银行,801783.SI,股份制银行Ⅱ,股份制银行Ⅱ,L,20070427,7105,19.45,9.0,-0.881,22.093,False,True,True,0,0,0,0,True,
601999.SH,601999,601999,出版传媒,主板,沪市,主板,801760.SI,传媒,801769.SI,出版,出版,L,20071221,6867,18.8,7.1,5.97,7.246,False,True,True,0,0,0,0,True,
603000.SH,603000,603000,人民网,主板,沪市,主板,801760.SI,传媒,801767.SI,数字媒体,数字媒体,L,20120427,5278,14.45,16.79,4.286,9.524,False,True,True,0,0,0,0,True,
603001.SH,603001,603001,奥康国际,主板,沪市,主板,801130.SI,纺织服饰,801132.SI,服装家纺,服装家纺,L,20120426,5279,14.45,11.4,0.618,25.0,False,True,True,0,0,0,6,True,
603002.SH,603002,603002,宏昌电子,主板,沪市,主板,801080.SI,电子,801086.SI,电子化学品Ⅱ,电子化学品Ⅱ,L,20120518,5257,14.39,17.68,-5.404,10.753,False,True,True,0,0,0,0,True,
603004.SH,603004,603004,鼎龙科技,主板,沪市,主板,801030.SI,基础化工,801034.SI,化学制品,化学制品,L,20231227,1017,2.78,19.75,-0.101,7.143,False,True,True,0,0,0,0,True,
603005.SH,603005,603005,晶方科技,主板,沪市,主板,801080.SI,电子,801081.SI,半导体,半导体,L,20140210,4624,12.66,25.1,-2.788,21.875,False,True,True,0,0,0,0,True,
603006.SH,603006,603006,联明股份,主板,沪市,主板,801880.SI,汽车,801093.SI,汽车零部件,汽车零部件,L,20140630,4484,12.28,10.61,-1.486,27.778,False,True,True,0,0,0,0,True,
603007.SH,603007,603007,顺景科技,主板,沪市,主板,801720.SI,建筑装饰,801723.SI,基础建设,基础建设,L,20160826,3696,10.12,4.44,0.226,14.583,False,True,True,0,0,0,0,True,
603009.SH,603009,603009,北特科技,主板,沪市,主板,801880.SI,汽车,801093.SI,汽车零部件,汽车零部件,L,20140718,4466,12.23,42.99,-0.83,12.987,False,True,True,0,0,0,0,True,
603010.SH,603010,603010,万盛股份,主板,沪市,主板,801030.SI,基础化工,801034.SI,化学制品,化学制品,L,20141010,4382,12.0,12.48,2.463,18.333,False,True,True,0,0,0,0,True,
603011.SH,603011,603011,合锻智能,主板,沪市,主板,801890.SI,机械设备,801074.SI,专用设备,专用设备,L,20141107,4354,11.92,21.84,-6.387,15.385,False,True,True,0,0,0,0,True,
603012.SH,603012,603012,创力集团,主板,沪市,主板,801890.SI,机械设备,801074.SI,专用设备,专用设备,L,20150320,4221,11.56,8.55,-0.697,15.556,False,True,True,0,0,0,0,True,
603013.SH,603013,603013,亚普股份,主板,沪市,主板,801880.SI,汽车,801093.SI,汽车零部件,汽车零部件,L,20180509,3075,8.42,14.52,1.609,41.071,False,True,True,0,0,0,0,True,
603015.SH,603015,603015,弘讯科技,主板,沪市,主板,801890.SI,机械设备,801078.SI,自动化设备,自动化设备,L,20150303,4238,11.6,10.46,-0.191,16.667,False,True,True,0,0,0,0,True,
603016.SH,603016,603016,新宏泰,主板,沪市,主板,801730.SI,电力设备,801738.SI,电网设备,电网设备,L,20160701,3752,10.27,31.57,-0.347,14.062,False,True,True,0,0,0,0,True,
603017.SH,603017,603017,中衡设计,主板,沪市,主板,801720.SI,建筑装饰,801726.SI,工程咨询服务Ⅱ,工程咨询服务Ⅱ,L,20141231,4300,11.77,10.0,-0.1,8.163,False,True,True,0,0,0,0,True,
603018.SH,603018,603018,华设集团,主板,沪市,主板,801720.SI,建筑装饰,801726.SI,工程咨询服务Ⅱ,工程咨询服务Ⅱ,L,20141013,4379,11.99,5.15,0.783,18.868,False,True,True,0,0,0,0,True,
603019.SH,603019,603019,中科曙光,主板,沪市,主板,801750.SI,计算机,801101.SI,计算机设备,计算机设备,L,20141106,4355,11.92,75.37,-1.836,9.231,False,True,True,0,0,0,0,True,
603020.SH,603020,603020,爱普股份,主板,沪市,主板,801030.SI,基础化工,801034.SI,化学制品,化学制品,L,20150325,4216,11.54,12.93,1.412,21.429,False,True,True,0,0,0,0,True,
603022.SH,603022,603022,新通联,主板,沪市,主板,801140.SI,轻工制造,801141.SI,包装印刷,包装印刷,L,20150518,4162,11.39,9.03,-0.551,13.793,False,True,True,0,0,0,0,True,
603023.SH,603023,603023,威帝股份,主板,沪市,主板,801880.SI,汽车,801093.SI,汽车零部件,汽车零部件,L,20150527,4153,11.37,4.02,0.752,10.0,False,True,True,0,0,0,0,True,
603025.SH,603025,603025,大豪科技,主板,沪市,主板,801890.SI,机械设备,801078.SI,自动化设备,自动化设备,L,20150422,4188,11.47,12.91,1.574,19.565,False,True,True,0,0,0,0,True,
603026.SH,603026,603026,石大胜华,主板,沪市,主板,801730.SI,电力设备,801737.SI,电池,电池,L,20150529,4151,11.36,62.76,6.373,13.043,False,True,True,0,0,0,0,True,
603027.SH,603027,603027,千禾味业,主板,沪市,主板,801120.SI,食品饮料,801129.SI,调味发酵品Ⅱ,调味发酵品Ⅱ,L,20160307,3868,10.59,7.4,-0.135,11.111,False,True,True,0,0,0,0,True,
603028.SH,603028,603028,赛福天,主板,沪市,主板,801890.SI,机械设备,801072.SI,通用设备,通用设备,L,20160331,3844,10.52,7.01,-0.849,11.429,False,True,True,0,0,0,0,True,
603029.SH,603029,603029,天鹅股份,主板,沪市,主板,801890.SI,机械设备,801074.SI,专用设备,专用设备,L,20160427,3817,10.45,16.64,-0.12,7.143,False,True,True,0,0,0,0,True,
603030.SH,603030,603030,全筑股份,主板,沪市,主板,801720.SI,建筑装饰,801722.SI,装修装饰Ⅱ,装修装饰Ⅱ,L,20150320,4221,11.56,2.08,1.463,9.524,False,True,True,0,0,0,0,True,
603031.SH,603031,603031,安孚科技,主板,沪市,主板,801730.SI,电力设备,801737.SI,电池,电池,L,20160822,3700,10.13,33.35,-1.622,15.842,False,True,True,0,0,0,0,True,
603032.SH,603032,603032,德新科技,主板,沪市,主板,801730.SI,电力设备,801737.SI,电池,电池,L,20170105,3564,9.76,18.56,2.315,9.626,False,True,True,0,0,0,0,True,
603033.SH,603033,603033,三维股份,主板,沪市,主板,801030.SI,基础化工,801037.SI,橡胶,橡胶,L,20161207,3593,9.84,7.7,0.654,45.0,False,True,True,0,0,0,0,True,
603035.SH,603035,603035,常熟汽饰,主板,沪市,主板,801880.SI,汽车,801093.SI,汽车零部件,汽车零部件,L,20170105,3564,9.76,10.49,0.963,22.018,False,True,True,0,0,0,0,True,
603036.SH,603036,603036,如通股份,主板,沪市,主板,801890.SI,机械设备,801074.SI,专用设备,专用设备,L,20161209,3591,9.83,13.17,-2.372,17.778,False,True,True,0,0,0,0,True,
603037.SH,603037,603037,凯众股份,主板,沪市,主板,801880.SI,汽车,801093.SI,汽车零部件,汽车零部件,L,20170120,3549,9.72,10.07,-5.976,8.824,False,True,True,0,0,0,0,True,
603038.SH,603038,603038,华立股份,主板,沪市,主板,801710.SI,建筑材料,801713.SI,装修建材,装修建材,L,20170116,3553,9.73,15.24,0.0,12.727,False,True,True,0,0,0,0,True,
603039.SH,603039,603039,泛微网络,主板,沪市,主板,801750.SI,计算机,801104.SI,软件开发,软件开发,L,20170113,3556,9.74,34.73,4.608,15.385,False,True,True,0,0,0,0,True,
603040.SH,603040,603040,新坐标,主板,沪市,主板,801880.SI,汽车,801093.SI,汽车零部件,汽车零部件,L,20170209,3529,9.66,42.0,-1.246,31.818,False,True,True,0,0,0,0,True,
603041.SH,603041,603041,美思德,主板,沪市,主板,801030.SI,基础化工,801034.SI,化学制品,化学制品,L,20170330,3480,9.53,11.55,1.05,10.714,False,True,True,0,0,0,0,True,
603042.SH,603042,603042,华脉科技,主板,沪市,主板,801770.SI,通信,801102.SI,通信设备,通信设备,L,20170602,3416,9.35,15.58,-2.928,14.286,False,True,True,0,0,0,0,True,
603043.SH,603043,603043,广州酒家,主板,沪市,主板,801120.SI,食品饮料,801128.SI,休闲食品,休闲食品,L,20170627,3391,9.28,13.52,1.731,26.087,False,True,True,0,0,0,0,True,
603045.SH,603045,603045,福达合金,主板,沪市,主板,801050.SI,有色金属,801051.SI,金属新材料,金属新材料,L,20180517,3067,8.4,44.47,-1.244,17.895,False,True,True,0,0,0,0,True,
603048.SH,603048,603048,浙江黎明,主板,沪市,主板,801880.SI,汽车,801093.SI,汽车零部件,汽车零部件,L,20211116,1788,4.9,23.34,-3.234,26.724,False,True,True,0,0,0,0,True,
603050.SH,603050,603050,科林电气,主板,沪市,主板,801730.SI,电力设备,801738.SI,电网设备,电网设备,L,20170414,3465,9.49,15.99,0.44,17.391,False,True,True,0,0,0,0,True,
603051.SH,603051,603051,鹿山新材,主板,沪市,主板,801030.SI,基础化工,801034.SI,化学制品,化学制品,L,20220325,1659,4.54,22.6,-3.83,16.034,False,True,True,0,0,0,0,True,
603052.SH,603052,603052,可川科技,主板,沪市,主板,801080.SI,电子,801085.SI,消费电子,消费电子,L,20221011,1459,3.99,46.82,-2.964,15.625,False,True,True,0,0,0,0,True,
603053.SH,603053,603053,成都燃气,主板,沪市,主板,801160.SI,公用事业,801163.SI,燃气Ⅱ,燃气Ⅱ,L,20191217,2488,6.81,8.82,-0.113,15.957,False,True,True,0,0,0,0,True,
603055.SH,603055,603055,台华新材,主板,沪市,主板,801130.SI,纺织服饰,801131.SI,纺织制造,纺织制造,L,20170921,3305,9.05,9.7,2.646,12.088,False,True,True,0,0,0,0,True,
603057.SH,603057,603057,紫燕食品,主板,沪市,主板,801120.SI,食品饮料,801128.SI,休闲食品,休闲食品,L,20220926,1474,4.04,17.63,-0.732,41.593,False,True,True,0,0,0,0,True,
603058.SH,603058,603058,永吉股份,主板,沪市,主板,801140.SI,轻工制造,801141.SI,包装印刷,包装印刷,L,20161223,3577,9.79,8.66,3.218,14.894,False,True,True,0,0,0,0,True,
603059.SH,603059,603059,倍加洁,主板,沪市,主板,801980.SI,美容护理,801981.SI,个护用品,个护用品,L,20180302,3143,8.61,25.73,-0.962,10.714,False,True,True,0,0,0,0,True,
603060.SH,603060,603060,国检集团,主板,沪市,主板,801210.SI,社会服务,801218.SI,专业服务,专业服务,L,20161109,3621,9.91,5.62,1.444,30.357,False,True,True,0,0,0,0,True,
603061.SH,603061,603061,金海通,主板,沪市,主板,801080.SI,电子,801081.SI,半导体,半导体,L,20230303,1316,3.6,293.02,-1.24,15.596,False,True,True,0,0,0,0,True,
603062.SH,603062,603062,麦加芯彩,主板,沪市,主板,801030.SI,基础化工,801034.SI,化学制品,化学制品,L,20231107,1067,2.92,37.61,0.053,14.474,False,True,True,0,0,0,0,True,
603063.SH,603063,603063,禾望电气,主板,沪市,主板,801730.SI,电力设备,801736.SI,风电设备,风电设备,L,20170728,3360,9.2,25.76,-3.376,15.789,False,True,True,0,0,0,0,True,
603065.SH,603065,603065,宿迁联盛,主板,沪市,主板,801030.SI,基础化工,801034.SI,化学制品,化学制品,L,20230321,1298,3.55,13.68,-2.495,12.245,False,True,True,0,0,0,0,True,
603066.SH,603066,603066,音飞储存,主板,沪市,主板,801170.SI,交通运输,801178.SI,物流,物流,L,20150611,4138,11.33,9.29,0.216,8.696,False,True,True,0,0,0,0,True,
603067.SH,603067,603067,振华股份,主板,沪市,主板,801030.SI,基础化工,801033.SI,化学原料,化学原料,L,20160913,3678,10.07,42.31,10.01,12.987,False,True,True,0,0,0,0,True,
603068.SH,603068,603068,博通集成,主板,沪市,主板,801080.SI,电子,801081.SI,半导体,半导体,L,20190415,2734,7.49,43.5,2.498,9.333,False,True,True,0,0,0,0,True,
603069.SH,603069,603069,海汽集团,主板,沪市,主板,801170.SI,交通运输,801179.SI,铁路公路,铁路公路,L,20160712,3741,10.24,13.51,2.039,14.706,False,True,True,0,0,0,0,True,
603070.SH,603070,603070,万控智造,主板,沪市,主板,801730.SI,电力设备,801738.SI,电网设备,电网设备,L,20220310,1674,4.58,11.2,-2.098,52.137,False,True,True,0,0,0,0,True,
603071.SH,603071,603071,物产环能,主板,沪市,主板,801950.SI,煤炭,801951.SI,煤炭开采,煤炭开采,L,20211216,1758,4.81,12.63,0.798,15.873,False,True,True,0,0,0,0,True,
603073.SH,603073,603073,彩蝶实业,主板,沪市,主板,801030.SI,基础化工,801032.SI,化学纤维,化学纤维,L,20230316,1303,3.57,20.67,-10.013,26.316,False,True,True,0,0,0,0,True,
603075.SH,603075,603075,热威股份,主板,沪市,主板,801110.SI,家用电器,801116.SI,家电零部件Ⅱ,家电零部件Ⅱ,L,20230911,1124,3.08,19.75,-1.447,3.518,False,True,True,0,0,0,0,True,
603076.SH,603076,603076,乐惠国际,主板,沪市,主板,801890.SI,机械设备,801074.SI,专用设备,专用设备,L,20171113,3252,8.9,20.12,0.751,11.765,False,True,True,0,0,0,0,True,
603077.SH,603077,603077,和邦生物,主板,沪市,主板,801030.SI,基础化工,801038.SI,农化制品,农化制品,L,20120731,5183,14.19,2.23,1.827,13.043,False,True,True,0,0,0,0,True,
603078.SH,603078,603078,江化微,主板,沪市,主板,801080.SI,电子,801086.SI,电子化学品Ⅱ,电子化学品Ⅱ,L,20170410,3469,9.5,27.63,-1.812,16.049,False,True,True,0,0,0,0,True,
603079.SH,603079,603079,圣达生物,主板,沪市,主板,801030.SI,基础化工,801034.SI,化学制品,化学制品,L,20170823,3334,9.13,13.31,-0.075,6.061,False,True,True,0,0,0,0,True,
603080.SH,603080,603080,新疆火炬,主板,沪市,主板,801160.SI,公用事业,801163.SI,燃气Ⅱ,燃气Ⅱ,L,20180103,3201,8.76,20.13,-1.323,10.204,False,True,True,0,0,0,0,True,
603081.SH,603081,603081,大丰实业,主板,沪市,主板,801890.SI,机械设备,801074.SI,专用设备,专用设备,L,20170420,3459,9.47,9.46,0.212,33.333,False,True,True,0,0,0,0,True,
603082.SH,603082,603082,北自科技,主板,沪市,主板,801890.SI,机械设备,801078.SI,自动化设备,自动化设备,L,20240130,983,2.69,38.79,-1.548,9.512,False,True,True,0,0,0,0,True,
603083.SH,603083,603083,剑桥科技,主板,沪市,主板,801770.SI,通信,801102.SI,通信设备,通信设备,L,20171110,3255,8.91,193.0,-0.052,15.741,False,True,True,0,0,0,0,True,
603085.SH,603085,603085,天成自控,主板,沪市,主板,801880.SI,汽车,801093.SI,汽车零部件,汽车零部件,L,20150630,4119,11.28,9.82,-3.251,12.0,False,True,True,0,0,0,0,True,
603086.SH,603086,603086,先达股份,主板,沪市,主板,801030.SI,基础化工,801038.SI,农化制品,农化制品,L,20170511,3438,9.41,6.11,-1.61,11.475,False,True,True,0,0,0,0,True,
603087.SH,603087,603087,甘李药业,主板,沪市,主板,801150.SI,医药生物,801152.SI,生物制品,生物制品,L,20200629,2293,6.28,75.52,2.664,11.905,False,True,True,0,0,0,0,True,
603088.SH,603088,603088,宁波精达,主板,沪市,主板,801890.SI,机械设备,801072.SI,通用设备,通用设备,L,20141111,4350,11.91,9.72,0.31,10.891,False,True,True,0,0,0,0,True,
603089.SH,603089,603089,正裕工业,主板,沪市,主板,801880.SI,汽车,801093.SI,汽车零部件,汽车零部件,L,20170126,3543,9.7,9.45,-0.317,12.371,False,True,True,0,0,0,0,True,
603090.SH,603090,603090,宏盛股份,主板,沪市,主板,801890.SI,机械设备,801072.SI,通用设备,通用设备,L,20160831,3691,10.11,34.7,-0.573,12.821,False,True,True,0,0,0,0,True,
603091.SH,603091,603091,众鑫股份,主板,沪市,主板,801140.SI,轻工制造,801141.SI,包装印刷,包装印刷,L,20240920,749,2.05,45.82,0.044,11.111,False,True,True,0,0,0,0,True,
603093.SH,603093,603093,南华期货,主板,沪市,主板,801790.SI,非银金融,801191.SI,多元金融,多元金融,L,20190830,2597,7.11,13.52,3.285,11.364,False,True,True,0,0,0,0,True,
603095.SH,603095,603095,越剑智能,主板,沪市,主板,801890.SI,机械设备,801074.SI,专用设备,专用设备,L,20200415,2368,6.48,13.7,-0.868,16.216,False,True,True,0,0,0,0,True,
603096.SH,603096,603096,新经典,主板,沪市,主板,801760.SI,传媒,801769.SI,出版,出版,L,20170425,3454,9.46,17.33,10.032,11.538,False,True,True,0,0,0,0,True,
603097.SH,603097,603097,江苏华辰,主板,沪市,主板,801730.SI,电力设备,801738.SI,电网设备,电网设备,L,20220512,1611,4.41,18.31,-3.122,18.947,False,True,True,0,0,0,0,True,
603098.SH,603098,603098,森特股份,主板,沪市,主板,801720.SI,建筑装饰,801724.SI,专业工程,专业工程,L,20161216,3584,9.81,10.79,1.792,33.333,False,True,True,0,0,0,0,True,
603099.SH,603099,603099,长白山,主板,沪市,主板,801210.SI,社会服务,801993.SI,旅游及景区,旅游及景区,L,20140822,4431,12.13,42.82,-0.696,10.448,False,True,True,0,0,0,0,True,
603100.SH,603100,603100,川仪股份,主板,沪市,主板,801890.SI,机械设备,801072.SI,通用设备,通用设备,L,20140805,4448,12.18,18.63,0.921,11.475,False,True,True,0,0,0,0,True,
603101.SH,603101,603101,汇嘉时代,主板,沪市,主板,801200.SI,商贸零售,801203.SI,一般零售,一般零售,L,20160506,3808,10.43,7.99,10.055,9.459,False,True,True,0,0,0,0,True,
603102.SH,603102,603102,百合股份,主板,沪市,主板,801120.SI,食品饮料,801124.SI,食品加工,食品加工,L,20220125,1718,4.7,36.73,-0.054,13.83,False,True,True,0,0,0,0,True,
603103.SH,603103,603103,横店影视,主板,沪市,主板,801760.SI,传媒,801766.SI,影视院线,影视院线,L,20171012,3284,8.99,16.3,6.189,43.75,False,True,True,0,0,0,0,True,
603105.SH,603105,603105,芯能科技,主板,沪市,主板,801160.SI,公用事业,801161.SI,电力,电力,L,20180709,3014,8.25,8.63,-1.932,9.302,False,True,True,0,0,0,0,True,
603106.SH,603106,603106,恒银科技,主板,沪市,主板,801750.SI,计算机,801101.SI,计算机设备,计算机设备,L,20170920,3306,9.05,7.43,4.795,10.526,False,True,True,0,0,0,0,True,
603107.SH,603107,603107,上海汽配,主板,沪市,主板,801880.SI,汽车,801093.SI,汽车零部件,汽车零部件,L,20231101,1073,2.94,12.29,-1.047,7.5,False,True,True,0,0,0,0,True,
603108.SH,603108,603108,润达医疗,主板,沪市,主板,801150.SI,医药生物,801154.SI,医药商业,医药商业,L,20150527,4153,11.37,9.97,3.209,8.0,False,True,True,0,0,0,0,True,
603109.SH,603109,603109,神驰机电,主板,沪市,主板,801880.SI,汽车,801093.SI,汽车零部件,汽车零部件,L,20191231,2474,6.77,17.33,0.347,27.586,False,True,True,0,0,0,0,True,
603110.SH,603110,603110,东方材料,主板,沪市,主板,801030.SI,基础化工,801034.SI,化学制品,化学制品,L,20171013,3283,8.99,23.38,-2.38,8.097,False,True,True,0,0,0,0,True,
603111.SH,603111,603111,康尼机电,主板,沪市,主板,801890.SI,机械设备,801076.SI,轨交设备Ⅱ,轨交设备Ⅱ,L,20140801,4452,12.19,6.09,0.33,13.333,False,True,True,0,0,0,0,True,
603112.SH,603112,603112,华翔股份,主板,沪市,主板,801110.SI,家用电器,801116.SI,家电零部件Ⅱ,家电零部件Ⅱ,L,20200917,2213,6.06,16.45,-1.201,10.18,False,True,True,0,0,0,0,True,
603113.SH,603113,603113,金能科技,主板,沪市,主板,801030.SI,基础化工,801033.SI,化学原料,化学原料,L,20170511,3438,9.41,5.09,1.8,16.0,False,True,True,0,0,0,0,True,
603115.SH,603115,603115,海星股份,主板,沪市,主板,801050.SI,有色金属,801055.SI,工业金属,工业金属,L,20190809,2618,7.17,64.11,-3.303,27.273,False,True,True,0,0,0,0,True,
603116.SH,603116,603116,红蜻蜓,主板,沪市,主板,801130.SI,纺织服饰,801132.SI,服装家纺,服装家纺,L,20150629,4120,11.28,7.18,0.42,24.242,False,True,True,0,0,0,0,True,
603117.SH,603117,603117,万林物流,主板,沪市,主板,801170.SI,交通运输,801178.SI,物流,物流,L,20150629,4120,11.28,3.97,0.761,15.789,False,True,True,0,0,0,0,True,
603118.SH,603118,603118,共进股份,主板,沪市,主板,801770.SI,通信,801102.SI,通信设备,通信设备,L,20150225,4244,11.62,14.64,-2.918,19.277,False,True,True,0,0,0,0,True,
603119.SH,603119,603119,浙江荣泰,主板,沪市,主板,801880.SI,汽车,801093.SI,汽车零部件,汽车零部件,L,20230801,1165,3.19,48.55,-0.594,14.583,False,True,True,0,0,0,0,True,
603121.SH,603121,603121,华培动力,主板,沪市,主板,801880.SI,汽车,801093.SI,汽车零部件,汽车零部件,L,20190111,2828,7.74,11.89,-0.252,15.625,False,True,True,0,0,0,0,True,
603122.SH,603122,603122,合富中国,主板,沪市,主板,801150.SI,医药生物,801154.SI,医药商业,医药商业,L,20220216,1696,4.64,13.76,1.475,7.801,False,True,True,0,0,0,0,True,
603123.SH,603123,603123,翠微股份,主板,沪市,主板,801200.SI,商贸零售,801203.SI,一般零售,一般零售,L,20120503,5272,14.43,9.64,4.216,18.557,False,True,True,0,0,0,0,True,
603125.SH,603125,603125,常青科技,主板,沪市,主板,801030.SI,基础化工,801034.SI,化学制品,化学制品,L,20230410,1278,3.5,20.63,-1.292,38.034,False,True,True,0,0,0,0,True,
603126.SH,603126,603126,中材节能,主板,沪市,主板,801970.SI,环保,801972.SI,环保设备Ⅱ,环保设备Ⅱ,L,20140731,4453,12.19,6.49,1.884,23.81,False,True,True,0,0,0,0,True,
603127.SH,603127,603127,昭衍新药,主板,沪市,主板,801150.SI,医药生物,801156.SI,医疗服务,医疗服务,L,20170825,3332,9.12,52.6,1.037,13.208,False,True,True,0,0,0,0,True,
603128.SH,603128,603128,华贸物流,主板,沪市,主板,801170.SI,交通运输,801178.SI,物流,物流,L,20120529,5246,14.36,5.39,-0.37,9.259,False,True,True,0,0,0,0,True,
603129.SH,603129,603129,春风动力,主板,沪市,主板,801880.SI,汽车,801881.SI,摩托车及其他,摩托车及其他,L,20170818,3339,9.14,271.54,-0.524,16.935,False,True,True,0,0,0,0,True,
603130.SH,603130,603130,云中马,主板,沪市,主板,801130.SI,纺织服饰,801131.SI,纺织制造,纺织制造,L,20221118,1421,3.89,38.7,-2.764,17.0,False,True,True,0,0,0,0,True,
603131.SH,603131,603131,上海沪工,主板,沪市,主板,801890.SI,机械设备,801072.SI,通用设备,通用设备,L,20160607,3776,10.34,13.49,0.074,12.766,False,True,True,0,0,0,0,True,
603132.SH,603132,603132,金徽股份,主板,沪市,主板,801050.SI,有色金属,801055.SI,工业金属,工业金属,L,20220222,1690,4.63,17.61,-1.4,21.858,False,True,True,0,0,0,0,True,
603135.SH,603135,603135,中重科技,主板,沪市,主板,801890.SI,机械设备,801074.SI,专用设备,专用设备,L,20230410,1278,3.5,8.39,0.0,47.253,False,True,True,0,0,0,0,True,
603136.SH,603136,603136,天目湖,主板,沪市,主板,801210.SI,社会服务,801993.SI,旅游及景区,旅游及景区,L,20170927,3299,9.03,9.11,2.13,10.989,False,True,True,0,0,0,0,True,
603137.SH,603137,603137,恒尚节能,主板,沪市,主板,801720.SI,建筑装饰,801722.SI,装修装饰Ⅱ,装修装饰Ⅱ,L,20230419,1269,3.47,18.65,-4.652,11.413,False,True,True,0,0,0,11,True,
603138.SH,603138,603138,海量数据,主板,沪市,主板,801750.SI,计算机,801103.SI,IT服务Ⅱ,IT服务Ⅱ,L,20170306,3504,9.59,13.9,5.864,13.605,False,True,True,0,0,0,0,True,
603139.SH,603139,603139,康惠股份,主板,沪市,主板,801150.SI,医药生物,801155.SI,中药Ⅱ,中药Ⅱ,L,20170421,3458,9.47,34.01,-1.277,14.439,False,True,True,0,0,0,0,True,
603150.SH,603150,603150,万朗磁塑,主板,沪市,主板,801030.SI,基础化工,801036.SI,塑料,塑料,L,20220124,1719,4.71,61.93,-4.532,19.412,False,True,True,0,0,0,0,True,
603151.SH,603151,603151,邦基科技,主板,沪市,主板,801010.SI,农林牧渔,801014.SI,饲料,饲料,L,20221019,1451,3.97,18.79,5.266,17.978,False,True,True,0,0,0,0,True,
603153.SH,603153,603153,上海建科,主板,沪市,主板,801720.SI,建筑装饰,801726.SI,工程咨询服务Ⅱ,工程咨询服务Ⅱ,L,20230313,1306,3.58,13.62,0.221,10.853,False,True,True,0,0,0,0,True,
603155.SH,603155,603155,新亚强,主板,沪市,主板,801030.SI,基础化工,801034.SI,化学制品,化学制品,L,20200901,2229,6.1,15.43,9.979,12.245,False,True,True,0,0,0,0,True,
603156.SH,603156,603156,养元饮品,主板,沪市,主板,801120.SI,食品饮料,801127.SI,饮料乳品,饮料乳品,L,20180212,3161,8.65,42.36,0.379,29.091,False,True,True,0,0,0,0,True,
603158.SH,603158,603158,腾龙股份,主板,沪市,主板,801880.SI,汽车,801093.SI,汽车零部件,汽车零部件,L,20150320,4221,11.56,9.98,-0.2,10.377,False,True,True,0,0,0,0,True,
603160.SH,603160,603160,汇顶科技,主板,沪市,主板,801080.SI,电子,801081.SI,半导体,半导体,L,20161017,3644,9.98,51.95,0.776,12.5,False,True,True,0,0,0,0,True,
603161.SH,603161,603161,科华控股,主板,沪市,主板,801880.SI,汽车,801093.SI,汽车零部件,汽车零部件,L,20180105,3199,8.76,14.18,-0.908,17.61,False,True,True,0,0,0,0,True,
603162.SH,603162,603162,海通发展,主板,沪市,主板,801170.SI,交通运输,801992.SI,航运港口,航运港口,L,20230329,1290,3.53,13.23,-2.0,7.407,False,True,True,0,0,0,0,True,
603163.SH,603163,603163,圣晖集成,主板,沪市,主板,801720.SI,建筑装饰,801724.SI,专业工程,专业工程,L,20221013,1457,3.99,69.55,-3.403,11.29,False,True,True,0,0,0,0,True,
603165.SH,603165,603165,荣晟环保,主板,沪市,主板,801140.SI,轻工制造,801143.SI,造纸,造纸,L,20170117,3552,9.72,13.79,-0.648,8.088,False,True,True,0,0,0,0,True,
603166.SH,603166,603166,福达股份,主板,沪市,主板,801880.SI,汽车,801093.SI,汽车零部件,汽车零部件,L,20141127,4334,11.87,10.53,1.543,14.545,False,True,True,0,0,0,0,True,
603167.SH,603167,603167,渤海轮渡,主板,沪市,主板,801170.SI,交通运输,801992.SI,航运港口,航运港口,L,20120906,5146,14.09,8.0,0.0,7.059,False,True,True,0,0,0,0,True,
603168.SH,603168,603168,莎普爱思,主板,沪市,主板,801150.SI,医药生物,801151.SI,化学制药,化学制药,L,20140702,4482,12.27,6.04,1.513,15.789,False,True,True,0,0,0,0,True,
603169.SH,603169,603169,兰石重装,主板,沪市,主板,801890.SI,机械设备,801074.SI,专用设备,专用设备,L,20141009,4383,12.0,6.1,0.66,30.303,False,True,True,0,0,0,0,True,
603170.SH,603170,603170,宝立食品,主板,沪市,主板,801120.SI,食品饮料,801129.SI,调味发酵品Ⅱ,调味发酵品Ⅱ,L,20220715,1547,4.24,13.78,2.074,14.286,False,True,True,0,0,0,0,True,
603171.SH,603171,603171,税友股份,主板,沪市,主板,801750.SI,计算机,801103.SI,IT服务Ⅱ,IT服务Ⅱ,L,20210630,1927,5.28,39.8,6.303,21.296,False,True,True,0,0,0,0,True,
603172.SH,603172,603172,万丰股份,主板,沪市,主板,801030.SI,基础化工,801034.SI,化学制品,化学制品,L,20230510,1248,3.42,19.48,-1.067,21.277,False,True,True,0,0,0,0,True,
603173.SH,603173,603173,福斯达,主板,沪市,主板,801890.SI,机械设备,801074.SI,专用设备,专用设备,L,20230130,1348,3.69,29.61,-0.904,27.711,False,True,True,0,0,0,0,True,
603176.SH,603176,603176,汇通集团,主板,沪市,主板,801720.SI,建筑装饰,801723.SI,基础建设,基础建设,L,20211231,1743,4.77,5.37,2.091,21.154,False,True,True,0,0,0,0,True,
603177.SH,603177,603177,德创环保,主板,沪市,主板,801970.SI,环保,801971.SI,环境治理,环境治理,L,20170207,3531,9.67,10.63,-1.574,8.333,False,True,True,0,0,0,0,True,
603178.SH,603178,603178,圣龙股份,主板,沪市,主板,801880.SI,汽车,801093.SI,汽车零部件,汽车零部件,L,20170328,3482,9.53,16.23,-0.429,12.195,False,True,True,0,0,0,0,True,
603179.SH,603179,603179,新泉股份,主板,沪市,主板,801880.SI,汽车,801093.SI,汽车零部件,汽车零部件,L,20170317,3493,9.56,37.1,-1.093,11.0,False,True,True,0,0,0,0,True,
603180.SH,603180,603180,金牌家居,主板,沪市,主板,801140.SI,轻工制造,801142.SI,家居用品,家居用品,L,20170512,3437,9.41,15.84,0.571,20.513,False,True,True,0,0,0,0,True,
603181.SH,603181,603181,皇马科技,主板,沪市,主板,801030.SI,基础化工,801034.SI,化学制品,化学制品,L,20170824,3333,9.13,12.32,0.654,27.692,False,True,True,0,0,0,0,True,
603182.SH,603182,603182,嘉华股份,主板,沪市,主板,801010.SI,农林牧渔,801012.SI,农产品加工,农产品加工,L,20220909,1491,4.08,13.63,-0.073,15.789,False,True,True,0,0,0,0,True,
603185.SH,603185,603185,弘元绿能,主板,沪市,主板,801730.SI,电力设备,801735.SI,光伏设备,光伏设备,L,20181228,2842,7.78,14.88,0.067,22.222,False,True,True,0,0,0,0,True,
603186.SH,603186,603186,华正新材,主板,沪市,主板,801080.SI,电子,801083.SI,元件,元件,L,20170103,3566,9.76,206.46,-7.933,11.194,False,True,True,0,0,0,0,True,
603187.SH,603187,603187,海容冷链,主板,沪市,主板,801890.SI,机械设备,801072.SI,通用设备,通用设备,L,20181129,2871,7.86,10.85,1.307,14.286,False,True,True,0,0,0,0,True,
603188.SH,603188,603188,亚邦股份,主板,沪市,主板,801030.SI,基础化工,801034.SI,化学制品,化学制品,L,20140909,4413,12.08,5.07,0.595,16.667,False,True,True,0,0,0,0,True,
603190.SH,603190,603190,亚通精工,主板,沪市,主板,801880.SI,汽车,801093.SI,汽车零部件,汽车零部件,L,20230217,1330,3.64,16.03,-0.497,9.202,False,True,True,0,0,0,0,True,
603191.SH,603191,603191,望变电气,主板,沪市,主板,801730.SI,电力设备,801738.SI,电网设备,电网设备,L,20220428,1625,4.45,13.19,0.381,17.143,False,True,True,0,0,0,0,True,
603192.SH,603192,603192,汇得科技,主板,沪市,主板,801030.SI,基础化工,801034.SI,化学制品,化学制品,L,20180828,2964,8.11,20.84,-1.466,8.824,False,True,True,0,0,0,0,True,
603193.SH,603193,603193,润本股份,主板,沪市,主板,801980.SI,美容护理,801981.SI,个护用品,个护用品,L,20231017,1088,2.98,19.94,2.625,7.353,False,True,True,0,0,0,0,True,
603195.SH,603195,603195,公牛集团,主板,沪市,主板,801140.SI,轻工制造,801142.SI,家居用品,家居用品,L,20200206,2437,6.67,39.04,0.386,22.059,False,True,True,0,0,0,0,True,
603196.SH,603196,603196,璞源材料,主板,沪市,主板,801130.SI,纺织服饰,801132.SI,服装家纺,服装家纺,L,20170531,3418,9.36,17.73,1.663,38.235,False,True,True,0,0,0,0,True,
603197.SH,603197,603197,保隆科技,主板,沪市,主板,801880.SI,汽车,801093.SI,汽车零部件,汽车零部件,L,20170519,3430,9.39,28.52,-1.007,8.163,False,True,True,0,0,0,0,True,
603198.SH,603198,603198,迎驾贡酒,主板,沪市,主板,801120.SI,食品饮料,801125.SI,白酒Ⅱ,白酒Ⅱ,L,20150528,4152,11.37,38.87,0.961,18.519,False,True,True,0,0,0,0,True,
603199.SH,603199,603199,九华旅游,主板,沪市,主板,801210.SI,社会服务,801993.SI,旅游及景区,旅游及景区,L,20150326,4215,11.54,31.65,0.828,7.317,False,True,True,0,0,0,0,True,
603200.SH,603200,603200,上海洗霸,主板,沪市,主板,801970.SI,环保,801971.SI,环境治理,环境治理,L,20170601,3417,9.36,53.92,9.571,23.729,False,True,True,0,0,0,0,True,
603201.SH,603201,603201,常润股份,主板,沪市,主板,801880.SI,汽车,801093.SI,汽车零部件,汽车零部件,L,20220729,1533,4.2,14.93,-1.582,11.538,False,True,True,0,0,0,0,True,
603203.SH,603203,603203,快克智能,主板,沪市,主板,801890.SI,机械设备,801078.SI,自动化设备,自动化设备,L,20161108,3622,9.92,37.58,-4.474,15.873,False,True,True,0,0,0,0,True,
603206.SH,603206,603206,嘉环科技,主板,沪市,主板,801770.SI,通信,801223.SI,通信服务,通信服务,L,20220506,1617,4.43,13.58,2.029,12.409,False,True,True,0,0,0,0,True,
603207.SH,603207,603207,小方制药,主板,沪市,主板,801150.SI,医药生物,801151.SI,化学制药,化学制药,L,20240826,774,2.12,24.47,1.662,4.898,False,True,True,0,0,0,0,True,
603208.SH,603208,603208,江山欧派,主板,沪市,主板,801140.SI,轻工制造,801142.SI,家居用品,家居用品,L,20170210,3528,9.66,11.35,-0.439,14.286,False,True,True,0,0,0,0,True,
603209.SH,603209,603209,兴通股份,主板,沪市,主板,801170.SI,交通运输,801992.SI,航运港口,航运港口,L,20220324,1660,4.54,15.18,0.397,9.655,False,True,True,0,0,0,0,True,
603211.SH,603211,603211,晋拓股份,主板,沪市,主板,801880.SI,汽车,801093.SI,汽车零部件,汽车零部件,L,20220725,1537,4.21,18.35,-0.918,34.259,False,True,True,0,0,0,0,True,
603212.SH,603212,603212,赛伍技术,主板,沪市,主板,801730.SI,电力设备,801735.SI,光伏设备,光伏设备,L,20200430,2353,6.44,11.3,0.0,9.565,False,True,True,0,0,0,0,True,
603213.SH,603213,603213,镇洋发展,主板,沪市,主板,801030.SI,基础化工,801033.SI,化学原料,化学原料,L,20211111,1793,4.91,13.86,1.168,7.246,False,True,True,0,0,0,0,True,
603214.SH,603214,603214,爱婴室,主板,沪市,主板,801200.SI,商贸零售,801204.SI,专业连锁Ⅱ,专业连锁Ⅱ,L,20180330,3115,8.53,13.77,0.805,6.667,False,True,True,0,0,0,0,True,
603215.SH,603215,603215,比依股份,主板,沪市,主板,801110.SI,家用电器,801113.SI,小家电,小家电,L,20220218,1694,4.64,15.31,0.459,19.333,False,True,True,0,0,0,0,True,
603216.SH,603216,603216,梦天家居,主板,沪市,主板,801140.SI,轻工制造,801142.SI,家居用品,家居用品,L,20211215,1759,4.82,24.1,9.995,13.333,False,True,True,0,0,0,0,True,
603217.SH,603217,603217,元利科技,主板,沪市,主板,801030.SI,基础化工,801034.SI,化学制品,化学制品,L,20190620,2668,7.3,25.7,-3.019,20.879,False,True,True,0,0,0,0,True,
603218.SH,603218,603218,日月股份,主板,沪市,主板,801730.SI,电力设备,801736.SI,风电设备,风电设备,L,20161228,3572,9.78,9.44,-0.736,33.333,False,True,True,0,0,0,0,True,
603219.SH,603219,603219,富佳股份,主板,沪市,主板,801110.SI,家用电器,801113.SI,小家电,小家电,L,20211122,1782,4.88,12.82,-2.137,33.562,False,True,True,0,0,0,0,True,
603220.SH,603220,603220,中贝通信,主板,沪市,主板,801770.SI,通信,801223.SI,通信服务,通信服务,L,20181115,2885,7.9,15.94,0.378,11.475,False,True,True,0,0,0,0,True,
603222.SH,603222,603222,济民健康,主板,沪市,主板,801150.SI,医药生物,801153.SI,医疗器械,医疗器械,L,20150217,4252,11.64,8.3,3.106,9.756,False,True,True,0,0,0,0,True,
603223.SH,603223,603223,恒通股份,主板,沪市,主板,801960.SI,石油石化,801963.SI,炼化及贸易,炼化及贸易,L,20150630,4119,11.28,9.24,-0.324,23.301,False,True,True,0,0,0,0,True,
603225.SH,603225,603225,新凤鸣,主板,沪市,主板,801030.SI,基础化工,801032.SI,化学纤维,化学纤维,L,20170418,3461,9.48,17.0,-0.527,19.892,False,True,True,0,0,0,0,True,
603226.SH,603226,603226,菲林格尔,主板,沪市,主板,801140.SI,轻工制造,801142.SI,家居用品,家居用品,L,20170615,3403,9.32,29.02,2.147,54.348,False,True,True,0,0,0,0,True,
603227.SH,603227,603227,雪峰科技,主板,沪市,主板,801030.SI,基础化工,801034.SI,化学制品,化学制品,L,20150515,4165,11.4,7.57,0.531,20.779,False,True,True,0,0,0,0,True,
603228.SH,603228,603228,景旺电子,主板,沪市,主板,801080.SI,电子,801083.SI,元件,元件,L,20170106,3563,9.75,96.98,-0.93,13.559,False,True,True,0,0,0,0,True,
603229.SH,603229,603229,奥翔药业,主板,沪市,主板,801150.SI,医药生物,801151.SI,化学制药,化学制药,L,20170509,3440,9.42,8.19,1.613,22.222,False,True,True,0,0,0,0,True,
603230.SH,603230,603230,内蒙新华,主板,沪市,主板,801760.SI,传媒,801769.SI,出版,出版,L,20211224,1750,4.79,13.3,2.151,26.429,False,True,True,0,0,0,0,True,
603231.SH,603231,603231,索宝蛋白,主板,沪市,主板,801010.SI,农林牧渔,801012.SI,农产品加工,农产品加工,L,20231215,1029,2.82,17.01,-0.235,9.639,False,True,True,0,0,0,0,True,
603232.SH,603232,603232,格尔软件,主板,沪市,主板,801750.SI,计算机,801104.SI,软件开发,软件开发,L,20170421,3458,9.47,16.98,9.974,7.5,False,True,True,0,0,0,0,True,
603233.SH,603233,603233,大参林,主板,沪市,主板,801150.SI,医药生物,801154.SI,医药商业,医药商业,L,20170731,3357,9.19,18.76,2.179,13.889,False,True,True,0,0,0,0,True,
603235.SH,603235,603235,天新药业,主板,沪市,主板,801030.SI,基础化工,801034.SI,化学制品,化学制品,L,20220712,1550,4.24,25.94,0.66,11.364,False,True,True,0,0,0,0,True,
603236.SH,603236,603236,移远通信,主板,沪市,主板,801770.SI,通信,801102.SI,通信设备,通信设备,L,20190716,2642,7.23,72.2,5.417,20.202,False,True,True,0,0,0,0,True,
603237.SH,603237,603237,五芳斋,主板,沪市,主板,801120.SI,食品饮料,801124.SI,食品加工,食品加工,L,20220831,1500,4.11,15.32,-0.065,20.53,False,True,True,0,0,0,0,True,
603238.SH,603238,603238,诺邦股份,主板,沪市,主板,801130.SI,纺织服饰,801131.SI,纺织制造,纺织制造,L,20170222,3516,9.63,12.73,-0.313,10.0,False,True,True,0,0,0,0,True,
603239.SH,603239,603239,浙江仙通,主板,沪市,主板,801880.SI,汽车,801093.SI,汽车零部件,汽车零部件,L,20161230,3570,9.77,14.37,5.817,16.901,False,True,True,0,0,0,0,True,
603255.SH,603255,603255,鼎际得,主板,沪市,主板,801030.SI,基础化工,801034.SI,化学制品,化学制品,L,20220818,1513,4.14,31.89,2.212,12.698,False,True,True,0,0,0,0,True,
603256.SH,603256,603256,宏和科技,主板,沪市,主板,801710.SI,建筑材料,801712.SI,玻璃玻纤,玻璃玻纤,L,20190719,2639,7.23,117.5,-5.729,22.353,False,True,True,0,0,0,0,True,
603258.SH,603258,603258,电魂网络,主板,沪市,主板,801760.SI,传媒,801764.SI,游戏Ⅱ,游戏Ⅱ,L,20161026,3635,9.95,14.5,4.467,13.043,False,True,True,0,0,0,0,True,
603259.SH,603259,603259,药明康德,主板,沪市,主板,801150.SI,医药生物,801156.SI,医疗服务,医疗服务,L,20180508,3076,8.42,157.8,-2.593,9.346,False,True,True,0,0,0,0,True,
603260.SH,603260,603260,合盛硅业,主板,沪市,主板,801030.SI,基础化工,801034.SI,化学制品,化学制品,L,20171030,3266,8.94,33.04,5.458,44.444,False,True,True,0,0,0,0,True,
603261.SH,603261,603261,立航科技,主板,沪市,主板,801740.SI,国防军工,801742.SI,航空装备Ⅱ,航空装备Ⅱ,L,20220315,1669,4.57,49.26,3.466,17.424,False,True,True,0,0,0,2,True,
603266.SH,603266,603266,天龙股份,主板,沪市,主板,801880.SI,汽车,801093.SI,汽车零部件,汽车零部件,L,20170110,3559,9.74,22.21,4.223,26.087,False,True,True,0,0,0,0,True,
603267.SH,603267,603267,鸿远电子,主板,沪市,主板,801740.SI,国防军工,801745.SI,军工电子Ⅱ,军工电子Ⅱ,L,20190515,2704,7.4,44.16,-2.084,10.526,False,True,True,0,0,0,0,True,
603268.SH,603268,603268,松发股份,主板,沪市,主板,801740.SI,国防军工,801744.SI,航海装备Ⅱ,航海装备Ⅱ,L,20150319,4222,11.56,203.5,-6.971,11.732,False,True,True,0,0,0,0,True,
603269.SH,603269,603269,海鸥股份,主板,沪市,主板,801890.SI,机械设备,801072.SI,通用设备,通用设备,L,20170517,3432,9.4,23.12,-4.856,14.516,False,True,True,0,0,0,0,True,
603270.SH,603270,603270,金帝股份,主板,沪市,主板,801890.SI,机械设备,801072.SI,通用设备,通用设备,L,20230901,1134,3.1,27.24,-6.134,28.521,False,True,True,0,0,0,0,True,
603273.SH,603273,603273,天元智能,主板,沪市,主板,801890.SI,机械设备,801077.SI,工程机械,工程机械,L,20231023,1082,2.96,14.14,-2.078,5.479,False,True,True,0,0,0,0,True,
603275.SH,603275,603275,众辰科技,主板,沪市,主板,801890.SI,机械设备,801078.SI,自动化设备,自动化设备,L,20230823,1143,3.13,35.85,-0.72,6.557,False,True,True,0,0,0,0,True,
603276.SH,603276,603276,恒兴新材,主板,沪市,主板,801030.SI,基础化工,801034.SI,化学制品,化学制品,L,20230925,1110,3.04,18.18,2.828,9.659,False,True,True,0,0,0,0,True,
603277.SH,603277,603277,银都股份,主板,沪市,主板,801890.SI,机械设备,801072.SI,通用设备,通用设备,L,20170911,3315,9.08,11.21,0.268,46.721,False,True,True,0,0,0,0,True,
603278.SH,603278,603278,大业股份,主板,沪市,主板,801890.SI,机械设备,801072.SI,通用设备,通用设备,L,20171113,3252,8.9,10.1,-1.077,9.709,False,True,True,0,0,0,0,True,
603279.SH,603279,603279,景津装备,主板,沪市,主板,801890.SI,机械设备,801072.SI,通用设备,通用设备,L,20190729,2629,7.2,11.25,1.443,20.69,False,True,True,0,0,0,0,True,
603280.SH,603280,603280,南方路机,主板,沪市,主板,801890.SI,机械设备,801077.SI,工程机械,工程机械,L,20221108,1431,3.92,28.9,3.621,8.889,False,True,True,0,0,0,0,True,
603281.SH,603281,603281,江瀚新材,主板,沪市,主板,801030.SI,基础化工,801034.SI,化学制品,化学制品,L,20230131,1347,3.69,18.95,4.408,38.235,False,True,True,0,0,0,0,True,
603282.SH,603282,603282,亚光股份,主板,沪市,主板,801970.SI,环保,801972.SI,环保设备Ⅱ,环保设备Ⅱ,L,20230315,1304,3.57,16.99,-0.643,18.519,False,True,True,0,0,0,0,True,
603283.SH,603283,603283,赛腾股份,主板,沪市,主板,801890.SI,机械设备,801078.SI,自动化设备,自动化设备,L,20171225,3210,8.79,37.67,-3.805,13.846,False,True,True,0,0,0,0,True,
603285.SH,603285,603285,键邦股份,主板,沪市,主板,801030.SI,基础化工,801034.SI,化学制品,化学制品,L,20240705,826,2.26,35.36,-4.199,8.065,False,True,True,0,0,0,0,True,
603286.SH,603286,603286,日盈电子,主板,沪市,主板,801880.SI,汽车,801093.SI,汽车零部件,汽车零部件,L,20170627,3391,9.28,43.59,1.774,10.811,False,True,True,0,0,0,0,True,
603288.SH,603288,603288,海天味业,主板,沪市,主板,801120.SI,食品饮料,801129.SI,调味发酵品Ⅱ,调味发酵品Ⅱ,L,20140211,4623,12.66,33.67,-0.561,106.061,False,True,True,0,0,0,0,True,
603289.SH,603289,603289,泰瑞机器,主板,沪市,主板,801890.SI,机械设备,801074.SI,专用设备,专用设备,L,20171031,3265,8.94,10.6,-0.842,20.952,False,True,True,0,0,0,0,True,
603290.SH,603290,603290,斯达半导,主板,沪市,主板,801080.SI,电子,801081.SI,半导体,半导体,L,20200204,2439,6.68,76.25,-3.297,15.385,False,True,True,0,0,0,0,True,
603291.SH,603291,603291,联合水务,主板,沪市,主板,801970.SI,环保,801971.SI,环境治理,环境治理,L,20230327,1292,3.54,8.6,-1.263,17.045,False,True,True,0,0,0,0,True,
603296.SH,603296,603296,华勤技术,主板,沪市,主板,801080.SI,电子,801085.SI,消费电子,消费电子,L,20230808,1158,3.17,74.55,2.757,9.195,False,True,True,0,0,0,0,True,
603297.SH,603297,603297,永新光学,主板,沪市,主板,801080.SI,电子,801084.SI,光学光电子,光学光电子,L,20180910,2951,8.08,98.38,-2.787,20.482,False,True,True,0,0,0,0,True,
603298.SH,603298,603298,杭叉集团,主板,沪市,主板,801890.SI,机械设备,801077.SI,工程机械,工程机械,L,20161227,3573,9.78,22.05,1.473,15.116,False,True,True,0,0,0,0,True,
603299.SH,603299,603299,苏盐井神,主板,沪市,主板,801030.SI,基础化工,801033.SI,化学原料,化学原料,L,20151231,3935,10.77,8.77,0.689,22.581,False,True,True,0,0,0,0,True,
603300.SH,603300,603300,海南华铁,主板,沪市,主板,801790.SI,非银金融,801191.SI,多元金融,多元金融,L,20150529,4151,11.36,4.58,1.778,10.417,False,True,True,0,0,0,0,True,
603301.SH,603301,603301,振德医疗,主板,沪市,主板,801150.SI,医药生物,801153.SI,医疗器械,医疗器械,L,20180412,3102,8.49,81.0,3.198,12.903,False,True,True,0,0,0,0,True,
603303.SH,603303,603303,得邦照明,主板,沪市,主板,801110.SI,家用电器,801115.SI,照明设备Ⅱ,照明设备Ⅱ,L,20170330,3480,9.53,28.56,2.993,41.667,False,True,True,0,0,0,0,True,
603305.SH,603305,603305,旭升集团,主板,沪市,主板,801880.SI,汽车,801093.SI,汽车零部件,汽车零部件,L,20170710,3378,9.25,11.06,1.748,13.514,False,True,True,0,0,0,0,True,
603306.SH,603306,603306,华懋科技,主板,沪市,主板,801880.SI,汽车,801093.SI,汽车零部件,汽车零部件,L,20140926,4396,12.04,65.02,-2.825,16.842,False,True,True,0,0,0,0,True,
603307.SH,603307,603307,扬州金泉,主板,沪市,主板,801130.SI,纺织服饰,801132.SI,服装家纺,服装家纺,L,20230216,1331,3.64,25.25,-0.473,16.049,False,True,True,0,0,0,0,True,
603308.SH,603308,603308,应流股份,主板,沪市,主板,801890.SI,机械设备,801072.SI,通用设备,通用设备,L,20140122,4643,12.71,34.28,-4.963,20.952,False,True,True,0,0,0,0,True,
603309.SH,603309,603309,维力医疗,主板,沪市,主板,801150.SI,医药生物,801153.SI,医疗器械,医疗器械,L,20150302,4239,11.61,11.26,1.077,7.895,False,True,True,0,0,0,0,True,
603310.SH,603310,603310,巍华新材,主板,沪市,主板,801030.SI,基础化工,801034.SI,化学制品,化学制品,L,20240814,786,2.15,14.6,0.551,7.483,False,True,True,0,0,0,0,True,
603311.SH,603311,603311,金海高科,主板,沪市,主板,801110.SI,家用电器,801116.SI,家电零部件Ⅱ,家电零部件Ⅱ,L,20150518,4162,11.39,25.0,-2.648,13.846,False,True,True,0,0,0,0,True,
603312.SH,603312,603312,西典新能,主板,沪市,主板,801730.SI,电力设备,801738.SI,电网设备,电网设备,L,20240111,1002,2.74,32.16,-2.781,7.477,False,True,True,0,0,0,0,True,
603313.SH,603313,603313,梦百合,主板,沪市,主板,801140.SI,轻工制造,801142.SI,家居用品,家居用品,L,20161013,3648,9.99,6.38,2.572,9.091,False,True,True,0,0,0,0,True,
603315.SH,603315,603315,福鞍股份,主板,沪市,主板,801970.SI,环保,801971.SI,环境治理,环境治理,L,20150424,4186,11.46,10.35,-1.052,13.158,False,True,True,0,0,0,0,True,
603316.SH,603316,603316,诚邦股份,主板,沪市,主板,801720.SI,建筑装饰,801723.SI,基础建设,基础建设,L,20170619,3399,9.31,14.58,-0.41,16.149,False,True,True,0,0,0,0,True,
603317.SH,603317,603317,天味食品,主板,沪市,主板,801120.SI,食品饮料,801129.SI,调味发酵品Ⅱ,调味发酵品Ⅱ,L,20190416,2733,7.48,12.73,1.759,14.706,False,True,True,0,0,0,0,True,
603318.SH,603318,603318,水发燃气,主板,沪市,主板,801160.SI,公用事业,801163.SI,燃气Ⅱ,燃气Ⅱ,L,20150424,4186,11.46,8.9,-2.09,8.989,False,True,True,0,0,0,0,True,
603319.SH,603319,603319,美湖股份,主板,沪市,主板,801880.SI,汽车,801093.SI,汽车零部件,汽车零部件,L,20161130,3600,9.86,26.55,1.297,18.056,False,True,True,0,0,0,0,True,
603320.SH,603320,603320,迪贝电气,主板,沪市,主板,801730.SI,电力设备,801731.SI,电机Ⅱ,电机Ⅱ,L,20170502,3447,9.44,17.74,0.226,10.169,False,True,True,0,0,0,0,True,
603321.SH,603321,603321,梅轮电梯,主板,沪市,主板,801890.SI,机械设备,801074.SI,专用设备,专用设备,L,20170915,3311,9.07,7.02,-0.707,14.085,False,True,True,0,0,0,0,True,
603322.SH,603322,603322,超讯科技,主板,沪市,主板,801770.SI,通信,801223.SI,通信服务,通信服务,L,20160728,3725,10.2,26.45,-0.489,19.444,False,True,True,0,0,0,0,True,
603323.SH,603323,603323,苏农银行,主板,沪市,主板,801780.SI,银行,801785.SI,农商行Ⅱ,农商行Ⅱ,L,20161129,3601,9.86,4.48,-1.322,6.818,False,True,True,0,0,0,0,True,
603324.SH,603324,603324,盛剑科技,主板,沪市,主板,801970.SI,环保,801972.SI,环保设备Ⅱ,环保设备Ⅱ,L,20210407,2011,5.51,22.93,-2.633,13.636,False,True,True,0,0,0,0,True,
603325.SH,603325,603325,博隆技术,主板,沪市,主板,801890.SI,机械设备,801074.SI,专用设备,专用设备,L,20240110,1003,2.75,55.06,1.288,7.778,False,True,True,0,0,0,0,True,
603326.SH,603326,603326,我乐家居,主板,沪市,主板,801140.SI,轻工制造,801142.SI,家居用品,家居用品,L,20170616,3402,9.31,7.6,-1.042,17.808,False,True,True,0,0,0,0,True,
603327.SH,603327,603327,福蓉科技,主板,沪市,主板,801080.SI,电子,801085.SI,消费电子,消费电子,L,20190523,2696,7.38,8.01,0.882,14.444,False,True,True,0,0,0,0,True,
603328.SH,603328,603328,依顿电子,主板,沪市,主板,801080.SI,电子,801083.SI,元件,元件,L,20140701,4483,12.27,12.68,-6.421,12.5,False,True,True,0,0,0,0,True,
603329.SH,603329,603329,上海雅仕,主板,沪市,主板,801170.SI,交通运输,801178.SI,物流,物流,L,20171229,3206,8.78,10.1,-1.271,7.843,False,True,True,0,0,0,0,True,
603330.SH,603330,603330,天洋新材,主板,沪市,主板,801030.SI,基础化工,801036.SI,塑料,塑料,L,20170213,3525,9.65,8.92,-1.545,13.043,False,True,True,0,0,0,0,True,
603331.SH,603331,603331,百达精工,主板,沪市,主板,801890.SI,机械设备,801072.SI,通用设备,通用设备,L,20170705,3383,9.26,12.26,-1.368,9.375,False,True,True,0,0,0,0,True,
603332.SH,603332,603332,苏州龙杰,主板,沪市,主板,801030.SI,基础化工,801032.SI,化学纤维,化学纤维,L,20190117,2822,7.73,12.02,-1.395,12.069,False,True,True,0,0,0,0,True,
603333.SH,603333,603333,福华尚纬,主板,沪市,主板,801730.SI,电力设备,801738.SI,电网设备,电网设备,L,20120507,5268,14.42,9.01,0.111,13.684,False,True,True,0,0,0,0,True,
603335.SH,603335,603335,迪生力,主板,沪市,主板,801880.SI,汽车,801093.SI,汽车零部件,汽车零部件,L,20170620,3398,9.3,5.99,0.672,11.111,False,True,True,0,0,0,0,True,
603336.SH,603336,603336,宏辉果蔬,主板,沪市,主板,801010.SI,农林牧渔,801016.SI,种植业,种植业,L,20161124,3606,9.87,9.5,-1.042,12.0,False,True,True,0,0,0,0,True,
603337.SH,603337,603337,杰克科技,主板,沪市,主板,801890.SI,机械设备,801074.SI,专用设备,专用设备,L,20170119,3550,9.72,35.02,0.893,19.481,False,True,True,0,0,0,0,True,
603338.SH,603338,603338,浙江鼎力,主板,沪市,主板,801890.SI,机械设备,801077.SI,工程机械,工程机械,L,20150325,4216,11.54,51.48,-1.492,14.286,False,True,True,0,0,0,0,True,
603339.SH,603339,603339,四方科技,主板,沪市,主板,801890.SI,机械设备,801072.SI,通用设备,通用设备,L,20160519,3795,10.39,12.08,0.0,19.685,False,True,True,0,0,0,0,True,
603341.SH,603341,603341,龙旗科技,主板,沪市,主板,801080.SI,电子,801085.SI,消费电子,消费电子,L,20240301,952,2.61,34.47,1.532,11.29,False,True,True,0,0,0,0,True,
603344.SH,603344,603344,星德胜,主板,沪市,主板,801730.SI,电力设备,801731.SI,电机Ⅱ,电机Ⅱ,L,20240320,933,2.55,21.12,-1.63,11.404,False,True,True,0,0,0,0,True,
603345.SH,603345,603345,安井食品,主板,沪市,主板,801120.SI,食品饮料,801124.SI,食品加工,食品加工,L,20170222,3516,9.63,81.02,3.355,12.5,False,True,True,0,0,0,0,True,
603348.SH,603348,603348,文灿股份,主板,沪市,主板,801880.SI,汽车,801093.SI,汽车零部件,汽车零部件,L,20180426,3088,8.45,14.58,1.18,16.667,False,True,True,0,0,0,0,True,
603350.SH,603350,603350,安乃达,主板,沪市,主板,801730.SI,电力设备,801731.SI,电机Ⅱ,电机Ⅱ,L,20240703,828,2.27,28.07,-0.743,6.429,False,True,True,0,0,0,0,True,
603351.SH,603351,603351,威尔药业,主板,沪市,主板,801150.SI,医药生物,801151.SI,化学制药,化学制药,L,20190130,2809,7.69,28.48,-0.035,9.774,False,True,True,0,0,0,0,True,
603353.SH,603353,603353,和顺石油,主板,沪市,主板,801960.SI,石油石化,801963.SI,炼化及贸易,炼化及贸易,L,20200407,2376,6.51,35.5,-4.39,28.571,False,True,True,0,0,0,0,True,
603355.SH,603355,603355,莱克电气,主板,沪市,主板,801110.SI,家用电器,801113.SI,小家电,小家电,L,20150513,4167,11.41,32.27,-0.524,20.69,False,True,True,0,0,0,0,True,
603356.SH,603356,603356,华菱精工,主板,沪市,主板,801890.SI,机械设备,801074.SI,专用设备,专用设备,L,20180124,3180,8.71,16.47,0.366,9.524,False,True,True,0,0,0,0,True,
603357.SH,603357,603357,设计总院,主板,沪市,主板,801720.SI,建筑装饰,801726.SI,工程咨询服务Ⅱ,工程咨询服务Ⅱ,L,20170801,3356,9.19,6.03,1.005,34.426,False,True,True,0,0,0,0,True,
603358.SH,603358,603358,华达科技,主板,沪市,主板,801880.SI,汽车,801093.SI,汽车零部件,汽车零部件,L,20170125,3544,9.7,43.06,-3.214,13.333,False,True,True,0,0,0,0,True,
603360.SH,603360,603360,百傲化学,主板,沪市,主板,801030.SI,基础化工,801038.SI,农化制品,农化制品,L,20170206,3532,9.67,12.0,-1.559,28.788,False,True,True,0,0,0,0,True,
603363.SH,603363,603363,傲农生物,主板,沪市,主板,801010.SI,农林牧渔,801014.SI,饲料,饲料,L,20170926,3300,9.03,2.84,2.158,13.793,False,True,True,0,0,0,0,True,
603365.SH,603365,603365,水星家纺,主板,沪市,主板,801130.SI,纺织服饰,801132.SI,服装家纺,服装家纺,L,20171120,3245,8.88,17.1,4.205,20.69,False,True,True,0,0,0,0,True,
603366.SH,603366,603366,日出东方,主板,沪市,主板,801110.SI,家用电器,801114.SI,厨卫电器,厨卫电器,L,20120521,5254,14.38,7.56,3.562,10.959,False,True,True,0,0,0,0,True,
603367.SH,603367,603367,辰欣药业,主板,沪市,主板,801150.SI,医药生物,801151.SI,化学制药,化学制药,L,20170929,3297,9.03,14.68,1.662,6.25,False,True,True,0,0,0,0,True,
603368.SH,603368,603368,柳药集团,主板,沪市,主板,801150.SI,医药生物,801154.SI,医药商业,医药商业,L,20141204,4327,11.85,15.48,1.708,7.692,False,True,True,0,0,0,0,True,
603369.SH,603369,603369,今世缘,主板,沪市,主板,801120.SI,食品饮料,801125.SI,白酒Ⅱ,白酒Ⅱ,L,20140703,4481,12.27,27.62,-0.108,14.894,False,True,True,0,0,0,0,True,
603373.SH,603373,603373,安邦护卫,主板,沪市,主板,801210.SI,社会服务,801218.SI,专业服务,专业服务,L,20231220,1024,2.8,50.0,-4.215,8.527,False,True,True,0,0,0,0,True,
603375.SH,603375,603375,盛景微,主板,沪市,主板,801080.SI,电子,801081.SI,半导体,半导体,L,20240124,989,2.71,40.43,-3.231,16.379,False,True,True,0,0,0,0,True,
603379.SH,603379,603379,三美股份,主板,沪市,主板,801030.SI,基础化工,801034.SI,化学制品,化学制品,L,20190402,2747,7.52,48.32,1.194,25.0,False,True,True,0,0,0,0,True,
603380.SH,603380,603380,易德龙,主板,沪市,主板,801080.SI,电子,801085.SI,消费电子,消费电子,L,20170622,3396,9.3,30.68,-1.54,9.412,False,True,True,0,0,0,0,True,
603381.SH,603381,603381,永臻股份,主板,沪市,主板,801730.SI,电力设备,801735.SI,光伏设备,光伏设备,L,20240626,835,2.29,14.71,-0.068,6.711,False,True,True,0,0,0,0,True,
603383.SH,603383,603383,顶点软件,主板,沪市,主板,801750.SI,计算机,801104.SI,软件开发,软件开发,L,20170522,3427,9.38,27.17,4.06,12.5,False,True,True,0,0,0,0,True,
603385.SH,603385,603385,惠达卫浴,主板,沪市,主板,801140.SI,轻工制造,801142.SI,家居用品,家居用品,L,20170405,3474,9.51,5.68,1.792,17.857,False,True,True,0,0,0,0,True,
603386.SH,603386,603386,骏亚科技,主板,沪市,主板,801080.SI,电子,801083.SI,元件,元件,L,20170912,3314,9.07,16.47,-5.886,11.732,False,True,True,0,0,0,0,True,
603387.SH,603387,603387,基蛋生物,主板,沪市,主板,801150.SI,医药生物,801153.SI,医疗器械,医疗器械,L,20170717,3371,9.23,10.05,-1.083,12.903,False,True,True,0,0,0,0,True,
603389.SH,603389,603389,亚振家居,主板,沪市,主板,801140.SI,轻工制造,801142.SI,家居用品,家居用品,L,20161215,3585,9.82,43.2,-0.69,43.966,False,True,True,0,0,0,2,True,
603390.SH,603390,603390,通达电气,主板,沪市,主板,801880.SI,汽车,801093.SI,汽车零部件,汽车零部件,L,20191125,2510,6.87,10.74,-5.124,5.505,False,True,True,0,0,0,0,True,
603391.SH,603391,603391,力聚热能,主板,沪市,主板,801890.SI,机械设备,801074.SI,专用设备,专用设备,L,20240731,800,2.19,70.86,-1.433,4.783,False,True,True,0,0,0,0,True,
603392.SH,603392,603392,万泰生物,主板,沪市,主板,801150.SI,医药生物,801152.SI,生物制品,生物制品,L,20200429,2354,6.44,26.96,1.736,26.087,False,True,True,0,0,0,0,True,
603393.SH,603393,603393,新天然气,主板,沪市,主板,801160.SI,公用事业,801163.SI,燃气Ⅱ,燃气Ⅱ,L,20160912,3679,10.07,25.19,-1.06,8.434,False,True,True,0,0,0,0,True,
603396.SH,603396,603396,金辰股份,主板,沪市,主板,801730.SI,电力设备,801735.SI,光伏设备,光伏设备,L,20171018,3278,8.97,30.35,-4.889,22.222,False,True,True,0,0,0,0,True,
603399.SH,603399,603399,永杉锂业,主板,沪市,主板,801050.SI,有色金属,801056.SI,能源金属,能源金属,L,20120824,5159,14.12,14.05,3.69,6.569,False,True,True,0,0,0,0,True,
603408.SH,603408,603408,建霖家居,主板,沪市,主板,801140.SI,轻工制造,801142.SI,家居用品,家居用品,L,20200730,2262,6.19,11.64,1.926,19.298,False,True,True,0,0,0,0,True,
603416.SH,603416,603416,信捷电气,主板,沪市,主板,801890.SI,机械设备,801078.SI,自动化设备,自动化设备,L,20161221,3579,9.8,45.11,2.174,15.094,False,True,True,0,0,0,0,True,
603421.SH,603421,603421,鼎信通讯,主板,沪市,主板,801770.SI,通信,801102.SI,通信设备,通信设备,L,20161011,3650,9.99,6.18,1.146,21.739,False,True,True,0,0,0,0,True,
603439.SH,603439,603439,三力制药,主板,沪市,主板,801150.SI,医药生物,801155.SI,中药Ⅱ,中药Ⅱ,L,20200428,2355,6.45,12.55,-0.79,13.333,False,True,True,0,0,0,0,True,
603444.SH,603444,603444,吉比特,主板,沪市,主板,801760.SI,传媒,801764.SI,游戏Ⅱ,游戏Ⅱ,L,20170104,3565,9.76,346.07,2.001,11.111,False,True,True,0,0,0,0,True,
603456.SH,603456,603456,九洲药业,主板,沪市,主板,801150.SI,医药生物,801156.SI,医疗服务,医疗服务,L,20141010,4382,12.0,16.31,-0.245,9.375,False,True,True,0,0,0,0,True,
603458.SH,603458,603458,勘设股份,主板,沪市,主板,801720.SI,建筑装饰,801726.SI,工程咨询服务Ⅱ,工程咨询服务Ⅱ,L,20170809,3348,9.17,10.99,2.043,11.111,False,True,True,0,0,0,0,True,
603466.SH,603466,603466,风语筑,主板,沪市,主板,801760.SI,传媒,801767.SI,数字媒体,数字媒体,L,20171020,3276,8.97,12.0,4.257,11.57,False,True,True,0,0,0,0,True,
603477.SH,603477,603477,巨星农牧,主板,沪市,主板,801010.SI,农林牧渔,801017.SI,养殖业,养殖业,L,20171218,3217,8.81,13.92,1.236,12.329,False,True,True,0,0,0,0,True,
603486.SH,603486,603486,科沃斯,主板,沪市,主板,801110.SI,家用电器,801113.SI,小家电,小家电,L,20180528,3056,8.37,48.66,1.46,20.833,False,True,True,0,0,0,0,True,
603488.SH,603488,603488,展鹏科技,主板,沪市,主板,801890.SI,机械设备,801074.SI,专用设备,专用设备,L,20170516,3433,9.4,7.62,0.131,9.877,False,True,True,0,0,0,0,True,
603489.SH,603489,603489,八方股份,主板,沪市,主板,801730.SI,电力设备,801731.SI,电机Ⅱ,电机Ⅱ,L,20191111,2524,6.91,27.9,0.36,22.727,False,True,True,0,0,0,0,True,
603496.SH,603496,603496,恒为科技,主板,沪市,主板,801750.SI,计算机,801101.SI,计算机设备,计算机设备,L,20170607,3411,9.34,22.29,2.107,15.584,False,True,True,0,0,0,0,True,
603499.SH,603499,603499,翔港科技,主板,沪市,主板,801140.SI,轻工制造,801141.SI,包装印刷,包装印刷,L,20171016,3280,8.98,12.3,-1.205,20.0,False,True,True,0,0,0,0,True,
603500.SH,603500,603500,祥和实业,主板,沪市,主板,801890.SI,机械设备,801076.SI,轨交设备Ⅱ,轨交设备Ⅱ,L,20170904,3322,9.1,10.04,2.136,10.204,False,True,True,0,0,0,0,True,
603501.SH,603501,603501,豪威集团,主板,沪市,主板,801080.SI,电子,801081.SI,半导体,半导体,L,20170504,3445,9.43,79.15,0.241,25.0,False,True,True,0,0,0,0,True,
603505.SH,603505,603505,金石资源,主板,沪市,主板,801030.SI,基础化工,801034.SI,化学制品,化学制品,L,20170503,3446,9.43,14.06,1.151,16.456,False,True,True,0,0,0,0,True,
603506.SH,603506,603506,南都物业,主板,沪市,主板,801180.SI,房地产,801183.SI,房地产服务,房地产服务,L,20180201,3172,8.68,12.06,-1.792,12.174,False,True,True,0,0,0,0,True,
603507.SH,603507,603507,振江股份,主板,沪市,主板,801730.SI,电力设备,801736.SI,风电设备,风电设备,L,20171106,3259,8.92,26.24,-4.303,15.556,False,True,True,0,0,0,0,True,
603508.SH,603508,603508,思维列控,主板,沪市,主板,801750.SI,计算机,801101.SI,计算机设备,计算机设备,L,20151224,3942,10.79,20.51,0.244,16.364,False,True,True,0,0,0,0,True,
603511.SH,603511,603511,爱慕股份,主板,沪市,主板,801130.SI,纺织服饰,801132.SI,服装家纺,服装家纺,L,20210531,1957,5.36,12.97,0.699,26.923,False,True,True,0,0,0,0,True,
603515.SH,603515,603515,欧普照明,主板,沪市,主板,801110.SI,家用电器,801115.SI,照明设备Ⅱ,照明设备Ⅱ,L,20160819,3703,10.14,15.11,1.614,22.353,False,True,True,0,0,0,0,True,
603516.SH,603516,603516,淳中科技,主板,沪市,主板,801750.SI,计算机,801101.SI,计算机设备,计算机设备,L,20180202,3171,8.68,72.8,-1.435,21.429,False,True,True,0,0,0,0,True,
603518.SH,603518,603518,锦泓集团,主板,沪市,主板,801130.SI,纺织服饰,801132.SI,服装家纺,服装家纺,L,20141203,4328,11.85,7.94,1.665,7.595,False,True,True,0,0,0,0,True,
603519.SH,603519,603519,立霸股份,主板,沪市,主板,801110.SI,家用电器,801116.SI,家电零部件Ⅱ,家电零部件Ⅱ,L,20150319,4222,11.56,17.17,4.504,14.881,False,True,True,0,0,0,0,True,
603520.SH,603520,603520,司太立,主板,沪市,主板,801150.SI,医药生物,801151.SI,化学制药,化学制药,L,20160309,3866,10.58,8.72,1.988,7.143,False,True,True,0,0,0,0,True,
603527.SH,603527,603527,众源新材,主板,沪市,主板,801050.SI,有色金属,801055.SI,工业金属,工业金属,L,20170907,3319,9.09,9.71,0.0,7.0,False,True,True,0,0,0,0,True,
603528.SH,603528,603528,多伦科技,主板,沪市,主板,801750.SI,计算机,801104.SI,软件开发,软件开发,L,20160503,3811,10.43,6.41,2.56,11.111,False,True,True,0,0,0,0,True,
603529.SH,603529,603529,爱玛科技,主板,沪市,主板,801880.SI,汽车,801881.SI,摩托车及其他,摩托车及其他,L,20210615,1942,5.32,23.28,1.704,35.714,False,True,True,0,0,0,0,True,
603530.SH,603530,603530,神马电力,主板,沪市,主板,801730.SI,电力设备,801738.SI,电网设备,电网设备,L,20190805,2622,7.18,40.0,-1.744,30.208,False,True,True,0,0,0,0,True,
603533.SH,603533,603533,掌阅科技,主板,沪市,主板,801760.SI,传媒,801767.SI,数字媒体,数字媒体,L,20170921,3305,9.05,25.44,9.987,8.824,False,True,True,0,0,0,0,True,
603535.SH,603535,603535,嘉诚国际,主板,沪市,主板,801170.SI,交通运输,801178.SI,物流,物流,L,20170808,3349,9.17,6.37,1.433,34.375,False,True,True,0,0,0,0,True,
603536.SH,603536,603536,惠发食品,主板,沪市,主板,801120.SI,食品饮料,801124.SI,食品加工,食品加工,L,20170613,3405,9.32,10.31,1.178,10.101,False,True,True,0,0,0,0,True,
603538.SH,603538,603538,美诺华,主板,沪市,主板,801150.SI,医药生物,801151.SI,化学制药,化学制药,L,20170407,3472,9.51,28.45,-3.428,6.406,False,True,True,0,0,0,0,True,
603551.SH,603551,603551,奥普科技,主板,沪市,主板,801110.SI,家用电器,801114.SI,厨卫电器,厨卫电器,L,20200115,2459,6.73,9.56,0.738,23.404,False,True,True,0,0,0,0,True,
603556.SH,603556,603556,海兴电力,主板,沪市,主板,801730.SI,电力设备,801738.SI,电网设备,电网设备,L,20161110,3620,9.91,22.26,-0.179,17.46,False,True,True,0,0,0,0,True,
603558.SH,603558,603558,健盛集团,主板,沪市,主板,801130.SI,纺织服饰,801131.SI,纺织制造,纺织制造,L,20150127,4273,11.7,12.83,-0.156,12.097,False,True,True,0,0,0,0,True,
603559.SH,603559,603559,中通国脉,主板,沪市,主板,801770.SI,通信,801223.SI,通信服务,通信服务,L,20161202,3598,9.85,8.61,0.0,21.277,False,True,True,0,0,0,2,True,
603565.SH,603565,603565,中谷物流,主板,沪市,主板,801170.SI,交通运输,801992.SI,航运港口,航运港口,L,20200925,2205,6.04,11.75,-0.255,21.552,False,True,True,0,0,0,0,True,
603566.SH,603566,603566,普莱柯,主板,沪市,主板,801010.SI,农林牧渔,801018.SI,动物保健Ⅱ,动物保健Ⅱ,L,20150518,4162,11.39,10.29,1.081,17.143,False,True,True,0,0,0,0,True,
603567.SH,603567,603567,珍宝岛,主板,沪市,主板,801150.SI,医药生物,801155.SI,中药Ⅱ,中药Ⅱ,L,20150424,4186,11.46,5.4,2.662,16.667,False,True,True,0,0,0,0,True,
603568.SH,603568,603568,伟明环保,主板,沪市,主板,801970.SI,环保,801971.SI,环境治理,环境治理,L,20150528,4152,11.37,13.1,-1.946,40.385,False,True,True,0,0,0,0,True,
603569.SH,603569,603569,长久物流,主板,沪市,主板,801170.SI,交通运输,801178.SI,物流,物流,L,20160810,3712,10.16,5.96,0.676,21.053,False,True,True,0,0,0,0,True,
603577.SH,603577,603577,汇金通,主板,沪市,主板,801730.SI,电力设备,801738.SI,电网设备,电网设备,L,20161222,3578,9.8,9.35,-2.908,12.245,False,True,True,0,0,0,0,True,
603578.SH,603578,603578,三星新材,主板,沪市,主板,801110.SI,家用电器,801116.SI,家电零部件Ⅱ,家电零部件Ⅱ,L,20170306,3504,9.59,13.79,-2.75,11.765,False,True,True,0,0,0,0,True,
603579.SH,603579,603579,荣泰健康,主板,沪市,主板,801110.SI,家用电器,801117.SI,其他家电Ⅱ,其他家电Ⅱ,L,20170111,3558,9.74,18.01,1.01,8.889,False,True,True,0,0,0,0,True,
603583.SH,603583,603583,捷昌驱动,主板,沪市,主板,801890.SI,机械设备,801078.SI,自动化设备,自动化设备,L,20180921,2940,8.05,28.27,3.629,16.279,False,True,True,0,0,0,0,True,
603585.SH,603585,603585,苏利股份,主板,沪市,主板,801030.SI,基础化工,801038.SI,农化制品,农化制品,L,20161214,3586,9.82,10.81,1.693,11.429,False,True,True,0,0,0,0,True,
603586.SH,603586,603586,金麒麟,主板,沪市,主板,801880.SI,汽车,801093.SI,汽车零部件,汽车零部件,L,20170406,3473,9.51,13.84,0.728,24.638,False,True,True,0,0,0,0,True,
603587.SH,603587,603587,地素时尚,主板,沪市,主板,801130.SI,纺织服饰,801132.SI,服装家纺,服装家纺,L,20180622,3031,8.3,12.48,0.889,13.008,False,True,True,0,0,0,0,True,
603588.SH,603588,603588,高能环境,主板,沪市,主板,801970.SI,环保,801971.SI,环境治理,环境治理,L,20141229,4302,11.78,16.59,5.4,13.836,False,True,True,0,0,0,0,True,
603589.SH,603589,603589,口子窖,主板,沪市,主板,801120.SI,食品饮料,801125.SI,白酒Ⅱ,白酒Ⅱ,L,20150629,4120,11.28,18.15,2.024,16.129,False,True,True,0,0,0,0,True,
603590.SH,603590,603590,康辰药业,主板,沪市,主板,801150.SI,医药生物,801152.SI,生物制品,生物制品,L,20180827,2965,8.12,30.98,-0.673,12.903,False,True,True,0,0,0,0,True,
603596.SH,603596,603596,伯特利,主板,沪市,主板,801880.SI,汽车,801093.SI,汽车零部件,汽车零部件,L,20180427,3087,8.45,27.29,-0.146,15.714,False,True,True,0,0,0,0,True,
603598.SH,603598,603598,引力传媒,主板,沪市,主板,801760.SI,传媒,801765.SI,广告营销,广告营销,L,20150527,4153,11.37,19.62,6.111,6.952,False,True,True,0,0,0,0,True,
603599.SH,603599,603599,广信股份,主板,沪市,主板,801030.SI,基础化工,801038.SI,农化制品,农化制品,L,20150513,4167,11.41,10.46,0.674,11.429,False,True,True,0,0,0,0,True,
603600.SH,603600,603600,永艺股份,主板,沪市,主板,801140.SI,轻工制造,801142.SI,家居用品,家居用品,L,20150123,4277,11.71,10.23,1.287,10.891,False,True,True,0,0,0,0,True,
603601.SH,603601,603601,再升科技,主板,沪市,主板,801710.SI,建筑材料,801712.SI,玻璃玻纤,玻璃玻纤,L,20150122,4278,11.71,9.27,-5.505,10.0,False,True,True,0,0,0,0,True,
603602.SH,603602,603602,纵横通信,主板,沪市,主板,801760.SI,传媒,801765.SI,广告营销,广告营销,L,20170810,3347,9.16,12.25,0.575,11.864,False,True,True,0,0,0,0,True,
603605.SH,603605,603605,珀莱雅,主板,沪市,主板,801980.SI,美容护理,801982.SI,化妆品,化妆品,L,20171115,3250,8.9,56.22,1.996,12.5,False,True,True,0,0,0,0,True,
603606.SH,603606,603606,东方电缆,主板,沪市,主板,801730.SI,电力设备,801738.SI,电网设备,电网设备,L,20141015,4377,11.98,36.3,-3.303,15.0,False,True,True,0,0,0,0,True,
603607.SH,603607,603607,京华激光,主板,沪市,主板,801140.SI,轻工制造,801141.SI,包装印刷,包装印刷,L,20171025,3271,8.96,21.68,-1.678,11.688,False,True,True,0,0,0,0,True,
603608.SH,603608,603608,天创时尚,主板,沪市,主板,801130.SI,纺织服饰,801132.SI,服装家纺,服装家纺,L,20160218,3886,10.64,19.35,2.707,15.534,False,True,True,0,0,0,0,True,
603609.SH,603609,603609,禾丰股份,主板,沪市,主板,801010.SI,农林牧渔,801014.SI,饲料,饲料,L,20140808,4445,12.17,6.38,1.109,26.562,False,True,True,0,0,0,0,True,
603610.SH,603610,603610,麒盛科技,主板,沪市,主板,801140.SI,轻工制造,801142.SI,家居用品,家居用品,L,20191029,2537,6.95,12.74,-1.698,17.143,False,True,True,0,0,0,0,True,
603611.SH,603611,603611,诺力股份,主板,沪市,主板,801890.SI,机械设备,801077.SI,工程机械,工程机械,L,20150128,4272,11.7,15.85,-0.315,20.0,False,True,True,0,0,0,0,True,
603612.SH,603612,603612,索通发展,主板,沪市,主板,801030.SI,基础化工,801039.SI,非金属材料Ⅱ,非金属材料Ⅱ,L,20170718,3370,9.23,16.32,0.928,7.143,False,True,True,0,0,0,0,True,
603613.SH,603613,603613,国联股份,主板,沪市,主板,801200.SI,商贸零售,801206.SI,互联网电商,互联网电商,L,20190730,2628,7.2,18.72,1.518,13.636,False,True,True,0,0,0,0,True,
603615.SH,603615,603615,茶花股份,主板,沪市,主板,801140.SI,轻工制造,801142.SI,家居用品,家居用品,L,20170213,3525,9.65,18.14,-0.494,12.903,False,True,True,0,0,0,0,True,
603616.SH,603616,603616,韩建河山,主板,沪市,主板,801710.SI,建筑材料,801711.SI,水泥,水泥,L,20150611,4138,11.33,5.57,-1.416,7.143,False,True,True,0,0,0,0,True,
603617.SH,603617,603617,君禾股份,主板,沪市,主板,801890.SI,机械设备,801072.SI,通用设备,通用设备,L,20170703,3385,9.27,6.68,0.3,10.294,False,True,True,0,0,0,0,True,
603618.SH,603618,603618,杭电股份,主板,沪市,主板,801730.SI,电力设备,801738.SI,电网设备,电网设备,L,20150217,4252,11.64,31.29,-2.493,21.739,False,True,True,0,0,0,0,True,
603619.SH,603619,603619,中曼石油,主板,沪市,主板,801960.SI,石油石化,801962.SI,油服工程,油服工程,L,20171117,3248,8.89,21.21,-2.032,12.5,False,True,True,0,0,0,0,True,
603626.SH,603626,603626,科森科技,主板,沪市,主板,801080.SI,电子,801085.SI,消费电子,消费电子,L,20170209,3529,9.66,24.49,5.333,7.692,False,True,True,0,0,0,0,True,
603628.SH,603628,603628,清源股份,主板,沪市,主板,801730.SI,电力设备,801735.SI,光伏设备,光伏设备,L,20170112,3557,9.74,10.35,0.681,10.68,False,True,True,0,0,0,0,True,
603629.SH,603629,603629,利通电子,主板,沪市,主板,801080.SI,电子,801085.SI,消费电子,消费电子,L,20181224,2846,7.79,94.58,1.004,19.149,False,True,True,0,0,0,0,True,
603630.SH,603630,603630,拉芳家化,主板,沪市,主板,801980.SI,美容护理,801982.SI,化妆品,化妆品,L,20170313,3497,9.57,16.27,2.91,15.686,False,True,True,0,0,0,0,True,
603633.SH,603633,603633,徕木股份,主板,沪市,主板,801080.SI,电子,801085.SI,消费电子,消费电子,L,20161117,3613,9.89,6.13,0.0,9.375,False,True,True,0,0,0,0,True,
603636.SH,603636,603636,南威软件,主板,沪市,主板,801750.SI,计算机,801103.SI,IT服务Ⅱ,IT服务Ⅱ,L,20141230,4301,11.78,7.85,5.228,10.526,False,True,True,0,0,0,0,True,
603637.SH,603637,603637,镇海股份,主板,沪市,主板,801720.SI,建筑装饰,801724.SI,专业工程,专业工程,L,20170208,3530,9.66,12.99,-3.92,11.111,False,True,True,0,0,0,0,True,
603638.SH,603638,603638,艾迪精密,主板,沪市,主板,801890.SI,机械设备,801077.SI,工程机械,工程机械,L,20170120,3549,9.72,19.25,-2.729,28.125,False,True,True,0,0,0,0,True,
603639.SH,603639,603639,海利尔,主板,沪市,主板,801030.SI,基础化工,801038.SI,农化制品,农化制品,L,20170112,3557,9.74,10.49,0.383,27.778,False,True,True,0,0,0,0,True,
603648.SH,603648,603648,畅联股份,主板,沪市,主板,801170.SI,交通运输,801178.SI,物流,物流,L,20170913,3313,9.07,9.56,0.844,11.828,False,True,True,0,0,0,0,True,
603650.SH,603650,603650,彤程新材,主板,沪市,主板,801030.SI,基础化工,801037.SI,橡胶,橡胶,L,20180627,3026,8.28,57.39,-2.844,16.514,False,True,True,0,0,0,0,True,
603655.SH,603655,603655,朗博科技,主板,沪市,主板,801880.SI,汽车,801093.SI,汽车零部件,汽车零部件,L,20171229,3206,8.78,29.55,-1.336,15.19,False,True,True,0,0,0,0,True,
603656.SH,603656,603656,泰禾智能,主板,沪市,主板,801890.SI,机械设备,801074.SI,专用设备,专用设备,L,20170321,3489,9.55,17.09,-0.524,6.897,False,True,True,0,0,0,0,True,
603657.SH,603657,603657,春光科技,主板,沪市,主板,801110.SI,家用电器,801116.SI,家电零部件Ⅱ,家电零部件Ⅱ,L,20180730,2993,8.19,36.65,-1.927,30.833,False,True,True,0,0,0,0,True,
603658.SH,603658,603658,安图生物,主板,沪市,主板,801150.SI,医药生物,801153.SI,医疗器械,医疗器械,L,20160901,3690,10.1,33.45,0.723,14.286,False,True,True,0,0,0,0,True,
603659.SH,603659,603659,璞泰来,主板,沪市,主板,801730.SI,电力设备,801737.SI,电池,电池,L,20171103,3262,8.93,22.33,2.15,27.119,False,True,True,0,0,0,0,True,
603660.SH,603660,603660,苏州科达,主板,沪市,主板,801750.SI,计算机,801101.SI,计算机设备,计算机设备,L,20161201,3599,9.85,8.88,0.0,20.619,False,True,True,0,0,0,0,True,
603661.SH,603661,603661,恒林股份,主板,沪市,主板,801140.SI,轻工制造,801142.SI,家居用品,家居用品,L,20171121,3244,8.88,33.83,0.535,13.846,False,True,True,0,0,0,0,True,
603662.SH,603662,603662,柯力传感,主板,沪市,主板,801890.SI,机械设备,801072.SI,通用设备,通用设备,L,20190806,2621,7.18,45.8,0.439,14.286,False,True,True,0,0,0,0,True,
603663.SH,603663,603663,三祥新材,主板,沪市,主板,801030.SI,基础化工,801033.SI,化学原料,化学原料,L,20160801,3721,10.19,39.9,-4.385,15.909,False,True,True,0,0,0,0,True,
603665.SH,603665,603665,康隆达,主板,沪市,主板,801130.SI,纺织服饰,801132.SI,服装家纺,服装家纺,L,20170313,3497,9.57,25.07,3.595,15.556,False,True,True,0,0,0,0,True,
603666.SH,603666,603666,亿嘉和,主板,沪市,主板,801890.SI,机械设备,801078.SI,自动化设备,自动化设备,L,20180612,3041,8.33,24.57,-2.808,9.302,False,True,True,0,0,0,0,True,
603667.SH,603667,603667,五洲新春,主板,沪市,主板,801890.SI,机械设备,801072.SI,通用设备,通用设备,L,20161025,3636,9.95,47.5,1.064,9.639,False,True,True,0,0,0,0,True,
603668.SH,603668,603668,天马科技,主板,沪市,主板,801010.SI,农林牧渔,801014.SI,饲料,饲料,L,20170117,3552,9.72,10.46,-6.524,20.492,False,True,True,0,0,0,0,True,
603669.SH,603669,603669,灵康药业,主板,沪市,主板,801150.SI,医药生物,801151.SI,化学制药,化学制药,L,20150528,4152,11.37,6.96,4.819,20.339,False,True,True,0,0,0,0,True,
603676.SH,603676,603676,卫信康,主板,沪市,主板,801150.SI,医药生物,801151.SI,化学制药,化学制药,L,20170721,3367,9.22,9.18,1.437,26.087,False,True,True,0,0,0,0,True,
603677.SH,603677,603677,奇精机械,主板,沪市,主板,801110.SI,家用电器,801116.SI,家电零部件Ⅱ,家电零部件Ⅱ,L,20170206,3532,9.67,14.29,0.14,15.942,False,True,True,0,0,0,0,True,
603678.SH,603678,603678,火炬电子,主板,沪市,主板,801740.SI,国防军工,801745.SI,军工电子Ⅱ,军工电子Ⅱ,L,20150126,4274,11.7,39.7,-5.857,16.393,False,True,True,0,0,0,0,True,
603679.SH,603679,603679,华体科技,主板,沪市,主板,801080.SI,电子,801084.SI,光学光电子,光学光电子,L,20170621,3397,9.3,21.92,-1.836,17.021,False,True,True,0,0,0,0,True,
603680.SH,603680,603680,今创集团,主板,沪市,主板,801890.SI,机械设备,801076.SI,轨交设备Ⅱ,轨交设备Ⅱ,L,20180227,3146,8.61,10.13,-0.686,42.308,False,True,True,0,0,0,0,True,
603681.SH,603681,603681,永冠新材,主板,沪市,主板,801030.SI,基础化工,801034.SI,化学制品,化学制品,L,20190326,2754,7.54,18.14,-1.467,9.677,False,True,True,0,0,0,0,True,
603682.SH,603682,603682,锦和商管,主板,沪市,主板,801200.SI,商贸零售,801203.SI,一般零售,一般零售,L,20200421,2362,6.47,9.01,-1.206,24.0,False,True,True,0,0,0,0,True,
603683.SH,603683,603683,晶华新材,主板,沪市,主板,801030.SI,基础化工,801034.SI,化学制品,化学制品,L,20171020,3276,8.97,14.7,-1.077,9.434,False,True,True,0,0,0,0,True,
603685.SH,603685,603685,晨丰科技,主板,沪市,主板,801080.SI,电子,801084.SI,光学光电子,光学光电子,L,20171127,3238,8.87,28.1,7.375,18.382,False,True,True,0,0,0,0,True,
603686.SH,603686,603686,福龙马,主板,沪市,主板,801970.SI,环保,801971.SI,环境治理,环境治理,L,20150126,4274,11.7,14.8,-1.987,6.25,False,True,True,0,0,0,0,True,
603687.SH,603687,603687,大胜达,主板,沪市,主板,801140.SI,轻工制造,801141.SI,包装印刷,包装印刷,L,20190726,2632,7.21,13.77,0.073,14.194,False,True,True,0,0,0,0,True,
603688.SH,603688,603688,石英股份,主板,沪市,主板,801030.SI,基础化工,801039.SI,非金属材料Ⅱ,非金属材料Ⅱ,L,20141031,4361,11.94,40.28,-2.986,13.333,False,True,True,0,0,0,0,True,
603689.SH,603689,603689,皖天然气,主板,沪市,主板,801160.SI,公用事业,801163.SI,燃气Ⅱ,燃气Ⅱ,L,20170110,3559,9.74,7.85,0.0,9.091,False,True,True,0,0,0,0,True,
603690.SH,603690,603690,至纯科技,主板,沪市,主板,801080.SI,电子,801081.SI,半导体,半导体,L,20170113,3556,9.74,20.73,-3.581,10.0,False,True,True,0,0,0,0,True,
603693.SH,603693,603693,江苏新能,主板,沪市,主板,801160.SI,公用事业,801161.SI,电力,电力,L,20180703,3020,8.27,12.0,-2.913,18.548,False,True,True,0,0,0,0,True,
603696.SH,603696,603696,安记食品,主板,沪市,主板,801120.SI,食品饮料,801129.SI,调味发酵品Ⅱ,调味发酵品Ⅱ,L,20151209,3957,10.83,14.09,4.603,7.246,False,True,True,0,0,0,0,True,
603697.SH,603697,603697,有友食品,主板,沪市,主板,801120.SI,食品饮料,801128.SI,休闲食品,休闲食品,L,20190508,2711,7.42,9.92,2.058,10.526,False,True,True,0,0,0,0,True,
603698.SH,603698,603698,航天工程,主板,沪市,主板,801890.SI,机械设备,801074.SI,专用设备,专用设备,L,20150128,4272,11.7,19.76,-2.564,12.963,False,True,True,0,0,0,0,True,
603699.SH,603699,603699,纽威股份,主板,沪市,主板,801890.SI,机械设备,801072.SI,通用设备,通用设备,L,20140117,4648,12.73,41.67,-2.275,29.268,False,True,True,0,0,0,0,True,
603700.SH,603700,603700,宁水集团,主板,沪市,主板,801890.SI,机械设备,801072.SI,通用设备,通用设备,L,20190122,2817,7.71,11.49,-1.204,5.172,False,True,True,0,0,0,0,True,
603701.SH,603701,603701,德宏股份,主板,沪市,主板,801880.SI,汽车,801093.SI,汽车零部件,汽车零部件,L,20160412,3832,10.49,19.45,2.639,17.347,False,True,True,0,0,0,0,True,
603703.SH,603703,603703,盛洋科技,主板,沪市,主板,801080.SI,电子,801084.SI,光学光电子,光学光电子,L,20150423,4187,11.46,9.53,-1.854,10.891,False,True,True,0,0,0,0,True,
603706.SH,603706,603706,东方环宇,主板,沪市,主板,801160.SI,公用事业,801163.SI,燃气Ⅱ,燃气Ⅱ,L,20180709,3014,8.25,17.43,-0.74,17.46,False,True,True,0,0,0,0,True,
603707.SH,603707,603707,健友股份,主板,沪市,主板,801150.SI,医药生物,801151.SI,化学制药,化学制药,L,20170719,3369,9.22,8.18,0.988,25.926,False,True,True,0,0,0,0,True,
603708.SH,603708,603708,家家悦,主板,沪市,主板,801200.SI,商贸零售,801203.SI,一般零售,一般零售,L,20161213,3587,9.82,9.31,4.022,17.391,False,True,True,0,0,0,0,True,
603709.SH,603709,603709,中源家居,主板,沪市,主板,801140.SI,轻工制造,801142.SI,家居用品,家居用品,L,20180208,3165,8.67,12.53,-1.726,10.569,False,True,True,0,0,0,0,True,
603711.SH,603711,603711,香飘飘,主板,沪市,主板,801120.SI,食品饮料,801127.SI,饮料乳品,饮料乳品,L,20171130,3235,8.86,12.3,1.906,10.169,False,True,True,0,0,0,0,True,
603712.SH,603712,603712,七一二,主板,沪市,主板,801740.SI,国防军工,801745.SI,军工电子Ⅱ,军工电子Ⅱ,L,20180226,3147,8.62,11.26,0.0,8.696,False,True,True,0,0,0,0,True,
603713.SH,603713,603713,密尔克卫,主板,沪市,主板,801170.SI,交通运输,801178.SI,物流,物流,L,20180713,3010,8.24,69.07,3.197,8.511,False,True,True,0,0,0,0,True,
603716.SH,603716,603716,塞力医疗,主板,沪市,主板,801150.SI,医药生物,801154.SI,医药商业,医药商业,L,20161031,3630,9.94,16.47,1.792,7.692,False,True,True,0,0,0,0,True,
603717.SH,603717,603717,天域生物,主板,沪市,主板,801010.SI,农林牧渔,801017.SI,养殖业,养殖业,L,20170327,3483,9.54,6.06,0.664,13.333,False,True,True,0,0,0,0,True,
603719.SH,603719,603719,良品铺子,主板,沪市,主板,801120.SI,食品饮料,801128.SI,休闲食品,休闲食品,L,20200224,2419,6.62,9.52,2.476,15.385,False,True,True,0,0,0,0,True,
603721.SH,603721,603721,中广天择,主板,沪市,主板,801760.SI,传媒,801766.SI,影视院线,影视院线,L,20170811,3346,9.16,19.31,6.921,6.557,False,True,True,0,0,0,8,True,
603722.SH,603722,603722,阿科力,主板,沪市,主板,801030.SI,基础化工,801034.SI,化学制品,化学制品,L,20171025,3271,8.96,27.72,-0.502,18.644,False,True,True,0,0,0,6,True,
603725.SH,603725,603725,天安新材,主板,沪市,主板,801140.SI,轻工制造,801142.SI,家居用品,家居用品,L,20170906,3320,9.09,11.83,-0.838,11.207,False,True,True,0,0,0,0,True,
603726.SH,603726,603726,朗迪集团,主板,沪市,主板,801110.SI,家用电器,801116.SI,家电零部件Ⅱ,家电零部件Ⅱ,L,20160421,3823,10.47,23.21,-0.043,7.5,False,True,True,0,0,0,0,True,
603727.SH,603727,603727,博迈科,主板,沪市,主板,801960.SI,石油石化,801962.SI,油服工程,油服工程,L,20161122,3608,9.88,20.93,3.358,17.391,False,True,True,0,0,0,0,True,
603728.SH,603728,603728,鸣志电器,主板,沪市,主板,801730.SI,电力设备,801731.SI,电机Ⅱ,电机Ⅱ,L,20170509,3440,9.42,49.55,1.934,21.176,False,True,True,0,0,0,0,True,
603730.SH,603730,603730,岱美股份,主板,沪市,主板,801880.SI,汽车,801093.SI,汽车零部件,汽车零部件,L,20170728,3360,9.2,9.66,-0.207,30.476,False,True,True,0,0,0,0,True,
603733.SH,603733,603733,仙鹤股份,主板,沪市,主板,801140.SI,轻工制造,801143.SI,造纸,造纸,L,20180420,3094,8.47,17.78,-0.892,25.0,False,True,True,0,0,0,0,True,
603737.SH,603737,603737,三棵树,主板,沪市,主板,801710.SI,建筑材料,801713.SI,装修建材,装修建材,L,20160603,3780,10.35,23.21,1.575,38.462,False,True,True,0,0,0,0,True,
603738.SH,603738,603738,泰晶科技,主板,沪市,主板,801080.SI,电子,801083.SI,元件,元件,L,20160928,3663,10.03,29.89,-4.045,21.348,False,True,True,0,0,0,0,True,
603739.SH,603739,603739,蔚蓝生物,主板,沪市,主板,801030.SI,基础化工,801034.SI,化学制品,化学制品,L,20190116,2823,7.73,13.84,0.948,15.152,False,True,True,0,0,0,0,True,
603755.SH,603755,603755,日辰股份,主板,沪市,主板,801120.SI,食品饮料,801129.SI,调味发酵品Ⅱ,调味发酵品Ⅱ,L,20190828,2599,7.12,26.53,1.531,14.634,False,True,True,0,0,0,0,True,
603757.SH,603757,603757,大元泵业,主板,沪市,主板,801890.SI,机械设备,801072.SI,通用设备,通用设备,L,20170711,3377,9.25,72.78,4.554,10.526,False,True,True,0,0,0,0,True,
603758.SH,603758,603758,秦安股份,主板,沪市,主板,801880.SI,汽车,801093.SI,汽车零部件,汽车零部件,L,20170517,3432,9.4,10.31,-0.579,15.179,False,True,True,0,0,0,0,True,
603759.SH,603759,603759,海天股份,主板,沪市,主板,801970.SI,环保,801971.SI,环境治理,环境治理,L,20210326,2023,5.54,7.96,-2.331,15.789,False,True,True,0,0,0,0,True,
603766.SH,603766,603766,隆鑫通用,主板,沪市,主板,801880.SI,汽车,801881.SI,摩托车及其他,摩托车及其他,L,20120810,5173,14.16,14.03,-0.071,17.143,False,True,True,0,0,0,0,True,
603767.SH,603767,603767,中马传动,主板,沪市,主板,801880.SI,汽车,801093.SI,汽车零部件,汽车零部件,L,20170613,3405,9.32,14.7,0.41,9.459,False,True,True,0,0,0,0,True,
603768.SH,603768,603768,常青股份,主板,沪市,主板,801880.SI,汽车,801093.SI,汽车零部件,汽车零部件,L,20170324,3486,9.54,12.01,-1.718,15.789,False,True,True,0,0,0,0,True,
603773.SH,603773,603773,沃格光电,主板,沪市,主板,801080.SI,电子,801084.SI,光学光电子,光学光电子,L,20180417,3097,8.48,76.8,-4.833,25.714,False,True,True,0,0,0,0,True,
603776.SH,603776,603776,永安行,主板,沪市,主板,801880.SI,汽车,801881.SI,摩托车及其他,摩托车及其他,L,20170817,3340,9.14,20.3,-0.879,11.765,False,True,True,0,0,0,0,True,
603777.SH,603777,603777,来伊份,主板,沪市,主板,801120.SI,食品饮料,801128.SI,休闲食品,休闲食品,L,20161012,3649,9.99,14.15,0.855,10.072,False,True,True,0,0,0,0,True,
603778.SH,603778,603778,国晟科技,主板,沪市,主板,801720.SI,建筑装饰,801723.SI,基础建设,基础建设,L,20151231,3935,10.77,8.32,1.463,16.667,False,True,True,0,0,0,0,True,
603779.SH,603779,603779,威龙股份,主板,沪市,主板,801120.SI,食品饮料,801126.SI,非白酒,非白酒,L,20160516,3798,10.4,8.58,2.755,6.024,False,True,True,0,0,0,0,True,
603786.SH,603786,603786,科博达,主板,沪市,主板,801880.SI,汽车,801093.SI,汽车零部件,汽车零部件,L,20191015,2551,6.98,37.55,3.159,60.0,False,True,True,0,0,0,0,True,
603787.SH,603787,603787,新日股份,主板,沪市,主板,801880.SI,汽车,801881.SI,摩托车及其他,摩托车及其他,L,20170427,3452,9.45,10.5,0.478,9.091,False,True,True,0,0,0,0,True,
603788.SH,603788,603788,宁波高发,主板,沪市,主板,801880.SI,汽车,801093.SI,汽车零部件,汽车零部件,L,20150120,4280,11.72,14.16,-5.6,16.901,False,True,True,0,0,0,0,True,
603790.SH,603790,603790,雅运股份,主板,沪市,主板,801030.SI,基础化工,801034.SI,化学制品,化学制品,L,20180912,2949,8.07,25.3,0.0,15.0,False,True,True,0,0,0,0,True,
603797.SH,603797,603797,联泰环保,主板,沪市,主板,801970.SI,环保,801971.SI,环境治理,环境治理,L,20170413,3466,9.49,4.76,-0.21,10.417,False,True,True,0,0,0,0,True,
603798.SH,603798,603798,康普顿,主板,沪市,主板,801960.SI,石油石化,801963.SI,炼化及贸易,炼化及贸易,L,20160406,3838,10.51,14.31,0.846,13.235,False,True,True,0,0,0,0,True,
603799.SH,603799,603799,华友钴业,主板,沪市,主板,801050.SI,有色金属,801056.SI,能源金属,能源金属,L,20150129,4271,11.69,35.6,1.05,19.149,False,True,True,0,0,0,0,True,
603800.SH,603800,603800,洪田股份,主板,沪市,主板,801890.SI,机械设备,801074.SI,专用设备,专用设备,L,20151210,3956,10.83,48.35,-5.066,19.178,False,True,True,0,0,0,0,True,
603801.SH,603801,603801,志邦家居,主板,沪市,主板,801140.SI,轻工制造,801142.SI,家居用品,家居用品,L,20170630,3388,9.28,6.33,2.76,9.677,False,True,True,0,0,0,0,True,
603803.SH,603803,603803,瑞斯康达,主板,沪市,主板,801770.SI,通信,801102.SI,通信设备,通信设备,L,20170420,3459,9.47,10.58,-2.936,14.035,False,True,True,0,0,0,0,True,
603806.SH,603806,603806,福斯特,主板,沪市,主板,801730.SI,电力设备,801735.SI,光伏设备,光伏设备,L,20140905,4417,12.09,14.35,0.772,20.0,False,True,True,0,0,0,0,True,
603808.SH,603808,603808,歌力思,主板,沪市,主板,801130.SI,纺织服饰,801132.SI,服装家纺,服装家纺,L,20150422,4188,11.47,8.86,0.454,17.857,False,True,True,0,0,0,0,True,
603809.SH,603809,603809,豪能股份,主板,沪市,主板,801880.SI,汽车,801093.SI,汽车零部件,汽车零部件,L,20171128,3237,8.86,8.49,1.799,21.111,False,True,True,0,0,0,0,True,
603810.SH,603810,603810,丰山集团,主板,沪市,主板,801030.SI,基础化工,801038.SI,农化制品,农化制品,L,20180917,2944,8.06,12.95,4.351,14.754,False,True,True,0,0,0,0,True,
603811.SH,603811,603811,诚意药业,主板,沪市,主板,801150.SI,医药生物,801151.SI,化学制药,化学制药,L,20170315,3495,9.57,7.07,2.168,12.676,False,True,True,0,0,0,0,True,
603813.SH,603813,603813,原尚股份,主板,沪市,主板,801170.SI,交通运输,801178.SI,物流,物流,L,20170918,3308,9.06,25.69,-0.696,37.662,False,True,True,0,0,0,2,True,
603815.SH,603815,603815,交建股份,主板,沪市,主板,801720.SI,建筑装饰,801723.SI,基础建设,基础建设,L,20191021,2545,6.97,5.02,-0.986,18.519,False,True,True,0,0,0,0,True,
603816.SH,603816,603816,顾家家居,主板,沪市,主板,801140.SI,轻工制造,801142.SI,家居用品,家居用品,L,20161014,3647,9.98,23.53,1.03,25.532,False,True,True,0,0,0,0,True,
603817.SH,603817,603817,海峡环保,主板,沪市,主板,801970.SI,环保,801971.SI,环境治理,环境治理,L,20170220,3518,9.63,5.84,1.389,6.897,False,True,True,0,0,0,0,True,
603818.SH,603818,603818,曲美家居,主板,沪市,主板,801140.SI,轻工制造,801142.SI,家居用品,家居用品,L,20150422,4188,11.47,4.29,5.926,15.385,False,True,True,0,0,0,0,True,
603819.SH,603819,603819,神力股份,主板,沪市,主板,801730.SI,电力设备,801731.SI,电机Ⅱ,电机Ⅱ,L,20161125,3605,9.87,15.75,-1.316,14.815,False,True,True,0,0,0,0,True,
603823.SH,603823,603823,百合花,主板,沪市,主板,801030.SI,基础化工,801034.SI,化学制品,化学制品,L,20161220,3580,9.8,41.93,-10.002,29.87,False,True,True,0,0,0,0,True,
603826.SH,603826,603826,坤彩科技,主板,沪市,主板,801030.SI,基础化工,801039.SI,非金属材料Ⅱ,非金属材料Ⅱ,L,20170414,3465,9.49,15.0,0.067,29.412,False,True,True,0,0,0,0,True,
603829.SH,603829,603829,洛凯股份,主板,沪市,主板,801730.SI,电力设备,801738.SI,电网设备,电网设备,L,20171017,3279,8.98,15.63,1.625,7.843,False,True,True,0,0,0,0,True,
603833.SH,603833,603833,欧派家居,主板,沪市,主板,801140.SI,轻工制造,801142.SI,家居用品,家居用品,L,20170328,3482,9.53,31.08,1.271,66.667,False,True,True,0,0,0,0,True,
603836.SH,603836,603836,海程邦达,主板,沪市,主板,801170.SI,交通运输,801178.SI,物流,物流,L,20210526,1962,5.37,9.47,-1.251,13.187,False,True,True,0,0,0,0,True,
603839.SH,603839,603839,安正时尚,主板,沪市,主板,801130.SI,纺织服饰,801132.SI,服装家纺,服装家纺,L,20170214,3524,9.65,6.83,0.441,11.765,False,True,True,0,0,0,0,True,
603848.SH,603848,603848,好太太,主板,沪市,主板,801140.SI,轻工制造,801142.SI,家居用品,家居用品,L,20171201,3234,8.85,13.64,-0.944,34.783,False,True,True,0,0,0,0,True,
603855.SH,603855,603855,华荣股份,主板,沪市,主板,801890.SI,机械设备,801074.SI,专用设备,专用设备,L,20170524,3425,9.38,16.73,-0.357,14.286,False,True,True,0,0,0,0,True,
603856.SH,603856,603856,东宏股份,主板,沪市,主板,801710.SI,建筑材料,801713.SI,装修建材,装修建材,L,20171106,3259,8.92,11.75,-0.76,13.675,False,True,True,0,0,0,0,True,
603858.SH,603858,603858,步长制药,主板,沪市,主板,801150.SI,医药生物,801155.SI,中药Ⅱ,中药Ⅱ,L,20161118,3612,9.89,14.81,1.438,12.903,False,True,True,0,0,0,0,True,
603859.SH,603859,603859,能科科技,主板,沪市,主板,801750.SI,计算机,801103.SI,IT服务Ⅱ,IT服务Ⅱ,L,20161021,3640,9.97,36.83,3.107,12.371,False,True,True,0,0,0,0,True,
603860.SH,603860,603860,中公高科,主板,沪市,主板,801720.SI,建筑装饰,801726.SI,工程咨询服务Ⅱ,工程咨询服务Ⅱ,L,20170802,3355,9.19,26.5,0.493,10.345,False,True,True,0,0,0,0,True,
603861.SH,603861,603861,白云电器,主板,沪市,主板,801730.SI,电力设备,801738.SI,电网设备,电网设备,L,20160322,3853,10.55,10.99,-0.091,15.385,False,True,True,0,0,0,0,True,
603863.SH,603863,603863,松炀资源,主板,沪市,主板,801140.SI,轻工制造,801143.SI,造纸,造纸,L,20190621,2667,7.3,13.88,1.909,9.375,False,True,True,0,0,0,0,True,
603866.SH,603866,603866,桃李面包,主板,沪市,主板,801120.SI,食品饮料,801128.SI,休闲食品,休闲食品,L,20151222,3944,10.8,4.4,2.326,14.286,False,True,True,0,0,0,0,True,
603867.SH,603867,603867,新化股份,主板,沪市,主板,801030.SI,基础化工,801034.SI,化学制品,化学制品,L,20190627,2661,7.29,33.9,-2.193,18.182,False,True,True,0,0,0,0,True,
603868.SH,603868,603868,飞科电器,主板,沪市,主板,801110.SI,家用电器,801113.SI,小家电,小家电,L,20160418,3826,10.48,32.16,1.164,43.86,False,True,True,0,0,0,0,True,
603871.SH,603871,603871,嘉友国际,主板,沪市,主板,801170.SI,交通运输,801178.SI,物流,物流,L,20180206,3167,8.67,12.29,0.903,19.2,False,True,True,0,0,0,0,True,
603876.SH,603876,603876,鼎胜新材,主板,沪市,主板,801050.SI,有色金属,801055.SI,工业金属,工业金属,L,20180418,3096,8.48,17.77,3.797,27.273,False,True,True,0,0,0,0,True,
603877.SH,603877,603877,太平鸟,主板,沪市,主板,801130.SI,纺织服饰,801132.SI,服装家纺,服装家纺,L,20170109,3560,9.75,12.32,1.316,24.242,False,True,True,0,0,0,0,True,
603878.SH,603878,603878,武进不锈,主板,沪市,主板,801040.SI,钢铁,801044.SI,普钢,普钢,L,20161219,3581,9.8,4.89,0.205,8.0,False,True,True,0,0,0,0,True,
603879.SH,603879,603879,永悦科技,主板,沪市,主板,801030.SI,基础化工,801036.SI,塑料,塑料,L,20170614,3404,9.32,4.99,-0.399,12.0,False,True,True,0,0,0,0,True,
603880.SH,603880,603880,南卫股份,主板,沪市,主板,801150.SI,医药生物,801153.SI,医疗器械,医疗器械,L,20170807,3350,9.17,8.56,3.257,14.13,False,True,True,0,0,0,0,True,
603881.SH,603881,603881,数据港,主板,沪市,主板,801770.SI,通信,801223.SI,通信服务,通信服务,L,20170208,3530,9.66,22.66,1.387,16.129,False,True,True,0,0,0,0,True,
603882.SH,603882,603882,金域医学,主板,沪市,主板,801150.SI,医药生物,801156.SI,医疗服务,医疗服务,L,20170908,3318,9.08,28.82,1.873,12.5,False,True,True,0,0,0,0,True,
603883.SH,603883,603883,老百姓,主板,沪市,主板,801150.SI,医药生物,801154.SI,医药商业,医药商业,L,20150423,4187,11.46,13.53,1.883,9.375,False,True,True,0,0,0,0,True,
603885.SH,603885,603885,吉祥航空,主板,沪市,主板,801170.SI,交通运输,801991.SI,航空机场,航空机场,L,20150527,4153,11.37,9.73,0.621,17.925,False,True,True,0,0,0,0,True,
603886.SH,603886,603886,元祖股份,主板,沪市,主板,801120.SI,食品饮料,801128.SI,休闲食品,休闲食品,L,20161228,3572,9.78,13.1,-0.833,11.2,False,True,True,0,0,0,0,True,
603887.SH,603887,603887,城地香江,主板,沪市,主板,801750.SI,计算机,801103.SI,IT服务Ⅱ,IT服务Ⅱ,L,20161010,3651,10.0,8.33,0.97,13.333,False,True,True,0,0,0,0,True,
603888.SH,603888,603888,新华网,主板,沪市,主板,801760.SI,传媒,801767.SI,数字媒体,数字媒体,L,20161028,3633,9.95,17.8,5.201,10.345,False,True,True,0,0,0,0,True,
603889.SH,603889,603889,新澳股份,主板,沪市,主板,801130.SI,纺织服饰,801131.SI,纺织制造,纺织制造,L,20141231,4300,11.77,6.34,1.603,11.864,False,True,True,0,0,0,0,True,
603890.SH,603890,603890,春秋电子,主板,沪市,主板,801080.SI,电子,801085.SI,消费电子,消费电子,L,20171212,3223,8.82,14.57,-0.817,13.103,False,True,True,0,0,0,0,True,
603893.SH,603893,603893,瑞芯微,主板,沪市,主板,801080.SI,电子,801081.SI,半导体,半导体,L,20200207,2436,6.67,202.72,1.583,17.647,False,True,True,0,0,0,0,True,
603895.SH,603895,603895,天永智能,主板,沪市,主板,801890.SI,机械设备,801074.SI,专用设备,专用设备,L,20180122,3182,8.71,25.29,-0.237,24.138,False,True,True,0,0,0,0,True,
603896.SH,603896,603896,寿仙谷,主板,沪市,主板,801150.SI,医药生物,801155.SI,中药Ⅱ,中药Ⅱ,L,20170510,3439,9.42,14.86,1.226,10.204,False,True,True,0,0,0,0,True,
603897.SH,603897,603897,长城科技,主板,沪市,主板,801730.SI,电力设备,801738.SI,电网设备,电网设备,L,20180410,3104,8.5,27.46,-2.968,6.667,False,True,True,0,0,0,0,True,
603898.SH,603898,603898,好莱客,主板,沪市,主板,801140.SI,轻工制造,801142.SI,家居用品,家居用品,L,20150217,4252,11.64,11.74,1.645,28.947,False,True,True,0,0,0,0,True,
603899.SH,603899,603899,晨光股份,主板,沪市,主板,801140.SI,轻工制造,801145.SI,文娱用品,文娱用品,L,20150127,4273,11.7,22.4,1.22,24.138,False,True,True,0,0,0,0,True,
603900.SH,603900,603900,莱绅通灵,主板,沪市,主板,801130.SI,纺织服饰,801133.SI,饰品,饰品,L,20161123,3607,9.88,6.51,4.16,10.448,False,True,True,0,0,0,0,True,
603901.SH,603901,603901,永创智能,主板,沪市,主板,801890.SI,机械设备,801074.SI,专用设备,专用设备,L,20150529,4151,11.36,9.21,1.432,14.583,False,True,True,0,0,0,0,True,
603903.SH,603903,603903,中持股份,主板,沪市,主板,801970.SI,环保,801971.SI,环境治理,环境治理,L,20170314,3496,9.57,13.1,0.23,10.638,False,True,True,0,0,0,0,True,
603906.SH,603906,603906,龙蟠科技,主板,沪市,主板,801730.SI,电力设备,801737.SI,电池,电池,L,20170410,3469,9.5,21.37,2.054,20.0,False,True,True,0,0,0,0,True,
603908.SH,603908,603908,牧高笛,主板,沪市,主板,801130.SI,纺织服饰,801132.SI,服装家纺,服装家纺,L,20170307,3503,9.59,19.75,-1.839,12.5,False,True,True,0,0,0,0,True,
603909.SH,603909,603909,建发合诚,主板,沪市,主板,801720.SI,建筑装饰,801726.SI,工程咨询服务Ⅱ,工程咨询服务Ⅱ,L,20160628,3755,10.28,10.07,-0.198,17.526,False,True,True,0,0,0,0,True,
603912.SH,603912,603912,佳力图,主板,沪市,主板,801890.SI,机械设备,801072.SI,通用设备,通用设备,L,20171101,3264,8.94,8.38,-2.103,10.112,False,True,True,0,0,0,0,True,
603915.SH,603915,603915,国茂股份,主板,沪市,主板,801890.SI,机械设备,801072.SI,通用设备,通用设备,L,20190614,2674,7.32,12.88,0.546,22.222,False,True,True,0,0,0,0,True,
603916.SH,603916,603916,苏博特,主板,沪市,主板,801030.SI,基础化工,801034.SI,化学制品,化学制品,L,20171110,3255,8.91,10.3,-0.387,12.5,False,True,True,0,0,0,0,True,
603917.SH,603917,603917,合力科技,主板,沪市,主板,801880.SI,汽车,801093.SI,汽车零部件,汽车零部件,L,20171204,3231,8.85,13.6,-1.019,15.152,False,True,True,0,0,0,0,True,
603918.SH,603918,603918,金桥信息,主板,沪市,主板,801750.SI,计算机,801103.SI,IT服务Ⅱ,IT服务Ⅱ,L,20150528,4152,11.37,10.66,4.612,9.259,False,True,True,0,0,0,0,True,
603919.SH,603919,603919,金徽酒,主板,沪市,主板,801120.SI,食品饮料,801125.SI,白酒Ⅱ,白酒Ⅱ,L,20160310,3865,10.58,17.5,3.796,9.091,False,True,True,0,0,0,0,True,
603920.SH,603920,603920,世运电路,主板,沪市,主板,801080.SI,电子,801083.SI,元件,元件,L,20170426,3453,9.45,40.82,-5.465,13.889,False,True,True,0,0,0,0,True,
603926.SH,603926,603926,铁流股份,主板,沪市,主板,801880.SI,汽车,801093.SI,汽车零部件,汽车零部件,L,20170510,3439,9.42,16.5,1.538,14.118,False,True,True,0,0,0,0,True,
603927.SH,603927,603927,中科软,主板,沪市,主板,801750.SI,计算机,801104.SI,软件开发,软件开发,L,20190909,2587,7.08,14.05,4.151,8.824,False,True,True,0,0,0,0,True,
603928.SH,603928,603928,兴业股份,主板,沪市,主板,801030.SI,基础化工,801036.SI,塑料,塑料,L,20161212,3588,9.82,13.69,-4.798,18.605,False,True,True,0,0,0,0,True,
603929.SH,603929,603929,亚翔集成,主板,沪市,主板,801720.SI,建筑装饰,801724.SI,专业工程,专业工程,L,20161230,3570,9.77,132.5,-3.846,12.281,False,True,True,0,0,0,0,True,
603931.SH,603931,603931,格林达,主板,沪市,主板,801080.SI,电子,801086.SI,电子化学品Ⅱ,电子化学品Ⅱ,L,20200819,2242,6.14,30.4,-2.689,12.857,False,True,True,0,0,0,0,True,
603933.SH,603933,603933,睿能科技,主板,沪市,主板,801080.SI,电子,801082.SI,其他电子Ⅱ,其他电子Ⅱ,L,20170706,3382,9.26,18.1,-0.11,12.632,False,True,True,0,0,0,0,True,
603936.SH,603936,603936,博敏电子,主板,沪市,主板,801080.SI,电子,801083.SI,元件,元件,L,20151209,3957,10.83,17.69,-6.649,19.118,False,True,True,0,0,0,0,True,
603937.SH,603937,603937,丽岛新材,主板,沪市,主板,801050.SI,有色金属,801055.SI,工业金属,工业金属,L,20171102,3263,8.93,13.16,0.0,12.5,False,True,True,0,0,0,0,True,
603938.SH,603938,603938,三孚股份,主板,沪市,主板,801030.SI,基础化工,801033.SI,化学原料,化学原料,L,20170628,3390,9.28,40.4,-2.392,17.073,False,True,True,0,0,0,0,True,
603939.SH,603939,603939,益丰药房,主板,沪市,主板,801150.SI,医药生物,801154.SI,医药商业,医药商业,L,20150217,4252,11.64,24.05,2.21,14.286,False,True,True,0,0,0,0,True,
603948.SH,603948,603948,建业股份,主板,沪市,主板,801030.SI,基础化工,801034.SI,化学制品,化学制品,L,20200302,2412,6.6,20.62,-0.818,32.039,False,True,True,0,0,0,0,True,
603949.SH,603949,603949,雪龙集团,主板,沪市,主板,801880.SI,汽车,801093.SI,汽车零部件,汽车零部件,L,20200310,2404,6.58,15.61,-5.794,31.25,False,True,True,0,0,0,0,True,
603950.SH,603950,603950,长源东谷,主板,沪市,主板,801880.SI,汽车,801093.SI,汽车零部件,汽车零部件,L,20200526,2327,6.37,49.26,-2.262,20.0,False,True,True,0,0,0,0,True,
603955.SH,603955,603955,大千生态,主板,沪市,主板,801720.SI,建筑装饰,801723.SI,基础建设,基础建设,L,20170310,3500,9.58,24.49,-0.244,23.214,False,True,True,0,0,0,0,True,
603956.SH,603956,603956,威派格,主板,沪市,主板,801890.SI,机械设备,801074.SI,专用设备,专用设备,L,20190222,2786,7.63,6.97,2.349,11.765,False,True,True,0,0,0,0,True,
603958.SH,603958,603958,哈森股份,主板,沪市,主板,801130.SI,纺织服饰,801132.SI,服装家纺,服装家纺,L,20160629,3754,10.28,17.79,0.452,15.217,False,True,True,0,0,0,0,True,
603960.SH,603960,603960,克来机电,主板,沪市,主板,801890.SI,机械设备,801078.SI,自动化设备,自动化设备,L,20170314,3496,9.57,15.99,-1.235,18.935,False,True,True,0,0,0,0,True,
603966.SH,603966,603966,法兰泰克,主板,沪市,主板,801890.SI,机械设备,801074.SI,专用设备,专用设备,L,20170125,3544,9.7,7.35,-2.906,18.421,False,True,True,0,0,0,0,True,
603967.SH,603967,603967,中创物流,主板,沪市,主板,801170.SI,交通运输,801178.SI,物流,物流,L,20190429,2720,7.45,12.66,0.636,11.966,False,True,True,0,0,0,0,True,
603968.SH,603968,603968,醋化股份,主板,沪市,主板,801030.SI,基础化工,801034.SI,化学制品,化学制品,L,20150518,4162,11.39,11.86,-3.577,13.158,False,True,True,0,0,0,0,True,
603969.SH,603969,603969,银龙股份,主板,沪市,主板,801890.SI,机械设备,801072.SI,通用设备,通用设备,L,20150227,4242,11.61,7.24,1.117,9.333,False,True,True,0,0,0,0,True,
603970.SH,603970,603970,中农立华,主板,沪市,主板,801030.SI,基础化工,801038.SI,农化制品,农化制品,L,20171116,3249,8.9,11.95,2.312,14.53,False,True,True,0,0,0,0,True,
603976.SH,603976,603976,正川股份,主板,沪市,主板,801150.SI,医药生物,801153.SI,医疗器械,医疗器械,L,20170822,3335,9.13,29.63,1.299,20.588,False,True,True,0,0,0,0,True,
603977.SH,603977,603977,国泰集团,主板,沪市,主板,801030.SI,基础化工,801034.SI,化学制品,化学制品,L,20161111,3619,9.91,10.6,1.145,18.103,False,True,True,0,0,0,0,True,
603978.SH,603978,603978,深圳新星,主板,沪市,主板,801050.SI,有色金属,801051.SI,金属新材料,金属新材料,L,20170807,3350,9.17,25.19,-4.038,16.279,False,True,True,0,0,0,0,True,
603979.SH,603979,603979,金诚信,主板,沪市,主板,801050.SI,有色金属,801055.SI,工业金属,工业金属,L,20150630,4119,11.28,75.05,4.048,20.652,False,True,True,0,0,0,0,True,
603980.SH,603980,603980,吉华集团,主板,沪市,主板,801030.SI,基础化工,801034.SI,化学制品,化学制品,L,20170615,3403,9.32,9.27,3.0,12.5,False,True,True,0,0,0,0,True,
603982.SH,603982,603982,泉峰汽车,主板,沪市,主板,801880.SI,汽车,801093.SI,汽车零部件,汽车零部件,L,20190522,2697,7.38,6.63,-1.632,15.625,False,True,True,0,0,0,0,True,
603983.SH,603983,603983,丸美生物,主板,沪市,主板,801980.SI,美容护理,801982.SI,化妆品,化妆品,L,20190725,2633,7.21,29.1,0.588,18.605,False,True,True,0,0,0,0,True,
603985.SH,603985,603985,恒润股份,主板,沪市,主板,801730.SI,电力设备,801736.SI,风电设备,风电设备,L,20170505,3444,9.43,15.98,-3.386,11.765,False,True,True,0,0,0,0,True,
603986.SH,603986,603986,兆易创新,主板,沪市,主板,801080.SI,电子,801081.SI,半导体,半导体,L,20160818,3704,10.14,326.46,-2.374,16.216,False,True,True,0,0,0,0,True,
603987.SH,603987,603987,康德莱,主板,沪市,主板,801150.SI,医药生物,801153.SI,医疗器械,医疗器械,L,20161121,3609,9.88,7.64,1.058,12.0,False,True,True,0,0,0,0,True,
603988.SH,603988,603988,中电电机,主板,沪市,主板,801730.SI,电力设备,801731.SI,电机Ⅱ,电机Ⅱ,L,20141104,4357,11.93,17.11,0.47,20.0,False,True,True,0,0,0,0,True,
603989.SH,603989,603989,艾华集团,主板,沪市,主板,801080.SI,电子,801083.SI,元件,元件,L,20150515,4165,11.4,26.37,-1.934,22.727,False,True,True,0,0,0,0,True,
603990.SH,603990,603990,麦迪科技,主板,沪市,主板,801750.SI,计算机,801104.SI,软件开发,软件开发,L,20161208,3592,9.83,19.4,1.837,13.846,False,True,True,0,0,0,0,True,
603991.SH,603991,603991,领先股份,主板,沪市,主板,801080.SI,电子,801081.SI,半导体,半导体,L,20170308,3502,9.59,163.02,-0.573,13.889,False,True,True,0,0,0,0,True,
603992.SH,603992,603992,松霖科技,主板,沪市,主板,801140.SI,轻工制造,801142.SI,家居用品,家居用品,L,20190826,2601,7.12,19.04,0.105,54.386,False,True,True,0,0,0,0,True,
603993.SH,603993,603993,洛阳钼业,主板,沪市,主板,801050.SI,有色金属,801055.SI,工业金属,工业金属,L,20121009,5113,14.0,17.22,3.672,12.903,False,True,True,0,0,0,0,True,
603995.SH,603995,603995,甬金股份,主板,沪市,主板,801040.SI,钢铁,801045.SI,特钢Ⅱ,特钢Ⅱ,L,20191224,2481,6.79,25.03,-0.871,17.073,False,True,True,0,0,0,0,True,
603997.SH,603997,603997,继峰股份,主板,沪市,主板,801880.SI,汽车,801093.SI,汽车零部件,汽车零部件,L,20150302,4239,11.61,13.4,-0.52,18.75,False,True,True,0,0,0,0,True,
603998.SH,603998,603998,方盛制药,主板,沪市,主板,801150.SI,医药生物,801155.SI,中药Ⅱ,中药Ⅱ,L,20141205,4326,11.84,10.63,3.104,7.692,False,True,True,0,0,0,0,True,
603999.SH,603999,603999,读者传媒,主板,沪市,主板,801760.SI,传媒,801769.SI,出版,出版,L,20151210,3956,10.83,6.96,5.455,13.636,False,True,True,0,0,0,0,True,
605001.SH,605001,605001,威奥股份,主板,沪市,主板,801890.SI,机械设备,801076.SI,轨交设备Ⅱ,轨交设备Ⅱ,L,20200522,2331,6.38,5.85,0.515,12.069,False,True,True,0,0,0,0,True,
605003.SH,605003,605003,众望布艺,主板,沪市,主板,801130.SI,纺织服饰,801132.SI,服装家纺,服装家纺,L,20200908,2222,6.08,24.5,1.198,19.231,False,True,True,0,0,0,0,True,
605005.SH,605005,605005,合兴股份,主板,沪市,主板,801880.SI,汽车,801093.SI,汽车零部件,汽车零部件,L,20210119,2089,5.72,15.98,0.503,27.907,False,True,True,0,0,0,0,True,
605006.SH,605006,605006,山东玻纤,主板,沪市,主板,801710.SI,建筑材料,801712.SI,玻璃玻纤,玻璃玻纤,L,20200903,2227,6.1,13.77,-3.233,19.048,False,True,True,0,0,0,0,True,
605007.SH,605007,605007,五洲特纸,主板,沪市,主板,801140.SI,轻工制造,801143.SI,造纸,造纸,L,20201110,2159,5.91,15.35,1.521,10.667,False,True,True,0,0,0,0,True,
605008.SH,605008,605008,长鸿高科,主板,沪市,主板,801030.SI,基础化工,801036.SI,塑料,塑料,L,20200821,2240,6.13,13.55,1.498,24.242,False,True,True,0,0,0,0,True,
605009.SH,605009,605009,豪悦护理,主板,沪市,主板,801980.SI,美容护理,801981.SI,个护用品,个护用品,L,20200911,2219,6.08,25.89,3.024,25.806,False,True,True,0,0,0,0,True,
605011.SH,605011,605011,杭州热电,主板,沪市,主板,801160.SI,公用事业,801161.SI,电力,电力,L,20210630,1927,5.28,18.94,-0.89,13.043,False,True,True,0,0,0,0,True,
605016.SH,605016,605016,百龙创园,主板,沪市,主板,801030.SI,基础化工,801034.SI,化学制品,化学制品,L,20210421,1997,5.47,20.28,0.297,20.561,False,True,True,0,0,0,0,True,
605018.SH,605018,605018,长华集团,主板,沪市,主板,801880.SI,汽车,801093.SI,汽车零部件,汽车零部件,L,20200929,2201,6.03,11.36,-0.873,23.14,False,True,True,0,0,0,0,True,
605020.SH,605020,605020,永和股份,主板,沪市,主板,801030.SI,基础化工,801034.SI,化学制品,化学制品,L,20210709,1918,5.25,30.7,2.538,12.308,False,True,True,0,0,0,0,True,
605028.SH,605028,605028,世茂能源,主板,沪市,主板,801160.SI,公用事业,801161.SI,电力,电力,L,20210712,1915,5.24,23.15,-1.195,13.934,False,True,True,0,0,0,0,True,
605033.SH,605033,605033,美邦股份,主板,沪市,主板,801030.SI,基础化工,801038.SI,农化制品,农化制品,L,20210916,1849,5.06,19.75,0.0,9.184,False,True,True,0,0,0,0,True,
605050.SH,605050,605050,福然德,主板,沪市,主板,801170.SI,交通运输,801178.SI,物流,物流,L,20200924,2206,6.04,10.2,-0.098,30.189,False,True,True,0,0,0,0,True,
605055.SH,605055,605055,迎丰股份,主板,沪市,主板,801130.SI,纺织服饰,801131.SI,纺织制造,纺织制造,L,20210129,2079,5.69,8.61,0.584,29.167,False,True,True,0,0,0,0,True,
605056.SH,605056,605056,咸亨国际,主板,沪市,主板,801890.SI,机械设备,801072.SI,通用设备,通用设备,L,20210720,1907,5.22,13.11,-1.057,17.143,False,True,True,0,0,0,0,True,
605058.SH,605058,605058,澳弘电子,主板,沪市,主板,801080.SI,电子,801083.SI,元件,元件,L,20201021,2179,5.97,53.35,10.0,16.763,False,True,True,0,0,0,0,True,
605060.SH,605060,605060,联德股份,主板,沪市,主板,801890.SI,机械设备,801072.SI,通用设备,通用设备,L,20210301,2048,5.61,35.49,-5.436,22.388,False,True,True,0,0,0,0,True,
605066.SH,605066,605066,天正电气,主板,沪市,主板,801730.SI,电力设备,801738.SI,电网设备,电网设备,L,20200807,2254,6.17,6.84,1.786,11.594,False,True,True,0,0,0,0,True,
605068.SH,605068,605068,明新旭腾,主板,沪市,主板,801880.SI,汽车,801093.SI,汽车零部件,汽车零部件,L,20201123,2146,5.88,20.18,-0.099,10.68,False,True,True,0,0,0,0,True,
605069.SH,605069,605069,正和生态,主板,沪市,主板,801970.SI,环保,801971.SI,环境治理,环境治理,L,20210816,1880,5.15,13.1,3.231,7.317,False,True,True,0,0,0,0,True,
605077.SH,605077,605077,华康股份,主板,沪市,主板,801030.SI,基础化工,801034.SI,化学制品,化学制品,L,20210209,2068,5.66,11.85,1.282,10.256,False,True,True,0,0,0,0,True,
605080.SH,605080,605080,浙江自然,主板,沪市,主板,801140.SI,轻工制造,801145.SI,文娱用品,文娱用品,L,20210506,1982,5.43,22.86,1.061,13.333,False,True,True,0,0,0,0,True,
605086.SH,605086,605086,龙高股份,主板,沪市,主板,801030.SI,基础化工,801039.SI,非金属材料Ⅱ,非金属材料Ⅱ,L,20210416,2002,5.48,22.99,-0.476,37.097,False,True,True,0,0,0,0,True,
605088.SH,605088,605088,冠盛股份,主板,沪市,主板,801880.SI,汽车,801093.SI,汽车零部件,汽车零部件,L,20200817,2244,6.14,22.05,-6.923,13.75,False,True,True,0,0,0,0,True,
605089.SH,605089,605089,味知香,主板,沪市,主板,801120.SI,食品饮料,801124.SI,食品加工,食品加工,L,20210427,1991,5.45,22.85,1.873,11.429,False,True,True,0,0,0,0,True,
605090.SH,605090,605090,九丰能源,主板,沪市,主板,801160.SI,公用事业,801163.SI,燃气Ⅱ,燃气Ⅱ,L,20210525,1963,5.37,31.24,-1.42,14.286,False,True,True,0,0,0,0,True,
605098.SH,605098,605098,行动教育,主板,沪市,主板,801210.SI,社会服务,801994.SI,教育,教育,L,20210421,1997,5.47,56.1,3.85,8.257,False,True,True,0,0,0,0,True,
605099.SH,605099,605099,共创草坪,主板,沪市,主板,801140.SI,轻工制造,801142.SI,家居用品,家居用品,L,20200930,2200,6.02,27.24,-2.331,52.381,False,True,True,0,0,0,0,True,
605100.SH,605100,605100,华丰股份,主板,沪市,主板,801890.SI,机械设备,801072.SI,通用设备,通用设备,L,20200811,2250,6.16,41.11,7.057,20.588,False,True,True,0,0,0,0,True,
605108.SH,605108,605108,同庆楼,主板,沪市,主板,801210.SI,社会服务,801219.SI,酒店餐饮,酒店餐饮,L,20200716,2276,6.23,12.28,2.333,11.905,False,True,True,0,0,0,0,True,
605111.SH,605111,605111,新洁能,主板,沪市,主板,801080.SI,电子,801081.SI,半导体,半导体,L,20200928,2202,6.03,49.8,-0.757,16.438,False,True,True,0,0,0,0,True,
605116.SH,605116,605116,奥锐特,主板,沪市,主板,801150.SI,医药生物,801151.SI,化学制药,化学制药,L,20200921,2209,6.05,20.02,0.907,22.388,False,True,True,0,0,0,0,True,
605117.SH,605117,605117,德业股份,主板,沪市,主板,801730.SI,电力设备,801735.SI,光伏设备,光伏设备,L,20210420,1998,5.47,75.68,-1.663,26.0,False,True,True,0,0,0,0,True,
605118.SH,605118,605118,力鼎光电,主板,沪市,主板,801750.SI,计算机,801101.SI,计算机设备,计算机设备,L,20200730,2262,6.19,30.48,-1.867,19.277,False,True,True,0,0,0,0,True,
605122.SH,605122,605122,四方新材,主板,沪市,主板,801710.SI,建筑材料,801711.SI,水泥,水泥,L,20210310,2039,5.58,11.99,-0.745,12.069,False,True,True,0,0,0,0,True,
605123.SH,605123,605123,派克新材,主板,沪市,主板,801740.SI,国防军工,801742.SI,航空装备Ⅱ,航空装备Ⅱ,L,20200825,2236,6.12,74.6,-1.842,14.754,False,True,True,0,0,0,0,True,
605128.SH,605128,605128,上海沿浦,主板,沪市,主板,801880.SI,汽车,801093.SI,汽车零部件,汽车零部件,L,20200915,2215,6.06,24.66,-0.484,10.169,False,True,True,0,0,0,0,True,
605133.SH,605133,605133,嵘泰股份,主板,沪市,主板,801880.SI,汽车,801093.SI,汽车零部件,汽车零部件,L,20210224,2053,5.62,26.53,5.403,15.873,False,True,True,0,0,0,0,True,
605136.SH,605136,605136,丽人丽妆,主板,沪市,主板,801200.SI,商贸零售,801206.SI,互联网电商,互联网电商,L,20200929,2201,6.03,9.44,10.023,9.302,False,True,True,0,0,0,0,True,
605138.SH,605138,605138,盛泰集团,主板,沪市,主板,801130.SI,纺织服饰,801132.SI,服装家纺,服装家纺,L,20211027,1808,4.95,6.18,0.488,26.23,False,True,True,0,0,0,0,True,
605151.SH,605151,605151,西上海,主板,沪市,主板,801880.SI,汽车,801093.SI,汽车零部件,汽车零部件,L,20201215,2124,5.82,18.48,0.326,10.753,False,True,True,0,0,0,0,True,
605155.SH,605155,605155,西大门,主板,沪市,主板,801140.SI,轻工制造,801142.SI,家居用品,家居用品,L,20201231,2108,5.77,14.45,-1.701,11.888,False,True,True,0,0,0,0,True,
605158.SH,605158,605158,华达新材,主板,沪市,主板,801050.SI,有色金属,801051.SI,金属新材料,金属新材料,L,20200805,2256,6.18,7.48,-2.35,21.795,False,True,True,0,0,0,0,True,
605162.SH,605162,605162,新中港,主板,沪市,主板,801160.SI,公用事业,801161.SI,电力,电力,L,20210707,1920,5.26,10.45,0.966,17.241,False,True,True,0,0,0,0,True,
605166.SH,605166,605166,聚合顺,主板,沪市,主板,801030.SI,基础化工,801032.SI,化学纤维,化学纤维,L,20200618,2304,6.31,8.44,0.596,11.765,False,True,True,0,0,0,0,True,
605167.SH,605167,605167,利柏特,主板,沪市,主板,801720.SI,建筑装饰,801724.SI,专业工程,专业工程,L,20210726,1901,5.2,15.22,-0.718,13.462,False,True,True,0,0,0,0,True,
605168.SH,605168,605168,三人行,主板,沪市,主板,801760.SI,传媒,801765.SI,广告营销,广告营销,L,20200528,2325,6.37,52.1,10.008,16.667,False,True,True,0,0,0,0,True,
605169.SH,605169,605169,洪通燃气,主板,沪市,主板,801160.SI,公用事业,801163.SI,燃气Ⅱ,燃气Ⅱ,L,20201030,2170,5.94,13.2,-2.367,24.8,False,True,True,0,0,0,0,True,
605177.SH,605177,605177,东亚药业,主板,沪市,主板,801150.SI,医药生物,801151.SI,化学制药,化学制药,L,20201125,2144,5.87,28.29,9.992,9.524,False,True,True,0,0,0,0,True,
605178.SH,605178,605178,时空科技,主板,沪市,主板,801720.SI,建筑装饰,801724.SI,专业工程,专业工程,L,20200821,2240,6.13,61.9,-1.543,13.253,False,True,True,0,0,0,0,True,
605179.SH,605179,605179,一鸣食品,主板,沪市,主板,801120.SI,食品饮料,801127.SI,饮料乳品,饮料乳品,L,20201228,2111,5.78,25.54,5.494,21.429,False,True,True,0,0,0,0,True,
605180.SH,605180,605180,华生科技,主板,沪市,主板,801130.SI,纺织服饰,801131.SI,纺织制造,纺织制造,L,20210430,1988,5.44,13.85,-0.072,15.556,False,True,True,0,0,0,0,True,
605183.SH,605183,605183,确成股份,主板,沪市,主板,801030.SI,基础化工,801037.SI,橡胶,橡胶,L,20201207,2132,5.84,16.59,0.974,35.22,False,True,True,0,0,0,0,True,
605186.SH,605186,605186,健麾信息,主板,沪市,主板,801890.SI,机械设备,801078.SI,自动化设备,自动化设备,L,20201222,2117,5.8,24.77,2.06,14.063,False,True,True,0,0,0,0,True,
605188.SH,605188,605188,国光连锁,主板,沪市,主板,801200.SI,商贸零售,801203.SI,一般零售,一般零售,L,20200728,2264,6.2,13.84,10.016,19.697,False,True,True,0,0,0,0,True,
605189.SH,605189,605189,富春染织,主板,沪市,主板,801130.SI,纺织服饰,801131.SI,纺织制造,纺织制造,L,20210528,1960,5.37,14.25,0.778,8.571,False,True,True,0,0,0,0,True,
605196.SH,605196,605196,华通线缆,主板,沪市,主板,801730.SI,电力设备,801738.SI,电网设备,电网设备,L,20210511,1977,5.41,33.2,-2.353,12.941,False,True,True,0,0,0,0,True,
605198.SH,605198,605198,安德利,主板,沪市,主板,801010.SI,农林牧渔,801012.SI,农产品加工,农产品加工,L,20200918,2212,6.06,62.25,-2.123,28.571,False,True,True,0,0,0,0,True,
605208.SH,605208,605208,永茂泰,主板,沪市,主板,801050.SI,有色金属,801055.SI,工业金属,工业金属,L,20210308,2041,5.59,14.77,1.792,8.219,False,True,True,0,0,0,0,True,
605218.SH,605218,605218,伟时电子,主板,沪市,主板,801080.SI,电子,801084.SI,光学光电子,光学光电子,L,20200928,2202,6.03,13.42,-0.445,13.889,False,True,True,0,0,0,0,True,
605222.SH,605222,605222,起帆电缆,主板,沪市,主板,801730.SI,电力设备,801738.SI,电网设备,电网设备,L,20200731,2261,6.19,21.43,-0.787,16.364,False,True,True,0,0,0,0,True,
605228.SH,605228,605228,神通科技,主板,沪市,主板,801880.SI,汽车,801093.SI,汽车零部件,汽车零部件,L,20210120,2088,5.72,11.53,2.489,32.432,False,True,True,0,0,0,0,True,
605255.SH,605255,605255,天普股份,主板,沪市,主板,801880.SI,汽车,801093.SI,汽车零部件,汽车零部件,L,20200825,2236,6.12,53.9,-3.922,25.862,False,True,True,0,0,0,0,True,
605258.SH,605258,605258,协和电子,主板,沪市,主板,801080.SI,电子,801083.SI,元件,元件,L,20201203,2136,5.85,38.04,-1.143,13.861,False,True,True,0,0,0,0,True,
605259.SH,605259,605259,绿田机械,主板,沪市,主板,801890.SI,机械设备,801074.SI,专用设备,专用设备,L,20210615,1942,5.32,17.6,1.091,21.111,False,True,True,0,0,0,0,True,
605266.SH,605266,605266,健之佳,主板,沪市,主板,801150.SI,医药生物,801154.SI,医药商业,医药商业,L,20201201,2138,5.85,16.23,1.058,10.0,False,True,True,0,0,0,0,True,
605268.SH,605268,605268,王力安防,主板,沪市,主板,801140.SI,轻工制造,801142.SI,家居用品,家居用品,L,20210224,2053,5.62,10.29,2.388,27.0,False,True,True,0,0,0,0,True,
605277.SH,605277,605277,新亚电子,主板,沪市,主板,801080.SI,电子,801085.SI,消费电子,消费电子,L,20210106,2102,5.75,16.28,-2.163,6.358,False,True,True,0,0,0,0,True,
605286.SH,605286,605286,同力天启,主板,沪市,主板,801890.SI,机械设备,801074.SI,专用设备,专用设备,L,20210322,2027,5.55,24.7,-1.984,14.729,False,True,True,0,0,0,0,True,
605287.SH,605287,605287,德才股份,主板,沪市,主板,801720.SI,建筑装饰,801722.SI,装修装饰Ⅱ,装修装饰Ⅱ,L,20210706,1921,5.26,40.18,9.992,10.753,False,True,True,0,0,0,0,True,
605288.SH,605288,605288,凯迪股份,主板,沪市,主板,801890.SI,机械设备,801078.SI,自动化设备,自动化设备,L,20200601,2321,6.35,65.61,-1.071,13.433,False,True,True,0,0,0,0,True,
605289.SH,605289,605289,罗曼股份,主板,沪市,主板,801720.SI,建筑装饰,801724.SI,专业工程,专业工程,L,20210426,1992,5.45,88.45,-2.114,14.062,False,True,True,0,0,0,0,True,
605296.SH,605296,605296,神农集团,主板,沪市,主板,801010.SI,农林牧渔,801017.SI,养殖业,养殖业,L,20210528,1960,5.37,29.92,-0.993,16.993,False,True,True,0,0,0,0,True,
605298.SH,605298,605298,必得科技,主板,沪市,主板,801890.SI,机械设备,801076.SI,轨交设备Ⅱ,轨交设备Ⅱ,L,20210301,2048,5.61,42.8,-4.825,29.268,False,True,True,0,0,0,0,True,
605299.SH,605299,605299,舒华体育,主板,沪市,主板,801140.SI,轻工制造,801145.SI,文娱用品,文娱用品,L,20201215,2124,5.82,12.43,1.387,12.698,False,True,True,0,0,0,0,True,
605300.SH,605300,605300,佳禾食品,主板,沪市,主板,801120.SI,食品饮料,801127.SI,饮料乳品,饮料乳品,L,20210430,1988,5.44,10.61,1.048,15.686,False,True,True,0,0,0,0,True,
605305.SH,605305,605305,中际联合,主板,沪市,主板,801890.SI,机械设备,801077.SI,工程机械,工程机械,L,20210506,1982,5.43,30.12,-1.44,25.0,False,True,True,0,0,0,0,True,
605318.SH,605318,605318,法狮龙,主板,沪市,主板,801710.SI,建筑材料,801713.SI,装修建材,装修建材,L,20200803,2258,6.18,69.47,-3.393,62.245,False,True,True,0,0,0,0,True,
605319.SH,605319,605319,无锡振华,主板,沪市,主板,801880.SI,汽车,801093.SI,汽车零部件,汽车零部件,L,20210607,1950,5.34,21.38,-3.214,17.5,False,True,True,0,0,0,0,True,
605333.SH,605333,605333,沪光股份,主板,沪市,主板,801880.SI,汽车,801093.SI,汽车零部件,汽车零部件,L,20200818,2243,6.14,16.5,0.061,67.797,False,True,True,0,0,0,0,True,
605337.SH,605337,605337,李子园,主板,沪市,主板,801120.SI,食品饮料,801127.SI,饮料乳品,饮料乳品,L,20210208,2069,5.66,9.32,1.969,12.903,False,True,True,0,0,0,0,True,
605338.SH,605338,605338,巴比食品,主板,沪市,主板,801120.SI,食品饮料,801124.SI,食品加工,食品加工,L,20201012,2188,5.99,18.98,1.119,21.277,False,True,True,0,0,0,0,True,
605339.SH,605339,605339,南侨食品,主板,沪市,主板,801120.SI,食品饮料,801128.SI,休闲食品,休闲食品,L,20210518,1970,5.39,13.48,0.898,53.571,False,True,True,0,0,0,0,True,
605358.SH,605358,605358,立昂微,主板,沪市,主板,801080.SI,电子,801081.SI,半导体,半导体,L,20200911,2219,6.08,40.64,-4.757,16.216,False,True,True,0,0,0,0,True,
605365.SH,605365,605365,立达信,主板,沪市,主板,801110.SI,家用电器,801115.SI,照明设备Ⅱ,照明设备Ⅱ,L,20210720,1907,5.22,14.53,2.541,20.548,False,True,True,0,0,0,0,True,
605366.SH,605366,605366,宏柏新材,主板,沪市,主板,801030.SI,基础化工,801034.SI,化学制品,化学制品,L,20200812,2249,6.16,9.94,-9.964,21.782,False,True,True,0,0,0,0,True,
605368.SH,605368,605368,蓝天燃气,主板,沪市,主板,801160.SI,公用事业,801163.SI,燃气Ⅱ,燃气Ⅱ,L,20210129,2079,5.69,6.84,0.0,25.0,False,True,True,0,0,0,0,True,
605369.SH,605369,605369,拱东医疗,主板,沪市,主板,801150.SI,医药生物,801153.SI,医疗器械,医疗器械,L,20200916,2214,6.06,17.66,-0.395,14.286,False,True,True,0,0,0,0,True,
605376.SH,605376,605376,博迁新材,主板,沪市,主板,801050.SI,有色金属,801056.SI,能源金属,能源金属,L,20201208,2131,5.83,104.68,-4.68,22.034,False,True,True,0,0,0,0,True,
605377.SH,605377,605377,华旺科技,主板,沪市,主板,801140.SI,轻工制造,801143.SI,造纸,造纸,L,20201228,2111,5.78,8.05,-0.371,14.118,False,True,True,0,0,0,0,True,
605378.SH,605378,605378,野马电池,主板,沪市,主板,801730.SI,电力设备,801737.SI,电池,电池,L,20210412,2006,5.49,18.08,4.69,26.25,False,True,True,0,0,0,0,True,
605388.SH,605388,605388,均瑶健康,主板,沪市,主板,801120.SI,食品饮料,801127.SI,饮料乳品,饮料乳品,L,20200818,2243,6.14,6.91,-0.289,18.462,False,True,True,0,0,0,0,True,
605389.SH,605389,605389,长龄液压,主板,沪市,主板,801890.SI,机械设备,801077.SI,工程机械,工程机械,L,20210322,2027,5.55,56.15,-5.471,34.444,False,True,True,0,0,0,0,True,
605398.SH,605398,605398,新炬网络,主板,沪市,主板,801750.SI,计算机,801103.SI,IT服务Ⅱ,IT服务Ⅱ,L,20210121,2087,5.71,23.4,2.317,16.071,False,True,True,0,0,0,0,True,
605399.SH,605399,605399,晨光新材,主板,沪市,主板,801030.SI,基础化工,801034.SI,化学制品,化学制品,L,20200804,2257,6.18,13.06,10.025,28.07,False,True,True,0,0,0,0,True,
605488.SH,605488,605488,福莱新材,主板,沪市,主板,801030.SI,基础化工,801036.SI,塑料,塑料,L,20210513,1975,5.41,27.89,-1.309,10.811,False,True,True,0,0,0,0,True,
605499.SH,605499,605499,东鹏饮料,主板,沪市,主板,801120.SI,食品饮料,801127.SI,饮料乳品,饮料乳品,L,20210527,1961,5.37,114.11,0.947,24.528,False,True,True,0,0,0,0,True,
605500.SH,605500,605500,森林包装,主板,沪市,主板,801140.SI,轻工制造,801143.SI,造纸,造纸,L,20201222,2117,5.8,7.54,0.133,15.278,False,True,True,0,0,0,0,True,
605507.SH,605507,605507,国邦医药,主板,沪市,主板,801150.SI,医药生物,801151.SI,化学制药,化学制药,L,20210802,1894,5.19,17.31,-1.086,16.667,False,True,True,0,0,0,0,True,
605555.SH,605555,605555,德昌股份,主板,沪市,主板,801110.SI,家用电器,801113.SI,小家电,小家电,L,20211021,1814,4.97,11.93,-1.323,27.2,False,True,True,0,0,0,0,True,
605566.SH,605566,605566,福莱蒽特,主板,沪市,主板,801030.SI,基础化工,801034.SI,化学制品,化学制品,L,20211025,1810,4.96,33.47,-1.905,19.811,False,True,True,0,0,0,0,True,
605567.SH,605567,605567,春雪食品,主板,沪市,主板,801120.SI,食品饮料,801124.SI,食品加工,食品加工,L,20211013,1822,4.99,9.68,-0.514,10.638,False,True,True,0,0,0,0,True,
605580.SH,605580,605580,恒盛能源,主板,沪市,主板,801160.SI,公用事业,801161.SI,电力,电力,L,20210819,1877,5.14,20.28,0.396,12.281,False,True,True,0,0,0,0,True,
605588.SH,605588,605588,冠石科技,主板,沪市,主板,801080.SI,电子,801084.SI,光学光电子,光学光电子,L,20210812,1884,5.16,41.46,-2.102,15.033,False,True,True,0,0,0,0,True,
605589.SH,605589,605589,圣泉集团,主板,沪市,主板,801030.SI,基础化工,801036.SI,塑料,塑料,L,20210810,1886,5.16,34.01,-5.0,14.103,False,True,True,0,0,0,0,True,
605598.SH,605598,605598,上海港湾,主板,沪市,主板,801720.SI,建筑装饰,801724.SI,专业工程,专业工程,L,20210917,1848,5.06,23.48,-1.593,50.0,False,True,True,0,0,0,0,True,
605599.SH,605599,605599,菜百股份,主板,沪市,主板,801130.SI,纺织服饰,801133.SI,饰品,饰品,L,20210909,1856,5.08,14.35,7.09,21.795,False,True,True,0,0,0,0,True,
688001.SH,688001,688001,华兴源创,科创板,沪市,科创板,801890.SI,机械设备,801072.SI,通用设备,通用设备,L,20190722,2636,7.22,55.2,-2.68,32.692,False,True,True,0,0,0,0,True,
688002.SH,688002,688002,睿创微纳,科创板,沪市,科创板,801740.SI,国防军工,801745.SI,军工电子Ⅱ,军工电子Ⅱ,L,20190722,2636,7.22,170.72,-0.64,12.613,False,True,True,0,0,0,0,True,
688003.SH,688003,688003,天准科技,科创板,沪市,科创板,801890.SI,机械设备,801078.SI,自动化设备,自动化设备,L,20190722,2636,7.22,66.22,-4.403,13.75,False,True,True,0,0,0,0,True,
688004.SH,688004,688004,博汇科技,科创板,沪市,科创板,801750.SI,计算机,801103.SI,IT服务Ⅱ,IT服务Ⅱ,L,20200612,2310,6.32,31.04,5.939,14.474,False,True,True,0,0,0,0,True,
688005.SH,688005,688005,容百科技,科创板,沪市,科创板,801730.SI,电力设备,801737.SI,电池,电池,L,20190722,2636,7.22,24.55,0.697,19.444,False,True,True,0,0,0,0,True,
688006.SH,688006,688006,杭可科技,科创板,沪市,科创板,801730.SI,电力设备,801737.SI,电池,电池,L,20190722,2636,7.22,20.62,1.178,19.231,False,True,True,0,0,0,0,True,
688007.SH,688007,688007,光峰科技,科创板,沪市,科创板,801080.SI,电子,801085.SI,消费电子,消费电子,L,20190722,2636,7.22,10.22,0.69,14.286,False,True,True,0,0,0,0,True,
688008.SH,688008,688008,澜起科技,科创板,沪市,科创板,801080.SI,电子,801081.SI,半导体,半导体,L,20190722,2636,7.22,197.6,0.299,14.844,False,True,True,0,0,0,0,True,
688009.SH,688009,688009,中国通号,科创板,沪市,科创板,801890.SI,机械设备,801076.SI,轨交设备Ⅱ,轨交设备Ⅱ,L,20190722,2636,7.22,4.73,0.425,14.286,False,True,True,0,0,0,0,True,
688010.SH,688010,688010,福光股份,科创板,沪市,科创板,801080.SI,电子,801084.SI,光学光电子,光学光电子,L,20190722,2636,7.22,24.73,-3.511,11.111,False,True,True,0,0,0,0,True,
688011.SH,688011,688011,新光光电,科创板,沪市,科创板,801740.SI,国防军工,801745.SI,军工电子Ⅱ,军工电子Ⅱ,L,20190722,2636,7.22,60.97,4.688,28.571,False,True,True,0,0,0,0,True,
688012.SH,688012,688012,中微公司,科创板,沪市,科创板,801080.SI,电子,801081.SI,半导体,半导体,L,20190722,2636,7.22,311.0,-0.715,16.667,False,True,True,0,0,0,0,True,
688013.SH,688013,688013,天臣医疗,科创板,沪市,科创板,801150.SI,医药生物,801153.SI,医疗器械,医疗器械,L,20200928,2202,6.03,24.0,-1.397,14.634,False,True,True,0,0,0,0,True,
688015.SH,688015,688015,交控科技,科创板,沪市,科创板,801890.SI,机械设备,801076.SI,轨交设备Ⅱ,轨交设备Ⅱ,L,20190722,2636,7.22,16.84,1.752,36.585,False,True,True,0,0,0,0,True,
688016.SH,688016,688016,心脉医疗,科创板,沪市,科创板,801150.SI,医药生物,801153.SI,医疗器械,医疗器械,L,20190722,2636,7.22,84.9,1.604,13.158,False,True,True,0,0,0,0,True,
688017.SH,688017,688017,绿的谐波,科创板,沪市,科创板,801890.SI,机械设备,801078.SI,自动化设备,自动化设备,L,20200828,2233,6.11,263.76,3.08,13.187,False,True,True,0,0,0,0,True,
688018.SH,688018,688018,乐鑫科技,科创板,沪市,科创板,801080.SI,电子,801081.SI,半导体,半导体,L,20190722,2636,7.22,116.9,-0.637,15.0,False,True,True,0,0,0,0,True,
688019.SH,688019,688019,安集科技,科创板,沪市,科创板,801080.SI,电子,801086.SI,电子化学品Ⅱ,电子化学品Ⅱ,L,20190722,2636,7.22,201.4,-1.376,15.278,False,True,True,0,0,0,0,True,
688020.SH,688020,688020,方邦股份,科创板,沪市,科创板,801080.SI,电子,801083.SI,元件,元件,L,20190722,2636,7.22,117.78,-6.568,25.0,False,True,True,0,0,0,0,True,
688021.SH,688021,688021,奥福科技,科创板,沪市,科创板,801880.SI,汽车,801093.SI,汽车零部件,汽车零部件,L,20191106,2529,6.92,19.57,-1.51,12.0,False,True,True,0,0,0,0,True,
688023.SH,688023,688023,安恒信息,科创板,沪市,科创板,801750.SI,计算机,801104.SI,软件开发,软件开发,L,20191105,2530,6.93,48.81,9.735,13.793,False,True,True,0,0,0,0,True,
688025.SH,688025,688025,杰普特,科创板,沪市,科创板,801890.SI,机械设备,801078.SI,自动化设备,自动化设备,L,20191031,2535,6.94,394.32,1.258,15.217,False,True,True,0,0,0,0,True,
688026.SH,688026,688026,洁特生物,科创板,沪市,科创板,801150.SI,医药生物,801153.SI,医疗器械,医疗器械,L,20200122,2452,6.71,27.95,-4.444,15.152,False,True,True,0,0,0,0,True,
688027.SH,688027,688027,国盾量子,科创板,沪市,科创板,801770.SI,通信,801102.SI,通信设备,通信设备,L,20200709,2283,6.25,318.07,0.987,19.355,False,True,True,0,0,0,0,True,
688028.SH,688028,688028,沃尔德,科创板,沪市,科创板,801890.SI,机械设备,801072.SI,通用设备,通用设备,L,20190722,2636,7.22,98.8,-1.672,24.658,False,True,True,0,0,0,0,True,
688029.SH,688029,688029,南微医学,科创板,沪市,科创板,801150.SI,医药生物,801153.SI,医疗器械,医疗器械,L,20190722,2636,7.22,83.3,2.967,15.556,False,True,True,0,0,0,0,True,
688030.SH,688030,688030,山石网科,科创板,沪市,科创板,801750.SI,计算机,801104.SI,软件开发,软件开发,L,20190930,2566,7.03,19.92,2.469,17.778,False,True,True,0,0,0,0,True,
688031.SH,688031,688031,星环科技,科创板,沪市,科创板,801750.SI,计算机,801104.SI,软件开发,软件开发,L,20221018,1452,3.98,84.82,-1.669,25.49,False,True,True,0,0,0,0,True,
688032.SH,688032,688032,禾迈股份,科创板,沪市,科创板,801730.SI,电力设备,801735.SI,光伏设备,光伏设备,L,20211220,1754,4.8,68.11,1.128,28.571,False,True,True,0,0,0,0,True,
688035.SH,688035,688035,德邦科技,科创板,沪市,科创板,801080.SI,电子,801086.SI,电子化学品Ⅱ,电子化学品Ⅱ,L,20220919,1481,4.05,63.47,-4.413,22.581,False,True,True,0,0,0,0,True,
688036.SH,688036,688036,传音控股,科创板,沪市,科创板,801080.SI,电子,801085.SI,消费电子,消费电子,L,20190930,2566,7.03,48.95,6.182,20.0,False,True,True,0,0,0,0,True,
688037.SH,688037,688037,芯源微,科创板,沪市,科创板,801080.SI,电子,801081.SI,半导体,半导体,L,20191216,2489,6.81,307.54,-1.312,16.049,False,True,True,0,0,0,0,True,
688038.SH,688038,688038,中科通达,科创板,沪市,科创板,801750.SI,计算机,801104.SI,软件开发,软件开发,L,20210713,1914,5.24,18.48,0.0,13.043,False,True,True,0,0,0,0,True,
688039.SH,688039,688039,当虹科技,科创板,沪市,科创板,801750.SI,计算机,801103.SI,IT服务Ⅱ,IT服务Ⅱ,L,20191211,2494,6.83,33.81,3.903,11.765,False,True,True,0,0,0,0,True,
688041.SH,688041,688041,海光信息,科创板,沪市,科创板,801080.SI,电子,801081.SI,半导体,半导体,L,20220812,1519,4.16,219.59,-0.426,43.307,False,True,True,0,0,0,0,True,
688045.SH,688045,688045,必易微,科创板,沪市,科创板,801080.SI,电子,801081.SI,半导体,半导体,L,20220526,1597,4.37,52.01,-2.512,14.685,False,True,True,0,0,0,0,True,
688046.SH,688046,688046,药康生物,科创板,沪市,科创板,801150.SI,医药生物,801156.SI,医疗服务,医疗服务,L,20220425,1628,4.46,34.63,-2.451,18.644,False,True,True,0,0,0,0,True,
688047.SH,688047,688047,龙芯中科,科创板,沪市,科创板,801080.SI,电子,801081.SI,半导体,半导体,L,20220624,1568,4.29,95.83,0.662,40.58,False,True,True,0,0,0,0,True,
688048.SH,688048,688048,长光华芯,科创板,沪市,科创板,801080.SI,电子,801081.SI,半导体,半导体,L,20220401,1652,4.52,219.2,-5.419,40.86,False,True,True,0,0,0,0,True,
688049.SH,688049,688049,炬芯科技,科创板,沪市,科创板,801080.SI,电子,801081.SI,半导体,半导体,L,20211129,1775,4.86,42.9,1.06,12.329,False,True,True,0,0,0,0,True,
688050.SH,688050,688050,爱博医疗,科创板,沪市,科创板,801150.SI,医药生物,801153.SI,医疗器械,医疗器械,L,20200729,2263,6.2,39.16,3.625,9.091,False,True,True,0,0,0,0,True,
688051.SH,688051,688051,佳华科技,科创板,沪市,科创板,801750.SI,计算机,801103.SI,IT服务Ⅱ,IT服务Ⅱ,L,20200320,2394,6.55,25.18,2.776,10.0,False,True,True,0,0,0,0,True,
688052.SH,688052,688052,纳芯微,科创板,沪市,科创板,801080.SI,电子,801081.SI,半导体,半导体,L,20220422,1631,4.47,206.77,-1.43,20.455,False,True,True,0,0,0,0,True,
688055.SH,688055,688055,龙腾光电,科创板,沪市,科创板,801080.SI,电子,801084.SI,光学光电子,光学光电子,L,20200817,2244,6.14,3.5,-0.285,39.535,False,True,True,0,0,0,0,True,
688056.SH,688056,688056,莱伯泰科,科创板,沪市,科创板,801890.SI,机械设备,801072.SI,通用设备,通用设备,L,20200902,2228,6.1,47.17,4.174,25.424,False,True,True,0,0,0,0,True,
688057.SH,688057,688057,金达莱,科创板,沪市,科创板,801970.SI,环保,801971.SI,环境治理,环境治理,L,20201111,2158,5.91,17.7,-1.283,15.0,False,True,True,0,0,0,0,True,
688058.SH,688058,688058,宝兰德,科创板,沪市,科创板,801750.SI,计算机,801104.SI,软件开发,软件开发,L,20191101,2534,6.94,25.77,2.059,16.667,False,True,True,0,0,0,0,True,
688059.SH,688059,688059,华锐精密,科创板,沪市,科创板,801890.SI,机械设备,801072.SI,通用设备,通用设备,L,20210208,2069,5.66,77.28,-3.641,13.953,False,True,True,0,0,0,0,True,
688060.SH,688060,688060,云涌科技,科创板,沪市,科创板,801750.SI,计算机,801101.SI,计算机设备,计算机设备,L,20200710,2282,6.25,36.15,1.317,33.333,False,True,True,0,0,0,0,True,
688061.SH,688061,688061,灿瑞科技,科创板,沪市,科创板,801080.SI,电子,801081.SI,半导体,半导体,L,20221018,1452,3.98,39.32,-2.018,21.333,False,True,True,0,0,0,0,True,
688062.SH,688062,688062,迈威生物,科创板,沪市,科创板,801150.SI,医药生物,801151.SI,化学制药,化学制药,L,20220118,1725,4.72,24.78,1.85,19.403,False,True,True,0,0,0,0,True,
688063.SH,688063,688063,派能科技,科创板,沪市,科创板,801730.SI,电力设备,801737.SI,电池,电池,L,20201230,2109,5.77,42.11,2.209,16.667,False,True,True,0,0,0,0,True,
688065.SH,688065,688065,凯赛生物,科创板,沪市,科创板,801030.SI,基础化工,801034.SI,化学制品,化学制品,L,20200812,2249,6.16,38.46,1.962,22.5,False,True,True,0,0,0,0,True,
688067.SH,688067,688067,爱威科技,科创板,沪市,科创板,801150.SI,医药生物,801153.SI,医疗器械,医疗器械,L,20210616,1941,5.31,24.07,-0.537,15.789,False,True,True,0,0,0,0,True,
688068.SH,688068,688068,热景生物,科创板,沪市,科创板,801150.SI,医药生物,801153.SI,医疗器械,医疗器械,L,20190930,2566,7.03,84.54,-1.1,23.077,False,True,True,0,0,0,0,True,
688069.SH,688069,688069,德林海,科创板,沪市,科创板,801970.SI,环保,801971.SI,环境治理,环境治理,L,20200722,2270,6.21,34.0,-0.205,16.667,False,True,True,0,0,0,0,True,
688070.SH,688070,688070,纵横股份,科创板,沪市,科创板,801740.SI,国防军工,801742.SI,航空装备Ⅱ,航空装备Ⅱ,L,20210210,2067,5.66,33.96,1.313,11.364,False,True,True,0,0,0,0,True,
688071.SH,688071,688071,华依科技,科创板,沪市,科创板,801890.SI,机械设备,801074.SI,专用设备,专用设备,L,20210729,1898,5.2,35.35,4.865,11.494,False,True,True,0,0,0,0,True,
688073.SH,688073,688073,毕得医药,科创板,沪市,科创板,801150.SI,医药生物,801156.SI,医疗服务,医疗服务,L,20221011,1459,3.99,70.5,-0.424,20.0,False,True,True,0,0,0,0,True,
688075.SH,688075,688075,安旭生物,科创板,沪市,科创板,801150.SI,医药生物,801153.SI,医疗器械,医疗器械,L,20211118,1786,4.89,30.89,0.816,36.667,False,True,True,0,0,0,0,True,
688077.SH,688077,688077,大地熊,科创板,沪市,科创板,801050.SI,有色金属,801051.SI,金属新材料,金属新材料,L,20200722,2270,6.21,26.71,-0.706,11.111,False,True,True,0,0,0,0,True,
688078.SH,688078,688078,龙软科技,科创板,沪市,科创板,801750.SI,计算机,801104.SI,软件开发,软件开发,L,20191230,2475,6.78,29.88,-1.451,28.986,False,True,True,0,0,0,0,True,
688079.SH,688079,688079,美迪凯,科创板,沪市,科创板,801080.SI,电子,801084.SI,光学光电子,光学光电子,L,20210302,2047,5.6,14.04,-3.439,20.482,False,True,True,0,0,0,0,True,
688080.SH,688080,688080,映翰通,科创板,沪市,科创板,801770.SI,通信,801102.SI,通信设备,通信设备,L,20200212,2431,6.66,35.9,0.195,12.903,False,True,True,0,0,0,0,True,
688081.SH,688081,688081,兴图新科,科创板,沪市,科创板,801740.SI,国防军工,801745.SI,军工电子Ⅱ,军工电子Ⅱ,L,20200106,2468,6.76,23.95,-2.997,26.471,False,True,True,0,0,0,0,True,
688082.SH,688082,688082,盛美上海,科创板,沪市,科创板,801080.SI,电子,801081.SI,半导体,半导体,L,20211118,1786,4.89,265.96,-2.657,36.842,False,True,True,0,0,0,0,True,
688083.SH,688083,688083,中望软件,科创板,沪市,科创板,801750.SI,计算机,801104.SI,软件开发,软件开发,L,20210311,2038,5.58,50.9,6.53,11.538,False,True,True,0,0,0,0,True,
688084.SH,688084,688084,晶品特装,科创板,沪市,科创板,801740.SI,国防军工,801745.SI,军工电子Ⅱ,军工电子Ⅱ,L,20221208,1401,3.84,39.7,-1.293,16.071,False,True,True,0,0,0,0,True,
688085.SH,688085,688085,三友医疗,科创板,沪市,科创板,801150.SI,医药生物,801153.SI,医疗器械,医疗器械,L,20200409,2374,6.5,13.26,2.079,15.385,False,True,True,0,0,0,0,True,
688087.SH,688087,688087,英科再生,科创板,沪市,科创板,801030.SI,基础化工,801036.SI,塑料,塑料,L,20210709,1918,5.25,31.29,-0.509,18.868,False,True,True,0,0,0,0,True,
688088.SH,688088,688088,虹软科技,科创板,沪市,科创板,801750.SI,计算机,801103.SI,IT服务Ⅱ,IT服务Ⅱ,L,20190722,2636,7.22,28.61,4.416,23.077,False,True,True,0,0,0,0,True,
688090.SH,688090,688090,瑞松科技,科创板,沪市,科创板,801890.SI,机械设备,801078.SI,自动化设备,自动化设备,L,20200217,2426,6.64,66.72,-0.611,23.636,False,True,True,0,0,0,0,True,
688091.SH,688091,688091,上海谊众,科创板,沪市,科创板,801150.SI,医药生物,801151.SI,化学制药,化学制药,L,20210909,1856,5.08,36.8,0.601,11.25,False,True,True,0,0,0,0,True,
688092.SH,688092,688092,爱科科技,科创板,沪市,科创板,801890.SI,机械设备,801074.SI,专用设备,专用设备,L,20210319,2030,5.56,22.02,-0.497,25.0,False,True,True,0,0,0,0,True,
688093.SH,688093,688093,世华科技,科创板,沪市,科创板,801080.SI,电子,801082.SI,其他电子Ⅱ,其他电子Ⅱ,L,20200930,2200,6.02,20.88,-1.509,46.97,False,True,True,0,0,0,0,True,
688095.SH,688095,688095,福昕软件,科创板,沪市,科创板,801750.SI,计算机,801104.SI,软件开发,软件开发,L,20200908,2222,6.08,56.36,7.763,12.821,False,True,True,0,0,0,0,True,
688096.SH,688096,688096,京源环保,科创板,沪市,科创板,801970.SI,环保,801971.SI,环境治理,环境治理,L,20200409,2374,6.5,8.06,0.374,14.103,False,True,True,0,0,0,0,True,
688097.SH,688097,688097,博众精工,科创板,沪市,科创板,801890.SI,机械设备,801078.SI,自动化设备,自动化设备,L,20210512,1976,5.41,38.77,-2.096,38.043,False,True,True,0,0,0,0,True,
688098.SH,688098,688098,申联生物,科创板,沪市,科创板,801010.SI,农林牧渔,801018.SI,动物保健Ⅱ,动物保健Ⅱ,L,20191028,2538,6.95,8.32,-1.07,13.953,False,True,True,0,0,0,0,True,
688099.SH,688099,688099,晶晨股份,科创板,沪市,科创板,801080.SI,电子,801081.SI,半导体,半导体,L,20190808,2619,7.17,99.71,5.435,12.658,False,True,True,0,0,0,0,True,
688100.SH,688100,688100,威胜信息,科创板,沪市,科创板,801770.SI,通信,801102.SI,通信设备,通信设备,L,20200121,2453,6.72,25.25,4.081,46.309,False,True,True,0,0,0,0,True,
688101.SH,688101,688101,三达膜,科创板,沪市,科创板,801970.SI,环保,801971.SI,环境治理,环境治理,L,20191115,2520,6.9,14.29,0.14,21.429,False,True,True,0,0,0,0,True,
688102.SH,688102,688102,斯瑞新材,科创板,沪市,科创板,801050.SI,有色金属,801051.SI,金属新材料,金属新材料,L,20220316,1668,4.57,27.17,-4.432,28.125,False,True,True,0,0,0,0,True,
688103.SH,688103,688103,国力电子,科创板,沪市,科创板,801080.SI,电子,801082.SI,其他电子Ⅱ,其他电子Ⅱ,L,20210910,1855,5.08,68.11,-3.417,18.548,False,True,True,0,0,0,0,True,
688105.SH,688105,688105,诺唯赞,科创板,沪市,科创板,801150.SI,医药生物,801152.SI,生物制品,生物制品,L,20211115,1789,4.9,26.6,1.527,27.273,False,True,True,0,0,0,0,True,
688106.SH,688106,688106,金宏气体,科创板,沪市,科创板,801080.SI,电子,801086.SI,电子化学品Ⅱ,电子化学品Ⅱ,L,20200616,2306,6.31,23.9,-1.24,11.94,False,True,True,0,0,0,0,True,
688107.SH,688107,688107,安路科技,科创板,沪市,科创板,801080.SI,电子,801081.SI,半导体,半导体,L,20211112,1792,4.91,26.34,-0.754,18.421,False,True,True,0,0,0,0,True,
688108.SH,688108,688108,赛诺医疗,科创板,沪市,科创板,801150.SI,医药生物,801153.SI,医疗器械,医疗器械,L,20191030,2536,6.94,15.94,3.238,20.37,False,True,True,0,0,0,0,True,
688109.SH,688109,688109,品茗科技,科创板,沪市,科创板,801750.SI,计算机,801104.SI,软件开发,软件开发,L,20210330,2019,5.53,62.67,-2.398,16.923,False,True,True,0,0,0,0,True,
688110.SH,688110,688110,东芯股份,科创板,沪市,科创板,801080.SI,电子,801081.SI,半导体,半导体,L,20211210,1764,4.83,104.38,-1.277,10.959,False,True,True,0,0,0,0,True,
688111.SH,688111,688111,金山办公,科创板,沪市,科创板,801750.SI,计算机,801104.SI,软件开发,软件开发,L,20191118,2517,6.89,228.95,4.548,19.048,False,True,True,0,0,0,0,True,
688112.SH,688112,688112,鼎阳科技,科创板,沪市,科创板,801890.SI,机械设备,801072.SI,通用设备,通用设备,L,20211201,1773,4.85,87.36,-4.712,20.126,False,True,True,0,0,0,0,True,
688113.SH,688113,688113,联测科技,科创板,沪市,科创板,801890.SI,机械设备,801074.SI,专用设备,专用设备,L,20210506,1982,5.43,36.42,-0.137,11.667,False,True,True,0,0,0,0,True,
688114.SH,688114,688114,华大智造,科创板,沪市,科创板,801150.SI,医药生物,801153.SI,医疗器械,医疗器械,L,20220909,1491,4.08,67.95,2.088,23.529,False,True,True,0,0,0,0,True,
688115.SH,688115,688115,思林杰,科创板,沪市,科创板,801890.SI,机械设备,801072.SI,通用设备,通用设备,L,20220314,1670,4.57,57.23,-5.028,15.73,False,True,True,0,0,0,0,True,
688116.SH,688116,688116,天奈科技,科创板,沪市,科创板,801730.SI,电力设备,801737.SI,电池,电池,L,20190925,2571,7.04,34.4,1.325,7.143,False,True,True,0,0,0,0,True,
688117.SH,688117,688117,圣诺生物,科创板,沪市,科创板,801150.SI,医药生物,801151.SI,化学制药,化学制药,L,20210603,1954,5.35,18.03,0.278,30.612,False,True,True,0,0,0,0,True,
688118.SH,688118,688118,普元信息,科创板,沪市,科创板,801750.SI,计算机,801104.SI,软件开发,软件开发,L,20191204,2501,6.85,19.89,2.315,10.0,False,True,True,0,0,0,0,True,
688119.SH,688119,688119,中钢洛耐,科创板,沪市,科创板,801710.SI,建筑材料,801713.SI,装修建材,装修建材,L,20220606,1586,4.34,3.79,1.609,30.0,False,True,True,0,0,0,0,True,
688120.SH,688120,688120,华海清科,科创板,沪市,科创板,801080.SI,电子,801081.SI,半导体,半导体,L,20220608,1584,4.34,225.37,1.381,15.789,False,True,True,0,0,0,0,True,
688122.SH,688122,688122,西部超导,科创板,沪市,科创板,801740.SI,国防军工,801742.SI,航空装备Ⅱ,航空装备Ⅱ,L,20190722,2636,7.22,54.78,4.902,10.526,False,True,True,0,0,0,0,True,
688123.SH,688123,688123,聚辰股份,科创板,沪市,科创板,801080.SI,电子,801081.SI,半导体,半导体,L,20191223,2482,6.8,147.35,-2.112,20.155,False,True,True,0,0,0,0,True,
688125.SH,688125,688125,安达智能,科创板,沪市,科创板,801890.SI,机械设备,801078.SI,自动化设备,自动化设备,L,20220415,1638,4.48,105.63,-1.114,45.455,False,True,True,0,0,0,0,True,
688126.SH,688126,688126,沪硅产业,科创板,沪市,科创板,801080.SI,电子,801081.SI,半导体,半导体,L,20200420,2363,6.47,21.37,-0.927,16.393,False,True,True,0,0,0,0,True,
688127.SH,688127,688127,蓝特光学,科创板,沪市,科创板,801080.SI,电子,801084.SI,光学光电子,光学光电子,L,20200921,2209,6.05,55.48,-4.229,14.458,False,True,True,0,0,0,0,True,
688128.SH,688128,688128,中国电研,科创板,沪市,科创板,801890.SI,机械设备,801074.SI,专用设备,专用设备,L,20191105,2530,6.93,21.66,-1.141,27.273,False,True,True,0,0,0,0,True,
688129.SH,688129,688129,东来技术,科创板,沪市,科创板,801030.SI,基础化工,801034.SI,化学制品,化学制品,L,20201023,2177,5.96,22.39,0.089,25.676,False,True,True,0,0,0,0,True,
688130.SH,688130,688130,晶华微,科创板,沪市,科创板,801080.SI,电子,801081.SI,半导体,半导体,L,20220729,1533,4.2,23.66,-3.586,16.667,False,True,True,0,0,0,0,True,
688131.SH,688131,688131,皓元医药,科创板,沪市,科创板,801150.SI,医药生物,801156.SI,医疗服务,医疗服务,L,20210608,1949,5.34,93.16,-1.052,13.514,False,True,True,0,0,0,0,True,
688132.SH,688132,688132,邦彦技术,科创板,沪市,科创板,801740.SI,国防军工,801745.SI,军工电子Ⅱ,军工电子Ⅱ,L,20220923,1477,4.04,15.72,-0.254,23.077,False,True,True,0,0,0,0,True,
688133.SH,688133,688133,泰坦科技,科创板,沪市,科创板,801030.SI,基础化工,801034.SI,化学制品,化学制品,L,20201030,2170,5.94,21.15,2.471,14.815,False,True,True,0,0,0,0,True,
688135.SH,688135,688135,利扬芯片,科创板,沪市,科创板,801080.SI,电子,801081.SI,半导体,半导体,L,20201111,2158,5.91,34.93,-1.076,12.632,False,True,True,0,0,0,0,True,
688136.SH,688136,688136,科兴制药,科创板,沪市,科创板,801150.SI,医药生物,801152.SI,生物制品,生物制品,L,20201214,2125,5.82,23.24,-0.514,17.021,False,True,True,0,0,0,0,True,
688137.SH,688137,688137,近岸蛋白,科创板,沪市,科创板,801150.SI,医药生物,801152.SI,生物制品,生物制品,L,20220929,1471,4.03,161.18,7.453,16.304,False,True,True,0,0,0,0,True,
688138.SH,688138,688138,清溢光电,科创板,沪市,科创板,801080.SI,电子,801081.SI,半导体,半导体,L,20191120,2515,6.89,32.31,-4.606,17.582,False,True,True,0,0,0,0,True,
688139.SH,688139,688139,海尔生物,科创板,沪市,科创板,801150.SI,医药生物,801153.SI,医疗器械,医疗器械,L,20191025,2541,6.96,35.13,1.093,23.077,False,True,True,0,0,0,0,True,
688141.SH,688141,688141,杰华特,科创板,沪市,科创板,801080.SI,电子,801081.SI,半导体,半导体,L,20221223,1386,3.79,86.66,-4.127,27.273,False,True,True,0,0,0,0,True,
688143.SH,688143,688143,长盈通,科创板,沪市,科创板,801770.SI,通信,801102.SI,通信设备,通信设备,L,20221212,1397,3.82,163.03,1.709,19.277,False,True,True,0,0,0,4,True,
688146.SH,688146,688146,中船特气,科创板,沪市,科创板,801080.SI,电子,801081.SI,半导体,半导体,L,20230421,1267,3.47,177.8,-2.953,24.194,False,True,True,0,0,0,4,True,
688147.SH,688147,688147,微导纳米,科创板,沪市,科创板,801730.SI,电力设备,801735.SI,光伏设备,光伏设备,L,20221223,1386,3.79,89.01,-0.269,23.913,False,True,True,0,0,0,0,True,
688148.SH,688148,688148,芳源股份,科创板,沪市,科创板,801730.SI,电力设备,801737.SI,电池,电池,L,20210806,1890,5.17,6.21,2.475,13.333,False,True,True,0,0,0,0,True,
688150.SH,688150,688150,莱特光电,科创板,沪市,科创板,801080.SI,电子,801086.SI,电子化学品Ⅱ,电子化学品Ⅱ,L,20220318,1666,4.56,35.15,-4.846,17.647,False,True,True,0,0,0,0,True,
688151.SH,688151,688151,华强科技,科创板,沪市,科创板,801150.SI,医药生物,801153.SI,医疗器械,医疗器械,L,20211206,1768,4.84,16.24,-1.277,16.667,False,True,True,0,0,0,0,True,
688152.SH,688152,688152,麒麟信安,科创板,沪市,科创板,801750.SI,计算机,801104.SI,软件开发,软件开发,L,20221028,1442,3.95,45.85,19.995,13.846,False,True,True,0,0,0,0,True,
688153.SH,688153,688153,唯捷创芯,科创板,沪市,科创板,801080.SI,电子,801081.SI,半导体,半导体,L,20220412,1641,4.49,24.07,-1.069,23.438,False,True,True,0,0,0,0,True,
688155.SH,688155,688155,先惠技术,科创板,沪市,科创板,801730.SI,电力设备,801737.SI,电池,电池,L,20200811,2250,6.16,56.25,-1.246,14.706,False,True,True,0,0,0,0,True,
688156.SH,688156,688156,路德科技,科创板,沪市,科创板,801010.SI,农林牧渔,801014.SI,饲料,饲料,L,20200922,2208,6.05,22.8,-6.404,9.565,False,True,True,0,0,0,0,True,
688157.SH,688157,688157,松井股份,科创板,沪市,科创板,801030.SI,基础化工,801034.SI,化学制品,化学制品,L,20200609,2313,6.33,18.09,-2.11,21.053,False,True,True,0,0,0,0,True,
688158.SH,688158,688158,优刻得,科创板,沪市,科创板,801750.SI,计算机,801103.SI,IT服务Ⅱ,IT服务Ⅱ,L,20200120,2454,6.72,27.37,0.514,17.687,False,True,True,0,0,0,0,True,
688159.SH,688159,688159,有方科技,科创板,沪市,科创板,801770.SI,通信,801102.SI,通信设备,通信设备,L,20200123,2451,6.71,35.15,1.385,11.364,False,True,True,0,0,0,0,True,
688160.SH,688160,688160,步科股份,科创板,沪市,科创板,801890.SI,机械设备,801078.SI,自动化设备,自动化设备,L,20201112,2157,5.91,88.92,1.495,19.2,False,True,True,0,0,0,0,True,
688161.SH,688161,688161,威高骨科,科创板,沪市,科创板,801150.SI,医药生物,801153.SI,医疗器械,医疗器械,L,20210630,1927,5.28,22.94,2.87,38.462,False,True,True,0,0,0,0,True,
688162.SH,688162,688162,巨一科技,科创板,沪市,科创板,801890.SI,机械设备,801074.SI,专用设备,专用设备,L,20211110,1794,4.91,24.56,-1.563,31.429,False,True,True,0,0,0,0,True,
688163.SH,688163,688163,赛伦生物,科创板,沪市,科创板,801150.SI,医药生物,801152.SI,生物制品,生物制品,L,20220311,1673,4.58,34.87,-1.218,27.778,False,True,True,0,0,0,0,True,
688165.SH,688165,688165,埃夫特,科创板,沪市,科创板,801890.SI,机械设备,801078.SI,自动化设备,自动化设备,L,20200715,2277,6.23,14.36,0.279,30.488,False,True,True,0,0,0,0,True,
688166.SH,688166,688166,博瑞医药,科创板,沪市,科创板,801150.SI,医药生物,801151.SI,化学制药,化学制药,L,20191108,2527,6.92,33.53,0.299,12.5,False,True,True,0,0,0,0,True,
688167.SH,688167,688167,炬光科技,科创板,沪市,科创板,801080.SI,电子,801081.SI,半导体,半导体,L,20211224,1750,4.79,238.0,-2.809,17.857,False,True,True,0,0,0,0,True,
688168.SH,688168,688168,安博通,科创板,沪市,科创板,801750.SI,计算机,801104.SI,软件开发,软件开发,L,20190906,2590,7.09,39.56,0.304,21.429,False,True,True,0,0,0,0,True,
688169.SH,688169,688169,石头科技,科创板,沪市,科创板,801110.SI,家用电器,801113.SI,小家电,小家电,L,20200221,2422,6.63,108.14,0.924,20.513,False,True,True,0,0,0,0,True,
688170.SH,688170,688170,德龙激光,科创板,沪市,科创板,801890.SI,机械设备,801078.SI,自动化设备,自动化设备,L,20220429,1624,4.45,56.0,-5.389,17.857,False,True,True,0,0,0,0,True,
688171.SH,688171,688171,纬德信息,科创板,沪市,科创板,801750.SI,计算机,801104.SI,软件开发,软件开发,L,20220127,1716,4.7,25.9,7.291,18.0,False,True,True,0,0,0,0,True,
688172.SH,688172,688172,燕东微,科创板,沪市,科创板,801080.SI,电子,801081.SI,半导体,半导体,L,20221216,1393,3.81,39.55,-1.983,56.489,False,True,True,0,0,0,0,True,
688173.SH,688173,688173,希荻微,科创板,沪市,科创板,801080.SI,电子,801081.SI,半导体,半导体,L,20220121,1722,4.71,12.13,-1.542,13.846,False,True,True,0,0,0,0,True,
688175.SH,688175,688175,高凌信息,科创板,沪市,科创板,801740.SI,国防军工,801745.SI,军工电子Ⅱ,军工电子Ⅱ,L,20220315,1669,4.57,30.66,-0.905,42.697,False,True,True,0,0,0,0,True,
688176.SH,688176,688176,亚虹医药,科创板,沪市,科创板,801150.SI,医药生物,801151.SI,化学制药,化学制药,L,20220107,1736,4.75,13.47,4.096,16.541,False,True,True,0,0,0,0,True,
688177.SH,688177,688177,百奥泰,科创板,沪市,科创板,801150.SI,医药生物,801152.SI,生物制品,生物制品,L,20200221,2422,6.63,19.3,0.364,22.449,False,True,True,0,0,0,0,True,
688178.SH,688178,688178,万德斯,科创板,沪市,科创板,801970.SI,环保,801971.SI,环境治理,环境治理,L,20200114,2460,6.74,28.81,1.623,12.676,False,True,True,0,0,0,0,True,
688179.SH,688179,688179,阿拉丁,科创板,沪市,科创板,801030.SI,基础化工,801034.SI,化学制品,化学制品,L,20201026,2174,5.95,20.1,-0.149,19.643,False,True,True,0,0,0,0,True,
688180.SH,688180,688180,君实生物,科创板,沪市,科创板,801150.SI,医药生物,801152.SI,生物制品,生物制品,L,20200715,2277,6.23,33.83,1.227,18.182,False,True,True,0,0,0,0,True,
688181.SH,688181,688181,八亿时空,科创板,沪市,科创板,801080.SI,电子,801084.SI,光学光电子,光学光电子,L,20200106,2468,6.76,38.61,-2.746,17.273,False,True,True,0,0,0,0,True,
688182.SH,688182,688182,灿勤科技,科创板,沪市,科创板,801770.SI,通信,801102.SI,通信设备,通信设备,L,20211116,1788,4.9,24.74,-3.359,25.714,False,True,True,0,0,0,0,True,
688183.SH,688183,688183,生益电子,科创板,沪市,科创板,801080.SI,电子,801083.SI,元件,元件,L,20210225,2052,5.62,101.2,-3.821,19.333,False,True,True,0,0,0,0,True,
688185.SH,688185,688185,康希诺,科创板,沪市,科创板,801150.SI,医药生物,801152.SI,生物制品,生物制品,L,20200813,2248,6.15,98.46,-1.105,21.739,False,True,True,0,0,0,0,True,
688186.SH,688186,688186,广大特材,科创板,沪市,科创板,801730.SI,电力设备,801736.SI,风电设备,风电设备,L,20200211,2432,6.66,14.23,0.494,8.333,False,True,True,0,0,0,0,True,
688187.SH,688187,688187,时代电气,科创板,沪市,科创板,801890.SI,机械设备,801076.SI,轨交设备Ⅱ,轨交设备Ⅱ,L,20210907,1858,5.09,46.05,4.256,28.049,False,True,True,0,0,0,0,True,
688188.SH,688188,688188,柏楚电子,科创板,沪市,科创板,801750.SI,计算机,801101.SI,计算机设备,计算机设备,L,20190808,2619,7.17,95.32,0.761,14.706,False,True,True,0,0,0,0,True,
688190.SH,688190,688190,云路股份,科创板,沪市,科创板,801050.SI,有色金属,801051.SI,金属新材料,金属新材料,L,20211126,1778,4.87,66.17,1.55,47.561,False,True,True,0,0,0,0,True,
688191.SH,688191,688191,智洋创新,科创板,沪市,科创板,801730.SI,电力设备,801738.SI,电网设备,电网设备,L,20210408,2010,5.5,18.15,-1.466,19.512,False,True,True,0,0,0,0,True,
688192.SH,688192,688192,迪哲医药,科创板,沪市,科创板,801150.SI,医药生物,801151.SI,化学制药,化学制药,L,20211210,1764,4.83,59.95,2.83,13.103,False,True,True,0,0,0,0,True,
688193.SH,688193,688193,仁度生物,科创板,沪市,科创板,801150.SI,医药生物,801153.SI,医疗器械,医疗器械,L,20220330,1654,4.53,51.5,-0.809,15.306,False,True,True,0,0,0,0,True,
688195.SH,688195,688195,腾景科技,科创板,沪市,科创板,801080.SI,电子,801084.SI,光学光电子,光学光电子,L,20210326,2023,5.54,158.02,-0.428,17.391,False,True,True,0,0,0,0,True,
688196.SH,688196,688196,卓越新能,科创板,沪市,科创板,801030.SI,基础化工,801034.SI,化学制品,化学制品,L,20191121,2514,6.88,36.63,1.412,15.909,False,True,True,0,0,0,0,True,
688197.SH,688197,688197,首药控股,科创板,沪市,科创板,801150.SI,医药生物,801151.SI,化学制药,化学制药,L,20220323,1661,4.55,35.51,2.187,16.667,False,True,True,0,0,0,0,True,
688198.SH,688198,688198,佰仁医疗,科创板,沪市,科创板,801150.SI,医药生物,801153.SI,医疗器械,医疗器械,L,20191209,2496,6.83,69.83,3.299,46.341,False,True,True,0,0,0,0,True,
688199.SH,688199,688199,久日新材,科创板,沪市,科创板,801030.SI,基础化工,801034.SI,化学制品,化学制品,L,20191105,2530,6.93,26.03,2.44,11.29,False,True,True,0,0,0,0,True,
688200.SH,688200,688200,华峰测控,科创板,沪市,科创板,801080.SI,电子,801081.SI,半导体,半导体,L,20200218,2425,6.64,351.05,-4.37,13.483,False,True,True,0,0,0,0,True,
688202.SH,688202,688202,美迪西,科创板,沪市,科创板,801150.SI,医药生物,801156.SI,医疗服务,医疗服务,L,20191105,2530,6.93,104.0,-1.729,16.129,False,True,True,0,0,0,0,True,
688203.SH,688203,688203,海正生材,科创板,沪市,科创板,801030.SI,基础化工,801036.SI,塑料,塑料,L,20220816,1515,4.15,19.22,4.173,25.51,False,True,True,0,0,0,0,True,
688205.SH,688205,688205,德科立,科创板,沪市,科创板,801770.SI,通信,801102.SI,通信设备,通信设备,L,20220809,1522,4.17,183.61,0.044,18.321,False,True,True,0,0,0,0,True,
688206.SH,688206,688206,概伦电子,科创板,沪市,科创板,801750.SI,计算机,801104.SI,软件开发,软件开发,L,20211228,1746,4.78,33.74,2.026,21.875,False,True,True,0,0,0,0,True,
688207.SH,688207,688207,格灵深瞳,科创板,沪市,科创板,801750.SI,计算机,801103.SI,IT服务Ⅱ,IT服务Ⅱ,L,20220317,1667,4.56,18.4,1.77,11.458,False,True,True,0,0,0,0,True,
688208.SH,688208,688208,道通科技,科创板,沪市,科创板,801750.SI,计算机,801101.SI,计算机设备,计算机设备,L,20200213,2430,6.65,24.4,2.306,13.725,False,True,True,0,0,0,0,True,
688209.SH,688209,688209,英集芯,科创板,沪市,科创板,801080.SI,电子,801081.SI,半导体,半导体,L,20220419,1634,4.47,28.8,-0.895,19.886,False,True,True,0,0,0,0,True,
688210.SH,688210,688210,统联精密,科创板,沪市,科创板,801080.SI,电子,801085.SI,消费电子,消费电子,L,20211227,1747,4.78,25.29,-0.472,24.658,False,True,True,0,0,0,0,True,
688211.SH,688211,688211,中科微至,科创板,沪市,科创板,801890.SI,机械设备,801074.SI,专用设备,专用设备,L,20211026,1809,4.95,31.18,0.581,18.519,False,True,True,0,0,0,0,True,
688212.SH,688212,688212,澳华内镜,科创板,沪市,科创板,801150.SI,医药生物,801153.SI,医疗器械,医疗器械,L,20211115,1789,4.9,27.08,0.707,14.035,False,True,True,0,0,0,0,True,
688213.SH,688213,688213,思特威,科创板,沪市,科创板,801080.SI,电子,801081.SI,半导体,半导体,L,20220520,1603,4.39,97.05,1.986,7.619,False,True,True,0,0,0,0,True,
688215.SH,688215,688215,瑞晟智能,科创板,沪市,科创板,801890.SI,机械设备,801078.SI,自动化设备,自动化设备,L,20200828,2233,6.11,41.17,0.073,21.429,False,True,True,0,0,0,0,True,
688216.SH,688216,688216,气派科技,科创板,沪市,科创板,801080.SI,电子,801081.SI,半导体,半导体,L,20210623,1934,5.3,35.85,-0.278,15.464,False,True,True,0,0,0,0,True,
688217.SH,688217,688217,睿昂基因,科创板,沪市,科创板,801150.SI,医药生物,801153.SI,医疗器械,医疗器械,L,20210517,1971,5.4,24.83,-1.624,15.0,False,True,True,0,0,0,0,True,
688218.SH,688218,688218,江苏北人,科创板,沪市,科创板,801890.SI,机械设备,801078.SI,自动化设备,自动化设备,L,20191211,2494,6.83,39.56,-3.512,8.911,False,True,True,0,0,0,0,True,
688219.SH,688219,688219,会通股份,科创板,沪市,科创板,801030.SI,基础化工,801036.SI,塑料,塑料,L,20201118,2151,5.89,10.22,0.69,20.0,False,True,True,0,0,0,0,True,
688220.SH,688220,688220,翱捷科技,科创板,沪市,科创板,801080.SI,电子,801081.SI,半导体,半导体,L,20220114,1729,4.73,83.59,-1.322,17.355,False,True,True,0,0,0,0,True,
688221.SH,688221,688221,前沿生物,科创板,沪市,科创板,801150.SI,医药生物,801151.SI,化学制药,化学制药,L,20201028,2172,5.95,15.85,0.0,15.476,False,True,True,0,0,0,0,True,
688222.SH,688222,688222,成都先导,科创板,沪市,科创板,801150.SI,医药生物,801156.SI,医疗服务,医疗服务,L,20200416,2367,6.48,41.45,-1.121,20.93,False,True,True,0,0,0,0,True,
688223.SH,688223,688223,晶科能源,科创板,沪市,科创板,801730.SI,电力设备,801735.SI,光伏设备,光伏设备,L,20220126,1717,4.7,3.89,2.639,20.513,False,True,True,0,0,0,0,True,
688225.SH,688225,688225,亚信安全,科创板,沪市,科创板,801750.SI,计算机,801104.SI,软件开发,软件开发,L,20220209,1703,4.66,16.51,10.805,21.127,False,True,True,0,0,0,0,True,
688226.SH,688226,688226,威腾电气,科创板,沪市,科创板,801730.SI,电力设备,801738.SI,电网设备,电网设备,L,20210707,1920,5.26,28.42,-2.571,9.459,False,True,True,0,0,0,0,True,
688227.SH,688227,688227,品高股份,科创板,沪市,科创板,801750.SI,计算机,801103.SI,IT服务Ⅱ,IT服务Ⅱ,L,20211230,1744,4.77,66.2,-1.751,16.049,False,True,True,0,0,0,0,True,
688228.SH,688228,688228,开普云,科创板,沪市,科创板,801750.SI,计算机,801103.SI,IT服务Ⅱ,IT服务Ⅱ,L,20200327,2387,6.54,85.98,0.093,15.873,False,True,True,0,0,0,0,True,
688229.SH,688229,688229,博睿数据,科创板,沪市,科创板,801750.SI,计算机,801103.SI,IT服务Ⅱ,IT服务Ⅱ,L,20200817,2244,6.14,58.97,3.022,20.37,False,True,True,0,0,0,0,True,
688230.SH,688230,688230,芯导科技,科创板,沪市,科创板,801080.SI,电子,801081.SI,半导体,半导体,L,20211201,1773,4.85,54.75,-0.436,32.812,False,True,True,0,0,0,0,True,
688231.SH,688231,688231,隆达股份,科创板,沪市,科创板,801050.SI,有色金属,801051.SI,金属新材料,金属新材料,L,20220722,1540,4.22,29.0,-4.101,21.25,False,True,True,0,0,0,0,True,
688232.SH,688232,688232,新点软件,科创板,沪市,科创板,801750.SI,计算机,801104.SI,软件开发,软件开发,L,20211117,1787,4.89,18.0,2.389,26.667,False,True,True,0,0,0,0,True,
688233.SH,688233,688233,神工股份,科创板,沪市,科创板,801080.SI,电子,801081.SI,半导体,半导体,L,20200221,2422,6.63,80.3,-3.636,20.732,False,True,True,0,0,0,0,True,
688234.SH,688234,688234,天岳先进,科创板,沪市,科创板,801080.SI,电子,801081.SI,半导体,半导体,L,20220112,1731,4.74,97.54,-4.839,15.254,False,True,True,0,0,0,0,True,
688235.SH,688235,688235,百济神州,科创板,沪市,科创板,801150.SI,医药生物,801151.SI,化学制药,化学制药,L,20211215,1759,4.82,249.42,-0.455,12.121,False,True,True,0,0,0,0,True,
688236.SH,688236,688236,春立医疗,科创板,沪市,科创板,801150.SI,医药生物,801153.SI,医疗器械,医疗器械,L,20211230,1744,4.77,14.21,1.139,40.816,False,True,True,0,0,0,0,True,
688238.SH,688238,688238,和元生物,科创板,沪市,科创板,801150.SI,医药生物,801156.SI,医疗服务,医疗服务,L,20220322,1662,4.55,8.58,3.874,21.429,False,True,True,0,0,0,0,True,
688239.SH,688239,688239,航宇科技,科创板,沪市,科创板,801740.SI,国防军工,801742.SI,航空装备Ⅱ,航空装备Ⅱ,L,20210705,1922,5.26,48.91,-5.084,14.607,False,True,True,0,0,0,0,True,
688244.SH,688244,688244,永信至诚,科创板,沪市,科创板,801750.SI,计算机,801104.SI,软件开发,软件开发,L,20221019,1451,3.97,24.0,16.223,24.272,False,True,True,0,0,0,0,True,
688246.SH,688246,688246,嘉和美康,科创板,沪市,科创板,801750.SI,计算机,801104.SI,软件开发,软件开发,L,20211214,1760,4.82,18.59,1.64,14.773,False,True,True,0,0,0,0,True,
688247.SH,688247,688247,宣泰医药,科创板,沪市,科创板,801150.SI,医药生物,801151.SI,化学制药,化学制药,L,20220825,1506,4.12,9.97,3.638,14.583,False,True,True,0,0,0,0,True,
688248.SH,688248,688248,南网科技,科创板,沪市,科创板,801730.SI,电力设备,801738.SI,电网设备,电网设备,L,20211222,1752,4.8,52.0,8.041,35.802,False,True,True,0,0,0,0,True,
688249.SH,688249,688249,晶合集成,科创板,沪市,科创板,801080.SI,电子,801081.SI,半导体,半导体,L,20230505,1253,3.43,29.96,-0.167,56.566,False,True,True,0,0,0,0,True,
688251.SH,688251,688251,井松智能,科创板,沪市,科创板,801750.SI,计算机,801103.SI,IT服务Ⅱ,IT服务Ⅱ,L,20220606,1586,4.34,18.29,1.611,19.048,False,True,True,0,0,0,0,True,
688252.SH,688252,688252,天德钰,科创板,沪市,科创板,801080.SI,电子,801081.SI,半导体,半导体,L,20220927,1473,4.03,19.41,-0.767,14.563,False,True,True,0,0,0,0,True,
688253.SH,688253,688253,英诺特,科创板,沪市,科创板,801150.SI,医药生物,801153.SI,医疗器械,医疗器械,L,20220728,1534,4.2,53.8,2.77,29.167,False,True,True,0,0,0,0,True,
688255.SH,688255,688255,凯尔达,科创板,沪市,科创板,801890.SI,机械设备,801078.SI,自动化设备,自动化设备,L,20211025,1810,4.96,25.21,1.123,9.231,False,True,True,0,0,0,0,True,
688256.SH,688256,688256,寒武纪,科创板,沪市,科创板,801080.SI,电子,801081.SI,半导体,半导体,L,20200720,2272,6.22,985.99,0.509,19.298,False,True,True,0,0,0,0,True,
688257.SH,688257,688257,新锐股份,科创板,沪市,科创板,801890.SI,机械设备,801072.SI,通用设备,通用设备,L,20211027,1808,4.95,48.3,-4.356,14.0,False,True,True,0,0,0,0,True,
688258.SH,688258,688258,卓易信息,科创板,沪市,科创板,801750.SI,计算机,801103.SI,IT服务Ⅱ,IT服务Ⅱ,L,20191209,2496,6.83,79.6,0.99,21.212,False,True,True,0,0,0,0,True,
688259.SH,688259,688259,创耀科技,科创板,沪市,科创板,801080.SI,电子,801081.SI,半导体,半导体,L,20220112,1731,4.74,30.09,-2.621,24.051,False,True,True,0,0,0,0,True,
688260.SH,688260,688260,昀冢科技,科创板,沪市,科创板,801080.SI,电子,801085.SI,消费电子,消费电子,L,20210406,2012,5.51,92.02,-4.652,25.0,False,True,True,0,0,0,4,True,
688261.SH,688261,688261,东微半导,科创板,沪市,科创板,801080.SI,电子,801081.SI,半导体,半导体,L,20220210,1702,4.66,67.06,-1.93,16.0,False,True,True,0,0,0,0,True,
688262.SH,688262,688262,国芯科技,科创板,沪市,科创板,801080.SI,电子,801081.SI,半导体,半导体,L,20220106,1737,4.76,25.22,-0.591,13.043,False,True,True,0,0,0,0,True,
688265.SH,688265,688265,南模生物,科创板,沪市,科创板,801150.SI,医药生物,801156.SI,医疗服务,医疗服务,L,20211228,1746,4.78,60.93,-0.295,38.06,False,True,True,0,0,0,0,True,
688266.SH,688266,688266,泽璟制药,科创板,沪市,科创板,801150.SI,医药生物,801151.SI,化学制药,化学制药,L,20200123,2451,6.71,104.25,0.929,19.277,False,True,True,0,0,0,0,True,
688267.SH,688267,688267,中触媒,科创板,沪市,科创板,801030.SI,基础化工,801034.SI,化学制品,化学制品,L,20220216,1696,4.64,21.21,1.0,21.212,False,True,True,0,0,0,0,True,
688268.SH,688268,688268,华特气体,科创板,沪市,科创板,801080.SI,电子,801086.SI,电子化学品Ⅱ,电子化学品Ⅱ,L,20191226,2479,6.79,113.79,-2.494,16.667,False,True,True,0,0,0,0,True,
688269.SH,688269,688269,凯立新材,科创板,沪市,科创板,801030.SI,基础化工,801034.SI,化学制品,化学制品,L,20210609,1948,5.33,25.23,0.438,30.556,False,True,True,0,0,0,0,True,
688271.SH,688271,688271,联影医疗,科创板,沪市,科创板,801150.SI,医药生物,801153.SI,医疗器械,医疗器械,L,20220822,1509,4.13,107.78,1.278,16.304,False,True,True,0,0,0,0,True,
688272.SH,688272,688272,富吉瑞,科创板,沪市,科创板,801740.SI,国防军工,801745.SI,军工电子Ⅱ,军工电子Ⅱ,L,20211018,1817,4.97,28.16,1.113,12.5,False,True,True,0,0,0,0,True,
688273.SH,688273,688273,麦澜德,科创板,沪市,科创板,801150.SI,医药生物,801153.SI,医疗器械,医疗器械,L,20220811,1520,4.16,27.85,-1.555,15.464,False,True,True,0,0,0,0,True,
688275.SH,688275,688275,万润新能,科创板,沪市,科创板,801730.SI,电力设备,801737.SI,电池,电池,L,20220929,1471,4.03,70.51,0.757,20.37,False,True,True,0,0,0,0,True,
688276.SH,688276,688276,百克生物,科创板,沪市,科创板,801150.SI,医药生物,801152.SI,生物制品,生物制品,L,20210625,1932,5.29,17.79,2.654,23.077,False,True,True,0,0,0,0,True,
688278.SH,688278,688278,特宝生物,科创板,沪市,科创板,801150.SI,医药生物,801152.SI,生物制品,生物制品,L,20200117,2457,6.73,50.77,-0.059,21.951,False,True,True,0,0,0,0,True,
688279.SH,688279,688279,峰岹科技,科创板,沪市,科创板,801080.SI,电子,801081.SI,半导体,半导体,L,20220420,1633,4.47,184.03,-2.974,21.429,False,True,True,0,0,0,0,True,
688280.SH,688280,688280,精进电动,科创板,沪市,科创板,801880.SI,汽车,801093.SI,汽车零部件,汽车零部件,L,20211027,1808,4.95,4.85,0.414,15.385,False,True,True,0,0,0,0,True,
688281.SH,688281,688281,华秦科技,科创板,沪市,科创板,801740.SI,国防军工,801742.SI,航空装备Ⅱ,航空装备Ⅱ,L,20220307,1677,4.59,47.73,-0.975,16.0,False,True,True,0,0,0,0,True,
688282.SH,688282,688282,理工导航,科创板,沪市,科创板,801740.SI,国防军工,801741.SI,航天装备Ⅱ,航天装备Ⅱ,L,20220318,1666,4.56,50.29,1.248,31.429,False,True,True,0,0,0,0,True,
688283.SH,688283,688283,坤恒顺维,科创板,沪市,科创板,801770.SI,通信,801102.SI,通信设备,通信设备,L,20220215,1697,4.65,26.25,-2.597,25.676,False,True,True,0,0,0,0,True,
688285.SH,688285,688285,高铁电气,科创板,沪市,科创板,801890.SI,机械设备,801076.SI,轨交设备Ⅱ,轨交设备Ⅱ,L,20211020,1815,4.97,7.69,1.184,25.0,False,True,True,0,0,0,0,True,
688286.SH,688286,688286,敏芯股份,科创板,沪市,科创板,801080.SI,电子,801081.SI,半导体,半导体,L,20200810,2251,6.16,47.19,-1.4,13.636,False,True,True,0,0,0,0,True,
688288.SH,688288,688288,鸿泉技术,科创板,沪市,科创板,801750.SI,计算机,801101.SI,计算机设备,计算机设备,L,20191106,2529,6.92,19.87,1.897,12.766,False,True,True,0,0,0,0,True,
688289.SH,688289,688289,圣湘生物,科创板,沪市,科创板,801150.SI,医药生物,801153.SI,医疗器械,医疗器械,L,20200828,2233,6.11,17.02,3.214,15.0,False,True,True,0,0,0,0,True,
688290.SH,688290,688290,景业智能,科创板,沪市,科创板,801890.SI,机械设备,801078.SI,自动化设备,自动化设备,L,20220429,1624,4.45,54.1,-0.332,19.811,False,True,True,0,0,0,0,True,
688292.SH,688292,688292,浩瀚深度,科创板,沪市,科创板,801750.SI,计算机,801101.SI,计算机设备,计算机设备,L,20220818,1513,4.14,21.23,2.511,20.37,False,True,True,0,0,0,0,True,
688293.SH,688293,688293,奥浦迈,科创板,沪市,科创板,801150.SI,医药生物,801152.SI,生物制品,生物制品,L,20220902,1498,4.1,71.5,-1.461,19.048,False,True,True,0,0,0,0,True,
688295.SH,688295,688295,中复神鹰,科创板,沪市,科创板,801030.SI,基础化工,801032.SI,化学纤维,化学纤维,L,20220406,1647,4.51,35.0,0.69,43.636,False,True,True,0,0,0,0,True,
688296.SH,688296,688296,和达科技,科创板,沪市,科创板,801750.SI,计算机,801104.SI,软件开发,软件开发,L,20210727,1900,5.2,24.39,-0.854,12.5,False,True,True,0,0,0,0,True,
688297.SH,688297,688297,中无人机,科创板,沪市,科创板,801740.SI,国防军工,801742.SI,航空装备Ⅱ,航空装备Ⅱ,L,20220629,1563,4.28,39.93,-3.945,10.28,False,True,True,0,0,0,0,True,
688298.SH,688298,688298,东方生物,科创板,沪市,科创板,801150.SI,医药生物,801153.SI,医疗器械,医疗器械,L,20200205,2438,6.67,19.5,1.987,12.5,False,True,True,0,0,0,0,True,
688299.SH,688299,688299,长阳科技,科创板,沪市,科创板,801080.SI,电子,801084.SI,光学光电子,光学光电子,L,20191106,2529,6.92,12.54,-2.031,10.769,False,True,True,0,0,0,0,True,
688300.SH,688300,688300,联瑞新材,科创板,沪市,科创板,801030.SI,基础化工,801039.SI,非金属材料Ⅱ,非金属材料Ⅱ,L,20191115,2520,6.9,136.49,-2.059,21.875,False,True,True,0,0,0,0,True,
688301.SH,688301,688301,奕瑞科技,科创板,沪市,科创板,801150.SI,医药生物,801153.SI,医疗器械,医疗器械,L,20200918,2212,6.06,79.99,-0.522,15.686,False,True,True,0,0,0,0,True,
688302.SH,688302,688302,海创药业,科创板,沪市,科创板,801150.SI,医药生物,801151.SI,化学制药,化学制药,L,20220412,1641,4.49,32.09,1.647,21.687,False,True,True,0,0,0,0,True,
688303.SH,688303,688303,大全能源,科创板,沪市,科创板,801730.SI,电力设备,801735.SI,光伏设备,光伏设备,L,20210722,1905,5.22,16.27,3.433,36.957,False,True,True,0,0,0,0,True,
688305.SH,688305,688305,科德数控,科创板,沪市,科创板,801890.SI,机械设备,801072.SI,通用设备,通用设备,L,20210709,1918,5.25,53.59,1.113,19.444,False,True,True,0,0,0,0,True,
688306.SH,688306,688306,均普智能,科创板,沪市,科创板,801890.SI,机械设备,801078.SI,自动化设备,自动化设备,L,20220322,1662,4.55,9.29,-2.416,15.957,False,True,True,0,0,0,0,True,
688307.SH,688307,688307,中润光学,科创板,沪市,科创板,801750.SI,计算机,801101.SI,计算机设备,计算机设备,L,20230216,1331,3.64,40.78,-1.688,13.158,False,True,True,0,0,0,0,True,
688308.SH,688308,688308,欧科亿,科创板,沪市,科创板,801890.SI,机械设备,801072.SI,通用设备,通用设备,L,20201210,2129,5.83,72.6,-2.59,15.556,False,True,True,0,0,0,0,True,
688309.SH,688309,688309,恒誉科技,科创板,沪市,科创板,801970.SI,环保,801972.SI,环保设备Ⅱ,环保设备Ⅱ,L,20200714,2278,6.24,70.78,-2.881,14.894,False,True,True,0,0,0,0,True,
688310.SH,688310,688310,迈得医疗,科创板,沪市,科创板,801890.SI,机械设备,801078.SI,自动化设备,自动化设备,L,20191203,2502,6.85,14.62,-0.679,15.132,False,True,True,0,0,0,0,True,
688311.SH,688311,688311,盟升电子,科创板,沪市,科创板,801740.SI,国防军工,801745.SI,军工电子Ⅱ,军工电子Ⅱ,L,20200731,2261,6.19,22.68,-3.118,10.345,False,True,True,0,0,0,0,True,
688312.SH,688312,688312,燕麦科技,科创板,沪市,科创板,801890.SI,机械设备,801074.SI,专用设备,专用设备,L,20200608,2314,6.34,41.86,-2.196,28.571,False,True,True,0,0,0,0,True,
688313.SH,688313,688313,仕佳光子,科创板,沪市,科创板,801770.SI,通信,801102.SI,通信设备,通信设备,L,20200812,2249,6.16,131.97,3.425,22.34,False,True,True,0,0,0,0,True,
688314.SH,688314,688314,康拓医疗,科创板,沪市,科创板,801150.SI,医药生物,801153.SI,医疗器械,医疗器械,L,20210518,1970,5.39,29.35,1.137,20.0,False,True,True,0,0,0,0,True,
688315.SH,688315,688315,诺禾致源,科创板,沪市,科创板,801150.SI,医药生物,801156.SI,医疗服务,医疗服务,L,20210413,2005,5.49,21.73,14.791,22.917,False,True,True,0,0,0,0,True,
688316.SH,688316,688316,青云科技,科创板,沪市,科创板,801750.SI,计算机,801103.SI,IT服务Ⅱ,IT服务Ⅱ,L,20210316,2033,5.57,44.33,-2.443,8.621,False,True,True,0,0,0,0,True,
688317.SH,688317,688317,之江生物,科创板,沪市,科创板,801150.SI,医药生物,801153.SI,医疗器械,医疗器械,L,20210118,2090,5.72,19.19,2.895,17.391,False,True,True,0,0,0,0,True,
688318.SH,688318,688318,财富趋势,科创板,沪市,科创板,801750.SI,计算机,801104.SI,软件开发,软件开发,L,20200427,2356,6.45,74.33,6.704,18.0,False,True,True,0,0,0,0,True,
688319.SH,688319,688319,欧林生物,科创板,沪市,科创板,801150.SI,医药生物,801152.SI,生物制品,生物制品,L,20210608,1949,5.34,30.09,0.737,18.056,False,True,True,0,0,0,0,True,
688320.SH,688320,688320,禾川科技,科创板,沪市,科创板,801890.SI,机械设备,801078.SI,自动化设备,自动化设备,L,20220428,1625,4.45,32.17,-2.515,15.116,False,True,True,0,0,0,0,True,
688321.SH,688321,688321,微芯生物,科创板,沪市,科创板,801150.SI,医药生物,801151.SI,化学制药,化学制药,L,20190812,2615,7.16,24.31,1.039,20.93,False,True,True,0,0,0,0,True,
688322.SH,688322,688322,奥比中光,科创板,沪市,科创板,801080.SI,电子,801084.SI,光学光电子,光学光电子,L,20220707,1555,4.26,81.53,1.874,23.932,False,True,True,0,0,0,0,True,
688323.SH,688323,688323,瑞华泰,科创板,沪市,科创板,801030.SI,基础化工,801036.SI,塑料,塑料,L,20210428,1990,5.45,22.45,-2.306,14.062,False,True,True,0,0,0,0,True,
688325.SH,688325,688325,赛微微电,科创板,沪市,科创板,801080.SI,电子,801081.SI,半导体,半导体,L,20220422,1631,4.47,102.45,-2.429,16.484,False,True,True,0,0,0,0,True,
688326.SH,688326,688326,经纬恒润,科创板,沪市,科创板,801750.SI,计算机,801104.SI,软件开发,软件开发,L,20220419,1634,4.47,55.88,1.822,28.205,False,True,True,0,0,0,0,True,
688327.SH,688327,688327,云从科技,科创板,沪市,科创板,801750.SI,计算机,801103.SI,IT服务Ⅱ,IT服务Ⅱ,L,20220527,1596,4.37,9.62,1.799,12.0,False,True,True,0,0,0,0,True,
688328.SH,688328,688328,深科达,科创板,沪市,科创板,801890.SI,机械设备,801074.SI,专用设备,专用设备,L,20210309,2040,5.59,73.05,-2.483,14.504,False,True,True,0,0,0,0,True,
688329.SH,688329,688329,艾隆科技,科创板,沪市,科创板,801890.SI,机械设备,801078.SI,自动化设备,自动化设备,L,20210329,2020,5.53,23.43,0.085,16.129,False,True,True,0,0,0,0,True,
688330.SH,688330,688330,宏力达,科创板,沪市,科创板,801730.SI,电力设备,801738.SI,电网设备,电网设备,L,20201015,2185,5.98,35.8,0.845,17.391,False,True,True,0,0,0,0,True,
688331.SH,688331,688331,荣昌生物,科创板,沪市,科创板,801150.SI,医药生物,801152.SI,生物制品,生物制品,L,20220331,1653,4.53,107.86,-3.012,14.179,False,True,True,0,0,0,0,True,
688332.SH,688332,688332,中科蓝讯,科创板,沪市,科创板,801080.SI,电子,801081.SI,半导体,半导体,L,20220715,1547,4.24,77.27,-3.267,15.217,False,True,True,0,0,0,0,True,
688333.SH,688333,688333,铂力特,科创板,沪市,科创板,801890.SI,机械设备,801072.SI,通用设备,通用设备,L,20190722,2636,7.22,91.93,-1.648,15.672,False,True,True,0,0,0,0,True,
688334.SH,688334,688334,西高院,科创板,沪市,科创板,801210.SI,社会服务,801218.SI,专业服务,专业服务,L,20230619,1208,3.31,18.18,0.221,18.033,False,True,True,0,0,0,0,True,
688335.SH,688335,688335,复洁科技,科创板,沪市,科创板,801970.SI,环保,801971.SI,环境治理,环境治理,L,20200817,2244,6.14,17.77,1.369,26.531,False,True,True,0,0,0,0,True,
688336.SH,688336,688336,三生国健,科创板,沪市,科创板,801150.SI,医药生物,801152.SI,生物制品,生物制品,L,20200722,2270,6.21,38.1,0.528,28.571,False,True,True,0,0,0,0,True,
688337.SH,688337,688337,普源精电,科创板,沪市,科创板,801890.SI,机械设备,801072.SI,通用设备,通用设备,L,20220408,1645,4.5,42.9,-2.5,28.099,False,True,True,0,0,0,0,True,
688338.SH,688338,688338,赛科希德,科创板,沪市,科创板,801150.SI,医药生物,801153.SI,医疗器械,医疗器械,L,20200806,2255,6.17,30.69,0.788,16.0,False,True,True,0,0,0,0,True,
688339.SH,688339,688339,亿华通,科创板,沪市,科创板,801730.SI,电力设备,801737.SI,电池,电池,L,20200810,2251,6.16,19.67,-3.341,16.129,False,True,True,0,0,0,0,True,
688343.SH,688343,688343,云天励飞,科创板,沪市,科创板,801750.SI,计算机,801103.SI,IT服务Ⅱ,IT服务Ⅱ,L,20230404,1284,3.52,55.48,-0.929,17.333,False,True,True,0,0,0,0,True,
688345.SH,688345,688345,博力威,科创板,沪市,科创板,801730.SI,电力设备,801737.SI,电池,电池,L,20210611,1946,5.33,51.9,12.241,16.071,False,True,True,0,0,0,0,True,
688347.SH,688347,688347,华虹宏力,科创板,沪市,科创板,801080.SI,电子,801081.SI,半导体,半导体,L,20230807,1159,3.17,193.42,-1.922,16.949,False,True,True,0,0,0,0,True,
688348.SH,688348,688348,昱能科技,科创板,沪市,科创板,801730.SI,电力设备,801735.SI,光伏设备,光伏设备,L,20220608,1584,4.34,30.84,2.458,13.333,False,True,True,0,0,0,0,True,
688349.SH,688349,688349,三一重能,科创板,沪市,科创板,801730.SI,电力设备,801736.SI,风电设备,风电设备,L,20220622,1570,4.3,13.59,2.18,14.706,False,True,True,0,0,0,0,True,
688350.SH,688350,688350,富淼科技,科创板,沪市,科创板,801030.SI,基础化工,801034.SI,化学制品,化学制品,L,20210128,2080,5.69,27.94,-0.992,11.034,False,True,True,0,0,0,0,True,
688351.SH,688351,688351,微电生理,科创板,沪市,科创板,801150.SI,医药生物,801153.SI,医疗器械,医疗器械,L,20220831,1500,4.11,17.02,1.673,31.841,False,True,True,0,0,0,0,True,
688352.SH,688352,688352,颀中科技,科创板,沪市,科创板,801080.SI,电子,801081.SI,半导体,半导体,L,20230420,1268,3.47,15.23,-3.608,22.905,False,True,True,0,0,0,0,True,
688353.SH,688353,688353,华盛锂电,科创板,沪市,科创板,801730.SI,电力设备,801737.SI,电池,电池,L,20220713,1549,4.24,87.18,1.125,13.636,False,True,True,0,0,0,0,True,
688355.SH,688355,688355,明志科技,科创板,沪市,科创板,801890.SI,机械设备,801072.SI,通用设备,通用设备,L,20210512,1976,5.41,16.46,-2.14,24.138,False,True,True,0,0,0,0,True,
688356.SH,688356,688356,键凯科技,科创板,沪市,科创板,801150.SI,医药生物,801151.SI,化学制药,化学制药,L,20200826,2235,6.12,107.9,-0.836,13.636,False,True,True,0,0,0,0,True,
688357.SH,688357,688357,建龙微纳,科创板,沪市,科创板,801030.SI,基础化工,801034.SI,化学制品,化学制品,L,20191204,2501,6.85,26.38,0.0,27.273,False,True,True,0,0,0,0,True,
688358.SH,688358,688358,祥生医疗,科创板,沪市,科创板,801150.SI,医药生物,801153.SI,医疗器械,医疗器械,L,20191203,2502,6.85,28.19,1.439,18.966,False,True,True,0,0,0,0,True,
688359.SH,688359,688359,三孚新科,科创板,沪市,科创板,801080.SI,电子,801086.SI,电子化学品Ⅱ,电子化学品Ⅱ,L,20210521,1967,5.39,94.16,-5.831,16.393,False,True,True,0,0,0,0,True,
688360.SH,688360,688360,德马科技,科创板,沪市,科创板,801890.SI,机械设备,801072.SI,通用设备,通用设备,L,20200602,2320,6.35,16.63,3.356,15.19,False,True,True,0,0,0,0,True,
688361.SH,688361,688361,中科飞测,科创板,沪市,科创板,801080.SI,电子,801081.SI,半导体,半导体,L,20230519,1239,3.39,341.88,3.137,18.868,False,True,True,0,0,0,0,True,
688362.SH,688362,688362,甬矽电子,科创板,沪市,科创板,801080.SI,电子,801081.SI,半导体,半导体,L,20221116,1423,3.9,49.61,-2.573,16.883,False,True,True,0,0,0,0,True,
688363.SH,688363,688363,华熙生物,科创板,沪市,科创板,801980.SI,美容护理,801983.SI,医疗美容,医疗美容,L,20191106,2529,6.92,34.88,1.101,15.385,False,True,True,0,0,0,0,True,
688365.SH,688365,688365,光云科技,科创板,沪市,科创板,801750.SI,计算机,801103.SI,IT服务Ⅱ,IT服务Ⅱ,L,20200429,2354,6.44,15.17,4.91,11.538,False,True,True,0,0,0,0,True,
688366.SH,688366,688366,昊海生科,科创板,沪市,科创板,801150.SI,医药生物,801153.SI,医疗器械,医疗器械,L,20191030,2536,6.94,30.77,3.324,26.316,False,True,True,0,0,0,0,True,
688367.SH,688367,688367,工大高科,科创板,沪市,科创板,801890.SI,机械设备,801076.SI,轨交设备Ⅱ,轨交设备Ⅱ,L,20210628,1929,5.28,30.2,0.399,9.333,False,True,True,0,0,0,0,True,
688368.SH,688368,688368,晶丰明源,科创板,沪市,科创板,801080.SI,电子,801081.SI,半导体,半导体,L,20191014,2552,6.99,105.39,-5.885,21.622,False,True,True,0,0,0,0,True,
688369.SH,688369,688369,致远互联,科创板,沪市,科创板,801750.SI,计算机,801104.SI,软件开发,软件开发,L,20191031,2535,6.94,19.38,3.305,10.204,False,True,True,0,0,0,0,True,
688370.SH,688370,688370,丛麟科技,科创板,沪市,科创板,801970.SI,环保,801971.SI,环境治理,环境治理,L,20220825,1506,4.12,29.0,0.659,29.508,False,True,True,0,0,0,0,True,
688371.SH,688371,688371,菲沃泰,科创板,沪市,科创板,801080.SI,电子,801086.SI,电子化学品Ⅱ,电子化学品Ⅱ,L,20220802,1529,4.19,19.95,-6.863,28.125,False,True,True,0,0,0,0,True,
688372.SH,688372,688372,伟测科技,科创板,沪市,科创板,801080.SI,电子,801081.SI,半导体,半导体,L,20221026,1444,3.95,93.42,-3.071,20.833,False,True,True,0,0,0,0,True,
688373.SH,688373,688373,盟科药业,科创板,沪市,科创板,801150.SI,医药生物,801151.SI,化学制药,化学制药,L,20220805,1526,4.18,5.73,3.058,10.526,False,True,True,0,0,0,0,True,
688375.SH,688375,688375,国博电子,科创板,沪市,科创板,801740.SI,国防军工,801745.SI,军工电子Ⅱ,军工电子Ⅱ,L,20220722,1540,4.22,67.59,-2.327,51.786,False,True,True,0,0,0,0,True,
688376.SH,688376,688376,美埃科技,科创板,沪市,科创板,801970.SI,环保,801972.SI,环保设备Ⅱ,环保设备Ⅱ,L,20221118,1421,3.89,52.92,-1.232,28.767,False,True,True,0,0,0,0,True,
688377.SH,688377,688377,迪威尔,科创板,沪市,科创板,801890.SI,机械设备,801074.SI,专用设备,专用设备,L,20200708,2284,6.25,16.35,-1.978,63.542,False,True,True,0,0,0,0,True,
688378.SH,688378,688378,奥来德,科创板,沪市,科创板,801080.SI,电子,801084.SI,光学光电子,光学光电子,L,20200903,2227,6.1,42.89,-2.7,20.43,False,True,True,0,0,0,0,True,
688379.SH,688379,688379,华光新材,科创板,沪市,科创板,801890.SI,机械设备,801072.SI,通用设备,通用设备,L,20200819,2242,6.14,48.52,-3.462,14.516,False,True,True,0,0,0,0,True,
688380.SH,688380,688380,中微半导,科创板,沪市,科创板,801080.SI,电子,801081.SI,半导体,半导体,L,20220805,1526,4.18,36.55,-1.984,14.815,False,True,True,0,0,0,0,True,
688381.SH,688381,688381,帝奥微,科创板,沪市,科创板,801080.SI,电子,801081.SI,半导体,半导体,L,20220823,1508,4.13,35.96,-3.125,23.0,False,True,True,0,0,0,0,True,
688382.SH,688382,688382,益方生物,科创板,沪市,科创板,801150.SI,医药生物,801151.SI,化学制药,化学制药,L,20220725,1537,4.21,17.26,-0.404,16.667,False,True,True,0,0,0,0,True,
688383.SH,688383,688383,新益昌,科创板,沪市,科创板,801890.SI,机械设备,801074.SI,专用设备,专用设备,L,20210428,1990,5.45,110.67,-7.172,23.611,False,True,True,0,0,0,0,True,
688385.SH,688385,688385,复旦微电,科创板,沪市,科创板,801080.SI,电子,801081.SI,半导体,半导体,L,20210804,1892,5.18,52.75,-2.89,14.493,False,True,True,0,0,0,0,True,
688386.SH,688386,688386,泛亚微透,科创板,沪市,科创板,801030.SI,基础化工,801036.SI,塑料,塑料,L,20201016,2184,5.98,42.48,-3.652,16.667,False,True,True,0,0,0,0,True,
688387.SH,688387,688387,信科移动,科创板,沪市,科创板,801770.SI,通信,801102.SI,通信设备,通信设备,L,20220926,1474,4.04,11.25,-8.013,18.898,False,True,True,0,0,0,0,True,
688388.SH,688388,688388,嘉元科技,科创板,沪市,科创板,801730.SI,电力设备,801737.SI,电池,电池,L,20190722,2636,7.22,25.08,-5.18,12.5,False,True,True,0,0,0,0,True,
688389.SH,688389,688389,普门科技,科创板,沪市,科创板,801150.SI,医药生物,801153.SI,医疗器械,医疗器械,L,20191105,2530,6.93,11.32,-0.44,21.622,False,True,True,0,0,0,0,True,
688390.SH,688390,688390,固德威,科创板,沪市,科创板,801730.SI,电力设备,801735.SI,光伏设备,光伏设备,L,20200904,2226,6.09,54.0,-1.37,19.355,False,True,True,0,0,0,0,True,
688391.SH,688391,688391,钜泉科技,科创板,沪市,科创板,801080.SI,电子,801081.SI,半导体,半导体,L,20220913,1487,4.07,24.88,-1.309,32.558,False,True,True,0,0,0,0,True,
688392.SH,688392,688392,骄成超声,科创板,沪市,科创板,801730.SI,电力设备,801737.SI,电池,电池,L,20220927,1473,4.03,148.25,-1.429,18.293,False,True,True,0,0,0,0,True,
688393.SH,688393,688393,安必平,科创板,沪市,科创板,801150.SI,医药生物,801153.SI,医疗器械,医疗器械,L,20200820,2241,6.14,22.17,0.91,17.308,False,True,True,0,0,0,0,True,
688395.SH,688395,688395,正弦电气,科创板,沪市,科创板,801890.SI,机械设备,801078.SI,自动化设备,自动化设备,L,20210429,1989,5.45,25.4,-1.359,18.182,False,True,True,0,0,0,0,True,
688396.SH,688396,688396,华润微,科创板,沪市,科创板,801080.SI,电子,801081.SI,半导体,半导体,L,20200227,2416,6.61,51.9,-0.231,24.667,False,True,True,0,0,0,0,True,
688398.SH,688398,688398,赛特新材,科创板,沪市,科创板,801030.SI,基础化工,801034.SI,化学制品,化学制品,L,20200211,2432,6.66,20.22,-5.026,28.571,False,True,True,0,0,0,0,True,
688399.SH,688399,688399,硕世生物,科创板,沪市,科创板,801150.SI,医药生物,801153.SI,医疗器械,医疗器械,L,20191205,2500,6.84,29.92,9.919,18.182,False,True,True,0,0,0,0,True,
688400.SH,688400,688400,凌云光,科创板,沪市,科创板,801890.SI,机械设备,801074.SI,专用设备,专用设备,L,20220706,1556,4.26,39.56,-1.05,13.793,False,True,True,0,0,0,0,True,
688401.SH,688401,688401,路维光电,科创板,沪市,科创板,801080.SI,电子,801081.SI,半导体,半导体,L,20220817,1514,4.15,57.13,-4.831,12.5,False,True,True,0,0,0,0,True,
688403.SH,688403,688403,汇成股份,科创板,沪市,科创板,801080.SI,电子,801081.SI,半导体,半导体,L,20220818,1513,4.14,18.83,-3.83,25.41,False,True,True,0,0,0,0,True,
688408.SH,688408,688408,中信博,科创板,沪市,科创板,801730.SI,电力设备,801735.SI,光伏设备,光伏设备,L,20200828,2233,6.11,22.7,0.531,19.048,False,True,True,0,0,0,0,True,
688409.SH,688409,688409,富创精密,科创板,沪市,科创板,801080.SI,电子,801081.SI,半导体,半导体,L,20221010,1460,4.0,156.83,-1.346,21.849,False,True,True,0,0,0,0,True,
688410.SH,688410,688410,山外山,科创板,沪市,科创板,801150.SI,医药生物,801153.SI,医疗器械,医疗器械,L,20221226,1383,3.79,9.08,1.114,17.347,False,True,True,0,0,0,0,True,
688416.SH,688416,688416,恒烁股份,科创板,沪市,科创板,801080.SI,电子,801081.SI,半导体,半导体,L,20220829,1502,4.11,65.6,-2.046,18.966,False,True,True,0,0,0,0,True,
688418.SH,688418,688418,震有科技,科创板,沪市,科创板,801770.SI,通信,801102.SI,通信设备,通信设备,L,20200722,2270,6.21,27.44,-2.591,22.222,False,True,True,0,0,0,0,True,
688419.SH,688419,688419,耐科装备,科创板,沪市,科创板,801080.SI,电子,801081.SI,半导体,半导体,L,20221107,1432,3.92,44.49,-3.22,14.4,False,True,True,0,0,0,0,True,
688420.SH,688420,688420,美腾科技,科创板,沪市,科创板,801890.SI,机械设备,801074.SI,专用设备,专用设备,L,20221209,1400,3.83,22.27,-1.591,20.536,False,True,True,0,0,0,0,True,
688425.SH,688425,688425,铁建重工,科创板,沪市,科创板,801890.SI,机械设备,801077.SI,工程机械,工程机械,L,20210622,1935,5.3,3.97,0.253,29.787,False,True,True,0,0,0,0,True,
688426.SH,688426,688426,康为世纪,科创板,沪市,科创板,801150.SI,医药生物,801153.SI,医疗器械,医疗器械,L,20221025,1445,3.96,21.51,0.702,16.822,False,True,True,0,0,0,0,True,
688428.SH,688428,688428,诺诚健华,科创板,沪市,科创板,801150.SI,医药生物,801151.SI,化学制药,化学制药,L,20220921,1479,4.05,28.12,4.033,15.172,False,True,True,0,0,0,0,True,
688429.SH,688429,688429,时创能源,科创板,沪市,科创板,801730.SI,电力设备,801735.SI,光伏设备,光伏设备,L,20230629,1198,3.28,9.7,0.414,17.647,False,True,True,0,0,0,0,True,
688433.SH,688433,688433,华曙高科,科创板,沪市,科创板,801890.SI,机械设备,801072.SI,通用设备,通用设备,L,20230417,1271,3.48,71.6,-5.103,31.897,False,True,True,0,0,0,0,True,
688435.SH,688435,688435,英方软件,科创板,沪市,科创板,801750.SI,计算机,801104.SI,软件开发,软件开发,L,20230119,1359,3.72,29.94,3.742,9.901,False,True,True,0,0,0,0,True,
688439.SH,688439,688439,振华风光,科创板,沪市,科创板,801740.SI,国防军工,801745.SI,军工电子Ⅱ,军工电子Ⅱ,L,20220826,1505,4.12,36.25,1.285,20.833,False,True,True,0,0,0,0,True,
688443.SH,688443,688443,智翔金泰,科创板,沪市,科创板,801150.SI,医药生物,801152.SI,生物制品,生物制品,L,20230620,1207,3.3,24.95,-2.348,10.569,False,True,True,0,0,0,0,True,
688448.SH,688448,688448,磁谷科技,科创板,沪市,科创板,801890.SI,机械设备,801072.SI,通用设备,通用设备,L,20220921,1479,4.05,64.8,-1.803,13.636,False,True,True,0,0,0,0,True,
688450.SH,688450,688450,光格科技,科创板,沪市,科创板,801890.SI,机械设备,801072.SI,通用设备,通用设备,L,20230724,1173,3.21,30.37,-0.066,8.642,False,True,True,0,0,0,0,True,
688455.SH,688455,688455,科捷智能,科创板,沪市,科创板,801890.SI,机械设备,801078.SI,自动化设备,自动化设备,L,20220915,1485,4.07,17.17,-0.923,17.857,False,True,True,0,0,0,0,True,
688456.SH,688456,688456,有研粉材,科创板,沪市,科创板,801050.SI,有色金属,801051.SI,金属新材料,金属新材料,L,20210317,2032,5.56,62.97,-2.508,15.054,False,True,True,0,0,0,0,True,
688458.SH,688458,688458,美芯晟,科创板,沪市,科创板,801080.SI,电子,801081.SI,半导体,半导体,L,20230522,1236,3.38,34.32,-0.493,15.385,False,True,True,0,0,0,0,True,
688459.SH,688459,688459,哈铁科技,科创板,沪市,科创板,801890.SI,机械设备,801076.SI,轨交设备Ⅱ,轨交设备Ⅱ,L,20221012,1458,3.99,8.12,-0.976,18.889,False,True,True,0,0,0,0,True,
688466.SH,688466,688466,金科环境,科创板,沪市,科创板,801970.SI,环保,801971.SI,环境治理,环境治理,L,20200508,2345,6.42,14.19,0.0,22.857,False,True,True,0,0,0,0,True,
688468.SH,688468,688468,科美诊断,科创板,沪市,科创板,801150.SI,医药生物,801153.SI,医疗器械,医疗器械,L,20210409,2009,5.5,6.69,1.364,21.875,False,True,True,0,0,0,0,True,
688469.SH,688469,688469,芯联集成,科创板,沪市,科创板,801080.SI,电子,801081.SI,半导体,半导体,L,20230510,1248,3.42,8.58,2.632,12.791,False,True,True,0,0,0,0,True,
688472.SH,688472,688472,阿特斯,科创板,沪市,科创板,801730.SI,电力设备,801735.SI,光伏设备,光伏设备,L,20230609,1218,3.33,8.47,1.681,29.897,False,True,True,0,0,0,0,True,
688475.SH,688475,688475,萤石网络,科创板,沪市,科创板,801750.SI,计算机,801101.SI,计算机设备,计算机设备,L,20221228,1381,3.78,27.63,3.561,13.402,False,True,True,0,0,0,0,True,
688478.SH,688478,688478,晶升股份,科创板,沪市,科创板,801080.SI,电子,801081.SI,半导体,半导体,L,20230424,1264,3.46,44.06,-4.776,16.529,False,True,True,0,0,0,0,True,
688479.SH,688479,688479,友车科技,科创板,沪市,科创板,801750.SI,计算机,801104.SI,软件开发,软件开发,L,20230511,1247,3.41,32.1,0.093,13.043,False,True,True,0,0,0,0,True,
688480.SH,688480,688480,赛恩斯,科创板,沪市,科创板,801970.SI,环保,801971.SI,环境治理,环境治理,L,20221125,1414,3.87,62.8,-0.08,28.571,False,True,True,0,0,0,0,True,
688484.SH,688484,688484,南芯科技,科创板,沪市,科创板,801080.SI,电子,801081.SI,半导体,半导体,L,20230407,1281,3.51,31.25,1.792,14.943,False,True,True,0,0,0,0,True,
688485.SH,688485,688485,九州一轨,科创板,沪市,科创板,801890.SI,机械设备,801076.SI,轨交设备Ⅱ,轨交设备Ⅱ,L,20230118,1360,3.72,100.0,-3.846,19.718,False,True,True,0,0,0,0,True,
688486.SH,688486,688486,龙迅股份,科创板,沪市,科创板,801080.SI,电子,801081.SI,半导体,半导体,L,20230221,1326,3.63,45.2,-0.659,17.188,False,True,True,0,0,0,0,True,
688488.SH,688488,688488,艾迪药业,科创板,沪市,科创板,801150.SI,医药生物,801152.SI,生物制品,生物制品,L,20200720,2272,6.22,15.75,2.406,13.75,False,True,True,0,0,0,0,True,
688489.SH,688489,688489,三未信安,科创板,沪市,科创板,801750.SI,计算机,801101.SI,计算机设备,计算机设备,L,20221202,1407,3.85,27.56,4.434,19.355,False,True,True,0,0,0,0,True,
688498.SH,688498,688498,源杰科技,科创板,沪市,科创板,801080.SI,电子,801081.SI,半导体,半导体,L,20221221,1388,3.8,1206.01,-6.54,32.927,False,True,True,0,0,0,0,True,
688499.SH,688499,688499,利元亨,科创板,沪市,科创板,801730.SI,电力设备,801737.SI,电池,电池,L,20210701,1926,5.27,42.33,-5.912,25.0,False,True,True,0,0,0,0,True,
688500.SH,688500,688500,慧辰股份,科创板,沪市,科创板,801750.SI,计算机,801103.SI,IT服务Ⅱ,IT服务Ⅱ,L,20200716,2276,6.23,29.99,0.402,20.755,False,True,True,0,0,0,0,True,
688501.SH,688501,688501,青达环保,科创板,沪市,科创板,801970.SI,环保,801972.SI,环保设备Ⅱ,环保设备Ⅱ,L,20210716,1911,5.23,15.04,-0.265,18.367,False,True,True,0,0,0,0,True,
688502.SH,688502,688502,茂莱光学,科创板,沪市,科创板,801080.SI,电子,801084.SI,光学光电子,光学光电子,L,20230309,1310,3.59,369.2,-1.045,15.493,False,True,True,0,0,0,0,True,
688503.SH,688503,688503,聚和材料,科创板,沪市,科创板,801730.SI,电力设备,801735.SI,光伏设备,光伏设备,L,20221209,1400,3.83,62.08,-5.366,21.622,False,True,True,0,0,0,0,True,
688505.SH,688505,688505,复旦张江,科创板,沪市,科创板,801150.SI,医药生物,801151.SI,化学制药,化学制药,L,20200619,2303,6.31,8.36,1.211,12.195,False,True,True,0,0,0,0,True,
688506.SH,688506,688506,百利天恒,科创板,沪市,科创板,801150.SI,医药生物,801151.SI,化学制药,化学制药,L,20230106,1372,3.76,229.33,0.982,34.307,False,True,True,0,0,0,0,True,
688507.SH,688507,688507,索辰科技,科创板,沪市,科创板,801750.SI,计算机,801104.SI,软件开发,软件开发,L,20230418,1270,3.48,126.66,0.965,21.053,False,True,True,0,0,0,0,True,
688508.SH,688508,688508,芯朋微,科创板,沪市,科创板,801080.SI,电子,801081.SI,半导体,半导体,L,20200722,2270,6.21,73.48,0.865,18.333,False,True,True,0,0,0,0,True,
688509.SH,688509,688509,正元地信,科创板,沪市,科创板,801750.SI,计算机,801103.SI,IT服务Ⅱ,IT服务Ⅱ,L,20210730,1897,5.19,4.25,2.41,9.524,False,True,True,0,0,0,0,True,
688510.SH,688510,688510,航亚科技,科创板,沪市,科创板,801740.SI,国防军工,801742.SI,航空装备Ⅱ,航空装备Ⅱ,L,20201216,2123,5.81,21.96,-2.4,14.754,False,True,True,0,0,0,0,True,
688511.SH,688511,688511,天微电子,科创板,沪市,科创板,801740.SI,国防军工,801745.SI,军工电子Ⅱ,军工电子Ⅱ,L,20210730,1897,5.19,20.53,-0.34,28.571,False,True,True,0,0,0,0,True,
688512.SH,688512,688512,慧智微,科创板,沪市,科创板,801080.SI,电子,801081.SI,半导体,半导体,L,20230516,1242,3.4,15.72,-3.853,12.727,False,True,True,0,0,0,0,True,
688513.SH,688513,688513,苑东生物,科创板,沪市,科创板,801150.SI,医药生物,801151.SI,化学制药,化学制药,L,20200902,2228,6.1,46.19,-2.758,21.649,False,True,True,0,0,0,0,True,
688515.SH,688515,688515,裕太微,科创板,沪市,科创板,801080.SI,电子,801081.SI,半导体,半导体,L,20230210,1337,3.66,124.19,-2.205,16.049,False,True,True,0,0,0,0,True,
688516.SH,688516,688516,奥特维,科创板,沪市,科创板,801730.SI,电力设备,801735.SI,光伏设备,光伏设备,L,20200521,2332,6.38,39.22,-2.704,11.429,False,True,True,0,0,0,0,True,
688517.SH,688517,688517,金冠电气,科创板,沪市,科创板,801730.SI,电力设备,801738.SI,电网设备,电网设备,L,20210618,1939,5.31,17.65,-3.182,15.476,False,True,True,0,0,0,0,True,
688518.SH,688518,688518,联赢激光,科创板,沪市,科创板,801890.SI,机械设备,801078.SI,自动化设备,自动化设备,L,20200622,2300,6.3,19.32,-0.464,7.843,False,True,True,0,0,0,0,True,
688519.SH,688519,688519,南亚新材,科创板,沪市,科创板,801080.SI,电子,801083.SI,元件,元件,L,20200818,2243,6.14,257.6,-6.957,17.568,False,True,True,0,0,0,0,True,
688520.SH,688520,688520,神州细胞,科创板,沪市,科创板,801150.SI,医药生物,801152.SI,生物制品,生物制品,L,20200622,2300,6.3,36.22,4.38,44.681,False,True,True,0,0,0,0,True,
688521.SH,688521,688521,芯原股份,科创板,沪市,科创板,801080.SI,电子,801081.SI,半导体,半导体,L,20200818,2243,6.14,152.02,-0.893,25.0,False,True,True,0,0,0,0,True,
688522.SH,688522,688522,纳睿雷达,科创板,沪市,科创板,801740.SI,国防军工,801745.SI,军工电子Ⅱ,军工电子Ⅱ,L,20230301,1318,3.61,17.57,-1.348,8.696,False,True,True,0,0,0,0,True,
688523.SH,688523,688523,航天环宇,科创板,沪市,科创板,801740.SI,国防军工,801741.SI,航天装备Ⅱ,航天装备Ⅱ,L,20230602,1225,3.35,36.34,-3.735,26.154,False,True,True,0,0,0,0,True,
688525.SH,688525,688525,佰维存储,科创板,沪市,科创板,801080.SI,电子,801081.SI,半导体,半导体,L,20221230,1379,3.78,181.01,-1.185,17.021,False,True,True,0,0,0,0,True,
688526.SH,688526,688526,科前生物,科创板,沪市,科创板,801010.SI,农林牧渔,801018.SI,动物保健Ⅱ,动物保健Ⅱ,L,20200922,2208,6.05,12.41,0.976,26.471,False,True,True,0,0,0,0,True,
688528.SH,688528,688528,秦川物联,科创板,沪市,科创板,801890.SI,机械设备,801072.SI,通用设备,通用设备,L,20200701,2291,6.27,10.14,-1.649,18.0,False,True,True,0,0,0,0,True,
688529.SH,688529,688529,豪森智能,科创板,沪市,科创板,801890.SI,机械设备,801074.SI,专用设备,专用设备,L,20201109,2160,5.91,14.85,0.474,23.077,False,True,True,0,0,0,0,True,
688530.SH,688530,688530,欧莱新材,科创板,沪市,科创板,801080.SI,电子,801081.SI,半导体,半导体,L,20240509,883,2.42,48.78,-3.711,25.874,False,True,True,0,0,0,0,True,
688531.SH,688531,688531,日联科技,科创板,沪市,科创板,801890.SI,机械设备,801074.SI,专用设备,专用设备,L,20230331,1288,3.53,115.93,-2.849,15.493,False,True,True,0,0,0,0,True,
688533.SH,688533,688533,上声电子,科创板,沪市,科创板,801880.SI,汽车,801093.SI,汽车零部件,汽车零部件,L,20210419,1999,5.47,19.57,-0.306,35.484,False,True,True,0,0,0,0,True,
688535.SH,688535,688535,华海诚科,科创板,沪市,科创板,801080.SI,电子,801081.SI,半导体,半导体,L,20230404,1284,3.52,89.1,-2.474,17.021,False,True,True,0,0,0,0,True,
688536.SH,688536,688536,思瑞浦,科创板,沪市,科创板,801080.SI,电子,801081.SI,半导体,半导体,L,20200921,2209,6.05,286.36,2.271,23.864,False,True,True,0,0,0,0,True,
688538.SH,688538,688538,和辉光电,科创板,沪市,科创板,801080.SI,电子,801084.SI,光学光电子,光学光电子,L,20210528,1960,5.37,2.1,1.942,13.043,False,True,True,0,0,0,0,True,
688539.SH,688539,688539,高华科技,科创板,沪市,科创板,801080.SI,电子,801083.SI,元件,元件,L,20230418,1270,3.48,22.38,-2.399,31.746,False,True,True,0,0,0,0,True,
688543.SH,688543,688543,国科军工,科创板,沪市,科创板,801740.SI,国防军工,801743.SI,地面兵装Ⅱ,地面兵装Ⅱ,L,20230621,1206,3.3,40.22,-1.735,12.15,False,True,True,0,0,0,0,True,
688548.SH,688548,688548,广钢气体,科创板,沪市,科创板,801080.SI,电子,801086.SI,电子化学品Ⅱ,电子化学品Ⅱ,L,20230815,1151,3.15,28.88,-0.994,25.758,False,True,True,0,0,0,0,True,
688549.SH,688549,688549,中巨芯,科创板,沪市,科创板,801080.SI,电子,801086.SI,电子化学品Ⅱ,电子化学品Ⅱ,L,20230908,1127,3.09,19.74,-1.693,11.111,False,True,True,0,0,0,0,True,
688550.SH,688550,688550,瑞联新材,科创板,沪市,科创板,801080.SI,电子,801086.SI,电子化学品Ⅱ,电子化学品Ⅱ,L,20200902,2228,6.1,34.48,-2.323,13.542,False,True,True,0,0,0,0,True,
688551.SH,688551,688551,科威尔,科创板,沪市,科创板,801730.SI,电力设备,801733.SI,其他电源设备Ⅱ,其他电源设备Ⅱ,L,20200910,2220,6.08,34.8,-2.521,15.385,False,True,True,0,0,0,0,True,
688552.SH,688552,688552,航天南湖,科创板,沪市,科创板,801740.SI,国防军工,801745.SI,军工电子Ⅱ,军工电子Ⅱ,L,20230518,1240,3.39,27.36,-4.034,26.95,False,True,True,0,0,0,0,True,
688553.SH,688553,688553,汇宇制药,科创板,沪市,科创板,801150.SI,医药生物,801151.SI,化学制药,化学制药,L,20211026,1809,4.95,11.85,2.597,12.5,False,True,True,0,0,0,0,True,
688556.SH,688556,688556,高测股份,科创板,沪市,科创板,801730.SI,电力设备,801735.SI,光伏设备,光伏设备,L,20200807,2254,6.17,7.15,0.704,15.0,False,True,True,0,0,0,0,True,
688557.SH,688557,688557,兰剑智能,科创板,沪市,科创板,801890.SI,机械设备,801072.SI,通用设备,通用设备,L,20201202,2137,5.85,20.52,0.935,15.385,False,True,True,0,0,0,0,True,
688558.SH,688558,688558,国盛智科,科创板,沪市,科创板,801890.SI,机械设备,801072.SI,通用设备,通用设备,L,20200630,2292,6.28,31.4,-1.382,15.625,False,True,True,0,0,0,0,True,
688559.SH,688559,688559,海目星,科创板,沪市,科创板,801890.SI,机械设备,801078.SI,自动化设备,自动化设备,L,20200909,2221,6.08,45.18,-4.784,20.968,False,True,True,0,0,0,0,True,
688560.SH,688560,688560,明冠新材,科创板,沪市,科创板,801730.SI,电力设备,801735.SI,光伏设备,光伏设备,L,20201224,2115,5.79,12.84,-0.155,13.333,False,True,True,0,0,0,0,True,
688561.SH,688561,688561,奇安信,科创板,沪市,科创板,801750.SI,计算机,801104.SI,软件开发,软件开发,L,20200722,2270,6.21,31.06,11.207,17.391,False,True,True,0,0,0,0,True,
688562.SH,688562,688562,航天软件,科创板,沪市,科创板,801750.SI,计算机,801103.SI,IT服务Ⅱ,IT服务Ⅱ,L,20230524,1234,3.38,14.28,1.637,31.507,False,True,True,0,0,0,0,True,
688563.SH,688563,688563,航材股份,科创板,沪市,科创板,801740.SI,国防军工,801742.SI,航空装备Ⅱ,航空装备Ⅱ,L,20230719,1178,3.23,49.15,0.306,11.45,False,True,True,0,0,0,0,True,
688565.SH,688565,688565,力源科技,科创板,沪市,科创板,801970.SI,环保,801971.SI,环境治理,环境治理,L,20210513,1975,5.41,11.2,-1.582,16.364,False,True,True,0,0,0,0,True,
688566.SH,688566,688566,吉贝尔,科创板,沪市,科创板,801150.SI,医药生物,801151.SI,化学制药,化学制药,L,20200518,2335,6.39,27.46,0.734,10.606,False,True,True,0,0,0,0,True,
688567.SH,688567,688567,孚能科技,科创板,沪市,科创板,801730.SI,电力设备,801737.SI,电池,电池,L,20200717,2275,6.23,9.75,3.393,50.0,False,True,True,0,0,0,0,True,
688568.SH,688568,688568,中科星图,科创板,沪市,科创板,801750.SI,计算机,801103.SI,IT服务Ⅱ,IT服务Ⅱ,L,20200708,2284,6.25,29.05,-3.102,34.146,False,True,True,0,0,0,0,True,
688569.SH,688569,688569,铁科轨道,科创板,沪市,科创板,801890.SI,机械设备,801076.SI,轨交设备Ⅱ,轨交设备Ⅱ,L,20200831,2230,6.11,18.42,0.876,23.404,False,True,True,0,0,0,0,True,
688570.SH,688570,688570,天玛智控,科创板,沪市,科创板,801890.SI,机械设备,801078.SI,自动化设备,自动化设备,L,20230605,1222,3.35,14.4,0.629,32.895,False,True,True,0,0,0,0,True,
688571.SH,688571,688571,杭华股份,科创板,沪市,科创板,801030.SI,基础化工,801034.SI,化学制品,化学制品,L,20201211,2128,5.83,8.0,-0.744,16.471,False,True,True,0,0,0,0,True,
688573.SH,688573,688573,信宇人,科创板,沪市,科创板,801730.SI,电力设备,801737.SI,电池,电池,L,20230817,1149,3.15,17.75,-1.825,13.636,False,True,True,0,0,0,0,True,
688575.SH,688575,688575,亚辉龙,科创板,沪市,科创板,801150.SI,医药生物,801153.SI,医疗器械,医疗器械,L,20210517,1971,5.4,10.46,-0.476,12.0,False,True,True,0,0,0,0,True,
688576.SH,688576,688576,西山科技,科创板,沪市,科创板,801150.SI,医药生物,801153.SI,医疗器械,医疗器械,L,20230606,1221,3.34,39.55,0.152,12.903,False,True,True,0,0,0,0,True,
688577.SH,688577,688577,浙海德曼,科创板,沪市,科创板,801890.SI,机械设备,801072.SI,通用设备,通用设备,L,20200916,2214,6.06,39.35,4.073,33.333,False,True,True,0,0,0,0,True,
688578.SH,688578,688578,艾力斯,科创板,沪市,科创板,801150.SI,医药生物,801151.SI,化学制药,化学制药,L,20201202,2137,5.85,82.5,-7.573,22.0,False,True,True,0,0,0,0,True,
688579.SH,688579,688579,地纬智能,科创板,沪市,科创板,801750.SI,计算机,801104.SI,软件开发,软件开发,L,20200717,2275,6.23,8.01,2.956,30.769,False,True,True,0,0,0,0,True,
688580.SH,688580,688580,伟思医疗,科创板,沪市,科创板,801150.SI,医药生物,801153.SI,医疗器械,医疗器械,L,20200721,2271,6.22,41.54,-0.192,27.778,False,True,True,0,0,0,0,True,
688581.SH,688581,688581,安杰思,科创板,沪市,科创板,801150.SI,医药生物,801153.SI,医疗器械,医疗器械,L,20230519,1239,3.39,54.85,0.311,9.91,False,True,True,0,0,0,0,True,
688582.SH,688582,688582,芯动联科,科创板,沪市,科创板,801080.SI,电子,801081.SI,半导体,半导体,L,20230630,1197,3.28,33.27,-3.481,47.573,False,True,True,0,0,0,0,True,
688584.SH,688584,688584,上海合晶,科创板,沪市,科创板,801080.SI,电子,801081.SI,半导体,半导体,L,20240208,974,2.67,23.47,-5.095,15.827,False,True,True,0,0,0,0,True,
688585.SH,688585,688585,上纬新材,科创板,沪市,科创板,801030.SI,基础化工,801036.SI,塑料,塑料,L,20200928,2202,6.03,121.77,2.105,27.119,False,True,True,0,0,0,0,True,
688586.SH,688586,688586,江航装备,科创板,沪市,科创板,801740.SI,国防军工,801742.SI,航空装备Ⅱ,航空装备Ⅱ,L,20200731,2261,6.19,10.96,1.954,30.973,False,True,True,0,0,0,0,True,
688588.SH,688588,688588,凌志软件,科创板,沪市,科创板,801750.SI,计算机,801104.SI,软件开发,软件开发,L,20200511,2342,6.41,9.08,3.535,25.0,False,True,True,0,0,0,0,True,
688589.SH,688589,688589,力合微,科创板,沪市,科创板,801080.SI,电子,801081.SI,半导体,半导体,L,20200722,2270,6.21,19.68,-0.806,12.5,False,True,True,0,0,0,0,True,
688590.SH,688590,688590,新致软件,科创板,沪市,科创板,801750.SI,计算机,801104.SI,软件开发,软件开发,L,20201207,2132,5.84,11.97,3.547,13.821,False,True,True,0,0,0,0,True,
688591.SH,688591,688591,泰凌微,科创板,沪市,科创板,801080.SI,电子,801081.SI,半导体,半导体,L,20230825,1141,3.12,29.71,1.677,16.949,False,True,True,0,0,0,0,True,
688592.SH,688592,688592,司南导航,科创板,沪市,科创板,801770.SI,通信,801102.SI,通信设备,通信设备,L,20230816,1150,3.15,22.06,0.593,15.254,False,True,True,0,0,0,0,True,
688593.SH,688593,688593,新相微,科创板,沪市,科创板,801080.SI,电子,801081.SI,半导体,半导体,L,20230601,1226,3.36,29.12,-1.02,9.091,False,True,True,0,0,0,0,True,
688595.SH,688595,688595,芯海科技,科创板,沪市,科创板,801080.SI,电子,801081.SI,半导体,半导体,L,20200928,2202,6.03,28.3,-0.106,16.216,False,True,True,0,0,0,0,True,
688596.SH,688596,688596,正帆科技,科创板,沪市,科创板,801890.SI,机械设备,801074.SI,专用设备,专用设备,L,20200820,2241,6.14,53.76,-1.267,18.868,False,True,True,0,0,0,0,True,
688597.SH,688597,688597,煜邦电力,科创板,沪市,科创板,801730.SI,电力设备,801738.SI,电网设备,电网设备,L,20210617,1940,5.31,6.16,-0.324,15.385,False,True,True,0,0,0,0,True,
688598.SH,688598,688598,金博股份,科创板,沪市,科创板,801730.SI,电力设备,801735.SI,光伏设备,光伏设备,L,20200518,2335,6.39,28.67,-4.338,19.118,False,True,True,0,0,0,0,True,
688599.SH,688599,688599,天合光能,科创板,沪市,科创板,801730.SI,电力设备,801735.SI,光伏设备,光伏设备,L,20200610,2312,6.33,11.17,2.949,25.0,False,True,True,0,0,0,0,True,
688600.SH,688600,688600,皖仪科技,科创板,沪市,科创板,801890.SI,机械设备,801072.SI,通用设备,通用设备,L,20200703,2289,6.27,32.2,0.0,18.966,False,True,True,0,0,0,0,True,
688601.SH,688601,688601,力芯微,科创板,沪市,科创板,801080.SI,电子,801081.SI,半导体,半导体,L,20210628,1929,5.28,52.88,-4.738,17.808,False,True,True,0,0,0,0,True,
688602.SH,688602,688602,康鹏科技,科创板,沪市,科创板,801030.SI,基础化工,801034.SI,化学制品,化学制品,L,20230720,1177,3.22,6.88,2.534,14.925,False,True,True,0,0,0,0,True,
688603.SH,688603,688603,天承科技,科创板,沪市,科创板,801080.SI,电子,801086.SI,电子化学品Ⅱ,电子化学品Ⅱ,L,20230710,1187,3.25,95.98,-6.987,15.267,False,True,True,0,0,0,0,True,
688606.SH,688606,688606,奥泰生物,科创板,沪市,科创板,801150.SI,医药生物,801153.SI,医疗器械,医疗器械,L,20210325,2024,5.54,51.14,0.078,43.333,False,True,True,0,0,0,0,True,
688607.SH,688607,688607,康众科技,科创板,沪市,科创板,801150.SI,医药生物,801153.SI,医疗器械,医疗器械,L,20210201,2076,5.68,36.4,3.292,25.0,False,True,True,0,0,0,0,True,
688608.SH,688608,688608,恒玄科技,科创板,沪市,科创板,801080.SI,电子,801081.SI,半导体,半导体,L,20201216,2123,5.81,109.64,0.247,16.667,False,True,True,0,0,0,0,True,
688609.SH,688609,688609,九联科技,科创板,沪市,科创板,801110.SI,家用电器,801112.SI,黑色家电,黑色家电,L,20210323,2026,5.55,8.6,0.0,10.87,False,True,True,0,0,0,0,True,
688610.SH,688610,688610,埃科光电,科创板,沪市,科创板,801890.SI,机械设备,801072.SI,通用设备,通用设备,L,20230719,1178,3.23,132.65,-2.053,18.182,False,True,True,0,0,0,0,True,
688611.SH,688611,688611,杭州柯林,科创板,沪市,科创板,801730.SI,电力设备,801738.SI,电网设备,电网设备,L,20210412,2006,5.49,61.48,3.328,26.875,False,True,True,0,0,0,0,True,
688612.SH,688612,688612,威迈斯,科创板,沪市,科创板,801880.SI,汽车,801093.SI,汽车零部件,汽车零部件,L,20230726,1171,3.21,30.83,1.248,21.839,False,True,True,0,0,0,0,True,
688613.SH,688613,688613,奥精医疗,科创板,沪市,科创板,801150.SI,医药生物,801153.SI,医疗器械,医疗器械,L,20210521,1967,5.39,18.57,-2.877,25.926,False,True,True,0,0,0,0,True,
688615.SH,688615,688615,合合信息,科创板,沪市,科创板,801750.SI,计算机,801104.SI,软件开发,软件开发,L,20240926,743,2.03,83.52,5.375,17.857,False,True,True,0,0,0,0,True,
688616.SH,688616,688616,西力科技,科创板,沪市,科创板,801730.SI,电力设备,801738.SI,电网设备,电网设备,L,20210318,2031,5.56,11.14,0.36,14.815,False,True,True,0,0,0,0,True,
688617.SH,688617,688617,惠泰医疗,科创板,沪市,科创板,801150.SI,医药生物,801153.SI,医疗器械,医疗器械,L,20210107,2101,5.75,242.85,-0.634,19.101,False,True,True,0,0,0,0,True,
688618.SH,688618,688618,三旺通信,科创板,沪市,科创板,801770.SI,通信,801102.SI,通信设备,通信设备,L,20201230,2109,5.77,26.42,-4.587,12.329,False,True,True,0,0,0,0,True,
688619.SH,688619,688619,罗普特,科创板,沪市,科创板,801750.SI,计算机,801101.SI,计算机设备,计算机设备,L,20210223,2054,5.62,12.93,-0.844,13.889,False,True,True,0,0,0,0,True,
688620.SH,688620,688620,安凯微,科创板,沪市,科创板,801080.SI,电子,801081.SI,半导体,半导体,L,20230627,1200,3.29,14.61,-0.068,20.859,False,True,True,0,0,0,0,True,
688621.SH,688621,688621,阳光诺和,科创板,沪市,科创板,801150.SI,医药生物,801156.SI,医疗服务,医疗服务,L,20210621,1936,5.3,67.05,-0.975,12.857,False,True,True,0,0,0,0,True,
688623.SH,688623,688623,双元科技,科创板,沪市,科创板,801890.SI,机械设备,801078.SI,自动化设备,自动化设备,L,20230608,1219,3.34,61.42,-4.449,11.688,False,True,True,0,0,0,0,True,
688625.SH,688625,688625,呈和科技,科创板,沪市,科创板,801030.SI,基础化工,801034.SI,化学制品,化学制品,L,20210607,1950,5.34,61.34,-7.856,23.529,False,True,True,0,0,0,0,True,
688626.SH,688626,688626,翔宇医疗,科创板,沪市,科创板,801150.SI,医药生物,801153.SI,医疗器械,医疗器械,L,20210331,2018,5.52,40.49,0.397,16.279,False,True,True,0,0,0,0,True,
688627.SH,688627,688627,精智达,科创板,沪市,科创板,801890.SI,机械设备,801072.SI,通用设备,通用设备,L,20230718,1179,3.23,402.78,0.326,16.438,False,True,True,0,0,0,0,True,
688628.SH,688628,688628,优利德,科创板,沪市,科创板,801890.SI,机械设备,801072.SI,通用设备,通用设备,L,20210201,2076,5.68,79.25,-1.443,30.337,False,True,True,0,0,0,0,True,
688629.SH,688629,688629,华丰科技,科创板,沪市,科创板,801740.SI,国防军工,801745.SI,军工电子Ⅱ,军工电子Ⅱ,L,20230627,1200,3.29,94.57,-2.955,28.75,False,True,True,0,0,0,0,True,
688630.SH,688630,688630,芯碁微装,科创板,沪市,科创板,801890.SI,机械设备,801074.SI,专用设备,专用设备,L,20210401,2017,5.52,360.54,-1.699,13.6,False,True,True,0,0,0,0,True,
688631.SH,688631,688631,莱斯信息,科创板,沪市,科创板,801750.SI,计算机,801104.SI,软件开发,软件开发,L,20230628,1199,3.28,36.22,1.713,20.513,False,True,True,0,0,0,0,True,
688633.SH,688633,688633,星球石墨,科创板,沪市,科创板,801890.SI,机械设备,801074.SI,专用设备,专用设备,L,20210324,2025,5.54,21.76,-0.092,12.987,False,True,True,0,0,0,0,True,
688636.SH,688636,688636,智明达,科创板,沪市,科创板,801740.SI,国防军工,801745.SI,军工电子Ⅱ,军工电子Ⅱ,L,20210408,2010,5.5,19.06,0.74,10.0,False,True,True,0,0,0,0,True,
688638.SH,688638,688638,誉辰智能,科创板,沪市,科创板,801730.SI,电力设备,801737.SI,电池,电池,L,20230712,1185,3.24,34.28,-1.551,10.843,False,True,True,0,0,0,0,True,
688639.SH,688639,688639,华恒生物,科创板,沪市,科创板,801030.SI,基础化工,801034.SI,化学制品,化学制品,L,20210422,1996,5.46,19.34,3.092,16.0,False,True,True,0,0,0,0,True,
688648.SH,688648,688648,中邮科技,科创板,沪市,科创板,801890.SI,机械设备,801074.SI,专用设备,专用设备,L,20231113,1061,2.9,27.51,-0.218,20.0,False,True,True,0,0,0,0,True,
688651.SH,688651,688651,盛邦安全,科创板,沪市,科创板,801750.SI,计算机,801104.SI,软件开发,软件开发,L,20230726,1171,3.21,25.1,6.086,9.877,False,True,True,0,0,0,0,True,
688652.SH,688652,688652,京仪装备,科创板,沪市,科创板,801080.SI,电子,801081.SI,半导体,半导体,L,20231129,1045,2.86,127.51,-1.262,16.279,False,True,True,0,0,0,0,True,
688653.SH,688653,688653,康希通信,科创板,沪市,科创板,801080.SI,电子,801081.SI,半导体,半导体,L,20231117,1057,2.89,13.36,-1.037,14.685,False,True,True,0,0,0,0,True,
688655.SH,688655,688655,迅捷兴,科创板,沪市,科创板,801080.SI,电子,801083.SI,元件,元件,L,20210511,1977,5.41,66.1,-2.522,14.773,False,True,True,0,0,0,0,True,
688656.SH,688656,688656,浩欧博,科创板,沪市,科创板,801150.SI,医药生物,801153.SI,医疗器械,医疗器械,L,20210113,2095,5.74,120.0,-5.146,37.313,False,True,True,0,0,0,0,True,
688657.SH,688657,688657,浩辰软件,科创板,沪市,科创板,801750.SI,计算机,801104.SI,软件开发,软件开发,L,20231010,1095,3.0,33.06,1.723,9.756,False,True,True,0,0,0,0,True,
688658.SH,688658,688658,悦康药业,科创板,沪市,科创板,801150.SI,医药生物,801151.SI,化学制药,化学制药,L,20201224,2115,5.79,13.38,1.518,8.955,False,True,True,0,0,0,0,True,
688659.SH,688659,688659,元琛科技,科创板,沪市,科创板,801030.SI,基础化工,801034.SI,化学制品,化学制品,L,20210331,2018,5.52,9.0,-0.443,17.391,False,True,True,0,0,0,0,True,
688660.SH,688660,688660,电气风电,科创板,沪市,科创板,801730.SI,电力设备,801736.SI,风电设备,风电设备,L,20210519,1969,5.39,8.7,-2.247,15.556,False,True,True,0,0,0,0,True,
688661.SH,688661,688661,和林微纳,科创板,沪市,科创板,801080.SI,电子,801081.SI,半导体,半导体,L,20210329,2020,5.53,106.0,14.101,12.5,False,True,True,0,0,0,0,True,
688662.SH,688662,688662,富信科技,科创板,沪市,科创板,801080.SI,电子,801082.SI,其他电子Ⅱ,其他电子Ⅱ,L,20210401,2017,5.52,114.76,2.336,10.976,False,True,True,0,0,0,0,True,
688663.SH,688663,688663,新风光,科创板,沪市,科创板,801730.SI,电力设备,801738.SI,电网设备,电网设备,L,20210413,2005,5.49,55.4,-0.36,9.836,False,True,True,0,0,0,0,True,
688665.SH,688665,688665,四方光电,科创板,沪市,科创板,801890.SI,机械设备,801072.SI,通用设备,通用设备,L,20210209,2068,5.66,41.1,1.057,33.333,False,True,True,0,0,0,0,True,
688667.SH,688667,688667,菱电电控,科创板,沪市,科创板,801880.SI,汽车,801093.SI,汽车零部件,汽车零部件,L,20210312,2037,5.58,94.24,-0.307,23.214,False,True,True,0,0,0,0,True,
688668.SH,688668,688668,鼎通科技,科创板,沪市,科创板,801770.SI,通信,801102.SI,通信设备,通信设备,L,20201221,2118,5.8,187.0,-5.052,24.59,False,True,True,0,0,0,0,True,
688669.SH,688669,688669,聚石化学,科创板,沪市,科创板,801030.SI,基础化工,801036.SI,塑料,塑料,L,20210125,2083,5.7,62.5,3.237,20.69,False,True,True,0,0,0,0,True,
688670.SH,688670,688670,金迪克,科创板,沪市,科创板,801150.SI,医药生物,801152.SI,生物制品,生物制品,L,20210802,1894,5.19,19.17,5.214,18.605,False,True,True,0,0,0,0,True,
688671.SH,688671,688671,碧兴物联,科创板,沪市,科创板,801970.SI,环保,801972.SI,环保设备Ⅱ,环保设备Ⅱ,L,20230809,1157,3.17,24.2,-1.865,13.008,False,True,True,0,0,0,0,True,
688676.SH,688676,688676,金盘科技,科创板,沪市,科创板,801730.SI,电力设备,801738.SI,电网设备,电网设备,L,20210309,2040,5.59,59.16,-3.254,15.152,False,True,True,0,0,0,0,True,
688677.SH,688677,688677,海泰新光,科创板,沪市,科创板,801150.SI,医药生物,801153.SI,医疗器械,医疗器械,L,20210226,2051,5.62,68.85,-0.678,20.37,False,True,True,0,0,0,0,True,
688678.SH,688678,688678,福立旺,科创板,沪市,科创板,801080.SI,电子,801085.SI,消费电子,消费电子,L,20201223,2116,5.79,28.8,-1.505,16.667,False,True,True,0,0,0,0,True,
688679.SH,688679,688679,通源环境,科创板,沪市,科创板,801970.SI,环保,801971.SI,环境治理,环境治理,L,20201225,2114,5.79,35.82,-2.424,12.745,False,True,True,0,0,0,0,True,
688680.SH,688680,688680,海优新材,科创板,沪市,科创板,801730.SI,电力设备,801735.SI,光伏设备,光伏设备,L,20210122,2086,5.71,37.64,-1.181,21.053,False,True,True,0,0,0,0,True,
688681.SH,688681,688681,科汇股份,科创板,沪市,科创板,801730.SI,电力设备,801738.SI,电网设备,电网设备,L,20210616,1941,5.31,15.32,-0.26,14.286,False,True,True,0,0,0,0,True,
688682.SH,688682,688682,霍莱沃,科创板,沪市,科创板,801740.SI,国防军工,801745.SI,军工电子Ⅱ,军工电子Ⅱ,L,20210420,1998,5.47,32.66,-1.448,18.182,False,True,True,0,0,0,0,True,
688683.SH,688683,688683,莱尔科技,科创板,沪市,科创板,801080.SI,电子,801086.SI,电子化学品Ⅱ,电子化学品Ⅱ,L,20210412,2006,5.49,27.96,-3.983,30.263,False,True,True,0,0,0,0,True,
688685.SH,688685,688685,迈信林,科创板,沪市,科创板,801740.SI,国防军工,801742.SI,航空装备Ⅱ,航空装备Ⅱ,L,20210513,1975,5.41,35.74,0.421,19.048,False,True,True,0,0,0,0,True,
688686.SH,688686,688686,奥普特,科创板,沪市,科创板,801890.SI,机械设备,801078.SI,自动化设备,自动化设备,L,20201231,2108,5.77,120.11,-2.855,26.531,False,True,True,0,0,0,0,True,
688687.SH,688687,688687,凯因科技,科创板,沪市,科创板,801150.SI,医药生物,801152.SI,生物制品,生物制品,L,20210208,2069,5.66,18.33,0.659,8.333,False,True,True,0,0,0,0,True,
688689.SH,688689,688689,银河微电,科创板,沪市,科创板,801080.SI,电子,801081.SI,半导体,半导体,L,20210127,2081,5.7,35.86,-2.766,14.141,False,True,True,0,0,0,11,True,
688690.SH,688690,688690,纳微科技,科创板,沪市,科创板,801150.SI,医药生物,801151.SI,化学制药,化学制药,L,20210623,1934,5.3,42.69,-3.131,25.0,False,True,True,0,0,0,0,True,
688691.SH,688691,688691,灿芯股份,科创板,沪市,科创板,801080.SI,电子,801081.SI,半导体,半导体,L,20240411,911,2.49,53.88,-1.643,21.101,False,True,True,0,0,0,0,True,
688692.SH,688692,688692,达梦数据,科创板,沪市,科创板,801750.SI,计算机,801104.SI,软件开发,软件开发,L,20240612,849,2.32,187.59,6.767,20.388,False,True,True,0,0,0,0,True,
688693.SH,688693,688693,锴威特,科创板,沪市,科创板,801080.SI,电子,801081.SI,半导体,半导体,L,20230818,1148,3.14,65.16,-2.891,10.843,False,True,True,0,0,0,0,True,
688695.SH,688695,688695,中创股份,科创板,沪市,科创板,801750.SI,计算机,801104.SI,软件开发,软件开发,L,20240313,940,2.57,20.29,2.526,10.309,False,True,True,0,0,0,0,True,
688696.SH,688696,688696,极米科技,科创板,沪市,科创板,801110.SI,家用电器,801112.SI,黑色家电,黑色家电,L,20210303,2046,5.6,82.83,4.623,21.429,False,True,True,0,0,0,0,True,
688697.SH,688697,688697,纽威数控,科创板,沪市,科创板,801890.SI,机械设备,801072.SI,通用设备,通用设备,L,20210917,1848,5.06,13.7,-2.699,13.699,False,True,True,0,0,0,0,True,
688698.SH,688698,688698,伟创电气,科创板,沪市,科创板,801890.SI,机械设备,801078.SI,自动化设备,自动化设备,L,20201229,2110,5.78,39.4,-0.806,22.727,False,True,True,0,0,0,0,True,
688699.SH,688699,688699,明微电子,科创板,沪市,科创板,801080.SI,电子,801081.SI,半导体,半导体,L,20201218,2121,5.81,55.72,-2.536,20.0,False,True,True,0,0,0,0,True,
688700.SH,688700,688700,东威科技,科创板,沪市,科创板,801890.SI,机械设备,801074.SI,专用设备,专用设备,L,20210615,1942,5.32,56.2,-3.103,12.857,False,True,True,0,0,0,0,True,
688701.SH,688701,688701,卓锦股份,科创板,沪市,科创板,801970.SI,环保,801971.SI,环境治理,环境治理,L,20210916,1849,5.06,8.43,-0.118,19.767,False,True,True,0,0,0,0,True,
688702.SH,688702,688702,盛科通信,科创板,沪市,科创板,801080.SI,电子,801081.SI,半导体,半导体,L,20230914,1121,3.07,265.1,-1.318,25.0,False,True,True,0,0,0,0,True,
688707.SH,688707,688707,振华新材,科创板,沪市,科创板,801730.SI,电力设备,801737.SI,电池,电池,L,20210914,1851,5.07,11.16,0.36,26.923,False,True,True,0,0,0,0,True,
688709.SH,688709,688709,成都华微,科创板,沪市,科创板,801080.SI,电子,801081.SI,半导体,半导体,L,20240207,975,2.67,23.65,-2.434,11.905,False,True,True,0,0,0,0,True,
688710.SH,688710,688710,益诺思,科创板,沪市,科创板,801150.SI,医药生物,801156.SI,医疗服务,医疗服务,L,20240903,766,2.1,99.8,-6.912,23.387,False,True,True,0,0,0,0,True,
688711.SH,688711,688711,宏微科技,科创板,沪市,科创板,801080.SI,电子,801081.SI,半导体,半导体,L,20210901,1864,5.1,23.13,-4.025,17.91,False,True,True,0,0,0,0,True,
688716.SH,688716,688716,中研股份,科创板,沪市,科创板,801030.SI,基础化工,801036.SI,塑料,塑料,L,20230920,1115,3.05,24.64,0.203,18.182,False,True,True,0,0,0,0,True,
688717.SH,688717,688717,艾罗能源,科创板,沪市,科创板,801730.SI,电力设备,801735.SI,光伏设备,光伏设备,L,20240103,1010,2.77,40.33,-0.982,12.857,False,True,True,0,0,0,0,True,
688718.SH,688718,688718,唯赛勃,科创板,沪市,科创板,801030.SI,基础化工,801036.SI,塑料,塑料,L,20210728,1899,5.2,14.3,-1.786,16.667,False,True,True,0,0,0,0,True,
688719.SH,688719,688719,爱科赛博,科创板,沪市,科创板,801730.SI,电力设备,801733.SI,其他电源设备Ⅱ,其他电源设备Ⅱ,L,20230928,1107,3.03,51.15,-3.253,14.184,False,True,True,0,0,0,0,True,
688720.SH,688720,688720,艾森股份,科创板,沪市,科创板,801080.SI,电子,801081.SI,半导体,半导体,L,20231206,1038,2.84,56.43,-3.867,16.484,False,True,True,0,0,0,0,True,
688721.SH,688721,688721,龙图光罩,科创板,沪市,科创板,801080.SI,电子,801081.SI,半导体,半导体,L,20240806,794,2.17,35.15,-3.275,13.065,False,True,True,0,0,0,0,True,
688722.SH,688722,688722,同益中,科创板,沪市,科创板,801030.SI,基础化工,801032.SI,化学纤维,化学纤维,L,20211019,1816,4.97,14.37,-0.278,16.667,False,True,True,0,0,0,0,True,
688728.SH,688728,688728,格科微,科创板,沪市,科创板,801080.SI,电子,801081.SI,半导体,半导体,L,20210818,1878,5.14,13.08,-0.608,24.675,False,True,True,0,0,0,0,True,
688733.SH,688733,688733,壹石通,科创板,沪市,科创板,801730.SI,电力设备,801737.SI,电池,电池,L,20210817,1879,5.14,27.18,-5.395,10.417,False,True,True,0,0,0,0,True,
688737.SH,688737,688737,中自科技,科创板,沪市,科创板,801880.SI,汽车,801093.SI,汽车零部件,汽车零部件,L,20211022,1813,4.96,16.5,-0.061,33.333,False,True,True,0,0,0,0,True,
688739.SH,688739,688739,成大生物,科创板,沪市,科创板,801150.SI,医药生物,801152.SI,生物制品,生物制品,L,20211028,1807,4.95,21.2,1.484,26.923,False,True,True,0,0,0,0,True,
688766.SH,688766,688766,普冉股份,科创板,沪市,科创板,801080.SI,电子,801081.SI,半导体,半导体,L,20210823,1873,5.13,327.75,-1.81,24.0,False,True,True,0,0,0,0,True,
688767.SH,688767,688767,博拓生物,科创板,沪市,科创板,801150.SI,医药生物,801153.SI,医疗器械,医疗器械,L,20210908,1857,5.08,39.6,-1.932,16.923,False,True,True,0,0,0,0,True,
688768.SH,688768,688768,容知日新,科创板,沪市,科创板,801890.SI,机械设备,801072.SI,通用设备,通用设备,L,20210726,1901,5.2,53.35,2.754,26.0,False,True,True,0,0,0,0,True,
688772.SH,688772,688772,珠海冠宇,科创板,沪市,科创板,801730.SI,电力设备,801737.SI,电池,电池,L,20211015,1820,4.98,13.94,0.288,13.793,False,True,True,0,0,0,0,True,
688776.SH,688776,688776,国光电气,科创板,沪市,科创板,801740.SI,国防军工,801745.SI,军工电子Ⅱ,军工电子Ⅱ,L,20210831,1865,5.11,42.93,-4.664,20.0,False,True,True,0,0,0,0,True,
688777.SH,688777,688777,中控技术,科创板,沪市,科创板,801890.SI,机械设备,801078.SI,自动化设备,自动化设备,L,20201124,2145,5.87,77.93,1.103,24.219,False,True,True,0,0,0,0,True,
688778.SH,688778,688778,厦钨新能,科创板,沪市,科创板,801730.SI,电力设备,801737.SI,电池,电池,L,20210805,1891,5.18,47.4,2.42,22.414,False,True,True,0,0,0,0,True,
688779.SH,688779,688779,五矿新能,科创板,沪市,科创板,801730.SI,电力设备,801737.SI,电池,电池,L,20210811,1885,5.16,8.0,4.712,15.385,False,True,True,0,0,0,0,True,
688786.SH,688786,688786,悦安新材,科创板,沪市,科创板,801050.SI,有色金属,801051.SI,金属新材料,金属新材料,L,20210826,1870,5.12,25.31,-1.133,13.333,False,True,True,0,0,0,0,True,
688787.SH,688787,688787,海天瑞声,科创板,沪市,科创板,801750.SI,计算机,801103.SI,IT服务Ⅱ,IT服务Ⅱ,L,20210813,1883,5.16,83.52,3.816,16.667,False,True,True,0,0,0,0,True,
688788.SH,688788,688788,科思科技,科创板,沪市,科创板,801740.SI,国防军工,801745.SI,军工电子Ⅱ,军工电子Ⅱ,L,20201022,2178,5.96,26.6,-2.813,30.0,False,True,True,0,0,0,0,True,
688789.SH,688789,688789,宏华数科,科创板,沪市,科创板,801890.SI,机械设备,801074.SI,专用设备,专用设备,L,20210708,1919,5.25,47.88,-0.416,21.739,False,True,True,0,0,0,0,True,
688793.SH,688793,688793,倍轻松,科创板,沪市,科创板,801110.SI,家用电器,801113.SI,小家电,小家电,L,20210715,1912,5.23,17.97,1.929,14.754,False,True,True,0,0,0,0,True,
688798.SH,688798,688798,艾为电子,科创板,沪市,科创板,801080.SI,电子,801081.SI,半导体,半导体,L,20210816,1880,5.15,50.75,-1.091,20.0,False,True,True,0,0,0,0,True,
688799.SH,688799,688799,华纳药厂,科创板,沪市,科创板,801150.SI,医药生物,801151.SI,化学制药,化学制药,L,20210713,1914,5.24,52.45,-1.038,24.752,False,True,True,0,0,0,0,True,
688800.SH,688800,688800,瑞可达,科创板,沪市,科创板,801080.SI,电子,801082.SI,其他电子Ⅱ,其他电子Ⅱ,L,20210722,1905,5.22,50.3,-4.699,20.408,False,True,True,0,0,0,0,True,
688819.SH,688819,688819,天能股份,科创板,沪市,科创板,801730.SI,电力设备,801737.SI,电池,电池,L,20210118,2090,5.72,21.43,2.145,44.444,False,True,True,0,0,0,0,True,
688981.SH,688981,688981,中芯国际,科创板,沪市,科创板,801080.SI,电子,801081.SI,半导体,半导体,L,20200716,2276,6.23,108.42,1.251,15.584,False,True,True,0,0,0,0,True,
689009.SH,689009,689009,九号公司,科创板,沪市,科创板,801880.SI,汽车,801881.SI,摩托车及其他,摩托车及其他,L,20201029,2171,5.94,36.94,1.039,20.455,False,True,True,0,0,0,0,True,
