ts_code,symbol,display_code,name,board,exchange,market_raw,sw_l1_code,sw_l1_name,sw_l2_code,sw_l2_name,sw_l2_display,list_status,list_date,list_age_days,list_age_years,close,pct_chg,chip_concentration_70,is_st,is_normal_listed,has_latest_quote,suspend_days_20,suspend_days_40,suspend_days_60,suspend_days_90,default_passed,default_reject_reasons
600000.SH,600000,600000,浦发银行,主板,沪市,主板,801780.SI,银行,801783.SI,股份制银行Ⅱ,股份制银行Ⅱ,L,19991110,9815,26.87,9.0,0.223,42.268,False,True,True,0,0,0,0,True,
600004.SH,600004,600004,白云机场,主板,沪市,主板,801170.SI,交通运输,801991.SI,航空机场,航空机场,L,20030428,8550,23.41,7.58,-0.655,22.5,False,True,True,0,0,0,0,True,
600006.SH,600006,600006,东风股份,主板,沪市,主板,801880.SI,汽车,801096.SI,商用车,商用车,L,19990727,9921,27.16,5.49,2.809,27.778,False,True,True,0,0,0,0,True,
600007.SH,600007,600007,中国国贸,主板,沪市,主板,801180.SI,房地产,801181.SI,房地产开发,房地产开发,L,19990312,10058,27.54,19.8,-0.302,14.062,False,True,True,0,0,0,0,True,
600008.SH,600008,600008,首创环保,主板,沪市,主板,801970.SI,环保,801971.SI,环境治理,环境治理,L,20000427,9646,26.41,2.71,-0.733,10.714,False,True,True,0,0,0,0,True,
600009.SH,600009,600009,上海机场,主板,沪市,主板,801170.SI,交通运输,801991.SI,航空机场,航空机场,L,19980218,10445,28.6,22.46,-1.275,36.667,False,True,True,0,0,0,0,True,
600010.SH,600010,600010,包钢股份,主板,沪市,主板,801040.SI,钢铁,801044.SI,普钢,普钢,L,20010309,9330,25.54,2.09,-1.415,13.636,False,True,True,0,0,0,0,True,
600011.SH,600011,600011,华能国际,主板,沪市,主板,801160.SI,公用事业,801161.SI,电力,电力,L,20011206,9058,24.8,6.74,-0.296,11.429,False,True,True,0,0,0,0,True,
600012.SH,600012,600012,皖通高速,主板,沪市,主板,801170.SI,交通运输,801179.SI,铁路公路,铁路公路,L,20030107,8661,23.71,15.54,0.713,18.519,False,True,True,0,0,0,0,True,
600015.SH,600015,600015,华夏银行,主板,沪市,主板,801780.SI,银行,801783.SI,股份制银行Ⅱ,股份制银行Ⅱ,L,20030912,8413,23.03,6.23,0.0,9.375,False,True,True,0,0,0,0,True,
600016.SH,600016,600016,民生银行,主板,沪市,主板,801780.SI,银行,801783.SI,股份制银行Ⅱ,股份制银行Ⅱ,L,20001219,9410,25.76,3.46,-0.288,8.824,False,True,True,0,0,0,0,True,
600017.SH,600017,600017,日照港,主板,沪市,主板,801170.SI,交通运输,801992.SI,航运港口,航运港口,L,20061017,7282,19.94,2.79,0.0,10.714,False,True,True,0,0,0,0,True,
600018.SH,600018,600018,上港集团,主板,沪市,主板,801170.SI,交通运输,801992.SI,航运港口,航运港口,L,20061026,7273,19.91,5.36,-0.372,15.686,False,True,True,0,0,0,0,True,
600019.SH,600019,600019,宝钢股份,主板,沪市,主板,801040.SI,钢铁,801044.SI,普钢,普钢,L,20001212,9417,25.78,5.84,1.565,21.053,False,True,True,0,0,0,0,True,
600020.SH,600020,600020,中原高速,主板,沪市,主板,801170.SI,交通运输,801179.SI,铁路公路,铁路公路,L,20030808,8448,23.13,3.85,0.26,7.895,False,True,True,0,0,0,0,True,
600021.SH,600021,600021,上海电力,主板,沪市,主板,801160.SI,公用事业,801161.SI,电力,电力,L,20031029,8366,22.9,13.08,-1.802,17.021,False,True,True,0,0,0,0,True,
600022.SH,600022,600022,山东钢铁,主板,沪市,主板,801040.SI,钢铁,801044.SI,普钢,普钢,L,20040629,8122,22.24,1.28,-2.29,15.385,False,True,True,0,0,0,0,True,
600023.SH,600023,600023,浙能电力,主板,沪市,主板,801160.SI,公用事业,801161.SI,电力,电力,L,20131219,4662,12.76,5.14,1.181,19.608,False,True,True,0,0,0,0,True,
600025.SH,600025,600025,华能水电,主板,沪市,主板,801160.SI,公用事业,801161.SI,电力,电力,L,20171215,3205,8.77,9.75,1.562,18.75,False,True,True,0,0,0,0,True,
600026.SH,600026,600026,中远海能,主板,沪市,主板,801170.SI,交通运输,801992.SI,航运港口,航运港口,L,20020523,8890,24.34,21.4,1.518,23.881,False,True,True,0,0,0,0,True,
600027.SH,600027,600027,华电国际,主板,沪市,主板,801160.SI,公用事业,801161.SI,电力,电力,L,20050203,7903,21.64,4.83,0.625,12.5,False,True,True,0,0,0,0,True,
600028.SH,600028,600028,中国石化,主板,沪市,主板,801960.SI,石油石化,801963.SI,炼化及贸易,炼化及贸易,L,20010808,9178,25.13,5.32,0.567,34.615,False,True,True,0,0,0,0,True,
600029.SH,600029,600029,南方航空,主板,沪市,主板,801170.SI,交通运输,801991.SI,航空机场,航空机场,L,20030725,8462,23.17,4.86,-2.213,23.077,False,True,True,0,0,0,0,True,
600030.SH,600030,600030,中信证券,主板,沪市,主板,801790.SI,非银金融,801193.SI,证券Ⅱ,证券Ⅱ,L,20030106,8662,23.72,26.29,-1.866,6.522,False,True,True,0,0,0,0,True,
600031.SH,600031,600031,三一重工,主板,沪市,主板,801890.SI,机械设备,801077.SI,工程机械,工程机械,L,20030703,8484,23.23,17.2,-1.77,10.526,False,True,True,0,0,0,0,True,
600032.SH,600032,600032,浙江新能,主板,沪市,主板,801160.SI,公用事业,801161.SI,电力,电力,L,20210525,1948,5.33,6.75,-0.295,22.222,False,True,True,0,0,0,0,True,
600033.SH,600033,600033,福建高速,主板,沪市,主板,801170.SI,交通运输,801179.SI,铁路公路,铁路公路,L,20010209,9358,25.62,3.73,2.755,8.333,False,True,True,0,0,0,0,True,
600035.SH,600035,600035,楚天高速,主板,沪市,主板,801170.SI,交通运输,801179.SI,铁路公路,铁路公路,L,20040310,8233,22.54,3.65,0.275,8.333,False,True,True,0,0,0,0,True,
600036.SH,600036,600036,招商银行,主板,沪市,主板,801780.SI,银行,801783.SI,股份制银行Ⅱ,股份制银行Ⅱ,L,20020409,8934,24.46,40.69,0.222,14.583,False,True,True,0,0,0,0,True,
600037.SH,600037,600037,歌华有线,主板,沪市,主板,801760.SI,传媒,801995.SI,电视广播Ⅱ,电视广播Ⅱ,L,20010208,9359,25.62,7.07,0.0,11.765,False,True,True,0,0,0,0,True,
600038.SH,600038,600038,中直股份,主板,沪市,主板,801740.SI,国防军工,801742.SI,航空装备Ⅱ,航空装备Ⅱ,L,20001218,9411,25.77,26.83,-1.033,20.588,False,True,True,0,0,0,0,True,
600039.SH,600039,600039,四川路桥,主板,沪市,主板,801720.SI,建筑装饰,801723.SI,基础建设,基础建设,L,20030325,8584,23.5,8.61,-0.577,22.989,False,True,True,0,0,0,0,True,
600048.SH,600048,600048,保利发展,主板,沪市,主板,801180.SI,房地产,801181.SI,房地产开发,房地产开发,L,20060731,7360,20.15,5.56,-1.418,15.385,False,True,True,0,0,0,0,True,
600050.SH,600050,600050,中国联通,主板,沪市,主板,801770.SI,通信,801223.SI,通信服务,通信服务,L,20021009,8751,23.96,4.15,-0.48,18.182,False,True,True,0,0,0,0,True,
600051.SH,600051,600051,宁波联合,主板,沪市,主板,801230.SI,综合,801231.SI,综合Ⅱ,综合Ⅱ,L,19970410,10759,29.46,6.22,-0.161,8.065,False,True,True,0,0,0,0,True,
600052.SH,600052,600052,东望时代,主板,沪市,主板,801160.SI,公用事业,801161.SI,电力,电力,L,19970415,10754,29.44,3.64,0.552,10.526,False,True,True,0,0,0,0,True,
600053.SH,600053,600053,*ST九鼎,主板,沪市,主板,801790.SI,非银金融,801191.SI,多元金融,多元金融,L,19970418,10751,29.43,7.26,-2.288,93.75,True,True,True,0,0,0,0,False,ST
600054.SH,600054,600054,黄山旅游,主板,沪市,主板,801210.SI,社会服务,801993.SI,旅游及景区,旅游及景区,L,19970506,10733,29.39,10.64,-1.207,8.929,False,True,True,0,0,0,0,True,
600055.SH,600055,600055,万东医疗,主板,沪市,主板,801150.SI,医药生物,801153.SI,医疗器械,医疗器械,L,19970519,10720,29.35,10.52,-0.567,37.5,False,True,True,0,0,0,0,True,
600056.SH,600056,600056,中国医药,主板,沪市,主板,801150.SI,医药生物,801154.SI,医药商业,医药商业,L,19970515,10724,29.36,8.86,-1.116,9.677,False,True,True,0,0,0,0,True,
600057.SH,600057,600057,厦门象屿,主板,沪市,主板,801170.SI,交通运输,801178.SI,物流,物流,L,19970604,10704,29.31,6.1,0.66,14.286,False,True,True,0,0,0,0,True,
600058.SH,600058,600058,五矿发展,主板,沪市,主板,801200.SI,商贸零售,801202.SI,贸易Ⅱ,贸易Ⅱ,L,19970528,10711,29.33,8.83,-3.813,24.0,False,True,True,0,0,0,0,True,
600059.SH,600059,600059,古越龙山,主板,沪市,主板,801120.SI,食品饮料,801126.SI,非白酒,非白酒,L,19970516,10723,29.36,11.0,-2.913,20.0,False,True,True,0,0,0,0,True,
600060.SH,600060,600060,海信视像,主板,沪市,主板,801110.SI,家用电器,801112.SI,黑色家电,黑色家电,L,19970422,10747,29.42,27.1,-0.514,13.187,False,True,True,0,0,0,0,True,
600061.SH,600061,600061,国投资本,主板,沪市,主板,801790.SI,非银金融,801193.SI,证券Ⅱ,证券Ⅱ,L,19970519,10720,29.35,6.19,-1.746,18.75,False,True,True,0,0,0,0,True,
600062.SH,600062,600062,华润双鹤,主板,沪市,主板,801150.SI,医药生物,801151.SI,化学制药,化学制药,L,19970522,10717,29.34,16.05,0.125,12.963,False,True,True,0,0,0,0,True,
600063.SH,600063,600063,皖维高新,主板,沪市,主板,801030.SI,基础化工,801032.SI,化学纤维,化学纤维,L,19970528,10711,29.33,5.54,-2.977,10.526,False,True,True,0,0,0,0,True,
600064.SH,600064,600064,南京高科,主板,沪市,主板,801180.SI,房地产,801181.SI,房地产开发,房地产开发,L,19970506,10733,29.39,7.62,-1.039,9.091,False,True,True,0,0,0,0,True,
600066.SH,600066,600066,宇通客车,主板,沪市,主板,801880.SI,汽车,801096.SI,商用车,商用车,L,19970508,10731,29.38,26.01,3.01,22.449,False,True,True,0,0,0,0,True,
600067.SH,600067,600067,冠城新材,主板,沪市,主板,801730.SI,电力设备,801738.SI,电网设备,电网设备,L,19970508,10731,29.38,2.63,-0.379,14.286,False,True,True,0,0,0,0,True,
600071.SH,600071,600071,凤凰光学,主板,沪市,主板,801080.SI,电子,801084.SI,光学光电子,光学光电子,L,19970528,10711,29.33,16.67,-0.774,16.667,False,True,True,0,0,0,0,True,
600072.SH,600072,600072,中船科技,主板,沪市,主板,801730.SI,电力设备,801736.SI,风电设备,风电设备,L,19970603,10705,29.31,8.77,0.805,5.556,False,True,True,0,0,0,0,True,
600073.SH,600073,600073,光明肉业,主板,沪市,主板,801120.SI,食品饮料,801124.SI,食品加工,食品加工,L,19970704,10674,29.22,5.4,-1.28,12.727,False,True,True,0,0,0,0,True,
600075.SH,600075,600075,新疆天业,主板,沪市,主板,801030.SI,基础化工,801033.SI,化学原料,化学原料,L,19970617,10691,29.27,4.53,-1.522,15.217,False,True,True,0,0,0,0,True,
600076.SH,600076,600076,康欣新材,主板,沪市,主板,801140.SI,轻工制造,801141.SI,包装印刷,包装印刷,L,19970526,10713,29.33,2.09,-2.791,41.667,False,True,True,0,0,0,0,True,
600078.SH,600078,600078,澄星股份,主板,沪市,主板,801030.SI,基础化工,801038.SI,农化制品,农化制品,L,19970627,10681,29.24,9.99,-0.498,9.259,False,True,True,0,0,0,0,True,
600079.SH,600079,600079,ST人福,主板,沪市,主板,801150.SI,医药生物,801151.SI,化学制药,化学制药,L,19970606,10702,29.3,18.82,-0.053,11.111,True,True,True,0,0,0,0,False,ST
600080.SH,600080,600080,ST金花,主板,沪市,主板,801150.SI,医药生物,801155.SI,中药Ⅱ,中药Ⅱ,L,19970612,10696,29.28,4.73,-0.211,24.49,True,True,True,0,0,0,0,False,ST
600081.SH,600081,600081,东风科技,主板,沪市,主板,801880.SI,汽车,801093.SI,汽车零部件,汽车零部件,L,19970703,10675,29.23,10.7,1.808,25.714,False,True,True,0,0,0,0,True,
600082.SH,600082,600082,ST海泰,主板,沪市,主板,801180.SI,房地产,801181.SI,房地产开发,房地产开发,L,19970620,10688,29.26,3.31,1.223,20.0,True,True,True,0,0,0,0,False,ST
600084.SH,600084,600084,*ST尼雅,主板,沪市,主板,801120.SI,食品饮料,801126.SI,非白酒,非白酒,L,19970711,10667,29.2,4.38,-1.351,58.333,True,True,True,0,0,0,0,False,ST
600085.SH,600085,600085,同仁堂,主板,沪市,主板,801150.SI,医药生物,801155.SI,中药Ⅱ,中药Ⅱ,L,19970625,10683,29.25,23.34,-1.144,30.952,False,True,True,0,0,0,0,True,
600088.SH,600088,600088,中视传媒,主板,沪市,主板,801760.SI,传媒,801766.SI,影视院线,影视院线,L,19970616,10692,29.27,12.91,-5.421,16.216,False,True,True,0,0,0,0,True,
600089.SH,600089,600089,特变电工,主板,沪市,主板,801730.SI,电力设备,801738.SI,电网设备,电网设备,L,19970618,10690,29.27,17.6,-2.709,15.152,False,True,True,0,0,0,0,True,
600094.SH,600094,600094,大名城,主板,沪市,主板,801180.SI,房地产,801181.SI,房地产开发,房地产开发,L,19970703,10675,29.23,4.04,-0.247,15.0,False,True,True,0,0,0,0,True,
600095.SH,600095,600095,湘财股份,主板,沪市,主板,801790.SI,非银金融,801193.SI,证券Ⅱ,证券Ⅱ,L,19970708,10670,29.21,8.82,-1.342,15.385,False,True,True,0,0,0,0,True,
600096.SH,600096,600096,云天化,主板,沪市,主板,801030.SI,基础化工,801038.SI,农化制品,农化制品,L,19970709,10669,29.21,27.56,-1.395,11.667,False,True,True,0,0,0,0,True,
600097.SH,600097,600097,开创国际,主板,沪市,主板,801010.SI,农林牧渔,801015.SI,渔业,渔业,L,19970619,10689,29.26,9.2,-0.755,17.391,False,True,True,0,0,0,0,True,
600098.SH,600098,600098,广州发展,主板,沪市,主板,801160.SI,公用事业,801161.SI,电力,电力,L,19970718,10660,29.19,6.25,1.133,19.048,False,True,True,0,0,0,0,True,
600099.SH,600099,600099,林海股份,主板,沪市,主板,801880.SI,汽车,801881.SI,摩托车及其他,摩托车及其他,L,19970704,10674,29.22,9.42,1.399,14.286,False,True,True,0,0,0,0,True,
600100.SH,600100,600100,同方股份,主板,沪市,主板,801750.SI,计算机,801101.SI,计算机设备,计算机设备,L,19970627,10681,29.24,6.66,-2.489,21.739,False,True,True,0,0,0,0,True,
600101.SH,600101,600101,明星电力,主板,沪市,主板,801160.SI,公用事业,801161.SI,电力,电力,L,19970627,10681,29.24,7.8,-0.256,4.938,False,True,True,0,0,0,0,True,
600103.SH,600103,600103,青山纸业,主板,沪市,主板,801140.SI,轻工制造,801143.SI,造纸,造纸,L,19970703,10675,29.23,3.61,-1.096,8.108,False,True,True,0,0,0,0,True,
600104.SH,600104,600104,上汽集团,主板,沪市,主板,801880.SI,汽车,801095.SI,乘用车,乘用车,L,19971125,10530,28.83,10.72,-1.38,45.946,False,True,True,0,0,0,0,True,
600105.SH,600105,600105,永鼎股份,主板,沪市,主板,801770.SI,通信,801102.SI,通信设备,通信设备,L,19970929,10587,28.99,42.53,-5.215,12.281,False,True,True,0,0,0,0,True,
600106.SH,600106,600106,重庆路桥,主板,沪市,主板,801170.SI,交通运输,801179.SI,铁路公路,铁路公路,L,19970618,10690,29.27,4.46,-0.668,31.111,False,True,True,0,0,0,0,True,
600107.SH,600107,600107,*ST尔雅,主板,沪市,主板,801130.SI,纺织服饰,801132.SI,服装家纺,服装家纺,L,19971106,10549,28.88,5.72,0.175,16.667,True,True,True,0,0,0,0,False,ST
600108.SH,600108,600108,亚盛集团,主板,沪市,主板,801010.SI,农林牧渔,801016.SI,种植业,种植业,L,19970818,10629,29.1,4.13,-3.279,9.524,False,True,True,0,0,0,0,True,
600109.SH,600109,600109,国金证券,主板,沪市,主板,801790.SI,非银金融,801193.SI,证券Ⅱ,证券Ⅱ,L,19970807,10640,29.13,8.1,-2.174,7.143,False,True,True,0,0,0,0,True,
600110.SH,600110,600110,诺德股份,主板,沪市,主板,801730.SI,电力设备,801737.SI,电池,电池,L,19971007,10579,28.96,11.89,-4.575,4.959,False,True,True,0,0,0,0,True,
600111.SH,600111,600111,北方稀土,主板,沪市,主板,801050.SI,有色金属,801054.SI,小金属,小金属,L,19970924,10592,29.0,37.06,-0.962,25.373,False,True,True,0,0,0,0,True,
600113.SH,600113,600113,浙江东日,主板,沪市,主板,801200.SI,商贸零售,801203.SI,一般零售,一般零售,L,19971021,10565,28.93,29.1,-2.513,14.286,False,True,True,0,0,0,0,True,
600114.SH,600114,600114,东睦股份,主板,沪市,主板,801890.SI,机械设备,801072.SI,通用设备,通用设备,L,20040511,8171,22.37,26.78,-3.495,12.5,False,True,True,0,0,0,0,True,
600115.SH,600115,600115,中国东航,主板,沪市,主板,801170.SI,交通运输,801991.SI,航空机场,航空机场,L,19971105,10550,28.88,3.35,-3.179,22.222,False,True,True,0,0,0,0,True,
600116.SH,600116,600116,三峡水利,主板,沪市,主板,801160.SI,公用事业,801161.SI,电力,电力,L,19970804,10643,29.14,6.05,-0.493,9.524,False,True,True,0,0,0,0,True,
600117.SH,600117,600117,西宁特钢,主板,沪市,主板,801040.SI,钢铁,801045.SI,特钢Ⅱ,特钢Ⅱ,L,19971015,10571,28.94,2.17,0.463,25.0,False,True,True,0,0,0,0,True,
600118.SH,600118,600118,中国卫星,主板,沪市,主板,801740.SI,国防军工,801741.SI,航天装备Ⅱ,航天装备Ⅱ,L,19970908,10608,29.04,57.91,0.329,17.391,False,True,True,0,0,0,0,True,
600119.SH,600119,600119,*ST长投,主板,沪市,主板,801170.SI,交通运输,801178.SI,物流,物流,L,19980115,10479,28.69,5.0,0.806,24.444,True,True,True,0,0,0,0,False,ST
600120.SH,600120,600120,浙江东方,主板,沪市,主板,801790.SI,非银金融,801191.SI,多元金融,多元金融,L,19971201,10524,28.81,4.64,-1.277,8.163,False,True,True,0,0,0,0,True,
600121.SH,600121,600121,郑州煤电,主板,沪市,主板,801950.SI,煤炭,801951.SI,煤炭开采,煤炭开采,L,19980107,10487,28.71,4.9,1.871,4.0,False,True,True,0,0,0,0,True,
600123.SH,600123,600123,兰花科创,主板,沪市,主板,801950.SI,煤炭,801951.SI,煤炭开采,煤炭开采,L,19981217,10143,27.77,6.98,-0.428,11.268,False,True,True,0,0,0,0,True,
600125.SH,600125,600125,铁龙物流,主板,沪市,主板,801170.SI,交通运输,801179.SI,铁路公路,铁路公路,L,19980511,10363,28.37,5.24,-0.569,12.727,False,True,True,0,0,0,0,True,
600126.SH,600126,600126,杭钢股份,主板,沪市,主板,801040.SI,钢铁,801044.SI,普钢,普钢,L,19980311,10424,28.54,6.06,-1.783,15.152,False,True,True,0,0,0,0,True,
600127.SH,600127,600127,金健米业,主板,沪市,主板,801010.SI,农林牧渔,801012.SI,农产品加工,农产品加工,L,19980506,10368,28.39,16.49,-1.552,4.938,False,True,True,0,0,0,0,True,
600128.SH,600128,600128,苏豪弘业,主板,沪市,主板,801200.SI,商贸零售,801202.SI,贸易Ⅱ,贸易Ⅱ,L,19970901,10615,29.06,8.55,0.352,12.048,False,True,True,0,0,0,0,True,
600129.SH,600129,600129,太极集团,主板,沪市,主板,801150.SI,医药生物,801155.SI,中药Ⅱ,中药Ⅱ,L,19971118,10537,28.85,13.33,-2.984,19.444,False,True,True,0,0,0,0,True,
600130.SH,600130,600130,波导股份,主板,沪市,主板,801080.SI,电子,801085.SI,消费电子,消费电子,L,20000706,9576,26.22,4.7,1.952,8.889,False,True,True,0,0,0,0,True,
600131.SH,600131,600131,国网信通,主板,沪市,主板,801750.SI,计算机,801103.SI,IT服务Ⅱ,IT服务Ⅱ,L,19980402,10402,28.48,14.08,-1.331,24.675,False,True,True,0,0,0,0,True,
600132.SH,600132,600132,重庆啤酒,主板,沪市,主板,801120.SI,食品饮料,801126.SI,非白酒,非白酒,L,19971030,10556,28.9,37.56,-1.983,29.167,False,True,True,0,0,0,0,True,
600133.SH,600133,600133,东湖高新,主板,沪市,主板,801970.SI,环保,801971.SI,环境治理,环境治理,L,19980212,10451,28.61,7.89,-1.004,9.639,False,True,True,0,0,0,0,True,
600135.SH,600135,600135,乐凯胶片,主板,沪市,主板,801030.SI,基础化工,801036.SI,塑料,塑料,L,19980122,10472,28.67,7.62,0.395,13.158,False,True,True,0,0,0,0,True,
600136.SH,600136,600136,ST明诚,主板,沪市,主板,801180.SI,房地产,801183.SI,房地产服务,房地产服务,L,19980303,10432,28.56,1.48,-1.333,28.571,True,True,True,0,0,0,0,False,ST
600137.SH,600137,600137,浪莎股份,主板,沪市,主板,801130.SI,纺织服饰,801132.SI,服装家纺,服装家纺,L,19980416,10388,28.44,17.93,1.071,9.091,False,True,True,0,0,0,0,True,
600138.SH,600138,600138,中青旅,主板,沪市,主板,801210.SI,社会服务,801993.SI,旅游及景区,旅游及景区,L,19971203,10522,28.81,7.0,-0.709,8.333,False,True,True,0,0,0,0,True,
600141.SH,600141,600141,兴发集团,主板,沪市,主板,801030.SI,基础化工,801038.SI,农化制品,农化制品,L,19990616,9962,27.27,27.95,-2.341,9.836,False,True,True,0,0,0,0,True,
600143.SH,600143,600143,金发科技,主板,沪市,主板,801030.SI,基础化工,801036.SI,塑料,塑料,L,20040623,8128,22.25,13.07,-1.135,20.408,False,True,True,0,0,0,0,True,
600148.SH,600148,600148,长春一东,主板,沪市,主板,801880.SI,汽车,801093.SI,汽车零部件,汽车零部件,L,19980520,10354,28.35,15.77,-0.19,12.821,False,True,True,0,0,0,0,True,
600149.SH,600149,600149,廊坊发展,主板,沪市,主板,801160.SI,公用事业,801161.SI,电力,电力,L,19991014,9842,26.95,5.05,0.0,12.0,False,True,True,0,0,0,0,True,
600150.SH,600150,600150,中国船舶,主板,沪市,主板,801740.SI,国防军工,801744.SI,航海装备Ⅱ,航海装备Ⅱ,L,19980520,10354,28.35,38.09,-1.296,14.286,False,True,True,0,0,0,0,True,
600151.SH,600151,600151,航天机电,主板,沪市,主板,801730.SI,电力设备,801735.SI,光伏设备,光伏设备,L,19980605,10338,28.3,9.35,-0.107,14.286,False,True,True,0,0,0,0,True,
600152.SH,600152,600152,维科技术,主板,沪市,主板,801730.SI,电力设备,801737.SI,电池,电池,L,19980609,10334,28.29,7.66,-1.161,6.25,False,True,True,0,0,0,0,True,
600153.SH,600153,600153,建发股份,主板,沪市,主板,801170.SI,交通运输,801178.SI,物流,物流,L,19980616,10327,28.27,8.43,-2.768,10.465,False,True,True,0,0,0,0,True,
600155.SH,600155,600155,华创云信,主板,沪市,主板,801790.SI,非银金融,801193.SI,证券Ⅱ,证券Ⅱ,L,19980918,10233,28.02,5.94,-2.463,10.0,False,True,True,0,0,0,0,True,
600156.SH,600156,600156,华升股份,主板,沪市,主板,801130.SI,纺织服饰,801131.SI,纺织制造,纺织制造,L,19980527,10347,28.33,9.17,9.037,7.955,False,True,True,0,0,0,0,True,
600157.SH,600157,600157,永泰能源,主板,沪市,主板,801950.SI,煤炭,801951.SI,煤炭开采,煤炭开采,L,19980513,10361,28.37,1.47,-2.649,6.667,False,True,True,0,0,0,0,True,
600158.SH,600158,600158,中体产业,主板,沪市,主板,801210.SI,社会服务,801216.SI,体育Ⅱ,体育Ⅱ,L,19980327,10408,28.5,7.03,0.0,8.571,False,True,True,0,0,0,0,True,
600159.SH,600159,600159,大龙地产,主板,沪市,主板,801180.SI,房地产,801181.SI,房地产开发,房地产开发,L,19980526,10348,28.33,2.73,-1.444,11.111,False,True,True,0,0,0,0,True,
600160.SH,600160,600160,巨化股份,主板,沪市,主板,801030.SI,基础化工,801034.SI,化学制品,化学制品,L,19980626,10317,28.25,33.97,-2.469,31.818,False,True,True,0,0,0,0,True,
600161.SH,600161,600161,天坛生物,主板,沪市,主板,801150.SI,医药生物,801152.SI,生物制品,生物制品,L,19980616,10327,28.27,12.1,-1.706,35.484,False,True,True,0,0,0,0,True,
600162.SH,600162,600162,香江控股,主板,沪市,主板,801180.SI,房地产,801181.SI,房地产开发,房地产开发,L,19980609,10334,28.29,4.35,-5.229,16.667,False,True,True,0,0,0,0,True,
600163.SH,600163,600163,中闽能源,主板,沪市,主板,801160.SI,公用事业,801161.SI,电力,电力,L,19980602,10341,28.31,5.53,2.979,15.517,False,True,True,0,0,0,0,True,
600165.SH,600165,600165,宁科生物,主板,沪市,主板,801030.SI,基础化工,801034.SI,化学制品,化学制品,L,19980529,10345,28.32,3.21,0.943,12.5,False,True,True,0,2,2,2,False,近60日停牌
600166.SH,600166,600166,福田汽车,主板,沪市,主板,801880.SI,汽车,801096.SI,商用车,商用车,L,19980602,10341,28.31,2.76,-0.361,10.345,False,True,True,0,0,0,0,True,
600167.SH,600167,600167,联美控股,主板,沪市,主板,801160.SI,公用事业,801161.SI,电力,电力,L,19990128,10101,27.66,5.51,-1.431,26.562,False,True,True,0,0,0,0,True,
600168.SH,600168,600168,武汉控股,主板,沪市,主板,801970.SI,环保,801971.SI,环境治理,环境治理,L,19980427,10377,28.41,4.38,0.69,20.0,False,True,True,0,0,0,0,True,
600169.SH,600169,600169,ST太重,主板,沪市,主板,801890.SI,机械设备,801074.SI,专用设备,专用设备,L,19980904,10247,28.05,2.18,-0.457,17.391,True,True,True,0,0,0,0,False,ST
600170.SH,600170,600170,上海建工,主板,沪市,主板,801720.SI,建筑装饰,801721.SI,房屋建设Ⅱ,房屋建设Ⅱ,L,19980623,10320,28.25,2.2,-1.345,8.696,False,True,True,0,0,0,0,True,
600171.SH,600171,600171,上海贝岭,主板,沪市,主板,801080.SI,电子,801081.SI,半导体,半导体,L,19980924,10227,28.0,22.88,-1.209,4.348,False,True,True,0,0,0,0,True,
600172.SH,600172,600172,黄河旋风,主板,沪市,主板,801890.SI,机械设备,801072.SI,通用设备,通用设备,L,19981126,10164,27.83,16.89,0.896,4.242,False,True,True,0,0,0,0,True,
600173.SH,600173,600173,卧龙新能,主板,沪市,主板,801180.SI,房地产,801181.SI,房地产开发,房地产开发,L,19990415,10024,27.44,5.78,-1.365,20.968,False,True,True,0,0,0,0,True,
600176.SH,600176,600176,中国巨石,主板,沪市,主板,801710.SI,建筑材料,801712.SI,玻璃玻纤,玻璃玻纤,L,19990422,10017,27.43,43.06,-5.612,9.735,False,True,True,0,0,0,0,True,
600177.SH,600177,600177,雅戈尔,主板,沪市,主板,801130.SI,纺织服饰,801132.SI,服装家纺,服装家纺,L,19981119,10171,27.85,8.29,1.221,14.667,False,True,True,0,0,0,0,True,
600178.SH,600178,600178,东安动力,主板,沪市,主板,801880.SI,汽车,801093.SI,汽车零部件,汽车零部件,L,19981014,10207,27.95,9.72,1.78,6.186,False,True,True,0,0,0,0,True,
600179.SH,600179,600179,安通控股,主板,沪市,主板,801170.SI,交通运输,801992.SI,航运港口,航运港口,L,19981104,10186,27.89,4.45,-0.891,8.889,False,True,True,0,0,0,0,True,
600180.SH,600180,600180,*ST瑞茂,主板,沪市,主板,801170.SI,交通运输,801178.SI,物流,物流,L,19980703,10310,28.23,1.55,-1.899,25.0,True,True,True,0,0,0,0,False,ST
600182.SH,600182,600182,S佳通,主板,沪市,主板,801880.SI,汽车,801093.SI,汽车零部件,汽车零部件,L,19990507,10002,27.38,12.59,-0.71,9.091,False,True,True,0,0,0,0,True,
600183.SH,600183,600183,生益科技,主板,沪市,主板,801080.SI,电子,801083.SI,元件,元件,L,19981028,10193,27.91,137.33,-4.34,11.34,False,True,True,0,0,0,0,True,
600184.SH,600184,600184,光电股份,主板,沪市,主板,801740.SI,国防军工,801743.SI,地面兵装Ⅱ,地面兵装Ⅱ,L,20031106,8358,22.88,19.45,-3.998,14.423,False,True,True,0,0,0,0,True,
600185.SH,600185,600185,珠免集团,主板,沪市,主板,801200.SI,商贸零售,801207.SI,旅游零售Ⅱ,旅游零售Ⅱ,L,19990611,9967,27.29,4.7,-1.468,18.367,False,True,True,0,0,0,0,True,
600186.SH,600186,600186,莲花控股,主板,沪市,主板,801120.SI,食品饮料,801129.SI,调味发酵品Ⅱ,调味发酵品Ⅱ,L,19980825,10257,28.08,13.04,-4.047,6.818,False,True,True,0,0,0,0,True,
600187.SH,600187,600187,*ST国中,主板,沪市,主板,801970.SI,环保,801971.SI,环境治理,环境治理,L,19981111,10179,27.87,1.27,-0.781,15.385,True,True,True,0,0,0,0,False,ST
600188.SH,600188,600188,兖矿能源,主板,沪市,主板,801950.SI,煤炭,801951.SI,煤炭开采,煤炭开采,L,19980701,10312,28.23,19.76,-0.051,22.857,False,True,True,0,0,0,0,True,
600189.SH,600189,600189,泉阳泉,主板,沪市,主板,801120.SI,食品饮料,801127.SI,饮料乳品,饮料乳品,L,19981007,10214,27.96,9.1,10.036,14.103,False,True,True,0,0,0,0,True,
600191.SH,600191,600191,华资实业,主板,沪市,主板,801010.SI,农林牧渔,801012.SI,农产品加工,农产品加工,L,19981210,10150,27.79,9.06,-1.735,15.385,False,True,True,0,0,0,0,True,
600192.SH,600192,600192,长城电工,主板,沪市,主板,801730.SI,电力设备,801738.SI,电网设备,电网设备,L,19981224,10136,27.75,7.2,0.84,11.688,False,True,True,0,0,0,0,True,
600195.SH,600195,600195,中牧股份,主板,沪市,主板,801010.SI,农林牧渔,801018.SI,动物保健Ⅱ,动物保健Ⅱ,L,19990107,10122,27.71,6.64,-0.599,22.059,False,True,True,0,0,0,0,True,
600196.SH,600196,600196,复星医药,主板,沪市,主板,801150.SI,医药生物,801151.SI,化学制药,化学制药,L,19980807,10275,28.13,22.84,-1.254,11.538,False,True,True,0,0,0,0,True,
600197.SH,600197,600197,伊力特,主板,沪市,主板,801120.SI,食品饮料,801125.SI,白酒Ⅱ,白酒Ⅱ,L,19990916,9870,27.02,9.27,-2.215,9.375,False,True,True,0,0,0,0,True,
600198.SH,600198,600198,大唐电信,主板,沪市,主板,801770.SI,通信,801102.SI,通信设备,通信设备,L,19981021,10200,27.93,7.36,-1.604,10.39,False,True,True,0,0,0,0,True,
600199.SH,600199,600199,金种子酒,主板,沪市,主板,801120.SI,食品饮料,801125.SI,白酒Ⅱ,白酒Ⅱ,L,19980812,10270,28.12,6.94,-4.408,8.108,False,True,True,0,0,0,0,True,
600201.SH,600201,600201,生物股份,主板,沪市,主板,801010.SI,农林牧渔,801018.SI,动物保健Ⅱ,动物保健Ⅱ,L,19990115,10114,27.69,11.4,-2.979,17.073,False,True,True,0,0,0,0,True,
600202.SH,600202,600202,哈空调,主板,沪市,主板,801890.SI,机械设备,801072.SI,通用设备,通用设备,L,19990603,9975,27.31,5.16,0.0,12.0,False,True,True,0,0,0,0,True,
600203.SH,600203,600203,福日电子,主板,沪市,主板,801080.SI,电子,801085.SI,消费电子,消费电子,L,19990514,9995,27.36,9.98,-0.795,11.765,False,True,True,0,0,0,0,True,
600206.SH,600206,600206,有研新材,主板,沪市,主板,801080.SI,电子,801081.SI,半导体,半导体,L,19990319,10051,27.52,49.81,-3.244,7.692,False,True,True,0,0,0,0,True,
600207.SH,600207,600207,安彩高科,主板,沪市,主板,801730.SI,电力设备,801735.SI,光伏设备,光伏设备,L,19990714,9934,27.2,5.16,4.453,16.667,False,True,True,0,0,0,0,True,
600208.SH,600208,600208,衢州发展,主板,沪市,主板,801180.SI,房地产,801181.SI,房地产开发,房地产开发,L,19990623,9955,27.26,2.84,-2.405,10.345,False,True,True,0,0,0,0,True,
600210.SH,600210,600210,紫江企业,主板,沪市,主板,801140.SI,轻工制造,801141.SI,包装印刷,包装印刷,L,19990824,9893,27.09,6.2,-0.322,6.452,False,True,True,0,0,0,0,True,
600211.SH,600211,600211,西藏药业,主板,沪市,主板,801150.SI,医药生物,801152.SI,生物制品,生物制品,L,19990721,9927,27.18,36.48,-0.273,6.452,False,True,True,0,0,0,0,True,
600212.SH,600212,600212,绿能慧充,主板,沪市,主板,801730.SI,电力设备,801733.SI,其他电源设备Ⅱ,其他电源设备Ⅱ,L,19990817,9900,27.1,6.07,4.655,16.949,False,True,True,0,0,0,0,True,
600215.SH,600215,600215,派斯林,主板,沪市,主板,801890.SI,机械设备,801078.SI,自动化设备,自动化设备,L,19990909,9877,27.04,6.1,0.0,12.698,False,True,True,0,0,0,0,True,
600216.SH,600216,600216,浙江医药,主板,沪市,主板,801150.SI,医药生物,801151.SI,化学制药,化学制药,L,19991021,9835,26.93,12.33,-2.22,10.938,False,True,True,0,0,0,0,True,
600217.SH,600217,600217,中再资环,主板,沪市,主板,801970.SI,环保,801971.SI,环境治理,环境治理,L,19991216,9779,26.77,3.24,0.621,25.0,False,True,True,0,0,0,0,True,
600218.SH,600218,600218,全柴动力,主板,沪市,主板,801880.SI,汽车,801093.SI,汽车零部件,汽车零部件,L,19981203,10157,27.81,7.87,-1.378,10.256,False,True,True,0,0,0,0,True,
600219.SH,600219,600219,南山铝业,主板,沪市,主板,801050.SI,有色金属,801055.SI,工业金属,工业金属,L,19991223,9772,26.75,4.61,-1.706,10.417,False,True,True,0,0,0,0,True,
600221.SH,600221,600221,海航控股,主板,沪市,主板,801170.SI,交通运输,801991.SI,航空机场,航空机场,L,19991125,9800,26.83,1.22,-1.613,21.429,False,True,True,0,0,0,0,True,
600222.SH,600222,600222,太龙药业,主板,沪市,主板,801150.SI,医药生物,801155.SI,中药Ⅱ,中药Ⅱ,L,19991105,9820,26.89,8.03,0.0,10.0,False,True,True,0,0,0,0,True,
600223.SH,600223,600223,福瑞达,主板,沪市,主板,801980.SI,美容护理,801982.SI,化妆品,化妆品,L,20000113,9751,26.7,5.6,0.358,25.0,False,True,True,0,0,0,0,True,
600226.SH,600226,600226,亨通股份,主板,沪市,主板,801160.SI,公用事业,801161.SI,电力,电力,L,19991116,9809,26.86,5.78,-4.463,6.667,False,True,True,0,0,0,0,True,
600227.SH,600227,600227,赤天化,主板,沪市,主板,801030.SI,基础化工,801038.SI,农化制品,农化制品,L,20000221,9712,26.59,3.8,-2.062,10.0,False,True,True,0,0,0,0,True,
600228.SH,600228,600228,返利科技,主板,沪市,主板,801760.SI,传媒,801767.SI,数字媒体,数字媒体,L,19990119,10110,27.68,10.6,-9.091,13.043,False,True,True,0,0,0,8,True,
600229.SH,600229,600229,城市传媒,主板,沪市,主板,801760.SI,传媒,801769.SI,出版,出版,L,20000309,9695,26.54,5.82,-1.188,17.857,False,True,True,0,0,0,0,True,
600230.SH,600230,600230,沧州大化,主板,沪市,主板,801030.SI,基础化工,801034.SI,化学制品,化学制品,L,20000406,9667,26.47,14.34,-3.239,8.333,False,True,True,0,0,0,0,True,
600231.SH,600231,600231,凌钢股份,主板,沪市,主板,801040.SI,钢铁,801044.SI,普钢,普钢,L,20000511,9632,26.37,1.65,-6.25,35.294,False,True,True,0,0,0,0,True,
600232.SH,600232,600232,金鹰股份,主板,沪市,主板,801890.SI,机械设备,801074.SI,专用设备,专用设备,L,20000602,9610,26.31,6.78,3.988,12.308,False,True,True,0,0,0,0,True,
600233.SH,600233,600233,圆通速递,主板,沪市,主板,801170.SI,交通运输,801178.SI,物流,物流,L,20000608,9604,26.29,17.92,0.448,13.793,False,True,True,0,0,0,0,True,
600234.SH,600234,600234,科新发展,主板,沪市,主板,801720.SI,建筑装饰,801722.SI,装修装饰Ⅱ,装修装饰Ⅱ,L,20000615,9597,26.28,21.39,-5.563,31.193,False,True,True,0,0,0,0,True,
600235.SH,600235,600235,民丰特纸,主板,沪市,主板,801140.SI,轻工制造,801143.SI,造纸,造纸,L,20000615,9597,26.28,5.86,0.687,12.281,False,True,True,0,0,0,0,True,
600236.SH,600236,600236,桂冠电力,主板,沪市,主板,801160.SI,公用事业,801161.SI,电力,电力,L,20000323,9681,26.51,9.24,-0.538,24.038,False,True,True,0,0,0,0,True,
600237.SH,600237,600237,铜峰电子,主板,沪市,主板,801080.SI,电子,801083.SI,元件,元件,L,20000609,9603,26.29,9.38,-4.772,5.155,False,True,True,0,0,0,0,True,
600238.SH,600238,600238,ST椰岛,主板,沪市,主板,801120.SI,食品饮料,801126.SI,非白酒,非白酒,L,20000120,9744,26.68,4.06,-0.49,17.391,True,True,True,0,2,2,2,False,ST、近60日停牌
600239.SH,600239,600239,ST云城,主板,沪市,主板,801180.SI,房地产,801181.SI,房地产开发,房地产开发,L,19991202,9793,26.81,1.44,0.0,14.286,True,True,True,0,0,0,0,False,ST
600241.SH,600241,600241,时代万恒,主板,沪市,主板,801730.SI,电力设备,801737.SI,电池,电池,L,20001128,9431,25.82,7.31,0.0,9.722,False,True,True,0,0,0,0,True,
600243.SH,600243,600243,*ST海华,主板,沪市,主板,801890.SI,机械设备,801072.SI,通用设备,通用设备,L,20001120,9439,25.84,3.54,-3.279,16.667,True,True,True,0,0,0,0,False,ST
600246.SH,600246,600246,万通发展,主板,沪市,主板,801180.SI,房地产,801181.SI,房地产开发,房地产开发,L,20000922,9498,26.0,14.34,-2.977,18.248,False,True,True,0,0,0,0,True,
600248.SH,600248,600248,陕建股份,主板,沪市,主板,801720.SI,建筑装饰,801721.SI,房屋建设Ⅱ,房屋建设Ⅱ,L,20000622,9590,26.26,2.81,-0.707,10.714,False,True,True,0,0,0,0,True,
600249.SH,600249,600249,两面针,主板,沪市,主板,801980.SI,美容护理,801981.SI,个护用品,个护用品,L,20040130,8273,22.65,5.36,-0.372,11.538,False,True,True,0,0,0,0,True,
600250.SH,600250,600250,南京商旅,主板,沪市,主板,801200.SI,商贸零售,801202.SI,贸易Ⅱ,贸易Ⅱ,L,20010306,9333,25.55,9.07,0.221,12.766,False,True,True,0,0,0,0,True,
600251.SH,600251,600251,冠农股份,主板,沪市,主板,801010.SI,农林牧渔,801012.SI,农产品加工,农产品加工,L,20030609,8508,23.29,10.03,-3.185,16.981,False,True,True,0,0,0,0,True,
600252.SH,600252,600252,中恒集团,主板,沪市,主板,801150.SI,医药生物,801155.SI,中药Ⅱ,中药Ⅱ,L,20001130,9429,25.82,2.13,-1.389,9.091,False,True,True,0,0,0,0,True,
600255.SH,600255,600255,鑫科材料,主板,沪市,主板,801050.SI,有色金属,801051.SI,金属新材料,金属新材料,L,20001122,9437,25.84,3.44,-2.825,8.333,False,True,True,0,0,0,0,True,
600256.SH,600256,600256,广汇能源,主板,沪市,主板,801960.SI,石油石化,801963.SI,炼化及贸易,炼化及贸易,L,20000526,9617,26.33,6.82,-0.583,22.388,False,True,True,0,0,0,0,True,
600257.SH,600257,600257,大湖股份,主板,沪市,主板,801010.SI,农林牧渔,801015.SI,渔业,渔业,L,20000612,9600,26.28,5.48,-1.083,8.929,False,True,True,0,0,0,0,True,
600258.SH,600258,600258,首旅酒店,主板,沪市,主板,801210.SI,社会服务,801219.SI,酒店餐饮,酒店餐饮,L,20000601,9611,26.31,11.09,-0.805,10.256,False,True,True,0,0,0,0,True,
600259.SH,600259,600259,中稀有色,主板,沪市,主板,801050.SI,有色金属,801054.SI,小金属,小金属,L,20000525,9618,26.33,80.37,-1.144,13.725,False,True,True,0,0,0,0,True,
600261.SH,600261,600261,阳光照明,主板,沪市,主板,801110.SI,家用电器,801115.SI,照明设备Ⅱ,照明设备Ⅱ,L,20000720,9562,26.18,3.35,0.0,15.625,False,True,True,0,0,0,0,True,
600262.SH,600262,600262,北方股份,主板,沪市,主板,801890.SI,机械设备,801074.SI,专用设备,专用设备,L,20000630,9582,26.23,14.71,-0.809,6.667,False,True,True,0,0,0,0,True,
600265.SH,600265,600265,*ST景谷,主板,沪市,主板,801010.SI,农林牧渔,801011.SI,林业Ⅱ,林业Ⅱ,L,20000825,9526,26.08,23.41,0.602,16.667,True,True,True,0,0,0,0,False,ST
600266.SH,600266,600266,城建发展,主板,沪市,主板,801180.SI,房地产,801181.SI,房地产开发,房地产开发,L,19990203,10095,27.64,4.27,-3.175,11.628,False,True,True,0,0,0,0,True,
600267.SH,600267,600267,海正药业,主板,沪市,主板,801150.SI,医药生物,801151.SI,化学制药,化学制药,L,20000725,9557,26.17,11.43,-3.136,21.667,False,True,True,0,0,0,0,True,
600268.SH,600268,600268,国电南自,主板,沪市,主板,801730.SI,电力设备,801738.SI,电网设备,电网设备,L,19991118,9807,26.85,10.08,-1.177,11.111,False,True,True,0,0,0,0,True,
600269.SH,600269,600269,赣粤高速,主板,沪市,主板,801170.SI,交通运输,801179.SI,铁路公路,铁路公路,L,20000518,9625,26.35,3.77,-0.528,15.385,False,True,True,0,0,0,0,True,
600271.SH,600271,600271,航天信息,主板,沪市,主板,801750.SI,计算机,801103.SI,IT服务Ⅱ,IT服务Ⅱ,L,20030711,8476,23.21,6.61,-1.196,35.294,False,True,True,0,0,0,0,True,
600272.SH,600272,600272,开开实业,主板,沪市,主板,801150.SI,医药生物,801154.SI,医药商业,医药商业,L,20010228,9339,25.57,15.24,-3.605,6.211,False,True,True,0,0,0,0,True,
600273.SH,600273,600273,嘉化能源,主板,沪市,主板,801030.SI,基础化工,801034.SI,化学制品,化学制品,L,20030627,8490,23.24,6.27,-0.791,8.955,False,True,True,0,0,0,0,True,
600276.SH,600276,600276,恒瑞医药,主板,沪市,主板,801150.SI,医药生物,801151.SI,化学制药,化学制药,L,20001018,9472,25.93,44.86,-1.58,20.0,False,True,True,0,0,0,0,True,
600278.SH,600278,600278,东方创业,主板,沪市,主板,801200.SI,商贸零售,801202.SI,贸易Ⅱ,贸易Ⅱ,L,20000712,9570,26.2,6.55,0.46,24.242,False,True,True,0,0,0,0,True,
600279.SH,600279,600279,重庆港,主板,沪市,主板,801170.SI,交通运输,801992.SI,航运港口,航运港口,L,20000731,9551,26.15,4.27,0.235,27.907,False,True,True,0,0,0,0,True,
600280.SH,600280,600280,中央商场,主板,沪市,主板,801200.SI,商贸零售,801203.SI,一般零售,一般零售,L,20000926,9494,25.99,3.04,-0.328,20.0,False,True,True,0,0,0,0,True,
600281.SH,600281,600281,华阳新材,主板,沪市,主板,801050.SI,有色金属,801054.SI,小金属,小金属,L,20001109,9450,25.87,4.64,-1.903,8.333,False,True,True,0,0,0,0,True,
600282.SH,600282,600282,南钢股份,主板,沪市,主板,801040.SI,钢铁,801044.SI,普钢,普钢,L,20000919,9501,26.01,4.4,0.228,14.894,False,True,True,0,0,0,0,True,
600283.SH,600283,600283,钱江水利,主板,沪市,主板,801970.SI,环保,801971.SI,环境治理,环境治理,L,20001018,9472,25.93,8.02,-0.373,14.458,False,True,True,0,0,0,0,True,
600284.SH,600284,600284,浦东建设,主板,沪市,主板,801720.SI,建筑装饰,801723.SI,基础建设,基础建设,L,20040316,8227,22.52,5.11,0.0,7.692,False,True,True,0,0,0,0,True,
600285.SH,600285,600285,羚锐制药,主板,沪市,主板,801150.SI,医药生物,801155.SI,中药Ⅱ,中药Ⅱ,L,20001018,9472,25.93,18.83,-1.31,15.152,False,True,True,0,0,0,0,True,
600287.SH,600287,600287,苏豪时尚,主板,沪市,主板,801200.SI,商贸零售,801202.SI,贸易Ⅱ,贸易Ⅱ,L,20000901,9519,26.06,4.97,-0.201,24.49,False,True,True,0,0,0,0,True,
600288.SH,600288,600288,大恒科技,主板,沪市,主板,801750.SI,计算机,801104.SI,软件开发,软件开发,L,20001129,9430,25.82,10.8,-1.37,6.306,False,True,True,0,0,0,0,True,
600289.SH,600289,600289,ST信通,主板,沪市,主板,801770.SI,通信,801223.SI,通信服务,通信服务,L,20000720,9562,26.18,4.32,0.465,53.846,True,True,True,0,0,0,0,False,ST
600292.SH,600292,600292,电投水电,主板,沪市,主板,801970.SI,环保,801971.SI,环境治理,环境治理,L,20001101,9458,25.89,11.26,-1.054,9.244,False,True,True,0,0,0,0,True,
600293.SH,600293,600293,三峡新材,主板,沪市,主板,801710.SI,建筑材料,801712.SI,玻璃玻纤,玻璃玻纤,L,20000919,9501,26.01,3.78,2.162,25.714,False,True,True,0,0,0,0,True,
600295.SH,600295,600295,鄂尔多斯,主板,沪市,主板,801040.SI,钢铁,801043.SI,冶钢原料,冶钢原料,L,20010426,9282,25.41,12.8,-0.311,26.923,False,True,True,0,0,0,0,True,
600298.SH,600298,600298,安琪酵母,主板,沪市,主板,801120.SI,食品饮料,801129.SI,调味发酵品Ⅱ,调味发酵品Ⅱ,L,20000818,9533,26.1,39.7,-0.151,12.069,False,True,True,0,0,0,0,True,
600299.SH,600299,600299,安迪苏,主板,沪市,主板,801030.SI,基础化工,801034.SI,化学制品,化学制品,L,20000420,9653,26.43,8.08,-3.465,23.81,False,True,True,0,0,0,0,True,
600300.SH,600300,600300,维维股份,主板,沪市,主板,801120.SI,食品饮料,801127.SI,饮料乳品,饮料乳品,L,20000630,9582,26.23,3.06,-0.971,6.25,False,True,True,0,0,0,0,True,
600301.SH,600301,600301,华锡有色,主板,沪市,主板,801050.SI,有色金属,801054.SI,小金属,小金属,L,20000712,9570,26.2,47.65,-0.605,11.667,False,True,True,6,6,6,6,False,近60日停牌
600302.SH,600302,600302,ST标准,主板,沪市,主板,801890.SI,机械设备,801074.SI,专用设备,专用设备,L,20001213,9416,25.78,7.14,0.563,30.435,True,True,True,0,0,0,0,False,ST
600303.SH,600303,600303,曙光股份,主板,沪市,主板,801880.SI,汽车,801096.SI,商用车,商用车,L,20001226,9403,25.74,3.05,1.667,10.0,False,True,True,0,0,0,0,True,
600305.SH,600305,600305,恒顺醋业,主板,沪市,主板,801120.SI,食品饮料,801129.SI,调味发酵品Ⅱ,调味发酵品Ⅱ,L,20010206,9361,25.63,6.66,-1.77,17.391,False,True,True,0,0,0,0,True,
600307.SH,600307,600307,酒钢宏兴,主板,沪市,主板,801040.SI,钢铁,801044.SI,普钢,普钢,L,20001220,9409,25.76,1.45,-1.361,26.667,False,True,True,0,0,0,0,True,
600308.SH,600308,600308,华泰股份,主板,沪市,主板,801140.SI,轻工制造,801143.SI,造纸,造纸,L,20000928,9492,25.99,3.29,-2.083,21.212,False,True,True,0,0,0,0,True,
600309.SH,600309,600309,万华化学,主板,沪市,主板,801030.SI,基础化工,801034.SI,化学制品,化学制品,L,20010105,9393,25.72,69.45,-3.003,10.714,False,True,True,0,0,0,0,True,
600310.SH,600310,600310,广西能源,主板,沪市,主板,801160.SI,公用事业,801161.SI,电力,电力,L,20010228,9339,25.57,4.45,0.679,8.511,False,True,True,0,0,0,0,True,
600312.SH,600312,600312,平高电气,主板,沪市,主板,801730.SI,电力设备,801738.SI,电网设备,电网设备,L,20010221,9346,25.59,18.94,0.053,8.163,False,True,True,0,0,0,0,True,
600313.SH,600313,600313,农发种业,主板,沪市,主板,801010.SI,农林牧渔,801016.SI,种植业,种植业,L,20010119,9379,25.68,6.8,-2.718,12.676,False,True,True,0,0,0,0,True,
600315.SH,600315,600315,上海家化,主板,沪市,主板,801980.SI,美容护理,801982.SI,化妆品,化妆品,L,20010315,9324,25.53,18.12,-2.265,10.0,False,True,True,0,0,0,0,True,
600316.SH,600316,600316,洪都航空,主板,沪市,主板,801740.SI,国防军工,801742.SI,航空装备Ⅱ,航空装备Ⅱ,L,20001215,9414,25.77,32.91,-2.72,20.253,False,True,True,0,0,0,0,True,
600318.SH,600318,600318,新力金融,主板,沪市,主板,801790.SI,非银金融,801191.SI,多元金融,多元金融,L,20001208,9421,25.79,6.79,-1.165,13.043,False,True,True,0,0,0,0,True,
600319.SH,600319,600319,亚星化学,主板,沪市,主板,801030.SI,基础化工,801033.SI,化学原料,化学原料,L,20010326,9313,25.5,6.25,0.0,23.81,False,True,True,0,0,0,0,True,
600320.SH,600320,600320,振华重工,主板,沪市,主板,801890.SI,机械设备,801074.SI,专用设备,专用设备,L,20001221,9408,25.76,4.02,-1.228,14.286,False,True,True,0,0,0,0,True,
600322.SH,600322,600322,津投城开,主板,沪市,主板,801180.SI,房地产,801181.SI,房地产开发,房地产开发,L,20010910,9145,25.04,2.69,-2.536,7.407,False,True,True,0,0,0,0,True,
600323.SH,600323,600323,瀚蓝环境,主板,沪市,主板,801970.SI,环保,801971.SI,环境治理,环境治理,L,20001225,9404,25.75,28.68,-0.761,10.204,False,True,True,0,0,0,0,True,
600325.SH,600325,600325,华发股份,主板,沪市,主板,801180.SI,房地产,801181.SI,房地产开发,房地产开发,L,20040225,8247,22.58,2.67,-4.643,16.0,False,True,True,0,0,0,0,True,
600326.SH,600326,600326,西藏天路,主板,沪市,主板,801710.SI,建筑材料,801711.SI,水泥,水泥,L,20010116,9382,25.69,6.97,-3.463,12.329,False,True,True,0,0,0,0,True,
600327.SH,600327,600327,大东方,主板,沪市,主板,801200.SI,商贸零售,801203.SI,一般零售,一般零售,L,20020625,8857,24.25,3.8,0.796,7.5,False,True,True,0,0,0,0,True,
600328.SH,600328,600328,中盐化工,主板,沪市,主板,801030.SI,基础化工,801033.SI,化学原料,化学原料,L,20001222,9407,25.75,5.65,-1.224,17.46,False,True,True,0,0,0,0,True,
600329.SH,600329,600329,达仁堂,主板,沪市,主板,801150.SI,医药生物,801155.SI,中药Ⅱ,中药Ⅱ,L,20010606,9241,25.3,35.13,-0.735,14.667,False,True,True,0,0,0,0,True,
600330.SH,600330,600330,天通股份,主板,沪市,主板,801080.SI,电子,801086.SI,电子化学品Ⅱ,电子化学品Ⅱ,L,20010118,9380,25.68,28.6,-4.603,4.73,False,True,True,0,0,0,0,True,
600331.SH,600331,600331,宏达股份,主板,沪市,主板,801030.SI,基础化工,801038.SI,农化制品,农化制品,L,20011220,9044,24.76,12.05,-0.578,14.286,False,True,True,0,0,0,0,True,
600332.SH,600332,600332,白云山,主板,沪市,主板,801150.SI,医药生物,801155.SI,中药Ⅱ,中药Ⅱ,L,20010206,9361,25.63,19.39,-1.423,20.755,False,True,True,0,0,0,0,True,
600333.SH,600333,600333,长春燃气,主板,沪市,主板,801160.SI,公用事业,801163.SI,燃气Ⅱ,燃气Ⅱ,L,20001211,9418,25.79,6.73,-0.738,19.697,False,True,True,0,0,0,0,True,
600335.SH,600335,600335,国机汽车,主板,沪市,主板,801880.SI,汽车,801092.SI,汽车服务,汽车服务,L,20010305,9334,25.56,5.12,-0.195,15.385,False,True,True,0,0,0,0,True,
600336.SH,600336,600336,澳柯玛,主板,沪市,主板,801110.SI,家用电器,801111.SI,白色家电,白色家电,L,20001229,9400,25.74,6.35,0.475,21.875,False,True,True,0,0,0,0,True,
600337.SH,600337,600337,ST美克,主板,沪市,主板,801140.SI,轻工制造,801142.SI,家居用品,家居用品,L,20001127,9432,25.82,3.43,3.313,12.903,True,True,True,0,0,0,0,False,ST
600338.SH,600338,600338,西藏珠峰,主板,沪市,主板,801050.SI,有色金属,801055.SI,工业金属,工业金属,L,20001227,9402,25.74,12.06,-2.899,11.538,False,True,True,0,0,0,0,True,
600339.SH,600339,600339,中油工程,主板,沪市,主板,801960.SI,石油石化,801962.SI,油服工程,油服工程,L,20001225,9404,25.75,3.23,-0.615,17.647,False,True,True,0,0,0,0,True,
600340.SH,600340,600340,*ST华幸,主板,沪市,主板,801180.SI,房地产,801181.SI,房地产开发,房地产开发,L,20031230,8304,22.74,1.17,1.739,20.0,True,True,True,0,0,0,0,False,ST
600343.SH,600343,600343,航天动力,主板,沪市,主板,801890.SI,机械设备,801072.SI,通用设备,通用设备,L,20030408,8570,23.46,20.3,2.164,8.0,False,True,True,0,0,0,0,True,
600345.SH,600345,600345,长江通信,主板,沪市,主板,801770.SI,通信,801102.SI,通信设备,通信设备,L,20001222,9407,25.75,51.89,-3.783,7.865,False,True,True,0,0,0,0,True,
600346.SH,600346,600346,恒力石化,主板,沪市,主板,801960.SI,石油石化,801963.SI,炼化及贸易,炼化及贸易,L,20010820,9166,25.1,16.15,-4.325,39.13,False,True,True,0,0,0,0,True,
600348.SH,600348,600348,华阳股份,主板,沪市,主板,801950.SI,煤炭,801951.SI,煤炭开采,煤炭开采,L,20030821,8435,23.09,8.89,-1.002,12.222,False,True,True,0,0,0,0,True,
600350.SH,600350,600350,山东高速,主板,沪市,主板,801170.SI,交通运输,801179.SI,铁路公路,铁路公路,L,20020318,8956,24.52,10.02,-0.1,23.478,False,True,True,0,0,0,0,True,
600351.SH,600351,600351,亚宝药业,主板,沪市,主板,801150.SI,医药生物,801155.SI,中药Ⅱ,中药Ⅱ,L,20020926,8764,23.99,6.67,-0.891,4.412,False,True,True,0,0,0,0,True,
600352.SH,600352,600352,浙江龙盛,主板,沪市,主板,801030.SI,基础化工,801034.SI,化学制品,化学制品,L,20030801,8455,23.15,12.14,-2.88,11.111,False,True,True,0,0,0,0,True,
600353.SH,600353,600353,旭光电子,主板,沪市,主板,801080.SI,电子,801082.SI,其他电子Ⅱ,其他电子Ⅱ,L,20021120,8709,23.84,32.57,-2.631,5.97,False,True,True,0,0,0,0,True,
600354.SH,600354,600354,敦煌种业,主板,沪市,主板,801010.SI,农林牧渔,801016.SI,种植业,种植业,L,20040115,8288,22.69,9.53,-5.456,6.0,False,True,True,0,0,0,0,True,
600356.SH,600356,600356,恒丰纸业,主板,沪市,主板,801140.SI,轻工制造,801143.SI,造纸,造纸,L,20010419,9289,25.43,10.64,-0.561,19.802,False,True,True,0,0,0,0,True,
600358.SH,600358,600358,国旅联合,主板,沪市,主板,801760.SI,传媒,801765.SI,广告营销,广告营销,L,20000922,9498,26.0,5.72,10.0,11.538,False,True,True,0,0,0,0,True,
600359.SH,600359,600359,新农开发,主板,沪市,主板,801010.SI,农林牧渔,801016.SI,种植业,种植业,L,19990429,10010,27.41,7.62,-2.806,5.128,False,True,True,0,0,0,0,True,
600360.SH,600360,600360,华微电子,主板,沪市,主板,801080.SI,电子,801081.SI,半导体,半导体,L,20010316,9323,25.52,11.67,2.458,10.714,False,True,True,0,0,0,0,True,
600361.SH,600361,600361,创新新材,主板,沪市,主板,801050.SI,有色金属,801055.SI,工业金属,工业金属,L,20011129,9065,24.82,3.43,-1.719,13.514,False,True,True,0,0,0,0,True,
600362.SH,600362,600362,江西铜业,主板,沪市,主板,801050.SI,有色金属,801055.SI,工业金属,工业金属,L,20020111,9022,24.7,42.4,-4.826,12.5,False,True,True,0,0,0,0,True,
600363.SH,600363,600363,联创光电,主板,沪市,主板,801080.SI,电子,801085.SI,消费电子,消费电子,L,20010329,9310,25.49,14.55,-3.642,7.895,False,True,True,0,0,0,0,True,
600365.SH,600365,600365,ST通葡,主板,沪市,主板,801200.SI,商贸零售,801206.SI,互联网电商,互联网电商,L,20010115,9383,25.69,2.9,1.754,18.519,True,True,True,0,0,0,0,False,ST
600366.SH,600366,600366,宁波韵升,主板,沪市,主板,801050.SI,有色金属,801051.SI,金属新材料,金属新材料,L,20001030,9460,25.9,11.12,-1.853,10.526,False,True,True,0,0,0,0,True,
600367.SH,600367,600367,红星发展,主板,沪市,主板,801030.SI,基础化工,801033.SI,化学原料,化学原料,L,20010320,9319,25.51,36.55,-6.784,6.349,False,True,True,0,0,0,0,True,
600368.SH,600368,600368,五洲交通,主板,沪市,主板,801170.SI,交通运输,801179.SI,铁路公路,铁路公路,L,20001221,9408,25.76,4.15,0.728,12.195,False,True,True,0,0,0,0,True,
600369.SH,600369,600369,西南证券,主板,沪市,主板,801790.SI,非银金融,801193.SI,证券Ⅱ,证券Ⅱ,L,20010109,9389,25.71,3.92,-1.754,12.195,False,True,True,0,0,0,0,True,
600370.SH,600370,600370,*ST三房,主板,沪市,主板,801030.SI,基础化工,801032.SI,化学纤维,化学纤维,L,20030306,8603,23.55,1.47,-1.342,33.333,True,True,True,0,0,0,0,False,ST
600371.SH,600371,600371,万向德农,主板,沪市,主板,801010.SI,农林牧渔,801016.SI,种植业,种植业,L,20020916,8774,24.02,15.85,-8.275,10.778,False,True,True,0,0,0,0,True,
600372.SH,600372,600372,中航机载,主板,沪市,主板,801740.SI,国防军工,801742.SI,航空装备Ⅱ,航空装备Ⅱ,L,20010706,9211,25.22,11.33,-0.875,26.087,False,True,True,0,0,0,0,True,
600373.SH,600373,600373,中文传媒,主板,沪市,主板,801760.SI,传媒,801769.SI,出版,出版,L,20020304,8970,24.56,7.48,0.268,16.667,False,True,True,0,0,0,0,True,
600375.SH,600375,600375,汉马科技,主板,沪市,主板,801880.SI,汽车,801096.SI,商用车,商用车,L,20030401,8577,23.48,3.62,-1.362,10.526,False,True,True,0,0,0,0,True,
600376.SH,600376,600376,首开股份,主板,沪市,主板,801180.SI,房地产,801181.SI,房地产开发,房地产开发,L,20010312,9327,25.54,3.19,-4.204,27.273,False,True,True,0,0,0,0,True,
600377.SH,600377,600377,宁沪高速,主板,沪市,主板,801170.SI,交通运输,801179.SI,铁路公路,铁路公路,L,20010116,9382,25.69,12.77,1.51,17.355,False,True,True,0,0,0,0,True,
600378.SH,600378,600378,昊华科技,主板,沪市,主板,801030.SI,基础化工,801034.SI,化学制品,化学制品,L,20010111,9387,25.7,45.09,-3.654,6.329,False,True,True,0,0,0,0,True,
600379.SH,600379,600379,宝光股份,主板,沪市,主板,801730.SI,电力设备,801738.SI,电网设备,电网设备,L,20020116,9017,24.69,14.62,-2.207,6.849,False,True,True,0,0,0,0,True,
600380.SH,600380,600380,健康元,主板,沪市,主板,801150.SI,医药生物,801151.SI,化学制药,化学制药,L,20010608,9239,25.3,9.25,-1.7,16.0,False,True,True,0,0,0,0,True,
600381.SH,600381,600381,*ST春天,主板,沪市,主板,801120.SI,食品饮料,801124.SI,食品加工,食品加工,L,20010508,9270,25.38,4.2,-3.226,25.581,True,True,True,0,0,0,0,False,ST
600382.SH,600382,600382,广东明珠,主板,沪市,主板,801040.SI,钢铁,801043.SI,冶钢原料,冶钢原料,L,20010118,9380,25.68,5.64,-4.407,7.937,False,True,True,0,0,0,0,True,
600383.SH,600383,600383,金地集团,主板,沪市,主板,801180.SI,房地产,801181.SI,房地产开发,房地产开发,L,20010412,9296,25.45,2.41,-3.984,13.043,False,True,True,0,0,0,0,True,
600386.SH,600386,600386,北巴传媒,主板,沪市,主板,801880.SI,汽车,801092.SI,汽车服务,汽车服务,L,20010216,9351,25.6,3.51,0.573,20.588,False,True,True,0,0,0,0,True,
600388.SH,600388,600388,紫金龙净,主板,沪市,主板,801970.SI,环保,801972.SI,环保设备Ⅱ,环保设备Ⅱ,L,20001229,9400,25.74,17.46,1.394,14.773,False,True,True,0,0,0,0,True,
600389.SH,600389,600389,江山股份,主板,沪市,主板,801030.SI,基础化工,801038.SI,农化制品,农化制品,L,20010110,9388,25.7,18.11,-2.739,8.511,False,True,True,0,0,0,0,True,
600390.SH,600390,600390,五矿资本,主板,沪市,主板,801790.SI,非银金融,801191.SI,多元金融,多元金融,L,20010115,9383,25.69,4.79,-1.643,14.0,False,True,True,0,0,0,0,True,
600391.SH,600391,600391,航发科技,主板,沪市,主板,801740.SI,国防军工,801742.SI,航空装备Ⅱ,航空装备Ⅱ,L,20011212,9052,24.78,40.98,-4.653,17.308,False,True,True,0,0,0,0,True,
600392.SH,600392,600392,盛和资源,主板,沪市,主板,801050.SI,有色金属,801054.SI,小金属,小金属,L,20030529,8519,23.32,21.35,-1.974,9.459,False,True,True,0,0,0,0,True,
600395.SH,600395,600395,盘江股份,主板,沪市,主板,801950.SI,煤炭,801951.SI,煤炭开采,煤炭开采,L,20010531,9247,25.32,5.06,0.397,15.094,False,True,True,0,0,0,0,True,
600396.SH,600396,600396,华电辽能,主板,沪市,主板,801160.SI,公用事业,801161.SI,电力,电力,L,20010328,9311,25.49,12.75,-1.848,10.949,False,True,True,0,0,0,0,True,
600397.SH,600397,600397,江钨装备,主板,沪市,主板,801950.SI,煤炭,801951.SI,煤炭开采,煤炭开采,L,20020702,8850,24.23,17.7,-0.226,6.897,False,True,True,0,0,0,0,True,
600398.SH,600398,600398,海澜之家,主板,沪市,主板,801130.SI,纺织服饰,801132.SI,服装家纺,服装家纺,L,20001228,9401,25.74,5.66,-0.527,6.78,False,True,True,0,0,0,0,True,
600399.SH,600399,600399,抚顺特钢,主板,沪市,主板,801040.SI,钢铁,801045.SI,特钢Ⅱ,特钢Ⅱ,L,20001229,9400,25.74,4.31,-1.373,14.286,False,True,True,0,0,0,0,True,
600400.SH,600400,600400,红豆股份,主板,沪市,主板,801130.SI,纺织服饰,801132.SI,服装家纺,服装家纺,L,20010108,9390,25.71,3.41,1.187,15.625,False,True,True,0,0,0,0,True,
600403.SH,600403,600403,大有能源,主板,沪市,主板,801950.SI,煤炭,801951.SI,煤炭开采,煤炭开采,L,20031009,8386,22.96,7.19,-0.691,11.268,False,True,True,0,0,0,0,True,
600405.SH,600405,600405,动力源,主板,沪市,主板,801730.SI,电力设备,801733.SI,其他电源设备Ⅱ,其他电源设备Ⅱ,L,20040401,8211,22.48,5.05,0.0,16.327,False,True,True,0,0,6,6,False,近60日停牌
600406.SH,600406,600406,国电南瑞,主板,沪市,主板,801730.SI,电力设备,801738.SI,电网设备,电网设备,L,20031016,8379,22.94,22.27,-0.491,16.456,False,True,True,0,0,0,0,True,
600408.SH,600408,600408,安泰集团,主板,沪市,主板,801950.SI,煤炭,801952.SI,焦炭Ⅱ,焦炭Ⅱ,L,20030212,8625,23.61,3.03,1.678,6.667,False,True,True,0,0,0,0,True,
600409.SH,600409,600409,三友化工,主板,沪市,主板,801030.SI,基础化工,801033.SI,化学原料,化学原料,L,20030618,8499,23.27,6.22,-1.582,15.152,False,True,True,0,0,0,0,True,
600410.SH,600410,600410,华胜天成,主板,沪市,主板,801750.SI,计算机,801103.SI,IT服务Ⅱ,IT服务Ⅱ,L,20040427,8185,22.41,15.5,-2.331,9.259,False,True,True,0,0,0,0,True,
600415.SH,600415,600415,小商品城,主板,沪市,主板,801200.SI,商贸零售,801203.SI,一般零售,一般零售,L,20020509,8904,24.38,10.84,0.278,16.667,False,True,True,0,0,0,0,True,
600416.SH,600416,600416,湘电股份,主板,沪市,主板,801730.SI,电力设备,801731.SI,电机Ⅱ,电机Ⅱ,L,20020718,8834,24.19,8.27,-2.014,29.545,False,True,True,0,0,0,0,True,
600418.SH,600418,600418,江淮汽车,主板,沪市,主板,801880.SI,汽车,801096.SI,商用车,商用车,L,20010824,9162,25.08,22.93,-2.217,20.755,False,True,True,0,0,0,0,True,
600419.SH,600419,600419,天润乳业,主板,沪市,主板,801120.SI,食品饮料,801127.SI,饮料乳品,饮料乳品,L,20010628,9219,25.24,8.72,-0.343,6.897,False,True,True,0,0,0,0,True,
600420.SH,600420,600420,国药现代,主板,沪市,主板,801150.SI,医药生物,801151.SI,化学制药,化学制药,L,20040616,8135,22.27,8.22,-1.439,24.138,False,True,True,0,0,0,0,True,
600422.SH,600422,600422,昆药集团,主板,沪市,主板,801150.SI,医药生物,801155.SI,中药Ⅱ,中药Ⅱ,L,20001206,9423,25.8,8.04,-1.228,11.628,False,True,True,0,0,0,0,True,
600423.SH,600423,600423,*ST柳化,主板,沪市,主板,801030.SI,基础化工,801033.SI,化学原料,化学原料,L,20030717,8470,23.19,2.68,-1.107,18.519,True,True,True,0,0,0,0,False,ST
600425.SH,600425,600425,青松建化,主板,沪市,主板,801710.SI,建筑材料,801711.SI,水泥,水泥,L,20030724,8463,23.17,3.61,-1.366,13.889,False,True,True,0,0,0,0,True,
600426.SH,600426,600426,华鲁恒升,主板,沪市,主板,801030.SI,基础化工,801038.SI,农化制品,农化制品,L,20020620,8862,24.26,19.71,-3.288,9.615,False,True,True,0,0,0,0,True,
600428.SH,600428,600428,中远海特,主板,沪市,主板,801170.SI,交通运输,801992.SI,航运港口,航运港口,L,20020418,8925,24.44,11.06,-1.514,10.619,False,True,True,0,0,0,0,True,
600429.SH,600429,600429,三元股份,主板,沪市,主板,801120.SI,食品饮料,801127.SI,饮料乳品,饮料乳品,L,20030915,8410,23.03,4.54,-0.22,23.913,False,True,True,0,0,0,0,True,
600433.SH,600433,600433,冠豪高新,主板,沪市,主板,801140.SI,轻工制造,801143.SI,造纸,造纸,L,20030619,8498,23.27,3.26,-0.912,6.25,False,True,True,0,0,0,0,True,
600435.SH,600435,600435,北方导航,主板,沪市,主板,801740.SI,国防军工,801743.SI,地面兵装Ⅱ,地面兵装Ⅱ,L,20030704,8483,23.23,11.16,-1.413,12.281,False,True,True,0,0,0,0,True,
600436.SH,600436,600436,片仔癀,主板,沪市,主板,801150.SI,医药生物,801155.SI,中药Ⅱ,中药Ⅱ,L,20030616,8501,23.27,117.4,-2.248,38.095,False,True,True,0,0,0,0,True,
600438.SH,600438,600438,通威股份,主板,沪市,主板,801730.SI,电力设备,801735.SI,光伏设备,光伏设备,L,20040302,8241,22.56,11.12,-3.972,35.484,False,True,True,0,0,0,0,True,
600439.SH,600439,600439,ST瑞贝卡,主板,沪市,主板,801130.SI,纺织服饰,801133.SI,饰品,饰品,L,20030710,8477,23.21,1.86,-0.535,15.789,True,True,True,0,2,2,2,False,ST、近60日停牌
600444.SH,600444,600444,国机通用,主板,沪市,主板,801890.SI,机械设备,801074.SI,专用设备,专用设备,L,20040219,8253,22.6,14.4,-0.69,11.268,False,True,True,0,0,0,0,True,
600446.SH,600446,600446,金证股份,主板,沪市,主板,801750.SI,计算机,801103.SI,IT服务Ⅱ,IT服务Ⅱ,L,20031224,8310,22.75,10.37,-2.354,7.692,False,True,True,0,0,0,0,True,
600448.SH,600448,600448,华纺股份,主板,沪市,主板,801130.SI,纺织服饰,801131.SI,纺织制造,纺织制造,L,20010903,9152,25.06,3.27,0.307,11.765,False,True,True,0,0,0,0,True,
600449.SH,600449,600449,宁夏建材,主板,沪市,主板,801710.SI,建筑材料,801711.SI,水泥,水泥,L,20030829,8427,23.07,12.71,-3.051,7.937,False,True,True,0,0,0,0,True,
600452.SH,600452,600452,涪陵电力,主板,沪市,主板,801160.SI,公用事业,801161.SI,电力,电力,L,20040303,8240,22.56,8.81,-1.344,8.791,False,True,True,0,0,0,0,True,
600455.SH,600455,600455,博通股份,主板,沪市,主板,801750.SI,计算机,801104.SI,软件开发,软件开发,L,20040329,8214,22.49,24.7,1.354,9.244,False,True,True,0,0,0,0,True,
600456.SH,600456,600456,宝钛股份,主板,沪市,主板,801050.SI,有色金属,801054.SI,小金属,小金属,L,20020412,8931,24.45,25.08,-1.454,12.821,False,True,True,0,0,0,0,True,
600458.SH,600458,600458,时代新材,主板,沪市,主板,801890.SI,机械设备,801076.SI,轨交设备Ⅱ,轨交设备Ⅱ,L,20021219,8680,23.76,11.11,-1.069,3.571,False,True,True,0,0,0,0,True,
600459.SH,600459,600459,贵研铂业,主板,沪市,主板,801050.SI,有色金属,801054.SI,小金属,小金属,L,20030516,8532,23.36,18.53,-2.933,14.706,False,True,True,0,0,0,0,True,
600460.SH,600460,600460,士兰微,主板,沪市,主板,801080.SI,电子,801081.SI,半导体,半导体,L,20030311,8598,23.54,32.72,-2.821,10.638,False,True,True,0,0,0,0,True,
600461.SH,600461,600461,洪城环境,主板,沪市,主板,801970.SI,环保,801971.SI,环境治理,环境治理,L,20040601,8150,22.31,8.76,-0.905,6.667,False,True,True,0,0,0,0,True,
600463.SH,600463,600463,空港股份,主板,沪市,主板,801180.SI,房地产,801181.SI,房地产开发,房地产开发,L,20040318,8225,22.52,8.15,-1.332,19.512,False,True,True,0,0,0,0,True,
600467.SH,600467,600467,好当家,主板,沪市,主板,801010.SI,农林牧渔,801015.SI,渔业,渔业,L,20040405,8207,22.47,2.38,-1.245,12.5,False,True,True,0,0,0,0,True,
600468.SH,600468,600468,百利电气,主板,沪市,主板,801730.SI,电力设备,801738.SI,电网设备,电网设备,L,20010615,9232,25.28,6.05,-0.165,7.812,False,True,True,0,0,0,0,True,
600469.SH,600469,600469,风神股份,主板,沪市,主板,801880.SI,汽车,801093.SI,汽车零部件,汽车零部件,L,20031021,8374,22.93,4.96,-0.402,20.755,False,True,True,0,0,0,0,True,
600470.SH,600470,600470,六国化工,主板,沪市,主板,801030.SI,基础化工,801038.SI,农化制品,农化制品,L,20040305,8238,22.55,5.61,-0.708,13.333,False,True,True,0,0,0,0,True,
600475.SH,600475,600475,华光环能,主板,沪市,主板,801160.SI,公用事业,801161.SI,电力,电力,L,20030721,8466,23.18,14.74,-2.384,10.0,False,True,True,0,0,0,0,True,
600476.SH,600476,600476,*ST湘邮,主板,沪市,主板,801750.SI,计算机,801103.SI,IT服务Ⅱ,IT服务Ⅱ,L,20031210,8324,22.79,9.97,-2.637,27.957,True,True,True,0,0,0,0,False,ST
600477.SH,600477,600477,杭萧钢构,主板,沪市,主板,801720.SI,建筑装饰,801724.SI,专业工程,专业工程,L,20031110,8354,22.87,2.4,-0.826,12.5,False,True,True,0,0,0,0,True,
600478.SH,600478,600478,科力远,主板,沪市,主板,801730.SI,电力设备,801737.SI,电池,电池,L,20030918,8407,23.02,4.41,-1.562,20.408,False,True,True,0,0,0,0,True,
600479.SH,600479,600479,千金药业,主板,沪市,主板,801150.SI,医药生物,801155.SI,中药Ⅱ,中药Ⅱ,L,20040312,8231,22.54,12.4,-5.989,11.628,False,True,True,0,0,0,0,True,
600480.SH,600480,600480,凌云股份,主板,沪市,主板,801880.SI,汽车,801093.SI,汽车零部件,汽车零部件,L,20030815,8441,23.11,7.81,0.386,23.81,False,True,True,0,0,0,0,True,
600481.SH,600481,600481,双良节能,主板,沪市,主板,801730.SI,电力设备,801735.SI,光伏设备,光伏设备,L,20030422,8556,23.43,3.98,-1.728,7.143,False,True,True,0,0,0,0,True,
600482.SH,600482,600482,中国动力,主板,沪市,主板,801730.SI,电力设备,801733.SI,其他电源设备Ⅱ,其他电源设备Ⅱ,L,20040714,8107,22.2,34.25,-1.382,20.0,False,True,True,0,0,0,0,True,
600483.SH,600483,600483,福能股份,主板,沪市,主板,801160.SI,公用事业,801161.SI,电力,电力,L,20040531,8151,22.32,10.73,0.562,12.15,False,True,True,0,0,0,0,True,
600486.SH,600486,600486,扬农化工,主板,沪市,主板,801030.SI,基础化工,801038.SI,农化制品,农化制品,L,20020425,8918,24.42,51.36,-2.19,10.87,False,True,True,0,0,0,0,True,
600487.SH,600487,600487,亨通光电,主板,沪市,主板,801770.SI,通信,801102.SI,通信设备,通信设备,L,20030822,8434,23.09,67.38,-3.66,13.208,False,True,True,0,0,0,0,True,
600488.SH,600488,600488,津药药业,主板,沪市,主板,801150.SI,医药生物,801151.SI,化学制药,化学制药,L,20010618,9229,25.27,5.7,-3.39,6.667,False,True,True,0,0,0,0,True,
600489.SH,600489,600489,中金黄金,主板,沪市,主板,801050.SI,有色金属,801053.SI,贵金属,贵金属,L,20030814,8442,23.11,22.12,-5.47,19.355,False,True,True,0,0,0,0,True,
600490.SH,600490,600490,鹏欣资源,主板,沪市,主板,801050.SI,有色金属,801055.SI,工业金属,工业金属,L,20030626,8491,23.25,6.79,-4.769,11.111,False,True,True,0,0,0,0,True,
600491.SH,600491,600491,ST龙元,主板,沪市,主板,801720.SI,建筑装饰,801721.SI,房屋建设Ⅱ,房屋建设Ⅱ,L,20040524,8158,22.34,1.62,-2.994,12.5,True,True,True,1,2,8,8,False,ST、近60日停牌
600493.SH,600493,600493,凤竹纺织,主板,沪市,主板,801130.SI,纺织服饰,801131.SI,纺织制造,纺织制造,L,20040421,8191,22.43,6.46,1.732,9.836,False,True,True,0,0,0,0,True,
600495.SH,600495,600495,晋西车轴,主板,沪市,主板,801890.SI,机械设备,801076.SI,轨交设备Ⅱ,轨交设备Ⅱ,L,20040526,8156,22.33,4.08,0.246,14.634,False,True,True,0,0,0,0,True,
600496.SH,600496,600496,精工钢构,主板,沪市,主板,801720.SI,建筑装饰,801724.SI,专业工程,专业工程,L,20020605,8877,24.3,3.36,0.599,6.061,False,True,True,0,0,0,0,True,
600497.SH,600497,600497,驰宏锌锗,主板,沪市,主板,801050.SI,有色金属,801055.SI,工业金属,工业金属,L,20040420,8192,22.43,9.26,-3.842,9.091,False,True,True,0,0,0,0,True,
600498.SH,600498,600498,烽火通信,主板,沪市,主板,801770.SI,通信,801102.SI,通信设备,通信设备,L,20010823,9163,25.09,41.08,-3.432,9.434,False,True,True,0,0,0,0,True,
600499.SH,600499,600499,科达制造,主板,沪市,主板,801890.SI,机械设备,801074.SI,专用设备,专用设备,L,20021010,8750,23.96,11.25,-3.516,22.535,False,True,True,0,0,0,0,True,
600500.SH,600500,600500,中化国际,主板,沪市,主板,801030.SI,基础化工,801034.SI,化学制品,化学制品,L,20000301,9703,26.57,5.55,-4.31,8.772,False,True,True,0,0,0,0,True,
600501.SH,600501,600501,航天晨光,主板,沪市,主板,801890.SI,机械设备,801074.SI,专用设备,专用设备,L,20010615,9232,25.28,14.74,1.515,14.865,False,True,True,0,0,0,0,True,
600502.SH,600502,600502,安徽建工,主板,沪市,主板,801720.SI,建筑装饰,801723.SI,基础建设,基础建设,L,20030415,8563,23.44,4.16,0.726,9.091,False,True,True,0,0,0,0,True,
600503.SH,600503,600503,华丽家族,主板,沪市,主板,801180.SI,房地产,801181.SI,房地产开发,房地产开发,L,20020709,8843,24.21,2.65,-9.864,23.077,False,True,True,0,0,0,0,True,
600505.SH,600505,600505,西昌电力,主板,沪市,主板,801160.SI,公用事业,801161.SI,电力,电力,L,20020530,8883,24.32,10.17,-0.684,7.407,False,True,True,0,0,0,0,True,
600506.SH,600506,600506,统一股份,主板,沪市,主板,801960.SI,石油石化,801963.SI,炼化及贸易,炼化及贸易,L,20011226,9038,24.74,18.18,6.316,8.092,False,True,True,0,0,0,0,True,
600507.SH,600507,600507,方大特钢,主板,沪市,主板,801040.SI,钢铁,801045.SI,特钢Ⅱ,特钢Ⅱ,L,20030930,8395,22.98,4.03,-0.247,11.628,False,True,True,0,0,0,0,True,
600508.SH,600508,600508,上海能源,主板,沪市,主板,801950.SI,煤炭,801951.SI,煤炭开采,煤炭开采,L,20010829,9157,25.07,10.76,0.093,12.727,False,True,True,0,0,0,0,True,
600509.SH,600509,600509,天富能源,主板,沪市,主板,801160.SI,公用事业,801161.SI,电力,电力,L,20020228,8974,24.57,7.11,-2.066,8.0,False,True,True,0,0,0,0,True,
600510.SH,600510,600510,黑牡丹,主板,沪市,主板,801180.SI,房地产,801181.SI,房地产开发,房地产开发,L,20020618,8864,24.27,6.67,-1.622,39.13,False,True,True,0,0,0,0,True,
600511.SH,600511,600511,国药股份,主板,沪市,主板,801150.SI,医药生物,801154.SI,医药商业,医药商业,L,20021127,8702,23.82,25.73,-1.455,8.889,False,True,True,0,0,0,0,True,
600512.SH,600512,600512,腾达建设,主板,沪市,主板,801720.SI,建筑装饰,801723.SI,基础建设,基础建设,L,20021226,8673,23.75,2.05,-0.485,5.0,False,True,True,0,0,0,0,True,
600513.SH,600513,600513,联环药业,主板,沪市,主板,801150.SI,医药生物,801151.SI,化学制药,化学制药,L,20030319,8590,23.52,14.77,-1.336,17.308,False,True,True,0,0,0,0,True,
600515.SH,600515,600515,海南机场,主板,沪市,主板,801180.SI,房地产,801181.SI,房地产开发,房地产开发,L,20020806,8815,24.13,2.69,-1.465,25.0,False,True,True,0,0,0,0,True,
600516.SH,600516,600516,方大炭素,主板,沪市,主板,801040.SI,钢铁,801043.SI,冶钢原料,冶钢原料,L,20020830,8791,24.07,5.42,0.0,15.094,False,True,True,0,0,0,0,True,
600517.SH,600517,600517,国网英大,主板,沪市,主板,801790.SI,非银金融,801191.SI,多元金融,多元金融,L,20031010,8385,22.96,4.84,-1.826,35.294,False,True,True,0,0,0,0,True,
600518.SH,600518,600518,康美药业,主板,沪市,主板,801150.SI,医药生物,801155.SI,中药Ⅱ,中药Ⅱ,L,20010319,9320,25.52,1.33,-1.482,14.286,False,True,True,0,0,0,0,True,
600519.SH,600519,600519,贵州茅台,主板,沪市,主板,801120.SI,食品饮料,801125.SI,白酒Ⅱ,白酒Ⅱ,L,20010827,9159,25.08,1237.0,-1.138,17.241,False,True,True,0,0,0,0,True,
600520.SH,600520,600520,三佳科技,主板,沪市,主板,801890.SI,机械设备,801074.SI,专用设备,专用设备,L,20020108,9025,24.71,25.79,-1.339,7.812,False,True,True,0,0,0,0,True,
600521.SH,600521,600521,华海药业,主板,沪市,主板,801150.SI,医药生物,801151.SI,化学制药,化学制药,L,20030304,8605,23.56,15.88,-3.23,12.195,False,True,True,0,0,0,0,True,
600522.SH,600522,600522,中天科技,主板,沪市,主板,801770.SI,通信,801102.SI,通信设备,通信设备,L,20021024,8736,23.92,34.8,-2.739,8.0,False,True,True,0,0,0,0,True,
600523.SH,600523,600523,贵航股份,主板,沪市,主板,801880.SI,汽车,801093.SI,汽车零部件,汽车零部件,L,20011227,9037,24.74,11.89,-0.335,10.256,False,True,True,0,0,0,0,True,
600525.SH,600525,600525,长园集团,主板,沪市,主板,801730.SI,电力设备,801738.SI,电网设备,电网设备,L,20021202,8697,23.81,4.88,-0.611,12.0,False,True,True,0,2,2,2,False,近60日停牌
600526.SH,600526,600526,菲达环保,主板,沪市,主板,801970.SI,环保,801972.SI,环保设备Ⅱ,环保设备Ⅱ,L,20020722,8830,24.18,4.56,0.441,15.556,False,True,True,0,0,0,0,True,
600527.SH,600527,600527,江南高纤,主板,沪市,主板,801130.SI,纺织服饰,801131.SI,纺织制造,纺织制造,L,20031127,8337,22.83,2.19,0.0,9.091,False,True,True,0,0,0,0,True,
600528.SH,600528,600528,中铁工业,主板,沪市,主板,801890.SI,机械设备,801076.SI,轨交设备Ⅱ,轨交设备Ⅱ,L,20010528,9250,25.33,6.74,-1.028,16.667,False,True,True,0,0,0,0,True,
600529.SH,600529,600529,山东药玻,主板,沪市,主板,801150.SI,医药生物,801153.SI,医疗器械,医疗器械,L,20020603,8879,24.31,18.2,-1.622,3.846,False,True,True,0,0,0,0,True,
600530.SH,600530,600530,ST交昂,主板,沪市,主板,801120.SI,食品饮料,801124.SI,食品加工,食品加工,L,20010702,9215,25.23,3.89,-2.261,57.5,True,True,True,0,2,2,2,False,ST、近60日停牌
600531.SH,600531,600531,豫光金铅,主板,沪市,主板,801050.SI,有色金属,801055.SI,工业金属,工业金属,L,20020730,8822,24.15,11.53,-4.236,13.846,False,True,True,0,0,0,0,True,
600533.SH,600533,600533,栖霞建设,主板,沪市,主板,801180.SI,房地产,801181.SI,房地产开发,房地产开发,L,20020328,8946,24.49,2.2,-1.345,13.636,False,True,True,0,0,0,0,True,
600535.SH,600535,600535,天士力,主板,沪市,主板,801150.SI,医药生物,801155.SI,中药Ⅱ,中药Ⅱ,L,20020823,8798,24.09,13.68,-1.512,14.286,False,True,True,0,0,0,0,True,
600536.SH,600536,600536,中国软件,主板,沪市,主板,801750.SI,计算机,801103.SI,IT服务Ⅱ,IT服务Ⅱ,L,20020517,8896,24.36,30.69,-2.23,8.434,False,True,True,0,0,0,0,True,
600537.SH,600537,600537,*ST亿晶,主板,沪市,主板,801730.SI,电力设备,801735.SI,光伏设备,光伏设备,L,20030123,8645,23.67,2.22,1.37,18.182,True,True,True,0,0,0,0,False,ST
600538.SH,600538,600538,国发股份,主板,沪市,主板,801150.SI,医药生物,801154.SI,医药商业,医药商业,L,20030114,8654,23.69,4.75,-1.452,9.804,False,True,True,0,0,0,0,True,
600539.SH,600539,600539,狮头股份,主板,沪市,主板,801200.SI,商贸零售,801206.SI,互联网电商,互联网电商,L,20010824,9162,25.08,15.0,2.599,12.676,False,True,True,0,0,0,0,True,
600540.SH,600540,600540,新赛股份,主板,沪市,主板,801010.SI,农林牧渔,801016.SI,种植业,种植业,L,20040107,8296,22.71,5.43,-6.379,8.772,False,True,True,0,0,0,0,True,
600543.SH,600543,600543,*ST莫高,主板,沪市,主板,801120.SI,食品饮料,801126.SI,非白酒,非白酒,L,20040324,8219,22.5,4.07,-0.489,20.0,True,True,True,0,0,0,0,False,ST
600545.SH,600545,600545,卓郎智能,主板,沪市,主板,801890.SI,机械设备,801074.SI,专用设备,专用设备,L,20031203,8331,22.81,4.32,-2.262,9.091,False,True,True,0,0,0,0,True,
600546.SH,600546,600546,山煤国际,主板,沪市,主板,801950.SI,煤炭,801951.SI,煤炭开采,煤炭开采,L,20030731,8456,23.15,13.36,-0.075,12.214,False,True,True,0,0,0,0,True,
600547.SH,600547,600547,山东黄金,主板,沪市,主板,801050.SI,有色金属,801053.SI,贵金属,贵金属,L,20030828,8428,23.07,29.07,-6.014,21.053,False,True,True,0,0,0,0,True,
600548.SH,600548,600548,深高速,主板,沪市,主板,801170.SI,交通运输,801179.SI,铁路公路,铁路公路,L,20011225,9039,24.75,8.03,-0.124,26.136,False,True,True,0,0,0,0,True,
600549.SH,600549,600549,厦门钨业,主板,沪市,主板,801050.SI,有色金属,801054.SI,小金属,小金属,L,20021107,8722,23.88,46.9,-3.716,14.286,False,True,True,0,0,0,0,True,
600550.SH,600550,600550,保变电气,主板,沪市,主板,801730.SI,电力设备,801738.SI,电网设备,电网设备,L,20010228,9339,25.57,10.29,-1.058,12.281,False,True,True,0,0,0,0,True,
600551.SH,600551,600551,时代出版,主板,沪市,主板,801760.SI,传媒,801769.SI,出版,出版,L,20020905,8785,24.05,7.77,0.258,10.256,False,True,True,0,0,0,0,True,
600552.SH,600552,600552,凯盛科技,主板,沪市,主板,801080.SI,电子,801084.SI,光学光电子,光学光电子,L,20021108,8721,23.88,18.2,-1.94,7.778,False,True,True,0,0,0,0,True,
600556.SH,600556,600556,天下秀,主板,沪市,主板,801760.SI,传媒,801765.SI,广告营销,广告营销,L,20010807,9179,25.13,4.54,-1.304,8.333,False,True,True,0,0,0,0,True,
600557.SH,600557,600557,康缘药业,主板,沪市,主板,801150.SI,医药生物,801155.SI,中药Ⅱ,中药Ⅱ,L,20020918,8772,24.02,12.19,-1.535,6.349,False,True,True,0,0,0,0,True,
600558.SH,600558,600558,大西洋,主板,沪市,主板,801890.SI,机械设备,801072.SI,通用设备,通用设备,L,20010227,9340,25.57,4.86,2.316,8.333,False,True,True,0,0,0,0,True,
600559.SH,600559,600559,老白干酒,主板,沪市,主板,801120.SI,食品饮料,801125.SI,白酒Ⅱ,白酒Ⅱ,L,20021029,8731,23.9,10.91,-2.328,10.345,False,True,True,0,0,0,0,True,
600560.SH,600560,600560,金自天正,主板,沪市,主板,801890.SI,机械设备,801074.SI,专用设备,专用设备,L,20020919,8771,24.01,11.39,0.707,14.545,False,True,True,0,0,0,0,True,
600561.SH,600561,600561,江西长运,主板,沪市,主板,801170.SI,交通运输,801179.SI,铁路公路,铁路公路,L,20020716,8836,24.19,5.88,0.513,15.789,False,True,True,0,0,0,0,True,
600562.SH,600562,600562,国睿科技,主板,沪市,主板,801740.SI,国防军工,801745.SI,军工电子Ⅱ,军工电子Ⅱ,L,20030128,8640,23.66,26.88,-3.828,27.273,False,True,True,0,0,0,0,True,
600563.SH,600563,600563,法拉电子,主板,沪市,主板,801080.SI,电子,801083.SI,元件,元件,L,20021210,8689,23.79,120.31,-3.906,11.321,False,True,True,0,0,0,0,True,
600566.SH,600566,600566,济川药业,主板,沪市,主板,801150.SI,医药生物,801155.SI,中药Ⅱ,中药Ⅱ,L,20010822,9164,25.09,24.41,-0.651,9.524,False,True,True,0,0,0,0,True,
600567.SH,600567,600567,山鹰国际,主板,沪市,主板,801140.SI,轻工制造,801143.SI,造纸,造纸,L,20011218,9046,24.77,1.32,0.0,7.692,False,True,True,0,0,0,0,True,
600568.SH,600568,600568,ST中珠,主板,沪市,主板,801150.SI,医药生物,801156.SI,医疗服务,医疗服务,L,20010518,9260,25.35,2.41,1.688,20.833,True,True,True,0,0,0,0,False,ST
600569.SH,600569,600569,安阳钢铁,主板,沪市,主板,801040.SI,钢铁,801044.SI,普钢,普钢,L,20010820,9166,25.1,1.74,-1.695,27.778,False,True,True,0,0,0,0,True,
600570.SH,600570,600570,恒生电子,主板,沪市,主板,801750.SI,计算机,801104.SI,软件开发,软件开发,L,20031216,8318,22.77,19.94,-1.287,12.903,False,True,True,0,0,0,0,True,
600571.SH,600571,600571,信雅达,主板,沪市,主板,801750.SI,计算机,801103.SI,IT服务Ⅱ,IT服务Ⅱ,L,20021101,8728,23.9,10.21,-0.874,9.434,False,True,True,0,0,0,0,True,
600572.SH,600572,600572,康恩贝,主板,沪市,主板,801150.SI,医药生物,801155.SI,中药Ⅱ,中药Ⅱ,L,20040412,8200,22.45,4.21,-0.941,9.091,False,True,True,0,0,0,0,True,
600573.SH,600573,600573,惠泉啤酒,主板,沪市,主板,801120.SI,食品饮料,801126.SI,非白酒,非白酒,L,20030226,8611,23.58,10.0,-0.99,6.122,False,True,True,0,0,0,0,True,
600575.SH,600575,600575,淮河能源,主板,沪市,主板,801950.SI,煤炭,801951.SI,煤炭开采,煤炭开采,L,20030328,8581,23.49,3.15,0.0,12.121,False,True,True,0,0,0,0,True,
600576.SH,600576,600576,祥源文旅,主板,沪市,主板,801210.SI,社会服务,801993.SI,旅游及景区,旅游及景区,L,20030220,8617,23.59,5.37,-0.739,10.714,False,True,True,0,0,0,0,True,
600577.SH,600577,600577,精达股份,主板,沪市,主板,801730.SI,电力设备,801738.SI,电网设备,电网设备,L,20020911,8779,24.04,8.62,-3.146,10.714,False,True,True,0,0,0,0,True,
600578.SH,600578,600578,京能电力,主板,沪市,主板,801160.SI,公用事业,801161.SI,电力,电力,L,20020510,8903,24.38,5.21,-0.382,15.789,False,True,True,0,0,0,0,True,
600579.SH,600579,600579,中化装备,主板,沪市,主板,801890.SI,机械设备,801074.SI,专用设备,专用设备,L,20020809,8812,24.13,7.16,0.0,9.722,False,True,True,0,0,0,0,True,
600580.SH,600580,600580,卧龙电驱,主板,沪市,主板,801730.SI,电力设备,801731.SI,电机Ⅱ,电机Ⅱ,L,20020606,8876,24.3,26.77,-1.4,29.333,False,True,True,0,0,0,0,True,
600581.SH,600581,600581,*ST八钢,主板,沪市,主板,801040.SI,钢铁,801044.SI,普钢,普钢,L,20020816,8805,24.11,2.49,0.403,25.0,True,True,True,0,0,0,0,False,ST
600582.SH,600582,600582,天地科技,主板,沪市,主板,801890.SI,机械设备,801074.SI,专用设备,专用设备,L,20020515,8898,24.36,4.83,-1.025,18.367,False,True,True,0,0,0,0,True,
600583.SH,600583,600583,海油工程,主板,沪市,主板,801960.SI,石油石化,801962.SI,油服工程,油服工程,L,20020205,8997,24.63,6.52,2.516,18.333,False,True,True,0,0,0,0,True,
600584.SH,600584,600584,长电科技,主板,沪市,主板,801080.SI,电子,801081.SI,半导体,半导体,L,20030603,8514,23.31,68.78,-4.166,8.861,False,True,True,0,0,0,0,True,
600585.SH,600585,600585,海螺水泥,主板,沪市,主板,801710.SI,建筑材料,801711.SI,水泥,水泥,L,20020207,8995,24.63,16.93,-2.139,30.556,False,True,True,0,0,0,0,True,
600586.SH,600586,600586,金晶科技,主板,沪市,主板,801710.SI,建筑材料,801712.SI,玻璃玻纤,玻璃玻纤,L,20020815,8806,24.11,3.96,-1.0,7.317,False,True,True,0,0,0,0,True,
600587.SH,600587,600587,新华医疗,主板,沪市,主板,801150.SI,医药生物,801153.SI,医疗器械,医疗器械,L,20020927,8763,23.99,12.95,-0.385,9.375,False,True,True,0,0,0,0,True,
600588.SH,600588,600588,用友网络,主板,沪市,主板,801750.SI,计算机,801104.SI,软件开发,软件开发,L,20010518,9260,25.35,9.3,-2.105,24.0,False,True,True,0,0,0,0,True,
600589.SH,600589,600589,大位科技,主板,沪市,主板,801750.SI,计算机,801103.SI,IT服务Ⅱ,IT服务Ⅱ,L,20010612,9235,25.28,7.66,-3.161,7.407,False,True,True,0,0,0,0,True,
600590.SH,600590,600590,泰豪科技,主板,沪市,主板,801740.SI,国防军工,801745.SI,军工电子Ⅱ,军工电子Ⅱ,L,20020703,8849,24.23,8.38,-0.946,5.814,False,True,True,0,0,0,0,True,
600592.SH,600592,600592,龙溪股份,主板,沪市,主板,801890.SI,机械设备,801072.SI,通用设备,通用设备,L,20020805,8816,24.14,14.84,2.345,10.204,False,True,True,0,0,0,0,True,
600593.SH,600593,600593,大连圣亚,主板,沪市,主板,801210.SI,社会服务,801993.SI,旅游及景区,旅游及景区,L,20020711,8841,24.21,49.05,-1.486,17.5,False,True,True,0,0,0,0,True,
600594.SH,600594,600594,益佰制药,主板,沪市,主板,801150.SI,医药生物,801155.SI,中药Ⅱ,中药Ⅱ,L,20040323,8220,22.51,3.61,-1.635,10.526,False,True,True,0,0,0,0,True,
600595.SH,600595,600595,中孚实业,主板,沪市,主板,801050.SI,有色金属,801055.SI,工业金属,工业金属,L,20020626,8856,24.25,5.84,-2.013,9.677,False,True,True,0,0,0,0,True,
600596.SH,600596,600596,新安股份,主板,沪市,主板,801030.SI,基础化工,801038.SI,农化制品,农化制品,L,20010906,9149,25.05,11.2,-5.325,10.0,False,True,True,0,0,0,0,True,
600597.SH,600597,600597,光明乳业,主板,沪市,主板,801120.SI,食品饮料,801127.SI,饮料乳品,饮料乳品,L,20020828,8793,24.07,6.69,-1.182,20.0,False,True,True,0,0,0,0,True,
600598.SH,600598,600598,北大荒,主板,沪市,主板,801010.SI,农林牧渔,801016.SI,种植业,种植业,L,20020329,8945,24.49,12.49,-2.116,11.45,False,True,True,0,0,0,0,True,
600600.SH,600600,600600,青岛啤酒,主板,沪市,主板,801120.SI,食品饮料,801126.SI,非白酒,非白酒,L,19930827,12081,33.08,49.89,-1.13,15.909,False,True,True,0,0,0,0,True,
600601.SH,600601,600601,方正科技,主板,沪市,主板,801080.SI,电子,801083.SI,元件,元件,L,19901219,13063,35.76,14.24,-5.445,14.966,False,True,True,0,0,0,0,True,
600602.SH,600602,600602,云赛智联,主板,沪市,主板,801750.SI,计算机,801104.SI,软件开发,软件开发,L,19901219,13063,35.76,16.68,-1.418,14.754,False,True,True,0,0,0,0,True,
600603.SH,600603,600603,广汇物流,主板,沪市,主板,801170.SI,交通运输,801178.SI,物流,物流,L,19920113,12673,34.7,4.62,-0.858,14.583,False,True,True,0,0,0,0,True,
600604.SH,600604,600604,市北高新,主板,沪市,主板,801180.SI,房地产,801181.SI,房地产开发,房地产开发,L,19920327,12599,34.49,4.81,-3.219,12.5,False,True,True,0,0,0,0,True,
600605.SH,600605,600605,汇通能源,主板,沪市,主板,801200.SI,商贸零售,801203.SI,一般零售,一般零售,L,19920327,12599,34.49,30.25,-4.302,18.571,False,True,True,0,0,0,0,True,
600606.SH,600606,600606,绿地控股,主板,沪市,主板,801180.SI,房地产,801181.SI,房地产开发,房地产开发,L,19920327,12599,34.49,1.43,-5.298,28.571,False,True,True,0,0,0,0,True,
600609.SH,600609,600609,金杯汽车,主板,沪市,主板,801880.SI,汽车,801093.SI,汽车零部件,汽车零部件,L,19920724,12480,34.17,3.54,-0.562,11.429,False,True,True,0,0,0,0,True,
600610.SH,600610,600610,中毅达,主板,沪市,主板,801030.SI,基础化工,801033.SI,化学原料,化学原料,L,19920805,12468,34.14,7.47,-1.71,20.513,False,True,True,0,0,0,0,True,
600611.SH,600611,600611,大众交通,主板,沪市,主板,801170.SI,交通运输,801179.SI,铁路公路,铁路公路,L,19920807,12466,34.13,4.41,-2.0,12.766,False,True,True,0,0,0,0,True,
600612.SH,600612,600612,老凤祥,主板,沪市,主板,801130.SI,纺织服饰,801133.SI,饰品,饰品,L,19920814,12459,34.11,31.37,-1.815,31.818,False,True,True,0,0,0,0,True,
600613.SH,600613,600613,神奇制药,主板,沪市,主板,801150.SI,医药生物,801151.SI,化学制药,化学制药,L,19920820,12453,34.09,8.25,-4.734,10.227,False,True,True,0,0,0,0,True,
600615.SH,600615,600615,鑫源智造,主板,沪市,主板,801050.SI,有色金属,801055.SI,工业金属,工业金属,L,19920910,12432,34.04,9.43,0.212,14.894,False,True,True,0,0,0,0,True,
600616.SH,600616,600616,金枫酒业,主板,沪市,主板,801120.SI,食品饮料,801126.SI,非白酒,非白酒,L,19920929,12413,33.98,5.11,-5.019,15.385,False,True,True,0,0,0,0,True,
600617.SH,600617,600617,国新能源,主板,沪市,主板,801160.SI,公用事业,801163.SI,燃气Ⅱ,燃气Ⅱ,L,19921013,12399,33.95,3.24,0.31,8.824,False,True,True,0,0,0,0,True,
600618.SH,600618,600618,氯碱化工,主板,沪市,主板,801030.SI,基础化工,801033.SI,化学原料,化学原料,L,19921113,12368,33.86,9.72,-2.115,16.346,False,True,True,0,0,0,0,True,
600619.SH,600619,600619,海立股份,主板,沪市,主板,801110.SI,家用电器,801116.SI,家电零部件Ⅱ,家电零部件Ⅱ,L,19921116,12365,33.85,13.18,-1.421,8.696,False,True,True,0,0,0,0,True,
600620.SH,600620,600620,天宸股份,主板,沪市,主板,801230.SI,综合,801231.SI,综合Ⅱ,综合Ⅱ,L,19921117,12364,33.85,4.35,-0.229,43.182,False,True,True,0,0,0,0,True,
600621.SH,600621,600621,华鑫股份,主板,沪市,主板,801790.SI,非银金融,801193.SI,证券Ⅱ,证券Ⅱ,L,19921202,12349,33.81,13.73,-2.831,8.889,False,True,True,0,0,0,0,True,
600622.SH,600622,600622,光大嘉宝,主板,沪市,主板,801180.SI,房地产,801181.SI,房地产开发,房地产开发,L,19921203,12348,33.81,2.43,-2.8,16.667,False,True,True,0,0,0,0,True,
600623.SH,600623,600623,华谊集团,主板,沪市,主板,801030.SI,基础化工,801033.SI,化学原料,化学原料,L,19921204,12347,33.8,8.62,1.651,14.286,False,True,True,0,0,0,0,True,
600624.SH,600624,600624,ST复华,主板,沪市,主板,801150.SI,医药生物,801151.SI,化学制药,化学制药,L,19930105,12315,33.72,4.62,-0.645,34.211,True,True,True,0,0,0,0,False,ST
600626.SH,600626,600626,申达股份,主板,沪市,主板,801880.SI,汽车,801093.SI,汽车零部件,汽车零部件,L,19930107,12313,33.71,3.81,0.528,16.667,False,True,True,0,0,0,0,True,
600628.SH,600628,600628,新世界,主板,沪市,主板,801200.SI,商贸零售,801203.SI,一般零售,一般零售,L,19930119,12301,33.68,6.28,-0.475,12.903,False,True,True,0,0,0,0,True,
600629.SH,600629,600629,华建集团,主板,沪市,主板,801720.SI,建筑装饰,801726.SI,工程咨询服务Ⅱ,工程咨询服务Ⅱ,L,19930209,12280,33.62,16.35,0.0,14.634,False,True,True,0,0,0,0,True,
600630.SH,600630,600630,龙头股份,主板,沪市,主板,801130.SI,纺织服饰,801132.SI,服装家纺,服装家纺,L,19930209,12280,33.62,8.62,1.055,11.628,False,True,True,0,0,0,0,True,
600633.SH,600633,600633,浙数文化,主板,沪市,主板,801760.SI,传媒,801764.SI,游戏Ⅱ,游戏Ⅱ,L,19930304,12257,33.56,10.13,-1.171,11.538,False,True,True,0,0,0,0,True,
600635.SH,600635,600635,大众公用,主板,沪市,主板,801160.SI,公用事业,801163.SI,燃气Ⅱ,燃气Ⅱ,L,19930304,12257,33.56,4.43,-0.673,8.696,False,True,True,0,0,0,0,True,
600637.SH,600637,600637,东方明珠,主板,沪市,主板,801760.SI,传媒,801995.SI,电视广播Ⅱ,电视广播Ⅱ,L,19930316,12245,33.52,8.89,-0.781,11.765,False,True,True,0,0,0,0,True,
600638.SH,600638,600638,新黄浦,主板,沪市,主板,801180.SI,房地产,801181.SI,房地产开发,房地产开发,L,19930326,12235,33.5,5.06,-1.748,12.0,False,True,True,0,0,0,0,True,
600639.SH,600639,600639,浦东金桥,主板,沪市,主板,801180.SI,房地产,801181.SI,房地产开发,房地产开发,L,19930326,12235,33.5,9.61,-1.233,12.5,False,True,True,0,0,0,0,True,
600640.SH,600640,600640,国脉文化,主板,沪市,主板,801760.SI,传媒,801767.SI,数字媒体,数字媒体,L,19930407,12223,33.46,12.16,-3.185,24.138,False,True,True,0,0,0,0,True,
600641.SH,600641,600641,先导基电,主板,沪市,主板,801180.SI,房地产,801181.SI,房地产开发,房地产开发,L,19930407,12223,33.46,51.56,7.866,36.441,False,True,True,0,0,0,0,True,
600642.SH,600642,600642,申能股份,主板,沪市,主板,801160.SI,公用事业,801161.SI,电力,电力,L,19930416,12214,33.44,8.78,0.573,17.442,False,True,True,0,0,0,0,True,
600643.SH,600643,600643,爱建集团,主板,沪市,主板,801790.SI,非银金融,801191.SI,多元金融,多元金融,L,19930426,12204,33.41,3.99,-0.993,21.951,False,True,True,0,0,0,0,True,
600644.SH,600644,600644,乐山电力,主板,沪市,主板,801160.SI,公用事业,801161.SI,电力,电力,L,19930426,12204,33.41,8.82,-1.562,9.278,False,True,True,0,0,0,0,True,
600645.SH,600645,600645,中源协和,主板,沪市,主板,801150.SI,医药生物,801153.SI,医疗器械,医疗器械,L,19930504,12196,33.39,18.91,-1.766,16.667,False,True,True,0,0,0,0,True,
600648.SH,600648,600648,外高桥,主板,沪市,主板,801180.SI,房地产,801181.SI,房地产开发,房地产开发,L,19930504,12196,33.39,9.3,-1.587,20.0,False,True,True,0,0,0,0,True,
600649.SH,600649,600649,城投控股,主板,沪市,主板,801180.SI,房地产,801181.SI,房地产开发,房地产开发,L,19930518,12182,33.35,4.0,-2.676,15.789,False,True,True,0,0,0,0,True,
600650.SH,600650,600650,锦江在线,主板,沪市,主板,801170.SI,交通运输,801179.SI,铁路公路,铁路公路,L,19930607,12162,33.3,10.4,0.873,13.636,False,True,True,0,0,0,0,True,
600651.SH,600651,600651,飞乐音响,主板,沪市,主板,801880.SI,汽车,801093.SI,汽车零部件,汽车零部件,L,19901219,13063,35.76,5.22,-1.136,31.034,False,True,True,0,0,0,0,True,
600653.SH,600653,600653,申华控股,主板,沪市,主板,801880.SI,汽车,801092.SI,汽车服务,汽车服务,L,19901219,13063,35.76,1.76,-5.882,11.765,False,True,True,0,0,0,0,True,
600654.SH,600654,600654,中安科,主板,沪市,主板,801750.SI,计算机,801104.SI,软件开发,软件开发,L,19901219,13063,35.76,3.02,0.332,12.5,False,True,True,0,0,0,0,True,
600655.SH,600655,600655,豫园股份,主板,沪市,主板,801200.SI,商贸零售,801203.SI,一般零售,一般零售,L,19920902,12440,34.06,4.47,-2.188,33.333,False,True,True,0,0,0,0,True,
600657.SH,600657,600657,信达地产,主板,沪市,主板,801180.SI,房地产,801181.SI,房地产开发,房地产开发,L,19930524,12176,33.34,3.06,-3.47,19.355,False,True,True,0,0,0,0,True,
600658.SH,600658,600658,电子城,主板,沪市,主板,801180.SI,房地产,801181.SI,房地产开发,房地产开发,L,19930524,12176,33.34,4.09,-0.969,19.512,False,True,True,0,0,0,0,True,
600660.SH,600660,600660,福耀玻璃,主板,沪市,主板,801880.SI,汽车,801093.SI,汽车零部件,汽车零部件,L,19930610,12159,33.29,52.47,-0.625,12.821,False,True,True,0,0,0,0,True,
600661.SH,600661,600661,昂立教育,主板,沪市,主板,801210.SI,社会服务,801994.SI,教育,教育,L,19930614,12155,33.28,9.56,5.869,11.111,False,True,True,0,0,0,0,True,
600662.SH,600662,600662,外服控股,主板,沪市,主板,801210.SI,社会服务,801218.SI,专业服务,专业服务,L,19930614,12155,33.28,4.2,-0.709,34.884,False,True,True,0,0,0,0,True,
600663.SH,600663,600663,陆家嘴,主板,沪市,主板,801180.SI,房地产,801181.SI,房地产开发,房地产开发,L,19930628,12141,33.24,8.71,-4.809,28.571,False,True,True,0,0,0,0,True,
600664.SH,600664,600664,哈药股份,主板,沪市,主板,801150.SI,医药生物,801151.SI,化学制药,化学制药,L,19930629,12140,33.24,8.14,-9.956,20.69,False,True,True,0,0,0,0,True,
600665.SH,600665,600665,天地源,主板,沪市,主板,801180.SI,房地产,801181.SI,房地产开发,房地产开发,L,19930709,12130,33.21,3.39,-2.305,17.647,False,True,True,0,0,0,0,True,
600666.SH,600666,600666,奥瑞德,主板,沪市,主板,801080.SI,电子,801084.SI,光学光电子,光学光电子,L,19930712,12127,33.2,3.28,-2.09,11.765,False,True,True,0,0,0,0,True,
600667.SH,600667,600667,太极实业,主板,沪市,主板,801720.SI,建筑装饰,801726.SI,工程咨询服务Ⅱ,工程咨询服务Ⅱ,L,19930728,12111,33.16,19.41,-5.731,5.97,False,True,True,0,0,0,0,True,
600668.SH,600668,600668,尖峰集团,主板,沪市,主板,801710.SI,建筑材料,801711.SI,水泥,水泥,L,19930728,12111,33.16,7.34,-0.677,8.108,False,True,True,0,0,0,0,True,
600671.SH,600671,600671,天目药业,主板,沪市,主板,801150.SI,医药生物,801155.SI,中药Ⅱ,中药Ⅱ,L,19930823,12085,33.09,23.03,-1.159,9.91,False,True,True,0,0,0,0,True,
600673.SH,600673,600673,东阳光,主板,沪市,主板,801230.SI,综合,801231.SI,综合Ⅱ,综合Ⅱ,L,19930917,12060,33.02,31.69,-1.339,19.753,False,True,True,0,0,0,0,True,
600674.SH,600674,600674,川投能源,主板,沪市,主板,801160.SI,公用事业,801161.SI,电力,电力,L,19930924,12053,33.0,16.27,1.371,11.921,False,True,True,0,0,0,0,True,
600675.SH,600675,600675,中华企业,主板,沪市,主板,801180.SI,房地产,801181.SI,房地产开发,房地产开发,L,19930924,12053,33.0,2.47,-1.594,25.0,False,True,True,0,0,0,0,True,
600676.SH,600676,600676,久事动娱,主板,沪市,主板,801880.SI,汽车,801092.SI,汽车服务,汽车服务,L,19930928,12049,32.99,6.74,1.201,10.294,False,True,True,0,0,0,0,True,
600678.SH,600678,600678,ST金顶,主板,沪市,主板,801710.SI,建筑材料,801711.SI,水泥,水泥,L,19931008,12039,32.96,5.68,-0.873,10.526,True,True,True,0,0,0,0,False,ST
600679.SH,600679,600679,上海凤凰,主板,沪市,主板,801880.SI,汽车,801881.SI,摩托车及其他,摩托车及其他,L,19931008,12039,32.96,10.63,-0.561,18.812,False,True,True,0,0,0,0,True,
600681.SH,600681,600681,百川能源,主板,沪市,主板,801160.SI,公用事业,801163.SI,燃气Ⅱ,燃气Ⅱ,L,19931018,12029,32.93,3.41,0.59,5.882,False,True,True,0,0,0,0,True,
600682.SH,600682,600682,南京新百,主板,沪市,主板,801230.SI,综合,801231.SI,综合Ⅱ,综合Ⅱ,L,19931018,12029,32.93,5.76,-1.538,14.286,False,True,True,0,0,0,0,True,
600683.SH,600683,600683,京投发展,主板,沪市,主板,801180.SI,房地产,801181.SI,房地产开发,房地产开发,L,19931025,12022,32.91,9.32,-3.119,16.327,False,True,True,0,0,0,0,True,
600684.SH,600684,600684,珠江股份,主板,沪市,主板,801180.SI,房地产,801183.SI,房地产服务,房地产服务,L,19931028,12019,32.91,3.56,-1.657,11.429,False,True,True,0,0,0,0,True,
600685.SH,600685,600685,中船防务,主板,沪市,主板,801740.SI,国防军工,801744.SI,航海装备Ⅱ,航海装备Ⅱ,L,19931028,12019,32.91,28.63,-1.48,14.706,False,True,True,0,0,0,0,True,
600686.SH,600686,600686,金龙汽车,主板,沪市,主板,801880.SI,汽车,801096.SI,商用车,商用车,L,19931108,12008,32.88,10.88,-2.07,8.929,False,True,True,0,0,0,0,True,
600688.SH,600688,600688,上海石化,主板,沪市,主板,801960.SI,石油石化,801963.SI,炼化及贸易,炼化及贸易,L,19931108,12008,32.88,2.75,-1.079,6.897,False,True,True,0,0,0,0,True,
600689.SH,600689,600689,上海三毛,主板,沪市,主板,801230.SI,综合,801231.SI,综合Ⅱ,综合Ⅱ,L,19931108,12008,32.88,12.04,-0.578,15.254,False,True,True,0,0,0,0,True,
600690.SH,600690,600690,海尔智家,主板,沪市,主板,801110.SI,家用电器,801111.SI,白色家电,白色家电,L,19931119,11997,32.85,20.14,-0.297,15.942,False,True,True,0,0,0,0,True,
600691.SH,600691,600691,潞化科技,主板,沪市,主板,801030.SI,基础化工,801038.SI,农化制品,农化制品,L,19931119,11997,32.85,2.74,-0.725,23.333,False,True,True,0,0,0,0,True,
600692.SH,600692,600692,亚通股份,主板,沪市,主板,801180.SI,房地产,801181.SI,房地产开发,房地产开发,L,19931119,11997,32.85,6.44,-1.075,7.812,False,True,True,0,0,0,0,True,
600693.SH,600693,600693,东百集团,主板,沪市,主板,801200.SI,商贸零售,801203.SI,一般零售,一般零售,L,19931122,11994,32.84,9.76,2.737,14.583,False,True,True,0,0,0,0,True,
600694.SH,600694,600694,大商股份,主板,沪市,主板,801200.SI,商贸零售,801203.SI,一般零售,一般零售,L,19931122,11994,32.84,14.34,-0.486,5.556,False,True,True,0,0,0,0,True,
600697.SH,600697,600697,欧亚集团,主板,沪市,主板,801200.SI,商贸零售,801203.SI,一般零售,一般零售,L,19931206,11980,32.8,11.38,0.176,9.735,False,True,True,0,0,0,0,True,
600698.SH,600698,600698,湖南天雁,主板,沪市,主板,801880.SI,汽车,801093.SI,汽车零部件,汽车零部件,L,19931206,11980,32.8,6.94,1.019,13.699,False,True,True,0,0,0,0,True,
600699.SH,600699,600699,均胜电子,主板,沪市,主板,801880.SI,汽车,801093.SI,汽车零部件,汽车零部件,L,19931206,11980,32.8,22.62,5.063,17.308,False,True,True,0,0,0,0,True,
600702.SH,600702,600702,舍得酒业,主板,沪市,主板,801120.SI,食品饮料,801125.SI,白酒Ⅱ,白酒Ⅱ,L,19960524,11080,30.34,32.48,-2.696,14.286,False,True,True,0,0,0,0,True,
600703.SH,600703,600703,三安光电,主板,沪市,主板,801080.SI,电子,801084.SI,光学光电子,光学光电子,L,19960528,11076,30.32,12.47,-2.806,9.091,False,True,True,0,0,0,0,True,
600704.SH,600704,600704,物产中大,主板,沪市,主板,801170.SI,交通运输,801178.SI,物流,物流,L,19960606,11067,30.3,4.77,-1.649,6.122,False,True,True,0,0,0,0,True,
600706.SH,600706,600706,曲江文旅,主板,沪市,主板,801210.SI,社会服务,801993.SI,旅游及景区,旅游及景区,L,19960516,11088,30.36,8.17,-1.803,10.714,False,True,True,0,0,0,0,True,
600707.SH,600707,600707,彩虹股份,主板,沪市,主板,801080.SI,电子,801084.SI,光学光电子,光学光电子,L,19960520,11084,30.35,9.49,-3.163,12.5,False,True,True,0,0,0,0,True,
600708.SH,600708,600708,光明地产,主板,沪市,主板,801180.SI,房地产,801181.SI,房地产开发,房地产开发,L,19960606,11067,30.3,3.03,-2.258,12.903,False,True,True,0,0,0,0,True,
600710.SH,600710,600710,苏美达,主板,沪市,主板,801200.SI,商贸零售,801202.SI,贸易Ⅱ,贸易Ⅱ,L,19960701,11042,30.23,11.29,-0.704,14.545,False,True,True,0,0,0,0,True,
600711.SH,600711,600711,盛屯矿业,主板,沪市,主板,801050.SI,有色金属,801056.SI,能源金属,能源金属,L,19960531,11073,30.32,10.43,-4.312,10.435,False,True,True,0,0,0,0,True,
600712.SH,600712,600712,南宁百货,主板,沪市,主板,801200.SI,商贸零售,801203.SI,一般零售,一般零售,L,19960626,11047,30.25,5.57,-0.536,16.071,False,True,True,0,0,0,0,True,
600713.SH,600713,600713,南京医药,主板,沪市,主板,801150.SI,医药生物,801154.SI,医药商业,医药商业,L,19960701,11042,30.23,4.92,-0.405,7.843,False,True,True,0,0,0,0,True,
600714.SH,600714,600714,金瑞矿业,主板,沪市,主板,801030.SI,基础化工,801033.SI,化学原料,化学原料,L,19960606,11067,30.3,18.51,-4.882,11.579,False,True,True,0,0,0,0,True,
600715.SH,600715,600715,文投控股,主板,沪市,主板,801760.SI,传媒,801764.SI,游戏Ⅱ,游戏Ⅱ,L,19960701,11042,30.23,1.69,2.424,12.5,False,True,True,0,0,0,0,True,
600716.SH,600716,600716,凤凰股份,主板,沪市,主板,801180.SI,房地产,801181.SI,房地产开发,房地产开发,L,19960702,11041,30.23,3.69,-1.072,25.0,False,True,True,0,0,0,0,True,
600717.SH,600717,600717,天津港,主板,沪市,主板,801170.SI,交通运输,801992.SI,航运港口,航运港口,L,19960614,11059,30.28,4.22,-0.236,9.302,False,True,True,0,0,0,10,True,
600718.SH,600718,600718,东软集团,主板,沪市,主板,801750.SI,计算机,801103.SI,IT服务Ⅱ,IT服务Ⅱ,L,19960618,11055,30.27,7.9,-1.126,14.634,False,True,True,0,0,0,0,True,
600719.SH,600719,600719,大连热电,主板,沪市,主板,801160.SI,公用事业,801161.SI,电力,电力,L,19960716,11027,30.19,7.39,-2.635,10.39,False,True,True,0,0,0,0,True,
600720.SH,600720,600720,中交设计,主板,沪市,主板,801720.SI,建筑装饰,801726.SI,工程咨询服务Ⅱ,工程咨询服务Ⅱ,L,19960716,11027,30.19,5.1,-1.163,9.804,False,True,True,0,0,0,0,True,
600721.SH,600721,600721,百花医药,主板,沪市,主板,801150.SI,医药生物,801156.SI,医疗服务,医疗服务,L,19960626,11047,30.25,12.92,-2.784,6.818,False,True,True,0,0,0,0,True,
600722.SH,600722,600722,金牛化工,主板,沪市,主板,801030.SI,基础化工,801033.SI,化学原料,化学原料,L,19960626,11047,30.25,15.12,-7.182,11.111,False,True,True,0,0,0,0,True,
600724.SH,600724,600724,宁波富达,主板,沪市,主板,801180.SI,房地产,801183.SI,房地产服务,房地产服务,L,19960716,11027,30.19,4.96,-1.782,35.849,False,True,True,0,0,0,0,True,
600725.SH,600725,600725,云维股份,主板,沪市,主板,801950.SI,煤炭,801952.SI,焦炭Ⅱ,焦炭Ⅱ,L,19960702,11041,30.23,3.25,1.562,12.121,False,True,True,0,0,0,0,True,
600726.SH,600726,600726,华电能源,主板,沪市,主板,801160.SI,公用事业,801161.SI,电力,电力,L,19960701,11042,30.23,5.03,-0.789,21.053,False,True,True,0,0,0,0,True,
600727.SH,600727,600727,鲁北化工,主板,沪市,主板,801030.SI,基础化工,801033.SI,化学原料,化学原料,L,19960702,11041,30.23,7.61,1.197,6.579,False,True,True,0,0,0,0,True,
600728.SH,600728,600728,佳都科技,主板,沪市,主板,801750.SI,计算机,801103.SI,IT服务Ⅱ,IT服务Ⅱ,L,19960716,11027,30.19,4.39,-1.79,13.043,False,True,True,0,0,0,0,True,
600729.SH,600729,600729,重百集团,主板,沪市,主板,801200.SI,商贸零售,801203.SI,一般零售,一般零售,L,19960702,11041,30.23,18.14,-1.306,7.812,False,True,True,0,0,0,0,True,
600730.SH,600730,600730,*ST高科,主板,沪市,主板,801210.SI,社会服务,801994.SI,教育,教育,L,19960726,11017,30.16,8.91,-4.09,22.917,True,True,True,0,0,0,0,False,ST
600731.SH,600731,600731,湖南海利,主板,沪市,主板,801030.SI,基础化工,801038.SI,农化制品,农化制品,L,19960802,11010,30.14,5.89,0.17,10.345,False,True,True,0,0,0,0,True,
600732.SH,600732,600732,爱旭股份,主板,沪市,主板,801730.SI,电力设备,801735.SI,光伏设备,光伏设备,L,19960816,10996,30.11,11.02,1.473,16.949,False,True,True,0,0,0,0,True,
600733.SH,600733,600733,北汽蓝谷,主板,沪市,主板,801880.SI,汽车,801095.SI,乘用车,乘用车,L,19960816,10996,30.11,4.68,-1.887,24.0,False,True,True,0,0,0,0,True,
600734.SH,600734,600734,*ST实达,主板,沪市,主板,801770.SI,通信,801102.SI,通信设备,通信设备,L,19960808,11004,30.13,1.93,0.0,21.053,True,True,True,0,0,0,0,False,ST
600735.SH,600735,600735,ST新华锦,主板,沪市,主板,801130.SI,纺织服饰,801133.SI,饰品,饰品,L,19960726,11017,30.16,6.57,-1.351,11.111,True,True,True,0,0,0,0,False,ST
600736.SH,600736,600736,苏州高新,主板,沪市,主板,801180.SI,房地产,801181.SI,房地产开发,房地产开发,L,19960815,10997,30.11,6.56,-1.502,5.97,False,True,True,0,0,0,0,True,
600737.SH,600737,600737,中粮糖业,主板,沪市,主板,801010.SI,农林牧渔,801012.SI,农产品加工,农产品加工,L,19960731,11012,30.15,14.75,-1.863,24.0,False,True,True,0,0,0,0,True,
600738.SH,600738,600738,丽尚国潮,主板,沪市,主板,801200.SI,商贸零售,801203.SI,一般零售,一般零售,L,19960802,11010,30.14,4.2,0.239,11.905,False,True,True,0,0,0,0,True,
600739.SH,600739,600739,辽宁成大,主板,沪市,主板,801150.SI,医药生物,801152.SI,生物制品,生物制品,L,19960819,10993,30.1,10.27,-1.534,11.111,False,True,True,0,0,0,0,True,
600740.SH,600740,600740,山西焦化,主板,沪市,主板,801950.SI,煤炭,801952.SI,焦炭Ⅱ,焦炭Ⅱ,L,19960808,11004,30.13,3.77,1.344,13.158,False,True,True,0,0,0,0,True,
600741.SH,600741,600741,华域汽车,主板,沪市,主板,801880.SI,汽车,801093.SI,汽车零部件,汽车零部件,L,19960826,10986,30.08,14.7,-0.81,22.642,False,True,True,0,0,0,0,True,
600742.SH,600742,600742,富维股份,主板,沪市,主板,801880.SI,汽车,801093.SI,汽车零部件,汽车零部件,L,19960826,10986,30.08,7.79,1.038,28.571,False,True,True,0,0,0,0,True,
600743.SH,600743,600743,华远控股,主板,沪市,主板,801180.SI,房地产,801181.SI,房地产开发,房地产开发,L,19960909,10972,30.04,2.56,-9.22,26.087,False,True,True,0,0,0,0,True,
600744.SH,600744,600744,华银电力,主板,沪市,主板,801160.SI,公用事业,801161.SI,电力,电力,L,19960905,10976,30.05,6.08,-1.618,12.308,False,True,True,0,0,0,0,True,
600745.SH,600745,600745,*ST闻泰,主板,沪市,主板,801080.SI,电子,801081.SI,半导体,半导体,L,19960828,10984,30.07,17.04,-0.351,20.0,True,True,True,0,0,0,0,False,ST
600746.SH,600746,600746,江苏索普,主板,沪市,主板,801030.SI,基础化工,801033.SI,化学原料,化学原料,L,19960918,10963,30.02,6.85,-0.291,17.647,False,True,True,0,0,0,0,True,
600748.SH,600748,600748,上实发展,主板,沪市,主板,801180.SI,房地产,801181.SI,房地产开发,房地产开发,L,19960925,10956,30.0,3.96,-0.752,42.105,False,True,True,0,0,0,0,True,
600749.SH,600749,600749,西藏旅游,主板,沪市,主板,801210.SI,社会服务,801993.SI,旅游及景区,旅游及景区,L,19961015,10936,29.94,13.19,-2.224,15.278,False,True,True,0,0,0,0,True,
600750.SH,600750,600750,华润江中,主板,沪市,主板,801150.SI,医药生物,801155.SI,中药Ⅱ,中药Ⅱ,L,19960923,10958,30.0,22.14,-1.381,11.538,False,True,True,0,0,0,0,True,
600751.SH,600751,600751,海航科技,主板,沪市,主板,801170.SI,交通运输,801992.SI,航运港口,航运港口,L,19960909,10972,30.04,2.87,-0.692,12.903,False,True,True,0,0,0,0,True,
600753.SH,600753,600753,ST海钦,主板,沪市,主板,801170.SI,交通运输,801178.SI,物流,物流,L,19960927,10954,29.99,13.47,0.522,29.06,True,True,True,0,0,0,2,False,ST
600754.SH,600754,600754,锦江酒店,主板,沪市,主板,801210.SI,社会服务,801219.SI,酒店餐饮,酒店餐饮,L,19961011,10940,29.95,18.03,-2.223,9.375,False,True,True,0,0,0,0,True,
600755.SH,600755,600755,厦门国贸,主板,沪市,主板,801170.SI,交通运输,801178.SI,物流,物流,L,19961003,10948,29.97,6.02,3.793,10.345,False,True,True,0,0,0,0,True,
600756.SH,600756,600756,浪潮软件,主板,沪市,主板,801750.SI,计算机,801103.SI,IT服务Ⅱ,IT服务Ⅱ,L,19960923,10958,30.0,13.68,-0.87,11.111,False,True,True,0,0,0,0,True,
600757.SH,600757,600757,长江传媒,主板,沪市,主板,801760.SI,传媒,801769.SI,出版,出版,L,19961003,10948,29.97,7.38,-0.135,13.158,False,True,True,0,0,0,0,True,
600758.SH,600758,600758,辽宁能源,主板,沪市,主板,801950.SI,煤炭,801951.SI,煤炭开采,煤炭开采,L,19961029,10922,29.9,3.64,3.704,5.556,False,True,True,0,0,0,0,True,
600759.SH,600759,600759,ST洲际,主板,沪市,主板,801960.SI,石油石化,801961.SI,油气开采Ⅱ,油气开采Ⅱ,L,19961008,10943,29.96,2.31,0.0,12.0,True,True,True,0,0,0,0,False,ST
600760.SH,600760,600760,中航沈飞,主板,沪市,主板,801740.SI,国防军工,801742.SI,航空装备Ⅱ,航空装备Ⅱ,L,19961011,10940,29.95,43.03,-2.382,29.688,False,True,True,0,0,0,0,True,
600761.SH,600761,600761,安徽合力,主板,沪市,主板,801890.SI,机械设备,801077.SI,工程机械,工程机械,L,19961009,10942,29.96,15.15,-1.045,10.909,False,True,True,0,0,0,0,True,
600763.SH,600763,600763,通策医疗,主板,沪市,主板,801150.SI,医药生物,801156.SI,医疗服务,医疗服务,L,19961030,10921,29.9,33.48,-1.122,9.091,False,True,True,0,0,0,0,True,
600764.SH,600764,600764,中国海防,主板,沪市,主板,801740.SI,国防军工,801744.SI,航海装备Ⅱ,航海装备Ⅱ,L,19961104,10916,29.89,18.36,-0.163,34.043,False,True,True,0,0,0,0,True,
600765.SH,600765,600765,中航重机,主板,沪市,主板,801740.SI,国防军工,801742.SI,航空装备Ⅱ,航空装备Ⅱ,L,19961106,10914,29.88,13.2,-1.124,11.765,False,True,True,0,0,0,0,True,
600768.SH,600768,600768,富邦新材,主板,沪市,主板,801050.SI,有色金属,801055.SI,工业金属,工业金属,L,19961111,10909,29.87,14.84,-1.33,8.0,False,True,True,0,0,0,0,True,
600769.SH,600769,600769,祥龙电业,主板,沪市,主板,801970.SI,环保,801971.SI,环境治理,环境治理,L,19961101,10919,29.89,15.72,-4.146,10.256,False,True,True,0,0,0,0,True,
600770.SH,600770,600770,综艺股份,主板,沪市,主板,801230.SI,综合,801231.SI,综合Ⅱ,综合Ⅱ,L,19961120,10900,29.84,6.21,-4.608,20.69,False,True,True,0,0,0,0,True,
600771.SH,600771,600771,广誉远,主板,沪市,主板,801150.SI,医药生物,801155.SI,中药Ⅱ,中药Ⅱ,L,19961105,10915,29.88,13.65,-1.23,8.571,False,True,True,0,0,0,0,True,
600773.SH,600773,600773,西藏城投,主板,沪市,主板,801180.SI,房地产,801181.SI,房地产开发,房地产开发,L,19961108,10912,29.88,9.71,-3.094,11.111,False,True,True,0,0,0,0,True,
600774.SH,600774,600774,汉商集团,主板,沪市,主板,801150.SI,医药生物,801151.SI,化学制药,化学制药,L,19961108,10912,29.88,7.7,-0.901,16.216,False,True,True,0,0,0,0,True,
600775.SH,600775,600775,南京熊猫,主板,沪市,主板,801770.SI,通信,801102.SI,通信设备,通信设备,L,19961118,10902,29.85,9.51,-1.041,5.102,False,True,True,0,0,0,0,True,
600776.SH,600776,600776,东方通信,主板,沪市,主板,801770.SI,通信,801102.SI,通信设备,通信设备,L,19961126,10894,29.83,12.91,-0.921,9.091,False,True,True,0,0,0,0,True,
600777.SH,600777,600777,新潮能源,主板,沪市,主板,801960.SI,石油石化,801961.SI,油气开采Ⅱ,油气开采Ⅱ,L,19961121,10899,29.84,4.01,0.25,44.186,False,True,True,0,0,0,2,True,
600778.SH,600778,600778,友好集团,主板,沪市,主板,801200.SI,商贸零售,801203.SI,一般零售,一般零售,L,19961203,10887,29.81,5.75,-1.372,6.897,False,True,True,0,0,0,0,True,
600779.SH,600779,600779,水井坊,主板,沪市,主板,801120.SI,食品饮料,801125.SI,白酒Ⅱ,白酒Ⅱ,L,19961206,10884,29.8,26.21,-1.835,26.316,False,True,True,0,0,0,0,True,
600780.SH,600780,600780,通宝能源,主板,沪市,主板,801160.SI,公用事业,801161.SI,电力,电力,L,19961205,10885,29.8,6.09,-0.652,12.903,False,True,True,0,0,0,0,True,
600782.SH,600782,600782,新钢股份,主板,沪市,主板,801040.SI,钢铁,801044.SI,普钢,普钢,L,19961225,10865,29.75,2.63,-1.128,11.111,False,True,True,0,0,0,0,True,
600783.SH,600783,600783,鲁信创投,主板,沪市,主板,801890.SI,机械设备,801072.SI,通用设备,通用设备,L,19961225,10865,29.75,15.3,-1.163,21.875,False,True,True,0,0,0,0,True,
600784.SH,600784,600784,鲁银投资,主板,沪市,主板,801030.SI,基础化工,801033.SI,化学原料,化学原料,L,19961225,10865,29.75,7.14,0.99,13.514,False,True,True,0,0,0,0,True,
600785.SH,600785,600785,新华百货,主板,沪市,主板,801200.SI,商贸零售,801203.SI,一般零售,一般零售,L,19970108,10851,29.71,10.54,-1.862,11.009,False,True,True,0,0,0,0,True,
600787.SH,600787,600787,中储股份,主板,沪市,主板,801170.SI,交通运输,801178.SI,物流,物流,L,19970121,10838,29.67,4.54,-0.656,15.217,False,True,True,0,0,0,0,True,
600789.SH,600789,600789,鲁抗医药,主板,沪市,主板,801150.SI,医药生物,801151.SI,化学制药,化学制药,L,19970226,10802,29.57,7.54,-2.835,5.263,False,True,True,0,0,0,0,True,
600790.SH,600790,600790,轻纺城,主板,沪市,主板,801200.SI,商贸零售,801203.SI,一般零售,一般零售,L,19970228,10800,29.57,3.62,-2.949,14.286,False,True,True,0,0,0,0,True,
600791.SH,600791,600791,京能置业,主板,沪市,主板,801180.SI,房地产,801181.SI,房地产开发,房地产开发,L,19970130,10829,29.65,6.92,-1.425,13.889,False,True,True,0,0,0,0,True,
600792.SH,600792,600792,云煤能源,主板,沪市,主板,801950.SI,煤炭,801952.SI,焦炭Ⅱ,焦炭Ⅱ,L,19970123,10836,29.67,5.7,10.039,9.259,False,True,True,0,0,0,0,True,
600793.SH,600793,600793,宜宾纸业,主板,沪市,主板,801140.SI,轻工制造,801143.SI,造纸,造纸,L,19970220,10808,29.59,17.0,-4.117,19.231,False,True,True,0,0,0,0,True,
600794.SH,600794,600794,保税科技,主板,沪市,主板,801170.SI,交通运输,801178.SI,物流,物流,L,19970306,10794,29.55,3.17,0.317,9.375,False,True,True,0,0,0,0,True,
600795.SH,600795,600795,国电电力,主板,沪市,主板,801160.SI,公用事业,801161.SI,电力,电力,L,19970318,10782,29.52,5.24,2.344,12.245,False,True,True,0,0,0,0,True,
600796.SH,600796,600796,钱江生化,主板,沪市,主板,801970.SI,环保,801971.SI,环境治理,环境治理,L,19970408,10761,29.46,5.06,-0.394,7.843,False,True,True,0,0,0,0,True,
600797.SH,600797,600797,浙大网新,主板,沪市,主板,801750.SI,计算机,801103.SI,IT服务Ⅱ,IT服务Ⅱ,L,19970418,10751,29.43,6.51,-1.662,11.594,False,True,True,0,0,0,0,True,
600798.SH,600798,600798,宁波海运,主板,沪市,主板,801170.SI,交通运输,801992.SI,航运港口,航运港口,L,19970423,10746,29.42,3.39,1.194,11.765,False,True,True,0,0,0,0,True,
600800.SH,600800,600800,渤海化学,主板,沪市,主板,801960.SI,石油石化,801963.SI,炼化及贸易,炼化及贸易,L,19931206,11980,32.8,3.2,0.946,11.765,False,True,True,0,0,0,0,True,
600801.SH,600801,600801,华新建材,主板,沪市,主板,801710.SI,建筑材料,801711.SI,水泥,水泥,L,19940103,11952,32.72,23.75,-0.126,25.676,False,True,True,0,0,0,0,True,
600802.SH,600802,600802,福建水泥,主板,沪市,主板,801710.SI,建筑材料,801711.SI,水泥,水泥,L,19940103,11952,32.72,6.62,9.967,10.526,False,True,True,0,0,0,0,True,
600803.SH,600803,600803,新奥股份,主板,沪市,主板,801160.SI,公用事业,801163.SI,燃气Ⅱ,燃气Ⅱ,L,19940103,11952,32.72,18.54,-0.215,26.042,False,True,True,0,0,0,0,True,
600805.SH,600805,600805,悦达投资,主板,沪市,主板,801230.SI,综合,801231.SI,综合Ⅱ,综合Ⅱ,L,19940103,11952,32.72,4.56,0.22,18.182,False,True,True,0,0,0,0,True,
600807.SH,600807,600807,济高发展,主板,沪市,主板,801150.SI,医药生物,801153.SI,医疗器械,医疗器械,L,19940103,11952,32.72,2.64,0.763,11.538,False,True,True,0,0,0,0,True,
600808.SH,600808,600808,马钢股份,主板,沪市,主板,801040.SI,钢铁,801044.SI,普钢,普钢,L,19940106,11949,32.71,2.43,-2.41,24.0,False,True,True,0,0,0,0,True,
600809.SH,600809,600809,山西汾酒,主板,沪市,主板,801120.SI,食品饮料,801125.SI,白酒Ⅱ,白酒Ⅱ,L,19940106,11949,32.71,111.18,-2.499,44.118,False,True,True,0,0,0,0,True,
600810.SH,600810,600810,神马股份,主板,沪市,主板,801030.SI,基础化工,801032.SI,化学纤维,化学纤维,L,19940106,11949,32.71,6.25,-1.108,12.5,False,True,True,0,0,0,0,True,
600812.SH,600812,600812,华北制药,主板,沪市,主板,801150.SI,医药生物,801151.SI,化学制药,化学制药,L,19940114,11941,32.69,4.88,-1.414,10.204,False,True,True,0,0,0,0,True,
600814.SH,600814,600814,杭州解百,主板,沪市,主板,801200.SI,商贸零售,801203.SI,一般零售,一般零售,L,19940114,11941,32.69,6.89,-1.148,14.085,False,True,True,0,0,0,0,True,
600815.SH,600815,600815,厦工股份,主板,沪市,主板,801890.SI,机械设备,801077.SI,工程机械,工程机械,L,19940128,11927,32.65,4.65,9.929,20.0,False,True,True,0,0,0,0,True,
600816.SH,600816,600816,建元信托,主板,沪市,主板,801790.SI,非银金融,801191.SI,多元金融,多元金融,L,19940128,11927,32.65,2.33,-1.688,12.0,False,True,True,0,0,0,0,True,
600817.SH,600817,600817,宇通重工,主板,沪市,主板,801970.SI,环保,801972.SI,环保设备Ⅱ,环保设备Ⅱ,L,19940128,11927,32.65,9.52,0.105,23.469,False,True,True,0,0,0,0,True,
600818.SH,600818,600818,ST中路,主板,沪市,主板,801880.SI,汽车,801881.SI,摩托车及其他,摩托车及其他,L,19940128,11927,32.65,9.11,-2.462,31.579,True,True,True,0,0,0,0,False,ST
600819.SH,600819,600819,耀皮玻璃,主板,沪市,主板,801710.SI,建筑材料,801712.SI,玻璃玻纤,玻璃玻纤,L,19940128,11927,32.65,5.65,-0.353,22.807,False,True,True,0,0,0,0,True,
600820.SH,600820,600820,隧道股份,主板,沪市,主板,801720.SI,建筑装饰,801723.SI,基础建设,基础建设,L,19940128,11927,32.65,5.23,-0.759,18.519,False,True,True,0,0,0,0,True,
600821.SH,600821,600821,金开新能,主板,沪市,主板,801160.SI,公用事业,801161.SI,电力,电力,L,19940128,11927,32.65,5.77,-1.871,6.452,False,True,True,0,0,0,0,True,
600822.SH,600822,600822,上海物贸,主板,沪市,主板,801880.SI,汽车,801092.SI,汽车服务,汽车服务,L,19940204,11920,32.64,9.08,-0.11,15.217,False,True,True,0,0,0,0,True,
600824.SH,600824,600824,益民集团,主板,沪市,主板,801200.SI,商贸零售,801203.SI,一般零售,一般零售,L,19940204,11920,32.64,3.66,-0.273,13.514,False,True,True,0,0,0,0,True,
600825.SH,600825,600825,新华传媒,主板,沪市,主板,801760.SI,传媒,801769.SI,出版,出版,L,19940204,11920,32.64,7.77,10.057,20.0,False,True,True,11,11,11,11,False,近60日停牌
600826.SH,600826,600826,兰生股份,主板,沪市,主板,801210.SI,社会服务,801218.SI,专业服务,专业服务,L,19940204,11920,32.64,8.12,2.267,25.926,False,True,True,0,0,0,0,True,
600827.SH,600827,600827,百联股份,主板,沪市,主板,801200.SI,商贸零售,801203.SI,一般零售,一般零售,L,19940204,11920,32.64,7.73,-0.77,11.538,False,True,True,0,0,0,0,True,
600828.SH,600828,600828,茂业商业,主板,沪市,主板,801200.SI,商贸零售,801203.SI,一般零售,一般零售,L,19940224,11900,32.58,4.37,-0.682,26.667,False,True,True,0,0,0,0,True,
600829.SH,600829,600829,人民同泰,主板,沪市,主板,801150.SI,医药生物,801154.SI,医药商业,医药商业,L,19940224,11900,32.58,9.62,-0.722,12.0,False,True,True,0,0,0,0,True,
600830.SH,600830,600830,香溢融通,主板,沪市,主板,801790.SI,非银金融,801191.SI,多元金融,多元金融,L,19940224,11900,32.58,8.49,0.355,13.793,False,True,True,0,0,0,0,True,
600831.SH,600831,600831,广电网络,主板,沪市,主板,801760.SI,传媒,801995.SI,电视广播Ⅱ,电视广播Ⅱ,L,19940224,11900,32.58,3.51,5.09,6.25,False,True,True,0,0,0,0,True,
600833.SH,600833,600833,第一医药,主板,沪市,主板,801150.SI,医药生物,801154.SI,医药商业,医药商业,L,19940224,11900,32.58,10.62,-0.84,9.346,False,True,True,0,0,0,0,True,
600834.SH,600834,600834,申通地铁,主板,沪市,主板,801170.SI,交通运输,801179.SI,铁路公路,铁路公路,L,19940224,11900,32.58,7.62,0.528,16.0,False,True,True,0,0,0,0,True,
600835.SH,600835,600835,上海机电,主板,沪市,主板,801890.SI,机械设备,801074.SI,专用设备,专用设备,L,19940224,11900,32.58,18.77,-0.583,31.25,False,True,True,0,0,0,0,True,
600838.SH,600838,600838,上海九百,主板,沪市,主板,801200.SI,商贸零售,801203.SI,一般零售,一般零售,L,19940224,11900,32.58,8.31,-2.921,8.235,False,True,True,0,0,0,0,True,
600839.SH,600839,600839,四川长虹,主板,沪市,主板,801110.SI,家用电器,801112.SI,黑色家电,黑色家电,L,19940311,11885,32.54,6.57,-0.755,5.797,False,True,True,0,0,0,0,True,
600841.SH,600841,600841,动力新科,主板,沪市,主板,801880.SI,汽车,801093.SI,汽车零部件,汽车零部件,L,19940311,11885,32.54,5.63,-1.573,17.241,False,True,True,0,0,0,0,True,
600843.SH,600843,600843,上工申贝,主板,沪市,主板,801890.SI,机械设备,801074.SI,专用设备,专用设备,L,19940311,11885,32.54,8.37,9.987,16.901,False,True,True,0,0,0,0,True,
600844.SH,600844,600844,金煤科技,主板,沪市,主板,801030.SI,基础化工,801033.SI,化学原料,化学原料,L,19940311,11885,32.54,3.28,-0.606,17.647,False,True,True,0,0,0,0,True,
600845.SH,600845,600845,宝信软件,主板,沪市,主板,801750.SI,计算机,801103.SI,IT服务Ⅱ,IT服务Ⅱ,L,19940311,11885,32.54,18.26,-0.436,28.261,False,True,True,0,0,0,0,True,
600846.SH,600846,600846,同济科技,主板,沪市,主板,801720.SI,建筑装饰,801726.SI,工程咨询服务Ⅱ,工程咨询服务Ⅱ,L,19940311,11885,32.54,10.83,-1.186,17.094,False,True,True,0,0,0,0,True,
600847.SH,600847,600847,万里股份,主板,沪市,主板,801730.SI,电力设备,801737.SI,电池,电池,L,19940324,11872,32.5,13.03,1.243,15.385,False,True,True,0,0,0,0,True,
600848.SH,600848,600848,上海临港,主板,沪市,主板,801180.SI,房地产,801181.SI,房地产开发,房地产开发,L,19940324,11872,32.5,8.5,-2.523,37.931,False,True,True,0,0,0,0,True,
600850.SH,600850,600850,电科数字,主板,沪市,主板,801750.SI,计算机,801103.SI,IT服务Ⅱ,IT服务Ⅱ,L,19940324,11872,32.5,13.86,-2.119,13.333,False,True,True,0,0,0,0,True,
600851.SH,600851,600851,海欣股份,主板,沪市,主板,801150.SI,医药生物,801151.SI,化学制药,化学制药,L,19940404,11861,32.47,8.11,-3.337,9.412,False,True,True,0,0,0,0,True,
600853.SH,600853,600853,龙建股份,主板,沪市,主板,801720.SI,建筑装饰,801723.SI,基础建设,基础建设,L,19940404,11861,32.47,3.26,0.0,24.242,False,True,True,0,0,0,0,True,
600854.SH,600854,600854,春兰股份,主板,沪市,主板,801180.SI,房地产,801181.SI,房地产开发,房地产开发,L,19940425,11840,32.42,4.73,0.212,10.87,False,True,True,0,0,0,0,True,
600855.SH,600855,600855,航天长峰,主板,沪市,主板,801740.SI,国防军工,801745.SI,军工电子Ⅱ,军工电子Ⅱ,L,19940425,11840,32.42,12.85,-0.078,14.504,False,True,True,0,0,0,0,True,
600857.SH,600857,600857,宁波中百,主板,沪市,主板,801200.SI,商贸零售,801203.SI,一般零售,一般零售,L,19940425,11840,32.42,20.71,-7.874,17.273,False,True,True,0,0,0,0,True,
600858.SH,600858,600858,银座股份,主板,沪市,主板,801200.SI,商贸零售,801203.SI,一般零售,一般零售,L,19940506,11829,32.39,4.88,-0.611,12.245,False,True,True,0,0,0,0,True,
600859.SH,600859,600859,王府井,主板,沪市,主板,801200.SI,商贸零售,801203.SI,一般零售,一般零售,L,19940506,11829,32.39,9.7,-1.423,8.0,False,True,True,0,0,0,0,True,
600860.SH,600860,600860,京城股份,主板,沪市,主板,801890.SI,机械设备,801072.SI,通用设备,通用设备,L,19940506,11829,32.39,7.55,-0.132,14.286,False,True,True,0,0,0,0,True,
600861.SH,600861,600861,北京人力,主板,沪市,主板,801210.SI,社会服务,801218.SI,专业服务,专业服务,L,19940520,11815,32.35,12.71,0.0,31.818,False,True,True,0,0,0,0,True,
600862.SH,600862,600862,中航高科,主板,沪市,主板,801740.SI,国防军工,801742.SI,航空装备Ⅱ,航空装备Ⅱ,L,19940520,11815,32.35,17.88,-0.501,10.87,False,True,True,0,0,0,0,True,
600863.SH,600863,600863,华能蒙电,主板,沪市,主板,801160.SI,公用事业,801161.SI,电力,电力,L,19940520,11815,32.35,4.64,0.651,8.333,False,True,True,0,0,0,0,True,
600864.SH,600864,600864,哈投股份,主板,沪市,主板,801790.SI,非银金融,801193.SI,证券Ⅱ,证券Ⅱ,L,19940809,11734,32.13,5.7,-2.062,10.345,False,True,True,0,0,0,0,True,
600865.SH,600865,600865,百大集团,主板,沪市,主板,801200.SI,商贸零售,801203.SI,一般零售,一般零售,L,19940809,11734,32.13,10.9,-1.625,8.929,False,True,True,0,0,0,0,True,
600866.SH,600866,600866,星湖科技,主板,沪市,主板,801030.SI,基础化工,801034.SI,化学制品,化学制品,L,19940818,11725,32.1,4.12,-1.199,9.091,False,True,True,0,0,0,0,True,
600867.SH,600867,600867,通化东宝,主板,沪市,主板,801150.SI,医药生物,801152.SI,生物制品,生物制品,L,19940824,11719,32.08,7.73,-1.529,9.756,False,True,True,0,0,0,0,True,
600868.SH,600868,600868,梅雁吉祥,主板,沪市,主板,801160.SI,公用事业,801161.SI,电力,电力,L,19940912,11700,32.03,2.72,-0.366,7.143,False,True,True,0,0,0,0,True,
600869.SH,600869,600869,远东股份,主板,沪市,主板,801730.SI,电力设备,801738.SI,电网设备,电网设备,L,19950206,11553,31.63,19.83,-5.706,10.909,False,True,True,0,0,0,0,True,
600871.SH,600871,600871,石化油服,主板,沪市,主板,801960.SI,石油石化,801962.SI,油服工程,油服工程,L,19950411,11489,31.46,2.11,-0.472,13.636,False,True,True,0,0,0,0,True,
600872.SH,600872,600872,中炬高新,主板,沪市,主板,801120.SI,食品饮料,801129.SI,调味发酵品Ⅱ,调味发酵品Ⅱ,L,19950124,11566,31.67,17.15,-1.38,13.043,False,True,True,0,0,0,0,True,
600873.SH,600873,600873,梅花生物,主板,沪市,主板,801030.SI,基础化工,801034.SI,化学制品,化学制品,L,19950217,11542,31.6,7.36,-1.075,22.785,False,True,True,0,0,0,0,True,
600874.SH,600874,600874,创业环保,主板,沪市,主板,801970.SI,环保,801971.SI,环境治理,环境治理,L,19950630,11409,31.24,5.44,-0.366,10.714,False,True,True,0,0,0,0,True,
600875.SH,600875,600875,东方电气,主板,沪市,主板,801730.SI,电力设备,801733.SI,其他电源设备Ⅱ,其他电源设备Ⅱ,L,19951010,11307,30.96,23.5,-1.302,12.5,False,True,True,0,0,0,0,True,
600876.SH,600876,600876,凯盛新能,主板,沪市,主板,801710.SI,建筑材料,801712.SI,玻璃玻纤,玻璃玻纤,L,19951031,11286,30.9,7.62,-3.177,25.0,False,True,True,0,0,0,0,True,
600877.SH,600877,600877,电科芯片,主板,沪市,主板,801080.SI,电子,801081.SI,半导体,半导体,L,19951013,11304,30.95,11.9,-1.815,35.484,False,True,True,0,0,0,0,True,
600879.SH,600879,600879,航天电子,主板,沪市,主板,801740.SI,国防军工,801741.SI,航天装备Ⅱ,航天装备Ⅱ,L,19951115,11271,30.86,14.31,0.07,14.286,False,True,True,0,0,0,0,True,
600880.SH,600880,600880,博瑞传播,主板,沪市,主板,801210.SI,社会服务,801994.SI,教育,教育,L,19951115,11271,30.86,4.26,-3.401,12.5,False,True,True,0,0,0,0,True,
600881.SH,600881,600881,亚泰集团,主板,沪市,主板,801230.SI,综合,801231.SI,综合Ⅱ,综合Ⅱ,L,19951115,11271,30.86,1.85,-1.596,11.111,False,True,True,0,0,0,0,True,
600882.SH,600882,600882,妙可蓝多,主板,沪市,主板,801120.SI,食品饮料,801127.SI,饮料乳品,饮料乳品,L,19951206,11250,30.8,19.04,-0.885,15.385,False,True,True,0,0,0,0,True,
600883.SH,600883,600883,博闻科技,主板,沪市,主板,801010.SI,农林牧渔,801016.SI,种植业,种植业,L,19951208,11248,30.8,8.11,-0.613,7.692,False,True,True,0,0,0,0,True,
600884.SH,600884,600884,杉杉股份,主板,沪市,主板,801730.SI,电力设备,801737.SI,电池,电池,L,19960130,11195,30.65,11.54,-3.188,10.345,False,True,True,0,0,0,0,True,
600885.SH,600885,600885,宏发股份,主板,沪市,主板,801730.SI,电力设备,801738.SI,电网设备,电网设备,L,19960205,11189,30.63,33.39,0.27,11.047,False,True,True,0,0,0,0,True,
600886.SH,600886,600886,国投电力,主板,沪市,主板,801160.SI,公用事业,801161.SI,电力,电力,L,19960118,11207,30.68,14.86,1.99,13.043,False,True,True,0,0,0,0,True,
600887.SH,600887,600887,伊利股份,主板,沪市,主板,801120.SI,食品饮料,801127.SI,饮料乳品,饮料乳品,L,19960312,11153,30.54,26.9,-0.074,7.576,False,True,True,0,0,0,0,True,
600888.SH,600888,600888,新疆众和,主板,沪市,主板,801050.SI,有色金属,801055.SI,工业金属,工业金属,L,19960215,11179,30.61,9.72,-3.38,5.941,False,True,True,0,0,0,0,True,
600889.SH,600889,600889,*ST京化,主板,沪市,主板,801030.SI,基础化工,801032.SI,化学纤维,化学纤维,L,19960308,11157,30.55,13.39,-2.263,19.737,True,True,True,0,0,0,0,False,ST
600892.SH,600892,600892,大晟文化,主板,沪市,主板,801760.SI,传媒,801764.SI,游戏Ⅱ,游戏Ⅱ,L,19960315,11150,30.53,4.12,-0.962,9.756,False,True,True,0,0,0,2,True,
600893.SH,600893,600893,航发动力,主板,沪市,主板,801740.SI,国防军工,801742.SI,航空装备Ⅱ,航空装备Ⅱ,L,19960408,11126,30.46,38.29,-3.21,16.667,False,True,True,0,0,0,0,True,
600894.SH,600894,600894,广日股份,主板,沪市,主板,801890.SI,机械设备,801074.SI,专用设备,专用设备,L,19960328,11137,30.49,7.77,0.258,24.359,False,True,True,0,0,0,0,True,
600895.SH,600895,600895,张江高科,主板,沪市,主板,801180.SI,房地产,801181.SI,房地产开发,房地产开发,L,19960422,11112,30.42,28.22,-1.878,16.129,False,True,True,0,0,0,0,True,
600897.SH,600897,600897,厦门空港,主板,沪市,主板,801170.SI,交通运输,801991.SI,航空机场,航空机场,L,19960531,11073,30.32,16.25,7.973,15.789,False,True,True,0,0,0,0,True,
600900.SH,600900,600900,长江电力,主板,沪市,主板,801160.SI,公用事业,801161.SI,电力,电力,L,20031118,8346,22.85,28.36,0.997,10.0,False,True,True,0,0,0,0,True,
600901.SH,600901,600901,江苏金租,主板,沪市,主板,801790.SI,非银金融,801191.SI,多元金融,多元金融,L,20180301,3129,8.57,6.79,1.799,12.308,False,True,True,0,0,0,0,True,
600903.SH,600903,600903,贵州燃气,主板,沪市,主板,801160.SI,公用事业,801163.SI,燃气Ⅱ,燃气Ⅱ,L,20171107,3243,8.88,6.56,-1.205,14.706,False,True,True,0,0,0,0,True,
600905.SH,600905,600905,三峡能源,主板,沪市,主板,801160.SI,公用事业,801161.SI,电力,电力,L,20210610,1932,5.29,3.61,-0.824,13.514,False,True,True,0,0,0,0,True,
600906.SH,600906,600906,财达证券,主板,沪市,主板,801790.SI,非银金融,801193.SI,证券Ⅱ,证券Ⅱ,L,20210507,1966,5.38,6.36,-1.548,10.606,False,True,True,0,0,0,0,True,
600908.SH,600908,600908,无锡银行,主板,沪市,主板,801780.SI,银行,801785.SI,农商行Ⅱ,农商行Ⅱ,L,20160923,3653,10.0,5.83,1.391,8.929,False,True,True,0,0,0,0,True,
600909.SH,600909,600909,华安证券,主板,沪市,主板,801790.SI,非银金融,801193.SI,证券Ⅱ,证券Ⅱ,L,20161206,3579,9.8,7.82,-3.337,8.642,False,True,True,0,0,0,0,True,
600916.SH,600916,600916,中国黄金,主板,沪市,主板,801130.SI,纺织服饰,801133.SI,饰品,饰品,L,20210205,2057,5.63,7.24,-1.63,8.974,False,True,True,0,0,0,0,True,
600917.SH,600917,600917,重庆燃气,主板,沪市,主板,801160.SI,公用事业,801163.SI,燃气Ⅱ,燃气Ⅱ,L,20140930,4377,11.98,4.79,-0.416,18.367,False,True,True,0,0,0,0,True,
600918.SH,600918,600918,中泰证券,主板,沪市,主板,801790.SI,非银金融,801193.SI,证券Ⅱ,证券Ⅱ,L,20200603,2304,6.31,5.42,-1.633,9.091,False,True,True,0,0,0,0,True,
600919.SH,600919,600919,江苏银行,主板,沪市,主板,801780.SI,银行,801784.SI,城商行Ⅱ,城商行Ⅱ,L,20160802,3705,10.14,12.26,1.574,16.529,False,True,True,0,0,0,0,True,
600925.SH,600925,600925,苏能股份,主板,沪市,主板,801950.SI,煤炭,801951.SI,煤炭开采,煤炭开采,L,20230329,1275,3.49,4.08,0.493,11.628,False,True,True,0,0,0,0,True,
600926.SH,600926,600926,杭州银行,主板,沪市,主板,801780.SI,银行,801784.SI,城商行Ⅱ,城商行Ⅱ,L,20161027,3619,9.91,17.23,0.525,10.526,False,True,True,0,0,0,0,True,
600927.SH,600927,600927,永安期货,主板,沪市,主板,801790.SI,非银金融,801191.SI,多元金融,多元金融,L,20211223,1736,4.75,12.18,-1.297,20.896,False,True,True,0,0,0,0,True,
600928.SH,600928,600928,西安银行,主板,沪市,主板,801780.SI,银行,801784.SI,城商行Ⅱ,城商行Ⅱ,L,20190301,2764,7.57,3.48,-0.571,8.571,False,True,True,0,0,0,0,True,
600929.SH,600929,600929,雪天盐业,主板,沪市,主板,801030.SI,基础化工,801033.SI,化学原料,化学原料,L,20180326,3104,8.5,6.0,-1.8,18.966,False,True,True,11,11,11,11,False,近60日停牌
600930.SH,600930,600930,华电新能,主板,沪市,主板,801160.SI,公用事业,801161.SI,电力,电力,L,20250716,435,1.19,3.88,-0.513,10.256,False,True,True,0,0,0,0,False,上市时间不足
600933.SH,600933,600933,爱柯迪,主板,沪市,主板,801880.SI,汽车,801093.SI,汽车零部件,汽车零部件,L,20171117,3233,8.85,13.67,-1.584,19.424,False,True,True,0,0,0,0,True,
600935.SH,600935,600935,华塑股份,主板,沪市,主板,801030.SI,基础化工,801033.SI,化学原料,化学原料,L,20211126,1763,4.83,2.29,-0.866,25.0,False,True,True,0,0,0,0,True,
600936.SH,600936,600936,北投科技,主板,沪市,主板,801760.SI,传媒,801995.SI,电视广播Ⅱ,电视广播Ⅱ,L,20160815,3692,10.11,4.31,-0.919,16.327,False,True,True,0,0,0,0,True,
600938.SH,600938,600938,中国海油,主板,沪市,主板,801960.SI,石油石化,801961.SI,油气开采Ⅱ,油气开采Ⅱ,L,20220421,1617,4.43,32.8,1.579,10.909,False,True,True,0,0,0,0,True,
600939.SH,600939,600939,重庆建工,主板,沪市,主板,801720.SI,建筑装饰,801721.SI,房屋建设Ⅱ,房屋建设Ⅱ,L,20170221,3502,9.59,2.6,-0.383,25.926,False,True,True,0,0,0,0,True,
600941.SH,600941,600941,中国移动,主板,沪市,主板,801770.SI,通信,801223.SI,通信服务,通信服务,L,20220105,1723,4.72,97.45,1.089,6.522,False,True,True,0,0,0,0,True,
600955.SH,600955,600955,维远股份,主板,沪市,主板,801030.SI,基础化工,801033.SI,化学原料,化学原料,L,20210915,1835,5.02,12.38,-1.59,42.857,False,True,True,0,0,0,0,True,
600956.SH,600956,600956,新天绿能,主板,沪市,主板,801160.SI,公用事业,801161.SI,电力,电力,L,20200629,2278,6.24,7.05,0.142,28.205,False,True,True,0,0,0,0,True,
600958.SH,600958,600958,东方证券,主板,沪市,主板,801790.SI,非银金融,801193.SI,证券Ⅱ,证券Ⅱ,L,20150323,4203,11.51,8.71,-2.464,10.0,False,True,True,0,0,0,0,True,
600959.SH,600959,600959,江苏有线,主板,沪市,主板,801760.SI,传媒,801995.SI,电视广播Ⅱ,电视广播Ⅱ,L,20150428,4167,11.41,3.09,0.0,33.333,False,True,True,0,0,0,0,True,
600960.SH,600960,600960,渤海汽车,主板,沪市,主板,801880.SI,汽车,801093.SI,汽车零部件,汽车零部件,L,20040407,8205,22.46,3.9,-0.51,10.0,False,True,True,0,0,0,0,True,
600961.SH,600961,600961,株冶集团,主板,沪市,主板,801050.SI,有色金属,801055.SI,工业金属,工业金属,L,20040830,8060,22.07,23.61,-3.514,13.386,False,True,True,0,0,0,0,True,
600962.SH,600962,600962,国投中鲁,主板,沪市,主板,801010.SI,农林牧渔,801012.SI,农产品加工,农产品加工,L,20040622,8129,22.26,26.15,-0.759,8.462,False,True,True,0,0,0,0,True,
600963.SH,600963,600963,岳阳林纸,主板,沪市,主板,801140.SI,轻工制造,801143.SI,造纸,造纸,L,20040525,8157,22.33,3.35,-1.76,8.824,False,True,True,0,0,0,0,True,
600965.SH,600965,600965,*ST福成,主板,沪市,主板,801010.SI,农林牧渔,801017.SI,养殖业,养殖业,L,20040713,8108,22.2,2.69,0.0,18.519,True,True,True,0,0,0,0,False,ST
600966.SH,600966,600966,博汇纸业,主板,沪市,主板,801140.SI,轻工制造,801143.SI,造纸,造纸,L,20040608,8143,22.29,4.8,-1.639,30.612,False,True,True,0,0,0,0,True,
600967.SH,600967,600967,内蒙一机,主板,沪市,主板,801740.SI,国防军工,801743.SI,地面兵装Ⅱ,地面兵装Ⅱ,L,20040518,8164,22.35,12.97,0.232,11.111,False,True,True,0,0,0,0,True,
600968.SH,600968,600968,海油发展,主板,沪市,主板,801960.SI,石油石化,801962.SI,油服工程,油服工程,L,20190626,2647,7.25,3.88,0.779,25.0,False,True,True,0,0,0,0,True,
600969.SH,600969,600969,郴电国际,主板,沪市,主板,801160.SI,公用事业,801161.SI,电力,电力,L,20040408,8204,22.46,9.79,-0.102,8.911,False,True,True,0,0,0,0,True,
600970.SH,600970,600970,中材国际,主板,沪市,主板,801720.SI,建筑装饰,801724.SI,专业工程,专业工程,L,20050412,7835,21.45,7.68,0.92,26.923,False,True,True,0,0,0,0,True,
600971.SH,600971,600971,恒源煤电,主板,沪市,主板,801950.SI,煤炭,801951.SI,煤炭开采,煤炭开采,L,20040817,8073,22.1,8.46,0.955,15.294,False,True,True,0,0,0,0,True,
600973.SH,600973,600973,宝胜股份,主板,沪市,主板,801730.SI,电力设备,801738.SI,电网设备,电网设备,L,20040802,8088,22.14,5.89,-0.338,12.903,False,True,True,0,0,0,0,True,
600975.SH,600975,600975,新五丰,主板,沪市,主板,801010.SI,农林牧渔,801017.SI,养殖业,养殖业,L,20040609,8142,22.29,5.08,-1.55,15.094,False,True,True,0,0,0,0,True,
600976.SH,600976,600976,健民集团,主板,沪市,主板,801150.SI,医药生物,801155.SI,中药Ⅱ,中药Ⅱ,L,20040419,8193,22.43,26.8,-0.814,10.0,False,True,True,0,0,0,0,True,
600977.SH,600977,600977,中国电影,主板,沪市,主板,801760.SI,传媒,801766.SI,影视院线,影视院线,L,20160809,3698,10.12,13.13,-2.741,9.524,False,True,True,0,0,0,0,True,
600979.SH,600979,600979,广安爱众,主板,沪市,主板,801160.SI,公用事业,801161.SI,电力,电力,L,20040906,8053,22.05,3.86,-0.515,5.0,False,True,True,0,0,0,0,True,
600980.SH,600980,600980,北矿科技,主板,沪市,主板,801890.SI,机械设备,801074.SI,专用设备,专用设备,L,20040512,8170,22.37,19.13,-1.847,15.183,False,True,True,0,0,0,0,True,
600981.SH,600981,600981,苏豪汇鸿,主板,沪市,主板,801200.SI,商贸零售,801202.SI,贸易Ⅱ,贸易Ⅱ,L,20040630,8121,22.23,2.37,-0.837,16.667,False,True,True,0,0,0,0,True,
600982.SH,600982,600982,宁波能源,主板,沪市,主板,801160.SI,公用事业,801161.SI,电力,电力,L,20040706,8115,22.22,4.86,0.206,5.882,False,True,True,0,0,0,0,True,
600983.SH,600983,600983,惠而浦,主板,沪市,主板,801110.SI,家用电器,801111.SI,白色家电,白色家电,L,20040727,8094,22.16,7.39,-1.989,34.94,False,True,True,0,0,0,0,True,
600984.SH,600984,600984,建设机械,主板,沪市,主板,801890.SI,机械设备,801077.SI,工程机械,工程机械,L,20040707,8114,22.21,3.5,1.156,21.053,False,True,True,0,11,11,11,False,近60日停牌
600985.SH,600985,600985,淮北矿业,主板,沪市,主板,801950.SI,煤炭,801951.SI,煤炭开采,煤炭开采,L,20040428,8184,22.41,16.49,-0.723,23.636,False,True,True,0,0,0,0,True,
600986.SH,600986,600986,浙文互联,主板,沪市,主板,801760.SI,传媒,801765.SI,广告营销,广告营销,L,20040426,8186,22.41,6.88,-2.55,9.589,False,True,True,0,0,0,0,True,
600987.SH,600987,600987,航民股份,主板,沪市,主板,801130.SI,纺织服饰,801131.SI,纺织制造,纺织制造,L,20040809,8081,22.12,6.31,-0.316,12.121,False,True,True,0,0,0,0,True,
600988.SH,600988,600988,赤峰黄金,主板,沪市,主板,801050.SI,有色金属,801053.SI,贵金属,贵金属,L,20040414,8198,22.44,40.28,-5.223,12.5,False,True,True,0,0,0,0,True,
600989.SH,600989,600989,宝丰能源,主板,沪市,主板,801030.SI,基础化工,801033.SI,化学原料,化学原料,L,20190516,2688,7.36,22.33,-1.107,15.584,False,True,True,0,0,0,0,True,
600990.SH,600990,600990,四创电子,主板,沪市,主板,801740.SI,国防军工,801745.SI,军工电子Ⅱ,军工电子Ⅱ,L,20040510,8172,22.37,17.85,-0.335,13.043,False,True,True,0,0,0,0,True,
600992.SH,600992,600992,贵绳股份,主板,沪市,主板,801890.SI,机械设备,801072.SI,通用设备,通用设备,L,20040514,8168,22.36,10.27,0.785,8.0,False,True,True,0,0,0,0,True,
600993.SH,600993,600993,马应龙,主板,沪市,主板,801150.SI,医药生物,801155.SI,中药Ⅱ,中药Ⅱ,L,20040517,8165,22.35,22.15,-1.38,6.494,False,True,True,0,0,0,0,True,
600995.SH,600995,600995,南网储能,主板,沪市,主板,801160.SI,公用事业,801161.SI,电力,电力,L,20040615,8136,22.28,11.8,-1.585,23.077,False,True,True,0,0,0,0,True,
600996.SH,600996,600996,贵广网络,主板,沪市,主板,801760.SI,传媒,801995.SI,电视广播Ⅱ,电视广播Ⅱ,L,20161226,3559,9.74,6.82,-0.438,10.145,False,True,True,0,0,0,0,True,
600997.SH,600997,600997,开滦股份,主板,沪市,主板,801950.SI,煤炭,801951.SI,煤炭开采,煤炭开采,L,20040602,8149,22.31,5.14,0.195,16.364,False,True,True,0,0,0,0,True,
600998.SH,600998,600998,九州通,主板,沪市,主板,801150.SI,医药生物,801154.SI,医药商业,医药商业,L,20101102,5805,15.89,4.84,-1.022,6.0,False,True,True,0,0,0,0,True,
600999.SH,600999,600999,招商证券,主板,沪市,主板,801790.SI,非银金融,801193.SI,证券Ⅱ,证券Ⅱ,L,20091117,6155,16.85,17.44,-2.187,18.889,False,True,True,0,0,0,0,True,
601000.SH,601000,601000,唐山港,主板,沪市,主板,801170.SI,交通运输,801992.SI,航运港口,航运港口,L,20100705,5925,16.22,4.39,1.62,13.333,False,True,True,0,0,0,0,True,
601001.SH,601001,601001,晋控煤业,主板,沪市,主板,801950.SI,煤炭,801951.SI,煤炭开采,煤炭开采,L,20060623,7398,20.25,17.65,-2.216,11.628,False,True,True,0,0,0,0,True,
601002.SH,601002,601002,晋亿实业,主板,沪市,主板,801890.SI,机械设备,801072.SI,通用设备,通用设备,L,20070126,7181,19.66,5.22,0.578,11.538,False,True,True,0,0,0,0,True,
601003.SH,601003,601003,柳钢股份,主板,沪市,主板,801040.SI,钢铁,801044.SI,普钢,普钢,L,20070227,7149,19.57,3.49,-0.852,28.947,False,True,True,0,0,0,0,True,
601005.SH,601005,601005,重庆钢铁,主板,沪市,主板,801040.SI,钢铁,801044.SI,普钢,普钢,L,20070228,7148,19.57,1.2,-2.439,25.0,False,True,True,0,0,0,0,True,
601006.SH,601006,601006,大秦铁路,主板,沪市,主板,801170.SI,交通运输,801179.SI,铁路公路,铁路公路,L,20060801,7359,20.15,4.66,-0.64,10.417,False,True,True,0,0,0,0,True,
601007.SH,601007,601007,金陵饭店,主板,沪市,主板,801210.SI,社会服务,801219.SI,酒店餐饮,酒店餐饮,L,20070406,7111,19.47,6.8,0.295,11.765,False,True,True,0,0,0,0,True,
601008.SH,601008,601008,连云港,主板,沪市,主板,801170.SI,交通运输,801992.SI,航运港口,航运港口,L,20070426,7091,19.41,4.4,1.149,11.364,False,True,True,0,0,0,0,True,
601009.SH,601009,601009,南京银行,主板,沪市,主板,801780.SI,银行,801784.SI,城商行Ⅱ,城商行Ⅱ,L,20070719,7007,19.18,11.95,1.875,13.675,False,True,True,0,0,0,0,True,
601010.SH,601010,601010,ST文峰,主板,沪市,主板,801200.SI,商贸零售,801203.SI,一般零售,一般零售,L,20110603,5592,15.31,1.43,-2.055,21.429,True,True,True,0,0,0,0,False,ST
601011.SH,601011,601011,宝泰隆,主板,沪市,主板,801950.SI,煤炭,801952.SI,焦炭Ⅱ,焦炭Ⅱ,L,20110309,5678,15.55,2.91,1.042,6.667,False,True,True,0,0,0,0,True,
601012.SH,601012,601012,隆基绿能,主板,沪市,主板,801730.SI,电力设备,801735.SI,光伏设备,光伏设备,L,20120411,5279,14.45,11.04,-3.243,12.903,False,True,True,0,0,0,0,True,
601015.SH,601015,601015,陕西黑猫,主板,沪市,主板,801950.SI,煤炭,801952.SI,焦炭Ⅱ,焦炭Ⅱ,L,20141105,4341,11.89,3.55,1.429,10.811,False,True,True,0,0,0,0,True,
601016.SH,601016,601016,节能风电,主板,沪市,主板,801160.SI,公用事业,801161.SI,电力,电力,L,20140929,4378,11.99,3.25,-0.915,8.824,False,True,True,0,0,0,0,True,
601018.SH,601018,601018,宁波港,主板,沪市,主板,801170.SI,交通运输,801992.SI,航运港口,航运港口,L,20100928,5840,15.99,3.4,0.0,20.0,False,True,True,0,0,0,0,True,
601019.SH,601019,601019,山东出版,主板,沪市,主板,801760.SI,传媒,801769.SI,出版,出版,L,20171122,3228,8.84,6.75,-3.433,26.389,False,True,True,0,0,0,0,True,
601020.SH,601020,601020,华钰矿业,主板,沪市,主板,801050.SI,有色金属,801055.SI,工业金属,工业金属,L,20160316,3844,10.52,21.0,-5.149,8.333,False,True,True,0,0,0,0,True,
601021.SH,601021,601021,春秋航空,主板,沪市,主板,801170.SI,交通运输,801991.SI,航空机场,航空机场,L,20150121,4264,11.67,39.85,-4.253,10.667,False,True,True,0,0,0,0,True,
601022.SH,601022,601022,宁波远洋,主板,沪市,主板,801170.SI,交通运输,801992.SI,航运港口,航运港口,L,20221208,1386,3.79,8.42,-0.473,13.58,False,True,True,0,0,0,0,True,
601026.SH,601026,601026,道生天合,主板,沪市,主板,801030.SI,基础化工,801036.SI,塑料,塑料,L,20251017,342,0.94,15.25,-0.651,7.143,False,True,True,0,0,0,0,False,上市时间不足
601033.SH,601033,601033,永兴股份,主板,沪市,主板,801970.SI,环保,801971.SI,环境治理,环境治理,L,20240118,980,2.68,14.19,-0.421,4.167,False,True,True,0,0,0,0,True,
601038.SH,601038,601038,一拖股份,主板,沪市,主板,801890.SI,机械设备,801074.SI,专用设备,专用设备,L,20120808,5160,14.13,13.96,0.504,15.714,False,True,True,0,0,0,0,True,
601058.SH,601058,601058,赛轮轮胎,主板,沪市,主板,801880.SI,汽车,801093.SI,汽车零部件,汽车零部件,L,20110630,5565,15.24,13.56,-2.586,17.518,False,True,True,0,0,0,0,True,
601059.SH,601059,601059,信达证券,主板,沪市,主板,801790.SI,非银金融,801193.SI,证券Ⅱ,证券Ⅱ,L,20230201,1331,3.64,,,,False,True,False,8,8,8,8,False,近60日停牌、无最新行情
601061.SH,601061,601061,中信金属,主板,沪市,主板,801200.SI,商贸零售,801202.SI,贸易Ⅱ,贸易Ⅱ,L,20230410,1263,3.46,10.83,-4.582,23.729,False,True,True,0,0,0,0,True,
601065.SH,601065,601065,江盐集团,主板,沪市,主板,801030.SI,基础化工,801033.SI,化学原料,化学原料,L,20230410,1263,3.46,6.67,-0.891,5.882,False,True,True,0,0,0,0,True,
601066.SH,601066,601066,中信建投,主板,沪市,主板,801790.SI,非银金融,801193.SI,证券Ⅱ,证券Ⅱ,L,20180620,3018,8.26,23.4,-1.141,21.569,False,True,True,0,0,0,0,True,
601068.SH,601068,601068,中铝国际,主板,沪市,主板,801720.SI,建筑装饰,801724.SI,专业工程,专业工程,L,20180831,2946,8.07,4.28,-4.889,38.298,False,True,True,0,0,0,0,True,
601069.SH,601069,601069,西部黄金,主板,沪市,主板,801050.SI,有色金属,801053.SI,贵金属,贵金属,L,20150122,4263,11.67,25.6,-4.442,13.793,False,True,True,0,0,0,0,True,
601077.SH,601077,601077,渝农商行,主板,沪市,主板,801780.SI,银行,801785.SI,农商行Ⅱ,农商行Ⅱ,L,20191029,2522,6.9,6.64,1.529,9.091,False,True,True,0,0,0,0,True,
601083.SH,601083,601083,锦江航运,主板,沪市,主板,801170.SI,交通运输,801992.SI,航运港口,航运港口,L,20231205,1024,2.8,12.75,-0.235,7.087,False,True,True,0,0,0,0,True,
601086.SH,601086,601086,国芳集团,主板,沪市,主板,801200.SI,商贸零售,801203.SI,一般零售,一般零售,L,20170929,3282,8.99,15.32,-9.988,15.698,False,True,True,0,0,0,0,True,
601088.SH,601088,601088,中国神华,主板,沪市,主板,801950.SI,煤炭,801951.SI,煤炭开采,煤炭开采,L,20071009,6925,18.96,48.03,1.737,72.727,False,True,True,0,0,0,0,True,
601089.SH,601089,601089,福元医药,主板,沪市,主板,801150.SI,医药生物,801151.SI,化学制药,化学制药,L,20220630,1547,4.24,15.88,-2.517,35.632,False,True,True,0,0,0,0,True,
601091.SH,601091,601091,沈鼓集团,主板,沪市,主板,,,,,未分类,L,20260917,7,0.02,27.0,-10.0,20.285,False,True,True,3,3,3,3,False,上市时间不足、近60日停牌
601096.SH,601096,601096,宏盛华源,主板,沪市,主板,801720.SI,建筑装饰,801724.SI,专业工程,专业工程,L,20231222,1007,2.76,3.96,-2.941,11.905,False,True,True,0,0,0,0,True,
601098.SH,601098,601098,中南传媒,主板,沪市,主板,801760.SI,传媒,801769.SI,出版,出版,L,20101028,5810,15.91,10.18,-1.738,11.65,False,True,True,0,0,0,0,True,
601099.SH,601099,601099,太平洋,主板,沪市,主板,801790.SI,非银金融,801193.SI,证券Ⅱ,证券Ⅱ,L,20071228,6845,18.74,3.52,-0.565,5.714,False,True,True,0,0,0,0,True,
601100.SH,601100,601100,恒立液压,主板,沪市,主板,801890.SI,机械设备,801077.SI,工程机械,工程机械,L,20111028,5445,14.91,92.3,0.764,19.753,False,True,True,0,0,0,0,True,
601101.SH,601101,601101,昊华能源,主板,沪市,主板,801950.SI,煤炭,801951.SI,煤炭开采,煤炭开采,L,20100331,6021,16.48,13.06,-1.434,16.418,False,True,True,0,0,0,0,True,
601106.SH,601106,601106,中国一重,主板,沪市,主板,801890.SI,机械设备,801074.SI,专用设备,专用设备,L,20100209,6071,16.62,2.92,-0.68,41.935,False,True,True,0,0,0,0,True,
601107.SH,601107,601107,四川成渝,主板,沪市,主板,801170.SI,交通运输,801179.SI,铁路公路,铁路公路,L,20090727,6268,17.16,6.02,0.166,12.281,False,True,True,0,0,0,0,True,
601108.SH,601108,601108,财通证券,主板,沪市,主板,801790.SI,非银金融,801193.SI,证券Ⅱ,证券Ⅱ,L,20171024,3257,8.92,8.36,-2.336,8.235,False,True,True,0,0,0,0,True,
601111.SH,601111,601111,中国国航,主板,沪市,主板,801170.SI,交通运输,801991.SI,航空机场,航空机场,L,20060818,7342,20.1,5.81,-2.517,25.806,False,True,True,0,0,0,0,True,
601112.SH,601112,601112,振石股份,主板,沪市,主板,801710.SI,建筑材料,801712.SI,玻璃玻纤,玻璃玻纤,L,20260129,238,0.65,16.17,-1.522,9.202,False,True,True,0,0,0,0,False,上市时间不足
601113.SH,601113,601113,华鼎股份,主板,沪市,主板,801030.SI,基础化工,801032.SI,化学纤维,化学纤维,L,20110509,5617,15.38,3.54,0.568,31.429,False,True,True,0,0,0,0,True,
601116.SH,601116,601116,三江购物,主板,沪市,主板,801200.SI,商贸零售,801203.SI,一般零售,一般零售,L,20110302,5685,15.56,10.02,-1.861,14.815,False,True,True,0,0,0,0,True,
601117.SH,601117,601117,中国化学,主板,沪市,主板,801720.SI,建筑装饰,801724.SI,专业工程,专业工程,L,20100107,6104,16.71,7.22,0.838,9.333,False,True,True,0,0,0,0,True,
601118.SH,601118,601118,海南橡胶,主板,沪市,主板,801010.SI,农林牧渔,801016.SI,种植业,种植业,L,20110107,5739,15.71,6.48,-2.703,23.077,False,True,True,0,0,0,0,True,
601121.SH,601121,601121,宝地矿业,主板,沪市,主板,801040.SI,钢铁,801043.SI,冶钢原料,冶钢原料,L,20230310,1294,3.54,7.06,-2.351,11.111,False,True,True,0,0,0,0,True,
601123.SH,601123,601123,马矿股份,主板,沪市,主板,,,,,未分类,L,20260901,23,0.06,17.82,-1.492,5.0,False,True,True,1,1,1,1,False,上市时间不足、近60日停牌
601126.SH,601126,601126,四方股份,主板,沪市,主板,801730.SI,电力设备,801738.SI,电网设备,电网设备,L,20101231,5746,15.73,38.39,-2.81,13.043,False,True,True,0,0,0,0,True,
601127.SH,601127,601127,赛力斯,主板,沪市,主板,801880.SI,汽车,801095.SI,乘用车,乘用车,L,20160615,3753,10.28,46.33,-1.843,30.0,False,True,True,0,0,0,0,True,
601128.SH,601128,601128,常熟银行,主板,沪市,主板,801780.SI,银行,801785.SI,农商行Ⅱ,农商行Ⅱ,L,20160930,3646,9.98,6.17,-0.323,4.762,False,True,True,0,0,0,0,True,
601133.SH,601133,601133,柏诚股份,主板,沪市,主板,801720.SI,建筑装饰,801724.SI,专业工程,专业工程,L,20230410,1263,3.46,25.05,-3.728,13.281,False,True,True,0,0,0,0,True,
601136.SH,601136,601136,首创证券,主板,沪市,主板,801790.SI,非银金融,801193.SI,证券Ⅱ,证券Ⅱ,L,20221222,1372,3.76,14.19,-2.273,12.587,False,True,True,0,0,0,0,True,
601137.SH,601137,601137,博威合金,主板,沪市,主板,801050.SI,有色金属,801051.SI,金属新材料,金属新材料,L,20110127,5719,15.66,19.85,-3.123,18.0,False,True,True,0,0,0,0,True,
601138.SH,601138,601138,工业富联,主板,沪市,主板,801080.SI,电子,801085.SI,消费电子,消费电子,L,20180608,3030,8.3,61.0,-3.144,20.988,False,True,True,0,0,0,0,True,
601139.SH,601139,601139,深圳燃气,主板,沪市,主板,801160.SI,公用事业,801163.SI,燃气Ⅱ,燃气Ⅱ,L,20091225,6117,16.75,6.19,-0.642,10.938,False,True,True,0,0,0,0,True,
601155.SH,601155,601155,新城控股,主板,沪市,主板,801180.SI,房地产,801181.SI,房地产开发,房地产开发,L,20151204,3947,10.81,12.56,-3.012,30.0,False,True,True,0,0,0,0,True,
601156.SH,601156,601156,东航物流,主板,沪市,主板,801170.SI,交通运输,801178.SI,物流,物流,L,20210609,1933,5.29,18.21,-1.033,16.949,False,True,True,0,0,0,0,True,
601158.SH,601158,601158,重庆水务,主板,沪市,主板,801970.SI,环保,801971.SI,环境治理,环境治理,L,20100329,6023,16.49,3.98,-0.251,18.182,False,True,True,0,0,0,0,True,
601162.SH,601162,601162,天风证券,主板,沪市,主板,801790.SI,非银金融,801193.SI,证券Ⅱ,证券Ⅱ,L,20181019,2897,7.93,3.6,-1.907,5.405,False,True,True,0,0,0,0,True,
601163.SH,601163,601163,三角轮胎,主板,沪市,主板,801880.SI,汽车,801093.SI,汽车零部件,汽车零部件,L,20160909,3667,10.04,12.21,-0.812,15.909,False,True,True,0,0,0,0,True,
601166.SH,601166,601166,兴业银行,主板,沪市,主板,801780.SI,银行,801783.SI,股份制银行Ⅱ,股份制银行Ⅱ,L,20070205,7171,19.63,17.88,0.056,11.111,False,True,True,0,0,0,0,True,
601168.SH,601168,601168,西部矿业,主板,沪市,主板,801050.SI,有色金属,801055.SI,工业金属,工业金属,L,20070712,7014,19.2,35.19,-4.401,12.903,False,True,True,0,0,0,0,True,
601169.SH,601169,601169,北京银行,主板,沪市,主板,801780.SI,银行,801784.SI,城商行Ⅱ,城商行Ⅱ,L,20070919,6945,19.01,5.49,0.366,13.725,False,True,True,0,0,0,0,True,
601177.SH,601177,601177,杭齿前进,主板,沪市,主板,801890.SI,机械设备,801072.SI,通用设备,通用设备,L,20101011,5827,15.95,13.72,-0.073,9.489,False,True,True,0,0,0,0,True,
601179.SH,601179,601179,中国西电,主板,沪市,主板,801730.SI,电力设备,801738.SI,电网设备,电网设备,L,20100128,6083,16.65,11.75,-2.083,14.729,False,True,True,0,0,0,0,True,
601186.SH,601186,601186,中国铁建,主板,沪市,主板,801720.SI,建筑装饰,801723.SI,基础建设,基础建设,L,20080310,6772,18.54,5.98,-0.829,25.0,False,True,True,0,0,0,0,True,
601187.SH,601187,601187,厦门银行,主板,沪市,主板,801780.SI,银行,801784.SI,城商行Ⅱ,城商行Ⅱ,L,20201027,2158,5.91,6.92,-0.144,8.219,False,True,True,0,0,0,0,True,
601188.SH,601188,601188,龙江交通,主板,沪市,主板,801170.SI,交通运输,801179.SI,铁路公路,铁路公路,L,20100319,6033,16.52,2.85,0.352,13.793,False,True,True,0,0,0,0,True,
601198.SH,601198,601198,东兴证券,主板,沪市,主板,801790.SI,非银金融,801193.SI,证券Ⅱ,证券Ⅱ,L,20150226,4228,11.58,,,,False,True,False,8,8,8,8,False,近60日停牌、无最新行情
601199.SH,601199,601199,江南水务,主板,沪市,主板,801970.SI,环保,801971.SI,环境治理,环境治理,L,20110317,5670,15.52,6.61,0.0,15.873,False,True,True,0,0,0,0,True,
601200.SH,601200,601200,上海环境,主板,沪市,主板,801970.SI,环保,801971.SI,环境治理,环境治理,L,20170331,3464,9.48,6.74,-1.173,21.127,False,True,True,0,0,0,0,True,
601208.SH,601208,601208,东材科技,主板,沪市,主板,801030.SI,基础化工,801036.SI,塑料,塑料,L,20110520,5606,15.35,56.44,2.618,13.636,False,True,True,0,0,0,0,True,
601211.SH,601211,601211,国泰海通,主板,沪市,主板,801790.SI,非银金融,801193.SI,证券Ⅱ,证券Ⅱ,L,20150626,4108,11.25,17.21,-2.603,16.949,False,True,True,0,0,0,0,True,
601212.SH,601212,601212,白银有色,主板,沪市,主板,801050.SI,有色金属,801055.SI,工业金属,工业金属,L,20170215,3508,9.6,5.79,-4.139,17.188,False,True,True,0,0,0,0,True,
601216.SH,601216,601216,君正集团,主板,沪市,主板,801030.SI,基础化工,801033.SI,化学原料,化学原料,L,20110222,5693,15.59,4.47,-0.887,14.894,False,True,True,0,0,0,0,True,
601218.SH,601218,601218,吉鑫科技,主板,沪市,主板,801730.SI,电力设备,801736.SI,风电设备,风电设备,L,20110506,5620,15.39,5.5,10.0,7.547,False,True,True,0,0,0,0,True,
601222.SH,601222,601222,林洋能源,主板,沪市,主板,801160.SI,公用事业,801161.SI,电力,电力,L,20110808,5526,15.13,5.88,-1.508,11.864,False,True,True,0,0,0,0,True,
601225.SH,601225,601225,陕西煤业,主板,沪市,主板,801950.SI,煤炭,801951.SI,煤炭开采,煤炭开采,L,20140128,4622,12.65,25.83,0.584,22.093,False,True,True,0,0,0,0,True,
601226.SH,601226,601226,华电科工,主板,沪市,主板,801720.SI,建筑装饰,801724.SI,专业工程,专业工程,L,20141211,4305,11.79,6.53,-2.245,34.375,False,True,True,0,0,0,0,True,
601228.SH,601228,601228,广州港,主板,沪市,主板,801170.SI,交通运输,801992.SI,航运港口,航运港口,L,20170329,3466,9.49,3.03,0.0,12.5,False,True,True,0,0,0,0,True,
601229.SH,601229,601229,上海银行,主板,沪市,主板,801780.SI,银行,801784.SI,城商行Ⅱ,城商行Ⅱ,L,20161116,3599,9.85,9.51,0.422,12.903,False,True,True,0,0,0,0,True,
601231.SH,601231,601231,环旭电子,主板,沪市,主板,801080.SI,电子,801085.SI,消费电子,消费电子,L,20120220,5330,14.59,25.45,-5.531,37.037,False,True,True,0,0,0,0,True,
601233.SH,601233,601233,桐昆股份,主板,沪市,主板,801960.SI,石油石化,801963.SI,炼化及贸易,炼化及贸易,L,20110518,5608,15.35,23.26,-3.405,18.987,False,True,True,0,0,0,0,True,
601236.SH,601236,601236,红塔证券,主板,沪市,主板,801790.SI,非银金融,801193.SI,证券Ⅱ,证券Ⅱ,L,20190705,2638,7.22,6.89,-1.712,25.0,False,True,True,0,0,0,0,True,
601238.SH,601238,601238,广汽集团,主板,沪市,主板,801880.SI,汽车,801095.SI,乘用车,乘用车,L,20120329,5292,14.49,,,,False,True,False,9,9,9,9,False,近60日停牌、无最新行情
601279.SH,601279,601279,英利汽车,主板,沪市,主板,801880.SI,汽车,801093.SI,汽车零部件,汽车零部件,L,20210415,1988,5.44,3.51,0.286,32.353,False,True,True,0,0,0,0,True,
601288.SH,601288,601288,农业银行,主板,沪市,主板,801780.SI,银行,801782.SI,国有大型银行Ⅱ,国有大型银行Ⅱ,L,20100715,5915,16.19,6.87,0.586,25.0,False,True,True,0,0,0,0,True,
601298.SH,601298,601298,青岛港,主板,沪市,主板,801170.SI,交通运输,801992.SI,航运港口,航运港口,L,20190121,2803,7.67,9.75,0.619,15.294,False,True,True,0,0,0,0,True,
601311.SH,601311,601311,骆驼股份,主板,沪市,主板,801730.SI,电力设备,801737.SI,电池,电池,L,20110602,5593,15.31,7.3,-1.75,17.949,False,True,True,0,0,0,0,True,
601318.SH,601318,601318,中国平安,主板,沪市,主板,801790.SI,非银金融,801194.SI,保险Ⅱ,保险Ⅱ,L,20070301,7147,19.57,53.25,-1.151,14.474,False,True,True,0,0,0,0,True,
601319.SH,601319,601319,中国人保,主板,沪市,主板,801790.SI,非银金融,801194.SI,保险Ⅱ,保险Ⅱ,L,20181116,2869,7.85,8.07,0.0,38.889,False,True,True,0,0,0,0,True,
601326.SH,601326,601326,秦港股份,主板,沪市,主板,801170.SI,交通运输,801992.SI,航运港口,航运港口,L,20170816,3326,9.11,3.47,-0.857,11.765,False,True,True,0,0,0,0,True,
601328.SH,601328,601328,交通银行,主板,沪市,主板,801780.SI,银行,801782.SI,国有大型银行Ⅱ,国有大型银行Ⅱ,L,20070515,7072,19.36,7.56,0.532,13.043,False,True,True,0,0,0,0,True,
601330.SH,601330,601330,绿色动力,主板,沪市,主板,801970.SI,环保,801971.SI,环境治理,环境治理,L,20180611,3027,8.29,8.03,0.375,15.0,False,True,True,0,0,0,0,True,
601333.SH,601333,601333,广深铁路,主板,沪市,主板,801170.SI,交通运输,801179.SI,铁路公路,铁路公路,L,20061222,7216,19.76,3.06,0.328,6.667,False,True,True,0,0,0,0,True,
601336.SH,601336,601336,新华保险,主板,沪市,主板,801790.SI,非银金融,801194.SI,保险Ⅱ,保险Ⅱ,L,20111216,5396,14.77,57.58,-0.518,8.14,False,True,True,0,0,0,0,True,
601339.SH,601339,601339,百隆东方,主板,沪市,主板,801130.SI,纺织服饰,801131.SI,纺织制造,纺织制造,L,20120612,5217,14.28,7.47,3.75,14.865,False,True,True,0,0,0,0,True,
601360.SH,601360,601360,三六零,主板,沪市,主板,801750.SI,计算机,801104.SI,软件开发,软件开发,L,20120116,5365,14.69,8.95,-0.886,13.333,False,True,True,0,0,0,0,True,
601366.SH,601366,601366,利群股份,主板,沪市,主板,801200.SI,商贸零售,801203.SI,一般零售,一般零售,L,20170412,3452,9.45,3.58,0.28,11.111,False,True,True,0,0,0,0,True,
601368.SH,601368,601368,绿城水务,主板,沪市,主板,801970.SI,环保,801971.SI,环境治理,环境治理,L,20150612,4122,11.29,4.55,0.887,15.556,False,True,True,0,0,0,0,True,
601369.SH,601369,601369,陕鼓动力,主板,沪市,主板,801890.SI,机械设备,801074.SI,专用设备,专用设备,L,20100428,5993,16.41,8.82,-1.452,12.222,False,True,True,0,0,7,11,False,近60日停牌
601375.SH,601375,601375,中原证券,主板,沪市,主板,801790.SI,非银金融,801193.SI,证券Ⅱ,证券Ⅱ,L,20170103,3551,9.72,3.95,-1.25,7.317,False,True,True,0,0,0,0,True,
601377.SH,601377,601377,兴业证券,主板,沪市,主板,801790.SI,非银金融,801193.SI,证券Ⅱ,证券Ⅱ,L,20101013,5825,15.95,5.87,-0.845,5.085,False,True,True,0,0,0,0,True,
601388.SH,601388,601388,怡球资源,主板,沪市,主板,801050.SI,有色金属,801055.SI,工业金属,工业金属,L,20120423,5267,14.42,3.15,-1.254,12.121,False,True,True,0,0,0,0,True,
601390.SH,601390,601390,中国中铁,主板,沪市,主板,801720.SI,建筑装饰,801723.SI,基础建设,基础建设,L,20071203,6870,18.81,4.25,-0.932,31.111,False,True,True,0,0,0,0,True,
601398.SH,601398,601398,工商银行,主板,沪市,主板,801780.SI,银行,801782.SI,国有大型银行Ⅱ,国有大型银行Ⅱ,L,20061027,7272,19.91,8.13,0.494,20.0,False,True,True,0,0,0,0,True,
601399.SH,601399,601399,国机重装,主板,沪市,主板,801890.SI,机械设备,801074.SI,专用设备,专用设备,L,20200608,2299,6.29,3.07,-0.647,28.125,False,True,True,0,0,0,0,True,
601456.SH,601456,601456,国联民生,主板,沪市,主板,801790.SI,非银金融,801193.SI,证券Ⅱ,证券Ⅱ,L,20200731,2246,6.15,8.53,-1.387,12.088,False,True,True,0,0,0,0,True,
601500.SH,601500,601500,通用股份,主板,沪市,主板,801880.SI,汽车,801093.SI,汽车零部件,汽车零部件,L,20160919,3657,10.01,3.87,-1.023,15.0,False,True,True,0,0,0,0,True,
601512.SH,601512,601512,中新集团,主板,沪市,主板,801180.SI,房地产,801181.SI,房地产开发,房地产开发,L,20191220,2470,6.76,8.34,-1.767,25.287,False,True,True,0,0,0,0,True,
601515.SH,601515,601515,衢州东峰,主板,沪市,主板,801140.SI,轻工制造,801141.SI,包装印刷,包装印刷,L,20120216,5334,14.6,3.21,-0.926,35.294,False,True,True,0,0,0,0,True,
601518.SH,601518,601518,吉林高速,主板,沪市,主板,801170.SI,交通运输,801179.SI,铁路公路,铁路公路,L,20100319,6033,16.52,2.76,0.0,7.143,False,True,True,0,0,0,0,True,
601519.SH,601519,601519,大智慧,主板,沪市,主板,801750.SI,计算机,801104.SI,软件开发,软件开发,L,20110128,5718,15.66,8.52,-4.27,14.286,False,True,True,0,0,0,0,True,
601528.SH,601528,601528,瑞丰银行,主板,沪市,主板,801780.SI,银行,801785.SI,农商行Ⅱ,农商行Ⅱ,L,20210625,1917,5.25,4.97,-0.6,8.163,False,True,True,0,0,0,0,True,
601555.SH,601555,601555,东吴证券,主板,沪市,主板,801790.SI,非银金融,801193.SI,证券Ⅱ,证券Ⅱ,L,20111212,5400,14.78,8.17,-1.09,10.0,False,True,True,0,0,0,0,True,
601566.SH,601566,601566,九牧王,主板,沪市,主板,801130.SI,纺织服饰,801132.SI,服装家纺,服装家纺,L,20110530,5596,15.32,9.67,6.851,19.149,False,True,True,0,0,0,0,True,
601567.SH,601567,601567,三星电气,主板,沪市,主板,801730.SI,电力设备,801738.SI,电网设备,电网设备,L,20110615,5580,15.28,16.25,10.02,18.75,False,True,True,0,0,0,0,True,
601568.SH,601568,601568,北元化工,主板,沪市,主板,801030.SI,基础化工,801033.SI,化学原料,化学原料,L,20201020,2165,5.93,3.59,-0.278,15.789,False,True,True,0,0,0,0,True,
601577.SH,601577,601577,长沙银行,主板,沪市,主板,801780.SI,银行,801784.SI,城商行Ⅱ,城商行Ⅱ,L,20180926,2920,7.99,9.67,-0.206,9.574,False,True,True,0,0,0,0,True,
601579.SH,601579,601579,会稽山,主板,沪市,主板,801120.SI,食品饮料,801126.SI,非白酒,非白酒,L,20140825,4413,12.08,38.04,3.51,14.286,False,True,True,0,0,0,0,True,
601588.SH,601588,601588,北辰实业,主板,沪市,主板,801180.SI,房地产,801181.SI,房地产开发,房地产开发,L,20061016,7283,19.94,1.75,-2.235,11.765,False,True,True,0,0,0,0,True,
601595.SH,601595,601595,上海电影,主板,沪市,主板,801760.SI,传媒,801766.SI,影视院线,影视院线,L,20160817,3690,10.1,22.96,-2.422,24.0,False,True,True,0,0,0,0,True,
601598.SH,601598,601598,中国外运,主板,沪市,主板,801170.SI,交通运输,801178.SI,物流,物流,L,20190118,2806,7.68,6.68,3.086,18.333,False,True,True,0,0,0,0,True,
601599.SH,601599,601599,浙文影业,主板,沪市,主板,801130.SI,纺织服饰,801131.SI,纺织制造,纺织制造,L,20110527,5599,15.33,3.23,0.623,9.375,False,True,True,0,0,0,0,True,
601600.SH,601600,601600,中国铝业,主板,沪市,主板,801050.SI,有色金属,801055.SI,工业金属,工业金属,L,20070430,7087,19.4,8.88,-2.632,10.526,False,True,True,0,0,0,0,True,
601601.SH,601601,601601,中国太保,主板,沪市,主板,801790.SI,非银金融,801194.SI,保险Ⅱ,保险Ⅱ,L,20071225,6848,18.75,30.88,-2.309,21.519,False,True,True,0,0,0,0,True,
601606.SH,601606,601606,长城军工,主板,沪市,主板,801740.SI,国防军工,801743.SI,地面兵装Ⅱ,地面兵装Ⅱ,L,20180806,2971,8.13,31.9,-0.53,9.524,False,True,True,0,0,0,0,True,
601607.SH,601607,601607,上海医药,主板,沪市,主板,801150.SI,医药生物,801154.SI,医药商业,医药商业,L,19940324,11872,32.5,16.02,-0.249,10.843,False,True,True,0,0,0,0,True,
601608.SH,601608,601608,中信重工,主板,沪市,主板,801890.SI,机械设备,801074.SI,专用设备,专用设备,L,20120706,5193,14.22,4.6,0.0,29.167,False,True,True,0,0,0,0,True,
601609.SH,601609,601609,金田股份,主板,沪市,主板,801050.SI,有色金属,801055.SI,工业金属,工业金属,L,20200422,2346,6.42,11.86,-7.271,10.687,False,True,True,0,0,0,0,True,
601611.SH,601611,601611,中国核建,主板,沪市,主板,801720.SI,建筑装饰,801723.SI,基础建设,基础建设,L,20160606,3762,10.3,10.15,-1.072,18.018,False,True,True,0,0,0,0,True,
601615.SH,601615,601615,明阳智能,主板,沪市,主板,801730.SI,电力设备,801736.SI,风电设备,风电设备,L,20190123,2801,7.67,9.65,-0.72,21.212,False,True,True,0,0,0,0,True,
601616.SH,601616,601616,广电电气,主板,沪市,主板,801730.SI,电力设备,801738.SI,电网设备,电网设备,L,20110201,5714,15.64,3.77,0.266,7.895,False,True,True,0,0,0,0,True,
601618.SH,601618,601618,中国中冶,主板,沪市,主板,801720.SI,建筑装饰,801724.SI,专业工程,专业工程,L,20090921,6212,17.01,2.49,-2.353,22.222,False,True,True,0,0,0,0,True,
601619.SH,601619,601619,嘉泽新能,主板,沪市,主板,801160.SI,公用事业,801161.SI,电力,电力,L,20170720,3353,9.18,3.91,-2.494,19.048,False,True,True,0,0,0,0,True,
601628.SH,601628,601628,中国人寿,主板,沪市,主板,801790.SI,非银金融,801194.SI,保险Ⅱ,保险Ⅱ,L,20070109,7198,19.71,37.43,-3.031,64.286,False,True,True,0,0,0,0,True,
601633.SH,601633,601633,长城汽车,主板,沪市,主板,801880.SI,汽车,801095.SI,乘用车,乘用车,L,20110928,5475,14.99,13.91,-1.417,60.606,False,True,True,0,0,0,0,True,
601636.SH,601636,601636,旗滨集团,主板,沪市,主板,801710.SI,建筑材料,801712.SI,玻璃玻纤,玻璃玻纤,L,20110812,5522,15.12,5.45,-4.553,6.897,False,True,True,0,0,0,0,True,
601658.SH,601658,601658,邮储银行,主板,沪市,主板,801780.SI,银行,801782.SI,国有大型银行Ⅱ,国有大型银行Ⅱ,L,20191210,2480,6.79,5.33,0.188,15.686,False,True,True,0,0,0,0,True,
601665.SH,601665,601665,齐鲁银行,主板,沪市,主板,801780.SI,银行,801784.SI,城商行Ⅱ,城商行Ⅱ,L,20210618,1924,5.27,6.97,1.308,15.942,False,True,True,0,0,0,0,True,
601666.SH,601666,601666,平煤股份,主板,沪市,主板,801950.SI,煤炭,801951.SI,煤炭开采,煤炭开采,L,20061123,7245,19.84,8.83,0.0,19.78,False,True,True,0,0,0,0,True,
601668.SH,601668,601668,中国建筑,主板,沪市,主板,801720.SI,建筑装饰,801721.SI,房屋建设Ⅱ,房屋建设Ⅱ,L,20090729,6266,17.16,4.26,-0.467,11.111,False,True,True,0,0,0,0,True,
601669.SH,601669,601669,中国电建,主板,沪市,主板,801720.SI,建筑装饰,801723.SI,基础建设,基础建设,L,20111018,5455,14.93,4.54,-1.089,20.833,False,True,True,0,0,0,0,True,
601677.SH,601677,601677,明泰铝业,主板,沪市,主板,801050.SI,有色金属,801055.SI,工业金属,工业金属,L,20110919,5484,15.01,16.14,-3.642,5.455,False,True,True,0,0,0,0,True,
601678.SH,601678,601678,滨化股份,主板,沪市,主板,801030.SI,基础化工,801033.SI,化学原料,化学原料,L,20100223,6057,16.58,5.76,-3.356,11.667,False,True,True,0,0,0,0,True,
601686.SH,601686,601686,友发集团,主板,沪市,主板,801040.SI,钢铁,801044.SI,普钢,普钢,L,20201204,2120,5.8,5.02,0.0,22.222,False,True,True,0,0,0,0,True,
601688.SH,601688,601688,华泰证券,主板,沪市,主板,801790.SI,非银金融,801193.SI,证券Ⅱ,证券Ⅱ,L,20100226,6054,16.57,18.16,-1.035,10.417,False,True,True,0,0,0,0,True,
601689.SH,601689,601689,拓普集团,主板,沪市,主板,801880.SI,汽车,801093.SI,汽车零部件,汽车零部件,L,20150319,4207,11.52,46.44,1.198,27.119,False,True,True,0,0,0,0,True,
601696.SH,601696,601696,中银证券,主板,沪市,主板,801790.SI,非银金融,801193.SI,证券Ⅱ,证券Ⅱ,L,20200226,2402,6.58,11.18,-0.886,10.256,False,True,True,0,0,0,0,True,
601698.SH,601698,601698,中国卫通,主板,沪市,主板,801740.SI,国防军工,801741.SI,航天装备Ⅱ,航天装备Ⅱ,L,20190628,2645,7.24,23.56,-0.042,41.379,False,True,True,0,0,0,0,True,
601699.SH,601699,601699,潞安环能,主板,沪市,主板,801950.SI,煤炭,801951.SI,煤炭开采,煤炭开采,L,20060922,7307,20.01,15.35,-0.195,15.0,False,True,True,0,0,0,0,True,
601700.SH,601700,601700,风范股份,主板,沪市,主板,801730.SI,电力设备,801738.SI,电网设备,电网设备,L,20110118,5728,15.68,6.25,-0.951,12.5,False,True,True,0,0,0,0,True,
601702.SH,601702,601702,华峰铝业,主板,沪市,主板,801050.SI,有色金属,801055.SI,工业金属,工业金属,L,20200907,2208,6.05,15.05,-1.505,29.114,False,True,True,0,0,0,0,True,
601717.SH,601717,601717,中创智领,主板,沪市,主板,801890.SI,机械设备,801074.SI,专用设备,专用设备,L,20100803,5896,16.14,13.4,-1.253,18.667,False,True,True,0,0,0,0,True,
601718.SH,601718,601718,ST际华,主板,沪市,主板,801130.SI,纺织服饰,801132.SI,服装家纺,服装家纺,L,20100816,5883,16.11,1.92,-1.538,33.333,True,True,True,0,0,0,0,False,ST
601727.SH,601727,601727,上海电气,主板,沪市,主板,801730.SI,电力设备,801733.SI,其他电源设备Ⅱ,其他电源设备Ⅱ,L,20081205,6502,17.8,6.56,-1.353,31.429,False,True,True,0,0,0,0,True,
601728.SH,601728,601728,中国电信,主板,沪市,主板,801770.SI,通信,801223.SI,通信服务,通信服务,L,20210820,1861,5.1,6.16,0.984,27.419,False,True,True,0,0,0,0,True,
601766.SH,601766,601766,中国中车,主板,沪市,主板,801890.SI,机械设备,801076.SI,轨交设备Ⅱ,轨交设备Ⅱ,L,20080818,6611,18.1,5.97,0.845,15.0,False,True,True,0,0,0,0,True,
601777.SH,601777,601777,千里科技,主板,沪市,主板,801880.SI,汽车,801881.SI,摩托车及其他,摩托车及其他,L,20101125,5782,15.83,8.28,7.393,41.86,False,True,True,0,0,0,0,True,
601778.SH,601778,601778,晶科科技,主板,沪市,主板,801160.SI,公用事业,801161.SI,电力,电力,L,20200519,2319,6.35,3.42,-0.291,8.333,False,True,True,0,0,0,0,True,
601788.SH,601788,601788,光大证券,主板,沪市,主板,801790.SI,非银金融,801193.SI,证券Ⅱ,证券Ⅱ,L,20090818,6246,17.1,13.77,-1.361,12.5,False,True,True,0,0,0,0,True,
601789.SH,601789,601789,宁波建工,主板,沪市,主板,801720.SI,建筑装饰,801721.SI,房屋建设Ⅱ,房屋建设Ⅱ,L,20110816,5518,15.11,4.19,-3.899,6.977,False,True,True,0,0,0,0,True,
601798.SH,601798,601798,蓝科高新,主板,沪市,主板,801890.SI,机械设备,801074.SI,专用设备,专用设备,L,20110622,5573,15.26,7.59,0.53,7.895,False,True,True,0,0,0,0,True,
601799.SH,601799,601799,星宇股份,主板,沪市,主板,801880.SI,汽车,801093.SI,汽车零部件,汽车零部件,L,20110201,5714,15.64,70.71,-0.141,44.0,False,True,True,0,0,0,0,True,
601800.SH,601800,601800,中国交建,主板,沪市,主板,801720.SI,建筑装饰,801723.SI,基础建设,基础建设,L,20120309,5312,14.54,5.8,-1.024,44.928,False,True,True,0,0,0,0,True,
601801.SH,601801,601801,皖新传媒,主板,沪市,主板,801760.SI,传媒,801769.SI,出版,出版,L,20100118,6093,16.68,5.53,1.282,21.818,False,True,True,0,0,0,0,True,
601808.SH,601808,601808,中海油服,主板,沪市,主板,801960.SI,石油石化,801962.SI,油服工程,油服工程,L,20070928,6936,18.99,12.12,0.0,32.258,False,True,True,0,0,0,0,True,
601811.SH,601811,601811,新华文轩,主板,沪市,主板,801760.SI,传媒,801769.SI,出版,出版,L,20160808,3699,10.13,20.35,10.0,26.316,False,True,True,0,0,0,0,True,
601816.SH,601816,601816,京沪高铁,主板,沪市,主板,801170.SI,交通运输,801179.SI,铁路公路,铁路公路,L,20200116,2443,6.69,4.69,-0.425,10.204,False,True,True,0,0,0,0,True,
601818.SH,601818,601818,光大银行,主板,沪市,主板,801780.SI,银行,801783.SI,股份制银行Ⅱ,股份制银行Ⅱ,L,20100818,5881,16.1,3.0,0.0,9.677,False,True,True,0,0,0,0,True,
601825.SH,601825,601825,沪农商行,主板,沪市,主板,801780.SI,银行,801785.SI,农商行Ⅱ,农商行Ⅱ,L,20210819,1862,5.1,8.7,0.811,18.293,False,True,True,0,0,0,0,True,
601827.SH,601827,601827,三峰环境,主板,沪市,主板,801970.SI,环保,801971.SI,环境治理,环境治理,L,20200605,2302,6.3,7.81,-0.636,9.877,False,True,True,0,0,0,0,True,
601828.SH,601828,601828,美凯龙,主板,沪市,主板,801200.SI,商贸零售,801203.SI,一般零售,一般零售,L,20180117,3172,8.68,2.16,-1.37,18.182,False,True,True,0,0,0,0,True,
601838.SH,601838,601838,成都银行,主板,沪市,主板,801780.SI,银行,801784.SI,城商行Ⅱ,城商行Ⅱ,L,20180131,3158,8.65,19.04,1.008,7.216,False,True,True,0,0,0,0,True,
601857.SH,601857,601857,中国石油,主板,沪市,主板,801960.SI,石油石化,801963.SI,炼化及贸易,炼化及贸易,L,20071105,6898,18.89,10.95,2.241,78.049,False,True,True,0,0,0,0,True,
601858.SH,601858,601858,中国科传,主板,沪市,主板,801760.SI,传媒,801769.SI,出版,出版,L,20170118,3536,9.68,20.9,-2.154,25.926,False,True,True,0,0,0,0,True,
601860.SH,601860,601860,紫金银行,主板,沪市,主板,801780.SI,银行,801785.SI,农商行Ⅱ,农商行Ⅱ,L,20190103,2821,7.72,2.53,-0.784,3.846,False,True,True,0,0,0,0,True,
601865.SH,601865,601865,福莱特,主板,沪市,主板,801730.SI,电力设备,801735.SI,光伏设备,光伏设备,L,20190215,2778,7.61,9.27,-1.173,35.294,False,True,True,0,0,0,0,True,
601866.SH,601866,601866,中远海发,主板,沪市,主板,801170.SI,交通运输,801992.SI,航运港口,航运港口,L,20071212,6861,18.78,2.42,0.0,16.667,False,True,True,0,0,0,0,True,
601868.SH,601868,601868,中国能建,主板,沪市,主板,801720.SI,建筑装饰,801723.SI,基础建设,基础建设,L,20210928,1822,4.99,2.4,-0.415,20.0,False,True,True,0,0,0,0,True,
601869.SH,601869,601869,长飞光纤,主板,沪市,主板,801770.SI,通信,801102.SI,通信设备,通信设备,L,20180720,2988,8.18,438.0,-4.344,21.429,False,True,True,0,0,0,0,True,
601872.SH,601872,601872,招商轮船,主板,沪市,主板,801170.SI,交通运输,801992.SI,航运港口,航运港口,L,20061201,7237,19.81,20.93,0.722,26.471,False,True,True,0,0,0,0,True,
601877.SH,601877,601877,正泰电器,主板,沪市,主板,801730.SI,电力设备,801738.SI,电网设备,电网设备,L,20100121,6090,16.67,24.9,-1.112,27.451,False,True,True,0,0,0,0,True,
601878.SH,601878,601878,浙商证券,主板,沪市,主板,801790.SI,非银金融,801193.SI,证券Ⅱ,证券Ⅱ,L,20170626,3377,9.25,9.02,-1.313,15.789,False,True,True,0,0,0,0,True,
601880.SH,601880,601880,辽港股份,主板,沪市,主板,801170.SI,交通运输,801992.SI,航运港口,航运港口,L,20101206,5771,15.8,1.45,-0.685,13.333,False,True,True,0,0,0,0,True,
601881.SH,601881,601881,中国银河,主板,沪市,主板,801790.SI,非银金融,801193.SI,证券Ⅱ,证券Ⅱ,L,20170123,3531,9.67,11.86,-1.902,26.984,False,True,True,0,0,0,0,True,
601882.SH,601882,601882,海天精工,主板,沪市,主板,801890.SI,机械设备,801072.SI,通用设备,通用设备,L,20161107,3608,9.88,23.23,-2.925,16.667,False,True,True,0,0,0,0,True,
601886.SH,601886,601886,江河集团,主板,沪市,主板,801720.SI,建筑装饰,801722.SI,装修装饰Ⅱ,装修装饰Ⅱ,L,20110818,5516,15.1,13.1,-3.959,37.5,False,True,True,0,0,0,0,True,
601888.SH,601888,601888,中国中免,主板,沪市,主板,801200.SI,商贸零售,801207.SI,旅游零售Ⅱ,旅游零售Ⅱ,L,20091015,6188,16.94,51.46,-1.399,7.143,False,True,True,0,0,0,0,True,
601890.SH,601890,601890,亚星锚链,主板,沪市,主板,801740.SI,国防军工,801744.SI,航海装备Ⅱ,航海装备Ⅱ,L,20101228,5749,15.74,9.39,0.535,6.186,False,True,True,0,0,0,0,True,
601898.SH,601898,601898,中煤能源,主板,沪市,主板,801950.SI,煤炭,801951.SI,煤炭开采,煤炭开采,L,20080201,6810,18.64,14.01,0.647,34.483,False,True,True,0,0,0,0,True,
601899.SH,601899,601899,紫金矿业,主板,沪市,主板,801050.SI,有色金属,801055.SI,工业金属,工业金属,L,20080425,6726,18.41,30.01,-4.457,18.75,False,True,True,0,0,0,0,True,
601900.SH,601900,601900,南方传媒,主板,沪市,主板,801760.SI,传媒,801769.SI,出版,出版,L,20160215,3874,10.61,12.49,-0.636,11.475,False,True,True,0,0,0,0,True,
601901.SH,601901,601901,方正证券,主板,沪市,主板,801790.SI,非银金融,801193.SI,证券Ⅱ,证券Ⅱ,L,20110810,5524,15.12,6.74,-1.892,8.571,False,True,True,0,0,0,0,True,
601908.SH,601908,601908,京运通,主板,沪市,主板,801160.SI,公用事业,801161.SI,电力,电力,L,20110908,5495,15.04,2.89,-1.701,10.0,False,True,True,0,0,0,0,True,
601916.SH,601916,601916,浙商银行,主板,沪市,主板,801780.SI,银行,801783.SI,股份制银行Ⅱ,股份制银行Ⅱ,L,20191126,2494,6.83,2.84,-0.699,3.448,False,True,True,0,0,0,0,True,
601918.SH,601918,601918,新集能源,主板,沪市,主板,801950.SI,煤炭,801951.SI,煤炭开采,煤炭开采,L,20071219,6854,18.77,11.15,2.576,13.592,False,True,True,0,0,0,0,True,
601919.SH,601919,601919,中远海控,主板,沪市,主板,801170.SI,交通运输,801992.SI,航运港口,航运港口,L,20070626,7030,19.25,16.3,-0.367,20.0,False,True,True,0,0,0,0,True,
601921.SH,601921,601921,浙版传媒,主板,沪市,主板,801760.SI,传媒,801769.SI,出版,出版,L,20210723,1889,5.17,7.54,-1.309,10.811,False,True,True,0,0,0,0,True,
601928.SH,601928,601928,凤凰传媒,主板,沪市,主板,801760.SI,传媒,801769.SI,出版,出版,L,20111130,5412,14.82,8.26,-0.241,16.484,False,True,True,0,0,0,0,True,
601929.SH,601929,601929,吉视传媒,主板,沪市,主板,801760.SI,传媒,801995.SI,电视广播Ⅱ,电视广播Ⅱ,L,20120223,5327,14.58,2.37,-1.25,12.0,False,True,True,0,0,0,0,True,
601933.SH,601933,601933,永辉超市,主板,沪市,主板,801200.SI,商贸零售,801203.SI,一般零售,一般零售,L,20101215,5762,15.78,3.0,-0.332,9.375,False,True,True,0,0,0,0,True,
601939.SH,601939,601939,建设银行,主板,沪市,主板,801780.SI,银行,801782.SI,国有大型银行Ⅱ,国有大型银行Ⅱ,L,20070925,6939,19.0,10.98,1.385,11.111,False,True,True,0,0,0,0,True,
601949.SH,601949,601949,中国出版,主板,沪市,主板,801760.SI,传媒,801769.SI,出版,出版,L,20170821,3321,9.09,5.71,-6.699,13.115,False,True,True,0,0,0,0,True,
601952.SH,601952,601952,苏垦农发,主板,沪市,主板,801010.SI,农林牧渔,801016.SI,种植业,种植业,L,20170515,3419,9.36,9.11,-2.671,13.83,False,True,True,0,0,0,0,True,
601956.SH,601956,601956,东贝集团,主板,沪市,主板,801110.SI,家用电器,801116.SI,家电零部件Ⅱ,家电零部件Ⅱ,L,20201225,2099,5.75,5.14,3.838,18.367,False,True,True,0,0,0,0,True,
601958.SH,601958,601958,金钼股份,主板,沪市,主板,801050.SI,有色金属,801054.SI,小金属,小金属,L,20080417,6734,18.44,19.7,-4.831,18.919,False,True,True,0,0,0,0,True,
601963.SH,601963,601963,重庆银行,主板,沪市,主板,801780.SI,银行,801784.SI,城商行Ⅱ,城商行Ⅱ,L,20210205,2057,5.63,11.03,2.035,12.727,False,True,True,0,0,0,0,True,
601965.SH,601965,601965,中国汽研,主板,沪市,主板,801880.SI,汽车,801092.SI,汽车服务,汽车服务,L,20120611,5218,14.29,13.04,-1.659,27.143,False,True,True,0,0,0,0,True,
601966.SH,601966,601966,玲珑轮胎,主板,沪市,主板,801880.SI,汽车,801093.SI,汽车零部件,汽车零部件,L,20160706,3732,10.22,10.41,-1.327,35.714,False,True,True,0,0,0,0,True,
601968.SH,601968,601968,宝钢包装,主板,沪市,主板,801140.SI,轻工制造,801141.SI,包装印刷,包装印刷,L,20150611,4123,11.29,4.51,0.895,22.727,False,True,True,0,0,0,0,True,
601969.SH,601969,601969,海南矿业,主板,沪市,主板,801040.SI,钢铁,801043.SI,冶钢原料,冶钢原料,L,20141209,4307,11.79,8.94,-1.866,25.532,False,True,True,0,0,0,0,True,
601975.SH,601975,601975,招商南油,主板,沪市,主板,801170.SI,交通运输,801992.SI,航运港口,航运港口,L,20190108,2816,7.71,4.47,1.131,13.333,False,True,True,0,0,0,0,True,
601985.SH,601985,601985,中国核电,主板,沪市,主板,801160.SI,公用事业,801161.SI,电力,电力,L,20150610,4124,11.29,8.9,0.565,5.618,False,True,True,0,0,0,0,True,
601988.SH,601988,601988,中国银行,主板,沪市,主板,801780.SI,银行,801782.SI,国有大型银行Ⅱ,国有大型银行Ⅱ,L,20060705,7386,20.22,6.62,0.608,20.312,False,True,True,0,0,0,0,True,
601990.SH,601990,601990,南京证券,主板,沪市,主板,801790.SI,非银金融,801193.SI,证券Ⅱ,证券Ⅱ,L,20180613,3025,8.28,6.58,-1.791,22.059,False,True,True,0,0,0,0,True,
601991.SH,601991,601991,大唐发电,主板,沪市,主板,801160.SI,公用事业,801161.SI,电力,电力,L,20061220,7218,19.76,5.36,-0.924,15.254,False,True,True,0,0,0,0,True,
601992.SH,601992,601992,金隅集团,主板,沪市,主板,801710.SI,建筑材料,801711.SI,水泥,水泥,L,20110301,5686,15.57,1.4,-1.409,28.571,False,True,True,0,0,0,0,True,
601995.SH,601995,601995,中金公司,主板,沪市,主板,801790.SI,非银金融,801193.SI,证券Ⅱ,证券Ⅱ,L,20201102,2152,5.89,31.02,-4.992,9.302,False,True,True,7,7,7,7,False,近60日停牌
601996.SH,601996,601996,丰林集团,主板,沪市,主板,801140.SI,轻工制造,801142.SI,家居用品,家居用品,L,20110929,5474,14.99,2.9,-3.01,25.0,False,True,True,0,0,0,0,True,
601997.SH,601997,601997,贵阳银行,主板,沪市,主板,801780.SI,银行,801784.SI,城商行Ⅱ,城商行Ⅱ,L,20160816,3691,10.11,5.5,-0.362,5.357,False,True,True,0,0,0,0,True,
601998.SH,601998,601998,中信银行,主板,沪市,主板,801780.SI,银行,801783.SI,股份制银行Ⅱ,股份制银行Ⅱ,L,20070427,7090,19.41,9.01,-0.442,22.093,False,True,True,0,0,0,0,True,
601999.SH,601999,601999,出版传媒,主板,沪市,主板,801760.SI,传媒,801769.SI,出版,出版,L,20071221,6852,18.76,6.76,-2.029,7.143,False,True,True,0,0,0,0,True,
603000.SH,603000,603000,人民网,主板,沪市,主板,801760.SI,传媒,801767.SI,数字媒体,数字媒体,L,20120427,5263,14.41,16.81,-1.638,9.524,False,True,True,0,0,0,0,True,
603001.SH,603001,603001,奥康国际,主板,沪市,主板,801130.SI,纺织服饰,801132.SI,服装家纺,服装家纺,L,20120426,5264,14.41,11.74,-3.135,32.0,False,True,True,0,0,0,6,True,
603002.SH,603002,603002,宏昌电子,主板,沪市,主板,801080.SI,电子,801086.SI,电子化学品Ⅱ,电子化学品Ⅱ,L,20120518,5242,14.35,19.19,-4.575,14.433,False,True,True,0,0,0,0,True,
603004.SH,603004,603004,鼎龙科技,主板,沪市,主板,801030.SI,基础化工,801034.SI,化学制品,化学制品,L,20231227,1002,2.74,18.9,-1.46,11.053,False,True,True,0,0,0,0,True,
603005.SH,603005,603005,晶方科技,主板,沪市,主板,801080.SI,电子,801081.SI,半导体,半导体,L,20140210,4609,12.62,29.51,-2.446,5.96,False,True,True,0,0,0,0,True,
603006.SH,603006,603006,联明股份,主板,沪市,主板,801880.SI,汽车,801093.SI,汽车零部件,汽车零部件,L,20140630,4469,12.24,10.83,0.278,29.091,False,True,True,0,0,0,0,True,
603007.SH,603007,603007,顺景科技,主板,沪市,主板,801720.SI,建筑装饰,801723.SI,基础建设,基础建设,L,20160826,3681,10.08,4.55,-0.872,12.245,False,True,True,0,0,0,0,True,
603008.SH,603008,603008,ST喜临门,主板,沪市,主板,801140.SI,轻工制造,801142.SI,家居用品,家居用品,L,20120717,5182,14.19,10.47,3.663,22.727,True,True,True,0,0,0,0,False,ST
603009.SH,603009,603009,北特科技,主板,沪市,主板,801880.SI,汽车,801093.SI,汽车零部件,汽车零部件,L,20140718,4451,12.19,47.14,-2.098,11.688,False,True,True,0,0,0,0,True,
603010.SH,603010,603010,万盛股份,主板,沪市,主板,801030.SI,基础化工,801034.SI,化学制品,化学制品,L,20141010,4367,11.96,12.63,1.446,25.0,False,True,True,0,0,0,0,True,
603011.SH,603011,603011,合锻智能,主板,沪市,主板,801890.SI,机械设备,801074.SI,专用设备,专用设备,L,20141107,4339,11.88,25.99,-4.096,5.882,False,True,True,0,0,0,0,True,
603012.SH,603012,603012,创力集团,主板,沪市,主板,801890.SI,机械设备,801074.SI,专用设备,专用设备,L,20150320,4206,11.52,8.7,-4.5,15.217,False,True,True,0,0,0,0,True,
603013.SH,603013,603013,亚普股份,主板,沪市,主板,801880.SI,汽车,801093.SI,汽车零部件,汽车零部件,L,20180509,3060,8.38,14.24,-0.974,41.071,False,True,True,0,0,0,0,True,
603014.SH,603014,603014,威高血净,主板,沪市,主板,801150.SI,医药生物,801153.SI,医疗器械,医疗器械,L,20250519,493,1.35,31.15,-1.362,9.346,False,True,True,0,0,0,0,False,上市时间不足
603015.SH,603015,603015,弘讯科技,主板,沪市,主板,801890.SI,机械设备,801078.SI,自动化设备,自动化设备,L,20150303,4223,11.56,10.54,1.346,18.519,False,True,True,0,0,0,0,True,
603016.SH,603016,603016,新宏泰,主板,沪市,主板,801730.SI,电力设备,801738.SI,电网设备,电网设备,L,20160701,3737,10.23,32.52,-0.55,15.625,False,True,True,0,0,0,0,True,
603017.SH,603017,603017,中衡设计,主板,沪市,主板,801720.SI,建筑装饰,801726.SI,工程咨询服务Ⅱ,工程咨询服务Ⅱ,L,20141231,4285,11.73,9.95,-0.201,8.163,False,True,True,0,0,0,0,True,
603018.SH,603018,603018,华设集团,主板,沪市,主板,801720.SI,建筑装饰,801726.SI,工程咨询服务Ⅱ,工程咨询服务Ⅱ,L,20141013,4364,11.95,5.15,-0.771,18.868,False,True,True,0,0,0,0,True,
603019.SH,603019,603019,中科曙光,主板,沪市,主板,801750.SI,计算机,801101.SI,计算机设备,计算机设备,L,20141106,4340,11.88,82.17,-1.593,9.091,False,True,True,0,0,0,0,True,
603020.SH,603020,603020,爱普股份,主板,沪市,主板,801030.SI,基础化工,801034.SI,化学制品,化学制品,L,20150325,4201,11.5,12.88,-3.448,30.769,False,True,True,0,0,0,0,True,
603021.SH,603021,603021,*ST华鹏,主板,沪市,主板,801140.SI,轻工制造,801142.SI,家居用品,家居用品,L,20150423,4172,11.42,5.19,-0.954,25.0,True,True,True,0,0,0,0,False,ST
603022.SH,603022,603022,新通联,主板,沪市,主板,801140.SI,轻工制造,801141.SI,包装印刷,包装印刷,L,20150518,4147,11.35,8.95,0.336,14.943,False,True,True,0,0,0,0,True,
603023.SH,603023,603023,威帝股份,主板,沪市,主板,801880.SI,汽车,801093.SI,汽车零部件,汽车零部件,L,20150527,4138,11.33,4.03,-0.983,12.195,False,True,True,0,0,0,0,True,
603025.SH,603025,603025,大豪科技,主板,沪市,主板,801890.SI,机械设备,801078.SI,自动化设备,自动化设备,L,20150422,4173,11.43,13.27,-1.412,21.739,False,True,True,0,0,0,0,True,
603026.SH,603026,603026,石大胜华,主板,沪市,主板,801730.SI,电力设备,801737.SI,电池,电池,L,20150529,4136,11.32,57.54,-2.458,8.333,False,True,True,0,0,0,0,True,
603027.SH,603027,603027,千禾味业,主板,沪市,主板,801120.SI,食品饮料,801129.SI,调味发酵品Ⅱ,调味发酵品Ⅱ,L,20160307,3853,10.55,7.29,-1.884,10.811,False,True,True,0,0,0,0,True,
603028.SH,603028,603028,赛福天,主板,沪市,主板,801890.SI,机械设备,801072.SI,通用设备,通用设备,L,20160331,3829,10.48,7.25,1.683,12.857,False,True,True,0,0,0,0,True,
603029.SH,603029,603029,天鹅股份,主板,沪市,主板,801890.SI,机械设备,801074.SI,专用设备,专用设备,L,20160427,3802,10.41,16.54,-1.017,8.929,False,True,True,0,0,0,0,True,
603030.SH,603030,603030,全筑股份,主板,沪市,主板,801720.SI,建筑装饰,801722.SI,装修装饰Ⅱ,装修装饰Ⅱ,L,20150320,4206,11.52,2.04,-0.971,9.524,False,True,True,0,0,0,0,True,
603031.SH,603031,603031,安孚科技,主板,沪市,主板,801730.SI,电力设备,801737.SI,电池,电池,L,20160822,3685,10.09,39.54,-2.056,10.68,False,True,True,0,0,0,0,True,
603032.SH,603032,603032,德新科技,主板,沪市,主板,801730.SI,电力设备,801737.SI,电池,电池,L,20170105,3549,9.72,18.25,-0.599,7.812,False,True,True,0,0,0,0,True,
603033.SH,603033,603033,三维股份,主板,沪市,主板,801030.SI,基础化工,801037.SI,橡胶,橡胶,L,20161207,3578,9.8,7.87,0.383,45.0,False,True,True,0,0,0,0,True,
603035.SH,603035,603035,常熟汽饰,主板,沪市,主板,801880.SI,汽车,801093.SI,汽车零部件,汽车零部件,L,20170105,3549,9.72,10.54,1.836,23.636,False,True,True,0,0,0,0,True,
603036.SH,603036,603036,如通股份,主板,沪市,主板,801890.SI,机械设备,801074.SI,专用设备,专用设备,L,20161209,3576,9.79,13.68,0.146,17.778,False,True,True,0,0,0,0,True,
603037.SH,603037,603037,凯众股份,主板,沪市,主板,801880.SI,汽车,801093.SI,汽车零部件,汽车零部件,L,20170120,3534,9.68,10.22,1.894,16.667,False,True,True,0,0,0,0,True,
603038.SH,603038,603038,华立股份,主板,沪市,主板,801710.SI,建筑材料,801713.SI,装修建材,装修建材,L,20170116,3538,9.69,16.75,-3.68,10.714,False,True,True,0,0,0,0,True,
603039.SH,603039,603039,泛微网络,主板,沪市,主板,801750.SI,计算机,801104.SI,软件开发,软件开发,L,20170113,3541,9.69,35.68,-5.758,12.963,False,True,True,0,0,0,0,True,
603040.SH,603040,603040,新坐标,主板,沪市,主板,801880.SI,汽车,801093.SI,汽车零部件,汽车零部件,L,20170209,3514,9.62,47.2,-3.04,30.882,False,True,True,0,0,0,0,True,
603041.SH,603041,603041,美思德,主板,沪市,主板,801030.SI,基础化工,801034.SI,化学制品,化学制品,L,20170330,3465,9.49,11.71,1.561,11.712,False,True,True,0,0,0,0,True,
603042.SH,603042,603042,华脉科技,主板,沪市,主板,801770.SI,通信,801102.SI,通信设备,通信设备,L,20170602,3401,9.31,18.73,9.982,6.18,False,True,True,0,0,0,0,True,
603043.SH,603043,603043,广州酒家,主板,沪市,主板,801120.SI,食品饮料,801128.SI,休闲食品,休闲食品,L,20170627,3376,9.24,12.88,-1.604,25.714,False,True,True,0,0,0,0,True,
603045.SH,603045,603045,福达合金,主板,沪市,主板,801050.SI,有色金属,801051.SI,金属新材料,金属新材料,L,20180517,3052,8.36,48.57,-2.215,9.804,False,True,True,0,0,0,0,True,
603048.SH,603048,603048,浙江黎明,主板,沪市,主板,801880.SI,汽车,801093.SI,汽车零部件,汽车零部件,L,20211116,1773,4.85,25.76,1.02,29.464,False,True,True,0,0,0,0,True,
603049.SH,603049,603049,中策橡胶,主板,沪市,主板,801880.SI,汽车,801093.SI,汽车零部件,汽车零部件,L,20250605,476,1.3,44.53,-1.176,9.705,False,True,True,0,0,0,0,False,上市时间不足
603050.SH,603050,603050,科林电气,主板,沪市,主板,801730.SI,电力设备,801738.SI,电网设备,电网设备,L,20170414,3450,9.45,16.83,-2.604,16.129,False,True,True,0,0,0,0,True,
603051.SH,603051,603051,鹿山新材,主板,沪市,主板,801030.SI,基础化工,801034.SI,化学制品,化学制品,L,20220325,1644,4.5,25.22,-1.369,18.644,False,True,True,0,0,0,0,True,
603052.SH,603052,603052,可川科技,主板,沪市,主板,801080.SI,电子,801085.SI,消费电子,消费电子,L,20221011,1444,3.95,58.46,-0.477,9.231,False,True,True,0,0,0,0,True,
603053.SH,603053,603053,成都燃气,主板,沪市,主板,801160.SI,公用事业,801163.SI,燃气Ⅱ,燃气Ⅱ,L,20191217,2473,6.77,8.65,-0.346,15.957,False,True,True,0,0,0,0,True,
603055.SH,603055,603055,台华新材,主板,沪市,主板,801130.SI,纺织服饰,801131.SI,纺织制造,纺织制造,L,20170921,3290,9.01,9.51,2.7,13.187,False,True,True,0,0,0,0,True,
603057.SH,603057,603057,紫燕食品,主板,沪市,主板,801120.SI,食品饮料,801128.SI,休闲食品,休闲食品,L,20220926,1459,3.99,17.67,-3.653,37.719,False,True,True,0,0,0,0,True,
603058.SH,603058,603058,永吉股份,主板,沪市,主板,801140.SI,轻工制造,801141.SI,包装印刷,包装印刷,L,20161223,3562,9.75,8.88,-2.31,12.5,False,True,True,0,0,0,0,True,
603059.SH,603059,603059,倍加洁,主板,沪市,主板,801980.SI,美容护理,801981.SI,个护用品,个护用品,L,20180302,3128,8.56,25.6,0.431,12.048,False,True,True,0,0,0,0,True,
603060.SH,603060,603060,国检集团,主板,沪市,主板,801210.SI,社会服务,801218.SI,专业服务,专业服务,L,20161109,3606,9.87,5.45,-0.183,30.357,False,True,True,0,0,0,0,True,
603061.SH,603061,603061,金海通,主板,沪市,主板,801080.SI,电子,801081.SI,半导体,半导体,L,20230303,1301,3.56,333.85,-2.412,12.281,False,True,True,0,0,0,0,True,
603062.SH,603062,603062,麦加芯彩,主板,沪市,主板,801030.SI,基础化工,801034.SI,化学制品,化学制品,L,20231107,1052,2.88,38.06,-2.034,15.584,False,True,True,0,0,0,0,True,
603063.SH,603063,603063,禾望电气,主板,沪市,主板,801730.SI,电力设备,801736.SI,风电设备,风电设备,L,20170728,3345,9.16,29.08,-3.163,10.39,False,True,True,0,0,0,0,True,
603065.SH,603065,603065,宿迁联盛,主板,沪市,主板,801030.SI,基础化工,801034.SI,化学制品,化学制品,L,20230321,1283,3.51,16.27,10.007,12.925,False,True,True,0,0,0,0,True,
603066.SH,603066,603066,音飞储存,主板,沪市,主板,801170.SI,交通运输,801178.SI,物流,物流,L,20150611,4123,11.29,9.35,0.972,9.783,False,True,True,0,0,0,0,True,
603067.SH,603067,603067,振华股份,主板,沪市,主板,801030.SI,基础化工,801033.SI,化学原料,化学原料,L,20160913,3663,10.03,40.89,2.584,16.216,False,True,True,0,0,0,0,True,
603068.SH,603068,603068,博通集成,主板,沪市,主板,801080.SI,电子,801081.SI,半导体,半导体,L,20190415,2719,7.44,48.51,5.755,16.026,False,True,True,0,0,0,0,True,
603069.SH,603069,603069,海汽集团,主板,沪市,主板,801170.SI,交通运输,801179.SI,铁路公路,铁路公路,L,20160712,3726,10.2,13.43,0.449,20.588,False,True,True,0,0,0,0,True,
603070.SH,603070,603070,万控智造,主板,沪市,主板,801730.SI,电力设备,801738.SI,电网设备,电网设备,L,20220310,1659,4.54,11.42,-0.262,52.991,False,True,True,0,0,0,0,True,
603071.SH,603071,603071,物产环能,主板,沪市,主板,801950.SI,煤炭,801951.SI,煤炭开采,煤炭开采,L,20211216,1743,4.77,12.33,0.244,15.873,False,True,True,0,0,0,0,True,
603072.SH,603072,603072,天和磁材,主板,沪市,主板,801050.SI,有色金属,801051.SI,金属新材料,金属新材料,L,20250103,629,1.72,30.53,-1.037,9.677,False,True,True,0,0,0,0,False,上市时间不足
603073.SH,603073,603073,彩蝶实业,主板,沪市,主板,801030.SI,基础化工,801032.SI,化学纤维,化学纤维,L,20230316,1288,3.53,18.88,4.309,13.253,False,True,True,0,0,0,0,True,
603075.SH,603075,603075,热威股份,主板,沪市,主板,801110.SI,家用电器,801116.SI,家电零部件Ⅱ,家电零部件Ⅱ,L,20230911,1109,3.04,20.15,-1.659,4.0,False,True,True,0,0,0,0,True,
603076.SH,603076,603076,乐惠国际,主板,沪市,主板,801890.SI,机械设备,801074.SI,专用设备,专用设备,L,20171113,3237,8.86,20.21,-0.834,11.765,False,True,True,0,0,0,0,True,
603077.SH,603077,603077,和邦生物,主板,沪市,主板,801030.SI,基础化工,801038.SI,农化制品,农化制品,L,20120731,5168,14.15,2.22,-1.333,13.043,False,True,True,0,0,0,0,True,
603078.SH,603078,603078,江化微,主板,沪市,主板,801080.SI,电子,801086.SI,电子化学品Ⅱ,电子化学品Ⅱ,L,20170410,3454,9.46,31.96,-2.203,9.756,False,True,True,0,0,0,0,True,
603079.SH,603079,603079,圣达生物,主板,沪市,主板,801030.SI,基础化工,801034.SI,化学制品,化学制品,L,20170823,3319,9.09,13.11,-1.28,9.091,False,True,True,0,0,0,0,True,
603080.SH,603080,603080,新疆火炬,主板,沪市,主板,801160.SI,公用事业,801163.SI,燃气Ⅱ,燃气Ⅱ,L,20180103,3186,8.72,19.8,-0.502,10.204,False,True,True,0,0,0,0,True,
603081.SH,603081,603081,大丰实业,主板,沪市,主板,801890.SI,机械设备,801074.SI,专用设备,专用设备,L,20170420,3444,9.43,9.4,-0.634,33.333,False,True,True,0,0,0,0,True,
603082.SH,603082,603082,北自科技,主板,沪市,主板,801890.SI,机械设备,801078.SI,自动化设备,自动化设备,L,20240130,968,2.65,46.74,-4.593,7.676,False,True,True,0,0,0,0,True,
603083.SH,603083,603083,剑桥科技,主板,沪市,主板,801770.SI,通信,801102.SI,通信设备,通信设备,L,20171110,3240,8.87,209.63,-3.914,6.034,False,True,True,0,0,0,0,True,
603085.SH,603085,603085,天成自控,主板,沪市,主板,801880.SI,汽车,801093.SI,汽车零部件,汽车零部件,L,20150630,4104,11.24,9.74,-0.815,14.0,False,True,True,0,0,0,0,True,
603086.SH,603086,603086,先达股份,主板,沪市,主板,801030.SI,基础化工,801038.SI,农化制品,农化制品,L,20170511,3423,9.37,5.83,0.172,12.903,False,True,True,0,0,0,0,True,
603087.SH,603087,603087,甘李药业,主板,沪市,主板,801150.SI,医药生物,801152.SI,生物制品,生物制品,L,20200629,2278,6.24,73.44,-1.502,9.756,False,True,True,0,0,0,0,True,
603088.SH,603088,603088,宁波精达,主板,沪市,主板,801890.SI,机械设备,801072.SI,通用设备,通用设备,L,20141111,4335,11.87,10.15,-2.027,11.765,False,True,True,0,0,0,0,True,
603089.SH,603089,603089,正裕工业,主板,沪市,主板,801880.SI,汽车,801093.SI,汽车零部件,汽车零部件,L,20170126,3528,9.66,9.62,-1.535,12.121,False,True,True,0,0,0,0,True,
603090.SH,603090,603090,宏盛股份,主板,沪市,主板,801890.SI,机械设备,801072.SI,通用设备,通用设备,L,20160831,3676,10.06,37.87,-3.096,7.595,False,True,True,0,0,0,0,True,
603091.SH,603091,603091,众鑫股份,主板,沪市,主板,801140.SI,轻工制造,801141.SI,包装印刷,包装印刷,L,20240920,734,2.01,46.43,-2.764,8.537,False,True,True,0,0,0,0,True,
603092.SH,603092,603092,德力佳,主板,沪市,主板,801730.SI,电力设备,801736.SI,风电设备,风电设备,L,20251107,321,0.88,45.85,4.8,7.273,False,True,True,0,0,0,0,False,上市时间不足
603093.SH,603093,603093,南华期货,主板,沪市,主板,801790.SI,非银金融,801191.SI,多元金融,多元金融,L,20190830,2582,7.07,13.4,-1.471,11.364,False,True,True,0,0,0,0,True,
603095.SH,603095,603095,越剑智能,主板,沪市,主板,801890.SI,机械设备,801074.SI,专用设备,专用设备,L,20200415,2353,6.44,14.43,-2.236,14.667,False,True,True,0,0,0,0,True,
603096.SH,603096,603096,新经典,主板,沪市,主板,801760.SI,传媒,801769.SI,出版,出版,L,20170425,3439,9.42,15.96,0.251,12.0,False,True,True,0,0,0,0,True,
603097.SH,603097,603097,江苏华辰,主板,沪市,主板,801730.SI,电力设备,801738.SI,电网设备,电网设备,L,20220512,1596,4.37,18.44,-0.593,21.053,False,True,True,0,0,0,0,True,
603098.SH,603098,603098,森特股份,主板,沪市,主板,801720.SI,建筑装饰,801724.SI,专业工程,专业工程,L,20161216,3569,9.77,10.72,-0.186,33.333,False,True,True,0,0,0,0,True,
603099.SH,603099,603099,长白山,主板,沪市,主板,801210.SI,社会服务,801993.SI,旅游及景区,旅游及景区,L,20140822,4416,12.09,41.76,3.137,7.576,False,True,True,0,0,0,0,True,
603100.SH,603100,603100,川仪股份,主板,沪市,主板,801890.SI,机械设备,801072.SI,通用设备,通用设备,L,20140805,4433,12.14,18.55,-0.855,11.475,False,True,True,0,0,0,0,True,
603101.SH,603101,603101,汇嘉时代,主板,沪市,主板,801200.SI,商贸零售,801203.SI,一般零售,一般零售,L,20160506,3793,10.38,7.26,-1.359,9.459,False,True,True,0,0,0,0,True,
603102.SH,603102,603102,百合股份,主板,沪市,主板,801120.SI,食品饮料,801124.SI,食品加工,食品加工,L,20220125,1703,4.66,37.5,-0.398,14.583,False,True,True,0,0,0,0,True,
603103.SH,603103,603103,横店影视,主板,沪市,主板,801760.SI,传媒,801766.SI,影视院线,影视院线,L,20171012,3269,8.95,16.01,-1.598,45.0,False,True,True,0,0,0,0,True,
603105.SH,603105,603105,芯能科技,主板,沪市,主板,801160.SI,公用事业,801161.SI,电力,电力,L,20180709,2999,8.21,8.68,5.983,9.756,False,True,True,0,0,0,0,True,
603106.SH,603106,603106,恒银科技,主板,沪市,主板,801750.SI,计算机,801101.SI,计算机设备,计算机设备,L,20170920,3291,9.01,7.26,-1.359,10.256,False,True,True,0,0,0,0,True,
603107.SH,603107,603107,上海汽配,主板,沪市,主板,801880.SI,汽车,801093.SI,汽车零部件,汽车零部件,L,20231101,1058,2.9,12.08,-0.902,7.5,False,True,True,0,0,0,0,True,
603108.SH,603108,603108,润达医疗,主板,沪市,主板,801150.SI,医药生物,801154.SI,医药商业,医药商业,L,20150527,4138,11.33,9.98,-0.2,10.0,False,True,True,0,0,0,0,True,
603109.SH,603109,603109,神驰机电,主板,沪市,主板,801880.SI,汽车,801093.SI,汽车零部件,汽车零部件,L,20191231,2459,6.73,17.72,1.547,29.31,False,True,True,0,0,0,0,True,
603110.SH,603110,603110,东方材料,主板,沪市,主板,801030.SI,基础化工,801034.SI,化学制品,化学制品,L,20171013,3268,8.95,25.23,0.518,7.171,False,True,True,0,0,0,0,True,
603111.SH,603111,603111,康尼机电,主板,沪市,主板,801890.SI,机械设备,801076.SI,轨交设备Ⅱ,轨交设备Ⅱ,L,20140801,4437,12.15,6.09,0.165,13.333,False,True,True,0,0,0,0,True,
603112.SH,603112,603112,华翔股份,主板,沪市,主板,801110.SI,家用电器,801116.SI,家电零部件Ⅱ,家电零部件Ⅱ,L,20200917,2198,6.02,17.56,-0.284,10.778,False,True,True,0,0,0,0,True,
603113.SH,603113,603113,金能科技,主板,沪市,主板,801030.SI,基础化工,801033.SI,化学原料,化学原料,L,20170511,3423,9.37,4.83,-1.429,19.231,False,True,True,0,0,0,0,True,
603115.SH,603115,603115,海星股份,主板,沪市,主板,801050.SI,有色金属,801055.SI,工业金属,工业金属,L,20190809,2603,7.13,79.4,2.983,17.391,False,True,True,0,0,0,0,True,
603116.SH,603116,603116,红蜻蜓,主板,沪市,主板,801130.SI,纺织服饰,801132.SI,服装家纺,服装家纺,L,20150629,4105,11.24,7.16,6.074,19.355,False,True,True,0,0,0,0,True,
603117.SH,603117,603117,万林物流,主板,沪市,主板,801170.SI,交通运输,801178.SI,物流,物流,L,20150629,4105,11.24,3.95,2.067,21.053,False,True,True,0,0,0,0,True,
603118.SH,603118,603118,共进股份,主板,沪市,主板,801770.SI,通信,801102.SI,通信设备,通信设备,L,20150225,4229,11.58,17.76,-3.163,8.84,False,True,True,0,0,0,0,True,
603119.SH,603119,603119,浙江荣泰,主板,沪市,主板,801880.SI,汽车,801093.SI,汽车零部件,汽车零部件,L,20230801,1150,3.15,56.42,-0.336,14.583,False,True,True,0,0,0,0,True,
603120.SH,603120,603120,肯特催化,主板,沪市,主板,801030.SI,基础化工,801034.SI,化学制品,化学制品,L,20250416,526,1.44,59.87,-0.366,10.231,False,True,True,0,0,0,0,False,上市时间不足
603121.SH,603121,603121,华培动力,主板,沪市,主板,801880.SI,汽车,801093.SI,汽车零部件,汽车零部件,L,20190111,2813,7.7,13.14,3.956,15.385,False,True,True,0,0,0,0,True,
603122.SH,603122,603122,合富中国,主板,沪市,主板,801150.SI,医药生物,801154.SI,医药商业,医药商业,L,20220216,1681,4.6,14.93,10.022,8.696,False,True,True,0,0,0,0,True,
603123.SH,603123,603123,翠微股份,主板,沪市,主板,801200.SI,商贸零售,801203.SI,一般零售,一般零售,L,20120503,5257,14.39,9.37,-1.987,18.182,False,True,True,0,0,0,0,True,
603124.SH,603124,603124,江南新材,主板,沪市,主板,801050.SI,有色金属,801051.SI,金属新材料,金属新材料,L,20250320,553,1.51,131.82,-9.09,8.036,False,True,True,0,0,0,0,False,上市时间不足
603125.SH,603125,603125,常青科技,主板,沪市,主板,801030.SI,基础化工,801034.SI,化学制品,化学制品,L,20230410,1263,3.46,23.44,-4.405,33.755,False,True,True,0,0,0,0,True,
603126.SH,603126,603126,中材节能,主板,沪市,主板,801970.SI,环保,801972.SI,环保设备Ⅱ,环保设备Ⅱ,L,20140731,4438,12.15,6.33,-0.315,25.397,False,True,True,0,0,0,0,True,
603127.SH,603127,603127,昭衍新药,主板,沪市,主板,801150.SI,医药生物,801156.SI,医疗服务,医疗服务,L,20170825,3317,9.08,46.39,-2.889,11.765,False,True,True,0,0,0,0,True,
603128.SH,603128,603128,华贸物流,主板,沪市,主板,801170.SI,交通运输,801178.SI,物流,物流,L,20120529,5231,14.32,5.3,0.952,11.111,False,True,True,0,0,0,0,True,
603129.SH,603129,603129,春风动力,主板,沪市,主板,801880.SI,汽车,801881.SI,摩托车及其他,摩托车及其他,L,20170818,3324,9.1,290.75,-2.095,19.2,False,True,True,0,0,0,0,True,
603130.SH,603130,603130,云中马,主板,沪市,主板,801130.SI,纺织服饰,801131.SI,纺织制造,纺织制造,L,20221118,1406,3.85,38.68,-0.077,17.822,False,True,True,0,0,0,0,True,
603131.SH,603131,603131,上海沪工,主板,沪市,主板,801890.SI,机械设备,801072.SI,通用设备,通用设备,L,20160607,3761,10.3,13.99,0.287,12.766,False,True,True,0,0,0,0,True,
603132.SH,603132,603132,金徽股份,主板,沪市,主板,801050.SI,有色金属,801055.SI,工业金属,工业金属,L,20220222,1675,4.59,17.93,-4.526,22.283,False,True,True,0,0,0,0,True,
603135.SH,603135,603135,中重科技,主板,沪市,主板,801890.SI,机械设备,801074.SI,专用设备,专用设备,L,20230410,1263,3.46,8.76,-1.351,46.739,False,True,True,0,0,0,0,True,
603136.SH,603136,603136,天目湖,主板,沪市,主板,801210.SI,社会服务,801993.SI,旅游及景区,旅游及景区,L,20170927,3284,8.99,9.07,-1.306,15.217,False,True,True,0,0,0,0,True,
603137.SH,603137,603137,恒尚节能,主板,沪市,主板,801720.SI,建筑装饰,801722.SI,装修装饰Ⅱ,装修装饰Ⅱ,L,20230419,1254,3.43,19.63,-2.144,9.5,False,True,True,0,0,0,11,True,
603138.SH,603138,603138,海量数据,主板,沪市,主板,801750.SI,计算机,801103.SI,IT服务Ⅱ,IT服务Ⅱ,L,20170306,3489,9.55,14.73,-2.061,9.272,False,True,True,0,0,0,0,True,
603139.SH,603139,603139,康惠股份,主板,沪市,主板,801150.SI,医药生物,801155.SI,中药Ⅱ,中药Ⅱ,L,20170421,3443,9.43,36.3,-0.738,11.111,False,True,True,0,0,0,0,True,
603150.SH,603150,603150,万朗磁塑,主板,沪市,主板,801030.SI,基础化工,801036.SI,塑料,塑料,L,20220124,1704,4.67,71.14,-6.37,26.744,False,True,True,0,0,0,0,True,
603151.SH,603151,603151,邦基科技,主板,沪市,主板,801010.SI,农林牧渔,801014.SI,饲料,饲料,L,20221019,1436,3.93,18.32,0.055,19.318,False,True,True,0,0,0,0,True,
603153.SH,603153,603153,上海建科,主板,沪市,主板,801720.SI,建筑装饰,801726.SI,工程咨询服务Ⅱ,工程咨询服务Ⅱ,L,20230313,1291,3.53,13.28,-0.969,10.853,False,True,True,0,0,0,0,True,
603155.SH,603155,603155,新亚强,主板,沪市,主板,801030.SI,基础化工,801034.SI,化学制品,化学制品,L,20200901,2214,6.06,15.25,-2.118,16.327,False,True,True,0,0,0,0,True,
603156.SH,603156,603156,养元饮品,主板,沪市,主板,801120.SI,食品饮料,801127.SI,饮料乳品,饮料乳品,L,20180212,3146,8.61,43.9,-2.876,28.829,False,True,True,0,0,0,0,True,
603158.SH,603158,603158,腾龙股份,主板,沪市,主板,801880.SI,汽车,801093.SI,汽车零部件,汽车零部件,L,20150320,4206,11.52,10.51,-1.036,8.411,False,True,True,0,0,0,0,True,
603159.SH,603159,603159,上海亚虹,主板,沪市,主板,801890.SI,机械设备,801074.SI,专用设备,专用设备,L,20160812,3695,10.12,23.03,-1.749,12.281,False,True,True,6,6,6,12,False,近60日停牌
603160.SH,603160,603160,汇顶科技,主板,沪市,主板,801080.SI,电子,801081.SI,半导体,半导体,L,20161017,3629,9.94,54.4,-1.36,25.0,False,True,True,0,0,0,0,True,
603161.SH,603161,603161,科华控股,主板,沪市,主板,801880.SI,汽车,801093.SI,汽车零部件,汽车零部件,L,20180105,3184,8.72,15.03,0.535,15.951,False,True,True,0,0,0,0,True,
603162.SH,603162,603162,海通发展,主板,沪市,主板,801170.SI,交通运输,801992.SI,航运港口,航运港口,L,20230329,1275,3.49,13.43,-0.371,5.797,False,True,True,0,0,0,0,True,
603163.SH,603163,603163,圣晖集成,主板,沪市,主板,801720.SI,建筑装饰,801724.SI,专业工程,专业工程,L,20221013,1442,3.95,82.0,-1.796,9.524,False,True,True,0,0,0,0,True,
603165.SH,603165,603165,荣晟环保,主板,沪市,主板,801140.SI,轻工制造,801143.SI,造纸,造纸,L,20170117,3537,9.68,13.44,-0.444,9.559,False,True,True,0,0,0,0,True,
603166.SH,603166,603166,福达股份,主板,沪市,主板,801880.SI,汽车,801093.SI,汽车零部件,汽车零部件,L,20141127,4319,11.82,10.99,-0.453,17.857,False,True,True,0,0,0,0,True,
603167.SH,603167,603167,渤海轮渡,主板,沪市,主板,801170.SI,交通运输,801992.SI,航运港口,航运港口,L,20120906,5131,14.05,8.06,-0.247,8.235,False,True,True,0,0,0,0,True,
603168.SH,603168,603168,莎普爱思,主板,沪市,主板,801150.SI,医药生物,801151.SI,化学制药,化学制药,L,20140702,4467,12.23,5.85,-0.171,15.789,False,True,True,0,0,0,0,True,
603169.SH,603169,603169,兰石重装,主板,沪市,主板,801890.SI,机械设备,801074.SI,专用设备,专用设备,L,20141009,4368,11.96,6.02,-0.496,27.273,False,True,True,0,0,0,0,True,
603170.SH,603170,603170,宝立食品,主板,沪市,主板,801120.SI,食品饮料,801129.SI,调味发酵品Ⅱ,调味发酵品Ⅱ,L,20220715,1532,4.19,12.32,3.01,11.29,False,True,True,0,0,0,0,True,
603171.SH,603171,603171,税友股份,主板,沪市,主板,801750.SI,计算机,801103.SI,IT服务Ⅱ,IT服务Ⅱ,L,20210630,1912,5.23,40.02,-1.185,20.183,False,True,True,0,0,0,0,True,
603172.SH,603172,603172,万丰股份,主板,沪市,主板,801030.SI,基础化工,801034.SI,化学制品,化学制品,L,20230510,1233,3.38,19.59,-1.16,21.978,False,True,True,0,0,0,0,True,
603173.SH,603173,603173,福斯达,主板,沪市,主板,801890.SI,机械设备,801074.SI,专用设备,专用设备,L,20230130,1333,3.65,29.48,-1.701,26.19,False,True,True,0,0,0,0,True,
603175.SH,603175,603175,超颖电子,主板,沪市,主板,801080.SI,电子,801083.SI,元件,元件,L,20251024,335,0.92,110.39,-3.657,13.214,False,True,True,0,0,0,0,False,上市时间不足
603176.SH,603176,603176,汇通集团,主板,沪市,主板,801720.SI,建筑装饰,801723.SI,基础建设,基础建设,L,20211231,1728,4.73,5.29,-0.189,23.077,False,True,True,0,0,0,0,True,
603177.SH,603177,603177,德创环保,主板,沪市,主板,801970.SI,环保,801971.SI,环境治理,环境治理,L,20170207,3516,9.63,11.11,0.543,9.346,False,True,True,0,0,0,0,True,
603178.SH,603178,603178,圣龙股份,主板,沪市,主板,801880.SI,汽车,801093.SI,汽车零部件,汽车零部件,L,20170328,3467,9.49,15.85,-1.061,12.195,False,True,True,0,0,0,0,True,
603179.SH,603179,603179,新泉股份,主板,沪市,主板,801880.SI,汽车,801093.SI,汽车零部件,汽车零部件,L,20170317,3478,9.52,41.29,0.929,10.891,False,True,True,0,0,0,0,True,
603180.SH,603180,603180,金牌家居,主板,沪市,主板,801140.SI,轻工制造,801142.SI,家居用品,家居用品,L,20170512,3422,9.37,15.83,0.444,26.316,False,True,True,0,0,0,0,True,
603181.SH,603181,603181,皇马科技,主板,沪市,主板,801030.SI,基础化工,801034.SI,化学制品,化学制品,L,20170824,3318,9.08,12.55,-2.259,27.481,False,True,True,0,0,0,0,True,
603182.SH,603182,603182,嘉华股份,主板,沪市,主板,801010.SI,农林牧渔,801012.SI,农产品加工,农产品加工,L,20220909,1476,4.04,13.52,-0.661,16.667,False,True,True,0,0,0,0,True,
603183.SH,603183,603183,建研院,主板,沪市,主板,801210.SI,社会服务,801218.SI,专业服务,专业服务,L,20170905,3306,9.05,4.92,-1.403,8.333,False,True,True,0,0,0,0,True,
603185.SH,603185,603185,弘元绿能,主板,沪市,主板,801730.SI,电力设备,801735.SI,光伏设备,光伏设备,L,20181228,2827,7.74,13.92,-2.657,30.0,False,True,True,0,0,0,0,True,
603186.SH,603186,603186,华正新材,主板,沪市,主板,801080.SI,电子,801083.SI,元件,元件,L,20170103,3551,9.72,213.3,-6.324,10.417,False,True,True,0,0,0,0,True,
603187.SH,603187,603187,海容冷链,主板,沪市,主板,801890.SI,机械设备,801072.SI,通用设备,通用设备,L,20181129,2856,7.82,10.65,-0.838,14.286,False,True,True,0,0,0,0,True,
603188.SH,603188,603188,亚邦股份,主板,沪市,主板,801030.SI,基础化工,801034.SI,化学制品,化学制品,L,20140909,4398,12.04,4.5,-0.881,8.333,False,True,True,0,0,0,0,True,
603189.SH,603189,603189,*ST网达,主板,沪市,主板,801750.SI,计算机,801104.SI,软件开发,软件开发,L,20160914,3662,10.03,9.63,0.104,14.894,True,True,True,0,0,0,0,False,ST
603190.SH,603190,603190,亚通精工,主板,沪市,主板,801880.SI,汽车,801093.SI,汽车零部件,汽车零部件,L,20230217,1315,3.6,16.25,-0.794,9.816,False,True,True,0,0,0,0,True,
603191.SH,603191,603191,望变电气,主板,沪市,主板,801730.SI,电力设备,801738.SI,电网设备,电网设备,L,20220428,1610,4.41,13.24,-1.341,16.438,False,True,True,0,0,0,0,True,
603192.SH,603192,603192,汇得科技,主板,沪市,主板,801030.SI,基础化工,801034.SI,化学制品,化学制品,L,20180828,2949,8.07,21.08,-3.744,10.145,False,True,True,0,0,0,0,True,
603193.SH,603193,603193,润本股份,主板,沪市,主板,801980.SI,美容护理,801981.SI,个护用品,个护用品,L,20231017,1073,2.94,20.18,-1.03,8.824,False,True,True,0,0,0,0,True,
603194.SH,603194,603194,中力股份,主板,沪市,主板,801890.SI,机械设备,801077.SI,工程机械,工程机械,L,20241224,639,1.75,33.37,-1.155,9.942,False,True,True,0,0,0,0,False,上市时间不足
603195.SH,603195,603195,公牛集团,主板,沪市,主板,801140.SI,轻工制造,801142.SI,家居用品,家居用品,L,20200206,2422,6.63,37.89,-0.368,21.739,False,True,True,0,0,0,0,True,
603196.SH,603196,603196,璞源材料,主板,沪市,主板,801130.SI,纺织服饰,801132.SI,服装家纺,服装家纺,L,20170531,3403,9.32,18.49,-1.91,37.5,False,True,True,0,0,0,0,True,
603197.SH,603197,603197,保隆科技,主板,沪市,主板,801880.SI,汽车,801093.SI,汽车零部件,汽车零部件,L,20170519,3415,9.35,29.36,0.205,8.163,False,True,True,0,0,0,0,True,
603198.SH,603198,603198,迎驾贡酒,主板,沪市,主板,801120.SI,食品饮料,801125.SI,白酒Ⅱ,白酒Ⅱ,L,20150528,4137,11.33,37.2,-4.957,20.37,False,True,True,0,0,0,0,True,
603199.SH,603199,603199,九华旅游,主板,沪市,主板,801210.SI,社会服务,801993.SI,旅游及景区,旅游及景区,L,20150326,4200,11.5,32.3,-1.524,7.229,False,True,True,0,0,0,0,True,
603200.SH,603200,603200,上海洗霸,主板,沪市,主板,801970.SI,环保,801971.SI,环境治理,环境治理,L,20170601,3402,9.31,38.32,-3.183,10.0,False,True,True,0,0,0,0,True,
603201.SH,603201,603201,常润股份,主板,沪市,主板,801880.SI,汽车,801093.SI,汽车零部件,汽车零部件,L,20220729,1518,4.16,15.62,-2.007,12.102,False,True,True,0,0,0,0,True,
603202.SH,603202,603202,天有为,主板,沪市,主板,801880.SI,汽车,801093.SI,汽车零部件,汽车零部件,L,20250424,518,1.42,51.78,-2.062,4.0,False,True,True,0,0,0,0,False,上市时间不足
603203.SH,603203,603203,快克智能,主板,沪市,主板,801890.SI,机械设备,801078.SI,自动化设备,自动化设备,L,20161108,3607,9.88,47.1,-1.567,12.698,False,True,True,0,0,0,0,True,
603205.SH,603205,603205,健尔康,主板,沪市,主板,801150.SI,医药生物,801153.SI,医疗器械,医疗器械,L,20241107,686,1.88,21.57,-0.231,5.83,False,True,True,0,0,0,0,False,上市时间不足
603206.SH,603206,603206,嘉环科技,主板,沪市,主板,801770.SI,通信,801223.SI,通信服务,通信服务,L,20220506,1602,4.39,13.83,-0.575,13.768,False,True,True,0,0,0,0,True,
603207.SH,603207,603207,小方制药,主板,沪市,主板,801150.SI,医药生物,801151.SI,化学制药,化学制药,L,20240826,759,2.08,24.25,-2.375,5.645,False,True,True,0,0,0,0,True,
603208.SH,603208,603208,江山欧派,主板,沪市,主板,801140.SI,轻工制造,801142.SI,家居用品,家居用品,L,20170210,3513,9.62,11.34,0.532,17.857,False,True,True,0,0,0,0,True,
603209.SH,603209,603209,兴通股份,主板,沪市,主板,801170.SI,交通运输,801992.SI,航运港口,航运港口,L,20220324,1645,4.5,14.7,0.616,9.722,False,True,True,0,0,0,0,True,
603210.SH,603210,603210,泰鸿万立,主板,沪市,主板,801880.SI,汽车,801093.SI,汽车零部件,汽车零部件,L,20250409,533,1.46,13.4,-1.76,6.618,False,True,True,0,0,0,0,False,上市时间不足
603211.SH,603211,603211,晋拓股份,主板,沪市,主板,801880.SI,汽车,801093.SI,汽车零部件,汽车零部件,L,20220725,1522,4.17,19.78,-1.494,33.028,False,True,True,0,0,0,0,True,
603212.SH,603212,603212,赛伍技术,主板,沪市,主板,801730.SI,电力设备,801735.SI,光伏设备,光伏设备,L,20200430,2338,6.4,11.58,-2.279,11.304,False,True,True,0,0,0,0,True,
603213.SH,603213,603213,镇洋发展,主板,沪市,主板,801030.SI,基础化工,801033.SI,化学原料,化学原料,L,20211111,1778,4.87,13.62,-1.017,7.246,False,True,True,0,0,0,0,True,
603214.SH,603214,603214,爱婴室,主板,沪市,主板,801200.SI,商贸零售,801204.SI,专业连锁Ⅱ,专业连锁Ⅱ,L,20180330,3100,8.49,13.5,0.521,8.209,False,True,True,0,0,0,0,True,
603215.SH,603215,603215,比依股份,主板,沪市,主板,801110.SI,家用电器,801113.SI,小家电,小家电,L,20220218,1679,4.6,15.53,4.791,25.0,False,True,True,0,0,0,0,True,
603216.SH,603216,603216,梦天家居,主板,沪市,主板,801140.SI,轻工制造,801142.SI,家居用品,家居用品,L,20211215,1744,4.77,23.32,-0.892,15.556,False,True,True,0,0,0,0,True,
603217.SH,603217,603217,元利科技,主板,沪市,主板,801030.SI,基础化工,801034.SI,化学制品,化学制品,L,20190620,2653,7.26,28.11,-2.396,21.978,False,True,True,0,0,0,0,True,
603218.SH,603218,603218,日月股份,主板,沪市,主板,801730.SI,电力设备,801736.SI,风电设备,风电设备,L,20161228,3557,9.74,9.31,0.758,37.5,False,True,True,0,0,0,0,True,
603219.SH,603219,603219,富佳股份,主板,沪市,主板,801110.SI,家用电器,801113.SI,小家电,小家电,L,20211122,1767,4.84,12.75,-0.078,34.014,False,True,True,0,0,0,0,True,
603220.SH,603220,603220,中贝通信,主板,沪市,主板,801770.SI,通信,801223.SI,通信服务,通信服务,L,20181115,2870,7.86,18.18,-1.57,6.557,False,True,True,0,0,0,0,True,
603221.SH,603221,603221,爱丽家居,主板,沪市,主板,801140.SI,轻工制造,801142.SI,家居用品,家居用品,L,20200323,2376,6.51,30.8,-5.782,14.744,False,True,True,0,10,10,10,False,近60日停牌
603222.SH,603222,603222,济民健康,主板,沪市,主板,801150.SI,医药生物,801153.SI,医疗器械,医疗器械,L,20150217,4237,11.6,8.27,-7.494,10.714,False,True,True,0,0,0,0,True,
603223.SH,603223,603223,恒通股份,主板,沪市,主板,801960.SI,石油石化,801963.SI,炼化及贸易,炼化及贸易,L,20150630,4104,11.24,9.9,-1.099,22.115,False,True,True,0,0,0,0,True,
603225.SH,603225,603225,新凤鸣,主板,沪市,主板,801030.SI,基础化工,801032.SI,化学纤维,化学纤维,L,20170418,3446,9.43,17.07,-3.231,19.149,False,True,True,0,0,0,0,True,
603226.SH,603226,603226,菲林格尔,主板,沪市,主板,801140.SI,轻工制造,801142.SI,家居用品,家居用品,L,20170615,3388,9.28,31.0,-4.879,44.681,False,True,True,0,0,0,0,True,
603227.SH,603227,603227,雪峰科技,主板,沪市,主板,801030.SI,基础化工,801034.SI,化学制品,化学制品,L,20150515,4150,11.36,7.4,-1.596,20.513,False,True,True,0,0,0,0,True,
603228.SH,603228,603228,景旺电子,主板,沪市,主板,801080.SI,电子,801083.SI,元件,元件,L,20170106,3548,9.71,103.55,-3.63,8.403,False,True,True,0,0,0,0,True,
603229.SH,603229,603229,奥翔药业,主板,沪市,主板,801150.SI,医药生物,801151.SI,化学制药,化学制药,L,20170509,3425,9.38,8.15,-2.976,25.926,False,True,True,0,0,0,0,True,
603230.SH,603230,603230,内蒙新华,主板,沪市,主板,801760.SI,传媒,801769.SI,出版,出版,L,20211224,1735,4.75,18.47,10.006,14.286,False,True,True,0,0,0,0,True,
603231.SH,603231,603231,索宝蛋白,主板,沪市,主板,801010.SI,农林牧渔,801012.SI,农产品加工,农产品加工,L,20231215,1014,2.78,17.16,-0.058,10.976,False,True,True,0,0,0,0,True,
603232.SH,603232,603232,格尔软件,主板,沪市,主板,801750.SI,计算机,801104.SI,软件开发,软件开发,L,20170421,3443,9.43,15.93,-6.239,7.5,False,True,True,0,0,0,0,True,
603233.SH,603233,603233,大参林,主板,沪市,主板,801150.SI,医药生物,801154.SI,医药商业,医药商业,L,20170731,3342,9.15,17.55,-2.337,13.889,False,True,True,0,0,0,0,True,
603235.SH,603235,603235,天新药业,主板,沪市,主板,801030.SI,基础化工,801034.SI,化学制品,化学制品,L,20220712,1535,4.2,25.17,-0.079,12.5,False,True,True,0,0,0,0,True,
603236.SH,603236,603236,移远通信,主板,沪市,主板,801770.SI,通信,801102.SI,通信设备,通信设备,L,20190716,2627,7.19,72.68,-2.548,23.158,False,True,True,0,0,0,0,True,
603237.SH,603237,603237,五芳斋,主板,沪市,主板,801120.SI,食品饮料,801124.SI,食品加工,食品加工,L,20220831,1485,4.07,15.1,-0.461,20.667,False,True,True,0,0,0,0,True,
603238.SH,603238,603238,诺邦股份,主板,沪市,主板,801130.SI,纺织服饰,801131.SI,纺织制造,纺织制造,L,20170222,3501,9.59,12.79,1.994,7.5,False,True,True,0,0,0,0,True,
603239.SH,603239,603239,浙江仙通,主板,沪市,主板,801880.SI,汽车,801093.SI,汽车零部件,汽车零部件,L,20161230,3555,9.73,14.0,-1.269,21.127,False,True,True,0,0,0,0,True,
603248.SH,603248,603248,锡华科技,主板,沪市,主板,801730.SI,电力设备,801736.SI,风电设备,风电设备,L,20251223,275,0.75,22.54,4.886,6.335,False,True,True,0,0,0,0,False,上市时间不足
603255.SH,603255,603255,鼎际得,主板,沪市,主板,801030.SI,基础化工,801034.SI,化学制品,化学制品,L,20220818,1498,4.1,32.57,0.185,14.062,False,True,True,0,0,0,0,True,
603256.SH,603256,603256,宏和科技,主板,沪市,主板,801710.SI,建筑材料,801712.SI,玻璃玻纤,玻璃玻纤,L,20190719,2624,7.18,152.0,-3.061,19.54,False,True,True,0,0,0,0,True,
603257.SH,603257,603257,中国瑞林,主板,沪市,主板,801720.SI,建筑装饰,801726.SI,工程咨询服务Ⅱ,工程咨询服务Ⅱ,L,20250408,534,1.46,66.91,-4.917,6.0,False,True,True,0,0,0,0,False,上市时间不足
603258.SH,603258,603258,电魂网络,主板,沪市,主板,801760.SI,传媒,801764.SI,游戏Ⅱ,游戏Ⅱ,L,20161026,3620,9.91,13.92,-0.925,18.182,False,True,True,0,0,0,0,True,
603259.SH,603259,603259,药明康德,主板,沪市,主板,801150.SI,医药生物,801156.SI,医疗服务,医疗服务,L,20180508,3061,8.38,162.4,-3.305,10.28,False,True,True,0,0,0,0,True,
603260.SH,603260,603260,合盛硅业,主板,沪市,主板,801030.SI,基础化工,801034.SI,化学制品,化学制品,L,20171030,3251,8.9,31.85,-3.192,44.444,False,True,True,0,0,0,0,True,
603261.SH,603261,603261,立航科技,主板,沪市,主板,801740.SI,国防军工,801742.SI,航空装备Ⅱ,航空装备Ⅱ,L,20220315,1654,4.53,53.0,1.923,11.765,False,True,True,0,0,0,2,True,
603262.SH,603262,603262,技源集团,主板,沪市,主板,801120.SI,食品饮料,801124.SI,食品加工,食品加工,L,20250723,428,1.17,17.93,-3.654,10.556,False,True,True,0,0,0,0,False,上市时间不足
603266.SH,603266,603266,天龙股份,主板,沪市,主板,801880.SI,汽车,801093.SI,汽车零部件,汽车零部件,L,20170110,3544,9.7,18.06,-0.551,11.628,False,True,True,0,0,0,0,True,
603267.SH,603267,603267,鸿远电子,主板,沪市,主板,801740.SI,国防军工,801745.SI,军工电子Ⅱ,军工电子Ⅱ,L,20190515,2689,7.36,50.54,-2.111,7.692,False,True,True,0,0,0,0,True,
603268.SH,603268,603268,松发股份,主板,沪市,主板,801740.SI,国防军工,801744.SI,航海装备Ⅱ,航海装备Ⅱ,L,20150319,4207,11.52,215.9,0.269,13.889,False,True,True,0,0,0,0,True,
603269.SH,603269,603269,海鸥股份,主板,沪市,主板,801890.SI,机械设备,801072.SI,通用设备,通用设备,L,20170517,3417,9.36,26.03,-3.162,9.16,False,True,True,0,0,0,0,True,
603270.SH,603270,603270,金帝股份,主板,沪市,主板,801890.SI,机械设备,801072.SI,通用设备,通用设备,L,20230901,1119,3.06,35.71,-4.442,8.815,False,True,True,0,0,0,0,True,
603271.SH,603271,603271,永杰新材,主板,沪市,主板,801050.SI,有色金属,801055.SI,工业金属,工业金属,L,20250311,562,1.54,38.92,-1.692,11.848,False,True,True,0,0,0,0,False,上市时间不足
603272.SH,603272,603272,*ST联翔,主板,沪市,主板,801140.SI,轻工制造,801142.SI,家居用品,家居用品,L,20220520,1588,4.35,16.81,4.41,14.634,True,True,True,0,0,0,0,False,ST
603273.SH,603273,603273,天元智能,主板,沪市,主板,801890.SI,机械设备,801077.SI,工程机械,工程机械,L,20231023,1067,2.92,14.81,0.543,4.795,False,True,True,0,0,0,0,True,
603275.SH,603275,603275,众辰科技,主板,沪市,主板,801890.SI,机械设备,801078.SI,自动化设备,自动化设备,L,20230823,1128,3.09,37.26,0.567,6.557,False,True,True,0,0,0,0,True,
603276.SH,603276,603276,恒兴新材,主板,沪市,主板,801030.SI,基础化工,801034.SI,化学制品,化学制品,L,20230925,1095,3.0,17.91,-2.345,11.864,False,True,True,0,0,0,0,True,
603277.SH,603277,603277,银都股份,主板,沪市,主板,801890.SI,机械设备,801072.SI,通用设备,通用设备,L,20170911,3300,9.03,11.24,-2.768,46.721,False,True,True,0,0,0,0,True,
603278.SH,603278,603278,大业股份,主板,沪市,主板,801890.SI,机械设备,801072.SI,通用设备,通用设备,L,20171113,3237,8.86,9.8,9.989,6.522,False,True,True,0,0,0,0,True,
603279.SH,603279,603279,景津装备,主板,沪市,主板,801890.SI,机械设备,801072.SI,通用设备,通用设备,L,20190729,2614,7.16,10.99,-2.05,20.339,False,True,True,0,0,0,0,True,
603280.SH,603280,603280,南方路机,主板,沪市,主板,801890.SI,机械设备,801077.SI,工程机械,工程机械,L,20221108,1416,3.88,28.31,5.832,9.023,False,True,True,0,0,0,0,True,
603281.SH,603281,603281,江瀚新材,主板,沪市,主板,801030.SI,基础化工,801034.SI,化学制品,化学制品,L,20230131,1332,3.65,18.96,-3.854,36.232,False,True,True,0,0,0,0,True,
603282.SH,603282,603282,亚光股份,主板,沪市,主板,801970.SI,环保,801972.SI,环保设备Ⅱ,环保设备Ⅱ,L,20230315,1289,3.53,17.42,0.404,18.868,False,True,True,0,0,0,0,True,
603283.SH,603283,603283,赛腾股份,主板,沪市,主板,801890.SI,机械设备,801078.SI,自动化设备,自动化设备,L,20171225,3195,8.75,46.02,-1.876,6.061,False,True,True,0,0,0,0,True,
603284.SH,603284,603284,林平发展,主板,沪市,主板,801140.SI,轻工制造,801143.SI,造纸,造纸,L,20260210,226,0.62,41.03,-2.309,4.358,False,True,True,0,0,0,0,False,上市时间不足
603285.SH,603285,603285,键邦股份,主板,沪市,主板,801030.SI,基础化工,801034.SI,化学制品,化学制品,L,20240705,811,2.22,36.81,-3.614,3.968,False,True,True,0,0,0,0,True,
603286.SH,603286,603286,日盈电子,主板,沪市,主板,801880.SI,汽车,801093.SI,汽车零部件,汽车零部件,L,20170627,3376,9.24,46.06,0.196,12.162,False,True,True,0,0,0,0,True,
603288.SH,603288,603288,海天味业,主板,沪市,主板,801120.SI,食品饮料,801129.SI,调味发酵品Ⅱ,调味发酵品Ⅱ,L,20140211,4608,12.62,33.93,-0.992,106.061,False,True,True,0,0,0,0,True,
603289.SH,603289,603289,泰瑞机器,主板,沪市,主板,801890.SI,机械设备,801074.SI,专用设备,专用设备,L,20171031,3250,8.9,10.87,-2.599,23.158,False,True,True,0,0,0,0,True,
603290.SH,603290,603290,斯达半导,主板,沪市,主板,801080.SI,电子,801081.SI,半导体,半导体,L,20200204,2424,6.64,85.95,-2.363,11.538,False,True,True,0,0,0,0,True,
603291.SH,603291,603291,联合水务,主板,沪市,主板,801970.SI,环保,801971.SI,环境治理,环境治理,L,20230327,1277,3.5,8.72,-2.022,15.73,False,True,True,0,0,0,0,True,
603293.SH,603293,603293,埃泰克,主板,沪市,主板,801880.SI,汽车,801093.SI,汽车零部件,汽车零部件,L,20260416,161,0.44,36.73,-0.163,6.989,False,True,True,0,0,0,0,False,上市时间不足
603296.SH,603296,603296,华勤技术,主板,沪市,主板,801080.SI,电子,801085.SI,消费电子,消费电子,L,20230808,1143,3.13,79.11,-0.976,9.091,False,True,True,0,0,0,0,True,
603297.SH,603297,603297,永新光学,主板,沪市,主板,801080.SI,电子,801084.SI,光学光电子,光学光电子,L,20180910,2936,8.04,113.32,-1.955,20.482,False,True,True,0,0,0,0,True,
603298.SH,603298,603298,杭叉集团,主板,沪市,主板,801890.SI,机械设备,801077.SI,工程机械,工程机械,L,20161227,3558,9.74,22.72,-2.447,15.116,False,True,True,0,0,0,0,True,
603299.SH,603299,603299,苏盐井神,主板,沪市,主板,801030.SI,基础化工,801033.SI,化学原料,化学原料,L,20151231,3920,10.73,8.64,-1.37,22.581,False,True,True,0,0,0,0,True,
603300.SH,603300,603300,海南华铁,主板,沪市,主板,801790.SI,非银金融,801191.SI,多元金融,多元金融,L,20150529,4136,11.32,4.55,-0.872,8.333,False,True,True,0,0,0,0,True,
603301.SH,603301,603301,振德医疗,主板,沪市,主板,801150.SI,医药生物,801153.SI,医疗器械,医疗器械,L,20180412,3087,8.45,78.48,-3.051,11.702,False,True,True,0,0,0,0,True,
603303.SH,603303,603303,得邦照明,主板,沪市,主板,801110.SI,家用电器,801115.SI,照明设备Ⅱ,照明设备Ⅱ,L,20170330,3465,9.49,29.33,-0.068,44.578,False,True,True,0,0,0,0,True,
603305.SH,603305,603305,旭升集团,主板,沪市,主板,801880.SI,汽车,801093.SI,汽车零部件,汽车零部件,L,20170710,3363,9.21,11.17,-0.446,13.514,False,True,True,0,0,0,0,True,
603306.SH,603306,603306,华懋科技,主板,沪市,主板,801880.SI,汽车,801093.SI,汽车零部件,汽车零部件,L,20140926,4381,11.99,79.92,-4.046,13.402,False,True,True,0,0,0,0,True,
603307.SH,603307,603307,扬州金泉,主板,沪市,主板,801130.SI,纺织服饰,801132.SI,服装家纺,服装家纺,L,20230216,1316,3.6,26.2,-0.87,15.854,False,True,True,0,0,0,0,True,
603308.SH,603308,603308,应流股份,主板,沪市,主板,801890.SI,机械设备,801072.SI,通用设备,通用设备,L,20140122,4628,12.67,38.95,-2.989,12.15,False,True,True,0,0,0,0,True,
603309.SH,603309,603309,维力医疗,主板,沪市,主板,801150.SI,医药生物,801153.SI,医疗器械,医疗器械,L,20150302,4224,11.56,11.07,0.181,7.895,False,True,True,0,0,0,0,True,
603310.SH,603310,603310,巍华新材,主板,沪市,主板,801030.SI,基础化工,801034.SI,化学制品,化学制品,L,20240814,771,2.11,14.74,-0.941,7.483,False,True,True,0,0,0,0,True,
603311.SH,603311,603311,金海高科,主板,沪市,主板,801110.SI,家用电器,801116.SI,家电零部件Ⅱ,家电零部件Ⅱ,L,20150518,4147,11.35,25.89,1.689,15.385,False,True,True,0,0,0,0,True,
603312.SH,603312,603312,西典新能,主板,沪市,主板,801730.SI,电力设备,801738.SI,电网设备,电网设备,L,20240111,987,2.7,31.79,-0.031,6.604,False,True,True,0,0,0,0,True,
603313.SH,603313,603313,梦百合,主板,沪市,主板,801140.SI,轻工制造,801142.SI,家居用品,家居用品,L,20161013,3633,9.95,6.43,-2.131,9.091,False,True,True,0,0,0,0,True,
603315.SH,603315,603315,福鞍股份,主板,沪市,主板,801970.SI,环保,801971.SI,环境治理,环境治理,L,20150424,4171,11.42,10.82,-1.993,12.821,False,True,True,0,0,0,0,True,
603316.SH,603316,603316,诚邦股份,主板,沪市,主板,801720.SI,建筑装饰,801723.SI,基础建设,基础建设,L,20170619,3384,9.26,17.09,-1.042,10.588,False,True,True,0,0,0,0,True,
603317.SH,603317,603317,天味食品,主板,沪市,主板,801120.SI,食品饮料,801129.SI,调味发酵品Ⅱ,调味发酵品Ⅱ,L,20190416,2718,7.44,12.66,-1.094,13.235,False,True,True,0,0,0,0,True,
603318.SH,603318,603318,水发燃气,主板,沪市,主板,801160.SI,公用事业,801163.SI,燃气Ⅱ,燃气Ⅱ,L,20150424,4171,11.42,8.86,-1.336,10.87,False,True,True,0,0,0,0,True,
603319.SH,603319,603319,美湖股份,主板,沪市,主板,801880.SI,汽车,801093.SI,汽车零部件,汽车零部件,L,20161130,3585,9.82,30.85,-1.122,14.667,False,True,True,0,0,0,0,True,
603320.SH,603320,603320,迪贝电气,主板,沪市,主板,801730.SI,电力设备,801731.SI,电机Ⅱ,电机Ⅱ,L,20170502,3432,9.4,18.12,-1.307,11.864,False,True,True,0,0,0,0,True,
603321.SH,603321,603321,梅轮电梯,主板,沪市,主板,801890.SI,机械设备,801074.SI,专用设备,专用设备,L,20170915,3296,9.02,7.23,2.408,16.901,False,True,True,0,0,0,0,True,
603322.SH,603322,603322,超讯科技,主板,沪市,主板,801770.SI,通信,801223.SI,通信服务,通信服务,L,20160728,3710,10.16,29.12,-10.012,15.385,False,True,True,0,0,0,0,True,
603323.SH,603323,603323,苏农银行,主板,沪市,主板,801780.SI,银行,801785.SI,农商行Ⅱ,农商行Ⅱ,L,20161129,3586,9.82,4.41,0.685,6.818,False,True,True,0,0,0,0,True,
603324.SH,603324,603324,盛剑科技,主板,沪市,主板,801970.SI,环保,801972.SI,环保设备Ⅱ,环保设备Ⅱ,L,20210407,1996,5.46,26.51,-1.742,10.448,False,True,True,0,0,0,0,True,
603325.SH,603325,603325,博隆技术,主板,沪市,主板,801890.SI,机械设备,801074.SI,专用设备,专用设备,L,20240110,988,2.7,52.88,-1.196,7.778,False,True,True,0,0,0,0,True,
603326.SH,603326,603326,我乐家居,主板,沪市,主板,801140.SI,轻工制造,801142.SI,家居用品,家居用品,L,20170616,3387,9.27,7.56,0.0,19.444,False,True,True,0,0,0,0,True,
603327.SH,603327,603327,福蓉科技,主板,沪市,主板,801080.SI,电子,801085.SI,消费电子,消费电子,L,20190523,2681,7.34,8.27,-1.313,13.187,False,True,True,0,0,0,0,True,
603328.SH,603328,603328,依顿电子,主板,沪市,主板,801080.SI,电子,801083.SI,元件,元件,L,20140701,4468,12.23,14.26,-6.184,18.519,False,True,True,0,0,0,0,True,
603329.SH,603329,603329,上海雅仕,主板,沪市,主板,801170.SI,交通运输,801178.SI,物流,物流,L,20171229,3191,8.74,10.2,1.09,7.843,False,True,True,0,0,0,0,True,
603330.SH,603330,603330,天洋新材,主板,沪市,主板,801030.SI,基础化工,801036.SI,塑料,塑料,L,20170213,3510,9.61,9.81,-0.507,9.184,False,True,True,0,0,0,0,True,
603331.SH,603331,603331,百达精工,主板,沪市,主板,801890.SI,机械设备,801072.SI,通用设备,通用设备,L,20170705,3368,9.22,12.46,-1.268,12.5,False,True,True,0,0,0,0,True,
603332.SH,603332,603332,苏州龙杰,主板,沪市,主板,801030.SI,基础化工,801032.SI,化学纤维,化学纤维,L,20190117,2807,7.69,12.03,-0.579,12.174,False,True,True,0,0,0,0,True,
603333.SH,603333,603333,福华尚纬,主板,沪市,主板,801730.SI,电力设备,801738.SI,电网设备,电网设备,L,20120507,5253,14.38,9.32,-1.167,11.458,False,True,True,0,0,0,0,True,
603334.SH,603334,603334,丰倍生物,主板,沪市,主板,801030.SI,基础化工,801034.SI,化学制品,化学制品,L,20251105,323,0.88,32.08,-0.28,5.66,False,True,True,0,0,0,0,False,上市时间不足
603335.SH,603335,603335,迪生力,主板,沪市,主板,801880.SI,汽车,801093.SI,汽车零部件,汽车零部件,L,20170620,3383,9.26,6.13,-1.447,9.375,False,True,True,0,0,0,0,True,
603336.SH,603336,603336,宏辉果蔬,主板,沪市,主板,801010.SI,农林牧渔,801016.SI,种植业,种植业,L,20161124,3591,9.83,10.3,-2.922,12.871,False,True,True,0,0,0,0,True,
603337.SH,603337,603337,杰克科技,主板,沪市,主板,801890.SI,机械设备,801074.SI,专用设备,专用设备,L,20170119,3535,9.68,37.04,-1.62,19.231,False,True,True,0,0,0,0,True,
603338.SH,603338,603338,浙江鼎力,主板,沪市,主板,801890.SI,机械设备,801077.SI,工程机械,工程机械,L,20150325,4201,11.5,52.78,-2.763,16.667,False,True,True,0,0,0,0,True,
603339.SH,603339,603339,四方科技,主板,沪市,主板,801890.SI,机械设备,801072.SI,通用设备,通用设备,L,20160519,3780,10.35,12.3,-3.529,24.031,False,True,True,0,0,0,0,True,
603341.SH,603341,603341,龙旗科技,主板,沪市,主板,801080.SI,电子,801085.SI,消费电子,消费电子,L,20240301,937,2.57,37.33,-2.862,9.524,False,True,True,0,0,0,0,True,
603344.SH,603344,603344,星德胜,主板,沪市,主板,801730.SI,电力设备,801731.SI,电机Ⅱ,电机Ⅱ,L,20240320,918,2.51,22.36,-0.711,8.475,False,True,True,0,0,0,0,True,
603345.SH,603345,603345,安井食品,主板,沪市,主板,801120.SI,食品饮料,801124.SI,食品加工,食品加工,L,20170222,3501,9.59,76.93,-1.055,15.625,False,True,True,0,0,0,0,True,
603348.SH,603348,603348,文灿股份,主板,沪市,主板,801880.SI,汽车,801093.SI,汽车零部件,汽车零部件,L,20180426,3073,8.41,14.48,0.486,16.667,False,True,True,0,0,0,0,True,
603350.SH,603350,603350,安乃达,主板,沪市,主板,801730.SI,电力设备,801731.SI,电机Ⅱ,电机Ⅱ,L,20240703,813,2.23,28.31,-0.317,8.571,False,True,True,0,0,0,0,True,
603351.SH,603351,603351,威尔药业,主板,沪市,主板,801150.SI,医药生物,801151.SI,化学制药,化学制药,L,20190130,2794,7.65,27.16,-1.416,9.848,False,True,True,0,0,0,0,True,
603352.SH,603352,603352,至信股份,主板,沪市,主板,801880.SI,汽车,801093.SI,汽车零部件,汽车零部件,L,20260115,252,0.69,25.62,-0.659,9.302,False,True,True,0,0,0,0,False,上市时间不足
603353.SH,603353,603353,和顺石油,主板,沪市,主板,801960.SI,石油石化,801963.SI,炼化及贸易,炼化及贸易,L,20200407,2361,6.46,44.17,-4.456,27.027,False,True,True,0,0,0,0,True,
603355.SH,603355,603355,莱克电气,主板,沪市,主板,801110.SI,家用电器,801113.SI,小家电,小家电,L,20150513,4152,11.37,31.1,-3.953,22.414,False,True,True,0,0,0,0,True,
603356.SH,603356,603356,华菱精工,主板,沪市,主板,801890.SI,机械设备,801074.SI,专用设备,专用设备,L,20180124,3165,8.67,17.11,-1.554,11.765,False,True,True,0,0,0,0,True,
603357.SH,603357,603357,设计总院,主板,沪市,主板,801720.SI,建筑装饰,801726.SI,工程咨询服务Ⅱ,工程咨询服务Ⅱ,L,20170801,3341,9.15,5.95,-0.168,33.871,False,True,True,0,0,0,0,True,
603358.SH,603358,603358,华达科技,主板,沪市,主板,801880.SI,汽车,801093.SI,汽车零部件,汽车零部件,L,20170125,3529,9.66,44.73,-3.661,15.385,False,True,True,0,0,0,0,True,
603359.SH,603359,603359,*ST东珠,主板,沪市,主板,801720.SI,建筑装饰,801723.SI,基础建设,基础建设,L,20170901,3310,9.06,2.15,-1.376,13.043,True,True,True,0,0,0,0,False,ST
603360.SH,603360,603360,百傲化学,主板,沪市,主板,801030.SI,基础化工,801038.SI,农化制品,农化制品,L,20170206,3517,9.63,12.55,-2.259,29.851,False,True,True,0,0,0,0,True,
603363.SH,603363,603363,傲农生物,主板,沪市,主板,801010.SI,农林牧渔,801014.SI,饲料,饲料,L,20170926,3285,8.99,2.8,-2.098,13.333,False,True,True,0,0,0,0,True,
603365.SH,603365,603365,水星家纺,主板,沪市,主板,801130.SI,纺织服饰,801132.SI,服装家纺,服装家纺,L,20171120,3230,8.84,16.08,0.124,20.571,False,True,True,0,0,0,0,True,
603366.SH,603366,603366,日出东方,主板,沪市,主板,801110.SI,家用电器,801114.SI,厨卫电器,厨卫电器,L,20120521,5239,14.34,7.3,-0.409,13.514,False,True,True,0,0,0,0,True,
603367.SH,603367,603367,辰欣药业,主板,沪市,主板,801150.SI,医药生物,801151.SI,化学制药,化学制药,L,20170929,3282,8.99,14.28,-1.381,6.25,False,True,True,0,0,0,0,True,
603368.SH,603368,603368,柳药集团,主板,沪市,主板,801150.SI,医药生物,801154.SI,医药商业,医药商业,L,20141204,4312,11.81,15.17,-0.459,7.692,False,True,True,0,0,0,0,True,
603369.SH,603369,603369,今世缘,主板,沪市,主板,801120.SI,食品饮料,801125.SI,白酒Ⅱ,白酒Ⅱ,L,20140703,4466,12.23,26.92,-1.247,17.021,False,True,True,0,0,0,0,True,
603370.SH,603370,603370,华新精科,主板,沪市,主板,801730.SI,电力设备,801731.SI,电机Ⅱ,电机Ⅱ,L,20250905,384,1.05,27.97,1.931,7.194,False,True,True,0,0,0,0,False,上市时间不足
603373.SH,603373,603373,安邦护卫,主板,沪市,主板,801210.SI,社会服务,801218.SI,专业服务,专业服务,L,20231220,1009,2.76,50.8,5.922,18.033,False,True,True,0,0,0,0,True,
603375.SH,603375,603375,盛景微,主板,沪市,主板,801080.SI,电子,801081.SI,半导体,半导体,L,20240124,974,2.67,49.25,10.007,13.559,False,True,True,0,0,0,0,True,
603376.SH,603376,603376,大明电子,主板,沪市,主板,801880.SI,汽车,801093.SI,汽车零部件,汽车零部件,L,20251106,322,0.88,27.01,-0.808,7.273,False,True,True,0,0,0,0,False,上市时间不足
603377.SH,603377,603377,ST东时,主板,沪市,主板,801210.SI,社会服务,801994.SI,教育,教育,L,20160205,3884,10.63,3.19,0.631,25.0,True,True,True,0,0,0,0,False,ST
603378.SH,603378,603378,*ST亚士,主板,沪市,主板,801710.SI,建筑材料,801713.SI,装修建材,装修建材,L,20170928,3283,8.99,4.71,-3.878,34.483,True,True,True,0,0,0,0,False,ST
603379.SH,603379,603379,三美股份,主板,沪市,主板,801030.SI,基础化工,801034.SI,化学制品,化学制品,L,20190402,2732,7.48,50.03,-2.495,22.619,False,True,True,0,0,0,0,True,
603380.SH,603380,603380,易德龙,主板,沪市,主板,801080.SI,电子,801085.SI,消费电子,消费电子,L,20170622,3381,9.26,34.23,-4.01,6.977,False,True,True,0,0,0,0,True,
603381.SH,603381,603381,永臻股份,主板,沪市,主板,801730.SI,电力设备,801735.SI,光伏设备,光伏设备,L,20240626,820,2.25,14.84,-1.591,6.711,False,True,True,0,0,0,0,True,
603382.SH,603382,603382,海阳科技,主板,沪市,主板,801030.SI,基础化工,801032.SI,化学纤维,化学纤维,L,20250612,469,1.28,19.16,1.002,13.402,False,True,True,0,0,0,0,False,上市时间不足
603383.SH,603383,603383,顶点软件,主板,沪市,主板,801750.SI,计算机,801104.SI,软件开发,软件开发,L,20170522,3412,9.34,26.83,-1.288,10.417,False,True,True,0,0,0,0,True,
603385.SH,603385,603385,惠达卫浴,主板,沪市,主板,801140.SI,轻工制造,801142.SI,家居用品,家居用品,L,20170405,3459,9.47,5.69,0.708,22.222,False,True,True,0,0,0,0,True,
603386.SH,603386,603386,骏亚科技,主板,沪市,主板,801080.SI,电子,801083.SI,元件,元件,L,20170912,3299,9.03,18.47,-4.646,14.917,False,True,True,0,0,0,0,True,
603387.SH,603387,603387,基蛋生物,主板,沪市,主板,801150.SI,医药生物,801153.SI,医疗器械,医疗器械,L,20170717,3356,9.19,9.82,-1.306,13.043,False,True,True,0,0,0,0,True,
603389.SH,603389,603389,亚振家居,主板,沪市,主板,801140.SI,轻工制造,801142.SI,家居用品,家居用品,L,20161215,3570,9.77,43.82,-1.083,44.444,False,True,True,0,0,0,2,True,
603390.SH,603390,603390,通达电气,主板,沪市,主板,801880.SI,汽车,801093.SI,汽车零部件,汽车零部件,L,20191125,2495,6.83,10.58,-4.426,7.339,False,True,True,0,0,0,0,True,
603391.SH,603391,603391,力聚热能,主板,沪市,主板,801890.SI,机械设备,801074.SI,专用设备,专用设备,L,20240731,785,2.15,68.3,0.132,4.0,False,True,True,0,0,0,0,True,
603392.SH,603392,603392,万泰生物,主板,沪市,主板,801150.SI,医药生物,801152.SI,生物制品,生物制品,L,20200429,2339,6.4,26.38,-2.042,26.087,False,True,True,0,0,0,0,True,
603393.SH,603393,603393,新天然气,主板,沪市,主板,801160.SI,公用事业,801163.SI,燃气Ⅱ,燃气Ⅱ,L,20160912,3664,10.03,24.77,-1.667,10.714,False,True,True,0,0,0,0,True,
603395.SH,603395,603395,红四方,主板,沪市,主板,801030.SI,基础化工,801038.SI,农化制品,农化制品,L,20241126,667,1.83,26.01,-2.875,6.691,False,True,True,0,0,0,0,False,上市时间不足
603396.SH,603396,603396,金辰股份,主板,沪市,主板,801730.SI,电力设备,801735.SI,光伏设备,光伏设备,L,20171018,3263,8.93,35.64,10.0,25.0,False,True,True,0,0,0,0,True,
603398.SH,603398,603398,*ST沐邦,主板,沪市,主板,801730.SI,电力设备,801735.SI,光伏设备,光伏设备,L,20151209,3942,10.79,8.75,1.391,25.0,True,True,True,0,0,0,0,False,ST
603399.SH,603399,603399,永杉锂业,主板,沪市,主板,801050.SI,有色金属,801056.SI,能源金属,能源金属,L,20120824,5144,14.08,13.22,-2.363,7.971,False,True,True,0,0,0,0,True,
603400.SH,603400,603400,华之杰,主板,沪市,主板,801890.SI,机械设备,801072.SI,通用设备,通用设备,L,20250620,461,1.26,,,,False,True,False,8,8,8,8,False,上市时间不足、近60日停牌、无最新行情
603402.SH,603402,603402,陕西旅游,主板,沪市,主板,801210.SI,社会服务,801993.SI,旅游及景区,旅游及景区,L,20260106,261,0.71,60.65,-2.193,6.41,False,True,True,0,0,0,0,False,上市时间不足
603406.SH,603406,603406,天富龙,主板,沪市,主板,801030.SI,基础化工,801032.SI,化学纤维,化学纤维,L,20250808,412,1.13,27.91,-1.725,8.621,False,True,True,0,0,0,0,False,上市时间不足
603407.SH,603407,603407,长裕集团,主板,沪市,主板,801050.SI,有色金属,801054.SI,小金属,小金属,L,20260511,136,0.37,61.5,-1.961,6.536,False,True,True,0,0,0,0,False,上市时间不足
603408.SH,603408,603408,建霖家居,主板,沪市,主板,801140.SI,轻工制造,801142.SI,家居用品,家居用品,L,20200730,2247,6.15,11.69,0.0,21.053,False,True,True,0,0,0,0,True,
603409.SH,603409,603409,汇通控股,主板,沪市,主板,801880.SI,汽车,801093.SI,汽车零部件,汽车零部件,L,20250304,569,1.56,17.99,0.559,5.556,False,True,True,0,0,0,0,False,上市时间不足
603416.SH,603416,603416,信捷电气,主板,沪市,主板,801890.SI,机械设备,801078.SI,自动化设备,自动化设备,L,20161221,3564,9.76,46.37,-0.728,16.981,False,True,True,0,0,0,0,True,
603418.SH,603418,603418,友升股份,主板,沪市,主板,801880.SI,汽车,801093.SI,汽车零部件,汽车零部件,L,20250923,366,1.0,45.11,0.872,5.31,False,True,True,0,0,0,0,False,上市时间不足
603421.SH,603421,603421,鼎信通讯,主板,沪市,主板,801770.SI,通信,801102.SI,通信设备,通信设备,L,20161011,3635,9.95,6.38,-1.846,17.391,False,True,True,0,0,0,0,True,
603429.SH,603429,603429,*ST集友,主板,沪市,主板,801140.SI,轻工制造,801141.SI,包装印刷,包装印刷,L,20170124,3530,9.66,8.7,1.163,26.667,True,True,True,0,0,0,0,False,ST
603435.SH,603435,603435,嘉德利,主板,沪市,主板,801030.SI,基础化工,801036.SI,塑料,塑料,L,20260522,125,0.34,48.39,-1.746,4.065,False,True,True,0,0,0,1,False,上市时间不足
603439.SH,603439,603439,三力制药,主板,沪市,主板,801150.SI,医药生物,801155.SI,中药Ⅱ,中药Ⅱ,L,20200428,2340,6.41,13.48,-2.882,10.87,False,True,True,0,0,0,0,True,
603444.SH,603444,603444,吉比特,主板,沪市,主板,801760.SI,传媒,801764.SI,游戏Ⅱ,游戏Ⅱ,L,20170104,3550,9.72,342.0,-0.749,9.524,False,True,True,0,0,0,0,True,
603448.SH,603448,603448,天博智能,主板,沪市,主板,,,,,未分类,L,20260907,17,0.05,62.17,1.419,2.408,False,True,True,0,0,0,0,False,上市时间不足
603456.SH,603456,603456,九洲药业,主板,沪市,主板,801150.SI,医药生物,801156.SI,医疗服务,医疗服务,L,20141010,4367,11.96,16.24,-2.521,12.5,False,True,True,0,0,0,0,True,
603458.SH,603458,603458,勘设股份,主板,沪市,主板,801720.SI,建筑装饰,801726.SI,工程咨询服务Ⅱ,工程咨询服务Ⅱ,L,20170809,3333,9.13,10.81,-0.735,12.963,False,True,True,0,0,0,0,True,
603459.SH,603459,603459,红板科技,主板,沪市,主板,801080.SI,电子,801083.SI,元件,元件,L,20260408,169,0.46,85.16,-4.077,4.922,False,True,True,0,0,0,0,False,上市时间不足
603466.SH,603466,603466,风语筑,主板,沪市,主板,801760.SI,传媒,801767.SI,数字媒体,数字媒体,L,20171020,3261,8.93,12.11,-4.571,5.512,False,True,True,0,0,0,0,True,
603468.SH,603468,603468,津富士达,主板,沪市,主板,,,,,未分类,L,20260806,49,0.13,22.49,0.491,4.444,False,True,True,0,0,0,0,False,上市时间不足
603477.SH,603477,603477,巨星农牧,主板,沪市,主板,801010.SI,农林牧渔,801017.SI,养殖业,养殖业,L,20171218,3202,8.77,13.89,-2.458,10.667,False,True,True,0,0,0,0,True,
603486.SH,603486,603486,科沃斯,主板,沪市,主板,801110.SI,家用电器,801113.SI,小家电,小家电,L,20180528,3041,8.33,50.33,-0.828,20.833,False,True,True,0,0,0,0,True,
603488.SH,603488,603488,展鹏科技,主板,沪市,主板,801890.SI,机械设备,801074.SI,专用设备,专用设备,L,20170516,3418,9.36,7.91,-0.877,8.537,False,True,True,0,0,0,0,True,
603489.SH,603489,603489,八方股份,主板,沪市,主板,801730.SI,电力设备,801731.SI,电机Ⅱ,电机Ⅱ,L,20191111,2509,6.87,29.63,0.577,28.571,False,True,True,0,0,0,0,True,
603496.SH,603496,603496,恒为科技,主板,沪市,主板,801750.SI,计算机,801101.SI,计算机设备,计算机设备,L,20170607,3396,9.3,22.58,-1.826,14.103,False,True,True,0,0,0,0,True,
603499.SH,603499,603499,翔港科技,主板,沪市,主板,801140.SI,轻工制造,801141.SI,包装印刷,包装印刷,L,20171016,3265,8.94,13.18,-1.273,19.697,False,True,True,0,0,0,0,True,
603500.SH,603500,603500,祥和实业,主板,沪市,主板,801890.SI,机械设备,801076.SI,轨交设备Ⅱ,轨交设备Ⅱ,L,20170904,3307,9.05,10.42,10.032,8.421,False,True,True,0,0,0,0,True,
603501.SH,603501,603501,豪威集团,主板,沪市,主板,801080.SI,电子,801081.SI,半导体,半导体,L,20170504,3430,9.39,81.4,-1.655,25.0,False,True,True,0,0,0,0,True,
603505.SH,603505,603505,金石资源,主板,沪市,主板,801030.SI,基础化工,801034.SI,化学制品,化学制品,L,20170503,3431,9.39,14.91,-2.037,18.987,False,True,True,0,0,0,0,True,
603506.SH,603506,603506,南都物业,主板,沪市,主板,801180.SI,房地产,801183.SI,房地产服务,房地产服务,L,20180201,3157,8.64,12.08,-1.065,11.404,False,True,True,0,0,0,0,True,
603507.SH,603507,603507,振江股份,主板,沪市,主板,801730.SI,电力设备,801736.SI,风电设备,风电设备,L,20171106,3244,8.88,26.75,-3.569,16.867,False,True,True,0,0,0,0,True,
603508.SH,603508,603508,思维列控,主板,沪市,主板,801750.SI,计算机,801101.SI,计算机设备,计算机设备,L,20151224,3927,10.75,20.7,-1.146,18.182,False,True,True,0,0,0,0,True,
603511.SH,603511,603511,爱慕股份,主板,沪市,主板,801130.SI,纺织服饰,801132.SI,服装家纺,服装家纺,L,20210531,1942,5.32,12.77,2.818,28.244,False,True,True,0,0,0,0,True,
603515.SH,603515,603515,欧普照明,主板,沪市,主板,801110.SI,家用电器,801115.SI,照明设备Ⅱ,照明设备Ⅱ,L,20160819,3688,10.1,14.6,-0.409,21.053,False,True,True,0,0,0,0,True,
603516.SH,603516,603516,淳中科技,主板,沪市,主板,801750.SI,计算机,801101.SI,计算机设备,计算机设备,L,20180202,3156,8.64,82.68,-2.718,15.789,False,True,True,0,0,0,0,True,
603517.SH,603517,603517,ST绝味,主板,沪市,主板,801120.SI,食品饮料,801128.SI,休闲食品,休闲食品,L,20170317,3478,9.52,11.43,0.439,21.429,True,True,True,0,0,0,0,False,ST
603518.SH,603518,603518,锦泓集团,主板,沪市,主板,801130.SI,纺织服饰,801132.SI,服装家纺,服装家纺,L,20141203,4313,11.81,7.72,-0.258,7.595,False,True,True,0,0,0,0,True,
603519.SH,603519,603519,立霸股份,主板,沪市,主板,801110.SI,家用电器,801116.SI,家电零部件Ⅱ,家电零部件Ⅱ,L,20150319,4207,11.52,17.58,2.091,17.059,False,True,True,0,0,0,0,True,
603520.SH,603520,603520,司太立,主板,沪市,主板,801150.SI,医药生物,801151.SI,化学制药,化学制药,L,20160309,3851,10.54,8.47,-1.968,7.143,False,True,True,0,0,0,0,True,
603527.SH,603527,603527,众源新材,主板,沪市,主板,801050.SI,有色金属,801055.SI,工业金属,工业金属,L,20170907,3304,9.05,9.65,-2.82,6.0,False,True,True,0,0,0,0,True,
603528.SH,603528,603528,多伦科技,主板,沪市,主板,801750.SI,计算机,801104.SI,软件开发,软件开发,L,20160503,3796,10.39,6.5,-1.216,11.111,False,True,True,0,0,0,0,True,
603529.SH,603529,603529,爱玛科技,主板,沪市,主板,801880.SI,汽车,801881.SI,摩托车及其他,摩托车及其他,L,20210615,1927,5.28,20.88,-1.88,38.571,False,True,True,0,0,0,0,True,
603530.SH,603530,603530,神马电力,主板,沪市,主板,801730.SI,电力设备,801738.SI,电网设备,电网设备,L,20190805,2607,7.14,44.81,-2.608,29.897,False,True,True,0,0,0,0,True,
603533.SH,603533,603533,掌阅科技,主板,沪市,主板,801760.SI,传媒,801767.SI,数字媒体,数字媒体,L,20170921,3290,9.01,22.37,-0.798,5.882,False,True,True,0,0,0,0,True,
603535.SH,603535,603535,嘉诚国际,主板,沪市,主板,801170.SI,交通运输,801178.SI,物流,物流,L,20170808,3334,9.13,6.21,-0.161,35.938,False,True,True,0,0,0,0,True,
603536.SH,603536,603536,惠发食品,主板,沪市,主板,801120.SI,食品饮料,801124.SI,食品加工,食品加工,L,20170613,3390,9.28,9.91,0.405,12.371,False,True,True,0,0,0,0,True,
603538.SH,603538,603538,美诺华,主板,沪市,主板,801150.SI,医药生物,801151.SI,化学制药,化学制药,L,20170407,3457,9.46,26.76,-3.672,7.554,False,True,True,0,0,0,0,True,
603551.SH,603551,603551,奥普科技,主板,沪市,主板,801110.SI,家用电器,801114.SI,厨卫电器,厨卫电器,L,20200115,2444,6.69,9.33,0.431,23.404,False,True,True,0,0,0,0,True,
603556.SH,603556,603556,海兴电力,主板,沪市,主板,801730.SI,电力设备,801738.SI,电网设备,电网设备,L,20161110,3605,9.87,22.68,-2.072,17.46,False,True,True,0,0,0,0,True,
603557.SH,603557,603557,*ST起步,主板,沪市,主板,801130.SI,纺织服饰,801132.SI,服装家纺,服装家纺,L,20170818,3324,9.1,3.14,-3.385,33.333,True,True,True,0,0,0,0,False,ST
603558.SH,603558,603558,健盛集团,主板,沪市,主板,801130.SI,纺织服饰,801131.SI,纺织制造,纺织制造,L,20150127,4258,11.66,13.31,1.992,13.115,False,True,True,0,0,0,0,True,
603559.SH,603559,603559,中通国脉,主板,沪市,主板,801770.SI,通信,801223.SI,通信服务,通信服务,L,20161202,3583,9.81,9.09,-1.41,17.526,False,True,True,0,0,0,2,True,
603565.SH,603565,603565,中谷物流,主板,沪市,主板,801170.SI,交通运输,801992.SI,航运港口,航运港口,L,20200925,2190,6.0,11.69,-1.1,21.552,False,True,True,0,0,0,0,True,
603566.SH,603566,603566,普莱柯,主板,沪市,主板,801010.SI,农林牧渔,801018.SI,动物保健Ⅱ,动物保健Ⅱ,L,20150518,4147,11.35,10.19,-0.293,17.143,False,True,True,0,0,0,0,True,
603567.SH,603567,603567,珍宝岛,主板,沪市,主板,801150.SI,医药生物,801155.SI,中药Ⅱ,中药Ⅱ,L,20150424,4171,11.42,5.17,-2.636,22.222,False,True,True,0,0,0,0,True,
603568.SH,603568,603568,伟明环保,主板,沪市,主板,801970.SI,环保,801971.SI,环境治理,环境治理,L,20150528,4137,11.33,13.36,-2.978,38.462,False,True,True,0,0,0,0,True,
603569.SH,603569,603569,长久物流,主板,沪市,主板,801170.SI,交通运输,801178.SI,物流,物流,L,20160810,3697,10.12,5.81,0.519,21.053,False,True,True,0,0,0,0,True,
603577.SH,603577,603577,汇金通,主板,沪市,主板,801730.SI,电力设备,801738.SI,电网设备,电网设备,L,20161222,3563,9.75,9.7,0.414,14.141,False,True,True,0,0,0,0,True,
603578.SH,603578,603578,三星新材,主板,沪市,主板,801110.SI,家用电器,801116.SI,家电零部件Ⅱ,家电零部件Ⅱ,L,20170306,3489,9.55,13.83,-0.504,14.925,False,True,True,0,0,0,0,True,
603579.SH,603579,603579,荣泰健康,主板,沪市,主板,801110.SI,家用电器,801117.SI,其他家电Ⅱ,其他家电Ⅱ,L,20170111,3543,9.7,18.33,2.689,8.889,False,True,True,0,0,0,0,True,
603580.SH,603580,603580,艾艾精工,主板,沪市,主板,801030.SI,基础化工,801036.SI,塑料,塑料,L,20170525,3409,9.33,78.74,1.521,23.333,False,True,True,0,0,6,8,False,近60日停牌
603583.SH,603583,603583,捷昌驱动,主板,沪市,主板,801890.SI,机械设备,801078.SI,自动化设备,自动化设备,L,20180921,2925,8.01,28.08,-1.955,18.605,False,True,True,0,0,0,0,True,
603585.SH,603585,603585,苏利股份,主板,沪市,主板,801030.SI,基础化工,801038.SI,农化制品,农化制品,L,20161214,3571,9.78,10.36,-1.051,11.429,False,True,True,0,0,0,0,True,
603586.SH,603586,603586,金麒麟,主板,沪市,主板,801880.SI,汽车,801093.SI,汽车零部件,汽车零部件,L,20170406,3458,9.47,13.65,-0.438,29.412,False,True,True,0,0,0,0,True,
603587.SH,603587,603587,地素时尚,主板,沪市,主板,801130.SI,纺织服饰,801132.SI,服装家纺,服装家纺,L,20180622,3016,8.26,12.29,1.069,13.008,False,True,True,0,0,0,0,True,
603588.SH,603588,603588,高能环境,主板,沪市,主板,801970.SI,环保,801971.SI,环境治理,环境治理,L,20141229,4287,11.74,17.22,-0.577,18.182,False,True,True,0,0,0,0,True,
603589.SH,603589,603589,口子窖,主板,沪市,主板,801120.SI,食品饮料,801125.SI,白酒Ⅱ,白酒Ⅱ,L,20150629,4105,11.24,17.58,-2.333,15.625,False,True,True,0,0,0,0,True,
603590.SH,603590,603590,康辰药业,主板,沪市,主板,801150.SI,医药生物,801152.SI,生物制品,生物制品,L,20180827,2950,8.08,29.38,-1.805,14.516,False,True,True,0,0,0,0,True,
603595.SH,603595,603595,ST东尼,主板,沪市,主板,801080.SI,电子,801085.SI,消费电子,消费电子,L,20170712,3361,9.2,32.55,-2.252,37.778,True,True,True,0,0,0,0,False,ST
603596.SH,603596,603596,伯特利,主板,沪市,主板,801880.SI,汽车,801093.SI,汽车零部件,汽车零部件,L,20180427,3072,8.41,28.55,-0.592,15.493,False,True,True,0,0,0,0,True,
603598.SH,603598,603598,引力传媒,主板,沪市,主板,801760.SI,传媒,801765.SI,广告营销,广告营销,L,20150527,4138,11.33,18.26,-4.498,11.765,False,True,True,0,0,0,0,True,
603599.SH,603599,603599,广信股份,主板,沪市,主板,801030.SI,基础化工,801038.SI,农化制品,农化制品,L,20150513,4152,11.37,10.35,-2.358,11.429,False,True,True,0,0,0,0,True,
603600.SH,603600,603600,永艺股份,主板,沪市,主板,801140.SI,轻工制造,801142.SI,家居用品,家居用品,L,20150123,4262,11.67,10.32,0.194,12.0,False,True,True,0,0,0,0,True,
603601.SH,603601,603601,再升科技,主板,沪市,主板,801710.SI,建筑材料,801712.SI,玻璃玻纤,玻璃玻纤,L,20150122,4263,11.67,10.59,4.644,5.769,False,True,True,0,0,0,0,True,
603602.SH,603602,603602,纵横通信,主板,沪市,主板,801760.SI,传媒,801765.SI,广告营销,广告营销,L,20170810,3332,9.12,11.63,1.218,10.345,False,True,True,0,0,0,0,True,
603605.SH,603605,603605,珀莱雅,主板,沪市,主板,801980.SI,美容护理,801982.SI,化妆品,化妆品,L,20171115,3235,8.86,56.45,-0.599,10.204,False,True,True,0,0,0,0,True,
603606.SH,603606,603606,东方电缆,主板,沪市,主板,801730.SI,电力设备,801738.SI,电网设备,电网设备,L,20141015,4362,11.94,35.56,0.0,15.0,False,True,True,0,0,0,0,True,
603607.SH,603607,603607,京华激光,主板,沪市,主板,801140.SI,轻工制造,801141.SI,包装印刷,包装印刷,L,20171025,3256,8.91,23.28,-1.062,11.538,False,True,True,0,0,0,0,True,
603608.SH,603608,603608,天创时尚,主板,沪市,主板,801130.SI,纺织服饰,801132.SI,服装家纺,服装家纺,L,20160218,3871,10.6,20.34,-3.739,14.151,False,True,True,0,0,0,0,True,
603609.SH,603609,603609,禾丰股份,主板,沪市,主板,801010.SI,农林牧渔,801014.SI,饲料,饲料,L,20140808,4430,12.13,6.22,-1.893,26.562,False,True,True,0,0,0,0,True,
603610.SH,603610,603610,麒盛科技,主板,沪市,主板,801140.SI,轻工制造,801142.SI,家居用品,家居用品,L,20191029,2522,6.9,13.71,-0.146,15.278,False,True,True,0,0,0,0,True,
603611.SH,603611,603611,诺力股份,主板,沪市,主板,801890.SI,机械设备,801077.SI,工程机械,工程机械,L,20150128,4257,11.66,15.67,-0.255,20.0,False,True,True,0,0,0,0,True,
603612.SH,603612,603612,索通发展,主板,沪市,主板,801030.SI,基础化工,801039.SI,非金属材料Ⅱ,非金属材料Ⅱ,L,20170718,3355,9.19,16.09,-4.624,4.762,False,True,True,0,0,0,0,True,
603613.SH,603613,603613,国联股份,主板,沪市,主板,801200.SI,商贸零售,801206.SI,互联网电商,互联网电商,L,20190730,2613,7.15,19.66,-3.957,13.636,False,True,True,0,0,0,0,True,
603615.SH,603615,603615,茶花股份,主板,沪市,主板,801140.SI,轻工制造,801142.SI,家居用品,家居用品,L,20170213,3510,9.61,18.82,-1.518,13.83,False,True,True,0,0,0,0,True,
603616.SH,603616,603616,韩建河山,主板,沪市,主板,801710.SI,建筑材料,801711.SI,水泥,水泥,L,20150611,4123,11.29,5.6,0.179,10.714,False,True,True,0,0,0,0,True,
603617.SH,603617,603617,君禾股份,主板,沪市,主板,801890.SI,机械设备,801072.SI,通用设备,通用设备,L,20170703,3370,9.23,6.79,0.147,11.765,False,True,True,0,0,0,0,True,
603618.SH,603618,603618,杭电股份,主板,沪市,主板,801730.SI,电力设备,801738.SI,电网设备,电网设备,L,20150217,4237,11.6,36.35,-3.683,8.081,False,True,True,0,0,0,0,True,
603619.SH,603619,603619,中曼石油,主板,沪市,主板,801960.SI,石油石化,801962.SI,油服工程,油服工程,L,20171117,3233,8.85,21.35,-1.157,12.329,False,True,True,0,0,0,0,True,
603626.SH,603626,603626,科森科技,主板,沪市,主板,801080.SI,电子,801085.SI,消费电子,消费电子,L,20170209,3514,9.62,22.51,-1.617,17.544,False,True,True,0,0,0,0,True,
603628.SH,603628,603628,清源股份,主板,沪市,主板,801730.SI,电力设备,801735.SI,光伏设备,光伏设备,L,20170112,3542,9.7,10.33,0.194,12.621,False,True,True,0,0,0,0,True,
603629.SH,603629,603629,利通电子,主板,沪市,主板,801080.SI,电子,801085.SI,消费电子,消费电子,L,20181224,2831,7.75,105.89,-5.091,8.163,False,True,True,0,0,0,0,True,
603630.SH,603630,603630,拉芳家化,主板,沪市,主板,801980.SI,美容护理,801982.SI,化妆品,化妆品,L,20170313,3482,9.53,14.16,-1.53,10.417,False,True,True,0,0,0,0,True,
603633.SH,603633,603633,徕木股份,主板,沪市,主板,801080.SI,电子,801085.SI,消费电子,消费电子,L,20161117,3598,9.85,6.3,-1.099,10.938,False,True,True,0,0,0,0,True,
603636.SH,603636,603636,南威软件,主板,沪市,主板,801750.SI,计算机,801103.SI,IT服务Ⅱ,IT服务Ⅱ,L,20141230,4286,11.73,7.94,-9.875,20.0,False,True,True,0,0,0,0,True,
603637.SH,603637,603637,镇海股份,主板,沪市,主板,801720.SI,建筑装饰,801724.SI,专业工程,专业工程,L,20170208,3515,9.62,14.08,-2.561,8.219,False,True,True,0,0,0,0,True,
603638.SH,603638,603638,艾迪精密,主板,沪市,主板,801890.SI,机械设备,801077.SI,工程机械,工程机械,L,20170120,3534,9.68,19.34,2.708,31.25,False,True,True,0,0,0,0,True,
603639.SH,603639,603639,海利尔,主板,沪市,主板,801030.SI,基础化工,801038.SI,农化制品,农化制品,L,20170112,3542,9.7,10.41,-0.192,28.44,False,True,True,0,0,0,0,True,
603648.SH,603648,603648,畅联股份,主板,沪市,主板,801170.SI,交通运输,801178.SI,物流,物流,L,20170913,3298,9.03,9.7,0.518,11.957,False,True,True,0,0,0,0,True,
603650.SH,603650,603650,彤程新材,主板,沪市,主板,801030.SI,基础化工,801037.SI,橡胶,橡胶,L,20180627,3011,8.24,68.68,-0.794,15.044,False,True,True,0,0,0,0,True,
603655.SH,603655,603655,朗博科技,主板,沪市,主板,801880.SI,汽车,801093.SI,汽车零部件,汽车零部件,L,20171229,3191,8.74,32.66,-0.427,15.19,False,True,True,0,0,0,0,True,
603656.SH,603656,603656,泰禾智能,主板,沪市,主板,801890.SI,机械设备,801074.SI,专用设备,专用设备,L,20170321,3474,9.51,17.56,-0.057,8.621,False,True,True,0,0,0,0,True,
603657.SH,603657,603657,春光科技,主板,沪市,主板,801110.SI,家用电器,801116.SI,家电零部件Ⅱ,家电零部件Ⅱ,L,20180730,2978,8.15,35.7,-2.566,33.333,False,True,True,0,0,0,0,True,
603658.SH,603658,603658,安图生物,主板,沪市,主板,801150.SI,医药生物,801153.SI,医疗器械,医疗器械,L,20160901,3675,10.06,33.65,-2.294,14.286,False,True,True,0,0,0,0,True,
603659.SH,603659,603659,璞泰来,主板,沪市,主板,801730.SI,电力设备,801737.SI,电池,电池,L,20171103,3247,8.89,21.5,-2.45,28.333,False,True,True,0,0,0,0,True,
603660.SH,603660,603660,苏州科达,主板,沪市,主板,801750.SI,计算机,801101.SI,计算机设备,计算机设备,L,20161201,3584,9.81,9.64,-1.128,21.212,False,True,True,0,0,0,0,True,
603661.SH,603661,603661,恒林股份,主板,沪市,主板,801140.SI,轻工制造,801142.SI,家居用品,家居用品,L,20171121,3229,8.84,35.05,-1.628,13.58,False,True,True,0,0,0,0,True,
603662.SH,603662,603662,柯力传感,主板,沪市,主板,801890.SI,机械设备,801072.SI,通用设备,通用设备,L,20190806,2606,7.13,49.31,-0.805,17.187,False,True,True,0,0,0,0,True,
603663.SH,603663,603663,三祥新材,主板,沪市,主板,801030.SI,基础化工,801033.SI,化学原料,化学原料,L,20160801,3706,10.15,48.2,2.553,15.909,False,True,True,0,0,0,0,True,
603665.SH,603665,603665,康隆达,主板,沪市,主板,801130.SI,纺织服饰,801132.SI,服装家纺,服装家纺,L,20170313,3482,9.53,22.37,1.222,25.0,False,True,True,0,0,0,0,True,
603666.SH,603666,603666,亿嘉和,主板,沪市,主板,801890.SI,机械设备,801078.SI,自动化设备,自动化设备,L,20180612,3026,8.28,27.12,-2.235,9.302,False,True,True,0,0,0,0,True,
603667.SH,603667,603667,五洲新春,主板,沪市,主板,801890.SI,机械设备,801072.SI,通用设备,通用设备,L,20161025,3621,9.91,50.65,1.932,5.882,False,True,True,0,0,0,0,True,
603668.SH,603668,603668,天马科技,主板,沪市,主板,801010.SI,农林牧渔,801014.SI,饲料,饲料,L,20170117,3537,9.68,12.18,-0.814,20.325,False,True,True,0,0,0,0,True,
603669.SH,603669,603669,灵康药业,主板,沪市,主板,801150.SI,医药生物,801151.SI,化学制药,化学制药,L,20150528,4137,11.33,5.9,-1.993,12.281,False,True,True,0,0,0,0,True,
603676.SH,603676,603676,卫信康,主板,沪市,主板,801150.SI,医药生物,801151.SI,化学制药,化学制药,L,20170721,3352,9.18,8.85,-1.007,25.806,False,True,True,0,0,0,0,True,
603677.SH,603677,603677,奇精机械,主板,沪市,主板,801110.SI,家用电器,801116.SI,家电零部件Ⅱ,家电零部件Ⅱ,L,20170206,3517,9.63,14.44,0.208,18.841,False,True,True,0,0,0,0,True,
603678.SH,603678,603678,火炬电子,主板,沪市,主板,801740.SI,国防军工,801745.SI,军工电子Ⅱ,军工电子Ⅱ,L,20150126,4259,11.66,48.05,-3.861,9.677,False,True,True,0,0,0,0,True,
603679.SH,603679,603679,华体科技,主板,沪市,主板,801080.SI,电子,801084.SI,光学光电子,光学光电子,L,20170621,3382,9.26,22.61,-3.787,15.261,False,True,True,0,0,0,0,True,
603680.SH,603680,603680,今创集团,主板,沪市,主板,801890.SI,机械设备,801076.SI,轨交设备Ⅱ,轨交设备Ⅱ,L,20180227,3131,8.57,9.99,-2.155,44.231,False,True,True,0,0,0,0,True,
603681.SH,603681,603681,永冠新材,主板,沪市,主板,801030.SI,基础化工,801034.SI,化学制品,化学制品,L,20190326,2739,7.5,19.86,0.0,9.524,False,True,True,0,0,0,0,True,
603682.SH,603682,603682,锦和商管,主板,沪市,主板,801200.SI,商贸零售,801203.SI,一般零售,一般零售,L,20200421,2347,6.43,9.65,-1.127,20.0,False,True,True,0,0,0,0,True,
603683.SH,603683,603683,晶华新材,主板,沪市,主板,801030.SI,基础化工,801034.SI,化学制品,化学制品,L,20171020,3261,8.93,16.19,-2.352,5.556,False,True,True,0,0,0,0,True,
603685.SH,603685,603685,晨丰科技,主板,沪市,主板,801080.SI,电子,801084.SI,光学光电子,光学光电子,L,20171127,3223,8.82,25.79,-0.731,20.438,False,True,True,0,0,0,0,True,
603686.SH,603686,603686,福龙马,主板,沪市,主板,801970.SI,环保,801971.SI,环境治理,环境治理,L,20150126,4259,11.66,14.82,4.883,8.333,False,True,True,0,0,0,0,True,
603687.SH,603687,603687,大胜达,主板,沪市,主板,801140.SI,轻工制造,801141.SI,包装印刷,包装印刷,L,20190726,2617,7.16,14.97,-2.221,10.127,False,True,True,0,0,0,0,True,
603688.SH,603688,603688,石英股份,主板,沪市,主板,801030.SI,基础化工,801039.SI,非金属材料Ⅱ,非金属材料Ⅱ,L,20141031,4346,11.9,48.19,-3.812,9.836,False,True,True,0,0,0,0,True,
603689.SH,603689,603689,皖天然气,主板,沪市,主板,801160.SI,公用事业,801163.SI,燃气Ⅱ,燃气Ⅱ,L,20170110,3544,9.7,7.58,-0.132,9.091,False,True,True,0,0,0,0,True,
603690.SH,603690,603690,至纯科技,主板,沪市,主板,801080.SI,电子,801081.SI,半导体,半导体,L,20170113,3541,9.69,24.3,0.247,6.173,False,True,True,0,0,0,0,True,
603693.SH,603693,603693,江苏新能,主板,沪市,主板,801160.SI,公用事业,801161.SI,电力,电力,L,20180703,3005,8.23,11.49,-1.034,23.387,False,True,True,0,0,0,0,True,
603696.SH,603696,603696,安记食品,主板,沪市,主板,801120.SI,食品饮料,801129.SI,调味发酵品Ⅱ,调味发酵品Ⅱ,L,20151209,3942,10.79,14.03,1.52,17.143,False,True,True,0,0,0,0,True,
603697.SH,603697,603697,有友食品,主板,沪市,主板,801120.SI,食品饮料,801128.SI,休闲食品,休闲食品,L,20190508,2696,7.38,9.07,0.11,12.632,False,True,True,0,0,0,0,True,
603698.SH,603698,603698,航天工程,主板,沪市,主板,801890.SI,机械设备,801074.SI,专用设备,专用设备,L,20150128,4257,11.66,20.95,-1.179,11.111,False,True,True,0,0,0,0,True,
603699.SH,603699,603699,纽威股份,主板,沪市,主板,801890.SI,机械设备,801072.SI,通用设备,通用设备,L,20140117,4633,12.68,42.5,-4.837,28.916,False,True,True,0,0,0,0,True,
603700.SH,603700,603700,宁水集团,主板,沪市,主板,801890.SI,机械设备,801072.SI,通用设备,通用设备,L,20190122,2802,7.67,11.87,2.593,6.838,False,True,True,0,0,0,0,True,
603701.SH,603701,603701,德宏股份,主板,沪市,主板,801880.SI,汽车,801093.SI,汽车零部件,汽车零部件,L,20160412,3817,10.45,18.81,-2.488,17.172,False,True,True,0,0,0,0,True,
603703.SH,603703,603703,盛洋科技,主板,沪市,主板,801080.SI,电子,801084.SI,光学光电子,光学光电子,L,20150423,4172,11.42,10.23,-1.917,9.804,False,True,True,0,0,0,0,True,
603706.SH,603706,603706,东方环宇,主板,沪市,主板,801160.SI,公用事业,801163.SI,燃气Ⅱ,燃气Ⅱ,L,20180709,2999,8.21,17.12,0.058,19.048,False,True,True,0,0,0,0,True,
603707.SH,603707,603707,健友股份,主板,沪市,主板,801150.SI,医药生物,801151.SI,化学制药,化学制药,L,20170719,3354,9.18,7.7,-2.655,25.926,False,True,True,0,0,0,0,True,
603708.SH,603708,603708,家家悦,主板,沪市,主板,801200.SI,商贸零售,801203.SI,一般零售,一般零售,L,20161213,3572,9.78,8.85,-0.673,20.833,False,True,True,0,0,0,0,True,
603709.SH,603709,603709,中源家居,主板,沪市,主板,801140.SI,轻工制造,801142.SI,家居用品,家居用品,L,20180208,3150,8.62,12.81,0.866,10.744,False,True,True,0,0,0,0,True,
603711.SH,603711,603711,香飘飘,主板,沪市,主板,801120.SI,食品饮料,801127.SI,饮料乳品,饮料乳品,L,20171130,3220,8.82,11.74,-0.508,11.864,False,True,True,0,0,0,0,True,
603712.SH,603712,603712,七一二,主板,沪市,主板,801740.SI,国防军工,801745.SI,军工电子Ⅱ,军工电子Ⅱ,L,20180226,3132,8.57,11.41,-1.127,8.696,False,True,True,0,0,0,0,True,
603713.SH,603713,603713,密尔克卫,主板,沪市,主板,801170.SI,交通运输,801178.SI,物流,物流,L,20180713,2995,8.2,69.43,2.662,10.638,False,True,True,0,0,0,0,True,
603716.SH,603716,603716,塞力医疗,主板,沪市,主板,801150.SI,医药生物,801154.SI,医药商业,医药商业,L,20161031,3615,9.9,17.27,2.736,7.602,False,True,True,0,0,0,0,True,
603717.SH,603717,603717,天域生物,主板,沪市,主板,801010.SI,农林牧渔,801017.SI,养殖业,养殖业,L,20170327,3468,9.49,5.93,1.022,13.115,False,True,True,0,0,0,0,True,
603718.SH,603718,603718,*ST海利,主板,沪市,主板,801150.SI,医药生物,801153.SI,医疗器械,医疗器械,L,20150515,4150,11.36,3.07,0.0,14.286,True,True,True,0,0,0,0,False,ST
603719.SH,603719,603719,良品铺子,主板,沪市,主板,801120.SI,食品饮料,801128.SI,休闲食品,休闲食品,L,20200224,2404,6.58,9.07,-0.874,15.385,False,True,True,0,0,0,0,True,
603721.SH,603721,603721,中广天择,主板,沪市,主板,801760.SI,传媒,801766.SI,影视院线,影视院线,L,20170811,3331,9.12,18.19,-0.219,12.903,False,True,True,0,0,0,8,True,
603722.SH,603722,603722,阿科力,主板,沪市,主板,801030.SI,基础化工,801034.SI,化学制品,化学制品,L,20171025,3256,8.91,29.67,-0.703,21.667,False,True,True,0,0,2,6,False,近60日停牌
603725.SH,603725,603725,天安新材,主板,沪市,主板,801140.SI,轻工制造,801142.SI,家居用品,家居用品,L,20170906,3305,9.05,11.39,-4.845,13.043,False,True,True,0,0,0,0,True,
603726.SH,603726,603726,朗迪集团,主板,沪市,主板,801110.SI,家用电器,801116.SI,家电零部件Ⅱ,家电零部件Ⅱ,L,20160421,3808,10.43,24.38,-1.455,6.667,False,True,True,0,0,0,0,True,
603727.SH,603727,603727,博迈科,主板,沪市,主板,801960.SI,石油石化,801962.SI,油服工程,油服工程,L,20161122,3593,9.84,18.24,0.055,15.909,False,True,True,0,0,0,0,True,
603728.SH,603728,603728,鸣志电器,主板,沪市,主板,801730.SI,电力设备,801731.SI,电机Ⅱ,电机Ⅱ,L,20170509,3425,9.38,51.07,1.672,23.81,False,True,True,0,0,0,0,True,
603729.SH,603729,603729,ST龙韵,主板,沪市,主板,801760.SI,传媒,801765.SI,广告营销,广告营销,L,20150324,4202,11.5,12.51,-0.872,23.276,True,True,True,0,0,0,0,False,ST
603730.SH,603730,603730,岱美股份,主板,沪市,主板,801880.SI,汽车,801093.SI,汽车零部件,汽车零部件,L,20170728,3345,9.16,10.03,3.189,28.972,False,True,True,0,0,0,0,True,
603733.SH,603733,603733,仙鹤股份,主板,沪市,主板,801140.SI,轻工制造,801143.SI,造纸,造纸,L,20180420,3079,8.43,18.87,-0.053,24.638,False,True,True,0,0,0,0,True,
603737.SH,603737,603737,三棵树,主板,沪市,主板,801710.SI,建筑材料,801713.SI,装修建材,装修建材,L,20160603,3765,10.31,21.5,-1.512,44.444,False,True,True,0,0,0,0,True,
603738.SH,603738,603738,泰晶科技,主板,沪市,主板,801080.SI,电子,801083.SI,元件,元件,L,20160928,3648,9.99,37.8,-1.125,8.511,False,True,True,0,0,0,0,True,
603739.SH,603739,603739,蔚蓝生物,主板,沪市,主板,801030.SI,基础化工,801034.SI,化学制品,化学制品,L,20190116,2808,7.69,12.85,-1.381,9.524,False,True,True,0,0,0,0,True,
603755.SH,603755,603755,日辰股份,主板,沪市,主板,801120.SI,食品饮料,801129.SI,调味发酵品Ⅱ,调味发酵品Ⅱ,L,20190828,2584,7.07,25.22,4.387,12.195,False,True,True,0,0,0,0,True,
603757.SH,603757,603757,大元泵业,主板,沪市,主板,801890.SI,机械设备,801072.SI,通用设备,通用设备,L,20170711,3362,9.2,68.05,-2.647,11.404,False,True,True,0,0,0,0,True,
603758.SH,603758,603758,秦安股份,主板,沪市,主板,801880.SI,汽车,801093.SI,汽车零部件,汽车零部件,L,20170517,3417,9.36,10.91,-1.088,14.912,False,True,True,0,0,0,0,True,
603759.SH,603759,603759,海天股份,主板,沪市,主板,801970.SI,环保,801971.SI,环境治理,环境治理,L,20210326,2008,5.5,7.81,-1.513,23.684,False,True,True,0,0,0,0,True,
603766.SH,603766,603766,隆鑫通用,主板,沪市,主板,801880.SI,汽车,801881.SI,摩托车及其他,摩托车及其他,L,20120810,5158,14.12,14.55,-0.069,17.857,False,True,True,0,0,0,0,True,
603767.SH,603767,603767,中马传动,主板,沪市,主板,801880.SI,汽车,801093.SI,汽车零部件,汽车零部件,L,20170613,3390,9.28,14.74,10.0,16.667,False,True,True,0,0,0,0,True,
603768.SH,603768,603768,常青股份,主板,沪市,主板,801880.SI,汽车,801093.SI,汽车零部件,汽车零部件,L,20170324,3471,9.5,11.57,0.0,16.071,False,True,True,0,0,0,0,True,
603773.SH,603773,603773,沃格光电,主板,沪市,主板,801080.SI,电子,801084.SI,光学光电子,光学光电子,L,20180417,3082,8.44,97.7,-4.683,6.579,False,True,True,0,0,0,0,True,
603776.SH,603776,603776,永安行,主板,沪市,主板,801880.SI,汽车,801881.SI,摩托车及其他,摩托车及其他,L,20170817,3325,9.1,21.15,1.536,11.765,False,True,True,0,0,0,0,True,
603777.SH,603777,603777,来伊份,主板,沪市,主板,801120.SI,食品饮料,801128.SI,休闲食品,休闲食品,L,20161012,3634,9.95,14.31,-1.31,10.714,False,True,True,0,0,0,0,True,
603778.SH,603778,603778,国晟科技,主板,沪市,主板,801720.SI,建筑装饰,801723.SI,基础建设,基础建设,L,20151231,3920,10.73,8.36,-2.791,13.043,False,True,True,0,0,0,0,True,
603779.SH,603779,603779,威龙股份,主板,沪市,主板,801120.SI,食品饮料,801126.SI,非白酒,非白酒,L,20160516,3783,10.36,8.15,-1.807,8.434,False,True,True,0,0,0,0,True,
603786.SH,603786,603786,科博达,主板,沪市,主板,801880.SI,汽车,801093.SI,汽车零部件,汽车零部件,L,20191015,2536,6.94,37.53,-1.028,60.0,False,True,True,0,0,0,0,True,
603787.SH,603787,603787,新日股份,主板,沪市,主板,801880.SI,汽车,801881.SI,摩托车及其他,摩托车及其他,L,20170427,3437,9.41,10.46,0.577,9.091,False,True,True,0,0,0,0,True,
603788.SH,603788,603788,宁波高发,主板,沪市,主板,801880.SI,汽车,801093.SI,汽车零部件,汽车零部件,L,20150120,4265,11.68,13.74,-0.218,18.571,False,True,True,0,0,0,0,True,
603789.SH,603789,603789,ST星农,主板,沪市,主板,801890.SI,机械设备,801074.SI,专用设备,专用设备,L,20150427,4168,11.41,5.85,-1.681,13.333,True,True,True,0,0,0,6,False,ST
603790.SH,603790,603790,雅运股份,主板,沪市,主板,801030.SI,基础化工,801034.SI,化学制品,化学制品,L,20180912,2934,8.03,25.47,-1.963,16.25,False,True,True,0,0,0,0,True,
603797.SH,603797,603797,联泰环保,主板,沪市,主板,801970.SI,环保,801971.SI,环境治理,环境治理,L,20170413,3451,9.45,4.9,-0.81,8.333,False,True,True,0,0,0,0,True,
603798.SH,603798,603798,康普顿,主板,沪市,主板,801960.SI,石油石化,801963.SI,炼化及贸易,炼化及贸易,L,20160406,3823,10.47,13.82,1.917,14.925,False,True,True,0,0,0,0,True,
603799.SH,603799,603799,华友钴业,主板,沪市,主板,801050.SI,有色金属,801056.SI,能源金属,能源金属,L,20150129,4256,11.65,35.42,-2.074,18.75,False,True,True,0,0,0,0,True,
603800.SH,603800,603800,洪田股份,主板,沪市,主板,801890.SI,机械设备,801074.SI,专用设备,专用设备,L,20151210,3941,10.79,58.59,-0.374,16.216,False,True,True,0,0,0,0,True,
603801.SH,603801,603801,志邦家居,主板,沪市,主板,801140.SI,轻工制造,801142.SI,家居用品,家居用品,L,20170630,3373,9.23,6.2,0.162,12.5,False,True,True,0,0,0,0,True,
603803.SH,603803,603803,瑞斯康达,主板,沪市,主板,801770.SI,通信,801102.SI,通信设备,通信设备,L,20170420,3444,9.43,12.34,-4.118,13.675,False,True,True,0,0,0,0,True,
603806.SH,603806,603806,福斯特,主板,沪市,主板,801730.SI,电力设备,801735.SI,光伏设备,光伏设备,L,20140905,4402,12.05,13.9,-2.797,20.0,False,True,True,0,0,0,0,True,
603808.SH,603808,603808,歌力思,主板,沪市,主板,801130.SI,纺织服饰,801132.SI,服装家纺,服装家纺,L,20150422,4173,11.43,8.95,2.169,17.857,False,True,True,0,0,0,0,True,
603809.SH,603809,603809,豪能股份,主板,沪市,主板,801880.SI,汽车,801093.SI,汽车零部件,汽车零部件,L,20171128,3222,8.82,8.63,-0.576,20.879,False,True,True,0,0,0,0,True,
603810.SH,603810,603810,丰山集团,主板,沪市,主板,801030.SI,基础化工,801038.SI,农化制品,农化制品,L,20180917,2929,8.02,12.01,0.502,13.333,False,True,True,0,0,0,0,True,
603811.SH,603811,603811,诚意药业,主板,沪市,主板,801150.SI,医药生物,801151.SI,化学制药,化学制药,L,20170315,3480,9.53,6.87,-1.293,13.889,False,True,True,0,0,0,0,True,
603813.SH,603813,603813,原尚股份,主板,沪市,主板,801170.SI,交通运输,801178.SI,物流,物流,L,20170918,3293,9.02,26.72,4.784,34.177,False,True,True,0,0,0,2,True,
603815.SH,603815,603815,交建股份,主板,沪市,主板,801720.SI,建筑装饰,801723.SI,基础建设,基础建设,L,20191021,2530,6.93,5.09,-0.391,18.519,False,True,True,0,0,0,0,True,
603816.SH,603816,603816,顾家家居,主板,沪市,主板,801140.SI,轻工制造,801142.SI,家居用品,家居用品,L,20161014,3632,9.94,22.55,0.49,25.0,False,True,True,0,0,0,0,True,
603817.SH,603817,603817,海峡环保,主板,沪市,主板,801970.SI,环保,801971.SI,环境治理,环境治理,L,20170220,3503,9.59,6.16,6.39,6.897,False,True,True,0,0,0,0,True,
603818.SH,603818,603818,曲美家居,主板,沪市,主板,801140.SI,轻工制造,801142.SI,家居用品,家居用品,L,20150422,4173,11.43,3.88,1.571,8.333,False,True,True,0,0,0,0,True,
603819.SH,603819,603819,神力股份,主板,沪市,主板,801730.SI,电力设备,801731.SI,电机Ⅱ,电机Ⅱ,L,20161125,3590,9.83,16.76,4.294,17.391,False,True,True,0,0,0,0,True,
603822.SH,603822,603822,ST嘉澳,主板,沪市,主板,801030.SI,基础化工,801034.SI,化学制品,化学制品,L,20160428,3801,10.41,62.42,-0.367,32.759,True,True,True,0,0,0,0,False,ST
603823.SH,603823,603823,百合花,主板,沪市,主板,801030.SI,基础化工,801034.SI,化学制品,化学制品,L,20161220,3565,9.76,45.42,-10.006,28.261,False,True,True,0,0,0,0,True,
603825.SH,603825,603825,ST华扬,主板,沪市,主板,801760.SI,传媒,801765.SI,广告营销,广告营销,L,20170802,3340,9.14,7.81,0.128,26.316,True,True,True,0,0,0,0,False,ST
603826.SH,603826,603826,坤彩科技,主板,沪市,主板,801030.SI,基础化工,801039.SI,非金属材料Ⅱ,非金属材料Ⅱ,L,20170414,3450,9.45,17.02,-0.351,35.294,False,True,True,0,0,0,0,True,
603828.SH,603828,603828,*ST利达,主板,沪市,主板,801720.SI,建筑装饰,801722.SI,装修装饰Ⅱ,装修装饰Ⅱ,L,20150226,4228,11.58,6.1,-0.974,42.593,True,True,True,0,0,0,0,False,ST
603829.SH,603829,603829,洛凯股份,主板,沪市,主板,801730.SI,电力设备,801738.SI,电网设备,电网设备,L,20171017,3264,8.94,15.6,0.064,7.843,False,True,True,0,0,0,0,True,
603833.SH,603833,603833,欧派家居,主板,沪市,主板,801140.SI,轻工制造,801142.SI,家居用品,家居用品,L,20170328,3467,9.49,29.36,-2.133,70.37,False,True,True,0,0,0,0,True,
603836.SH,603836,603836,海程邦达,主板,沪市,主板,801170.SI,交通运输,801178.SI,物流,物流,L,20210526,1947,5.33,9.5,-0.524,13.187,False,True,True,0,0,0,0,True,
603838.SH,603838,603838,*ST四通,主板,沪市,主板,801140.SI,轻工制造,801142.SI,家居用品,家居用品,L,20150701,4103,11.23,13.24,-3.919,51.02,True,True,True,0,0,0,0,False,ST
603839.SH,603839,603839,安正时尚,主板,沪市,主板,801130.SI,纺织服饰,801132.SI,服装家纺,服装家纺,L,20170214,3509,9.61,6.9,0.0,11.765,False,True,True,0,0,0,0,True,
603843.SH,603843,603843,*ST正平,主板,沪市,主板,801720.SI,建筑装饰,801723.SI,基础建设,基础建设,L,20160905,3671,10.05,6.33,-4.091,15.942,True,True,True,0,0,0,0,False,ST
603848.SH,603848,603848,好太太,主板,沪市,主板,801140.SI,轻工制造,801142.SI,家居用品,家居用品,L,20171201,3219,8.81,13.32,-1.697,36.957,False,True,True,0,0,0,0,True,
603855.SH,603855,603855,华荣股份,主板,沪市,主板,801890.SI,机械设备,801074.SI,专用设备,专用设备,L,20170524,3410,9.34,16.94,1.074,14.286,False,True,True,0,0,0,0,True,
603856.SH,603856,603856,东宏股份,主板,沪市,主板,801710.SI,建筑材料,801713.SI,装修建材,装修建材,L,20171106,3244,8.88,11.72,0.085,14.655,False,True,True,0,0,0,0,True,
603858.SH,603858,603858,步长制药,主板,沪市,主板,801150.SI,医药生物,801155.SI,中药Ⅱ,中药Ⅱ,L,20161118,3597,9.85,14.52,-1.09,16.129,False,True,True,0,0,0,0,True,
603859.SH,603859,603859,能科科技,主板,沪市,主板,801750.SI,计算机,801103.SI,IT服务Ⅱ,IT服务Ⅱ,L,20161021,3625,9.92,40.13,-2.336,11.34,False,True,True,0,0,0,0,True,
603860.SH,603860,603860,中公高科,主板,沪市,主板,801720.SI,建筑装饰,801726.SI,工程咨询服务Ⅱ,工程咨询服务Ⅱ,L,20170802,3340,9.14,26.39,0.342,11.628,False,True,True,0,0,0,0,True,
603861.SH,603861,603861,白云电器,主板,沪市,主板,801730.SI,电力设备,801738.SI,电网设备,电网设备,L,20160322,3838,10.51,10.95,-0.364,12.821,False,True,True,0,0,0,0,True,
603863.SH,603863,603863,松炀资源,主板,沪市,主板,801140.SI,轻工制造,801143.SI,造纸,造纸,L,20190621,2652,7.26,12.33,-2.22,9.677,False,True,True,0,0,0,0,True,
603866.SH,603866,603866,桃李面包,主板,沪市,主板,801120.SI,食品饮料,801128.SI,休闲食品,休闲食品,L,20151222,3929,10.76,4.15,0.241,20.0,False,True,True,0,0,0,0,True,
603867.SH,603867,603867,新化股份,主板,沪市,主板,801030.SI,基础化工,801034.SI,化学制品,化学制品,L,20190627,2646,7.24,34.97,-3.05,22.0,False,True,True,0,0,0,0,True,
603868.SH,603868,603868,飞科电器,主板,沪市,主板,801110.SI,家用电器,801113.SI,小家电,小家电,L,20160418,3811,10.43,31.0,-0.832,45.614,False,True,True,0,0,0,0,True,
603869.SH,603869,603869,ST智知,主板,沪市,主板,801750.SI,计算机,801103.SI,IT服务Ⅱ,IT服务Ⅱ,L,20150326,4200,11.5,8.52,-0.234,41.379,True,True,True,0,0,0,0,False,ST
603871.SH,603871,603871,嘉友国际,主板,沪市,主板,801170.SI,交通运输,801178.SI,物流,物流,L,20180206,3152,8.63,12.07,-0.822,19.048,False,True,True,0,0,0,0,True,
603876.SH,603876,603876,鼎胜新材,主板,沪市,主板,801050.SI,有色金属,801055.SI,工业金属,工业金属,L,20180418,3081,8.44,17.94,-2.288,21.739,False,True,True,0,0,0,0,True,
603877.SH,603877,603877,太平鸟,主板,沪市,主板,801130.SI,纺织服饰,801132.SI,服装家纺,服装家纺,L,20170109,3545,9.71,11.85,0.085,24.242,False,True,True,0,0,0,0,True,
603878.SH,603878,603878,武进不锈,主板,沪市,主板,801040.SI,钢铁,801044.SI,普钢,普钢,L,20161219,3566,9.76,4.86,0.0,8.0,False,True,True,0,0,0,0,True,
603879.SH,603879,603879,永悦科技,主板,沪市,主板,801030.SI,基础化工,801036.SI,塑料,塑料,L,20170614,3389,9.28,4.9,0.616,11.765,False,True,True,0,0,0,0,True,
603880.SH,603880,603880,南卫股份,主板,沪市,主板,801150.SI,医药生物,801153.SI,医疗器械,医疗器械,L,20170807,3335,9.13,9.12,-1.935,10.638,False,True,True,0,0,0,0,True,
603881.SH,603881,603881,数据港,主板,沪市,主板,801770.SI,通信,801223.SI,通信服务,通信服务,L,20170208,3515,9.62,23.95,-2.285,15.2,False,True,True,0,0,0,0,True,
603882.SH,603882,603882,金域医学,主板,沪市,主板,801150.SI,医药生物,801156.SI,医疗服务,医疗服务,L,20170908,3303,9.04,29.39,1.101,13.043,False,True,True,0,0,0,0,True,
603883.SH,603883,603883,老百姓,主板,沪市,主板,801150.SI,医药生物,801154.SI,医药商业,医药商业,L,20150423,4172,11.42,12.95,0.388,9.375,False,True,True,0,0,0,0,True,
603885.SH,603885,603885,吉祥航空,主板,沪市,主板,801170.SI,交通运输,801991.SI,航空机场,航空机场,L,20150527,4138,11.33,9.91,-2.843,16.822,False,True,True,0,0,0,0,True,
603886.SH,603886,603886,元祖股份,主板,沪市,主板,801120.SI,食品饮料,801128.SI,休闲食品,休闲食品,L,20161228,3557,9.74,12.5,-1.029,11.382,False,True,True,0,0,0,0,True,
603887.SH,603887,603887,城地香江,主板,沪市,主板,801750.SI,计算机,801103.SI,IT服务Ⅱ,IT服务Ⅱ,L,20161010,3636,9.95,8.65,-1.704,9.783,False,True,True,0,0,0,0,True,
603888.SH,603888,603888,新华网,主板,沪市,主板,801760.SI,传媒,801767.SI,数字媒体,数字媒体,L,20161028,3618,9.91,17.58,-1.18,11.864,False,True,True,0,0,0,0,True,
603889.SH,603889,603889,新澳股份,主板,沪市,主板,801130.SI,纺织服饰,801131.SI,纺织制造,纺织制造,L,20141231,4285,11.73,6.03,-0.331,11.864,False,True,True,0,0,0,0,True,
603890.SH,603890,603890,春秋电子,主板,沪市,主板,801080.SI,电子,801085.SI,消费电子,消费电子,L,20171212,3208,8.78,15.99,-4.423,14.535,False,True,True,0,0,0,0,True,
603893.SH,603893,603893,瑞芯微,主板,沪市,主板,801080.SI,电子,801081.SI,半导体,半导体,L,20200207,2421,6.63,219.05,-1.776,20.482,False,True,True,0,0,0,0,True,
603895.SH,603895,603895,天永智能,主板,沪市,主板,801890.SI,机械设备,801074.SI,专用设备,专用设备,L,20180122,3167,8.67,25.87,-1.56,25.287,False,True,True,0,0,0,0,True,
603896.SH,603896,603896,寿仙谷,主板,沪市,主板,801150.SI,医药生物,801155.SI,中药Ⅱ,中药Ⅱ,L,20170510,3424,9.37,14.51,-1.292,10.204,False,True,True,0,0,0,0,True,
603897.SH,603897,603897,长城科技,主板,沪市,主板,801730.SI,电力设备,801738.SI,电网设备,电网设备,L,20180410,3089,8.46,29.71,-2.141,6.667,False,True,True,0,0,0,0,True,
603898.SH,603898,603898,好莱客,主板,沪市,主板,801140.SI,轻工制造,801142.SI,家居用品,家居用品,L,20150217,4237,11.6,11.8,1.9,28.947,False,True,True,0,0,0,0,True,
603899.SH,603899,603899,晨光股份,主板,沪市,主板,801140.SI,轻工制造,801145.SI,文娱用品,文娱用品,L,20150127,4258,11.66,21.9,-1.926,24.138,False,True,True,0,0,0,0,True,
603900.SH,603900,603900,莱绅通灵,主板,沪市,主板,801130.SI,纺织服饰,801133.SI,饰品,饰品,L,20161123,3592,9.83,6.36,-2.603,7.353,False,True,True,0,0,0,0,True,
603901.SH,603901,603901,永创智能,主板,沪市,主板,801890.SI,机械设备,801074.SI,专用设备,专用设备,L,20150529,4136,11.32,9.5,0.105,14.583,False,True,True,0,0,0,0,True,
603903.SH,603903,603903,中持股份,主板,沪市,主板,801970.SI,环保,801971.SI,环境治理,环境治理,L,20170314,3481,9.53,14.97,-0.992,10.417,False,True,True,0,0,0,0,True,
603906.SH,603906,603906,龙蟠科技,主板,沪市,主板,801730.SI,电力设备,801737.SI,电池,电池,L,20170410,3454,9.46,17.62,-2.22,10.638,False,True,True,0,0,0,0,True,
603908.SH,603908,603908,牧高笛,主板,沪市,主板,801130.SI,纺织服饰,801132.SI,服装家纺,服装家纺,L,20170307,3488,9.55,19.45,-0.256,12.766,False,True,True,0,0,0,0,True,
603909.SH,603909,603909,建发合诚,主板,沪市,主板,801720.SI,建筑装饰,801726.SI,工程咨询服务Ⅱ,工程咨询服务Ⅱ,L,20160628,3740,10.24,9.88,-0.101,28.125,False,True,True,0,0,0,0,True,
603912.SH,603912,603912,佳力图,主板,沪市,主板,801890.SI,机械设备,801072.SI,通用设备,通用设备,L,20171101,3249,8.9,9.39,2.848,10.112,False,True,True,0,0,0,0,True,
603915.SH,603915,603915,国茂股份,主板,沪市,主板,801890.SI,机械设备,801072.SI,通用设备,通用设备,L,20190614,2659,7.28,13.29,0.835,22.222,False,True,True,0,0,0,0,True,
603916.SH,603916,603916,苏博特,主板,沪市,主板,801030.SI,基础化工,801034.SI,化学制品,化学制品,L,20171110,3240,8.87,10.52,-1.498,14.286,False,True,True,0,0,0,0,True,
603917.SH,603917,603917,合力科技,主板,沪市,主板,801880.SI,汽车,801093.SI,汽车零部件,汽车零部件,L,20171204,3216,8.8,14.3,-0.348,18.75,False,True,True,0,0,0,0,True,
603918.SH,603918,603918,金桥信息,主板,沪市,主板,801750.SI,计算机,801103.SI,IT服务Ⅱ,IT服务Ⅱ,L,20150528,4137,11.33,10.41,-1.421,9.174,False,True,True,0,0,0,0,True,
603919.SH,603919,603919,金徽酒,主板,沪市,主板,801120.SI,食品饮料,801125.SI,白酒Ⅱ,白酒Ⅱ,L,20160310,3850,10.54,15.85,-2.939,9.091,False,True,True,0,0,0,0,True,
603920.SH,603920,603920,世运电路,主板,沪市,主板,801080.SI,电子,801083.SI,元件,元件,L,20170426,3438,9.41,45.5,-1.001,18.056,False,True,True,0,0,0,0,True,
603922.SH,603922,603922,ST金鸿顺,主板,沪市,主板,801880.SI,汽车,801093.SI,汽车零部件,汽车零部件,L,20171023,3258,8.92,12.13,-4.488,41.27,True,True,True,0,0,0,0,False,ST
603926.SH,603926,603926,铁流股份,主板,沪市,主板,801880.SI,汽车,801093.SI,汽车零部件,汽车零部件,L,20170510,3424,9.37,17.51,-0.398,15.294,False,True,True,0,0,0,0,True,
603927.SH,603927,603927,中科软,主板,沪市,主板,801750.SI,计算机,801104.SI,软件开发,软件开发,L,20190909,2572,7.04,13.57,-1.595,8.824,False,True,True,0,0,0,0,True,
603928.SH,603928,603928,兴业股份,主板,沪市,主板,801030.SI,基础化工,801036.SI,塑料,塑料,L,20161212,3573,9.78,12.32,0.0,8.264,False,True,True,0,0,0,0,True,
603929.SH,603929,603929,亚翔集成,主板,沪市,主板,801720.SI,建筑装饰,801724.SI,专业工程,专业工程,L,20161230,3555,9.73,154.2,-2.854,10.526,False,True,True,0,0,0,0,True,
603931.SH,603931,603931,格林达,主板,沪市,主板,801080.SI,电子,801086.SI,电子化学品Ⅱ,电子化学品Ⅱ,L,20200819,2227,6.1,35.87,-2.235,9.859,False,True,True,0,0,0,0,True,
603933.SH,603933,603933,睿能科技,主板,沪市,主板,801080.SI,电子,801082.SI,其他电子Ⅱ,其他电子Ⅱ,L,20170706,3367,9.22,19.33,-0.361,14.583,False,True,True,0,0,0,0,True,
603936.SH,603936,603936,博敏电子,主板,沪市,主板,801080.SI,电子,801083.SI,元件,元件,L,20151209,3942,10.79,21.31,-4.139,5.479,False,True,True,0,0,0,0,True,
603937.SH,603937,603937,丽岛新材,主板,沪市,主板,801050.SI,有色金属,801055.SI,工业金属,工业金属,L,20171102,3248,8.89,13.55,4.472,20.339,False,True,True,0,0,0,0,True,
603938.SH,603938,603938,三孚股份,主板,沪市,主板,801030.SI,基础化工,801033.SI,化学原料,化学原料,L,20170628,3375,9.24,48.03,-6.738,8.73,False,True,True,0,0,0,0,True,
603939.SH,603939,603939,益丰药房,主板,沪市,主板,801150.SI,医药生物,801154.SI,医药商业,医药商业,L,20150217,4237,11.6,22.08,-0.045,16.071,False,True,True,0,0,0,0,True,
603948.SH,603948,603948,建业股份,主板,沪市,主板,801030.SI,基础化工,801034.SI,化学制品,化学制品,L,20200302,2397,6.56,19.34,-1.327,34.314,False,True,True,0,0,0,0,True,
603949.SH,603949,603949,雪龙集团,主板,沪市,主板,801880.SI,汽车,801093.SI,汽车零部件,汽车零部件,L,20200310,2389,6.54,16.9,10.026,25.352,False,True,True,0,0,0,0,True,
603950.SH,603950,603950,长源东谷,主板,沪市,主板,801880.SI,汽车,801093.SI,汽车零部件,汽车零部件,L,20200526,2312,6.33,56.1,-4.25,15.789,False,True,True,0,0,0,0,True,
603955.SH,603955,603955,大千生态,主板,沪市,主板,801720.SI,建筑装饰,801723.SI,基础建设,基础建设,L,20170310,3485,9.54,25.74,3.79,24.074,False,True,True,0,0,0,0,True,
603956.SH,603956,603956,威派格,主板,沪市,主板,801890.SI,机械设备,801074.SI,专用设备,专用设备,L,20190222,2771,7.59,6.97,-1.969,14.493,False,True,True,0,0,0,0,True,
603958.SH,603958,603958,哈森股份,主板,沪市,主板,801130.SI,纺织服饰,801132.SI,服装家纺,服装家纺,L,20160629,3739,10.24,18.7,-1.215,21.739,False,True,True,0,0,0,0,True,
603959.SH,603959,603959,ST百利,主板,沪市,主板,801720.SI,建筑装饰,801724.SI,专业工程,专业工程,L,20160517,3782,10.35,4.31,-1.822,13.636,True,True,True,0,0,0,0,False,ST
603960.SH,603960,603960,克来机电,主板,沪市,主板,801890.SI,机械设备,801078.SI,自动化设备,自动化设备,L,20170314,3481,9.53,17.88,-1.92,20.71,False,True,True,0,0,0,0,True,
603966.SH,603966,603966,法兰泰克,主板,沪市,主板,801890.SI,机械设备,801074.SI,专用设备,专用设备,L,20170125,3529,9.66,7.54,-1.695,19.481,False,True,True,0,0,0,0,True,
603967.SH,603967,603967,中创物流,主板,沪市,主板,801170.SI,交通运输,801178.SI,物流,物流,L,20190429,2705,7.41,11.53,-0.087,12.931,False,True,True,0,0,0,0,True,
603968.SH,603968,603968,醋化股份,主板,沪市,主板,801030.SI,基础化工,801034.SI,化学制品,化学制品,L,20150518,4147,11.35,10.57,-0.564,11.429,False,True,True,0,0,0,0,True,
603969.SH,603969,603969,银龙股份,主板,沪市,主板,801890.SI,机械设备,801072.SI,通用设备,通用设备,L,20150227,4227,11.57,7.38,-1.992,9.333,False,True,True,0,0,0,0,True,
603970.SH,603970,603970,中农立华,主板,沪市,主板,801030.SI,基础化工,801038.SI,农化制品,农化制品,L,20171116,3234,8.85,12.17,10.036,14.286,False,True,True,0,0,0,0,True,
603976.SH,603976,603976,正川股份,主板,沪市,主板,801150.SI,医药生物,801153.SI,医疗器械,医疗器械,L,20170822,3320,9.09,31.3,-4.863,20.0,False,True,True,0,0,0,0,True,
603977.SH,603977,603977,国泰集团,主板,沪市,主板,801030.SI,基础化工,801034.SI,化学制品,化学制品,L,20161111,3604,9.87,11.1,-1.421,18.803,False,True,True,0,0,0,0,True,
603978.SH,603978,603978,深圳新星,主板,沪市,主板,801050.SI,有色金属,801051.SI,金属新材料,金属新材料,L,20170807,3335,9.13,26.01,1.127,20.988,False,True,True,0,0,0,0,True,
603979.SH,603979,603979,金诚信,主板,沪市,主板,801050.SI,有色金属,801055.SI,工业金属,工业金属,L,20150630,4104,11.24,72.35,-4.853,20.43,False,True,True,0,0,0,0,True,
603980.SH,603980,603980,吉华集团,主板,沪市,主板,801030.SI,基础化工,801034.SI,化学制品,化学制品,L,20170615,3388,9.28,8.09,-6.797,13.095,False,True,True,0,0,0,0,True,
603982.SH,603982,603982,泉峰汽车,主板,沪市,主板,801880.SI,汽车,801093.SI,汽车零部件,汽车零部件,L,20190522,2682,7.34,6.33,0.0,13.333,False,True,True,0,0,0,0,True,
603983.SH,603983,603983,丸美生物,主板,沪市,主板,801980.SI,美容护理,801982.SI,化妆品,化妆品,L,20190725,2618,7.17,31.59,1.641,18.605,False,True,True,0,0,0,0,True,
603985.SH,603985,603985,恒润股份,主板,沪市,主板,801730.SI,电力设备,801736.SI,风电设备,风电设备,L,20170505,3429,9.39,16.75,-1.875,8.824,False,True,True,0,0,0,0,True,
603986.SH,603986,603986,兆易创新,主板,沪市,主板,801080.SI,电子,801081.SI,半导体,半导体,L,20160818,3689,10.1,383.77,-3.749,9.211,False,True,True,0,0,0,0,True,
603987.SH,603987,603987,康德莱,主板,沪市,主板,801150.SI,医药生物,801153.SI,医疗器械,医疗器械,L,20161121,3594,9.84,7.5,-0.925,12.0,False,True,True,0,0,0,0,True,
603988.SH,603988,603988,中电电机,主板,沪市,主板,801730.SI,电力设备,801731.SI,电机Ⅱ,电机Ⅱ,L,20141104,4342,11.89,17.68,-1.449,19.697,False,True,True,0,0,0,0,True,
603989.SH,603989,603989,艾华集团,主板,沪市,主板,801080.SI,电子,801083.SI,元件,元件,L,20150515,4150,11.36,31.15,-6.372,10.294,False,True,True,0,0,0,0,True,
603990.SH,603990,603990,麦迪科技,主板,沪市,主板,801750.SI,计算机,801104.SI,软件开发,软件开发,L,20161208,3577,9.79,19.12,-1.137,15.5,False,True,True,0,0,0,0,True,
603991.SH,603991,603991,领先股份,主板,沪市,主板,801080.SI,电子,801081.SI,半导体,半导体,L,20170308,3487,9.55,175.89,-5.216,19.728,False,True,True,0,0,0,0,True,
603992.SH,603992,603992,松霖科技,主板,沪市,主板,801140.SI,轻工制造,801142.SI,家居用品,家居用品,L,20190826,2586,7.08,19.94,-1.773,53.448,False,True,True,0,0,0,0,True,
603993.SH,603993,603993,洛阳钼业,主板,沪市,主板,801050.SI,有色金属,801055.SI,工业金属,工业金属,L,20121009,5098,13.96,17.08,-3.284,12.903,False,True,True,0,0,0,0,True,
603995.SH,603995,603995,甬金股份,主板,沪市,主板,801040.SI,钢铁,801045.SI,特钢Ⅱ,特钢Ⅱ,L,20191224,2466,6.75,25.32,-1.479,18.293,False,True,True,0,0,0,0,True,
603997.SH,603997,603997,继峰股份,主板,沪市,主板,801880.SI,汽车,801093.SI,汽车零部件,汽车零部件,L,20150302,4224,11.56,14.12,-1.466,20.968,False,True,True,0,0,0,0,True,
603998.SH,603998,603998,方盛制药,主板,沪市,主板,801150.SI,医药生物,801155.SI,中药Ⅱ,中药Ⅱ,L,20141205,4311,11.8,10.29,-1.531,8.654,False,True,True,0,0,0,0,True,
603999.SH,603999,603999,读者传媒,主板,沪市,主板,801760.SI,传媒,801769.SI,出版,出版,L,20151210,3941,10.79,6.53,1.084,14.286,False,True,True,0,0,0,0,True,
605001.SH,605001,605001,威奥股份,主板,沪市,主板,801890.SI,机械设备,801076.SI,轨交设备Ⅱ,轨交设备Ⅱ,L,20200522,2316,6.34,5.84,0.864,13.793,False,True,True,0,0,0,0,True,
605003.SH,605003,605003,众望布艺,主板,沪市,主板,801130.SI,纺织服饰,801132.SI,服装家纺,服装家纺,L,20200908,2207,6.04,25.36,1.847,20.779,False,True,True,0,0,0,0,True,
605005.SH,605005,605005,合兴股份,主板,沪市,主板,801880.SI,汽车,801093.SI,汽车零部件,汽车零部件,L,20210119,2074,5.68,16.11,-0.739,27.586,False,True,True,0,0,0,0,True,
605006.SH,605006,605006,山东玻纤,主板,沪市,主板,801710.SI,建筑材料,801712.SI,玻璃玻纤,玻璃玻纤,L,20200903,2212,6.06,15.85,-5.599,8.14,False,True,True,0,0,0,0,True,
605007.SH,605007,605007,五洲特纸,主板,沪市,主板,801140.SI,轻工制造,801143.SI,造纸,造纸,L,20201110,2144,5.87,14.68,-3.166,10.526,False,True,True,0,0,0,0,True,
605008.SH,605008,605008,长鸿高科,主板,沪市,主板,801030.SI,基础化工,801036.SI,塑料,塑料,L,20200821,2225,6.09,14.7,3.158,25.385,False,True,True,0,0,0,0,True,
605009.SH,605009,605009,豪悦护理,主板,沪市,主板,801980.SI,美容护理,801981.SI,个护用品,个护用品,L,20200911,2204,6.03,24.88,0.242,25.806,False,True,True,0,0,0,0,True,
605011.SH,605011,605011,杭州热电,主板,沪市,主板,801160.SI,公用事业,801161.SI,电力,电力,L,20210630,1912,5.23,17.3,-1.593,13.115,False,True,True,0,0,0,0,True,
605016.SH,605016,605016,百龙创园,主板,沪市,主板,801030.SI,基础化工,801034.SI,化学制品,化学制品,L,20210421,1982,5.43,21.45,-0.464,20.37,False,True,True,0,0,0,0,True,
605018.SH,605018,605018,长华集团,主板,沪市,主板,801880.SI,汽车,801093.SI,汽车零部件,汽车零部件,L,20200929,2186,5.98,12.74,10.017,26.016,False,True,True,0,0,0,0,True,
605020.SH,605020,605020,永和股份,主板,沪市,主板,801030.SI,基础化工,801034.SI,化学制品,化学制品,L,20210709,1903,5.21,31.04,-2.298,12.308,False,True,True,0,0,0,0,True,
605028.SH,605028,605028,世茂能源,主板,沪市,主板,801160.SI,公用事业,801161.SI,电力,电力,L,20210712,1900,5.2,24.26,-1.781,14.516,False,True,True,0,0,0,0,True,
605033.SH,605033,605033,美邦股份,主板,沪市,主板,801030.SI,基础化工,801038.SI,农化制品,农化制品,L,20210916,1834,5.02,19.48,-0.256,10.101,False,True,True,0,0,0,0,True,
605050.SH,605050,605050,福然德,主板,沪市,主板,801170.SI,交通运输,801178.SI,物流,物流,L,20200924,2191,6.0,10.06,-0.396,30.189,False,True,True,0,0,0,0,True,
605055.SH,605055,605055,迎丰股份,主板,沪市,主板,801130.SI,纺织服饰,801131.SI,纺织制造,纺织制造,L,20210129,2064,5.65,8.83,0.684,28.866,False,True,True,0,0,0,0,True,
605056.SH,605056,605056,咸亨国际,主板,沪市,主板,801890.SI,机械设备,801072.SI,通用设备,通用设备,L,20210720,1892,5.18,14.01,0.071,19.718,False,True,True,0,0,0,0,True,
605058.SH,605058,605058,澳弘电子,主板,沪市,主板,801080.SI,电子,801083.SI,元件,元件,L,20201021,2164,5.92,60.2,2.73,14.583,False,True,True,0,0,0,0,True,
605060.SH,605060,605060,联德股份,主板,沪市,主板,801890.SI,机械设备,801072.SI,通用设备,通用设备,L,20210301,2033,5.57,39.39,-2.596,23.529,False,True,True,0,0,0,0,True,
605066.SH,605066,605066,天正电气,主板,沪市,主板,801730.SI,电力设备,801738.SI,电网设备,电网设备,L,20200807,2239,6.13,6.71,-0.593,11.429,False,True,True,0,0,0,0,True,
605068.SH,605068,605068,明新旭腾,主板,沪市,主板,801880.SI,汽车,801093.SI,汽车零部件,汽车零部件,L,20201123,2131,5.83,20.8,-0.383,12.5,False,True,True,0,0,0,0,True,
605069.SH,605069,605069,正和生态,主板,沪市,主板,801970.SI,环保,801971.SI,环境治理,环境治理,L,20210816,1865,5.11,12.1,3.952,13.223,False,True,True,0,0,0,0,True,
605077.SH,605077,605077,华康股份,主板,沪市,主板,801030.SI,基础化工,801034.SI,化学制品,化学制品,L,20210209,2053,5.62,11.46,-3.535,15.385,False,True,True,0,0,0,0,True,
605080.SH,605080,605080,浙江自然,主板,沪市,主板,801140.SI,轻工制造,801145.SI,文娱用品,文娱用品,L,20210506,1967,5.39,23.33,1.347,14.667,False,True,True,0,0,0,0,True,
605086.SH,605086,605086,龙高股份,主板,沪市,主板,801030.SI,基础化工,801039.SI,非金属材料Ⅱ,非金属材料Ⅱ,L,20210416,1987,5.44,23.54,-0.926,36.508,False,True,True,0,0,0,0,True,
605088.SH,605088,605088,冠盛股份,主板,沪市,主板,801880.SI,汽车,801093.SI,汽车零部件,汽车零部件,L,20200817,2229,6.1,24.6,-5.056,14.815,False,True,True,0,0,0,0,True,
605089.SH,605089,605089,味知香,主板,沪市,主板,801120.SI,食品饮料,801124.SI,食品加工,食品加工,L,20210427,1976,5.41,21.26,2.064,17.647,False,True,True,0,0,0,0,True,
605090.SH,605090,605090,九丰能源,主板,沪市,主板,801160.SI,公用事业,801163.SI,燃气Ⅱ,燃气Ⅱ,L,20210525,1948,5.33,31.39,-1.258,12.941,False,True,True,0,0,0,0,True,
605098.SH,605098,605098,行动教育,主板,沪市,主板,801210.SI,社会服务,801994.SI,教育,教育,L,20210421,1982,5.43,53.4,0.0,9.091,False,True,True,0,0,0,0,True,
605099.SH,605099,605099,共创草坪,主板,沪市,主板,801140.SI,轻工制造,801142.SI,家居用品,家居用品,L,20200930,2185,5.98,28.62,-1.582,50.588,False,True,True,0,0,0,0,True,
605100.SH,605100,605100,华丰股份,主板,沪市,主板,801890.SI,机械设备,801072.SI,通用设备,通用设备,L,20200811,2235,6.12,33.75,-3.184,11.94,False,True,True,0,0,0,0,True,
605108.SH,605108,605108,同庆楼,主板,沪市,主板,801210.SI,社会服务,801219.SI,酒店餐饮,酒店餐饮,L,20200716,2261,6.19,12.12,-1.463,11.905,False,True,True,0,0,0,0,True,
605111.SH,605111,605111,新洁能,主板,沪市,主板,801080.SI,电子,801081.SI,半导体,半导体,L,20200928,2187,5.99,59.7,-4.296,13.333,False,True,True,0,0,0,0,True,
605116.SH,605116,605116,奥锐特,主板,沪市,主板,801150.SI,医药生物,801151.SI,化学制药,化学制药,L,20200921,2194,6.01,19.6,-1.804,25.373,False,True,True,0,0,0,0,True,
605117.SH,605117,605117,德业股份,主板,沪市,主板,801730.SI,电力设备,801735.SI,光伏设备,光伏设备,L,20210420,1983,5.43,76.47,-1.974,23.529,False,True,True,0,0,0,0,True,
605118.SH,605118,605118,力鼎光电,主板,沪市,主板,801750.SI,计算机,801101.SI,计算机设备,计算机设备,L,20200730,2247,6.15,33.24,-3.764,22.619,False,True,True,0,0,0,0,True,
605122.SH,605122,605122,四方新材,主板,沪市,主板,801710.SI,建筑材料,801711.SI,水泥,水泥,L,20210310,2024,5.54,12.39,1.557,13.793,False,True,True,0,0,0,0,True,
605123.SH,605123,605123,派克新材,主板,沪市,主板,801740.SI,国防军工,801742.SI,航空装备Ⅱ,航空装备Ⅱ,L,20200825,2221,6.08,80.0,-1.961,18.033,False,True,True,0,0,0,0,True,
605128.SH,605128,605128,上海沿浦,主板,沪市,主板,801880.SI,汽车,801093.SI,汽车零部件,汽车零部件,L,20200915,2200,6.02,23.61,-1.048,10.169,False,True,True,0,0,0,0,True,
605133.SH,605133,605133,嵘泰股份,主板,沪市,主板,801880.SI,汽车,801093.SI,汽车零部件,汽车零部件,L,20210224,2038,5.58,24.6,-0.606,18.75,False,True,True,0,0,0,0,True,
605136.SH,605136,605136,丽人丽妆,主板,沪市,主板,801200.SI,商贸零售,801206.SI,互联网电商,互联网电商,L,20200929,2186,5.98,8.46,0.356,9.524,False,True,True,0,0,0,0,True,
605138.SH,605138,605138,盛泰集团,主板,沪市,主板,801130.SI,纺织服饰,801132.SI,服装家纺,服装家纺,L,20211027,1793,4.91,6.16,-0.805,28.333,False,True,True,0,0,0,0,True,
605151.SH,605151,605151,西上海,主板,沪市,主板,801880.SI,汽车,801093.SI,汽车零部件,汽车零部件,L,20201215,2109,5.77,18.7,0.107,12.299,False,True,True,0,0,0,0,True,
605155.SH,605155,605155,西大门,主板,沪市,主板,801140.SI,轻工制造,801142.SI,家居用品,家居用品,L,20201231,2093,5.73,14.67,1.452,12.587,False,True,True,0,0,0,0,True,
605158.SH,605158,605158,华达新材,主板,沪市,主板,801050.SI,有色金属,801051.SI,金属新材料,金属新材料,L,20200805,2241,6.14,7.88,1.416,21.795,False,True,True,0,0,0,0,True,
605162.SH,605162,605162,新中港,主板,沪市,主板,801160.SI,公用事业,801161.SI,电力,电力,L,20210707,1905,5.22,12.05,-2.901,11.765,False,True,True,0,0,0,0,True,
605166.SH,605166,605166,聚合顺,主板,沪市,主板,801030.SI,基础化工,801032.SI,化学纤维,化学纤维,L,20200618,2289,6.27,8.7,-1.136,13.953,False,True,True,0,0,0,0,True,
605167.SH,605167,605167,利柏特,主板,沪市,主板,801720.SI,建筑装饰,801724.SI,专业工程,专业工程,L,20210726,1886,5.16,16.4,1.485,13.376,False,True,True,0,0,0,0,True,
605168.SH,605168,605168,三人行,主板,沪市,主板,801760.SI,传媒,801765.SI,广告营销,广告营销,L,20200528,2310,6.32,53.07,-1.228,19.444,False,True,True,0,0,0,0,True,
605169.SH,605169,605169,洪通燃气,主板,沪市,主板,801160.SI,公用事业,801163.SI,燃气Ⅱ,燃气Ⅱ,L,20201030,2155,5.9,12.99,0.309,23.577,False,True,True,0,0,0,0,True,
605177.SH,605177,605177,东亚药业,主板,沪市,主板,801150.SI,医药生物,801151.SI,化学制药,化学制药,L,20201125,2129,5.83,25.86,3.897,9.836,False,True,True,0,0,0,0,True,
605178.SH,605178,605178,时空科技,主板,沪市,主板,801720.SI,建筑装饰,801724.SI,专业工程,专业工程,L,20200821,2225,6.09,69.75,-5.616,11.765,False,True,True,0,0,0,0,True,
605179.SH,605179,605179,一鸣食品,主板,沪市,主板,801120.SI,食品饮料,801127.SI,饮料乳品,饮料乳品,L,20201228,2096,5.74,24.38,-10.004,18.889,False,True,True,0,0,0,0,True,
605180.SH,605180,605180,华生科技,主板,沪市,主板,801130.SI,纺织服饰,801131.SI,纺织制造,纺织制造,L,20210430,1973,5.4,14.28,4.31,16.667,False,True,True,0,0,0,0,True,
605183.SH,605183,605183,确成股份,主板,沪市,主板,801030.SI,基础化工,801037.SI,橡胶,橡胶,L,20201207,2117,5.8,16.51,0.304,36.709,False,True,True,0,0,0,0,True,
605186.SH,605186,605186,健麾信息,主板,沪市,主板,801890.SI,机械设备,801078.SI,自动化设备,自动化设备,L,20201222,2102,5.75,26.11,-2.283,15.385,False,True,True,0,0,0,0,True,
605188.SH,605188,605188,国光连锁,主板,沪市,主板,801200.SI,商贸零售,801203.SI,一般零售,一般零售,L,20200728,2249,6.16,12.71,-2.005,22.388,False,True,True,0,0,0,0,True,
605189.SH,605189,605189,富春染织,主板,沪市,主板,801130.SI,纺织服饰,801131.SI,纺织制造,纺织制造,L,20210528,1945,5.33,14.24,0.636,9.929,False,True,True,0,0,0,0,True,
605196.SH,605196,605196,华通线缆,主板,沪市,主板,801730.SI,电力设备,801738.SI,电网设备,电网设备,L,20210511,1962,5.37,34.7,-5.527,13.953,False,True,True,0,0,0,0,True,
605198.SH,605198,605198,安德利,主板,沪市,主板,801010.SI,农林牧渔,801012.SI,农产品加工,农产品加工,L,20200918,2197,6.02,63.91,-9.36,28.736,False,True,True,0,0,0,0,True,
605199.SH,605199,605199,ST葫芦娃,主板,沪市,主板,801150.SI,医药生物,801155.SI,中药Ⅱ,中药Ⅱ,L,20200710,2267,6.21,5.76,-1.538,17.241,True,True,True,0,0,0,0,False,ST
605208.SH,605208,605208,永茂泰,主板,沪市,主板,801050.SI,有色金属,801055.SI,工业金属,工业金属,L,20210308,2026,5.55,14.73,-1.734,8.904,False,True,True,0,0,0,0,True,
605218.SH,605218,605218,伟时电子,主板,沪市,主板,801080.SI,电子,801084.SI,光学光电子,光学光电子,L,20200928,2187,5.99,14.51,-2.617,13.699,False,True,True,0,0,0,0,True,
605222.SH,605222,605222,起帆电缆,主板,沪市,主板,801730.SI,电力设备,801738.SI,电网设备,电网设备,L,20200731,2246,6.15,22.14,-2.165,17.117,False,True,True,0,0,0,0,True,
605228.SH,605228,605228,神通科技,主板,沪市,主板,801880.SI,汽车,801093.SI,汽车零部件,汽车零部件,L,20210120,2073,5.68,11.15,-2.107,34.234,False,True,True,0,0,0,0,True,
605255.SH,605255,605255,天普股份,主板,沪市,主板,801880.SI,汽车,801093.SI,汽车零部件,汽车零部件,L,20200825,2221,6.08,58.1,-3.28,29.231,False,True,True,0,0,0,0,True,
605258.SH,605258,605258,协和电子,主板,沪市,主板,801080.SI,电子,801083.SI,元件,元件,L,20201203,2121,5.81,41.12,-5.796,19.231,False,True,True,0,0,0,0,True,
605259.SH,605259,605259,绿田机械,主板,沪市,主板,801890.SI,机械设备,801074.SI,专用设备,专用设备,L,20210615,1927,5.28,17.43,-1.022,20.879,False,True,True,0,0,0,0,True,
605266.SH,605266,605266,健之佳,主板,沪市,主板,801150.SI,医药生物,801154.SI,医药商业,医药商业,L,20201201,2123,5.81,15.68,-0.508,10.0,False,True,True,0,0,0,0,True,
605268.SH,605268,605268,王力安防,主板,沪市,主板,801140.SI,轻工制造,801142.SI,家居用品,家居用品,L,20210224,2038,5.58,10.15,-1.742,29.592,False,True,True,0,0,0,0,True,
605277.SH,605277,605277,新亚电子,主板,沪市,主板,801080.SI,电子,801085.SI,消费电子,消费电子,L,20210106,2087,5.71,17.24,-1.09,6.322,False,True,True,0,0,0,0,True,
605286.SH,605286,605286,同力天启,主板,沪市,主板,801890.SI,机械设备,801074.SI,专用设备,专用设备,L,20210322,2012,5.51,24.95,-1.383,14.504,False,True,True,0,0,0,0,True,
605287.SH,605287,605287,德才股份,主板,沪市,主板,801720.SI,建筑装饰,801722.SI,装修装饰Ⅱ,装修装饰Ⅱ,L,20210706,1906,5.22,35.42,-2.29,11.579,False,True,True,0,0,0,0,True,
605288.SH,605288,605288,凯迪股份,主板,沪市,主板,801890.SI,机械设备,801078.SI,自动化设备,自动化设备,L,20200601,2306,6.31,66.19,-2.547,14.925,False,True,True,0,0,0,0,True,
605289.SH,605289,605289,罗曼股份,主板,沪市,主板,801720.SI,建筑装饰,801724.SI,专业工程,专业工程,L,20210426,1977,5.41,102.05,-0.088,13.846,False,True,True,0,0,0,0,True,
605296.SH,605296,605296,神农集团,主板,沪市,主板,801010.SI,农林牧渔,801017.SI,养殖业,养殖业,L,20210528,1945,5.33,30.3,-9.821,17.647,False,True,True,0,0,0,0,True,
605298.SH,605298,605298,必得科技,主板,沪市,主板,801890.SI,机械设备,801076.SI,轨交设备Ⅱ,轨交设备Ⅱ,L,20210301,2033,5.57,44.04,-3.442,27.381,False,True,True,0,0,0,0,True,
605299.SH,605299,605299,舒华体育,主板,沪市,主板,801140.SI,轻工制造,801145.SI,文娱用品,文娱用品,L,20201215,2109,5.77,12.62,1.692,12.698,False,True,True,0,0,0,0,True,
605300.SH,605300,605300,佳禾食品,主板,沪市,主板,801120.SI,食品饮料,801127.SI,饮料乳品,饮料乳品,L,20210430,1973,5.4,10.19,-2.581,16.0,False,True,True,0,0,0,0,True,
605303.SH,605303,605303,园林股份,主板,沪市,主板,801720.SI,建筑装饰,801723.SI,基础建设,基础建设,L,20210301,2033,5.57,,,,False,True,False,9,9,9,9,False,近60日停牌、无最新行情
605305.SH,605305,605305,中际联合,主板,沪市,主板,801890.SI,机械设备,801077.SI,工程机械,工程机械,L,20210506,1967,5.39,30.73,0.0,25.0,False,True,True,0,0,0,0,True,
605318.SH,605318,605318,法狮龙,主板,沪市,主板,801710.SI,建筑材料,801713.SI,装修建材,装修建材,L,20200803,2243,6.14,76.46,-4.041,61.616,False,True,True,0,0,0,0,True,
605319.SH,605319,605319,无锡振华,主板,沪市,主板,801880.SI,汽车,801093.SI,汽车零部件,汽车零部件,L,20210607,1935,5.3,22.29,-3.756,17.073,False,True,True,0,0,0,0,True,
605333.SH,605333,605333,沪光股份,主板,沪市,主板,801880.SI,汽车,801093.SI,汽车零部件,汽车零部件,L,20200818,2228,6.1,16.67,-1.536,69.492,False,True,True,0,0,0,0,True,
605336.SH,605336,605336,*ST帅电,主板,沪市,主板,801110.SI,家用电器,801114.SI,厨卫电器,厨卫电器,L,20201019,2166,5.93,11.63,0.0,46.154,True,True,True,0,0,0,0,False,ST
605337.SH,605337,605337,李子园,主板,沪市,主板,801120.SI,食品饮料,801127.SI,饮料乳品,饮料乳品,L,20210208,2054,5.62,9.01,-0.222,12.903,False,True,True,0,0,0,0,True,
605338.SH,605338,605338,巴比食品,主板,沪市,主板,801120.SI,食品饮料,801124.SI,食品加工,食品加工,L,20201012,2173,5.95,17.63,-0.844,22.917,False,True,True,0,0,0,0,True,
605339.SH,605339,605339,南侨食品,主板,沪市,主板,801120.SI,食品饮料,801128.SI,休闲食品,休闲食品,L,20210518,1955,5.35,13.14,0.767,53.571,False,True,True,0,0,0,0,True,
605358.SH,605358,605358,立昂微,主板,沪市,主板,801080.SI,电子,801081.SI,半导体,半导体,L,20200911,2204,6.03,48.34,0.645,15.789,False,True,True,0,0,0,0,True,
605365.SH,605365,605365,立达信,主板,沪市,主板,801110.SI,家用电器,801115.SI,照明设备Ⅱ,照明设备Ⅱ,L,20210720,1892,5.18,14.81,2.421,21.918,False,True,True,0,0,0,0,True,
605366.SH,605366,605366,宏柏新材,主板,沪市,主板,801030.SI,基础化工,801034.SI,化学制品,化学制品,L,20200812,2234,6.12,9.22,5.371,11.765,False,True,True,0,0,0,0,True,
605368.SH,605368,605368,蓝天燃气,主板,沪市,主板,801160.SI,公用事业,801163.SI,燃气Ⅱ,燃气Ⅱ,L,20210129,2064,5.65,6.66,-0.745,24.638,False,True,True,0,0,0,0,True,
605369.SH,605369,605369,拱东医疗,主板,沪市,主板,801150.SI,医药生物,801153.SI,医疗器械,医疗器械,L,20200916,2199,6.02,17.75,-1.169,14.286,False,True,True,0,0,0,0,True,
605376.SH,605376,605376,博迁新材,主板,沪市,主板,801050.SI,有色金属,801056.SI,能源金属,能源金属,L,20201208,2116,5.79,133.01,-4.412,8.333,False,True,True,0,0,0,0,True,
605377.SH,605377,605377,华旺科技,主板,沪市,主板,801140.SI,轻工制造,801143.SI,造纸,造纸,L,20201228,2096,5.74,8.06,-0.983,12.791,False,True,True,0,0,0,0,True,
605378.SH,605378,605378,野马电池,主板,沪市,主板,801730.SI,电力设备,801737.SI,电池,电池,L,20210412,1991,5.45,14.85,-1.46,31.081,False,True,True,0,0,0,0,True,
605388.SH,605388,605388,均瑶健康,主板,沪市,主板,801120.SI,食品饮料,801127.SI,饮料乳品,饮料乳品,L,20200818,2228,6.1,6.05,-1.466,8.197,False,True,True,0,0,0,0,True,
605389.SH,605389,605389,长龄液压,主板,沪市,主板,801890.SI,机械设备,801077.SI,工程机械,工程机械,L,20210322,2012,5.51,64.3,-2.546,34.066,False,True,True,0,0,0,0,True,
605398.SH,605398,605398,新炬网络,主板,沪市,主板,801750.SI,计算机,801103.SI,IT服务Ⅱ,IT服务Ⅱ,L,20210121,2072,5.67,22.3,-1.589,23.214,False,True,True,0,0,0,0,True,
605399.SH,605399,605399,晨光新材,主板,沪市,主板,801030.SI,基础化工,801034.SI,化学制品,化学制品,L,20200804,2242,6.14,11.59,0.26,31.579,False,True,True,0,0,0,0,True,
605488.SH,605488,605488,福莱新材,主板,沪市,主板,801030.SI,基础化工,801036.SI,塑料,塑料,L,20210513,1960,5.37,32.22,3.902,10.811,False,True,True,0,0,0,0,True,
605499.SH,605499,605499,东鹏饮料,主板,沪市,主板,801120.SI,食品饮料,801127.SI,饮料乳品,饮料乳品,L,20210527,1946,5.33,110.83,-0.583,22.642,False,True,True,0,0,0,0,True,
605500.SH,605500,605500,森林包装,主板,沪市,主板,801140.SI,轻工制造,801143.SI,造纸,造纸,L,20201222,2102,5.75,7.32,-1.348,15.493,False,True,True,0,0,0,0,True,
605507.SH,605507,605507,国邦医药,主板,沪市,主板,801150.SI,医药生物,801151.SI,化学制药,化学制药,L,20210802,1879,5.14,18.1,-3.877,15.854,False,True,True,0,0,0,0,True,
605555.SH,605555,605555,德昌股份,主板,沪市,主板,801110.SI,家用电器,801113.SI,小家电,小家电,L,20211021,1799,4.93,12.52,-0.871,30.4,False,True,True,0,0,0,0,True,
605566.SH,605566,605566,福莱蒽特,主板,沪市,主板,801030.SI,基础化工,801034.SI,化学制品,化学制品,L,20211025,1795,4.91,32.82,-1.501,24.742,False,True,True,0,0,0,0,True,
605567.SH,605567,605567,春雪食品,主板,沪市,主板,801120.SI,食品饮料,801124.SI,食品加工,食品加工,L,20211013,1807,4.95,9.38,-0.425,11.957,False,True,True,0,0,0,0,True,
605577.SH,605577,605577,龙版传媒,主板,沪市,主板,801760.SI,传媒,801769.SI,出版,出版,L,20210824,1857,5.08,16.52,3.769,18.868,False,True,True,4,4,4,4,False,近60日停牌
605580.SH,605580,605580,恒盛能源,主板,沪市,主板,801160.SI,公用事业,801161.SI,电力,电力,L,20210819,1862,5.1,21.89,-4.243,8.772,False,True,True,0,0,0,0,True,
605588.SH,605588,605588,冠石科技,主板,沪市,主板,801080.SI,电子,801084.SI,光学光电子,光学光电子,L,20210812,1869,5.12,47.14,-2.543,14.194,False,True,True,0,0,0,0,True,
605589.SH,605589,605589,圣泉集团,主板,沪市,主板,801030.SI,基础化工,801036.SI,塑料,塑料,L,20210810,1871,5.12,40.08,-2.789,8.642,False,True,True,0,0,0,0,True,
605598.SH,605598,605598,上海港湾,主板,沪市,主板,801720.SI,建筑装饰,801724.SI,专业工程,专业工程,L,20210917,1833,5.02,24.56,-0.567,49.254,False,True,True,0,0,0,0,True,
605599.SH,605599,605599,菜百股份,主板,沪市,主板,801130.SI,纺织服饰,801133.SI,饰品,饰品,L,20210909,1841,5.04,13.49,-2.246,21.519,False,True,True,0,0,0,0,True,
688001.SH,688001,688001,华兴源创,科创板,沪市,科创板,801890.SI,机械设备,801072.SI,通用设备,通用设备,L,20190722,2621,7.18,67.57,-4.481,33.962,False,True,True,0,0,0,0,True,
688002.SH,688002,688002,睿创微纳,科创板,沪市,科创板,801740.SI,国防军工,801745.SI,军工电子Ⅱ,军工电子Ⅱ,L,20190722,2621,7.18,178.85,-2.831,14.286,False,True,True,0,0,0,0,True,
688003.SH,688003,688003,天准科技,科创板,沪市,科创板,801890.SI,机械设备,801078.SI,自动化设备,自动化设备,L,20190722,2621,7.18,79.3,-4.227,11.111,False,True,True,0,0,0,0,True,
688004.SH,688004,688004,博汇科技,科创板,沪市,科创板,801750.SI,计算机,801103.SI,IT服务Ⅱ,IT服务Ⅱ,L,20200612,2295,6.28,33.14,-1.075,7.738,False,True,True,0,0,0,0,True,
688005.SH,688005,688005,容百科技,科创板,沪市,科创板,801730.SI,电力设备,801737.SI,电池,电池,L,20190722,2621,7.18,23.35,-2.096,18.919,False,True,True,0,0,0,0,True,
688006.SH,688006,688006,杭可科技,科创板,沪市,科创板,801730.SI,电力设备,801737.SI,电池,电池,L,20190722,2621,7.18,20.72,-2.264,29.63,False,True,True,0,0,0,0,True,
688007.SH,688007,688007,光峰科技,科创板,沪市,科创板,801080.SI,电子,801085.SI,消费电子,消费电子,L,20190722,2621,7.18,11.23,0.357,14.286,False,True,True,0,0,0,0,True,
688008.SH,688008,688008,澜起科技,科创板,沪市,科创板,801080.SI,电子,801081.SI,半导体,半导体,L,20190722,2621,7.18,214.5,-3.971,16.406,False,True,True,0,0,0,0,True,
688009.SH,688009,688009,中国通号,科创板,沪市,科创板,801890.SI,机械设备,801076.SI,轨交设备Ⅱ,轨交设备Ⅱ,L,20190722,2621,7.18,4.64,-0.429,14.0,False,True,True,0,0,0,0,True,
688010.SH,688010,688010,福光股份,科创板,沪市,科创板,801080.SI,电子,801084.SI,光学光电子,光学光电子,L,20190722,2621,7.18,29.27,1.95,11.111,False,True,True,0,0,0,0,True,
688011.SH,688011,688011,新光光电,科创板,沪市,科创板,801740.SI,国防军工,801745.SI,军工电子Ⅱ,军工电子Ⅱ,L,20190722,2621,7.18,66.36,-9.8,18.462,False,True,True,0,0,0,0,True,
688012.SH,688012,688012,中微公司,科创板,沪市,科创板,801080.SI,电子,801081.SI,半导体,半导体,L,20190722,2621,7.18,339.3,-2.877,13.699,False,True,True,0,0,0,0,True,
688013.SH,688013,688013,天臣医疗,科创板,沪市,科创板,801150.SI,医药生物,801153.SI,医疗器械,医疗器械,L,20200928,2187,5.99,25.22,-0.591,14.634,False,True,True,0,0,0,0,True,
688015.SH,688015,688015,交控科技,科创板,沪市,科创板,801890.SI,机械设备,801076.SI,轨交设备Ⅱ,轨交设备Ⅱ,L,20190722,2621,7.18,16.96,0.772,36.585,False,True,True,0,0,0,0,True,
688016.SH,688016,688016,心脉医疗,科创板,沪市,科创板,801150.SI,医药生物,801153.SI,医疗器械,医疗器械,L,20190722,2621,7.18,85.01,-1.426,10.526,False,True,True,0,0,0,0,True,
688017.SH,688017,688017,绿的谐波,科创板,沪市,科创板,801890.SI,机械设备,801078.SI,自动化设备,自动化设备,L,20200828,2218,6.07,284.34,-0.892,15.385,False,True,True,0,0,0,0,True,
688018.SH,688018,688018,乐鑫科技,科创板,沪市,科创板,801080.SI,电子,801081.SI,半导体,半导体,L,20190722,2621,7.18,118.64,-2.937,16.949,False,True,True,0,0,0,0,True,
688019.SH,688019,688019,安集科技,科创板,沪市,科创板,801080.SI,电子,801086.SI,电子化学品Ⅱ,电子化学品Ⅱ,L,20190722,2621,7.18,225.66,-2.9,13.699,False,True,True,0,0,0,0,True,
688020.SH,688020,688020,方邦股份,科创板,沪市,科创板,801080.SI,电子,801083.SI,元件,元件,L,20190722,2621,7.18,150.05,-4.803,12.5,False,True,True,0,0,0,0,True,
688021.SH,688021,688021,奥福科技,科创板,沪市,科创板,801880.SI,汽车,801093.SI,汽车零部件,汽车零部件,L,20191106,2514,6.88,20.22,-0.443,12.0,False,True,True,0,0,0,0,True,
688022.SH,688022,688022,ST瀚川,科创板,沪市,科创板,801890.SI,机械设备,801074.SI,专用设备,专用设备,L,20190722,2621,7.18,8.78,-1.348,19.048,True,True,True,0,0,0,0,False,ST
688023.SH,688023,688023,安恒信息,科创板,沪市,科创板,801750.SI,计算机,801104.SI,软件开发,软件开发,L,20191105,2515,6.89,47.9,0.97,17.857,False,True,True,0,0,0,0,True,
688025.SH,688025,688025,杰普特,科创板,沪市,科创板,801890.SI,机械设备,801078.SI,自动化设备,自动化设备,L,20191031,2520,6.9,444.59,-1.156,17.204,False,True,True,0,0,0,0,True,
688026.SH,688026,688026,洁特生物,科创板,沪市,科创板,801150.SI,医药生物,801153.SI,医疗器械,医疗器械,L,20200122,2437,6.67,25.95,-6.588,25.806,False,True,True,0,0,0,0,True,
688027.SH,688027,688027,国盾量子,科创板,沪市,科创板,801770.SI,通信,801102.SI,通信设备,通信设备,L,20200709,2268,6.21,364.0,-6.147,15.873,False,True,True,0,0,0,0,True,
688028.SH,688028,688028,沃尔德,科创板,沪市,科创板,801890.SI,机械设备,801072.SI,通用设备,通用设备,L,20190722,2621,7.18,122.6,-5.794,12.258,False,True,True,0,0,0,0,True,
688029.SH,688029,688029,南微医学,科创板,沪市,科创板,801150.SI,医药生物,801153.SI,医疗器械,医疗器械,L,20190722,2621,7.18,82.76,-2.521,13.333,False,True,True,0,0,0,0,True,
688030.SH,688030,688030,山石网科,科创板,沪市,科创板,801750.SI,计算机,801104.SI,软件开发,软件开发,L,20190930,2551,6.98,19.0,0.0,16.279,False,True,True,0,0,0,0,True,
688031.SH,688031,688031,星环科技,科创板,沪市,科创板,801750.SI,计算机,801104.SI,软件开发,软件开发,L,20221018,1437,3.93,103.7,-4.862,11.111,False,True,True,0,0,0,0,True,
688032.SH,688032,688032,禾迈股份,科创板,沪市,科创板,801730.SI,电力设备,801735.SI,光伏设备,光伏设备,L,20211220,1739,4.76,68.73,-2.275,31.034,False,True,True,0,0,0,0,True,
688033.SH,688033,688033,*ST天宜,科创板,沪市,科创板,801890.SI,机械设备,801076.SI,轨交设备Ⅱ,轨交设备Ⅱ,L,20190722,2621,7.18,7.51,2.177,26.087,True,True,True,0,0,0,0,False,ST
688035.SH,688035,688035,德邦科技,科创板,沪市,科创板,801080.SI,电子,801086.SI,电子化学品Ⅱ,电子化学品Ⅱ,L,20220919,1466,4.01,78.54,-7.097,19.388,False,True,True,0,0,0,0,True,
688036.SH,688036,688036,传音控股,科创板,沪市,科创板,801080.SI,电子,801085.SI,消费电子,消费电子,L,20190930,2551,6.98,54.92,-1.312,17.5,False,True,True,0,0,0,0,True,
688037.SH,688037,688037,芯源微,科创板,沪市,科创板,801080.SI,电子,801081.SI,半导体,半导体,L,20191216,2474,6.77,344.98,-1.874,15.854,False,True,True,0,0,0,0,True,
688038.SH,688038,688038,中科通达,科创板,沪市,科创板,801750.SI,计算机,801104.SI,软件开发,软件开发,L,20210713,1899,5.2,19.3,-1.38,13.043,False,True,True,0,0,0,0,True,
688039.SH,688039,688039,当虹科技,科创板,沪市,科创板,801750.SI,计算机,801103.SI,IT服务Ⅱ,IT服务Ⅱ,L,20191211,2479,6.79,32.83,-1.677,14.706,False,True,True,0,0,0,0,True,
688041.SH,688041,688041,海光信息,科创板,沪市,科创板,801080.SI,电子,801081.SI,半导体,半导体,L,20220812,1504,4.12,248.3,-1.335,41.86,False,True,True,0,0,0,0,True,
688045.SH,688045,688045,必易微,科创板,沪市,科创板,801080.SI,电子,801081.SI,半导体,半导体,L,20220526,1582,4.33,60.58,-2.604,13.014,False,True,True,0,0,0,0,True,
688046.SH,688046,688046,药康生物,科创板,沪市,科创板,801150.SI,医药生物,801156.SI,医疗服务,医疗服务,L,20220425,1613,4.42,35.92,-6.967,21.552,False,True,True,0,0,0,0,True,
688047.SH,688047,688047,龙芯中科,科创板,沪市,科创板,801080.SI,电子,801081.SI,半导体,半导体,L,20220624,1553,4.25,104.7,-1.086,38.849,False,True,True,0,0,0,0,True,
688048.SH,688048,688048,长光华芯,科创板,沪市,科创板,801080.SI,电子,801081.SI,半导体,半导体,L,20220401,1637,4.48,329.66,-5.514,19.417,False,True,True,0,0,0,0,True,
688049.SH,688049,688049,炬芯科技,科创板,沪市,科创板,801080.SI,电子,801081.SI,半导体,半导体,L,20211129,1760,4.82,47.1,2.147,15.278,False,True,True,0,0,0,0,True,
688050.SH,688050,688050,爱博医疗,科创板,沪市,科创板,801150.SI,医药生物,801153.SI,医疗器械,医疗器械,L,20200729,2248,6.15,38.35,-2.69,9.091,False,True,True,0,0,0,0,True,
688051.SH,688051,688051,佳华科技,科创板,沪市,科创板,801750.SI,计算机,801103.SI,IT服务Ⅱ,IT服务Ⅱ,L,20200320,2379,6.51,25.0,-2.153,10.0,False,True,True,0,0,0,0,True,
688052.SH,688052,688052,纳芯微,科创板,沪市,科创板,801080.SI,电子,801081.SI,半导体,半导体,L,20220422,1616,4.42,253.01,-0.503,20.455,False,True,True,0,0,0,0,True,
688053.SH,688053,688053,ST思科瑞,科创板,沪市,科创板,801740.SI,国防军工,801745.SI,军工电子Ⅱ,军工电子Ⅱ,L,20220708,1539,4.21,39.08,-1.809,20.0,True,True,True,0,0,0,0,False,ST
688055.SH,688055,688055,龙腾光电,科创板,沪市,科创板,801080.SI,电子,801084.SI,光学光电子,光学光电子,L,20200817,2229,6.1,3.71,-2.368,39.535,False,True,True,0,0,0,0,True,
688056.SH,688056,688056,莱伯泰科,科创板,沪市,科创板,801890.SI,机械设备,801072.SI,通用设备,通用设备,L,20200902,2213,6.06,58.24,10.053,38.889,False,True,True,0,0,0,0,True,
688057.SH,688057,688057,金达莱,科创板,沪市,科创板,801970.SI,环保,801971.SI,环境治理,环境治理,L,20201111,2143,5.87,19.79,1.176,15.0,False,True,True,0,0,0,0,True,
688058.SH,688058,688058,宝兰德,科创板,沪市,科创板,801750.SI,计算机,801104.SI,软件开发,软件开发,L,20191101,2519,6.9,25.25,-1.827,20.0,False,True,True,0,0,0,0,True,
688059.SH,688059,688059,华锐精密,科创板,沪市,科创板,801890.SI,机械设备,801072.SI,通用设备,通用设备,L,20210208,2054,5.62,88.99,-2.23,11.364,False,True,True,0,0,0,0,True,
688060.SH,688060,688060,云涌科技,科创板,沪市,科创板,801750.SI,计算机,801101.SI,计算机设备,计算机设备,L,20200710,2267,6.21,37.13,-2.495,38.095,False,True,True,0,0,0,0,True,
688061.SH,688061,688061,灿瑞科技,科创板,沪市,科创板,801080.SI,电子,801081.SI,半导体,半导体,L,20221018,1437,3.93,46.49,-2.126,21.333,False,True,True,0,0,0,0,True,
688062.SH,688062,688062,迈威生物,科创板,沪市,科创板,801150.SI,医药生物,801151.SI,化学制药,化学制药,L,20220118,1710,4.68,26.47,-4.784,22.857,False,True,True,0,0,0,0,True,
688063.SH,688063,688063,派能科技,科创板,沪市,科创板,801730.SI,电力设备,801737.SI,电池,电池,L,20201230,2094,5.73,40.51,-1.984,11.111,False,True,True,0,0,0,0,True,
688065.SH,688065,688065,凯赛生物,科创板,沪市,科创板,801030.SI,基础化工,801034.SI,化学制品,化学制品,L,20200812,2234,6.12,38.34,-2.492,20.0,False,True,True,0,0,0,0,True,
688066.SH,688066,688066,*ST航图,科创板,沪市,科创板,801750.SI,计算机,801103.SI,IT服务Ⅱ,IT服务Ⅱ,L,20190722,2621,7.18,8.96,9.536,13.636,True,True,True,0,0,0,0,False,ST
688067.SH,688067,688067,爱威科技,科创板,沪市,科创板,801150.SI,医药生物,801153.SI,医疗器械,医疗器械,L,20210616,1926,5.27,23.95,-0.291,16.0,False,True,True,0,0,0,0,True,
688068.SH,688068,688068,热景生物,科创板,沪市,科创板,801150.SI,医药生物,801153.SI,医疗器械,医疗器械,L,20190930,2551,6.98,91.89,-3.74,24.528,False,True,True,0,0,0,0,True,
688069.SH,688069,688069,德林海,科创板,沪市,科创板,801970.SI,环保,801971.SI,环境治理,环境治理,L,20200722,2255,6.17,37.3,-1.427,18.033,False,True,True,0,0,0,0,True,
688070.SH,688070,688070,纵横股份,科创板,沪市,科创板,801740.SI,国防军工,801742.SI,航空装备Ⅱ,航空装备Ⅱ,L,20210210,2052,5.62,36.43,-0.519,12.644,False,True,True,0,0,0,0,True,
688071.SH,688071,688071,华依科技,科创板,沪市,科创板,801890.SI,机械设备,801074.SI,专用设备,专用设备,L,20210729,1883,5.16,35.65,-0.28,13.953,False,True,True,0,0,0,0,True,
688072.SH,688072,688072,拓荆科技,科创板,沪市,科创板,801080.SI,电子,801081.SI,半导体,半导体,L,20220420,1618,4.43,700.9,-4.026,15.054,False,True,True,0,0,7,11,False,近60日停牌
688073.SH,688073,688073,毕得医药,科创板,沪市,科创板,801150.SI,医药生物,801156.SI,医疗服务,医疗服务,L,20221011,1444,3.95,74.55,-7.689,24.138,False,True,True,0,0,0,0,True,
688075.SH,688075,688075,安旭生物,科创板,沪市,科创板,801150.SI,医药生物,801153.SI,医疗器械,医疗器械,L,20211118,1771,4.85,29.82,-1.94,36.667,False,True,True,0,0,0,0,True,
688076.SH,688076,688076,ST诺泰,科创板,沪市,科创板,801150.SI,医药生物,801151.SI,化学制药,化学制药,L,20210520,1953,5.35,28.83,-0.791,14.035,True,True,True,0,0,0,0,False,ST
688077.SH,688077,688077,大地熊,科创板,沪市,科创板,801050.SI,有色金属,801051.SI,金属新材料,金属新材料,L,20200722,2255,6.17,27.86,-1.346,13.043,False,True,True,0,0,0,0,True,
688078.SH,688078,688078,龙软科技,科创板,沪市,科创板,801750.SI,计算机,801104.SI,软件开发,软件开发,L,20191230,2460,6.74,30.92,-1.309,31.343,False,True,True,0,0,0,0,True,
688079.SH,688079,688079,美迪凯,科创板,沪市,科创板,801080.SI,电子,801084.SI,光学光电子,光学光电子,L,20210302,2032,5.56,17.51,-3.045,16.471,False,True,True,0,0,0,0,True,
688080.SH,688080,688080,映翰通,科创板,沪市,科创板,801770.SI,通信,801102.SI,通信设备,通信设备,L,20200212,2416,6.61,38.04,-1.246,14.516,False,True,True,0,0,0,0,True,
688081.SH,688081,688081,兴图新科,科创板,沪市,科创板,801740.SI,国防军工,801745.SI,军工电子Ⅱ,军工电子Ⅱ,L,20200106,2453,6.72,26.25,-1.575,31.884,False,True,True,0,0,0,0,True,
688082.SH,688082,688082,盛美上海,科创板,沪市,科创板,801080.SI,电子,801081.SI,半导体,半导体,L,20211118,1771,4.85,304.11,4.387,38.261,False,True,True,0,0,0,0,True,
688083.SH,688083,688083,中望软件,科创板,沪市,科创板,801750.SI,计算机,801104.SI,软件开发,软件开发,L,20210311,2023,5.54,51.96,-1.16,11.538,False,True,True,0,0,0,0,True,
688084.SH,688084,688084,晶品特装,科创板,沪市,科创板,801740.SI,国防军工,801745.SI,军工电子Ⅱ,军工电子Ⅱ,L,20221208,1386,3.79,43.03,-3.238,12.5,False,True,True,0,0,0,0,True,
688085.SH,688085,688085,三友医疗,科创板,沪市,科创板,801150.SI,医药生物,801153.SI,医疗器械,医疗器械,L,20200409,2359,6.46,13.15,-0.454,23.077,False,True,True,0,0,0,0,True,
688087.SH,688087,688087,英科再生,科创板,沪市,科创板,801030.SI,基础化工,801036.SI,塑料,塑料,L,20210709,1903,5.21,33.21,-3.403,16.667,False,True,True,0,0,0,0,True,
688088.SH,688088,688088,虹软科技,科创板,沪市,科创板,801750.SI,计算机,801103.SI,IT服务Ⅱ,IT服务Ⅱ,L,20190722,2621,7.18,29.49,-1.929,20.0,False,True,True,0,0,0,0,True,
688089.SH,688089,688089,ST嘉必优,科创板,沪市,科创板,801030.SI,基础化工,801034.SI,化学制品,化学制品,L,20191219,2471,6.77,8.46,-0.588,20.0,True,True,True,0,0,2,2,False,ST、近60日停牌
688090.SH,688090,688090,瑞松科技,科创板,沪市,科创板,801890.SI,机械设备,801078.SI,自动化设备,自动化设备,L,20200217,2411,6.6,83.31,-1.757,22.807,False,True,True,0,0,0,0,True,
688091.SH,688091,688091,上海谊众,科创板,沪市,科创板,801150.SI,医药生物,801151.SI,化学制药,化学制药,L,20210909,1841,5.04,39.95,-2.203,9.877,False,True,True,0,0,0,0,True,
688092.SH,688092,688092,爱科科技,科创板,沪市,科创板,801890.SI,机械设备,801074.SI,专用设备,专用设备,L,20210319,2015,5.52,22.9,0.307,27.679,False,True,True,0,0,0,0,True,
688093.SH,688093,688093,世华科技,科创板,沪市,科创板,801080.SI,电子,801082.SI,其他电子Ⅱ,其他电子Ⅱ,L,20200930,2185,5.98,23.29,-2.715,46.97,False,True,True,0,0,0,0,True,
688095.SH,688095,688095,福昕软件,科创板,沪市,科创板,801750.SI,计算机,801104.SI,软件开发,软件开发,L,20200908,2207,6.04,57.44,-2.18,12.5,False,True,True,0,0,0,0,True,
688096.SH,688096,688096,京源环保,科创板,沪市,科创板,801970.SI,环保,801971.SI,环境治理,环境治理,L,20200409,2359,6.46,7.41,-1.2,16.25,False,True,True,0,0,0,0,True,
688097.SH,688097,688097,博众精工,科创板,沪市,科创板,801890.SI,机械设备,801078.SI,自动化设备,自动化设备,L,20210512,1961,5.37,44.9,-4.264,36.559,False,True,True,0,0,0,0,True,
688098.SH,688098,688098,申联生物,科创板,沪市,科创板,801010.SI,农林牧渔,801018.SI,动物保健Ⅱ,动物保健Ⅱ,L,20191028,2523,6.91,8.37,-3.571,13.953,False,True,True,0,0,0,0,True,
688099.SH,688099,688099,晶晨股份,科创板,沪市,科创板,801080.SI,电子,801081.SI,半导体,半导体,L,20190808,2604,7.13,89.52,-3.628,10.39,False,True,True,0,0,0,0,True,
688100.SH,688100,688100,威胜信息,科创板,沪市,科创板,801770.SI,通信,801102.SI,通信设备,通信设备,L,20200121,2438,6.67,24.73,-1.435,45.638,False,True,True,0,0,0,0,True,
688101.SH,688101,688101,三达膜,科创板,沪市,科创板,801970.SI,环保,801971.SI,环境治理,环境治理,L,20191115,2505,6.86,14.54,-1.021,21.29,False,True,True,0,0,0,0,True,
688102.SH,688102,688102,斯瑞新材,科创板,沪市,科创板,801050.SI,有色金属,801051.SI,金属新材料,金属新材料,L,20220316,1653,4.53,30.9,-2.153,24.615,False,True,True,0,0,0,0,True,
688103.SH,688103,688103,国力电子,科创板,沪市,科创板,801080.SI,电子,801082.SI,其他电子Ⅱ,其他电子Ⅱ,L,20210910,1840,5.04,81.24,-4.108,17.742,False,True,True,0,0,0,0,True,
688105.SH,688105,688105,诺唯赞,科创板,沪市,科创板,801150.SI,医药生物,801152.SI,生物制品,生物制品,L,20211115,1774,4.86,26.57,-3.697,28.571,False,True,True,0,0,0,0,True,
688106.SH,688106,688106,金宏气体,科创板,沪市,科创板,801080.SI,电子,801086.SI,电子化学品Ⅱ,电子化学品Ⅱ,L,20200616,2291,6.27,26.82,-0.74,10.448,False,True,True,0,0,0,0,True,
688107.SH,688107,688107,安路科技,科创板,沪市,科创板,801080.SI,电子,801081.SI,半导体,半导体,L,20211112,1777,4.87,30.73,-0.871,26.316,False,True,True,0,0,0,0,True,
688108.SH,688108,688108,赛诺医疗,科创板,沪市,科创板,801150.SI,医药生物,801153.SI,医疗器械,医疗器械,L,20191030,2521,6.9,15.2,-3.553,18.182,False,True,True,0,0,0,0,True,
688109.SH,688109,688109,品茗科技,科创板,沪市,科创板,801750.SI,计算机,801104.SI,软件开发,软件开发,L,20210330,2004,5.49,72.29,-0.427,16.667,False,True,True,0,0,0,0,True,
688110.SH,688110,688110,东芯股份,科创板,沪市,科创板,801080.SI,电子,801081.SI,半导体,半导体,L,20211210,1749,4.79,118.73,-3.196,10.959,False,True,True,0,0,0,0,True,
688111.SH,688111,688111,金山办公,科创板,沪市,科创板,801750.SI,计算机,801104.SI,软件开发,软件开发,L,20191118,2502,6.85,222.03,-2.017,18.75,False,True,True,0,0,0,0,True,
688112.SH,688112,688112,鼎阳科技,科创板,沪市,科创板,801890.SI,机械设备,801072.SI,通用设备,通用设备,L,20211201,1758,4.81,117.08,1.826,28.649,False,True,True,0,0,0,0,True,
688113.SH,688113,688113,联测科技,科创板,沪市,科创板,801890.SI,机械设备,801074.SI,专用设备,专用设备,L,20210506,1967,5.39,37.9,-0.447,15.0,False,True,True,0,0,0,0,True,
688114.SH,688114,688114,华大智造,科创板,沪市,科创板,801150.SI,医药生物,801153.SI,医疗器械,医疗器械,L,20220909,1476,4.04,74.94,-0.531,25.301,False,True,True,0,0,0,0,True,
688115.SH,688115,688115,思林杰,科创板,沪市,科创板,801890.SI,机械设备,801072.SI,通用设备,通用设备,L,20220314,1655,4.53,67.38,0.718,19.101,False,True,True,0,0,0,0,True,
688116.SH,688116,688116,天奈科技,科创板,沪市,科创板,801730.SI,电力设备,801737.SI,电池,电池,L,20190925,2556,7.0,33.64,-1.924,12.5,False,True,True,0,0,0,0,True,
688117.SH,688117,688117,圣诺生物,科创板,沪市,科创板,801150.SI,医药生物,801151.SI,化学制药,化学制药,L,20210603,1939,5.31,18.82,-4.709,23.636,False,True,True,0,0,0,0,True,
688118.SH,688118,688118,普元信息,科创板,沪市,科创板,801750.SI,计算机,801104.SI,软件开发,软件开发,L,20191204,2486,6.81,20.15,-1.226,11.765,False,True,True,0,0,0,0,True,
688119.SH,688119,688119,中钢洛耐,科创板,沪市,科创板,801710.SI,建筑材料,801713.SI,装修建材,装修建材,L,20220606,1571,4.3,3.84,-0.775,30.0,False,True,True,0,0,0,0,True,
688120.SH,688120,688120,华海清科,科创板,沪市,科创板,801080.SI,电子,801081.SI,半导体,半导体,L,20220608,1569,4.3,247.17,-2.693,12.5,False,True,True,0,0,0,0,True,
688121.SH,688121,688121,*ST卓然,科创板,沪市,科创板,801890.SI,机械设备,801074.SI,专用设备,专用设备,L,20210906,1844,5.05,1.16,0.0,66.667,True,True,True,0,0,3,33,False,ST、近60日停牌
688122.SH,688122,688122,西部超导,科创板,沪市,科创板,801740.SI,国防军工,801742.SI,航空装备Ⅱ,航空装备Ⅱ,L,20190722,2621,7.18,51.33,-2.766,14.035,False,True,True,0,0,0,0,True,
688123.SH,688123,688123,聚辰股份,科创板,沪市,科创板,801080.SI,电子,801081.SI,半导体,半导体,L,20191223,2467,6.75,159.55,-5.092,27.2,False,True,True,0,0,0,0,True,
688125.SH,688125,688125,安达智能,科创板,沪市,科创板,801890.SI,机械设备,801078.SI,自动化设备,自动化设备,L,20220415,1623,4.44,124.52,-3.233,49.091,False,True,True,0,0,0,0,True,
688126.SH,688126,688126,沪硅产业,科创板,沪市,科创板,801080.SI,电子,801081.SI,半导体,半导体,L,20200420,2348,6.43,24.8,-0.322,16.129,False,True,True,0,0,0,0,True,
688127.SH,688127,688127,蓝特光学,科创板,沪市,科创板,801080.SI,电子,801084.SI,光学光电子,光学光电子,L,20200921,2194,6.01,65.78,-4.736,9.524,False,True,True,0,0,0,0,True,
688128.SH,688128,688128,中国电研,科创板,沪市,科创板,801890.SI,机械设备,801074.SI,专用设备,专用设备,L,20191105,2515,6.89,22.1,-0.808,26.923,False,True,True,0,0,0,0,True,
688129.SH,688129,688129,东来技术,科创板,沪市,科创板,801030.SI,基础化工,801034.SI,化学制品,化学制品,L,20201023,2162,5.92,23.84,-2.415,28.378,False,True,True,0,0,0,0,True,
688130.SH,688130,688130,晶华微,科创板,沪市,科创板,801080.SI,电子,801081.SI,半导体,半导体,L,20220729,1518,4.16,27.36,-4.034,19.355,False,True,True,0,0,0,0,True,
688131.SH,688131,688131,皓元医药,科创板,沪市,科创板,801150.SI,医药生物,801156.SI,医疗服务,医疗服务,L,20210608,1934,5.3,103.54,-6.188,17.568,False,True,True,0,0,0,0,True,
688132.SH,688132,688132,邦彦技术,科创板,沪市,科创板,801740.SI,国防军工,801745.SI,军工电子Ⅱ,军工电子Ⅱ,L,20220923,1462,4.0,16.78,0.359,24.675,False,True,True,0,0,0,0,True,
688133.SH,688133,688133,泰坦科技,科创板,沪市,科创板,801030.SI,基础化工,801034.SI,化学制品,化学制品,L,20201030,2155,5.9,22.7,-2.029,14.815,False,True,True,0,0,0,0,True,
688135.SH,688135,688135,利扬芯片,科创板,沪市,科创板,801080.SI,电子,801081.SI,半导体,半导体,L,20201111,2143,5.87,39.55,-1.861,7.732,False,True,True,0,0,0,0,True,
688136.SH,688136,688136,科兴制药,科创板,沪市,科创板,801150.SI,医药生物,801152.SI,生物制品,生物制品,L,20201214,2110,5.78,23.27,-5.368,17.778,False,True,True,0,0,0,0,True,
688137.SH,688137,688137,近岸蛋白,科创板,沪市,科创板,801150.SI,医药生物,801152.SI,生物制品,生物制品,L,20220929,1456,3.99,125.25,1.962,18.954,False,True,True,0,0,0,0,True,
688138.SH,688138,688138,清溢光电,科创板,沪市,科创板,801080.SI,电子,801081.SI,半导体,半导体,L,20191120,2500,6.84,40.15,-3.947,17.582,False,True,True,0,0,0,0,True,
688139.SH,688139,688139,海尔生物,科创板,沪市,科创板,801150.SI,医药生物,801153.SI,医疗器械,医疗器械,L,20191025,2526,6.92,34.6,-1.34,20.0,False,True,True,0,0,0,0,True,
688141.SH,688141,688141,杰华特,科创板,沪市,科创板,801080.SI,电子,801081.SI,半导体,半导体,L,20221223,1371,3.75,112.4,-5.776,14.493,False,True,True,0,0,0,0,True,
688143.SH,688143,688143,长盈通,科创板,沪市,科创板,801770.SI,通信,801102.SI,通信设备,通信设备,L,20221212,1382,3.78,191.35,-1.157,7.609,False,True,True,0,0,0,4,True,
688146.SH,688146,688146,中船特气,科创板,沪市,科创板,801080.SI,电子,801081.SI,半导体,半导体,L,20230421,1252,3.43,212.99,-2.029,10.145,False,True,True,0,0,0,4,True,
688147.SH,688147,688147,微导纳米,科创板,沪市,科创板,801730.SI,电力设备,801735.SI,光伏设备,光伏设备,L,20221223,1371,3.75,111.0,-3.813,20.0,False,True,True,0,0,0,0,True,
688148.SH,688148,688148,芳源股份,科创板,沪市,科创板,801730.SI,电力设备,801737.SI,电池,电池,L,20210806,1875,5.13,5.88,-1.342,16.129,False,True,True,0,0,0,0,True,
688150.SH,688150,688150,莱特光电,科创板,沪市,科创板,801080.SI,电子,801086.SI,电子化学品Ⅱ,电子化学品Ⅱ,L,20220318,1651,4.52,42.99,-3.804,15.942,False,True,True,0,0,0,0,True,
688151.SH,688151,688151,华强科技,科创板,沪市,科创板,801150.SI,医药生物,801153.SI,医疗器械,医疗器械,L,20211206,1753,4.8,17.08,0.471,21.429,False,True,True,0,0,0,0,True,
688152.SH,688152,688152,麒麟信安,科创板,沪市,科创板,801750.SI,计算机,801104.SI,软件开发,软件开发,L,20221028,1427,3.91,35.23,-3.611,8.197,False,True,True,0,0,0,0,True,
688153.SH,688153,688153,唯捷创芯,科创板,沪市,科创板,801080.SI,电子,801081.SI,半导体,半导体,L,20220412,1626,4.45,26.5,-1.56,23.438,False,True,True,0,0,0,0,True,
688155.SH,688155,688155,先惠技术,科创板,沪市,科创板,801730.SI,电力设备,801737.SI,电池,电池,L,20200811,2235,6.12,53.9,0.503,19.118,False,True,True,0,0,0,0,True,
688156.SH,688156,688156,路德科技,科创板,沪市,科创板,801010.SI,农林牧渔,801014.SI,饲料,饲料,L,20200922,2193,6.0,22.87,-1.845,9.649,False,True,True,0,0,0,0,True,
688157.SH,688157,688157,松井股份,科创板,沪市,科创板,801030.SI,基础化工,801034.SI,化学制品,化学制品,L,20200609,2298,6.29,19.3,-2.869,23.684,False,True,True,0,0,0,0,True,
688158.SH,688158,688158,优刻得,科创板,沪市,科创板,801750.SI,计算机,801103.SI,IT服务Ⅱ,IT服务Ⅱ,L,20200120,2439,6.68,29.65,-1.854,13.907,False,True,True,0,0,0,0,True,
688159.SH,688159,688159,有方科技,科创板,沪市,科创板,801770.SI,通信,801102.SI,通信设备,通信设备,L,20200123,2436,6.67,36.62,-3.377,13.483,False,True,True,0,0,0,0,True,
688160.SH,688160,688160,步科股份,科创板,沪市,科创板,801890.SI,机械设备,801078.SI,自动化设备,自动化设备,L,20201112,2142,5.86,97.36,-0.144,16.667,False,True,True,0,0,0,0,True,
688161.SH,688161,688161,威高骨科,科创板,沪市,科创板,801150.SI,医药生物,801153.SI,医疗器械,医疗器械,L,20210630,1912,5.23,21.64,-1.322,37.037,False,True,True,0,0,0,0,True,
688162.SH,688162,688162,巨一科技,科创板,沪市,科创板,801890.SI,机械设备,801074.SI,专用设备,专用设备,L,20211110,1779,4.87,24.97,-0.28,41.176,False,True,True,0,0,0,0,True,
688163.SH,688163,688163,赛伦生物,科创板,沪市,科创板,801150.SI,医药生物,801152.SI,生物制品,生物制品,L,20220311,1658,4.54,37.31,-2.509,40.909,False,True,True,0,0,0,0,True,
688165.SH,688165,688165,埃夫特,科创板,沪市,科创板,801890.SI,机械设备,801078.SI,自动化设备,自动化设备,L,20200715,2262,6.19,14.81,-1.464,30.12,False,True,True,0,0,0,0,True,
688166.SH,688166,688166,博瑞医药,科创板,沪市,科创板,801150.SI,医药生物,801151.SI,化学制药,化学制药,L,20191108,2512,6.88,35.0,-3.581,12.121,False,True,True,0,0,0,0,True,
688167.SH,688167,688167,炬光科技,科创板,沪市,科创板,801080.SI,电子,801081.SI,半导体,半导体,L,20211224,1735,4.75,293.84,-4.875,8.621,False,True,True,0,0,0,0,True,
688168.SH,688168,688168,安博通,科创板,沪市,科创板,801750.SI,计算机,801104.SI,软件开发,软件开发,L,20190906,2575,7.05,44.78,-1.148,20.93,False,True,True,0,0,0,0,True,
688169.SH,688169,688169,石头科技,科创板,沪市,科创板,801110.SI,家用电器,801113.SI,小家电,小家电,L,20200221,2407,6.59,114.6,-1.53,20.0,False,True,True,0,0,0,0,True,
688170.SH,688170,688170,德龙激光,科创板,沪市,科创板,801890.SI,机械设备,801078.SI,自动化设备,自动化设备,L,20220429,1609,4.41,68.65,-4.653,10.345,False,True,True,0,0,0,0,True,
688171.SH,688171,688171,纬德信息,科创板,沪市,科创板,801750.SI,计算机,801104.SI,软件开发,软件开发,L,20220127,1701,4.66,24.82,3.288,21.569,False,True,True,0,0,0,0,True,
688172.SH,688172,688172,燕东微,科创板,沪市,科创板,801080.SI,电子,801081.SI,半导体,半导体,L,20221216,1378,3.77,45.26,-3.62,55.224,False,True,True,0,0,0,0,True,
688173.SH,688173,688173,希荻微,科创板,沪市,科创板,801080.SI,电子,801081.SI,半导体,半导体,L,20220121,1707,4.67,13.46,-2.534,13.433,False,True,True,0,0,0,0,True,
688175.SH,688175,688175,高凌信息,科创板,沪市,科创板,801740.SI,国防军工,801745.SI,军工电子Ⅱ,军工电子Ⅱ,L,20220315,1654,4.53,25.95,-3.135,40.58,False,True,True,0,0,0,0,True,
688176.SH,688176,688176,亚虹医药,科创板,沪市,科创板,801150.SI,医药生物,801151.SI,化学制药,化学制药,L,20220107,1721,4.71,14.73,0.272,20.0,False,True,True,0,0,0,0,True,
688177.SH,688177,688177,百奥泰,科创板,沪市,科创板,801150.SI,医药生物,801152.SI,生物制品,生物制品,L,20200221,2407,6.59,20.83,-2.069,24.49,False,True,True,0,0,0,0,True,
688178.SH,688178,688178,万德斯,科创板,沪市,科创板,801970.SI,环保,801971.SI,环境治理,环境治理,L,20200114,2445,6.69,30.11,-0.791,15.493,False,True,True,0,0,0,0,True,
688179.SH,688179,688179,阿拉丁,科创板,沪市,科创板,801030.SI,基础化工,801034.SI,化学制品,化学制品,L,20201026,2159,5.91,24.84,2.942,24.561,False,True,True,0,0,0,0,True,
688180.SH,688180,688180,君实生物,科创板,沪市,科创板,801150.SI,医药生物,801152.SI,生物制品,生物制品,L,20200715,2262,6.19,34.88,-2.515,18.182,False,True,True,0,0,0,0,True,
688181.SH,688181,688181,八亿时空,科创板,沪市,科创板,801080.SI,电子,801084.SI,光学光电子,光学光电子,L,20200106,2453,6.72,46.98,0.427,17.699,False,True,True,0,0,0,0,True,
688182.SH,688182,688182,灿勤科技,科创板,沪市,科创板,801770.SI,通信,801102.SI,通信设备,通信设备,L,20211116,1773,4.85,28.67,-3.207,30.496,False,True,True,0,0,0,0,True,
688183.SH,688183,688183,生益电子,科创板,沪市,科创板,801080.SI,电子,801083.SI,元件,元件,L,20210225,2037,5.58,114.08,-4.135,17.105,False,True,True,0,0,0,0,True,
688184.SH,688184,688184,ST帕瓦,科创板,沪市,科创板,801730.SI,电力设备,801737.SI,电池,电池,L,20220919,1466,4.01,10.76,-0.37,23.214,True,True,True,0,0,0,0,False,ST
688185.SH,688185,688185,康希诺,科创板,沪市,科创板,801150.SI,医药生物,801152.SI,生物制品,生物制品,L,20200813,2233,6.11,81.61,-4.27,21.053,False,True,True,0,0,0,0,True,
688186.SH,688186,688186,广大特材,科创板,沪市,科创板,801730.SI,电力设备,801736.SI,风电设备,风电设备,L,20200211,2417,6.62,14.35,-2.514,12.5,False,True,True,0,0,0,0,True,
688187.SH,688187,688187,时代电气,科创板,沪市,科创板,801890.SI,机械设备,801076.SI,轨交设备Ⅱ,轨交设备Ⅱ,L,20210907,1843,5.05,44.4,-2.993,26.829,False,True,True,0,0,0,0,True,
688188.SH,688188,688188,柏楚电子,科创板,沪市,科创板,801750.SI,计算机,801101.SI,计算机设备,计算机设备,L,20190808,2604,7.13,95.25,-2.117,16.176,False,True,True,0,0,0,0,True,
688189.SH,688189,688189,ST南新,科创板,沪市,科创板,801150.SI,医药生物,801151.SI,化学制药,化学制药,L,20200326,2373,6.5,6.48,-0.766,9.091,True,True,True,0,0,0,2,False,ST
688190.SH,688190,688190,云路股份,科创板,沪市,科创板,801050.SI,有色金属,801051.SI,金属新材料,金属新材料,L,20211126,1763,4.83,71.2,-3.142,46.341,False,True,True,0,0,0,0,True,
688191.SH,688191,688191,智洋创新,科创板,沪市,科创板,801730.SI,电力设备,801738.SI,电网设备,电网设备,L,20210408,1995,5.46,22.05,-6.568,19.048,False,True,True,0,0,0,0,True,
688192.SH,688192,688192,迪哲医药,科创板,沪市,科创板,801150.SI,医药生物,801151.SI,化学制药,化学制药,L,20211210,1749,4.79,56.45,-6.307,15.172,False,True,True,0,0,0,0,True,
688193.SH,688193,688193,仁度生物,科创板,沪市,科创板,801150.SI,医药生物,801153.SI,医疗器械,医疗器械,L,20220330,1639,4.49,49.18,0.573,15.464,False,True,True,0,0,0,0,True,
688195.SH,688195,688195,腾景科技,科创板,沪市,科创板,801080.SI,电子,801084.SI,光学光电子,光学光电子,L,20210326,2008,5.5,188.12,-3.231,8.511,False,True,True,0,0,0,0,True,
688196.SH,688196,688196,卓越新能,科创板,沪市,科创板,801030.SI,基础化工,801034.SI,化学制品,化学制品,L,20191121,2499,6.84,33.56,-3.174,15.909,False,True,True,0,0,0,0,True,
688197.SH,688197,688197,首药控股,科创板,沪市,科创板,801150.SI,医药生物,801151.SI,化学制药,化学制药,L,20220323,1646,4.51,37.72,-4.41,17.978,False,True,True,0,0,0,0,True,
688198.SH,688198,688198,佰仁医疗,科创板,沪市,科创板,801150.SI,医药生物,801153.SI,医疗器械,医疗器械,L,20191209,2481,6.79,71.16,-3.065,43.902,False,True,True,0,0,0,0,True,
688199.SH,688199,688199,久日新材,科创板,沪市,科创板,801030.SI,基础化工,801034.SI,化学制品,化学制品,L,20191105,2515,6.89,25.51,0.039,11.864,False,True,True,0,0,0,0,True,
688200.SH,688200,688200,华峰测控,科创板,沪市,科创板,801080.SI,电子,801081.SI,半导体,半导体,L,20200218,2410,6.6,398.08,0.191,15.556,False,True,True,0,0,0,0,True,
688201.SH,688201,688201,ST信安,科创板,沪市,科创板,801750.SI,计算机,801104.SI,软件开发,软件开发,L,20210421,1982,5.43,7.71,-2.405,20.0,True,True,True,0,0,0,0,False,ST
688202.SH,688202,688202,美迪西,科创板,沪市,科创板,801150.SI,医药生物,801156.SI,医疗服务,医疗服务,L,20191105,2515,6.89,107.91,-7.832,20.0,False,True,True,0,0,0,0,True,
688203.SH,688203,688203,海正生材,科创板,沪市,科创板,801030.SI,基础化工,801036.SI,塑料,塑料,L,20220816,1500,4.11,23.06,-5.103,41.102,False,True,True,0,0,0,0,True,
688205.SH,688205,688205,德科立,科创板,沪市,科创板,801770.SI,通信,801102.SI,通信设备,通信设备,L,20220809,1507,4.13,210.68,-8.264,9.42,False,True,True,0,0,0,0,True,
688206.SH,688206,688206,概伦电子,科创板,沪市,科创板,801750.SI,计算机,801104.SI,软件开发,软件开发,L,20211228,1731,4.74,36.79,-2.775,19.388,False,True,True,0,0,0,0,True,
688207.SH,688207,688207,格灵深瞳,科创板,沪市,科创板,801750.SI,计算机,801103.SI,IT服务Ⅱ,IT服务Ⅱ,L,20220317,1652,4.52,19.72,-5.42,11.34,False,True,True,0,0,0,0,True,
688208.SH,688208,688208,道通科技,科创板,沪市,科创板,801750.SI,计算机,801101.SI,计算机设备,计算机设备,L,20200213,2415,6.61,25.6,-1.463,13.462,False,True,True,0,0,0,0,True,
688209.SH,688209,688209,英集芯,科创板,沪市,科创板,801080.SI,电子,801081.SI,半导体,半导体,L,20220419,1619,4.43,35.0,-4.45,10.497,False,True,True,0,0,0,0,True,
688210.SH,688210,688210,统联精密,科创板,沪市,科创板,801080.SI,电子,801085.SI,消费电子,消费电子,L,20211227,1732,4.74,28.92,-2.659,22.667,False,True,True,0,0,0,0,True,
688211.SH,688211,688211,中科微至,科创板,沪市,科创板,801890.SI,机械设备,801074.SI,专用设备,专用设备,L,20211026,1794,4.91,33.12,-0.211,18.519,False,True,True,0,0,0,0,True,
688212.SH,688212,688212,澳华内镜,科创板,沪市,科创板,801150.SI,医药生物,801153.SI,医疗器械,医疗器械,L,20211115,1774,4.86,29.39,1.766,12.069,False,True,True,0,0,0,0,True,
688213.SH,688213,688213,思特威,科创板,沪市,科创板,801080.SI,电子,801081.SI,半导体,半导体,L,20220520,1588,4.35,93.41,-2.321,8.571,False,True,True,0,0,0,0,True,
688215.SH,688215,688215,瑞晟智能,科创板,沪市,科创板,801890.SI,机械设备,801078.SI,自动化设备,自动化设备,L,20200828,2218,6.07,46.09,-3.557,22.807,False,True,True,0,0,0,0,True,
688216.SH,688216,688216,气派科技,科创板,沪市,科创板,801080.SI,电子,801081.SI,半导体,半导体,L,20210623,1919,5.25,40.29,-2.916,15.306,False,True,True,0,0,0,0,True,
688217.SH,688217,688217,睿昂基因,科创板,沪市,科创板,801150.SI,医药生物,801153.SI,医疗器械,医疗器械,L,20210517,1956,5.36,25.65,-0.543,15.0,False,True,True,0,0,0,0,True,
688218.SH,688218,688218,江苏北人,科创板,沪市,科创板,801890.SI,机械设备,801078.SI,自动化设备,自动化设备,L,20191211,2479,6.79,38.69,-4.09,7.843,False,True,True,0,0,0,0,True,
688219.SH,688219,688219,会通股份,科创板,沪市,科创板,801030.SI,基础化工,801036.SI,塑料,塑料,L,20201118,2136,5.85,10.37,-0.575,20.0,False,True,True,0,0,0,0,True,
688220.SH,688220,688220,翱捷科技,科创板,沪市,科创板,801080.SI,电子,801081.SI,半导体,半导体,L,20220114,1714,4.69,97.36,-2.327,16.26,False,True,True,0,0,0,0,True,
688221.SH,688221,688221,前沿生物,科创板,沪市,科创板,801150.SI,医药生物,801151.SI,化学制药,化学制药,L,20201028,2157,5.91,16.73,-4.291,19.767,False,True,True,0,0,0,0,True,
688222.SH,688222,688222,成都先导,科创板,沪市,科创板,801150.SI,医药生物,801156.SI,医疗服务,医疗服务,L,20200416,2352,6.44,44.19,-3.977,30.233,False,True,True,0,0,0,0,True,
688223.SH,688223,688223,晶科能源,科创板,沪市,科创板,801730.SI,电力设备,801735.SI,光伏设备,光伏设备,L,20220126,1702,4.66,3.75,-2.597,17.5,False,True,True,0,0,0,0,True,
688225.SH,688225,688225,亚信安全,科创板,沪市,科创板,801750.SI,计算机,801104.SI,软件开发,软件开发,L,20220209,1688,4.62,14.73,0.341,16.418,False,True,True,0,0,0,0,True,
688226.SH,688226,688226,威腾电气,科创板,沪市,科创板,801730.SI,电力设备,801738.SI,电网设备,电网设备,L,20210707,1905,5.22,30.64,-4.459,9.459,False,True,True,0,0,0,0,True,
688227.SH,688227,688227,品高股份,科创板,沪市,科创板,801750.SI,计算机,801103.SI,IT服务Ⅱ,IT服务Ⅱ,L,20211230,1729,4.73,77.0,-2.482,15.663,False,True,True,0,0,0,0,True,
688228.SH,688228,688228,开普云,科创板,沪市,科创板,801750.SI,计算机,801103.SI,IT服务Ⅱ,IT服务Ⅱ,L,20200327,2372,6.49,84.44,-4.771,14.516,False,True,True,0,0,0,0,True,
688229.SH,688229,688229,博睿数据,科创板,沪市,科创板,801750.SI,计算机,801103.SI,IT服务Ⅱ,IT服务Ⅱ,L,20200817,2229,6.1,60.57,-2.574,18.182,False,True,True,0,0,0,0,True,
688230.SH,688230,688230,芯导科技,科创板,沪市,科创板,801080.SI,电子,801081.SI,半导体,半导体,L,20211201,1758,4.81,61.01,-2.928,33.846,False,True,True,0,0,0,0,True,
688231.SH,688231,688231,隆达股份,科创板,沪市,科创板,801050.SI,有色金属,801051.SI,金属新材料,金属新材料,L,20220722,1525,4.18,34.65,-2.696,23.75,False,True,True,0,0,0,0,True,
688232.SH,688232,688232,新点软件,科创板,沪市,科创板,801750.SI,计算机,801104.SI,软件开发,软件开发,L,20211117,1772,4.85,17.45,-1.524,28.261,False,True,True,0,0,0,0,True,
688233.SH,688233,688233,神工股份,科创板,沪市,科创板,801080.SI,电子,801081.SI,半导体,半导体,L,20200221,2407,6.59,100.36,-2.639,11.765,False,True,True,0,0,0,0,True,
688234.SH,688234,688234,天岳先进,科创板,沪市,科创板,801080.SI,电子,801081.SI,半导体,半导体,L,20220112,1716,4.7,110.35,-3.261,16.949,False,True,True,0,0,0,0,True,
688235.SH,688235,688235,百济神州,科创板,沪市,科创板,801150.SI,医药生物,801151.SI,化学制药,化学制药,L,20211215,1744,4.77,258.0,-3.186,13.433,False,True,True,0,0,0,0,True,
688236.SH,688236,688236,春立医疗,科创板,沪市,科创板,801150.SI,医药生物,801153.SI,医疗器械,医疗器械,L,20211230,1729,4.73,14.12,-3.155,40.816,False,True,True,0,0,0,0,True,
688237.SH,688237,688237,超卓航科,科创板,沪市,科创板,801740.SI,国防军工,801742.SI,航空装备Ⅱ,航空装备Ⅱ,L,20220701,1546,4.23,59.0,-0.556,8.333,False,True,True,0,0,6,6,False,近60日停牌
688238.SH,688238,688238,和元生物,科创板,沪市,科创板,801150.SI,医药生物,801156.SI,医疗服务,医疗服务,L,20220322,1647,4.51,8.52,-1.843,26.316,False,True,True,0,0,0,0,True,
688239.SH,688239,688239,航宇科技,科创板,沪市,科创板,801740.SI,国防军工,801742.SI,航空装备Ⅱ,航空装备Ⅱ,L,20210705,1907,5.22,55.45,-2.514,15.556,False,True,True,0,0,0,0,True,
688244.SH,688244,688244,永信至诚,科创板,沪市,科创板,801750.SI,计算机,801104.SI,软件开发,软件开发,L,20221019,1436,3.93,16.5,-1.434,14.634,False,True,True,0,0,0,0,True,
688246.SH,688246,688246,嘉和美康,科创板,沪市,科创板,801750.SI,计算机,801104.SI,软件开发,软件开发,L,20211214,1745,4.78,17.22,-2.931,17.045,False,True,True,0,0,0,0,True,
688247.SH,688247,688247,宣泰医药,科创板,沪市,科创板,801150.SI,医药生物,801151.SI,化学制药,化学制药,L,20220825,1491,4.08,9.88,-3.61,14.583,False,True,True,0,0,0,0,True,
688248.SH,688248,688248,南网科技,科创板,沪市,科创板,801730.SI,电力设备,801738.SI,电网设备,电网设备,L,20211222,1737,4.76,47.47,-4.198,38.272,False,True,True,0,0,0,0,True,
688249.SH,688249,688249,晶合集成,科创板,沪市,科创板,801080.SI,电子,801081.SI,半导体,半导体,L,20230505,1238,3.39,34.82,-4.235,55.446,False,True,True,0,0,0,0,True,
688251.SH,688251,688251,井松智能,科创板,沪市,科创板,801750.SI,计算机,801103.SI,IT服务Ⅱ,IT服务Ⅱ,L,20220606,1571,4.3,18.45,-3.655,16.923,False,True,True,0,0,0,0,True,
688252.SH,688252,688252,天德钰,科创板,沪市,科创板,801080.SI,电子,801081.SI,半导体,半导体,L,20220927,1458,3.99,21.32,-2.648,17.476,False,True,True,0,0,0,0,True,
688253.SH,688253,688253,英诺特,科创板,沪市,科创板,801150.SI,医药生物,801153.SI,医疗器械,医疗器械,L,20220728,1519,4.16,57.1,-1.194,29.655,False,True,True,0,0,0,0,True,
688255.SH,688255,688255,凯尔达,科创板,沪市,科创板,801890.SI,机械设备,801078.SI,自动化设备,自动化设备,L,20211025,1795,4.91,26.8,0.037,9.231,False,True,True,0,0,0,0,True,
688256.SH,688256,688256,寒武纪,科创板,沪市,科创板,801080.SI,电子,801081.SI,半导体,半导体,L,20200720,2257,6.18,1091.48,-1.052,21.053,False,True,True,0,0,0,0,True,
688257.SH,688257,688257,新锐股份,科创板,沪市,科创板,801890.SI,机械设备,801072.SI,通用设备,通用设备,L,20211027,1793,4.91,58.21,-4.433,11.765,False,True,True,0,0,0,0,True,
688258.SH,688258,688258,卓易信息,科创板,沪市,科创板,801750.SI,计算机,801103.SI,IT服务Ⅱ,IT服务Ⅱ,L,20191209,2481,6.79,88.14,-3.535,17.91,False,True,True,0,0,0,0,True,
688259.SH,688259,688259,创耀科技,科创板,沪市,科创板,801080.SI,电子,801081.SI,半导体,半导体,L,20220112,1716,4.7,33.34,0.786,26.582,False,True,True,0,0,0,0,True,
688260.SH,688260,688260,昀冢科技,科创板,沪市,科创板,801080.SI,电子,801085.SI,消费电子,消费电子,L,20210406,1997,5.47,108.64,-6.643,17.829,False,True,True,0,0,0,4,True,
688261.SH,688261,688261,东微半导,科创板,沪市,科创板,801080.SI,电子,801081.SI,半导体,半导体,L,20220210,1687,4.62,77.3,-3.157,15.385,False,True,True,0,0,0,0,True,
688262.SH,688262,688262,国芯科技,科创板,沪市,科创板,801080.SI,电子,801081.SI,半导体,半导体,L,20220106,1722,4.71,29.24,-4.6,12.857,False,True,True,0,0,0,0,True,
688265.SH,688265,688265,南模生物,科创板,沪市,科创板,801150.SI,医药生物,801156.SI,医疗服务,医疗服务,L,20211228,1731,4.74,52.13,-2.415,30.631,False,True,True,0,0,0,0,True,
688266.SH,688266,688266,泽璟制药,科创板,沪市,科创板,801150.SI,医药生物,801151.SI,化学制药,化学制药,L,20200123,2436,6.67,108.95,-6.118,19.048,False,True,True,0,0,0,0,True,
688267.SH,688267,688267,中触媒,科创板,沪市,科创板,801030.SI,基础化工,801034.SI,化学制品,化学制品,L,20220216,1681,4.6,22.29,-0.045,24.615,False,True,True,0,0,0,0,True,
688268.SH,688268,688268,华特气体,科创板,沪市,科创板,801080.SI,电子,801086.SI,电子化学品Ⅱ,电子化学品Ⅱ,L,20191226,2464,6.75,132.03,-2.106,12.371,False,True,True,0,0,0,0,True,
688269.SH,688269,688269,凯立新材,科创板,沪市,科创板,801030.SI,基础化工,801034.SI,化学制品,化学制品,L,20210609,1933,5.29,27.69,1.169,27.027,False,True,True,0,0,0,0,True,
688270.SH,688270,688270,ST臻镭,科创板,沪市,科创板,801080.SI,电子,801081.SI,半导体,半导体,L,20220127,1701,4.66,56.91,-0.385,21.429,True,True,True,0,0,0,0,False,ST
688271.SH,688271,688271,联影医疗,科创板,沪市,科创板,801150.SI,医药生物,801153.SI,医疗器械,医疗器械,L,20220822,1494,4.09,102.41,0.205,16.304,False,True,True,0,0,0,0,True,
688272.SH,688272,688272,富吉瑞,科创板,沪市,科创板,801740.SI,国防军工,801745.SI,军工电子Ⅱ,军工电子Ⅱ,L,20211018,1802,4.93,29.46,-1.8,12.5,False,True,True,0,0,0,0,True,
688273.SH,688273,688273,麦澜德,科创板,沪市,科创板,801150.SI,医药生物,801153.SI,医疗器械,医疗器械,L,20220811,1505,4.12,29.43,-2.128,16.667,False,True,True,0,0,0,0,True,
688275.SH,688275,688275,万润新能,科创板,沪市,科创板,801730.SI,电力设备,801737.SI,电池,电池,L,20220929,1456,3.99,67.64,-1.928,19.298,False,True,True,0,0,0,0,True,
688276.SH,688276,688276,百克生物,科创板,沪市,科创板,801150.SI,医药生物,801152.SI,生物制品,生物制品,L,20210625,1917,5.25,17.75,-2.686,23.077,False,True,True,0,0,0,0,True,
688277.SH,688277,688277,天智航,科创板,沪市,科创板,801150.SI,医药生物,801153.SI,医疗器械,医疗器械,L,20200707,2270,6.21,15.29,-3.411,20.0,False,True,True,0,0,11,11,False,近60日停牌
688278.SH,688278,688278,特宝生物,科创板,沪市,科创板,801150.SI,医药生物,801152.SI,生物制品,生物制品,L,20200117,2442,6.69,51.4,-3.201,19.277,False,True,True,0,0,0,0,True,
688279.SH,688279,688279,峰岹科技,科创板,沪市,科创板,801080.SI,电子,801081.SI,半导体,半导体,L,20220420,1618,4.43,213.56,-0.863,24.324,False,True,True,0,0,0,0,True,
688280.SH,688280,688280,精进电动,科创板,沪市,科创板,801880.SI,汽车,801093.SI,汽车零部件,汽车零部件,L,20211027,1793,4.91,4.88,-4.314,15.094,False,True,True,0,0,0,0,True,
688281.SH,688281,688281,华秦科技,科创板,沪市,科创板,801740.SI,国防军工,801742.SI,航空装备Ⅱ,航空装备Ⅱ,L,20220307,1662,4.55,49.91,-3.05,17.0,False,True,True,0,0,0,0,True,
688282.SH,688282,688282,理工导航,科创板,沪市,科创板,801740.SI,国防军工,801741.SI,航天装备Ⅱ,航天装备Ⅱ,L,20220318,1651,4.52,54.9,2.771,31.429,False,True,True,0,0,0,0,True,
688283.SH,688283,688283,坤恒顺维,科创板,沪市,科创板,801770.SI,通信,801102.SI,通信设备,通信设备,L,20220215,1682,4.61,34.08,2.961,29.333,False,True,True,0,0,0,0,True,
688285.SH,688285,688285,高铁电气,科创板,沪市,科创板,801890.SI,机械设备,801076.SI,轨交设备Ⅱ,轨交设备Ⅱ,L,20211020,1800,4.93,7.62,-0.781,26.316,False,True,True,0,0,0,0,True,
688286.SH,688286,688286,敏芯股份,科创板,沪市,科创板,801080.SI,电子,801081.SI,半导体,半导体,L,20200810,2236,6.12,55.8,9.091,18.182,False,True,True,0,0,0,0,True,
688288.SH,688288,688288,鸿泉技术,科创板,沪市,科创板,801750.SI,计算机,801101.SI,计算机设备,计算机设备,L,20191106,2514,6.88,19.9,-0.251,15.217,False,True,True,0,0,0,0,True,
688289.SH,688289,688289,圣湘生物,科创板,沪市,科创板,801150.SI,医药生物,801153.SI,医疗器械,医疗器械,L,20200828,2218,6.07,16.65,0.483,15.0,False,True,True,0,0,0,0,True,
688290.SH,688290,688290,景业智能,科创板,沪市,科创板,801890.SI,机械设备,801078.SI,自动化设备,自动化设备,L,20220429,1609,4.41,61.0,-3.236,18.692,False,True,True,0,0,0,0,True,
688291.SH,688291,688291,金橙子,科创板,沪市,科创板,801750.SI,计算机,801104.SI,软件开发,软件开发,L,20221026,1429,3.91,42.3,-0.353,13.107,False,True,True,6,6,6,6,False,近60日停牌
688292.SH,688292,688292,浩瀚深度,科创板,沪市,科创板,801750.SI,计算机,801101.SI,计算机设备,计算机设备,L,20220818,1498,4.1,21.74,-5.478,23.077,False,True,True,0,0,0,0,True,
688293.SH,688293,688293,奥浦迈,科创板,沪市,科创板,801150.SI,医药生物,801152.SI,生物制品,生物制品,L,20220902,1483,4.06,77.45,-8.882,24.752,False,True,True,0,0,0,0,True,
688295.SH,688295,688295,中复神鹰,科创板,沪市,科创板,801030.SI,基础化工,801032.SI,化学纤维,化学纤维,L,20220406,1632,4.47,36.41,-2.543,43.75,False,True,True,0,0,0,0,True,
688296.SH,688296,688296,和达科技,科创板,沪市,科创板,801750.SI,计算机,801104.SI,软件开发,软件开发,L,20210727,1885,5.16,27.58,-3.735,15.152,False,True,True,0,0,0,0,True,
688297.SH,688297,688297,中无人机,科创板,沪市,科创板,801740.SI,国防军工,801742.SI,航空装备Ⅱ,航空装备Ⅱ,L,20220629,1548,4.24,42.15,-2.045,11.215,False,True,True,0,0,0,0,True,
688298.SH,688298,688298,东方生物,科创板,沪市,科创板,801150.SI,医药生物,801153.SI,医疗器械,医疗器械,L,20200205,2423,6.63,19.18,-1.032,12.5,False,True,True,0,0,0,0,True,
688299.SH,688299,688299,长阳科技,科创板,沪市,科创板,801080.SI,电子,801084.SI,光学光电子,光学光电子,L,20191106,2514,6.88,13.37,-2.764,12.308,False,True,True,0,0,0,0,True,
688300.SH,688300,688300,联瑞新材,科创板,沪市,科创板,801030.SI,基础化工,801039.SI,非金属材料Ⅱ,非金属材料Ⅱ,L,20191115,2505,6.86,167.8,-8.356,8.163,False,True,True,0,0,0,0,True,
688301.SH,688301,688301,奕瑞科技,科创板,沪市,科创板,801150.SI,医药生物,801153.SI,医疗器械,医疗器械,L,20200918,2197,6.02,89.1,-7.139,13.462,False,True,True,0,0,0,0,True,
688302.SH,688302,688302,海创药业,科创板,沪市,科创板,801150.SI,医药生物,801151.SI,化学制药,化学制药,L,20220412,1626,4.45,32.89,-2.259,23.529,False,True,True,0,0,0,0,True,
688303.SH,688303,688303,大全能源,科创板,沪市,科创板,801730.SI,电力设备,801735.SI,光伏设备,光伏设备,L,20210722,1890,5.17,15.83,-2.585,36.957,False,True,True,0,0,0,0,True,
688305.SH,688305,688305,科德数控,科创板,沪市,科创板,801890.SI,机械设备,801072.SI,通用设备,通用设备,L,20210709,1903,5.21,56.3,-2.409,17.808,False,True,True,0,0,0,0,True,
688306.SH,688306,688306,均普智能,科创板,沪市,科创板,801890.SI,机械设备,801078.SI,自动化设备,自动化设备,L,20220322,1647,4.51,10.15,2.422,17.204,False,True,True,0,0,0,0,True,
688307.SH,688307,688307,中润光学,科创板,沪市,科创板,801750.SI,计算机,801101.SI,计算机设备,计算机设备,L,20230216,1316,3.6,47.21,-3.059,12.821,False,True,True,0,0,0,0,True,
688308.SH,688308,688308,欧科亿,科创板,沪市,科创板,801890.SI,机械设备,801072.SI,通用设备,通用设备,L,20201210,2114,5.79,85.35,-3.853,10.87,False,True,True,0,0,0,0,True,
688309.SH,688309,688309,恒誉科技,科创板,沪市,科创板,801970.SI,环保,801972.SI,环保设备Ⅱ,环保设备Ⅱ,L,20200714,2263,6.2,77.2,-0.013,14.737,False,True,True,0,0,0,0,True,
688310.SH,688310,688310,迈得医疗,科创板,沪市,科创板,801890.SI,机械设备,801078.SI,自动化设备,自动化设备,L,20191203,2487,6.81,15.75,-1.685,16.447,False,True,True,0,0,0,0,True,
688311.SH,688311,688311,盟升电子,科创板,沪市,科创板,801740.SI,国防军工,801745.SI,军工电子Ⅱ,军工电子Ⅱ,L,20200731,2246,6.15,24.55,-1.879,10.345,False,True,True,0,0,0,0,True,
688312.SH,688312,688312,燕麦科技,科创板,沪市,科创板,801890.SI,机械设备,801074.SI,专用设备,专用设备,L,20200608,2299,6.29,57.79,-4.637,21.739,False,True,True,0,0,0,0,True,
688313.SH,688313,688313,仕佳光子,科创板,沪市,科创板,801770.SI,通信,801102.SI,通信设备,通信设备,L,20200812,2234,6.12,157.3,-3.898,14.286,False,True,True,0,0,0,0,True,
688314.SH,688314,688314,康拓医疗,科创板,沪市,科创板,801150.SI,医药生物,801153.SI,医疗器械,医疗器械,L,20210518,1955,5.35,30.76,-3.27,24.444,False,True,True,0,0,0,0,True,
688315.SH,688315,688315,诺禾致源,科创板,沪市,科创板,801150.SI,医药生物,801156.SI,医疗服务,医疗服务,L,20210413,1990,5.45,20.4,5.209,32.558,False,True,True,0,0,0,0,True,
688316.SH,688316,688316,青云科技,科创板,沪市,科创板,801750.SI,计算机,801103.SI,IT服务Ⅱ,IT服务Ⅱ,L,20210316,2018,5.52,45.92,-1.013,8.621,False,True,True,0,0,0,0,True,
688317.SH,688317,688317,之江生物,科创板,沪市,科创板,801150.SI,医药生物,801153.SI,医疗器械,医疗器械,L,20210118,2075,5.68,18.75,-3.301,18.182,False,True,True,0,0,0,0,True,
688318.SH,688318,688318,财富趋势,科创板,沪市,科创板,801750.SI,计算机,801104.SI,软件开发,软件开发,L,20200427,2341,6.41,78.0,-4.505,15.686,False,True,True,0,0,0,0,True,
688319.SH,688319,688319,欧林生物,科创板,沪市,科创板,801150.SI,医药生物,801152.SI,生物制品,生物制品,L,20210608,1934,5.3,31.52,-7.075,19.718,False,True,True,0,0,0,0,True,
688320.SH,688320,688320,禾川科技,科创板,沪市,科创板,801890.SI,机械设备,801078.SI,自动化设备,自动化设备,L,20220428,1610,4.41,37.38,0.511,17.647,False,True,True,0,0,0,0,True,
688321.SH,688321,688321,微芯生物,科创板,沪市,科创板,801150.SI,医药生物,801151.SI,化学制药,化学制药,L,20190812,2600,7.12,25.35,-3.17,20.93,False,True,True,0,0,0,0,True,
688322.SH,688322,688322,奥比中光,科创板,沪市,科创板,801080.SI,电子,801084.SI,光学光电子,光学光电子,L,20220707,1540,4.22,89.51,-1.864,21.008,False,True,True,0,0,0,0,True,
688323.SH,688323,688323,瑞华泰,科创板,沪市,科创板,801030.SI,基础化工,801036.SI,塑料,塑料,L,20210428,1975,5.41,26.61,-2.527,7.576,False,True,True,0,0,0,0,True,
688325.SH,688325,688325,赛微微电,科创板,沪市,科创板,801080.SI,电子,801081.SI,半导体,半导体,L,20220422,1616,4.42,108.83,0.909,18.681,False,True,True,0,0,0,0,True,
688326.SH,688326,688326,经纬恒润,科创板,沪市,科创板,801750.SI,计算机,801104.SI,软件开发,软件开发,L,20220419,1619,4.43,57.98,-1.294,25.0,False,True,True,0,0,0,0,True,
688327.SH,688327,688327,云从科技,科创板,沪市,科创板,801750.SI,计算机,801103.SI,IT服务Ⅱ,IT服务Ⅱ,L,20220527,1581,4.33,9.89,-1.788,9.804,False,True,True,0,0,0,0,True,
688328.SH,688328,688328,深科达,科创板,沪市,科创板,801890.SI,机械设备,801074.SI,专用设备,专用设备,L,20210309,2025,5.54,80.3,-5.161,8.759,False,True,True,0,0,0,0,True,
688329.SH,688329,688329,艾隆科技,科创板,沪市,科创板,801890.SI,机械设备,801078.SI,自动化设备,自动化设备,L,20210329,2005,5.49,23.32,0.301,19.355,False,True,True,0,0,0,0,True,
688330.SH,688330,688330,宏力达,科创板,沪市,科创板,801730.SI,电力设备,801738.SI,电网设备,电网设备,L,20201015,2170,5.94,37.88,-0.577,19.565,False,True,True,0,0,0,0,True,
688331.SH,688331,688331,荣昌生物,科创板,沪市,科创板,801150.SI,医药生物,801152.SI,生物制品,生物制品,L,20220331,1638,4.48,116.28,-6.79,13.971,False,True,True,0,0,0,0,True,
688332.SH,688332,688332,中科蓝讯,科创板,沪市,科创板,801080.SI,电子,801081.SI,半导体,半导体,L,20220715,1532,4.19,93.84,-3.951,12.766,False,True,True,0,0,0,0,True,
688333.SH,688333,688333,铂力特,科创板,沪市,科创板,801890.SI,机械设备,801072.SI,通用设备,通用设备,L,20190722,2621,7.18,108.27,-4.7,9.489,False,True,True,0,0,0,0,True,
688334.SH,688334,688334,西高院,科创板,沪市,科创板,801210.SI,社会服务,801218.SI,专业服务,专业服务,L,20230619,1193,3.27,17.95,-0.883,18.478,False,True,True,0,0,0,0,True,
688335.SH,688335,688335,复洁科技,科创板,沪市,科创板,801970.SI,环保,801971.SI,环境治理,环境治理,L,20200817,2229,6.1,17.6,-1.731,28.0,False,True,True,0,0,0,0,True,
688336.SH,688336,688336,三生国健,科创板,沪市,科创板,801150.SI,医药生物,801152.SI,生物制品,生物制品,L,20200722,2255,6.17,39.21,-5.198,26.531,False,True,True,0,0,0,0,True,
688337.SH,688337,688337,普源精电,科创板,沪市,科创板,801890.SI,机械设备,801072.SI,通用设备,通用设备,L,20220408,1630,4.46,58.61,2.501,35.833,False,True,True,0,0,0,0,True,
688338.SH,688338,688338,赛科希德,科创板,沪市,科创板,801150.SI,医药生物,801153.SI,医疗器械,医疗器械,L,20200806,2240,6.13,31.8,-2.184,12.0,False,True,True,0,0,0,0,True,
688339.SH,688339,688339,亿华通,科创板,沪市,科创板,801730.SI,电力设备,801737.SI,电池,电池,L,20200810,2236,6.12,18.1,-0.659,13.793,False,True,True,0,0,0,0,True,
688343.SH,688343,688343,云天励飞,科创板,沪市,科创板,801750.SI,计算机,801103.SI,IT服务Ⅱ,IT服务Ⅱ,L,20230404,1269,3.47,63.85,-2.489,18.919,False,True,True,0,0,0,0,True,
688345.SH,688345,688345,博力威,科创板,沪市,科创板,801730.SI,电力设备,801737.SI,电池,电池,L,20210611,1931,5.29,48.11,-2.215,15.517,False,True,True,0,0,0,0,True,
688347.SH,688347,688347,华虹宏力,科创板,沪市,科创板,801080.SI,电子,801081.SI,半导体,半导体,L,20230807,1144,3.13,224.1,-2.361,11.667,False,True,True,0,0,0,0,True,
688348.SH,688348,688348,昱能科技,科创板,沪市,科创板,801730.SI,电力设备,801735.SI,光伏设备,光伏设备,L,20220608,1569,4.3,30.5,-1.294,18.75,False,True,True,0,0,0,0,True,
688349.SH,688349,688349,三一重能,科创板,沪市,科创板,801730.SI,电力设备,801736.SI,风电设备,风电设备,L,20220622,1555,4.26,12.94,-1.97,14.706,False,True,True,0,0,0,0,True,
688350.SH,688350,688350,富淼科技,科创板,沪市,科创板,801030.SI,基础化工,801034.SI,化学制品,化学制品,L,20210128,2065,5.65,29.39,-0.204,13.103,False,True,True,0,0,0,0,True,
688351.SH,688351,688351,微电生理,科创板,沪市,科创板,801150.SI,医药生物,801153.SI,医疗器械,医疗器械,L,20220831,1485,4.07,17.5,-2.398,31.188,False,True,True,0,0,0,0,True,
688352.SH,688352,688352,颀中科技,科创板,沪市,科创板,801080.SI,电子,801081.SI,半导体,半导体,L,20230420,1253,3.43,19.09,-3.635,13.542,False,True,True,0,0,0,0,True,
688353.SH,688353,688353,华盛锂电,科创板,沪市,科创板,801730.SI,电力设备,801737.SI,电池,电池,L,20220713,1534,4.2,79.86,-2.728,14.925,False,True,True,0,0,0,0,True,
688355.SH,688355,688355,明志科技,科创板,沪市,科创板,801890.SI,机械设备,801072.SI,通用设备,通用设备,L,20210512,1961,5.37,16.97,-0.876,25.862,False,True,True,0,0,0,0,True,
688356.SH,688356,688356,键凯科技,科创板,沪市,科创板,801150.SI,医药生物,801151.SI,化学制药,化学制药,L,20200826,2220,6.08,94.79,-7.377,19.048,False,True,True,0,0,0,0,True,
688357.SH,688357,688357,建龙微纳,科创板,沪市,科创板,801030.SI,基础化工,801034.SI,化学制品,化学制品,L,20191204,2486,6.81,26.93,-0.037,27.273,False,True,True,0,0,0,0,True,
688358.SH,688358,688358,祥生医疗,科创板,沪市,科创板,801150.SI,医药生物,801153.SI,医疗器械,医疗器械,L,20191203,2487,6.81,29.0,-1.192,18.644,False,True,True,0,0,0,0,True,
688359.SH,688359,688359,三孚新科,科创板,沪市,科创板,801080.SI,电子,801086.SI,电子化学品Ⅱ,电子化学品Ⅱ,L,20210521,1952,5.34,111.09,-3.643,18.033,False,True,True,0,0,0,0,True,
688360.SH,688360,688360,德马科技,科创板,沪市,科创板,801890.SI,机械设备,801072.SI,通用设备,通用设备,L,20200602,2305,6.31,16.4,0.244,22.078,False,True,True,0,0,0,0,True,
688361.SH,688361,688361,中科飞测,科创板,沪市,科创板,801080.SI,电子,801081.SI,半导体,半导体,L,20230519,1224,3.35,370.3,-2.89,20.126,False,True,True,0,0,0,0,True,
688362.SH,688362,688362,甬矽电子,科创板,沪市,科创板,801080.SI,电子,801081.SI,半导体,半导体,L,20221116,1408,3.85,60.85,-3.213,8.974,False,True,True,0,0,0,0,True,
688363.SH,688363,688363,华熙生物,科创板,沪市,科创板,801980.SI,美容护理,801983.SI,医疗美容,医疗美容,L,20191106,2514,6.88,34.7,-0.999,15.385,False,True,True,0,0,0,0,True,
688365.SH,688365,688365,光云科技,科创板,沪市,科创板,801750.SI,计算机,801103.SI,IT服务Ⅱ,IT服务Ⅱ,L,20200429,2339,6.4,16.07,-2.606,15.385,False,True,True,0,0,0,0,True,
688366.SH,688366,688366,昊海生科,科创板,沪市,科创板,801150.SI,医药生物,801153.SI,医疗器械,医疗器械,L,20191030,2521,6.9,29.91,-1.612,26.316,False,True,True,0,0,0,0,True,
688367.SH,688367,688367,工大高科,科创板,沪市,科创板,801890.SI,机械设备,801076.SI,轨交设备Ⅱ,轨交设备Ⅱ,L,20210628,1914,5.24,30.9,0.227,9.333,False,True,True,0,0,0,0,True,
688368.SH,688368,688368,晶丰明源,科创板,沪市,科创板,801080.SI,电子,801081.SI,半导体,半导体,L,20191014,2537,6.95,140.21,-4.6,17.949,False,True,True,0,0,0,0,True,
688369.SH,688369,688369,致远互联,科创板,沪市,科创板,801750.SI,计算机,801104.SI,软件开发,软件开发,L,20191031,2520,6.9,19.57,-1.954,12.0,False,True,True,0,0,0,0,True,
688370.SH,688370,688370,丛麟科技,科创板,沪市,科创板,801970.SI,环保,801971.SI,环境治理,环境治理,L,20220825,1491,4.08,28.42,0.07,27.5,False,True,True,0,0,0,0,True,
688371.SH,688371,688371,菲沃泰,科创板,沪市,科创板,801080.SI,电子,801086.SI,电子化学品Ⅱ,电子化学品Ⅱ,L,20220802,1514,4.15,24.84,-2.474,21.538,False,True,True,0,0,0,0,True,
688372.SH,688372,688372,伟测科技,科创板,沪市,科创板,801080.SI,电子,801081.SI,半导体,半导体,L,20221026,1429,3.91,112.78,-3.442,10.959,False,True,True,0,0,0,0,True,
688373.SH,688373,688373,盟科药业,科创板,沪市,科创板,801150.SI,医药生物,801151.SI,化学制药,化学制药,L,20220805,1511,4.14,5.86,-2.658,14.035,False,True,True,0,0,0,0,True,
688375.SH,688375,688375,国博电子,科创板,沪市,科创板,801740.SI,国防军工,801745.SI,军工电子Ⅱ,军工电子Ⅱ,L,20220722,1525,4.18,68.88,-1.712,50.877,False,True,True,0,0,0,0,True,
688376.SH,688376,688376,美埃科技,科创板,沪市,科创板,801970.SI,环保,801972.SI,环保设备Ⅱ,环保设备Ⅱ,L,20221118,1406,3.85,63.06,-3.193,33.784,False,True,True,0,0,0,0,True,
688377.SH,688377,688377,迪威尔,科创板,沪市,科创板,801890.SI,机械设备,801074.SI,专用设备,专用设备,L,20200708,2269,6.21,16.97,-1.737,62.245,False,True,True,0,0,0,0,True,
688378.SH,688378,688378,奥来德,科创板,沪市,科创板,801080.SI,电子,801084.SI,光学光电子,光学光电子,L,20200903,2212,6.06,50.72,-3.372,19.792,False,True,True,0,0,0,0,True,
688379.SH,688379,688379,华光新材,科创板,沪市,科创板,801890.SI,机械设备,801072.SI,通用设备,通用设备,L,20200819,2227,6.1,61.27,-4.519,14.063,False,True,True,0,0,0,0,True,
688380.SH,688380,688380,中微半导,科创板,沪市,科创板,801080.SI,电子,801081.SI,半导体,半导体,L,20220805,1511,4.14,42.28,-2.827,13.235,False,True,True,0,0,0,0,True,
688381.SH,688381,688381,帝奥微,科创板,沪市,科创板,801080.SI,电子,801081.SI,半导体,半导体,L,20220823,1493,4.09,45.1,-4.611,26.0,False,True,True,0,0,0,0,True,
688382.SH,688382,688382,益方生物,科创板,沪市,科创板,801150.SI,医药生物,801151.SI,化学制药,化学制药,L,20220725,1522,4.17,18.75,-5.826,16.327,False,True,True,0,0,0,0,True,
688383.SH,688383,688383,新益昌,科创板,沪市,科创板,801890.SI,机械设备,801074.SI,专用设备,专用设备,L,20210428,1975,5.41,143.01,0.989,19.048,False,True,True,0,0,0,0,True,
688385.SH,688385,688385,复旦微电,科创板,沪市,科创板,801080.SI,电子,801081.SI,半导体,半导体,L,20210804,1877,5.14,59.78,-1.791,15.942,False,True,True,0,0,0,0,True,
688386.SH,688386,688386,泛亚微透,科创板,沪市,科创板,801030.SI,基础化工,801036.SI,塑料,塑料,L,20201016,2169,5.94,49.11,-5.065,16.364,False,True,True,0,0,0,0,True,
688387.SH,688387,688387,信科移动,科创板,沪市,科创板,801770.SI,通信,801102.SI,通信设备,通信设备,L,20220926,1459,3.99,12.31,-0.965,17.829,False,True,True,0,0,0,0,True,
688388.SH,688388,688388,嘉元科技,科创板,沪市,科创板,801730.SI,电力设备,801737.SI,电池,电池,L,20190722,2621,7.18,30.0,-4.031,12.0,False,True,True,0,0,0,0,True,
688389.SH,688389,688389,普门科技,科创板,沪市,科创板,801150.SI,医药生物,801153.SI,医疗器械,医疗器械,L,20191105,2515,6.89,11.12,-0.626,21.622,False,True,True,0,0,0,0,True,
688390.SH,688390,688390,固德威,科创板,沪市,科创板,801730.SI,电力设备,801735.SI,光伏设备,光伏设备,L,20200904,2211,6.05,56.8,-3.516,15.625,False,True,True,0,0,0,0,True,
688391.SH,688391,688391,钜泉科技,科创板,沪市,科创板,801080.SI,电子,801081.SI,半导体,半导体,L,20220913,1472,4.03,27.02,-1.17,32.558,False,True,True,0,0,0,0,True,
688392.SH,688392,688392,骄成超声,科创板,沪市,科创板,801730.SI,电力设备,801737.SI,电池,电池,L,20220927,1458,3.99,167.0,-5.836,13.253,False,True,True,0,0,0,0,True,
688393.SH,688393,688393,安必平,科创板,沪市,科创板,801150.SI,医药生物,801153.SI,医疗器械,医疗器械,L,20200820,2226,6.09,22.21,-1.42,17.647,False,True,True,0,0,0,0,True,
688395.SH,688395,688395,正弦电气,科创板,沪市,科创板,801890.SI,机械设备,801078.SI,自动化设备,自动化设备,L,20210429,1974,5.4,26.35,-1.532,16.883,False,True,True,0,0,0,0,True,
688396.SH,688396,688396,华润微,科创板,沪市,科创板,801080.SI,电子,801081.SI,半导体,半导体,L,20200227,2401,6.57,59.17,-3.333,25.828,False,True,True,0,0,0,0,True,
688398.SH,688398,688398,赛特新材,科创板,沪市,科创板,801030.SI,基础化工,801034.SI,化学制品,化学制品,L,20200211,2417,6.62,23.57,0.469,30.357,False,True,True,0,0,0,0,True,
688399.SH,688399,688399,硕世生物,科创板,沪市,科创板,801150.SI,医药生物,801153.SI,医疗器械,医疗器械,L,20191205,2485,6.8,27.63,-0.932,27.273,False,True,True,0,0,0,0,True,
688400.SH,688400,688400,凌云光,科创板,沪市,科创板,801890.SI,机械设备,801074.SI,专用设备,专用设备,L,20220706,1541,4.22,46.15,-2.719,9.402,False,True,True,0,0,0,0,True,
688401.SH,688401,688401,路维光电,科创板,沪市,科创板,801080.SI,电子,801081.SI,半导体,半导体,L,20220817,1499,4.1,70.76,-3.294,12.371,False,True,True,0,0,0,0,True,
688403.SH,688403,688403,汇成股份,科创板,沪市,科创板,801080.SI,电子,801081.SI,半导体,半导体,L,20220818,1498,4.1,24.8,-3.839,9.375,False,True,True,0,0,0,0,True,
688408.SH,688408,688408,中信博,科创板,沪市,科创板,801730.SI,电力设备,801735.SI,光伏设备,光伏设备,L,20200828,2218,6.07,22.7,-2.029,18.182,False,True,True,0,0,0,0,True,
688409.SH,688409,688409,富创精密,科创板,沪市,科创板,801080.SI,电子,801081.SI,半导体,半导体,L,20221010,1445,3.96,186.02,-3.416,19.008,False,True,True,0,0,0,0,True,
688410.SH,688410,688410,山外山,科创板,沪市,科创板,801150.SI,医药生物,801153.SI,医疗器械,医疗器械,L,20221226,1368,3.75,9.77,-1.71,16.832,False,True,True,0,0,0,0,True,
688411.SH,688411,688411,海博思创,科创板,沪市,科创板,801730.SI,电力设备,801733.SI,其他电源设备Ⅱ,其他电源设备Ⅱ,L,20250127,605,1.66,161.01,-2.701,28.0,False,True,True,0,0,0,0,False,上市时间不足
688416.SH,688416,688416,恒烁股份,科创板,沪市,科创板,801080.SI,电子,801081.SI,半导体,半导体,L,20220829,1487,4.07,79.71,-4.333,13.115,False,True,True,0,0,0,0,True,
688418.SH,688418,688418,震有科技,科创板,沪市,科创板,801770.SI,通信,801102.SI,通信设备,通信设备,L,20200722,2255,6.17,32.0,-0.806,19.512,False,True,True,0,0,0,0,True,
688419.SH,688419,688419,耐科装备,科创板,沪市,科创板,801080.SI,电子,801081.SI,半导体,半导体,L,20221107,1417,3.88,52.08,-2.745,12.5,False,True,True,0,0,0,0,True,
688420.SH,688420,688420,美腾科技,科创板,沪市,科创板,801890.SI,机械设备,801074.SI,专用设备,专用设备,L,20221209,1385,3.79,22.81,-2.145,22.523,False,True,True,0,0,0,0,True,
688425.SH,688425,688425,铁建重工,科创板,沪市,科创板,801890.SI,机械设备,801077.SI,工程机械,工程机械,L,20210622,1920,5.26,3.92,-1.01,29.787,False,True,True,0,0,0,0,True,
688426.SH,688426,688426,康为世纪,科创板,沪市,科创板,801150.SI,医药生物,801153.SI,医疗器械,医疗器械,L,20221025,1430,3.92,21.96,-7.692,22.857,False,True,True,0,0,0,0,True,
688428.SH,688428,688428,诺诚健华,科创板,沪市,科创板,801150.SI,医药生物,801151.SI,化学制药,化学制药,L,20220921,1464,4.01,29.86,-10.599,13.725,False,True,True,0,0,0,0,True,
688429.SH,688429,688429,时创能源,科创板,沪市,科创板,801730.SI,电力设备,801735.SI,光伏设备,光伏设备,L,20230629,1183,3.24,10.09,1.001,17.647,False,True,True,0,0,0,0,True,
688432.SH,688432,688432,有研硅,科创板,沪市,科创板,801080.SI,电子,801081.SI,半导体,半导体,L,20221110,1414,3.87,55.13,0.236,24.06,False,True,True,11,11,11,11,False,近60日停牌
688433.SH,688433,688433,华曙高科,科创板,沪市,科创板,801890.SI,机械设备,801072.SI,通用设备,通用设备,L,20230417,1256,3.44,86.5,-4.388,26.891,False,True,True,0,0,0,0,True,
688435.SH,688435,688435,英方软件,科创板,沪市,科创板,801750.SI,计算机,801104.SI,软件开发,软件开发,L,20230119,1344,3.68,30.11,-2.24,15.686,False,True,True,0,0,0,0,True,
688439.SH,688439,688439,振华风光,科创板,沪市,科创板,801740.SI,国防军工,801745.SI,军工电子Ⅱ,军工电子Ⅱ,L,20220826,1490,4.08,38.16,-0.857,20.833,False,True,True,0,0,0,0,True,
688443.SH,688443,688443,智翔金泰,科创板,沪市,科创板,801150.SI,医药生物,801152.SI,生物制品,生物制品,L,20230620,1192,3.26,24.61,-3.452,13.115,False,True,True,0,0,0,0,True,
688448.SH,688448,688448,磁谷科技,科创板,沪市,科创板,801890.SI,机械设备,801072.SI,通用设备,通用设备,L,20220921,1464,4.01,65.69,-3.962,12.5,False,True,True,0,0,0,0,True,
688449.SH,688449,688449,联芸科技,科创板,沪市,科创板,801080.SI,电子,801081.SI,半导体,半导体,L,20241129,664,1.82,61.61,-4.273,12.403,False,True,True,0,0,0,0,False,上市时间不足
688450.SH,688450,688450,光格科技,科创板,沪市,科创板,801890.SI,机械设备,801072.SI,通用设备,通用设备,L,20230724,1158,3.17,33.07,-2.391,7.317,False,True,True,0,0,0,0,True,
688455.SH,688455,688455,科捷智能,科创板,沪市,科创板,801890.SI,机械设备,801078.SI,自动化设备,自动化设备,L,20220915,1470,4.02,17.7,-1.667,21.687,False,True,True,0,0,0,0,True,
688456.SH,688456,688456,有研粉材,科创板,沪市,科创板,801050.SI,有色金属,801051.SI,金属新材料,金属新材料,L,20210317,2017,5.52,75.12,-4.184,7.368,False,True,True,0,0,0,0,True,
688458.SH,688458,688458,美芯晟,科创板,沪市,科创板,801080.SI,电子,801081.SI,半导体,半导体,L,20230522,1221,3.34,39.16,-1.682,16.484,False,True,True,0,0,0,0,True,
688459.SH,688459,688459,哈铁科技,科创板,沪市,科创板,801890.SI,机械设备,801076.SI,轨交设备Ⅱ,轨交设备Ⅱ,L,20221012,1443,3.95,8.23,0.366,18.889,False,True,True,0,0,0,0,True,
688466.SH,688466,688466,金科环境,科创板,沪市,科创板,801970.SI,环保,801971.SI,环境治理,环境治理,L,20200508,2330,6.38,14.05,-0.496,29.412,False,True,True,0,0,0,0,True,
688468.SH,688468,688468,科美诊断,科创板,沪市,科创板,801150.SI,医药生物,801153.SI,医疗器械,医疗器械,L,20210409,1994,5.46,6.53,-0.91,22.581,False,True,True,0,0,0,0,True,
688469.SH,688469,688469,芯联集成,科创板,沪市,科创板,801080.SI,电子,801081.SI,半导体,半导体,L,20230510,1233,3.38,8.59,-2.718,13.953,False,True,True,0,0,0,0,True,
688472.SH,688472,688472,阿特斯,科创板,沪市,科创板,801730.SI,电力设备,801735.SI,光伏设备,光伏设备,L,20230609,1203,3.29,8.32,-2.462,29.293,False,True,True,0,0,0,0,True,
688475.SH,688475,688475,萤石网络,科创板,沪市,科创板,801750.SI,计算机,801101.SI,计算机设备,计算机设备,L,20221228,1366,3.74,27.99,-0.674,12.371,False,True,True,0,0,0,0,True,
688478.SH,688478,688478,晶升股份,科创板,沪市,科创板,801080.SI,电子,801081.SI,半导体,半导体,L,20230424,1249,3.42,50.64,-4.776,18.852,False,True,True,0,0,0,0,True,
688479.SH,688479,688479,友车科技,科创板,沪市,科创板,801750.SI,计算机,801104.SI,软件开发,软件开发,L,20230511,1232,3.37,37.22,-1.378,12.931,False,True,True,0,0,0,0,True,
688480.SH,688480,688480,赛恩斯,科创板,沪市,科创板,801970.SI,环保,801971.SI,环境治理,环境治理,L,20221125,1399,3.83,70.0,-0.85,27.957,False,True,True,0,0,0,0,True,
688484.SH,688484,688484,南芯科技,科创板,沪市,科创板,801080.SI,电子,801081.SI,半导体,半导体,L,20230407,1266,3.47,33.67,-2.968,13.636,False,True,True,0,0,0,0,True,
688485.SH,688485,688485,九州一轨,科创板,沪市,科创板,801890.SI,机械设备,801076.SI,轨交设备Ⅱ,轨交设备Ⅱ,L,20230118,1345,3.68,119.94,-6.311,14.474,False,True,True,0,0,0,0,True,
688486.SH,688486,688486,龙迅股份,科创板,沪市,科创板,801080.SI,电子,801081.SI,半导体,半导体,L,20230221,1311,3.59,49.0,-2.0,18.75,False,True,True,0,0,0,0,True,
688488.SH,688488,688488,艾迪药业,科创板,沪市,科创板,801150.SI,医药生物,801152.SI,生物制品,生物制品,L,20200720,2257,6.18,15.95,-4.491,16.25,False,True,True,0,0,0,0,True,
688489.SH,688489,688489,三未信安,科创板,沪市,科创板,801750.SI,计算机,801101.SI,计算机设备,计算机设备,L,20221202,1392,3.81,27.12,-6.224,26.667,False,True,True,0,0,0,0,True,
688496.SH,688496,688496,*ST清越,科创板,沪市,科创板,801080.SI,电子,801084.SI,光学光电子,光学光电子,L,20221228,1366,3.74,,,,True,True,False,10,10,10,10,False,ST、近60日停牌、无最新行情
688498.SH,688498,688498,源杰科技,科创板,沪市,科创板,801080.SI,电子,801081.SI,半导体,半导体,L,20221221,1373,3.76,1700.03,-1.958,21.176,False,True,True,0,0,0,0,True,
688499.SH,688499,688499,利元亨,科创板,沪市,科创板,801730.SI,电力设备,801737.SI,电池,电池,L,20210701,1911,5.23,37.75,-1.77,13.559,False,True,True,0,0,0,0,True,
688500.SH,688500,688500,慧辰股份,科创板,沪市,科创板,801750.SI,计算机,801103.SI,IT服务Ⅱ,IT服务Ⅱ,L,20200716,2261,6.19,30.7,-1.539,18.519,False,True,True,0,0,0,0,True,
688501.SH,688501,688501,青达环保,科创板,沪市,科创板,801970.SI,环保,801972.SI,环保设备Ⅱ,环保设备Ⅱ,L,20210716,1896,5.19,15.4,-3.327,21.277,False,True,True,0,0,0,0,True,
688502.SH,688502,688502,茂莱光学,科创板,沪市,科创板,801080.SI,电子,801084.SI,光学光电子,光学光电子,L,20230309,1295,3.55,444.6,0.993,12.5,False,True,True,0,0,0,0,True,
688503.SH,688503,688503,聚和材料,科创板,沪市,科创板,801730.SI,电力设备,801735.SI,光伏设备,光伏设备,L,20221209,1385,3.79,76.01,-5.695,13.924,False,True,True,0,0,0,0,True,
688505.SH,688505,688505,复旦张江,科创板,沪市,科创板,801150.SI,医药生物,801151.SI,化学制药,化学制药,L,20200619,2288,6.26,8.36,-2.336,17.073,False,True,True,0,0,0,0,True,
688506.SH,688506,688506,百利天恒,科创板,沪市,科创板,801150.SI,医药生物,801151.SI,化学制药,化学制药,L,20230106,1357,3.72,239.3,-3.617,34.058,False,True,True,0,0,0,0,True,
688507.SH,688507,688507,索辰科技,科创板,沪市,科创板,801750.SI,计算机,801104.SI,软件开发,软件开发,L,20230418,1255,3.44,141.09,-2.075,7.059,False,True,True,0,0,0,0,True,
688508.SH,688508,688508,芯朋微,科创板,沪市,科创板,801080.SI,电子,801081.SI,半导体,半导体,L,20200722,2255,6.17,84.29,-6.0,9.677,False,True,True,0,0,0,0,True,
688509.SH,688509,688509,正元地信,科创板,沪市,科创板,801750.SI,计算机,801103.SI,IT服务Ⅱ,IT服务Ⅱ,L,20210730,1882,5.15,4.15,-0.48,9.524,False,True,True,0,0,0,0,True,
688510.SH,688510,688510,航亚科技,科创板,沪市,科创板,801740.SI,国防军工,801742.SI,航空装备Ⅱ,航空装备Ⅱ,L,20201216,2108,5.77,23.98,-3.965,12.903,False,True,True,0,0,0,0,True,
688511.SH,688511,688511,天微电子,科创板,沪市,科创板,801740.SI,国防军工,801745.SI,军工电子Ⅱ,军工电子Ⅱ,L,20210730,1882,5.15,23.06,0.699,28.571,False,True,True,0,0,0,0,True,
688512.SH,688512,688512,慧智微,科创板,沪市,科创板,801080.SI,电子,801081.SI,半导体,半导体,L,20230516,1227,3.36,17.58,1.501,23.926,False,True,True,0,0,0,0,True,
688513.SH,688513,688513,苑东生物,科创板,沪市,科创板,801150.SI,医药生物,801151.SI,化学制药,化学制药,L,20200902,2213,6.06,50.0,-3.846,22.68,False,True,True,0,0,0,0,True,
688515.SH,688515,688515,裕太微,科创板,沪市,科创板,801080.SI,电子,801081.SI,半导体,半导体,L,20230210,1322,3.62,152.5,-3.481,7.143,False,True,True,0,0,0,0,True,
688516.SH,688516,688516,奥特维,科创板,沪市,科创板,801730.SI,电力设备,801735.SI,光伏设备,光伏设备,L,20200521,2317,6.34,43.91,-3.706,14.286,False,True,True,0,0,0,0,True,
688517.SH,688517,688517,金冠电气,科创板,沪市,科创板,801730.SI,电力设备,801738.SI,电网设备,电网设备,L,20210618,1924,5.27,16.68,2.394,11.25,False,True,True,0,0,0,0,True,
688518.SH,688518,688518,联赢激光,科创板,沪市,科创板,801890.SI,机械设备,801078.SI,自动化设备,自动化设备,L,20200622,2285,6.26,21.08,-1.999,7.692,False,True,True,0,0,0,0,True,
688519.SH,688519,688519,南亚新材,科创板,沪市,科创板,801080.SI,电子,801083.SI,元件,元件,L,20200818,2228,6.1,295.08,-4.659,15.789,False,True,True,0,0,0,0,True,
688520.SH,688520,688520,神州细胞,科创板,沪市,科创板,801150.SI,医药生物,801152.SI,生物制品,生物制品,L,20200622,2285,6.26,35.75,-3.95,44.211,False,True,True,0,0,0,0,True,
688521.SH,688521,688521,芯原股份,科创板,沪市,科创板,801080.SI,电子,801081.SI,半导体,半导体,L,20200818,2228,6.1,207.45,-1.308,15.714,False,True,True,0,0,0,0,True,
688522.SH,688522,688522,纳睿雷达,科创板,沪市,科创板,801740.SI,国防军工,801745.SI,军工电子Ⅱ,军工电子Ⅱ,L,20230301,1303,3.57,18.4,-1.075,10.87,False,True,True,0,0,0,0,True,
688523.SH,688523,688523,航天环宇,科创板,沪市,科创板,801740.SI,国防军工,801741.SI,航天装备Ⅱ,航天装备Ⅱ,L,20230602,1210,3.31,39.52,-0.554,22.143,False,True,True,0,0,0,0,True,
688525.SH,688525,688525,佰维存储,科创板,沪市,科创板,801080.SI,电子,801081.SI,半导体,半导体,L,20221230,1364,3.73,211.01,-5.245,10.417,False,True,True,0,0,0,0,True,
688526.SH,688526,688526,科前生物,科创板,沪市,科创板,801010.SI,农林牧渔,801018.SI,动物保健Ⅱ,动物保健Ⅱ,L,20200922,2193,6.0,12.18,-1.456,26.471,False,True,True,0,0,0,0,True,
688528.SH,688528,688528,秦川物联,科创板,沪市,科创板,801890.SI,机械设备,801072.SI,通用设备,通用设备,L,20200701,2276,6.23,10.31,0.684,20.408,False,True,True,0,0,0,0,True,
688529.SH,688529,688529,豪森智能,科创板,沪市,科创板,801890.SI,机械设备,801074.SI,专用设备,专用设备,L,20201109,2145,5.87,15.6,1.365,25.641,False,True,True,0,0,0,0,True,
688530.SH,688530,688530,欧莱新材,科创板,沪市,科创板,801080.SI,电子,801081.SI,半导体,半导体,L,20240509,868,2.38,61.71,-3.548,3.165,False,True,True,0,0,0,0,True,
688531.SH,688531,688531,日联科技,科创板,沪市,科创板,801890.SI,机械设备,801074.SI,专用设备,专用设备,L,20230331,1273,3.49,138.5,-6.52,12.329,False,True,True,0,0,0,0,True,
688533.SH,688533,688533,上声电子,科创板,沪市,科创板,801880.SI,汽车,801093.SI,汽车零部件,汽车零部件,L,20210419,1984,5.43,20.1,-2.663,35.484,False,True,True,0,0,0,0,True,
688535.SH,688535,688535,华海诚科,科创板,沪市,科创板,801080.SI,电子,801081.SI,半导体,半导体,L,20230404,1269,3.47,108.84,-6.172,11.111,False,True,True,0,0,0,0,True,
688536.SH,688536,688536,思瑞浦,科创板,沪市,科创板,801080.SI,电子,801081.SI,半导体,半导体,L,20200921,2194,6.01,346.81,-3.118,27.273,False,True,True,0,0,0,0,True,
688538.SH,688538,688538,和辉光电,科创板,沪市,科创板,801080.SI,电子,801084.SI,光学光电子,光学光电子,L,20210528,1945,5.33,2.05,-0.966,13.043,False,True,True,0,0,0,0,True,
688539.SH,688539,688539,高华科技,科创板,沪市,科创板,801080.SI,电子,801083.SI,元件,元件,L,20230418,1255,3.44,24.85,-1.193,31.746,False,True,True,0,0,0,0,True,
688543.SH,688543,688543,国科军工,科创板,沪市,科创板,801740.SI,国防军工,801743.SI,地面兵装Ⅱ,地面兵装Ⅱ,L,20230621,1191,3.26,43.73,1.18,13.889,False,True,True,0,0,0,0,True,
688545.SH,688545,688545,兴福电子,科创板,沪市,科创板,801080.SI,电子,801086.SI,电子化学品Ⅱ,电子化学品Ⅱ,L,20250122,610,1.67,76.68,-3.17,8.974,False,True,True,0,0,0,0,False,上市时间不足
688548.SH,688548,688548,广钢气体,科创板,沪市,科创板,801080.SI,电子,801086.SI,电子化学品Ⅱ,电子化学品Ⅱ,L,20230815,1136,3.11,33.32,-0.656,25.373,False,True,True,0,0,0,0,True,
688549.SH,688549,688549,中巨芯,科创板,沪市,科创板,801080.SI,电子,801086.SI,电子化学品Ⅱ,电子化学品Ⅱ,L,20230908,1112,3.04,23.27,-2.145,9.244,False,True,True,0,0,0,0,True,
688550.SH,688550,688550,瑞联新材,科创板,沪市,科创板,801080.SI,电子,801086.SI,电子化学品Ⅱ,电子化学品Ⅱ,L,20200902,2213,6.06,38.06,-2.21,12.5,False,True,True,0,0,0,0,True,
688551.SH,688551,688551,科威尔,科创板,沪市,科创板,801730.SI,电力设备,801733.SI,其他电源设备Ⅱ,其他电源设备Ⅱ,L,20200910,2205,6.04,43.3,0.116,13.636,False,True,True,0,0,0,0,True,
688552.SH,688552,688552,航天南湖,科创板,沪市,科创板,801740.SI,国防军工,801745.SI,军工电子Ⅱ,军工电子Ⅱ,L,20230518,1225,3.35,29.86,-2.736,28.369,False,True,True,0,0,0,0,True,
688553.SH,688553,688553,汇宇制药,科创板,沪市,科创板,801150.SI,医药生物,801151.SI,化学制药,化学制药,L,20211026,1794,4.91,12.26,-3.692,15.0,False,True,True,0,0,0,0,True,
688556.SH,688556,688556,高测股份,科创板,沪市,科创板,801730.SI,电力设备,801735.SI,光伏设备,光伏设备,L,20200807,2239,6.13,7.85,-1.133,12.5,False,True,True,0,0,0,0,True,
688557.SH,688557,688557,兰剑智能,科创板,沪市,科创板,801890.SI,机械设备,801072.SI,通用设备,通用设备,L,20201202,2122,5.81,21.28,-0.654,15.385,False,True,True,0,0,0,0,True,
688558.SH,688558,688558,国盛智科,科创板,沪市,科创板,801890.SI,机械设备,801072.SI,通用设备,通用设备,L,20200630,2277,6.23,34.08,-0.322,17.188,False,True,True,0,0,0,0,True,
688559.SH,688559,688559,海目星,科创板,沪市,科创板,801890.SI,机械设备,801078.SI,自动化设备,自动化设备,L,20200909,2206,6.04,58.33,-1.453,9.375,False,True,True,0,0,0,0,True,
688560.SH,688560,688560,明冠新材,科创板,沪市,科创板,801730.SI,电力设备,801735.SI,光伏设备,光伏设备,L,20201224,2100,5.75,12.8,-0.621,13.333,False,True,True,0,0,0,0,True,
688561.SH,688561,688561,奇安信,科创板,沪市,科创板,801750.SI,计算机,801104.SI,软件开发,软件开发,L,20200722,2255,6.17,28.61,-2.554,17.391,False,True,True,0,0,0,0,True,
688562.SH,688562,688562,航天软件,科创板,沪市,科创板,801750.SI,计算机,801103.SI,IT服务Ⅱ,IT服务Ⅱ,L,20230524,1219,3.34,14.43,-0.207,32.877,False,True,True,0,0,0,0,True,
688563.SH,688563,688563,航材股份,科创板,沪市,科创板,801740.SI,国防军工,801742.SI,航空装备Ⅱ,航空装备Ⅱ,L,20230719,1163,3.18,52.79,-2.619,10.606,False,True,True,0,0,0,0,True,
688565.SH,688565,688565,力源科技,科创板,沪市,科创板,801970.SI,环保,801971.SI,环境治理,环境治理,L,20210513,1960,5.37,11.46,-0.693,17.431,False,True,True,0,0,0,0,True,
688566.SH,688566,688566,吉贝尔,科创板,沪市,科创板,801150.SI,医药生物,801151.SI,化学制药,化学制药,L,20200518,2320,6.35,27.72,-0.894,13.846,False,True,True,0,0,0,0,True,
688567.SH,688567,688567,孚能科技,科创板,沪市,科创板,801730.SI,电力设备,801737.SI,电池,电池,L,20200717,2260,6.19,8.88,-1.552,48.0,False,True,True,0,0,0,0,True,
688568.SH,688568,688568,中科星图,科创板,沪市,科创板,801750.SI,计算机,801103.SI,IT服务Ⅱ,IT服务Ⅱ,L,20200708,2269,6.21,30.3,-1.623,35.714,False,True,True,0,0,0,0,True,
688569.SH,688569,688569,铁科轨道,科创板,沪市,科创板,801890.SI,机械设备,801076.SI,轨交设备Ⅱ,轨交设备Ⅱ,L,20200831,2215,6.06,18.75,1.847,22.917,False,True,True,0,0,0,0,True,
688570.SH,688570,688570,天玛智控,科创板,沪市,科创板,801890.SI,机械设备,801078.SI,自动化设备,自动化设备,L,20230605,1207,3.3,14.74,0.0,31.579,False,True,True,0,0,0,0,True,
688571.SH,688571,688571,杭华股份,科创板,沪市,科创板,801030.SI,基础化工,801034.SI,化学制品,化学制品,L,20201211,2113,5.79,8.49,-4.068,16.279,False,True,True,0,0,0,0,True,
688573.SH,688573,688573,信宇人,科创板,沪市,科创板,801730.SI,电力设备,801737.SI,电池,电池,L,20230817,1134,3.1,15.9,-7.289,7.407,False,True,True,0,0,0,0,True,
688575.SH,688575,688575,亚辉龙,科创板,沪市,科创板,801150.SI,医药生物,801153.SI,医疗器械,医疗器械,L,20210517,1956,5.36,10.28,-2.002,12.0,False,True,True,0,0,0,0,True,
688576.SH,688576,688576,西山科技,科创板,沪市,科创板,801150.SI,医药生物,801153.SI,医疗器械,医疗器械,L,20230606,1206,3.3,40.36,-1.92,12.903,False,True,True,0,0,0,0,True,
688577.SH,688577,688577,浙海德曼,科创板,沪市,科创板,801890.SI,机械设备,801072.SI,通用设备,通用设备,L,20200916,2199,6.02,41.37,-1.336,33.333,False,True,True,0,0,0,0,True,
688578.SH,688578,688578,艾力斯,科创板,沪市,科创板,801150.SI,医药生物,801151.SI,化学制药,化学制药,L,20201202,2122,5.81,104.22,-7.294,17.647,False,True,True,0,0,0,0,True,
688579.SH,688579,688579,地纬智能,科创板,沪市,科创板,801750.SI,计算机,801104.SI,软件开发,软件开发,L,20200717,2260,6.19,7.92,-0.252,29.63,False,True,True,0,0,0,0,True,
688580.SH,688580,688580,伟思医疗,科创板,沪市,科创板,801150.SI,医药生物,801153.SI,医疗器械,医疗器械,L,20200721,2256,6.18,43.07,-2.358,27.778,False,True,True,0,0,0,0,True,
688581.SH,688581,688581,安杰思,科创板,沪市,科创板,801150.SI,医药生物,801153.SI,医疗器械,医疗器械,L,20230519,1224,3.35,57.77,2.593,10.909,False,True,True,0,0,0,0,True,
688582.SH,688582,688582,芯动联科,科创板,沪市,科创板,801080.SI,电子,801081.SI,半导体,半导体,L,20230630,1182,3.24,38.78,-1.947,47.115,False,True,True,0,0,0,0,True,
688583.SH,688583,688583,思看科技,科创板,沪市,科创板,801890.SI,机械设备,801072.SI,通用设备,通用设备,L,20250115,617,1.69,84.38,-5.425,12.857,False,True,True,0,0,0,0,False,上市时间不足
688584.SH,688584,688584,上海合晶,科创板,沪市,科创板,801080.SI,电子,801081.SI,半导体,半导体,L,20240208,959,2.63,29.05,-0.514,14.085,False,True,True,0,0,0,0,True,
688585.SH,688585,688585,上纬新材,科创板,沪市,科创板,801030.SI,基础化工,801036.SI,塑料,塑料,L,20200928,2187,5.99,136.2,-1.774,25.424,False,True,True,0,0,0,0,True,
688586.SH,688586,688586,江航装备,科创板,沪市,科创板,801740.SI,国防军工,801742.SI,航空装备Ⅱ,航空装备Ⅱ,L,20200731,2246,6.15,11.09,-1.51,31.579,False,True,True,0,0,0,0,True,
688588.SH,688588,688588,凌志软件,科创板,沪市,科创板,801750.SI,计算机,801104.SI,软件开发,软件开发,L,20200511,2327,6.37,9.0,-1.532,29.167,False,True,True,0,0,0,0,True,
688589.SH,688589,688589,力合微,科创板,沪市,科创板,801080.SI,电子,801081.SI,半导体,半导体,L,20200722,2255,6.17,20.79,-2.623,12.821,False,True,True,0,0,0,0,True,
688590.SH,688590,688590,新致软件,科创板,沪市,科创板,801750.SI,计算机,801104.SI,软件开发,软件开发,L,20201207,2117,5.8,12.19,-2.324,14.4,False,True,True,0,0,0,0,True,
688591.SH,688591,688591,泰凌微,科创板,沪市,科创板,801080.SI,电子,801081.SI,半导体,半导体,L,20230825,1126,3.08,32.45,-2.141,17.241,False,True,True,0,0,0,0,True,
688592.SH,688592,688592,司南导航,科创板,沪市,科创板,801770.SI,通信,801102.SI,通信设备,通信设备,L,20230816,1135,3.11,23.52,0.47,15.0,False,True,True,0,0,0,0,True,
688593.SH,688593,688593,新相微,科创板,沪市,科创板,801080.SI,电子,801081.SI,半导体,半导体,L,20230601,1211,3.32,31.01,-5.659,8.974,False,True,True,0,0,0,0,True,
688595.SH,688595,688595,芯海科技,科创板,沪市,科创板,801080.SI,电子,801081.SI,半导体,半导体,L,20200928,2187,5.99,31.65,-1.647,16.216,False,True,True,0,0,0,0,True,
688596.SH,688596,688596,正帆科技,科创板,沪市,科创板,801890.SI,机械设备,801074.SI,专用设备,专用设备,L,20200820,2226,6.09,64.69,-3.159,9.146,False,True,True,0,0,0,0,True,
688597.SH,688597,688597,煜邦电力,科创板,沪市,科创板,801730.SI,电力设备,801738.SI,电网设备,电网设备,L,20210617,1925,5.27,6.26,-0.477,15.152,False,True,True,0,0,0,0,True,
688598.SH,688598,688598,金博股份,科创板,沪市,科创板,801730.SI,电力设备,801735.SI,光伏设备,光伏设备,L,20200518,2320,6.35,36.53,0.357,11.268,False,True,True,0,0,0,0,True,
688599.SH,688599,688599,天合光能,科创板,沪市,科创板,801730.SI,电力设备,801735.SI,光伏设备,光伏设备,L,20200610,2297,6.29,10.89,-2.768,25.0,False,True,True,0,0,0,0,True,
688600.SH,688600,688600,皖仪科技,科创板,沪市,科创板,801890.SI,机械设备,801072.SI,通用设备,通用设备,L,20200703,2274,6.23,36.34,-5.83,21.368,False,True,True,0,0,0,0,True,
688601.SH,688601,688601,力芯微,科创板,沪市,科创板,801080.SI,电子,801081.SI,半导体,半导体,L,20210628,1914,5.24,60.94,-3.054,20.53,False,True,True,0,0,0,0,True,
688602.SH,688602,688602,康鹏科技,科创板,沪市,科创板,801030.SI,基础化工,801034.SI,化学制品,化学制品,L,20230720,1162,3.18,6.9,0.0,14.925,False,True,True,0,0,0,0,True,
688603.SH,688603,688603,天承科技,科创板,沪市,科创板,801080.SI,电子,801086.SI,电子化学品Ⅱ,电子化学品Ⅱ,L,20230710,1172,3.21,125.12,-2.736,10.448,False,True,True,0,0,0,0,True,
688605.SH,688605,688605,先锋精科,科创板,沪市,科创板,801080.SI,电子,801081.SI,半导体,半导体,L,20241212,651,1.78,86.59,0.092,18.932,False,True,True,0,0,0,0,False,上市时间不足
688606.SH,688606,688606,奥泰生物,科创板,沪市,科创板,801150.SI,医药生物,801153.SI,医疗器械,医疗器械,L,20210325,2009,5.5,46.82,-1.618,45.763,False,True,True,0,0,0,0,True,
688607.SH,688607,688607,康众科技,科创板,沪市,科创板,801150.SI,医药生物,801153.SI,医疗器械,医疗器械,L,20210201,2061,5.64,37.96,-2.642,21.782,False,True,True,0,0,0,0,True,
688608.SH,688608,688608,恒玄科技,科创板,沪市,科创板,801080.SI,电子,801081.SI,半导体,半导体,L,20201216,2108,5.77,108.88,-4.071,21.429,False,True,True,0,0,0,0,True,
688609.SH,688609,688609,九联科技,科创板,沪市,科创板,801110.SI,家用电器,801112.SI,黑色家电,黑色家电,L,20210323,2011,5.51,9.24,-3.347,8.511,False,True,True,0,0,0,0,True,
688610.SH,688610,688610,埃科光电,科创板,沪市,科创板,801890.SI,机械设备,801072.SI,通用设备,通用设备,L,20230719,1163,3.18,165.04,-4.302,13.043,False,True,True,0,0,0,0,True,
688611.SH,688611,688611,杭州柯林,科创板,沪市,科创板,801730.SI,电力设备,801738.SI,电网设备,电网设备,L,20210412,1991,5.45,66.43,-3.304,27.95,False,True,True,0,0,0,0,True,
688612.SH,688612,688612,威迈斯,科创板,沪市,科创板,801880.SI,汽车,801093.SI,汽车零部件,汽车零部件,L,20230726,1156,3.16,35.4,-3.014,20.0,False,True,True,0,0,0,0,True,
688613.SH,688613,688613,奥精医疗,科创板,沪市,科创板,801150.SI,医药生物,801153.SI,医疗器械,医疗器械,L,20210521,1952,5.34,21.09,-0.939,26.923,False,True,True,0,0,0,0,True,
688615.SH,688615,688615,合合信息,科创板,沪市,科创板,801750.SI,计算机,801104.SI,软件开发,软件开发,L,20240926,728,1.99,87.11,-4.0,17.241,False,True,True,0,0,0,0,False,上市时间不足
688616.SH,688616,688616,西力科技,科创板,沪市,科创板,801730.SI,电力设备,801738.SI,电网设备,电网设备,L,20210318,2016,5.52,11.01,0.548,20.37,False,True,True,0,0,0,0,True,
688617.SH,688617,688617,惠泰医疗,科创板,沪市,科创板,801150.SI,医药生物,801153.SI,医疗器械,医疗器械,L,20210107,2086,5.71,236.04,-3.877,19.318,False,True,True,0,0,0,0,True,
688618.SH,688618,688618,三旺通信,科创板,沪市,科创板,801770.SI,通信,801102.SI,通信设备,通信设备,L,20201230,2094,5.73,29.06,-3.133,12.162,False,True,True,0,0,0,0,True,
688619.SH,688619,688619,罗普特,科创板,沪市,科创板,801750.SI,计算机,801101.SI,计算机设备,计算机设备,L,20210223,2039,5.58,14.47,-2.493,10.959,False,True,True,0,0,0,0,True,
688620.SH,688620,688620,安凯微,科创板,沪市,科创板,801080.SI,电子,801081.SI,半导体,半导体,L,20230627,1185,3.24,18.01,-1.906,17.442,False,True,True,0,0,0,0,True,
688621.SH,688621,688621,阳光诺和,科创板,沪市,科创板,801150.SI,医药生物,801156.SI,医疗服务,医疗服务,L,20210621,1921,5.26,72.75,-3.335,14.286,False,True,True,0,0,0,0,True,
688622.SH,688622,688622,*ST禾信,科创板,沪市,科创板,801890.SI,机械设备,801072.SI,通用设备,通用设备,L,20210913,1837,5.03,142.39,4.071,40.441,True,True,True,0,0,0,0,False,ST
688623.SH,688623,688623,双元科技,科创板,沪市,科创板,801890.SI,机械设备,801078.SI,自动化设备,自动化设备,L,20230608,1204,3.3,64.67,2.003,12.0,False,True,True,0,0,0,0,True,
688625.SH,688625,688625,呈和科技,科创板,沪市,科创板,801030.SI,基础化工,801034.SI,化学制品,化学制品,L,20210607,1935,5.3,74.1,2.76,27.273,False,True,True,0,0,0,0,True,
688626.SH,688626,688626,翔宇医疗,科创板,沪市,科创板,801150.SI,医药生物,801153.SI,医疗器械,医疗器械,L,20210331,2003,5.48,44.06,-0.362,15.909,False,True,True,0,0,0,0,True,
688627.SH,688627,688627,精智达,科创板,沪市,科创板,801890.SI,机械设备,801072.SI,通用设备,通用设备,L,20230718,1164,3.19,458.05,-3.568,9.333,False,True,True,0,0,0,0,True,
688628.SH,688628,688628,优利德,科创板,沪市,科创板,801890.SI,机械设备,801072.SI,通用设备,通用设备,L,20210201,2061,5.64,110.89,-3.102,37.634,False,True,True,0,0,0,0,True,
688629.SH,688629,688629,华丰科技,科创板,沪市,科创板,801740.SI,国防军工,801745.SI,军工电子Ⅱ,军工电子Ⅱ,L,20230627,1185,3.24,116.8,-5.156,17.073,False,True,True,0,0,0,0,True,
688630.SH,688630,688630,芯碁微装,科创板,沪市,科创板,801890.SI,机械设备,801074.SI,专用设备,专用设备,L,20210401,2002,5.48,418.0,-5.147,10.156,False,True,True,0,0,0,0,True,
688631.SH,688631,688631,莱斯信息,科创板,沪市,科创板,801750.SI,计算机,801104.SI,软件开发,软件开发,L,20230628,1184,3.24,37.52,-1.445,20.513,False,True,True,0,0,0,0,True,
688633.SH,688633,688633,星球石墨,科创板,沪市,科创板,801890.SI,机械设备,801074.SI,专用设备,专用设备,L,20210324,2010,5.5,22.37,-1.105,12.821,False,True,True,0,0,0,0,True,
688635.SH,688635,688635,长进光子,科创板,沪市,科创板,801770.SI,通信,801102.SI,通信设备,通信设备,L,20260527,120,0.33,282.8,-2.078,4.39,False,True,True,0,0,0,0,False,上市时间不足
688636.SH,688636,688636,智明达,科创板,沪市,科创板,801740.SI,国防军工,801745.SI,军工电子Ⅱ,军工电子Ⅱ,L,20210408,1995,5.46,20.41,-2.856,7.317,False,True,True,0,0,0,0,True,
688638.SH,688638,688638,誉辰智能,科创板,沪市,科创板,801730.SI,电力设备,801737.SI,电池,电池,L,20230712,1170,3.2,34.69,1.373,9.202,False,True,True,0,0,0,0,True,
688639.SH,688639,688639,华恒生物,科创板,沪市,科创板,801030.SI,基础化工,801034.SI,化学制品,化学制品,L,20210422,1981,5.42,17.95,-1.859,12.0,False,True,True,0,0,0,0,True,
688646.SH,688646,688646,逸飞激光,科创板,沪市,科创板,801890.SI,机械设备,801078.SI,自动化设备,自动化设备,L,20230728,1154,3.16,80.66,3.957,11.34,False,True,True,0,2,2,2,False,近60日停牌
688648.SH,688648,688648,中邮科技,科创板,沪市,科创板,801890.SI,机械设备,801074.SI,专用设备,专用设备,L,20231113,1046,2.86,29.19,-0.68,15.094,False,True,True,0,0,0,0,True,
688651.SH,688651,688651,盛邦安全,科创板,沪市,科创板,801750.SI,计算机,801104.SI,软件开发,软件开发,L,20230726,1156,3.16,24.94,-2.234,8.75,False,True,True,0,0,0,0,True,
688652.SH,688652,688652,京仪装备,科创板,沪市,科创板,801080.SI,电子,801081.SI,半导体,半导体,L,20231129,1030,2.82,144.05,-2.286,15.556,False,True,True,0,0,0,0,True,
688653.SH,688653,688653,康希通信,科创板,沪市,科创板,801080.SI,电子,801081.SI,半导体,半导体,L,20231117,1042,2.85,15.39,-1.849,14.685,False,True,True,0,0,0,0,True,
688655.SH,688655,688655,迅捷兴,科创板,沪市,科创板,801080.SI,电子,801083.SI,元件,元件,L,20210511,1962,5.37,73.8,-5.566,18.947,False,True,True,0,0,0,0,True,
688656.SH,688656,688656,浩欧博,科创板,沪市,科创板,801150.SI,医药生物,801153.SI,医疗器械,医疗器械,L,20210113,2080,5.69,132.15,-6.303,40.0,False,True,True,0,0,0,0,True,
688657.SH,688657,688657,浩辰软件,科创板,沪市,科创板,801750.SI,计算机,801104.SI,软件开发,软件开发,L,20231010,1080,2.96,33.95,-1.279,9.877,False,True,True,0,0,0,0,True,
688658.SH,688658,688658,悦康药业,科创板,沪市,科创板,801150.SI,医药生物,801151.SI,化学制药,化学制药,L,20201224,2100,5.75,13.17,-4.565,11.94,False,True,True,0,0,0,0,True,
688659.SH,688659,688659,元琛科技,科创板,沪市,科创板,801030.SI,基础化工,801034.SI,化学制品,化学制品,L,20210331,2003,5.48,9.3,-0.107,16.667,False,True,True,0,0,0,0,True,
688660.SH,688660,688660,电气风电,科创板,沪市,科创板,801730.SI,电力设备,801736.SI,风电设备,风电设备,L,20210519,1954,5.35,8.85,-0.785,15.556,False,True,True,0,0,0,0,True,
688661.SH,688661,688661,和林微纳,科创板,沪市,科创板,801080.SI,电子,801081.SI,半导体,半导体,L,20210329,2005,5.49,102.5,-5.347,10.769,False,True,True,0,0,0,0,True,
688662.SH,688662,688662,富信科技,科创板,沪市,科创板,801080.SI,电子,801082.SI,其他电子Ⅱ,其他电子Ⅱ,L,20210401,2002,5.48,128.28,-1.784,32.184,False,True,True,0,0,0,0,True,
688663.SH,688663,688663,新风光,科创板,沪市,科创板,801730.SI,电力设备,801738.SI,电网设备,电网设备,L,20210413,1990,5.45,55.83,-2.139,9.836,False,True,True,0,0,0,0,True,
688665.SH,688665,688665,四方光电,科创板,沪市,科创板,801890.SI,机械设备,801072.SI,通用设备,通用设备,L,20210209,2053,5.62,47.27,0.617,34.884,False,True,True,0,0,0,0,True,
688667.SH,688667,688667,菱电电控,科创板,沪市,科创板,801880.SI,汽车,801093.SI,汽车零部件,汽车零部件,L,20210312,2022,5.54,104.83,1.177,27.273,False,True,True,0,0,0,0,True,
688668.SH,688668,688668,鼎通科技,科创板,沪市,科创板,801770.SI,通信,801102.SI,通信设备,通信设备,L,20201221,2103,5.76,232.0,-5.264,9.524,False,True,True,0,0,0,0,True,
688669.SH,688669,688669,聚石化学,科创板,沪市,科创板,801030.SI,基础化工,801036.SI,塑料,塑料,L,20210125,2068,5.66,66.92,-3.113,13.483,False,True,True,0,0,0,0,True,
688670.SH,688670,688670,金迪克,科创板,沪市,科创板,801150.SI,医药生物,801152.SI,生物制品,生物制品,L,20210802,1879,5.14,18.21,-3.6,19.048,False,True,True,0,0,0,0,True,
688671.SH,688671,688671,碧兴物联,科创板,沪市,科创板,801970.SI,环保,801972.SI,环保设备Ⅱ,环保设备Ⅱ,L,20230809,1142,3.13,26.29,-1.94,13.934,False,True,True,0,0,0,0,True,
688676.SH,688676,688676,金盘科技,科创板,沪市,科创板,801730.SI,电力设备,801738.SI,电网设备,电网设备,L,20210309,2025,5.54,62.06,-3.333,13.253,False,True,True,0,0,0,0,True,
688677.SH,688677,688677,海泰新光,科创板,沪市,科创板,801150.SI,医药生物,801153.SI,医疗器械,医疗器械,L,20210226,2036,5.57,81.01,-7.396,12.727,False,True,True,0,0,0,0,True,
688678.SH,688678,688678,福立旺,科创板,沪市,科创板,801080.SI,电子,801085.SI,消费电子,消费电子,L,20201223,2101,5.75,32.63,3.818,22.33,False,True,True,0,0,0,0,True,
688679.SH,688679,688679,通源环境,科创板,沪市,科创板,801970.SI,环保,801971.SI,环境治理,环境治理,L,20201225,2099,5.75,39.6,-5.263,10.577,False,True,True,0,0,0,0,True,
688680.SH,688680,688680,海优新材,科创板,沪市,科创板,801730.SI,电力设备,801735.SI,光伏设备,光伏设备,L,20210122,2071,5.67,39.21,1.659,22.222,False,True,True,0,0,0,0,True,
688681.SH,688681,688681,科汇股份,科创板,沪市,科创板,801730.SI,电力设备,801738.SI,电网设备,电网设备,L,20210616,1926,5.27,15.51,0.0,14.286,False,True,True,0,0,0,0,True,
688682.SH,688682,688682,霍莱沃,科创板,沪市,科创板,801740.SI,国防军工,801745.SI,军工电子Ⅱ,军工电子Ⅱ,L,20210420,1983,5.43,37.94,19.987,28.846,False,True,True,0,0,0,0,True,
688683.SH,688683,688683,莱尔科技,科创板,沪市,科创板,801080.SI,电子,801086.SI,电子化学品Ⅱ,电子化学品Ⅱ,L,20210412,1991,5.45,31.86,-0.282,31.169,False,True,True,0,0,0,0,True,
688685.SH,688685,688685,迈信林,科创板,沪市,科创板,801740.SI,国防军工,801742.SI,航空装备Ⅱ,航空装备Ⅱ,L,20210513,1960,5.37,34.52,-1.004,23.438,False,True,True,0,0,0,0,True,
688686.SH,688686,688686,奥普特,科创板,沪市,科创板,801890.SI,机械设备,801078.SI,自动化设备,自动化设备,L,20201231,2093,5.73,136.3,-3.872,26.531,False,True,True,0,0,0,0,True,
688687.SH,688687,688687,凯因科技,科创板,沪市,科创板,801150.SI,医药生物,801152.SI,生物制品,生物制品,L,20210208,2054,5.62,18.29,-2.192,11.111,False,True,True,0,0,0,0,True,
688689.SH,688689,688689,银河微电,科创板,沪市,科创板,801080.SI,电子,801081.SI,半导体,半导体,L,20210127,2066,5.66,41.65,-2.436,11.881,False,True,True,0,0,0,11,True,
688690.SH,688690,688690,纳微科技,科创板,沪市,科创板,801150.SI,医药生物,801151.SI,化学制药,化学制药,L,20210623,1919,5.25,46.99,-4.511,26.761,False,True,True,0,0,0,0,True,
688691.SH,688691,688691,灿芯股份,科创板,沪市,科创板,801080.SI,电子,801081.SI,半导体,半导体,L,20240411,896,2.45,64.35,-1.741,9.302,False,True,True,0,0,0,0,True,
688692.SH,688692,688692,达梦数据,科创板,沪市,科创板,801750.SI,计算机,801104.SI,软件开发,软件开发,L,20240612,834,2.28,202.77,-1.863,18.095,False,True,True,0,0,0,0,True,
688693.SH,688693,688693,锴威特,科创板,沪市,科创板,801080.SI,电子,801081.SI,半导体,半导体,L,20230818,1133,3.1,76.53,-3.188,7.059,False,True,True,0,0,0,0,True,
688695.SH,688695,688695,中创股份,科创板,沪市,科创板,801750.SI,计算机,801104.SI,软件开发,软件开发,L,20240313,925,2.53,19.82,-0.552,10.417,False,True,True,0,0,0,0,True,
688696.SH,688696,688696,极米科技,科创板,沪市,科创板,801110.SI,家用电器,801112.SI,黑色家电,黑色家电,L,20210303,2031,5.56,83.58,-3.61,28.571,False,True,True,0,0,0,0,True,
688697.SH,688697,688697,纽威数控,科创板,沪市,科创板,801890.SI,机械设备,801072.SI,通用设备,通用设备,L,20210917,1833,5.02,14.91,-2.358,13.699,False,True,True,0,0,0,0,True,
688698.SH,688698,688698,伟创电气,科创板,沪市,科创板,801890.SI,机械设备,801078.SI,自动化设备,自动化设备,L,20201229,2095,5.74,43.87,-1.305,22.727,False,True,True,0,0,0,0,True,
688699.SH,688699,688699,明微电子,科创板,沪市,科创板,801080.SI,电子,801081.SI,半导体,半导体,L,20201218,2106,5.77,68.65,-2.679,17.857,False,True,True,0,0,0,0,True,
688700.SH,688700,688700,东威科技,科创板,沪市,科创板,801890.SI,机械设备,801074.SI,专用设备,专用设备,L,20210615,1927,5.28,64.3,-5.274,12.5,False,True,True,0,0,0,0,True,
688701.SH,688701,688701,卓锦股份,科创板,沪市,科创板,801970.SI,环保,801971.SI,环境治理,环境治理,L,20210916,1834,5.02,8.62,-0.919,23.256,False,True,True,0,0,0,0,True,
688702.SH,688702,688702,盛科通信,科创板,沪市,科创板,801080.SI,电子,801081.SI,半导体,半导体,L,20230914,1106,3.03,328.5,-1.94,20.408,False,True,True,0,0,0,0,True,
688707.SH,688707,688707,振华新材,科创板,沪市,科创板,801730.SI,电力设备,801737.SI,电池,电池,L,20210914,1836,5.03,10.09,-1.848,38.462,False,True,True,0,0,0,0,True,
688708.SH,688708,688708,佳驰科技,科创板,沪市,科创板,801740.SI,国防军工,801742.SI,航空装备Ⅱ,航空装备Ⅱ,L,20241205,658,1.8,39.55,-2.969,17.647,False,True,True,0,0,0,0,False,上市时间不足
688709.SH,688709,688709,成都华微,科创板,沪市,科创板,801080.SI,电子,801081.SI,半导体,半导体,L,20240207,960,2.63,25.41,-2.194,11.811,False,True,True,0,0,0,0,True,
688710.SH,688710,688710,益诺思,科创板,沪市,科创板,801150.SI,医药生物,801156.SI,医疗服务,医疗服务,L,20240903,751,2.06,96.0,-8.371,20.346,False,True,True,0,0,0,0,True,
688711.SH,688711,688711,宏微科技,科创板,沪市,科创板,801080.SI,电子,801081.SI,半导体,半导体,L,20210901,1849,5.06,28.58,-4.094,17.143,False,True,True,0,0,0,0,True,
688712.SH,688712,688712,北芯生命,科创板,沪市,科创板,801150.SI,医药生物,801153.SI,医疗器械,医疗器械,L,20260205,231,0.63,31.22,-3.284,9.032,False,True,True,0,0,0,0,False,上市时间不足
688716.SH,688716,688716,中研股份,科创板,沪市,科创板,801030.SI,基础化工,801036.SI,塑料,塑料,L,20230920,1100,3.01,26.52,-1.266,11.765,False,True,True,0,0,0,0,True,
688717.SH,688717,688717,艾罗能源,科创板,沪市,科创板,801730.SI,电力设备,801735.SI,光伏设备,光伏设备,L,20240103,995,2.72,41.93,-3.142,12.329,False,True,True,0,0,0,0,True,
688718.SH,688718,688718,唯赛勃,科创板,沪市,科创板,801030.SI,基础化工,801036.SI,塑料,塑料,L,20210728,1884,5.16,15.13,-1.944,22.857,False,True,True,0,0,0,0,True,
688719.SH,688719,688719,爱科赛博,科创板,沪市,科创板,801730.SI,电力设备,801733.SI,其他电源设备Ⅱ,其他电源设备Ⅱ,L,20230928,1092,2.99,59.32,-4.4,13.475,False,True,True,0,0,0,0,True,
688720.SH,688720,688720,艾森股份,科创板,沪市,科创板,801080.SI,电子,801081.SI,半导体,半导体,L,20231206,1023,2.8,67.8,-3.184,13.83,False,True,True,0,0,0,0,True,
688721.SH,688721,688721,龙图光罩,科创板,沪市,科创板,801080.SI,电子,801081.SI,半导体,半导体,L,20240806,779,2.13,41.58,-1.934,8.78,False,True,True,0,0,0,0,True,
688722.SH,688722,688722,同益中,科创板,沪市,科创板,801030.SI,基础化工,801032.SI,化学纤维,化学纤维,L,20211019,1801,4.93,14.58,0.069,17.241,False,True,True,0,0,0,0,True,
688726.SH,688726,688726,拉普拉斯,科创板,沪市,科创板,801730.SI,电力设备,801735.SI,光伏设备,光伏设备,L,20241029,695,1.9,46.55,-2.717,10.526,False,True,True,0,0,0,0,False,上市时间不足
688727.SH,688727,688727,恒坤新材,科创板,沪市,科创板,801080.SI,电子,801081.SI,半导体,半导体,L,20251118,310,0.85,47.99,-2.34,8.264,False,True,True,0,0,0,0,False,上市时间不足
688728.SH,688728,688728,格科微,科创板,沪市,科创板,801080.SI,电子,801081.SI,半导体,半导体,L,20210818,1863,5.1,14.39,-2.374,24.359,False,True,True,0,0,0,0,True,
688729.SH,688729,688729,屹唐股份,科创板,沪市,科创板,801080.SI,电子,801081.SI,半导体,半导体,L,20250708,443,1.21,23.92,-2.962,19.672,False,True,True,0,0,0,0,False,上市时间不足
688733.SH,688733,688733,壹石通,科创板,沪市,科创板,801730.SI,电力设备,801737.SI,电池,电池,L,20210817,1864,5.1,29.15,-2.345,10.417,False,True,True,0,0,0,0,True,
688737.SH,688737,688737,中自科技,科创板,沪市,科创板,801880.SI,汽车,801093.SI,汽车零部件,汽车零部件,L,20211022,1798,4.92,17.3,-1.593,45.455,False,True,True,0,0,0,0,True,
688739.SH,688739,688739,成大生物,科创板,沪市,科创板,801150.SI,医药生物,801152.SI,生物制品,生物制品,L,20211028,1792,4.91,20.62,-1.434,27.451,False,True,True,0,0,0,0,True,
688750.SH,688750,688750,金天钛业,科创板,沪市,科创板,801050.SI,有色金属,801054.SI,小金属,小金属,L,20241120,673,1.84,13.9,-1.836,6.944,False,True,True,0,0,0,0,False,上市时间不足
688755.SH,688755,688755,汉邦科技,科创板,沪市,科创板,801150.SI,医药生物,801153.SI,医疗器械,医疗器械,L,20250516,496,1.36,29.83,-5.151,21.277,False,True,True,0,0,0,0,False,上市时间不足
688757.SH,688757,688757,胜科纳米,科创板,沪市,科创板,801210.SI,社会服务,801218.SI,专业服务,专业服务,L,20250325,548,1.5,31.7,-4.201,7.692,False,True,True,0,0,0,0,False,上市时间不足
688758.SH,688758,688758,赛分科技,科创板,沪市,科创板,801150.SI,医药生物,801151.SI,化学制药,化学制药,L,20250110,622,1.7,32.5,-3.36,16.717,False,True,True,0,0,0,0,False,上市时间不足
688759.SH,688759,688759,必贝特,科创板,沪市,科创板,801150.SI,医药生物,801151.SI,化学制药,化学制药,L,20251028,331,0.91,22.47,-3.974,14.912,False,True,True,0,0,0,0,False,上市时间不足
688765.SH,688765,688765,禾元生物,科创板,沪市,科创板,801150.SI,医药生物,801152.SI,生物制品,生物制品,L,20251028,331,0.91,41.05,-3.525,13.924,False,True,True,0,0,0,0,False,上市时间不足
688766.SH,688766,688766,普冉股份,科创板,沪市,科创板,801080.SI,电子,801081.SI,半导体,半导体,L,20210823,1858,5.09,408.7,-5.174,11.321,False,True,True,0,0,0,0,True,
688767.SH,688767,688767,博拓生物,科创板,沪市,科创板,801150.SI,医药生物,801153.SI,医疗器械,医疗器械,L,20210908,1842,5.04,42.93,-1.083,17.188,False,True,True,0,0,0,0,True,
688768.SH,688768,688768,容知日新,科创板,沪市,科创板,801890.SI,机械设备,801072.SI,通用设备,通用设备,L,20210726,1886,5.16,46.92,-1.511,26.531,False,True,True,0,0,0,0,True,
688772.SH,688772,688772,珠海冠宇,科创板,沪市,科创板,801730.SI,电力设备,801737.SI,电池,电池,L,20211015,1805,4.94,14.03,3.01,17.241,False,True,True,0,0,0,0,True,
688775.SH,688775,688775,影石创新,科创板,沪市,科创板,801080.SI,电子,801085.SI,消费电子,消费电子,L,20250611,470,1.29,90.78,-4.442,21.951,False,True,True,0,0,0,0,False,上市时间不足
688776.SH,688776,688776,国光电气,科创板,沪市,科创板,801740.SI,国防军工,801745.SI,军工电子Ⅱ,军工电子Ⅱ,L,20210831,1850,5.07,54.25,4.327,20.0,False,True,True,0,0,0,0,True,
688777.SH,688777,688777,中控技术,科创板,沪市,科创板,801890.SI,机械设备,801078.SI,自动化设备,自动化设备,L,20201124,2130,5.83,80.02,-1.562,21.538,False,True,True,0,0,0,0,True,
688778.SH,688778,688778,厦钨新能,科创板,沪市,科创板,801730.SI,电力设备,801737.SI,电池,电池,L,20210805,1876,5.14,42.15,-2.723,29.31,False,True,True,0,0,0,0,True,
688779.SH,688779,688779,五矿新能,科创板,沪市,科创板,801730.SI,电力设备,801737.SI,电池,电池,L,20210811,1870,5.12,7.44,-2.49,15.385,False,True,True,0,0,0,0,True,
688781.SH,688781,688781,视涯科技,科创板,沪市,科创板,801080.SI,电子,801084.SI,光学光电子,光学光电子,L,20260325,183,0.5,45.02,-12.684,12.346,False,True,True,0,0,0,0,False,上市时间不足
688783.SH,688783,688783,西安奕材,科创板,沪市,科创板,801080.SI,电子,801081.SI,半导体,半导体,L,20251028,331,0.91,29.91,-0.3,9.459,False,True,True,0,0,0,0,False,上市时间不足
688785.SH,688785,688785,恒运昌,科创板,沪市,科创板,801080.SI,电子,801081.SI,半导体,半导体,L,20260128,239,0.65,365.02,-4.194,25.888,False,True,True,0,0,0,0,False,上市时间不足
688786.SH,688786,688786,悦安新材,科创板,沪市,科创板,801050.SI,有色金属,801051.SI,金属新材料,金属新材料,L,20210826,1855,5.08,28.59,-1.278,11.957,False,True,True,0,0,0,0,True,
688787.SH,688787,688787,海天瑞声,科创板,沪市,科创板,801750.SI,计算机,801103.SI,IT服务Ⅱ,IT服务Ⅱ,L,20210813,1868,5.11,89.9,-2.874,16.364,False,True,True,0,0,0,0,True,
688788.SH,688788,688788,科思科技,科创板,沪市,科创板,801740.SI,国防军工,801745.SI,军工电子Ⅱ,军工电子Ⅱ,L,20201022,2163,5.92,29.04,-1.958,33.333,False,True,True,0,0,0,0,True,
688789.SH,688789,688789,宏华数科,科创板,沪市,科创板,801890.SI,机械设备,801074.SI,专用设备,专用设备,L,20210708,1904,5.21,49.72,-2.529,25.0,False,True,True,0,0,0,0,True,
688790.SH,688790,688790,昂瑞微,科创板,沪市,科创板,801080.SI,电子,801081.SI,半导体,半导体,L,20251216,282,0.77,106.17,-3.596,11.602,False,True,True,0,0,0,0,False,上市时间不足
688793.SH,688793,688793,倍轻松,科创板,沪市,科创板,801110.SI,家用电器,801113.SI,小家电,小家电,L,20210715,1897,5.19,18.25,-1.298,18.033,False,True,True,0,0,0,0,True,
688795.SH,688795,688795,摩尔线程,科创板,沪市,科创板,801080.SI,电子,801081.SI,半导体,半导体,L,20251205,293,0.8,433.33,-0.384,14.074,False,True,True,0,0,0,0,False,上市时间不足
688796.SH,688796,688796,百奥赛图,科创板,沪市,科创板,801150.SI,医药生物,801156.SI,医疗服务,医疗服务,L,20251210,288,0.79,126.54,-6.612,10.833,False,True,True,0,0,0,0,False,上市时间不足
688797.SH,688797,688797,臻宝科技,科创板,沪市,科创板,801080.SI,电子,801081.SI,半导体,半导体,L,20260624,92,0.25,276.18,-2.022,5.882,False,True,True,0,0,0,1,False,上市时间不足
688798.SH,688798,688798,艾为电子,科创板,沪市,科创板,801080.SI,电子,801081.SI,半导体,半导体,L,20210816,1865,5.11,56.59,-2.532,19.444,False,True,True,0,0,0,0,True,
688799.SH,688799,688799,华纳药厂,科创板,沪市,科创板,801150.SI,医药生物,801151.SI,化学制药,化学制药,L,20210713,1899,5.2,56.88,-2.066,27.835,False,True,True,0,0,0,0,True,
688800.SH,688800,688800,瑞可达,科创板,沪市,科创板,801080.SI,电子,801082.SI,其他电子Ⅱ,其他电子Ⅱ,L,20210722,1890,5.17,61.65,-7.82,11.765,False,True,True,0,0,0,0,True,
688801.SH,688801,688801,燧原科技,科创板,沪市,科创板,,,,,未分类,L,20260911,13,0.04,490.0,-0.709,6.296,False,True,True,0,0,0,0,False,上市时间不足
688802.SH,688802,688802,沐曦股份,科创板,沪市,科创板,801080.SI,电子,801081.SI,半导体,半导体,L,20251217,281,0.77,556.86,-1.688,8.065,False,True,True,0,0,0,0,False,上市时间不足
688805.SH,688805,688805,健信超导,科创板,沪市,科创板,801150.SI,医药生物,801153.SI,医疗器械,医疗器械,L,20251224,274,0.75,39.87,-3.181,7.407,False,True,True,0,0,0,0,False,上市时间不足
688806.SH,688806,688806,泰诺麦博,科创板,沪市,科创板,,,,,未分类,L,20260721,65,0.18,25.5,-3.628,8.527,False,True,True,0,0,1,1,False,上市时间不足、近60日停牌
688807.SH,688807,688807,优迅股份,科创板,沪市,科创板,801080.SI,电子,801081.SI,半导体,半导体,L,20251219,279,0.76,335.56,-7.129,7.177,False,True,True,0,0,0,0,False,上市时间不足
688808.SH,688808,688808,联讯仪器,科创板,沪市,科创板,801890.SI,机械设备,801072.SI,通用设备,通用设备,L,20260424,153,0.42,2231.01,-2.15,8.209,False,True,True,0,0,0,0,False,上市时间不足
688809.SH,688809,688809,强一股份,科创板,沪市,科创板,801080.SI,电子,801081.SI,半导体,半导体,L,20251230,268,0.73,498.0,-1.388,14.545,False,True,True,0,0,0,0,False,上市时间不足
688811.SH,688811,688811,有研复材,科创板,沪市,科创板,801050.SI,有色金属,801051.SI,金属新材料,金属新材料,L,20260410,167,0.46,20.48,-1.633,5.314,False,True,True,0,0,0,0,False,上市时间不足
688813.SH,688813,688813,泰金新能,科创板,沪市,科创板,801890.SI,机械设备,801074.SI,专用设备,专用设备,L,20260331,177,0.48,150.07,-6.928,9.132,False,True,True,0,0,0,0,False,上市时间不足
688816.SH,688816,688816,易思维,科创板,沪市,科创板,801890.SI,机械设备,801078.SI,自动化设备,自动化设备,L,20260211,225,0.62,47.38,-2.188,8.678,False,True,True,0,0,0,0,False,上市时间不足
688818.SH,688818,688818,电科蓝天,科创板,沪市,科创板,801740.SI,国防军工,801741.SI,航天装备Ⅱ,航天装备Ⅱ,L,20260210,226,0.62,42.57,-0.444,10.092,False,True,True,0,0,0,0,False,上市时间不足
688819.SH,688819,688819,天能股份,科创板,沪市,科创板,801730.SI,电力设备,801737.SI,电池,电池,L,20210118,2075,5.68,20.5,-2.148,43.636,False,True,True,0,0,0,0,True,
688820.SH,688820,688820,盛合晶微,科创板,沪市,科创板,801080.SI,电子,801081.SI,半导体,半导体,L,20260421,156,0.43,128.02,-4.155,10.811,False,True,True,0,0,0,0,False,上市时间不足
688825.SH,688825,688825,长鑫科技,科创板,沪市,科创板,,,,,未分类,L,20260727,59,0.16,56.2,-4.128,7.018,False,True,True,0,0,0,0,False,上市时间不足
688826.SH,688826,688826,频准激光,科创板,沪市,科创板,,,,,未分类,L,20260818,37,0.1,828.74,-3.498,5.048,False,True,True,0,0,0,0,False,上市时间不足
688828.SH,688828,688828,国仪公司,科创板,沪市,科创板,,,,,未分类,L,20260811,44,0.12,92.2,-3.818,5.508,False,True,True,0,0,0,0,False,上市时间不足
688835.SH,688835,688835,高凯技术,科创板,沪市,科创板,,,,,未分类,L,20260825,30,0.08,380.85,7.318,10.676,False,True,True,0,0,0,0,False,上市时间不足
688836.SH,688836,688836,宇树科技,科创板,沪市,科创板,,,,,未分类,L,20260819,36,0.1,488.0,-0.605,4.848,False,True,True,0,0,0,0,False,上市时间不足
688837.SH,688837,688837,信诺维,科创板,沪市,科创板,,,,,未分类,L,20260916,8,0.02,47.31,-11.735,8.448,False,True,True,2,2,2,2,False,上市时间不足、近60日停牌
688981.SH,688981,688981,中芯国际,科创板,沪市,科创板,801080.SI,电子,801081.SI,半导体,半导体,L,20200716,2261,6.19,119.98,-1.161,15.385,False,True,True,0,0,0,0,True,
689009.SH,689009,689009,九号公司,科创板,沪市,科创板,801880.SI,汽车,801881.SI,摩托车及其他,摩托车及其他,L,20201029,2156,5.9,37.06,-1.121,18.182,False,True,True,0,0,0,0,True,
