ts_code,symbol,display_code,name,board,exchange,market_raw,sw_l1_code,sw_l1_name,sw_l2_code,sw_l2_name,sw_l2_display,list_status,list_date,list_age_days,list_age_years,close,pct_chg,chip_concentration_70,is_st,is_normal_listed,has_latest_quote,suspend_days_20,suspend_days_40,suspend_days_60,suspend_days_90,default_passed,default_reject_reasons
000001.SZ,000001,000001,平安银行,主板,深市,主板,801780.SI,银行,801783.SI,股份制银行Ⅱ,股份制银行Ⅱ,L,19910403,12963,35.49,11.35,0.443,11.111,False,True,True,0,0,0,0,True,
000002.SZ,000002,000002,万科A,主板,深市,主板,801180.SI,房地产,801181.SI,房地产开发,房地产开发,L,19910129,13027,35.67,4.08,9.973,22.222,False,True,True,0,0,0,0,True,
000006.SZ,000006,000006,深振业A,主板,深市,主板,801180.SI,房地产,801181.SI,房地产开发,房地产开发,L,19920427,12573,34.42,7.62,4.098,12.5,False,True,True,0,0,0,0,True,
000007.SZ,000007,000007,全新好,主板,深市,主板,801200.SI,商贸零售,801203.SI,一般零售,一般零售,L,19920413,12587,34.46,11.08,1.558,15.789,False,True,True,0,0,0,0,True,
000008.SZ,000008,000008,神州高铁,主板,深市,主板,801890.SI,机械设备,801076.SI,轨交设备Ⅱ,轨交设备Ⅱ,L,19920507,12563,34.4,2.39,1.702,12.5,False,True,True,0,0,6,6,False,近60日停牌
000009.SZ,000009,000009,中国宝安,主板,深市,主板,801730.SI,电力设备,801737.SI,电池,电池,L,19910625,12880,35.26,6.86,1.479,20.0,False,True,True,0,0,0,0,True,
000010.SZ,000010,000010,*ST美丽,主板,深市,主板,801720.SI,建筑装饰,801723.SI,基础建设,基础建设,L,19951027,11295,30.92,1.47,0.0,12.5,True,True,True,0,0,0,0,False,ST
000011.SZ,000011,000011,深物业A,主板,深市,主板,801180.SI,房地产,801181.SI,房地产开发,房地产开发,L,19920330,12601,34.5,11.13,9.98,23.333,False,True,True,0,0,0,0,True,
000012.SZ,000012,000012,南玻A,主板,深市,主板,801710.SI,建筑材料,801712.SI,玻璃玻纤,玻璃玻纤,L,19920228,12632,34.58,3.67,0.0,23.684,False,True,True,0,0,0,0,True,
000014.SZ,000014,000014,沙河股份,主板,深市,主板,801180.SI,房地产,801181.SI,房地产开发,房地产开发,L,19920602,12537,34.32,11.55,3.125,11.111,False,True,True,0,0,0,0,True,
000016.SZ,000016,000016,*ST康佳A,主板,深市,主板,801110.SI,家用电器,801111.SI,白色家电,白色家电,L,19920327,12604,34.51,,,,True,True,False,17,22,22,22,False,ST、近60日停牌、无最新行情
000017.SZ,000017,000017,深中华A,主板,深市,主板,801130.SI,纺织服饰,801133.SI,饰品,饰品,L,19920331,12600,34.5,7.5,1.902,7.895,False,True,True,0,0,0,0,True,
000019.SZ,000019,000019,深粮控股,主板,深市,主板,801010.SI,农林牧渔,801012.SI,农产品加工,农产品加工,L,19921012,12405,33.96,6.7,0.601,12.857,False,True,True,0,0,0,0,True,
000020.SZ,000020,000020,深华发A,主板,深市,主板,801080.SI,电子,801084.SI,光学光电子,光学光电子,L,19920428,12572,34.42,14.65,0.068,16.667,False,True,True,0,0,0,0,True,
000021.SZ,000021,000021,深科技,主板,深市,主板,801080.SI,电子,801085.SI,消费电子,消费电子,L,19940202,11927,32.65,33.79,0.327,8.333,False,True,True,0,0,0,0,True,
000025.SZ,000025,000025,特力A,主板,深市,主板,801230.SI,综合,801231.SI,综合Ⅱ,综合Ⅱ,L,19930621,12153,33.27,15.38,2.808,9.091,False,True,True,0,0,0,0,True,
000026.SZ,000026,000026,飞亚达,主板,深市,主板,801130.SI,纺织服饰,801133.SI,饰品,饰品,L,19930603,12171,33.32,18.7,-0.32,13.636,False,True,True,0,0,0,0,True,
000027.SZ,000027,000027,深圳能源,主板,深市,主板,801160.SI,公用事业,801161.SI,电力,电力,L,19930903,12079,33.07,6.24,0.971,18.462,False,True,True,0,0,0,0,True,
000028.SZ,000028,000028,国药一致,主板,深市,主板,801150.SI,医药生物,801154.SI,医药商业,医药商业,L,19930809,12104,33.14,19.37,-0.463,14.706,False,True,True,0,0,0,0,True,
000029.SZ,000029,000029,深深房A,主板,深市,主板,801180.SI,房地产,801181.SI,房地产开发,房地产开发,L,19930915,12067,33.04,22.12,2.55,23.894,False,True,True,0,0,0,0,True,
000030.SZ,000030,000030,富奥股份,主板,深市,主板,801880.SI,汽车,801093.SI,汽车零部件,汽车零部件,L,19930929,12053,33.0,3.89,0.777,26.19,False,True,True,0,0,0,0,True,
000031.SZ,000031,000031,大悦城,主板,深市,主板,801180.SI,房地产,801181.SI,房地产开发,房地产开发,L,19931008,12044,32.97,2.43,7.048,36.364,False,True,True,0,0,0,0,True,
000032.SZ,000032,000032,深桑达A,主板,深市,主板,801720.SI,建筑装饰,801724.SI,专业工程,专业工程,L,19931028,12024,32.92,13.38,-0.224,8.333,False,True,True,0,0,0,0,True,
000034.SZ,000034,000034,神州数码,主板,深市,主板,801750.SI,计算机,801103.SI,IT服务Ⅱ,IT服务Ⅱ,L,19940509,11831,32.39,23.68,4.317,6.78,False,True,True,0,0,0,0,True,
000035.SZ,000035,000035,中国天楹,主板,深市,主板,801970.SI,环保,801971.SI,环境治理,环境治理,L,19940408,11862,32.48,4.66,-0.851,10.417,False,True,True,0,0,0,0,True,
000036.SZ,000036,000036,华联控股,主板,深市,主板,801180.SI,房地产,801181.SI,房地产开发,房地产开发,L,19940617,11792,32.28,4.21,9.922,10.0,False,True,True,0,0,0,0,True,
000037.SZ,000037,000037,深南电A,主板,深市,主板,801160.SI,公用事业,801161.SI,电力,电力,L,19940701,11778,32.25,9.0,0.446,9.574,False,True,True,0,0,0,0,True,
000039.SZ,000039,000039,中集集团,主板,深市,主板,801890.SI,机械设备,801072.SI,通用设备,通用设备,L,19940408,11862,32.48,8.55,-0.233,12.222,False,True,True,0,0,0,0,True,
000042.SZ,000042,000042,中洲控股,主板,深市,主板,801180.SI,房地产,801181.SI,房地产开发,房地产开发,L,19940921,11696,32.02,8.3,1.716,14.286,False,True,True,0,0,0,0,True,
000045.SZ,000045,000045,深纺织A,主板,深市,主板,801080.SI,电子,801084.SI,光学光电子,光学光电子,L,19940815,11733,32.12,11.21,-0.356,14.815,False,True,True,0,0,0,0,True,
000048.SZ,000048,000048,京基智农,主板,深市,主板,801010.SI,农林牧渔,801017.SI,养殖业,养殖业,L,19941101,11655,31.91,17.92,-0.223,22.222,False,True,True,0,0,0,0,True,
000049.SZ,000049,000049,德赛电池,主板,深市,主板,801730.SI,电力设备,801737.SI,电池,电池,L,19950320,11516,31.53,21.99,1.57,10.256,False,True,True,0,0,0,0,True,
000050.SZ,000050,000050,深天马A,主板,深市,主板,801080.SI,电子,801084.SI,光学光电子,光学光电子,L,19950315,11521,31.54,6.29,0.479,45.455,False,True,True,0,0,0,0,True,
000055.SZ,000055,000055,方大集团,主板,深市,主板,801710.SI,建筑材料,801713.SI,装修建材,装修建材,L,19960415,11124,30.46,3.88,0.779,10.811,False,True,True,0,0,0,0,True,
000056.SZ,000056,000056,*ST皇庭,主板,深市,主板,801180.SI,房地产,801183.SI,房地产服务,房地产服务,L,19960708,11040,30.23,2.7,-1.099,30.769,True,True,True,0,0,0,0,False,ST
000058.SZ,000058,000058,深赛格,主板,深市,主板,801200.SI,商贸零售,801203.SI,一般零售,一般零售,L,19961226,10869,29.76,7.29,2.388,27.143,False,True,True,0,0,0,0,True,
000059.SZ,000059,000059,华锦股份,主板,深市,主板,801960.SI,石油石化,801963.SI,炼化及贸易,炼化及贸易,L,19970130,10834,29.66,5.47,-2.669,12.5,False,True,True,0,0,0,0,True,
000060.SZ,000060,000060,中金岭南,主板,深市,主板,801050.SI,有色金属,801055.SI,工业金属,工业金属,L,19970123,10841,29.68,5.83,1.568,10.769,False,True,True,0,0,0,0,True,
000061.SZ,000061,000061,农产品,主板,深市,主板,801200.SI,商贸零售,801203.SI,一般零售,一般零售,L,19970110,10854,29.72,5.84,-0.511,15.0,False,True,True,0,0,0,0,True,
000062.SZ,000062,000062,深圳华强,主板,深市,主板,801080.SI,电子,801082.SI,其他电子Ⅱ,其他电子Ⅱ,L,19970130,10834,29.66,21.96,0.549,8.511,False,True,True,0,0,0,0,True,
000063.SZ,000063,000063,中兴通讯,主板,深市,主板,801770.SI,通信,801102.SI,通信设备,通信设备,L,19971118,10542,28.86,30.72,-0.227,8.929,False,True,True,0,0,0,0,True,
000065.SZ,000065,000065,北方国际,主板,深市,主板,801720.SI,建筑装饰,801724.SI,专业工程,专业工程,L,19980605,10343,28.32,9.61,0.313,10.204,False,True,True,0,0,0,0,True,
000066.SZ,000066,000066,中国长城,主板,深市,主板,801750.SI,计算机,801101.SI,计算机设备,计算机设备,L,19970626,10687,29.26,14.42,1.836,10.811,False,True,True,0,0,0,0,True,
000068.SZ,000068,000068,华控赛格,主板,深市,主板,801970.SI,环保,801971.SI,环境治理,环境治理,L,19970611,10702,29.3,3.54,9.938,15.625,False,True,True,0,0,0,0,True,
000069.SZ,000069,000069,华侨城A,主板,深市,主板,801180.SI,房地产,801181.SI,房地产开发,房地产开发,L,19970910,10611,29.05,1.97,5.914,33.333,False,True,True,0,0,0,0,True,
000070.SZ,000070,000070,特发信息,主板,深市,主板,801770.SI,通信,801102.SI,通信设备,通信设备,L,20000511,9637,26.38,16.19,0.248,14.607,False,True,True,0,0,0,0,True,
000078.SZ,000078,000078,ST海王,主板,深市,主板,801150.SI,医药生物,801154.SI,医药商业,医药商业,L,19981218,10147,27.78,1.49,-0.667,13.333,True,True,True,0,0,0,0,False,ST
000088.SZ,000088,000088,盐田港,主板,深市,主板,801170.SI,交通运输,801992.SI,航运港口,航运港口,L,19970728,10655,29.17,4.63,1.313,6.667,False,True,True,0,0,0,0,True,
000089.SZ,000089,000089,深圳机场,主板,深市,主板,801170.SI,交通运输,801991.SI,航空机场,航空机场,L,19980420,10389,28.44,6.59,0.457,7.576,False,True,True,0,0,0,0,True,
000090.SZ,000090,000090,天健集团,主板,深市,主板,801180.SI,房地产,801181.SI,房地产开发,房地产开发,L,19990721,9932,27.19,3.64,2.247,11.429,False,True,True,0,0,0,0,True,
000096.SZ,000096,000096,广聚能源,主板,深市,主板,801960.SI,石油石化,801963.SI,炼化及贸易,炼化及贸易,L,20000724,9563,26.18,7.94,0.379,11.538,False,True,True,0,0,0,0,True,
000099.SZ,000099,000099,中信海直,主板,深市,主板,801170.SI,交通运输,801991.SI,航空机场,航空机场,L,20000731,9556,26.16,12.56,-1.413,15.217,False,True,True,0,0,0,0,True,
000100.SZ,000100,000100,TCL科技,主板,深市,主板,801080.SI,电子,801084.SI,光学光电子,光学光电子,L,20040130,8278,22.66,4.77,-0.625,8.163,False,True,True,0,0,0,0,True,
000151.SZ,000151,000151,中成股份,主板,深市,主板,801200.SI,商贸零售,801202.SI,贸易Ⅱ,贸易Ⅱ,L,20000906,9519,26.06,10.06,-0.789,5.882,False,True,True,0,0,0,0,True,
000153.SZ,000153,000153,丰原药业,主板,深市,主板,801150.SI,医药生物,801151.SI,化学制药,化学制药,L,20000920,9505,26.02,6.08,-0.328,6.452,False,True,True,0,0,0,0,True,
000155.SZ,000155,000155,川能动力,主板,深市,主板,801160.SI,公用事业,801161.SI,电力,电力,L,20000926,9499,26.01,10.77,-1.102,6.897,False,True,True,0,0,0,0,True,
000156.SZ,000156,000156,华数传媒,主板,深市,主板,801760.SI,传媒,801995.SI,电视广播Ⅱ,电视广播Ⅱ,L,20000906,9519,26.06,7.06,2.616,17.647,False,True,True,0,0,0,0,True,
000157.SZ,000157,000157,中联重科,主板,深市,主板,801890.SI,机械设备,801077.SI,工程机械,工程机械,L,20001012,9483,25.96,5.86,-0.678,16.901,False,True,True,0,0,0,0,True,
000158.SZ,000158,000158,常山北明,主板,深市,主板,801750.SI,计算机,801103.SI,IT服务Ⅱ,IT服务Ⅱ,L,20000724,9563,26.18,12.19,-0.082,9.091,False,True,True,0,0,0,0,True,
000159.SZ,000159,000159,国际实业,主板,深市,主板,801730.SI,电力设备,801735.SI,光伏设备,光伏设备,L,20000926,9499,26.01,5.5,0.182,8.929,False,True,True,0,0,0,0,True,
000166.SZ,000166,000166,申万宏源,主板,深市,主板,801790.SI,非银金融,801193.SI,证券Ⅱ,证券Ⅱ,L,20150126,4264,11.67,4.36,0.461,17.391,False,True,True,0,0,0,0,True,
000301.SZ,000301,000301,东方盛虹,主板,深市,主板,801960.SI,石油石化,801963.SI,炼化及贸易,炼化及贸易,L,20000529,9619,26.34,12.8,-3.25,28.125,False,True,True,0,0,0,0,True,
000333.SZ,000333,000333,美的集团,主板,深市,主板,801110.SI,家用电器,801111.SI,白色家电,白色家电,L,20130918,4759,13.03,81.66,-0.415,24.0,False,True,True,0,0,0,0,True,
000338.SZ,000338,000338,潍柴动力,主板,深市,主板,801880.SI,汽车,801093.SI,汽车零部件,汽车零部件,L,20070430,7092,19.42,25.0,1.544,13.433,False,True,True,0,0,0,0,True,
000400.SZ,000400,000400,许继电气,主板,深市,主板,801730.SI,电力设备,801738.SI,电网设备,电网设备,L,19970418,10756,29.45,21.03,2.137,11.111,False,True,True,0,0,0,0,True,
000401.SZ,000401,000401,金隅冀东,主板,深市,主板,801710.SI,建筑材料,801711.SI,水泥,水泥,L,19960614,11064,30.29,3.59,2.279,33.333,False,True,True,0,0,0,0,True,
000402.SZ,000402,000402,金融街,主板,深市,主板,801180.SI,房地产,801181.SI,房地产开发,房地产开发,L,19960626,11052,30.26,2.71,3.831,15.385,False,True,True,0,0,0,0,True,
000403.SZ,000403,000403,派林生物,主板,深市,主板,801150.SI,医药生物,801152.SI,生物制品,生物制品,L,19960628,11050,30.25,9.74,-0.612,21.154,False,True,True,0,0,0,0,True,
000404.SZ,000404,000404,长虹华意,主板,深市,主板,801110.SI,家用电器,801116.SI,家电零部件Ⅱ,家电零部件Ⅱ,L,19960619,11059,30.28,6.74,-0.148,13.699,False,True,True,0,0,0,0,True,
000407.SZ,000407,000407,胜利股份,主板,深市,主板,801160.SI,公用事业,801163.SI,燃气Ⅱ,燃气Ⅱ,L,19960703,11045,30.24,4.2,0.719,7.143,False,True,True,0,0,0,0,True,
000408.SZ,000408,000408,藏格矿业,主板,深市,主板,801050.SI,有色金属,801056.SI,能源金属,能源金属,L,19960628,11050,30.25,69.8,-0.143,15.584,False,True,True,0,0,0,0,True,
000409.SZ,000409,000409,云鼎科技,主板,深市,主板,801750.SI,计算机,801103.SI,IT服务Ⅱ,IT服务Ⅱ,L,19960627,11051,30.26,8.79,0.687,11.364,False,True,True,0,0,0,0,True,
000410.SZ,000410,000410,沈阳机床,主板,深市,主板,801890.SI,机械设备,801072.SI,通用设备,通用设备,L,19960718,11030,30.2,5.14,0.391,15.385,False,True,True,0,0,0,0,True,
000411.SZ,000411,000411,英特集团,主板,深市,主板,801150.SI,医药生物,801154.SI,医药商业,医药商业,L,19960716,11032,30.2,9.98,-1.188,18.182,False,True,True,0,0,0,0,True,
000415.SZ,000415,000415,渤海租赁,主板,深市,主板,801790.SI,非银金融,801191.SI,多元金融,多元金融,L,19960716,11032,30.2,4.07,0.246,9.091,False,True,True,0,0,0,0,True,
000417.SZ,000417,000417,合百集团,主板,深市,主板,801200.SI,商贸零售,801203.SI,一般零售,一般零售,L,19960812,11005,30.13,5.66,-0.702,15.517,False,True,True,0,0,0,0,True,
000419.SZ,000419,000419,通程控股,主板,深市,主板,801200.SI,商贸零售,801203.SI,一般零售,一般零售,L,19960816,11001,30.12,5.06,0.998,10.0,False,True,True,0,0,0,0,True,
000420.SZ,000420,000420,吉林化纤,主板,深市,主板,801030.SI,基础化工,801032.SI,化学纤维,化学纤维,L,19960802,11015,30.16,3.47,0.0,8.108,False,True,True,0,0,0,0,True,
000421.SZ,000421,000421,南京公用,主板,深市,主板,801230.SI,综合,801231.SI,综合Ⅱ,综合Ⅱ,L,19960806,11011,30.15,5.7,1.243,8.772,False,True,True,0,0,0,0,True,
000422.SZ,000422,000422,湖北宜化,主板,深市,主板,801030.SI,基础化工,801038.SI,农化制品,农化制品,L,19960815,11002,30.12,11.48,-0.52,9.524,False,True,True,0,0,0,0,True,
000423.SZ,000423,000423,东阿阿胶,主板,深市,主板,801150.SI,医药生物,801155.SI,中药Ⅱ,中药Ⅱ,L,19960729,11019,30.17,45.24,-0.088,13.235,False,True,True,0,0,0,0,True,
000425.SZ,000425,000425,徐工机械,主板,深市,主板,801890.SI,机械设备,801077.SI,工程机械,工程机械,L,19960828,10989,30.09,7.05,-0.142,18.519,False,True,True,0,0,0,0,True,
000426.SZ,000426,000426,兴业银锡,主板,深市,主板,801050.SI,有色金属,801055.SI,工业金属,工业金属,L,19960828,10989,30.09,31.57,1.283,19.608,False,True,True,0,0,0,0,True,
000428.SZ,000428,000428,华天酒店,主板,深市,主板,801210.SI,社会服务,801219.SI,酒店餐饮,酒店餐饮,L,19960808,11009,30.14,3.83,-1.034,20.93,False,True,True,0,0,0,0,True,
000429.SZ,000429,000429,粤高速A,主板,深市,主板,801170.SI,交通运输,801179.SI,铁路公路,铁路公路,L,19980220,10448,28.61,12.28,-0.808,14.504,False,True,True,0,0,0,0,True,
000430.SZ,000430,000430,张家界,主板,深市,主板,801210.SI,社会服务,801993.SI,旅游及景区,旅游及景区,L,19960829,10988,30.08,6.64,-1.19,14.286,False,True,True,0,0,0,0,True,
000488.SZ,000488,000488,ST晨鸣,主板,深市,主板,801140.SI,轻工制造,801143.SI,造纸,造纸,L,20001120,9444,25.86,2.08,-1.887,33.333,True,True,True,0,0,0,0,False,ST
000498.SZ,000498,000498,山东路桥,主板,深市,主板,801720.SI,建筑装饰,801723.SI,基础建设,基础建设,L,19970609,10704,29.31,5.61,-2.604,15.385,False,True,True,0,0,0,0,True,
000501.SZ,000501,000501,武商集团,主板,深市,主板,801200.SI,商贸零售,801203.SI,一般零售,一般零售,L,19921120,12366,33.86,7.06,1.291,8.333,False,True,True,0,0,0,0,True,
000503.SZ,000503,000503,国新健康,主板,深市,主板,801750.SI,计算机,801104.SI,软件开发,软件开发,L,19921130,12356,33.83,7.72,3.763,11.111,False,True,True,0,0,0,0,True,
000504.SZ,000504,000504,南华生物,主板,深市,主板,801150.SI,医药生物,801156.SI,医疗服务,医疗服务,L,19921208,12348,33.81,11.29,-8.657,13.445,False,True,True,0,0,0,2,True,
000505.SZ,000505,000505,京粮控股,主板,深市,主板,801010.SI,农林牧渔,801012.SI,农产品加工,农产品加工,L,19921221,12335,33.77,6.07,-0.979,16.418,False,True,True,0,0,0,0,True,
000506.SZ,000506,000506,招金黄金,主板,深市,主板,801050.SI,有色金属,801053.SI,贵金属,贵金属,L,19930312,12254,33.55,16.58,1.221,13.83,False,True,True,0,0,0,0,True,
000507.SZ,000507,000507,珠海港,主板,深市,主板,801160.SI,公用事业,801161.SI,电力,电力,L,19930326,12240,33.51,4.93,0.612,6.0,False,True,True,0,0,0,0,True,
000509.SZ,000509,000509,华塑控股,主板,深市,主板,801080.SI,电子,801084.SI,光学光电子,光学光电子,L,19930507,12198,33.4,3.51,0.573,13.889,False,True,True,0,0,0,0,True,
000510.SZ,000510,000510,新金路,主板,深市,主板,801030.SI,基础化工,801033.SI,化学原料,化学原料,L,19930507,12198,33.4,17.27,0.935,12.088,False,True,True,0,0,0,0,True,
000513.SZ,000513,000513,丽珠集团,主板,深市,主板,801150.SI,医药生物,801151.SI,化学制药,化学制药,L,19931028,12024,32.92,32.23,6.229,18.333,False,True,True,0,0,0,0,True,
000514.SZ,000514,000514,渝开发,主板,深市,主板,801180.SI,房地产,801181.SI,房地产开发,房地产开发,L,19930712,12132,33.22,4.55,4.839,11.905,False,True,True,0,0,0,0,True,
000516.SZ,000516,000516,国际医学,主板,深市,主板,801150.SI,医药生物,801156.SI,医疗服务,医疗服务,L,19930809,12104,33.14,4.27,0.235,9.524,False,True,True,0,0,0,0,True,
000517.SZ,000517,000517,荣安地产,主板,深市,主板,801180.SI,房地产,801181.SI,房地产开发,房地产开发,L,19930806,12107,33.15,2.07,2.985,20.0,False,True,True,0,0,0,0,True,
000518.SZ,000518,000518,四环生物,主板,深市,主板,801150.SI,医药生物,801152.SI,生物制品,生物制品,L,19930908,12074,33.06,3.59,-3.495,5.263,False,True,True,0,0,0,0,True,
000519.SZ,000519,000519,中兵红箭,主板,深市,主板,801740.SI,国防军工,801743.SI,地面兵装Ⅱ,地面兵装Ⅱ,L,19931008,12044,32.97,14.4,-0.415,7.895,False,True,True,0,0,0,0,True,
000520.SZ,000520,000520,凤凰航运,主板,深市,主板,801170.SI,交通运输,801992.SI,航运港口,航运港口,L,19931025,12027,32.93,4.03,-0.494,11.905,False,True,True,0,0,0,0,True,
000521.SZ,000521,000521,长虹美菱,主板,深市,主板,801110.SI,家用电器,801111.SI,白色家电,白色家电,L,19931018,12034,32.95,4.29,0.234,26.531,False,True,True,0,0,0,0,True,
000523.SZ,000523,000523,红棉股份,主板,深市,主板,801230.SI,综合,801231.SI,综合Ⅱ,综合Ⅱ,L,19931108,12013,32.89,3.17,-0.315,11.765,False,True,True,0,0,0,0,True,
000524.SZ,000524,000524,岭南控股,主板,深市,主板,801210.SI,社会服务,801993.SI,旅游及景区,旅游及景区,L,19931118,12003,32.86,8.75,-0.114,16.129,False,True,True,0,0,2,11,False,近60日停牌
000525.SZ,000525,000525,红太阳,主板,深市,主板,801030.SI,基础化工,801038.SI,农化制品,农化制品,L,19931028,12024,32.92,4.39,0.0,8.696,False,True,True,0,0,0,0,True,
000526.SZ,000526,000526,学大教育,主板,深市,主板,801210.SI,社会服务,801994.SI,教育,教育,L,19931101,12020,32.91,34.81,-1.611,5.882,False,True,True,0,0,0,0,True,
000528.SZ,000528,000528,柳工,主板,深市,主板,801890.SI,机械设备,801077.SI,工程机械,工程机械,L,19931118,12003,32.86,7.36,-0.942,11.111,False,True,True,0,0,0,0,True,
000529.SZ,000529,000529,广弘控股,主板,深市,主板,801120.SI,食品饮料,801124.SI,食品加工,食品加工,L,19931118,12003,32.86,5.03,0.399,18.0,False,True,True,0,0,0,0,True,
000530.SZ,000530,000530,冰山冷热,主板,深市,主板,801890.SI,机械设备,801072.SI,通用设备,通用设备,L,19931208,11983,32.81,5.21,0.774,7.692,False,True,True,0,0,0,0,True,
000531.SZ,000531,000531,穗恒运A,主板,深市,主板,801160.SI,公用事业,801161.SI,电力,电力,L,19940106,11954,32.73,5.49,0.366,20.69,False,True,True,0,0,0,0,True,
000532.SZ,000532,000532,华金资本,主板,深市,主板,801790.SI,非银金融,801191.SI,多元金融,多元金融,L,19940103,11957,32.74,12.49,0.321,13.077,False,True,True,0,0,0,0,True,
000533.SZ,000533,000533,顺钠股份,主板,深市,主板,801730.SI,电力设备,801738.SI,电网设备,电网设备,L,19940103,11957,32.74,10.02,-0.199,12.5,False,True,True,0,0,0,0,True,
000534.SZ,000534,000534,万泽股份,主板,深市,主板,801150.SI,医药生物,801152.SI,生物制品,生物制品,L,19940110,11950,32.72,21.96,0.734,13.333,False,True,True,0,0,0,0,True,
000536.SZ,000536,000536,华映科技,主板,深市,主板,801080.SI,电子,801084.SI,光学光电子,光学光电子,L,19931126,11995,32.84,3.38,-0.295,11.429,False,True,True,0,0,0,0,True,
000537.SZ,000537,000537,绿发电力,主板,深市,主板,801160.SI,公用事业,801161.SI,电力,电力,L,19931210,11981,32.8,7.29,0.137,11.538,False,True,True,0,0,0,0,True,
000538.SZ,000538,000538,云南白药,主板,深市,主板,801150.SI,医药生物,801155.SI,中药Ⅱ,中药Ⅱ,L,19931215,11976,32.79,50.24,-0.179,10.714,False,True,True,0,0,0,0,True,
000539.SZ,000539,000539,粤电力A,主板,深市,主板,801160.SI,公用事业,801161.SI,电力,电力,L,19931126,11995,32.84,5.04,2.231,15.094,False,True,True,0,0,0,0,True,
000541.SZ,000541,000541,佛山照明,主板,深市,主板,801110.SI,家用电器,801115.SI,照明设备Ⅱ,照明设备Ⅱ,L,19931123,11998,32.85,4.86,0.206,22.0,False,True,True,0,0,0,0,True,
000543.SZ,000543,000543,皖能电力,主板,深市,主板,801160.SI,公用事业,801161.SI,电力,电力,L,19931220,11971,32.77,7.06,-1.534,10.667,False,True,True,0,0,0,0,True,
000544.SZ,000544,000544,中原环保,主板,深市,主板,801970.SI,环保,801971.SI,环境治理,环境治理,L,19931208,11983,32.81,7.21,0.839,15.789,False,True,True,0,0,0,0,True,
000545.SZ,000545,000545,金浦钛业,主板,深市,主板,801030.SI,基础化工,801033.SI,化学原料,化学原料,L,19931215,11976,32.79,2.22,2.778,9.091,False,True,True,0,0,0,0,True,
000546.SZ,000546,000546,金圆股份,主板,深市,主板,801970.SI,环保,801971.SI,环境治理,环境治理,L,19931215,11976,32.79,4.32,1.409,13.043,False,True,True,0,0,0,0,True,
000547.SZ,000547,000547,航天发展,主板,深市,主板,801740.SI,国防军工,801745.SI,军工电子Ⅱ,军工电子Ⅱ,L,19931130,11991,32.83,13.87,-1.351,6.164,False,True,True,0,0,0,0,True,
000548.SZ,000548,000548,湖南投资,主板,深市,主板,801170.SI,交通运输,801179.SI,铁路公路,铁路公路,L,19931220,11971,32.77,4.64,1.31,11.111,False,True,True,0,0,0,0,True,
000550.SZ,000550,000550,江铃汽车,主板,深市,主板,801880.SI,汽车,801096.SI,商用车,商用车,L,19931201,11990,32.83,16.28,0.993,12.727,False,True,True,0,0,0,0,True,
000551.SZ,000551,000551,创元科技,主板,深市,主板,801970.SI,环保,801972.SI,环保设备Ⅱ,环保设备Ⅱ,L,19940106,11954,32.73,11.69,0.516,12.903,False,True,True,0,0,0,0,True,
000552.SZ,000552,000552,甘肃能化,主板,深市,主板,801950.SI,煤炭,801951.SI,煤炭开采,煤炭开采,L,19940106,11954,32.73,2.46,0.82,12.0,False,True,True,0,0,0,0,True,
000553.SZ,000553,000553,安道麦A,主板,深市,主板,801030.SI,基础化工,801038.SI,农化制品,农化制品,L,19931203,11988,32.82,5.39,0.186,26.667,False,True,True,0,0,0,0,True,
000554.SZ,000554,000554,泰山石油,主板,深市,主板,801960.SI,石油石化,801963.SI,炼化及贸易,炼化及贸易,L,19931215,11976,32.79,6.19,-0.801,9.231,False,True,True,0,0,0,0,True,
000555.SZ,000555,000555,神州信息,主板,深市,主板,801750.SI,计算机,801103.SI,IT服务Ⅱ,IT服务Ⅱ,L,19940408,11862,32.48,10.05,2.866,9.434,False,True,True,0,0,0,0,True,
000557.SZ,000557,000557,西部创业,主板,深市,主板,801170.SI,交通运输,801179.SI,铁路公路,铁路公路,L,19940617,11792,32.28,3.61,1.12,31.579,False,True,True,0,0,0,0,True,
000558.SZ,000558,000558,天府文旅,主板,深市,主板,801210.SI,社会服务,801993.SI,旅游及景区,旅游及景区,L,19940509,11831,32.39,3.56,1.136,16.667,False,True,True,0,0,0,0,True,
000559.SZ,000559,000559,万向钱潮,主板,深市,主板,801880.SI,汽车,801093.SI,汽车零部件,汽车零部件,L,19940110,11950,32.72,10.76,-1.375,26.316,False,True,True,0,0,0,0,True,
000560.SZ,000560,000560,我爱我家,主板,深市,主板,801180.SI,房地产,801183.SI,房地产服务,房地产服务,L,19940202,11927,32.65,3.76,1.348,5.405,False,True,True,0,0,0,0,True,
000561.SZ,000561,000561,烽火电子,主板,深市,主板,801740.SI,国防军工,801742.SI,航空装备Ⅱ,航空装备Ⅱ,L,19940509,11831,32.39,7.59,0.663,11.688,False,True,True,0,0,0,0,True,
000563.SZ,000563,000563,陕国投A,主板,深市,主板,801790.SI,非银金融,801191.SI,多元金融,多元金融,L,19940110,11950,32.72,2.89,0.347,13.333,False,True,True,0,0,0,0,True,
000564.SZ,000564,000564,供销大集,主板,深市,主板,801200.SI,商贸零售,801203.SI,一般零售,一般零售,L,19940110,11950,32.72,1.45,0.694,20.0,False,True,True,0,0,0,0,True,
000565.SZ,000565,000565,渝三峡A,主板,深市,主板,801030.SI,基础化工,801034.SI,化学制品,化学制品,L,19940408,11862,32.48,6.4,0.787,10.606,False,True,True,0,0,0,0,True,
000566.SZ,000566,000566,海南海药,主板,深市,主板,801150.SI,医药生物,801151.SI,化学制药,化学制药,L,19940525,11815,32.35,4.61,-0.647,8.333,False,True,True,0,0,0,0,True,
000567.SZ,000567,000567,海德股份,主板,深市,主板,801790.SI,非银金融,801191.SI,多元金融,多元金融,L,19940525,11815,32.35,5.88,1.031,16.129,False,True,True,0,0,0,0,True,
000568.SZ,000568,000568,泸州老窖,主板,深市,主板,801120.SI,食品饮料,801125.SI,白酒Ⅱ,白酒Ⅱ,L,19940509,11831,32.39,69.38,-0.829,37.931,False,True,True,0,0,0,0,True,
000570.SZ,000570,000570,苏常柴A,主板,深市,主板,801880.SI,汽车,801093.SI,汽车零部件,汽车零部件,L,19940701,11778,32.25,5.27,0.958,7.843,False,True,True,0,0,0,0,True,
000571.SZ,000571,000571,新大洲A,主板,深市,主板,801950.SI,煤炭,801951.SI,煤炭开采,煤炭开采,L,19940525,11815,32.35,6.57,3.628,12.5,False,True,True,0,0,0,0,True,
000572.SZ,000572,000572,海马汽车,主板,深市,主板,801880.SI,汽车,801095.SI,乘用车,乘用车,L,19940808,11740,32.14,4.0,1.01,9.756,False,True,True,0,0,0,0,True,
000573.SZ,000573,000573,粤宏远A,主板,深市,主板,801180.SI,房地产,801181.SI,房地产开发,房地产开发,L,19940815,11733,32.12,3.93,3.421,8.108,False,True,True,0,0,0,0,True,
000576.SZ,000576,000576,甘化科工,主板,深市,主板,801740.SI,国防军工,801743.SI,地面兵装Ⅱ,地面兵装Ⅱ,L,19940907,11710,32.06,8.24,0.857,4.819,False,True,True,0,0,0,0,True,
000581.SZ,000581,000581,威孚高科,主板,深市,主板,801880.SI,汽车,801093.SI,汽车零部件,汽车零部件,L,19980924,10232,28.01,17.92,-0.112,11.667,False,True,True,0,0,0,0,True,
000582.SZ,000582,000582,北部湾港,主板,深市,主板,801170.SI,交通运输,801992.SI,航运港口,航运港口,L,19951102,11289,30.91,8.97,-1.967,23.853,False,True,True,0,0,0,0,True,
000586.SZ,000586,000586,汇源通信,主板,深市,主板,801770.SI,通信,801102.SI,通信设备,通信设备,L,19951220,11241,30.78,12.77,0.393,10.791,False,True,True,0,0,0,0,True,
000589.SZ,000589,000589,贵州轮胎,主板,深市,主板,801880.SI,汽车,801093.SI,汽车零部件,汽车零部件,L,19960308,11162,30.56,4.18,0.481,4.651,False,True,True,0,0,0,0,True,
000590.SZ,000590,000590,古汉医药,主板,深市,主板,801150.SI,医药生物,801155.SI,中药Ⅱ,中药Ⅱ,L,19960119,11211,30.69,9.14,2.466,11.111,False,True,True,0,0,0,0,True,
000591.SZ,000591,000591,太阳能,主板,深市,主板,801160.SI,公用事业,801161.SI,电力,电力,L,19960208,11191,30.64,4.15,0.241,18.182,False,True,True,0,0,0,0,True,
000592.SZ,000592,000592,平潭发展,主板,深市,主板,801010.SI,农林牧渔,801011.SI,林业Ⅱ,林业Ⅱ,L,19960327,11143,30.51,8.74,-3.85,6.742,False,True,True,0,0,0,0,True,
000593.SZ,000593,000593,德龙汇能,主板,深市,主板,801160.SI,公用事业,801163.SI,燃气Ⅱ,燃气Ⅱ,L,19960312,11158,30.55,20.0,-6.629,12.613,False,True,True,0,0,0,0,True,
000595.SZ,000595,000595,新能股份,主板,深市,主板,801890.SI,机械设备,801072.SI,通用设备,通用设备,L,19960419,11120,30.44,5.45,0.184,14.286,False,True,True,0,0,0,2,True,
000596.SZ,000596,000596,古井贡酒,主板,深市,主板,801120.SI,食品饮料,801125.SI,白酒Ⅱ,白酒Ⅱ,L,19960927,10959,30.0,89.03,1.286,12.121,False,True,True,0,0,0,0,True,
000597.SZ,000597,000597,东北制药,主板,深市,主板,801150.SI,医药生物,801151.SI,化学制药,化学制药,L,19960523,11086,30.35,4.69,-0.846,12.245,False,True,True,0,0,0,0,True,
000598.SZ,000598,000598,兴蓉环境,主板,深市,主板,801970.SI,环保,801971.SI,环境治理,环境治理,L,19960529,11080,30.34,7.01,0.286,11.429,False,True,True,0,0,0,0,True,
000599.SZ,000599,000599,青岛双星,主板,深市,主板,801880.SI,汽车,801093.SI,汽车零部件,汽车零部件,L,19960430,11109,30.41,4.43,0.454,10.638,False,True,True,0,0,0,0,True,
000600.SZ,000600,000600,建投能源,主板,深市,主板,801160.SI,公用事业,801161.SI,电力,电力,L,19960606,11072,30.31,6.97,-1.135,17.949,False,True,True,0,0,0,0,True,
000601.SZ,000601,000601,韶能股份,主板,深市,主板,801160.SI,公用事业,801161.SI,电力,电力,L,19960830,10987,30.08,6.02,1.007,4.839,False,True,True,0,0,0,0,True,
000603.SZ,000603,000603,盛达资源,主板,深市,主板,801050.SI,有色金属,801055.SI,工业金属,工业金属,L,19960823,10994,30.1,31.08,3.393,12.5,False,True,True,0,0,0,0,True,
000605.SZ,000605,000605,渤海股份,主板,深市,主板,801970.SI,环保,801971.SI,环境治理,环境治理,L,19960913,10973,30.04,6.06,1.678,10.169,False,True,True,0,0,0,0,True,
000607.SZ,000607,000607,华媒控股,主板,深市,主板,801760.SI,传媒,801765.SI,广告营销,广告营销,L,19960830,10987,30.08,4.13,10.133,20.0,False,True,True,0,0,0,0,True,
000608.SZ,000608,000608,阳光股份,主板,深市,主板,801180.SI,房地产,801181.SI,房地产开发,房地产开发,L,19960919,10967,30.03,7.18,2.571,9.722,False,True,True,0,0,0,0,True,
000609.SZ,000609,000609,*ST中迪,主板,深市,主板,801180.SI,房地产,801181.SI,房地产开发,房地产开发,L,19961010,10946,29.97,9.34,1.082,16.327,True,True,True,0,0,0,0,False,ST
000610.SZ,000610,000610,*ST西旅,主板,深市,主板,801210.SI,社会服务,801993.SI,旅游及景区,旅游及景区,L,19960926,10960,30.01,7.46,3.611,16.883,True,True,True,0,0,0,0,False,ST
000612.SZ,000612,000612,焦作万方,主板,深市,主板,801050.SI,有色金属,801055.SI,工业金属,工业金属,L,19960926,10960,30.01,10.63,4.318,9.091,False,True,True,0,0,0,0,True,
000615.SZ,000615,000615,*ST美谷,主板,深市,主板,801980.SI,美容护理,801983.SI,医疗美容,医疗美容,L,19961016,10940,29.95,3.25,2.848,15.152,True,True,True,0,0,0,0,False,ST
000617.SZ,000617,000617,中油资本,主板,深市,主板,801790.SI,非银金融,801191.SI,多元金融,多元金融,L,19961022,10934,29.94,6.56,0.306,37.5,False,True,True,0,0,0,0,True,
000619.SZ,000619,000619,海螺新材,主板,深市,主板,801710.SI,建筑材料,801713.SI,装修建材,装修建材,L,19961023,10933,29.93,5.25,0.575,16.0,False,True,True,0,0,0,0,True,
000620.SZ,000620,000620,盈新发展,主板,深市,主板,801180.SI,房地产,801181.SI,房地产开发,房地产开发,L,19961029,10927,29.92,3.11,2.303,6.25,False,True,True,0,0,0,0,True,
000623.SZ,000623,000623,吉林敖东,主板,深市,主板,801150.SI,医药生物,801155.SI,中药Ⅱ,中药Ⅱ,L,19961028,10928,29.92,17.2,0.0,6.667,False,True,True,0,0,0,0,True,
000625.SZ,000625,000625,长安汽车,主板,深市,主板,801880.SI,汽车,801095.SI,乘用车,乘用车,L,19970610,10703,29.3,7.06,0.142,33.333,False,True,True,0,0,0,0,True,
000626.SZ,000626,000626,远大控股,主板,深市,主板,801170.SI,交通运输,801178.SI,物流,物流,L,19961128,10897,29.83,8.58,-1.379,7.692,False,True,True,0,0,0,0,True,
000628.SZ,000628,000628,高新发展,主板,深市,主板,801720.SI,建筑装饰,801721.SI,房屋建设Ⅱ,房屋建设Ⅱ,L,19961118,10907,29.86,54.66,-0.164,11.828,False,True,True,0,0,0,0,True,
000629.SZ,000629,000629,钒钛股份,主板,深市,主板,801040.SI,钢铁,801043.SI,冶钢原料,冶钢原料,L,19961115,10910,29.87,2.78,0.361,16.129,False,True,True,0,0,0,0,True,
000630.SZ,000630,000630,铜陵有色,主板,深市,主板,801050.SI,有色金属,801055.SI,工业金属,工业金属,L,19961120,10905,29.86,5.79,1.758,10.938,False,True,True,0,0,0,0,True,
000631.SZ,000631,000631,顺发恒能,主板,深市,主板,801180.SI,房地产,801181.SI,房地产开发,房地产开发,L,19961122,10903,29.85,3.04,2.703,16.129,False,True,True,0,0,0,0,True,
000632.SZ,000632,000632,ST三木,主板,深市,主板,801230.SI,综合,801231.SI,综合Ⅱ,综合Ⅱ,L,19961121,10904,29.85,3.7,2.21,15.385,True,True,True,0,0,0,0,False,ST
000633.SZ,000633,000633,合金投资,主板,深市,主板,801050.SI,有色金属,801051.SI,金属新材料,金属新材料,L,19961112,10913,29.88,5.34,1.521,7.692,False,True,True,0,0,0,0,True,
000635.SZ,000635,000635,英力特,主板,深市,主板,801030.SI,基础化工,801033.SI,化学原料,化学原料,L,19961120,10905,29.86,7.6,3.401,5.405,False,True,True,1,3,3,3,False,近60日停牌
000636.SZ,000636,000636,风华高科,主板,深市,主板,801080.SI,电子,801083.SI,元件,元件,L,19961129,10896,29.83,51.21,1.567,13.889,False,True,True,0,0,0,0,True,
000637.SZ,000637,000637,茂化实华,主板,深市,主板,801960.SI,石油石化,801963.SI,炼化及贸易,炼化及贸易,L,19961114,10911,29.87,4.24,0.952,14.286,False,True,True,0,0,0,0,True,
000639.SZ,000639,000639,ST西王,主板,深市,主板,801120.SI,食品饮料,801124.SI,食品加工,食品加工,L,19961126,10899,29.84,1.5,0.671,12.5,True,True,True,0,0,0,0,False,ST
000650.SZ,000650,000650,仁和药业,主板,深市,主板,801150.SI,医药生物,801155.SI,中药Ⅱ,中药Ⅱ,L,19961210,10885,29.8,5.14,0.0,5.556,False,True,True,0,0,0,0,True,
000651.SZ,000651,000651,格力电器,主板,深市,主板,801110.SI,家用电器,801111.SI,白色家电,白色家电,L,19961118,10907,29.86,38.1,-0.781,7.895,False,True,True,0,0,0,0,True,
000652.SZ,000652,000652,泰达股份,主板,深市,主板,801230.SI,综合,801231.SI,综合Ⅱ,综合Ⅱ,L,19961128,10897,29.83,3.34,2.141,17.647,False,True,True,0,0,0,0,True,
000655.SZ,000655,000655,金岭矿业,主板,深市,主板,801040.SI,钢铁,801043.SI,冶钢原料,冶钢原料,L,19961128,10897,29.83,7.21,2.269,16.667,False,True,True,0,0,0,0,True,
000656.SZ,000656,000656,金科股份,主板,深市,主板,801180.SI,房地产,801181.SI,房地产开发,房地产开发,L,19961128,10897,29.83,1.26,4.132,8.333,False,True,True,0,0,0,2,True,
000657.SZ,000657,000657,中钨高新,主板,深市,主板,801050.SI,有色金属,801054.SI,小金属,小金属,L,19961205,10890,29.82,53.69,0.826,12.727,False,True,True,0,0,0,0,True,
000659.SZ,000659,000659,珠海中富,主板,深市,主板,801140.SI,轻工制造,801141.SI,包装印刷,包装印刷,L,19961203,10892,29.82,2.73,-0.365,10.714,False,True,True,0,0,0,0,True,
000661.SZ,000661,000661,长春高新,主板,深市,主板,801150.SI,医药生物,801152.SI,生物制品,生物制品,L,19961218,10877,29.78,70.55,0.071,12.5,False,True,True,0,0,0,0,True,
000663.SZ,000663,000663,永安林业,主板,深市,主板,801010.SI,农林牧渔,801011.SI,林业Ⅱ,林业Ⅱ,L,19961206,10889,29.81,6.1,0.329,10.0,False,True,True,0,0,0,0,True,
000665.SZ,000665,000665,湖北广电,主板,深市,主板,801760.SI,传媒,801995.SI,电视广播Ⅱ,电视广播Ⅱ,L,19961210,10885,29.8,4.18,6.091,9.756,False,True,True,0,0,0,0,True,
000668.SZ,000668,000668,荣丰控股,主板,深市,主板,801180.SI,房地产,801181.SI,房地产开发,房地产开发,L,19961210,10885,29.8,17.0,-1.048,26.563,False,True,True,0,0,0,2,True,
000669.SZ,000669,000669,ST金鸿,主板,深市,主板,801160.SI,公用事业,801163.SI,燃气Ⅱ,燃气Ⅱ,L,19961210,10885,29.8,4.01,-2.195,19.512,True,True,True,0,0,0,0,False,ST
000670.SZ,000670,000670,盈方微,主板,深市,主板,801080.SI,电子,801082.SI,其他电子Ⅱ,其他电子Ⅱ,L,19961217,10878,29.78,7.6,-0.913,7.792,False,True,True,0,0,0,0,True,
000672.SZ,000672,000672,上峰材料,主板,深市,主板,801710.SI,建筑材料,801711.SI,水泥,水泥,L,19961218,10877,29.78,14.65,-0.408,13.699,False,True,True,0,0,0,0,True,
000676.SZ,000676,000676,智度股份,主板,深市,主板,801760.SI,传媒,801765.SI,广告营销,广告营销,L,19961224,10871,29.76,6.65,4.396,14.286,False,True,True,0,0,0,0,True,
000677.SZ,000677,000677,ST海龙,主板,深市,主板,801030.SI,基础化工,801032.SI,化学纤维,化学纤维,L,19961226,10869,29.76,1.76,1.149,11.111,True,True,True,0,0,0,0,False,ST
000678.SZ,000678,000678,襄阳轴承,主板,深市,主板,801880.SI,汽车,801093.SI,汽车零部件,汽车零部件,L,19970106,10858,29.73,11.72,10.047,19.78,False,True,True,0,0,0,0,True,
000679.SZ,000679,000679,大连友谊,主板,深市,主板,801200.SI,商贸零售,801203.SI,一般零售,一般零售,L,19970124,10840,29.68,6.32,-0.158,15.625,False,True,True,0,0,0,0,True,
000680.SZ,000680,000680,山推股份,主板,深市,主板,801890.SI,机械设备,801077.SI,工程机械,工程机械,L,19970122,10842,29.68,8.82,-1.121,17.308,False,True,True,0,0,0,0,True,
000681.SZ,000681,000681,视觉中国,主板,深市,主板,801760.SI,传媒,801767.SI,数字媒体,数字媒体,L,19970121,10843,29.69,15.86,1.667,10.714,False,True,True,0,0,0,0,True,
000682.SZ,000682,000682,东方电子,主板,深市,主板,801730.SI,电力设备,801738.SI,电网设备,电网设备,L,19970121,10843,29.69,10.24,-0.292,15.254,False,True,True,0,0,0,0,True,
000683.SZ,000683,000683,博源化工,主板,深市,主板,801030.SI,基础化工,801033.SI,化学原料,化学原料,L,19970131,10833,29.66,5.58,1.639,10.0,False,True,True,0,0,0,0,True,
000685.SZ,000685,000685,中山公用,主板,深市,主板,801970.SI,环保,801971.SI,环境治理,环境治理,L,19970123,10841,29.68,10.62,-0.094,6.306,False,True,True,0,0,0,0,True,
000686.SZ,000686,000686,东北证券,主板,深市,主板,801790.SI,非银金融,801193.SI,证券Ⅱ,证券Ⅱ,L,19970227,10806,29.59,7.51,0.133,7.407,False,True,True,0,0,0,0,True,
000688.SZ,000688,000688,国城矿业,主板,深市,主板,801050.SI,有色金属,801055.SI,工业金属,工业金属,L,19970120,10844,29.69,24.15,1.004,25.676,False,True,True,0,0,0,0,True,
000690.SZ,000690,000690,宝新能源,主板,深市,主板,801160.SI,公用事业,801161.SI,电力,电力,L,19970128,10836,29.67,5.15,-0.962,9.804,False,True,True,0,0,0,0,True,
000691.SZ,000691,000691,亚太实业,主板,深市,主板,801030.SI,基础化工,801033.SI,化学原料,化学原料,L,19970228,10805,29.58,8.98,0.112,12.121,False,True,True,0,0,0,2,True,
000692.SZ,000692,000692,惠天热电,主板,深市,主板,801160.SI,公用事业,801161.SI,电力,电力,L,19970227,10806,29.59,4.17,1.214,7.143,False,True,True,0,0,0,0,True,
000695.SZ,000695,000695,滨海能源,主板,深市,主板,801730.SI,电力设备,801737.SI,电池,电池,L,19970218,10815,29.61,12.83,1.825,15.603,False,True,True,0,0,0,0,True,
000697.SZ,000697,000697,炼石航空,主板,深市,主板,801740.SI,国防军工,801742.SI,航空装备Ⅱ,航空装备Ⅱ,L,19970325,10780,29.51,9.14,1.782,27.586,False,True,True,0,0,0,0,True,
000698.SZ,000698,000698,ST沈化,主板,深市,主板,801960.SI,石油石化,801963.SI,炼化及贸易,炼化及贸易,L,19970220,10813,29.6,3.66,1.95,19.444,True,True,True,0,0,0,0,False,ST
000700.SZ,000700,000700,模塑科技,主板,深市,主板,801880.SI,汽车,801093.SI,汽车零部件,汽车零部件,L,19970228,10805,29.58,12.25,1.24,7.5,False,True,True,0,0,0,0,True,
000701.SZ,000701,000701,厦门信达,主板,深市,主板,801880.SI,汽车,801092.SI,汽车服务,汽车服务,L,19970226,10807,29.59,5.13,-0.774,8.0,False,True,True,0,0,0,0,True,
000702.SZ,000702,000702,正虹科技,主板,深市,主板,801010.SI,农林牧渔,801014.SI,饲料,饲料,L,19970318,10787,29.53,5.85,1.211,13.793,False,True,True,0,0,0,0,True,
000703.SZ,000703,000703,恒逸石化,主板,深市,主板,801960.SI,石油石化,801963.SI,炼化及贸易,炼化及贸易,L,19970328,10777,29.51,15.69,-9.096,14.118,False,True,True,0,0,0,0,True,
000705.SZ,000705,000705,浙江震元,主板,深市,主板,801150.SI,医药生物,801154.SI,医药商业,医药商业,L,19970410,10764,29.47,7.13,1.135,10.0,False,True,True,0,0,0,0,True,
000707.SZ,000707,000707,双环科技,主板,深市,主板,801030.SI,基础化工,801033.SI,化学原料,化学原料,L,19970415,10759,29.46,4.59,1.774,8.889,False,True,True,0,0,0,0,True,
000708.SZ,000708,000708,中信特钢,主板,深市,主板,801040.SI,钢铁,801045.SI,特钢Ⅱ,特钢Ⅱ,L,19970326,10779,29.51,12.8,0.078,26.087,False,True,True,0,0,0,0,True,
000709.SZ,000709,000709,河钢股份,主板,深市,主板,801040.SI,钢铁,801044.SI,普钢,普钢,L,19970416,10758,29.45,2.0,0.502,14.286,False,True,True,0,0,0,0,True,
000710.SZ,000710,000710,贝瑞基因,主板,深市,主板,801150.SI,医药生物,801156.SI,医疗服务,医疗服务,L,19970422,10752,29.44,9.88,-3.891,12.0,False,True,True,0,0,0,0,True,
000711.SZ,000711,000711,京蓝科技,主板,深市,主板,801970.SI,环保,801971.SI,环境治理,环境治理,L,19970411,10763,29.47,4.68,-0.425,24.0,False,True,True,0,2,2,2,False,近60日停牌
000712.SZ,000712,000712,锦龙股份,主板,深市,主板,801790.SI,非银金融,801193.SI,证券Ⅱ,证券Ⅱ,L,19970415,10759,29.46,9.82,0.718,13.861,False,True,True,0,0,0,0,True,
000713.SZ,000713,000713,国投丰乐,主板,深市,主板,801010.SI,农林牧渔,801016.SI,种植业,种植业,L,19970422,10752,29.44,6.06,-0.818,10.606,False,True,True,0,0,0,0,True,
000715.SZ,000715,000715,中兴商业,主板,深市,主板,801200.SI,商贸零售,801203.SI,一般零售,一般零售,L,19970508,10736,29.39,5.3,0.569,12.963,False,True,True,0,0,0,0,True,
000716.SZ,000716,000716,黑芝麻,主板,深市,主板,801120.SI,食品饮料,801128.SI,休闲食品,休闲食品,L,19970418,10756,29.45,4.94,-0.403,13.462,False,True,True,0,0,0,0,True,
000717.SZ,000717,000717,中南股份,主板,深市,主板,801040.SI,钢铁,801044.SI,普钢,普钢,L,19970508,10736,29.39,2.17,1.878,13.636,False,True,True,0,0,0,0,True,
000718.SZ,000718,000718,苏宁环球,主板,深市,主板,801180.SI,房地产,801181.SI,房地产开发,房地产开发,L,19970408,10766,29.48,2.11,3.431,15.0,False,True,True,0,0,0,0,True,
000719.SZ,000719,000719,中原传媒,主板,深市,主板,801760.SI,传媒,801769.SI,出版,出版,L,19970331,10774,29.5,11.88,0.169,9.091,False,True,True,0,0,0,0,True,
000720.SZ,000720,000720,新能泰山,主板,深市,主板,801730.SI,电力设备,801738.SI,电网设备,电网设备,L,19970509,10735,29.39,3.59,1.7,10.256,False,True,True,0,0,0,0,True,
000721.SZ,000721,000721,西安饮食,主板,深市,主板,801210.SI,社会服务,801219.SI,酒店餐饮,酒店餐饮,L,19970430,10744,29.42,6.06,0.0,20.313,False,True,True,0,0,0,0,True,
000722.SZ,000722,000722,湖南发展,主板,深市,主板,801160.SI,公用事业,801161.SI,电力,电力,L,19970522,10722,29.36,12.88,-0.923,14.085,False,True,True,0,0,0,0,True,
000723.SZ,000723,000723,美锦能源,主板,深市,主板,801950.SI,煤炭,801952.SI,焦炭Ⅱ,焦炭Ⅱ,L,19970515,10729,29.37,3.47,0.872,15.789,False,True,True,0,0,0,0,True,
000725.SZ,000725,000725,京东方A,主板,深市,主板,801080.SI,电子,801084.SI,光学光电子,光学光电子,L,20010112,9391,25.71,5.71,-1.552,8.475,False,True,True,0,0,0,0,True,
000726.SZ,000726,000726,鲁泰A,主板,深市,主板,801130.SI,纺织服饰,801131.SI,纺织制造,纺织制造,L,20001225,9409,25.76,5.97,0.168,8.333,False,True,True,0,0,0,0,True,
000727.SZ,000727,000727,冠捷科技,主板,深市,主板,801080.SI,电子,801084.SI,光学光电子,光学光电子,L,19970520,10724,29.36,2.18,1.395,9.091,False,True,True,0,0,0,0,True,
000728.SZ,000728,000728,国元证券,主板,深市,主板,801790.SI,非银金融,801193.SI,证券Ⅱ,证券Ⅱ,L,19970616,10697,29.29,7.2,0.279,10.811,False,True,True,0,0,0,0,True,
000729.SZ,000729,000729,燕京啤酒,主板,深市,主板,801120.SI,食品饮料,801126.SI,非白酒,非白酒,L,19970716,10667,29.2,10.81,-0.369,16.667,False,True,True,0,0,0,0,True,
000731.SZ,000731,000731,四川美丰,主板,深市,主板,801030.SI,基础化工,801038.SI,农化制品,农化制品,L,19970617,10696,29.28,8.03,-0.496,15.789,False,True,True,0,0,0,0,True,
000733.SZ,000733,000733,振华科技,主板,深市,主板,801740.SI,国防军工,801745.SI,军工电子Ⅱ,军工电子Ⅱ,L,19970703,10680,29.24,39.04,-0.23,6.452,False,True,True,0,0,0,0,True,
000735.SZ,000735,000735,罗牛山,主板,深市,主板,801010.SI,农林牧渔,801017.SI,养殖业,养殖业,L,19970611,10702,29.3,5.76,1.587,13.559,False,True,True,0,0,0,0,True,
000736.SZ,000736,000736,中交发展,主板,深市,主板,801180.SI,房地产,801181.SI,房地产开发,房地产开发,L,19970425,10749,29.43,4.8,4.348,8.696,False,True,True,0,0,0,2,True,
000737.SZ,000737,000737,北方铜业,主板,深市,主板,801050.SI,有色金属,801055.SI,工业金属,工业金属,L,19970428,10746,29.42,13.43,2.912,10.959,False,True,True,0,0,0,0,True,
000738.SZ,000738,000738,航发控制,主板,深市,主板,801740.SI,国防军工,801742.SI,航空装备Ⅱ,航空装备Ⅱ,L,19970626,10687,29.26,18.67,-0.797,12.766,False,True,True,0,0,0,0,True,
000739.SZ,000739,000739,普洛药业,主板,深市,主板,801150.SI,医药生物,801151.SI,化学制药,化学制药,L,19970509,10735,29.39,26.56,-0.932,20.721,False,True,True,0,0,0,0,True,
000750.SZ,000750,000750,国海证券,主板,深市,主板,801790.SI,非银金融,801193.SI,证券Ⅱ,证券Ⅱ,L,19970709,10674,29.22,3.59,1.127,7.895,False,True,True,0,0,0,0,True,
000751.SZ,000751,000751,锌业股份,主板,深市,主板,801050.SI,有色金属,801055.SI,工业金属,工业金属,L,19970626,10687,29.26,4.38,0.69,12.0,False,True,True,0,0,0,0,True,
000752.SZ,000752,000752,*ST西发,主板,深市,主板,801120.SI,食品饮料,801126.SI,非白酒,非白酒,L,19970625,10688,29.26,8.68,-3.663,10.345,True,True,True,0,0,0,0,False,ST
000753.SZ,000753,000753,漳州发展,主板,深市,主板,801230.SI,综合,801231.SI,综合Ⅱ,综合Ⅱ,L,19970626,10687,29.26,5.44,-1.449,9.434,False,True,True,0,0,0,0,True,
000755.SZ,000755,000755,山西高速,主板,深市,主板,801170.SI,交通运输,801179.SI,铁路公路,铁路公路,L,19970627,10686,29.26,4.68,0.0,12.5,False,True,True,0,0,0,0,True,
000756.SZ,000756,000756,新华制药,主板,深市,主板,801150.SI,医药生物,801151.SI,化学制药,化学制药,L,19970806,10646,29.15,13.98,-2.442,12.5,False,True,True,0,0,0,0,True,
000757.SZ,000757,000757,浩物股份,主板,深市,主板,801880.SI,汽车,801092.SI,汽车服务,汽车服务,L,19970627,10686,29.26,4.3,0.939,13.953,False,True,True,0,0,0,0,True,
000758.SZ,000758,000758,中色股份,主板,深市,主板,801050.SI,有色金属,801055.SI,工业金属,工业金属,L,19970416,10758,29.45,5.71,1.421,11.475,False,True,True,0,0,0,0,True,
000759.SZ,000759,000759,中百集团,主板,深市,主板,801200.SI,商贸零售,801203.SI,一般零售,一般零售,L,19970519,10725,29.36,6.1,-1.294,7.692,False,True,True,0,0,0,0,True,
000761.SZ,000761,000761,本钢板材,主板,深市,主板,801040.SI,钢铁,801044.SI,普钢,普钢,L,19980115,10484,28.7,2.27,3.182,58.333,False,True,True,0,0,0,0,True,
000762.SZ,000762,000762,西藏矿业,主板,深市,主板,801050.SI,有色金属,801056.SI,能源金属,能源金属,L,19970708,10675,29.23,20.49,1.687,10.714,False,True,True,0,0,0,0,True,
000766.SZ,000766,000766,通化金马,主板,深市,主板,801150.SI,医药生物,801151.SI,化学制药,化学制药,L,19970430,10744,29.42,15.17,-0.066,10.976,False,True,True,0,0,0,0,True,
000767.SZ,000767,000767,晋控电力,主板,深市,主板,801160.SI,公用事业,801161.SI,电力,电力,L,19970609,10704,29.31,3.27,0.307,11.429,False,True,True,0,0,0,0,True,
000768.SZ,000768,000768,中航西飞,主板,深市,主板,801740.SI,国防军工,801742.SI,航空装备Ⅱ,航空装备Ⅱ,L,19970626,10687,29.26,22.5,-1.833,15.909,False,True,True,0,0,0,0,True,
000776.SZ,000776,000776,广发证券,主板,深市,主板,801790.SI,非银金融,801193.SI,证券Ⅱ,证券Ⅱ,L,19970611,10702,29.3,19.74,-0.353,9.524,False,True,True,0,0,0,0,True,
000777.SZ,000777,000777,中核科技,主板,深市,主板,801890.SI,机械设备,801072.SI,通用设备,通用设备,L,19970710,10673,29.22,16.1,0.374,8.772,False,True,True,0,0,0,0,True,
000778.SZ,000778,000778,新兴铸管,主板,深市,主板,801040.SI,钢铁,801044.SI,普钢,普钢,L,19970606,10707,29.31,3.53,0.857,8.108,False,True,True,0,0,0,0,True,
000779.SZ,000779,000779,甘咨询,主板,深市,主板,801720.SI,建筑装饰,801726.SI,工程咨询服务Ⅱ,工程咨询服务Ⅱ,L,19970528,10716,29.34,8.45,1.077,8.046,False,True,True,0,0,0,0,True,
000782.SZ,000782,000782,恒申新材,主板,深市,主板,801030.SI,基础化工,801032.SI,化学纤维,化学纤维,L,19970619,10694,29.28,8.12,0.744,7.692,False,True,True,0,0,0,0,True,
000783.SZ,000783,000783,长江证券,主板,深市,主板,801790.SI,非银金融,801193.SI,证券Ⅱ,证券Ⅱ,L,19970731,10652,29.16,7.94,0.253,10.112,False,True,True,0,0,0,0,True,
000785.SZ,000785,000785,居然智家,主板,深市,主板,801200.SI,商贸零售,801203.SI,一般零售,一般零售,L,19970711,10672,29.22,2.29,3.153,18.182,False,True,True,0,0,0,0,True,
000786.SZ,000786,000786,北新建材,主板,深市,主板,801710.SI,建筑材料,801713.SI,装修建材,装修建材,L,19970606,10707,29.31,16.24,2.461,28.571,False,True,True,0,0,0,0,True,
000788.SZ,000788,000788,北大医药,主板,深市,主板,801150.SI,医药生物,801151.SI,化学制药,化学制药,L,19970616,10697,29.29,5.44,0.741,11.111,False,True,True,0,0,0,0,True,
000789.SZ,000789,000789,万年青,主板,深市,主板,801710.SI,建筑材料,801711.SI,水泥,水泥,L,19970923,10598,29.02,4.17,1.956,30.952,False,True,True,0,0,0,0,True,
000790.SZ,000790,000790,华神科技,主板,深市,主板,801150.SI,医药生物,801155.SI,中药Ⅱ,中药Ⅱ,L,19980327,10413,28.51,4.44,0.453,13.636,False,True,True,0,0,0,0,True,
000791.SZ,000791,000791,甘肃能源,主板,深市,主板,801160.SI,公用事业,801161.SI,电力,电力,L,19971014,10577,28.96,7.0,-1.269,12.0,False,True,True,0,0,0,0,True,
000792.SZ,000792,000792,盐湖股份,主板,深市,主板,801030.SI,基础化工,801038.SI,农化制品,农化制品,L,19970904,10617,29.07,23.5,1.6,18.841,False,True,True,0,0,0,0,True,
000793.SZ,000793,000793,ST华闻,主板,深市,主板,801760.SI,传媒,801769.SI,出版,出版,L,19970729,10654,29.17,2.0,-0.497,33.333,True,True,True,0,0,2,4,False,ST、近60日停牌
000795.SZ,000795,000795,英洛华,主板,深市,主板,801050.SI,有色金属,801051.SI,金属新材料,金属新材料,L,19970808,10644,29.14,8.18,-0.728,11.628,False,True,True,0,0,0,0,True,
000796.SZ,000796,000796,凯撒旅业,主板,深市,主板,801210.SI,社会服务,801993.SI,旅游及景区,旅游及景区,L,19970703,10680,29.24,3.49,-0.286,21.053,False,True,True,0,0,0,0,True,
000797.SZ,000797,000797,中国武夷,主板,深市,主板,801180.SI,房地产,801181.SI,房地产开发,房地产开发,L,19970715,10668,29.21,2.7,3.448,11.538,False,True,True,0,0,0,0,True,
000798.SZ,000798,000798,中水渔业,主板,深市,主板,801010.SI,农林牧渔,801015.SI,渔业,渔业,L,19980212,10456,28.63,9.6,-1.538,10.784,False,True,True,0,0,0,0,True,
000799.SZ,000799,000799,酒鬼酒,主板,深市,主板,801120.SI,食品饮料,801125.SI,白酒Ⅱ,白酒Ⅱ,L,19970718,10665,29.2,36.01,-0.028,6.667,False,True,True,0,0,0,0,True,
000800.SZ,000800,000800,一汽解放,主板,深市,主板,801880.SI,汽车,801096.SI,商用车,商用车,L,19970618,10695,29.28,5.84,0.0,18.182,False,True,True,0,0,0,0,True,
000801.SZ,000801,000801,四川九洲,主板,深市,主板,801110.SI,家用电器,801112.SI,黑色家电,黑色家电,L,19980506,10373,28.4,11.52,-0.173,13.333,False,True,True,0,0,0,0,True,
000802.SZ,000802,000802,北京文化,主板,深市,主板,801760.SI,传媒,801766.SI,影视院线,影视院线,L,19980108,10491,28.72,3.91,3.166,7.692,False,True,True,0,0,0,0,True,
000803.SZ,000803,000803,山高环能,主板,深市,主板,801970.SI,环保,801971.SI,环境治理,环境治理,L,19980303,10437,28.57,6.86,-0.291,9.722,False,True,True,0,0,0,0,True,
000807.SZ,000807,000807,云铝股份,主板,深市,主板,801050.SI,有色金属,801055.SI,工业金属,工业金属,L,19980408,10401,28.48,26.47,4.336,7.463,False,True,True,0,0,0,0,True,
000809.SZ,000809,000809,和展能源,主板,深市,主板,801180.SI,房地产,801181.SI,房地产开发,房地产开发,L,19980616,10332,28.29,3.47,1.76,5.882,False,True,True,0,0,0,0,True,
000810.SZ,000810,000810,创维数字,主板,深市,主板,801110.SI,家用电器,801112.SI,黑色家电,黑色家电,L,19980602,10346,28.33,9.1,0.887,12.5,False,True,True,0,0,0,0,True,
000811.SZ,000811,000811,冰轮环境,主板,深市,主板,801890.SI,机械设备,801072.SI,通用设备,通用设备,L,19980528,10351,28.34,37.88,-0.053,10.127,False,True,True,0,0,0,0,True,
000812.SZ,000812,000812,陕西金叶,主板,深市,主板,801140.SI,轻工制造,801141.SI,包装印刷,包装印刷,L,19980623,10325,28.27,3.74,1.63,7.895,False,True,True,0,0,0,0,True,
000813.SZ,000813,000813,德展健康,主板,深市,主板,801150.SI,医药生物,801151.SI,化学制药,化学制药,L,19980519,10360,28.36,3.2,0.0,9.091,False,True,True,0,0,0,0,True,
000815.SZ,000815,000815,美利云,主板,深市,主板,801750.SI,计算机,801103.SI,IT服务Ⅱ,IT服务Ⅱ,L,19980609,10339,28.31,14.46,-0.823,7.595,False,True,True,0,0,0,0,True,
000816.SZ,000816,000816,智慧农业,主板,深市,主板,801880.SI,汽车,801093.SI,汽车零部件,汽车零部件,L,19970818,10634,29.11,2.79,0.36,10.345,False,True,True,0,0,0,0,True,
000818.SZ,000818,000818,航锦科技,主板,深市,主板,801030.SI,基础化工,801033.SI,化学原料,化学原料,L,19971017,10574,28.95,11.31,0.0,13.333,False,True,True,0,0,0,0,True,
000819.SZ,000819,000819,岳阳兴长,主板,深市,主板,801960.SI,石油石化,801963.SI,炼化及贸易,炼化及贸易,L,19970625,10688,29.26,12.19,3.043,20.0,False,True,True,0,0,0,0,True,
000820.SZ,000820,000820,神雾节能,主板,深市,主板,801970.SI,环保,801972.SI,环保设备Ⅱ,环保设备Ⅱ,L,19980630,10318,28.25,3.56,1.425,11.111,False,True,True,0,0,2,2,False,近60日停牌
000821.SZ,000821,000821,ST京机,主板,深市,主板,801730.SI,电力设备,801735.SI,光伏设备,光伏设备,L,19980626,10322,28.26,7.29,0.552,12.5,True,True,True,0,0,0,0,False,ST
000822.SZ,000822,000822,山东海化,主板,深市,主板,801030.SI,基础化工,801033.SI,化学原料,化学原料,L,19980703,10315,28.24,4.23,0.955,11.628,False,True,True,0,0,0,0,True,
000823.SZ,000823,000823,超声电子,主板,深市,主板,801080.SI,电子,801083.SI,元件,元件,L,19971008,10583,28.97,24.4,10.009,11.864,False,True,True,0,0,0,0,True,
000825.SZ,000825,000825,太钢不锈,主板,深市,主板,801040.SI,钢铁,801045.SI,特钢Ⅱ,特钢Ⅱ,L,19981021,10205,27.94,3.35,1.515,44.444,False,True,True,0,0,0,0,True,
000826.SZ,000826,000826,*ST启环,主板,深市,主板,801970.SI,环保,801971.SI,环境治理,环境治理,L,19980225,10443,28.59,1.73,-1.704,22.222,True,True,True,0,0,0,0,False,ST
000828.SZ,000828,000828,东莞控股,主板,深市,主板,801170.SI,交通运输,801179.SI,铁路公路,铁路公路,L,19970617,10696,29.28,9.91,1.329,8.081,False,True,True,0,0,0,0,True,
000829.SZ,000829,000829,天音控股,主板,深市,主板,801200.SI,商贸零售,801204.SI,专业连锁Ⅱ,专业连锁Ⅱ,L,19971202,10528,28.82,9.15,5.658,11.111,False,True,True,0,0,0,0,True,
000830.SZ,000830,000830,鲁西化工,主板,深市,主板,801030.SI,基础化工,801033.SI,化学原料,化学原料,L,19980807,10280,28.15,11.22,-0.883,9.677,False,True,True,0,0,0,0,True,
000831.SZ,000831,000831,中国稀土,主板,深市,主板,801050.SI,有色金属,801054.SI,小金属,小金属,L,19980911,10245,28.05,53.23,1.798,13.043,False,True,True,0,0,0,0,True,
000833.SZ,000833,000833,粤桂股份,主板,深市,主板,801230.SI,综合,801231.SI,综合Ⅱ,综合Ⅱ,L,19981111,10184,27.88,18.41,-0.217,16.418,False,True,True,0,0,0,0,True,
000837.SZ,000837,000837,秦川机床,主板,深市,主板,801890.SI,机械设备,801072.SI,通用设备,通用设备,L,19980928,10228,28.0,9.51,0.422,14.0,False,True,True,0,0,0,0,True,
000838.SZ,000838,000838,*ST发展,主板,深市,主板,801180.SI,房地产,801181.SI,房地产开发,房地产开发,L,19970626,10687,29.26,2.23,3.241,25.0,True,True,True,0,5,6,6,False,ST、近60日停牌
000839.SZ,000839,000839,国安股份,主板,深市,主板,801770.SI,通信,801223.SI,通信服务,通信服务,L,19971031,10560,28.91,2.89,2.12,10.714,False,True,True,0,0,0,0,True,
000848.SZ,000848,000848,承德露露,主板,深市,主板,801120.SI,食品饮料,801127.SI,饮料乳品,饮料乳品,L,19971113,10547,28.88,7.94,-0.998,8.434,False,True,True,0,0,0,0,True,
000850.SZ,000850,000850,华茂股份,主板,深市,主板,801130.SI,纺织服饰,801131.SI,纺织制造,纺织制造,L,19981007,10219,27.98,4.63,-9.922,30.435,False,True,True,0,0,0,0,True,
000852.SZ,000852,000852,石化机械,主板,深市,主板,801890.SI,机械设备,801074.SI,专用设备,专用设备,L,19981126,10169,27.84,5.28,1.344,14.286,False,True,True,0,0,0,0,True,
000856.SZ,000856,000856,冀东装备,主板,深市,主板,801890.SI,机械设备,801074.SI,专用设备,专用设备,L,19980813,10274,28.13,8.9,0.907,11.494,False,True,True,0,0,0,0,True,
000858.SZ,000858,000858,五粮液,主板,深市,主板,801120.SI,食品饮料,801125.SI,白酒Ⅱ,白酒Ⅱ,L,19980427,10382,28.42,68.77,-0.203,44.0,False,True,True,0,0,0,0,True,
000859.SZ,000859,000859,国风新材,主板,深市,主板,801030.SI,基础化工,801036.SI,塑料,塑料,L,19981119,10176,27.86,8.62,-0.691,10.638,False,True,True,0,0,0,0,True,
000860.SZ,000860,000860,顺鑫农业,主板,深市,主板,801120.SI,食品饮料,801125.SI,白酒Ⅱ,白酒Ⅱ,L,19981104,10191,27.9,10.09,-0.198,11.538,False,True,True,0,0,0,0,True,
000862.SZ,000862,000862,银星能源,主板,深市,主板,801160.SI,公用事业,801161.SI,电力,电力,L,19980915,10241,28.04,5.32,1.527,9.091,False,True,True,0,0,0,0,True,
000863.SZ,000863,000863,三湘印象,主板,深市,主板,801180.SI,房地产,801181.SI,房地产开发,房地产开发,L,19970925,10596,29.01,4.52,2.961,11.364,False,True,True,0,0,0,0,True,
000868.SZ,000868,000868,安凯客车,主板,深市,主板,801880.SI,汽车,801096.SI,商用车,商用车,L,19970725,10658,29.18,4.18,0.0,12.5,False,True,True,0,0,0,0,True,
000869.SZ,000869,000869,张裕A,主板,深市,主板,801120.SI,食品饮料,801126.SI,非白酒,非白酒,L,20001026,9469,25.92,16.76,-1.701,29.63,False,True,True,0,0,0,0,True,
000875.SZ,000875,000875,电投绿能,主板,深市,主板,801160.SI,公用事业,801161.SI,电力,电力,L,20020926,8769,24.01,4.6,0.877,22.0,False,True,True,0,0,0,0,True,
000876.SZ,000876,000876,新希望,主板,深市,主板,801010.SI,农林牧渔,801017.SI,养殖业,养殖业,L,19980311,10429,28.55,6.89,1.026,22.222,False,True,True,0,0,0,0,True,
000877.SZ,000877,000877,天山股份,主板,深市,主板,801710.SI,建筑材料,801711.SI,水泥,水泥,L,19990107,10127,27.73,3.69,2.5,61.905,False,True,True,0,0,0,0,True,
000878.SZ,000878,000878,云南铜业,主板,深市,主板,801050.SI,有色金属,801055.SI,工业金属,工业金属,L,19980602,10346,28.33,15.95,2.178,9.524,False,True,True,0,0,0,0,True,
000880.SZ,000880,000880,潍柴重机,主板,深市,主板,801880.SI,汽车,801093.SI,汽车零部件,汽车零部件,L,19980402,10407,28.49,23.59,-0.548,8.333,False,True,True,0,0,0,0,True,
000881.SZ,000881,000881,中广核技,主板,深市,主板,801030.SI,基础化工,801034.SI,化学制品,化学制品,L,19980902,10254,28.07,6.37,0.791,21.212,False,True,True,0,0,0,0,True,
000882.SZ,000882,000882,华联股份,主板,深市,主板,801200.SI,商贸零售,801203.SI,一般零售,一般零售,L,19980616,10332,28.29,1.53,2.0,13.333,False,True,True,0,0,0,0,True,
000883.SZ,000883,000883,湖北能源,主板,深市,主板,801160.SI,公用事业,801161.SI,电力,电力,L,19980519,10360,28.36,4.33,-0.23,10.87,False,True,True,0,0,0,0,True,
000885.SZ,000885,000885,城发环境,主板,深市,主板,801970.SI,环保,801971.SI,环境治理,环境治理,L,19990319,10056,27.53,11.61,0.607,11.905,False,True,True,0,0,0,0,True,
000886.SZ,000886,000886,海南高速,主板,深市,主板,801170.SI,交通运输,801179.SI,铁路公路,铁路公路,L,19980123,10476,28.68,4.69,2.851,8.696,False,True,True,0,0,0,0,True,
000887.SZ,000887,000887,中鼎股份,主板,深市,主板,801880.SI,汽车,801093.SI,汽车零部件,汽车零部件,L,19981203,10162,27.82,18.45,-0.539,13.725,False,True,True,0,0,0,0,True,
000888.SZ,000888,000888,峨眉山A,主板,深市,主板,801210.SI,社会服务,801993.SI,旅游及景区,旅游及景区,L,19971021,10570,28.94,9.08,-0.656,13.265,False,True,True,0,0,0,0,True,
000889.SZ,000889,000889,中嘉博创,主板,深市,主板,801770.SI,通信,801223.SI,通信服务,通信服务,L,19971218,10512,28.78,3.7,1.928,10.256,False,True,True,0,0,0,0,True,
000890.SZ,000890,000890,法尔胜,主板,深市,主板,801970.SI,环保,801972.SI,环保设备Ⅱ,环保设备Ⅱ,L,19990119,10115,27.69,7.08,0.855,15.584,False,True,True,0,0,0,0,True,
000892.SZ,000892,000892,欢瑞世纪,主板,深市,主板,801760.SI,传媒,801766.SI,影视院线,影视院线,L,19990115,10119,27.7,4.58,5.774,6.667,False,True,True,0,0,0,0,True,
000893.SZ,000893,000893,亚钾国际,主板,深市,主板,801030.SI,基础化工,801038.SI,农化制品,农化制品,L,19981224,10141,27.76,35.95,-0.937,21.239,False,True,True,0,0,0,0,True,
000895.SZ,000895,000895,双汇发展,主板,深市,主板,801120.SI,食品饮料,801124.SI,食品加工,食品加工,L,19981210,10155,27.8,23.41,-0.679,14.516,False,True,True,0,0,0,0,True,
000897.SZ,000897,000897,津滨发展,主板,深市,主板,801180.SI,房地产,801181.SI,房地产开发,房地产开发,L,19990422,10022,27.44,1.95,3.723,11.111,False,True,True,0,0,0,0,True,
000898.SZ,000898,000898,鞍钢股份,主板,深市,主板,801040.SI,钢铁,801044.SI,普钢,普钢,L,19971225,10505,28.76,2.02,2.538,38.095,False,True,True,0,0,0,0,True,
000899.SZ,000899,000899,赣能股份,主板,深市,主板,801160.SI,公用事业,801161.SI,电力,电力,L,19971126,10534,28.84,8.99,0.0,17.0,False,True,True,0,0,0,0,True,
000900.SZ,000900,000900,现代投资,主板,深市,主板,801170.SI,交通运输,801179.SI,铁路公路,铁路公路,L,19990128,10106,27.67,3.56,1.136,10.811,False,True,True,0,0,0,0,True,
000901.SZ,000901,000901,航天科技,主板,深市,主板,801880.SI,汽车,801093.SI,汽车零部件,汽车零部件,L,19990401,10043,27.5,13.81,-0.433,7.746,False,True,True,0,0,0,0,True,
000902.SZ,000902,000902,新洋丰,主板,深市,主板,801030.SI,基础化工,801038.SI,农化制品,农化制品,L,19990408,10036,27.48,13.36,-1.765,16.176,False,True,True,0,0,0,0,True,
000903.SZ,000903,000903,ST云动,主板,深市,主板,801880.SI,汽车,801093.SI,汽车零部件,汽车零部件,L,19990415,10029,27.46,1.92,0.0,21.053,True,True,True,0,0,0,0,False,ST
000905.SZ,000905,000905,厦门港务,主板,深市,主板,801170.SI,交通运输,801992.SI,航运港口,航运港口,L,19990429,10015,27.42,9.17,-2.654,8.696,False,True,True,0,0,0,0,True,
000906.SZ,000906,000906,浙商中拓,主板,深市,主板,801170.SI,交通运输,801178.SI,物流,物流,L,19990707,9946,27.23,6.17,-0.323,15.0,False,True,True,0,0,0,0,True,
000908.SZ,000908,000908,石药景峰,主板,深市,主板,801150.SI,医药生物,801151.SI,化学制药,化学制药,L,19990203,10100,27.65,5.95,-0.335,15.625,False,True,True,0,0,0,2,True,
000909.SZ,000909,000909,*ST数源,主板,深市,主板,801180.SI,房地产,801181.SI,房地产开发,房地产开发,L,19990507,10007,27.4,5.19,0.0,28.0,True,True,True,0,0,0,0,False,ST
000910.SZ,000910,000910,大亚圣象,主板,深市,主板,801140.SI,轻工制造,801142.SI,家居用品,家居用品,L,19990630,9953,27.25,6.44,-5.848,33.333,False,True,True,0,0,0,0,True,
000911.SZ,000911,000911,*ST广糖,主板,深市,主板,801010.SI,农林牧渔,801012.SI,农产品加工,农产品加工,L,19990527,9987,27.34,4.91,-1.406,30.769,True,True,True,0,0,0,0,False,ST
000912.SZ,000912,000912,泸天化,主板,深市,主板,801030.SI,基础化工,801038.SI,农化制品,农化制品,L,19990603,9980,27.32,3.88,1.042,19.048,False,True,True,0,0,0,0,True,
000913.SZ,000913,000913,钱江摩托,主板,深市,主板,801880.SI,汽车,801881.SI,摩托车及其他,摩托车及其他,L,19990514,10000,27.38,10.5,-0.285,21.053,False,True,True,0,0,0,0,True,
000915.SZ,000915,000915,华特达因,主板,深市,主板,801150.SI,医药生物,801151.SI,化学制药,化学制药,L,19990609,9974,27.31,23.58,0.042,10.0,False,True,True,0,0,0,0,True,
000917.SZ,000917,000917,电广传媒,主板,深市,主板,801760.SI,传媒,801995.SI,电视广播Ⅱ,电视广播Ⅱ,L,19990325,10050,27.52,6.81,2.252,9.859,False,True,True,0,0,0,0,True,
000919.SZ,000919,000919,金陵药业,主板,深市,主板,801150.SI,医药生物,801151.SI,化学制药,化学制药,L,19991118,9812,26.86,6.43,-0.464,6.061,False,True,True,0,0,0,0,True,
000920.SZ,000920,000920,沃顿科技,主板,深市,主板,801030.SI,基础化工,801036.SI,塑料,塑料,L,19990616,9967,27.29,12.16,-0.654,12.195,False,True,True,0,0,0,0,True,
000921.SZ,000921,000921,海信家电,主板,深市,主板,801110.SI,家用电器,801111.SI,白色家电,白色家电,L,19990713,9940,27.21,26.5,0.0,15.385,False,True,True,0,0,0,0,True,
000922.SZ,000922,000922,佳电股份,主板,深市,主板,801730.SI,电力设备,801731.SI,电机Ⅱ,电机Ⅱ,L,19990618,9965,27.28,11.99,1.267,10.084,False,True,True,0,0,0,0,True,
000923.SZ,000923,000923,河钢资源,主板,深市,主板,801040.SI,钢铁,801043.SI,冶钢原料,冶钢原料,L,19990714,9939,27.21,15.45,2.726,17.073,False,True,True,0,0,0,0,True,
000925.SZ,000925,000925,众合科技,主板,深市,主板,801890.SI,机械设备,801076.SI,轨交设备Ⅱ,轨交设备Ⅱ,L,19990611,9972,27.3,7.9,1.804,12.346,False,True,True,0,0,0,0,True,
000926.SZ,000926,000926,福星股份,主板,深市,主板,801180.SI,房地产,801181.SI,房地产开发,房地产开发,L,19990618,9965,27.28,2.16,2.37,9.524,False,True,True,0,0,0,0,True,
000927.SZ,000927,000927,中国铁物,主板,深市,主板,801890.SI,机械设备,801076.SI,轨交设备Ⅱ,轨交设备Ⅱ,L,19990727,9926,27.18,2.43,0.413,20.0,False,True,True,0,0,0,0,True,
000928.SZ,000928,000928,中钢国际,主板,深市,主板,801720.SI,建筑装饰,801724.SI,专业工程,专业工程,L,19990312,10063,27.55,5.29,0.762,16.364,False,True,True,0,0,0,0,True,
000929.SZ,000929,000929,兰州黄河,主板,深市,主板,801120.SI,食品饮料,801126.SI,非白酒,非白酒,L,19990623,9960,27.27,9.45,2.606,13.043,False,True,True,0,0,0,2,True,
000930.SZ,000930,000930,中粮科技,主板,深市,主板,801010.SI,农林牧渔,801012.SI,农产品加工,农产品加工,L,19990712,9941,27.22,5.02,-1.375,20.755,False,True,True,0,0,0,0,True,
000931.SZ,000931,000931,中关村,主板,深市,主板,801150.SI,医药生物,801151.SI,化学制药,化学制药,L,19990712,9941,27.22,4.52,0.0,20.0,False,True,True,0,0,0,0,True,
000932.SZ,000932,000932,华菱钢铁,主板,深市,主板,801040.SI,钢铁,801044.SI,普钢,普钢,L,19990803,9919,27.16,3.44,1.177,8.333,False,True,True,0,0,0,0,True,
000933.SZ,000933,000933,神火股份,主板,深市,主板,801050.SI,有色金属,801055.SI,工业金属,工业金属,L,19990831,9891,27.08,26.1,3.777,9.091,False,True,True,0,0,0,0,True,
000935.SZ,000935,000935,四川双马,主板,深市,主板,801790.SI,非银金融,801191.SI,多元金融,多元金融,L,19990824,9898,27.1,19.2,-0.311,29.31,False,True,True,0,0,0,0,True,
000936.SZ,000936,000936,华西股份,主板,深市,主板,801030.SI,基础化工,801032.SI,化学纤维,化学纤维,L,19990810,9912,27.14,5.44,2.642,7.143,False,True,True,0,0,0,0,True,
000937.SZ,000937,000937,冀中能源,主板,深市,主板,801950.SI,煤炭,801951.SI,煤炭开采,煤炭开采,L,19990909,9882,27.06,4.36,-0.457,17.021,False,True,True,0,0,0,0,True,
000938.SZ,000938,000938,紫光股份,主板,深市,主板,801750.SI,计算机,801103.SI,IT服务Ⅱ,IT服务Ⅱ,L,19991104,9826,26.9,31.53,0.223,13.235,False,True,True,0,0,0,0,True,
000948.SZ,000948,000948,南天信息,主板,深市,主板,801750.SI,计算机,801104.SI,软件开发,软件开发,L,19991014,9847,26.96,13.22,0.993,10.563,False,True,True,0,0,0,0,True,
000949.SZ,000949,000949,新乡化纤,主板,深市,主板,801030.SI,基础化工,801032.SI,化学纤维,化学纤维,L,19991021,9840,26.94,6.41,-2.584,17.91,False,True,True,0,0,0,0,True,
000950.SZ,000950,000950,重药控股,主板,深市,主板,801150.SI,医药生物,801154.SI,医药商业,医药商业,L,19990916,9875,27.04,5.2,-0.192,12.963,False,True,True,0,0,0,0,True,
000951.SZ,000951,000951,中国重汽,主板,深市,主板,801880.SI,汽车,801096.SI,商用车,商用车,L,19991125,9805,26.84,19.92,0.0,9.722,False,True,True,0,0,0,0,True,
000952.SZ,000952,000952,广济药业,主板,深市,主板,801150.SI,医药生物,801151.SI,化学制药,化学制药,L,19991112,9818,26.88,6.6,0.763,14.062,False,True,True,0,0,0,0,True,
000953.SZ,000953,000953,中哲精化,主板,深市,主板,801150.SI,医药生物,801151.SI,化学制药,化学制药,L,19991202,9798,26.83,6.0,0.167,10.0,False,True,True,0,0,0,0,True,
000955.SZ,000955,000955,欣龙控股,主板,深市,主板,801130.SI,纺织服饰,801131.SI,纺织制造,纺织制造,L,19991209,9791,26.81,4.09,1.995,9.756,False,True,True,0,0,0,0,True,
000957.SZ,000957,000957,中通客车,主板,深市,主板,801880.SI,汽车,801096.SI,商用车,商用车,L,20000113,9756,26.71,9.86,1.44,6.863,False,True,True,0,0,0,0,True,
000958.SZ,000958,000958,电投产融,主板,深市,主板,801790.SI,非银金融,801191.SI,多元金融,多元金融,L,19991223,9777,26.77,4.92,-1.006,21.667,False,True,True,0,0,0,0,True,
000959.SZ,000959,000959,首钢股份,主板,深市,主板,801040.SI,钢铁,801044.SI,普钢,普钢,L,19991216,9784,26.79,3.45,2.071,37.838,False,True,True,0,0,0,0,True,
000960.SZ,000960,000960,锡业股份,主板,深市,主板,801050.SI,有色金属,801054.SI,小金属,小金属,L,20000221,9717,26.6,30.6,0.857,18.391,False,True,True,0,0,0,0,True,
000962.SZ,000962,000962,东方钽业,主板,深市,主板,801050.SI,有色金属,801054.SI,小金属,小金属,L,20000120,9749,26.69,55.45,-0.126,14.085,False,True,True,0,0,0,0,True,
000963.SZ,000963,000963,华东医药,主板,深市,主板,801150.SI,医药生物,801151.SI,化学制药,化学制药,L,20000127,9742,26.67,26.85,-0.629,14.035,False,True,True,0,0,0,0,True,
000965.SZ,000965,000965,天保基建,主板,深市,主板,801180.SI,房地产,801181.SI,房地产开发,房地产开发,L,20000406,9672,26.48,3.49,5.758,9.091,False,True,True,0,0,0,0,True,
000966.SZ,000966,000966,长源电力,主板,深市,主板,801160.SI,公用事业,801161.SI,电力,电力,L,20000316,9693,26.54,3.95,0.0,12.195,False,True,True,0,0,0,0,True,
000967.SZ,000967,000967,盈峰环境,主板,深市,主板,801970.SI,环保,801972.SI,环保设备Ⅱ,环保设备Ⅱ,L,20000330,9679,26.5,8.1,6.719,16.867,False,True,True,0,0,0,0,True,
000968.SZ,000968,000968,蓝焰控股,主板,深市,主板,801960.SI,石油石化,801961.SI,油气开采Ⅱ,油气开采Ⅱ,L,20000622,9595,26.27,6.83,-0.727,8.333,False,True,True,0,0,0,0,True,
000969.SZ,000969,000969,安泰科技,主板,深市,主板,801050.SI,有色金属,801051.SI,金属新材料,金属新材料,L,20000529,9619,26.34,16.25,0.806,7.018,False,True,True,0,0,0,0,True,
000970.SZ,000970,000970,中科三环,主板,深市,主板,801050.SI,有色金属,801051.SI,金属新材料,金属新材料,L,20000420,9658,26.44,10.99,0.549,17.5,False,True,True,0,0,0,0,True,
000972.SZ,000972,000972,中基健康,主板,深市,主板,801010.SI,农林牧渔,801012.SI,农产品加工,农产品加工,L,20000926,9499,26.01,3.86,0.26,15.385,False,True,True,0,0,0,2,True,
000973.SZ,000973,000973,佛塑科技,主板,深市,主板,801030.SI,基础化工,801036.SI,塑料,塑料,L,20000525,9623,26.35,11.4,2.151,19.672,False,True,True,0,0,0,0,True,
000975.SZ,000975,000975,山金国际,主板,深市,主板,801050.SI,有色金属,801053.SI,贵金属,贵金属,L,20000608,9609,26.31,22.27,0.633,21.875,False,True,True,0,0,0,0,True,
000977.SZ,000977,000977,浪潮信息,主板,深市,主板,801750.SI,计算机,801101.SI,计算机设备,计算机设备,L,20000608,9609,26.31,67.18,0.194,14.607,False,True,True,0,0,0,0,True,
000978.SZ,000978,000978,桂林旅游,主板,深市,主板,801210.SI,社会服务,801993.SI,旅游及景区,旅游及景区,L,20000518,9630,26.37,7.27,2.107,16.438,False,True,True,0,0,0,0,True,
000980.SZ,000980,000980,众泰汽车,主板,深市,主板,801880.SI,汽车,801093.SI,汽车零部件,汽车零部件,L,20000616,9601,26.29,2.22,-0.893,9.091,False,True,True,0,0,0,0,True,
000981.SZ,000981,000981,山子高科,主板,深市,主板,801880.SI,汽车,801093.SI,汽车零部件,汽车零部件,L,20000622,9595,26.27,2.76,2.602,10.714,False,True,True,0,0,0,0,True,
000983.SZ,000983,000983,山西焦煤,主板,深市,主板,801950.SI,煤炭,801951.SI,煤炭开采,煤炭开采,L,20000726,9561,26.18,6.37,-1.698,16.418,False,True,True,0,0,0,0,True,
000985.SZ,000985,000985,大庆华科,主板,深市,主板,801960.SI,石油石化,801963.SI,炼化及贸易,炼化及贸易,L,20000726,9561,26.18,17.24,-0.634,12.791,False,True,True,0,0,0,0,True,
000987.SZ,000987,000987,越秀资本,主板,深市,主板,801790.SI,非银金融,801191.SI,多元金融,多元金融,L,20000718,9569,26.2,7.14,0.14,17.949,False,True,True,0,0,0,0,True,
000988.SZ,000988,000988,华工科技,主板,深市,主板,801890.SI,机械设备,801078.SI,自动化设备,自动化设备,L,20000608,9609,26.31,94.25,1.771,12.069,False,True,True,0,0,0,0,True,
000989.SZ,000989,000989,九芝堂,主板,深市,主板,801150.SI,医药生物,801155.SI,中药Ⅱ,中药Ⅱ,L,20000628,9589,26.25,8.55,-0.117,8.889,False,True,True,0,0,0,0,True,
000990.SZ,000990,000990,诚志股份,主板,深市,主板,801030.SI,基础化工,801033.SI,化学原料,化学原料,L,20000706,9581,26.23,6.13,-0.325,4.545,False,True,True,0,0,0,0,True,
000993.SZ,000993,000993,闽东电力,主板,深市,主板,801160.SI,公用事业,801161.SI,电力,电力,L,20000731,9556,26.16,16.28,-6.383,16.667,False,True,True,0,0,0,0,True,
000995.SZ,000995,000995,皇台酒业,主板,深市,主板,801120.SI,食品饮料,801125.SI,白酒Ⅱ,白酒Ⅱ,L,20000807,9549,26.14,11.28,-0.441,7.759,False,True,True,0,0,0,0,True,
000997.SZ,000997,000997,新大陆,主板,深市,主板,801750.SI,计算机,801101.SI,计算机设备,计算机设备,L,20000807,9549,26.14,19.31,0.625,16.0,False,True,True,0,0,0,0,True,
000998.SZ,000998,000998,隆平高科,主板,深市,主板,801010.SI,农林牧渔,801016.SI,种植业,种植业,L,20001211,9423,25.8,8.38,-0.593,13.636,False,True,True,0,0,0,0,True,
000999.SZ,000999,000999,华润三九,主板,深市,主板,801150.SI,医药生物,801155.SI,中药Ⅱ,中药Ⅱ,L,20000309,9700,26.56,23.44,-0.213,16.129,False,True,True,0,0,0,0,True,
001201.SZ,001201,001201,东瑞股份,主板,深市,主板,801010.SI,农林牧渔,801017.SI,养殖业,养殖业,L,20210428,1980,5.42,15.72,-2.542,18.421,False,True,True,0,0,0,0,True,
001202.SZ,001202,001202,炬申股份,主板,深市,主板,801170.SI,交通运输,801178.SI,物流,物流,L,20210429,1979,5.42,15.02,1.077,15.827,False,True,True,0,0,0,0,True,
001203.SZ,001203,001203,大中矿业,主板,深市,主板,801040.SI,钢铁,801043.SI,冶钢原料,冶钢原料,L,20210510,1968,5.39,21.62,-0.826,27.778,False,True,True,0,0,0,0,True,
001205.SZ,001205,001205,盛航股份,主板,深市,主板,801170.SI,交通运输,801992.SI,航运港口,航运港口,L,20210513,1965,5.38,14.41,0.069,8.333,False,True,True,0,0,0,0,True,
001206.SZ,001206,001206,依依股份,主板,深市,主板,801980.SI,美容护理,801981.SI,个护用品,个护用品,L,20210518,1960,5.37,16.93,-0.704,5.357,False,True,True,0,0,0,0,True,
001207.SZ,001207,001207,联科科技,主板,深市,主板,801030.SI,基础化工,801037.SI,橡胶,橡胶,L,20210623,1924,5.27,19.08,2.032,15.517,False,True,True,0,0,0,0,True,
001208.SZ,001208,001208,华菱线缆,主板,深市,主板,801730.SI,电力设备,801738.SI,电网设备,电网设备,L,20210624,1923,5.26,13.06,-1.285,8.511,False,True,True,0,0,0,0,True,
001209.SZ,001209,001209,洪兴股份,主板,深市,主板,801130.SI,纺织服饰,801132.SI,服装家纺,服装家纺,L,20210723,1894,5.19,18.67,-0.639,7.447,False,True,True,0,0,0,0,True,
001210.SZ,001210,001210,金房能源,主板,深市,主板,801160.SI,公用事业,801161.SI,电力,电力,L,20210729,1888,5.17,27.22,1.757,9.375,False,True,True,0,0,0,0,True,
001211.SZ,001211,001211,双枪科技,主板,深市,主板,801140.SI,轻工制造,801142.SI,家居用品,家居用品,L,20210805,1881,5.15,27.66,1.356,13.846,False,True,True,0,0,0,0,True,
001212.SZ,001212,001212,中旗新材,主板,深市,主板,801710.SI,建筑材料,801713.SI,装修建材,装修建材,L,20210823,1863,5.1,36.78,-0.595,14.444,False,True,True,0,0,0,0,True,
001213.SZ,001213,001213,中铁特货,主板,深市,主板,801170.SI,交通运输,801179.SI,铁路公路,铁路公路,L,20210908,1847,5.06,3.49,0.867,20.0,False,True,True,0,0,0,0,True,
001215.SZ,001215,001215,千味央厨,主板,深市,主板,801120.SI,食品饮料,801124.SI,食品加工,食品加工,L,20210906,1849,5.06,32.3,-0.981,11.111,False,True,True,0,0,0,0,True,
001216.SZ,001216,001216,华瓷股份,主板,深市,主板,801140.SI,轻工制造,801142.SI,家居用品,家居用品,L,20211019,1806,4.94,29.09,3.745,8.059,False,True,True,0,0,0,0,True,
001217.SZ,001217,001217,华尔泰,主板,深市,主板,801030.SI,基础化工,801033.SI,化学原料,化学原料,L,20210929,1826,5.0,11.21,1.173,18.812,False,True,True,0,0,0,0,True,
001218.SZ,001218,001218,丽臣实业,主板,深市,主板,801030.SI,基础化工,801034.SI,化学制品,化学制品,L,20211015,1810,4.96,23.59,0.426,10.0,False,True,True,0,0,0,0,True,
001219.SZ,001219,001219,青岛食品,主板,深市,主板,801120.SI,食品饮料,801128.SI,休闲食品,休闲食品,L,20211021,1804,4.94,12.9,-0.232,8.661,False,True,True,0,0,0,0,True,
001220.SZ,001220,001220,世盟股份,主板,深市,主板,801170.SI,交通运输,801178.SI,物流,物流,L,20260203,238,0.65,31.4,-0.696,3.145,False,True,True,0,0,0,0,False,上市时间不足
001221.SZ,001221,001221,悍高集团,主板,深市,主板,801140.SI,轻工制造,801142.SI,家居用品,家居用品,L,20250730,426,1.17,32.43,-1.488,21.429,False,True,True,0,0,0,0,False,上市时间不足
001222.SZ,001222,001222,源飞宠物,主板,深市,主板,801140.SI,轻工制造,801145.SI,文娱用品,文娱用品,L,20220818,1503,4.11,15.27,-2.739,7.692,False,True,True,0,0,0,0,True,
001223.SZ,001223,001223,欧克科技,主板,深市,主板,801890.SI,机械设备,801078.SI,自动化设备,自动化设备,L,20221212,1387,3.8,41.93,-0.922,13.103,False,True,True,0,0,0,0,True,
001225.SZ,001225,001225,和泰机电,主板,深市,主板,801890.SI,机械设备,801074.SI,专用设备,专用设备,L,20230222,1315,3.6,33.35,-0.299,9.91,False,True,True,0,0,0,0,True,
001226.SZ,001226,001226,拓山重工,主板,深市,主板,801890.SI,机械设备,801077.SI,工程机械,工程机械,L,20220622,1560,4.27,47.83,3.978,9.15,False,True,True,0,0,0,0,True,
001227.SZ,001227,001227,兰州银行,主板,深市,主板,801780.SI,银行,801784.SI,城商行Ⅱ,城商行Ⅱ,L,20220117,1716,4.7,2.09,1.456,4.762,False,True,True,0,0,0,0,True,
001228.SZ,001228,001228,永泰运,主板,深市,主板,801170.SI,交通运输,801178.SI,物流,物流,L,20220429,1614,4.42,37.67,2.839,19.126,False,True,True,0,0,0,0,True,
001229.SZ,001229,001229,魅视科技,主板,深市,主板,801750.SI,计算机,801101.SI,计算机设备,计算机设备,L,20220808,1513,4.14,38.43,2.754,8.808,False,True,True,0,0,0,0,True,
001230.SZ,001230,001230,劲旅环境,主板,深市,主板,801970.SI,环保,801971.SI,环境治理,环境治理,L,20220715,1537,4.21,19.17,-0.93,14.286,False,True,True,0,0,0,0,True,
001231.SZ,001231,001231,农心科技,主板,深市,主板,801030.SI,基础化工,801038.SI,农化制品,农化制品,L,20220819,1502,4.11,22.81,0.396,10.046,False,True,True,0,0,0,0,True,
001232.SZ,001232,001232,嘉立创,主板,深市,主板,,,,,未分类,L,20260804,56,0.15,188.4,-1.464,7.342,False,True,True,0,0,0,0,False,上市时间不足
001233.SZ,001233,001233,海安集团,主板,深市,主板,801880.SI,汽车,801093.SI,汽车零部件,汽车零部件,L,20251125,308,0.84,43.62,0.253,9.565,False,True,True,0,0,0,0,False,上市时间不足
001234.SZ,001234,001234,泰慕士,主板,深市,主板,801130.SI,纺织服饰,801132.SI,服装家纺,服装家纺,L,20220111,1722,4.71,28.67,-10.013,31.633,False,True,True,0,0,0,0,True,
001236.SZ,001236,001236,弘业期货,主板,深市,主板,801790.SI,非银金融,801191.SI,多元金融,多元金融,L,20220805,1516,4.15,7.85,2.48,11.538,False,True,True,0,0,0,0,True,
001237.SZ,001237,001237,惠康科技,主板,深市,主板,801890.SI,机械设备,801072.SI,通用设备,通用设备,L,20260522,130,0.36,49.38,0.448,6.548,False,True,True,0,0,0,0,False,上市时间不足
001238.SZ,001238,001238,浙江正特,主板,深市,主板,801140.SI,轻工制造,801145.SI,文娱用品,文娱用品,L,20220919,1471,4.03,26.13,-1.359,41.071,False,True,True,0,0,0,0,True,
001239.SZ,001239,001239,永达股份,主板,深市,主板,801890.SI,机械设备,801077.SI,工程机械,工程机械,L,20231212,1022,2.8,12.29,0.573,9.167,False,True,True,0,0,0,0,True,
001246.SZ,001246,001246,N力勤资源,主板,深市,主板,,,,,未分类,L,20260930,-1,-0.0,,,,False,True,False,0,0,0,0,False,上市时间不足、无最新行情
001248.SZ,001248,001248,华润新能源,主板,深市,主板,,,,,未分类,L,20260702,89,0.24,11.5,-0.087,5.932,False,True,True,0,0,0,1,False,上市时间不足
001255.SZ,001255,001255,博菲电气,主板,深市,主板,801030.SI,基础化工,801036.SI,塑料,塑料,L,20220930,1460,4.0,27.39,0.22,17.241,False,True,True,0,0,0,0,True,
001256.SZ,001256,001256,炜冈科技,主板,深市,主板,801890.SI,机械设备,801074.SI,专用设备,专用设备,L,20221205,1394,3.82,21.42,0.422,20.354,False,True,True,0,0,0,0,True,
001257.SZ,001257,001257,盛龙股份,主板,深市,主板,801050.SI,有色金属,801054.SI,小金属,小金属,L,20260331,182,0.5,21.26,-0.188,7.798,False,True,True,0,0,0,0,False,上市时间不足
001258.SZ,001258,001258,立新能源,主板,深市,主板,801160.SI,公用事业,801161.SI,电力,电力,L,20220727,1525,4.18,10.12,-1.172,8.654,False,True,True,0,0,0,0,True,
001259.SZ,001259,001259,利仁科技,主板,深市,主板,801110.SI,家用电器,801113.SI,小家电,小家电,L,20220831,1490,4.08,44.9,2.535,9.231,False,True,True,0,0,0,0,True,
001260.SZ,001260,001260,坤泰股份,主板,深市,主板,801880.SI,汽车,801093.SI,汽车零部件,汽车零部件,L,20230216,1321,3.62,19.01,-0.938,8.854,False,True,True,0,0,0,0,True,
001266.SZ,001266,001266,宏英智能,主板,深市,主板,801890.SI,机械设备,801078.SI,自动化设备,自动化设备,L,20220228,1674,4.58,36.33,0.721,9.917,False,True,True,0,0,0,0,True,
001267.SZ,001267,001267,汇绿生态,主板,深市,主板,801720.SI,建筑装饰,801723.SI,基础建设,基础建设,L,20211117,1777,4.87,33.37,0.482,11.828,False,True,True,0,0,0,0,True,
001268.SZ,001268,001268,联合精密,主板,深市,主板,801110.SI,家用电器,801116.SI,家电零部件Ⅱ,家电零部件Ⅱ,L,20220630,1552,4.25,25.4,-0.392,8.235,False,True,True,0,0,0,0,True,
001269.SZ,001269,001269,欧晶科技,主板,深市,主板,801730.SI,电力设备,801735.SI,光伏设备,光伏设备,L,20220930,1460,4.0,19.03,-2.159,14.737,False,True,True,0,0,0,0,True,
001270.SZ,001270,001270,铖昌科技,主板,深市,主板,801740.SI,国防军工,801745.SI,军工电子Ⅱ,军工电子Ⅱ,L,20220606,1576,4.31,93.99,-2.094,14.458,False,True,True,0,0,0,0,True,
001277.SZ,001277,001277,速达股份,主板,深市,主板,801890.SI,机械设备,801074.SI,专用设备,专用设备,L,20240903,756,2.07,30.28,0.265,7.843,False,True,True,0,0,0,0,True,
001278.SZ,001278,001278,一彬科技,主板,深市,主板,801880.SI,汽车,801093.SI,汽车零部件,汽车零部件,L,20230308,1301,3.56,17.15,2.633,7.407,False,True,True,0,0,0,0,True,
001279.SZ,001279,001279,强邦新材,主板,深市,主板,801140.SI,轻工制造,801141.SI,包装印刷,包装印刷,L,20241011,718,1.97,26.17,0.461,7.752,False,True,True,0,0,0,0,False,上市时间不足
001280.SZ,001280,001280,中国铀业,主板,深市,主板,801050.SI,有色金属,801054.SI,小金属,小金属,L,20251203,300,0.82,60.21,-0.083,9.756,False,True,True,0,0,0,0,False,上市时间不足
001282.SZ,001282,001282,三联锻造,主板,深市,主板,801880.SI,汽车,801093.SI,汽车零部件,汽车零部件,L,20230524,1224,3.35,16.35,-2.154,8.589,False,True,True,0,0,0,0,True,
001283.SZ,001283,001283,豪鹏科技,主板,深市,主板,801730.SI,电力设备,801737.SI,电池,电池,L,20220905,1485,4.07,46.27,0.086,11.392,False,True,True,0,0,0,0,True,
001285.SZ,001285,001285,瑞立科密,主板,深市,主板,801880.SI,汽车,801093.SI,汽车零部件,汽车零部件,L,20250930,364,1.0,41.95,-0.119,6.993,False,True,True,0,0,0,0,False,上市时间不足
001286.SZ,001286,001286,陕西能源,主板,深市,主板,801160.SI,公用事业,801161.SI,电力,电力,L,20230410,1268,3.47,9.42,-0.738,12.371,False,True,True,0,0,0,0,True,
001287.SZ,001287,001287,中电港,主板,深市,主板,801080.SI,电子,801082.SI,其他电子Ⅱ,其他电子Ⅱ,L,20230410,1268,3.47,23.37,1.344,11.638,False,True,True,0,0,0,0,True,
001288.SZ,001288,001288,运机集团,主板,深市,主板,801890.SI,机械设备,801074.SI,专用设备,专用设备,L,20211101,1793,4.91,32.16,-4.286,20.0,False,True,True,0,0,0,0,True,
001289.SZ,001289,001289,龙源电力,主板,深市,主板,801160.SI,公用事业,801161.SI,电力,电力,L,20220124,1709,4.68,14.81,-0.537,25.0,False,True,True,0,0,0,0,True,
001296.SZ,001296,001296,长江材料,主板,深市,主板,801030.SI,基础化工,801039.SI,非金属材料Ⅱ,非金属材料Ⅱ,L,20211224,1740,4.76,19.51,-1.065,8.0,False,True,True,0,0,0,0,True,
001298.SZ,001298,001298,好上好,主板,深市,主板,801080.SI,电子,801082.SI,其他电子Ⅱ,其他电子Ⅱ,L,20221031,1429,3.91,16.36,0.677,13.793,False,True,True,0,0,0,0,True,
001299.SZ,001299,001299,美能能源,主板,深市,主板,801160.SI,公用事业,801163.SI,燃气Ⅱ,燃气Ⅱ,L,20221031,1429,3.91,9.99,-0.399,15.385,False,True,True,0,0,0,0,True,
001300.SZ,001300,001300,三柏硕,主板,深市,主板,801140.SI,轻工制造,801145.SI,文娱用品,文娱用品,L,20221019,1441,3.95,12.42,1.222,15.385,False,True,True,0,0,0,0,True,
001301.SZ,001301,001301,尚太科技,主板,深市,主板,801730.SI,电力设备,801737.SI,电池,电池,L,20221228,1371,3.75,46.09,-1.496,23.333,False,True,True,0,0,0,0,True,
001306.SZ,001306,001306,夏厦精密,主板,深市,主板,801890.SI,机械设备,801072.SI,通用设备,通用设备,L,20231116,1048,2.87,56.5,-0.981,6.383,False,True,True,0,0,0,0,True,
001308.SZ,001308,001308,康冠科技,主板,深市,主板,801080.SI,电子,801084.SI,光学光电子,光学光电子,L,20220318,1656,4.53,17.96,-0.278,17.526,False,True,True,0,0,0,0,True,
001309.SZ,001309,001309,德明利,主板,深市,主板,801080.SI,电子,801081.SI,半导体,半导体,L,20220701,1551,4.25,372.2,0.248,10.638,False,True,True,0,0,0,0,True,
001311.SZ,001311,001311,多利科技,主板,深市,主板,801880.SI,汽车,801093.SI,汽车零部件,汽车零部件,L,20230227,1310,3.59,16.87,0.476,8.621,False,True,True,0,0,0,0,True,
001312.SZ,001312,001312,福恩股份,主板,深市,主板,801130.SI,纺织服饰,801131.SI,纺织制造,纺织制造,L,20260421,161,0.44,17.82,-0.056,5.0,False,True,True,0,0,0,0,False,上市时间不足
001313.SZ,001313,001313,粤海饲料,主板,深市,主板,801010.SI,农林牧渔,801014.SI,饲料,饲料,L,20220216,1686,4.62,7.16,-0.279,13.158,False,True,True,0,0,0,0,True,
001314.SZ,001314,001314,亿道信息,主板,深市,主板,801080.SI,电子,801085.SI,消费电子,消费电子,L,20230214,1323,3.62,50.69,-0.53,11.877,False,True,True,0,0,0,0,True,
001316.SZ,001316,001316,润贝航科,主板,深市,主板,801960.SI,石油石化,801963.SI,炼化及贸易,炼化及贸易,L,20220624,1558,4.27,27.54,-0.217,12.632,False,True,True,0,0,0,0,True,
001317.SZ,001317,001317,三羊马,主板,深市,主板,801170.SI,交通运输,801179.SI,铁路公路,铁路公路,L,20211130,1764,4.83,62.5,-2.799,9.034,False,True,True,0,0,0,0,True,
001318.SZ,001318,001318,阳光乳业,主板,深市,主板,801120.SI,食品饮料,801127.SI,饮料乳品,饮料乳品,L,20220520,1593,4.36,11.85,0.339,12.174,False,True,True,0,0,0,0,True,
001319.SZ,001319,001319,铭科精技,主板,深市,主板,801880.SI,汽车,801093.SI,汽车零部件,汽车零部件,L,20220512,1601,4.38,21.55,2.668,12.037,False,True,True,0,0,0,0,True,
001322.SZ,001322,001322,箭牌家居,主板,深市,主板,801140.SI,轻工制造,801142.SI,家居用品,家居用品,L,20221026,1434,3.93,6.51,2.52,21.875,False,True,True,0,0,0,0,True,
001323.SZ,001323,001323,慕思股份,主板,深市,主板,801140.SI,轻工制造,801142.SI,家居用品,家居用品,L,20220623,1559,4.27,18.22,0.055,20.69,False,True,True,0,0,0,0,True,
001324.SZ,001324,001324,长青科技,主板,深市,主板,801890.SI,机械设备,801076.SI,轨交设备Ⅱ,轨交设备Ⅱ,L,20230522,1226,3.36,20.5,2.244,9.406,False,True,True,0,0,0,0,True,
001325.SZ,001325,001325,元创股份,主板,深市,主板,801030.SI,基础化工,801037.SI,橡胶,橡胶,L,20251218,285,0.78,36.14,-0.221,9.677,False,True,True,0,0,0,0,False,上市时间不足
001326.SZ,001326,001326,联域股份,主板,深市,主板,801110.SI,家用电器,801115.SI,照明设备Ⅱ,照明设备Ⅱ,L,20231109,1055,2.89,103.79,0.222,7.634,False,True,True,0,0,0,0,True,
001328.SZ,001328,001328,登康口腔,主板,深市,主板,801980.SI,美容护理,801981.SI,个护用品,个护用品,L,20230410,1268,3.47,30.45,-0.229,12.162,False,True,True,0,0,0,0,True,
001330.SZ,001330,001330,博纳影业,主板,深市,主板,801760.SI,传媒,801766.SI,影视院线,影视院线,L,20220818,1503,4.11,6.63,4.245,19.048,False,True,True,0,0,0,0,True,
001331.SZ,001331,001331,胜通能源,主板,深市,主板,801160.SI,公用事业,801163.SI,燃气Ⅱ,燃气Ⅱ,L,20220908,1482,4.06,38.5,-5.498,21.839,False,True,True,0,0,0,22,True,
001332.SZ,001332,001332,锡装股份,主板,深市,主板,801890.SI,机械设备,801074.SI,专用设备,专用设备,L,20220920,1470,4.02,27.19,2.759,8.696,False,True,True,0,0,0,0,True,
001333.SZ,001333,001333,光华股份,主板,深市,主板,801030.SI,基础化工,801036.SI,塑料,塑料,L,20221208,1391,3.81,19.97,0.15,11.5,False,True,True,0,0,0,0,True,
001335.SZ,001335,001335,信凯科技,主板,深市,主板,801030.SI,基础化工,801034.SI,化学制品,化学制品,L,20250415,532,1.46,32.92,-0.843,8.333,False,True,True,0,0,0,0,False,上市时间不足
001336.SZ,001336,001336,楚环科技,主板,深市,主板,801970.SI,环保,801972.SI,环保设备Ⅱ,环保设备Ⅱ,L,20220725,1527,4.18,19.14,0.525,9.574,False,True,True,0,0,0,0,True,
001337.SZ,001337,001337,四川黄金,主板,深市,主板,801050.SI,有色金属,801053.SI,贵金属,贵金属,L,20230303,1306,3.58,44.55,1.945,13.095,False,True,True,0,0,0,0,True,
001338.SZ,001338,001338,永顺泰,主板,深市,主板,801010.SI,农林牧渔,801012.SI,农产品加工,农产品加工,L,20221116,1413,3.87,9.07,-2.158,12.088,False,True,True,0,0,0,0,True,
001339.SZ,001339,001339,智微智能,主板,深市,主板,801750.SI,计算机,801101.SI,计算机设备,计算机设备,L,20220815,1506,4.12,70.42,1.572,10.0,False,True,True,0,0,0,0,True,
001356.SZ,001356,001356,富岭股份,主板,深市,主板,801140.SI,轻工制造,801142.SI,家居用品,家居用品,L,20250123,614,1.68,9.27,-0.962,8.602,False,True,True,0,0,0,0,False,上市时间不足
001358.SZ,001358,001358,兴欣新材,主板,深市,主板,801030.SI,基础化工,801034.SI,化学制品,化学制品,L,20231221,1013,2.77,24.54,-0.567,7.229,False,True,True,0,0,0,0,True,
001359.SZ,001359,001359,平安电工,主板,深市,主板,801030.SI,基础化工,801036.SI,塑料,塑料,L,20240328,915,2.51,82.51,1.864,9.722,False,True,True,0,0,0,0,True,
001360.SZ,001360,001360,南矿集团,主板,深市,主板,801890.SI,机械设备,801074.SI,专用设备,专用设备,L,20230410,1268,3.47,19.01,-2.861,13.265,False,True,True,0,0,0,0,True,
001365.SZ,001365,001365,天海电子,主板,深市,主板,801880.SI,汽车,801093.SI,汽车零部件,汽车零部件,L,20260518,134,0.37,36.35,-0.846,4.11,False,True,True,0,0,0,0,False,上市时间不足
001366.SZ,001366,001366,播恩集团,主板,深市,主板,801010.SI,农林牧渔,801014.SI,饲料,饲料,L,20230307,1302,3.56,13.15,0.382,16.031,False,True,True,0,0,0,0,True,
001367.SZ,001367,001367,海森药业,主板,深市,主板,801150.SI,医药生物,801151.SI,化学制药,化学制药,L,20230410,1268,3.47,22.21,3.495,12.255,False,True,True,0,0,0,0,True,
001368.SZ,001368,001368,通达创智,主板,深市,主板,801140.SI,轻工制造,801145.SI,文娱用品,文娱用品,L,20230313,1296,3.55,37.62,-10.0,15.544,False,True,True,0,0,0,0,True,
001369.SZ,001369,001369,双欣材料,主板,深市,主板,801030.SI,基础化工,801032.SI,化学纤维,化学纤维,L,20251230,273,0.75,11.96,0.084,4.8,False,True,True,0,0,0,0,False,上市时间不足
001373.SZ,001373,001373,翔腾新材,主板,深市,主板,801080.SI,电子,801084.SI,光学光电子,光学光电子,L,20230601,1216,3.33,31.59,0.413,11.465,False,True,True,0,0,0,0,True,
001376.SZ,001376,001376,百通能源,主板,深市,主板,801160.SI,公用事业,801161.SI,电力,电力,L,20231103,1061,2.9,12.3,-2.381,6.299,False,True,True,0,0,0,0,True,
001378.SZ,001378,001378,德冠新材,主板,深市,主板,801030.SI,基础化工,801036.SI,塑料,塑料,L,20231030,1065,2.92,22.15,-0.895,6.034,False,True,True,0,0,0,0,True,
001379.SZ,001379,001379,腾达科技,主板,深市,主板,801890.SI,机械设备,801072.SI,通用设备,通用设备,L,20240119,984,2.69,15.88,1.211,5.031,False,True,True,0,0,0,0,True,
001380.SZ,001380,001380,华纬科技,主板,深市,主板,801880.SI,汽车,801093.SI,汽车零部件,汽车零部件,L,20230516,1232,3.37,18.84,0.803,17.857,False,True,True,0,0,0,0,True,
001382.SZ,001382,001382,新亚电缆,主板,深市,主板,801730.SI,电力设备,801738.SI,电网设备,电网设备,L,20250321,557,1.52,16.45,0.612,5.455,False,True,True,0,0,0,0,False,上市时间不足
001386.SZ,001386,001386,马可波罗,主板,深市,主板,801140.SI,轻工制造,801142.SI,家居用品,家居用品,L,20251022,342,0.94,15.99,1.331,5.0,False,True,True,0,0,0,0,False,上市时间不足
001387.SZ,001387,001387,雪祺电气,主板,深市,主板,801110.SI,家用电器,801111.SI,白色家电,白色家电,L,20240111,992,2.72,12.54,1.456,7.5,False,True,True,0,0,0,0,True,
001388.SZ,001388,001388,信通电子,主板,深市,主板,801730.SI,电力设备,801738.SI,电网设备,电网设备,L,20250701,455,1.25,19.68,-0.556,11.429,False,True,True,0,0,0,0,False,上市时间不足
001389.SZ,001389,001389,广合科技,主板,深市,主板,801080.SI,电子,801083.SI,元件,元件,L,20240402,910,2.49,191.84,8.024,15.652,False,True,True,0,0,0,0,True,
001390.SZ,001390,001390,古麒绒材,主板,深市,主板,801130.SI,纺织服饰,801131.SI,纺织制造,纺织制造,L,20250529,488,1.34,17.15,-1.55,8.046,False,True,True,0,0,0,0,False,上市时间不足
001391.SZ,001391,001391,国货航,主板,深市,主板,801170.SI,交通运输,801178.SI,物流,物流,L,20241230,638,1.75,3.8,-0.263,13.158,False,True,True,0,0,0,0,False,上市时间不足
001393.SZ,001393,001393,维通利,主板,深市,主板,801730.SI,电力设备,801738.SI,电网设备,电网设备,L,20260515,137,0.38,41.46,3.832,5.714,False,True,True,0,0,0,0,False,上市时间不足
001395.SZ,001395,001395,亚联机械,主板,深市,主板,801890.SI,机械设备,801074.SI,专用设备,专用设备,L,20250127,610,1.67,29.97,-0.86,7.071,False,True,True,0,0,0,0,False,上市时间不足
001396.SZ,001396,001396,誉帆科技,主板,深市,主板,801720.SI,建筑装饰,801723.SI,基础建设,基础建设,L,20251230,273,0.75,31.34,-0.76,6.173,False,True,True,0,0,0,0,False,上市时间不足
001399.SZ,001399,001399,惠科股份,主板,深市,主板,801080.SI,电子,801084.SI,光学光电子,光学光电子,L,20260626,95,0.26,22.0,-3.297,11.207,False,True,True,0,0,0,1,False,上市时间不足
001400.SZ,001400,001400,江顺科技,主板,深市,主板,801890.SI,机械设备,801074.SI,专用设备,专用设备,L,20250424,523,1.43,85.33,2.981,9.459,False,True,True,0,0,0,0,False,上市时间不足
001696.SZ,001696,001696,宗申动力,主板,深市,主板,801890.SI,机械设备,801072.SI,通用设备,通用设备,L,19970306,10799,29.57,15.33,-3.281,7.692,False,True,True,0,0,0,0,True,
001872.SZ,001872,001872,招商港口,主板,深市,主板,801170.SI,交通运输,801992.SI,航运港口,航运港口,L,19930505,12200,33.4,24.4,1.161,23.077,False,True,True,0,0,0,0,True,
001896.SZ,001896,001896,豫能控股,主板,深市,主板,801160.SI,公用事业,801161.SI,电力,电力,L,19980122,10477,28.68,10.29,-2.372,15.0,False,True,True,0,0,0,0,True,
001914.SZ,001914,001914,招商积余,主板,深市,主板,801180.SI,房地产,801183.SI,房地产服务,房地产服务,L,19940928,11689,32.0,9.36,3.311,18.182,False,True,True,0,0,0,0,True,
001965.SZ,001965,001965,招商公路,主板,深市,主板,801170.SI,交通运输,801179.SI,铁路公路,铁路公路,L,20171225,3200,8.76,10.0,1.523,28.125,False,True,True,0,0,0,0,True,
001979.SZ,001979,001979,招商蛇口,主板,深市,主板,801180.SI,房地产,801181.SI,房地产开发,房地产开发,L,20151230,3926,10.75,7.59,5.563,30.556,False,True,True,0,0,0,0,True,
002001.SZ,002001,002001,新和成,主板,深市,主板,801030.SI,基础化工,801034.SI,化学制品,化学制品,L,20040625,8131,22.26,25.33,-0.822,16.667,False,True,True,0,0,0,0,True,
002003.SZ,002003,002003,伟星股份,主板,深市,主板,801130.SI,纺织服饰,801131.SI,纺织制造,纺织制造,L,20040625,8131,22.26,11.39,0.352,19.643,False,True,True,0,0,0,0,True,
002004.SZ,002004,002004,华邦健康,主板,深市,主板,801150.SI,医药生物,801151.SI,化学制药,化学制药,L,20040625,8131,22.26,4.26,-0.93,6.977,False,True,True,0,0,0,0,True,
002005.SZ,002005,002005,德豪润达,主板,深市,主板,801110.SI,家用电器,801113.SI,小家电,小家电,L,20040625,8131,22.26,2.71,-2.166,20.0,False,True,True,0,0,2,2,False,近60日停牌
002006.SZ,002006,002006,精工科技,主板,深市,主板,801890.SI,机械设备,801074.SI,专用设备,专用设备,L,20040625,8131,22.26,13.29,1.373,13.333,False,True,True,0,0,0,0,True,
002007.SZ,002007,002007,华兰生物,主板,深市,主板,801150.SI,医药生物,801152.SI,生物制品,生物制品,L,20040625,8131,22.26,13.02,-1.289,15.789,False,True,True,0,0,0,0,True,
002008.SZ,002008,002008,大族激光,主板,深市,主板,801890.SI,机械设备,801078.SI,自动化设备,自动化设备,L,20040625,8131,22.26,81.76,-0.293,11.864,False,True,True,0,0,0,0,True,
002009.SZ,002009,002009,天奇股份,主板,深市,主板,801890.SI,机械设备,801074.SI,专用设备,专用设备,L,20040629,8127,22.25,15.37,0.065,15.0,False,True,True,0,0,0,0,True,
002010.SZ,002010,002010,传化智联,主板,深市,主板,801170.SI,交通运输,801178.SI,物流,物流,L,20040629,8127,22.25,4.57,2.237,29.167,False,True,True,0,0,0,0,True,
002011.SZ,002011,002011,盾安环境,主板,深市,主板,801110.SI,家用电器,801116.SI,家电零部件Ⅱ,家电零部件Ⅱ,L,20040705,8121,22.23,12.5,-2.572,17.91,False,True,True,0,0,0,0,True,
002012.SZ,002012,002012,凯恩股份,主板,深市,主板,801140.SI,轻工制造,801143.SI,造纸,造纸,L,20040705,8121,22.23,6.89,-0.577,12.676,False,True,True,0,0,0,0,True,
002014.SZ,002014,002014,永新股份,主板,深市,主板,801140.SI,轻工制造,801141.SI,包装印刷,包装印刷,L,20040708,8118,22.23,11.07,0.82,9.259,False,True,True,0,0,0,0,True,
002015.SZ,002015,002015,协鑫能科,主板,深市,主板,801160.SI,公用事业,801161.SI,电力,电力,L,20040708,8118,22.23,14.55,0.207,9.756,False,True,True,0,0,0,0,True,
002016.SZ,002016,002016,世荣兆业,主板,深市,主板,801180.SI,房地产,801181.SI,房地产开发,房地产开发,L,20040708,8118,22.23,4.84,4.989,13.043,False,True,True,0,0,0,0,True,
002017.SZ,002017,002017,东信和平,主板,深市,主板,801770.SI,通信,801102.SI,通信设备,通信设备,L,20040713,8113,22.21,13.86,0.8,18.421,False,True,True,0,0,0,0,True,
002019.SZ,002019,002019,亿帆医药,主板,深市,主板,801150.SI,医药生物,801151.SI,化学制药,化学制药,L,20040713,8113,22.21,9.23,-1.599,12.121,False,True,True,0,0,0,0,True,
002020.SZ,002020,002020,京新药业,主板,深市,主板,801150.SI,医药生物,801151.SI,化学制药,化学制药,L,20040715,8111,22.21,11.34,-0.088,21.875,False,True,True,0,0,0,0,True,
002021.SZ,002021,002021,中捷资源,主板,深市,主板,801890.SI,机械设备,801074.SI,专用设备,专用设备,L,20040715,8111,22.21,2.63,2.734,7.692,False,True,True,0,0,0,0,True,
002022.SZ,002022,002022,科华生物,主板,深市,主板,801150.SI,医药生物,801153.SI,医疗器械,医疗器械,L,20040721,8105,22.19,5.97,-1.159,13.333,False,True,True,0,0,0,0,True,
002023.SZ,002023,002023,海特高新,主板,深市,主板,801740.SI,国防军工,801742.SI,航空装备Ⅱ,航空装备Ⅱ,L,20040721,8105,22.19,9.44,0.64,12.0,False,True,True,0,0,0,0,True,
002024.SZ,002024,002024,ST易购,主板,深市,主板,801200.SI,商贸零售,801206.SI,互联网电商,互联网电商,L,20040721,8105,22.19,1.15,0.877,57.143,True,True,True,0,0,0,0,False,ST
002025.SZ,002025,002025,航天电器,主板,深市,主板,801740.SI,国防军工,801745.SI,军工电子Ⅱ,军工电子Ⅱ,L,20040726,8100,22.18,68.1,-0.671,17.568,False,True,True,0,0,0,0,True,
002026.SZ,002026,002026,山东威达,主板,深市,主板,801890.SI,机械设备,801072.SI,通用设备,通用设备,L,20040727,8099,22.17,11.09,1.837,8.772,False,True,True,0,0,0,0,True,
002027.SZ,002027,002027,分众传媒,主板,深市,主板,801760.SI,传媒,801765.SI,广告营销,广告营销,L,20040804,8091,22.15,4.65,-0.641,14.286,False,True,True,0,0,0,0,True,
002028.SZ,002028,002028,思源电气,主板,深市,主板,801730.SI,电力设备,801738.SI,电网设备,电网设备,L,20040805,8090,22.15,120.81,-0.215,28.814,False,True,True,0,0,0,0,True,
002029.SZ,002029,002029,七匹狼,主板,深市,主板,801130.SI,纺织服饰,801132.SI,服装家纺,服装家纺,L,20040806,8089,22.15,8.96,1.129,6.897,False,True,True,0,0,0,0,True,
002030.SZ,002030,002030,达安基因,主板,深市,主板,801150.SI,医药生物,801153.SI,医疗器械,医疗器械,L,20040809,8086,22.14,5.64,0.356,10.714,False,True,True,0,0,0,0,True,
002031.SZ,002031,002031,巨轮智能,主板,深市,主板,801890.SI,机械设备,801074.SI,专用设备,专用设备,L,20040816,8079,22.12,5.69,2.338,9.259,False,True,True,0,0,0,0,True,
002032.SZ,002032,002032,苏泊尔,主板,深市,主板,801110.SI,家用电器,801113.SI,小家电,小家电,L,20040817,8078,22.12,39.51,-0.378,20.968,False,True,True,0,0,0,0,True,
002033.SZ,002033,002033,丽江股份,主板,深市,主板,801210.SI,社会服务,801993.SI,旅游及景区,旅游及景区,L,20040825,8070,22.09,8.18,-0.122,10.345,False,True,True,0,0,0,0,True,
002034.SZ,002034,002034,旺能环境,主板,深市,主板,801970.SI,环保,801971.SI,环境治理,环境治理,L,20040826,8069,22.09,13.97,0.939,15.278,False,True,True,0,0,0,0,True,
002035.SZ,002035,002035,华帝股份,主板,深市,主板,801110.SI,家用电器,801114.SI,厨卫电器,厨卫电器,L,20040901,8063,22.08,4.81,0.208,6.383,False,True,True,0,0,0,0,True,
002036.SZ,002036,002036,联创电子,主板,深市,主板,801080.SI,电子,801084.SI,光学光电子,光学光电子,L,20040903,8061,22.07,6.02,0.838,13.846,False,True,True,0,0,6,6,False,近60日停牌
002037.SZ,002037,002037,保利联合,主板,深市,主板,801030.SI,基础化工,801034.SI,化学制品,化学制品,L,20040908,8056,22.06,6.74,0.447,13.043,False,True,True,0,0,0,0,True,
002038.SZ,002038,002038,双鹭药业,主板,深市,主板,801150.SI,医药生物,801151.SI,化学制药,化学制药,L,20040909,8055,22.05,5.59,-0.179,13.793,False,True,True,0,0,0,0,True,
002039.SZ,002039,002039,黔源电力,主板,深市,主板,801160.SI,公用事业,801161.SI,电力,电力,L,20050303,7880,21.57,19.09,-2.002,5.155,False,True,True,0,0,0,0,True,
002040.SZ,002040,002040,南京港,主板,深市,主板,801170.SI,交通运输,801992.SI,航运港口,航运港口,L,20050325,7858,21.51,8.78,-1.68,7.609,False,True,True,0,0,0,0,True,
002041.SZ,002041,002041,登海种业,主板,深市,主板,801010.SI,农林牧渔,801016.SI,种植业,种植业,L,20050418,7834,21.45,9.3,-1.064,15.385,False,True,True,0,0,0,0,True,
002042.SZ,002042,002042,华孚时尚,主板,深市,主板,801130.SI,纺织服饰,801131.SI,纺织制造,纺织制造,L,20050427,7825,21.42,3.65,-0.545,10.256,False,True,True,0,0,0,0,True,
002043.SZ,002043,002043,兔宝宝,主板,深市,主板,801710.SI,建筑材料,801713.SI,装修建材,装修建材,L,20050510,7812,21.39,11.37,0.176,15.447,False,True,True,0,0,0,0,True,
002044.SZ,002044,002044,美年健康,主板,深市,主板,801150.SI,医药生物,801156.SI,医疗服务,医疗服务,L,20050518,7804,21.37,4.47,1.361,13.043,False,True,True,0,0,0,0,True,
002045.SZ,002045,002045,国光电器,主板,深市,主板,801080.SI,电子,801085.SI,消费电子,消费电子,L,20050523,7799,21.35,8.78,1.738,8.889,False,True,True,0,0,0,0,True,
002046.SZ,002046,002046,国机精工,主板,深市,主板,801890.SI,机械设备,801072.SI,通用设备,通用设备,L,20050526,7796,21.34,60.45,-1.675,28.283,False,True,True,0,0,0,0,True,
002047.SZ,002047,002047,宝鹰股份,主板,深市,主板,801720.SI,建筑装饰,801722.SI,装修装饰Ⅱ,装修装饰Ⅱ,L,20050531,7791,21.33,3.12,0.322,11.765,False,True,True,0,0,0,0,True,
002048.SZ,002048,002048,宁波华翔,主板,深市,主板,801880.SI,汽车,801093.SI,汽车零部件,汽车零部件,L,20050603,7788,21.32,17.79,-0.392,10.638,False,True,True,0,0,0,0,True,
002049.SZ,002049,002049,紫光国微,主板,深市,主板,801080.SI,电子,801081.SI,半导体,半导体,L,20050606,7785,21.31,58.41,-0.375,10.811,False,True,True,0,0,0,0,True,
002050.SZ,002050,002050,三花智控,主板,深市,主板,801110.SI,家用电器,801116.SI,家电零部件Ⅱ,家电零部件Ⅱ,L,20050607,7784,21.31,35.65,0.593,19.672,False,True,True,0,0,0,0,True,
002051.SZ,002051,002051,中工国际,主板,深市,主板,801720.SI,建筑装饰,801724.SI,专业工程,专业工程,L,20060619,7407,20.28,8.59,0.94,9.091,False,True,True,0,0,0,0,True,
002052.SZ,002052,002052,同洲电子,主板,深市,主板,801110.SI,家用电器,801112.SI,黑色家电,黑色家电,L,20060627,7399,20.26,8.03,0.125,11.628,False,True,True,0,0,0,0,True,
002053.SZ,002053,002053,云南能投,主板,深市,主板,801160.SI,公用事业,801161.SI,电力,电力,L,20060627,7399,20.26,9.57,1.7,21.649,False,True,True,0,0,0,0,True,
002054.SZ,002054,002054,德美化工,主板,深市,主板,801030.SI,基础化工,801034.SI,化学制品,化学制品,L,20060725,7371,20.18,7.06,1.001,5.634,False,True,True,0,0,0,0,True,
002055.SZ,002055,002055,ST得润,主板,深市,主板,801080.SI,电子,801085.SI,消费电子,消费电子,L,20060725,7371,20.18,6.54,0.615,18.75,True,True,True,0,0,0,0,False,ST
002056.SZ,002056,002056,横店东磁,主板,深市,主板,801730.SI,电力设备,801735.SI,光伏设备,光伏设备,L,20060802,7363,20.16,19.55,0.929,26.761,False,True,True,0,0,0,0,True,
002057.SZ,002057,002057,中钢天源,主板,深市,主板,801210.SI,社会服务,801218.SI,专业服务,专业服务,L,20060802,7363,20.16,8.79,1.736,6.818,False,True,True,0,0,0,0,True,
002058.SZ,002058,002058,紫竹高科,主板,深市,主板,801890.SI,机械设备,801072.SI,通用设备,通用设备,L,20060802,7363,20.16,18.36,10.006,9.524,False,True,True,0,0,0,2,True,
002059.SZ,002059,002059,云南旅游,主板,深市,主板,801210.SI,社会服务,801993.SI,旅游及景区,旅游及景区,L,20060810,7355,20.14,4.23,0.475,26.667,False,True,True,0,0,0,0,True,
002060.SZ,002060,002060,广东建工,主板,深市,主板,801160.SI,公用事业,801161.SI,电力,电力,L,20060810,7355,20.14,3.02,0.667,12.5,False,True,True,0,0,0,0,True,
002061.SZ,002061,002061,浙江交科,主板,深市,主板,801720.SI,建筑装饰,801723.SI,基础建设,基础建设,L,20060816,7349,20.12,3.3,1.227,14.286,False,True,True,0,0,0,0,True,
002062.SZ,002062,002062,宏润建设,主板,深市,主板,801720.SI,建筑装饰,801723.SI,基础建设,基础建设,L,20060816,7349,20.12,8.96,1.818,21.839,False,True,True,0,0,0,0,True,
002063.SZ,002063,002063,远光软件,主板,深市,主板,801750.SI,计算机,801104.SI,软件开发,软件开发,L,20060823,7342,20.1,5.24,0.769,9.259,False,True,True,0,0,0,0,True,
002064.SZ,002064,002064,华峰化学,主板,深市,主板,801030.SI,基础化工,801032.SI,化学纤维,化学纤维,L,20060823,7342,20.1,9.4,-1.364,16.667,False,True,True,0,0,0,0,True,
002065.SZ,002065,002065,东华软件,主板,深市,主板,801750.SI,计算机,801103.SI,IT服务Ⅱ,IT服务Ⅱ,L,20060823,7342,20.1,6.5,0.619,12.857,False,True,True,0,0,0,0,True,
002066.SZ,002066,002066,瑞泰科技,主板,深市,主板,801710.SI,建筑材料,801713.SI,装修建材,装修建材,L,20060823,7342,20.1,19.6,-0.255,11.321,False,True,True,0,0,0,0,True,
002067.SZ,002067,002067,景兴纸业,主板,深市,主板,801140.SI,轻工制造,801143.SI,造纸,造纸,L,20060915,7319,20.04,3.95,0.0,9.756,False,True,True,0,0,0,0,True,
002068.SZ,002068,002068,黑猫股份,主板,深市,主板,801030.SI,基础化工,801037.SI,橡胶,橡胶,L,20060915,7319,20.04,9.1,-0.219,10.204,False,True,True,0,0,0,0,True,
002069.SZ,002069,002069,獐子岛,主板,深市,主板,801010.SI,农林牧渔,801015.SI,渔业,渔业,L,20060928,7306,20.0,3.66,-0.273,16.667,False,True,True,0,0,0,0,True,
002072.SZ,002072,002072,凯瑞德,主板,深市,主板,801200.SI,商贸零售,801202.SI,贸易Ⅱ,贸易Ⅱ,L,20061018,7286,19.95,7.16,0.987,24.658,False,True,True,0,0,0,0,True,
002073.SZ,002073,002073,软控股份,主板,深市,主板,801890.SI,机械设备,801074.SI,专用设备,专用设备,L,20061018,7286,19.95,5.64,1.075,6.897,False,True,True,0,0,0,0,True,
002074.SZ,002074,002074,国轩高科,主板,深市,主板,801730.SI,电力设备,801737.SI,电池,电池,L,20061018,7286,19.95,28.68,10.011,8.889,False,True,True,0,0,0,0,True,
002075.SZ,002075,002075,沙钢股份,主板,深市,主板,801040.SI,钢铁,801045.SI,特钢Ⅱ,特钢Ⅱ,L,20061025,7279,19.93,3.48,0.578,16.667,False,True,True,0,0,0,0,True,
002076.SZ,002076,002076,星光股份,主板,深市,主板,801110.SI,家用电器,801115.SI,照明设备Ⅱ,照明设备Ⅱ,L,20061025,7279,19.93,2.12,1.435,9.524,False,True,True,0,0,0,2,True,
002077.SZ,002077,002077,大港股份,主板,深市,主板,801080.SI,电子,801081.SI,半导体,半导体,L,20061116,7257,19.87,14.35,-2.975,6.944,False,True,True,0,0,0,0,True,
002078.SZ,002078,002078,太阳纸业,主板,深市,主板,801140.SI,轻工制造,801143.SI,造纸,造纸,L,20061116,7257,19.87,13.55,0.074,15.603,False,True,True,0,0,0,0,True,
002079.SZ,002079,002079,苏州固锝,主板,深市,主板,801730.SI,电力设备,801737.SI,电池,电池,L,20061116,7257,19.87,8.58,0.351,8.791,False,True,True,0,0,0,0,True,
002080.SZ,002080,002080,中材科技,主板,深市,主板,801710.SI,建筑材料,801712.SI,玻璃玻纤,玻璃玻纤,L,20061120,7253,19.86,54.81,3.925,21.687,False,True,True,0,0,0,0,True,
002081.SZ,002081,002081,金螳螂,主板,深市,主板,801720.SI,建筑装饰,801722.SI,装修装饰Ⅱ,装修装饰Ⅱ,L,20061120,7253,19.86,4.78,0.42,11.765,False,True,True,0,0,0,0,True,
002082.SZ,002082,002082,ST万邦,主板,深市,主板,801150.SI,医药生物,801155.SI,中药Ⅱ,中药Ⅱ,L,20061120,7253,19.86,12.81,-2.954,31.481,True,True,True,0,0,0,0,False,ST
002083.SZ,002083,002083,孚日股份,主板,深市,主板,801130.SI,纺织服饰,801131.SI,纺织制造,纺织制造,L,20061124,7249,19.85,9.25,0.434,17.172,False,True,True,0,0,0,0,True,
002084.SZ,002084,002084,海鸥住工,主板,深市,主板,801140.SI,轻工制造,801142.SI,家居用品,家居用品,L,20061124,7249,19.85,5.8,0.0,11.667,False,True,True,0,6,6,6,False,近60日停牌
002085.SZ,002085,002085,万丰奥威,主板,深市,主板,801880.SI,汽车,801093.SI,汽车零部件,汽车零部件,L,20061128,7245,19.84,9.18,-1.078,12.0,False,True,True,0,0,0,0,True,
002086.SZ,002086,002086,东方海洋,主板,深市,主板,801150.SI,医药生物,801153.SI,医疗器械,医疗器械,L,20061128,7245,19.84,2.0,-0.99,10.0,False,True,True,0,0,0,0,True,
002088.SZ,002088,002088,鲁阳节能,主板,深市,主板,801710.SI,建筑材料,801713.SI,装修建材,装修建材,L,20061130,7243,19.83,7.99,0.377,36.585,False,True,True,0,0,0,0,True,
002090.SZ,002090,002090,金智科技,主板,深市,主板,801730.SI,电力设备,801738.SI,电网设备,电网设备,L,20061208,7235,19.81,8.94,1.017,6.522,False,True,True,0,0,0,0,True,
002091.SZ,002091,002091,江苏国泰,主板,深市,主板,801200.SI,商贸零售,801202.SI,贸易Ⅱ,贸易Ⅱ,L,20061208,7235,19.81,7.46,-0.401,18.182,False,True,True,0,0,0,0,True,
002092.SZ,002092,002092,中泰化学,主板,深市,主板,801030.SI,基础化工,801033.SI,化学原料,化学原料,L,20061208,7235,19.81,4.31,0.233,13.333,False,True,True,0,0,0,0,True,
002093.SZ,002093,002093,国脉科技,主板,深市,主板,801210.SI,社会服务,801994.SI,教育,教育,L,20061215,7228,19.79,7.98,-2.206,14.667,False,True,True,0,0,0,0,True,
002094.SZ,002094,002094,青岛金王,主板,深市,主板,801980.SI,美容护理,801982.SI,化妆品,化妆品,L,20061215,7228,19.79,5.05,-0.198,13.208,False,True,True,0,0,0,0,True,
002095.SZ,002095,002095,生意宝,主板,深市,主板,801760.SI,传媒,801767.SI,数字媒体,数字媒体,L,20061215,7228,19.79,15.68,-0.885,10.0,False,True,True,0,0,0,0,True,
002096.SZ,002096,002096,易普力,主板,深市,主板,801030.SI,基础化工,801034.SI,化学制品,化学制品,L,20061222,7221,19.77,8.95,-0.112,41.667,False,True,True,0,0,0,0,True,
002097.SZ,002097,002097,山河智能,主板,深市,主板,801890.SI,机械设备,801077.SI,工程机械,工程机械,L,20061222,7221,19.77,6.78,0.743,8.333,False,True,True,0,0,0,0,True,
002098.SZ,002098,002098,浔兴股份,主板,深市,主板,801130.SI,纺织服饰,801131.SI,纺织制造,纺织制造,L,20061222,7221,19.77,8.28,-0.481,17.722,False,True,True,0,0,0,0,True,
002099.SZ,002099,002099,海翔药业,主板,深市,主板,801150.SI,医药生物,801151.SI,化学制药,化学制药,L,20061226,7217,19.76,6.0,0.0,14.545,False,True,True,0,0,0,0,True,
002100.SZ,002100,002100,天康生物,主板,深市,主板,801010.SI,农林牧渔,801014.SI,饲料,饲料,L,20061226,7217,19.76,7.87,0.127,15.584,False,True,True,0,0,0,0,True,
002101.SZ,002101,002101,广东鸿图,主板,深市,主板,801880.SI,汽车,801093.SI,汽车零部件,汽车零部件,L,20061229,7214,19.75,8.5,0.711,13.793,False,True,True,0,0,0,0,True,
002102.SZ,002102,002102,ST能特,主板,深市,主板,801150.SI,医药生物,801151.SI,化学制药,化学制药,L,20061229,7214,19.75,2.55,-0.391,25.0,True,True,True,0,0,0,0,False,ST
002103.SZ,002103,002103,广博股份,主板,深市,主板,801140.SI,轻工制造,801145.SI,文娱用品,文娱用品,L,20070110,7202,19.72,6.74,2.276,8.955,False,True,True,0,0,0,0,True,
002104.SZ,002104,002104,恒宝股份,主板,深市,主板,801770.SI,通信,801102.SI,通信设备,通信设备,L,20070110,7202,19.72,10.16,-0.49,13.158,False,True,True,0,0,0,0,True,
002105.SZ,002105,002105,信隆健康,主板,深市,主板,801880.SI,汽车,801881.SI,摩托车及其他,摩托车及其他,L,20070112,7200,19.71,6.08,1.672,16.949,False,True,True,0,0,0,0,True,
002106.SZ,002106,002106,莱宝高科,主板,深市,主板,801080.SI,电子,801084.SI,光学光电子,光学光电子,L,20070112,7200,19.71,12.06,-0.822,19.355,False,True,True,0,0,0,0,True,
002107.SZ,002107,002107,沃华医药,主板,深市,主板,801150.SI,医药生物,801155.SI,中药Ⅱ,中药Ⅱ,L,20070124,7188,19.68,7.1,-0.141,8.696,False,True,True,0,0,0,0,True,
002108.SZ,002108,002108,沧州明珠,主板,深市,主板,801030.SI,基础化工,801036.SI,塑料,塑料,L,20070124,7188,19.68,4.25,0.236,9.091,False,True,True,0,0,0,0,True,
002109.SZ,002109,002109,ST兴化,主板,深市,主板,801030.SI,基础化工,801033.SI,化学原料,化学原料,L,20070126,7186,19.67,2.8,0.358,50.0,True,True,True,0,0,0,0,False,ST
002110.SZ,002110,002110,三钢闽光,主板,深市,主板,801040.SI,钢铁,801044.SI,普钢,普钢,L,20070126,7186,19.67,2.87,1.056,16.667,False,True,True,0,0,0,0,True,
002111.SZ,002111,002111,威海广泰,主板,深市,主板,801740.SI,国防军工,801742.SI,航空装备Ⅱ,航空装备Ⅱ,L,20070126,7186,19.67,9.2,-1.288,8.333,False,True,True,0,0,0,0,True,
002112.SZ,002112,002112,三变科技,主板,深市,主板,801730.SI,电力设备,801738.SI,电网设备,电网设备,L,20070208,7173,19.64,13.87,-0.144,10.067,False,True,True,0,0,0,0,True,
002114.SZ,002114,002114,罗平锌电,主板,深市,主板,801050.SI,有色金属,801055.SI,工业金属,工业金属,L,20070215,7166,19.62,7.21,1.264,9.589,False,True,True,0,0,0,0,True,
002115.SZ,002115,002115,三维通信,主板,深市,主板,801770.SI,通信,801223.SI,通信服务,通信服务,L,20070215,7166,19.62,9.42,-1.258,13.0,False,True,True,0,0,0,0,True,
002116.SZ,002116,002116,中国海诚,主板,深市,主板,801720.SI,建筑装饰,801724.SI,专业工程,专业工程,L,20070215,7166,19.62,7.15,1.131,20.548,False,True,True,0,0,0,0,True,
002117.SZ,002117,002117,东港股份,主板,深市,主板,801140.SI,轻工制造,801141.SI,包装印刷,包装印刷,L,20070302,7151,19.58,7.83,0.256,10.0,False,True,True,0,0,0,0,True,
002119.SZ,002119,002119,康强电子,主板,深市,主板,801080.SI,电子,801081.SI,半导体,半导体,L,20070302,7151,19.58,28.27,-4.847,4.514,False,True,True,0,0,0,0,True,
002120.SZ,002120,002120,韵达股份,主板,深市,主板,801170.SI,交通运输,801178.SI,物流,物流,L,20070306,7147,19.57,6.8,0.443,4.545,False,True,True,0,0,0,0,True,
002121.SZ,002121,002121,科陆电子,主板,深市,主板,801730.SI,电力设备,801738.SI,电网设备,电网设备,L,20070306,7147,19.57,4.12,-0.242,16.327,False,True,True,0,0,0,0,True,
002122.SZ,002122,002122,ST汇洲,主板,深市,主板,801890.SI,机械设备,801072.SI,通用设备,通用设备,L,20070328,7125,19.51,2.77,2.593,24.0,True,True,True,0,0,0,0,False,ST
002123.SZ,002123,002123,梦网科技,主板,深市,主板,801770.SI,通信,801223.SI,通信服务,通信服务,L,20070328,7125,19.51,7.66,1.726,8.642,False,True,True,0,0,0,0,True,
002124.SZ,002124,002124,天邦食品,主板,深市,主板,801010.SI,农林牧渔,801017.SI,养殖业,养殖业,L,20070403,7119,19.49,2.0,0.0,22.727,False,True,True,0,0,0,0,True,
002125.SZ,002125,002125,湘潭电化,主板,深市,主板,801730.SI,电力设备,801737.SI,电池,电池,L,20070403,7119,19.49,11.91,2.232,8.065,False,True,True,0,0,0,0,True,
002126.SZ,002126,002126,银轮股份,主板,深市,主板,801880.SI,汽车,801093.SI,汽车零部件,汽车零部件,L,20070418,7104,19.45,34.2,-0.495,13.433,False,True,True,0,0,0,0,True,
002127.SZ,002127,002127,南极电商,主板,深市,主板,801200.SI,商贸零售,801206.SI,互联网电商,互联网电商,L,20070418,7104,19.45,2.98,1.017,13.333,False,True,True,0,0,0,0,True,
002128.SZ,002128,002128,电投能源,主板,深市,主板,801950.SI,煤炭,801951.SI,煤炭开采,煤炭开采,L,20070418,7104,19.45,28.14,1.442,20.144,False,True,True,0,0,0,0,True,
002129.SZ,002129,002129,TCL中环,主板,深市,主板,801730.SI,电力设备,801735.SI,光伏设备,光伏设备,L,20070420,7102,19.44,9.11,-0.11,8.696,False,True,True,0,0,0,0,True,
002130.SZ,002130,002130,沃尔核材,主板,深市,主板,801080.SI,电子,801082.SI,其他电子Ⅱ,其他电子Ⅱ,L,20070420,7102,19.44,15.66,-0.128,7.018,False,True,True,0,0,0,0,True,
002131.SZ,002131,002131,利欧股份,主板,深市,主板,801890.SI,机械设备,801072.SI,通用设备,通用设备,L,20070427,7095,19.43,4.25,1.19,11.111,False,True,True,0,0,0,0,True,
002132.SZ,002132,002132,恒星科技,主板,深市,主板,801890.SI,机械设备,801072.SI,通用设备,通用设备,L,20070427,7095,19.43,3.97,-0.501,9.524,False,True,True,0,0,0,0,True,
002133.SZ,002133,002133,广宇集团,主板,深市,主板,801180.SI,房地产,801181.SI,房地产开发,房地产开发,L,20070427,7095,19.43,2.93,3.534,7.143,False,True,True,0,0,0,0,True,
002134.SZ,002134,002134,天津普林,主板,深市,主板,801080.SI,电子,801083.SI,元件,元件,L,20070516,7076,19.37,25.16,3.539,11.45,False,True,True,0,0,0,0,True,
002135.SZ,002135,002135,东南网架,主板,深市,主板,801720.SI,建筑装饰,801724.SI,专业工程,专业工程,L,20070530,7062,19.33,5.94,1.192,17.742,False,True,True,0,0,0,0,True,
002136.SZ,002136,002136,安纳达,主板,深市,主板,801030.SI,基础化工,801033.SI,化学原料,化学原料,L,20070530,7062,19.33,11.76,1.205,8.333,False,True,True,0,0,0,0,True,
002137.SZ,002137,002137,实益达,主板,深市,主板,801080.SI,电子,801084.SI,光学光电子,光学光电子,L,20070613,7048,19.3,7.9,2.067,9.639,False,True,True,0,0,0,0,True,
002138.SZ,002138,002138,顺络电子,主板,深市,主板,801080.SI,电子,801083.SI,元件,元件,L,20070613,7048,19.3,48.88,2.067,13.71,False,True,True,0,0,0,0,True,
002139.SZ,002139,002139,拓邦股份,主板,深市,主板,801080.SI,电子,801085.SI,消费电子,消费电子,L,20070629,7032,19.25,9.58,-0.208,8.163,False,True,True,0,0,0,0,True,
002140.SZ,002140,002140,东华科技,主板,深市,主板,801720.SI,建筑装饰,801724.SI,专业工程,专业工程,L,20070712,7019,19.22,8.95,-0.556,28.261,False,True,True,0,0,0,0,True,
002141.SZ,002141,002141,贤丰控股,主板,深市,主板,801010.SI,农林牧渔,801018.SI,动物保健Ⅱ,动物保健Ⅱ,L,20070720,7011,19.2,6.58,4.611,13.636,False,True,True,0,0,0,0,True,
002142.SZ,002142,002142,宁波银行,主板,深市,主板,801780.SI,银行,801784.SI,城商行Ⅱ,城商行Ⅱ,L,20070719,7012,19.2,34.81,0.752,22.078,False,True,True,0,0,0,0,True,
002144.SZ,002144,002144,宏达高科,主板,深市,主板,801130.SI,纺织服饰,801131.SI,纺织制造,纺织制造,L,20070803,6997,19.16,11.09,2.495,8.333,False,True,True,0,0,0,0,True,
002145.SZ,002145,002145,钛能化学,主板,深市,主板,801030.SI,基础化工,801033.SI,化学原料,化学原料,L,20070803,6997,19.16,4.6,-0.862,11.111,False,True,True,0,0,0,0,True,
002146.SZ,002146,002146,荣盛发展,主板,深市,主板,801180.SI,房地产,801181.SI,房地产开发,房地产开发,L,20070808,6992,19.14,1.29,6.612,16.667,False,True,True,0,0,0,0,True,
002148.SZ,002148,002148,北纬科技,主板,深市,主板,801770.SI,通信,801223.SI,通信服务,通信服务,L,20070810,6990,19.14,6.26,1.789,4.687,False,True,True,0,0,0,0,True,
002149.SZ,002149,002149,西部材料,主板,深市,主板,801050.SI,有色金属,801054.SI,小金属,小金属,L,20070810,6990,19.14,31.55,0.0,14.583,False,True,True,0,0,0,0,True,
002150.SZ,002150,002150,正泰电源,主板,深市,主板,801890.SI,机械设备,801072.SI,通用设备,通用设备,L,20070810,6990,19.14,19.61,-2.243,11.321,False,True,True,0,0,0,0,True,
002151.SZ,002151,002151,北斗星通,主板,深市,主板,801740.SI,国防军工,801745.SI,军工电子Ⅱ,军工电子Ⅱ,L,20070813,6987,19.13,28.15,-1.054,6.207,False,True,True,0,0,0,0,True,
002152.SZ,002152,002152,广电运通,主板,深市,主板,801750.SI,计算机,801101.SI,计算机设备,计算机设备,L,20070813,6987,19.13,8.94,0.676,18.182,False,True,True,0,0,0,0,True,
002153.SZ,002153,002153,石基信息,主板,深市,主板,801750.SI,计算机,801104.SI,软件开发,软件开发,L,20070813,6987,19.13,7.4,1.509,15.0,False,True,True,0,0,0,0,True,
002154.SZ,002154,002154,报喜鸟,主板,深市,主板,801130.SI,纺织服饰,801132.SI,服装家纺,服装家纺,L,20070816,6984,19.12,3.82,0.263,10.0,False,True,True,0,0,0,0,True,
002155.SZ,002155,002155,湖南黄金,主板,深市,主板,801050.SI,有色金属,801053.SI,贵金属,贵金属,L,20070816,6984,19.12,23.08,1.809,13.846,False,True,True,0,6,6,6,False,近60日停牌
002156.SZ,002156,002156,通富微电,主板,深市,主板,801080.SI,电子,801081.SI,半导体,半导体,L,20070816,6984,19.12,60.36,2.479,9.15,False,True,True,0,0,0,0,True,
002157.SZ,002157,002157,正邦科技,主板,深市,主板,801010.SI,农林牧渔,801017.SI,养殖业,养殖业,L,20070817,6983,19.12,2.92,0.344,13.333,False,True,True,0,0,0,0,True,
002158.SZ,002158,002158,汉钟精机,主板,深市,主板,801890.SI,机械设备,801072.SI,通用设备,通用设备,L,20070817,6983,19.12,24.84,0.73,10.989,False,True,True,0,0,0,0,True,
002159.SZ,002159,002159,三特索道,主板,深市,主板,801210.SI,社会服务,801993.SI,旅游及景区,旅游及景区,L,20070817,6983,19.12,13.29,0.302,7.463,False,True,True,0,0,0,0,True,
002160.SZ,002160,002160,常铝股份,主板,深市,主板,801050.SI,有色金属,801055.SI,工业金属,工业金属,L,20070821,6979,19.11,3.9,2.632,12.821,False,True,True,0,0,0,6,True,
002161.SZ,002161,002161,远望谷,主板,深市,主板,801080.SI,电子,801082.SI,其他电子Ⅱ,其他电子Ⅱ,L,20070821,6979,19.11,6.44,2.548,11.765,False,True,True,0,0,0,0,True,
002162.SZ,002162,002162,悦心健康,主板,深市,主板,801140.SI,轻工制造,801142.SI,家居用品,家居用品,L,20070823,6977,19.1,4.18,1.211,12.195,False,True,True,0,0,0,0,True,
002163.SZ,002163,002163,海南发展,主板,深市,主板,801720.SI,建筑装饰,801722.SI,装修装饰Ⅱ,装修装饰Ⅱ,L,20070823,6977,19.1,7.49,2.322,17.5,False,True,True,0,0,0,0,True,
002164.SZ,002164,002164,宁波东力,主板,深市,主板,801890.SI,机械设备,801072.SI,通用设备,通用设备,L,20070823,6977,19.1,12.05,-2.112,13.934,False,True,True,0,0,0,0,True,
002165.SZ,002165,002165,红宝丽,主板,深市,主板,801030.SI,基础化工,801034.SI,化学制品,化学制品,L,20070913,6956,19.04,6.77,0.148,9.722,False,True,True,0,0,0,0,True,
002166.SZ,002166,002166,莱茵生物,主板,深市,主板,801030.SI,基础化工,801034.SI,化学制品,化学制品,L,20070913,6956,19.04,6.66,-0.745,8.824,False,True,True,0,0,0,0,True,
002167.SZ,002167,002167,东方锆业,主板,深市,主板,801050.SI,有色金属,801054.SI,小金属,小金属,L,20070913,6956,19.04,15.59,2.566,7.5,False,True,True,0,0,0,0,True,
002168.SZ,002168,002168,ST惠程,主板,深市,主板,801730.SI,电力设备,801738.SI,电网设备,电网设备,L,20070919,6950,19.03,3.57,0.563,15.789,True,True,True,0,0,0,0,False,ST
002169.SZ,002169,002169,智光电气,主板,深市,主板,801730.SI,电力设备,801738.SI,电网设备,电网设备,L,20070919,6950,19.03,12.13,-1.06,17.424,False,True,True,0,0,0,0,True,
002170.SZ,002170,002170,芭田股份,主板,深市,主板,801030.SI,基础化工,801038.SI,农化制品,农化制品,L,20070919,6950,19.03,10.52,0.286,7.207,False,True,True,0,0,0,0,True,
002171.SZ,002171,002171,楚江新材,主板,深市,主板,801050.SI,有色金属,801055.SI,工业金属,工业金属,L,20070921,6948,19.02,9.64,-0.31,11.215,False,True,True,0,0,0,0,True,
002172.SZ,002172,002172,澳洋健康,主板,深市,主板,801150.SI,医药生物,801156.SI,医疗服务,医疗服务,L,20070921,6948,19.02,5.49,8.284,11.111,False,True,True,0,0,0,0,True,
002173.SZ,002173,002173,创新医疗,主板,深市,主板,801150.SI,医药生物,801156.SI,医疗服务,医疗服务,L,20070925,6944,19.01,17.08,-0.466,7.735,False,True,True,0,0,0,0,True,
002174.SZ,002174,002174,游族网络,主板,深市,主板,801760.SI,传媒,801764.SI,游戏Ⅱ,游戏Ⅱ,L,20070925,6944,19.01,13.4,1.208,14.815,False,True,True,0,0,0,0,True,
002175.SZ,002175,002175,*ST东智,主板,深市,主板,801890.SI,机械设备,801072.SI,通用设备,通用设备,L,20071012,6927,18.97,2.48,1.639,8.333,True,True,True,0,0,0,6,False,ST
002176.SZ,002176,002176,江特电机,主板,深市,主板,801730.SI,电力设备,801731.SI,电机Ⅱ,电机Ⅱ,L,20071012,6927,18.97,8.2,1.485,11.364,False,True,True,0,0,0,0,True,
002177.SZ,002177,002177,御银股份,主板,深市,主板,801750.SI,计算机,801101.SI,计算机设备,计算机设备,L,20071101,6907,18.91,5.49,1.855,10.345,False,True,True,0,0,0,0,True,
002178.SZ,002178,002178,延华智能,主板,深市,主板,801750.SI,计算机,801104.SI,软件开发,软件开发,L,20071101,6907,18.91,4.99,1.837,12.0,False,True,True,0,0,0,0,True,
002179.SZ,002179,002179,中航光电,主板,深市,主板,801740.SI,国防军工,801745.SI,军工电子Ⅱ,军工电子Ⅱ,L,20071101,6907,18.91,32.9,-1.112,20.0,False,True,True,0,0,0,0,True,
002180.SZ,002180,002180,奔图科技,主板,深市,主板,801750.SI,计算机,801101.SI,计算机设备,计算机设备,L,20071113,6895,18.88,16.26,1.182,13.953,False,True,True,0,0,0,0,True,
002181.SZ,002181,002181,粤传媒,主板,深市,主板,801760.SI,传媒,801769.SI,出版,出版,L,20071116,6892,18.87,9.0,3.567,9.574,False,True,True,0,0,0,0,True,
002182.SZ,002182,002182,宝武镁业,主板,深市,主板,801050.SI,有色金属,801054.SI,小金属,小金属,L,20071113,6895,18.88,11.04,0.638,11.667,False,True,True,0,0,0,0,True,
002183.SZ,002183,002183,怡亚通,主板,深市,主板,801200.SI,商贸零售,801202.SI,贸易Ⅱ,贸易Ⅱ,L,20071113,6895,18.88,4.15,1.716,13.636,False,True,True,0,0,0,0,True,
002184.SZ,002184,002184,海得控制,主板,深市,主板,801890.SI,机械设备,801078.SI,自动化设备,自动化设备,L,20071116,6892,18.87,9.94,1.325,6.061,False,True,True,0,0,0,0,True,
002185.SZ,002185,002185,华天科技,主板,深市,主板,801080.SI,电子,801081.SI,半导体,半导体,L,20071120,6888,18.86,17.02,0.177,10.112,False,True,True,0,0,0,0,True,
002186.SZ,002186,002186,全聚德,主板,深市,主板,801210.SI,社会服务,801219.SI,酒店餐饮,酒店餐饮,L,20071120,6888,18.86,9.34,0.215,10.638,False,True,True,0,0,0,0,True,
002187.SZ,002187,002187,广百股份,主板,深市,主板,801200.SI,商贸零售,801203.SI,一般零售,一般零售,L,20071122,6886,18.85,5.46,1.111,14.545,False,True,True,0,0,0,0,True,
002188.SZ,002188,002188,中天服务,主板,深市,主板,801180.SI,房地产,801183.SI,房地产服务,房地产服务,L,20071122,6886,18.85,5.82,4.488,9.091,False,True,True,0,0,0,0,True,
002189.SZ,002189,002189,中光学,主板,深市,主板,801740.SI,国防军工,801745.SI,军工电子Ⅱ,军工电子Ⅱ,L,20071203,6875,18.82,19.05,0.687,12.632,False,True,True,0,0,0,0,True,
002190.SZ,002190,002190,成飞集成,主板,深市,主板,801880.SI,汽车,801093.SI,汽车零部件,汽车零部件,L,20071203,6875,18.82,22.92,-0.521,12.698,False,True,True,0,0,0,0,True,
002191.SZ,002191,002191,劲嘉股份,主板,深市,主板,801140.SI,轻工制造,801141.SI,包装印刷,包装印刷,L,20071205,6873,18.82,3.5,0.286,8.108,False,True,True,0,0,0,0,True,
002192.SZ,002192,002192,融捷股份,主板,深市,主板,801050.SI,有色金属,801056.SI,能源金属,能源金属,L,20071205,6873,18.82,56.97,1.569,18.75,False,True,True,0,0,0,0,True,
002193.SZ,002193,002193,ST如意,主板,深市,主板,801130.SI,纺织服饰,801132.SI,服装家纺,服装家纺,L,20071207,6871,18.81,4.55,0.22,27.66,True,True,True,0,0,0,0,False,ST
002194.SZ,002194,002194,武汉凡谷,主板,深市,主板,801770.SI,通信,801102.SI,通信设备,通信设备,L,20071207,6871,18.81,9.98,-0.2,7.339,False,True,True,0,0,0,0,True,
002195.SZ,002195,002195,岩山科技,主板,深市,主板,801750.SI,计算机,801103.SI,IT服务Ⅱ,IT服务Ⅱ,L,20071212,6866,18.8,5.95,1.19,14.286,False,True,True,0,0,0,0,True,
002196.SZ,002196,002196,方正电机,主板,深市,主板,801730.SI,电力设备,801731.SI,电机Ⅱ,电机Ⅱ,L,20071212,6866,18.8,10.16,-0.975,8.738,False,True,True,0,0,0,0,True,
002197.SZ,002197,002197,证通电子,主板,深市,主板,801750.SI,计算机,801101.SI,计算机设备,计算机设备,L,20071218,6860,18.78,6.5,1.881,8.955,False,True,True,0,0,0,0,True,
002198.SZ,002198,002198,ST嘉应,主板,深市,主板,801150.SI,医药生物,801155.SI,中药Ⅱ,中药Ⅱ,L,20071218,6860,18.78,3.59,0.56,20.0,True,True,True,0,0,0,0,False,ST
002199.SZ,002199,002199,东晶电子,主板,深市,主板,801080.SI,电子,801083.SI,元件,元件,L,20071221,6857,18.77,11.51,0.436,10.4,False,True,True,0,0,2,2,False,近60日停牌
002200.SZ,002200,002200,交投生态,主板,深市,主板,801720.SI,建筑装饰,801723.SI,基础建设,基础建设,L,20071221,6857,18.77,6.82,2.096,6.25,False,True,True,0,0,0,2,True,
002201.SZ,002201,002201,九鼎新材,主板,深市,主板,801710.SI,建筑材料,801712.SI,玻璃玻纤,玻璃玻纤,L,20071226,6852,18.76,9.3,-0.322,13.462,False,True,True,0,0,0,0,True,
002202.SZ,002202,002202,金风科技,主板,深市,主板,801730.SI,电力设备,801736.SI,风电设备,风电设备,L,20071226,6852,18.76,17.09,-0.812,13.115,False,True,True,0,0,0,0,True,
002203.SZ,002203,002203,海亮股份,主板,深市,主板,801050.SI,有色金属,801055.SI,工业金属,工业金属,L,20080116,6831,18.7,17.48,2.282,21.875,False,True,True,0,0,0,0,True,
002204.SZ,002204,002204,大连重工,主板,深市,主板,801890.SI,机械设备,801074.SI,专用设备,专用设备,L,20080116,6831,18.7,5.27,1.152,9.091,False,True,True,0,0,0,0,True,
002205.SZ,002205,002205,国统股份,主板,深市,主板,801710.SI,建筑材料,801711.SI,水泥,水泥,L,20080123,6824,18.68,12.76,10.0,16.522,False,True,True,0,0,0,0,True,
002206.SZ,002206,002206,海利得,主板,深市,主板,801030.SI,基础化工,801032.SI,化学纤维,化学纤维,L,20080123,6824,18.68,4.85,0.207,9.434,False,True,True,0,0,0,0,True,
002207.SZ,002207,002207,*ST准油,主板,深市,主板,801960.SI,石油石化,801962.SI,油服工程,油服工程,L,20080128,6819,18.67,5.4,-4.255,10.526,True,True,True,0,0,0,0,False,ST
002208.SZ,002208,002208,合肥城建,主板,深市,主板,801180.SI,房地产,801181.SI,房地产开发,房地产开发,L,20080128,6819,18.67,10.06,3.818,11.538,False,True,True,0,0,0,0,True,
002209.SZ,002209,002209,达意隆,主板,深市,主板,801890.SI,机械设备,801074.SI,专用设备,专用设备,L,20080130,6817,18.66,13.39,1.209,7.576,False,True,True,0,0,0,0,True,
002210.SZ,002210,002210,飞马国际,主板,深市,主板,801970.SI,环保,801971.SI,环境治理,环境治理,L,20080130,6817,18.66,2.08,0.483,9.091,False,True,True,0,0,0,0,True,
002211.SZ,002211,002211,ST宏达,主板,深市,主板,801030.SI,基础化工,801034.SI,化学制品,化学制品,L,20080201,6815,18.66,3.74,1.355,7.895,True,True,True,0,0,0,0,False,ST
002212.SZ,002212,002212,天融信,主板,深市,主板,801750.SI,计算机,801104.SI,软件开发,软件开发,L,20080201,6815,18.66,7.38,1.374,4.167,False,True,True,0,0,0,0,True,
002213.SZ,002213,002213,大为股份,主板,深市,主板,801080.SI,电子,801081.SI,半导体,半导体,L,20080201,6815,18.66,27.83,0.288,4.795,False,True,True,0,0,0,0,True,
002214.SZ,002214,002214,大立科技,主板,深市,主板,801740.SI,国防军工,801745.SI,军工电子Ⅱ,军工电子Ⅱ,L,20080218,6798,18.61,17.78,1.31,24.691,False,True,True,0,2,2,2,False,近60日停牌
002215.SZ,002215,002215,诺普信,主板,深市,主板,801010.SI,农林牧渔,801016.SI,种植业,种植业,L,20080218,6798,18.61,9.26,-0.75,12.5,False,True,True,0,0,0,0,True,
002216.SZ,002216,002216,三全食品,主板,深市,主板,801120.SI,食品饮料,801124.SI,食品加工,食品加工,L,20080220,6796,18.61,11.33,-1.307,12.195,False,True,True,0,0,0,0,True,
002217.SZ,002217,002217,ST合力泰,主板,深市,主板,801080.SI,电子,801084.SI,光学光电子,光学光电子,L,20080220,6796,18.61,1.52,0.662,13.333,True,True,True,0,0,0,2,False,ST
002218.SZ,002218,002218,拓日新能,主板,深市,主板,801160.SI,公用事业,801161.SI,电力,电力,L,20080228,6788,18.58,3.75,1.902,11.905,False,True,True,0,0,0,0,True,
002219.SZ,002219,002219,新里程,主板,深市,主板,801150.SI,医药生物,801156.SI,医疗服务,医疗服务,L,20080306,6781,18.57,2.08,0.483,9.524,False,True,True,0,0,0,0,True,
002221.SZ,002221,002221,东华能源,主板,深市,主板,801960.SI,石油石化,801963.SI,炼化及贸易,炼化及贸易,L,20080306,6781,18.57,5.58,-0.179,10.714,False,True,True,0,0,0,0,True,
002222.SZ,002222,002222,福晶科技,主板,深市,主板,801080.SI,电子,801084.SI,光学光电子,光学光电子,L,20080319,6768,18.53,62.15,0.697,10.714,False,True,True,0,0,0,0,True,
002223.SZ,002223,002223,鱼跃医疗,主板,深市,主板,801150.SI,医药生物,801153.SI,医疗器械,医疗器械,L,20080418,6738,18.45,25.67,-2.507,9.091,False,True,True,0,0,0,0,True,
002224.SZ,002224,002224,三力士,主板,深市,主板,801030.SI,基础化工,801037.SI,橡胶,橡胶,L,20080425,6731,18.43,3.71,0.542,13.158,False,True,True,0,0,0,0,True,
002225.SZ,002225,002225,濮耐股份,主板,深市,主板,801710.SI,建筑材料,801713.SI,装修建材,装修建材,L,20080425,6731,18.43,3.41,1.187,8.333,False,True,True,0,0,0,0,True,
002226.SZ,002226,002226,江南化工,主板,深市,主板,801030.SI,基础化工,801034.SI,化学制品,化学制品,L,20080506,6720,18.4,4.85,-0.206,17.647,False,True,True,0,0,0,0,True,
002227.SZ,002227,002227,*ST特迅,主板,深市,主板,801730.SI,电力设备,801733.SI,其他电源设备Ⅱ,其他电源设备Ⅱ,L,20080506,6720,18.4,6.41,-0.311,20.635,True,True,True,0,0,0,0,False,ST
002228.SZ,002228,002228,合兴包装,主板,深市,主板,801140.SI,轻工制造,801141.SI,包装印刷,包装印刷,L,20080508,6718,18.39,3.23,0.0,6.452,False,True,True,0,0,0,0,True,
002229.SZ,002229,002229,鸿博股份,主板,深市,主板,801140.SI,轻工制造,801141.SI,包装印刷,包装印刷,L,20080508,6718,18.39,10.21,-0.487,14.545,False,True,True,0,0,0,0,True,
002230.SZ,002230,002230,科大讯飞,主板,深市,主板,801750.SI,计算机,801104.SI,软件开发,软件开发,L,20080512,6714,18.38,37.2,-0.134,11.765,False,True,True,0,0,0,0,True,
002232.SZ,002232,002232,启明信息,主板,深市,主板,801750.SI,计算机,801103.SI,IT服务Ⅱ,IT服务Ⅱ,L,20080509,6717,18.39,17.15,5.344,16.026,False,True,True,0,0,0,0,True,
002233.SZ,002233,002233,塔牌集团,主板,深市,主板,801710.SI,建筑材料,801711.SI,水泥,水泥,L,20080516,6710,18.37,6.68,0.15,21.127,False,True,True,0,0,0,0,True,
002234.SZ,002234,002234,民和股份,主板,深市,主板,801010.SI,农林牧渔,801017.SI,养殖业,养殖业,L,20080516,6710,18.37,7.93,1.536,12.821,False,True,True,0,0,0,0,True,
002235.SZ,002235,002235,安妮股份,主板,深市,主板,801140.SI,轻工制造,801143.SI,造纸,造纸,L,20080516,6710,18.37,7.66,-0.13,12.195,False,True,True,0,0,0,0,True,
002236.SZ,002236,002236,大华股份,主板,深市,主板,801750.SI,计算机,801101.SI,计算机设备,计算机设备,L,20080520,6706,18.36,15.23,0.066,5.66,False,True,True,0,0,0,0,True,
002237.SZ,002237,002237,恒邦股份,主板,深市,主板,801050.SI,有色金属,801053.SI,贵金属,贵金属,L,20080520,6706,18.36,12.35,0.899,13.889,False,True,True,0,0,0,0,True,
002238.SZ,002238,002238,天威视讯,主板,深市,主板,801760.SI,传媒,801995.SI,电视广播Ⅱ,电视广播Ⅱ,L,20080526,6700,18.34,7.52,-0.922,30.986,False,True,True,0,0,0,0,True,
002239.SZ,002239,002239,奥特佳,主板,深市,主板,801880.SI,汽车,801093.SI,汽车零部件,汽车零部件,L,20080522,6704,18.35,2.46,1.653,8.0,False,True,True,0,0,0,0,True,
002240.SZ,002240,002240,盛新锂能,主板,深市,主板,801050.SI,有色金属,801056.SI,能源金属,能源金属,L,20080523,6703,18.35,25.05,2.496,22.222,False,True,True,0,0,0,0,True,
002241.SZ,002241,002241,歌尔股份,主板,深市,主板,801080.SI,电子,801085.SI,消费电子,消费电子,L,20080522,6704,18.35,23.0,-0.648,10.256,False,True,True,0,0,0,0,True,
002242.SZ,002242,002242,九阳股份,主板,深市,主板,801110.SI,家用电器,801113.SI,小家电,小家电,L,20080528,6698,18.34,11.36,9.971,17.021,False,True,True,0,0,0,0,True,
002243.SZ,002243,002243,力合科创,主板,深市,主板,801210.SI,社会服务,801218.SI,专业服务,专业服务,L,20080528,6698,18.34,6.94,1.909,13.889,False,True,True,0,0,0,0,True,
002244.SZ,002244,002244,滨江集团,主板,深市,主板,801180.SI,房地产,801181.SI,房地产开发,房地产开发,L,20080529,6697,18.34,9.46,10.0,14.943,False,True,True,0,0,0,0,True,
002245.SZ,002245,002245,蔚蓝锂芯,主板,深市,主板,801730.SI,电力设备,801737.SI,电池,电池,L,20080605,6690,18.32,16.2,-0.246,9.091,False,True,True,0,0,0,0,True,
002246.SZ,002246,002246,北化股份,主板,深市,主板,801030.SI,基础化工,801034.SI,化学制品,化学制品,L,20080605,6690,18.32,25.07,0.562,22.4,False,True,True,0,0,0,0,True,
002247.SZ,002247,002247,聚力文化,主板,深市,主板,801710.SI,建筑材料,801713.SI,装修建材,装修建材,L,20080612,6683,18.3,2.48,0.405,8.333,False,True,True,0,0,0,0,True,
002248.SZ,002248,002248,华东数控,主板,深市,主板,801890.SI,机械设备,801072.SI,通用设备,通用设备,L,20080612,6683,18.3,9.34,0.538,5.208,False,True,True,0,0,0,0,True,
002249.SZ,002249,002249,大洋电机,主板,深市,主板,801730.SI,电力设备,801731.SI,电机Ⅱ,电机Ⅱ,L,20080619,6676,18.28,6.4,-0.156,14.925,False,True,True,0,0,0,0,True,
002250.SZ,002250,002250,联化科技,主板,深市,主板,801030.SI,基础化工,801038.SI,农化制品,农化制品,L,20080619,6676,18.28,13.92,-1.556,13.158,False,True,True,0,0,0,0,True,
002251.SZ,002251,002251,步步高,主板,深市,主板,801200.SI,商贸零售,801203.SI,一般零售,一般零售,L,20080619,6676,18.28,3.39,1.194,11.111,False,True,True,0,0,0,0,True,
002252.SZ,002252,002252,上海莱士,主板,深市,主板,801150.SI,医药生物,801152.SI,生物制品,生物制品,L,20080623,6672,18.27,5.17,1.772,23.529,False,True,True,0,0,0,0,True,
002253.SZ,002253,002253,川大智胜,主板,深市,主板,801750.SI,计算机,801104.SI,软件开发,软件开发,L,20080623,6672,18.27,8.56,0.943,15.957,False,True,True,0,0,0,2,True,
002254.SZ,002254,002254,泰和新材,主板,深市,主板,801030.SI,基础化工,801032.SI,化学纤维,化学纤维,L,20080625,6670,18.26,11.57,-0.516,9.524,False,True,True,0,0,0,0,True,
002255.SZ,002255,002255,海陆重工,主板,深市,主板,801730.SI,电力设备,801733.SI,其他电源设备Ⅱ,其他电源设备Ⅱ,L,20080625,6670,18.26,7.26,0.415,14.474,False,True,True,0,0,0,0,True,
002256.SZ,002256,002256,兆新股份,主板,深市,主板,801160.SI,公用事业,801161.SI,电力,电力,L,20080625,6670,18.26,3.13,0.321,9.091,False,True,True,0,0,0,0,True,
002258.SZ,002258,002258,利尔化学,主板,深市,主板,801030.SI,基础化工,801038.SI,农化制品,农化制品,L,20080708,6657,18.23,13.83,-0.718,8.108,False,True,True,0,0,0,0,True,
002259.SZ,002259,002259,升达林业,主板,深市,主板,801160.SI,公用事业,801163.SI,燃气Ⅱ,燃气Ⅱ,L,20080716,6649,18.2,4.89,1.663,19.565,False,True,True,0,0,0,0,True,
002261.SZ,002261,002261,拓维信息,主板,深市,主板,801750.SI,计算机,801104.SI,软件开发,软件开发,L,20080723,6642,18.18,24.08,-0.083,7.812,False,True,True,0,0,0,0,True,
002262.SZ,002262,002262,恩华药业,主板,深市,主板,801150.SI,医药生物,801151.SI,化学制药,化学制药,L,20080723,6642,18.18,21.5,-0.232,11.111,False,True,True,0,0,0,0,True,
002263.SZ,002263,002263,大东南,主板,深市,主板,801030.SI,基础化工,801036.SI,塑料,塑料,L,20080728,6637,18.17,3.21,3.884,6.452,False,True,True,0,0,0,0,True,
002264.SZ,002264,002264,新华都,主板,深市,主板,801760.SI,传媒,801765.SI,广告营销,广告营销,L,20080731,6634,18.16,7.57,-0.916,7.895,False,True,True,0,0,0,0,True,
002265.SZ,002265,002265,建设工业,主板,深市,主板,801880.SI,汽车,801093.SI,汽车零部件,汽车零部件,L,20080806,6628,18.15,18.9,-0.264,14.0,False,True,True,0,0,0,0,True,
002266.SZ,002266,002266,浙富控股,主板,深市,主板,801970.SI,环保,801971.SI,环境治理,环境治理,L,20080806,6628,18.15,4.54,0.221,10.204,False,True,True,0,0,0,0,True,
002267.SZ,002267,002267,陕天然气,主板,深市,主板,801160.SI,公用事业,801163.SI,燃气Ⅱ,燃气Ⅱ,L,20080813,6621,18.13,7.15,0.0,9.589,False,True,True,0,0,0,0,True,
002268.SZ,002268,002268,电科网安,主板,深市,主板,801750.SI,计算机,801101.SI,计算机设备,计算机设备,L,20080811,6623,18.13,15.08,1.617,8.333,False,True,True,0,0,0,0,True,
002269.SZ,002269,002269,美邦服饰,主板,深市,主板,801130.SI,纺织服饰,801132.SI,服装家纺,服装家纺,L,20080828,6606,18.09,1.37,0.735,14.286,False,True,True,0,0,0,0,True,
002270.SZ,002270,002270,华明装备,主板,深市,主板,801730.SI,电力设备,801738.SI,电网设备,电网设备,L,20080905,6598,18.06,17.02,0.0,13.265,False,True,True,0,0,0,0,True,
002271.SZ,002271,002271,东方雨虹,主板,深市,主板,801710.SI,建筑材料,801713.SI,装修建材,装修建材,L,20080910,6593,18.05,10.43,3.063,14.815,False,True,True,0,0,0,0,True,
002272.SZ,002272,002272,川润股份,主板,深市,主板,801890.SI,机械设备,801072.SI,通用设备,通用设备,L,20080919,6584,18.03,14.23,-1.318,12.651,False,True,True,0,0,0,0,True,
002273.SZ,002273,002273,水晶光电,主板,深市,主板,801080.SI,电子,801084.SI,光学光电子,光学光电子,L,20080919,6584,18.03,23.51,-1.426,10.938,False,True,True,0,0,0,0,True,
002274.SZ,002274,002274,华昌化工,主板,深市,主板,801030.SI,基础化工,801033.SI,化学原料,化学原料,L,20080925,6578,18.01,5.83,0.344,13.115,False,True,True,2,6,6,6,False,近60日停牌
002275.SZ,002275,002275,桂林三金,主板,深市,主板,801150.SI,医药生物,801155.SI,中药Ⅱ,中药Ⅱ,L,20090710,6290,17.22,12.07,0.0,16.418,False,True,True,0,0,0,0,True,
002276.SZ,002276,002276,万马股份,主板,深市,主板,801730.SI,电力设备,801738.SI,电网设备,电网设备,L,20090710,6290,17.22,9.74,0.103,8.0,False,True,True,0,0,0,0,True,
002277.SZ,002277,002277,友阿股份,主板,深市,主板,801200.SI,商贸零售,801203.SI,一般零售,一般零售,L,20090717,6283,17.2,4.85,-4.339,16.949,False,True,True,0,0,0,0,True,
002278.SZ,002278,002278,神开股份,主板,深市,主板,801890.SI,机械设备,801074.SI,专用设备,专用设备,L,20090811,6258,17.13,8.32,5.45,7.317,False,True,True,0,0,0,0,True,
002279.SZ,002279,002279,久其软件,主板,深市,主板,801750.SI,计算机,801104.SI,软件开发,软件开发,L,20090811,6258,17.13,6.67,3.091,7.246,False,True,True,0,0,0,0,True,
002281.SZ,002281,002281,光迅科技,主板,深市,主板,801770.SI,通信,801102.SI,通信设备,通信设备,L,20090821,6248,17.11,166.9,1.893,14.035,False,True,True,0,0,0,0,True,
002282.SZ,002282,002282,博深股份,主板,深市,主板,801890.SI,机械设备,801072.SI,通用设备,通用设备,L,20090821,6248,17.11,6.09,0.495,13.333,False,True,True,0,0,0,0,True,
002283.SZ,002283,002283,天润工业,主板,深市,主板,801880.SI,汽车,801093.SI,汽车零部件,汽车零部件,L,20090821,6248,17.11,7.45,-3.121,15.854,False,True,True,0,0,0,0,True,
002284.SZ,002284,002284,亚太股份,主板,深市,主板,801880.SI,汽车,801093.SI,汽车零部件,汽车零部件,L,20090828,6241,17.09,9.25,0.325,10.204,False,True,True,0,0,0,0,True,
002285.SZ,002285,002285,世联行,主板,深市,主板,801180.SI,房地产,801183.SI,房地产服务,房地产服务,L,20090828,6241,17.09,3.21,-1.534,12.5,False,True,True,0,0,0,0,True,
002286.SZ,002286,002286,保龄宝,主板,深市,主板,801010.SI,农林牧渔,801012.SI,农产品加工,农产品加工,L,20090828,6241,17.09,8.24,-0.842,14.286,False,True,True,0,0,0,0,True,
002287.SZ,002287,002287,奇正藏药,主板,深市,主板,801150.SI,医药生物,801155.SI,中药Ⅱ,中药Ⅱ,L,20090828,6241,17.09,19.12,-0.881,25.714,False,True,True,0,0,0,0,True,
002289.SZ,002289,002289,宇顺电子,主板,深市,主板,801080.SI,电子,801084.SI,光学光电子,光学光电子,L,20090903,6235,17.07,33.58,-0.885,20.652,False,True,True,0,0,0,2,True,
002290.SZ,002290,002290,禾盛新材,主板,深市,主板,801110.SI,家用电器,801116.SI,家电零部件Ⅱ,家电零部件Ⅱ,L,20090903,6235,17.07,69.9,0.431,19.048,False,True,True,0,0,0,0,True,
002291.SZ,002291,002291,遥望科技,主板,深市,主板,801760.SI,传媒,801765.SI,广告营销,广告营销,L,20090903,6235,17.07,5.59,4.291,7.143,False,True,True,0,0,0,0,True,
002292.SZ,002292,002292,奥飞娱乐,主板,深市,主板,801760.SI,传媒,801766.SI,影视院线,影视院线,L,20090910,6228,17.05,8.56,0.117,6.977,False,True,True,0,0,0,0,True,
002293.SZ,002293,002293,罗莱生活,主板,深市,主板,801130.SI,纺织服饰,801132.SI,服装家纺,服装家纺,L,20090910,6228,17.05,10.59,-0.657,14.953,False,True,True,0,0,0,0,True,
002294.SZ,002294,002294,信立泰,主板,深市,主板,801150.SI,医药生物,801151.SI,化学制药,化学制药,L,20090910,6228,17.05,29.95,0.301,17.021,False,True,True,0,0,0,0,True,
002295.SZ,002295,002295,精艺股份,主板,深市,主板,801050.SI,有色金属,801055.SI,工业金属,工业金属,L,20090929,6209,17.0,9.86,2.176,9.091,False,True,True,0,0,0,0,True,
002296.SZ,002296,002296,辉煌科技,主板,深市,主板,801770.SI,通信,801102.SI,通信设备,通信设备,L,20090929,6209,17.0,9.58,-1.744,7.527,False,True,True,0,0,0,0,True,
002297.SZ,002297,002297,博云新材,主板,深市,主板,801740.SI,国防军工,801742.SI,航空装备Ⅱ,航空装备Ⅱ,L,20090929,6209,17.0,20.15,-1.129,11.33,False,True,True,0,0,0,0,True,
002298.SZ,002298,002298,中电鑫龙,主板,深市,主板,801750.SI,计算机,801104.SI,软件开发,软件开发,L,20090929,6209,17.0,9.04,4.994,8.046,False,True,True,0,0,0,0,True,
002299.SZ,002299,002299,圣农发展,主板,深市,主板,801010.SI,农林牧渔,801017.SI,养殖业,养殖业,L,20091021,6187,16.94,15.51,-1.835,11.111,False,True,True,0,0,0,0,True,
002300.SZ,002300,002300,太阳电缆,主板,深市,主板,801730.SI,电力设备,801738.SI,电网设备,电网设备,L,20091021,6187,16.94,7.77,-0.766,8.75,False,True,True,0,0,0,0,True,
002301.SZ,002301,002301,齐心集团,主板,深市,主板,801140.SI,轻工制造,801145.SI,文娱用品,文娱用品,L,20091021,6187,16.94,8.82,4.009,18.519,False,True,True,0,0,0,0,True,
002302.SZ,002302,002302,西部建设,主板,深市,主板,801710.SI,建筑材料,801711.SI,水泥,水泥,L,20091103,6174,16.9,4.69,1.735,29.167,False,True,True,0,0,0,0,True,
002303.SZ,002303,002303,美盈森,主板,深市,主板,801140.SI,轻工制造,801141.SI,包装印刷,包装印刷,L,20091103,6174,16.9,6.7,10.016,18.75,False,True,True,0,0,0,0,True,
002304.SZ,002304,002304,洋河股份,主板,深市,主板,801120.SI,食品饮料,801125.SI,白酒Ⅱ,白酒Ⅱ,L,20091106,6171,16.9,36.9,-0.297,80.0,False,True,True,0,0,0,0,True,
002305.SZ,002305,002305,*ST南置,主板,深市,主板,801180.SI,房地产,801181.SI,房地产开发,房地产开发,L,20091106,6171,16.9,2.08,2.97,14.286,True,True,True,0,0,0,0,False,ST
002306.SZ,002306,002306,ST云网,主板,深市,主板,801210.SI,社会服务,801219.SI,酒店餐饮,酒店餐饮,L,20091111,6166,16.88,2.11,0.0,18.182,True,True,True,0,0,0,2,False,ST
002307.SZ,002307,002307,北新路桥,主板,深市,主板,801720.SI,建筑装饰,801723.SI,基础建设,基础建设,L,20091111,6166,16.88,2.95,2.431,6.667,False,True,True,0,0,0,0,True,
002309.SZ,002309,002309,中利集团,主板,深市,主板,801730.SI,电力设备,801738.SI,电网设备,电网设备,L,20091127,6150,16.84,2.8,1.449,13.333,False,True,True,0,0,0,0,True,
002310.SZ,002310,002310,东方新能,主板,深市,主板,801720.SI,建筑装饰,801723.SI,基础建设,基础建设,L,20091127,6150,16.84,2.25,-1.316,9.091,False,True,True,0,0,0,0,True,
002311.SZ,002311,002311,海大集团,主板,深市,主板,801010.SI,农林牧渔,801014.SI,饲料,饲料,L,20091127,6150,16.84,41.2,-0.435,22.807,False,True,True,0,0,0,0,True,
002312.SZ,002312,002312,川发龙蟒,主板,深市,主板,801030.SI,基础化工,801038.SI,农化制品,农化制品,L,20091203,6144,16.82,8.11,0.0,15.116,False,True,True,0,0,0,0,True,
002313.SZ,002313,002313,日海智能,主板,深市,主板,801770.SI,通信,801102.SI,通信设备,通信设备,L,20091203,6144,16.82,8.93,3.476,11.364,False,True,True,0,0,0,0,True,
002314.SZ,002314,002314,南山控股,主板,深市,主板,801180.SI,房地产,801181.SI,房地产开发,房地产开发,L,20091203,6144,16.82,2.37,4.405,9.091,False,True,True,0,0,0,0,True,
002315.SZ,002315,002315,焦点科技,主板,深市,主板,801200.SI,商贸零售,801206.SI,互联网电商,互联网电商,L,20091209,6138,16.8,24.94,3.314,6.349,False,True,True,0,0,0,0,True,
002316.SZ,002316,002316,亚联发展,主板,深市,主板,801790.SI,非银金融,801191.SI,多元金融,多元金融,L,20091209,6138,16.8,4.5,3.211,9.091,False,True,True,0,0,0,0,True,
002317.SZ,002317,002317,众生药业,主板,深市,主板,801150.SI,医药生物,801155.SI,中药Ⅱ,中药Ⅱ,L,20091211,6136,16.8,22.79,-1.385,14.4,False,True,True,0,0,0,0,True,
002318.SZ,002318,002318,久立特材,主板,深市,主板,801040.SI,钢铁,801045.SI,特钢Ⅱ,特钢Ⅱ,L,20091211,6136,16.8,17.52,-3.097,28.788,False,True,True,0,0,0,0,True,
002319.SZ,002319,002319,乐通股份,主板,深市,主板,801030.SI,基础化工,801034.SI,化学制品,化学制品,L,20091211,6136,16.8,10.17,1.904,8.824,False,True,True,0,0,0,0,True,
002320.SZ,002320,002320,海峡股份,主板,深市,主板,801170.SI,交通运输,801992.SI,航运港口,航运港口,L,20091216,6131,16.79,6.27,-1.104,19.118,False,True,True,0,0,0,0,True,
002321.SZ,002321,002321,华英农业,主板,深市,主板,801010.SI,农林牧渔,801017.SI,养殖业,养殖业,L,20091216,6131,16.79,2.08,-1.887,9.524,False,True,True,0,0,0,0,True,
002322.SZ,002322,002322,理工能科,主板,深市,主板,801750.SI,计算机,801104.SI,软件开发,软件开发,L,20091218,6129,16.78,11.89,-0.999,10.0,False,True,True,0,0,0,0,True,
002323.SZ,002323,002323,*ST雅博,主板,深市,主板,801720.SI,建筑装饰,801724.SI,专业工程,专业工程,L,20091218,6129,16.78,1.22,0.0,15.385,True,True,True,0,0,0,0,False,ST
002324.SZ,002324,002324,普利特,主板,深市,主板,801030.SI,基础化工,801036.SI,塑料,塑料,L,20091218,6129,16.78,8.85,2.076,6.522,False,True,True,0,0,0,0,True,
002326.SZ,002326,002326,永太科技,主板,深市,主板,801030.SI,基础化工,801034.SI,化学制品,化学制品,L,20091222,6125,16.77,16.16,1.063,17.778,False,True,True,0,0,0,0,True,
002327.SZ,002327,002327,富安娜,主板,深市,主板,801130.SI,纺织服饰,801132.SI,服装家纺,服装家纺,L,20091230,6117,16.75,6.1,0.66,9.375,False,True,True,0,0,0,0,True,
002328.SZ,002328,002328,新朋股份,主板,深市,主板,801880.SI,汽车,801093.SI,汽车零部件,汽车零部件,L,20091230,6117,16.75,8.26,0.0,8.046,False,True,True,0,0,0,0,True,
002329.SZ,002329,002329,皇氏集团,主板,深市,主板,801120.SI,食品饮料,801127.SI,饮料乳品,饮料乳品,L,20100106,6110,16.73,3.66,3.39,11.111,False,True,True,0,0,0,0,True,
002330.SZ,002330,002330,得利斯,主板,深市,主板,801120.SI,食品饮料,801124.SI,食品加工,食品加工,L,20100106,6110,16.73,4.11,0.244,9.756,False,True,True,0,0,0,0,True,
002331.SZ,002331,002331,皖通科技,主板,深市,主板,801750.SI,计算机,801103.SI,IT服务Ⅱ,IT服务Ⅱ,L,20100106,6110,16.73,7.04,4.451,8.696,False,True,True,0,0,0,0,True,
002332.SZ,002332,002332,仙琚制药,主板,深市,主板,801150.SI,医药生物,801151.SI,化学制药,化学制药,L,20100112,6104,16.71,8.58,-0.809,4.706,False,True,True,0,0,0,0,True,
002333.SZ,002333,002333,罗普斯金,主板,深市,主板,801710.SI,建筑材料,801713.SI,装修建材,装修建材,L,20100112,6104,16.71,5.52,-1.075,10.909,False,True,True,0,0,0,0,True,
002334.SZ,002334,002334,英威腾,主板,深市,主板,801890.SI,机械设备,801078.SI,自动化设备,自动化设备,L,20100113,6103,16.71,6.42,0.943,7.576,False,True,True,0,0,0,0,True,
002335.SZ,002335,002335,科华数据,主板,深市,主板,801730.SI,电力设备,801733.SI,其他电源设备Ⅱ,其他电源设备Ⅱ,L,20100113,6103,16.71,30.75,1.151,7.895,False,True,True,0,0,0,0,True,
002337.SZ,002337,002337,赛象科技,主板,深市,主板,801890.SI,机械设备,801074.SI,专用设备,专用设备,L,20100115,6101,16.7,4.77,1.489,8.696,False,True,True,0,0,0,0,True,
002338.SZ,002338,002338,奥普光电,主板,深市,主板,801740.SI,国防军工,801745.SI,军工电子Ⅱ,军工电子Ⅱ,L,20100115,6101,16.7,43.17,-1.145,12.963,False,True,True,0,0,0,0,True,
002339.SZ,002339,002339,积成电子,主板,深市,主板,801730.SI,电力设备,801738.SI,电网设备,电网设备,L,20100122,6094,16.68,7.06,0.427,10.526,False,True,True,0,0,0,0,True,
002340.SZ,002340,002340,格林美,主板,深市,主板,801730.SI,电力设备,801737.SI,电池,电池,L,20100122,6094,16.68,6.04,0.835,10.769,False,True,True,0,0,0,0,True,
002342.SZ,002342,002342,巨力索具,主板,深市,主板,801890.SI,机械设备,801072.SI,通用设备,通用设备,L,20100126,6090,16.67,8.45,-2.65,9.524,False,True,True,0,0,0,0,True,
002343.SZ,002343,002343,慈文传媒,主板,深市,主板,801760.SI,传媒,801766.SI,影视院线,影视院线,L,20100126,6090,16.67,5.72,2.326,7.018,False,True,True,0,0,0,0,True,
002344.SZ,002344,002344,海宁皮城,主板,深市,主板,801200.SI,商贸零售,801203.SI,一般零售,一般零售,L,20100126,6090,16.67,4.0,1.266,15.385,False,True,True,0,0,0,0,True,
002345.SZ,002345,002345,潮宏基,主板,深市,主板,801130.SI,纺织服饰,801133.SI,饰品,饰品,L,20100128,6088,16.67,8.11,-2.289,15.957,False,True,True,0,0,0,0,True,
002346.SZ,002346,002346,柘中股份,主板,深市,主板,801730.SI,电力设备,801738.SI,电网设备,电网设备,L,20100128,6088,16.67,17.9,-0.39,36.458,False,True,True,0,0,0,0,True,
002347.SZ,002347,002347,泰尔股份,主板,深市,主板,801890.SI,机械设备,801072.SI,通用设备,通用设备,L,20100128,6088,16.67,6.6,2.804,11.111,False,True,True,0,0,0,0,True,
002348.SZ,002348,002348,高乐股份,主板,深市,主板,801140.SI,轻工制造,801145.SI,文娱用品,文娱用品,L,20100203,6082,16.65,10.68,1.811,16.364,False,True,True,0,0,0,0,True,
002349.SZ,002349,002349,精华制药,主板,深市,主板,801150.SI,医药生物,801155.SI,中药Ⅱ,中药Ⅱ,L,20100203,6082,16.65,8.37,-3.571,7.143,False,True,True,0,0,0,0,True,
002350.SZ,002350,002350,北京科锐,主板,深市,主板,801730.SI,电力设备,801738.SI,电网设备,电网设备,L,20100203,6082,16.65,13.45,0.224,8.904,False,True,True,0,0,0,0,True,
002351.SZ,002351,002351,漫步者,主板,深市,主板,801080.SI,电子,801085.SI,消费电子,消费电子,L,20100205,6080,16.65,9.87,0.0,6.0,False,True,True,0,0,0,0,True,
002352.SZ,002352,002352,顺丰控股,主板,深市,主板,801170.SI,交通运输,801178.SI,物流,物流,L,20100205,6080,16.65,30.51,0.23,25.806,False,True,True,0,0,0,0,True,
002353.SZ,002353,002353,杰瑞股份,主板,深市,主板,801890.SI,机械设备,801074.SI,专用设备,专用设备,L,20100205,6080,16.65,109.78,-0.562,24.658,False,True,True,0,0,0,0,True,
002354.SZ,002354,002354,天娱数科,主板,深市,主板,801760.SI,传媒,801765.SI,广告营销,广告营销,L,20100209,6076,16.64,7.24,1.259,8.0,False,True,True,0,0,0,0,True,
002355.SZ,002355,002355,兴民智通,主板,深市,主板,801880.SI,汽车,801093.SI,汽车零部件,汽车零部件,L,20100209,6076,16.64,4.62,0.435,8.333,False,True,True,0,0,0,0,True,
002356.SZ,002356,002356,鹏飞绿能,主板,深市,主板,801200.SI,商贸零售,801203.SI,一般零售,一般零售,L,20100209,6076,16.64,2.65,1.145,15.385,False,True,True,0,0,0,0,True,
002357.SZ,002357,002357,富临运业,主板,深市,主板,801170.SI,交通运输,801179.SI,铁路公路,铁路公路,L,20100210,6075,16.63,11.58,1.847,13.559,False,True,True,0,0,0,0,True,
002358.SZ,002358,002358,森源电气,主板,深市,主板,801730.SI,电力设备,801738.SI,电网设备,电网设备,L,20100210,6075,16.63,5.13,0.786,9.259,False,True,True,0,0,0,0,True,
002360.SZ,002360,002360,ST同德,主板,深市,主板,801030.SI,基础化工,801034.SI,化学制品,化学制品,L,20100303,6054,16.57,5.37,-3.763,9.091,True,True,True,0,0,0,0,False,ST
002361.SZ,002361,002361,神剑股份,主板,深市,主板,801030.SI,基础化工,801036.SI,塑料,塑料,L,20100303,6054,16.57,9.79,-3.452,4.902,False,True,True,0,0,0,0,True,
002362.SZ,002362,002362,汉王科技,主板,深市,主板,801750.SI,计算机,801104.SI,软件开发,软件开发,L,20100303,6054,16.57,15.82,-0.189,7.317,False,True,True,0,0,0,0,True,
002363.SZ,002363,002363,隆基机械,主板,深市,主板,801880.SI,汽车,801093.SI,汽车零部件,汽车零部件,L,20100305,6052,16.57,6.98,1.454,13.846,False,True,True,0,0,0,0,True,
002364.SZ,002364,002364,中恒电气,主板,深市,主板,801730.SI,电力设备,801733.SI,其他电源设备Ⅱ,其他电源设备Ⅱ,L,20100305,6052,16.57,32.8,0.583,9.836,False,True,True,0,0,0,0,True,
002365.SZ,002365,002365,永安药业,主板,深市,主板,801150.SI,医药生物,801151.SI,化学制药,化学制药,L,20100305,6052,16.57,13.0,-1.366,8.571,False,True,True,0,0,0,0,True,
002366.SZ,002366,002366,融发核电,主板,深市,主板,801730.SI,电力设备,801733.SI,其他电源设备Ⅱ,其他电源设备Ⅱ,L,20100312,6045,16.55,5.47,-0.182,13.333,False,True,True,0,0,0,0,True,
002367.SZ,002367,002367,康力电梯,主板,深市,主板,801890.SI,机械设备,801074.SI,专用设备,专用设备,L,20100312,6045,16.55,6.17,7.304,11.864,False,True,True,0,0,0,0,True,
002368.SZ,002368,002368,太极股份,主板,深市,主板,801750.SI,计算机,801103.SI,IT服务Ⅱ,IT服务Ⅱ,L,20100312,6045,16.55,12.72,1.033,11.429,False,True,True,0,0,0,0,True,
002369.SZ,002369,002369,卓翼科技,主板,深市,主板,801080.SI,电子,801085.SI,消费电子,消费电子,L,20100316,6041,16.54,5.6,1.633,11.864,False,True,True,0,0,0,0,True,
002370.SZ,002370,002370,亚太药业,主板,深市,主板,801150.SI,医药生物,801151.SI,化学制药,化学制药,L,20100316,6041,16.54,5.1,0.197,12.963,False,True,True,0,0,0,0,True,
002371.SZ,002371,002371,北方华创,主板,深市,主板,801080.SI,电子,801081.SI,半导体,半导体,L,20100316,6041,16.54,628.96,-0.784,25.455,False,True,True,0,0,0,0,True,
002372.SZ,002372,002372,伟星新材,主板,深市,主板,801710.SI,建筑材料,801713.SI,装修建材,装修建材,L,20100318,6039,16.53,8.27,2.225,27.907,False,True,True,0,0,0,0,True,
002373.SZ,002373,002373,千方科技,主板,深市,主板,801750.SI,计算机,801103.SI,IT服务Ⅱ,IT服务Ⅱ,L,20100318,6039,16.53,7.37,1.515,10.526,False,True,True,0,0,0,0,True,
002374.SZ,002374,002374,中锐股份,主板,深市,主板,801140.SI,轻工制造,801141.SI,包装印刷,包装印刷,L,20100318,6039,16.53,3.3,0.917,9.677,False,True,True,0,0,0,0,True,
002375.SZ,002375,002375,亚厦股份,主板,深市,主板,801720.SI,建筑装饰,801722.SI,装修装饰Ⅱ,装修装饰Ⅱ,L,20100323,6034,16.52,3.86,2.387,16.667,False,True,True,0,0,0,0,True,
002376.SZ,002376,002376,新北洋,主板,深市,主板,801750.SI,计算机,801101.SI,计算机设备,计算机设备,L,20100323,6034,16.52,6.59,-1.199,6.061,False,True,True,0,0,0,0,True,
002377.SZ,002377,002377,国创高新,主板,深市,主板,801960.SI,石油石化,801963.SI,炼化及贸易,炼化及贸易,L,20100323,6034,16.52,2.93,1.384,9.677,False,True,True,0,0,0,0,True,
002378.SZ,002378,002378,章源钨业,主板,深市,主板,801050.SI,有色金属,801054.SI,小金属,小金属,L,20100331,6026,16.5,21.28,-0.374,13.115,False,True,True,0,0,0,0,True,
002379.SZ,002379,002379,宏桥控股,主板,深市,主板,801050.SI,有色金属,801055.SI,工业金属,工业金属,L,20100331,6026,16.5,16.3,3.361,13.187,False,True,True,0,0,0,0,True,
002380.SZ,002380,002380,科远智慧,主板,深市,主板,801750.SI,计算机,801103.SI,IT服务Ⅱ,IT服务Ⅱ,L,20100331,6026,16.5,26.85,0.864,10.145,False,True,True,0,0,0,0,True,
002381.SZ,002381,002381,双箭股份,主板,深市,主板,801030.SI,基础化工,801037.SI,橡胶,橡胶,L,20100402,6024,16.49,5.65,1.619,7.273,False,True,True,0,0,0,0,True,
002382.SZ,002382,002382,蓝帆医疗,主板,深市,主板,801150.SI,医药生物,801153.SI,医疗器械,医疗器械,L,20100402,6024,16.49,6.1,0.164,10.345,False,True,True,0,0,0,0,True,
002383.SZ,002383,002383,合众思壮,主板,深市,主板,801740.SI,国防军工,801745.SI,军工电子Ⅱ,军工电子Ⅱ,L,20100402,6024,16.49,8.08,-0.247,10.0,False,True,True,0,0,0,0,True,
002384.SZ,002384,002384,东山精密,主板,深市,主板,801080.SI,电子,801083.SI,元件,元件,L,20100409,6017,16.47,171.21,1.741,11.504,False,True,True,0,0,0,0,True,
002385.SZ,002385,002385,大北农,主板,深市,主板,801010.SI,农林牧渔,801014.SI,饲料,饲料,L,20100409,6017,16.47,3.07,0.327,12.121,False,True,True,0,0,0,0,True,
002386.SZ,002386,002386,天原股份,主板,深市,主板,801030.SI,基础化工,801033.SI,化学原料,化学原料,L,20100409,6017,16.47,5.79,0.696,6.78,False,True,True,0,0,0,0,True,
002387.SZ,002387,002387,维信诺,主板,深市,主板,801080.SI,电子,801084.SI,光学光电子,光学光电子,L,20100413,6013,16.46,6.63,-1.045,22.222,False,True,True,0,0,0,0,True,
002388.SZ,002388,002388,新亚制程,主板,深市,主板,801080.SI,电子,801082.SI,其他电子Ⅱ,其他电子Ⅱ,L,20100413,6013,16.46,8.27,6.298,6.329,False,True,True,0,0,0,0,True,
002389.SZ,002389,002389,航天彩虹,主板,深市,主板,801740.SI,国防军工,801742.SI,航空装备Ⅱ,航空装备Ⅱ,L,20100413,6013,16.46,17.93,-0.83,8.511,False,True,True,0,0,0,0,True,
002390.SZ,002390,002390,信邦制药,主板,深市,主板,801150.SI,医药生物,801155.SI,中药Ⅱ,中药Ⅱ,L,20100416,6010,16.45,2.92,0.344,7.143,False,True,True,0,0,0,0,True,
002391.SZ,002391,002391,长青股份,主板,深市,主板,801030.SI,基础化工,801038.SI,农化制品,农化制品,L,20100416,6010,16.45,5.11,0.789,5.769,False,True,True,0,0,0,0,True,
002392.SZ,002392,002392,北京利尔,主板,深市,主板,801710.SI,建筑材料,801713.SI,装修建材,装修建材,L,20100423,6003,16.44,7.41,-0.936,14.286,False,True,True,0,0,0,0,True,
002393.SZ,002393,002393,力生制药,主板,深市,主板,801150.SI,医药生物,801151.SI,化学制药,化学制药,L,20100423,6003,16.44,13.87,0.144,18.056,False,True,True,0,0,0,0,True,
002394.SZ,002394,002394,联发股份,主板,深市,主板,801130.SI,纺织服饰,801131.SI,纺织制造,纺织制造,L,20100423,6003,16.44,10.59,3.016,15.534,False,True,True,0,0,0,0,True,
002395.SZ,002395,002395,双象股份,主板,深市,主板,801030.SI,基础化工,801036.SI,塑料,塑料,L,20100429,5997,16.42,13.68,-2.146,14.925,False,True,True,0,0,0,0,True,
002396.SZ,002396,002396,星网锐捷,主板,深市,主板,801770.SI,通信,801102.SI,通信设备,通信设备,L,20100623,5942,16.27,32.86,-0.394,13.208,False,True,True,0,0,0,0,True,
002397.SZ,002397,002397,梦洁股份,主板,深市,主板,801130.SI,纺织服饰,801132.SI,服装家纺,服装家纺,L,20100429,5997,16.42,3.62,1.401,8.333,False,True,True,0,0,0,0,True,
002398.SZ,002398,002398,垒知集团,主板,深市,主板,801710.SI,建筑材料,801713.SI,装修建材,装修建材,L,20100506,5990,16.4,4.27,0.235,7.143,False,True,True,0,0,0,0,True,
002399.SZ,002399,002399,海普瑞,主板,深市,主板,801150.SI,医药生物,801151.SI,化学制药,化学制药,L,20100506,5990,16.4,9.61,-0.518,23.077,False,True,True,0,0,0,0,True,
002400.SZ,002400,002400,省广集团,主板,深市,主板,801760.SI,传媒,801765.SI,广告营销,广告营销,L,20100506,5990,16.4,6.48,3.514,7.576,False,True,True,0,0,0,0,True,
002401.SZ,002401,002401,中远海科,主板,深市,主板,801750.SI,计算机,801103.SI,IT服务Ⅱ,IT服务Ⅱ,L,20100506,5990,16.4,12.08,0.751,10.0,False,True,True,0,0,0,0,True,
002402.SZ,002402,002402,和而泰,主板,深市,主板,801080.SI,电子,801085.SI,消费电子,消费电子,L,20100511,5985,16.39,17.81,0.0,12.903,False,True,True,0,0,0,0,True,
002403.SZ,002403,002403,爱仕达,主板,深市,主板,801110.SI,家用电器,801113.SI,小家电,小家电,L,20100511,5985,16.39,10.23,-2.292,9.804,False,True,True,0,0,0,0,True,
002404.SZ,002404,002404,嘉欣丝绸,主板,深市,主板,801130.SI,纺织服饰,801132.SI,服装家纺,服装家纺,L,20100511,5985,16.39,5.84,0.69,5.172,False,True,True,0,0,0,0,True,
002405.SZ,002405,002405,四维图新,主板,深市,主板,801750.SI,计算机,801104.SI,软件开发,软件开发,L,20100518,5978,16.37,5.91,0.34,12.5,False,True,True,0,0,0,0,True,
002406.SZ,002406,002406,远东传动,主板,深市,主板,801880.SI,汽车,801093.SI,汽车零部件,汽车零部件,L,20100518,5978,16.37,6.42,0.156,7.576,False,True,True,0,0,0,0,True,
002407.SZ,002407,002407,多氟多,主板,深市,主板,801030.SI,基础化工,801034.SI,化学制品,化学制品,L,20100518,5978,16.37,29.78,0.101,8.589,False,True,True,0,0,0,0,True,
002408.SZ,002408,002408,齐翔腾达,主板,深市,主板,801960.SI,石油石化,801963.SI,炼化及贸易,炼化及贸易,L,20100518,5978,16.37,5.09,-2.677,15.094,False,True,True,0,0,0,0,True,
002409.SZ,002409,002409,雅克科技,主板,深市,主板,801080.SI,电子,801081.SI,半导体,半导体,L,20100525,5971,16.35,124.55,-0.12,7.965,False,True,True,0,0,0,0,True,
002410.SZ,002410,002410,广联达,主板,深市,主板,801750.SI,计算机,801104.SI,软件开发,软件开发,L,20100525,5971,16.35,8.46,1.805,13.636,False,True,True,0,0,0,0,True,
002412.SZ,002412,002412,汉森制药,主板,深市,主板,801150.SI,医药生物,801155.SI,中药Ⅱ,中药Ⅱ,L,20100525,5971,16.35,8.82,-0.226,8.696,False,True,True,0,0,0,0,True,
002413.SZ,002413,002413,雷科防务,主板,深市,主板,801740.SI,国防军工,801745.SI,军工电子Ⅱ,军工电子Ⅱ,L,20100528,5968,16.34,8.78,-4.357,11.236,False,True,True,0,0,0,0,True,
002414.SZ,002414,002414,高德红外,主板,深市,主板,801740.SI,国防军工,801745.SI,军工电子Ⅱ,军工电子Ⅱ,L,20100716,5919,16.21,11.27,-0.879,13.281,False,True,True,0,0,0,0,True,
002415.SZ,002415,002415,海康威视,主板,深市,主板,801750.SI,计算机,801101.SI,计算机设备,计算机设备,L,20100528,5968,16.34,32.11,-0.155,14.286,False,True,True,0,0,0,0,True,
002416.SZ,002416,002416,爱施德,主板,深市,主板,801200.SI,商贸零售,801204.SI,专业连锁Ⅱ,专业连锁Ⅱ,L,20100528,5968,16.34,8.9,1.136,11.579,False,True,True,0,0,0,0,True,
002418.SZ,002418,002418,康盛股份,主板,深市,主板,801110.SI,家用电器,801116.SI,家电零部件Ⅱ,家电零部件Ⅱ,L,20100601,5964,16.33,4.36,1.869,8.889,False,True,True,0,0,0,0,True,
002419.SZ,002419,002419,天虹股份,主板,深市,主板,801200.SI,商贸零售,801203.SI,一般零售,一般零售,L,20100601,5964,16.33,4.63,1.535,8.696,False,True,True,0,0,0,0,True,
002420.SZ,002420,002420,毅昌科技,主板,深市,主板,801110.SI,家用电器,801116.SI,家电零部件Ⅱ,家电零部件Ⅱ,L,20100601,5964,16.33,6.1,1.329,11.864,False,True,True,0,0,0,0,True,
002421.SZ,002421,002421,达实智能,主板,深市,主板,801750.SI,计算机,801103.SI,IT服务Ⅱ,IT服务Ⅱ,L,20100603,5962,16.32,3.21,2.556,9.375,False,True,True,0,0,0,0,True,
002422.SZ,002422,002422,科伦药业,主板,深市,主板,801150.SI,医药生物,801151.SI,化学制药,化学制药,L,20100603,5962,16.32,39.22,1.606,16.19,False,True,True,0,0,0,0,True,
002423.SZ,002423,002423,中粮资本,主板,深市,主板,801790.SI,非银金融,801191.SI,多元金融,多元金融,L,20100603,5962,16.32,9.11,0.663,20.0,False,True,True,0,0,0,0,True,
002424.SZ,002424,002424,ST百灵,主板,深市,主板,801150.SI,医药生物,801155.SI,中药Ⅱ,中药Ⅱ,L,20100603,5962,16.32,4.63,-1.698,10.87,True,True,True,0,0,0,0,False,ST
002425.SZ,002425,002425,凯撒文化,主板,深市,主板,801760.SI,传媒,801764.SI,游戏Ⅱ,游戏Ⅱ,L,20100608,5957,16.31,3.12,2.97,12.5,False,True,True,0,0,0,0,True,
002426.SZ,002426,002426,胜利精密,主板,深市,主板,801080.SI,电子,801085.SI,消费电子,消费电子,L,20100608,5957,16.31,2.65,-0.749,11.111,False,True,True,0,0,0,0,True,
002427.SZ,002427,002427,尤夫股份,主板,深市,主板,801030.SI,基础化工,801032.SI,化学纤维,化学纤维,L,20100608,5957,16.31,4.53,1.116,12.5,False,True,True,0,0,0,0,True,
002428.SZ,002428,002428,云南锗业,主板,深市,主板,801050.SI,有色金属,801054.SI,小金属,小金属,L,20100608,5957,16.31,87.16,-0.695,8.621,False,True,True,0,0,0,0,True,
002429.SZ,002429,002429,兆驰股份,主板,深市,主板,801110.SI,家用电器,801112.SI,黑色家电,黑色家电,L,20100610,5955,16.3,8.14,1.37,32.927,False,True,True,0,0,0,0,True,
002430.SZ,002430,002430,杭氧股份,主板,深市,主板,801030.SI,基础化工,801034.SI,化学制品,化学制品,L,20100610,5955,16.3,24.22,0.415,15.625,False,True,True,0,0,0,0,True,
002431.SZ,002431,002431,ST棕榈,主板,深市,主板,801720.SI,建筑装饰,801723.SI,基础建设,基础建设,L,20100610,5955,16.3,1.3,0.775,15.385,True,True,True,0,0,0,0,False,ST
002432.SZ,002432,002432,九安医疗,主板,深市,主板,801150.SI,医药生物,801153.SI,医疗器械,医疗器械,L,20100610,5955,16.3,60.34,1.96,14.085,False,True,True,0,0,0,0,True,
002434.SZ,002434,002434,万里扬,主板,深市,主板,801880.SI,汽车,801093.SI,汽车零部件,汽车零部件,L,20100618,5947,16.28,6.16,-0.324,16.949,False,True,True,0,0,0,0,True,
002436.SZ,002436,002436,兴森科技,主板,深市,主板,801080.SI,电子,801083.SI,元件,元件,L,20100618,5947,16.28,42.2,2.577,13.084,False,True,True,0,0,0,0,True,
002437.SZ,002437,002437,誉衡药业,主板,深市,主板,801150.SI,医药生物,801151.SI,化学制药,化学制药,L,20100623,5942,16.27,3.47,0.58,8.333,False,True,True,0,0,0,0,True,
002438.SZ,002438,002438,江苏神通,主板,深市,主板,801890.SI,机械设备,801072.SI,通用设备,通用设备,L,20100623,5942,16.27,13.65,-2.08,9.353,False,True,True,0,0,0,0,True,
002439.SZ,002439,002439,启明星辰,主板,深市,主板,801750.SI,计算机,801104.SI,软件开发,软件开发,L,20100623,5942,16.27,14.94,4.112,8.571,False,True,True,0,0,0,0,True,
002440.SZ,002440,002440,闰土股份,主板,深市,主板,801030.SI,基础化工,801034.SI,化学制品,化学制品,L,20100706,5929,16.23,12.99,-1.591,12.5,False,True,True,0,0,0,0,True,
002441.SZ,002441,002441,众业达,主板,深市,主板,801730.SI,电力设备,801738.SI,电网设备,电网设备,L,20100706,5929,16.23,8.25,1.351,8.75,False,True,True,0,0,0,0,True,
002442.SZ,002442,002442,龙星科技,主板,深市,主板,801030.SI,基础化工,801037.SI,橡胶,橡胶,L,20100706,5929,16.23,5.32,1.721,9.091,False,True,True,0,0,0,0,True,
002443.SZ,002443,002443,金洲管道,主板,深市,主板,801040.SI,钢铁,801045.SI,特钢Ⅱ,特钢Ⅱ,L,20100706,5929,16.23,12.85,3.462,16.406,False,True,True,0,0,0,0,True,
002444.SZ,002444,002444,巨星科技,主板,深市,主板,801890.SI,机械设备,801072.SI,通用设备,通用设备,L,20100713,5922,16.21,26.58,-1.409,12.162,False,True,True,0,0,0,0,True,
002445.SZ,002445,002445,中南文化,主板,深市,主板,801890.SI,机械设备,801072.SI,通用设备,通用设备,L,20100713,5922,16.21,3.1,0.649,12.5,False,True,True,0,6,6,6,False,近60日停牌
002446.SZ,002446,002446,盛路通信,主板,深市,主板,801740.SI,国防军工,801745.SI,军工电子Ⅱ,军工电子Ⅱ,L,20100713,5922,16.21,7.74,-0.129,7.317,False,True,True,0,0,0,0,True,
002448.SZ,002448,002448,中原内配,主板,深市,主板,801880.SI,汽车,801093.SI,汽车零部件,汽车零部件,L,20100716,5919,16.21,10.77,0.279,11.017,False,True,True,0,0,0,0,True,
002449.SZ,002449,002449,国星光电,主板,深市,主板,801080.SI,电子,801084.SI,光学光电子,光学光电子,L,20100716,5919,16.21,6.53,0.927,6.154,False,True,True,0,0,0,0,True,
002451.SZ,002451,002451,摩恩电气,主板,深市,主板,801730.SI,电力设备,801738.SI,电网设备,电网设备,L,20100720,5915,16.19,7.52,0.804,7.792,False,True,True,0,0,0,0,True,
002452.SZ,002452,002452,长高电气,主板,深市,主板,801730.SI,电力设备,801738.SI,电网设备,电网设备,L,20100720,5915,16.19,11.35,1.159,7.692,False,True,True,0,0,0,0,True,
002453.SZ,002453,002453,华软科技,主板,深市,主板,801030.SI,基础化工,801034.SI,化学制品,化学制品,L,20100720,5915,16.19,4.72,2.609,18.367,False,True,True,0,0,0,0,True,
002454.SZ,002454,002454,松芝股份,主板,深市,主板,801880.SI,汽车,801093.SI,汽车零部件,汽车零部件,L,20100720,5915,16.19,5.1,-0.196,16.0,False,True,True,0,0,0,0,True,
002455.SZ,002455,002455,百川股份,主板,深市,主板,801030.SI,基础化工,801034.SI,化学制品,化学制品,L,20100803,5901,16.16,6.8,2.256,13.889,False,True,True,0,0,0,0,True,
002456.SZ,002456,002456,欧菲光,主板,深市,主板,801080.SI,电子,801084.SI,光学光电子,光学光电子,L,20100803,5901,16.16,6.48,-0.461,17.143,False,True,True,0,0,0,0,True,
002457.SZ,002457,002457,青龙管业,主板,深市,主板,801710.SI,建筑材料,801713.SI,装修建材,装修建材,L,20100803,5901,16.16,11.11,2.208,10.435,False,True,True,0,0,0,0,True,
002458.SZ,002458,002458,益生股份,主板,深市,主板,801010.SI,农林牧渔,801017.SI,养殖业,养殖业,L,20100810,5894,16.14,8.05,-0.862,12.5,False,True,True,0,0,0,0,True,
002459.SZ,002459,002459,晶澳科技,主板,深市,主板,801730.SI,电力设备,801735.SI,光伏设备,光伏设备,L,20100810,5894,16.14,6.6,0.61,22.222,False,True,True,0,0,0,0,True,
002460.SZ,002460,002460,赣锋锂业,主板,深市,主板,801050.SI,有色金属,801056.SI,能源金属,能源金属,L,20100810,5894,16.14,43.38,3.532,18.182,False,True,True,0,0,0,0,True,
002461.SZ,002461,002461,珠江啤酒,主板,深市,主板,801120.SI,食品饮料,801126.SI,非白酒,非白酒,L,20100818,5886,16.11,8.31,0.241,18.681,False,True,True,0,0,0,0,True,
002462.SZ,002462,002462,嘉事堂,主板,深市,主板,801150.SI,医药生物,801154.SI,医药商业,医药商业,L,20100818,5886,16.11,12.18,-0.49,11.475,False,True,True,0,0,0,0,True,
002463.SZ,002463,002463,沪电股份,主板,深市,主板,801080.SI,电子,801083.SI,元件,元件,L,20100818,5886,16.11,119.07,1.596,9.677,False,True,True,0,0,0,0,True,
002465.SZ,002465,002465,海格通信,主板,深市,主板,801740.SI,国防军工,801745.SI,军工电子Ⅱ,军工电子Ⅱ,L,20100831,5873,16.08,10.0,0.0,7.843,False,True,True,0,0,0,0,True,
002466.SZ,002466,002466,天齐锂业,主板,深市,主板,801050.SI,有色金属,801056.SI,能源金属,能源金属,L,20100831,5873,16.08,40.55,2.893,17.544,False,True,True,0,0,0,0,True,
002467.SZ,002467,002467,二六三,主板,深市,主板,801770.SI,通信,801223.SI,通信服务,通信服务,L,20100908,5865,16.06,5.06,1.403,8.163,False,True,True,0,0,0,0,True,
002468.SZ,002468,002468,申通快递,主板,深市,主板,801170.SI,交通运输,801178.SI,物流,物流,L,20100908,5865,16.06,14.69,0.548,13.889,False,True,True,0,0,0,0,True,
002469.SZ,002469,002469,三维化学,主板,深市,主板,801720.SI,建筑装饰,801724.SI,专业工程,专业工程,L,20100908,5865,16.06,6.02,0.501,11.111,False,True,True,0,0,0,0,True,
002470.SZ,002470,002470,金正大,主板,深市,主板,801030.SI,基础化工,801038.SI,农化制品,农化制品,L,20100908,5865,16.06,1.97,1.026,19.048,False,True,True,0,0,0,0,True,
002471.SZ,002471,002471,中超控股,主板,深市,主板,801730.SI,电力设备,801738.SI,电网设备,电网设备,L,20100910,5863,16.05,5.21,-0.951,8.929,False,True,True,0,0,0,0,True,
002472.SZ,002472,002472,双环传动,主板,深市,主板,801880.SI,汽车,801093.SI,汽车零部件,汽车零部件,L,20100910,5863,16.05,38.7,-0.232,9.333,False,True,True,0,0,0,0,True,
002474.SZ,002474,002474,榕基软件,主板,深市,主板,801750.SI,计算机,801103.SI,IT服务Ⅱ,IT服务Ⅱ,L,20100915,5858,16.04,6.73,5.321,4.687,False,True,True,0,0,0,0,True,
002475.SZ,002475,002475,立讯精密,主板,深市,主板,801080.SI,电子,801085.SI,消费电子,消费电子,L,20100915,5858,16.04,50.4,0.962,18.571,False,True,True,0,0,0,0,True,
002476.SZ,002476,002476,新叶股份,主板,深市,主板,801960.SI,石油石化,801963.SI,炼化及贸易,炼化及贸易,L,20100915,5858,16.04,4.88,0.205,14.0,False,True,True,0,0,0,0,True,
002478.SZ,002478,002478,常宝股份,主板,深市,主板,801040.SI,钢铁,801045.SI,特钢Ⅱ,特钢Ⅱ,L,20100921,5852,16.02,6.3,-1.716,8.955,False,True,True,0,0,0,0,True,
002479.SZ,002479,002479,富春环保,主板,深市,主板,801160.SI,公用事业,801161.SI,电力,电力,L,20100921,5852,16.02,5.71,-1.552,12.069,False,True,True,0,0,0,0,True,
002480.SZ,002480,002480,新筑股份,主板,深市,主板,801160.SI,公用事业,801161.SI,电力,电力,L,20100921,5852,16.02,5.53,-2.124,12.963,False,True,True,0,0,0,0,True,
002481.SZ,002481,002481,双塔食品,主板,深市,主板,801010.SI,农林牧渔,801012.SI,农产品加工,农产品加工,L,20100921,5852,16.02,4.22,-0.706,11.628,False,True,True,0,0,0,0,True,
002482.SZ,002482,002482,广田集团,主板,深市,主板,801720.SI,建筑装饰,801722.SI,装修装饰Ⅱ,装修装饰Ⅱ,L,20100929,5844,16.0,1.37,3.007,15.385,False,True,True,0,0,0,0,True,
002483.SZ,002483,002483,润邦股份,主板,深市,主板,801890.SI,机械设备,801074.SI,专用设备,专用设备,L,20100929,5844,16.0,5.87,0.171,16.667,False,True,True,0,0,0,0,True,
002484.SZ,002484,002484,江海股份,主板,深市,主板,801080.SI,电子,801083.SI,元件,元件,L,20100929,5844,16.0,52.84,1.304,11.765,False,True,True,0,0,0,0,True,
002485.SZ,002485,002485,ST雪发,主板,深市,主板,801170.SI,交通运输,801178.SI,物流,物流,L,20101015,5828,15.96,5.84,1.389,22.642,True,True,True,0,0,0,0,False,ST
002486.SZ,002486,002486,嘉麟杰,主板,深市,主板,801130.SI,纺织服饰,801132.SI,服装家纺,服装家纺,L,20101015,5828,15.96,2.69,0.373,10.714,False,True,True,0,0,0,0,True,
002487.SZ,002487,002487,大金重工,主板,深市,主板,801730.SI,电力设备,801736.SI,风电设备,风电设备,L,20101015,5828,15.96,42.93,3.746,11.364,False,True,True,0,0,0,0,True,
002488.SZ,002488,002488,金固股份,主板,深市,主板,801880.SI,汽车,801093.SI,汽车零部件,汽车零部件,L,20101021,5822,15.94,7.19,0.0,20.0,False,True,True,0,0,0,0,True,
002489.SZ,002489,002489,浙江永强,主板,深市,主板,801140.SI,轻工制造,801142.SI,家居用品,家居用品,L,20101021,5822,15.94,2.9,-0.685,17.241,False,True,True,0,0,0,0,True,
002490.SZ,002490,002490,山东墨龙,主板,深市,主板,801890.SI,机械设备,801074.SI,专用设备,专用设备,L,20101021,5822,15.94,6.94,-0.287,12.329,False,True,True,0,0,0,0,True,
002491.SZ,002491,002491,通鼎互联,主板,深市,主板,801770.SI,通信,801102.SI,通信设备,通信设备,L,20101021,5822,15.94,20.62,-3.735,16.807,False,True,True,0,0,0,0,True,
002492.SZ,002492,002492,恒基达鑫,主板,深市,主板,801170.SI,交通运输,801178.SI,物流,物流,L,20101102,5810,15.91,6.52,2.516,15.0,False,True,True,0,0,0,0,True,
002493.SZ,002493,002493,荣盛石化,主板,深市,主板,801960.SI,石油石化,801963.SI,炼化及贸易,炼化及贸易,L,20101102,5810,15.91,13.25,-3.214,26.19,False,True,True,0,0,0,0,True,
002494.SZ,002494,002494,华斯股份,主板,深市,主板,801130.SI,纺织服饰,801132.SI,服装家纺,服装家纺,L,20101102,5810,15.91,5.32,9.917,12.5,False,True,True,0,0,0,0,True,
002495.SZ,002495,002495,佳隆股份,主板,深市,主板,801120.SI,食品饮料,801129.SI,调味发酵品Ⅱ,调味发酵品Ⅱ,L,20101102,5810,15.91,2.43,0.413,4.167,False,True,True,0,0,0,0,True,
002496.SZ,002496,002496,辉丰股份,主板,深市,主板,801030.SI,基础化工,801038.SI,农化制品,农化制品,L,20101109,5803,15.89,2.1,0.478,9.524,False,True,True,0,0,0,2,True,
002497.SZ,002497,002497,雅化集团,主板,深市,主板,801030.SI,基础化工,801034.SI,化学制品,化学制品,L,20101109,5803,15.89,15.72,1.813,16.949,False,True,True,0,0,0,0,True,
002498.SZ,002498,002498,汉缆股份,主板,深市,主板,801730.SI,电力设备,801738.SI,电网设备,电网设备,L,20101109,5803,15.89,6.06,-0.656,10.448,False,True,True,0,0,0,0,True,
002500.SZ,002500,002500,山西证券,主板,深市,主板,801790.SI,非银金融,801193.SI,证券Ⅱ,证券Ⅱ,L,20101115,5797,15.87,5.15,1.179,11.321,False,True,True,0,0,0,0,True,
002501.SZ,002501,002501,*ST利源,主板,深市,主板,801050.SI,有色金属,801055.SI,工业金属,工业金属,L,20101117,5795,15.87,1.27,0.0,33.333,True,True,True,0,0,0,0,False,ST
002506.SZ,002506,002506,协鑫集成,主板,深市,主板,801730.SI,电力设备,801735.SI,光伏设备,光伏设备,L,20101118,5794,15.86,2.35,1.732,12.0,False,True,True,0,0,0,0,True,
002507.SZ,002507,002507,涪陵榨菜,主板,深市,主板,801120.SI,食品饮料,801129.SI,调味发酵品Ⅱ,调味发酵品Ⅱ,L,20101123,5789,15.85,11.08,-0.09,10.714,False,True,True,0,0,0,0,True,
002508.SZ,002508,002508,老板电器,主板,深市,主板,801110.SI,家用电器,801114.SI,厨卫电器,厨卫电器,L,20101123,5789,15.85,16.6,0.302,17.073,False,True,True,0,0,0,0,True,
002510.SZ,002510,002510,天汽模,主板,深市,主板,801880.SI,汽车,801093.SI,汽车零部件,汽车零部件,L,20101125,5787,15.84,5.68,1.248,7.018,False,True,True,0,0,0,0,True,
002511.SZ,002511,002511,中顺洁柔,主板,深市,主板,801980.SI,美容护理,801981.SI,个护用品,个护用品,L,20101125,5787,15.84,6.91,0.729,16.667,False,True,True,0,0,0,0,True,
002512.SZ,002512,002512,ST达华,主板,深市,主板,801750.SI,计算机,801101.SI,计算机设备,计算机设备,L,20101203,5779,15.82,3.72,0.54,12.821,True,True,True,0,0,0,0,False,ST
002513.SZ,002513,002513,蓝丰生化,主板,深市,主板,801030.SI,基础化工,801038.SI,农化制品,农化制品,L,20101203,5779,15.82,5.47,2.82,7.547,False,True,True,0,0,0,0,True,
002514.SZ,002514,002514,*ST宝馨,主板,深市,主板,801890.SI,机械设备,801072.SI,通用设备,通用设备,L,20101203,5779,15.82,2.41,-5.118,8.0,True,True,True,0,0,0,0,False,ST
002515.SZ,002515,002515,金字火腿,主板,深市,主板,801120.SI,食品饮料,801124.SI,食品加工,食品加工,L,20101203,5779,15.82,7.25,2.401,10.526,False,True,True,0,0,0,0,True,
002516.SZ,002516,002516,旷达科技,主板,深市,主板,801880.SI,汽车,801093.SI,汽车零部件,汽车零部件,L,20101207,5775,15.81,5.54,-0.894,12.281,False,True,True,0,0,0,0,True,
002517.SZ,002517,002517,恺英网络,主板,深市,主板,801760.SI,传媒,801764.SI,游戏Ⅱ,游戏Ⅱ,L,20101207,5775,15.81,15.87,1.212,8.929,False,True,True,0,0,0,0,True,
002518.SZ,002518,002518,科士达,主板,深市,主板,801730.SI,电力设备,801733.SI,其他电源设备Ⅱ,其他电源设备Ⅱ,L,20101207,5775,15.81,34.33,1.268,14.754,False,True,True,0,0,0,0,True,
002519.SZ,002519,002519,银河电子,主板,深市,主板,801740.SI,国防军工,801743.SI,地面兵装Ⅱ,地面兵装Ⅱ,L,20101207,5775,15.81,5.66,-0.176,8.333,False,True,True,0,0,0,0,True,
002520.SZ,002520,002520,日发精机,主板,深市,主板,801890.SI,机械设备,801072.SI,通用设备,通用设备,L,20101210,5772,15.8,6.35,-0.936,6.25,False,True,True,0,0,0,0,True,
002521.SZ,002521,002521,齐峰新材,主板,深市,主板,801140.SI,轻工制造,801143.SI,造纸,造纸,L,20101210,5772,15.8,6.2,1.142,14.925,False,True,True,0,0,0,0,True,
002522.SZ,002522,002522,浙江众成,主板,深市,主板,801030.SI,基础化工,801036.SI,塑料,塑料,L,20101210,5772,15.8,5.34,1.714,13.793,False,True,True,0,0,0,0,True,
002523.SZ,002523,002523,天桥起重,主板,深市,主板,801890.SI,机械设备,801074.SI,专用设备,专用设备,L,20101210,5772,15.8,3.44,1.177,11.765,False,True,True,0,0,0,0,True,
002524.SZ,002524,002524,光正眼科,主板,深市,主板,801150.SI,医药生物,801156.SI,医疗服务,医疗服务,L,20101217,5765,15.78,4.2,4.218,5.0,False,True,True,0,0,0,0,True,
002526.SZ,002526,002526,山东矿机,主板,深市,主板,801890.SI,机械设备,801074.SI,专用设备,专用设备,L,20101217,5765,15.78,2.59,1.172,7.692,False,True,True,0,0,0,0,True,
002527.SZ,002527,002527,新时达,主板,深市,主板,801890.SI,机械设备,801074.SI,专用设备,专用设备,L,20101224,5758,15.76,10.63,1.528,16.071,False,True,True,0,0,0,0,True,
002528.SZ,002528,002528,*ST英飞,主板,深市,主板,801750.SI,计算机,801101.SI,计算机设备,计算机设备,L,20101224,5758,15.76,6.21,4.899,33.871,True,True,True,0,0,0,0,False,ST
002529.SZ,002529,002529,海源复材,主板,深市,主板,801890.SI,机械设备,801074.SI,专用设备,专用设备,L,20101224,5758,15.76,6.83,3.328,10.145,False,True,True,0,0,0,2,True,
002530.SZ,002530,002530,金财互联,主板,深市,主板,801890.SI,机械设备,801074.SI,专用设备,专用设备,L,20101231,5751,15.75,7.07,1.873,8.333,False,True,True,0,0,0,0,True,
002531.SZ,002531,002531,天顺风能,主板,深市,主板,801730.SI,电力设备,801736.SI,风电设备,风电设备,L,20101231,5751,15.75,7.64,-1.8,10.526,False,True,True,0,0,0,0,True,
002532.SZ,002532,002532,天山铝业,主板,深市,主板,801050.SI,有色金属,801055.SI,工业金属,工业金属,L,20101231,5751,15.75,12.21,3.915,11.628,False,True,True,0,0,0,0,True,
002533.SZ,002533,002533,金杯电工,主板,深市,主板,801730.SI,电力设备,801738.SI,电网设备,电网设备,L,20101231,5751,15.75,10.91,1.867,9.821,False,True,True,0,0,0,0,True,
002534.SZ,002534,002534,西子洁能,主板,深市,主板,801730.SI,电力设备,801733.SI,其他电源设备Ⅱ,其他电源设备Ⅱ,L,20110110,5741,15.72,17.03,1.976,18.519,False,True,True,0,0,0,0,True,
002535.SZ,002535,002535,林州重机,主板,深市,主板,801890.SI,机械设备,801074.SI,专用设备,专用设备,L,20110111,5740,15.72,2.5,3.306,12.5,False,True,True,0,0,0,0,True,
002536.SZ,002536,002536,飞龙股份,主板,深市,主板,801880.SI,汽车,801093.SI,汽车零部件,汽车零部件,L,20110111,5740,15.72,46.52,0.043,13.208,False,True,True,0,0,0,0,True,
002537.SZ,002537,002537,海联金汇,主板,深市,主板,801880.SI,汽车,801093.SI,汽车零部件,汽车零部件,L,20110110,5741,15.72,5.65,1.436,13.115,False,True,True,0,0,0,0,True,
002538.SZ,002538,002538,ST司特,主板,深市,主板,801030.SI,基础化工,801038.SI,农化制品,农化制品,L,20110118,5733,15.7,6.89,0.878,17.391,True,True,True,0,0,0,0,False,ST
002539.SZ,002539,002539,云图控股,主板,深市,主板,801030.SI,基础化工,801038.SI,农化制品,农化制品,L,20110118,5733,15.7,11.58,-1.614,13.71,False,True,True,0,0,0,0,True,
002540.SZ,002540,002540,亚太科技,主板,深市,主板,801050.SI,有色金属,801055.SI,工业金属,工业金属,L,20110118,5733,15.7,4.97,1.222,11.765,False,True,True,0,0,0,0,True,
002541.SZ,002541,002541,鸿路钢构,主板,深市,主板,801720.SI,建筑装饰,801724.SI,专业工程,专业工程,L,20110118,5733,15.7,18.44,0.986,12.5,False,True,True,0,0,0,0,True,
002542.SZ,002542,002542,*ST中岩,主板,深市,主板,801720.SI,建筑装饰,801724.SI,专业工程,专业工程,L,20110128,5723,15.67,1.59,3.922,23.529,True,True,True,0,0,0,0,False,ST
002543.SZ,002543,002543,万和电气,主板,深市,主板,801110.SI,家用电器,801114.SI,厨卫电器,厨卫电器,L,20110128,5723,15.67,7.4,0.407,9.589,False,True,True,0,0,0,0,True,
002544.SZ,002544,002544,普天科技,主板,深市,主板,801770.SI,通信,801223.SI,通信服务,通信服务,L,20110128,5723,15.67,15.41,0.983,12.5,False,True,True,0,0,0,0,True,
002545.SZ,002545,002545,东方铁塔,主板,深市,主板,801030.SI,基础化工,801038.SI,农化制品,农化制品,L,20110211,5709,15.63,13.79,-0.217,17.241,False,True,True,0,0,0,0,True,
002546.SZ,002546,002546,新联电子,主板,深市,主板,801730.SI,电力设备,801738.SI,电网设备,电网设备,L,20110211,5709,15.63,7.28,0.276,13.924,False,True,True,0,0,0,0,True,
002547.SZ,002547,002547,*ST春兴,主板,深市,主板,801880.SI,汽车,801093.SI,汽车零部件,汽车零部件,L,20110218,5702,15.61,2.51,4.583,12.0,True,True,True,0,0,0,0,False,ST
002548.SZ,002548,002548,金新农,主板,深市,主板,801010.SI,农林牧渔,801014.SI,饲料,饲料,L,20110218,5702,15.61,3.92,1.554,20.0,False,True,True,0,0,0,0,True,
002549.SZ,002549,002549,凯美特气,主板,深市,主板,801030.SI,基础化工,801034.SI,化学制品,化学制品,L,20110218,5702,15.61,12.4,-1.195,9.489,False,True,True,0,0,0,0,True,
002550.SZ,002550,002550,千红制药,主板,深市,主板,801150.SI,医药生物,801151.SI,化学制药,化学制药,L,20110218,5702,15.61,6.33,-0.315,10.448,False,True,True,0,0,0,0,True,
002551.SZ,002551,002551,尚荣医疗,主板,深市,主板,801150.SI,医药生物,801153.SI,医疗器械,医疗器械,L,20110225,5695,15.59,3.37,0.298,12.5,False,True,True,0,0,0,0,True,
002552.SZ,002552,002552,宝鼎科技,主板,深市,主板,801890.SI,机械设备,801072.SI,通用设备,通用设备,L,20110225,5695,15.59,46.59,0.366,13.534,False,True,True,0,0,0,0,True,
002553.SZ,002553,002553,南方精工,主板,深市,主板,801880.SI,汽车,801093.SI,汽车零部件,汽车零部件,L,20110225,5695,15.59,16.94,-2.307,9.091,False,True,True,0,0,0,0,True,
002554.SZ,002554,002554,惠博普,主板,深市,主板,801960.SI,石油石化,801962.SI,油服工程,油服工程,L,20110225,5695,15.59,2.72,0.369,6.897,False,True,True,0,0,0,0,True,
002555.SZ,002555,002555,三七互娱,主板,深市,主板,801760.SI,传媒,801764.SI,游戏Ⅱ,游戏Ⅱ,L,20110302,5690,15.58,17.06,0.059,10.87,False,True,True,0,0,0,0,True,
002556.SZ,002556,002556,辉隆股份,主板,深市,主板,801010.SI,农林牧渔,801019.SI,农业综合Ⅱ,农业综合Ⅱ,L,20110302,5690,15.58,5.03,-0.593,11.538,False,True,True,0,0,0,0,True,
002557.SZ,002557,002557,洽洽食品,主板,深市,主板,801120.SI,食品饮料,801128.SI,休闲食品,休闲食品,L,20110302,5690,15.58,18.12,-1.735,9.677,False,True,True,0,0,0,0,True,
002558.SZ,002558,002558,巨人网络,主板,深市,主板,801760.SI,传媒,801764.SI,游戏Ⅱ,游戏Ⅱ,L,20110302,5690,15.58,22.12,-0.271,13.889,False,True,True,0,0,0,0,True,
002559.SZ,002559,002559,亚威股份,主板,深市,主板,801890.SI,机械设备,801072.SI,通用设备,通用设备,L,20110303,5689,15.58,8.72,0.461,4.396,False,True,True,0,0,0,0,True,
002560.SZ,002560,002560,通达股份,主板,深市,主板,801730.SI,电力设备,801738.SI,电网设备,电网设备,L,20110303,5689,15.58,6.51,0.154,12.5,False,True,True,0,0,0,0,True,
002561.SZ,002561,002561,徐家汇,主板,深市,主板,801200.SI,商贸零售,801203.SI,一般零售,一般零售,L,20110303,5689,15.58,7.25,-0.412,13.514,False,True,True,0,0,0,0,True,
002562.SZ,002562,002562,兄弟科技,主板,深市,主板,801030.SI,基础化工,801034.SI,化学制品,化学制品,L,20110310,5682,15.56,4.84,1.044,6.122,False,True,True,0,0,0,0,True,
002563.SZ,002563,002563,森马服饰,主板,深市,主板,801130.SI,纺织服饰,801132.SI,服装家纺,服装家纺,L,20110311,5681,15.55,5.39,-0.37,12.5,False,True,True,0,0,0,0,True,
002564.SZ,002564,002564,天沃科技,主板,深市,主板,801720.SI,建筑装饰,801724.SI,专业工程,专业工程,L,20110310,5682,15.56,5.15,0.98,16.981,False,True,True,0,0,0,0,True,
002565.SZ,002565,002565,顺灏股份,主板,深市,主板,801140.SI,轻工制造,801141.SI,包装印刷,包装印刷,L,20110318,5674,15.53,8.29,-2.814,8.046,False,True,True,0,0,0,0,True,
002566.SZ,002566,002566,益盛药业,主板,深市,主板,801150.SI,医药生物,801155.SI,中药Ⅱ,中药Ⅱ,L,20110318,5674,15.53,7.08,0.999,5.714,False,True,True,0,0,0,0,True,
002567.SZ,002567,002567,唐人神,主板,深市,主板,801010.SI,农林牧渔,801014.SI,饲料,饲料,L,20110325,5667,15.52,3.66,0.826,13.514,False,True,True,0,0,0,0,True,
002568.SZ,002568,002568,百润股份,主板,深市,主板,801120.SI,食品饮料,801126.SI,非白酒,非白酒,L,20110325,5667,15.52,18.91,-2.576,11.538,False,True,True,0,0,0,0,True,
002569.SZ,002569,002569,*ST步森,主板,深市,主板,801130.SI,纺织服饰,801132.SI,服装家纺,服装家纺,L,20110412,5649,15.47,12.0,3.538,40.0,True,True,True,0,0,0,0,False,ST
002570.SZ,002570,002570,贝因美,主板,深市,主板,801120.SI,食品饮料,801127.SI,饮料乳品,饮料乳品,L,20110412,5649,15.47,4.4,0.686,9.091,False,True,True,0,0,0,0,True,
002571.SZ,002571,002571,德力股份,主板,深市,主板,801140.SI,轻工制造,801142.SI,家居用品,家居用品,L,20110412,5649,15.47,10.66,-1.479,9.259,False,True,True,0,0,0,0,True,
002572.SZ,002572,002572,索菲亚,主板,深市,主板,801140.SI,轻工制造,801142.SI,家居用品,家居用品,L,20110412,5649,15.47,7.63,2.83,11.111,False,True,True,0,0,0,0,True,
002573.SZ,002573,002573,清新环境,主板,深市,主板,801970.SI,环保,801971.SI,环境治理,环境治理,L,20110422,5639,15.44,3.1,0.649,18.75,False,True,True,0,0,0,0,True,
002574.SZ,002574,002574,明牌珠宝,主板,深市,主板,801130.SI,纺织服饰,801133.SI,饰品,饰品,L,20110422,5639,15.44,5.05,2.227,10.0,False,True,True,0,0,0,0,True,
002575.SZ,002575,002575,群兴玩具,主板,深市,主板,801140.SI,轻工制造,801145.SI,文娱用品,文娱用品,L,20110422,5639,15.44,5.05,1.202,9.615,False,True,True,0,0,0,0,True,
002576.SZ,002576,002576,通达动力,主板,深市,主板,801730.SI,电力设备,801731.SI,电机Ⅱ,电机Ⅱ,L,20110428,5633,15.42,14.66,0.895,7.639,False,True,True,0,0,0,0,True,
002577.SZ,002577,002577,雷柏科技,主板,深市,主板,801750.SI,计算机,801101.SI,计算机设备,计算机设备,L,20110428,5633,15.42,20.91,-2.335,19.231,False,True,True,0,0,0,0,True,
002578.SZ,002578,002578,闽发铝业,主板,深市,主板,801050.SI,有色金属,801055.SI,工业金属,工业金属,L,20110428,5633,15.42,4.16,0.971,7.317,False,True,True,0,0,0,0,True,
002579.SZ,002579,002579,中京电子,主板,深市,主板,801080.SI,电子,801083.SI,元件,元件,L,20110506,5625,15.4,17.9,3.468,11.173,False,True,True,0,0,0,0,True,
002580.SZ,002580,002580,圣阳股份,主板,深市,主板,801730.SI,电力设备,801737.SI,电池,电池,L,20110506,5625,15.4,18.7,2.691,8.511,False,True,True,0,0,0,0,True,
002581.SZ,002581,002581,*ST未名,主板,深市,主板,801150.SI,医药生物,801152.SI,生物制品,生物制品,L,20110520,5611,15.36,4.75,-0.21,17.308,True,True,True,0,0,0,0,False,ST
002582.SZ,002582,002582,好想你,主板,深市,主板,801120.SI,食品饮料,801128.SI,休闲食品,休闲食品,L,20110520,5611,15.36,9.28,-0.322,12.121,False,True,True,0,0,0,0,True,
002583.SZ,002583,002583,海能达,主板,深市,主板,801770.SI,通信,801102.SI,通信设备,通信设备,L,20110527,5604,15.34,7.88,-6.856,8.434,False,True,True,0,0,0,0,True,
002584.SZ,002584,002584,西陇科学,主板,深市,主板,801080.SI,电子,801086.SI,电子化学品Ⅱ,电子化学品Ⅱ,L,20110602,5598,15.33,8.68,1.284,7.955,False,True,True,0,0,0,0,True,
002585.SZ,002585,002585,双星新材,主板,深市,主板,801030.SI,基础化工,801036.SI,塑料,塑料,L,20110602,5598,15.33,10.67,2.008,15.179,False,True,True,0,0,0,0,True,
002586.SZ,002586,002586,围海股份,主板,深市,主板,801720.SI,建筑装饰,801723.SI,基础建设,基础建设,L,20110602,5598,15.33,3.63,-0.548,24.39,False,True,True,0,2,2,2,False,近60日停牌
002587.SZ,002587,002587,奥拓电子,主板,深市,主板,801080.SI,电子,801084.SI,光学光电子,光学光电子,L,20110610,5590,15.3,5.29,1.927,7.407,False,True,True,0,0,0,0,True,
002588.SZ,002588,002588,史丹利,主板,深市,主板,801030.SI,基础化工,801038.SI,农化制品,农化制品,L,20110610,5590,15.3,7.36,0.0,12.346,False,True,True,0,0,0,0,True,
002589.SZ,002589,002589,瑞康医药,主板,深市,主板,801150.SI,医药生物,801154.SI,医药商业,医药商业,L,20110610,5590,15.3,3.24,-0.308,11.765,False,True,True,0,0,0,0,True,
002590.SZ,002590,002590,万安科技,主板,深市,主板,801880.SI,汽车,801093.SI,汽车零部件,汽车零部件,L,20110610,5590,15.3,9.57,1.056,11.458,False,True,True,0,0,0,0,True,
002591.SZ,002591,002591,恒大高新,主板,深市,主板,801030.SI,基础化工,801034.SI,化学制品,化学制品,L,20110621,5579,15.27,6.56,3.47,6.25,False,True,True,0,0,0,0,True,
002592.SZ,002592,002592,ST八菱,主板,深市,主板,801880.SI,汽车,801093.SI,汽车零部件,汽车零部件,L,20111111,5436,14.88,6.25,0.969,25.0,True,True,True,0,0,0,0,False,ST
002593.SZ,002593,002593,日上集团,主板,深市,主板,801720.SI,建筑装饰,801724.SI,专业工程,专业工程,L,20110628,5572,15.26,4.6,0.218,6.667,False,True,True,0,0,0,0,True,
002594.SZ,002594,002594,比亚迪,主板,深市,主板,801880.SI,汽车,801095.SI,乘用车,乘用车,L,20110630,5570,15.25,82.02,-1.596,11.594,False,True,True,0,0,0,0,True,
002595.SZ,002595,002595,豪迈科技,主板,深市,主板,801890.SI,机械设备,801074.SI,专用设备,专用设备,L,20110628,5572,15.26,38.37,0.34,43.077,False,True,True,0,0,0,0,True,
002596.SZ,002596,002596,海南瑞泽,主板,深市,主板,801710.SI,建筑材料,801711.SI,水泥,水泥,L,20110707,5563,15.23,3.29,2.174,9.091,False,True,True,0,0,0,0,True,
002597.SZ,002597,002597,金禾实业,主板,深市,主板,801030.SI,基础化工,801034.SI,化学制品,化学制品,L,20110707,5563,15.23,21.24,1.578,11.905,False,True,True,0,0,0,0,True,
002598.SZ,002598,002598,ST章鼓,主板,深市,主板,801890.SI,机械设备,801072.SI,通用设备,通用设备,L,20110707,5563,15.23,6.82,0.442,13.433,True,True,True,0,0,0,0,False,ST
002599.SZ,002599,002599,盛通股份,主板,深市,主板,801140.SI,轻工制造,801141.SI,包装印刷,包装印刷,L,20110715,5555,15.21,5.57,1.089,10.345,False,True,True,0,0,0,0,True,
002600.SZ,002600,002600,领益智造,主板,深市,主板,801080.SI,电子,801085.SI,消费电子,消费电子,L,20110715,5555,15.21,11.98,-0.25,22.222,False,True,True,0,0,0,0,True,
002601.SZ,002601,002601,龙佰集团,主板,深市,主板,801030.SI,基础化工,801033.SI,化学原料,化学原料,L,20110715,5555,15.21,14.62,-0.881,13.75,False,True,True,0,0,0,0,True,
002602.SZ,002602,002602,世纪华通,主板,深市,主板,801760.SI,传媒,801764.SI,游戏Ⅱ,游戏Ⅱ,L,20110728,5542,15.17,13.88,0.072,14.085,False,True,True,0,0,0,0,True,
002603.SZ,002603,002603,以岭药业,主板,深市,主板,801150.SI,医药生物,801155.SI,中药Ⅱ,中药Ⅱ,L,20110728,5542,15.17,15.02,-0.858,9.091,False,True,True,0,0,0,0,True,
002605.SZ,002605,002605,姚记科技,主板,深市,主板,801760.SI,传媒,801764.SI,游戏Ⅱ,游戏Ⅱ,L,20110805,5534,15.15,16.43,0.983,13.953,False,True,True,0,0,0,0,True,
002606.SZ,002606,002606,大连电瓷,主板,深市,主板,801730.SI,电力设备,801738.SI,电网设备,电网设备,L,20110805,5534,15.15,11.84,0.0,10.236,False,True,True,0,0,0,0,True,
002607.SZ,002607,002607,中公教育,主板,深市,主板,801210.SI,社会服务,801994.SI,教育,教育,L,20110810,5529,15.14,1.84,0.546,20.0,False,True,True,0,0,0,0,True,
002608.SZ,002608,002608,江苏国信,主板,深市,主板,801160.SI,公用事业,801161.SI,电力,电力,L,20110810,5529,15.14,7.22,-0.414,27.027,False,True,True,0,0,0,0,True,
002609.SZ,002609,002609,捷顺科技,主板,深市,主板,801750.SI,计算机,801103.SI,IT服务Ⅱ,IT服务Ⅱ,L,20110815,5524,15.12,7.96,0.759,8.0,False,True,True,0,0,0,0,True,
002611.SZ,002611,002611,东方精工,主板,深市,主板,801890.SI,机械设备,801074.SI,专用设备,专用设备,L,20110830,5509,15.08,14.43,-1.903,12.245,False,True,True,0,0,0,0,True,
002612.SZ,002612,002612,朗姿股份,主板,深市,主板,801130.SI,纺织服饰,801132.SI,服装家纺,服装家纺,L,20110830,5509,15.08,17.13,0.824,9.524,False,True,True,0,0,0,0,True,
002613.SZ,002613,002613,北玻股份,主板,深市,主板,801710.SI,建筑材料,801712.SI,玻璃玻纤,玻璃玻纤,L,20110830,5509,15.08,3.35,1.824,8.571,False,True,True,0,0,0,0,True,
002614.SZ,002614,002614,奥佳华,主板,深市,主板,801110.SI,家用电器,801117.SI,其他家电Ⅱ,其他家电Ⅱ,L,20110909,5499,15.06,8.13,-4.353,6.173,False,True,True,0,0,0,0,True,
002615.SZ,002615,002615,哈尔斯,主板,深市,主板,801140.SI,轻工制造,801142.SI,家居用品,家居用品,L,20110909,5499,15.06,6.31,-0.63,7.812,False,True,True,0,0,0,0,True,
002616.SZ,002616,002616,长青集团,主板,深市,主板,801160.SI,公用事业,801161.SI,电力,电力,L,20110920,5488,15.03,4.8,0.629,4.167,False,True,True,0,0,0,0,True,
002617.SZ,002617,002617,露笑科技,主板,深市,主板,801160.SI,公用事业,801161.SI,电力,电力,L,20110920,5488,15.03,6.78,0.444,8.824,False,True,True,0,0,0,0,True,
002620.SZ,002620,002620,*ST瑞和,主板,深市,主板,801720.SI,建筑装饰,801722.SI,装修装饰Ⅱ,装修装饰Ⅱ,L,20110929,5479,15.0,5.39,3.654,17.857,True,True,True,0,0,0,0,False,ST
002622.SZ,002622,002622,皓宸医疗,主板,深市,主板,801150.SI,医药生物,801156.SI,医疗服务,医疗服务,L,20111018,5460,14.95,2.54,-0.392,7.692,False,True,True,0,0,0,0,True,
002623.SZ,002623,002623,亚玛顿,主板,深市,主板,801730.SI,电力设备,801735.SI,光伏设备,光伏设备,L,20111013,5465,14.96,18.4,-2.023,17.021,False,True,True,0,0,0,0,True,
002624.SZ,002624,002624,完美世界,主板,深市,主板,801760.SI,传媒,801764.SI,游戏Ⅱ,游戏Ⅱ,L,20111028,5450,14.92,9.57,2.135,16.667,False,True,True,0,0,0,0,True,
002625.SZ,002625,002625,光启技术,主板,深市,主板,801740.SI,国防军工,801742.SI,航空装备Ⅱ,航空装备Ⅱ,L,20111103,5444,14.9,22.9,1.914,29.268,False,True,True,0,0,0,0,True,
002626.SZ,002626,002626,金达威,主板,深市,主板,801120.SI,食品饮料,801124.SI,食品加工,食品加工,L,20111028,5450,14.92,15.96,-0.374,14.815,False,True,True,0,0,0,0,True,
002627.SZ,002627,002627,三峡旅游,主板,深市,主板,801210.SI,社会服务,801993.SI,旅游及景区,旅游及景区,L,20111103,5444,14.9,6.53,0.462,11.765,False,True,True,0,0,0,0,True,
002628.SZ,002628,002628,成都路桥,主板,深市,主板,801720.SI,建筑装饰,801723.SI,基础建设,基础建设,L,20111103,5444,14.9,4.86,0.0,9.804,False,True,True,0,0,0,0,True,
002629.SZ,002629,002629,仁智股份,主板,深市,主板,801960.SI,石油石化,801962.SI,油服工程,油服工程,L,20111103,5444,14.9,4.41,2.32,13.636,False,True,True,0,0,0,0,True,
002630.SZ,002630,002630,*ST华西,主板,深市,主板,801730.SI,电力设备,801733.SI,其他电源设备Ⅱ,其他电源设备Ⅱ,L,20111111,5436,14.88,1.46,-2.013,18.75,True,True,True,0,0,0,0,False,ST
002631.SZ,002631,002631,德尔未来,主板,深市,主板,801140.SI,轻工制造,801142.SI,家居用品,家居用品,L,20111111,5436,14.88,13.44,3.464,23.881,False,True,True,0,0,0,0,True,
002632.SZ,002632,002632,道明光学,主板,深市,主板,801030.SI,基础化工,801036.SI,塑料,塑料,L,20111122,5425,14.85,9.02,-1.097,7.447,False,True,True,0,0,0,0,True,
002633.SZ,002633,002633,申科股份,主板,深市,主板,801890.SI,机械设备,801072.SI,通用设备,通用设备,L,20111122,5425,14.85,15.18,-0.589,13.333,False,True,True,0,0,0,0,True,
002634.SZ,002634,002634,*ST棒杰,主板,深市,主板,801130.SI,纺织服饰,801132.SI,服装家纺,服装家纺,L,20111205,5412,14.82,3.91,-3.218,14.286,True,True,True,0,0,0,0,False,ST
002635.SZ,002635,002635,安洁科技,主板,深市,主板,801080.SI,电子,801085.SI,消费电子,消费电子,L,20111125,5422,14.84,14.76,0.272,9.15,False,True,True,0,0,0,0,True,
002636.SZ,002636,002636,金安国纪,主板,深市,主板,801080.SI,电子,801083.SI,元件,元件,L,20111125,5422,14.84,83.03,4.704,7.778,False,True,True,0,0,0,0,True,
002637.SZ,002637,002637,赞宇科技,主板,深市,主板,801030.SI,基础化工,801034.SI,化学制品,化学制品,L,20111125,5422,14.84,10.08,-0.982,21.93,False,True,True,0,0,0,0,True,
002638.SZ,002638,002638,勤上股份,主板,深市,主板,801110.SI,家用电器,801115.SI,照明设备Ⅱ,照明设备Ⅱ,L,20111125,5422,14.84,4.95,1.643,20.455,False,True,True,0,0,0,0,True,
002639.SZ,002639,002639,雪人集团,主板,深市,主板,801890.SI,机械设备,801072.SI,通用设备,通用设备,L,20111205,5412,14.82,13.85,-2.807,4.965,False,True,True,0,0,0,0,True,
002640.SZ,002640,002640,跨境通,主板,深市,主板,801200.SI,商贸零售,801206.SI,互联网电商,互联网电商,L,20111208,5409,14.81,3.94,-0.505,15.0,False,True,True,0,0,0,0,True,
002641.SZ,002641,002641,公元股份,主板,深市,主板,801710.SI,建筑材料,801713.SI,装修建材,装修建材,L,20111208,5409,14.81,3.8,1.333,10.0,False,True,True,0,0,0,0,True,
002642.SZ,002642,002642,荣联科技,主板,深市,主板,801750.SI,计算机,801103.SI,IT服务Ⅱ,IT服务Ⅱ,L,20111220,5397,14.78,6.99,1.599,7.042,False,True,True,0,0,0,0,True,
002643.SZ,002643,002643,万润股份,主板,深市,主板,801080.SI,电子,801086.SI,电子化学品Ⅱ,电子化学品Ⅱ,L,20111220,5397,14.78,12.67,0.876,10.606,False,True,True,0,0,0,0,True,
002644.SZ,002644,002644,佛慈制药,主板,深市,主板,801150.SI,医药生物,801155.SI,中药Ⅱ,中药Ⅱ,L,20111222,5395,14.77,8.18,-0.969,9.524,False,True,True,0,0,0,0,True,
002645.SZ,002645,002645,华宏科技,主板,深市,主板,801970.SI,环保,801972.SI,环保设备Ⅱ,环保设备Ⅱ,L,20111220,5397,14.78,17.19,0.762,11.475,False,True,True,0,0,0,0,True,
002646.SZ,002646,002646,天佑德酒,主板,深市,主板,801120.SI,食品饮料,801125.SI,白酒Ⅱ,白酒Ⅱ,L,20111222,5395,14.77,7.06,-0.282,11.429,False,True,True,0,0,0,0,True,
002647.SZ,002647,002647,仁东控股,主板,深市,主板,801790.SI,非银金融,801191.SI,多元金融,多元金融,L,20111228,5389,14.75,11.34,-1.477,9.649,False,True,True,0,0,0,0,True,
002648.SZ,002648,002648,卫星化学,主板,深市,主板,801030.SI,基础化工,801033.SI,化学原料,化学原料,L,20111228,5389,14.75,25.9,-3.322,13.636,False,True,True,0,0,0,0,True,
002649.SZ,002649,002649,博彦科技,主板,深市,主板,801750.SI,计算机,801103.SI,IT服务Ⅱ,IT服务Ⅱ,L,20120106,5380,14.73,9.19,1.547,10.309,False,True,True,0,0,0,0,True,
002650.SZ,002650,002650,ST加加,主板,深市,主板,801120.SI,食品饮料,801129.SI,调味发酵品Ⅱ,调味发酵品Ⅱ,L,20120106,5380,14.73,6.29,-0.475,26.154,True,True,True,0,0,0,0,False,ST
002651.SZ,002651,002651,利君股份,主板,深市,主板,801740.SI,国防军工,801742.SI,航空装备Ⅱ,航空装备Ⅱ,L,20120106,5380,14.73,7.87,-0.882,9.412,False,True,True,0,0,0,0,True,
002652.SZ,002652,002652,扬子新材,主板,深市,主板,801710.SI,建筑材料,801713.SI,装修建材,装修建材,L,20120119,5367,14.69,4.51,1.121,15.217,False,True,True,0,0,0,0,True,
002653.SZ,002653,002653,海思科,主板,深市,主板,801150.SI,医药生物,801151.SI,化学制药,化学制药,L,20120117,5369,14.7,61.93,2.01,14.458,False,True,True,0,0,0,0,True,
002654.SZ,002654,002654,万润科技,主板,深市,主板,801080.SI,电子,801084.SI,光学光电子,光学光电子,L,20120217,5338,14.61,12.65,1.2,8.696,False,True,True,0,0,0,0,True,
002655.SZ,002655,002655,共达电声,主板,深市,主板,801080.SI,电子,801085.SI,消费电子,消费电子,L,20120217,5338,14.61,34.37,-0.434,15.104,False,True,True,0,0,0,0,True,
002656.SZ,002656,002656,摩登大道,主板,深市,主板,801130.SI,纺织服饰,801132.SI,服装家纺,服装家纺,L,20120228,5327,14.58,2.82,2.174,10.345,False,True,True,0,0,2,2,False,近60日停牌
002657.SZ,002657,002657,中科金财,主板,深市,主板,801750.SI,计算机,801103.SI,IT服务Ⅱ,IT服务Ⅱ,L,20120228,5327,14.58,14.85,2.485,10.256,False,True,True,0,0,0,0,True,
002658.SZ,002658,002658,雪迪龙,主板,深市,主板,801970.SI,环保,801972.SI,环保设备Ⅱ,环保设备Ⅱ,L,20120309,5317,14.56,7.25,-0.275,9.333,False,True,True,0,0,0,0,True,
002659.SZ,002659,002659,凯文教育,主板,深市,主板,801210.SI,社会服务,801994.SI,教育,教育,L,20120309,5317,14.56,4.71,1.073,6.667,False,True,True,0,0,0,0,True,
002660.SZ,002660,002660,茂硕电源,主板,深市,主板,801080.SI,电子,801085.SI,消费电子,消费电子,L,20120316,5310,14.54,8.06,3.866,7.595,False,True,True,0,0,0,0,True,
002661.SZ,002661,002661,克明食品,主板,深市,主板,801120.SI,食品饮料,801124.SI,食品加工,食品加工,L,20120316,5310,14.54,7.51,-0.661,16.883,False,True,True,0,0,0,0,True,
002662.SZ,002662,002662,峰璟股份,主板,深市,主板,801880.SI,汽车,801093.SI,汽车零部件,汽车零部件,L,20120309,5317,14.56,3.12,0.645,24.242,False,True,True,0,0,0,0,True,
002663.SZ,002663,002663,普邦股份,主板,深市,主板,801720.SI,建筑装饰,801723.SI,基础建设,基础建设,L,20120316,5310,14.54,1.76,2.924,17.647,False,True,True,0,0,0,0,True,
002664.SZ,002664,002664,信质集团,主板,深市,主板,801880.SI,汽车,801093.SI,汽车零部件,汽车零部件,L,20120316,5310,14.54,14.32,-0.209,25.0,False,True,True,0,0,0,0,True,
002666.SZ,002666,002666,德联集团,主板,深市,主板,801030.SI,基础化工,801034.SI,化学制品,化学制品,L,20120327,5299,14.51,4.22,1.199,4.762,False,True,True,0,0,0,0,True,
002667.SZ,002667,002667,*ST威领,主板,深市,主板,801890.SI,机械设备,801074.SI,专用设备,专用设备,L,20120329,5297,14.5,22.19,0.864,15.094,True,True,True,0,0,0,0,False,ST
002668.SZ,002668,002668,TCL智家,主板,深市,主板,801110.SI,家用电器,801111.SI,白色家电,白色家电,L,20120416,5279,14.45,8.67,-1.027,14.894,False,True,True,0,0,0,0,True,
002669.SZ,002669,002669,康达新材,主板,深市,主板,801030.SI,基础化工,801034.SI,化学制品,化学制品,L,20120416,5279,14.45,14.03,-4.946,10.417,False,True,True,0,0,0,0,True,
002670.SZ,002670,002670,国盛证券,主板,深市,主板,801790.SI,非银金融,801193.SI,证券Ⅱ,证券Ⅱ,L,20120416,5279,14.45,11.23,1.813,13.559,False,True,True,0,0,0,0,True,
002671.SZ,002671,002671,龙泉股份,主板,深市,主板,801710.SI,建筑材料,801711.SI,水泥,水泥,L,20120426,5269,14.43,4.06,0.995,5.0,False,True,True,0,0,0,0,True,
002672.SZ,002672,002672,东江环保,主板,深市,主板,801970.SI,环保,801971.SI,环境治理,环境治理,L,20120426,5269,14.43,3.68,0.273,16.667,False,True,True,0,0,0,0,True,
002673.SZ,002673,002673,西部证券,主板,深市,主板,801790.SI,非银金融,801193.SI,证券Ⅱ,证券Ⅱ,L,20120503,5262,14.41,6.59,0.919,18.182,False,True,True,0,0,0,0,True,
002674.SZ,002674,002674,兴业科技,主板,深市,主板,801130.SI,纺织服饰,801131.SI,纺织制造,纺织制造,L,20120507,5258,14.4,19.32,-0.923,28.358,False,True,True,0,0,0,0,True,
002675.SZ,002675,002675,东诚药业,主板,深市,主板,801150.SI,医药生物,801151.SI,化学制药,化学制药,L,20120525,5240,14.35,12.75,0.79,6.25,False,True,True,0,0,0,0,True,
002676.SZ,002676,002676,顺威股份,主板,深市,主板,801110.SI,家用电器,801116.SI,家电零部件Ⅱ,家电零部件Ⅱ,L,20120525,5240,14.35,5.19,-0.954,7.692,False,True,True,0,0,0,0,True,
002677.SZ,002677,002677,浙江美大,主板,深市,主板,801110.SI,家用电器,801114.SI,厨卫电器,厨卫电器,L,20120525,5240,14.35,6.09,-1.456,16.923,False,True,True,0,0,6,6,False,近60日停牌
002678.SZ,002678,002678,珠江钢琴,主板,深市,主板,801140.SI,轻工制造,801145.SI,文娱用品,文娱用品,L,20120530,5235,14.33,4.41,1.613,31.25,False,True,True,0,0,0,0,True,
002679.SZ,002679,002679,福建金森,主板,深市,主板,801010.SI,农林牧渔,801011.SI,林业Ⅱ,林业Ⅱ,L,20120605,5229,14.32,11.29,-4.806,8.108,False,True,True,0,0,0,0,True,
002681.SZ,002681,002681,奋达科技,主板,深市,主板,801080.SI,电子,801085.SI,消费电子,消费电子,L,20120605,5229,14.32,4.49,1.584,13.043,False,True,True,0,0,0,0,True,
002682.SZ,002682,002682,龙洲股份,主板,深市,主板,801170.SI,交通运输,801178.SI,物流,物流,L,20120612,5222,14.3,4.92,0.0,8.0,False,True,True,0,0,0,0,True,
002683.SZ,002683,002683,广东宏大,主板,深市,主板,801030.SI,基础化工,801034.SI,化学制品,化学制品,L,20120612,5222,14.3,27.0,-0.222,12.5,False,True,True,0,0,0,0,True,
002685.SZ,002685,002685,华东重机,主板,深市,主板,801890.SI,机械设备,801077.SI,工程机械,工程机械,L,20120612,5222,14.3,5.26,0.382,7.273,False,True,True,0,0,0,0,True,
002686.SZ,002686,002686,亿利达,主板,深市,主板,801890.SI,机械设备,801072.SI,通用设备,通用设备,L,20120703,5201,14.24,6.2,-0.481,10.769,False,True,True,0,0,0,0,True,
002687.SZ,002687,002687,乔治白,主板,深市,主板,801130.SI,纺织服饰,801132.SI,服装家纺,服装家纺,L,20120713,5191,14.21,5.64,-1.053,13.115,False,True,True,0,0,0,0,True,
002688.SZ,002688,002688,金河生物,主板,深市,主板,801010.SI,农林牧渔,801018.SI,动物保健Ⅱ,动物保健Ⅱ,L,20120713,5191,14.21,5.14,-0.194,9.615,False,True,True,0,0,0,0,True,
002689.SZ,002689,002689,ST远智,主板,深市,主板,801890.SI,机械设备,801074.SI,专用设备,专用设备,L,20120717,5187,14.2,2.91,1.748,37.931,True,True,True,0,0,0,0,False,ST
002690.SZ,002690,002690,美亚光电,主板,深市,主板,801890.SI,机械设备,801074.SI,专用设备,专用设备,L,20120731,5173,14.16,15.32,-0.455,8.974,False,True,True,0,0,0,0,True,
002691.SZ,002691,002691,*ST冀凯,主板,深市,主板,801890.SI,机械设备,801074.SI,专用设备,专用设备,L,20120731,5173,14.16,3.97,-0.75,27.5,True,True,True,0,0,0,0,False,ST
002692.SZ,002692,002692,远程股份,主板,深市,主板,801730.SI,电力设备,801738.SI,电网设备,电网设备,L,20120808,5165,14.14,4.29,1.179,13.953,False,True,True,0,0,0,0,True,
002693.SZ,002693,002693,双成药业,主板,深市,主板,801150.SI,医药生物,801151.SI,化学制药,化学制药,L,20120808,5165,14.14,8.96,-1.538,7.609,False,True,True,0,0,0,1,True,
002694.SZ,002694,002694,*ST顾地,主板,深市,主板,801710.SI,建筑材料,801713.SI,装修建材,装修建材,L,20120816,5157,14.12,2.51,-0.397,38.095,True,True,True,0,0,0,0,False,ST
002695.SZ,002695,002695,煌上煌,主板,深市,主板,801120.SI,食品饮料,801128.SI,休闲食品,休闲食品,L,20120905,5137,14.06,10.57,0.285,8.571,False,True,True,0,0,0,0,True,
002696.SZ,002696,002696,百洋股份,主板,深市,主板,801010.SI,农林牧渔,801014.SI,饲料,饲料,L,20120905,5137,14.06,6.59,1.541,7.463,False,True,True,0,0,0,0,True,
002697.SZ,002697,002697,红旗连锁,主板,深市,主板,801200.SI,商贸零售,801203.SI,一般零售,一般零售,L,20120905,5137,14.06,4.67,1.302,6.522,False,True,True,0,0,0,0,True,
002698.SZ,002698,002698,博实股份,主板,深市,主板,801890.SI,机械设备,801078.SI,自动化设备,自动化设备,L,20120911,5131,14.05,11.02,-0.899,17.073,False,True,True,0,0,0,0,True,
002700.SZ,002700,002700,万憬能源,主板,深市,主板,801160.SI,公用事业,801163.SI,燃气Ⅱ,燃气Ⅱ,L,20120921,5121,14.02,6.38,1.109,11.111,False,True,True,0,0,0,0,True,
002701.SZ,002701,002701,奥瑞金,主板,深市,主板,801140.SI,轻工制造,801141.SI,包装印刷,包装印刷,L,20121011,5101,13.97,4.22,-0.472,12.766,False,True,True,0,0,0,0,True,
002702.SZ,002702,002702,海欣食品,主板,深市,主板,801120.SI,食品饮料,801124.SI,食品加工,食品加工,L,20121011,5101,13.97,5.32,-2.206,5.556,False,True,True,0,0,0,0,True,
002703.SZ,002703,002703,浙江世宝,主板,深市,主板,801880.SI,汽车,801093.SI,汽车零部件,汽车零部件,L,20121102,5079,13.91,15.17,-0.59,10.256,False,True,True,0,0,0,0,True,
002705.SZ,002705,002705,新宝股份,主板,深市,主板,801110.SI,家用电器,801113.SI,小家电,小家电,L,20140121,4634,12.69,11.56,-3.506,21.739,False,True,True,0,0,0,0,True,
002706.SZ,002706,002706,良信股份,主板,深市,主板,801730.SI,电力设备,801738.SI,电网设备,电网设备,L,20140121,4634,12.69,8.43,0.357,13.333,False,True,True,0,0,0,0,True,
002707.SZ,002707,002707,众信旅游,主板,深市,主板,801210.SI,社会服务,801993.SI,旅游及景区,旅游及景区,L,20140123,4632,12.68,5.02,0.0,17.647,False,True,True,0,0,0,0,True,
002708.SZ,002708,002708,光洋股份,主板,深市,主板,801880.SI,汽车,801093.SI,汽车零部件,汽车零部件,L,20140121,4634,12.69,17.04,0.176,4.734,False,True,True,0,0,0,0,True,
002709.SZ,002709,002709,天赐材料,主板,深市,主板,801730.SI,电力设备,801737.SI,电池,电池,L,20140123,4632,12.68,31.08,2.002,19.048,False,True,True,0,0,0,0,True,
002712.SZ,002712,002712,思美传媒,主板,深市,主板,801760.SI,传媒,801765.SI,广告营销,广告营销,L,20140123,4632,12.68,5.13,5.123,8.0,False,True,True,0,0,0,0,True,
002713.SZ,002713,002713,东易日盛,主板,深市,主板,801720.SI,建筑装饰,801722.SI,装修装饰Ⅱ,装修装饰Ⅱ,L,20140219,4605,12.61,9.89,-1.494,16.0,False,True,True,0,0,2,2,False,近60日停牌
002714.SZ,002714,002714,牧原股份,主板,深市,主板,801010.SI,农林牧渔,801017.SI,养殖业,养殖业,L,20140128,4627,12.67,42.29,1.391,12.0,False,True,True,0,0,0,0,True,
002715.SZ,002715,002715,登云股份,主板,深市,主板,801880.SI,汽车,801093.SI,汽车零部件,汽车零部件,L,20140219,4605,12.61,13.3,2.151,11.429,False,True,True,0,0,0,0,True,
002716.SZ,002716,002716,湖南白银,主板,深市,主板,801050.SI,有色金属,801053.SI,贵金属,贵金属,L,20140128,4627,12.67,8.73,2.345,19.588,False,True,True,0,0,0,0,True,
002717.SZ,002717,002717,*ST岭南,主板,深市,主板,801720.SI,建筑装饰,801723.SI,基础建设,基础建设,L,20140219,4605,12.61,0.69,-10.39,57.143,True,True,True,0,0,0,0,False,ST
002718.SZ,002718,002718,友邦吊顶,主板,深市,主板,801710.SI,建筑材料,801713.SI,装修建材,装修建材,L,20140128,4627,12.67,81.18,1.235,33.019,False,True,True,0,0,0,0,True,
002719.SZ,002719,002719,ST麦趣,主板,深市,主板,801120.SI,食品饮料,801128.SI,休闲食品,休闲食品,L,20140128,4627,12.67,6.08,0.829,14.286,True,True,True,0,0,0,0,False,ST
002721.SZ,002721,002721,金一文化,主板,深市,主板,801130.SI,纺织服饰,801133.SI,饰品,饰品,L,20140127,4628,12.67,2.58,0.781,14.286,False,True,True,0,0,0,0,True,
002722.SZ,002722,002722,物产金轮,主板,深市,主板,801890.SI,机械设备,801074.SI,专用设备,专用设备,L,20140128,4627,12.67,13.19,-0.076,10.0,False,True,True,0,0,0,0,True,
002723.SZ,002723,002723,小崧股份,主板,深市,主板,801110.SI,家用电器,801115.SI,照明设备Ⅱ,照明设备Ⅱ,L,20140129,4626,12.67,7.42,0.815,9.333,False,True,True,0,0,0,0,True,
002724.SZ,002724,002724,海洋王,主板,深市,主板,801110.SI,家用电器,801115.SI,照明设备Ⅱ,照明设备Ⅱ,L,20141104,4347,11.9,7.15,2.143,11.111,False,True,True,0,0,0,0,True,
002725.SZ,002725,002725,跃岭股份,主板,深市,主板,801880.SI,汽车,801093.SI,汽车零部件,汽车零部件,L,20140129,4626,12.67,11.02,2.894,8.036,False,True,True,0,0,0,0,True,
002726.SZ,002726,002726,ST龙大,主板,深市,主板,801120.SI,食品饮料,801124.SI,食品加工,食品加工,L,20140626,4478,12.26,2.38,-2.058,16.0,True,True,True,0,0,0,0,False,ST
002727.SZ,002727,002727,一心堂,主板,深市,主板,801150.SI,医药生物,801154.SI,医药商业,医药商业,L,20140702,4472,12.24,10.64,-0.374,10.811,False,True,True,0,0,0,0,True,
002728.SZ,002728,002728,特一药业,主板,深市,主板,801150.SI,医药生物,801155.SI,中药Ⅱ,中药Ⅱ,L,20140731,4443,12.16,9.72,0.517,9.574,False,True,True,0,0,0,0,True,
002729.SZ,002729,002729,好利科技,主板,深市,主板,801080.SI,电子,801082.SI,其他电子Ⅱ,其他电子Ⅱ,L,20140912,4400,12.05,13.79,2.452,5.797,False,True,True,0,0,0,6,True,
002730.SZ,002730,002730,电光科技,主板,深市,主板,801890.SI,机械设备,801074.SI,专用设备,专用设备,L,20141009,4373,11.97,20.72,-1.239,12.987,False,True,True,0,0,0,0,True,
002731.SZ,002731,002731,*ST萃华,主板,深市,主板,801130.SI,纺织服饰,801133.SI,饰品,饰品,L,20141104,4347,11.9,,,,True,True,False,20,20,21,51,False,ST、近60日停牌、无最新行情
002732.SZ,002732,002732,燕塘乳业,主板,深市,主板,801120.SI,食品饮料,801127.SI,饮料乳品,饮料乳品,L,20141205,4316,11.82,14.2,0.924,14.286,False,True,True,0,0,0,0,True,
002733.SZ,002733,002733,雄韬股份,主板,深市,主板,801730.SI,电力设备,801737.SI,电池,电池,L,20141203,4318,11.82,17.35,2.602,6.667,False,True,True,0,0,0,0,True,
002734.SZ,002734,002734,利民股份,主板,深市,主板,801030.SI,基础化工,801038.SI,农化制品,农化制品,L,20150127,4263,11.67,18.64,0.539,18.182,False,True,True,0,0,0,0,True,
002735.SZ,002735,002735,王子新材,主板,深市,主板,801140.SI,轻工制造,801141.SI,包装印刷,包装印刷,L,20141203,4318,11.82,10.65,-0.746,15.574,False,True,True,0,0,0,0,True,
002736.SZ,002736,002736,国信证券,主板,深市,主板,801790.SI,非银金融,801193.SI,证券Ⅱ,证券Ⅱ,L,20141229,4292,11.75,9.72,0.413,30.769,False,True,True,0,0,0,0,True,
002737.SZ,002737,002737,葵花药业,主板,深市,主板,801150.SI,医药生物,801155.SI,中药Ⅱ,中药Ⅱ,L,20141230,4291,11.75,11.18,-1.062,15.625,False,True,True,0,0,0,0,True,
002738.SZ,002738,002738,中矿资源,主板,深市,主板,801050.SI,有色金属,801054.SI,小金属,小金属,L,20141230,4291,11.75,43.31,6.596,21.053,False,True,True,0,0,0,0,True,
002739.SZ,002739,002739,儒意电影,主板,深市,主板,801760.SI,传媒,801766.SI,影视院线,影视院线,L,20150122,4268,11.69,8.29,1.221,14.286,False,True,True,0,0,0,0,True,
002741.SZ,002741,002741,光华科技,主板,深市,主板,801080.SI,电子,801086.SI,电子化学品Ⅱ,电子化学品Ⅱ,L,20150216,4243,11.62,26.5,2.953,9.774,False,True,True,0,0,0,0,True,
002742.SZ,002742,002742,冀衡医药,主板,深市,主板,801150.SI,医药生物,801151.SI,化学制药,化学制药,L,20150217,4242,11.61,4.1,0.0,9.524,False,True,True,0,0,0,0,True,
002743.SZ,002743,002743,ST富煌,主板,深市,主板,801720.SI,建筑装饰,801724.SI,专业工程,专业工程,L,20150217,4242,11.61,4.34,-3.341,16.667,True,True,True,2,2,2,2,False,ST、近60日停牌
002745.SZ,002745,002745,木林森,主板,深市,主板,801080.SI,电子,801084.SI,光学光电子,光学光电子,L,20150217,4242,11.61,11.87,5.137,10.169,False,True,True,0,0,0,0,True,
002746.SZ,002746,002746,仙坛股份,主板,深市,主板,801010.SI,农林牧渔,801017.SI,养殖业,养殖业,L,20150216,4243,11.62,6.21,-1.896,9.524,False,True,True,0,0,0,0,True,
002747.SZ,002747,002747,埃斯顿,主板,深市,主板,801890.SI,机械设备,801078.SI,自动化设备,自动化设备,L,20150320,4211,11.53,28.16,-1.019,9.459,False,True,True,0,0,0,0,True,
002748.SZ,002748,002748,世龙实业,主板,深市,主板,801030.SI,基础化工,801033.SI,化学原料,化学原料,L,20150319,4212,11.53,12.0,0.671,14.167,False,True,True,0,0,0,0,True,
002749.SZ,002749,002749,国光股份,主板,深市,主板,801030.SI,基础化工,801038.SI,农化制品,农化制品,L,20150320,4211,11.53,8.37,-0.829,29.885,False,True,True,0,0,0,0,True,
002752.SZ,002752,002752,昇兴股份,主板,深市,主板,801140.SI,轻工制造,801141.SI,包装印刷,包装印刷,L,20150422,4178,11.44,6.03,0.166,8.197,False,True,True,0,0,0,0,True,
002753.SZ,002753,002753,永东股份,主板,深市,主板,801030.SI,基础化工,801037.SI,橡胶,橡胶,L,20150519,4151,11.36,6.68,-0.447,5.97,False,True,True,0,0,0,0,True,
002755.SZ,002755,002755,奥赛康,主板,深市,主板,801150.SI,医药生物,801151.SI,化学制药,化学制药,L,20150515,4155,11.38,12.32,-1.44,20.93,False,True,True,0,0,0,0,True,
002756.SZ,002756,002756,永兴材料,主板,深市,主板,801050.SI,有色金属,801056.SI,能源金属,能源金属,L,20150515,4155,11.38,38.65,2.06,17.5,False,True,True,0,0,0,0,True,
002757.SZ,002757,002757,南兴股份,主板,深市,主板,801890.SI,机械设备,801074.SI,专用设备,专用设备,L,20150527,4143,11.34,18.87,0.533,12.953,False,True,True,0,0,0,0,True,
002758.SZ,002758,002758,浙农股份,主板,深市,主板,801030.SI,基础化工,801038.SI,农化制品,农化制品,L,20150527,4143,11.34,8.41,-0.826,13.636,False,True,True,0,0,0,0,True,
002759.SZ,002759,002759,ST天际,主板,深市,主板,801730.SI,电力设备,801737.SI,电池,电池,L,20150528,4142,11.34,13.65,1.562,23.026,True,True,True,0,0,2,2,False,ST、近60日停牌
002760.SZ,002760,002760,凤形股份,主板,深市,主板,801890.SI,机械设备,801072.SI,通用设备,通用设备,L,20150611,4128,11.3,17.8,1.714,8.475,False,True,True,0,0,0,0,True,
002761.SZ,002761,002761,浙江建投,主板,深市,主板,801720.SI,建筑装饰,801721.SI,房屋建设Ⅱ,房屋建设Ⅱ,L,20150610,4129,11.3,7.39,1.931,11.111,False,True,True,0,0,0,0,True,
002762.SZ,002762,002762,金发拉比,主板,深市,主板,801130.SI,纺织服饰,801132.SI,服装家纺,服装家纺,L,20150610,4129,11.3,9.27,-4.923,10.101,False,True,True,0,0,0,2,True,
002763.SZ,002763,002763,汇洁股份,主板,深市,主板,801130.SI,纺织服饰,801132.SI,服装家纺,服装家纺,L,20150610,4129,11.3,7.37,0.546,6.757,False,True,True,0,0,0,0,True,
002765.SZ,002765,002765,蓝黛科技,主板,深市,主板,801880.SI,汽车,801093.SI,汽车零部件,汽车零部件,L,20150612,4127,11.3,6.82,0.59,10.0,False,True,True,0,0,0,0,True,
002766.SZ,002766,002766,索菱股份,主板,深市,主板,801880.SI,汽车,801093.SI,汽车零部件,汽车零部件,L,20150611,4128,11.3,4.03,1.002,9.524,False,True,True,0,0,0,0,True,
002767.SZ,002767,002767,先锋电子,主板,深市,主板,801890.SI,机械设备,801072.SI,通用设备,通用设备,L,20150612,4127,11.3,18.39,0.657,10.497,False,True,True,0,0,0,0,True,
002768.SZ,002768,002768,国恩股份,主板,深市,主板,801030.SI,基础化工,801036.SI,塑料,塑料,L,20150630,4109,11.25,71.02,1.154,17.204,False,True,True,0,0,0,0,True,
002769.SZ,002769,002769,普路通,主板,深市,主板,801170.SI,交通运输,801178.SI,物流,物流,L,20150629,4110,11.25,6.82,3.177,17.647,False,True,True,0,0,0,0,True,
002771.SZ,002771,002771,真视通,主板,深市,主板,801750.SI,计算机,801103.SI,IT服务Ⅱ,IT服务Ⅱ,L,20150629,4110,11.25,14.02,5.413,7.246,False,True,True,0,0,0,0,True,
002772.SZ,002772,002772,众兴菌业,主板,深市,主板,801010.SI,农林牧渔,801016.SI,种植业,种植业,L,20150626,4113,11.26,10.39,1.267,14.545,False,True,True,0,0,0,0,True,
002773.SZ,002773,002773,康弘药业,主板,深市,主板,801150.SI,医药生物,801152.SI,生物制品,生物制品,L,20150626,4113,11.26,22.35,5.924,14.815,False,True,True,0,0,0,0,True,
002774.SZ,002774,002774,快意电梯,主板,深市,主板,801890.SI,机械设备,801074.SI,专用设备,专用设备,L,20170324,3476,9.52,16.76,0.721,10.714,False,True,True,0,0,0,0,True,
002775.SZ,002775,002775,文科股份,主板,深市,主板,801720.SI,建筑装饰,801723.SI,基础建设,基础建设,L,20150629,4110,11.25,3.42,3.012,14.286,False,True,True,0,0,0,0,True,
002777.SZ,002777,002777,久远银海,主板,深市,主板,801750.SI,计算机,801103.SI,IT服务Ⅱ,IT服务Ⅱ,L,20151231,3925,10.75,12.7,1.844,6.25,False,True,True,0,0,0,0,True,
002778.SZ,002778,002778,中晟高科,主板,深市,主板,801970.SI,环保,801971.SI,环境治理,环境治理,L,20160106,3919,10.73,15.88,1.211,13.208,False,True,True,0,0,0,0,True,
002779.SZ,002779,002779,中坚科技,主板,深市,主板,801890.SI,机械设备,801074.SI,专用设备,专用设备,L,20151209,3947,10.81,76.35,-0.144,14.545,False,True,True,0,0,0,0,True,
002780.SZ,002780,002780,三夫户外,主板,深市,主板,801130.SI,纺织服饰,801132.SI,服装家纺,服装家纺,L,20151209,3947,10.81,14.64,-1.348,10.274,False,True,True,0,0,0,0,True,
002782.SZ,002782,002782,可立克,主板,深市,主板,801080.SI,电子,801082.SI,其他电子Ⅱ,其他电子Ⅱ,L,20151222,3934,10.77,14.35,1.485,10.526,False,True,True,0,0,0,0,True,
002783.SZ,002783,002783,凯龙股份,主板,深市,主板,801030.SI,基础化工,801034.SI,化学制品,化学制品,L,20151209,3947,10.81,8.05,0.374,7.595,False,True,True,0,0,0,0,True,
002785.SZ,002785,002785,万里石,主板,深市,主板,801710.SI,建筑材料,801713.SI,装修建材,装修建材,L,20151223,3933,10.77,34.93,-5.339,17.742,False,True,True,0,0,0,0,True,
002786.SZ,002786,002786,银宝山新,主板,深市,主板,801890.SI,机械设备,801074.SI,专用设备,专用设备,L,20151223,3933,10.77,7.59,0.0,7.692,False,True,True,0,0,0,0,True,
002787.SZ,002787,002787,华源控股,主板,深市,主板,801140.SI,轻工制造,801141.SI,包装印刷,包装印刷,L,20151231,3925,10.75,25.4,1.155,12.5,False,True,True,0,0,0,0,True,
002788.SZ,002788,002788,鹭燕医药,主板,深市,主板,801150.SI,医药生物,801154.SI,医药商业,医药商业,L,20160218,3876,10.61,10.57,-1.123,9.091,False,True,True,0,0,0,0,True,
002789.SZ,002789,002789,*ST建艺,主板,深市,主板,801720.SI,建筑装饰,801722.SI,装修装饰Ⅱ,装修装饰Ⅱ,L,20160311,3854,10.55,14.26,3.785,28.906,True,True,True,0,0,0,0,False,ST
002790.SZ,002790,002790,瑞尔特,主板,深市,主板,801140.SI,轻工制造,801142.SI,家居用品,家居用品,L,20160308,3857,10.56,6.49,1.406,4.615,False,True,True,0,0,0,0,True,
002791.SZ,002791,002791,坚朗五金,主板,深市,主板,801710.SI,建筑材料,801713.SI,装修建材,装修建材,L,20160329,3836,10.5,15.67,3.706,8.333,False,True,True,0,0,0,0,True,
002792.SZ,002792,002792,通宇通讯,主板,深市,主板,801770.SI,通信,801102.SI,通信设备,通信设备,L,20160328,3837,10.51,30.27,-0.428,13.253,False,True,True,0,0,0,0,True,
002793.SZ,002793,002793,罗欣药业,主板,深市,主板,801150.SI,医药生物,801151.SI,化学制药,化学制药,L,20160415,3819,10.46,4.8,1.053,12.5,False,True,True,0,0,0,0,True,
002795.SZ,002795,002795,永和智控,主板,深市,主板,801890.SI,机械设备,801072.SI,通用设备,通用设备,L,20160428,3806,10.42,7.4,-1.333,9.333,False,True,True,0,0,0,0,True,
002796.SZ,002796,002796,世嘉科技,主板,深市,主板,801770.SI,通信,801102.SI,通信设备,通信设备,L,20160510,3794,10.39,26.61,1.41,16.0,False,True,True,0,0,0,0,True,
002797.SZ,002797,002797,第一创业,主板,深市,主板,801790.SI,非银金融,801193.SI,证券Ⅱ,证券Ⅱ,L,20160511,3793,10.38,6.11,0.164,6.154,False,True,True,0,0,0,0,True,
002798.SZ,002798,002798,帝欧水华,主板,深市,主板,801140.SI,轻工制造,801142.SI,家居用品,家居用品,L,20160525,3779,10.35,6.59,0.304,23.81,False,True,True,0,0,0,0,True,
002799.SZ,002799,002799,环球印务,主板,深市,主板,801140.SI,轻工制造,801141.SI,包装印刷,包装印刷,L,20160608,3765,10.31,7.55,10.058,11.765,False,True,True,0,0,0,0,True,
002800.SZ,002800,002800,天顺股份,主板,深市,主板,801170.SI,交通运输,801178.SI,物流,物流,L,20160530,3774,10.33,14.89,2.056,14.966,False,True,True,0,0,0,0,True,
002801.SZ,002801,002801,微光股份,主板,深市,主板,801730.SI,电力设备,801731.SI,电机Ⅱ,电机Ⅱ,L,20160622,3751,10.27,26.69,1.022,15.942,False,True,True,0,0,0,0,True,
002802.SZ,002802,002802,洪汇新材,主板,深市,主板,801030.SI,基础化工,801034.SI,化学制品,化学制品,L,20160629,3744,10.25,12.42,1.305,15.833,False,True,True,0,0,0,0,True,
002803.SZ,002803,002803,吉宏股份,主板,深市,主板,801200.SI,商贸零售,801206.SI,互联网电商,互联网电商,L,20160712,3731,10.21,21.19,4.849,6.931,False,True,True,0,0,0,0,True,
002805.SZ,002805,002805,丰元股份,主板,深市,主板,801730.SI,电力设备,801737.SI,电池,电池,L,20160707,3736,10.23,15.7,1.75,17.857,False,True,True,0,0,0,0,True,
002806.SZ,002806,002806,华锋股份,主板,深市,主板,801880.SI,汽车,801093.SI,汽车零部件,汽车零部件,L,20160726,3717,10.18,14.95,1.356,6.667,False,True,True,0,0,0,0,True,
002807.SZ,002807,002807,江阴银行,主板,深市,主板,801780.SI,银行,801785.SI,农商行Ⅱ,农商行Ⅱ,L,20160902,3679,10.07,4.16,0.241,7.317,False,True,True,0,0,0,0,True,
002809.SZ,002809,002809,红墙股份,主板,深市,主板,801030.SI,基础化工,801034.SI,化学制品,化学制品,L,20160823,3689,10.1,8.55,2.029,8.333,False,True,True,0,0,0,0,True,
002810.SZ,002810,002810,山东赫达,主板,深市,主板,801030.SI,基础化工,801034.SI,化学制品,化学制品,L,20160826,3686,10.09,20.07,-1.521,8.824,False,True,True,0,0,0,0,True,
002811.SZ,002811,002811,郑中设计,主板,深市,主板,801720.SI,建筑装饰,801722.SI,装修装饰Ⅱ,装修装饰Ⅱ,L,20160908,3673,10.06,16.42,3.466,18.471,False,True,True,0,0,0,0,True,
002812.SZ,002812,002812,恩捷股份,主板,深市,主板,801730.SI,电力设备,801737.SI,电池,电池,L,20160914,3667,10.04,45.59,1.109,19.048,False,True,True,0,0,0,0,True,
002813.SZ,002813,002813,路畅科技,主板,深市,主板,801880.SI,汽车,801093.SI,汽车零部件,汽车零部件,L,20161012,3639,9.96,26.38,10.008,26.761,False,True,True,0,0,0,0,True,
002815.SZ,002815,002815,崇达技术,主板,深市,主板,801080.SI,电子,801083.SI,元件,元件,L,20161012,3639,9.96,24.44,9.991,10.0,False,True,True,0,0,0,0,True,
002816.SZ,002816,002816,*ST和科,主板,深市,主板,801890.SI,机械设备,801074.SI,专用设备,专用设备,L,20161025,3626,9.93,21.9,3.302,20.513,True,True,True,0,0,0,0,False,ST
002817.SZ,002817,002817,黄山胶囊,主板,深市,主板,801150.SI,医药生物,801151.SI,化学制药,化学制药,L,20161025,3626,9.93,6.84,1.333,10.606,False,True,True,0,0,0,0,True,
002818.SZ,002818,002818,富森美,主板,深市,主板,801200.SI,商贸零售,801203.SI,一般零售,一般零售,L,20161109,3611,9.89,11.13,2.017,5.714,False,True,True,0,0,0,0,True,
002819.SZ,002819,002819,东方中科,主板,深市,主板,801890.SI,机械设备,801072.SI,通用设备,通用设备,L,20161111,3609,9.88,24.68,-1.161,21.311,False,True,True,0,0,0,0,True,
002820.SZ,002820,002820,桂发祥,主板,深市,主板,801120.SI,食品饮料,801128.SI,休闲食品,休闲食品,L,20161118,3602,9.86,9.82,1.342,9.091,False,True,True,0,0,0,0,True,
002821.SZ,002821,002821,凯莱英,主板,深市,主板,801150.SI,医药生物,801156.SI,医疗服务,医疗服务,L,20161118,3602,9.86,179.12,-0.781,12.0,False,True,True,0,0,0,0,True,
002822.SZ,002822,002822,ST中装,主板,深市,主板,801720.SI,建筑装饰,801722.SI,装修装饰Ⅱ,装修装饰Ⅱ,L,20161129,3591,9.83,3.0,3.093,12.903,True,True,True,0,0,0,0,False,ST
002823.SZ,002823,002823,凯中精密,主板,深市,主板,801730.SI,电力设备,801731.SI,电机Ⅱ,电机Ⅱ,L,20161124,3596,9.85,12.75,0.711,6.25,False,True,True,0,0,0,0,True,
002824.SZ,002824,002824,和胜股份,主板,深市,主板,801050.SI,有色金属,801055.SI,工业金属,工业金属,L,20170112,3547,9.71,25.23,0.119,12.632,False,True,True,0,0,0,0,True,
002825.SZ,002825,002825,纳尔股份,主板,深市,主板,801030.SI,基础化工,801036.SI,塑料,塑料,L,20161129,3591,9.83,9.25,0.0,18.085,False,True,True,0,0,0,0,True,
002826.SZ,002826,002826,易明医药,主板,深市,主板,801150.SI,医药生物,801151.SI,化学制药,化学制药,L,20161209,3581,9.8,17.66,0.684,5.714,False,True,True,0,0,0,0,True,
002827.SZ,002827,002827,高争民爆,主板,深市,主板,801030.SI,基础化工,801034.SI,化学制品,化学制品,L,20161209,3581,9.8,62.04,-9.996,18.182,False,True,True,0,0,0,0,True,
002828.SZ,002828,002828,贝肯能源,主板,深市,主板,801960.SI,石油石化,801962.SI,油服工程,油服工程,L,20161208,3582,9.81,10.83,0.932,13.084,False,True,True,0,0,6,6,False,近60日停牌
002829.SZ,002829,002829,星网宇达,主板,深市,主板,801740.SI,国防军工,801741.SI,航天装备Ⅱ,航天装备Ⅱ,L,20161213,3577,9.79,19.41,-0.154,8.416,False,True,True,0,0,0,0,True,
002830.SZ,002830,002830,名雕股份,主板,深市,主板,801720.SI,建筑装饰,801722.SI,装修装饰Ⅱ,装修装饰Ⅱ,L,20161213,3577,9.79,15.02,2.107,6.711,False,True,True,0,0,0,0,True,
002831.SZ,002831,002831,裕同科技,主板,深市,主板,801140.SI,轻工制造,801141.SI,包装印刷,包装印刷,L,20161216,3574,9.79,27.82,1.2,11.594,False,True,True,0,0,0,0,True,
002832.SZ,002832,002832,比音勒芬,主板,深市,主板,801130.SI,纺织服饰,801132.SI,服装家纺,服装家纺,L,20161223,3567,9.77,25.28,1.242,7.143,False,True,True,0,0,0,0,True,
002833.SZ,002833,002833,弘亚数控,主板,深市,主板,801890.SI,机械设备,801074.SI,专用设备,专用设备,L,20161228,3562,9.75,18.78,1.678,8.287,False,True,True,0,0,0,0,True,
002835.SZ,002835,002835,同为股份,主板,深市,主板,801750.SI,计算机,801101.SI,计算机设备,计算机设备,L,20161228,3562,9.75,13.28,1.919,10.236,False,True,True,0,0,0,0,True,
002836.SZ,002836,002836,新宏泽,主板,深市,主板,801140.SI,轻工制造,801141.SI,包装印刷,包装印刷,L,20161229,3561,9.75,12.23,5.704,15.789,False,True,True,0,0,0,0,True,
002837.SZ,002837,002837,英维克,主板,深市,主板,801890.SI,机械设备,801074.SI,专用设备,专用设备,L,20161229,3561,9.75,55.58,2.244,13.725,False,True,True,0,0,0,0,True,
002838.SZ,002838,002838,道恩股份,主板,深市,主板,801030.SI,基础化工,801036.SI,塑料,塑料,L,20170106,3553,9.73,24.13,-1.43,19.048,False,True,True,0,0,0,0,True,
002839.SZ,002839,002839,张家港行,主板,深市,主板,801780.SI,银行,801785.SI,农商行Ⅱ,农商行Ⅱ,L,20170124,3535,9.68,4.25,0.711,4.651,False,True,True,0,0,0,0,True,
002840.SZ,002840,002840,华统股份,主板,深市,主板,801120.SI,食品饮料,801124.SI,食品加工,食品加工,L,20170110,3549,9.72,7.98,-0.25,14.458,False,True,True,0,0,0,0,True,
002841.SZ,002841,002841,视源股份,主板,深市,主板,801080.SI,电子,801085.SI,消费电子,消费电子,L,20170119,3540,9.69,44.48,0.862,10.256,False,True,True,0,0,0,0,True,
002842.SZ,002842,002842,翔鹭钨业,主板,深市,主板,801050.SI,有色金属,801054.SI,小金属,小金属,L,20170119,3540,9.69,31.09,0.909,10.92,False,True,True,0,0,0,0,True,
002843.SZ,002843,002843,泰嘉股份,主板,深市,主板,801890.SI,机械设备,801072.SI,通用设备,通用设备,L,20170120,3539,9.69,14.89,0.337,8.025,False,True,True,0,0,0,0,True,
002845.SZ,002845,002845,同兴达,主板,深市,主板,801080.SI,电子,801084.SI,光学光电子,光学光电子,L,20170125,3534,9.68,13.86,0.873,10.219,False,True,True,0,0,0,0,True,
002846.SZ,002846,002846,英联股份,主板,深市,主板,801140.SI,轻工制造,801141.SI,包装印刷,包装印刷,L,20170207,3521,9.64,11.88,10.0,8.621,False,True,True,0,0,0,0,True,
002847.SZ,002847,002847,盐津铺子,主板,深市,主板,801120.SI,食品饮料,801128.SI,休闲食品,休闲食品,L,20170208,3520,9.64,42.85,-1.29,19.231,False,True,True,0,0,0,0,True,
002848.SZ,002848,002848,高斯贝尔,主板,深市,主板,801110.SI,家用电器,801112.SI,黑色家电,黑色家电,L,20170213,3515,9.62,14.88,0.405,5.229,False,True,True,0,0,0,2,True,
002849.SZ,002849,002849,威星智能,主板,深市,主板,801890.SI,机械设备,801072.SI,通用设备,通用设备,L,20170217,3511,9.61,23.22,4.219,12.664,False,True,True,0,0,0,0,True,
002850.SZ,002850,002850,科达利,主板,深市,主板,801730.SI,电力设备,801737.SI,电池,电池,L,20170302,3498,9.58,158.17,-2.963,13.636,False,True,True,0,0,0,0,True,
002851.SZ,002851,002851,麦格米特,主板,深市,主板,801730.SI,电力设备,801733.SI,其他电源设备Ⅱ,其他电源设备Ⅱ,L,20170306,3494,9.57,118.5,2.686,6.818,False,True,True,0,0,0,0,True,
002852.SZ,002852,002852,道道全,主板,深市,主板,801010.SI,农林牧渔,801012.SI,农产品加工,农产品加工,L,20170310,3490,9.56,8.6,-3.371,14.286,False,True,True,0,0,0,0,True,
002853.SZ,002853,002853,皮阿诺,主板,深市,主板,801140.SI,轻工制造,801142.SI,家居用品,家居用品,L,20170310,3490,9.56,20.88,1.507,11.111,False,True,True,0,0,0,0,True,
002855.SZ,002855,002855,捷荣技术,主板,深市,主板,801080.SI,电子,801085.SI,消费电子,消费电子,L,20170321,3479,9.52,12.58,-0.789,19.231,False,True,True,0,0,0,0,True,
002856.SZ,002856,002856,*ST美芝,主板,深市,主板,801720.SI,建筑装饰,801722.SI,装修装饰Ⅱ,装修装饰Ⅱ,L,20170320,3480,9.53,18.38,1.998,28.713,True,True,True,0,0,0,0,False,ST
002857.SZ,002857,002857,三晖电气,主板,深市,主板,801730.SI,电力设备,801738.SI,电网设备,电网设备,L,20170323,3477,9.52,17.8,0.907,16.854,False,True,True,0,0,0,0,True,
002858.SZ,002858,002858,力盛体育,主板,深市,主板,801210.SI,社会服务,801216.SI,体育Ⅱ,体育Ⅱ,L,20170324,3476,9.52,11.66,0.952,7.759,False,True,True,0,0,0,0,True,
002859.SZ,002859,002859,洁美科技,主板,深市,主板,801080.SI,电子,801082.SI,其他电子Ⅱ,其他电子Ⅱ,L,20170407,3462,9.48,59.78,-0.333,11.712,False,True,True,0,0,0,0,True,
002860.SZ,002860,002860,星帅尔,主板,深市,主板,801110.SI,家用电器,801116.SI,家电零部件Ⅱ,家电零部件Ⅱ,L,20170412,3457,9.46,,,,False,True,False,5,5,5,5,False,近60日停牌、无最新行情
002861.SZ,002861,002861,瀛通通讯,主板,深市,主板,801080.SI,电子,801085.SI,消费电子,消费电子,L,20170413,3456,9.46,14.25,1.351,12.752,False,True,True,0,0,0,0,True,
002862.SZ,002862,002862,实丰文化,主板,深市,主板,801140.SI,轻工制造,801145.SI,文娱用品,文娱用品,L,20170411,3458,9.47,15.16,1.405,6.494,False,True,True,0,0,0,0,True,
002863.SZ,002863,002863,今飞凯达,主板,深市,主板,801880.SI,汽车,801093.SI,汽车零部件,汽车零部件,L,20170418,3451,9.45,4.8,1.053,8.511,False,True,True,0,0,0,0,True,
002864.SZ,002864,002864,盘龙药业,主板,深市,主板,801150.SI,医药生物,801155.SI,中药Ⅱ,中药Ⅱ,L,20171116,3239,8.87,20.9,-0.191,8.372,False,True,True,0,0,0,0,True,
002865.SZ,002865,002865,钧达股份,主板,深市,主板,801730.SI,电力设备,801735.SI,光伏设备,光伏设备,L,20170425,3444,9.43,36.01,-0.36,14.894,False,True,True,0,0,0,0,True,
002866.SZ,002866,002866,传艺科技,主板,深市,主板,801080.SI,电子,801085.SI,消费电子,消费电子,L,20170426,3443,9.43,15.36,10.029,6.164,False,True,True,0,0,0,0,True,
002867.SZ,002867,002867,周大生,主板,深市,主板,801130.SI,纺织服饰,801133.SI,饰品,饰品,L,20170427,3442,9.42,10.05,0.1,17.391,False,True,True,0,0,0,0,True,
002868.SZ,002868,002868,绿康生化,主板,深市,主板,801010.SI,农林牧渔,801018.SI,动物保健Ⅱ,动物保健Ⅱ,L,20170503,3436,9.41,22.0,-0.856,13.559,False,True,True,0,0,0,0,True,
002869.SZ,002869,002869,金溢科技,主板,深市,主板,801750.SI,计算机,801101.SI,计算机设备,计算机设备,L,20170515,3424,9.37,17.03,1.976,11.446,False,True,True,0,0,0,0,True,
002870.SZ,002870,002870,香山股份,主板,深市,主板,801880.SI,汽车,801093.SI,汽车零部件,汽车零部件,L,20170515,3424,9.37,46.62,0.778,9.756,False,True,True,11,11,11,11,False,近60日停牌
002871.SZ,002871,002871,伟隆股份,主板,深市,主板,801890.SI,机械设备,801072.SI,通用设备,通用设备,L,20170511,3428,9.39,17.44,-0.909,13.187,False,True,True,0,0,0,0,True,
002872.SZ,002872,002872,ST天圣,主板,深市,主板,801150.SI,医药生物,801151.SI,化学制药,化学制药,L,20170519,3420,9.36,6.12,1.325,17.241,True,True,True,0,0,0,0,False,ST
002873.SZ,002873,002873,新天药业,主板,深市,主板,801150.SI,医药生物,801155.SI,中药Ⅱ,中药Ⅱ,L,20170519,3420,9.36,8.55,1.303,7.143,False,True,True,0,0,0,0,True,
002875.SZ,002875,002875,安奈儿,主板,深市,主板,801130.SI,纺织服饰,801132.SI,服装家纺,服装家纺,L,20170601,3407,9.33,12.87,1.179,10.448,False,True,True,0,0,0,0,True,
002876.SZ,002876,002876,三利谱,主板,深市,主板,801080.SI,电子,801084.SI,光学光电子,光学光电子,L,20170525,3414,9.35,31.33,-0.666,11.538,False,True,True,0,0,0,0,True,
002877.SZ,002877,002877,智能自控,主板,深市,主板,801890.SI,机械设备,801072.SI,通用设备,通用设备,L,20170605,3403,9.32,7.53,1.619,6.757,False,True,True,0,0,0,0,True,
002878.SZ,002878,002878,元隆雅图,主板,深市,主板,801760.SI,传媒,801765.SI,广告营销,广告营销,L,20170606,3402,9.31,12.86,3.543,7.143,False,True,True,0,0,0,0,True,
002879.SZ,002879,002879,长缆科技,主板,深市,主板,801730.SI,电力设备,801738.SI,电网设备,电网设备,L,20170707,3371,9.23,17.16,-1.436,6.433,False,True,True,0,0,0,0,True,
002880.SZ,002880,002880,卫光生物,主板,深市,主板,801150.SI,医药生物,801152.SI,生物制品,生物制品,L,20170616,3392,9.29,21.73,-1.092,21.818,False,True,True,0,0,0,0,True,
002881.SZ,002881,002881,美格智能,主板,深市,主板,801770.SI,通信,801102.SI,通信设备,通信设备,L,20170622,3386,9.27,41.95,-1.526,13.393,False,True,True,0,0,0,0,True,
002882.SZ,002882,002882,金龙羽,主板,深市,主板,801730.SI,电力设备,801738.SI,电网设备,电网设备,L,20170717,3361,9.2,24.51,10.009,9.091,False,True,True,0,0,0,0,True,
002883.SZ,002883,002883,*ST中设,主板,深市,主板,801720.SI,建筑装饰,801726.SI,工程咨询服务Ⅱ,工程咨询服务Ⅱ,L,20170620,3388,9.28,9.18,0.218,11.364,True,True,True,0,0,0,0,False,ST
002884.SZ,002884,002884,凌霄泵业,主板,深市,主板,801890.SI,机械设备,801072.SI,通用设备,通用设备,L,20170711,3367,9.22,15.26,0.066,11.25,False,True,True,0,0,0,0,True,
002885.SZ,002885,002885,京泉华,主板,深市,主板,801080.SI,电子,801082.SI,其他电子Ⅱ,其他电子Ⅱ,L,20170627,3381,9.26,26.53,0.951,8.929,False,True,True,0,0,0,0,True,
002886.SZ,002886,002886,沃特股份,主板,深市,主板,801030.SI,基础化工,801036.SI,塑料,塑料,L,20170627,3381,9.26,24.74,2.316,9.16,False,True,True,0,0,0,0,True,
002887.SZ,002887,002887,绿茵生态,主板,深市,主板,801970.SI,环保,801971.SI,环境治理,环境治理,L,20170801,3346,9.16,8.84,-6.653,14.737,False,True,True,0,0,0,0,True,
002888.SZ,002888,002888,惠威科技,主板,深市,主板,801080.SI,电子,801085.SI,消费电子,消费电子,L,20170721,3357,9.19,18.72,1.518,11.053,False,True,True,0,0,0,0,True,
002889.SZ,002889,002889,东方嘉盛,主板,深市,主板,801170.SI,交通运输,801178.SI,物流,物流,L,20170731,3347,9.16,12.08,1.003,8.197,False,True,True,0,0,0,0,True,
002890.SZ,002890,002890,弘宇股份,主板,深市,主板,801890.SI,机械设备,801074.SI,专用设备,专用设备,L,20170802,3345,9.16,15.17,-0.132,13.605,False,True,True,0,0,0,0,True,
002891.SZ,002891,002891,中宠股份,主板,深市,主板,801010.SI,农林牧渔,801014.SI,饲料,饲料,L,20170821,3326,9.11,27.32,-1.762,14.634,False,True,True,0,0,0,0,True,
002892.SZ,002892,002892,科力尔,主板,深市,主板,801730.SI,电力设备,801731.SI,电机Ⅱ,电机Ⅱ,L,20170817,3330,9.12,8.54,-0.234,12.088,False,True,True,0,0,0,0,True,
002893.SZ,002893,002893,京能热力,主板,深市,主板,801160.SI,公用事业,801161.SI,电力,电力,L,20170915,3301,9.04,10.29,1.081,7.767,False,True,True,0,0,0,0,True,
002895.SZ,002895,002895,川恒股份,主板,深市,主板,801030.SI,基础化工,801038.SI,农化制品,农化制品,L,20170825,3322,9.1,29.98,-0.167,12.195,False,True,True,0,0,0,0,True,
002896.SZ,002896,002896,中大力德,主板,深市,主板,801890.SI,机械设备,801072.SI,通用设备,通用设备,L,20170829,3318,9.08,60.86,-3.87,14.103,False,True,True,0,0,0,0,True,
002897.SZ,002897,002897,意华股份,主板,深市,主板,801770.SI,通信,801102.SI,通信设备,通信设备,L,20170907,3309,9.06,58.46,-1.15,16.327,False,True,True,0,0,0,0,True,
002899.SZ,002899,002899,英派斯,主板,深市,主板,801140.SI,轻工制造,801145.SI,文娱用品,文娱用品,L,20170915,3301,9.04,20.48,-0.631,9.091,False,True,True,0,0,0,0,True,
002900.SZ,002900,002900,哈三联,主板,深市,主板,801150.SI,医药生物,801151.SI,化学制药,化学制药,L,20170922,3294,9.02,12.98,-0.613,6.202,False,True,True,0,0,0,0,True,
002901.SZ,002901,002901,大博医疗,主板,深市,主板,801150.SI,医药生物,801153.SI,医疗器械,医疗器械,L,20170922,3294,9.02,40.56,-1.792,15.909,False,True,True,0,0,0,0,True,
002902.SZ,002902,002902,铭普光磁,主板,深市,主板,801770.SI,通信,801102.SI,通信设备,通信设备,L,20170929,3287,9.0,26.15,2.308,15.679,False,True,True,0,0,0,0,True,
002903.SZ,002903,002903,宇环数控,主板,深市,主板,801890.SI,机械设备,801072.SI,通用设备,通用设备,L,20171013,3273,8.96,28.62,-2.354,8.94,False,True,True,0,0,0,0,True,
002905.SZ,002905,002905,金逸影视,主板,深市,主板,801760.SI,传媒,801766.SI,影视院线,影视院线,L,20171016,3270,8.95,8.85,1.027,16.667,False,True,True,0,0,0,0,True,
002906.SZ,002906,002906,华阳集团,主板,深市,主板,801880.SI,汽车,801093.SI,汽车零部件,汽车零部件,L,20171013,3273,8.96,26.71,0.15,11.765,False,True,True,0,5,5,5,False,近60日停牌
002907.SZ,002907,002907,华森制药,主板,深市,主板,801150.SI,医药生物,801155.SI,中药Ⅱ,中药Ⅱ,L,20171020,3266,8.94,14.42,-0.483,12.245,False,True,True,0,0,0,0,True,
002908.SZ,002908,002908,德生科技,主板,深市,主板,801750.SI,计算机,801103.SI,IT服务Ⅱ,IT服务Ⅱ,L,20171020,3266,8.94,7.13,2.149,8.451,False,True,True,0,0,0,0,True,
002909.SZ,002909,002909,集泰股份,主板,深市,主板,801030.SI,基础化工,801034.SI,化学制品,化学制品,L,20171026,3260,8.93,7.05,-5.496,12.857,False,True,True,0,0,0,0,True,
002910.SZ,002910,002910,庄园牧场,主板,深市,主板,801120.SI,食品饮料,801127.SI,饮料乳品,饮料乳品,L,20171031,3255,8.91,10.1,2.434,9.0,False,True,True,0,0,0,0,True,
002911.SZ,002911,002911,佛燃能源,主板,深市,主板,801160.SI,公用事业,801163.SI,燃气Ⅱ,燃气Ⅱ,L,20171122,3233,8.85,11.13,-1.33,40.0,False,True,True,0,0,0,0,True,
002912.SZ,002912,002912,中新赛克,主板,深市,主板,801750.SI,计算机,801101.SI,计算机设备,计算机设备,L,20171121,3234,8.85,29.12,10.011,13.043,False,True,True,0,0,0,0,True,
002913.SZ,002913,002913,奥士康,主板,深市,主板,801080.SI,电子,801083.SI,元件,元件,L,20171201,3224,8.83,91.08,10.0,12.281,False,True,True,0,0,0,0,True,
002915.SZ,002915,002915,中欣氟材,主板,深市,主板,801030.SI,基础化工,801034.SI,化学制品,化学制品,L,20171205,3220,8.82,16.27,0.432,10.112,False,True,True,0,0,0,0,True,
002916.SZ,002916,002916,深南电路,主板,深市,主板,801080.SI,电子,801083.SI,元件,元件,L,20171213,3212,8.79,375.6,1.245,18.681,False,True,True,0,0,0,0,True,
002917.SZ,002917,002917,金奥博,主板,深市,主板,801030.SI,基础化工,801034.SI,化学制品,化学制品,L,20171208,3217,8.81,10.06,0.199,7.767,False,True,True,0,0,0,0,True,
002918.SZ,002918,002918,蒙娜丽莎,主板,深市,主板,801140.SI,轻工制造,801142.SI,家居用品,家居用品,L,20171219,3206,8.78,10.52,-0.473,6.364,False,True,True,0,0,0,0,True,
002919.SZ,002919,002919,名臣健康,主板,深市,主板,801760.SI,传媒,801764.SI,游戏Ⅱ,游戏Ⅱ,L,20171218,3207,8.78,16.1,2.417,18.605,False,True,True,0,0,0,0,True,
002920.SZ,002920,002920,德赛西威,主板,深市,主板,801750.SI,计算机,801104.SI,软件开发,软件开发,L,20171226,3199,8.76,79.25,-0.938,13.725,False,True,True,0,0,0,0,True,
002921.SZ,002921,002921,联诚精密,主板,深市,主板,801880.SI,汽车,801093.SI,汽车零部件,汽车零部件,L,20171227,3198,8.76,19.83,0.202,12.857,False,True,True,0,0,0,0,True,
002922.SZ,002922,002922,伊戈尔,主板,深市,主板,801080.SI,电子,801082.SI,其他电子Ⅱ,其他电子Ⅱ,L,20171229,3196,8.75,21.48,0.609,13.559,False,True,True,0,0,0,0,True,
002923.SZ,002923,002923,润都股份,主板,深市,主板,801150.SI,医药生物,801151.SI,化学制药,化学制药,L,20180105,3189,8.73,10.7,-0.465,6.306,False,True,True,0,0,0,0,True,
002925.SZ,002925,002925,盈趣科技,主板,深市,主板,801080.SI,电子,801085.SI,消费电子,消费电子,L,20180115,3179,8.7,22.5,1.718,10.39,False,True,True,0,0,0,0,True,
002926.SZ,002926,002926,华西证券,主板,深市,主板,801790.SI,非银金融,801193.SI,证券Ⅱ,证券Ⅱ,L,20180205,3158,8.65,8.15,0.866,8.434,False,True,True,0,0,0,0,True,
002927.SZ,002927,002927,泰永长征,主板,深市,主板,801730.SI,电力设备,801738.SI,电网设备,电网设备,L,20180223,3140,8.6,19.29,0.942,13.542,False,True,True,0,0,0,0,True,
002928.SZ,002928,002928,华夏航空,主板,深市,主板,801170.SI,交通运输,801991.SI,航空机场,航空机场,L,20180302,3133,8.58,6.12,0.658,7.937,False,True,True,0,0,0,0,True,
002929.SZ,002929,002929,润建股份,主板,深市,主板,801770.SI,通信,801223.SI,通信服务,通信服务,L,20180301,3134,8.58,47.39,-0.65,9.231,False,True,True,0,0,0,0,True,
002930.SZ,002930,002930,宏川智慧,主板,深市,主板,801170.SI,交通运输,801178.SI,物流,物流,L,20180328,3107,8.51,9.03,0.222,13.333,False,True,True,0,0,0,0,True,
002931.SZ,002931,002931,锋龙股份,主板,深市,主板,801890.SI,机械设备,801072.SI,通用设备,通用设备,L,20180403,3101,8.49,38.99,0.335,21.622,False,True,True,0,0,0,0,True,
002932.SZ,002932,002932,*ST明德,主板,深市,主板,801150.SI,医药生物,801153.SI,医疗器械,医疗器械,L,20180710,3003,8.22,15.15,0.331,15.789,True,True,True,0,0,0,0,False,ST
002933.SZ,002933,002933,新兴装备,主板,深市,主板,801740.SI,国防军工,801742.SI,航空装备Ⅱ,航空装备Ⅱ,L,20180828,2954,8.09,27.94,2.91,11.852,False,True,True,0,0,0,0,True,
002935.SZ,002935,002935,天奥电子,主板,深市,主板,801740.SI,国防军工,801745.SI,军工电子Ⅱ,军工电子Ⅱ,L,20180903,2948,8.07,18.11,-0.822,27.059,False,True,True,0,0,0,0,True,
002936.SZ,002936,002936,郑州银行,主板,深市,主板,801780.SI,银行,801784.SI,城商行Ⅱ,城商行Ⅱ,L,20180919,2932,8.03,1.71,0.588,5.882,False,True,True,0,0,0,0,True,
002937.SZ,002937,002937,兴瑞科技,主板,深市,主板,801880.SI,汽车,801093.SI,汽车零部件,汽车零部件,L,20180926,2925,8.01,26.18,-3.856,12.5,False,True,True,0,0,0,0,True,
002938.SZ,002938,002938,鹏鼎控股,主板,深市,主板,801080.SI,电子,801083.SI,元件,元件,L,20180918,2933,8.03,79.95,0.364,21.429,False,True,True,0,0,0,0,True,
002939.SZ,002939,002939,长城证券,主板,深市,主板,801790.SI,非银金融,801193.SI,证券Ⅱ,证券Ⅱ,L,20181026,2895,7.93,7.69,0.261,19.277,False,True,True,0,0,0,0,True,
002940.SZ,002940,002940,昂利康,主板,深市,主板,801150.SI,医药生物,801151.SI,化学制药,化学制药,L,20181023,2898,7.93,22.23,-1.024,14.103,False,True,True,0,0,0,0,True,
002941.SZ,002941,002941,新疆交建,主板,深市,主板,801720.SI,建筑装饰,801723.SI,基础建设,基础建设,L,20181128,2862,7.84,10.46,1.161,11.321,False,True,True,0,0,0,0,True,
002942.SZ,002942,002942,新农股份,主板,深市,主板,801030.SI,基础化工,801038.SI,农化制品,农化制品,L,20181205,2855,7.82,16.53,0.303,16.471,False,True,True,0,0,0,0,True,
002943.SZ,002943,002943,宇晶股份,主板,深市,主板,801890.SI,机械设备,801072.SI,通用设备,通用设备,L,20181129,2861,7.83,28.76,-0.759,12.987,False,True,True,0,0,0,0,True,
002945.SZ,002945,002945,华林证券,主板,深市,主板,801790.SI,非银金融,801193.SI,证券Ⅱ,证券Ⅱ,L,20190117,2812,7.7,14.13,0.426,25.333,False,True,True,0,0,0,0,True,
002946.SZ,002946,002946,新乳业,主板,深市,主板,801120.SI,食品饮料,801127.SI,饮料乳品,饮料乳品,L,20190125,2804,7.68,14.25,-1.994,20.886,False,True,True,0,0,0,0,True,
002947.SZ,002947,002947,恒铭达,主板,深市,主板,801080.SI,电子,801085.SI,消费电子,消费电子,L,20190201,2797,7.66,57.95,-0.515,12.346,False,True,True,0,0,0,0,True,
002948.SZ,002948,002948,青岛银行,主板,深市,主板,801780.SI,银行,801784.SI,城商行Ⅱ,城商行Ⅱ,L,20190116,2813,7.7,6.05,-0.165,13.333,False,True,True,0,0,0,0,True,
002949.SZ,002949,002949,华阳国际,主板,深市,主板,801720.SI,建筑装饰,801726.SI,工程咨询服务Ⅱ,工程咨询服务Ⅱ,L,20190226,2772,7.59,13.74,4.091,10.606,False,True,True,0,0,0,0,True,
002950.SZ,002950,002950,奥美医疗,主板,深市,主板,801150.SI,医药生物,801153.SI,医疗器械,医疗器械,L,20190311,2759,7.55,8.42,-0.825,10.0,False,True,True,0,0,0,0,True,
002951.SZ,002951,002951,金时科技,主板,深市,主板,801730.SI,电力设备,801733.SI,其他电源设备Ⅱ,其他电源设备Ⅱ,L,20190315,2755,7.54,15.78,-0.19,16.667,False,True,True,0,0,0,0,True,
002952.SZ,002952,002952,亚世光电,主板,深市,主板,801080.SI,电子,801084.SI,光学光电子,光学光电子,L,20190328,2742,7.51,19.28,0.837,13.846,False,True,True,0,0,0,0,True,
002953.SZ,002953,002953,日丰股份,主板,深市,主板,801730.SI,电力设备,801738.SI,电网设备,电网设备,L,20190509,2700,7.39,9.94,0.0,8.491,False,True,True,0,0,0,0,True,
002955.SZ,002955,002955,鸿合科技,主板,深市,主板,801080.SI,电子,801084.SI,光学光电子,光学光电子,L,20190523,2686,7.35,36.03,-0.717,12.295,False,True,True,0,0,0,0,True,
002956.SZ,002956,002956,西麦食品,主板,深市,主板,801120.SI,食品饮料,801128.SI,休闲食品,休闲食品,L,20190619,2659,7.28,17.45,-2.241,11.364,False,True,True,0,0,0,0,True,
002957.SZ,002957,002957,科瑞技术,主板,深市,主板,801890.SI,机械设备,801078.SI,自动化设备,自动化设备,L,20190726,2622,7.18,36.35,-2.442,12.857,False,True,True,0,0,0,0,True,
002958.SZ,002958,002958,青农商行,主板,深市,主板,801780.SI,银行,801785.SI,农商行Ⅱ,农商行Ⅱ,L,20190326,2744,7.51,2.91,1.042,6.897,False,True,True,0,0,0,0,True,
002959.SZ,002959,002959,小熊电器,主板,深市,主板,801110.SI,家用电器,801113.SI,小家电,小家电,L,20190823,2594,7.1,35.55,5.24,28.571,False,True,True,0,0,0,0,True,
002960.SZ,002960,002960,青鸟智控,主板,深市,主板,801890.SI,机械设备,801074.SI,专用设备,专用设备,L,20190809,2608,7.14,8.45,0.118,9.412,False,True,True,0,0,0,0,True,
002961.SZ,002961,002961,瑞达期货,主板,深市,主板,801790.SI,非银金融,801191.SI,多元金融,多元金融,L,20190905,2581,7.07,13.53,3.204,11.111,False,True,True,0,0,0,0,True,
002962.SZ,002962,002962,五方光电,主板,深市,主板,801080.SI,电子,801084.SI,光学光电子,光学光电子,L,20190917,2569,7.03,14.7,-0.406,11.034,False,True,True,0,0,0,0,True,
002963.SZ,002963,002963,豪尔赛,主板,深市,主板,801720.SI,建筑装饰,801722.SI,装修装饰Ⅱ,装修装饰Ⅱ,L,20191028,2528,6.92,22.63,2.398,15.068,False,True,True,0,0,0,0,True,
002965.SZ,002965,002965,祥鑫科技,主板,深市,主板,801880.SI,汽车,801093.SI,汽车零部件,汽车零部件,L,20191025,2531,6.93,30.0,-1.446,13.208,False,True,True,0,0,0,0,True,
002966.SZ,002966,002966,苏州银行,主板,深市,主板,801780.SI,银行,801784.SI,城商行Ⅱ,城商行Ⅱ,L,20190802,2615,7.16,9.23,-0.646,15.476,False,True,True,0,0,0,0,True,
002967.SZ,002967,002967,广电计量,主板,深市,主板,801210.SI,社会服务,801218.SI,专业服务,专业服务,L,20191108,2517,6.89,17.65,-1.999,20.455,False,True,True,0,0,0,0,True,
002968.SZ,002968,002968,新大正,主板,深市,主板,801180.SI,房地产,801183.SI,房地产服务,房地产服务,L,20191203,2492,6.82,9.89,1.644,10.417,False,True,True,0,0,0,0,True,
002969.SZ,002969,002969,嘉美包装,主板,深市,主板,801140.SI,轻工制造,801141.SI,包装印刷,包装印刷,L,20191202,2493,6.83,10.73,0.374,19.355,False,True,True,0,0,0,5,True,
002970.SZ,002970,002970,锐明技术,主板,深市,主板,801750.SI,计算机,801101.SI,计算机设备,计算机设备,L,20191217,2478,6.78,40.65,1.88,16.304,False,True,True,0,0,0,0,True,
002971.SZ,002971,002971,和远气体,主板,深市,主板,801030.SI,基础化工,801034.SI,化学制品,化学制品,L,20200113,2451,6.71,40.82,3.525,7.317,False,True,True,0,0,0,0,True,
002972.SZ,002972,002972,科安达,主板,深市,主板,801890.SI,机械设备,801076.SI,轨交设备Ⅱ,轨交设备Ⅱ,L,20191227,2468,6.76,13.12,-0.152,5.303,False,True,True,0,0,0,0,True,
002973.SZ,002973,002973,侨银股份,主板,深市,主板,801970.SI,环保,801971.SI,环境治理,环境治理,L,20200106,2458,6.73,12.19,-0.082,14.286,False,True,True,0,0,0,0,True,
002975.SZ,002975,002975,博杰股份,主板,深市,主板,801890.SI,机械设备,801078.SI,自动化设备,自动化设备,L,20200205,2428,6.65,102.05,2.05,11.111,False,True,True,0,0,0,0,True,
002976.SZ,002976,002976,瑞玛精密,主板,深市,主板,801880.SI,汽车,801093.SI,汽车零部件,汽车零部件,L,20200306,2398,6.57,22.8,0.396,14.286,False,True,True,0,0,0,0,True,
002977.SZ,002977,002977,*ST天箭,主板,深市,主板,801740.SI,国防军工,801745.SI,军工电子Ⅱ,军工电子Ⅱ,L,20200317,2387,6.54,18.73,-0.319,12.5,True,True,True,0,0,0,0,False,ST
002978.SZ,002978,002978,安宁股份,主板,深市,主板,801050.SI,有色金属,801054.SI,小金属,小金属,L,20200417,2356,6.45,24.65,1.524,25.0,False,True,True,0,0,0,0,True,
002979.SZ,002979,002979,雷赛智能,主板,深市,主板,801890.SI,机械设备,801078.SI,自动化设备,自动化设备,L,20200408,2365,6.48,51.76,-0.462,10.44,False,True,True,0,0,0,0,True,
002980.SZ,002980,002980,华盛昌,主板,深市,主板,801730.SI,电力设备,801738.SI,电网设备,电网设备,L,20200415,2358,6.46,106.62,6.322,16.14,False,True,True,0,0,0,0,True,
002981.SZ,002981,002981,朝阳科技,主板,深市,主板,801080.SI,电子,801085.SI,消费电子,消费电子,L,20200417,2356,6.45,23.62,1.81,10.0,False,True,True,0,0,0,0,True,
002982.SZ,002982,002982,湘佳股份,主板,深市,主板,801010.SI,农林牧渔,801017.SI,养殖业,养殖业,L,20200424,2349,6.43,12.68,-0.315,8.73,False,True,True,0,0,0,0,True,
002983.SZ,002983,002983,芯瑞达,主板,深市,主板,801080.SI,电子,801084.SI,光学光电子,光学光电子,L,20200428,2345,6.42,21.92,0.874,17.757,False,True,True,0,0,0,0,True,
002984.SZ,002984,002984,森麒麟,主板,深市,主板,801880.SI,汽车,801093.SI,汽车零部件,汽车零部件,L,20200911,2209,6.05,12.84,0.943,13.043,False,True,True,0,0,0,0,True,
002985.SZ,002985,002985,北摩高科,主板,深市,主板,801740.SI,国防军工,801742.SI,航空装备Ⅱ,航空装备Ⅱ,L,20200429,2344,6.42,26.1,-3.01,14.815,False,True,True,0,0,0,0,True,
002986.SZ,002986,002986,宇新股份,主板,深市,主板,801960.SI,石油石化,801963.SI,炼化及贸易,炼化及贸易,L,20200602,2310,6.32,12.59,-0.553,13.077,False,True,True,0,0,0,0,True,
002987.SZ,002987,002987,京北方,主板,深市,主板,801750.SI,计算机,801104.SI,软件开发,软件开发,L,20200507,2336,6.4,10.59,0.857,13.158,False,True,True,0,0,0,0,True,
002988.SZ,002988,002988,豪美新材,主板,深市,主板,801050.SI,有色金属,801055.SI,工业金属,工业金属,L,20200518,2325,6.37,31.08,1.436,27.0,False,True,True,0,0,0,0,True,
002989.SZ,002989,002989,中天精装,主板,深市,主板,801720.SI,建筑装饰,801722.SI,装修装饰Ⅱ,装修装饰Ⅱ,L,20200610,2302,6.3,23.6,-3.279,13.415,False,True,True,0,0,0,0,True,
002990.SZ,002990,002990,盛视科技,主板,深市,主板,801750.SI,计算机,801101.SI,计算机设备,计算机设备,L,20200525,2318,6.35,54.1,6.058,11.932,False,True,True,0,0,0,0,True,
002991.SZ,002991,002991,甘源食品,主板,深市,主板,801120.SI,食品饮料,801128.SI,休闲食品,休闲食品,L,20200731,2251,6.16,36.88,-0.967,13.158,False,True,True,0,0,0,0,True,
002992.SZ,002992,002992,宝明科技,主板,深市,主板,801080.SI,电子,801084.SI,光学光电子,光学光电子,L,20200803,2248,6.15,33.1,1.815,39.08,False,True,True,0,0,0,0,True,
002993.SZ,002993,002993,奥海科技,主板,深市,主板,801080.SI,电子,801085.SI,消费电子,消费电子,L,20200817,2234,6.12,32.84,1.077,12.162,False,True,True,0,0,0,0,True,
002995.SZ,002995,002995,天地在线,主板,深市,主板,801760.SI,传媒,801765.SI,广告营销,广告营销,L,20200805,2246,6.15,17.33,4.84,8.621,False,True,True,0,0,0,0,True,
002996.SZ,002996,002996,顺博合金,主板,深市,主板,801050.SI,有色金属,801055.SI,工业金属,工业金属,L,20200828,2223,6.09,5.92,1.37,6.452,False,True,True,0,0,0,0,True,
002997.SZ,002997,002997,瑞鹄模具,主板,深市,主板,801880.SI,汽车,801093.SI,汽车零部件,汽车零部件,L,20200903,2217,6.07,25.7,0.943,11.268,False,True,True,0,0,0,0,True,
002998.SZ,002998,002998,优彩资源,主板,深市,主板,801030.SI,基础化工,801032.SI,化学纤维,化学纤维,L,20200925,2195,6.01,7.99,-0.125,8.75,False,True,True,6,6,6,6,False,近60日停牌
002999.SZ,002999,002999,天禾股份,主板,深市,主板,801030.SI,基础化工,801038.SI,农化制品,农化制品,L,20200903,2217,6.07,6.36,0.792,12.5,False,True,True,0,0,0,0,True,
003000.SZ,003000,003000,劲仔食品,主板,深市,主板,801120.SI,食品饮料,801128.SI,休闲食品,休闲食品,L,20200914,2206,6.04,9.38,-1.574,11.224,False,True,True,0,0,0,0,True,
003001.SZ,003001,003001,中岩大地,主板,深市,主板,801720.SI,建筑装饰,801724.SI,专业工程,专业工程,L,20201013,2177,5.96,20.42,2.975,5.714,False,True,True,0,0,0,0,True,
003002.SZ,003002,003002,壶化股份,主板,深市,主板,801030.SI,基础化工,801034.SI,化学制品,化学制品,L,20200922,2198,6.02,15.88,2.188,23.214,False,True,True,0,0,0,0,True,
003003.SZ,003003,003003,天元股份,主板,深市,主板,801140.SI,轻工制造,801141.SI,包装印刷,包装印刷,L,20200921,2199,6.02,11.28,2.452,7.339,False,True,True,0,0,0,0,True,
003004.SZ,003004,003004,声迅股份,主板,深市,主板,801750.SI,计算机,801101.SI,计算机设备,计算机设备,L,20201126,2133,5.84,61.25,7.456,21.591,False,True,True,0,0,0,0,True,
003005.SZ,003005,003005,竞业达,主板,深市,主板,801750.SI,计算机,801103.SI,IT服务Ⅱ,IT服务Ⅱ,L,20200922,2198,6.02,15.15,2.227,4.698,False,True,True,0,0,0,0,True,
003006.SZ,003006,003006,百亚股份,主板,深市,主板,801980.SI,美容护理,801981.SI,个护用品,个护用品,L,20200921,2199,6.02,21.71,-3.468,12.844,False,True,True,0,0,0,0,True,
003007.SZ,003007,003007,直真科技,主板,深市,主板,801750.SI,计算机,801104.SI,软件开发,软件开发,L,20200923,2197,6.02,40.55,2.192,6.633,False,True,True,0,0,0,0,True,
003008.SZ,003008,003008,开普检测,主板,深市,主板,801210.SI,社会服务,801218.SI,专业服务,专业服务,L,20200923,2197,6.02,19.9,1.272,13.684,False,True,True,0,0,0,0,True,
003009.SZ,003009,003009,中天火箭,主板,深市,主板,801740.SI,国防军工,801741.SI,航天装备Ⅱ,航天装备Ⅱ,L,20200925,2195,6.01,44.73,-1.105,10.0,False,True,True,0,0,0,0,True,
003010.SZ,003010,003010,若羽臣,主板,深市,主板,801200.SI,商贸零售,801206.SI,互联网电商,互联网电商,L,20200925,2195,6.01,27.83,-0.572,10.345,False,True,True,0,0,0,0,True,
003011.SZ,003011,003011,海象新材,主板,深市,主板,801140.SI,轻工制造,801142.SI,家居用品,家居用品,L,20200930,2190,6.0,20.08,0.904,6.0,False,True,True,0,0,0,0,True,
003012.SZ,003012,003012,东鹏控股,主板,深市,主板,801140.SI,轻工制造,801142.SI,家居用品,家居用品,L,20201019,2171,5.94,4.63,1.758,19.149,False,True,True,0,0,0,0,True,
003013.SZ,003013,003013,地铁设计,主板,深市,主板,801720.SI,建筑装饰,801726.SI,工程咨询服务Ⅱ,工程咨询服务Ⅱ,L,20201022,2168,5.94,16.0,3.226,16.86,False,True,True,0,0,0,0,True,
003015.SZ,003015,003015,日久光电,主板,深市,主板,801080.SI,电子,801084.SI,光学光电子,光学光电子,L,20201021,2169,5.94,12.28,1.237,12.397,False,True,True,0,0,0,0,True,
003016.SZ,003016,003016,欣贺股份,主板,深市,主板,801130.SI,纺织服饰,801132.SI,服装家纺,服装家纺,L,20201026,2164,5.92,7.46,-0.93,18.056,False,True,True,0,0,0,0,True,
003017.SZ,003017,003017,大洋生物,主板,深市,主板,801030.SI,基础化工,801033.SI,化学原料,化学原料,L,20201026,2164,5.92,22.81,0.885,7.08,False,True,True,0,0,0,0,True,
003018.SZ,003018,003018,金富科技,主板,深市,主板,801140.SI,轻工制造,801141.SI,包装印刷,包装印刷,L,20201106,2153,5.89,44.95,-0.022,12.857,False,True,True,0,0,0,0,True,
003019.SZ,003019,003019,宸展光电,主板,深市,主板,801080.SI,电子,801084.SI,光学光电子,光学光电子,L,20201117,2142,5.86,26.66,2.146,17.778,False,True,True,0,0,0,0,True,
003020.SZ,003020,003020,立方制药,主板,深市,主板,801150.SI,医药生物,801151.SI,化学制药,化学制药,L,20201215,2114,5.79,16.95,0.059,10.169,False,True,True,0,0,0,0,True,
003021.SZ,003021,003021,兆威机电,主板,深市,主板,801730.SI,电力设备,801731.SI,电机Ⅱ,电机Ⅱ,L,20201204,2125,5.82,69.09,0.261,22.449,False,True,True,0,0,0,0,True,
003022.SZ,003022,003022,联泓新科,主板,深市,主板,801730.SI,电力设备,801735.SI,光伏设备,光伏设备,L,20201208,2121,5.81,18.28,-0.109,31.034,False,True,True,0,0,0,0,True,
003023.SZ,003023,003023,彩虹集团,主板,深市,主板,801110.SI,家用电器,801113.SI,小家电,小家电,L,20201211,2118,5.8,25.19,-1.984,8.333,False,True,True,0,0,0,0,True,
003025.SZ,003025,003025,思进智能,主板,深市,主板,801890.SI,机械设备,801072.SI,通用设备,通用设备,L,20201211,2118,5.8,12.24,2.17,10.569,False,True,True,0,0,0,0,True,
003026.SZ,003026,003026,中晶科技,主板,深市,主板,801080.SI,电子,801081.SI,半导体,半导体,L,20201218,2111,5.78,33.32,-1.508,8.187,False,True,True,0,0,0,0,True,
003027.SZ,003027,003027,同兴科技,主板,深市,主板,801970.SI,环保,801971.SI,环境治理,环境治理,L,20201218,2111,5.78,16.83,2.936,12.195,False,True,True,0,0,0,0,True,
003028.SZ,003028,003028,振邦智能,主板,深市,主板,801110.SI,家用电器,801116.SI,家电零部件Ⅱ,家电零部件Ⅱ,L,20201228,2101,5.75,23.81,1.449,10.39,False,True,True,0,0,0,0,True,
003029.SZ,003029,003029,吉大正元,主板,深市,主板,801750.SI,计算机,801104.SI,软件开发,软件开发,L,20201224,2105,5.76,17.98,1.525,6.215,False,True,True,0,0,0,0,True,
003030.SZ,003030,003030,祖名股份,主板,深市,主板,801010.SI,农林牧渔,801012.SI,农产品加工,农产品加工,L,20210106,2092,5.73,25.83,-1.487,12.595,False,True,True,0,0,0,0,True,
003031.SZ,003031,003031,中瓷电子,主板,深市,主板,801770.SI,通信,801102.SI,通信设备,通信设备,L,20210104,2094,5.73,118.57,1.351,16.0,False,True,True,0,0,0,0,True,
003032.SZ,003032,003032,传智教育,主板,深市,主板,801210.SI,社会服务,801994.SI,教育,教育,L,20210112,2086,5.71,8.68,-0.8,12.088,False,True,True,0,0,0,2,True,
003033.SZ,003033,003033,征和工业,主板,深市,主板,801880.SI,汽车,801881.SI,摩托车及其他,摩托车及其他,L,20210111,2087,5.71,86.59,-0.927,24.779,False,True,True,0,0,0,0,True,
003035.SZ,003035,003035,南网能源,主板,深市,主板,801160.SI,公用事业,801161.SI,电力,电力,L,20210119,2079,5.69,5.26,0.766,31.579,False,True,True,0,0,0,0,True,
003036.SZ,003036,003036,泰坦股份,主板,深市,主板,801890.SI,机械设备,801074.SI,专用设备,专用设备,L,20210128,2070,5.67,46.46,-8.723,14.706,False,True,True,0,0,0,0,True,
003037.SZ,003037,003037,三和管桩,主板,深市,主板,801710.SI,建筑材料,801711.SI,水泥,水泥,L,20210204,2063,5.65,5.86,1.913,27.119,False,True,True,0,0,0,0,True,
003038.SZ,003038,003038,鑫铂股份,主板,深市,主板,801050.SI,有色金属,801055.SI,工业金属,工业金属,L,20210210,2057,5.63,10.78,1.411,7.407,False,True,True,0,0,0,0,True,
003039.SZ,003039,003039,顺控发展,主板,深市,主板,801970.SI,环保,801971.SI,环境治理,环境治理,L,20210308,2031,5.56,12.49,-0.08,17.692,False,True,True,0,0,0,0,True,
003040.SZ,003040,003040,楚天龙,主板,深市,主板,801770.SI,通信,801102.SI,通信设备,通信设备,L,20210322,2017,5.52,14.2,1.068,13.38,False,True,True,0,0,0,0,True,
003041.SZ,003041,003041,真爱美家,主板,深市,主板,801130.SI,纺织服饰,801132.SI,服装家纺,服装家纺,L,20210406,2002,5.48,39.18,1.293,15.0,False,True,True,0,0,0,0,True,
003042.SZ,003042,003042,中农联合,主板,深市,主板,801030.SI,基础化工,801038.SI,农化制品,农化制品,L,20210406,2002,5.48,14.27,0.706,7.639,False,True,True,0,0,0,0,True,
003043.SZ,003043,003043,华亚智能,主板,深市,主板,801080.SI,电子,801081.SI,半导体,半导体,L,20210406,2002,5.48,59.42,-0.834,15.888,False,True,True,0,0,0,0,True,
003816.SZ,003816,003816,中国广核,主板,深市,主板,801160.SI,公用事业,801161.SI,电力,电力,L,20190826,2591,7.09,4.21,-1.174,17.5,False,True,True,0,0,0,0,True,
300001.SZ,300001,300001,特锐德,创业板,深市,创业板,801730.SI,电力设备,801738.SI,电网设备,电网设备,L,20091030,6178,16.91,34.3,-1.238,11.494,False,True,True,0,0,0,0,True,
300002.SZ,300002,300002,神州泰岳,创业板,深市,创业板,801760.SI,传媒,801764.SI,游戏Ⅱ,游戏Ⅱ,L,20091030,6178,16.91,7.94,1.405,4.878,False,True,True,0,0,0,0,True,
300003.SZ,300003,300003,乐普医疗,创业板,深市,创业板,801150.SI,医药生物,801153.SI,医疗器械,医疗器械,L,20091030,6178,16.91,11.39,-0.088,16.129,False,True,True,0,0,0,0,True,
300004.SZ,300004,300004,南风股份,创业板,深市,创业板,801890.SI,机械设备,801074.SI,专用设备,专用设备,L,20091030,6178,16.91,7.64,0.394,13.253,False,True,True,0,0,0,0,True,
300005.SZ,300005,300005,探路者,创业板,深市,创业板,801130.SI,纺织服饰,801132.SI,服装家纺,服装家纺,L,20091030,6178,16.91,10.62,0.855,7.407,False,True,True,0,0,0,0,True,
300006.SZ,300006,300006,莱美药业,创业板,深市,创业板,801150.SI,医药生物,801151.SI,化学制药,化学制药,L,20091030,6178,16.91,5.3,-0.749,12.963,False,True,True,0,0,0,0,True,
300007.SZ,300007,300007,汉威科技,创业板,深市,创业板,801890.SI,机械设备,801072.SI,通用设备,通用设备,L,20091030,6178,16.91,30.46,0.694,11.765,False,True,True,0,0,0,0,True,
300008.SZ,300008,300008,天海防务,创业板,深市,创业板,801740.SI,国防军工,801744.SI,航海装备Ⅱ,航海装备Ⅱ,L,20091030,6178,16.91,6.24,0.645,6.25,False,True,True,0,0,0,0,True,
300009.SZ,300009,300009,安科生物,创业板,深市,创业板,801150.SI,医药生物,801152.SI,生物制品,生物制品,L,20091030,6178,16.91,8.32,-1.188,9.412,False,True,True,0,0,0,0,True,
300010.SZ,300010,300010,ST豆神,创业板,深市,创业板,801210.SI,社会服务,801994.SI,教育,教育,L,20091030,6178,16.91,4.95,-0.602,15.686,True,True,True,0,0,0,0,False,ST
300011.SZ,300011,300011,鼎汉技术,创业板,深市,创业板,801890.SI,机械设备,801076.SI,轨交设备Ⅱ,轨交设备Ⅱ,L,20091030,6178,16.91,5.86,1.56,11.667,False,True,True,0,0,0,0,True,
300012.SZ,300012,300012,华测检测,创业板,深市,创业板,801210.SI,社会服务,801218.SI,专业服务,专业服务,L,20091030,6178,16.91,13.61,-1.234,8.333,False,True,True,0,0,0,0,True,
300013.SZ,300013,300013,新宁物流,创业板,深市,创业板,801170.SI,交通运输,801178.SI,物流,物流,L,20091030,6178,16.91,4.23,0.237,9.524,False,True,True,0,0,0,0,True,
300014.SZ,300014,300014,亿纬锂能,创业板,深市,创业板,801730.SI,电力设备,801737.SI,电池,电池,L,20091030,6178,16.91,48.59,2.123,14.286,False,True,True,0,0,0,0,True,
300015.SZ,300015,300015,爱尔眼科,创业板,深市,创业板,801150.SI,医药生物,801156.SI,医疗服务,医疗服务,L,20091030,6178,16.91,7.85,-0.127,19.048,False,True,True,0,0,0,0,True,
300016.SZ,300016,300016,北陆药业,创业板,深市,创业板,801150.SI,医药生物,801151.SI,化学制药,化学制药,L,20091030,6178,16.91,9.38,-1.159,16.667,False,True,True,0,0,0,0,True,
300017.SZ,300017,300017,网宿科技,创业板,深市,创业板,801750.SI,计算机,801103.SI,IT服务Ⅱ,IT服务Ⅱ,L,20091030,6178,16.91,14.69,-0.474,7.792,False,True,True,0,0,0,0,True,
300018.SZ,300018,300018,中元股份,创业板,深市,创业板,801730.SI,电力设备,801738.SI,电网设备,电网设备,L,20091030,6178,16.91,11.72,2.269,5.085,False,True,True,0,0,0,0,True,
300019.SZ,300019,300019,硅宝科技,创业板,深市,创业板,801030.SI,基础化工,801034.SI,化学制品,化学制品,L,20091030,6178,16.91,13.8,1.099,9.722,False,True,True,0,0,0,0,True,
300020.SZ,300020,300020,ST银江,创业板,深市,创业板,801750.SI,计算机,801103.SI,IT服务Ⅱ,IT服务Ⅱ,L,20091030,6178,16.91,3.59,-1.644,18.421,True,True,True,0,0,0,0,False,ST
300021.SZ,300021,300021,大禹节水,创业板,深市,创业板,801010.SI,农林牧渔,801019.SI,农业综合Ⅱ,农业综合Ⅱ,L,20091030,6178,16.91,3.79,1.609,12.5,False,True,True,0,0,0,0,True,
300022.SZ,300022,300022,吉峰科技,创业板,深市,创业板,801200.SI,商贸零售,801204.SI,专业连锁Ⅱ,专业连锁Ⅱ,L,20091030,6178,16.91,7.79,0.516,6.25,False,True,True,0,0,0,0,True,
300024.SZ,300024,300024,机器人,创业板,深市,创业板,801890.SI,机械设备,801078.SI,自动化设备,自动化设备,L,20091030,6178,16.91,12.85,-0.465,21.212,False,True,True,0,0,0,0,True,
300025.SZ,300025,300025,华星创业,创业板,深市,创业板,801770.SI,通信,801223.SI,通信服务,通信服务,L,20091030,6178,16.91,5.76,0.174,15.517,False,True,True,0,0,0,0,True,
300026.SZ,300026,300026,红日药业,创业板,深市,创业板,801150.SI,医药生物,801155.SI,中药Ⅱ,中药Ⅱ,L,20091030,6178,16.91,3.19,-0.312,9.091,False,True,True,0,0,0,0,True,
300027.SZ,300027,300027,ST华谊,创业板,深市,创业板,801760.SI,传媒,801766.SI,影视院线,影视院线,L,20091030,6178,16.91,1.66,1.22,22.222,True,True,True,0,0,0,0,False,ST
300030.SZ,300030,300030,阳普医疗,创业板,深市,创业板,801150.SI,医药生物,801153.SI,医疗器械,医疗器械,L,20091225,6122,16.76,6.9,0.583,7.353,False,True,True,0,0,0,0,True,
300031.SZ,300031,300031,宝通科技,创业板,深市,创业板,801760.SI,传媒,801764.SI,游戏Ⅱ,游戏Ⅱ,L,20091225,6122,16.76,20.15,0.75,7.692,False,True,True,0,0,0,0,True,
300032.SZ,300032,300032,金龙机电,创业板,深市,创业板,801080.SI,电子,801085.SI,消费电子,消费电子,L,20091225,6122,16.76,3.8,1.877,11.111,False,True,True,0,0,0,0,True,
300033.SZ,300033,300033,同花顺,创业板,深市,创业板,801750.SI,计算机,801104.SI,软件开发,软件开发,L,20091225,6122,16.76,199.71,0.838,12.329,False,True,True,0,0,0,0,True,
300034.SZ,300034,300034,钢研高纳,创业板,深市,创业板,801740.SI,国防军工,801742.SI,航空装备Ⅱ,航空装备Ⅱ,L,20091225,6122,16.76,15.28,-0.972,9.434,False,True,True,0,0,0,0,True,
300035.SZ,300035,300035,中科电气,创业板,深市,创业板,801730.SI,电力设备,801737.SI,电池,电池,L,20091225,6122,16.76,12.21,3.125,13.077,False,True,True,0,0,0,0,True,
300036.SZ,300036,300036,超图软件,创业板,深市,创业板,801750.SI,计算机,801104.SI,软件开发,软件开发,L,20091225,6122,16.76,10.24,2.4,14.286,False,True,True,0,0,0,0,True,
300037.SZ,300037,300037,新宙邦,创业板,深市,创业板,801730.SI,电力设备,801737.SI,电池,电池,L,20100108,6108,16.72,65.93,-1.11,14.118,False,True,True,0,0,0,0,True,
300039.SZ,300039,300039,上海凯宝,创业板,深市,创业板,801150.SI,医药生物,801155.SI,中药Ⅱ,中药Ⅱ,L,20100108,6108,16.72,5.15,-0.579,14.815,False,True,True,0,0,0,0,True,
300040.SZ,300040,300040,九洲集团,创业板,深市,创业板,801160.SI,公用事业,801161.SI,电力,电力,L,20100108,6108,16.72,5.63,-0.88,8.621,False,True,True,0,0,0,0,True,
300041.SZ,300041,300041,回天新材,创业板,深市,创业板,801030.SI,基础化工,801034.SI,化学制品,化学制品,L,20100108,6108,16.72,10.64,-0.281,6.364,False,True,True,0,0,0,0,True,
300042.SZ,300042,300042,朗科科技,创业板,深市,创业板,801750.SI,计算机,801101.SI,计算机设备,计算机设备,L,20100108,6108,16.72,36.88,0.136,8.081,False,True,True,0,0,0,0,True,
300043.SZ,300043,300043,星辉娱乐,创业板,深市,创业板,801760.SI,传媒,801764.SI,游戏Ⅱ,游戏Ⅱ,L,20100120,6096,16.69,4.32,1.171,8.696,False,True,True,0,0,0,0,True,
300044.SZ,300044,300044,*ST赛为,创业板,深市,创业板,801750.SI,计算机,801103.SI,IT服务Ⅱ,IT服务Ⅱ,L,20100120,6096,16.69,5.9,-1.993,15.254,True,True,True,0,0,0,0,False,ST
300045.SZ,300045,300045,华力创通,创业板,深市,创业板,801740.SI,国防军工,801745.SI,军工电子Ⅱ,军工电子Ⅱ,L,20100120,6096,16.69,11.19,0.449,13.333,False,True,True,0,0,0,0,True,
300046.SZ,300046,300046,台基股份,创业板,深市,创业板,801080.SI,电子,801081.SI,半导体,半导体,L,20100120,6096,16.69,24.36,0.911,6.504,False,True,True,0,0,0,0,True,
300047.SZ,300047,300047,天源迪科,创业板,深市,创业板,801750.SI,计算机,801104.SI,软件开发,软件开发,L,20100120,6096,16.69,9.08,1.452,7.609,False,True,True,0,0,0,0,True,
300048.SZ,300048,300048,合康新能,创业板,深市,创业板,801890.SI,机械设备,801078.SI,自动化设备,自动化设备,L,20100120,6096,16.69,4.7,0.213,20.0,False,True,True,0,0,0,0,True,
300049.SZ,300049,300049,福瑞医科,创业板,深市,创业板,801150.SI,医药生物,801153.SI,医疗器械,医疗器械,L,20100120,6096,16.69,45.85,-0.585,16.0,False,True,True,0,0,0,0,True,
300050.SZ,300050,300050,世纪鼎利,创业板,深市,创业板,801770.SI,通信,801223.SI,通信服务,通信服务,L,20100120,6096,16.69,6.91,-1.847,8.333,False,True,True,0,0,0,0,True,
300051.SZ,300051,300051,琏升科技,创业板,深市,创业板,801730.SI,电力设备,801735.SI,光伏设备,光伏设备,L,20100211,6074,16.63,7.96,1.401,7.317,False,True,True,0,0,0,0,True,
300052.SZ,300052,300052,中青宝,创业板,深市,创业板,801760.SI,传媒,801764.SI,游戏Ⅱ,游戏Ⅱ,L,20100211,6074,16.63,10.22,2.302,12.264,False,True,True,0,0,0,0,True,
300053.SZ,300053,300053,航宇微,创业板,深市,创业板,801080.SI,电子,801081.SI,半导体,半导体,L,20100211,6074,16.63,11.7,0.086,8.197,False,True,True,0,0,0,0,True,
300054.SZ,300054,300054,鼎龙股份,创业板,深市,创业板,801080.SI,电子,801086.SI,电子化学品Ⅱ,电子化学品Ⅱ,L,20100211,6074,16.63,68.38,1.304,10.256,False,True,True,0,0,0,0,True,
300055.SZ,300055,300055,万邦达,创业板,深市,创业板,801960.SI,石油石化,801963.SI,炼化及贸易,炼化及贸易,L,20100226,6059,16.59,5.81,3.197,8.333,False,True,True,0,0,0,0,True,
300056.SZ,300056,300056,中创环保,创业板,深市,创业板,801970.SI,环保,801971.SI,环境治理,环境治理,L,20100226,6059,16.59,7.43,-0.402,13.75,False,True,True,0,0,0,0,True,
300057.SZ,300057,300057,万顺新材,创业板,深市,创业板,801050.SI,有色金属,801055.SI,工业金属,工业金属,L,20100226,6059,16.59,6.28,3.12,7.692,False,True,True,0,0,0,0,True,
300058.SZ,300058,300058,蓝色光标,创业板,深市,创业板,801760.SI,传媒,801765.SI,广告营销,广告营销,L,20100226,6059,16.59,12.91,1.814,8.824,False,True,True,0,0,0,0,True,
300059.SZ,300059,300059,东方财富,创业板,深市,创业板,801790.SI,非银金融,801193.SI,证券Ⅱ,证券Ⅱ,L,20100319,6038,16.53,17.77,-0.56,9.278,False,True,True,0,0,0,0,True,
300061.SZ,300061,300061,旗天科技,创业板,深市,创业板,801760.SI,传媒,801765.SI,广告营销,广告营销,L,20100319,6038,16.53,6.92,2.367,5.882,False,True,True,0,0,0,0,True,
300062.SZ,300062,300062,中能电气,创业板,深市,创业板,801730.SI,电力设备,801738.SI,电网设备,电网设备,L,20100319,6038,16.53,5.99,0.0,7.812,False,True,True,0,0,0,0,True,
300063.SZ,300063,300063,天龙集团,创业板,深市,创业板,801760.SI,传媒,801765.SI,广告营销,广告营销,L,20100326,6031,16.51,8.59,4.501,9.195,False,True,True,0,0,0,0,True,
300065.SZ,300065,300065,海兰信,创业板,深市,创业板,801740.SI,国防军工,801744.SI,航海装备Ⅱ,航海装备Ⅱ,L,20100326,6031,16.51,14.73,-0.808,6.41,False,True,True,0,0,0,0,True,
300066.SZ,300066,300066,三川智慧,创业板,深市,创业板,801890.SI,机械设备,801072.SI,通用设备,通用设备,L,20100326,6031,16.51,4.57,0.661,14.286,False,True,True,0,0,0,0,True,
300067.SZ,300067,300067,安诺其,创业板,深市,创业板,801030.SI,基础化工,801034.SI,化学制品,化学制品,L,20100421,6005,16.44,5.25,1.942,7.407,False,True,True,0,0,0,0,True,
300068.SZ,300068,300068,ST南都,创业板,深市,创业板,801730.SI,电力设备,801737.SI,电池,电池,L,20100421,6005,16.44,4.05,0.746,11.628,True,True,True,0,0,0,0,False,ST
300069.SZ,300069,300069,金利华电,创业板,深市,创业板,801730.SI,电力设备,801738.SI,电网设备,电网设备,L,20100421,6005,16.44,24.77,4.824,7.6,False,True,True,0,0,0,0,True,
300070.SZ,300070,300070,碧水源,创业板,深市,创业板,801970.SI,环保,801971.SI,环境治理,环境治理,L,20100421,6005,16.44,3.38,1.502,11.765,False,True,True,0,0,0,0,True,
300071.SZ,300071,300071,福石控股,创业板,深市,创业板,801760.SI,传媒,801765.SI,广告营销,广告营销,L,20100421,6005,16.44,4.06,2.267,9.524,False,True,True,0,0,0,0,True,
300072.SZ,300072,300072,海新能科,创业板,深市,创业板,801030.SI,基础化工,801034.SI,化学制品,化学制品,L,20100427,5999,16.42,3.39,-0.294,11.111,False,True,True,0,0,0,0,True,
300073.SZ,300073,300073,当升科技,创业板,深市,创业板,801730.SI,电力设备,801737.SI,电池,电池,L,20100427,5999,16.42,37.99,4.627,11.429,False,True,True,0,0,0,0,True,
300074.SZ,300074,300074,华平股份,创业板,深市,创业板,801750.SI,计算机,801104.SI,软件开发,软件开发,L,20100427,5999,16.42,3.88,2.105,5.263,False,True,True,0,0,0,0,True,
300075.SZ,300075,300075,数字政通,创业板,深市,创业板,801750.SI,计算机,801104.SI,软件开发,软件开发,L,20100427,5999,16.42,10.77,5.9,9.259,False,True,True,0,0,0,0,True,
300076.SZ,300076,300076,*ST宁视,创业板,深市,创业板,801080.SI,电子,801084.SI,光学光电子,光学光电子,L,20100430,5996,16.42,4.1,0.49,13.636,True,True,True,0,0,0,0,False,ST
300077.SZ,300077,300077,国民技术,创业板,深市,创业板,801080.SI,电子,801081.SI,半导体,半导体,L,20100430,5996,16.42,21.35,0.0,11.927,False,True,True,0,0,0,0,True,
300078.SZ,300078,300078,思创智联,创业板,深市,创业板,801750.SI,计算机,801103.SI,IT服务Ⅱ,IT服务Ⅱ,L,20100430,5996,16.42,2.73,1.111,14.286,False,True,True,0,0,0,0,True,
300079.SZ,300079,300079,数码视讯,创业板,深市,创业板,801750.SI,计算机,801103.SI,IT服务Ⅱ,IT服务Ⅱ,L,20100430,5996,16.42,4.79,2.132,12.245,False,True,True,0,0,0,0,True,
300080.SZ,300080,300080,易成新能,创业板,深市,创业板,801730.SI,电力设备,801735.SI,光伏设备,光伏设备,L,20100625,5940,16.26,3.68,1.939,23.684,False,True,True,0,0,0,0,True,
300081.SZ,300081,300081,ST恒信,创业板,深市,创业板,801770.SI,通信,801223.SI,通信服务,通信服务,L,20100520,5976,16.36,3.27,-1.506,25.0,True,True,True,0,0,0,0,False,ST
300082.SZ,300082,300082,奥克股份,创业板,深市,创业板,801030.SI,基础化工,801033.SI,化学原料,化学原料,L,20100520,5976,16.36,,,,False,True,False,6,6,6,6,False,近60日停牌、无最新行情
300083.SZ,300083,300083,创世纪,创业板,深市,创业板,801890.SI,机械设备,801078.SI,自动化设备,自动化设备,L,20100520,5976,16.36,11.6,0.346,12.698,False,True,True,0,0,0,0,True,
300084.SZ,300084,300084,海默科技,创业板,深市,创业板,801890.SI,机械设备,801074.SI,专用设备,专用设备,L,20100520,5976,16.36,9.92,0.101,12.381,False,True,True,0,0,0,0,True,
300085.SZ,300085,300085,银之杰,创业板,深市,创业板,801750.SI,计算机,801104.SI,软件开发,软件开发,L,20100526,5970,16.34,29.62,0.577,8.387,False,True,True,0,0,0,0,True,
300086.SZ,300086,300086,康芝药业,创业板,深市,创业板,801150.SI,医药生物,801151.SI,化学制药,化学制药,L,20100526,5970,16.34,5.35,0.187,19.643,False,True,True,0,0,0,0,True,
300087.SZ,300087,300087,ST荃银,创业板,深市,创业板,801010.SI,农林牧渔,801016.SI,种植业,种植业,L,20100526,5970,16.34,5.52,0.364,17.241,True,True,True,0,0,0,2,False,ST
300088.SZ,300088,300088,长信科技,创业板,深市,创业板,801080.SI,电子,801084.SI,光学光电子,光学光电子,L,20100526,5970,16.34,6.83,-1.727,6.944,False,True,True,0,0,0,0,True,
300091.SZ,300091,300091,*ST金灵,创业板,深市,创业板,801890.SI,机械设备,801072.SI,通用设备,通用设备,L,20100625,5940,16.26,2.37,0.424,25.926,True,True,True,0,0,0,0,False,ST
300092.SZ,300092,300092,科新机电,创业板,深市,创业板,801890.SI,机械设备,801074.SI,专用设备,专用设备,L,20100708,5927,16.23,11.2,1.541,8.621,False,True,True,0,0,0,0,True,
300093.SZ,300093,300093,金刚光伏,创业板,深市,创业板,801730.SI,电力设备,801735.SI,光伏设备,光伏设备,L,20100708,5927,16.23,20.06,1.518,15.517,False,True,True,0,0,0,2,True,
300094.SZ,300094,300094,国联水产,创业板,深市,创业板,801010.SI,农林牧渔,801015.SI,渔业,渔业,L,20100708,5927,16.23,2.88,0.348,16.667,False,True,True,0,0,0,0,True,
300095.SZ,300095,300095,华伍股份,创业板,深市,创业板,801890.SI,机械设备,801074.SI,专用设备,专用设备,L,20100728,5907,16.17,8.92,1.595,10.465,False,True,True,0,0,0,0,True,
300096.SZ,300096,300096,易联众,创业板,深市,创业板,801750.SI,计算机,801103.SI,IT服务Ⅱ,IT服务Ⅱ,L,20100728,5907,16.17,8.8,-4.659,12.088,False,True,True,2,2,2,2,False,近60日停牌
300097.SZ,300097,300097,智云股份,创业板,深市,创业板,801890.SI,机械设备,801078.SI,自动化设备,自动化设备,L,20100728,5907,16.17,9.93,-0.898,11.765,False,True,True,0,0,0,0,True,
300098.SZ,300098,300098,高新兴,创业板,深市,创业板,801770.SI,通信,801102.SI,通信设备,通信设备,L,20100728,5907,16.17,4.2,0.962,9.091,False,True,True,0,0,0,0,True,
300099.SZ,300099,300099,尤洛卡,创业板,深市,创业板,801890.SI,机械设备,801074.SI,专用设备,专用设备,L,20100806,5898,16.15,6.24,0.161,6.452,False,True,True,0,0,0,0,True,
300100.SZ,300100,300100,双林股份,创业板,深市,创业板,801880.SI,汽车,801093.SI,汽车零部件,汽车零部件,L,20100806,5898,16.15,22.61,2.96,38.182,False,True,True,0,0,0,0,True,
300101.SZ,300101,300101,振芯科技,创业板,深市,创业板,801740.SI,国防军工,801745.SI,军工电子Ⅱ,军工电子Ⅱ,L,20100806,5898,16.15,13.86,0.289,14.583,False,True,True,0,0,0,0,True,
300102.SZ,300102,300102,乾照光电,创业板,深市,创业板,801080.SI,电子,801084.SI,光学光电子,光学光电子,L,20100812,5892,16.13,15.9,-0.126,13.636,False,True,True,0,0,0,0,True,
300103.SZ,300103,300103,达刚控股,创业板,深市,创业板,801890.SI,机械设备,801074.SI,专用设备,专用设备,L,20100812,5892,16.13,8.12,2.655,12.5,False,True,True,0,0,0,0,True,
300105.SZ,300105,300105,龙源技术,创业板,深市,创业板,801970.SI,环保,801972.SI,环保设备Ⅱ,环保设备Ⅱ,L,20100820,5884,16.11,7.06,0.427,16.0,False,True,True,0,0,0,0,True,
300106.SZ,300106,300106,西部牧业,创业板,深市,创业板,801120.SI,食品饮料,801127.SI,饮料乳品,饮料乳品,L,20100820,5884,16.11,10.52,0.478,11.111,False,True,True,0,0,0,0,True,
300107.SZ,300107,300107,建新股份,创业板,深市,创业板,801030.SI,基础化工,801034.SI,化学制品,化学制品,L,20100820,5884,16.11,6.72,2.595,10.448,False,True,True,0,0,0,0,True,
300109.SZ,300109,300109,新开源,创业板,深市,创业板,801030.SI,基础化工,801034.SI,化学制品,化学制品,L,20100825,5879,16.1,12.64,0.878,18.519,False,True,True,0,0,0,0,True,
300110.SZ,300110,300110,华仁药业,创业板,深市,创业板,801150.SI,医药生物,801151.SI,化学制药,化学制药,L,20100825,5879,16.1,3.21,-2.134,14.706,False,True,True,0,0,0,0,True,
300111.SZ,300111,300111,向日葵,创业板,深市,创业板,801150.SI,医药生物,801151.SI,化学制药,化学制药,L,20100827,5877,16.09,2.96,0.339,6.667,False,True,True,0,0,0,0,True,
300112.SZ,300112,300112,万讯自控,创业板,深市,创业板,801890.SI,机械设备,801072.SI,通用设备,通用设备,L,20100827,5877,16.09,10.09,-1.657,13.158,False,True,True,0,0,0,0,True,
300113.SZ,300113,300113,顺网科技,创业板,深市,创业板,801760.SI,传媒,801764.SI,游戏Ⅱ,游戏Ⅱ,L,20100827,5877,16.09,16.05,2.034,9.524,False,True,True,0,0,0,0,True,
300115.SZ,300115,300115,长盈精密,创业板,深市,创业板,801080.SI,电子,801085.SI,消费电子,消费电子,L,20100902,5871,16.07,22.47,-0.133,18.033,False,True,True,0,0,0,0,True,
300118.SZ,300118,300118,东方日升,创业板,深市,创业板,801730.SI,电力设备,801735.SI,光伏设备,光伏设备,L,20100902,5871,16.07,8.81,1.032,12.766,False,True,True,0,0,0,0,True,
300119.SZ,300119,300119,瑞普生物,创业板,深市,创业板,801010.SI,农林牧渔,801018.SI,动物保健Ⅱ,动物保健Ⅱ,L,20100917,5856,16.03,16.5,-0.302,13.793,False,True,True,0,0,0,0,True,
300120.SZ,300120,300120,经纬辉开,创业板,深市,创业板,801080.SI,电子,801084.SI,光学光电子,光学光电子,L,20100917,5856,16.03,7.57,4.993,8.108,False,True,True,0,0,0,0,True,
300121.SZ,300121,300121,阳谷华泰,创业板,深市,创业板,801030.SI,基础化工,801037.SI,橡胶,橡胶,L,20100917,5856,16.03,9.4,-0.529,4.124,False,True,True,0,0,0,0,True,
300122.SZ,300122,300122,智飞生物,创业板,深市,创业板,801150.SI,医药生物,801152.SI,生物制品,生物制品,L,20100928,5845,16.0,13.08,1.16,12.5,False,True,True,0,0,0,0,True,
300123.SZ,300123,300123,ST亚光,创业板,深市,创业板,801740.SI,国防军工,801745.SI,军工电子Ⅱ,军工电子Ⅱ,L,20100928,5845,16.0,4.17,0.0,15.217,True,True,True,0,0,0,0,False,ST
300124.SZ,300124,300124,汇川技术,创业板,深市,创业板,801890.SI,机械设备,801078.SI,自动化设备,自动化设备,L,20100928,5845,16.0,52.49,0.383,27.941,False,True,True,0,0,0,0,True,
300125.SZ,300125,300125,聆达股份,创业板,深市,创业板,801160.SI,公用事业,801161.SI,电力,电力,L,20101013,5830,15.96,8.54,-0.582,10.753,False,True,True,0,2,2,2,False,近60日停牌
300126.SZ,300126,300126,锐奇股份,创业板,深市,创业板,801890.SI,机械设备,801072.SI,通用设备,通用设备,L,20101013,5830,15.96,6.75,2.584,14.063,False,True,True,0,0,0,0,True,
300127.SZ,300127,300127,银河磁体,创业板,深市,创业板,801050.SI,有色金属,801051.SI,金属新材料,金属新材料,L,20101013,5830,15.96,23.15,0.696,12.903,False,True,True,0,0,0,0,True,
300128.SZ,300128,300128,锦富技术,创业板,深市,创业板,801730.SI,电力设备,801737.SI,电池,电池,L,20101013,5830,15.96,4.77,2.141,12.245,False,True,True,0,0,0,0,True,
300129.SZ,300129,300129,泰胜风能,创业板,深市,创业板,801730.SI,电力设备,801736.SI,风电设备,风电设备,L,20101019,5824,15.95,7.4,1.093,6.667,False,True,True,0,0,0,0,True,
300130.SZ,300130,300130,新国都,创业板,深市,创业板,801750.SI,计算机,801101.SI,计算机设备,计算机设备,L,20101019,5824,15.95,18.04,2.21,11.111,False,True,True,0,0,0,0,True,
300131.SZ,300131,300131,英唐智控,创业板,深市,创业板,801080.SI,电子,801082.SI,其他电子Ⅱ,其他电子Ⅱ,L,20101019,5824,15.95,13.4,0.0,10.127,False,True,True,0,0,0,0,True,
300132.SZ,300132,300132,诺斯贝尔,创业板,深市,创业板,801980.SI,美容护理,801982.SI,化妆品,化妆品,L,20101026,5817,15.93,6.12,0.328,9.677,False,True,True,0,0,0,0,True,
300133.SZ,300133,300133,华策影视,创业板,深市,创业板,801760.SI,传媒,801766.SI,影视院线,影视院线,L,20101026,5817,15.93,7.68,4.348,8.108,False,True,True,0,0,0,0,True,
300134.SZ,300134,300134,大富科技,创业板,深市,创业板,801770.SI,通信,801102.SI,通信设备,通信设备,L,20101026,5817,15.93,8.29,2.094,9.524,False,True,True,0,0,0,0,True,
300135.SZ,300135,300135,宝利国际,创业板,深市,创业板,801960.SI,石油石化,801963.SI,炼化及贸易,炼化及贸易,L,20101026,5817,15.93,3.46,1.17,14.286,False,True,True,0,0,0,0,True,
300136.SZ,300136,300136,信维通信,创业板,深市,创业板,801080.SI,电子,801085.SI,消费电子,消费电子,L,20101105,5807,15.9,52.65,-0.284,9.589,False,True,True,0,0,0,0,True,
300137.SZ,300137,300137,先河环保,创业板,深市,创业板,801970.SI,环保,801972.SI,环保设备Ⅱ,环保设备Ⅱ,L,20101105,5807,15.9,9.81,-0.102,15.094,False,True,True,0,0,0,0,True,
300138.SZ,300138,300138,晨光生物,创业板,深市,创业板,801010.SI,农林牧渔,801012.SI,农产品加工,农产品加工,L,20101105,5807,15.9,11.18,0.0,8.772,False,True,True,0,0,0,0,True,
300139.SZ,300139,300139,晓程科技,创业板,深市,创业板,801050.SI,有色金属,801053.SI,贵金属,贵金属,L,20101112,5800,15.88,42.56,1.721,14.419,False,True,True,0,0,0,0,True,
300140.SZ,300140,300140,节能环境,创业板,深市,创业板,801970.SI,环保,801971.SI,环境治理,环境治理,L,20101112,5800,15.88,5.27,1.152,30.769,False,True,True,0,0,0,0,True,
300141.SZ,300141,300141,和顺电气,创业板,深市,创业板,801730.SI,电力设备,801738.SI,电网设备,电网设备,L,20101112,5800,15.88,10.0,2.459,7.843,False,True,True,0,0,0,0,True,
300142.SZ,300142,300142,沃森生物,创业板,深市,创业板,801150.SI,医药生物,801152.SI,生物制品,生物制品,L,20101112,5800,15.88,13.49,-0.809,6.618,False,True,True,0,0,0,0,True,
300143.SZ,300143,300143,盈康生命,创业板,深市,创业板,801150.SI,医药生物,801156.SI,医疗服务,医疗服务,L,20101209,5773,15.81,7.78,0.258,11.538,False,True,True,0,0,0,0,True,
300144.SZ,300144,300144,宋城演艺,创业板,深市,创业板,801210.SI,社会服务,801993.SI,旅游及景区,旅游及景区,L,20101209,5773,15.81,5.59,0.0,6.667,False,True,True,0,0,0,0,True,
300145.SZ,300145,300145,南方泵业,创业板,深市,创业板,801890.SI,机械设备,801072.SI,通用设备,通用设备,L,20101209,5773,15.81,4.7,0.0,10.204,False,True,True,0,0,0,0,True,
300146.SZ,300146,300146,汤臣倍健,创业板,深市,创业板,801120.SI,食品饮料,801124.SI,食品加工,食品加工,L,20101215,5767,15.79,9.29,0.324,10.204,False,True,True,0,0,0,0,True,
300147.SZ,300147,300147,*ST香雪,创业板,深市,创业板,801150.SI,医药生物,801155.SI,中药Ⅱ,中药Ⅱ,L,20101215,5767,15.79,5.9,13.461,27.273,True,True,True,0,0,0,0,False,ST
300148.SZ,300148,300148,天舟文化,创业板,深市,创业板,801760.SI,传媒,801769.SI,出版,出版,L,20101215,5767,15.79,3.59,3.161,5.882,False,True,True,0,0,0,0,True,
300149.SZ,300149,300149,睿智医药,创业板,深市,创业板,801150.SI,医药生物,801156.SI,医疗服务,医疗服务,L,20101222,5760,15.77,9.64,-0.619,9.184,False,True,True,0,0,0,0,True,
300150.SZ,300150,300150,世纪瑞尔,创业板,深市,创业板,801750.SI,计算机,801103.SI,IT服务Ⅱ,IT服务Ⅱ,L,20101222,5760,15.77,4.21,2.433,9.524,False,True,True,0,0,0,0,True,
300151.SZ,300151,300151,昌红科技,创业板,深市,创业板,801890.SI,机械设备,801074.SI,专用设备,专用设备,L,20101222,5760,15.77,20.4,2.667,21.569,False,True,True,0,0,0,0,True,
300152.SZ,300152,300152,*ST动力,创业板,深市,创业板,801970.SI,环保,801971.SI,环境治理,环境治理,L,20101229,5753,15.75,1.59,1.274,5.882,True,True,True,0,0,0,0,False,ST
300153.SZ,300153,300153,科泰电源,创业板,深市,创业板,801730.SI,电力设备,801733.SI,其他电源设备Ⅱ,其他电源设备Ⅱ,L,20101229,5753,15.75,24.42,-1.413,13.462,False,True,True,0,0,0,0,True,
300154.SZ,300154,300154,瑞凌股份,创业板,深市,创业板,801890.SI,机械设备,801072.SI,通用设备,通用设备,L,20101229,5753,15.75,14.13,6.641,12.5,False,True,True,0,0,0,0,True,
300155.SZ,300155,300155,安居宝,创业板,深市,创业板,801750.SI,计算机,801101.SI,计算机设备,计算机设备,L,20110107,5744,15.73,4.65,4.966,8.696,False,True,True,0,0,0,0,True,
300157.SZ,300157,300157,新锦动力,创业板,深市,创业板,801890.SI,机械设备,801072.SI,通用设备,通用设备,L,20110107,5744,15.73,3.6,0.0,12.5,False,True,True,0,0,0,0,True,
300158.SZ,300158,300158,振东制药,创业板,深市,创业板,801150.SI,医药生物,801155.SI,中药Ⅱ,中药Ⅱ,L,20110107,5744,15.73,5.14,0.195,11.111,False,True,True,0,0,0,0,True,
300159.SZ,300159,300159,新研股份,创业板,深市,创业板,801890.SI,机械设备,801074.SI,专用设备,专用设备,L,20110107,5744,15.73,2.73,0.0,20.0,False,True,True,0,0,0,2,True,
300160.SZ,300160,300160,秀强股份,创业板,深市,创业板,801110.SI,家用电器,801116.SI,家电零部件Ⅱ,家电零部件Ⅱ,L,20110113,5738,15.71,4.45,0.679,20.455,False,True,True,0,0,0,0,True,
300161.SZ,300161,300161,华中数控,创业板,深市,创业板,801890.SI,机械设备,801072.SI,通用设备,通用设备,L,20110113,5738,15.71,26.1,1.754,16.176,False,True,True,0,0,0,0,True,
300162.SZ,300162,300162,雷曼光电,创业板,深市,创业板,801080.SI,电子,801084.SI,光学光电子,光学光电子,L,20110113,5738,15.71,8.46,-2.422,9.412,False,True,True,0,0,0,0,True,
300163.SZ,300163,300163,先锋新材,创业板,深市,创业板,801030.SI,基础化工,801034.SI,化学制品,化学制品,L,20110113,5738,15.71,7.74,1.442,10.39,False,True,True,0,0,0,0,True,
300164.SZ,300164,300164,通源石油,创业板,深市,创业板,801960.SI,石油石化,801962.SI,油服工程,油服工程,L,20110113,5738,15.71,8.77,-1.35,7.865,False,True,True,0,0,0,0,True,
300165.SZ,300165,300165,天瑞仪器,创业板,深市,创业板,801890.SI,机械设备,801072.SI,通用设备,通用设备,L,20110125,5726,15.68,5.01,1.623,7.843,False,True,True,0,0,0,0,True,
300166.SZ,300166,300166,东方国信,创业板,深市,创业板,801750.SI,计算机,801103.SI,IT服务Ⅱ,IT服务Ⅱ,L,20110125,5726,15.68,11.67,-1.102,10.4,False,True,True,0,0,0,0,True,
300167.SZ,300167,300167,ST迪威迅,创业板,深市,创业板,801750.SI,计算机,801103.SI,IT服务Ⅱ,IT服务Ⅱ,L,20110125,5726,15.68,3.76,-1.053,21.951,True,True,True,0,0,0,0,False,ST
300168.SZ,300168,300168,万达信息,创业板,深市,创业板,801750.SI,计算机,801103.SI,IT服务Ⅱ,IT服务Ⅱ,L,20110125,5726,15.68,4.77,2.141,20.0,False,True,True,0,0,0,0,True,
300169.SZ,300169,300169,天晟新材,创业板,深市,创业板,801030.SI,基础化工,801034.SI,化学制品,化学制品,L,20110125,5726,15.68,5.56,-1.243,5.357,False,True,True,0,0,0,0,True,
300170.SZ,300170,300170,汉得信息,创业板,深市,创业板,801750.SI,计算机,801103.SI,IT服务Ⅱ,IT服务Ⅱ,L,20110201,5719,15.66,15.67,5.168,11.392,False,True,True,0,0,0,0,True,
300171.SZ,300171,300171,东富龙,创业板,深市,创业板,801150.SI,医药生物,801153.SI,医疗器械,医疗器械,L,20110201,5719,15.66,15.9,-2.274,16.0,False,True,True,0,0,0,0,True,
300172.SZ,300172,300172,中电环保,创业板,深市,创业板,801970.SI,环保,801971.SI,环境治理,环境治理,L,20110201,5719,15.66,4.54,0.443,6.667,False,True,True,0,0,0,0,True,
300173.SZ,300173,300173,ST福能,创业板,深市,创业板,801730.SI,电力设备,801737.SI,电池,电池,L,20110201,5719,15.66,3.31,1.846,18.182,True,True,True,0,0,0,0,False,ST
300174.SZ,300174,300174,元力股份,创业板,深市,创业板,801030.SI,基础化工,801034.SI,化学制品,化学制品,L,20110201,5719,15.66,17.1,-0.927,8.065,False,True,True,0,0,0,0,True,
300175.SZ,300175,300175,朗源股份,创业板,深市,创业板,801010.SI,农林牧渔,801012.SI,农产品加工,农产品加工,L,20110215,5705,15.62,5.45,1.869,12.069,False,True,True,0,0,0,2,True,
300176.SZ,300176,300176,鸿特科技,创业板,深市,创业板,801880.SI,汽车,801093.SI,汽车零部件,汽车零部件,L,20110215,5705,15.62,4.45,0.679,11.364,False,True,True,0,7,7,7,False,近60日停牌
300177.SZ,300177,300177,中海达,创业板,深市,创业板,801740.SI,国防军工,801745.SI,军工电子Ⅱ,军工电子Ⅱ,L,20110215,5705,15.62,6.08,0.829,9.677,False,True,True,0,0,0,0,True,
300179.SZ,300179,300179,四方达,创业板,深市,创业板,801890.SI,机械设备,801072.SI,通用设备,通用设备,L,20110215,5705,15.62,41.98,-5.536,6.422,False,True,True,0,0,0,0,True,
300180.SZ,300180,300180,华峰超纤,创业板,深市,创业板,801030.SI,基础化工,801036.SI,塑料,塑料,L,20110222,5698,15.6,4.33,1.168,10.87,False,True,True,0,0,0,0,True,
300181.SZ,300181,300181,佐力药业,创业板,深市,创业板,801150.SI,医药生物,801155.SI,中药Ⅱ,中药Ⅱ,L,20110222,5698,15.6,12.98,0.077,9.63,False,True,True,0,0,0,0,True,
300182.SZ,300182,300182,捷成股份,创业板,深市,创业板,801760.SI,传媒,801766.SI,影视院线,影视院线,L,20110222,5698,15.6,5.07,1.4,7.843,False,True,True,0,0,0,0,True,
300183.SZ,300183,300183,东软载波,创业板,深市,创业板,801770.SI,通信,801102.SI,通信设备,通信设备,L,20110222,5698,15.6,10.95,1.955,11.111,False,True,True,0,0,0,0,True,
300184.SZ,300184,300184,力源信息,创业板,深市,创业板,801080.SI,电子,801082.SI,其他电子Ⅱ,其他电子Ⅱ,L,20110222,5698,15.6,11.22,0.089,6.667,False,True,True,0,0,0,0,True,
300185.SZ,300185,300185,通裕重工,创业板,深市,创业板,801730.SI,电力设备,801736.SI,风电设备,风电设备,L,20110308,5684,15.56,2.82,2.92,3.704,False,True,True,0,0,0,0,True,
300187.SZ,300187,300187,永清环保,创业板,深市,创业板,801970.SI,环保,801971.SI,环境治理,环境治理,L,20110308,5684,15.56,4.51,1.121,12.766,False,True,True,0,0,0,0,True,
300188.SZ,300188,300188,国投智能,创业板,深市,创业板,801750.SI,计算机,801104.SI,软件开发,软件开发,L,20110316,5676,15.54,10.74,1.035,13.208,False,True,True,0,0,0,0,True,
300189.SZ,300189,300189,神农种业,创业板,深市,创业板,801010.SI,农林牧渔,801016.SI,种植业,种植业,L,20110316,5676,15.54,5.79,-1.531,12.903,False,True,True,0,0,0,0,True,
300190.SZ,300190,300190,维尔利,创业板,深市,创业板,801970.SI,环保,801971.SI,环境治理,环境治理,L,20110316,5676,15.54,3.78,0.0,10.526,False,True,True,0,0,0,0,True,
300191.SZ,300191,300191,潜能恒信,创业板,深市,创业板,801960.SI,石油石化,801962.SI,油服工程,油服工程,L,20110316,5676,15.54,30.62,0.393,18.293,False,True,True,0,0,0,0,True,
300192.SZ,300192,300192,科德教育,创业板,深市,创业板,801210.SI,社会服务,801994.SI,教育,教育,L,20110322,5670,15.52,24.01,1.052,18.257,False,True,True,0,0,0,0,True,
300193.SZ,300193,300193,佳士科技,创业板,深市,创业板,801890.SI,机械设备,801072.SI,通用设备,通用设备,L,20110322,5670,15.52,7.87,0.897,8.861,False,True,True,0,0,0,0,True,
300194.SZ,300194,300194,福安药业,创业板,深市,创业板,801150.SI,医药生物,801151.SI,化学制药,化学制药,L,20110322,5670,15.52,3.86,0.26,7.692,False,True,True,0,0,0,0,True,
300195.SZ,300195,300195,长荣股份,创业板,深市,创业板,801890.SI,机械设备,801074.SI,专用设备,专用设备,L,20110329,5663,15.5,6.31,1.122,11.475,False,True,True,0,0,0,0,True,
300196.SZ,300196,300196,长海股份,创业板,深市,创业板,801710.SI,建筑材料,801712.SI,玻璃玻纤,玻璃玻纤,L,20110329,5663,15.5,17.61,1.265,12.121,False,True,True,0,0,0,0,True,
300197.SZ,300197,300197,节能铁汉,创业板,深市,创业板,801720.SI,建筑装饰,801723.SI,基础建设,基础建设,L,20110329,5663,15.5,1.94,2.646,10.0,False,True,True,0,0,0,0,True,
300198.SZ,300198,300198,*ST纳川,创业板,深市,创业板,801710.SI,建筑材料,801713.SI,装修建材,装修建材,L,20110407,5654,15.48,2.41,9.546,8.696,True,True,True,0,0,0,0,False,ST
300199.SZ,300199,300199,翰宇药业,创业板,深市,创业板,801150.SI,医药生物,801151.SI,化学制药,化学制药,L,20110407,5654,15.48,22.79,1.741,5.556,False,True,True,0,0,0,0,True,
300200.SZ,300200,300200,高盟新材,创业板,深市,创业板,801030.SI,基础化工,801034.SI,化学制品,化学制品,L,20110407,5654,15.48,8.2,-0.243,8.235,False,True,True,0,0,0,0,True,
300201.SZ,300201,300201,海伦哲,创业板,深市,创业板,801890.SI,机械设备,801077.SI,工程机械,工程机械,L,20110407,5654,15.48,12.91,1.894,14.925,False,True,True,0,0,0,0,True,
300203.SZ,300203,300203,聚光科技,创业板,深市,创业板,801970.SI,环保,801972.SI,环保设备Ⅱ,环保设备Ⅱ,L,20110415,5646,15.46,13.56,-1.238,12.121,False,True,True,0,0,0,0,True,
300204.SZ,300204,300204,舒泰神,创业板,深市,创业板,801150.SI,医药生物,801151.SI,化学制药,化学制药,L,20110415,5646,15.46,19.74,-0.051,15.385,False,True,True,0,0,0,0,True,
300205.SZ,300205,300205,*ST天喻,创业板,深市,创业板,801770.SI,通信,801102.SI,通信设备,通信设备,L,20110421,5640,15.44,4.89,-5.962,23.077,True,True,True,0,0,0,0,False,ST
300206.SZ,300206,300206,理邦仪器,创业板,深市,创业板,801150.SI,医药生物,801153.SI,医疗器械,医疗器械,L,20110421,5640,15.44,11.6,-0.172,8.475,False,True,True,0,0,0,0,True,
300207.SZ,300207,300207,欣旺达,创业板,深市,创业板,801730.SI,电力设备,801737.SI,电池,电池,L,20110421,5640,15.44,21.5,0.561,20.0,False,True,True,0,0,0,0,True,
300209.SZ,300209,300209,行云科技,创业板,深市,创业板,801750.SI,计算机,801104.SI,软件开发,软件开发,L,20110426,5635,15.43,33.7,0.477,10.674,False,True,True,0,0,0,0,True,
300210.SZ,300210,300210,森远股份,创业板,深市,创业板,801970.SI,环保,801972.SI,环保设备Ⅱ,环保设备Ⅱ,L,20110426,5635,15.43,7.03,1.297,18.293,False,True,True,0,0,0,0,True,
300211.SZ,300211,300211,亿通科技,创业板,深市,创业板,801770.SI,通信,801223.SI,通信服务,通信服务,L,20110505,5626,15.4,7.72,10.602,13.158,False,True,True,2,2,2,2,False,近60日停牌
300212.SZ,300212,300212,*ST易录,创业板,深市,创业板,801750.SI,计算机,801103.SI,IT服务Ⅱ,IT服务Ⅱ,L,20110505,5626,15.4,7.57,1.068,15.0,True,True,True,0,0,0,0,False,ST
300213.SZ,300213,300213,佳讯飞鸿,创业板,深市,创业板,801770.SI,通信,801102.SI,通信设备,通信设备,L,20110505,5626,15.4,6.61,4.589,7.812,False,True,True,0,0,0,0,True,
300214.SZ,300214,300214,日科化学,创业板,深市,创业板,801030.SI,基础化工,801034.SI,化学制品,化学制品,L,20110511,5620,15.39,9.61,0.523,18.627,False,True,True,0,0,5,11,False,近60日停牌
300215.SZ,300215,300215,电科院,创业板,深市,创业板,801210.SI,社会服务,801218.SI,专业服务,专业服务,L,20110511,5620,15.39,6.24,1.961,10.938,False,True,True,0,0,0,0,True,
300217.SZ,300217,300217,东方电热,创业板,深市,创业板,801110.SI,家用电器,801116.SI,家电零部件Ⅱ,家电零部件Ⅱ,L,20110518,5613,15.37,3.97,0.506,14.286,False,True,True,0,0,0,0,True,
300218.SZ,300218,300218,安利股份,创业板,深市,创业板,801030.SI,基础化工,801036.SI,塑料,塑料,L,20110518,5613,15.37,12.55,1.291,11.111,False,True,True,0,0,0,0,True,
300219.SZ,300219,300219,鸿利智汇,创业板,深市,创业板,801080.SI,电子,801084.SI,光学光电子,光学光电子,L,20110518,5613,15.37,6.71,0.449,5.797,False,True,True,0,0,0,0,True,
300220.SZ,300220,300220,金运激光,创业板,深市,创业板,801140.SI,轻工制造,801145.SI,文娱用品,文娱用品,L,20110525,5606,15.35,11.48,2.409,16.364,False,True,True,0,0,0,0,True,
300221.SZ,300221,300221,银禧科技,创业板,深市,创业板,801030.SI,基础化工,801036.SI,塑料,塑料,L,20110525,5606,15.35,13.01,1.403,9.286,False,True,True,0,0,0,0,True,
300222.SZ,300222,300222,科大智能,创业板,深市,创业板,801730.SI,电力设备,801738.SI,电网设备,电网设备,L,20110525,5606,15.35,9.64,0.626,7.921,False,True,True,0,0,0,0,True,
300223.SZ,300223,300223,君正股份,创业板,深市,创业板,801080.SI,电子,801081.SI,半导体,半导体,L,20110531,5600,15.33,134.6,1.769,11.628,False,True,True,0,0,0,0,True,
300224.SZ,300224,300224,正海磁材,创业板,深市,创业板,801050.SI,有色金属,801051.SI,金属新材料,金属新材料,L,20110531,5600,15.33,11.75,1.119,12.821,False,True,True,0,0,0,0,True,
300225.SZ,300225,300225,金力泰,创业板,深市,创业板,801030.SI,基础化工,801034.SI,化学制品,化学制品,L,20110531,5600,15.33,7.81,0.128,12.5,False,True,True,0,0,0,2,True,
300226.SZ,300226,300226,上海钢联,创业板,深市,创业板,801750.SI,计算机,801104.SI,软件开发,软件开发,L,20110608,5592,15.31,17.02,1.189,8.876,False,True,True,0,0,0,0,True,
300227.SZ,300227,300227,光韵达,创业板,深市,创业板,801890.SI,机械设备,801078.SI,自动化设备,自动化设备,L,20110608,5592,15.31,10.06,-0.198,24.545,False,True,True,0,0,0,0,True,
300228.SZ,300228,300228,富瑞特装,创业板,深市,创业板,801890.SI,机械设备,801072.SI,通用设备,通用设备,L,20110608,5592,15.31,6.43,0.626,14.706,False,True,True,0,0,0,0,True,
300229.SZ,300229,300229,拓尔思,创业板,深市,创业板,801750.SI,计算机,801104.SI,软件开发,软件开发,L,20110615,5585,15.29,12.85,2.472,11.94,False,True,True,0,0,0,0,True,
300230.SZ,300230,300230,永利股份,创业板,深市,创业板,801030.SI,基础化工,801036.SI,塑料,塑料,L,20110615,5585,15.29,4.36,0.693,4.651,False,True,True,0,0,0,0,True,
300231.SZ,300231,300231,银信科技,创业板,深市,创业板,801750.SI,计算机,801103.SI,IT服务Ⅱ,IT服务Ⅱ,L,20110615,5585,15.29,8.28,2.222,8.434,False,True,True,0,0,0,0,True,
300232.SZ,300232,300232,洲明科技,创业板,深市,创业板,801080.SI,电子,801084.SI,光学光电子,光学光电子,L,20110622,5578,15.27,5.31,2.115,9.434,False,True,True,0,0,0,0,True,
300233.SZ,300233,300233,金城医药,创业板,深市,创业板,801150.SI,医药生物,801151.SI,化学制药,化学制药,L,20110622,5578,15.27,13.2,0.228,9.091,False,True,True,0,0,0,0,True,
300234.SZ,300234,300234,开尔新材,创业板,深市,创业板,801710.SI,建筑材料,801713.SI,装修建材,装修建材,L,20110622,5578,15.27,10.12,1.811,19.266,False,True,True,0,0,0,0,True,
300235.SZ,300235,300235,方直科技,创业板,深市,创业板,801750.SI,计算机,801104.SI,软件开发,软件开发,L,20110629,5571,15.25,12.0,2.128,11.207,False,True,True,0,0,0,0,True,
300236.SZ,300236,300236,上海新阳,创业板,深市,创业板,801080.SI,电子,801086.SI,电子化学品Ⅱ,电子化学品Ⅱ,L,20110629,5571,15.25,86.49,0.093,10.0,False,True,True,0,0,0,0,True,
300237.SZ,300237,300237,ST美晨,创业板,深市,创业板,801880.SI,汽车,801093.SI,汽车零部件,汽车零部件,L,20110629,5571,15.25,2.38,3.478,18.182,True,True,True,0,0,0,0,False,ST
300238.SZ,300238,300238,冠昊生物,创业板,深市,创业板,801150.SI,医药生物,801153.SI,医疗器械,医疗器械,L,20110706,5564,15.23,11.87,-0.168,10.169,False,True,True,0,0,0,0,True,
300239.SZ,300239,300239,东宝生物,创业板,深市,创业板,801150.SI,医药生物,801152.SI,生物制品,生物制品,L,20110706,5564,15.23,5.42,0.744,7.843,False,True,True,0,0,0,0,True,
300240.SZ,300240,300240,飞力达,创业板,深市,创业板,801170.SI,交通运输,801178.SI,物流,物流,L,20110706,5564,15.23,6.17,1.48,15.0,False,True,True,0,0,0,0,True,
300241.SZ,300241,300241,瑞丰光电,创业板,深市,创业板,801080.SI,电子,801084.SI,光学光电子,光学光电子,L,20110712,5558,15.22,5.72,0.704,6.897,False,True,True,0,0,0,0,True,
300242.SZ,300242,300242,佳云科技,创业板,深市,创业板,801760.SI,传媒,801765.SI,广告营销,广告营销,L,20110712,5558,15.22,3.95,1.804,15.0,False,True,True,0,0,6,6,False,近60日停牌
300243.SZ,300243,300243,瑞丰高材,创业板,深市,创业板,801030.SI,基础化工,801036.SI,塑料,塑料,L,20110712,5558,15.22,21.93,2.143,10.714,False,True,True,0,0,0,0,True,
300244.SZ,300244,300244,迪安诊断,创业板,深市,创业板,801150.SI,医药生物,801156.SI,医疗服务,医疗服务,L,20110719,5551,15.2,20.19,-0.786,15.271,False,True,True,0,0,0,0,True,
300245.SZ,300245,300245,ST天玑,创业板,深市,创业板,801750.SI,计算机,801103.SI,IT服务Ⅱ,IT服务Ⅱ,L,20110719,5551,15.2,5.87,0.342,13.333,True,True,True,0,0,0,0,False,ST
300246.SZ,300246,300246,宝莱特,创业板,深市,创业板,801150.SI,医药生物,801153.SI,医疗器械,医疗器械,L,20110719,5551,15.2,15.8,3.879,7.19,False,True,True,0,5,6,6,False,近60日停牌
300247.SZ,300247,300247,融捷健康,创业板,深市,创业板,801110.SI,家用电器,801117.SI,其他家电Ⅱ,其他家电Ⅱ,L,20110729,5541,15.17,3.69,0.0,8.108,False,True,True,0,0,0,0,True,
300248.SZ,300248,300248,新开普,创业板,深市,创业板,801750.SI,计算机,801101.SI,计算机设备,计算机设备,L,20110729,5541,15.17,8.3,2.723,12.644,False,True,True,0,0,0,0,True,
300249.SZ,300249,300249,依米康,创业板,深市,创业板,801750.SI,计算机,801101.SI,计算机设备,计算机设备,L,20110803,5536,15.16,12.65,0.797,7.519,False,True,True,0,0,0,0,True,
300250.SZ,300250,300250,初灵信息,创业板,深市,创业板,801750.SI,计算机,801103.SI,IT服务Ⅱ,IT服务Ⅱ,L,20110803,5536,15.16,14.87,2.764,8.497,False,True,True,0,0,0,0,True,
300251.SZ,300251,300251,光线传媒,创业板,深市,创业板,801760.SI,传媒,801766.SI,影视院线,影视院线,L,20110803,5536,15.16,10.93,0.552,10.345,False,True,True,0,0,0,0,True,
300252.SZ,300252,300252,金信诺,创业板,深市,创业板,801740.SI,国防军工,801745.SI,军工电子Ⅱ,军工电子Ⅱ,L,20110818,5521,15.12,11.5,1.95,9.449,False,True,True,0,0,0,0,True,
300253.SZ,300253,300253,卫宁健康,创业板,深市,创业板,801750.SI,计算机,801104.SI,软件开发,软件开发,L,20110818,5521,15.12,6.96,1.903,11.429,False,True,True,0,0,0,0,True,
300254.SZ,300254,300254,仟源医药,创业板,深市,创业板,801150.SI,医药生物,801151.SI,化学制药,化学制药,L,20110819,5520,15.11,9.09,0.11,6.667,False,True,True,0,0,0,0,True,
300255.SZ,300255,300255,常山药业,创业板,深市,创业板,801150.SI,医药生物,801151.SI,化学制药,化学制药,L,20110819,5520,15.11,22.12,-1.514,18.644,False,True,True,0,0,0,0,True,
300256.SZ,300256,300256,星星科技,创业板,深市,创业板,801080.SI,电子,801085.SI,消费电子,消费电子,L,20110819,5520,15.11,2.59,0.778,14.815,False,True,True,0,0,0,0,True,
300257.SZ,300257,300257,开山股份,创业板,深市,创业板,801890.SI,机械设备,801072.SI,通用设备,通用设备,L,20110819,5520,15.11,17.8,-0.168,57.143,False,True,True,0,0,0,0,True,
300258.SZ,300258,300258,精锻科技,创业板,深市,创业板,801880.SI,汽车,801093.SI,汽车零部件,汽车零部件,L,20110826,5513,15.09,8.79,-3.724,20.652,False,True,True,0,0,0,0,True,
300259.SZ,300259,300259,新天科技,创业板,深市,创业板,801890.SI,机械设备,801072.SI,通用设备,通用设备,L,20110831,5508,15.08,3.95,-0.504,9.302,False,True,True,0,0,0,0,True,
300260.SZ,300260,300260,新莱应材,创业板,深市,创业板,801890.SI,机械设备,801072.SI,通用设备,通用设备,L,20110906,5502,15.06,57.3,-2.218,14.57,False,True,True,0,0,0,0,True,
300261.SZ,300261,300261,雅本化学,创业板,深市,创业板,801030.SI,基础化工,801038.SI,农化制品,农化制品,L,20110906,5502,15.06,4.93,3.138,8.0,False,True,True,0,0,0,0,True,
300263.SZ,300263,300263,隆华科技,创业板,深市,创业板,801890.SI,机械设备,801072.SI,通用设备,通用设备,L,20110916,5492,15.04,10.04,-0.986,8.824,False,True,True,0,0,0,0,True,
300264.SZ,300264,300264,佳创视讯,创业板,深市,创业板,801750.SI,计算机,801103.SI,IT服务Ⅱ,IT服务Ⅱ,L,20110916,5492,15.04,6.03,-1.147,8.065,False,True,True,0,0,0,0,True,
300265.SZ,300265,300265,通光线缆,创业板,深市,创业板,801730.SI,电力设备,801738.SI,电网设备,电网设备,L,20110916,5492,15.04,11.98,-1.073,8.759,False,True,True,0,0,0,0,True,
300266.SZ,300266,300266,兴源环境,创业板,深市,创业板,801970.SI,环保,801971.SI,环境治理,环境治理,L,20110927,5481,15.01,1.86,2.198,11.111,False,True,True,0,0,0,0,True,
300267.SZ,300267,300267,尔康制药,创业板,深市,创业板,801150.SI,医药生物,801151.SI,化学制药,化学制药,L,20110927,5481,15.01,3.23,0.623,12.5,False,True,True,0,0,0,0,True,
300268.SZ,300268,300268,佳沃食品,创业板,深市,创业板,801010.SI,农林牧渔,801012.SI,农产品加工,农产品加工,L,20110927,5481,15.01,12.01,0.502,12.5,False,True,True,0,0,0,0,True,
300269.SZ,300269,300269,联建光电,创业板,深市,创业板,801080.SI,电子,801084.SI,光学光电子,光学光电子,L,20111012,5466,14.97,4.62,-3.75,10.638,False,True,True,0,0,0,0,True,
300270.SZ,300270,300270,中威电子,创业板,深市,创业板,801750.SI,计算机,801101.SI,计算机设备,计算机设备,L,20111012,5466,14.97,10.69,5.528,14.151,False,True,True,0,0,0,0,True,
300271.SZ,300271,300271,华宇软件,创业板,深市,创业板,801750.SI,计算机,801103.SI,IT服务Ⅱ,IT服务Ⅱ,L,20111026,5452,14.93,5.81,1.396,10.714,False,True,True,0,0,0,0,True,
300272.SZ,300272,300272,开能健康,创业板,深市,创业板,801110.SI,家用电器,801113.SI,小家电,小家电,L,20111102,5445,14.91,5.99,0.672,8.621,False,True,True,0,0,0,0,True,
300274.SZ,300274,300274,阳光电源,创业板,深市,创业板,801730.SI,电力设备,801735.SI,光伏设备,光伏设备,L,20111102,5445,14.91,82.81,2.159,28.571,False,True,True,0,0,0,0,True,
300275.SZ,300275,300275,梅安森,创业板,深市,创业板,801750.SI,计算机,801101.SI,计算机设备,计算机设备,L,20111102,5445,14.91,8.95,0.449,11.364,False,True,True,0,0,0,0,True,
300276.SZ,300276,300276,三丰智能,创业板,深市,创业板,801890.SI,机械设备,801078.SI,自动化设备,自动化设备,L,20111115,5432,14.87,6.27,0.642,14.516,False,True,True,0,0,0,0,True,
300277.SZ,300277,300277,汽轮科技,创业板,深市,创业板,801750.SI,计算机,801103.SI,IT服务Ⅱ,IT服务Ⅱ,L,20111123,5424,14.85,12.62,-0.63,9.524,False,True,True,0,0,0,0,True,
300278.SZ,300278,300278,华昌达,创业板,深市,创业板,801890.SI,机械设备,801078.SI,自动化设备,自动化设备,L,20111216,5401,14.79,3.54,1.143,10.811,False,True,True,0,0,0,0,True,
300279.SZ,300279,300279,和晶科技,创业板,深市,创业板,801110.SI,家用电器,801116.SI,家电零部件Ⅱ,家电零部件Ⅱ,L,20111229,5388,14.75,5.93,-0.336,6.78,False,True,True,0,0,0,0,True,
300281.SZ,300281,300281,金明精机,创业板,深市,创业板,801890.SI,机械设备,801074.SI,专用设备,专用设备,L,20111229,5388,14.75,7.05,-0.564,17.91,False,True,True,0,0,0,0,True,
300283.SZ,300283,300283,温州宏丰,创业板,深市,创业板,801730.SI,电力设备,801738.SI,电网设备,电网设备,L,20120110,5376,14.72,13.46,2.202,7.801,False,True,True,0,0,0,0,True,
300284.SZ,300284,300284,苏交科,创业板,深市,创业板,801720.SI,建筑装饰,801726.SI,工程咨询服务Ⅱ,工程咨询服务Ⅱ,L,20120110,5376,14.72,5.08,1.804,22.642,False,True,True,0,0,0,0,True,
300285.SZ,300285,300285,国瓷材料,创业板,深市,创业板,801080.SI,电子,801086.SI,电子化学品Ⅱ,电子化学品Ⅱ,L,20120113,5373,14.71,64.4,-1.014,11.607,False,True,True,0,0,0,0,True,
300286.SZ,300286,300286,安科瑞,创业板,深市,创业板,801730.SI,电力设备,801738.SI,电网设备,电网设备,L,20120113,5373,14.71,18.92,0.907,10.204,False,True,True,0,0,0,0,True,
300287.SZ,300287,300287,飞利信,创业板,深市,创业板,801750.SI,计算机,801103.SI,IT服务Ⅱ,IT服务Ⅱ,L,20120201,5354,14.66,3.59,1.7,8.108,False,True,True,0,0,0,0,True,
300288.SZ,300288,300288,朗玛信息,创业板,深市,创业板,801750.SI,计算机,801103.SI,IT服务Ⅱ,IT服务Ⅱ,L,20120216,5339,14.62,9.75,1.141,7.143,False,True,True,0,0,0,0,True,
300289.SZ,300289,300289,利德曼,创业板,深市,创业板,801150.SI,医药生物,801153.SI,医疗器械,医疗器械,L,20120216,5339,14.62,5.91,-0.505,8.475,False,True,True,0,0,0,0,True,
300290.SZ,300290,300290,ST荣科,创业板,深市,创业板,801750.SI,计算机,801103.SI,IT服务Ⅱ,IT服务Ⅱ,L,20120216,5339,14.62,6.85,-4.463,12.5,True,True,True,0,0,0,2,False,ST
300291.SZ,300291,300291,百纳千成,创业板,深市,创业板,801760.SI,传媒,801766.SI,影视院线,影视院线,L,20120209,5346,14.64,5.09,5.383,15.385,False,True,True,0,0,0,0,True,
300292.SZ,300292,300292,吴通控股,创业板,深市,创业板,801770.SI,通信,801223.SI,通信服务,通信服务,L,20120229,5326,14.58,4.42,0.683,6.522,False,True,True,0,0,0,0,True,
300293.SZ,300293,300293,蓝英装备,创业板,深市,创业板,801890.SI,机械设备,801074.SI,专用设备,专用设备,L,20120308,5318,14.56,13.89,-0.857,12.987,False,True,True,0,0,0,0,True,
300294.SZ,300294,300294,博雅生物,创业板,深市,创业板,801150.SI,医药生物,801152.SI,生物制品,生物制品,L,20120308,5318,14.56,14.34,-0.347,13.158,False,True,True,0,0,0,0,True,
300295.SZ,300295,300295,*ST三六五,创业板,深市,创业板,801760.SI,传媒,801767.SI,数字媒体,数字媒体,L,20120315,5311,14.54,11.58,1.312,11.765,True,True,True,0,0,0,0,False,ST
300296.SZ,300296,300296,利亚德,创业板,深市,创业板,801080.SI,电子,801084.SI,光学光电子,光学光电子,L,20120315,5311,14.54,4.72,0.0,11.765,False,True,True,0,0,0,0,True,
300298.SZ,300298,300298,三诺生物,创业板,深市,创业板,801150.SI,医药生物,801153.SI,医疗器械,医疗器械,L,20120319,5307,14.53,16.1,-0.556,7.5,False,True,True,0,0,0,0,True,
300299.SZ,300299,300299,富春股份,创业板,深市,创业板,801760.SI,传媒,801764.SI,游戏Ⅱ,游戏Ⅱ,L,20120319,5307,14.53,5.4,2.079,7.273,False,True,True,0,0,0,0,True,
300300.SZ,300300,300300,海峡创新,创业板,深市,创业板,801750.SI,计算机,801103.SI,IT服务Ⅱ,IT服务Ⅱ,L,20120319,5307,14.53,10.73,-3.159,7.407,False,True,True,0,0,0,0,True,
300301.SZ,300301,300301,ST长方,创业板,深市,创业板,801080.SI,电子,801084.SI,光学光电子,光学光电子,L,20120321,5305,14.52,3.82,-1.036,11.765,True,True,True,0,0,0,0,False,ST
300302.SZ,300302,300302,同有科技,创业板,深市,创业板,801750.SI,计算机,801101.SI,计算机设备,计算机设备,L,20120321,5305,14.52,26.43,0.839,9.155,False,True,True,0,0,0,0,True,
300303.SZ,300303,300303,聚飞光电,创业板,深市,创业板,801080.SI,电子,801084.SI,光学光电子,光学光电子,L,20120319,5307,14.53,6.43,-0.464,7.246,False,True,True,0,0,0,0,True,
300304.SZ,300304,300304,云意电气,创业板,深市,创业板,801880.SI,汽车,801093.SI,汽车零部件,汽车零部件,L,20120321,5305,14.52,12.04,1.603,11.966,False,True,True,0,0,0,0,True,
300305.SZ,300305,300305,裕兴股份,创业板,深市,创业板,801030.SI,基础化工,801036.SI,塑料,塑料,L,20120329,5297,14.5,6.52,1.716,10.606,False,True,True,0,0,0,0,True,
300306.SZ,300306,300306,远方信息,创业板,深市,创业板,801890.SI,机械设备,801072.SI,通用设备,通用设备,L,20120329,5297,14.5,10.51,1.35,13.861,False,True,True,0,0,0,0,True,
300307.SZ,300307,300307,慈星股份,创业板,深市,创业板,801890.SI,机械设备,801074.SI,专用设备,专用设备,L,20120329,5297,14.5,6.95,-0.287,6.757,False,True,True,0,0,0,0,True,
300308.SZ,300308,300308,中际旭创,创业板,深市,创业板,801770.SI,通信,801102.SI,通信设备,通信设备,L,20120410,5285,14.47,813.01,-0.244,12.295,False,True,True,0,0,0,0,True,
300310.SZ,300310,300310,宜通世纪,创业板,深市,创业板,801770.SI,通信,801223.SI,通信服务,通信服务,L,20120425,5270,14.43,4.32,2.857,6.818,False,True,True,0,0,0,0,True,
300311.SZ,300311,300311,任子行,创业板,深市,创业板,801750.SI,计算机,801104.SI,软件开发,软件开发,L,20120425,5270,14.43,6.19,-0.322,6.557,False,True,True,0,2,2,2,False,近60日停牌
300313.SZ,300313,300313,天山生物,创业板,深市,创业板,801010.SI,农林牧渔,801017.SI,养殖业,养殖业,L,20120425,5270,14.43,11.88,-3.099,10.853,False,True,True,0,0,0,2,True,
300314.SZ,300314,300314,戴维医疗,创业板,深市,创业板,801150.SI,医药生物,801153.SI,医疗器械,医疗器械,L,20120508,5257,14.39,12.74,-1.24,11.111,False,True,True,0,0,0,0,True,
300315.SZ,300315,300315,掌趣科技,创业板,深市,创业板,801760.SI,传媒,801764.SI,游戏Ⅱ,游戏Ⅱ,L,20120511,5254,14.38,3.95,1.023,10.0,False,True,True,0,0,0,0,True,
300316.SZ,300316,300316,晶盛机电,创业板,深市,创业板,801730.SI,电力设备,801735.SI,光伏设备,光伏设备,L,20120511,5254,14.38,38.27,-0.958,30.189,False,True,True,0,0,0,0,True,
300317.SZ,300317,300317,珈伟新能,创业板,深市,创业板,801160.SI,公用事业,801161.SI,电力,电力,L,20120511,5254,14.38,4.16,-0.716,4.762,False,True,True,0,0,0,0,True,
300318.SZ,300318,300318,博晖创新,创业板,深市,创业板,801150.SI,医药生物,801152.SI,生物制品,生物制品,L,20120523,5242,14.35,5.14,-0.58,16.0,False,True,True,0,0,0,0,True,
300319.SZ,300319,300319,麦捷科技,创业板,深市,创业板,801080.SI,电子,801083.SI,元件,元件,L,20120523,5242,14.35,18.85,0.266,13.679,False,True,True,0,0,0,0,True,
300320.SZ,300320,300320,海达股份,创业板,深市,创业板,801030.SI,基础化工,801037.SI,橡胶,橡胶,L,20120601,5233,14.33,8.12,0.371,13.095,False,True,True,0,0,0,0,True,
300321.SZ,300321,300321,同大股份,创业板,深市,创业板,801030.SI,基础化工,801034.SI,化学制品,化学制品,L,20120523,5242,14.35,32.85,-0.665,10.588,False,True,True,0,0,0,0,True,
300322.SZ,300322,300322,硕贝德,创业板,深市,创业板,801080.SI,电子,801085.SI,消费电子,消费电子,L,20120608,5226,14.31,16.45,0.735,12.222,False,True,True,0,0,0,0,True,
300323.SZ,300323,300323,华灿光电,创业板,深市,创业板,801080.SI,电子,801084.SI,光学光电子,光学光电子,L,20120601,5233,14.33,10.87,-0.64,10.526,False,True,True,0,0,0,0,True,
300324.SZ,300324,300324,旋极信息,创业板,深市,创业板,801750.SI,计算机,801101.SI,计算机设备,计算机设备,L,20120608,5226,14.31,3.81,-0.262,13.158,False,True,True,0,0,0,0,True,
300326.SZ,300326,300326,ST凯利,创业板,深市,创业板,801150.SI,医药生物,801153.SI,医疗器械,医疗器械,L,20120613,5221,14.29,6.26,2.121,15.0,True,True,True,0,0,0,0,False,ST
300327.SZ,300327,300327,中颖电子,创业板,深市,创业板,801080.SI,电子,801081.SI,半导体,半导体,L,20120613,5221,14.29,25.3,-0.315,11.429,False,True,True,0,0,0,0,True,
300328.SZ,300328,300328,宜安科技,创业板,深市,创业板,801050.SI,有色金属,801055.SI,工业金属,工业金属,L,20120619,5215,14.28,12.18,-1.615,29.231,False,True,True,0,0,0,0,True,
300329.SZ,300329,300329,海伦钢琴,创业板,深市,创业板,801140.SI,轻工制造,801145.SI,文娱用品,文娱用品,L,20120619,5215,14.28,11.83,1.983,13.333,False,True,True,0,0,0,0,True,
300331.SZ,300331,300331,苏大维格,创业板,深市,创业板,801080.SI,电子,801084.SI,光学光电子,光学光电子,L,20120628,5206,14.25,43.2,-0.644,10.084,False,True,True,0,0,0,0,True,
300332.SZ,300332,300332,天壕能源,创业板,深市,创业板,801160.SI,公用事业,801163.SI,燃气Ⅱ,燃气Ⅱ,L,20120628,5206,14.25,4.79,-0.208,6.122,False,True,True,0,0,3,10,False,近60日停牌
300333.SZ,300333,300333,兆日科技,创业板,深市,创业板,801750.SI,计算机,801101.SI,计算机设备,计算机设备,L,20120628,5206,14.25,11.39,0.975,4.348,False,True,True,0,8,11,11,False,近60日停牌
300334.SZ,300334,300334,津膜科技,创业板,深市,创业板,801970.SI,环保,801971.SI,环境治理,环境治理,L,20120705,5199,14.23,8.71,2.712,4.762,False,True,True,0,0,0,0,True,
300335.SZ,300335,300335,迪森股份,创业板,深市,创业板,801160.SI,公用事业,801161.SI,电力,电力,L,20120710,5194,14.22,5.58,2.385,3.571,False,True,True,0,0,0,0,True,
300337.SZ,300337,300337,银邦股份,创业板,深市,创业板,801050.SI,有色金属,801055.SI,工业金属,工业金属,L,20120718,5186,14.2,8.97,1.127,10.309,False,True,True,0,0,0,0,True,
300338.SZ,300338,300338,*ST开元,创业板,深市,创业板,801210.SI,社会服务,801994.SI,教育,教育,L,20120726,5178,14.18,2.71,0.744,20.0,True,True,True,0,0,0,0,False,ST
300339.SZ,300339,300339,润和软件,创业板,深市,创业板,801750.SI,计算机,801103.SI,IT服务Ⅱ,IT服务Ⅱ,L,20120718,5186,14.2,33.77,0.446,9.091,False,True,True,0,0,0,0,True,
300340.SZ,300340,300340,科恒股份,创业板,深市,创业板,801730.SI,电力设备,801737.SI,电池,电池,L,20120726,5178,14.18,9.18,8.255,9.091,False,True,True,0,0,0,0,True,
300341.SZ,300341,300341,麦克奥迪,创业板,深市,创业板,801150.SI,医药生物,801153.SI,医疗器械,医疗器械,L,20120726,5178,14.18,12.66,-0.236,20.455,False,True,True,0,0,0,0,True,
300342.SZ,300342,300342,天银机电,创业板,深市,创业板,801110.SI,家用电器,801116.SI,家电零部件Ⅱ,家电零部件Ⅱ,L,20120726,5178,14.18,29.7,-1.198,10.0,False,True,True,0,0,0,0,True,
300343.SZ,300343,300343,联创股份,创业板,深市,创业板,801030.SI,基础化工,801034.SI,化学制品,化学制品,L,20120801,5172,14.16,5.17,0.0,10.345,False,True,True,0,0,0,2,True,
300345.SZ,300345,300345,华民股份,创业板,深市,创业板,801730.SI,电力设备,801735.SI,光伏设备,光伏设备,L,20120801,5172,14.16,6.41,-3.464,14.286,False,True,True,0,0,0,0,True,
300346.SZ,300346,300346,南大光电,创业板,深市,创业板,801080.SI,电子,801086.SI,电子化学品Ⅱ,电子化学品Ⅱ,L,20120807,5166,14.14,51.39,-1.457,7.273,False,True,True,0,0,0,0,True,
300347.SZ,300347,300347,泰格医药,创业板,深市,创业板,801150.SI,医药生物,801156.SI,医疗服务,医疗服务,L,20120817,5156,14.12,56.47,-0.581,14.815,False,True,True,0,0,0,0,True,
300348.SZ,300348,300348,长亮科技,创业板,深市,创业板,801750.SI,计算机,801104.SI,软件开发,软件开发,L,20120817,5156,14.12,9.3,1.307,10.417,False,True,True,0,0,0,0,True,
300349.SZ,300349,300349,金卡智能,创业板,深市,创业板,801890.SI,机械设备,801072.SI,通用设备,通用设备,L,20120817,5156,14.12,10.21,1.089,7.692,False,True,True,0,0,0,0,True,
300350.SZ,300350,300350,华鹏飞,创业板,深市,创业板,801170.SI,交通运输,801178.SI,物流,物流,L,20120821,5152,14.11,4.76,1.927,18.182,False,True,True,0,0,0,0,True,
300351.SZ,300351,300351,永贵电器,创业板,深市,创业板,801890.SI,机械设备,801076.SI,轨交设备Ⅱ,轨交设备Ⅱ,L,20120920,5122,14.02,13.57,0.967,7.042,False,True,True,0,0,0,0,True,
300352.SZ,300352,300352,ST信源,创业板,深市,创业板,801750.SI,计算机,801104.SI,软件开发,软件开发,L,20120912,5130,14.05,2.94,-2.326,21.429,True,True,True,0,0,0,0,False,ST
300353.SZ,300353,300353,东土科技,创业板,深市,创业板,801770.SI,通信,801102.SI,通信设备,通信设备,L,20120927,5115,14.0,16.19,-0.675,16.867,False,True,True,0,0,0,0,True,
300354.SZ,300354,300354,东华测试,创业板,深市,创业板,801890.SI,机械设备,801072.SI,通用设备,通用设备,L,20120920,5122,14.02,27.73,-0.252,14.545,False,True,True,0,0,0,0,True,
300355.SZ,300355,300355,蒙草生态,创业板,深市,创业板,801720.SI,建筑装饰,801723.SI,基础建设,基础建设,L,20120927,5115,14.0,2.76,1.845,10.345,False,True,True,0,0,0,0,True,
300357.SZ,300357,300357,我武生物,创业板,深市,创业板,801150.SI,医药生物,801152.SI,生物制品,生物制品,L,20140121,4634,12.69,19.82,-0.402,25.0,False,True,True,0,0,0,0,True,
300358.SZ,300358,300358,楚天科技,创业板,深市,创业板,801150.SI,医药生物,801153.SI,医疗器械,医疗器械,L,20140121,4634,12.69,9.5,-1.35,13.043,False,True,True,0,0,0,0,True,
300359.SZ,300359,300359,全通教育,创业板,深市,创业板,801210.SI,社会服务,801994.SI,教育,教育,L,20140121,4634,12.69,4.14,1.97,9.524,False,True,True,0,0,0,0,True,
300360.SZ,300360,300360,炬华科技,创业板,深市,创业板,801730.SI,电力设备,801738.SI,电网设备,电网设备,L,20140121,4634,12.69,10.9,0.276,26.891,False,True,True,0,0,0,0,True,
300363.SZ,300363,300363,博腾股份,创业板,深市,创业板,801150.SI,医药生物,801156.SI,医疗服务,医疗服务,L,20140129,4626,12.67,23.59,-1.338,17.857,False,True,True,0,0,0,0,True,
300364.SZ,300364,300364,中文在线,创业板,深市,创业板,801760.SI,传媒,801769.SI,出版,出版,L,20150121,4269,11.69,23.96,3.544,8.537,False,True,True,0,0,0,0,True,
300365.SZ,300365,300365,恒华科技,创业板,深市,创业板,801750.SI,计算机,801104.SI,软件开发,软件开发,L,20140123,4632,12.68,4.56,2.472,6.522,False,True,True,0,0,0,0,True,
300366.SZ,300366,300366,ST创意,创业板,深市,创业板,801750.SI,计算机,801104.SI,软件开发,软件开发,L,20140127,4628,12.67,5.58,4.494,21.154,True,True,True,0,0,0,0,False,ST
300368.SZ,300368,300368,汇金股份,创业板,深市,创业板,801750.SI,计算机,801101.SI,计算机设备,计算机设备,L,20140123,4632,12.68,9.43,1.616,6.383,False,True,True,0,0,0,0,True,
300369.SZ,300369,300369,绿盟科技,创业板,深市,创业板,801750.SI,计算机,801104.SI,软件开发,软件开发,L,20140129,4626,12.67,9.1,1.676,12.222,False,True,True,0,0,0,0,True,
300370.SZ,300370,300370,安控科技,创业板,深市,创业板,801890.SI,机械设备,801072.SI,通用设备,通用设备,L,20140123,4632,12.68,2.14,1.905,14.286,False,True,True,0,0,0,0,True,
300371.SZ,300371,300371,汇中股份,创业板,深市,创业板,801890.SI,机械设备,801072.SI,通用设备,通用设备,L,20140123,4632,12.68,10.24,1.286,7.843,False,True,True,0,0,0,0,True,
300373.SZ,300373,300373,扬杰科技,创业板,深市,创业板,801080.SI,电子,801081.SI,半导体,半导体,L,20140123,4632,12.68,86.0,1.165,13.861,False,True,True,0,0,0,0,True,
300374.SZ,300374,300374,中铁装配,创业板,深市,创业板,801710.SI,建筑材料,801713.SI,装修建材,装修建材,L,20150319,4212,11.53,10.15,1.196,11.429,False,True,True,0,0,0,0,True,
300375.SZ,300375,300375,鹏翎股份,创业板,深市,创业板,801880.SI,汽车,801093.SI,汽车零部件,汽车零部件,L,20140127,4628,12.67,4.11,1.482,7.317,False,True,True,0,0,0,0,True,
300376.SZ,300376,300376,易事特,创业板,深市,创业板,801730.SI,电力设备,801733.SI,其他电源设备Ⅱ,其他电源设备Ⅱ,L,20140127,4628,12.67,4.08,0.493,35.417,False,True,True,0,0,0,0,True,
300377.SZ,300377,300377,赢时胜,创业板,深市,创业板,801750.SI,计算机,801104.SI,软件开发,软件开发,L,20140127,4628,12.67,13.43,2.129,11.268,False,True,True,0,0,0,0,True,
300378.SZ,300378,300378,鼎捷数智,创业板,深市,创业板,801750.SI,计算机,801104.SI,软件开发,软件开发,L,20140127,4628,12.67,38.29,0.949,7.937,False,True,True,0,0,0,0,True,
300380.SZ,300380,300380,安硕信息,创业板,深市,创业板,801750.SI,计算机,801104.SI,软件开发,软件开发,L,20140128,4627,12.67,27.75,1.947,12.245,False,True,True,0,0,0,0,True,
300381.SZ,300381,300381,溢多利,创业板,深市,创业板,801150.SI,医药生物,801151.SI,化学制药,化学制药,L,20140128,4627,12.67,5.72,1.06,10.526,False,True,True,0,0,0,0,True,
300382.SZ,300382,300382,斯莱克,创业板,深市,创业板,801890.SI,机械设备,801074.SI,专用设备,专用设备,L,20140129,4626,12.67,14.76,0.476,18.987,False,True,True,0,0,0,0,True,
300383.SZ,300383,300383,光环新网,创业板,深市,创业板,801770.SI,通信,801223.SI,通信服务,通信服务,L,20140129,4626,12.67,10.88,-0.092,16.667,False,True,True,0,0,0,0,True,
300384.SZ,300384,300384,三联虹普,创业板,深市,创业板,801720.SI,建筑装饰,801724.SI,专业工程,专业工程,L,20140801,4442,12.16,11.87,0.423,8.197,False,True,True,0,0,0,0,True,
300385.SZ,300385,300385,ST雪浪,创业板,深市,创业板,801970.SI,环保,801971.SI,环境治理,环境治理,L,20140626,4478,12.26,13.03,0.851,18.75,True,True,True,0,0,0,0,False,ST
300386.SZ,300386,300386,飞天诚信,创业板,深市,创业板,801750.SI,计算机,801101.SI,计算机设备,计算机设备,L,20140626,4478,12.26,10.78,2.083,14.783,False,True,True,0,0,0,0,True,
300387.SZ,300387,300387,富邦科技,创业板,深市,创业板,801030.SI,基础化工,801038.SI,农化制品,农化制品,L,20140702,4472,12.24,7.45,1.361,10.526,False,True,True,0,0,0,0,True,
300388.SZ,300388,300388,节能国祯,创业板,深市,创业板,801970.SI,环保,801971.SI,环境治理,环境治理,L,20140801,4442,12.16,6.67,0.452,23.529,False,True,True,0,0,0,0,True,
300389.SZ,300389,300389,艾比森,创业板,深市,创业板,801080.SI,电子,801084.SI,光学光电子,光学光电子,L,20140801,4442,12.16,12.93,1.332,9.524,False,True,True,0,0,0,0,True,
300390.SZ,300390,300390,天华新能,创业板,深市,创业板,801730.SI,电力设备,801737.SI,电池,电池,L,20140731,4443,12.16,49.05,2.188,23.529,False,True,True,0,0,0,0,True,
300393.SZ,300393,300393,中来股份,创业板,深市,创业板,801730.SI,电力设备,801735.SI,光伏设备,光伏设备,L,20140912,4400,12.05,5.91,1.546,8.197,False,True,True,0,0,0,0,True,
300394.SZ,300394,300394,天孚通信,创业板,深市,创业板,801770.SI,通信,801102.SI,通信设备,通信设备,L,20150217,4242,11.61,255.99,4.571,12.676,False,True,True,0,0,0,0,True,
300395.SZ,300395,300395,菲利华,创业板,深市,创业板,801740.SI,国防军工,801742.SI,航空装备Ⅱ,航空装备Ⅱ,L,20140910,4402,12.05,92.7,4.758,7.937,False,True,True,0,0,0,0,True,
300396.SZ,300396,300396,ST迪瑞,创业板,深市,创业板,801150.SI,医药生物,801153.SI,医疗器械,医疗器械,L,20140910,4402,12.05,7.02,0.429,13.043,True,True,True,0,0,0,0,False,ST
300397.SZ,300397,300397,天和防务,创业板,深市,创业板,801740.SI,国防军工,801745.SI,军工电子Ⅱ,军工电子Ⅱ,L,20140910,4402,12.05,11.24,-0.355,12.069,False,True,True,0,0,0,0,True,
300398.SZ,300398,300398,飞凯材料,创业板,深市,创业板,801080.SI,电子,801086.SI,电子化学品Ⅱ,电子化学品Ⅱ,L,20141009,4373,11.97,34.94,-1.854,11.475,False,True,True,0,0,0,0,True,
300399.SZ,300399,300399,天利科技,创业板,深市,创业板,801750.SI,计算机,801103.SI,IT服务Ⅱ,IT服务Ⅱ,L,20141009,4373,11.97,19.47,2.907,10.101,False,True,True,0,0,0,0,True,
300400.SZ,300400,300400,劲拓股份,创业板,深市,创业板,801890.SI,机械设备,801078.SI,自动化设备,自动化设备,L,20141010,4372,11.97,33.36,0.694,11.299,False,True,True,0,0,0,0,True,
300401.SZ,300401,300401,花园生物,创业板,深市,创业板,801150.SI,医药生物,801151.SI,化学制药,化学制药,L,20141009,4373,11.97,15.33,0.591,11.538,False,True,True,0,0,0,0,True,
300402.SZ,300402,300402,宝色股份,创业板,深市,创业板,801890.SI,机械设备,801072.SI,通用设备,通用设备,L,20141010,4372,11.97,14.59,0.899,13.699,False,True,True,0,0,0,0,True,
300403.SZ,300403,300403,汉宇集团,创业板,深市,创业板,801110.SI,家用电器,801116.SI,家电零部件Ⅱ,家电零部件Ⅱ,L,20141030,4352,11.92,8.7,-0.229,10.87,False,True,True,0,0,0,0,True,
300404.SZ,300404,300404,博济医药,创业板,深市,创业板,801150.SI,医药生物,801156.SI,医疗服务,医疗服务,L,20150424,4176,11.43,14.5,1.897,6.803,False,True,True,0,0,0,0,True,
300405.SZ,300405,300405,科隆股份,创业板,深市,创业板,801030.SI,基础化工,801034.SI,化学制品,化学制品,L,20141030,4352,11.92,5.95,3.299,7.018,False,True,True,0,0,0,0,True,
300406.SZ,300406,300406,九强生物,创业板,深市,创业板,801150.SI,医药生物,801153.SI,医疗器械,医疗器械,L,20141030,4352,11.92,11.77,-0.843,5.263,False,True,True,0,0,0,0,True,
300407.SZ,300407,300407,凯发电气,创业板,深市,创业板,801730.SI,电力设备,801738.SI,电网设备,电网设备,L,20141203,4318,11.82,10.55,1.442,15.517,False,True,True,0,0,0,0,True,
300408.SZ,300408,300408,三环集团,创业板,深市,创业板,801080.SI,电子,801083.SI,元件,元件,L,20141203,4318,11.82,118.63,2.674,16.883,False,True,True,0,0,0,0,True,
300409.SZ,300409,300409,道氏技术,创业板,深市,创业板,801730.SI,电力设备,801737.SI,电池,电池,L,20141203,4318,11.82,16.75,2.698,10.345,False,True,True,0,0,0,0,True,
300410.SZ,300410,300410,正业科技,创业板,深市,创业板,801730.SI,电力设备,801737.SI,电池,电池,L,20141231,4290,11.75,8.82,5.376,5.747,False,True,True,0,0,0,0,True,
300411.SZ,300411,300411,金盾股份,创业板,深市,创业板,801890.SI,机械设备,801074.SI,专用设备,专用设备,L,20141231,4290,11.75,8.45,3.936,9.524,False,True,True,0,0,0,6,True,
300412.SZ,300412,300412,迦南科技,创业板,深市,创业板,801890.SI,机械设备,801074.SI,专用设备,专用设备,L,20141231,4290,11.75,4.56,1.559,8.889,False,True,True,0,0,0,0,True,
300413.SZ,300413,300413,芒果超媒,创业板,深市,创业板,801760.SI,传媒,801767.SI,数字媒体,数字媒体,L,20150121,4269,11.69,19.8,5.544,13.043,False,True,True,0,0,0,0,True,
300414.SZ,300414,300414,中光防雷,创业板,深市,创业板,801770.SI,通信,801102.SI,通信设备,通信设备,L,20150513,4157,11.38,10.65,0.948,6.195,False,True,True,0,0,0,0,True,
300415.SZ,300415,300415,伊之密,创业板,深市,创业板,801890.SI,机械设备,801074.SI,专用设备,专用设备,L,20150123,4267,11.68,18.99,0.957,13.636,False,True,True,0,0,0,0,True,
300416.SZ,300416,300416,苏试试验,创业板,深市,创业板,801210.SI,社会服务,801218.SI,专业服务,专业服务,L,20150122,4268,11.69,13.67,-0.146,8.333,False,True,True,0,0,0,0,True,
300417.SZ,300417,300417,南华仪器,创业板,深市,创业板,801890.SI,机械设备,801072.SI,通用设备,通用设备,L,20150123,4267,11.68,12.24,1.577,9.402,False,True,True,0,0,0,0,True,
300418.SZ,300418,300418,昆仑万维,创业板,深市,创业板,801760.SI,传媒,801764.SI,游戏Ⅱ,游戏Ⅱ,L,20150121,4269,11.69,40.95,1.462,9.589,False,True,True,0,0,0,0,True,
300419.SZ,300419,300419,ST浩丰,创业板,深市,创业板,801750.SI,计算机,801103.SI,IT服务Ⅱ,IT服务Ⅱ,L,20150122,4268,11.69,7.9,5.053,20.93,True,True,True,0,0,0,0,False,ST
300420.SZ,300420,300420,五洋自控,创业板,深市,创业板,801890.SI,机械设备,801072.SI,通用设备,通用设备,L,20150217,4242,11.61,7.4,-0.538,10.256,False,True,True,0,0,0,0,True,
300421.SZ,300421,300421,力星股份,创业板,深市,创业板,801890.SI,机械设备,801072.SI,通用设备,通用设备,L,20150217,4242,11.61,16.9,-1.63,8.929,False,True,True,0,0,0,0,True,
300422.SZ,300422,300422,博世科,创业板,深市,创业板,801970.SI,环保,801971.SI,环境治理,环境治理,L,20150217,4242,11.61,4.13,2.228,14.286,False,True,True,0,0,0,0,True,
300423.SZ,300423,300423,昇辉科技,创业板,深市,创业板,801730.SI,电力设备,801738.SI,电网设备,电网设备,L,20150217,4242,11.61,5.41,1.501,8.772,False,True,True,0,0,0,0,True,
300424.SZ,300424,300424,航新科技,创业板,深市,创业板,801740.SI,国防军工,801742.SI,航空装备Ⅱ,航空装备Ⅱ,L,20150422,4178,11.44,13.09,0.306,11.348,False,True,True,0,0,0,0,True,
300425.SZ,300425,300425,中建环能,创业板,深市,创业板,801970.SI,环保,801971.SI,环境治理,环境治理,L,20150216,4243,11.62,4.07,1.75,7.5,False,True,True,0,0,0,0,True,
300426.SZ,300426,300426,华智数媒,创业板,深市,创业板,801760.SI,传媒,801766.SI,影视院线,影视院线,L,20150217,4242,11.61,7.6,0.662,16.0,False,True,True,0,0,0,0,True,
300427.SZ,300427,300427,红相股份,创业板,深市,创业板,801730.SI,电力设备,801738.SI,电网设备,电网设备,L,20150217,4242,11.61,6.1,0.993,12.308,False,True,True,0,0,0,0,True,
300428.SZ,300428,300428,立中集团,创业板,深市,创业板,801880.SI,汽车,801093.SI,汽车零部件,汽车零部件,L,20150319,4212,11.53,19.25,1.05,12.5,False,True,True,0,0,0,0,True,
300429.SZ,300429,300429,强力新材,创业板,深市,创业板,801080.SI,电子,801086.SI,电子化学品Ⅱ,电子化学品Ⅱ,L,20150324,4207,11.52,10.96,-1.083,7.895,False,True,True,0,0,0,0,True,
300430.SZ,300430,300430,*ST益通,创业板,深市,创业板,801890.SI,机械设备,801072.SI,通用设备,通用设备,L,20150319,4212,11.53,4.33,0.232,12.5,True,True,True,0,0,0,0,False,ST
300432.SZ,300432,300432,富临精工,创业板,深市,创业板,801730.SI,电力设备,801737.SI,电池,电池,L,20150319,4212,11.53,12.81,1.425,21.277,False,True,True,0,0,0,0,True,
300433.SZ,300433,300433,蓝思科技,创业板,深市,创业板,801080.SI,电子,801085.SI,消费电子,消费电子,L,20150318,4213,11.53,31.46,-0.443,15.493,False,True,True,0,0,0,0,True,
300434.SZ,300434,300434,金石亚药,创业板,深市,创业板,801150.SI,医药生物,801151.SI,化学制药,化学制药,L,20150424,4176,11.43,12.39,-1.51,4.0,False,True,True,0,0,0,0,True,
300435.SZ,300435,300435,中泰股份,创业板,深市,创业板,801160.SI,公用事业,801163.SI,燃气Ⅱ,燃气Ⅱ,L,20150326,4205,11.51,15.42,-1.027,8.929,False,True,True,0,0,0,0,True,
300436.SZ,300436,300436,广生堂,创业板,深市,创业板,801150.SI,医药生物,801151.SI,化学制药,化学制药,L,20150422,4178,11.44,82.78,-0.933,12.0,False,True,True,0,0,0,0,True,
300437.SZ,300437,300437,清水源,创业板,深市,创业板,801970.SI,环保,801971.SI,环境治理,环境治理,L,20150423,4177,11.44,10.7,1.711,8.929,False,True,True,0,0,0,0,True,
300438.SZ,300438,300438,鹏辉能源,创业板,深市,创业板,801730.SI,电力设备,801737.SI,电池,电池,L,20150424,4176,11.43,47.63,1.687,24.138,False,True,True,0,0,0,0,True,
300439.SZ,300439,300439,美康生物,创业板,深市,创业板,801150.SI,医药生物,801153.SI,医疗器械,医疗器械,L,20150422,4178,11.44,10.14,-1.649,15.957,False,True,True,0,0,0,0,True,
300440.SZ,300440,300440,运达科技,创业板,深市,创业板,801750.SI,计算机,801103.SI,IT服务Ⅱ,IT服务Ⅱ,L,20150423,4177,11.44,16.41,1.421,14.754,False,True,True,0,0,0,0,True,
300441.SZ,300441,300441,鲍斯股份,创业板,深市,创业板,801890.SI,机械设备,801072.SI,通用设备,通用设备,L,20150423,4177,11.44,7.07,0.856,8.696,False,True,True,0,0,0,0,True,
300442.SZ,300442,300442,润泽科技,创业板,深市,创业板,801770.SI,通信,801223.SI,通信服务,通信服务,L,20150424,4176,11.43,65.76,1.091,16.667,False,True,True,0,0,0,0,True,
300443.SZ,300443,300443,金雷股份,创业板,深市,创业板,801730.SI,电力设备,801736.SI,风电设备,风电设备,L,20150422,4178,11.44,20.88,-0.239,10.714,False,True,True,0,0,0,0,True,
300444.SZ,300444,300444,双杰电气,创业板,深市,创业板,801730.SI,电力设备,801738.SI,电网设备,电网设备,L,20150423,4177,11.44,8.45,0.237,11.111,False,True,True,0,0,0,0,True,
300445.SZ,300445,300445,康斯特,创业板,深市,创业板,801890.SI,机械设备,801072.SI,通用设备,通用设备,L,20150424,4176,11.43,18.75,0.644,8.511,False,True,True,0,0,0,0,True,
300446.SZ,300446,300446,航天智造,创业板,深市,创业板,801880.SI,汽车,801093.SI,汽车零部件,汽车零部件,L,20150423,4177,11.44,12.38,0.0,12.121,False,True,True,0,0,0,0,True,
300447.SZ,300447,300447,全信股份,创业板,深市,创业板,801740.SI,国防军工,801745.SI,军工电子Ⅱ,军工电子Ⅱ,L,20150422,4178,11.44,13.98,1.747,10.714,False,True,True,0,0,0,0,True,
300448.SZ,300448,300448,浩云科技,创业板,深市,创业板,801750.SI,计算机,801103.SI,IT服务Ⅱ,IT服务Ⅱ,L,20150424,4176,11.43,5.51,1.287,10.526,False,True,True,0,0,0,0,True,
300449.SZ,300449,300449,汉邦高科,创业板,深市,创业板,801750.SI,计算机,801101.SI,计算机设备,计算机设备,L,20150422,4178,11.44,6.57,-1.351,10.145,False,True,True,0,0,0,0,True,
300450.SZ,300450,300450,先导智能,创业板,深市,创业板,801730.SI,电力设备,801737.SI,电池,电池,L,20150518,4152,11.37,33.76,8.205,12.195,False,True,True,0,0,0,0,True,
300451.SZ,300451,300451,创业慧康,创业板,深市,创业板,801750.SI,计算机,801104.SI,软件开发,软件开发,L,20150514,4156,11.38,3.51,2.332,8.571,False,True,True,0,0,0,0,True,
300452.SZ,300452,300452,山河药辅,创业板,深市,创业板,801150.SI,医药生物,801151.SI,化学制药,化学制药,L,20150515,4155,11.38,13.13,-0.906,5.426,False,True,True,0,0,0,0,True,
300453.SZ,300453,300453,三鑫医疗,创业板,深市,创业板,801150.SI,医药生物,801153.SI,医疗器械,医疗器械,L,20150515,4155,11.38,9.03,-0.111,8.511,False,True,True,0,0,0,0,True,
300454.SZ,300454,300454,深信服,创业板,深市,创业板,801750.SI,计算机,801104.SI,软件开发,软件开发,L,20180516,3058,8.37,140.7,0.954,13.043,False,True,True,0,0,0,0,True,
300455.SZ,300455,300455,航天智装,创业板,深市,创业板,801750.SI,计算机,801101.SI,计算机设备,计算机设备,L,20150515,4155,11.38,16.4,0.244,34.375,False,True,True,0,0,0,0,True,
300456.SZ,300456,300456,赛微电子,创业板,深市,创业板,801080.SI,电子,801081.SI,半导体,半导体,L,20150514,4156,11.38,36.38,3.795,10.667,False,True,True,0,0,0,0,True,
300457.SZ,300457,300457,赢合科技,创业板,深市,创业板,801730.SI,电力设备,801737.SI,电池,电池,L,20150514,4156,11.38,21.1,4.095,7.547,False,True,True,0,0,0,0,True,
300458.SZ,300458,300458,全志科技,创业板,深市,创业板,801080.SI,电子,801081.SI,半导体,半导体,L,20150515,4155,11.38,32.43,0.496,11.111,False,True,True,0,0,0,0,True,
300459.SZ,300459,300459,汤姆猫,创业板,深市,创业板,801760.SI,传媒,801764.SI,游戏Ⅱ,游戏Ⅱ,L,20150515,4155,11.38,3.53,2.616,8.333,False,True,True,0,0,0,0,True,
300460.SZ,300460,300460,ST惠伦,创业板,深市,创业板,801080.SI,电子,801083.SI,元件,元件,L,20150515,4155,11.38,9.08,1.908,14.773,True,True,True,0,0,0,0,False,ST
300461.SZ,300461,300461,田中精机,创业板,深市,创业板,801890.SI,机械设备,801078.SI,自动化设备,自动化设备,L,20150519,4151,11.36,37.11,5.098,17.442,False,True,True,0,0,0,0,True,
300462.SZ,300462,300462,ST华铭,创业板,深市,创业板,801750.SI,计算机,801101.SI,计算机设备,计算机设备,L,20150527,4143,11.34,11.33,0.622,24.561,True,True,True,0,0,0,0,False,ST
300463.SZ,300463,300463,迈克生物,创业板,深市,创业板,801150.SI,医药生物,801153.SI,医疗器械,医疗器械,L,20150528,4142,11.34,9.33,0.323,9.677,False,True,True,0,0,0,0,True,
300464.SZ,300464,300464,星徽股份,创业板,深市,创业板,801200.SI,商贸零售,801206.SI,互联网电商,互联网电商,L,20150610,4129,11.3,10.63,2.113,14.035,False,True,True,0,0,0,0,True,
300465.SZ,300465,300465,高伟达,创业板,深市,创业板,801750.SI,计算机,801104.SI,软件开发,软件开发,L,20150528,4142,11.34,11.14,2.015,15.0,False,True,True,0,0,0,0,True,
300466.SZ,300466,300466,赛摩智能,创业板,深市,创业板,801890.SI,机械设备,801072.SI,通用设备,通用设备,L,20150528,4142,11.34,7.23,3.138,8.333,False,True,True,0,0,0,0,True,
300467.SZ,300467,300467,迅游科技,创业板,深市,创业板,801760.SI,传媒,801764.SI,游戏Ⅱ,游戏Ⅱ,L,20150527,4143,11.34,32.4,0.279,10.714,False,True,True,0,0,0,0,True,
300468.SZ,300468,300468,四方精创,创业板,深市,创业板,801750.SI,计算机,801104.SI,软件开发,软件开发,L,20150527,4143,11.34,20.72,-0.145,14.159,False,True,True,0,0,0,0,True,
300469.SZ,300469,300469,信息发展,创业板,深市,创业板,801750.SI,计算机,801104.SI,软件开发,软件开发,L,20150611,4128,11.3,49.65,6.912,18.391,False,True,True,0,0,0,0,True,
300470.SZ,300470,300470,中密控股,创业板,深市,创业板,801890.SI,机械设备,801072.SI,通用设备,通用设备,L,20150612,4127,11.3,27.02,-0.148,18.056,False,True,True,0,0,0,0,True,
300471.SZ,300471,300471,厚普股份,创业板,深市,创业板,801890.SI,机械设备,801074.SI,专用设备,专用设备,L,20150611,4128,11.3,9.9,1.434,8.163,False,True,True,0,0,0,0,True,
300472.SZ,300472,300472,ST新元,创业板,深市,创业板,801890.SI,机械设备,801074.SI,专用设备,专用设备,L,20150611,4128,11.3,6.65,-0.15,14.493,True,True,True,2,2,2,2,False,ST、近60日停牌
300473.SZ,300473,300473,德尔股份,创业板,深市,创业板,801880.SI,汽车,801093.SI,汽车零部件,汽车零部件,L,20150612,4127,11.3,38.31,6.21,24.719,False,True,True,0,0,0,0,True,
300474.SZ,300474,300474,景嘉微,创业板,深市,创业板,801740.SI,国防军工,801745.SI,军工电子Ⅱ,军工电子Ⅱ,L,20160331,3834,10.5,51.5,-1.152,9.231,False,True,True,0,0,0,0,True,
300475.SZ,300475,300475,香农芯创,创业板,深市,创业板,801080.SI,电子,801082.SI,其他电子Ⅱ,其他电子Ⅱ,L,20150610,4129,11.3,160.2,0.313,12.963,False,True,True,0,0,0,0,True,
300476.SZ,300476,300476,胜宏科技,创业板,深市,创业板,801080.SI,电子,801083.SI,元件,元件,L,20150611,4128,11.3,216.76,1.527,12.308,False,True,True,0,0,0,0,True,
300477.SZ,300477,300477,ST合纵,创业板,深市,创业板,801730.SI,电力设备,801737.SI,电池,电池,L,20150610,4129,11.3,2.65,0.379,7.692,True,True,True,0,0,0,0,False,ST
300478.SZ,300478,300478,杭州高新,创业板,深市,创业板,801030.SI,基础化工,801036.SI,塑料,塑料,L,20150610,4129,11.3,32.44,-4.476,17.791,False,True,True,0,0,0,0,True,
300479.SZ,300479,300479,神思电子,创业板,深市,创业板,801750.SI,计算机,801101.SI,计算机设备,计算机设备,L,20150612,4127,11.3,14.93,1.358,9.524,False,True,True,0,0,0,0,True,
300480.SZ,300480,300480,光力科技,创业板,深市,创业板,801890.SI,机械设备,801074.SI,专用设备,专用设备,L,20150702,4107,11.24,30.05,0.067,10.256,False,True,True,0,0,0,0,True,
300481.SZ,300481,300481,濮阳惠成,创业板,深市,创业板,801080.SI,电子,801086.SI,电子化学品Ⅱ,电子化学品Ⅱ,L,20150630,4109,11.25,13.52,0.0,8.571,False,True,True,0,0,0,0,True,
300482.SZ,300482,300482,万孚生物,创业板,深市,创业板,801150.SI,医药生物,801153.SI,医疗器械,医疗器械,L,20150630,4109,11.25,16.32,-0.366,10.714,False,True,True,0,0,0,0,True,
300483.SZ,300483,300483,首华燃气,创业板,深市,创业板,801160.SI,公用事业,801163.SI,燃气Ⅱ,燃气Ⅱ,L,20150630,4109,11.25,22.77,-0.828,13.223,False,True,True,0,0,0,0,True,
300484.SZ,300484,300484,蓝海华腾,创业板,深市,创业板,801890.SI,机械设备,801078.SI,自动化设备,自动化设备,L,20160322,3843,10.52,13.12,1.784,10.078,False,True,True,0,0,0,0,True,
300485.SZ,300485,300485,赛升药业,创业板,深市,创业板,801150.SI,医药生物,801152.SI,生物制品,生物制品,L,20150626,4113,11.26,8.47,-0.118,15.909,False,True,True,0,0,0,0,True,
300486.SZ,300486,300486,东杰智能,创业板,深市,创业板,801890.SI,机械设备,801078.SI,自动化设备,自动化设备,L,20150630,4109,11.25,17.37,1.937,20.652,False,True,True,0,0,0,0,True,
300487.SZ,300487,300487,蓝晓科技,创业板,深市,创业板,801030.SI,基础化工,801036.SI,塑料,塑料,L,20150702,4107,11.24,66.95,0.105,12.048,False,True,True,0,0,0,0,True,
300488.SZ,300488,300488,恒锋工具,创业板,深市,创业板,801890.SI,机械设备,801072.SI,通用设备,通用设备,L,20150701,4108,11.25,36.04,-1.341,16.667,False,True,True,0,0,0,0,True,
300489.SZ,300489,300489,光智科技,创业板,深市,创业板,801080.SI,电子,801084.SI,光学光电子,光学光电子,L,20150701,4108,11.25,256.9,-0.388,18.898,False,True,True,0,0,0,0,True,
300490.SZ,300490,300490,华自科技,创业板,深市,创业板,801730.SI,电力设备,801737.SI,电池,电池,L,20151231,3925,10.75,10.65,4.823,9.174,False,True,True,0,0,0,0,True,
300491.SZ,300491,300491,通合科技,创业板,深市,创业板,801730.SI,电力设备,801733.SI,其他电源设备Ⅱ,其他电源设备Ⅱ,L,20151231,3925,10.75,35.59,2.594,10.929,False,True,True,0,0,0,0,True,
300492.SZ,300492,300492,华图山鼎,创业板,深市,创业板,801720.SI,建筑装饰,801726.SI,工程咨询服务Ⅱ,工程咨询服务Ⅱ,L,20151223,3933,10.77,20.61,-0.145,22.222,False,True,True,0,0,0,0,True,
300493.SZ,300493,300493,润欣科技,创业板,深市,创业板,801080.SI,电子,801082.SI,其他电子Ⅱ,其他电子Ⅱ,L,20151210,3946,10.8,12.89,1.257,7.812,False,True,True,0,0,0,0,True,
300494.SZ,300494,300494,盛天网络,创业板,深市,创业板,801760.SI,传媒,801764.SI,游戏Ⅱ,游戏Ⅱ,L,20151231,3925,10.75,7.98,2.308,10.843,False,True,True,0,0,0,0,True,
300496.SZ,300496,300496,中科创达,创业板,深市,创业板,801750.SI,计算机,801103.SI,IT服务Ⅱ,IT服务Ⅱ,L,20151210,3946,10.8,53.24,0.056,11.111,False,True,True,0,0,0,0,True,
300497.SZ,300497,300497,富祥股份,创业板,深市,创业板,801150.SI,医药生物,801151.SI,化学制药,化学制药,L,20151222,3934,10.77,17.61,0.686,17.172,False,True,True,0,0,0,0,True,
300498.SZ,300498,300498,温氏股份,创业板,深市,创业板,801010.SI,农林牧渔,801017.SI,养殖业,养殖业,L,20151102,3984,10.91,15.08,1.14,21.127,False,True,True,0,0,0,0,True,
300499.SZ,300499,300499,高澜股份,创业板,深市,创业板,801890.SI,机械设备,801074.SI,专用设备,专用设备,L,20160202,3892,10.66,33.48,-0.06,10.929,False,True,True,0,0,0,0,True,
300500.SZ,300500,300500,启迪设计,创业板,深市,创业板,801720.SI,建筑装饰,801726.SI,工程咨询服务Ⅱ,工程咨询服务Ⅱ,L,20160204,3890,10.65,10.01,2.983,9.375,False,True,True,0,0,0,0,True,
300501.SZ,300501,300501,海顺新材,创业板,深市,创业板,801140.SI,轻工制造,801141.SI,包装印刷,包装印刷,L,20160204,3890,10.65,10.9,4.306,14.851,False,True,True,0,0,0,0,True,
300502.SZ,300502,300502,新易盛,创业板,深市,创业板,801770.SI,通信,801102.SI,通信设备,通信设备,L,20160303,3862,10.57,392.91,-1.699,14.167,False,True,True,0,0,0,0,True,
300503.SZ,300503,300503,昊志机电,创业板,深市,创业板,801890.SI,机械设备,801072.SI,通用设备,通用设备,L,20160309,3856,10.56,61.5,-0.501,7.273,False,True,True,0,0,0,0,True,
300504.SZ,300504,300504,天邑股份,创业板,深市,创业板,801770.SI,通信,801102.SI,通信设备,通信设备,L,20180330,3105,8.5,17.44,0.693,13.636,False,True,True,0,0,0,0,True,
300505.SZ,300505,300505,川金诺,创业板,深市,创业板,801030.SI,基础化工,801038.SI,农化制品,农化制品,L,20160315,3850,10.54,18.43,-2.744,12.105,False,True,True,0,0,0,0,True,
300506.SZ,300506,300506,名家汇,创业板,深市,创业板,801720.SI,建筑装饰,801722.SI,装修装饰Ⅱ,装修装饰Ⅱ,L,20160324,3841,10.52,4.7,0.0,12.0,False,True,True,0,0,0,2,True,
300507.SZ,300507,300507,苏奥传感,创业板,深市,创业板,801880.SI,汽车,801093.SI,汽车零部件,汽车零部件,L,20160429,3805,10.42,6.29,0.319,19.697,False,True,True,0,0,0,0,True,
300508.SZ,300508,300508,维宏股份,创业板,深市,创业板,801750.SI,计算机,801101.SI,计算机设备,计算机设备,L,20160419,3815,10.44,36.81,-0.942,17.722,False,True,True,0,0,0,0,True,
300509.SZ,300509,300509,新美星,创业板,深市,创业板,801890.SI,机械设备,801074.SI,专用设备,专用设备,L,20160425,3809,10.43,9.03,1.007,7.955,False,True,True,0,0,0,0,True,
300510.SZ,300510,300510,金冠股份,创业板,深市,创业板,801730.SI,电力设备,801738.SI,电网设备,电网设备,L,20160506,3798,10.4,3.48,2.655,5.882,False,True,True,0,0,0,0,True,
300511.SZ,300511,300511,雪榕生物,创业板,深市,创业板,801010.SI,农林牧渔,801016.SI,种植业,种植业,L,20160504,3800,10.4,4.75,0.0,16.0,False,True,True,0,0,0,0,True,
300512.SZ,300512,300512,中亚股份,创业板,深市,创业板,801890.SI,机械设备,801074.SI,专用设备,专用设备,L,20160526,3778,10.34,7.54,1.617,12.5,False,True,True,0,0,0,0,True,
300513.SZ,300513,300513,恒实科技,创业板,深市,创业板,801770.SI,通信,801223.SI,通信服务,通信服务,L,20160530,3774,10.33,7.48,1.907,10.959,False,True,True,0,0,0,0,True,
300514.SZ,300514,300514,友讯达,创业板,深市,创业板,801730.SI,电力设备,801738.SI,电网设备,电网设备,L,20170426,3443,9.43,10.23,1.187,14.583,False,True,True,0,0,0,0,True,
300515.SZ,300515,300515,三德科技,创业板,深市,创业板,801890.SI,机械设备,801072.SI,通用设备,通用设备,L,20160608,3765,10.31,16.25,-0.49,10.0,False,True,True,0,0,0,0,True,
300516.SZ,300516,300516,久之洋,创业板,深市,创业板,801080.SI,电子,801082.SI,其他电子Ⅱ,其他电子Ⅱ,L,20160602,3771,10.32,34.04,0.118,13.953,False,True,True,0,0,0,0,True,
300517.SZ,300517,300517,海波重科,创业板,深市,创业板,801720.SI,建筑装饰,801724.SI,专业工程,专业工程,L,20160719,3724,10.2,11.41,-0.175,10.345,False,True,True,0,0,0,0,True,
300518.SZ,300518,300518,新迅达,创业板,深市,创业板,801200.SI,商贸零售,801206.SI,互联网电商,互联网电商,L,20160624,3749,10.26,26.66,3.373,9.524,False,True,True,0,0,0,0,True,
300519.SZ,300519,300519,新光药业,创业板,深市,创业板,801150.SI,医药生物,801155.SI,中药Ⅱ,中药Ⅱ,L,20160624,3749,10.26,14.78,0.887,6.897,False,True,True,0,0,0,0,True,
300520.SZ,300520,300520,科大国创,创业板,深市,创业板,801750.SI,计算机,801104.SI,软件开发,软件开发,L,20160708,3735,10.23,22.94,1.594,10.833,False,True,True,0,0,0,0,True,
300521.SZ,300521,300521,爱司凯,创业板,深市,创业板,801890.SI,机械设备,801074.SI,专用设备,专用设备,L,20160705,3738,10.23,24.36,1.415,10.204,False,True,True,0,0,0,0,True,
300522.SZ,300522,300522,世名科技,创业板,深市,创业板,801030.SI,基础化工,801034.SI,化学制品,化学制品,L,20160705,3738,10.23,14.63,3.465,8.054,False,True,True,0,0,0,0,True,
300523.SZ,300523,300523,辰安科技,创业板,深市,创业板,801750.SI,计算机,801103.SI,IT服务Ⅱ,IT服务Ⅱ,L,20160726,3717,10.18,23.2,6.081,14.286,False,True,True,0,0,0,0,True,
300525.SZ,300525,300525,博思软件,创业板,深市,创业板,801750.SI,计算机,801104.SI,软件开发,软件开发,L,20160726,3717,10.18,7.78,1.302,17.073,False,True,True,0,0,0,0,True,
300527.SZ,300527,300527,中船应急,创业板,深市,创业板,801740.SI,国防军工,801743.SI,地面兵装Ⅱ,地面兵装Ⅱ,L,20160805,3707,10.15,,,,False,True,False,1,1,1,1,False,近60日停牌、无最新行情
300528.SZ,300528,300528,幸福蓝海,创业板,深市,创业板,801760.SI,传媒,801766.SI,影视院线,影视院线,L,20160808,3704,10.14,13.49,1.124,5.714,False,True,True,0,0,0,0,True,
300529.SZ,300529,300529,健帆生物,创业板,深市,创业板,801150.SI,医药生物,801153.SI,医疗器械,医疗器械,L,20160802,3710,10.16,14.93,-0.467,16.667,False,True,True,0,0,0,0,True,
300530.SZ,300530,300530,领湃科技,创业板,深市,创业板,801030.SI,基础化工,801034.SI,化学制品,化学制品,L,20160809,3703,10.14,19.41,4.019,14.286,False,True,True,0,0,0,0,True,
300531.SZ,300531,300531,优博讯,创业板,深市,创业板,801750.SI,计算机,801101.SI,计算机设备,计算机设备,L,20160809,3703,10.14,15.19,1.946,11.656,False,True,True,0,0,0,0,True,
300532.SZ,300532,300532,今天国际,创业板,深市,创业板,801750.SI,计算机,801103.SI,IT服务Ⅱ,IT服务Ⅱ,L,20160818,3694,10.11,7.43,0.951,8.451,False,True,True,0,0,0,0,True,
300533.SZ,300533,300533,冰川网络,创业板,深市,创业板,801760.SI,传媒,801764.SI,游戏Ⅱ,游戏Ⅱ,L,20160818,3694,10.11,13.87,1.612,12.162,False,True,True,0,0,0,0,True,
300534.SZ,300534,300534,陇神戎发,创业板,深市,创业板,801150.SI,医药生物,801155.SI,中药Ⅱ,中药Ⅱ,L,20160913,3668,10.04,12.63,-2.846,10.37,False,True,True,0,0,0,0,True,
300535.SZ,300535,300535,达威股份,创业板,深市,创业板,801030.SI,基础化工,801034.SI,化学制品,化学制品,L,20160812,3700,10.13,15.94,1.853,10.127,False,True,True,0,0,0,0,True,
300536.SZ,300536,300536,农尚环境,创业板,深市,创业板,801720.SI,建筑装饰,801723.SI,基础建设,基础建设,L,20160920,3661,10.02,8.1,-0.857,9.091,False,True,True,0,0,0,0,True,
300537.SZ,300537,300537,广信材料,创业板,深市,创业板,801080.SI,电子,801086.SI,电子化学品Ⅱ,电子化学品Ⅱ,L,20160830,3682,10.08,20.32,-0.294,7.477,False,True,True,0,0,0,0,True,
300538.SZ,300538,300538,同益股份,创业板,深市,创业板,801030.SI,基础化工,801036.SI,塑料,塑料,L,20160826,3686,10.09,14.46,1.048,7.947,False,True,True,0,0,0,0,True,
300539.SZ,300539,300539,横河精密,创业板,深市,创业板,801030.SI,基础化工,801036.SI,塑料,塑料,L,20160830,3682,10.08,17.53,0.805,8.889,False,True,True,0,0,0,0,True,
300540.SZ,300540,300540,蜀道装备,创业板,深市,创业板,801890.SI,机械设备,801074.SI,专用设备,专用设备,L,20160823,3689,10.1,25.07,-1.299,7.778,False,True,True,0,0,0,0,True,
300541.SZ,300541,300541,先进数通,创业板,深市,创业板,801750.SI,计算机,801103.SI,IT服务Ⅱ,IT服务Ⅱ,L,20160913,3668,10.04,9.36,1.189,12.121,False,True,True,0,0,0,0,True,
300542.SZ,300542,300542,新晨科技,创业板,深市,创业板,801750.SI,计算机,801104.SI,软件开发,软件开发,L,20160920,3661,10.02,12.35,1.064,9.375,False,True,True,0,0,0,0,True,
300543.SZ,300543,300543,朗科智能,创业板,深市,创业板,801110.SI,家用电器,801116.SI,家电零部件Ⅱ,家电零部件Ⅱ,L,20160908,3673,10.06,7.92,1.538,7.792,False,True,True,0,0,0,0,True,
300545.SZ,300545,300545,联得装备,创业板,深市,创业板,801080.SI,电子,801084.SI,光学光电子,光学光电子,L,20160928,3653,10.0,26.88,0.561,10.638,False,True,True,0,0,0,0,True,
300546.SZ,300546,300546,雄帝科技,创业板,深市,创业板,801750.SI,计算机,801101.SI,计算机设备,计算机设备,L,20160928,3653,10.0,16.78,1.882,11.628,False,True,True,0,0,0,0,True,
300547.SZ,300547,300547,川环科技,创业板,深市,创业板,801880.SI,汽车,801093.SI,汽车零部件,汽车零部件,L,20160930,3651,10.0,23.72,0.211,11.765,False,True,True,0,0,0,0,True,
300548.SZ,300548,300548,长芯博创,创业板,深市,创业板,801770.SI,通信,801102.SI,通信设备,通信设备,L,20161012,3639,9.96,218.03,2.357,17.5,False,True,True,0,0,0,0,True,
300549.SZ,300549,300549,优德精密,创业板,深市,创业板,801890.SI,机械设备,801074.SI,专用设备,专用设备,L,20160930,3651,10.0,15.15,1.746,11.111,False,True,True,0,0,0,0,True,
300550.SZ,300550,300550,和仁科技,创业板,深市,创业板,801750.SI,计算机,801104.SI,软件开发,软件开发,L,20161018,3633,9.95,14.02,1.154,17.391,False,True,True,0,0,0,6,True,
300551.SZ,300551,300551,古鳌科技,创业板,深市,创业板,801750.SI,计算机,801101.SI,计算机设备,计算机设备,L,20161018,3633,9.95,11.91,2.85,10.526,False,True,True,0,0,0,0,True,
300552.SZ,300552,300552,万集科技,创业板,深市,创业板,801750.SI,计算机,801101.SI,计算机设备,计算机设备,L,20161021,3630,9.94,20.15,2.492,10.476,False,True,True,0,0,0,0,True,
300553.SZ,300553,300553,集智股份,创业板,深市,创业板,801890.SI,机械设备,801072.SI,通用设备,通用设备,L,20161021,3630,9.94,59.55,-0.568,21.154,False,True,True,0,0,0,0,True,
300554.SZ,300554,300554,三超新材,创业板,深市,创业板,801890.SI,机械设备,801072.SI,通用设备,通用设备,L,20170421,3448,9.44,22.96,-0.864,12.987,False,True,True,0,0,0,0,True,
300555.SZ,300555,300555,ST路通,创业板,深市,创业板,801770.SI,通信,801102.SI,通信设备,通信设备,L,20161018,3633,9.95,12.18,-0.082,13.178,True,True,True,0,0,0,0,False,ST
300556.SZ,300556,300556,丝路视觉,创业板,深市,创业板,801750.SI,计算机,801104.SI,软件开发,软件开发,L,20161104,3616,9.9,16.17,2.148,8.125,False,True,True,0,0,0,0,True,
300557.SZ,300557,300557,理工光科,创业板,深市,创业板,801890.SI,机械设备,801072.SI,通用设备,通用设备,L,20161101,3619,9.91,24.14,1.173,11.628,False,True,True,0,0,0,0,True,
300558.SZ,300558,300558,贝达药业,创业板,深市,创业板,801150.SI,医药生物,801151.SI,化学制药,化学制药,L,20161107,3613,9.89,48.96,2.62,18.31,False,True,True,0,0,0,0,True,
300559.SZ,300559,300559,佳发教育,创业板,深市,创业板,801750.SI,计算机,801104.SI,软件开发,软件开发,L,20161101,3619,9.91,12.82,1.184,16.393,False,True,True,0,0,0,0,True,
300560.SZ,300560,300560,中富通,创业板,深市,创业板,801770.SI,通信,801223.SI,通信服务,通信服务,L,20161101,3619,9.91,16.13,1.319,13.483,False,True,True,0,0,0,0,True,
300561.SZ,300561,300561,汇金科技,创业板,深市,创业板,801750.SI,计算机,801104.SI,软件开发,软件开发,L,20161117,3603,9.86,14.37,0.139,10.39,False,True,True,0,0,0,2,True,
300562.SZ,300562,300562,乐心股份,创业板,深市,创业板,801150.SI,医药生物,801153.SI,医疗器械,医疗器械,L,20161116,3604,9.87,15.47,-3.554,9.357,False,True,True,0,0,0,0,True,
300563.SZ,300563,300563,神宇股份,创业板,深市,创业板,801770.SI,通信,801102.SI,通信设备,通信设备,L,20161114,3606,9.87,24.46,1.452,11.852,False,True,True,0,0,0,0,True,
300564.SZ,300564,300564,筑博设计,创业板,深市,创业板,801720.SI,建筑装饰,801726.SI,工程咨询服务Ⅱ,工程咨询服务Ⅱ,L,20191108,2517,6.89,12.63,1.446,8.065,False,True,True,0,0,0,0,True,
300565.SZ,300565,300565,科信技术,创业板,深市,创业板,801770.SI,通信,801102.SI,通信设备,通信设备,L,20161122,3598,9.85,9.82,2.505,5.051,False,True,True,0,0,0,0,True,
300566.SZ,300566,300566,激智科技,创业板,深市,创业板,801080.SI,电子,801084.SI,光学光电子,光学光电子,L,20161115,3605,9.87,23.97,-1.236,10.769,False,True,True,0,0,0,0,True,
300567.SZ,300567,300567,精测电子,创业板,深市,创业板,801890.SI,机械设备,801072.SI,通用设备,通用设备,L,20161122,3598,9.85,197.1,1.519,13.924,False,True,True,0,0,6,6,False,近60日停牌
300568.SZ,300568,300568,星源材质,创业板,深市,创业板,801730.SI,电力设备,801737.SI,电池,电池,L,20161201,3589,9.83,16.01,-0.682,15.0,False,True,True,0,0,0,0,True,
300569.SZ,300569,300569,天能重工,创业板,深市,创业板,801730.SI,电力设备,801736.SI,风电设备,风电设备,L,20161125,3595,9.84,5.36,-2.546,14.0,False,True,True,0,0,0,0,True,
300570.SZ,300570,300570,太辰光,创业板,深市,创业板,801770.SI,通信,801102.SI,通信设备,通信设备,L,20161206,3584,9.81,216.2,6.834,12.5,False,True,True,0,0,0,0,True,
300571.SZ,300571,300571,平治信息,创业板,深市,创业板,801770.SI,通信,801223.SI,通信服务,通信服务,L,20161213,3577,9.79,27.8,1.201,7.534,False,True,True,0,0,0,0,True,
300572.SZ,300572,300572,安车检测,创业板,深市,创业板,801210.SI,社会服务,801218.SI,专业服务,专业服务,L,20161206,3584,9.81,23.58,1.638,20.0,False,True,True,0,0,0,0,True,
300573.SZ,300573,300573,兴齐眼药,创业板,深市,创业板,801150.SI,医药生物,801151.SI,化学制药,化学制药,L,20161208,3582,9.81,35.69,0.309,15.789,False,True,True,0,0,0,0,True,
300575.SZ,300575,300575,中旗股份,创业板,深市,创业板,801030.SI,基础化工,801038.SI,农化制品,农化制品,L,20161220,3570,9.77,6.1,0.329,4.918,False,True,True,0,0,0,0,True,
300576.SZ,300576,300576,容大感光,创业板,深市,创业板,801080.SI,电子,801086.SI,电子化学品Ⅱ,电子化学品Ⅱ,L,20161220,3570,9.77,27.5,-0.542,8.108,False,True,True,0,0,0,0,True,
300577.SZ,300577,300577,开润股份,创业板,深市,创业板,801130.SI,纺织服饰,801132.SI,服装家纺,服装家纺,L,20161221,3569,9.77,18.65,-0.533,12.5,False,True,True,0,0,0,0,True,
300578.SZ,300578,300578,会畅科技,创业板,深市,创业板,801770.SI,通信,801223.SI,通信服务,通信服务,L,20170125,3534,9.68,15.38,0.985,8.974,False,True,True,0,0,0,0,True,
300579.SZ,300579,300579,数字认证,创业板,深市,创业板,801750.SI,计算机,801104.SI,软件开发,软件开发,L,20161223,3567,9.77,23.85,0.888,8.621,False,True,True,0,0,0,0,True,
300580.SZ,300580,300580,贝斯特,创业板,深市,创业板,801880.SI,汽车,801093.SI,汽车零部件,汽车零部件,L,20170111,3548,9.71,17.94,-0.884,18.182,False,True,True,0,0,0,0,True,
300581.SZ,300581,300581,晨曦航空,创业板,深市,创业板,801740.SI,国防军工,801742.SI,航空装备Ⅱ,航空装备Ⅱ,L,20161220,3570,9.77,10.03,1.109,11.538,False,True,True,0,0,0,0,True,
300582.SZ,300582,300582,英飞特,创业板,深市,创业板,801080.SI,电子,801084.SI,光学光电子,光学光电子,L,20161228,3562,9.75,10.6,1.145,14.545,False,True,True,0,0,0,0,True,
300583.SZ,300583,300583,赛托生物,创业板,深市,创业板,801150.SI,医药生物,801151.SI,化学制药,化学制药,L,20170106,3553,9.73,13.59,0.592,13.333,False,True,True,0,0,0,0,True,
300584.SZ,300584,300584,海辰药业,创业板,深市,创业板,801150.SI,医药生物,801151.SI,化学制药,化学制药,L,20170112,3547,9.71,30.7,3.332,9.615,False,True,True,0,0,0,0,True,
300585.SZ,300585,300585,奥联电子,创业板,深市,创业板,801880.SI,汽车,801093.SI,汽车零部件,汽车零部件,L,20161229,3561,9.75,14.03,1.446,16.456,False,True,True,4,4,4,4,False,近60日停牌
300586.SZ,300586,300586,美联新材,创业板,深市,创业板,801030.SI,基础化工,801036.SI,塑料,塑料,L,20170104,3555,9.73,8.82,2.083,8.511,False,True,True,0,0,0,0,True,
300587.SZ,300587,300587,天铁科技,创业板,深市,创业板,801030.SI,基础化工,801037.SI,橡胶,橡胶,L,20170105,3554,9.73,4.49,1.814,12.245,False,True,True,0,0,0,0,True,
300588.SZ,300588,300588,熙菱信息,创业板,深市,创业板,801750.SI,计算机,801101.SI,计算机设备,计算机设备,L,20170105,3554,9.73,21.02,-0.615,14.865,False,True,True,0,0,0,0,True,
300589.SZ,300589,300589,江龙船艇,创业板,深市,创业板,801740.SI,国防军工,801744.SI,航海装备Ⅱ,航海装备Ⅱ,L,20170113,3546,9.71,13.81,4.621,6.569,False,True,True,0,0,0,0,True,
300590.SZ,300590,300590,移为通信,创业板,深市,创业板,801770.SI,通信,801102.SI,通信设备,通信设备,L,20170111,3548,9.71,11.24,1.17,5.31,False,True,True,0,0,0,0,True,
300591.SZ,300591,300591,万里马,创业板,深市,创业板,801130.SI,纺织服饰,801132.SI,服装家纺,服装家纺,L,20170110,3549,9.72,6.17,-3.292,14.925,False,True,True,0,0,0,0,True,
300592.SZ,300592,300592,华凯易佰,创业板,深市,创业板,801200.SI,商贸零售,801206.SI,互联网电商,互联网电商,L,20170120,3539,9.69,19.3,0.26,22.449,False,True,True,0,0,0,0,True,
300593.SZ,300593,300593,新雷能,创业板,深市,创业板,801730.SI,电力设备,801733.SI,其他电源设备Ⅱ,其他电源设备Ⅱ,L,20170113,3546,9.71,29.7,-1.099,11.801,False,True,True,0,0,0,0,True,
300594.SZ,300594,300594,ST朗进,创业板,深市,创业板,801890.SI,机械设备,801076.SI,轨交设备Ⅱ,轨交设备Ⅱ,L,20190621,2657,7.27,15.33,1.188,10.811,True,True,True,0,0,0,0,False,ST
300595.SZ,300595,300595,欧普康视,创业板,深市,创业板,801150.SI,医药生物,801153.SI,医疗器械,医疗器械,L,20170117,3542,9.7,9.99,-0.299,23.077,False,True,True,0,0,0,0,True,
300596.SZ,300596,300596,利安隆,创业板,深市,创业板,801030.SI,基础化工,801034.SI,化学制品,化学制品,L,20170119,3540,9.69,38.98,-0.663,13.253,False,True,True,0,0,0,0,True,
300597.SZ,300597,300597,吉大通信,创业板,深市,创业板,801770.SI,通信,801223.SI,通信服务,通信服务,L,20170123,3536,9.68,8.08,1.892,15.385,False,True,True,0,0,0,0,True,
300598.SZ,300598,300598,诚迈科技,创业板,深市,创业板,801750.SI,计算机,801104.SI,软件开发,软件开发,L,20170120,3539,9.69,30.53,0.0,12.381,False,True,True,0,0,0,0,True,
300599.SZ,300599,300599,雄塑科技,创业板,深市,创业板,801710.SI,建筑材料,801713.SI,装修建材,装修建材,L,20170123,3536,9.68,13.98,-5.156,22.695,False,True,True,0,0,0,0,True,
300600.SZ,300600,300600,国瑞科技,创业板,深市,创业板,801740.SI,国防军工,801744.SI,航海装备Ⅱ,航海装备Ⅱ,L,20170125,3534,9.68,10.24,1.386,11.321,False,True,True,0,0,0,0,True,
300601.SZ,300601,300601,康泰生物,创业板,深市,创业板,801150.SI,医药生物,801152.SI,生物制品,生物制品,L,20170207,3521,9.64,12.79,-0.544,10.0,False,True,True,0,0,0,0,True,
300602.SZ,300602,300602,飞荣达,创业板,深市,创业板,801080.SI,电子,801085.SI,消费电子,消费电子,L,20170126,3533,9.67,35.77,1.706,16.495,False,True,True,0,0,0,0,True,
300603.SZ,300603,300603,立昂技术,创业板,深市,创业板,801770.SI,通信,801223.SI,通信服务,通信服务,L,20170126,3533,9.67,7.92,1.279,6.173,False,True,True,0,0,0,0,True,
300604.SZ,300604,300604,长川科技,创业板,深市,创业板,801080.SI,电子,801081.SI,半导体,半导体,L,20170417,3452,9.45,247.89,-0.418,10.49,False,True,True,0,0,0,0,True,
300605.SZ,300605,300605,恒锋信息,创业板,深市,创业板,801750.SI,计算机,801104.SI,软件开发,软件开发,L,20170208,3520,9.64,10.63,2.015,5.825,False,True,True,0,0,0,0,True,
300606.SZ,300606,300606,金太阳,创业板,深市,创业板,801890.SI,机械设备,801072.SI,通用设备,通用设备,L,20170208,3520,9.64,33.0,0.733,13.966,False,True,True,0,0,0,0,True,
300607.SZ,300607,300607,拓斯达,创业板,深市,创业板,801890.SI,机械设备,801078.SI,自动化设备,自动化设备,L,20170209,3519,9.63,30.62,0.065,14.545,False,True,True,0,0,0,0,True,
300608.SZ,300608,300608,思特奇,创业板,深市,创业板,801750.SI,计算机,801104.SI,软件开发,软件开发,L,20170213,3515,9.62,9.89,2.275,6.0,False,True,True,0,0,0,0,True,
300609.SZ,300609,300609,汇纳科技,创业板,深市,创业板,801750.SI,计算机,801103.SI,IT服务Ⅱ,IT服务Ⅱ,L,20170215,3513,9.62,24.1,0.837,9.756,False,True,True,0,0,0,0,True,
300610.SZ,300610,300610,晨化股份,创业板,深市,创业板,801030.SI,基础化工,801034.SI,化学制品,化学制品,L,20170213,3515,9.62,10.39,0.972,8.738,False,True,True,0,0,0,0,True,
300611.SZ,300611,300611,美力科技,创业板,深市,创业板,801880.SI,汽车,801093.SI,汽车零部件,汽车零部件,L,20170220,3508,9.6,27.79,2.395,13.636,False,True,True,0,0,0,0,True,
300612.SZ,300612,300612,宣亚国际,创业板,深市,创业板,801760.SI,传媒,801765.SI,广告营销,广告营销,L,20170215,3513,9.62,12.43,3.67,7.377,False,True,True,0,0,0,0,True,
300613.SZ,300613,300613,富瀚微,创业板,深市,创业板,801080.SI,电子,801081.SI,半导体,半导体,L,20170220,3508,9.6,82.52,0.585,17.568,False,True,True,0,0,0,0,True,
300614.SZ,300614,300614,百川畅银,创业板,深市,创业板,801970.SI,环保,801971.SI,环境治理,环境治理,L,20210525,1953,5.35,10.53,2.233,11.765,False,True,True,0,0,0,0,True,
300615.SZ,300615,300615,欣天科技,创业板,深市,创业板,801770.SI,通信,801102.SI,通信设备,通信设备,L,20170215,3513,9.62,13.27,0.454,10.072,False,True,True,0,0,6,6,False,近60日停牌
300616.SZ,300616,300616,尚品宅配,创业板,深市,创业板,801140.SI,轻工制造,801142.SI,家居用品,家居用品,L,20170307,3493,9.56,10.88,3.521,9.346,False,True,True,0,0,0,0,True,
300617.SZ,300617,300617,安靠智电,创业板,深市,创业板,801730.SI,电力设备,801738.SI,电网设备,电网设备,L,20170228,3500,9.58,34.54,0.906,20.0,False,True,True,0,0,0,0,True,
300618.SZ,300618,300618,寒锐钴业,创业板,深市,创业板,801050.SI,有色金属,801056.SI,能源金属,能源金属,L,20170306,3494,9.57,30.41,0.662,16.667,False,True,True,0,0,0,0,True,
300619.SZ,300619,300619,金银河,创业板,深市,创业板,801730.SI,电力设备,801737.SI,电池,电池,L,20170301,3499,9.58,24.0,2.345,11.45,False,True,True,0,0,0,0,True,
300620.SZ,300620,300620,光库科技,创业板,深市,创业板,801770.SI,通信,801102.SI,通信设备,通信设备,L,20170310,3490,9.56,261.03,2.256,11.628,False,True,True,0,0,0,0,True,
300621.SZ,300621,300621,维业股份,创业板,深市,创业板,801720.SI,建筑装饰,801722.SI,装修装饰Ⅱ,装修装饰Ⅱ,L,20170316,3484,9.54,7.27,3.267,11.268,False,True,True,0,0,0,0,True,
300622.SZ,300622,300622,博士眼镜,创业板,深市,创业板,801200.SI,商贸零售,801204.SI,专业连锁Ⅱ,专业连锁Ⅱ,L,20170315,3485,9.54,14.8,0.407,9.091,False,True,True,0,0,0,0,True,
300623.SZ,300623,300623,捷捷微电,创业板,深市,创业板,801080.SI,电子,801081.SI,半导体,半导体,L,20170314,3486,9.54,32.85,-0.605,19.481,False,True,True,0,0,0,0,True,
300624.SZ,300624,300624,万兴科技,创业板,深市,创业板,801750.SI,计算机,801104.SI,软件开发,软件开发,L,20180118,3176,8.7,49.2,4.748,14.035,False,True,True,0,0,0,0,True,
300625.SZ,300625,300625,三雄极光,创业板,深市,创业板,801110.SI,家用电器,801115.SI,照明设备Ⅱ,照明设备Ⅱ,L,20170317,3483,9.54,10.14,2.012,8.333,False,True,True,0,0,0,0,True,
300626.SZ,300626,300626,华瑞股份,创业板,深市,创业板,801730.SI,电力设备,801731.SI,电机Ⅱ,电机Ⅱ,L,20170320,3480,9.53,29.77,3.837,12.676,False,True,True,0,0,0,0,True,
300627.SZ,300627,300627,华测导航,创业板,深市,创业板,801770.SI,通信,801102.SI,通信设备,通信设备,L,20170321,3479,9.52,26.25,0.923,8.571,False,True,True,0,0,0,0,True,
300628.SZ,300628,300628,亿联网络,创业板,深市,创业板,801770.SI,通信,801102.SI,通信设备,通信设备,L,20170317,3483,9.54,39.96,-2.774,12.658,False,True,True,0,0,0,0,True,
300629.SZ,300629,300629,新劲刚,创业板,深市,创业板,801740.SI,国防军工,801745.SI,军工电子Ⅱ,军工电子Ⅱ,L,20170324,3476,9.52,18.03,-2.541,6.667,False,True,True,0,0,0,0,True,
300631.SZ,300631,300631,久吾高科,创业板,深市,创业板,801970.SI,环保,801972.SI,环保设备Ⅱ,环保设备Ⅱ,L,20170323,3477,9.52,21.43,2.831,14.085,False,True,True,0,0,0,0,True,
300632.SZ,300632,300632,光莆股份,创业板,深市,创业板,801080.SI,电子,801084.SI,光学光电子,光学光电子,L,20170406,3463,9.48,18.23,2.186,8.421,False,True,True,0,0,0,0,True,
300633.SZ,300633,300633,开立医疗,创业板,深市,创业板,801150.SI,医药生物,801153.SI,医疗器械,医疗器械,L,20170406,3463,9.48,19.25,-0.207,9.091,False,True,True,0,0,0,0,True,
300634.SZ,300634,300634,彩讯股份,创业板,深市,创业板,801750.SI,计算机,801103.SI,IT服务Ⅱ,IT服务Ⅱ,L,20180323,3112,8.52,20.94,1.503,13.462,False,True,True,0,0,0,0,True,
300635.SZ,300635,300635,中达安,创业板,深市,创业板,801720.SI,建筑装饰,801726.SI,工程咨询服务Ⅱ,工程咨询服务Ⅱ,L,20170331,3469,9.5,11.99,2.13,8.475,False,True,True,0,0,0,0,True,
300636.SZ,300636,300636,同和药业,创业板,深市,创业板,801150.SI,医药生物,801151.SI,化学制药,化学制药,L,20170331,3469,9.5,7.09,0.425,5.882,False,True,True,0,0,0,0,True,
300637.SZ,300637,300637,扬帆新材,创业板,深市,创业板,801030.SI,基础化工,801034.SI,化学制品,化学制品,L,20170412,3457,9.46,9.45,1.286,15.217,False,True,True,0,0,0,0,True,
300638.SZ,300638,300638,广和通,创业板,深市,创业板,801770.SI,通信,801102.SI,通信设备,通信设备,L,20170413,3456,9.46,19.82,-0.751,10.606,False,True,True,0,0,0,0,True,
300639.SZ,300639,300639,凯普生物,创业板,深市,创业板,801150.SI,医药生物,801153.SI,医疗器械,医疗器械,L,20170412,3457,9.46,6.2,-1.431,10.0,False,True,True,0,0,0,0,True,
300640.SZ,300640,300640,德艺文创,创业板,深市,创业板,801140.SI,轻工制造,801142.SI,家居用品,家居用品,L,20170417,3452,9.45,6.33,1.118,10.938,False,True,True,0,0,0,0,True,
300641.SZ,300641,300641,正丹股份,创业板,深市,创业板,801030.SI,基础化工,801034.SI,化学制品,化学制品,L,20170418,3451,9.45,12.88,-0.77,15.556,False,True,True,0,0,0,0,True,
300642.SZ,300642,300642,透景生命,创业板,深市,创业板,801150.SI,医药生物,801153.SI,医疗器械,医疗器械,L,20170421,3448,9.44,19.88,-2.165,4.831,False,True,True,0,0,0,0,True,
300643.SZ,300643,300643,万通智控,创业板,深市,创业板,801880.SI,汽车,801093.SI,汽车零部件,汽车零部件,L,20170505,3434,9.4,18.22,5.93,10.0,False,True,True,0,0,0,0,True,
300644.SZ,300644,300644,南京聚隆,创业板,深市,创业板,801030.SI,基础化工,801036.SI,塑料,塑料,L,20180206,3157,8.64,20.93,1.503,8.696,False,True,True,0,0,0,0,True,
300645.SZ,300645,300645,正元智慧,创业板,深市,创业板,801750.SI,计算机,801101.SI,计算机设备,计算机设备,L,20170421,3448,9.44,14.09,1.44,9.63,False,True,True,0,0,0,0,True,
300647.SZ,300647,300647,超频三,创业板,深市,创业板,801080.SI,电子,801085.SI,消费电子,消费电子,L,20170503,3436,9.41,9.68,1.681,11.702,False,True,True,0,0,0,0,True,
300648.SZ,300648,300648,星云股份,创业板,深市,创业板,801730.SI,电力设备,801737.SI,电池,电池,L,20170425,3444,9.43,37.96,0.877,18.182,False,True,True,0,0,0,0,True,
300649.SZ,300649,300649,杭州园林,创业板,深市,创业板,801720.SI,建筑装饰,801723.SI,基础建设,基础建设,L,20170505,3434,9.4,26.8,0.828,13.187,False,True,True,0,0,0,0,True,
300650.SZ,300650,300650,太龙股份,创业板,深市,创业板,801080.SI,电子,801082.SI,其他电子Ⅱ,其他电子Ⅱ,L,20170503,3436,9.41,12.18,0.165,8.943,False,True,True,0,0,0,0,True,
300651.SZ,300651,300651,金陵体育,创业板,深市,创业板,801140.SI,轻工制造,801145.SI,文娱用品,文娱用品,L,20170509,3430,9.39,16.0,0.251,12.195,False,True,True,0,0,0,0,True,
300652.SZ,300652,300652,雷迪克,创业板,深市,创业板,801880.SI,汽车,801093.SI,汽车零部件,汽车零部件,L,20170516,3423,9.37,27.63,-0.325,12.5,False,True,True,0,0,0,0,True,
300653.SZ,300653,300653,正海生物,创业板,深市,创业板,801150.SI,医药生物,801153.SI,医疗器械,医疗器械,L,20170516,3423,9.37,15.74,0.897,6.667,False,True,True,0,0,0,0,True,
300654.SZ,300654,300654,世纪天鸿,创业板,深市,创业板,801760.SI,传媒,801769.SI,出版,出版,L,20170926,3290,9.01,9.61,3.333,10.101,False,True,True,0,0,0,0,True,
300655.SZ,300655,300655,晶瑞电材,创业板,深市,创业板,801080.SI,电子,801086.SI,电子化学品Ⅱ,电子化学品Ⅱ,L,20170523,3416,9.35,12.65,-1.172,8.397,False,True,True,0,0,0,0,True,
300656.SZ,300656,300656,民德电子,创业板,深市,创业板,801080.SI,电子,801082.SI,其他电子Ⅱ,其他电子Ⅱ,L,20170519,3420,9.36,29.73,5.053,16.216,False,True,True,0,0,0,0,True,
300657.SZ,300657,300657,弘信电子,创业板,深市,创业板,801080.SI,电子,801083.SI,元件,元件,L,20170523,3416,9.35,34.16,2.184,9.89,False,True,True,0,0,0,0,True,
300658.SZ,300658,300658,延江股份,创业板,深市,创业板,801980.SI,美容护理,801981.SI,个护用品,个护用品,L,20170602,3406,9.33,10.41,2.866,9.615,False,True,True,0,0,0,0,True,
300659.SZ,300659,300659,中孚信息,创业板,深市,创业板,801750.SI,计算机,801101.SI,计算机设备,计算机设备,L,20170526,3413,9.34,11.3,-2.586,8.036,False,True,True,0,0,0,0,True,
300660.SZ,300660,300660,江苏雷利,创业板,深市,创业板,801730.SI,电力设备,801731.SI,电机Ⅱ,电机Ⅱ,L,20170602,3406,9.33,23.51,0.427,25.0,False,True,True,0,0,0,0,True,
300661.SZ,300661,300661,圣邦股份,创业板,深市,创业板,801080.SI,电子,801081.SI,半导体,半导体,L,20170606,3402,9.31,112.8,-3.59,15.493,False,True,True,0,0,0,0,True,
300662.SZ,300662,300662,科锐国际,创业板,深市,创业板,801210.SI,社会服务,801218.SI,专业服务,专业服务,L,20170608,3400,9.31,20.63,1.826,8.571,False,True,True,0,0,0,0,True,
300663.SZ,300663,300663,科蓝软件,创业板,深市,创业板,801750.SI,计算机,801104.SI,软件开发,软件开发,L,20170608,3400,9.31,7.45,0.134,16.456,False,True,True,0,0,0,0,True,
300664.SZ,300664,300664,鹏鹞环保,创业板,深市,创业板,801970.SI,环保,801971.SI,环境治理,环境治理,L,20180105,3189,8.73,4.61,0.875,13.043,False,True,True,0,0,0,0,True,
300665.SZ,300665,300665,飞鹿股份,创业板,深市,创业板,801030.SI,基础化工,801034.SI,化学制品,化学制品,L,20170613,3395,9.3,8.74,0.924,10.989,False,True,True,0,0,0,5,True,
300666.SZ,300666,300666,江丰电子,创业板,深市,创业板,801080.SI,电子,801081.SI,半导体,半导体,L,20170615,3393,9.29,230.33,-0.993,10.638,False,True,True,0,0,0,0,True,
300667.SZ,300667,300667,必创科技,创业板,深市,创业板,801890.SI,机械设备,801072.SI,通用设备,通用设备,L,20170619,3389,9.28,14.72,1.238,4.73,False,True,True,0,0,0,0,True,
300668.SZ,300668,300668,杰恩股份,创业板,深市,创业板,801720.SI,建筑装饰,801726.SI,工程咨询服务Ⅱ,工程咨询服务Ⅱ,L,20170619,3389,9.28,31.06,-1.491,11.111,False,True,True,0,0,0,0,True,
300669.SZ,300669,300669,沪宁股份,创业板,深市,创业板,801890.SI,机械设备,801074.SI,专用设备,专用设备,L,20170629,3379,9.25,24.54,-0.969,36.585,False,True,True,0,0,0,0,True,
300670.SZ,300670,300670,大烨智能,创业板,深市,创业板,801730.SI,电力设备,801738.SI,电网设备,电网设备,L,20170703,3375,9.24,7.46,3.181,9.589,False,True,True,0,0,0,0,True,
300671.SZ,300671,300671,富满微,创业板,深市,创业板,801080.SI,电子,801081.SI,半导体,半导体,L,20170705,3373,9.23,58.85,3.427,10.87,False,True,True,0,0,0,0,True,
300672.SZ,300672,300672,国科微,创业板,深市,创业板,801080.SI,电子,801081.SI,半导体,半导体,L,20170712,3366,9.22,186.48,6.075,19.444,False,True,True,0,0,0,0,True,
300673.SZ,300673,300673,佩蒂股份,创业板,深市,创业板,801010.SI,农林牧渔,801014.SI,饲料,饲料,L,20170711,3367,9.22,14.88,1.156,16.312,False,True,True,0,0,0,0,True,
300674.SZ,300674,300674,宇信科技,创业板,深市,创业板,801750.SI,计算机,801103.SI,IT服务Ⅱ,IT服务Ⅱ,L,20181107,2883,7.89,15.98,0.948,10.714,False,True,True,0,0,0,0,True,
300675.SZ,300675,300675,建科院,创业板,深市,创业板,801720.SI,建筑装饰,801726.SI,工程咨询服务Ⅱ,工程咨询服务Ⅱ,L,20170719,3359,9.2,14.28,2.513,19.084,False,True,True,0,0,0,0,True,
300676.SZ,300676,300676,华大基因,创业板,深市,创业板,801150.SI,医药生物,801156.SI,医疗服务,医疗服务,L,20170714,3364,9.21,44.16,-0.987,23.81,False,True,True,0,0,0,0,True,
300677.SZ,300677,300677,英科医疗,创业板,深市,创业板,801150.SI,医药生物,801153.SI,医疗器械,医疗器械,L,20170721,3357,9.19,49.18,1.612,14.706,False,True,True,0,0,0,0,True,
300678.SZ,300678,300678,中科信息,创业板,深市,创业板,801750.SI,计算机,801103.SI,IT服务Ⅱ,IT服务Ⅱ,L,20170728,3350,9.17,20.94,1.355,8.889,False,True,True,0,0,0,0,True,
300679.SZ,300679,300679,电连技术,创业板,深市,创业板,801080.SI,电子,801085.SI,消费电子,消费电子,L,20170731,3347,9.16,40.91,-0.244,10.667,False,True,True,0,0,0,0,True,
300680.SZ,300680,300680,隆盛科技,创业板,深市,创业板,801880.SI,汽车,801093.SI,汽车零部件,汽车零部件,L,20170725,3353,9.18,20.19,-0.148,10.345,False,True,True,0,0,0,0,True,
300681.SZ,300681,300681,英搏尔,创业板,深市,创业板,801880.SI,汽车,801093.SI,汽车零部件,汽车零部件,L,20170725,3353,9.18,21.94,3.491,11.111,False,True,True,0,0,0,0,True,
300682.SZ,300682,300682,朗新科技,创业板,深市,创业板,801750.SI,计算机,801103.SI,IT服务Ⅱ,IT服务Ⅱ,L,20170801,3346,9.16,8.6,-0.807,29.167,False,True,True,0,0,0,0,True,
300683.SZ,300683,300683,海特生物,创业板,深市,创业板,801150.SI,医药生物,801156.SI,医疗服务,医疗服务,L,20170808,3339,9.14,24.93,0.443,9.302,False,True,True,0,0,0,0,True,
300684.SZ,300684,300684,中石科技,创业板,深市,创业板,801080.SI,电子,801086.SI,电子化学品Ⅱ,电子化学品Ⅱ,L,20171227,3198,8.76,107.38,-1.667,12.169,False,True,True,0,0,0,0,True,
300685.SZ,300685,300685,艾德生物,创业板,深市,创业板,801150.SI,医药生物,801153.SI,医疗器械,医疗器械,L,20170802,3345,9.16,21.0,0.719,20.0,False,True,True,0,0,0,5,True,
300686.SZ,300686,300686,智动力,创业板,深市,创业板,801080.SI,电子,801085.SI,消费电子,消费电子,L,20170804,3343,9.15,14.68,3.819,6.122,False,True,True,0,0,0,0,True,
300687.SZ,300687,300687,赛意信息,创业板,深市,创业板,801750.SI,计算机,801103.SI,IT服务Ⅱ,IT服务Ⅱ,L,20170803,3344,9.16,29.18,5.84,11.189,False,True,True,0,0,0,0,True,
300688.SZ,300688,300688,创业黑马,创业板,深市,创业板,801210.SI,社会服务,801994.SI,教育,教育,L,20170810,3337,9.14,34.48,4.295,12.644,False,True,True,0,0,0,0,True,
300689.SZ,300689,300689,澄天伟业,创业板,深市,创业板,801770.SI,通信,801102.SI,通信设备,通信设备,L,20170809,3338,9.14,61.19,3.309,20.915,False,True,True,0,0,0,0,True,
300690.SZ,300690,300690,双一科技,创业板,深市,创业板,801730.SI,电力设备,801736.SI,风电设备,风电设备,L,20170808,3339,9.14,26.68,2.615,9.639,False,True,True,0,0,0,0,True,
300691.SZ,300691,300691,联合光电,创业板,深市,创业板,801750.SI,计算机,801101.SI,计算机设备,计算机设备,L,20170811,3336,9.13,20.54,1.332,17.647,False,True,True,0,0,0,0,True,
300692.SZ,300692,300692,中赋科技,创业板,深市,创业板,801970.SI,环保,801971.SI,环境治理,环境治理,L,20170821,3326,9.11,8.78,-0.791,9.89,False,True,True,0,0,0,0,True,
300693.SZ,300693,300693,盛弘股份,创业板,深市,创业板,801730.SI,电力设备,801733.SI,其他电源设备Ⅱ,其他电源设备Ⅱ,L,20170822,3325,9.1,36.02,0.502,10.909,False,True,True,0,0,0,0,True,
300694.SZ,300694,300694,蠡湖股份,创业板,深市,创业板,801880.SI,汽车,801093.SI,汽车零部件,汽车零部件,L,20181015,2906,7.96,10.73,1.514,7.547,False,True,True,0,0,0,0,True,
300695.SZ,300695,300695,兆丰股份,创业板,深市,创业板,801880.SI,汽车,801093.SI,汽车零部件,汽车零部件,L,20170908,3308,9.06,49.48,2.084,33.333,False,True,True,0,0,0,0,True,
300696.SZ,300696,300696,爱乐达,创业板,深市,创业板,801740.SI,国防军工,801742.SI,航空装备Ⅱ,航空装备Ⅱ,L,20170822,3325,9.1,20.34,4.576,9.615,False,True,True,0,0,0,0,True,
300697.SZ,300697,300697,电工合金,创业板,深市,创业板,801050.SI,有色金属,801055.SI,工业金属,工业金属,L,20170907,3309,9.06,14.19,1.14,11.258,False,True,True,0,0,0,0,True,
300698.SZ,300698,300698,万马科技,创业板,深市,创业板,801770.SI,通信,801102.SI,通信设备,通信设备,L,20170831,3316,9.08,27.13,2.3,10.606,False,True,True,0,0,0,0,True,
300699.SZ,300699,300699,光威复材,创业板,深市,创业板,801740.SI,国防军工,801742.SI,航空装备Ⅱ,航空装备Ⅱ,L,20170901,3315,9.08,22.61,0.133,19.512,False,True,True,0,0,0,0,True,
300700.SZ,300700,300700,岱勒新材,创业板,深市,创业板,801890.SI,机械设备,801072.SI,通用设备,通用设备,L,20170912,3304,9.05,17.13,1.782,14.754,False,True,True,0,0,0,0,True,
300701.SZ,300701,300701,森霸传感,创业板,深市,创业板,801080.SI,电子,801084.SI,光学光电子,光学光电子,L,20170915,3301,9.04,10.07,1.82,10.309,False,True,True,0,0,0,0,True,
300702.SZ,300702,300702,天宇股份,创业板,深市,创业板,801150.SI,医药生物,801151.SI,化学制药,化学制药,L,20170919,3297,9.03,22.02,-1.034,11.321,False,True,True,0,0,0,0,True,
300703.SZ,300703,300703,创源股份,创业板,深市,创业板,801140.SI,轻工制造,801145.SI,文娱用品,文娱用品,L,20170919,3297,9.03,13.96,2.572,8.696,False,True,True,0,0,0,0,True,
300705.SZ,300705,300705,九典制药,创业板,深市,创业板,801150.SI,医药生物,801151.SI,化学制药,化学制药,L,20171010,3276,8.97,10.67,-1.02,16.216,False,True,True,0,0,0,0,True,
300706.SZ,300706,300706,阿石创,创业板,深市,创业板,801080.SI,电子,801081.SI,半导体,半导体,L,20170926,3290,9.01,47.74,-0.583,7.101,False,True,True,0,0,0,0,True,
300707.SZ,300707,300707,威唐工业,创业板,深市,创业板,801880.SI,汽车,801093.SI,汽车零部件,汽车零部件,L,20171010,3276,8.97,12.21,2.09,7.5,False,True,True,0,0,0,0,True,
300708.SZ,300708,300708,聚灿光电,创业板,深市,创业板,801080.SI,电子,801084.SI,光学光电子,光学光电子,L,20171016,3270,8.95,9.13,-0.109,16.304,False,True,True,0,0,0,0,True,
300709.SZ,300709,300709,精研科技,创业板,深市,创业板,801080.SI,电子,801085.SI,消费电子,消费电子,L,20171019,3267,8.94,35.1,-0.848,18.182,False,True,True,0,0,0,0,True,
300710.SZ,300710,300710,万隆光电,创业板,深市,创业板,801770.SI,通信,801102.SI,通信设备,通信设备,L,20171019,3267,8.94,29.97,0.909,6.494,False,True,True,0,0,0,0,True,
300711.SZ,300711,300711,广哈通信,创业板,深市,创业板,801770.SI,通信,801102.SI,通信设备,通信设备,L,20171101,3254,8.91,17.35,1.939,11.29,False,True,True,0,0,0,0,True,
300712.SZ,300712,300712,永福股份,创业板,深市,创业板,801720.SI,建筑装饰,801724.SI,专业工程,专业工程,L,20171031,3255,8.91,19.92,0.963,19.231,False,True,True,0,0,0,0,True,
300713.SZ,300713,300713,英可瑞,创业板,深市,创业板,801730.SI,电力设备,801733.SI,其他电源设备Ⅱ,其他电源设备Ⅱ,L,20171101,3254,8.91,14.26,6.497,8.955,False,True,True,0,0,0,0,True,
300715.SZ,300715,300715,凯伦股份,创业板,深市,创业板,801710.SI,建筑材料,801713.SI,装修建材,装修建材,L,20171026,3260,8.93,13.76,-2.273,7.042,False,True,True,0,0,0,0,True,
300716.SZ,300716,300716,*ST泉为,创业板,深市,创业板,801730.SI,电力设备,801735.SI,光伏设备,光伏设备,L,20171109,3246,8.89,17.42,-0.057,14.13,True,True,True,0,0,0,0,False,ST
300717.SZ,300717,300717,华信新材,创业板,深市,创业板,801030.SI,基础化工,801036.SI,塑料,塑料,L,20171106,3249,8.9,19.73,3.788,9.677,False,True,True,0,0,0,0,True,
300718.SZ,300718,300718,长盛轴承,创业板,深市,创业板,801890.SI,机械设备,801072.SI,通用设备,通用设备,L,20171106,3249,8.9,55.21,-3.327,21.311,False,True,True,0,0,0,0,True,
300719.SZ,300719,300719,安达维尔,创业板,深市,创业板,801740.SI,国防军工,801742.SI,航空装备Ⅱ,航空装备Ⅱ,L,20171109,3246,8.89,11.88,0.935,12.605,False,True,True,0,0,0,0,True,
300720.SZ,300720,300720,海川智能,创业板,深市,创业板,801890.SI,机械设备,801072.SI,通用设备,通用设备,L,20171106,3249,8.9,57.17,-1.601,17.949,False,True,True,0,0,0,0,True,
300721.SZ,300721,300721,怡达股份,创业板,深市,创业板,801030.SI,基础化工,801034.SI,化学制品,化学制品,L,20171115,3240,8.87,20.7,-1.382,7.08,False,True,True,0,0,0,0,True,
300722.SZ,300722,300722,新余国科,创业板,深市,创业板,801740.SI,国防军工,801741.SI,航天装备Ⅱ,航天装备Ⅱ,L,20171110,3245,8.88,20.85,-0.667,10.909,False,True,True,0,0,0,0,True,
300723.SZ,300723,300723,一品红,创业板,深市,创业板,801150.SI,医药生物,801151.SI,化学制药,化学制药,L,20171116,3239,8.87,32.6,0.308,12.222,False,True,True,0,0,0,0,True,
300724.SZ,300724,300724,捷佳伟创,创业板,深市,创业板,801730.SI,电力设备,801735.SI,光伏设备,光伏设备,L,20180810,2972,8.14,53.93,0.335,13.793,False,True,True,0,0,0,0,True,
300725.SZ,300725,300725,药石科技,创业板,深市,创业板,801150.SI,医药生物,801156.SI,医疗服务,医疗服务,L,20171110,3245,8.88,52.23,1.26,10.227,False,True,True,0,0,0,0,True,
300726.SZ,300726,300726,宏达电子,创业板,深市,创业板,801740.SI,国防军工,801745.SI,军工电子Ⅱ,军工电子Ⅱ,L,20171121,3234,8.85,53.03,1.222,14.085,False,True,True,0,0,0,0,True,
300727.SZ,300727,300727,润禾材料,创业板,深市,创业板,801030.SI,基础化工,801034.SI,化学制品,化学制品,L,20171127,3228,8.84,33.53,1.822,20.0,False,True,True,0,0,0,0,True,
300729.SZ,300729,300729,乐歌股份,创业板,深市,创业板,801140.SI,轻工制造,801142.SI,家居用品,家居用品,L,20171201,3224,8.83,11.15,-0.446,18.519,False,True,True,0,0,0,0,True,
300730.SZ,300730,300730,科创信息,创业板,深市,创业板,801750.SI,计算机,801104.SI,软件开发,软件开发,L,20171205,3220,8.82,11.77,4.809,5.263,False,True,True,0,0,0,0,True,
300731.SZ,300731,300731,科创新源,创业板,深市,创业板,801030.SI,基础化工,801037.SI,橡胶,橡胶,L,20171208,3217,8.81,44.94,-1.856,13.115,False,True,True,0,0,0,0,True,
300732.SZ,300732,300732,设研院,创业板,深市,创业板,801720.SI,建筑装饰,801726.SI,工程咨询服务Ⅱ,工程咨询服务Ⅱ,L,20171212,3213,8.8,5.9,2.253,8.475,False,True,True,0,0,0,0,True,
300733.SZ,300733,300733,西菱动力,创业板,深市,创业板,801880.SI,汽车,801093.SI,汽车零部件,汽车零部件,L,20180116,3178,8.7,12.71,-1.396,11.765,False,True,True,0,0,0,0,True,
300735.SZ,300735,300735,光弘科技,创业板,深市,创业板,801080.SI,电子,801085.SI,消费电子,消费电子,L,20171229,3196,8.75,17.84,1.364,16.327,False,True,True,0,0,0,0,True,
300736.SZ,300736,300736,百邦科技,创业板,深市,创业板,801080.SI,电子,801082.SI,其他电子Ⅱ,其他电子Ⅱ,L,20180109,3185,8.72,34.38,2.261,14.634,False,True,True,0,0,0,0,True,
300737.SZ,300737,300737,科顺股份,创业板,深市,创业板,801710.SI,建筑材料,801713.SI,装修建材,装修建材,L,20180125,3169,8.68,4.61,3.829,10.417,False,True,True,0,0,0,0,True,
300738.SZ,300738,300738,奥飞数据,创业板,深市,创业板,801770.SI,通信,801223.SI,通信服务,通信服务,L,20180119,3175,8.69,18.69,-0.107,15.152,False,True,True,0,0,0,0,True,
300739.SZ,300739,300739,明阳电路,创业板,深市,创业板,801080.SI,电子,801083.SI,元件,元件,L,20180201,3162,8.66,29.79,5.676,13.265,False,True,True,0,0,0,0,True,
300740.SZ,300740,300740,水羊股份,创业板,深市,创业板,801980.SI,美容护理,801982.SI,化妆品,化妆品,L,20180208,3155,8.64,20.68,1.572,12.15,False,True,True,0,0,0,0,True,
300741.SZ,300741,300741,华宝股份,创业板,深市,创业板,801030.SI,基础化工,801034.SI,化学制品,化学制品,L,20180301,3134,8.58,25.43,-0.275,55.556,False,True,True,0,0,0,0,True,
300743.SZ,300743,300743,天地数码,创业板,深市,创业板,801750.SI,计算机,801101.SI,计算机设备,计算机设备,L,20180427,3077,8.42,14.59,1.743,8.333,False,True,True,0,0,0,0,True,
300745.SZ,300745,300745,欣锐科技,创业板,深市,创业板,801880.SI,汽车,801093.SI,汽车零部件,汽车零部件,L,20180523,3051,8.35,26.9,2.476,10.87,False,True,True,0,0,0,0,True,
300746.SZ,300746,300746,汉嘉数智,创业板,深市,创业板,801720.SI,建筑装饰,801726.SI,工程咨询服务Ⅱ,工程咨询服务Ⅱ,L,20180525,3049,8.35,16.81,12.366,14.583,False,True,True,0,0,0,0,True,
300747.SZ,300747,300747,锐科激光,创业板,深市,创业板,801890.SI,机械设备,801078.SI,自动化设备,自动化设备,L,20180625,3018,8.26,36.4,0.719,11.25,False,True,True,0,0,0,0,True,
300748.SZ,300748,300748,金力永磁,创业板,深市,创业板,801050.SI,有色金属,801051.SI,金属新材料,金属新材料,L,20180921,2930,8.02,23.99,-0.456,12.36,False,True,True,0,0,0,0,True,
300749.SZ,300749,300749,顶固集创,创业板,深市,创业板,801140.SI,轻工制造,801142.SI,家居用品,家居用品,L,20180925,2926,8.01,22.06,-0.809,12.195,False,True,True,0,0,0,0,True,
300750.SZ,300750,300750,宁德时代,创业板,深市,创业板,801730.SI,电力设备,801737.SI,电池,电池,L,20180611,3032,8.3,286.8,-1.778,31.765,False,True,True,0,0,0,0,True,
300751.SZ,300751,300751,迈为股份,创业板,深市,创业板,801730.SI,电力设备,801735.SI,光伏设备,光伏设备,L,20181109,2881,7.89,182.04,-0.307,12.727,False,True,True,0,0,0,0,True,
300752.SZ,300752,300752,隆利科技,创业板,深市,创业板,801080.SI,电子,801084.SI,光学光电子,光学光电子,L,20181130,2860,7.83,13.04,1.4,16.279,False,True,True,0,0,0,0,True,
300753.SZ,300753,300753,爱朋医疗,创业板,深市,创业板,801150.SI,医药生物,801153.SI,医疗器械,医疗器械,L,20181213,2847,7.79,20.54,-0.049,6.731,False,True,True,0,0,0,0,True,
300755.SZ,300755,300755,华致酒行,创业板,深市,创业板,801200.SI,商贸零售,801204.SI,专业连锁Ⅱ,专业连锁Ⅱ,L,20190129,2800,7.67,11.08,-0.27,13.793,False,True,True,0,0,0,0,True,
300756.SZ,300756,300756,金马游乐,创业板,深市,创业板,801890.SI,机械设备,801074.SI,专用设备,专用设备,L,20181228,2832,7.75,30.08,-2.559,15.385,False,True,True,0,0,0,0,True,
300757.SZ,300757,300757,罗博特科,创业板,深市,创业板,801890.SI,机械设备,801078.SI,自动化设备,自动化设备,L,20190108,2821,7.72,529.0,-0.247,17.582,False,True,True,0,0,0,0,True,
300758.SZ,300758,300758,七彩化学,创业板,深市,创业板,801030.SI,基础化工,801034.SI,化学制品,化学制品,L,20190222,2776,7.6,11.09,0.91,7.965,False,True,True,0,0,0,0,True,
300759.SZ,300759,300759,康龙化成,创业板,深市,创业板,801150.SI,医药生物,801156.SI,医疗服务,医疗服务,L,20190128,2801,7.67,42.98,-0.348,9.091,False,True,True,0,0,0,0,True,
300760.SZ,300760,300760,迈瑞医疗,创业板,深市,创业板,801150.SI,医药生物,801153.SI,医疗器械,医疗器械,L,20181016,2905,7.95,159.01,0.455,28.205,False,True,True,0,0,0,0,True,
300761.SZ,300761,300761,立华股份,创业板,深市,创业板,801010.SI,农林牧渔,801017.SI,养殖业,养殖业,L,20190218,2780,7.61,20.86,-0.096,13.636,False,True,True,0,0,0,0,True,
300762.SZ,300762,300762,上海瀚讯,创业板,深市,创业板,801740.SI,国防军工,801745.SI,军工电子Ⅱ,军工电子Ⅱ,L,20190314,2756,7.55,24.83,-0.918,14.815,False,True,True,0,0,0,0,True,
300763.SZ,300763,300763,锦浪科技,创业板,深市,创业板,801730.SI,电力设备,801735.SI,光伏设备,光伏设备,L,20190319,2751,7.53,52.62,0.708,15.0,False,True,True,0,0,0,0,True,
300765.SZ,300765,300765,石药创新,创业板,深市,创业板,801150.SI,医药生物,801151.SI,化学制药,化学制药,L,20190322,2748,7.52,44.08,0.114,21.101,False,True,True,0,0,0,0,True,
300766.SZ,300766,300766,每日互动,创业板,深市,创业板,801750.SI,计算机,801104.SI,软件开发,软件开发,L,20190325,2745,7.52,21.54,2.085,7.207,False,True,True,0,0,0,0,True,
300767.SZ,300767,300767,震安科技,创业板,深市,创业板,801030.SI,基础化工,801037.SI,橡胶,橡胶,L,20190329,2741,7.5,19.66,2.024,14.796,False,True,True,0,0,0,0,True,
300768.SZ,300768,300768,迪普科技,创业板,深市,创业板,801750.SI,计算机,801104.SI,软件开发,软件开发,L,20190412,2727,7.47,15.17,0.931,11.765,False,True,True,0,0,0,0,True,
300769.SZ,300769,300769,德方纳米,创业板,深市,创业板,801730.SI,电力设备,801737.SI,电池,电池,L,20190415,2724,7.46,39.27,3.044,16.867,False,True,True,0,0,0,0,True,
300770.SZ,300770,300770,新媒股份,创业板,深市,创业板,801760.SI,传媒,801995.SI,电视广播Ⅱ,电视广播Ⅱ,L,20190419,2720,7.45,35.22,0.772,13.158,False,True,True,0,0,0,0,True,
300771.SZ,300771,300771,智莱科技,创业板,深市,创业板,801750.SI,计算机,801101.SI,计算机设备,计算机设备,L,20190422,2717,7.44,11.41,1.603,6.957,False,True,True,0,0,0,0,True,
300772.SZ,300772,300772,运达股份,创业板,深市,创业板,801730.SI,电力设备,801736.SI,风电设备,风电设备,L,20190426,2713,7.43,10.08,2.335,28.125,False,True,True,0,0,0,0,True,
300773.SZ,300773,300773,拉卡拉,创业板,深市,创业板,801790.SI,非银金融,801191.SI,多元金融,多元金融,L,20190425,2714,7.43,14.47,0.626,9.804,False,True,True,0,0,0,0,True,
300774.SZ,300774,300774,倍杰特,创业板,深市,创业板,801970.SI,环保,801971.SI,环境治理,环境治理,L,20210804,1882,5.15,9.74,2.526,13.725,False,True,True,0,0,0,0,True,
300775.SZ,300775,300775,三角防务,创业板,深市,创业板,801740.SI,国防军工,801742.SI,航空装备Ⅱ,航空装备Ⅱ,L,20190521,2688,7.36,19.98,-1.04,9.302,False,True,True,0,0,0,0,True,
300776.SZ,300776,300776,帝尔激光,创业板,深市,创业板,801730.SI,电力设备,801735.SI,光伏设备,光伏设备,L,20190517,2692,7.37,126.79,-2.274,16.216,False,True,True,0,0,0,0,True,
300777.SZ,300777,300777,中简科技,创业板,深市,创业板,801740.SI,国防军工,801742.SI,航空装备Ⅱ,航空装备Ⅱ,L,20190516,2693,7.37,20.04,-0.199,21.053,False,True,True,0,0,0,0,True,
300778.SZ,300778,300778,新城市,创业板,深市,创业板,801720.SI,建筑装饰,801726.SI,工程咨询服务Ⅱ,工程咨询服务Ⅱ,L,20190510,2699,7.39,11.15,2.765,11.111,False,True,True,0,0,0,0,True,
300779.SZ,300779,300779,惠城环保,创业板,深市,创业板,801970.SI,环保,801971.SI,环境治理,环境治理,L,20190522,2687,7.36,50.68,-0.217,34.783,False,True,True,0,0,0,0,True,
300780.SZ,300780,300780,德恩精工,创业板,深市,创业板,801890.SI,机械设备,801072.SI,通用设备,通用设备,L,20190531,2678,7.33,19.01,0.211,9.091,False,True,True,0,0,0,0,True,
300781.SZ,300781,300781,因赛集团,创业板,深市,创业板,801760.SI,传媒,801765.SI,广告营销,广告营销,L,20190606,2672,7.32,27.65,7.212,10.145,False,True,True,0,0,0,0,True,
300782.SZ,300782,300782,卓胜微,创业板,深市,创业板,801080.SI,电子,801081.SI,半导体,半导体,L,20190618,2660,7.28,70.08,-0.242,13.043,False,True,True,0,0,0,0,True,
300783.SZ,300783,300783,三只松鼠,创业板,深市,创业板,801120.SI,食品饮料,801128.SI,休闲食品,休闲食品,L,20190712,2636,7.22,16.33,-0.548,12.0,False,True,True,0,0,0,0,True,
300784.SZ,300784,300784,利安科技,创业板,深市,创业板,801080.SI,电子,801085.SI,消费电子,消费电子,L,20240607,844,2.31,42.86,1.612,6.699,False,True,True,0,0,0,0,True,
300785.SZ,300785,300785,值得买,创业板,深市,创业板,801760.SI,传媒,801767.SI,数字媒体,数字媒体,L,20190715,2633,7.21,37.11,10.71,7.843,False,True,True,0,0,0,0,True,
300786.SZ,300786,300786,国林科技,创业板,深市,创业板,801970.SI,环保,801972.SI,环保设备Ⅱ,环保设备Ⅱ,L,20190723,2625,7.19,14.32,0.987,8.609,False,True,True,0,0,0,0,True,
300787.SZ,300787,300787,海能实业,创业板,深市,创业板,801080.SI,电子,801085.SI,消费电子,消费电子,L,20190815,2602,7.12,11.87,1.453,18.349,False,True,True,0,0,0,0,True,
300788.SZ,300788,300788,中信出版,创业板,深市,创业板,801760.SI,传媒,801769.SI,出版,出版,L,20190705,2643,7.24,30.38,6.001,18.095,False,True,True,0,0,0,0,True,
300789.SZ,300789,300789,唐源电气,创业板,深市,创业板,801750.SI,计算机,801101.SI,计算机设备,计算机设备,L,20190828,2589,7.09,16.03,0.0,16.071,False,True,True,0,0,0,0,True,
300790.SZ,300790,300790,宇瞳光学,创业板,深市,创业板,801750.SI,计算机,801101.SI,计算机设备,计算机设备,L,20190920,2566,7.03,18.11,0.166,7.576,False,True,True,0,0,0,0,True,
300791.SZ,300791,300791,仙乐健康,创业板,深市,创业板,801120.SI,食品饮料,801124.SI,食品加工,食品加工,L,20190925,2561,7.01,17.69,1.492,20.69,False,True,True,0,0,0,0,True,
300792.SZ,300792,300792,壹网壹创,创业板,深市,创业板,801200.SI,商贸零售,801206.SI,互联网电商,互联网电商,L,20190927,2559,7.01,24.69,3.479,9.639,False,True,True,0,0,0,0,True,
300793.SZ,300793,300793,佳禾智能,创业板,深市,创业板,801080.SI,电子,801085.SI,消费电子,消费电子,L,20191018,2538,6.95,11.85,0.085,10.526,False,True,True,0,0,0,0,True,
300795.SZ,300795,300795,米奥会展,创业板,深市,创业板,801210.SI,社会服务,801218.SI,专业服务,专业服务,L,20191022,2534,6.94,12.78,-0.234,9.848,False,True,True,0,0,0,0,True,
300796.SZ,300796,300796,贝斯美,创业板,深市,创业板,801030.SI,基础化工,801038.SI,农化制品,农化制品,L,20191115,2510,6.87,6.92,0.145,13.433,False,True,True,0,0,0,0,True,
300797.SZ,300797,300797,钢研纳克,创业板,深市,创业板,801210.SI,社会服务,801218.SI,专业服务,专业服务,L,20191101,2524,6.91,13.09,0.0,19.118,False,True,True,0,0,0,0,True,
300798.SZ,300798,300798,锦鸡股份,创业板,深市,创业板,801030.SI,基础化工,801034.SI,化学制品,化学制品,L,20191122,2503,6.85,8.42,1.937,8.235,False,True,True,0,0,0,0,True,
300800.SZ,300800,300800,力合科技,创业板,深市,创业板,801970.SI,环保,801972.SI,环保设备Ⅱ,环保设备Ⅱ,L,20191106,2519,6.9,10.72,1.708,12.0,False,True,True,0,0,0,0,True,
300801.SZ,300801,300801,泰和科技,创业板,深市,创业板,801030.SI,基础化工,801034.SI,化学制品,化学制品,L,20191128,2497,6.84,21.3,2.355,10.811,False,True,True,0,0,0,0,True,
300802.SZ,300802,300802,矩子科技,创业板,深市,创业板,801890.SI,机械设备,801078.SI,自动化设备,自动化设备,L,20191114,2511,6.87,24.58,-1.798,15.504,False,True,True,0,0,0,0,True,
300803.SZ,300803,300803,指南针,创业板,深市,创业板,801750.SI,计算机,801104.SI,软件开发,软件开发,L,20191118,2507,6.86,54.62,1.204,9.091,False,True,True,0,0,0,0,True,
300804.SZ,300804,300804,广康生化,创业板,深市,创业板,801030.SI,基础化工,801038.SI,农化制品,农化制品,L,20230627,1190,3.26,49.26,11.071,9.333,False,True,True,0,0,0,0,True,
300805.SZ,300805,300805,电声股份,创业板,深市,创业板,801760.SI,传媒,801765.SI,广告营销,广告营销,L,20191121,2504,6.86,8.86,4.852,7.059,False,True,True,0,0,0,0,True,
300806.SZ,300806,300806,斯迪克,创业板,深市,创业板,801030.SI,基础化工,801036.SI,塑料,塑料,L,20191125,2500,6.84,49.11,1.782,17.778,False,True,True,0,0,0,0,True,
300807.SZ,300807,300807,天迈科技,创业板,深市,创业板,801750.SI,计算机,801101.SI,计算机设备,计算机设备,L,20191219,2476,6.78,35.58,1.919,10.959,False,True,True,0,0,0,0,True,
300808.SZ,300808,300808,久量股份,创业板,深市,创业板,801080.SI,电子,801084.SI,光学光电子,光学光电子,L,20191129,2496,6.83,20.16,0.448,16.901,False,True,True,0,0,0,0,True,
300809.SZ,300809,300809,华辰装备,创业板,深市,创业板,801890.SI,机械设备,801072.SI,通用设备,通用设备,L,20191204,2491,6.82,23.84,0.21,6.25,False,True,True,0,0,0,0,True,
300810.SZ,300810,300810,中科海讯,创业板,深市,创业板,801740.SI,国防军工,801744.SI,航海装备Ⅱ,航海装备Ⅱ,L,20191206,2489,6.81,24.45,0.246,14.0,False,True,True,0,0,0,0,True,
300811.SZ,300811,300811,铂科新材,创业板,深市,创业板,801050.SI,有色金属,801051.SI,金属新材料,金属新材料,L,20191230,2465,6.75,80.62,3.359,12.698,False,True,True,0,0,0,0,True,
300812.SZ,300812,300812,易天股份,创业板,深市,创业板,801080.SI,电子,801085.SI,消费电子,消费电子,L,20200109,2455,6.72,19.07,0.474,7.179,False,True,True,0,0,0,0,True,
300813.SZ,300813,300813,泰林生物,创业板,深市,创业板,801890.SI,机械设备,801074.SI,专用设备,专用设备,L,20200114,2450,6.71,22.31,0.859,14.085,False,True,True,0,0,0,0,True,
300814.SZ,300814,300814,中富电路,创业板,深市,创业板,801080.SI,电子,801083.SI,元件,元件,L,20210812,1874,5.13,127.31,0.386,13.793,False,True,True,0,0,0,0,True,
300815.SZ,300815,300815,玉禾田,创业板,深市,创业板,801970.SI,环保,801971.SI,环境治理,环境治理,L,20200123,2441,6.68,15.05,0.534,11.688,False,True,True,0,0,0,0,True,
300816.SZ,300816,300816,艾可蓝,创业板,深市,创业板,801880.SI,汽车,801093.SI,汽车零部件,汽车零部件,L,20200210,2423,6.63,58.27,-0.257,9.375,False,True,True,0,0,0,0,True,
300817.SZ,300817,300817,双飞集团,创业板,深市,创业板,801890.SI,机械设备,801072.SI,通用设备,通用设备,L,20200218,2415,6.61,17.04,-3.347,12.727,False,True,True,0,0,0,0,True,
300818.SZ,300818,300818,耐普矿机,创业板,深市,创业板,801890.SI,机械设备,801072.SI,通用设备,通用设备,L,20200212,2421,6.63,16.0,1.33,19.565,False,True,True,0,0,0,0,True,
300819.SZ,300819,300819,聚杰微纤,创业板,深市,创业板,801130.SI,纺织服饰,801131.SI,纺织制造,纺织制造,L,20200312,2392,6.55,44.75,-0.864,10.0,False,True,True,0,0,0,0,True,
300820.SZ,300820,300820,英杰电气,创业板,深市,创业板,801730.SI,电力设备,801733.SI,其他电源设备Ⅱ,其他电源设备Ⅱ,L,20200213,2420,6.63,66.86,-0.904,23.529,False,True,True,0,0,0,0,True,
300821.SZ,300821,300821,东岳硅材,创业板,深市,创业板,801030.SI,基础化工,801034.SI,化学制品,化学制品,L,20200312,2392,6.55,14.45,-1.433,11.538,False,True,True,0,0,0,0,True,
300822.SZ,300822,300822,贝仕达克,创业板,深市,创业板,801080.SI,电子,801085.SI,消费电子,消费电子,L,20200313,2391,6.55,11.38,1.066,15.254,False,True,True,0,0,0,0,True,
300823.SZ,300823,300823,建科智能,创业板,深市,创业板,801890.SI,机械设备,801074.SI,专用设备,专用设备,L,20200319,2385,6.53,14.91,2.474,7.534,False,True,True,0,0,0,0,True,
300824.SZ,300824,300824,北鼎股份,创业板,深市,创业板,801110.SI,家用电器,801113.SI,小家电,小家电,L,20200619,2293,6.28,8.2,1.485,10.256,False,True,True,0,0,0,0,True,
300825.SZ,300825,300825,阿尔特,创业板,深市,创业板,801880.SI,汽车,801092.SI,汽车服务,汽车服务,L,20200327,2377,6.51,11.5,-1.203,12.0,False,True,True,0,0,0,0,True,
300826.SZ,300826,300826,测绘股份,创业板,深市,创业板,801720.SI,建筑装饰,801726.SI,工程咨询服务Ⅱ,工程咨询服务Ⅱ,L,20200403,2370,6.49,15.0,3.235,8.725,False,True,True,0,0,0,0,True,
300827.SZ,300827,300827,上能电气,创业板,深市,创业板,801730.SI,电力设备,801735.SI,光伏设备,光伏设备,L,20200410,2363,6.47,24.51,-0.366,8.73,False,True,True,0,0,0,0,True,
300828.SZ,300828,300828,锐新科技,创业板,深市,创业板,801890.SI,机械设备,801072.SI,通用设备,通用设备,L,20200421,2352,6.44,17.83,-0.944,6.897,False,True,True,0,0,0,0,True,
300829.SZ,300829,300829,金丹科技,创业板,深市,创业板,801030.SI,基础化工,801034.SI,化学制品,化学制品,L,20200422,2351,6.44,22.97,1.189,23.729,False,True,True,0,0,0,0,True,
300830.SZ,300830,300830,金现代,创业板,深市,创业板,801750.SI,计算机,801104.SI,软件开发,软件开发,L,20200506,2337,6.4,8.06,2.414,15.854,False,True,True,0,0,0,0,True,
300831.SZ,300831,300831,ST派瑞,创业板,深市,创业板,801080.SI,电子,801081.SI,半导体,半导体,L,20200507,2336,6.4,13.39,-0.075,9.655,True,True,True,0,0,0,2,False,ST
300832.SZ,300832,300832,新产业,创业板,深市,创业板,801150.SI,医药生物,801153.SI,医疗器械,医疗器械,L,20200512,2331,6.38,49.57,-0.081,18.033,False,True,True,0,0,0,0,True,
300833.SZ,300833,300833,浩洋股份,创业板,深市,创业板,801890.SI,机械设备,801074.SI,专用设备,专用设备,L,20200520,2323,6.36,44.1,-0.743,24.051,False,True,True,0,0,0,0,True,
300834.SZ,300834,300834,星辉环材,创业板,深市,创业板,801030.SI,基础化工,801036.SI,塑料,塑料,L,20220113,1720,4.71,37.98,-0.965,22.222,False,True,True,0,0,0,0,True,
300835.SZ,300835,300835,龙磁科技,创业板,深市,创业板,801050.SI,有色金属,801051.SI,金属新材料,金属新材料,L,20200525,2318,6.35,194.21,4.538,18.0,False,True,True,0,0,0,0,True,
300836.SZ,300836,300836,佰奥智能,创业板,深市,创业板,801890.SI,机械设备,801074.SI,专用设备,专用设备,L,20200528,2315,6.34,53.59,-1.308,20.732,False,True,True,0,0,0,0,True,
300837.SZ,300837,300837,浙矿股份,创业板,深市,创业板,801890.SI,机械设备,801074.SI,专用设备,专用设备,L,20200605,2307,6.32,22.63,1.754,7.895,False,True,True,0,0,0,0,True,
300838.SZ,300838,300838,浙江力诺,创业板,深市,创业板,801890.SI,机械设备,801072.SI,通用设备,通用设备,L,20200608,2304,6.31,14.59,1.957,7.042,False,True,True,0,0,0,0,True,
300839.SZ,300839,300839,博汇股份,创业板,深市,创业板,801960.SI,石油石化,801963.SI,炼化及贸易,炼化及贸易,L,20200630,2282,6.25,12.71,1.114,6.202,False,True,True,0,0,0,0,True,
300840.SZ,300840,300840,酷特智能,创业板,深市,创业板,801130.SI,纺织服饰,801132.SI,服装家纺,服装家纺,L,20200708,2274,6.23,18.59,0.324,8.333,False,True,True,0,0,0,0,True,
300841.SZ,300841,300841,康华生物,创业板,深市,创业板,801150.SI,医药生物,801152.SI,生物制品,生物制品,L,20200616,2296,6.29,54.64,-0.437,14.286,False,True,True,0,0,0,0,True,
300842.SZ,300842,300842,帝科股份,创业板,深市,创业板,801730.SI,电力设备,801735.SI,光伏设备,光伏设备,L,20200618,2294,6.28,59.84,-0.96,7.812,False,True,True,0,0,0,0,True,
300843.SZ,300843,300843,胜蓝股份,创业板,深市,创业板,801080.SI,电子,801085.SI,消费电子,消费电子,L,20200702,2280,6.24,119.16,1.933,15.854,False,True,True,0,0,0,0,True,
300844.SZ,300844,300844,山水比德,创业板,深市,创业板,801720.SI,建筑装饰,801726.SI,工程咨询服务Ⅱ,工程咨询服务Ⅱ,L,20210813,1873,5.13,25.15,2.236,11.667,False,True,True,0,0,0,0,True,
300845.SZ,300845,300845,捷安高科,创业板,深市,创业板,801750.SI,计算机,801101.SI,计算机设备,计算机设备,L,20200703,2279,6.24,14.34,-0.761,10.145,False,True,True,0,0,0,0,True,
300846.SZ,300846,300846,首都在线,创业板,深市,创业板,801750.SI,计算机,801103.SI,IT服务Ⅱ,IT服务Ⅱ,L,20200701,2281,6.25,18.75,0.644,8.163,False,True,True,0,0,0,0,True,
300847.SZ,300847,300847,中船汉光,创业板,深市,创业板,801750.SI,计算机,801101.SI,计算机设备,计算机设备,L,20200709,2273,6.22,14.45,-1.5,8.333,False,True,True,0,0,0,0,True,
300848.SZ,300848,300848,美瑞新材,创业板,深市,创业板,801030.SI,基础化工,801034.SI,化学制品,化学制品,L,20200720,2262,6.19,10.95,0.459,24.59,False,True,True,0,0,0,0,True,
300849.SZ,300849,300849,锦盛新材,创业板,深市,创业板,801980.SI,美容护理,801982.SI,化妆品,化妆品,L,20200710,2272,6.22,21.3,-0.884,11.009,False,True,True,0,0,0,0,True,
300850.SZ,300850,300850,新强联,创业板,深市,创业板,801730.SI,电力设备,801736.SI,风电设备,风电设备,L,20200713,2269,6.21,32.0,5.89,9.524,False,True,True,0,0,0,0,True,
300851.SZ,300851,300851,交大思诺,创业板,深市,创业板,801890.SI,机械设备,801076.SI,轨交设备Ⅱ,轨交设备Ⅱ,L,20200717,2265,6.2,25.17,1.084,6.667,False,True,True,0,0,0,2,True,
300852.SZ,300852,300852,四会富仕,创业板,深市,创业板,801080.SI,电子,801083.SI,元件,元件,L,20200713,2269,6.21,75.69,11.456,15.254,False,True,True,0,0,0,0,True,
300853.SZ,300853,300853,申昊科技,创业板,深市,创业板,801730.SI,电力设备,801738.SI,电网设备,电网设备,L,20200724,2258,6.18,29.75,2.41,14.433,False,True,True,0,0,0,0,True,
300854.SZ,300854,300854,中兰环保,创业板,深市,创业板,801970.SI,环保,801971.SI,环境治理,环境治理,L,20210916,1839,5.03,15.19,1.946,17.5,False,True,True,0,0,0,0,True,
300855.SZ,300855,300855,图南股份,创业板,深市,创业板,801050.SI,有色金属,801051.SI,金属新材料,金属新材料,L,20200723,2259,6.18,33.73,-0.443,12.791,False,True,True,0,0,0,0,True,
300856.SZ,300856,300856,科思股份,创业板,深市,创业板,801980.SI,美容护理,801982.SI,化妆品,化妆品,L,20200722,2260,6.19,10.33,0.389,20.0,False,True,True,0,0,0,0,True,
300857.SZ,300857,300857,协创数据,创业板,深市,创业板,801080.SI,电子,801085.SI,消费电子,消费电子,L,20200727,2255,6.17,246.39,0.163,8.537,False,True,True,0,0,0,0,True,
300858.SZ,300858,300858,科拓生物,创业板,深市,创业板,801030.SI,基础化工,801034.SI,化学制品,化学制品,L,20200727,2255,6.17,14.7,0.754,9.459,False,True,True,0,0,0,0,True,
300859.SZ,300859,300859,西域旅游,创业板,深市,创业板,801210.SI,社会服务,801993.SI,旅游及景区,旅游及景区,L,20200806,2245,6.15,22.85,-0.997,24.49,False,True,True,0,0,0,0,True,
300860.SZ,300860,300860,锋尚文化,创业板,深市,创业板,801210.SI,社会服务,801218.SI,专业服务,专业服务,L,20200824,2227,6.1,29.01,1.933,15.753,False,True,True,0,0,0,0,True,
300861.SZ,300861,300861,美畅股份,创业板,深市,创业板,801890.SI,机械设备,801072.SI,通用设备,通用设备,L,20200824,2227,6.1,15.21,-0.262,9.375,False,True,True,0,0,0,0,True,
300862.SZ,300862,300862,蓝盾光电,创业板,深市,创业板,801890.SI,机械设备,801072.SI,通用设备,通用设备,L,20200824,2227,6.1,46.11,-2.885,22.868,False,True,True,0,9,15,15,False,近60日停牌
300863.SZ,300863,300863,卡倍亿,创业板,深市,创业板,801880.SI,汽车,801093.SI,汽车零部件,汽车零部件,L,20200824,2227,6.1,37.86,-0.185,11.667,False,True,True,0,0,0,0,True,
300864.SZ,300864,300864,南大环境,创业板,深市,创业板,801970.SI,环保,801971.SI,环境治理,环境治理,L,20200824,2227,6.1,24.74,-0.403,14.885,False,True,True,0,0,0,0,True,
300865.SZ,300865,300865,大宏立,创业板,深市,创业板,801890.SI,机械设备,801074.SI,专用设备,专用设备,L,20200824,2227,6.1,29.16,1.004,14.013,False,True,True,0,0,0,0,True,
300866.SZ,300866,300866,安克创新,创业板,深市,创业板,801080.SI,电子,801085.SI,消费电子,消费电子,L,20200824,2227,6.1,124.63,2.915,15.315,False,True,True,0,0,0,0,True,
300867.SZ,300867,300867,圣元环保,创业板,深市,创业板,801970.SI,环保,801971.SI,环境治理,环境治理,L,20200824,2227,6.1,16.84,-0.059,6.286,False,True,True,0,0,0,0,True,
300868.SZ,300868,300868,杰美特,创业板,深市,创业板,801080.SI,电子,801085.SI,消费电子,消费电子,L,20200824,2227,6.1,75.53,-2.605,17.117,False,True,True,0,0,0,0,True,
300869.SZ,300869,300869,康泰医学,创业板,深市,创业板,801150.SI,医药生物,801153.SI,医疗器械,医疗器械,L,20200824,2227,6.1,11.34,-0.088,8.85,False,True,True,0,0,0,0,True,
300870.SZ,300870,300870,欧陆通,创业板,深市,创业板,801730.SI,电力设备,801733.SI,其他电源设备Ⅱ,其他电源设备Ⅱ,L,20200824,2227,6.1,181.4,-0.401,12.245,False,True,True,0,0,0,0,True,
300871.SZ,300871,300871,回盛生物,创业板,深市,创业板,801010.SI,农林牧渔,801018.SI,动物保健Ⅱ,动物保健Ⅱ,L,20200824,2227,6.1,20.62,-0.387,9.333,False,True,True,0,0,0,0,True,
300872.SZ,300872,300872,天阳科技,创业板,深市,创业板,801750.SI,计算机,801103.SI,IT服务Ⅱ,IT服务Ⅱ,L,20200824,2227,6.1,15.13,1.748,7.742,False,True,True,0,0,0,0,True,
300873.SZ,300873,300873,海晨股份,创业板,深市,创业板,801170.SI,交通运输,801178.SI,物流,物流,L,20200824,2227,6.1,14.6,2.241,13.924,False,True,True,0,0,0,0,True,
300875.SZ,300875,300875,捷强装备,创业板,深市,创业板,801740.SI,国防军工,801743.SI,地面兵装Ⅱ,地面兵装Ⅱ,L,20200824,2227,6.1,31.23,0.84,9.91,False,True,True,0,0,0,0,True,
300876.SZ,300876,300876,蒙泰高新,创业板,深市,创业板,801030.SI,基础化工,801032.SI,化学纤维,化学纤维,L,20200824,2227,6.1,15.61,1.827,11.688,False,True,True,0,0,0,0,True,
300877.SZ,300877,300877,金春股份,创业板,深市,创业板,801130.SI,纺织服饰,801131.SI,纺织制造,纺织制造,L,20200824,2227,6.1,26.67,1.445,9.091,False,True,True,0,0,0,0,True,
300878.SZ,300878,300878,维康药业,创业板,深市,创业板,801150.SI,医药生物,801155.SI,中药Ⅱ,中药Ⅱ,L,20200824,2227,6.1,29.98,0.604,11.111,False,True,True,0,0,0,0,True,
300879.SZ,300879,300879,大叶股份,创业板,深市,创业板,801890.SI,机械设备,801074.SI,专用设备,专用设备,L,20200901,2219,6.08,17.32,0.0,13.793,False,True,True,0,0,0,0,True,
300880.SZ,300880,300880,迦南智能,创业板,深市,创业板,801730.SI,电力设备,801738.SI,电网设备,电网设备,L,20200901,2219,6.08,18.23,0.0,10.0,False,True,True,0,0,0,0,True,
300881.SZ,300881,300881,盛德鑫泰,创业板,深市,创业板,801040.SI,钢铁,801045.SI,特钢Ⅱ,特钢Ⅱ,L,20200901,2219,6.08,30.0,0.637,10.828,False,True,True,0,0,0,0,True,
300882.SZ,300882,300882,万胜智能,创业板,深市,创业板,801730.SI,电力设备,801738.SI,电网设备,电网设备,L,20200910,2210,6.05,13.2,0.995,27.027,False,True,True,0,0,0,0,True,
300883.SZ,300883,300883,龙利得,创业板,深市,创业板,801140.SI,轻工制造,801141.SI,包装印刷,包装印刷,L,20200910,2210,6.05,6.44,1.899,6.25,False,True,True,0,0,0,0,True,
300884.SZ,300884,300884,狄耐克,创业板,深市,创业板,801750.SI,计算机,801101.SI,计算机设备,计算机设备,L,20201112,2147,5.88,11.94,0.084,11.475,False,True,True,0,0,0,0,True,
300885.SZ,300885,300885,海昌新材,创业板,深市,创业板,801890.SI,机械设备,801072.SI,通用设备,通用设备,L,20200910,2210,6.05,18.56,0.0,11.34,False,True,True,0,0,0,0,True,
300886.SZ,300886,300886,华业香料,创业板,深市,创业板,801980.SI,美容护理,801982.SI,化妆品,化妆品,L,20200916,2204,6.03,24.06,1.734,7.143,False,True,True,0,0,0,0,True,
300887.SZ,300887,300887,谱尼测试,创业板,深市,创业板,801210.SI,社会服务,801218.SI,专业服务,专业服务,L,20200916,2204,6.03,6.97,0.288,8.451,False,True,True,0,0,0,0,True,
300888.SZ,300888,300888,稳健医疗,创业板,深市,创业板,801980.SI,美容护理,801981.SI,个护用品,个护用品,L,20200917,2203,6.03,28.88,-1.231,25.0,False,True,True,0,0,0,0,True,
300889.SZ,300889,300889,爱克股份,创业板,深市,创业板,801080.SI,电子,801084.SI,光学光电子,光学光电子,L,20200916,2204,6.03,21.76,1.825,13.158,False,True,True,0,0,0,0,True,
300890.SZ,300890,300890,翔丰华,创业板,深市,创业板,801730.SI,电力设备,801737.SI,电池,电池,L,20200917,2203,6.03,27.17,6.8,6.061,False,True,True,0,0,0,0,True,
300891.SZ,300891,300891,惠云钛业,创业板,深市,创业板,801030.SI,基础化工,801033.SI,化学原料,化学原料,L,20200917,2203,6.03,7.7,2.667,16.216,False,True,True,0,0,0,0,True,
300892.SZ,300892,300892,品渥食品,创业板,深市,创业板,801120.SI,食品饮料,801127.SI,饮料乳品,饮料乳品,L,20200924,2196,6.01,22.47,0.134,10.435,False,True,True,0,0,0,0,True,
300893.SZ,300893,300893,松原安全,创业板,深市,创业板,801880.SI,汽车,801093.SI,汽车零部件,汽车零部件,L,20200924,2196,6.01,12.61,-4.325,44.444,False,True,True,0,0,0,0,True,
300894.SZ,300894,300894,火星人,创业板,深市,创业板,801110.SI,家用电器,801114.SI,厨卫电器,厨卫电器,L,20201231,2098,5.74,9.95,0.302,15.385,False,True,True,0,0,0,0,True,
300895.SZ,300895,300895,铜牛信息,创业板,深市,创业板,801750.SI,计算机,801103.SI,IT服务Ⅱ,IT服务Ⅱ,L,20200924,2196,6.01,58.47,-1.083,10.667,False,True,True,0,0,0,0,True,
300896.SZ,300896,300896,爱美客,创业板,深市,创业板,801980.SI,美容护理,801983.SI,医疗美容,医疗美容,L,20200928,2192,6.0,91.93,0.327,15.0,False,True,True,0,0,0,0,True,
300897.SZ,300897,300897,山科智能,创业板,深市,创业板,801890.SI,机械设备,801072.SI,通用设备,通用设备,L,20200928,2192,6.0,16.7,-0.595,9.259,False,True,True,0,0,0,0,True,
300898.SZ,300898,300898,熊猫乳品,创业板,深市,创业板,801120.SI,食品饮料,801127.SI,饮料乳品,饮料乳品,L,20201016,2174,5.95,20.12,-0.642,9.804,False,True,True,0,0,0,0,True,
300899.SZ,300899,300899,上海凯鑫,创业板,深市,创业板,801970.SI,环保,801971.SI,环境治理,环境治理,L,20201016,2174,5.95,30.64,3.864,11.111,False,True,True,0,0,0,0,True,
300900.SZ,300900,300900,广联航空,创业板,深市,创业板,801740.SI,国防军工,801742.SI,航空装备Ⅱ,航空装备Ⅱ,L,20201029,2161,5.92,22.1,1.984,8.621,False,True,True,0,0,0,0,True,
300901.SZ,300901,300901,中胤时尚,创业板,深市,创业板,801130.SI,纺织服饰,801132.SI,服装家纺,服装家纺,L,20201029,2161,5.92,16.77,0.239,20.652,False,True,True,0,0,0,0,True,
300902.SZ,300902,300902,国安达,创业板,深市,创业板,801890.SI,机械设备,801074.SI,专用设备,专用设备,L,20201029,2161,5.92,18.17,1.679,13.793,False,True,True,0,0,0,0,True,
300903.SZ,300903,300903,科翔股份,创业板,深市,创业板,801080.SI,电子,801083.SI,元件,元件,L,20201105,2154,5.9,96.5,2.009,19.697,False,True,True,0,0,0,0,True,
300904.SZ,300904,300904,威力传动,创业板,深市,创业板,801730.SI,电力设备,801736.SI,风电设备,风电设备,L,20230809,1147,3.14,46.94,-2.045,16.901,False,True,True,0,0,0,0,True,
300905.SZ,300905,300905,宝丽迪,创业板,深市,创业板,801030.SI,基础化工,801032.SI,化学纤维,化学纤维,L,20201105,2154,5.9,38.05,8.807,9.091,False,True,True,0,0,0,0,True,
300906.SZ,300906,300906,日月明,创业板,深市,创业板,801890.SI,机械设备,801072.SI,通用设备,通用设备,L,20201105,2154,5.9,28.57,1.456,17.808,False,True,True,0,0,0,0,True,
300907.SZ,300907,300907,康平科技,创业板,深市,创业板,801730.SI,电力设备,801731.SI,电机Ⅱ,电机Ⅱ,L,20201118,2141,5.86,51.5,-0.078,12.879,False,True,True,0,0,0,0,True,
300908.SZ,300908,300908,仲景食品,创业板,深市,创业板,801120.SI,食品饮料,801129.SI,调味发酵品Ⅱ,调味发酵品Ⅱ,L,20201123,2136,5.85,16.88,-2.258,8.772,False,True,True,0,0,0,0,True,
300909.SZ,300909,300909,汇创达,创业板,深市,创业板,801080.SI,电子,801084.SI,光学光电子,光学光电子,L,20201118,2141,5.86,66.43,8.546,17.881,False,True,True,0,0,0,0,True,
300910.SZ,300910,300910,瑞丰新材,创业板,深市,创业板,801030.SI,基础化工,801034.SI,化学制品,化学制品,L,20201127,2132,5.84,28.09,2.932,8.511,False,True,True,0,0,0,0,True,
300911.SZ,300911,300911,亿田智能,创业板,深市,创业板,801110.SI,家用电器,801114.SI,厨卫电器,厨卫电器,L,20201203,2126,5.82,32.8,-0.091,19.512,False,True,True,0,0,0,0,True,
300912.SZ,300912,300912,凯龙高科,创业板,深市,创业板,801880.SI,汽车,801093.SI,汽车零部件,汽车零部件,L,20201207,2122,5.81,19.52,0.411,10.0,False,True,True,0,0,0,0,True,
300913.SZ,300913,300913,兆龙互连,创业板,深市,创业板,801770.SI,通信,801102.SI,通信设备,通信设备,L,20201207,2122,5.81,36.25,0.611,16.981,False,True,True,0,0,0,0,True,
300915.SZ,300915,300915,海融科技,创业板,深市,创业板,801120.SI,食品饮料,801127.SI,饮料乳品,饮料乳品,L,20201202,2127,5.82,23.38,0.473,17.476,False,True,True,0,0,0,0,True,
300916.SZ,300916,300916,朗特智能,创业板,深市,创业板,801080.SI,电子,801085.SI,消费电子,消费电子,L,20201202,2127,5.82,27.29,-0.872,13.846,False,True,True,0,0,0,0,True,
300917.SZ,300917,300917,特发服务,创业板,深市,创业板,801180.SI,房地产,801183.SI,房地产服务,房地产服务,L,20201221,2108,5.77,36.18,13.488,16.667,False,True,True,0,0,0,0,True,
300918.SZ,300918,300918,南山智尚,创业板,深市,创业板,801130.SI,纺织服饰,801131.SI,纺织制造,纺织制造,L,20201222,2107,5.77,10.65,-0.467,15.094,False,True,True,0,0,0,0,True,
300919.SZ,300919,300919,中伟新材,创业板,深市,创业板,801730.SI,电力设备,801737.SI,电池,电池,L,20201223,2106,5.77,37.22,2.903,24.242,False,True,True,0,0,0,0,True,
300920.SZ,300920,300920,润阳科技,创业板,深市,创业板,801030.SI,基础化工,801036.SI,塑料,塑料,L,20201225,2104,5.76,30.83,-1.69,11.765,False,True,True,0,0,0,0,True,
300921.SZ,300921,300921,南凌科技,创业板,深市,创业板,801770.SI,通信,801223.SI,通信服务,通信服务,L,20201222,2107,5.77,16.38,4.731,5.625,False,True,True,0,0,0,0,True,
300922.SZ,300922,300922,天秦装备,创业板,深市,创业板,801740.SI,国防军工,801743.SI,地面兵装Ⅱ,地面兵装Ⅱ,L,20201225,2104,5.76,17.06,-0.175,11.111,False,True,True,0,0,0,0,True,
300923.SZ,300923,300923,研奥股份,创业板,深市,创业板,801890.SI,机械设备,801076.SI,轨交设备Ⅱ,轨交设备Ⅱ,L,20201224,2105,5.76,23.97,1.139,12.605,False,True,True,0,0,0,0,True,
300925.SZ,300925,300925,法本信息,创业板,深市,创业板,801750.SI,计算机,801104.SI,软件开发,软件开发,L,20201230,2099,5.75,13.82,1.917,9.722,False,True,True,0,0,0,0,True,
300926.SZ,300926,300926,博俊科技,创业板,深市,创业板,801880.SI,汽车,801093.SI,汽车零部件,汽车零部件,L,20210107,2091,5.72,15.82,-1.248,20.225,False,True,True,0,0,0,0,True,
300927.SZ,300927,300927,江天化学,创业板,深市,创业板,801030.SI,基础化工,801033.SI,化学原料,化学原料,L,20210107,2091,5.72,26.47,-1.194,11.679,False,True,True,0,0,0,0,True,
300928.SZ,300928,300928,华安鑫创,创业板,深市,创业板,801880.SI,汽车,801093.SI,汽车零部件,汽车零部件,L,20210106,2092,5.73,24.67,2.535,9.677,False,True,True,0,0,0,0,True,
300929.SZ,300929,300929,华骐环保,创业板,深市,创业板,801970.SI,环保,801971.SI,环境治理,环境治理,L,20210120,2078,5.69,15.82,1.022,11.111,False,True,True,0,0,0,0,True,
300930.SZ,300930,300930,屹通新材,创业板,深市,创业板,801050.SI,有色金属,801051.SI,金属新材料,金属新材料,L,20210121,2077,5.69,25.87,1.65,8.661,False,True,True,0,0,0,0,True,
300931.SZ,300931,300931,通用电梯,创业板,深市,创业板,801890.SI,机械设备,801074.SI,专用设备,专用设备,L,20210121,2077,5.69,17.03,0.176,9.827,False,True,True,0,0,0,0,True,
300932.SZ,300932,300932,三友联众,创业板,深市,创业板,801730.SI,电力设备,801738.SI,电网设备,电网设备,L,20210122,2076,5.68,11.02,2.037,6.422,False,True,True,0,0,0,0,True,
300933.SZ,300933,300933,中辰股份,创业板,深市,创业板,801730.SI,电力设备,801738.SI,电网设备,电网设备,L,20210122,2076,5.68,6.47,2.698,7.576,False,True,True,0,0,0,0,True,
300935.SZ,300935,300935,盈建科,创业板,深市,创业板,801750.SI,计算机,801104.SI,软件开发,软件开发,L,20210120,2078,5.69,27.56,1.323,13.889,False,True,True,0,0,0,0,True,
300936.SZ,300936,300936,中英科技,创业板,深市,创业板,801080.SI,电子,801083.SI,元件,元件,L,20210126,2072,5.67,73.41,2.257,12.687,False,True,True,0,0,0,0,True,
300937.SZ,300937,300937,药易购,创业板,深市,创业板,801150.SI,医药生物,801154.SI,医药商业,医药商业,L,20210127,2071,5.67,24.09,-0.042,6.073,False,True,True,0,0,0,0,True,
300938.SZ,300938,300938,信测标准,创业板,深市,创业板,801210.SI,社会服务,801218.SI,专业服务,专业服务,L,20210127,2071,5.67,30.93,2.046,13.725,False,True,True,0,0,0,0,True,
300939.SZ,300939,300939,秋田微,创业板,深市,创业板,801080.SI,电子,801084.SI,光学光电子,光学光电子,L,20210128,2070,5.67,99.99,3.136,16.197,False,True,True,0,0,0,0,True,
300940.SZ,300940,300940,南极光,创业板,深市,创业板,801080.SI,电子,801084.SI,光学光电子,光学光电子,L,20210203,2064,5.65,13.61,2.1,7.246,False,True,True,0,0,0,0,True,
300941.SZ,300941,300941,创识科技,创业板,深市,创业板,801750.SI,计算机,801101.SI,计算机设备,计算机设备,L,20210209,2058,5.63,15.14,1.203,7.895,False,True,True,0,0,0,0,True,
300942.SZ,300942,300942,易瑞生物,创业板,深市,创业板,801150.SI,医药生物,801153.SI,医疗器械,医疗器械,L,20210209,2058,5.63,6.58,0.92,10.606,False,True,True,0,0,0,0,True,
300943.SZ,300943,300943,春晖智控,创业板,深市,创业板,801890.SI,机械设备,801072.SI,通用设备,通用设备,L,20210210,2057,5.63,32.43,-1.638,9.884,False,True,True,0,0,0,0,True,
300945.SZ,300945,300945,曼卡龙,创业板,深市,创业板,801130.SI,纺织服饰,801133.SI,饰品,饰品,L,20210210,2057,5.63,11.25,0.987,12.5,False,True,True,0,0,0,0,True,
300946.SZ,300946,300946,恒而达,创业板,深市,创业板,801890.SI,机械设备,801072.SI,通用设备,通用设备,L,20210208,2059,5.64,36.5,0.44,11.828,False,True,True,0,0,0,0,True,
300947.SZ,300947,300947,德必集团,创业板,深市,创业板,801200.SI,商贸零售,801203.SI,一般零售,一般零售,L,20210210,2057,5.63,15.95,4.865,12.0,False,True,True,0,0,0,0,True,
300948.SZ,300948,300948,冠中生态,创业板,深市,创业板,801720.SI,建筑装饰,801723.SI,基础建设,基础建设,L,20210225,2042,5.59,17.86,-1.489,16.667,False,True,True,0,0,0,0,True,
300949.SZ,300949,300949,奥雅股份,创业板,深市,创业板,801720.SI,建筑装饰,801723.SI,基础建设,基础建设,L,20210226,2041,5.59,24.35,2.57,10.345,False,True,True,0,0,0,0,True,
300950.SZ,300950,300950,德固特,创业板,深市,创业板,801890.SI,机械设备,801074.SI,专用设备,专用设备,L,20210303,2036,5.57,20.25,-1.22,18.367,False,True,True,0,0,0,0,True,
300951.SZ,300951,300951,博硕科技,创业板,深市,创业板,801080.SI,电子,801085.SI,消费电子,消费电子,L,20210226,2041,5.59,78.69,-0.518,17.614,False,True,True,0,0,0,0,True,
300952.SZ,300952,300952,恒辉安防,创业板,深市,创业板,801130.SI,纺织服饰,801132.SI,服装家纺,服装家纺,L,20210311,2028,5.55,16.58,-1.31,10.909,False,True,True,0,0,0,0,True,
300953.SZ,300953,300953,震裕科技,创业板,深市,创业板,801730.SI,电力设备,801737.SI,电池,电池,L,20210318,2021,5.53,93.0,-0.8,12.5,False,True,True,0,0,0,0,True,
300955.SZ,300955,300955,嘉亨家化,创业板,深市,创业板,801980.SI,美容护理,801982.SI,化妆品,化妆品,L,20210324,2015,5.52,27.74,-0.502,21.053,False,True,True,0,0,6,6,False,近60日停牌
300956.SZ,300956,300956,英力股份,创业板,深市,创业板,801080.SI,电子,801085.SI,消费电子,消费电子,L,20210326,2013,5.51,11.32,2.629,9.91,False,True,True,0,0,0,0,True,
300957.SZ,300957,300957,贝泰妮,创业板,深市,创业板,801980.SI,美容护理,801982.SI,化妆品,化妆品,L,20210325,2014,5.51,32.31,-0.431,7.692,False,True,True,0,0,0,0,True,
300958.SZ,300958,300958,建工修复,创业板,深市,创业板,801970.SI,环保,801971.SI,环境治理,环境治理,L,20210329,2010,5.5,12.6,1.695,8.13,False,True,True,0,0,0,0,True,
300959.SZ,300959,300959,线上线下,创业板,深市,创业板,801770.SI,通信,801223.SI,通信服务,通信服务,L,20210322,2017,5.52,90.09,4.756,10.345,False,True,True,0,0,0,0,True,
300960.SZ,300960,300960,通业科技,创业板,深市,创业板,801890.SI,机械设备,801076.SI,轨交设备Ⅱ,轨交设备Ⅱ,L,20210329,2010,5.5,19.35,2.003,21.053,False,True,True,0,0,0,0,True,
300961.SZ,300961,300961,深水海纳,创业板,深市,创业板,801970.SI,环保,801971.SI,环境治理,环境治理,L,20210330,2009,5.5,12.13,4.75,11.57,False,True,True,0,0,0,0,True,
300962.SZ,300962,300962,中金辐照,创业板,深市,创业板,801210.SI,社会服务,801218.SI,专业服务,专业服务,L,20210409,1999,5.47,12.92,-0.309,11.364,False,True,True,0,0,0,0,True,
300963.SZ,300963,300963,中洲特材,创业板,深市,创业板,801050.SI,有色金属,801051.SI,金属新材料,金属新材料,L,20210409,1999,5.47,10.72,1.037,10.345,False,True,True,0,0,0,0,True,
300964.SZ,300964,300964,本川智能,创业板,深市,创业板,801080.SI,电子,801083.SI,元件,元件,L,20210805,1881,5.15,74.31,3.381,12.903,False,True,True,0,0,0,0,True,
300965.SZ,300965,300965,恒宇信通,创业板,深市,创业板,801740.SI,国防军工,801742.SI,航空装备Ⅱ,航空装备Ⅱ,L,20210402,2006,5.49,42.44,0.76,14.894,False,True,True,0,0,0,0,True,
300966.SZ,300966,300966,共同药业,创业板,深市,创业板,801150.SI,医药生物,801151.SI,化学制药,化学制药,L,20210409,1999,5.47,25.02,1.132,12.146,False,True,True,0,0,0,0,True,
300967.SZ,300967,300967,晓鸣股份,创业板,深市,创业板,801010.SI,农林牧渔,801017.SI,养殖业,养殖业,L,20210413,1995,5.46,15.94,-1.3,11.834,False,True,True,0,0,0,0,True,
300968.SZ,300968,300968,格林精密,创业板,深市,创业板,801080.SI,电子,801085.SI,消费电子,消费电子,L,20210415,1993,5.46,9.65,1.047,11.538,False,True,True,0,0,0,0,True,
300969.SZ,300969,300969,恒帅股份,创业板,深市,创业板,801880.SI,汽车,801093.SI,汽车零部件,汽车零部件,L,20210412,1996,5.46,74.88,0.429,10.435,False,True,True,0,0,0,0,True,
300970.SZ,300970,300970,华绿生物,创业板,深市,创业板,801010.SI,农林牧渔,801016.SI,种植业,种植业,L,20210412,1996,5.46,16.95,-0.47,10.734,False,True,True,0,0,0,0,True,
300971.SZ,300971,300971,博亚精工,创业板,深市,创业板,801890.SI,机械设备,801074.SI,专用设备,专用设备,L,20210415,1993,5.46,17.8,2.299,8.427,False,True,True,0,0,0,0,True,
300972.SZ,300972,300972,万辰集团,创业板,深市,创业板,801200.SI,商贸零售,801203.SI,一般零售,一般零售,L,20210419,1989,5.45,150.5,-3.278,19.767,False,True,True,0,0,0,0,True,
300973.SZ,300973,300973,立高食品,创业板,深市,创业板,801120.SI,食品饮料,801128.SI,休闲食品,休闲食品,L,20210415,1993,5.46,25.44,-0.274,11.765,False,True,True,0,0,0,0,True,
300975.SZ,300975,300975,商络电子,创业板,深市,创业板,801080.SI,电子,801083.SI,元件,元件,L,20210421,1987,5.44,24.11,0.794,10.526,False,True,True,0,0,0,0,True,
300976.SZ,300976,300976,达瑞电子,创业板,深市,创业板,801080.SI,电子,801085.SI,消费电子,消费电子,L,20210419,1989,5.45,58.37,1.354,10.667,False,True,True,0,0,0,0,True,
300977.SZ,300977,300977,深圳瑞捷,创业板,深市,创业板,801720.SI,建筑装饰,801726.SI,工程咨询服务Ⅱ,工程咨询服务Ⅱ,L,20210420,1988,5.44,19.94,5.503,14.894,False,True,True,0,0,0,0,True,
300978.SZ,300978,300978,东箭科技,创业板,深市,创业板,801880.SI,汽车,801093.SI,汽车零部件,汽车零部件,L,20210426,1982,5.43,8.85,1.259,9.195,False,True,True,0,0,0,0,True,
300979.SZ,300979,300979,华利集团,创业板,深市,创业板,801130.SI,纺织服饰,801131.SI,纺织制造,纺织制造,L,20210426,1982,5.43,33.85,-0.5,44.444,False,True,True,0,0,0,0,True,
300980.SZ,300980,300980,祥源新材,创业板,深市,创业板,801030.SI,基础化工,801036.SI,塑料,塑料,L,20210421,1987,5.44,22.9,-0.348,7.759,False,True,True,0,0,0,0,True,
300981.SZ,300981,300981,中红医疗,创业板,深市,创业板,801150.SI,医药生物,801153.SI,医疗器械,医疗器械,L,20210427,1981,5.42,17.9,-3.608,20.455,False,True,True,0,0,0,0,True,
300982.SZ,300982,300982,苏文电能,创业板,深市,创业板,801720.SI,建筑装饰,801723.SI,基础建设,基础建设,L,20210427,1981,5.42,14.38,1.125,16.216,False,True,True,0,0,0,0,True,
300983.SZ,300983,300983,尤安设计,创业板,深市,创业板,801720.SI,建筑装饰,801726.SI,工程咨询服务Ⅱ,工程咨询服务Ⅱ,L,20210420,1988,5.44,37.93,1.853,17.989,False,True,True,0,0,0,0,True,
300984.SZ,300984,300984,金沃股份,创业板,深市,创业板,801890.SI,机械设备,801072.SI,通用设备,通用设备,L,20210618,1929,5.28,32.9,6.507,12.821,False,True,True,0,0,0,0,True,
300985.SZ,300985,300985,致远新能,创业板,深市,创业板,801890.SI,机械设备,801072.SI,通用设备,通用设备,L,20210429,1979,5.42,34.79,-0.287,15.789,False,True,True,0,0,0,0,True,
300986.SZ,300986,300986,志特新材,创业板,深市,创业板,801720.SI,建筑装饰,801724.SI,专业工程,专业工程,L,20210430,1978,5.42,11.15,0.996,10.345,False,True,True,0,0,0,0,True,
300987.SZ,300987,300987,川网传媒,创业板,深市,创业板,801760.SI,传媒,801767.SI,数字媒体,数字媒体,L,20210511,1967,5.39,14.59,3.843,7.483,False,True,True,0,0,0,0,True,
300988.SZ,300988,300988,津荣天宇,创业板,深市,创业板,801890.SI,机械设备,801074.SI,专用设备,专用设备,L,20210512,1966,5.38,16.55,2.54,11.688,False,True,True,0,0,0,0,True,
300989.SZ,300989,300989,蕾奥规划,创业板,深市,创业板,801720.SI,建筑装饰,801726.SI,工程咨询服务Ⅱ,工程咨询服务Ⅱ,L,20210507,1971,5.4,14.85,0.815,12.925,False,True,True,0,0,0,0,True,
300990.SZ,300990,300990,同飞股份,创业板,深市,创业板,801890.SI,机械设备,801072.SI,通用设备,通用设备,L,20210512,1966,5.38,98.41,-0.696,14.063,False,True,True,0,0,0,0,True,
300991.SZ,300991,300991,创益通,创业板,深市,创业板,801080.SI,电子,801082.SI,其他电子Ⅱ,其他电子Ⅱ,L,20210520,1958,5.36,27.14,3.588,15.584,False,True,True,0,0,0,0,True,
300992.SZ,300992,300992,泰福泵业,创业板,深市,创业板,801890.SI,机械设备,801072.SI,通用设备,通用设备,L,20210525,1953,5.35,27.69,0.0,16.667,False,True,True,0,0,0,0,True,
300993.SZ,300993,300993,玉马科技,创业板,深市,创业板,801140.SI,轻工制造,801142.SI,家居用品,家居用品,L,20210524,1954,5.35,9.82,1.029,13.0,False,True,True,0,0,0,0,True,
300994.SZ,300994,300994,久祺股份,创业板,深市,创业板,801880.SI,汽车,801881.SI,摩托车及其他,摩托车及其他,L,20210812,1874,5.13,11.55,1.673,8.929,False,True,True,0,0,0,0,True,
300995.SZ,300995,300995,奇德新材,创业板,深市,创业板,801030.SI,基础化工,801036.SI,塑料,塑料,L,20210526,1952,5.34,26.48,1.651,7.692,False,True,True,0,0,0,0,True,
300996.SZ,300996,300996,普联软件,创业板,深市,创业板,801750.SI,计算机,801104.SI,软件开发,软件开发,L,20210603,1944,5.32,12.2,1.245,7.937,False,True,True,0,0,4,4,False,近60日停牌
300997.SZ,300997,300997,欢乐家,创业板,深市,创业板,801120.SI,食品饮料,801127.SI,饮料乳品,饮料乳品,L,20210602,1945,5.33,14.92,-1.127,17.857,False,True,True,0,0,0,0,True,
300998.SZ,300998,300998,宁波方正,创业板,深市,创业板,801880.SI,汽车,801093.SI,汽车零部件,汽车零部件,L,20210602,1945,5.33,29.28,-0.136,13.158,False,True,True,0,0,0,0,True,
300999.SZ,300999,300999,金龙鱼,创业板,深市,创业板,801010.SI,农林牧渔,801012.SI,农产品加工,农产品加工,L,20201015,2175,5.95,23.97,-0.869,14.286,False,True,True,0,0,0,0,True,
301000.SZ,301000,301000,肇民科技,创业板,深市,创业板,801880.SI,汽车,801093.SI,汽车零部件,汽车零部件,L,20210528,1950,5.34,23.52,-0.885,18.367,False,True,True,0,0,0,0,True,
301001.SZ,301001,301001,凯淳股份,创业板,深市,创业板,801200.SI,商贸零售,801206.SI,互联网电商,互联网电商,L,20210528,1950,5.34,25.79,1.897,8.8,False,True,True,0,0,0,0,True,
301002.SZ,301002,301002,崧盛股份,创业板,深市,创业板,801730.SI,电力设备,801738.SI,电网设备,电网设备,L,20210607,1940,5.31,28.07,6.771,7.246,False,True,True,0,0,0,0,True,
301003.SZ,301003,301003,江苏博云,创业板,深市,创业板,801030.SI,基础化工,801036.SI,塑料,塑料,L,20210601,1946,5.33,57.26,1.525,13.684,False,True,True,0,0,0,0,True,
301004.SZ,301004,301004,嘉益股份,创业板,深市,创业板,801140.SI,轻工制造,801142.SI,家居用品,家居用品,L,20210625,1922,5.26,36.49,-4.676,62.222,False,True,True,0,0,0,0,True,
301005.SZ,301005,301005,超捷股份,创业板,深市,创业板,801880.SI,汽车,801093.SI,汽车零部件,汽车零部件,L,20210601,1946,5.33,57.37,-1.696,19.355,False,True,True,0,0,0,0,True,
301006.SZ,301006,301006,迈拓股份,创业板,深市,创业板,801890.SI,机械设备,801072.SI,通用设备,通用设备,L,20210607,1940,5.31,14.1,2.471,11.111,False,True,True,0,0,0,0,True,
301007.SZ,301007,301007,德迈仕,创业板,深市,创业板,801880.SI,汽车,801093.SI,汽车零部件,汽车零部件,L,20210616,1931,5.29,31.7,4.276,12.987,False,True,True,0,0,0,0,True,
301008.SZ,301008,301008,宏昌科技,创业板,深市,创业板,801110.SI,家用电器,801116.SI,家电零部件Ⅱ,家电零部件Ⅱ,L,20210611,1936,5.3,54.5,-1.625,11.511,False,True,True,0,0,0,0,True,
301009.SZ,301009,301009,可靠股份,创业板,深市,创业板,801980.SI,美容护理,801981.SI,个护用品,个护用品,L,20210617,1930,5.28,9.31,1.196,7.778,False,True,True,0,0,0,0,True,
301010.SZ,301010,301010,晶雪节能,创业板,深市,创业板,801710.SI,建筑材料,801713.SI,装修建材,装修建材,L,20210618,1929,5.28,19.7,1.233,16.667,False,True,True,0,0,0,0,True,
301011.SZ,301011,301011,华立科技,创业板,深市,创业板,801140.SI,轻工制造,801145.SI,文娱用品,文娱用品,L,20210617,1930,5.28,15.66,2.019,11.765,False,True,True,0,0,0,0,True,
301012.SZ,301012,301012,扬电科技,创业板,深市,创业板,801730.SI,电力设备,801738.SI,电网设备,电网设备,L,20210622,1925,5.27,22.09,-0.361,14.103,False,True,True,0,0,0,0,True,
301013.SZ,301013,301013,利和兴,创业板,深市,创业板,801890.SI,机械设备,801074.SI,专用设备,专用设备,L,20210629,1918,5.25,34.0,-1.563,13.99,False,True,True,0,0,0,0,True,
301015.SZ,301015,301015,百洋医药,创业板,深市,创业板,801150.SI,医药生物,801154.SI,医药商业,医药商业,L,20210630,1917,5.25,25.04,0.361,14.815,False,True,True,0,0,0,0,True,
301016.SZ,301016,301016,雷尔伟,创业板,深市,创业板,801890.SI,机械设备,801076.SI,轨交设备Ⅱ,轨交设备Ⅱ,L,20210630,1917,5.25,15.27,1.059,25.517,False,True,True,0,0,0,0,True,
301017.SZ,301017,301017,漱玉平民,创业板,深市,创业板,801150.SI,医药生物,801154.SI,医药商业,医药商业,L,20210705,1912,5.23,14.04,8.25,9.091,False,True,True,0,0,0,0,True,
301018.SZ,301018,301018,申菱环境,创业板,深市,创业板,801890.SI,机械设备,801072.SI,通用设备,通用设备,L,20210707,1910,5.23,91.5,-0.262,12.5,False,True,True,0,0,0,0,True,
301019.SZ,301019,301019,宁波色母,创业板,深市,创业板,801030.SI,基础化工,801036.SI,塑料,塑料,L,20210628,1919,5.25,15.9,1.533,10.39,False,True,True,0,0,0,0,True,
301020.SZ,301020,301020,密封科技,创业板,深市,创业板,801880.SI,汽车,801093.SI,汽车零部件,汽车零部件,L,20210706,1911,5.23,22.17,-2.033,15.493,False,True,True,0,0,0,0,True,
301021.SZ,301021,301021,英诺激光,创业板,深市,创业板,801890.SI,机械设备,801078.SI,自动化设备,自动化设备,L,20210706,1911,5.23,80.29,-1.06,15.596,False,True,True,0,0,0,0,True,
301022.SZ,301022,301022,海泰科,创业板,深市,创业板,801880.SI,汽车,801093.SI,汽车零部件,汽车零部件,L,20210702,1915,5.24,22.57,1.712,9.333,False,True,True,0,0,0,0,True,
301023.SZ,301023,301023,奕帆传动,创业板,深市,创业板,801730.SI,电力设备,801731.SI,电机Ⅱ,电机Ⅱ,L,20210707,1910,5.23,30.18,4.285,6.944,False,True,True,0,0,0,0,True,
301024.SZ,301024,301024,霍普股份,创业板,深市,创业板,801720.SI,建筑装饰,801726.SI,工程咨询服务Ⅱ,工程咨询服务Ⅱ,L,20210728,1889,5.17,33.88,0.863,11.009,False,True,True,0,0,0,0,True,
301025.SZ,301025,301025,读客文化,创业板,深市,创业板,801760.SI,传媒,801769.SI,出版,出版,L,20210719,1898,5.2,10.1,2.642,7.0,False,True,True,0,0,0,0,True,
301026.SZ,301026,301026,浩通科技,创业板,深市,创业板,801050.SI,有色金属,801054.SI,小金属,小金属,L,20210716,1901,5.2,18.61,0.977,11.823,False,True,True,0,0,0,0,True,
301027.SZ,301027,301027,华蓝集团,创业板,深市,创业板,801720.SI,建筑装饰,801726.SI,工程咨询服务Ⅱ,工程咨询服务Ⅱ,L,20210715,1902,5.21,18.42,-1.917,8.374,False,True,True,0,0,0,0,True,
301028.SZ,301028,301028,鼎熔岩,创业板,深市,创业板,801890.SI,机械设备,801072.SI,通用设备,通用设备,L,20210720,1897,5.19,13.16,0.92,9.091,False,True,True,0,0,0,0,True,
301029.SZ,301029,301029,怡合达,创业板,深市,创业板,801890.SI,机械设备,801078.SI,自动化设备,自动化设备,L,20210723,1894,5.19,24.25,-0.492,11.905,False,True,True,0,0,0,0,True,
301030.SZ,301030,301030,*ST仕净,创业板,深市,创业板,801970.SI,环保,801972.SI,环保设备Ⅱ,环保设备Ⅱ,L,20210722,1895,5.19,4.97,2.474,13.725,True,True,True,0,0,0,0,False,ST
301031.SZ,301031,301031,中熔电气,创业板,深市,创业板,801080.SI,电子,801082.SI,其他电子Ⅱ,其他电子Ⅱ,L,20210715,1902,5.21,95.34,1.178,11.94,False,True,True,0,0,0,0,True,
301032.SZ,301032,301032,新柴股份,创业板,深市,创业板,801890.SI,机械设备,801072.SI,通用设备,通用设备,L,20210722,1895,5.19,10.44,1.556,7.921,False,True,True,0,0,0,0,True,
301033.SZ,301033,301033,迈普医学,创业板,深市,创业板,801150.SI,医药生物,801153.SI,医疗器械,医疗器械,L,20210726,1891,5.18,53.39,-1.001,10.127,False,True,True,0,0,0,0,True,
301035.SZ,301035,301035,润丰股份,创业板,深市,创业板,801030.SI,基础化工,801038.SI,农化制品,农化制品,L,20210728,1889,5.17,48.88,0.226,23.596,False,True,True,0,0,0,0,True,
301036.SZ,301036,301036,双乐股份,创业板,深市,创业板,801030.SI,基础化工,801034.SI,化学制品,化学制品,L,20210729,1888,5.17,22.65,1.752,12.727,False,True,True,0,0,0,0,True,
301037.SZ,301037,301037,保立佳,创业板,深市,创业板,801030.SI,基础化工,801034.SI,化学制品,化学制品,L,20210730,1887,5.17,13.35,1.444,9.302,False,True,True,0,0,0,0,True,
301038.SZ,301038,301038,深水规院,创业板,深市,创业板,801720.SI,建筑装饰,801726.SI,工程咨询服务Ⅱ,工程咨询服务Ⅱ,L,20210804,1882,5.15,17.41,6.418,14.286,False,True,True,0,0,0,0,True,
301039.SZ,301039,301039,中集车辆,创业板,深市,创业板,801880.SI,汽车,801096.SI,商用车,商用车,L,20210708,1909,5.23,7.15,-1.515,14.103,False,True,True,0,0,0,0,True,
301040.SZ,301040,301040,中环海陆,创业板,深市,创业板,801730.SI,电力设备,801736.SI,风电设备,风电设备,L,20210803,1883,5.16,26.3,1.623,12.36,False,True,True,0,0,0,0,True,
301041.SZ,301041,301041,金百泽,创业板,深市,创业板,801080.SI,电子,801083.SI,元件,元件,L,20210811,1875,5.13,39.49,12.124,10.106,False,True,True,0,0,0,0,True,
301042.SZ,301042,301042,安联锐视,创业板,深市,创业板,801750.SI,计算机,801101.SI,计算机设备,计算机设备,L,20210805,1881,5.15,29.61,1.404,12.903,False,True,True,0,0,0,0,True,
301043.SZ,301043,301043,绿岛风,创业板,深市,创业板,801890.SI,机械设备,801072.SI,通用设备,通用设备,L,20210811,1875,5.13,48.46,0.228,17.143,False,True,True,0,0,0,0,True,
301045.SZ,301045,301045,天禄科技,创业板,深市,创业板,801080.SI,电子,801084.SI,光学光电子,光学光电子,L,20210813,1873,5.13,65.68,-1.411,12.987,False,True,True,0,0,0,0,True,
301046.SZ,301046,301046,能辉科技,创业板,深市,创业板,801720.SI,建筑装饰,801724.SI,专业工程,专业工程,L,20210817,1869,5.12,33.43,-0.654,18.75,False,True,True,0,0,0,0,True,
301047.SZ,301047,301047,义翘神州,创业板,深市,创业板,801150.SI,医药生物,801152.SI,生物制品,生物制品,L,20210816,1870,5.12,143.26,-1.877,32.075,False,True,True,0,0,0,0,True,
301048.SZ,301048,301048,金鹰重工,创业板,深市,创业板,801890.SI,机械设备,801076.SI,轨交设备Ⅱ,轨交设备Ⅱ,L,20210818,1868,5.11,9.06,1.683,21.978,False,True,True,0,0,0,0,True,
301049.SZ,301049,301049,超越科技,创业板,深市,创业板,801970.SI,环保,801971.SI,环境治理,环境治理,L,20210824,1862,5.1,21.06,3.337,7.921,False,True,True,0,0,0,0,True,
301050.SZ,301050,301050,雷电微力,创业板,深市,创业板,801740.SI,国防军工,801745.SI,军工电子Ⅱ,军工电子Ⅱ,L,20210824,1862,5.1,26.92,-0.148,18.75,False,True,True,0,0,0,0,True,
301051.SZ,301051,301051,信濠光电,创业板,深市,创业板,801080.SI,电子,801085.SI,消费电子,消费电子,L,20210827,1859,5.09,17.83,3.123,13.333,False,True,True,0,0,0,0,True,
301052.SZ,301052,301052,果麦文化,创业板,深市,创业板,801760.SI,传媒,801769.SI,出版,出版,L,20210830,1856,5.08,24.61,4.236,8.197,False,True,True,0,0,0,0,True,
301053.SZ,301053,301053,远信工业,创业板,深市,创业板,801890.SI,机械设备,801074.SI,专用设备,专用设备,L,20210901,1854,5.08,33.82,-2.62,17.808,False,True,True,0,0,0,0,True,
301055.SZ,301055,301055,张小泉,创业板,深市,创业板,801140.SI,轻工制造,801142.SI,家居用品,家居用品,L,20210906,1849,5.06,29.69,-0.034,14.667,False,True,True,0,0,0,0,True,
301056.SZ,301056,301056,森赫股份,创业板,深市,创业板,801890.SI,机械设备,801074.SI,专用设备,专用设备,L,20210907,1848,5.06,13.03,-0.306,24.638,False,True,True,0,0,0,0,True,
301057.SZ,301057,301057,汇隆新材,创业板,深市,创业板,801030.SI,基础化工,801032.SI,化学纤维,化学纤维,L,20210909,1846,5.05,23.93,7.021,17.544,False,True,True,0,0,0,0,True,
301058.SZ,301058,301058,中粮科工,创业板,深市,创业板,801720.SI,建筑装饰,801726.SI,工程咨询服务Ⅱ,工程咨询服务Ⅱ,L,20210909,1846,5.05,8.49,1.192,10.227,False,True,True,0,0,0,0,True,
301059.SZ,301059,301059,金三江,创业板,深市,创业板,801030.SI,基础化工,801034.SI,化学制品,化学制品,L,20210913,1842,5.04,13.0,-0.383,14.05,False,True,True,0,0,0,0,True,
301060.SZ,301060,301060,兰卫医学,创业板,深市,创业板,801150.SI,医药生物,801156.SI,医疗服务,医疗服务,L,20210913,1842,5.04,11.78,-0.591,13.793,False,True,True,0,0,0,0,True,
301061.SZ,301061,301061,匠心家居,创业板,深市,创业板,801140.SI,轻工制造,801142.SI,家居用品,家居用品,L,20210913,1842,5.04,40.19,-2.64,23.529,False,True,True,0,0,0,0,True,
301062.SZ,301062,301062,上海艾录,创业板,深市,创业板,801140.SI,轻工制造,801141.SI,包装印刷,包装印刷,L,20210914,1841,5.04,6.93,1.02,11.429,False,True,True,0,0,0,0,True,
301063.SZ,301063,301063,海锅股份,创业板,深市,创业板,801890.SI,机械设备,801074.SI,专用设备,专用设备,L,20210924,1831,5.01,19.14,3.292,13.333,False,True,True,0,0,0,0,True,
301065.SZ,301065,301065,本立科技,创业板,深市,创业板,801150.SI,医药生物,801151.SI,化学制药,化学制药,L,20210914,1841,5.04,20.04,0.2,9.278,False,True,True,0,0,0,0,True,
301066.SZ,301066,301066,万事利,创业板,深市,创业板,801130.SI,纺织服饰,801131.SI,纺织制造,纺织制造,L,20210922,1833,5.02,12.43,0.323,11.2,False,True,True,0,0,0,0,True,
301067.SZ,301067,301067,显盈科技,创业板,深市,创业板,801080.SI,电子,801085.SI,消费电子,消费电子,L,20210922,1833,5.02,32.9,0.766,11.043,False,True,True,0,0,0,0,True,
301068.SZ,301068,301068,大地海洋,创业板,深市,创业板,801970.SI,环保,801971.SI,环境治理,环境治理,L,20210928,1827,5.0,23.64,-0.839,17.91,False,True,True,0,0,0,0,True,
301069.SZ,301069,301069,凯盛新材,创业板,深市,创业板,801030.SI,基础化工,801033.SI,化学原料,化学原料,L,20210927,1828,5.0,15.47,0.848,29.63,False,True,True,0,0,0,0,True,
301070.SZ,301070,301070,开勒股份,创业板,深市,创业板,801890.SI,机械设备,801072.SI,通用设备,通用设备,L,20210923,1832,5.02,64.55,0.28,8.589,False,True,True,0,0,0,0,True,
301071.SZ,301071,301071,力量钻石,创业板,深市,创业板,801030.SI,基础化工,801039.SI,非金属材料Ⅱ,非金属材料Ⅱ,L,20210924,1831,5.01,63.78,-3.334,9.302,False,True,True,0,0,0,0,True,
301072.SZ,301072,301072,中捷精工,创业板,深市,创业板,801880.SI,汽车,801093.SI,汽车零部件,汽车零部件,L,20210929,1826,5.0,45.16,-0.287,14.907,False,True,True,0,0,0,0,True,
301073.SZ,301073,301073,君亭酒店,创业板,深市,创业板,801210.SI,社会服务,801219.SI,酒店餐饮,酒店餐饮,L,20210930,1825,5.0,17.14,-0.407,15.556,False,True,True,0,0,0,0,True,
301075.SZ,301075,301075,多瑞医药,创业板,深市,创业板,801150.SI,医药生物,801151.SI,化学制药,化学制药,L,20210929,1826,5.0,64.02,0.282,20.0,False,True,True,0,0,0,0,True,
301076.SZ,301076,301076,新瀚新材,创业板,深市,创业板,801030.SI,基础化工,801034.SI,化学制品,化学制品,L,20211011,1814,4.97,20.61,0.635,12.963,False,True,True,0,0,0,0,True,
301077.SZ,301077,301077,星华新材,创业板,深市,创业板,801030.SI,基础化工,801034.SI,化学制品,化学制品,L,20210930,1825,5.0,21.49,0.561,8.333,False,True,True,0,0,0,0,True,
301078.SZ,301078,301078,孩子王,创业板,深市,创业板,801200.SI,商贸零售,801204.SI,专业连锁Ⅱ,专业连锁Ⅱ,L,20211014,1811,4.96,6.86,0.146,11.111,False,True,True,0,0,0,0,True,
301079.SZ,301079,301079,邵阳液压,创业板,深市,创业板,801890.SI,机械设备,801077.SI,工程机械,工程机械,L,20211019,1806,4.94,26.69,-1.075,7.971,False,True,True,0,0,0,0,True,
301080.SZ,301080,301080,百普赛斯,创业板,深市,创业板,801150.SI,医药生物,801152.SI,生物制品,生物制品,L,20211018,1807,4.95,123.0,1.804,7.353,False,True,True,0,0,0,0,True,
301081.SZ,301081,301081,严牌股份,创业板,深市,创业板,801970.SI,环保,801972.SI,环保设备Ⅱ,环保设备Ⅱ,L,20211020,1805,4.94,18.78,6.765,23.03,False,True,True,0,0,0,0,True,
301082.SZ,301082,301082,久盛电气,创业板,深市,创业板,801730.SI,电力设备,801738.SI,电网设备,电网设备,L,20211027,1798,4.92,9.64,0.942,10.0,False,True,True,0,0,0,0,True,
301083.SZ,301083,301083,百胜智能,创业板,深市,创业板,801890.SI,机械设备,801074.SI,专用设备,专用设备,L,20211021,1804,4.94,14.36,0.701,10.714,False,True,True,0,0,0,0,True,
301085.SZ,301085,301085,亚康股份,创业板,深市,创业板,801750.SI,计算机,801103.SI,IT服务Ⅱ,IT服务Ⅱ,L,20211018,1807,4.95,76.33,0.197,16.412,False,True,True,0,0,0,0,True,
301086.SZ,301086,301086,鸿富瀚,创业板,深市,创业板,801080.SI,电子,801085.SI,消费电子,消费电子,L,20211020,1805,4.94,157.31,-0.43,13.889,False,True,True,0,0,0,0,True,
301087.SZ,301087,301087,可孚医疗,创业板,深市,创业板,801150.SI,医药生物,801153.SI,医疗器械,医疗器械,L,20211025,1800,4.93,52.69,-1.014,11.719,False,True,True,0,0,0,0,True,
301088.SZ,301088,301088,戎美股份,创业板,深市,创业板,801130.SI,纺织服饰,801132.SI,服装家纺,服装家纺,L,20211028,1797,4.92,13.61,2.254,25.373,False,True,True,0,0,0,0,True,
301089.SZ,301089,301089,拓新药业,创业板,深市,创业板,801150.SI,医药生物,801151.SI,化学制药,化学制药,L,20211027,1798,4.92,24.18,-0.983,10.084,False,True,True,0,0,0,0,True,
301090.SZ,301090,301090,华润材料,创业板,深市,创业板,801030.SI,基础化工,801036.SI,塑料,塑料,L,20211026,1799,4.93,6.88,-0.722,29.577,False,True,True,0,0,0,0,True,
301091.SZ,301091,301091,深城交,创业板,深市,创业板,801720.SI,建筑装饰,801726.SI,工程咨询服务Ⅱ,工程咨询服务Ⅱ,L,20211029,1796,4.92,20.23,3.797,23.404,False,True,True,0,0,0,0,True,
301092.SZ,301092,301092,争光股份,创业板,深市,创业板,801030.SI,基础化工,801036.SI,塑料,塑料,L,20211102,1792,4.91,42.6,0.495,6.787,False,True,True,0,0,0,0,True,
301093.SZ,301093,301093,华兰股份,创业板,深市,创业板,801150.SI,医药生物,801153.SI,医疗器械,医疗器械,L,20211101,1793,4.91,63.11,-0.426,22.642,False,True,True,0,0,0,0,True,
301095.SZ,301095,301095,广立微,创业板,深市,创业板,801750.SI,计算机,801104.SI,软件开发,软件开发,L,20220805,1516,4.15,70.42,-0.198,8.602,False,True,True,0,0,0,0,True,
301096.SZ,301096,301096,百诚医药,创业板,深市,创业板,801150.SI,医药生物,801156.SI,医疗服务,医疗服务,L,20211220,1744,4.77,47.09,2.392,12.195,False,True,True,0,0,0,6,True,
301097.SZ,301097,301097,天益医疗,创业板,深市,创业板,801150.SI,医药生物,801153.SI,医疗器械,医疗器械,L,20220407,1636,4.48,34.52,0.349,6.977,False,True,True,0,0,0,0,True,
301098.SZ,301098,301098,金埔园林,创业板,深市,创业板,801720.SI,建筑装饰,801723.SI,基础建设,基础建设,L,20211112,1782,4.88,8.74,1.746,9.091,False,True,True,0,0,0,0,True,
301099.SZ,301099,301099,雅创电子,创业板,深市,创业板,801080.SI,电子,801082.SI,其他电子Ⅱ,其他电子Ⅱ,L,20211122,1772,4.85,54.28,-3.895,7.065,False,True,True,0,0,0,0,True,
301100.SZ,301100,301100,风光股份,创业板,深市,创业板,801030.SI,基础化工,801034.SI,化学制品,化学制品,L,20211217,1747,4.78,16.04,-0.434,8.805,False,True,True,0,0,0,0,True,
301101.SZ,301101,301101,明月镜片,创业板,深市,创业板,801140.SI,轻工制造,801145.SI,文娱用品,文娱用品,L,20211216,1748,4.79,30.23,1.104,9.184,False,True,True,0,0,0,0,True,
301102.SZ,301102,301102,兆讯传媒,创业板,深市,创业板,801760.SI,传媒,801765.SI,广告营销,广告营销,L,20220328,1646,4.51,9.53,0.953,26.531,False,True,True,0,0,0,0,True,
301103.SZ,301103,301103,何氏眼科,创业板,深市,创业板,801150.SI,医药生物,801156.SI,医疗服务,医疗服务,L,20220322,1652,4.52,17.02,3.465,10.909,False,True,True,0,0,0,0,True,
301105.SZ,301105,301105,鸿铭股份,创业板,深市,创业板,801890.SI,机械设备,801074.SI,专用设备,专用设备,L,20221230,1369,3.75,49.22,2.222,9.016,False,True,True,0,0,0,0,True,
301106.SZ,301106,301106,骏成科技,创业板,深市,创业板,801080.SI,电子,801084.SI,光学光电子,光学光电子,L,20220128,1705,4.67,18.93,1.284,8.205,False,True,True,0,0,0,0,True,
301107.SZ,301107,301107,瑜欣电子,创业板,深市,创业板,801890.SI,机械设备,801072.SI,通用设备,通用设备,L,20220524,1589,4.35,23.99,2.042,15.517,False,True,True,0,0,0,0,True,
301108.SZ,301108,301108,洁雅股份,创业板,深市,创业板,801980.SI,美容护理,801981.SI,个护用品,个护用品,L,20211203,1761,4.82,55.39,5.404,27.692,False,True,True,0,0,0,0,True,
301109.SZ,301109,301109,军信股份,创业板,深市,创业板,801970.SI,环保,801971.SI,环境治理,环境治理,L,20220413,1630,4.46,12.72,1.274,8.889,False,True,True,0,0,0,0,True,
301110.SZ,301110,301110,青木科技,创业板,深市,创业板,801200.SI,商贸零售,801206.SI,互联网电商,互联网电商,L,20220311,1663,4.55,36.2,2.55,8.696,False,True,True,0,0,0,0,True,
301111.SZ,301111,301111,粤万年青,创业板,深市,创业板,801150.SI,医药生物,801155.SI,中药Ⅱ,中药Ⅱ,L,20211207,1757,4.81,22.0,1.711,9.502,False,True,True,0,0,0,0,True,
301112.SZ,301112,301112,信邦智能,创业板,深市,创业板,801890.SI,机械设备,801078.SI,自动化设备,自动化设备,L,20220629,1553,4.25,29.84,1.29,16.34,False,True,True,0,0,0,0,True,
301113.SZ,301113,301113,雅艺科技,创业板,深市,创业板,801140.SI,轻工制造,801142.SI,家居用品,家居用品,L,20211222,1742,4.77,17.79,1.252,14.118,False,True,True,0,0,0,0,True,
301115.SZ,301115,301115,联检科技,创业板,深市,创业板,801210.SI,社会服务,801218.SI,专业服务,专业服务,L,20220831,1490,4.08,34.43,1.563,20.787,False,True,True,0,0,0,0,True,
301116.SZ,301116,301116,益客食品,创业板,深市,创业板,801010.SI,农林牧渔,801017.SI,养殖业,养殖业,L,20220118,1715,4.7,9.18,0.218,12.903,False,True,True,0,0,0,0,True,
301117.SZ,301117,301117,ST佳缘,创业板,深市,创业板,801750.SI,计算机,801101.SI,计算机设备,计算机设备,L,20220117,1716,4.7,12.12,1.763,14.634,True,True,True,0,2,2,2,False,ST、近60日停牌
301118.SZ,301118,301118,恒光股份,创业板,深市,创业板,801030.SI,基础化工,801033.SI,化学原料,化学原料,L,20211118,1776,4.86,23.2,0.389,7.759,False,True,True,0,0,0,0,True,
301119.SZ,301119,301119,正强股份,创业板,深市,创业板,801880.SI,汽车,801093.SI,汽车零部件,汽车零部件,L,20211122,1772,4.85,26.07,-0.648,15.385,False,True,True,0,0,0,0,True,
301120.SZ,301120,301120,新特电气,创业板,深市,创业板,801730.SI,电力设备,801738.SI,电网设备,电网设备,L,20220419,1624,4.45,14.39,1.696,6.667,False,True,True,0,0,0,0,True,
301121.SZ,301121,301121,紫建电子,创业板,深市,创业板,801730.SI,电力设备,801737.SI,电池,电池,L,20220808,1513,4.14,35.92,1.469,16.0,False,True,True,0,0,0,0,True,
301122.SZ,301122,301122,采纳股份,创业板,深市,创业板,801150.SI,医药生物,801153.SI,医疗器械,医疗器械,L,20220126,1707,4.67,67.91,4.945,12.575,False,True,True,0,0,0,0,True,
301123.SZ,301123,301123,奕东电子,创业板,深市,创业板,801080.SI,电子,801085.SI,消费电子,消费电子,L,20220125,1708,4.68,69.95,0.158,9.16,False,True,True,0,0,0,0,True,
301125.SZ,301125,301125,腾亚精工,创业板,深市,创业板,801890.SI,机械设备,801072.SI,通用设备,通用设备,L,20220608,1574,4.31,14.79,2.923,14.493,False,True,True,0,0,0,0,True,
301126.SZ,301126,301126,达嘉维康,创业板,深市,创业板,801150.SI,医药生物,801154.SI,医药商业,医药商业,L,20211207,1757,4.81,10.54,2.231,6.863,False,True,True,0,0,0,0,True,
301127.SZ,301127,301127,武汉天源,创业板,深市,创业板,801970.SI,环保,801971.SI,环境治理,环境治理,L,20211230,1734,4.75,15.47,2.859,15.029,False,True,True,0,0,0,0,True,
301128.SZ,301128,301128,强瑞技术,创业板,深市,创业板,801890.SI,机械设备,801074.SI,专用设备,专用设备,L,20211110,1784,4.88,107.6,0.0,13.333,False,True,True,0,0,0,0,True,
301129.SZ,301129,301129,瑞纳智能,创业板,深市,创业板,801890.SI,机械设备,801072.SI,通用设备,通用设备,L,20211102,1792,4.91,23.73,0.254,5.085,False,True,True,0,0,0,0,True,
301130.SZ,301130,301130,西点药业,创业板,深市,创业板,801150.SI,医药生物,801151.SI,化学制药,化学制药,L,20220223,1679,4.6,27.98,-0.604,8.451,False,True,True,0,0,0,0,True,
301131.SZ,301131,301131,聚赛龙,创业板,深市,创业板,801030.SI,基础化工,801036.SI,塑料,塑料,L,20220314,1660,4.54,34.05,2.963,8.434,False,True,True,0,0,0,0,True,
301132.SZ,301132,301132,满坤科技,创业板,深市,创业板,801080.SI,电子,801083.SI,元件,元件,L,20220810,1511,4.14,71.42,10.301,13.043,False,True,True,0,0,0,0,True,
301133.SZ,301133,301133,金钟股份,创业板,深市,创业板,801880.SI,汽车,801093.SI,汽车零部件,汽车零部件,L,20211126,1768,4.84,25.81,0.86,17.391,False,True,True,0,0,0,0,True,
301135.SZ,301135,301135,瑞德智能,创业板,深市,创业板,801110.SI,家用电器,801116.SI,家电零部件Ⅱ,家电零部件Ⅱ,L,20220412,1631,4.47,18.49,2.608,10.588,False,True,True,0,0,0,0,True,
301136.SZ,301136,301136,招标股份,创业板,深市,创业板,801720.SI,建筑装饰,801726.SI,工程咨询服务Ⅱ,工程咨询服务Ⅱ,L,20220111,1722,4.71,12.35,-3.137,8.871,False,True,True,0,0,0,0,True,
301137.SZ,301137,301137,哈焊华通,创业板,深市,创业板,801890.SI,机械设备,801072.SI,通用设备,通用设备,L,20220322,1652,4.52,30.13,0.904,15.0,False,True,True,0,0,0,0,True,
301138.SZ,301138,301138,华研精机,创业板,深市,创业板,801890.SI,机械设备,801074.SI,专用设备,专用设备,L,20211215,1749,4.79,28.75,1.197,12.903,False,True,True,0,0,0,0,True,
301139.SZ,301139,301139,元道退,创业板,深市,创业板,801770.SI,通信,801223.SI,通信服务,通信服务,L,20220708,1544,4.23,,,,True,True,False,20,21,21,21,False,ST、近60日停牌、无最新行情
301141.SZ,301141,301141,中科磁业,创业板,深市,创业板,801050.SI,有色金属,801051.SI,金属新材料,金属新材料,L,20230403,1275,3.49,35.81,0.14,13.542,False,True,True,0,0,0,0,True,
301148.SZ,301148,301148,嘉戎技术,创业板,深市,创业板,801970.SI,环保,801971.SI,环境治理,环境治理,L,20220421,1622,4.44,58.3,1.941,15.957,False,True,True,0,0,0,0,True,
301149.SZ,301149,301149,隆华新材,创业板,深市,创业板,801030.SI,基础化工,801034.SI,化学制品,化学制品,L,20211110,1784,4.88,7.91,-7.593,15.116,False,True,True,0,0,0,0,True,
301150.SZ,301150,301150,中一科技,创业板,深市,创业板,801730.SI,电力设备,801737.SI,电池,电池,L,20220421,1622,4.44,44.02,5.538,15.278,False,True,True,0,0,0,0,True,
301151.SZ,301151,301151,冠龙节能,创业板,深市,创业板,801890.SI,机械设备,801072.SI,通用设备,通用设备,L,20220411,1632,4.47,21.14,1.537,15.888,False,True,True,0,0,0,0,True,
301152.SZ,301152,301152,天力锂能,创业板,深市,创业板,801730.SI,电力设备,801737.SI,电池,电池,L,20220829,1492,4.08,22.49,8.805,7.442,False,True,True,0,0,0,0,True,
301153.SZ,301153,301153,中科江南,创业板,深市,创业板,801750.SI,计算机,801104.SI,软件开发,软件开发,L,20220518,1595,4.37,17.25,1.95,12.644,False,True,True,0,0,0,0,True,
301155.SZ,301155,301155,海力风电,创业板,深市,创业板,801730.SI,电力设备,801736.SI,风电设备,风电设备,L,20211124,1770,4.85,43.6,2.806,11.429,False,True,True,0,0,0,0,True,
301156.SZ,301156,301156,美农生物,创业板,深市,创业板,801030.SI,基础化工,801034.SI,化学制品,化学制品,L,20220617,1565,4.28,11.87,-0.084,9.244,False,True,True,0,0,0,0,True,
301157.SZ,301157,301157,华塑科技,创业板,深市,创业板,801730.SI,电力设备,801733.SI,其他电源设备Ⅱ,其他电源设备Ⅱ,L,20230309,1300,3.56,63.28,0.444,9.091,False,True,True,0,0,0,0,True,
301158.SZ,301158,301158,德石股份,创业板,深市,创业板,801890.SI,机械设备,801074.SI,专用设备,专用设备,L,20220117,1716,4.7,14.17,0.141,13.333,False,True,True,0,0,0,0,True,
301159.SZ,301159,301159,三维天地,创业板,深市,创业板,801750.SI,计算机,801104.SI,软件开发,软件开发,L,20220107,1726,4.73,32.08,1.391,8.075,False,True,True,0,0,0,0,True,
301160.SZ,301160,301160,翔楼新材,创业板,深市,创业板,801040.SI,钢铁,801045.SI,特钢Ⅱ,特钢Ⅱ,L,20220606,1576,4.31,41.35,0.145,11.111,False,True,True,0,0,0,0,True,
301161.SZ,301161,301161,唯万密封,创业板,深市,创业板,801890.SI,机械设备,801077.SI,工程机械,工程机械,L,20220914,1476,4.04,29.19,-0.205,10.204,False,True,True,0,0,0,0,True,
301162.SZ,301162,301162,国能日新,创业板,深市,创业板,801750.SI,计算机,801104.SI,软件开发,软件开发,L,20220429,1614,4.42,37.36,2.021,14.894,False,True,True,0,0,0,0,True,
301163.SZ,301163,301163,宏德股份,创业板,深市,创业板,801730.SI,电力设备,801736.SI,风电设备,风电设备,L,20220419,1624,4.45,23.64,0.0,10.044,False,True,True,0,0,0,0,True,
301165.SZ,301165,301165,锐捷网络,创业板,深市,创业板,801770.SI,通信,801102.SI,通信设备,通信设备,L,20221121,1408,3.85,102.89,0.508,27.041,False,True,True,0,0,0,0,True,
301166.SZ,301166,301166,优宁维,创业板,深市,创业板,801150.SI,医药生物,801152.SI,生物制品,生物制品,L,20211228,1736,4.75,32.96,-0.573,17.647,False,True,True,0,0,0,0,True,
301167.SZ,301167,301167,建研设计,创业板,深市,创业板,801720.SI,建筑装饰,801726.SI,工程咨询服务Ⅱ,工程咨询服务Ⅱ,L,20211206,1758,4.81,13.73,1.704,10.448,False,True,True,0,0,0,0,True,
301168.SZ,301168,301168,通灵股份,创业板,深市,创业板,801730.SI,电力设备,801735.SI,光伏设备,光伏设备,L,20211210,1754,4.8,41.47,3.727,10.68,False,True,True,0,0,0,0,True,
301169.SZ,301169,301169,零点有数,创业板,深市,创业板,801210.SI,社会服务,801218.SI,专业服务,专业服务,L,20211103,1791,4.9,51.07,0.059,10.0,False,True,True,0,0,0,0,True,
301170.SZ,301170,301170,锡南科技,创业板,深市,创业板,801880.SI,汽车,801093.SI,汽车零部件,汽车零部件,L,20230627,1190,3.26,23.18,0.914,6.579,False,True,True,0,0,0,0,True,
301171.SZ,301171,301171,易点天下,创业板,深市,创业板,801760.SI,传媒,801765.SI,广告营销,广告营销,L,20220819,1502,4.11,33.64,4.505,9.884,False,True,True,0,0,0,0,True,
301172.SZ,301172,301172,君逸数码,创业板,深市,创业板,801750.SI,计算机,801103.SI,IT服务Ⅱ,IT服务Ⅱ,L,20230726,1161,3.18,17.68,1.318,7.692,False,True,True,0,0,0,0,True,
301173.SZ,301173,301173,毓恬冠佳,创业板,深市,创业板,801880.SI,汽车,801093.SI,汽车零部件,汽车零部件,L,20250303,575,1.57,33.87,1.014,10.494,False,True,True,0,0,0,0,False,上市时间不足
301175.SZ,301175,301175,中科环保,创业板,深市,创业板,801970.SI,环保,801971.SI,环境治理,环境治理,L,20220708,1544,4.23,5.59,1.268,5.455,False,True,True,0,0,0,0,True,
301176.SZ,301176,301176,逸豪新材,创业板,深市,创业板,801080.SI,电子,801083.SI,元件,元件,L,20220928,1462,4.0,55.26,3.213,16.327,False,True,True,0,0,0,0,True,
301177.SZ,301177,301177,迪阿股份,创业板,深市,创业板,801130.SI,纺织服饰,801133.SI,饰品,饰品,L,20211215,1749,4.79,22.97,0.481,31.092,False,True,True,0,0,0,0,True,
301178.SZ,301178,301178,天亿马,创业板,深市,创业板,801750.SI,计算机,801103.SI,IT服务Ⅱ,IT服务Ⅱ,L,20211112,1782,4.88,34.75,0.144,9.722,False,True,True,0,0,0,0,True,
301179.SZ,301179,301179,泽宇智能,创业板,深市,创业板,801730.SI,电力设备,801738.SI,电网设备,电网设备,L,20211208,1756,4.81,19.48,0.206,5.941,False,True,True,0,0,0,0,True,
301180.SZ,301180,301180,万祥科技,创业板,深市,创业板,801080.SI,电子,801085.SI,消费电子,消费电子,L,20211116,1778,4.87,11.92,4.47,11.111,False,True,True,0,0,0,0,True,
301181.SZ,301181,301181,标榜股份,创业板,深市,创业板,801880.SI,汽车,801093.SI,汽车零部件,汽车零部件,L,20220221,1681,4.6,25.59,0.353,24.359,False,True,True,0,0,0,0,True,
301182.SZ,301182,301182,凯旺科技,创业板,深市,创业板,801750.SI,计算机,801101.SI,计算机设备,计算机设备,L,20211223,1741,4.77,60.6,-1.19,14.103,False,True,True,0,0,0,0,True,
301183.SZ,301183,301183,东田微,创业板,深市,创业板,801080.SI,电子,801084.SI,光学光电子,光学光电子,L,20220524,1589,4.35,292.12,3.589,10.4,False,True,True,0,0,0,0,True,
301185.SZ,301185,301185,鸥玛软件,创业板,深市,创业板,801750.SI,计算机,801103.SI,IT服务Ⅱ,IT服务Ⅱ,L,20211119,1775,4.86,17.36,1.52,8.333,False,True,True,0,0,0,0,True,
301186.SZ,301186,301186,超达装备,创业板,深市,创业板,801880.SI,汽车,801093.SI,汽车零部件,汽车零部件,L,20211223,1741,4.77,32.98,-0.723,15.517,False,True,True,0,0,0,0,True,
301187.SZ,301187,301187,欧圣电气,创业板,深市,创业板,801110.SI,家用电器,801113.SI,小家电,小家电,L,20220422,1621,4.44,15.87,0.698,16.216,False,True,True,0,0,0,0,True,
301188.SZ,301188,301188,力诺药包,创业板,深市,创业板,801150.SI,医药生物,801153.SI,医疗器械,医疗器械,L,20211111,1783,4.88,33.4,-1.417,12.676,False,True,True,0,0,0,0,True,
301189.SZ,301189,301189,奥尼电子,创业板,深市,创业板,801080.SI,电子,801085.SI,消费电子,消费电子,L,20211228,1736,4.75,68.73,-1.617,25.0,False,True,True,0,0,0,0,True,
301190.SZ,301190,301190,善水科技,创业板,深市,创业板,801030.SI,基础化工,801033.SI,化学原料,化学原料,L,20211224,1740,4.76,29.94,20.0,42.029,False,True,True,0,0,0,0,True,
301191.SZ,301191,301191,菲菱科思,创业板,深市,创业板,801770.SI,通信,801102.SI,通信设备,通信设备,L,20220526,1587,4.34,78.47,-0.809,8.197,False,True,True,0,0,0,0,True,
301192.SZ,301192,301192,泰祥股份,创业板,深市,创业板,801880.SI,汽车,801093.SI,汽车零部件,汽车零部件,L,20220811,1510,4.13,20.22,3.058,9.231,False,True,True,0,0,0,0,True,
301193.SZ,301193,301193,家联科技,创业板,深市,创业板,801140.SI,轻工制造,801142.SI,家居用品,家居用品,L,20211209,1755,4.8,22.17,-1.51,25.592,False,True,True,0,0,0,0,True,
301195.SZ,301195,301195,北路智控,创业板,深市,创业板,801750.SI,计算机,801104.SI,软件开发,软件开发,L,20220801,1520,4.16,26.96,0.484,10.448,False,True,True,0,0,0,0,True,
301196.SZ,301196,301196,唯科科技,创业板,深市,创业板,801030.SI,基础化工,801036.SI,塑料,塑料,L,20220111,1722,4.71,84.4,2.676,10.87,False,True,True,0,0,0,0,True,
301197.SZ,301197,301197,工大科雅,创业板,深市,创业板,801890.SI,机械设备,801072.SI,通用设备,通用设备,L,20220808,1513,4.14,26.61,0.795,14.504,False,True,True,0,0,0,0,True,
301198.SZ,301198,301198,喜悦智行,创业板,深市,创业板,801140.SI,轻工制造,801141.SI,包装印刷,包装印刷,L,20211202,1762,4.82,14.2,2.453,19.549,False,True,True,0,0,0,0,True,
301199.SZ,301199,301199,迈赫股份,创业板,深市,创业板,801890.SI,机械设备,801078.SI,自动化设备,自动化设备,L,20211207,1757,4.81,18.27,1.331,15.385,False,True,True,0,0,0,0,True,
301200.SZ,301200,301200,大族数控,创业板,深市,创业板,801890.SI,机械设备,801074.SI,专用设备,专用设备,L,20220228,1674,4.58,230.9,-1.063,38.346,False,True,True,0,0,0,0,True,
301201.SZ,301201,301201,诚达药业,创业板,深市,创业板,801150.SI,医药生物,801156.SI,医疗服务,医疗服务,L,20220120,1713,4.69,29.32,-0.306,18.182,False,True,True,0,0,0,0,True,
301202.SZ,301202,301202,朗威股份,创业板,深市,创业板,801770.SI,通信,801102.SI,通信设备,通信设备,L,20230705,1182,3.24,36.76,1.212,10.989,False,True,True,0,0,0,0,True,
301203.SZ,301203,301203,国泰环保,创业板,深市,创业板,801970.SI,环保,801971.SI,环境治理,环境治理,L,20230404,1274,3.49,33.56,1.512,22.807,False,True,True,0,0,0,0,True,
301205.SZ,301205,301205,联特科技,创业板,深市,创业板,801770.SI,通信,801102.SI,通信设备,通信设备,L,20220913,1477,4.04,263.48,-1.244,18.378,False,True,True,0,0,0,0,True,
301206.SZ,301206,301206,三元生物,创业板,深市,创业板,801030.SI,基础化工,801034.SI,化学制品,化学制品,L,20220210,1692,4.63,23.85,1.576,17.647,False,True,True,0,0,0,0,True,
301207.SZ,301207,301207,华兰疫苗,创业板,深市,创业板,801150.SI,医药生物,801152.SI,生物制品,生物制品,L,20220218,1684,4.61,19.29,-2.477,15.0,False,True,True,0,0,0,0,True,
301208.SZ,301208,301208,中亦科技,创业板,深市,创业板,801750.SI,计算机,801103.SI,IT服务Ⅱ,IT服务Ⅱ,L,20220707,1545,4.23,30.62,2.169,8.0,False,True,True,0,0,0,0,True,
301209.SZ,301209,301209,联合化学,创业板,深市,创业板,801030.SI,基础化工,801034.SI,化学制品,化学制品,L,20220825,1496,4.1,59.8,1.031,20.339,False,True,True,0,0,0,0,True,
301210.SZ,301210,301210,金杨精密,创业板,深市,创业板,801730.SI,电力设备,801737.SI,电池,电池,L,20230630,1187,3.25,30.14,2.867,13.861,False,True,True,0,0,0,0,True,
301211.SZ,301211,301211,亨迪药业,创业板,深市,创业板,801150.SI,医药生物,801151.SI,化学制药,化学制药,L,20211222,1742,4.77,12.44,0.081,11.382,False,True,True,0,0,0,0,True,
301212.SZ,301212,301212,联盛化学,创业板,深市,创业板,801030.SI,基础化工,801034.SI,化学制品,化学制品,L,20220419,1624,4.45,26.25,0.884,13.095,False,True,True,0,0,0,0,True,
301213.SZ,301213,301213,观想科技,创业板,深市,创业板,801740.SI,国防军工,801745.SI,军工电子Ⅱ,军工电子Ⅱ,L,20211206,1758,4.81,42.14,-1.335,16.364,False,True,True,0,0,0,0,True,
301215.SZ,301215,301215,中汽股份,创业板,深市,创业板,801880.SI,汽车,801092.SI,汽车服务,汽车服务,L,20220308,1666,4.56,5.28,1.149,20.755,False,True,True,0,0,0,0,True,
301216.SZ,301216,301216,万凯新材,创业板,深市,创业板,801030.SI,基础化工,801036.SI,塑料,塑料,L,20220329,1645,4.5,16.34,-0.366,17.045,False,True,True,0,0,0,0,True,
301217.SZ,301217,301217,铜冠铜箔,创业板,深市,创业板,801730.SI,电力设备,801737.SI,电池,电池,L,20220127,1706,4.67,102.25,1.741,10.345,False,True,True,0,0,0,0,True,
301218.SZ,301218,301218,华是科技,创业板,深市,创业板,801750.SI,计算机,801103.SI,IT服务Ⅱ,IT服务Ⅱ,L,20220307,1667,4.56,60.21,13.177,14.855,False,True,True,0,0,0,0,True,
301219.SZ,301219,301219,腾远钴业,创业板,深市,创业板,801050.SI,有色金属,801056.SI,能源金属,能源金属,L,20220317,1657,4.54,39.18,1.11,19.048,False,True,True,0,0,0,0,True,
301220.SZ,301220,301220,亚香股份,创业板,深市,创业板,801030.SI,基础化工,801034.SI,化学制品,化学制品,L,20220622,1560,4.27,29.63,0.0,18.421,False,True,True,0,0,0,0,True,
301221.SZ,301221,301221,光庭信息,创业板,深市,创业板,801880.SI,汽车,801093.SI,汽车零部件,汽车零部件,L,20211222,1742,4.77,27.03,1.312,13.043,False,True,True,0,0,0,0,True,
301222.SZ,301222,301222,浙江恒威,创业板,深市,创业板,801730.SI,电力设备,801737.SI,电池,电池,L,20220309,1665,4.56,25.79,3.574,10.714,False,True,True,0,0,0,0,True,
301223.SZ,301223,301223,中荣股份,创业板,深市,创业板,801140.SI,轻工制造,801141.SI,包装印刷,包装印刷,L,20221026,1434,3.93,18.19,-0.274,18.605,False,True,True,0,0,0,0,True,
301225.SZ,301225,301225,恒勃股份,创业板,深市,创业板,801880.SI,汽车,801093.SI,汽车零部件,汽车零部件,L,20230616,1201,3.29,57.59,-0.242,10.811,False,True,True,0,0,0,0,True,
301226.SZ,301226,301226,祥明智能,创业板,深市,创业板,801730.SI,电力设备,801731.SI,电机Ⅱ,电机Ⅱ,L,20220325,1649,4.51,37.25,0.976,21.25,False,True,True,0,0,0,0,True,
301227.SZ,301227,301227,森鹰窗业,创业板,深市,创业板,801140.SI,轻工制造,801142.SI,家居用品,家居用品,L,20220926,1464,4.01,31.36,0.642,12.5,False,True,True,0,0,0,0,True,
301228.SZ,301228,301228,实朴检测,创业板,深市,创业板,801210.SI,社会服务,801218.SI,专业服务,专业服务,L,20220128,1705,4.67,51.97,0.406,18.243,False,True,True,0,0,0,0,True,
301229.SZ,301229,301229,纽泰格,创业板,深市,创业板,801880.SI,汽车,801093.SI,汽车零部件,汽车零部件,L,20220222,1680,4.6,12.07,2.375,8.333,False,True,True,0,0,0,0,True,
301230.SZ,301230,301230,泓博医药,创业板,深市,创业板,801150.SI,医药生物,801156.SI,医疗服务,医疗服务,L,20221101,1428,3.91,37.75,-0.919,6.494,False,True,True,0,0,0,0,True,
301231.SZ,301231,301231,荣信文化,创业板,深市,创业板,801760.SI,传媒,801769.SI,出版,出版,L,20220908,1482,4.06,29.75,2.941,7.744,False,True,True,0,0,0,0,True,
301232.SZ,301232,301232,飞沃科技,创业板,深市,创业板,801730.SI,电力设备,801736.SI,风电设备,风电设备,L,20230615,1202,3.29,80.45,-4.737,14.286,False,True,True,0,0,0,0,True,
301233.SZ,301233,301233,盛帮股份,创业板,深市,创业板,801880.SI,汽车,801093.SI,汽车零部件,汽车零部件,L,20220706,1546,4.23,35.66,1.682,14.118,False,True,True,0,0,0,0,True,
301234.SZ,301234,301234,五洲医疗,创业板,深市,创业板,801150.SI,医药生物,801153.SI,医疗器械,医疗器械,L,20220705,1547,4.24,134.2,4.836,12.931,False,True,True,0,0,11,11,False,近60日停牌
301235.SZ,301235,301235,华康洁净,创业板,深市,创业板,801150.SI,医药生物,801153.SI,医疗器械,医疗器械,L,20220128,1705,4.67,42.02,-1.523,10.435,False,True,True,0,0,0,0,True,
301236.SZ,301236,301236,软通动力,创业板,深市,创业板,801750.SI,计算机,801103.SI,IT服务Ⅱ,IT服务Ⅱ,L,20220315,1659,4.54,35.6,0.141,11.29,False,True,True,0,0,0,0,True,
301237.SZ,301237,301237,和顺科技,创业板,深市,创业板,801030.SI,基础化工,801036.SI,塑料,塑料,L,20220323,1651,4.52,37.33,-0.053,10.909,False,True,True,0,0,0,0,True,
301238.SZ,301238,301238,瑞泰新材,创业板,深市,创业板,801730.SI,电力设备,801737.SI,电池,电池,L,20220617,1565,4.28,15.74,3.349,40.0,False,True,True,0,0,0,0,True,
301239.SZ,301239,301239,普瑞眼科,创业板,深市,创业板,801150.SI,医药生物,801156.SI,医疗服务,医疗服务,L,20220705,1547,4.24,31.73,0.032,16.667,False,True,True,0,0,0,0,True,
301246.SZ,301246,301246,宏源药业,创业板,深市,创业板,801150.SI,医药生物,801151.SI,化学制药,化学制药,L,20230320,1289,3.53,17.33,1.345,18.785,False,True,True,0,0,0,0,True,
301248.SZ,301248,301248,杰创智能,创业板,深市,创业板,801750.SI,计算机,801103.SI,IT服务Ⅱ,IT服务Ⅱ,L,20220420,1623,4.44,56.1,2.691,9.483,False,True,True,0,0,0,0,True,
301251.SZ,301251,301251,威尔高,创业板,深市,创业板,801080.SI,电子,801083.SI,元件,元件,L,20230906,1119,3.06,87.37,5.673,12.442,False,True,True,0,0,0,0,True,
301252.SZ,301252,301252,同星科技,创业板,深市,创业板,801110.SI,家用电器,801116.SI,家电零部件Ⅱ,家电零部件Ⅱ,L,20230525,1223,3.35,37.0,-2.246,25.275,False,True,True,0,0,0,0,True,
301255.SZ,301255,301255,通力科技,创业板,深市,创业板,801890.SI,机械设备,801072.SI,通用设备,通用设备,L,20221227,1372,3.76,19.05,0.528,13.542,False,True,True,0,0,0,0,True,
301256.SZ,301256,301256,华融化学,创业板,深市,创业板,801030.SI,基础化工,801033.SI,化学原料,化学原料,L,20220322,1652,4.52,9.78,0.0,22.857,False,True,True,0,0,0,0,True,
301257.SZ,301257,301257,普蕊斯,创业板,深市,创业板,801150.SI,医药生物,801156.SI,医疗服务,医疗服务,L,20220517,1596,4.37,40.4,-0.173,11.765,False,True,True,0,0,0,0,True,
301258.SZ,301258,301258,富士莱,创业板,深市,创业板,801150.SI,医药生物,801151.SI,化学制药,化学制药,L,20220329,1645,4.5,27.09,2.458,12.84,False,True,True,0,0,0,0,True,
301259.SZ,301259,301259,艾布鲁,创业板,深市,创业板,801970.SI,环保,801971.SI,环境治理,环境治理,L,20220426,1617,4.43,19.42,-0.051,13.0,False,True,True,0,0,0,0,True,
301260.SZ,301260,301260,格力博,创业板,深市,创业板,801890.SI,机械设备,801074.SI,专用设备,专用设备,L,20230208,1329,3.64,11.72,0.515,27.692,False,True,True,0,0,0,0,True,
301261.SZ,301261,301261,恒工精密,创业板,深市,创业板,801890.SI,机械设备,801072.SI,通用设备,通用设备,L,20230710,1177,3.22,53.45,-0.298,11.25,False,True,True,0,0,0,0,True,
301262.SZ,301262,301262,海看股份,创业板,深市,创业板,801760.SI,传媒,801995.SI,电视广播Ⅱ,电视广播Ⅱ,L,20230620,1197,3.28,20.3,1.196,3.483,False,True,True,0,0,0,0,True,
301263.SZ,301263,301263,泰恩康,创业板,深市,创业板,801150.SI,医药生物,801151.SI,化学制药,化学制药,L,20220329,1645,4.5,19.07,1.436,10.448,False,True,True,0,0,0,0,True,
301265.SZ,301265,301265,华新科技,创业板,深市,创业板,801970.SI,环保,801971.SI,环境治理,环境治理,L,20221216,1383,3.79,22.58,4.151,16.981,False,True,True,0,0,0,0,True,
301266.SZ,301266,301266,宇邦新材,创业板,深市,创业板,801730.SI,电力设备,801735.SI,光伏设备,光伏设备,L,20220608,1574,4.31,24.76,1.475,13.415,False,True,True,5,6,6,6,False,近60日停牌
301267.SZ,301267,301267,华厦眼科,创业板,深市,创业板,801150.SI,医药生物,801156.SI,医疗服务,医疗服务,L,20221107,1422,3.89,14.99,0.402,15.625,False,True,True,0,0,0,0,True,
301268.SZ,301268,301268,铭利达,创业板,深市,创业板,801890.SI,机械设备,801072.SI,通用设备,通用设备,L,20220407,1636,4.48,11.74,0.946,37.5,False,True,True,0,0,0,0,True,
301269.SZ,301269,301269,华大九天,创业板,深市,创业板,801750.SI,计算机,801104.SI,软件开发,软件开发,L,20220729,1523,4.17,86.68,0.266,26.415,False,True,True,0,0,0,0,True,
301270.SZ,301270,301270,汉仪股份,创业板,深市,创业板,801750.SI,计算机,801104.SI,软件开发,软件开发,L,20220831,1490,4.08,32.38,3.055,5.556,False,True,True,0,0,0,0,True,
301272.SZ,301272,301272,英华特,创业板,深市,创业板,801890.SI,机械设备,801072.SI,通用设备,通用设备,L,20230713,1174,3.21,35.37,0.712,11.176,False,True,True,0,0,0,0,True,
301273.SZ,301273,301273,瑞晨环保,创业板,深市,创业板,801890.SI,机械设备,801072.SI,通用设备,通用设备,L,20221025,1435,3.93,35.45,-2.018,11.828,False,True,True,0,0,0,0,True,
301275.SZ,301275,301275,汉朔科技,创业板,深市,创业板,801080.SI,电子,801082.SI,其他电子Ⅱ,其他电子Ⅱ,L,20250311,567,1.55,38.96,0.0,9.524,False,True,True,0,0,0,0,False,上市时间不足
301276.SZ,301276,301276,嘉曼服饰,创业板,深市,创业板,801130.SI,纺织服饰,801132.SI,服装家纺,服装家纺,L,20220909,1481,4.05,17.43,0.751,17.614,False,True,True,0,0,0,0,True,
301277.SZ,301277,301277,新天地,创业板,深市,创业板,801150.SI,医药生物,801151.SI,化学制药,化学制药,L,20221116,1413,3.87,10.32,-0.29,14.423,False,True,True,0,0,0,0,True,
301278.SZ,301278,301278,快可电子,创业板,深市,创业板,801730.SI,电力设备,801735.SI,光伏设备,光伏设备,L,20220804,1517,4.15,29.3,1.701,9.155,False,True,True,0,0,0,0,True,
301279.SZ,301279,301279,金道科技,创业板,深市,创业板,801890.SI,机械设备,801077.SI,工程机械,工程机械,L,20220413,1630,4.46,23.8,1.147,25.893,False,True,True,0,0,0,0,True,
301280.SZ,301280,301280,珠城科技,创业板,深市,创业板,801110.SI,家用电器,801116.SI,家电零部件Ⅱ,家电零部件Ⅱ,L,20221226,1373,3.76,41.7,0.555,9.412,False,True,True,0,0,0,0,True,
301281.SZ,301281,301281,科源制药,创业板,深市,创业板,801150.SI,医药生物,801151.SI,化学制药,化学制药,L,20230404,1274,3.49,47.74,1.791,12.346,False,True,True,0,0,0,0,True,
301282.SZ,301282,301282,金禄电子,创业板,深市,创业板,801080.SI,电子,801083.SI,元件,元件,L,20220826,1495,4.09,45.49,13.64,12.081,False,True,True,0,0,0,0,True,
301283.SZ,301283,301283,聚胶股份,创业板,深市,创业板,801030.SI,基础化工,801034.SI,化学制品,化学制品,L,20220902,1488,4.07,25.58,1.347,9.524,False,True,True,0,0,0,0,True,
301285.SZ,301285,301285,鸿日达,创业板,深市,创业板,801080.SI,电子,801085.SI,消费电子,消费电子,L,20220928,1462,4.0,91.19,0.209,36.364,False,True,True,0,0,0,0,True,
301286.SZ,301286,301286,侨源股份,创业板,深市,创业板,801030.SI,基础化工,801034.SI,化学制品,化学制品,L,20220614,1568,4.29,45.61,4.132,38.462,False,True,True,0,0,0,0,True,
301287.SZ,301287,301287,康力源,创业板,深市,创业板,801140.SI,轻工制造,801145.SI,文娱用品,文娱用品,L,20230614,1203,3.29,41.5,0.266,6.796,False,True,True,0,0,0,0,True,
301288.SZ,301288,301288,清研环境,创业板,深市,创业板,801970.SI,环保,801972.SI,环保设备Ⅱ,环保设备Ⅱ,L,20220422,1621,4.44,17.4,3.51,9.412,False,True,True,0,0,0,0,True,
301289.SZ,301289,301289,国缆检测,创业板,深市,创业板,801210.SI,社会服务,801218.SI,专业服务,专业服务,L,20220622,1560,4.27,44.44,-1.42,16.814,False,True,True,0,0,0,0,True,
301290.SZ,301290,301290,东星医疗,创业板,深市,创业板,801150.SI,医药生物,801153.SI,医疗器械,医疗器械,L,20221130,1399,3.83,28.69,1.522,9.859,False,True,True,0,0,0,0,True,
301291.SZ,301291,301291,明阳电气,创业板,深市,创业板,801730.SI,电力设备,801738.SI,电网设备,电网设备,L,20230630,1187,3.25,35.18,3.501,11.594,False,True,True,0,0,0,0,True,
301292.SZ,301292,301292,海科新源,创业板,深市,创业板,801730.SI,电力设备,801737.SI,电池,电池,L,20230707,1180,3.23,55.39,0.672,11.765,False,True,True,0,0,0,0,True,
301293.SZ,301293,301293,三博脑科,创业板,深市,创业板,801150.SI,医药生物,801156.SI,医疗服务,医疗服务,L,20230505,1243,3.4,48.38,0.186,13.281,False,True,True,0,0,0,0,True,
301295.SZ,301295,301295,美硕科技,创业板,深市,创业板,801730.SI,电力设备,801738.SI,电网设备,电网设备,L,20230628,1189,3.26,36.29,-0.165,7.258,False,True,True,0,0,0,0,True,
301296.SZ,301296,301296,新巨丰,创业板,深市,创业板,801140.SI,轻工制造,801141.SI,包装印刷,包装印刷,L,20220902,1488,4.07,6.42,1.582,11.111,False,True,True,0,0,0,0,True,
301297.SZ,301297,301297,富乐德,创业板,深市,创业板,801080.SI,电子,801081.SI,半导体,半导体,L,20221230,1369,3.75,46.13,-1.663,20.513,False,True,True,0,0,0,0,True,
301298.SZ,301298,301298,东利机械,创业板,深市,创业板,801880.SI,汽车,801093.SI,汽车零部件,汽车零部件,L,20220606,1576,4.31,12.98,1.486,14.516,False,True,True,0,0,0,0,True,
301299.SZ,301299,301299,卓创资讯,创业板,深市,创业板,801760.SI,传媒,801767.SI,数字媒体,数字媒体,L,20221019,1441,3.95,46.29,1.983,7.792,False,True,True,0,0,0,0,True,
301300.SZ,301300,301300,远翔新材,创业板,深市,创业板,801030.SI,基础化工,801037.SI,橡胶,橡胶,L,20220819,1502,4.11,32.73,1.899,7.143,False,True,True,0,0,0,0,True,
301301.SZ,301301,301301,川宁生物,创业板,深市,创业板,801150.SI,医药生物,801151.SI,化学制药,化学制药,L,20221227,1372,3.76,8.04,0.374,10.714,False,True,True,0,0,0,0,True,
301302.SZ,301302,301302,华如科技,创业板,深市,创业板,801740.SI,国防军工,801745.SI,军工电子Ⅱ,军工电子Ⅱ,L,20220623,1559,4.27,21.14,1.003,9.091,False,True,True,0,0,0,0,True,
301303.SZ,301303,301303,真兰仪表,创业板,深市,创业板,801890.SI,机械设备,801072.SI,通用设备,通用设备,L,20230220,1317,3.61,14.09,2.175,7.194,False,True,True,0,0,0,0,True,
301305.SZ,301305,301305,朗坤科技,创业板,深市,创业板,801970.SI,环保,801971.SI,环境治理,环境治理,L,20230523,1225,3.35,24.68,0.0,9.231,False,True,True,0,0,0,0,True,
301306.SZ,301306,301306,西测测试,创业板,深市,创业板,801740.SI,国防军工,801745.SI,军工电子Ⅱ,军工电子Ⅱ,L,20220726,1526,4.18,88.9,-1.648,10.569,False,True,True,0,0,0,0,True,
301307.SZ,301307,301307,美利信,创业板,深市,创业板,801770.SI,通信,801102.SI,通信设备,通信设备,L,20230424,1254,3.43,56.39,-1.14,6.849,False,True,True,0,0,0,0,True,
301308.SZ,301308,301308,江波龙,创业板,深市,创业板,801080.SI,电子,801081.SI,半导体,半导体,L,20220805,1516,4.15,311.66,-0.109,15.385,False,True,True,0,0,0,0,True,
301309.SZ,301309,301309,万得凯,创业板,深市,创业板,801890.SI,机械设备,801072.SI,通用设备,通用设备,L,20220919,1471,4.03,30.1,0.838,10.458,False,True,True,0,0,0,0,True,
301310.SZ,301310,301310,鑫宏业,创业板,深市,创业板,801880.SI,汽车,801093.SI,汽车零部件,汽车零部件,L,20230602,1215,3.33,58.55,1.986,10.072,False,True,True,0,0,0,0,True,
301311.SZ,301311,301311,昆船智能,创业板,深市,创业板,801890.SI,机械设备,801072.SI,通用设备,通用设备,L,20221130,1399,3.83,19.0,3.825,30.636,False,True,True,0,0,0,0,True,
301312.SZ,301312,301312,智立方,创业板,深市,创业板,801890.SI,机械设备,801078.SI,自动化设备,自动化设备,L,20220711,1541,4.22,81.4,0.606,11.475,False,True,True,0,0,0,0,True,
301313.SZ,301313,301313,凡拓数创,创业板,深市,创业板,801760.SI,传媒,801767.SI,数字媒体,数字媒体,L,20220930,1460,4.0,30.1,2.52,12.179,False,True,True,0,0,0,0,True,
301314.SZ,301314,301314,科瑞思,创业板,深市,创业板,801770.SI,通信,801102.SI,通信设备,通信设备,L,20230328,1281,3.51,51.06,11.315,11.915,False,True,True,0,0,0,0,True,
301315.SZ,301315,301315,威士顿,创业板,深市,创业板,801750.SI,计算机,801104.SI,软件开发,软件开发,L,20230621,1196,3.27,44.1,0.547,14.423,False,True,True,0,0,0,0,True,
301316.SZ,301316,301316,慧博云通,创业板,深市,创业板,801750.SI,计算机,801103.SI,IT服务Ⅱ,IT服务Ⅱ,L,20221013,1447,3.96,40.17,4.338,11.538,False,True,True,0,0,0,0,True,
301317.SZ,301317,301317,鑫磊股份,创业板,深市,创业板,801890.SI,机械设备,801072.SI,通用设备,通用设备,L,20230119,1349,3.69,44.53,0.383,12.195,False,True,True,0,0,0,0,True,
301318.SZ,301318,301318,维海德,创业板,深市,创业板,801750.SI,计算机,801101.SI,计算机设备,计算机设备,L,20220810,1511,4.14,21.55,1.891,11.538,False,True,True,0,0,0,0,True,
301319.SZ,301319,301319,唯特偶,创业板,深市,创业板,801080.SI,电子,801086.SI,电子化学品Ⅱ,电子化学品Ⅱ,L,20220929,1461,4.0,86.16,-0.577,12.346,False,True,True,0,0,0,0,True,
301320.SZ,301320,301320,豪江智能,创业板,深市,创业板,801890.SI,机械设备,801078.SI,自动化设备,自动化设备,L,20230609,1208,3.31,14.29,1.564,15.672,False,True,True,0,0,0,0,True,
301321.SZ,301321,301321,翰博高新,创业板,深市,创业板,801080.SI,电子,801084.SI,光学光电子,光学光电子,L,20220818,1503,4.11,46.44,-1.359,22.222,False,True,True,0,0,0,0,True,
301322.SZ,301322,301322,绿通科技,创业板,深市,创业板,801880.SI,汽车,801881.SI,摩托车及其他,摩托车及其他,L,20230306,1303,3.57,44.15,1.378,13.636,False,True,True,0,0,0,0,True,
301323.SZ,301323,301323,新莱福,创业板,深市,创业板,801050.SI,有色金属,801051.SI,金属新材料,金属新材料,L,20230606,1211,3.32,72.84,-1.541,13.441,False,True,True,0,0,0,0,True,
301325.SZ,301325,301325,曼恩斯特,创业板,深市,创业板,801730.SI,电力设备,801737.SI,电池,电池,L,20230512,1236,3.38,31.78,5.371,13.158,False,True,True,0,0,0,0,True,
301326.SZ,301326,301326,捷邦科技,创业板,深市,创业板,801080.SI,电子,801085.SI,消费电子,消费电子,L,20220921,1469,4.02,96.79,2.521,14.151,False,True,True,0,0,0,0,True,
301327.SZ,301327,301327,华宝新能,创业板,深市,创业板,801730.SI,电力设备,801737.SI,电池,电池,L,20220919,1471,4.03,41.51,1.491,47.368,False,True,True,0,0,0,0,True,
301328.SZ,301328,301328,维峰电子,创业板,深市,创业板,801080.SI,电子,801082.SI,其他电子Ⅱ,其他电子Ⅱ,L,20220908,1482,4.06,46.85,0.753,17.568,False,True,True,0,0,0,0,True,
301329.SZ,301329,301329,信音电子,创业板,深市,创业板,801080.SI,电子,801085.SI,消费电子,消费电子,L,20230717,1170,3.2,20.7,3.864,6.311,False,True,True,0,0,0,0,True,
301330.SZ,301330,301330,熵基科技,创业板,深市,创业板,801750.SI,计算机,801101.SI,计算机设备,计算机设备,L,20220817,1504,4.12,25.67,0.352,13.253,False,True,True,0,0,0,0,True,
301331.SZ,301331,301331,恩威医药,创业板,深市,创业板,801150.SI,医药生物,801155.SI,中药Ⅱ,中药Ⅱ,L,20220921,1469,4.02,21.6,1.171,10.185,False,True,True,0,0,0,0,True,
301332.SZ,301332,301332,德尔玛,创业板,深市,创业板,801110.SI,家用电器,801113.SI,小家电,小家电,L,20230518,1230,3.37,7.72,1.446,8.861,False,True,True,0,0,0,0,True,
301333.SZ,301333,301333,诺思格,创业板,深市,创业板,801150.SI,医药生物,801156.SI,医疗服务,医疗服务,L,20220802,1519,4.16,65.66,-0.801,18.065,False,True,True,0,0,0,0,True,
301335.SZ,301335,301335,天元宠物,创业板,深市,创业板,801140.SI,轻工制造,801145.SI,文娱用品,文娱用品,L,20221118,1411,3.86,25.09,-2.827,13.821,False,True,True,0,0,0,0,True,
301336.SZ,301336,301336,趣睡科技,创业板,深市,创业板,801140.SI,轻工制造,801142.SI,家居用品,家居用品,L,20220812,1509,4.13,42.18,1.175,7.477,False,True,True,0,0,0,0,True,
301337.SZ,301337,301337,亚华电子,创业板,深市,创业板,801750.SI,计算机,801104.SI,软件开发,软件开发,L,20230526,1222,3.35,27.78,2.02,24.812,False,True,True,0,0,0,0,True,
301338.SZ,301338,301338,凯格精机,创业板,深市,创业板,801890.SI,机械设备,801074.SI,专用设备,专用设备,L,20220816,1505,4.12,89.07,-0.168,11.364,False,True,True,0,0,0,0,True,
301339.SZ,301339,301339,苏交数智,创业板,深市,创业板,801750.SI,计算机,801101.SI,计算机设备,计算机设备,L,20220909,1481,4.05,12.57,-0.317,23.214,False,True,True,0,0,0,0,True,
301345.SZ,301345,301345,涛涛车业,创业板,深市,创业板,801880.SI,汽车,801881.SI,摩托车及其他,摩托车及其他,L,20230321,1288,3.53,229.06,-0.239,10.526,False,True,True,0,0,0,0,True,
301348.SZ,301348,301348,蓝箭电子,创业板,深市,创业板,801080.SI,电子,801081.SI,半导体,半导体,L,20230810,1146,3.14,22.24,1.321,8.676,False,True,True,0,0,0,0,True,
301349.SZ,301349,301349,信德新材,创业板,深市,创业板,801730.SI,电力设备,801737.SI,电池,电池,L,20220909,1481,4.05,44.09,1.754,11.607,False,True,True,0,0,0,0,True,
301353.SZ,301353,301353,普莱得,创业板,深市,创业板,801890.SI,机械设备,801072.SI,通用设备,通用设备,L,20230530,1218,3.33,20.6,1.528,9.375,False,True,True,0,0,0,0,True,
301355.SZ,301355,301355,南王科技,创业板,深市,创业板,801140.SI,轻工制造,801141.SI,包装印刷,包装印刷,L,20230612,1205,3.3,12.19,1.162,13.913,False,True,True,0,0,0,0,True,
301356.SZ,301356,301356,天振股份,创业板,深市,创业板,801140.SI,轻工制造,801142.SI,家居用品,家居用品,L,20221114,1415,3.87,19.77,-0.503,18.0,False,True,True,0,0,0,0,True,
301357.SZ,301357,301357,北方长龙,创业板,深市,创业板,801740.SI,国防军工,801743.SI,地面兵装Ⅱ,地面兵装Ⅱ,L,20230418,1260,3.45,90.4,1.277,12.27,False,True,True,0,0,0,0,True,
301358.SZ,301358,301358,湖南裕能,创业板,深市,创业板,801730.SI,电力设备,801737.SI,电池,电池,L,20230209,1328,3.64,50.57,2.162,25.0,False,True,True,0,0,0,0,True,
301359.SZ,301359,301359,东南电子,创业板,深市,创业板,801080.SI,电子,801082.SI,其他电子Ⅱ,其他电子Ⅱ,L,20221109,1420,3.89,20.05,3.191,16.94,False,True,True,0,0,0,0,True,
301360.SZ,301360,301360,荣旗科技,创业板,深市,创业板,801890.SI,机械设备,801072.SI,通用设备,通用设备,L,20230425,1253,3.43,61.42,-1.822,20.312,False,True,True,0,0,0,0,True,
301361.SZ,301361,301361,众智科技,创业板,深市,创业板,801730.SI,电力设备,801738.SI,电网设备,电网设备,L,20221116,1413,3.87,27.22,1.643,7.407,False,True,True,0,0,0,0,True,
301362.SZ,301362,301362,民爆光电,创业板,深市,创业板,801110.SI,家用电器,801115.SI,照明设备Ⅱ,照明设备Ⅱ,L,20230804,1152,3.15,106.08,0.057,12.0,False,True,True,0,0,0,0,True,
301363.SZ,301363,301363,美好医疗,创业板,深市,创业板,801150.SI,医药生物,801153.SI,医疗器械,医疗器械,L,20221012,1448,3.96,15.96,-1.177,10.714,False,True,True,0,0,0,0,True,
301365.SZ,301365,301365,矩阵股份,创业板,深市,创业板,801720.SI,建筑装饰,801726.SI,工程咨询服务Ⅱ,工程咨询服务Ⅱ,L,20221122,1407,3.85,34.07,-1.332,11.2,False,True,True,0,0,0,0,True,
301366.SZ,301366,301366,一博科技,创业板,深市,创业板,801080.SI,电子,801083.SI,元件,元件,L,20220926,1464,4.01,75.0,9.091,5.525,False,True,True,0,0,0,0,True,
301367.SZ,301367,301367,瑞迈特,创业板,深市,创业板,801150.SI,医药生物,801153.SI,医疗器械,医疗器械,L,20221101,1428,3.91,46.56,0.475,7.692,False,True,True,0,0,0,0,True,
301368.SZ,301368,301368,丰立智能,创业板,深市,创业板,801890.SI,机械设备,801072.SI,通用设备,通用设备,L,20221215,1384,3.79,39.48,2.28,18.75,False,True,True,0,0,0,0,True,
301369.SZ,301369,301369,联动科技,创业板,深市,创业板,801080.SI,电子,801081.SI,半导体,半导体,L,20220922,1468,4.02,141.01,1.075,12.963,False,True,True,0,0,0,0,True,
301370.SZ,301370,301370,国科恒泰,创业板,深市,创业板,801150.SI,医药生物,801153.SI,医疗器械,医疗器械,L,20230712,1175,3.22,8.59,0.468,11.494,False,True,True,0,0,0,0,True,
301371.SZ,301371,301371,敷尔佳,创业板,深市,创业板,801980.SI,美容护理,801982.SI,化妆品,化妆品,L,20230801,1155,3.16,20.59,-0.097,7.547,False,True,True,0,0,0,0,True,
301372.SZ,301372,301372,科净源,创业板,深市,创业板,801970.SI,环保,801971.SI,环境治理,环境治理,L,20230811,1145,3.13,34.04,0.0,12.346,False,True,True,0,0,0,0,True,
301373.SZ,301373,301373,凌玮科技,创业板,深市,创业板,801030.SI,基础化工,801034.SI,化学制品,化学制品,L,20230208,1329,3.64,132.27,7.958,9.859,False,True,True,0,0,0,0,True,
301376.SZ,301376,301376,致欧科技,创业板,深市,创业板,801140.SI,轻工制造,801142.SI,家居用品,家居用品,L,20230621,1196,3.27,22.29,-1.589,14.732,False,True,True,0,0,0,0,True,
301377.SZ,301377,301377,鼎泰高科,创业板,深市,创业板,801890.SI,机械设备,801072.SI,通用设备,通用设备,L,20221122,1407,3.85,348.72,-0.454,10.667,False,True,True,0,0,0,0,True,
301378.SZ,301378,301378,通达海,创业板,深市,创业板,801750.SI,计算机,801104.SI,软件开发,软件开发,L,20230320,1289,3.53,25.48,2.206,8.0,False,True,True,0,0,0,0,True,
301379.SZ,301379,301379,天山电子,创业板,深市,创业板,801080.SI,电子,801084.SI,光学光电子,光学光电子,L,20221101,1428,3.91,20.06,0.35,7.477,False,True,True,0,0,0,0,True,
301380.SZ,301380,301380,挖金客,创业板,深市,创业板,801770.SI,通信,801223.SI,通信服务,通信服务,L,20221025,1435,3.93,34.0,0.443,9.202,False,True,True,0,0,0,0,True,
301381.SZ,301381,301381,赛维时代,创业板,深市,创业板,801200.SI,商贸零售,801206.SI,互联网电商,互联网电商,L,20230712,1175,3.22,23.34,-2.056,15.789,False,True,True,0,0,0,0,True,
301382.SZ,301382,301382,蜂助手,创业板,深市,创业板,801770.SI,通信,801223.SI,通信服务,通信服务,L,20230517,1231,3.37,39.97,6.049,6.878,False,True,True,0,0,0,0,True,
301383.SZ,301383,301383,天键股份,创业板,深市,创业板,801080.SI,电子,801085.SI,消费电子,消费电子,L,20230609,1208,3.31,23.37,1.038,11.207,False,True,True,0,0,0,0,True,
301386.SZ,301386,301386,未来电器,创业板,深市,创业板,801730.SI,电力设备,801738.SI,电网设备,电网设备,L,20230329,1280,3.5,21.06,-0.142,10.145,False,True,True,0,0,0,0,True,
301387.SZ,301387,301387,光大同创,创业板,深市,创业板,801080.SI,电子,801085.SI,消费电子,消费电子,L,20230418,1260,3.45,51.73,2.052,9.677,False,True,True,0,0,0,0,True,
301388.SZ,301388,301388,欣灵电气,创业板,深市,创业板,801730.SI,电力设备,801738.SI,电网设备,电网设备,L,20221109,1420,3.89,25.67,1.143,14.754,False,True,True,0,0,0,0,True,
301389.SZ,301389,301389,隆扬电子,创业板,深市,创业板,801080.SI,电子,801085.SI,消费电子,消费电子,L,20221031,1429,3.91,54.72,1.956,13.095,False,True,True,0,0,0,0,True,
301390.SZ,301390,301390,经纬股份,创业板,深市,创业板,801720.SI,建筑装饰,801726.SI,工程咨询服务Ⅱ,工程咨询服务Ⅱ,L,20230508,1240,3.39,41.01,2.04,16.514,False,True,True,6,6,6,6,False,近60日停牌
301391.SZ,301391,301391,卡莱特,创业板,深市,创业板,801750.SI,计算机,801101.SI,计算机设备,计算机设备,L,20221201,1398,3.83,44.35,0.635,32.051,False,True,True,0,0,0,0,True,
301392.SZ,301392,301392,汇成真空,创业板,深市,创业板,801890.SI,机械设备,801074.SI,专用设备,专用设备,L,20240605,846,2.32,154.89,-1.751,11.111,False,True,True,0,0,0,0,True,
301393.SZ,301393,301393,昊帆生物,创业板,深市,创业板,801150.SI,医药生物,801152.SI,生物制品,生物制品,L,20230712,1175,3.22,65.9,-0.227,14.97,False,True,True,0,0,0,0,True,
301395.SZ,301395,301395,仁信新材,创业板,深市,创业板,801030.SI,基础化工,801036.SI,塑料,塑料,L,20230703,1184,3.24,12.11,2.367,6.612,False,True,True,0,0,0,0,True,
301396.SZ,301396,301396,宏景科技,创业板,深市,创业板,801750.SI,计算机,801103.SI,IT服务Ⅱ,IT服务Ⅱ,L,20221111,1418,3.88,162.59,-1.502,12.963,False,True,True,0,0,0,0,True,
301397.SZ,301397,301397,溯联股份,创业板,深市,创业板,801880.SI,汽车,801093.SI,汽车零部件,汽车零部件,L,20230628,1189,3.26,22.12,-0.763,15.19,False,True,True,0,0,0,0,True,
301398.SZ,301398,301398,星源卓镁,创业板,深市,创业板,801880.SI,汽车,801093.SI,汽车零部件,汽车零部件,L,20221215,1384,3.79,38.46,1.21,18.889,False,True,True,0,0,0,0,True,
301399.SZ,301399,301399,英特科技,创业板,深市,创业板,801890.SI,机械设备,801072.SI,通用设备,通用设备,L,20230523,1225,3.35,20.71,1.42,10.9,False,True,True,0,0,0,0,True,
301408.SZ,301408,301408,华人健康,创业板,深市,创业板,801150.SI,医药生物,801154.SI,医药商业,医药商业,L,20230301,1308,3.58,14.67,0.686,9.211,False,True,True,0,0,0,0,True,
301413.SZ,301413,301413,安培龙,创业板,深市,创业板,801890.SI,机械设备,801072.SI,通用设备,通用设备,L,20231218,1016,2.78,52.81,0.095,11.111,False,True,True,0,0,0,0,True,
301418.SZ,301418,301418,协昌科技,创业板,深市,创业板,801890.SI,机械设备,801078.SI,自动化设备,自动化设备,L,20230821,1135,3.11,34.86,1.044,8.0,False,True,True,0,0,0,0,True,
301419.SZ,301419,301419,阿莱德,创业板,深市,创业板,801770.SI,通信,801102.SI,通信设备,通信设备,L,20230209,1328,3.64,42.93,3.371,17.687,False,True,True,0,0,0,0,True,
301421.SZ,301421,301421,波长光电,创业板,深市,创业板,801080.SI,电子,801084.SI,光学光电子,光学光电子,L,20230823,1133,3.1,73.55,0.561,9.278,False,True,True,0,0,0,0,True,
301428.SZ,301428,301428,世纪恒通,创业板,深市,创业板,801770.SI,通信,801223.SI,通信服务,通信服务,L,20230519,1229,3.36,26.97,1.812,8.602,False,True,True,0,0,0,0,True,
301429.SZ,301429,301429,森泰股份,创业板,深市,创业板,801710.SI,建筑材料,801713.SI,装修建材,装修建材,L,20230417,1261,3.45,17.63,1.497,4.624,False,True,True,0,0,0,0,True,
301439.SZ,301439,301439,泓淋电力,创业板,深市,创业板,801730.SI,电力设备,801738.SI,电网设备,电网设备,L,20230317,1292,3.54,13.86,0.072,8.333,False,True,True,0,0,0,0,True,
301446.SZ,301446,301446,福事特,创业板,深市,创业板,801890.SI,机械设备,801077.SI,工程机械,工程机械,L,20230725,1162,3.18,38.45,-1.435,11.811,False,True,True,0,0,0,0,True,
301448.SZ,301448,301448,开创电气,创业板,深市,创业板,801890.SI,机械设备,801072.SI,通用设备,通用设备,L,20230619,1198,3.28,53.1,-0.356,21.552,False,True,True,0,0,0,0,True,
301449.SZ,301449,301449,天溯计量,创业板,深市,创业板,801210.SI,社会服务,801218.SI,专业服务,专业服务,L,20251223,280,0.77,40.34,1.459,8.333,False,True,True,0,0,0,0,False,上市时间不足
301456.SZ,301456,301456,盘古智能,创业板,深市,创业板,801730.SI,电力设备,801736.SI,风电设备,风电设备,L,20230714,1173,3.21,26.29,2.296,8.943,False,True,True,0,0,0,0,True,
301458.SZ,301458,301458,钧崴电子,创业板,深市,创业板,801080.SI,电子,801083.SI,元件,元件,L,20250110,627,1.72,36.7,2.629,9.326,False,True,True,0,0,0,0,False,上市时间不足
301459.SZ,301459,301459,丰茂股份,创业板,深市,创业板,801030.SI,基础化工,801037.SI,橡胶,橡胶,L,20231213,1021,2.8,31.66,0.476,3.125,False,True,True,0,0,0,0,True,
301468.SZ,301468,301468,博盈特焊,创业板,深市,创业板,801890.SI,机械设备,801072.SI,通用设备,通用设备,L,20230724,1163,3.18,30.53,-0.844,9.375,False,True,True,0,0,0,0,True,
301469.SZ,301469,301469,恒达新材,创业板,深市,创业板,801140.SI,轻工制造,801143.SI,造纸,造纸,L,20230822,1134,3.1,28.96,1.188,6.944,False,True,True,0,0,0,0,True,
301479.SZ,301479,301479,弘景光电,创业板,深市,创业板,801080.SI,电子,801084.SI,光学光电子,光学光电子,L,20250318,560,1.53,49.58,1.598,10.938,False,True,True,0,0,0,0,False,上市时间不足
301486.SZ,301486,301486,致尚科技,创业板,深市,创业板,801080.SI,电子,801085.SI,消费电子,消费电子,L,20230707,1180,3.23,189.9,4.341,16.379,False,True,True,0,0,0,0,True,
301487.SZ,301487,301487,盟固利,创业板,深市,创业板,801730.SI,电力设备,801737.SI,电池,电池,L,20230809,1147,3.14,15.82,5.326,5.66,False,True,True,0,0,0,0,True,
301488.SZ,301488,301488,豪恩汽电,创业板,深市,创业板,801880.SI,汽车,801093.SI,汽车零部件,汽车零部件,L,20230704,1183,3.24,91.4,0.783,11.17,False,True,True,0,0,0,0,True,
301489.SZ,301489,301489,思泉新材,创业板,深市,创业板,801080.SI,电子,801086.SI,电子化学品Ⅱ,电子化学品Ⅱ,L,20231024,1071,2.93,112.75,0.133,13.492,False,True,True,0,0,0,0,True,
301491.SZ,301491,301491,汉桑科技,创业板,深市,创业板,801080.SI,电子,801085.SI,消费电子,消费电子,L,20250806,419,1.15,36.4,0.831,8.247,False,True,True,0,0,0,0,False,上市时间不足
301498.SZ,301498,301498,乖宝宠物,创业板,深市,创业板,801010.SI,农林牧渔,801014.SI,饲料,饲料,L,20230816,1140,3.12,38.53,-1.154,12.5,False,True,True,0,0,0,0,True,
301499.SZ,301499,301499,维科精密,创业板,深市,创业板,801880.SI,汽车,801093.SI,汽车零部件,汽车零部件,L,20230721,1166,3.19,25.73,0.039,15.261,False,True,True,0,0,0,0,True,
301500.SZ,301500,301500,飞南资源,创业板,深市,创业板,801970.SI,环保,801971.SI,环境治理,环境治理,L,20230921,1104,3.02,24.81,3.938,15.0,False,True,True,0,0,0,0,True,
301501.SZ,301501,301501,恒鑫生活,创业板,深市,创业板,801140.SI,轻工制造,801142.SI,家居用品,家居用品,L,20250319,559,1.53,26.83,-0.334,7.143,False,True,True,0,0,0,0,False,上市时间不足
301502.SZ,301502,301502,华阳智能,创业板,深市,创业板,801730.SI,电力设备,801731.SI,电机Ⅱ,电机Ⅱ,L,20240202,970,2.66,51.09,2.364,7.843,False,True,True,0,0,0,0,True,
301503.SZ,301503,301503,智迪科技,创业板,深市,创业板,801750.SI,计算机,801101.SI,计算机设备,计算机设备,L,20230717,1170,3.2,22.49,1.765,9.589,False,True,True,0,0,0,0,True,
301505.SZ,301505,301505,苏州规划,创业板,深市,创业板,801720.SI,建筑装饰,801726.SI,工程咨询服务Ⅱ,工程咨询服务Ⅱ,L,20230719,1168,3.2,18.15,0.276,15.217,False,True,True,0,0,0,0,True,
301507.SZ,301507,301507,民生健康,创业板,深市,创业板,801150.SI,医药生物,801151.SI,化学制药,化学制药,L,20230905,1120,3.07,13.32,1.679,8.594,False,True,True,0,0,0,0,True,
301508.SZ,301508,301508,中机认检,创业板,深市,创业板,801210.SI,社会服务,801218.SI,专业服务,专业服务,L,20231201,1033,2.83,24.05,0.376,5.833,False,True,True,0,0,0,0,True,
301509.SZ,301509,301509,金凯生科,创业板,深市,创业板,801150.SI,医药生物,801156.SI,医疗服务,医疗服务,L,20230803,1153,3.16,30.8,0.0,10.68,False,True,True,0,0,0,0,True,
301510.SZ,301510,301510,固高科技,创业板,深市,创业板,801890.SI,机械设备,801078.SI,自动化设备,自动化设备,L,20230815,1141,3.12,27.5,2.881,11.111,False,True,True,0,0,0,0,True,
301511.SZ,301511,301511,德福科技,创业板,深市,创业板,801730.SI,电力设备,801737.SI,电池,电池,L,20230817,1139,3.12,96.15,2.505,15.888,False,True,True,0,0,0,0,True,
301512.SZ,301512,301512,智信精密,创业板,深市,创业板,801890.SI,机械设备,801078.SI,自动化设备,自动化设备,L,20230720,1167,3.2,31.43,1.781,8.738,False,True,True,0,0,0,0,True,
301513.SZ,301513,301513,尚水智能,创业板,深市,创业板,801730.SI,电力设备,801737.SI,电池,电池,L,20260417,165,0.45,51.42,20.0,10.132,False,True,True,0,0,0,0,False,上市时间不足
301515.SZ,301515,301515,港通医疗,创业板,深市,创业板,801150.SI,医药生物,801153.SI,医疗器械,医疗器械,L,20230725,1162,3.18,20.39,0.991,12.5,False,True,True,0,0,0,0,True,
301516.SZ,301516,301516,中远通,创业板,深市,创业板,801730.SI,电力设备,801733.SI,其他电源设备Ⅱ,其他电源设备Ⅱ,L,20231208,1026,2.81,18.66,0.702,6.154,False,True,True,0,0,0,0,True,
301517.SZ,301517,301517,陕西华达,创业板,深市,创业板,801740.SI,国防军工,801745.SI,军工电子Ⅱ,军工电子Ⅱ,L,20231017,1078,2.95,35.4,-1.117,7.368,False,True,True,0,0,0,0,True,
301518.SZ,301518,301518,长华化学,创业板,深市,创业板,801030.SI,基础化工,801034.SI,化学制品,化学制品,L,20230803,1153,3.16,23.97,-0.125,10.843,False,True,True,0,0,0,0,True,
301519.SZ,301519,301519,舜禹股份,创业板,深市,创业板,801970.SI,环保,801971.SI,环境治理,环境治理,L,20230727,1160,3.18,12.29,1.907,7.563,False,True,True,0,0,0,0,True,
301520.SZ,301520,301520,万邦医药,创业板,深市,创业板,801150.SI,医药生物,801156.SI,医疗服务,医疗服务,L,20230925,1100,3.01,72.0,-0.028,5.163,False,True,True,0,0,0,0,True,
301522.SZ,301522,301522,上大股份,创业板,深市,创业板,801050.SI,有色金属,801051.SI,金属新材料,金属新材料,L,20241016,713,1.95,21.99,-0.136,7.792,False,True,True,0,0,0,0,False,上市时间不足
301525.SZ,301525,301525,儒竞科技,创业板,深市,创业板,801890.SI,机械设备,801072.SI,通用设备,通用设备,L,20230830,1126,3.08,38.86,-0.69,13.953,False,True,True,0,0,0,0,True,
301526.SZ,301526,301526,国际复材,创业板,深市,创业板,801710.SI,建筑材料,801712.SI,玻璃玻纤,玻璃玻纤,L,20231226,1008,2.76,27.72,0.217,12.987,False,True,True,0,0,0,0,True,
301528.SZ,301528,301528,多浦乐,创业板,深市,创业板,801890.SI,机械设备,801072.SI,通用设备,通用设备,L,20230828,1128,3.09,72.16,0.431,25.0,False,True,True,0,0,0,0,True,
301529.SZ,301529,301529,福赛科技,创业板,深市,创业板,801880.SI,汽车,801093.SI,汽车零部件,汽车零部件,L,20230911,1114,3.05,136.88,3.407,17.949,False,True,True,0,0,0,0,True,
301531.SZ,301531,301531,春光集团,创业板,深市,创业板,801050.SI,有色金属,801051.SI,金属新材料,金属新材料,L,20260511,141,0.39,49.5,1.434,9.884,False,True,True,0,0,0,0,False,上市时间不足
301533.SZ,301533,301533,威马农机,创业板,深市,创业板,801890.SI,机械设备,801074.SI,专用设备,专用设备,L,20230818,1138,3.12,28.49,0.743,5.517,False,True,True,0,0,0,0,True,
301535.SZ,301535,301535,浙江华远,创业板,深市,创业板,801880.SI,汽车,801093.SI,汽车零部件,汽车零部件,L,20250327,551,1.51,13.52,0.52,18.75,False,True,True,0,0,0,0,False,上市时间不足
301536.SZ,301536,301536,星宸科技,创业板,深市,创业板,801080.SI,电子,801081.SI,半导体,半导体,L,20240328,915,2.51,125.1,0.879,14.103,False,True,True,0,0,0,0,True,
301538.SZ,301538,301538,骏鼎达,创业板,深市,创业板,801030.SI,基础化工,801036.SI,塑料,塑料,L,20240320,923,2.53,40.23,2.785,7.407,False,True,True,0,0,0,0,True,
301539.SZ,301539,301539,宏鑫科技,创业板,深市,创业板,801880.SI,汽车,801093.SI,汽车零部件,汽车零部件,L,20240415,897,2.46,15.43,1.38,8.0,False,True,True,0,0,0,0,True,
301548.SZ,301548,301548,崇德科技,创业板,深市,创业板,801890.SI,机械设备,801072.SI,通用设备,通用设备,L,20230920,1105,3.03,52.68,0.9,11.009,False,True,True,0,0,0,0,True,
301550.SZ,301550,301550,斯菱智驱,创业板,深市,创业板,801880.SI,汽车,801093.SI,汽车零部件,汽车零部件,L,20230915,1110,3.04,93.99,2.868,10.87,False,True,True,0,0,0,0,True,
301551.SZ,301551,301551,无线传媒,创业板,深市,创业板,801760.SI,传媒,801995.SI,电视广播Ⅱ,电视广播Ⅱ,L,20240926,733,2.01,22.21,1.974,7.143,False,True,True,0,0,0,0,True,
301552.SZ,301552,301552,科力装备,创业板,深市,创业板,801880.SI,汽车,801093.SI,汽车零部件,汽车零部件,L,20240722,799,2.19,24.77,1.309,8.871,False,True,True,0,0,0,0,True,
301555.SZ,301555,301555,惠柏新材,创业板,深市,创业板,801030.SI,基础化工,801036.SI,塑料,塑料,L,20231031,1064,2.91,35.64,-0.028,9.551,False,True,True,0,0,0,0,True,
301556.SZ,301556,301556,托普云农,创业板,深市,创业板,801750.SI,计算机,801103.SI,IT服务Ⅱ,IT服务Ⅱ,L,20241017,712,1.95,62.88,4.765,10.39,False,True,True,0,0,0,0,False,上市时间不足
301557.SZ,301557,301557,常友科技,创业板,深市,创业板,801730.SI,电力设备,801736.SI,风电设备,风电设备,L,20250304,574,1.57,81.61,-0.718,6.471,False,True,True,0,0,0,0,False,上市时间不足
301558.SZ,301558,301558,三态股份,创业板,深市,创业板,801200.SI,商贸零售,801206.SI,互联网电商,互联网电商,L,20230928,1097,3.0,6.75,0.0,5.97,False,True,True,0,0,0,0,True,
301559.SZ,301559,301559,中集环科,创业板,深市,创业板,801890.SI,机械设备,801072.SI,通用设备,通用设备,L,20231011,1084,2.97,12.74,0.951,5.385,False,True,True,0,0,0,0,True,
301560.SZ,301560,301560,众捷股份,创业板,深市,创业板,801880.SI,汽车,801093.SI,汽车零部件,汽车零部件,L,20250425,522,1.43,33.88,20.014,20.27,False,True,True,0,0,0,0,False,上市时间不足
301563.SZ,301563,301563,云汉芯城,创业板,深市,创业板,801080.SI,电子,801082.SI,其他电子Ⅱ,其他电子Ⅱ,L,20250930,364,1.0,105.08,0.459,8.421,False,True,True,0,0,0,0,False,上市时间不足
301565.SZ,301565,301565,中仑新材,创业板,深市,创业板,801030.SI,基础化工,801036.SI,塑料,塑料,L,20240620,831,2.28,19.38,0.311,7.143,False,True,True,0,0,0,0,True,
301566.SZ,301566,301566,达利凯普,创业板,深市,创业板,801080.SI,电子,801083.SI,元件,元件,L,20231229,1005,2.75,24.62,1.192,11.852,False,True,True,0,0,0,0,True,
301567.SZ,301567,301567,贝隆精密,创业板,深市,创业板,801080.SI,电子,801085.SI,消费电子,消费电子,L,20240116,987,2.7,37.13,0.678,9.73,False,True,True,0,0,0,0,True,
301568.SZ,301568,301568,思泰克,创业板,深市,创业板,801890.SI,机械设备,801078.SI,自动化设备,自动化设备,L,20231128,1036,2.84,70.05,0.98,11.667,False,True,True,0,0,0,0,True,
301571.SZ,301571,301571,国科天成,创业板,深市,创业板,801740.SI,国防军工,801745.SI,军工电子Ⅱ,军工电子Ⅱ,L,20240821,769,2.11,68.36,1.62,12.36,False,True,True,0,0,0,0,True,
301575.SZ,301575,301575,艾芬达,创业板,深市,创业板,801140.SI,轻工制造,801142.SI,家居用品,家居用品,L,20250910,384,1.05,23.89,-3.044,11.382,False,True,True,0,0,0,0,False,上市时间不足
301577.SZ,301577,301577,美信科技,创业板,深市,创业板,801770.SI,通信,801102.SI,通信设备,通信设备,L,20240124,979,2.68,56.39,1.934,8.966,False,True,True,0,0,0,0,True,
301578.SZ,301578,301578,辰奕智能,创业板,深市,创业板,801110.SI,家用电器,801112.SI,黑色家电,黑色家电,L,20231228,1006,2.75,23.98,4.17,5.128,False,True,True,0,0,0,0,True,
301580.SZ,301580,301580,爱迪特,创业板,深市,创业板,801150.SI,医药生物,801153.SI,医疗器械,医疗器械,L,20240626,825,2.26,52.08,-0.344,8.602,False,True,True,0,0,0,0,True,
301581.SZ,301581,301581,黄山谷捷,创业板,深市,创业板,801880.SI,汽车,801093.SI,汽车零部件,汽车零部件,L,20250103,634,1.74,36.77,1.715,9.722,False,True,True,0,0,0,0,False,上市时间不足
301583.SZ,301583,301583,托伦斯,创业板,深市,创业板,,,,,未分类,L,20260710,81,0.22,130.12,-5.112,6.414,False,True,True,0,0,1,1,False,上市时间不足、近60日停牌
301584.SZ,301584,301584,建发致新,创业板,深市,创业板,801150.SI,医药生物,801154.SI,医药商业,医药商业,L,20250925,369,1.01,17.93,-1.915,15.217,False,True,True,0,0,0,0,False,上市时间不足
301585.SZ,301585,301585,蓝宇股份,创业板,深市,创业板,801030.SI,基础化工,801034.SI,化学制品,化学制品,L,20241220,648,1.77,27.69,-0.717,11.594,False,True,True,0,0,0,0,False,上市时间不足
301586.SZ,301586,301586,佳力奇,创业板,深市,创业板,801740.SI,国防军工,801742.SI,航空装备Ⅱ,航空装备Ⅱ,L,20240828,762,2.09,29.31,0.86,9.272,False,True,True,0,0,0,0,True,
301587.SZ,301587,301587,中瑞股份,创业板,深市,创业板,801730.SI,电力设备,801737.SI,电池,电池,L,20240408,904,2.48,22.59,0.489,8.796,False,True,True,0,0,0,0,True,
301588.SZ,301588,301588,美新科技,创业板,深市,创业板,801140.SI,轻工制造,801142.SI,家居用品,家居用品,L,20240313,930,2.55,25.9,0.388,7.857,False,True,True,0,0,0,0,True,
301589.SZ,301589,301589,诺瓦星云,创业板,深市,创业板,801750.SI,计算机,801101.SI,计算机设备,计算机设备,L,20240208,964,2.64,157.19,0.743,14.286,False,True,True,0,0,0,0,True,
301590.SZ,301590,301590,优优绿能,创业板,深市,创业板,801730.SI,电力设备,801733.SI,其他电源设备Ⅱ,其他电源设备Ⅱ,L,20250605,481,1.32,67.04,4.003,12.0,False,True,True,0,0,0,0,False,上市时间不足
301591.SZ,301591,301591,肯特股份,创业板,深市,创业板,801030.SI,基础化工,801036.SI,塑料,塑料,L,20240228,944,2.58,41.84,1.776,10.0,False,True,True,0,0,0,0,True,
301592.SZ,301592,301592,六九一二,创业板,深市,创业板,801740.SI,国防军工,801745.SI,军工电子Ⅱ,军工电子Ⅱ,L,20241024,705,1.93,108.7,-2.424,11.765,False,True,True,0,0,0,0,False,上市时间不足
301595.SZ,301595,301595,太力科技,创业板,深市,创业板,801140.SI,轻工制造,801142.SI,家居用品,家居用品,L,20250519,498,1.36,46.61,-0.47,17.982,False,True,True,0,0,0,0,False,上市时间不足
301596.SZ,301596,301596,瑞迪智驱,创业板,深市,创业板,801890.SI,机械设备,801072.SI,通用设备,通用设备,L,20240513,869,2.38,45.4,-0.678,7.627,False,True,True,0,0,0,0,True,
301598.SZ,301598,301598,博科测试,创业板,深市,创业板,801890.SI,机械设备,801074.SI,专用设备,专用设备,L,20241220,648,1.77,51.32,0.078,6.796,False,True,True,0,0,0,0,False,上市时间不足
301599.SZ,301599,301599,理奇智能,创业板,深市,创业板,801730.SI,电力设备,801737.SI,电池,电池,L,20260430,152,0.42,33.18,6.894,6.748,False,True,True,0,0,0,0,False,上市时间不足
301600.SZ,301600,301600,慧翰股份,创业板,深市,创业板,801750.SI,计算机,801101.SI,计算机设备,计算机设备,L,20240911,748,2.05,75.78,-0.629,14.925,False,True,True,0,0,0,0,True,
301601.SZ,301601,301601,惠通科技,创业板,深市,创业板,801890.SI,机械设备,801074.SI,专用设备,专用设备,L,20250115,622,1.7,16.2,-0.614,12.048,False,True,True,0,0,0,0,False,上市时间不足
301602.SZ,301602,301602,超研股份,创业板,深市,创业板,801150.SI,医药生物,801153.SI,医疗器械,医疗器械,L,20250122,615,1.68,16.01,-0.559,18.519,False,True,True,0,0,0,0,False,上市时间不足
301603.SZ,301603,301603,乔锋智能,创业板,深市,创业板,801890.SI,机械设备,801072.SI,通用设备,通用设备,L,20240710,811,2.22,117.2,2.091,10.968,False,True,True,0,0,0,0,True,
301606.SZ,301606,301606,绿联科技,创业板,深市,创业板,801080.SI,电子,801085.SI,消费电子,消费电子,L,20240726,795,2.18,50.79,1.478,10.0,False,True,True,0,0,0,0,True,
301607.SZ,301607,301607,富特科技,创业板,深市,创业板,801880.SI,汽车,801093.SI,汽车零部件,汽车零部件,L,20240904,755,2.07,42.65,0.708,6.422,False,True,True,0,0,0,0,True,
301608.SZ,301608,301608,博实结,创业板,深市,创业板,801750.SI,计算机,801101.SI,计算机设备,计算机设备,L,20240801,789,2.16,51.25,2.092,12.195,False,True,True,0,0,0,0,True,
301609.SZ,301609,301609,山大电力,创业板,深市,创业板,801730.SI,电力设备,801738.SI,电网设备,电网设备,L,20250723,433,1.19,30.07,-0.298,13.58,False,True,True,0,0,0,0,False,上市时间不足
301611.SZ,301611,301611,珂玛科技,创业板,深市,创业板,801080.SI,电子,801081.SI,半导体,半导体,L,20240816,774,2.12,88.08,-1.034,11.321,False,True,True,0,0,0,0,True,
301613.SZ,301613,301613,新铝时代,创业板,深市,创业板,801880.SI,汽车,801093.SI,汽车零部件,汽车零部件,L,20241025,704,1.93,34.33,0.556,14.444,False,True,True,0,0,0,0,False,上市时间不足
301616.SZ,301616,301616,浙江华业,创业板,深市,创业板,801890.SI,机械设备,801072.SI,通用设备,通用设备,L,20250327,551,1.51,35.86,0.28,6.78,False,True,True,0,0,0,0,False,上市时间不足
301617.SZ,301617,301617,博苑新材,创业板,深市,创业板,801030.SI,基础化工,801034.SI,化学制品,化学制品,L,20241211,657,1.8,54.99,7.172,11.628,False,True,True,0,0,0,0,False,上市时间不足
301618.SZ,301618,301618,长联科技,创业板,深市,创业板,801030.SI,基础化工,801034.SI,化学制品,化学制品,L,20240930,729,2.0,30.34,1.032,14.198,False,True,True,0,0,0,0,False,上市时间不足
301622.SZ,301622,301622,英思特,创业板,深市,创业板,801050.SI,有色金属,801051.SI,金属新材料,金属新材料,L,20241204,664,1.82,36.23,0.083,12.088,False,True,True,0,0,0,0,False,上市时间不足
301626.SZ,301626,301626,苏州天脉,创业板,深市,创业板,801080.SI,电子,801085.SI,消费电子,消费电子,L,20241024,705,1.93,295.5,-1.958,23.313,False,True,True,0,0,0,0,False,上市时间不足
301628.SZ,301628,301628,强达电路,创业板,深市,创业板,801080.SI,电子,801083.SI,元件,元件,L,20241031,698,1.91,116.5,10.678,10.917,False,True,True,0,0,0,0,False,上市时间不足
301629.SZ,301629,301629,矽电股份,创业板,深市,创业板,801080.SI,电子,801081.SI,半导体,半导体,L,20250324,554,1.52,267.21,1.002,9.459,False,True,True,0,0,0,0,False,上市时间不足
301630.SZ,301630,301630,同宇新材,创业板,深市,创业板,801080.SI,电子,801086.SI,电子化学品Ⅱ,电子化学品Ⅱ,L,20250710,446,1.22,199.26,1.632,9.942,False,True,True,0,0,0,0,False,上市时间不足
301631.SZ,301631,301631,壹连科技,创业板,深市,创业板,801880.SI,汽车,801093.SI,汽车零部件,汽车零部件,L,20241122,676,1.85,61.35,2.575,8.654,False,True,True,0,0,0,0,False,上市时间不足
301632.SZ,301632,301632,广东建科,创业板,深市,创业板,801210.SI,社会服务,801218.SI,专业服务,专业服务,L,20250812,413,1.13,13.16,2.095,7.576,False,True,True,0,0,0,0,False,上市时间不足
301633.SZ,301633,301633,港迪技术,创业板,深市,创业板,801890.SI,机械设备,801078.SI,自动化设备,自动化设备,L,20241107,691,1.89,61.01,2.023,11.111,False,True,True,0,0,0,0,False,上市时间不足
301636.SZ,301636,301636,泽润新能,创业板,深市,创业板,801730.SI,电力设备,801735.SI,光伏设备,光伏设备,L,20250516,501,1.37,40.96,3.618,9.901,False,True,True,0,0,0,0,False,上市时间不足
301638.SZ,301638,301638,南网数字,创业板,深市,创业板,801750.SI,计算机,801103.SI,IT服务Ⅱ,IT服务Ⅱ,L,20251118,315,0.86,20.5,-0.098,8.676,False,True,True,0,0,0,0,False,上市时间不足
301655.SZ,301655,301655,绿控传动,创业板,深市,创业板,,,,,未分类,L,20260820,40,0.11,25.76,8.008,7.287,False,True,True,0,0,0,0,False,上市时间不足
301656.SZ,301656,301656,联合动力,创业板,深市,创业板,801880.SI,汽车,801093.SI,汽车零部件,汽车零部件,L,20250925,369,1.01,13.68,-0.87,8.451,False,True,True,0,0,0,0,False,上市时间不足
301658.SZ,301658,301658,首航新能,创业板,深市,创业板,801730.SI,电力设备,801735.SI,光伏设备,光伏设备,L,20250402,545,1.49,21.66,0.791,10.959,False,True,True,0,0,0,0,False,上市时间不足
301662.SZ,301662,301662,宏工科技,创业板,深市,创业板,801730.SI,电力设备,801737.SI,电池,电池,L,20250417,530,1.45,70.05,11.545,7.292,False,True,True,0,0,0,0,False,上市时间不足
301665.SZ,301665,301665,泰禾股份,创业板,深市,创业板,801030.SI,基础化工,801038.SI,农化制品,农化制品,L,20250411,536,1.47,21.78,0.647,7.826,False,True,True,0,0,0,0,False,上市时间不足
301666.SZ,301666,301666,大普微,创业板,深市,创业板,801080.SI,电子,801081.SI,半导体,半导体,L,20260416,166,0.45,355.81,-1.301,15.481,False,True,True,0,0,0,0,False,上市时间不足
301667.SZ,301667,301667,纳百川,创业板,深市,创业板,801880.SI,汽车,801093.SI,汽车零部件,汽车零部件,L,20251223,280,0.77,56.24,3.573,7.447,False,True,True,0,0,0,0,False,上市时间不足
301668.SZ,301668,301668,昊创瑞通,创业板,深市,创业板,801730.SI,电力设备,801738.SI,电网设备,电网设备,L,20250926,368,1.01,29.76,-0.168,12.346,False,True,True,0,0,0,0,False,上市时间不足
301669.SZ,301669,301669,高特电子,创业板,深市,创业板,801730.SI,电力设备,801733.SI,其他电源设备Ⅱ,其他电源设备Ⅱ,L,20260609,112,0.31,25.17,0.279,6.87,False,True,True,0,0,0,0,False,上市时间不足
301677.SZ,301677,301677,欣兴工具,创业板,深市,创业板,,,,,未分类,L,20260730,61,0.17,51.97,-4.15,3.435,False,True,True,0,0,0,0,False,上市时间不足
301678.SZ,301678,301678,新恒汇,创业板,深市,创业板,801080.SI,电子,801081.SI,半导体,半导体,L,20250620,466,1.28,53.31,2.915,21.839,False,True,True,0,0,0,0,False,上市时间不足
301680.SZ,301680,301680,固德电材,创业板,深市,创业板,801880.SI,汽车,801093.SI,汽车零部件,汽车零部件,L,20260306,207,0.57,97.12,0.268,8.984,False,True,True,0,0,0,0,False,上市时间不足
301682.SZ,301682,301682,宏明电子,创业板,深市,创业板,801740.SI,国防军工,801745.SI,军工电子Ⅱ,军工电子Ⅱ,L,20260325,188,0.51,104.2,0.647,13.043,False,True,True,0,0,0,0,False,上市时间不足
301683.SZ,301683,301683,慧谷新材,创业板,深市,创业板,801030.SI,基础化工,801034.SI,化学制品,化学制品,L,20260401,181,0.5,99.99,0.492,7.784,False,True,True,0,0,0,0,False,上市时间不足
301686.SZ,301686,301686,中塑股份,创业板,深市,创业板,,,,,未分类,L,20260922,7,0.02,192.06,-17.098,8.377,False,True,True,1,1,1,1,False,上市时间不足、近60日停牌
301687.SZ,301687,301687,新广益,创业板,深市,创业板,801030.SI,基础化工,801036.SI,塑料,塑料,L,20251231,272,0.74,50.78,1.216,7.576,False,True,True,0,0,0,0,False,上市时间不足
301688.SZ,301688,301688,格林生物,创业板,深市,创业板,,,,,未分类,L,20260902,27,0.07,38.11,-4.725,6.107,False,True,True,0,0,0,0,False,上市时间不足
301689.SZ,301689,301689,电科思仪,创业板,深市,创业板,,,,,未分类,L,20260910,19,0.05,77.51,-8.919,4.906,False,True,True,0,0,0,0,False,上市时间不足
301696.SZ,301696,301696,三瑞智能,创业板,深市,创业板,801730.SI,电力设备,801731.SI,电机Ⅱ,电机Ⅱ,L,20260410,172,0.47,88.35,-1.008,6.369,False,True,True,0,0,0,0,False,上市时间不足
301697.SZ,301697,301697,贝特利,创业板,深市,创业板,,,,,未分类,L,20260901,28,0.08,27.74,-2.973,4.912,False,True,True,0,0,0,0,False,上市时间不足
301699.SZ,301699,301699,洛轴股份,创业板,深市,创业板,,,,,未分类,L,20260909,20,0.05,37.71,-7.301,5.793,False,True,True,0,0,0,0,False,上市时间不足
301707.SZ,301707,301707,展芯股份,创业板,深市,创业板,,,,,未分类,L,20260807,53,0.15,70.61,-2.982,6.25,False,True,True,0,0,0,0,False,上市时间不足
301716.SZ,301716,301716,C鸿富诚,创业板,深市,创业板,,,,,未分类,L,20260929,0,0.0,578.88,653.162,5.549,False,True,True,0,0,0,0,False,上市时间不足
301717.SZ,301717,301717,超纯应材,创业板,深市,创业板,,,,,未分类,L,20260811,49,0.13,354.36,-0.251,6.949,False,True,True,0,0,0,0,False,上市时间不足
302132.SZ,302132,302132,中航成飞,创业板,深市,创业板,801740.SI,国防军工,801745.SI,军工电子Ⅱ,军工电子Ⅱ,L,20100827,5877,16.09,57.0,-2.946,11.111,False,True,True,0,0,0,0,True,
