ts_code,symbol,display_code,name,board,exchange,market_raw,sw_l1_code,sw_l1_name,sw_l2_code,sw_l2_name,sw_l2_display,list_status,list_date,list_age_days,list_age_years,close,pct_chg,chip_concentration_70,is_st,is_normal_listed,has_latest_quote,suspend_days_20,suspend_days_40,suspend_days_60,suspend_days_90,default_passed,default_reject_reasons
000001.SZ,000001,000001,平安银行,主板,深市,主板,801780.SI,银行,801783.SI,股份制银行Ⅱ,股份制银行Ⅱ,L,19910403,12964,35.49,11.57,1.938,11.111,False,True,True,0,0,0,0,True,
000002.SZ,000002,000002,万科A,主板,深市,主板,801180.SI,房地产,801181.SI,房地产开发,房地产开发,L,19910129,13028,35.67,4.26,4.412,21.053,False,True,True,0,0,0,0,True,
000006.SZ,000006,000006,深振业A,主板,深市,主板,801180.SI,房地产,801181.SI,房地产开发,房地产开发,L,19920427,12574,34.43,7.51,-1.444,11.111,False,True,True,0,0,0,0,True,
000007.SZ,000007,000007,全新好,主板,深市,主板,801200.SI,商贸零售,801203.SI,一般零售,一般零售,L,19920413,12588,34.46,10.96,-1.083,15.789,False,True,True,0,0,0,0,True,
000009.SZ,000009,000009,中国宝安,主板,深市,主板,801730.SI,电力设备,801737.SI,电池,电池,L,19910625,12881,35.27,6.93,1.02,20.0,False,True,True,0,0,0,0,True,
000011.SZ,000011,000011,深物业A,主板,深市,主板,801180.SI,房地产,801181.SI,房地产开发,房地产开发,L,19920330,12602,34.5,12.24,9.973,28.125,False,True,True,0,0,0,0,True,
000012.SZ,000012,000012,南玻A,主板,深市,主板,801710.SI,建筑材料,801712.SI,玻璃玻纤,玻璃玻纤,L,19920228,12633,34.59,3.69,0.545,23.684,False,True,True,0,0,0,0,True,
000014.SZ,000014,000014,沙河股份,主板,深市,主板,801180.SI,房地产,801181.SI,房地产开发,房地产开发,L,19920602,12538,34.33,11.24,-2.684,11.111,False,True,True,0,0,0,0,True,
000017.SZ,000017,000017,深中华A,主板,深市,主板,801130.SI,纺织服饰,801133.SI,饰品,饰品,L,19920331,12601,34.5,7.4,-1.333,7.895,False,True,True,0,0,0,0,True,
000019.SZ,000019,000019,深粮控股,主板,深市,主板,801010.SI,农林牧渔,801012.SI,农产品加工,农产品加工,L,19921012,12406,33.97,7.01,4.627,10.0,False,True,True,0,0,0,0,True,
000020.SZ,000020,000020,深华发A,主板,深市,主板,801080.SI,电子,801084.SI,光学光电子,光学光电子,L,19920428,12573,34.42,14.28,-2.526,14.085,False,True,True,0,0,0,0,True,
000021.SZ,000021,000021,深科技,主板,深市,主板,801080.SI,电子,801085.SI,消费电子,消费电子,L,19940202,11928,32.66,32.83,-2.841,9.722,False,True,True,0,0,0,0,True,
000025.SZ,000025,000025,特力A,主板,深市,主板,801230.SI,综合,801231.SI,综合Ⅱ,综合Ⅱ,L,19930621,12154,33.28,15.21,-1.105,9.091,False,True,True,0,0,0,0,True,
000026.SZ,000026,000026,飞亚达,主板,深市,主板,801130.SI,纺织服饰,801133.SI,饰品,饰品,L,19930603,12172,33.33,18.86,0.856,12.121,False,True,True,0,0,0,0,True,
000027.SZ,000027,000027,深圳能源,主板,深市,主板,801160.SI,公用事业,801161.SI,电力,电力,L,19930903,12080,33.07,6.28,0.641,18.462,False,True,True,0,0,0,0,True,
000028.SZ,000028,000028,国药一致,主板,深市,主板,801150.SI,医药生物,801154.SI,医药商业,医药商业,L,19930809,12105,33.14,19.66,1.497,14.706,False,True,True,0,0,0,0,True,
000029.SZ,000029,000029,深深房A,主板,深市,主板,801180.SI,房地产,801181.SI,房地产开发,房地产开发,L,19930915,12068,33.04,22.71,2.667,23.009,False,True,True,0,0,0,0,True,
000030.SZ,000030,000030,富奥股份,主板,深市,主板,801880.SI,汽车,801093.SI,汽车零部件,汽车零部件,L,19930929,12054,33.0,3.93,1.028,26.19,False,True,True,0,0,0,0,True,
000031.SZ,000031,000031,大悦城,主板,深市,主板,801180.SI,房地产,801181.SI,房地产开发,房地产开发,L,19931008,12045,32.98,2.46,1.235,36.364,False,True,True,0,0,0,0,True,
000032.SZ,000032,000032,深桑达A,主板,深市,主板,801720.SI,建筑装饰,801724.SI,专业工程,专业工程,L,19931028,12025,32.92,13.09,-2.167,9.722,False,True,True,0,0,0,0,True,
000034.SZ,000034,000034,神州数码,主板,深市,主板,801750.SI,计算机,801103.SI,IT服务Ⅱ,IT服务Ⅱ,L,19940509,11832,32.39,23.21,-1.985,6.78,False,True,True,0,0,0,0,True,
000035.SZ,000035,000035,中国天楹,主板,深市,主板,801970.SI,环保,801971.SI,环境治理,环境治理,L,19940408,11863,32.48,4.74,1.717,8.333,False,True,True,0,0,0,0,True,
000036.SZ,000036,000036,华联控股,主板,深市,主板,801180.SI,房地产,801181.SI,房地产开发,房地产开发,L,19940617,11793,32.29,4.08,-3.088,7.5,False,True,True,0,0,0,0,True,
000037.SZ,000037,000037,深南电A,主板,深市,主板,801160.SI,公用事业,801161.SI,电力,电力,L,19940701,11779,32.25,9.15,1.667,8.602,False,True,True,0,0,0,0,True,
000039.SZ,000039,000039,中集集团,主板,深市,主板,801890.SI,机械设备,801072.SI,通用设备,通用设备,L,19940408,11863,32.48,8.6,0.585,12.222,False,True,True,0,0,0,0,True,
000042.SZ,000042,000042,中洲控股,主板,深市,主板,801180.SI,房地产,801181.SI,房地产开发,房地产开发,L,19940921,11697,32.02,8.46,1.928,14.286,False,True,True,0,0,0,0,True,
000045.SZ,000045,000045,深纺织A,主板,深市,主板,801080.SI,电子,801084.SI,光学光电子,光学光电子,L,19940815,11734,32.13,11.13,-0.714,14.815,False,True,True,0,0,0,0,True,
000048.SZ,000048,000048,京基智农,主板,深市,主板,801010.SI,农林牧渔,801017.SI,养殖业,养殖业,L,19941101,11656,31.91,18.0,0.446,22.449,False,True,True,0,0,0,0,True,
000049.SZ,000049,000049,德赛电池,主板,深市,主板,801730.SI,电力设备,801737.SI,电池,电池,L,19950320,11517,31.53,22.4,1.865,10.256,False,True,True,0,0,0,0,True,
000050.SZ,000050,000050,深天马A,主板,深市,主板,801080.SI,电子,801084.SI,光学光电子,光学光电子,L,19950315,11522,31.55,6.31,0.318,45.455,False,True,True,0,0,0,0,True,
000055.SZ,000055,000055,方大集团,主板,深市,主板,801710.SI,建筑材料,801713.SI,装修建材,装修建材,L,19960415,11125,30.46,3.86,-0.515,10.811,False,True,True,0,0,0,0,True,
000058.SZ,000058,000058,深赛格,主板,深市,主板,801200.SI,商贸零售,801203.SI,一般零售,一般零售,L,19961226,10870,29.76,7.28,-0.137,27.143,False,True,True,0,0,0,0,True,
000059.SZ,000059,000059,华锦股份,主板,深市,主板,801960.SI,石油石化,801963.SI,炼化及贸易,炼化及贸易,L,19970130,10835,29.66,5.55,1.462,12.5,False,True,True,0,0,0,0,True,
000060.SZ,000060,000060,中金岭南,主板,深市,主板,801050.SI,有色金属,801055.SI,工业金属,工业金属,L,19970123,10842,29.68,5.84,0.172,10.769,False,True,True,0,0,0,0,True,
000061.SZ,000061,000061,农产品,主板,深市,主板,801200.SI,商贸零售,801203.SI,一般零售,一般零售,L,19970110,10855,29.72,6.03,3.253,15.0,False,True,True,0,0,0,0,True,
000062.SZ,000062,000062,深圳华强,主板,深市,主板,801080.SI,电子,801082.SI,其他电子Ⅱ,其他电子Ⅱ,L,19970130,10835,29.66,21.32,-1.57,8.696,False,True,True,0,0,0,0,True,
000063.SZ,000063,000063,中兴通讯,主板,深市,主板,801770.SI,通信,801102.SI,通信设备,通信设备,L,19971118,10543,28.87,30.58,-0.456,10.714,False,True,True,0,0,0,0,True,
000065.SZ,000065,000065,北方国际,主板,深市,主板,801720.SI,建筑装饰,801724.SI,专业工程,专业工程,L,19980605,10344,28.32,9.73,1.249,10.204,False,True,True,0,0,0,0,True,
000066.SZ,000066,000066,中国长城,主板,深市,主板,801750.SI,计算机,801101.SI,计算机设备,计算机设备,L,19970626,10688,29.26,14.1,-2.219,10.811,False,True,True,0,0,0,0,True,
000068.SZ,000068,000068,华控赛格,主板,深市,主板,801970.SI,环保,801971.SI,环境治理,环境治理,L,19970611,10703,29.3,3.41,-3.672,15.625,False,True,True,0,0,0,0,True,
000069.SZ,000069,000069,华侨城A,主板,深市,主板,801180.SI,房地产,801181.SI,房地产开发,房地产开发,L,19970910,10612,29.05,1.97,0.0,27.778,False,True,True,0,0,0,0,True,
000070.SZ,000070,000070,特发信息,主板,深市,主板,801770.SI,通信,801102.SI,通信设备,通信设备,L,20000511,9638,26.39,16.3,0.679,14.607,False,True,True,0,0,0,0,True,
000088.SZ,000088,000088,盐田港,主板,深市,主板,801170.SI,交通运输,801992.SI,航运港口,航运港口,L,19970728,10656,29.17,4.66,0.648,6.667,False,True,True,0,0,0,0,True,
000089.SZ,000089,000089,深圳机场,主板,深市,主板,801170.SI,交通运输,801991.SI,航空机场,航空机场,L,19980420,10390,28.45,6.69,1.518,7.576,False,True,True,0,0,0,0,True,
000090.SZ,000090,000090,天健集团,主板,深市,主板,801180.SI,房地产,801181.SI,房地产开发,房地产开发,L,19990721,9933,27.2,3.64,0.0,11.429,False,True,True,0,0,0,0,True,
000096.SZ,000096,000096,广聚能源,主板,深市,主板,801960.SI,石油石化,801963.SI,炼化及贸易,炼化及贸易,L,20000724,9564,26.18,7.99,0.63,11.538,False,True,True,0,0,0,0,True,
000099.SZ,000099,000099,中信海直,主板,深市,主板,801170.SI,交通运输,801991.SI,航空机场,航空机场,L,20000731,9557,26.17,12.67,0.876,13.043,False,True,True,0,0,0,0,True,
000100.SZ,000100,000100,TCL科技,主板,深市,主板,801080.SI,电子,801084.SI,光学光电子,光学光电子,L,20040130,8279,22.67,4.79,0.419,8.163,False,True,True,0,0,0,0,True,
000151.SZ,000151,000151,中成股份,主板,深市,主板,801200.SI,商贸零售,801202.SI,贸易Ⅱ,贸易Ⅱ,L,20000906,9520,26.06,10.06,0.0,5.882,False,True,True,0,0,0,0,True,
000153.SZ,000153,000153,丰原药业,主板,深市,主板,801150.SI,医药生物,801151.SI,化学制药,化学制药,L,20000920,9506,26.03,6.11,0.493,6.452,False,True,True,0,0,0,0,True,
000155.SZ,000155,000155,川能动力,主板,深市,主板,801160.SI,公用事业,801161.SI,电力,电力,L,20000926,9500,26.01,10.88,1.021,6.897,False,True,True,0,0,0,0,True,
000156.SZ,000156,000156,华数传媒,主板,深市,主板,801760.SI,传媒,801995.SI,电视广播Ⅱ,电视广播Ⅱ,L,20000906,9520,26.06,6.98,-1.133,17.647,False,True,True,0,0,0,0,True,
000157.SZ,000157,000157,中联重科,主板,深市,主板,801890.SI,机械设备,801077.SI,工程机械,工程机械,L,20001012,9484,25.97,5.97,1.877,18.31,False,True,True,0,0,0,0,True,
000158.SZ,000158,000158,常山北明,主板,深市,主板,801750.SI,计算机,801103.SI,IT服务Ⅱ,IT服务Ⅱ,L,20000724,9564,26.18,12.17,-0.164,9.091,False,True,True,0,0,0,0,True,
000159.SZ,000159,000159,国际实业,主板,深市,主板,801730.SI,电力设备,801735.SI,光伏设备,光伏设备,L,20000926,9500,26.01,5.45,-0.909,8.929,False,True,True,0,0,0,0,True,
000166.SZ,000166,000166,申万宏源,主板,深市,主板,801790.SI,非银金融,801193.SI,证券Ⅱ,证券Ⅱ,L,20150126,4265,11.68,4.38,0.459,17.391,False,True,True,0,0,0,0,True,
000301.SZ,000301,000301,东方盛虹,主板,深市,主板,801960.SI,石油石化,801963.SI,炼化及贸易,炼化及贸易,L,20000529,9620,26.34,12.89,0.703,28.125,False,True,True,0,0,0,0,True,
000333.SZ,000333,000333,美的集团,主板,深市,主板,801110.SI,家用电器,801111.SI,白色家电,白色家电,L,20130918,4760,13.03,80.1,-1.91,24.0,False,True,True,0,0,0,0,True,
000338.SZ,000338,000338,潍柴动力,主板,深市,主板,801880.SI,汽车,801093.SI,汽车零部件,汽车零部件,L,20070430,7093,19.42,25.1,0.4,13.433,False,True,True,0,0,0,0,True,
000400.SZ,000400,000400,许继电气,主板,深市,主板,801730.SI,电力设备,801738.SI,电网设备,电网设备,L,19970418,10757,29.45,21.61,2.758,11.111,False,True,True,0,0,0,0,True,
000401.SZ,000401,000401,金隅冀东,主板,深市,主板,801710.SI,建筑材料,801711.SI,水泥,水泥,L,19960614,11065,30.29,3.66,1.95,33.333,False,True,True,0,0,0,0,True,
000402.SZ,000402,000402,金融街,主板,深市,主板,801180.SI,房地产,801181.SI,房地产开发,房地产开发,L,19960626,11053,30.26,2.74,1.107,11.538,False,True,True,0,0,0,0,True,
000403.SZ,000403,000403,派林生物,主板,深市,主板,801150.SI,医药生物,801152.SI,生物制品,生物制品,L,19960628,11051,30.26,10.06,3.285,21.154,False,True,True,0,0,0,0,True,
000404.SZ,000404,000404,长虹华意,主板,深市,主板,801110.SI,家用电器,801116.SI,家电零部件Ⅱ,家电零部件Ⅱ,L,19960619,11060,30.28,6.84,1.484,13.889,False,True,True,0,0,0,0,True,
000407.SZ,000407,000407,胜利股份,主板,深市,主板,801160.SI,公用事业,801163.SI,燃气Ⅱ,燃气Ⅱ,L,19960703,11046,30.24,4.25,1.19,7.143,False,True,True,0,0,0,0,True,
000408.SZ,000408,000408,藏格矿业,主板,深市,主板,801050.SI,有色金属,801056.SI,能源金属,能源金属,L,19960628,11051,30.26,70.66,1.232,16.883,False,True,True,0,0,0,0,True,
000409.SZ,000409,000409,云鼎科技,主板,深市,主板,801750.SI,计算机,801103.SI,IT服务Ⅱ,IT服务Ⅱ,L,19960627,11052,30.26,8.61,-2.048,11.364,False,True,True,0,0,0,0,True,
000410.SZ,000410,000410,沈阳机床,主板,深市,主板,801890.SI,机械设备,801072.SI,通用设备,通用设备,L,19960718,11031,30.2,5.11,-0.584,7.692,False,True,True,0,0,0,0,True,
000411.SZ,000411,000411,英特集团,主板,深市,主板,801150.SI,医药生物,801154.SI,医药商业,医药商业,L,19960716,11033,30.21,10.02,0.401,18.182,False,True,True,0,0,0,0,True,
000415.SZ,000415,000415,渤海租赁,主板,深市,主板,801790.SI,非银金融,801191.SI,多元金融,多元金融,L,19960716,11033,30.21,4.13,1.474,9.091,False,True,True,0,0,0,0,True,
000417.SZ,000417,000417,合百集团,主板,深市,主板,801200.SI,商贸零售,801203.SI,一般零售,一般零售,L,19960812,11006,30.13,5.64,-0.353,15.517,False,True,True,0,0,0,0,True,
000419.SZ,000419,000419,通程控股,主板,深市,主板,801200.SI,商贸零售,801203.SI,一般零售,一般零售,L,19960816,11002,30.12,5.1,0.79,10.0,False,True,True,0,0,0,0,True,
000420.SZ,000420,000420,吉林化纤,主板,深市,主板,801030.SI,基础化工,801032.SI,化学纤维,化学纤维,L,19960802,11016,30.16,3.44,-0.865,11.111,False,True,True,0,0,0,0,True,
000421.SZ,000421,000421,南京公用,主板,深市,主板,801230.SI,综合,801231.SI,综合Ⅱ,综合Ⅱ,L,19960806,11012,30.15,5.74,0.702,8.772,False,True,True,0,0,0,0,True,
000422.SZ,000422,000422,湖北宜化,主板,深市,主板,801030.SI,基础化工,801038.SI,农化制品,农化制品,L,19960815,11003,30.12,11.52,0.348,9.524,False,True,True,0,0,0,0,True,
000423.SZ,000423,000423,东阿阿胶,主板,深市,主板,801150.SI,医药生物,801155.SI,中药Ⅱ,中药Ⅱ,L,19960729,11020,30.17,45.95,1.569,13.235,False,True,True,0,0,0,0,True,
000425.SZ,000425,000425,徐工机械,主板,深市,主板,801890.SI,机械设备,801077.SI,工程机械,工程机械,L,19960828,10990,30.09,7.2,2.128,18.519,False,True,True,0,0,0,0,True,
000426.SZ,000426,000426,兴业银锡,主板,深市,主板,801050.SI,有色金属,801055.SI,工业金属,工业金属,L,19960828,10990,30.09,31.5,-0.222,19.608,False,True,True,0,0,0,0,True,
000428.SZ,000428,000428,华天酒店,主板,深市,主板,801210.SI,社会服务,801219.SI,酒店餐饮,酒店餐饮,L,19960808,11010,30.14,3.83,0.0,23.81,False,True,True,0,0,0,0,True,
000429.SZ,000429,000429,粤高速A,主板,深市,主板,801170.SI,交通运输,801179.SI,铁路公路,铁路公路,L,19980220,10449,28.61,12.46,1.466,14.504,False,True,True,0,0,0,0,True,
000430.SZ,000430,000430,张家界,主板,深市,主板,801210.SI,社会服务,801993.SI,旅游及景区,旅游及景区,L,19960829,10989,30.09,6.66,0.301,14.286,False,True,True,0,0,0,0,True,
000498.SZ,000498,000498,山东路桥,主板,深市,主板,801720.SI,建筑装饰,801723.SI,基础建设,基础建设,L,19970609,10705,29.31,5.87,4.635,16.667,False,True,True,0,0,0,0,True,
000501.SZ,000501,000501,武商集团,主板,深市,主板,801200.SI,商贸零售,801203.SI,一般零售,一般零售,L,19921120,12367,33.86,7.14,1.133,8.333,False,True,True,0,0,0,0,True,
000503.SZ,000503,000503,国新健康,主板,深市,主板,801750.SI,计算机,801104.SI,软件开发,软件开发,L,19921130,12357,33.83,7.69,-0.389,11.111,False,True,True,0,0,0,0,True,
000504.SZ,000504,000504,南华生物,主板,深市,主板,801150.SI,医药生物,801156.SI,医疗服务,医疗服务,L,19921208,12349,33.81,12.42,10.009,11.111,False,True,True,0,0,0,2,True,
000505.SZ,000505,000505,京粮控股,主板,深市,主板,801010.SI,农林牧渔,801012.SI,农产品加工,农产品加工,L,19921221,12336,33.77,6.28,3.46,18.182,False,True,True,0,0,0,0,True,
000506.SZ,000506,000506,招金黄金,主板,深市,主板,801050.SI,有色金属,801053.SI,贵金属,贵金属,L,19930312,12255,33.55,16.71,0.784,17.204,False,True,True,0,0,0,0,True,
000507.SZ,000507,000507,珠海港,主板,深市,主板,801160.SI,公用事业,801161.SI,电力,电力,L,19930326,12241,33.51,4.94,0.203,6.0,False,True,True,0,0,0,0,True,
000509.SZ,000509,000509,华塑控股,主板,深市,主板,801080.SI,电子,801084.SI,光学光电子,光学光电子,L,19930507,12199,33.4,3.39,-3.419,13.889,False,True,True,0,0,0,0,True,
000510.SZ,000510,000510,新金路,主板,深市,主板,801030.SI,基础化工,801033.SI,化学原料,化学原料,L,19930507,12199,33.4,16.85,-2.432,11.111,False,True,True,0,0,0,0,True,
000513.SZ,000513,000513,丽珠集团,主板,深市,主板,801150.SI,医药生物,801151.SI,化学制药,化学制药,L,19931028,12025,32.92,32.9,2.079,18.033,False,True,True,0,0,0,0,True,
000514.SZ,000514,000514,渝开发,主板,深市,主板,801180.SI,房地产,801181.SI,房地产开发,房地产开发,L,19930712,12133,33.22,4.6,1.099,14.286,False,True,True,0,0,0,0,True,
000516.SZ,000516,000516,国际医学,主板,深市,主板,801150.SI,医药生物,801156.SI,医疗服务,医疗服务,L,19930809,12105,33.14,4.37,2.342,9.524,False,True,True,0,0,0,0,True,
000517.SZ,000517,000517,荣安地产,主板,深市,主板,801180.SI,房地产,801181.SI,房地产开发,房地产开发,L,19930806,12108,33.15,2.07,0.0,20.0,False,True,True,0,0,0,0,True,
000518.SZ,000518,000518,四环生物,主板,深市,主板,801150.SI,医药生物,801152.SI,生物制品,生物制品,L,19930908,12075,33.06,3.59,0.0,5.263,False,True,True,0,0,0,0,True,
000519.SZ,000519,000519,中兵红箭,主板,深市,主板,801740.SI,国防军工,801743.SI,地面兵装Ⅱ,地面兵装Ⅱ,L,19931008,12045,32.98,14.3,-0.694,10.526,False,True,True,0,0,0,0,True,
000520.SZ,000520,000520,凤凰航运,主板,深市,主板,801170.SI,交通运输,801992.SI,航运港口,航运港口,L,19931025,12028,32.93,4.0,-0.744,11.905,False,True,True,0,0,0,0,True,
000521.SZ,000521,000521,长虹美菱,主板,深市,主板,801110.SI,家用电器,801111.SI,白色家电,白色家电,L,19931018,12035,32.95,4.35,1.399,26.531,False,True,True,0,0,0,0,True,
000523.SZ,000523,000523,红棉股份,主板,深市,主板,801230.SI,综合,801231.SI,综合Ⅱ,综合Ⅱ,L,19931108,12014,32.89,3.3,4.101,5.882,False,True,True,0,0,0,0,True,
000525.SZ,000525,000525,红太阳,主板,深市,主板,801030.SI,基础化工,801038.SI,农化制品,农化制品,L,19931028,12025,32.92,4.44,1.139,8.696,False,True,True,0,0,0,0,True,
000526.SZ,000526,000526,学大教育,主板,深市,主板,801210.SI,社会服务,801994.SI,教育,教育,L,19931101,12021,32.91,35.82,2.901,5.882,False,True,True,0,0,0,0,True,
000528.SZ,000528,000528,柳工,主板,深市,主板,801890.SI,机械设备,801077.SI,工程机械,工程机械,L,19931118,12004,32.87,7.52,2.174,12.346,False,True,True,0,0,0,0,True,
000529.SZ,000529,000529,广弘控股,主板,深市,主板,801120.SI,食品饮料,801124.SI,食品加工,食品加工,L,19931118,12004,32.87,5.04,0.199,18.0,False,True,True,0,0,0,0,True,
000530.SZ,000530,000530,冰山冷热,主板,深市,主板,801890.SI,机械设备,801072.SI,通用设备,通用设备,L,19931208,11984,32.81,5.15,-1.152,7.692,False,True,True,0,0,0,0,True,
000531.SZ,000531,000531,穗恒运A,主板,深市,主板,801160.SI,公用事业,801161.SI,电力,电力,L,19940106,11955,32.73,5.55,1.093,20.69,False,True,True,0,0,0,0,True,
000532.SZ,000532,000532,华金资本,主板,深市,主板,801790.SI,非银金融,801191.SI,多元金融,多元金融,L,19940103,11958,32.74,12.26,-1.841,13.178,False,True,True,0,0,0,0,True,
000533.SZ,000533,000533,顺钠股份,主板,深市,主板,801730.SI,电力设备,801738.SI,电网设备,电网设备,L,19940103,11958,32.74,9.92,-0.998,14.414,False,True,True,0,0,0,0,True,
000534.SZ,000534,000534,万泽股份,主板,深市,主板,801150.SI,医药生物,801152.SI,生物制品,生物制品,L,19940110,11951,32.72,21.63,-1.503,13.333,False,True,True,0,0,0,0,True,
000536.SZ,000536,000536,华映科技,主板,深市,主板,801080.SI,电子,801084.SI,光学光电子,光学光电子,L,19931126,11996,32.84,3.34,-1.183,11.429,False,True,True,0,0,0,0,True,
000537.SZ,000537,000537,绿发电力,主板,深市,主板,801160.SI,公用事业,801161.SI,电力,电力,L,19931210,11982,32.8,7.38,1.235,11.538,False,True,True,0,0,0,0,True,
000538.SZ,000538,000538,云南白药,主板,深市,主板,801150.SI,医药生物,801155.SI,中药Ⅱ,中药Ⅱ,L,19931215,11977,32.79,50.44,0.398,10.714,False,True,True,0,0,0,0,True,
000539.SZ,000539,000539,粤电力A,主板,深市,主板,801160.SI,公用事业,801161.SI,电力,电力,L,19931126,11996,32.84,5.09,0.992,15.094,False,True,True,0,0,0,0,True,
000541.SZ,000541,000541,佛山照明,主板,深市,主板,801110.SI,家用电器,801115.SI,照明设备Ⅱ,照明设备Ⅱ,L,19931123,11999,32.85,4.89,0.617,22.0,False,True,True,0,0,0,0,True,
000543.SZ,000543,000543,皖能电力,主板,深市,主板,801160.SI,公用事业,801161.SI,电力,电力,L,19931220,11972,32.78,7.15,1.275,10.667,False,True,True,0,0,0,0,True,
000544.SZ,000544,000544,中原环保,主板,深市,主板,801970.SI,环保,801971.SI,环境治理,环境治理,L,19931208,11984,32.81,7.23,0.277,15.789,False,True,True,0,0,0,0,True,
000545.SZ,000545,000545,金浦钛业,主板,深市,主板,801030.SI,基础化工,801033.SI,化学原料,化学原料,L,19931215,11977,32.79,2.21,-0.451,9.091,False,True,True,0,0,0,0,True,
000546.SZ,000546,000546,金圆股份,主板,深市,主板,801970.SI,环保,801971.SI,环境治理,环境治理,L,19931215,11977,32.79,4.33,0.232,13.043,False,True,True,0,0,0,0,True,
000547.SZ,000547,000547,航天发展,主板,深市,主板,801740.SI,国防军工,801745.SI,军工电子Ⅱ,军工电子Ⅱ,L,19931130,11992,32.83,13.68,-1.37,6.849,False,True,True,0,0,0,0,True,
000548.SZ,000548,000548,湖南投资,主板,深市,主板,801170.SI,交通运输,801179.SI,铁路公路,铁路公路,L,19931220,11972,32.78,4.64,0.0,11.111,False,True,True,0,0,0,0,True,
000550.SZ,000550,000550,江铃汽车,主板,深市,主板,801880.SI,汽车,801096.SI,商用车,商用车,L,19931201,11991,32.83,16.5,1.351,12.727,False,True,True,0,0,0,0,True,
000551.SZ,000551,000551,创元科技,主板,深市,主板,801970.SI,环保,801972.SI,环保设备Ⅱ,环保设备Ⅱ,L,19940106,11955,32.73,11.66,-0.257,11.29,False,True,True,0,0,0,0,True,
000552.SZ,000552,000552,甘肃能化,主板,深市,主板,801950.SI,煤炭,801951.SI,煤炭开采,煤炭开采,L,19940106,11955,32.73,2.5,1.626,12.0,False,True,True,0,0,0,0,True,
000553.SZ,000553,000553,安道麦A,主板,深市,主板,801030.SI,基础化工,801038.SI,农化制品,农化制品,L,19931203,11989,32.82,5.48,1.67,26.667,False,True,True,0,0,0,0,True,
000554.SZ,000554,000554,泰山石油,主板,深市,主板,801960.SI,石油石化,801963.SI,炼化及贸易,炼化及贸易,L,19931215,11977,32.79,6.19,0.0,9.231,False,True,True,0,0,0,0,True,
000555.SZ,000555,000555,神州信息,主板,深市,主板,801750.SI,计算机,801103.SI,IT服务Ⅱ,IT服务Ⅱ,L,19940408,11863,32.48,10.07,0.199,9.434,False,True,True,0,0,0,0,True,
000557.SZ,000557,000557,西部创业,主板,深市,主板,801170.SI,交通运输,801179.SI,铁路公路,铁路公路,L,19940617,11793,32.29,3.64,0.831,31.579,False,True,True,0,0,0,0,True,
000558.SZ,000558,000558,天府文旅,主板,深市,主板,801210.SI,社会服务,801993.SI,旅游及景区,旅游及景区,L,19940509,11832,32.39,3.52,-1.124,16.667,False,True,True,0,0,0,0,True,
000559.SZ,000559,000559,万向钱潮,主板,深市,主板,801880.SI,汽车,801093.SI,汽车零部件,汽车零部件,L,19940110,11951,32.72,10.87,1.022,26.316,False,True,True,0,0,0,0,True,
000560.SZ,000560,000560,我爱我家,主板,深市,主板,801180.SI,房地产,801183.SI,房地产服务,房地产服务,L,19940202,11928,32.66,3.7,-1.596,8.333,False,True,True,0,0,0,0,True,
000561.SZ,000561,000561,烽火电子,主板,深市,主板,801740.SI,国防军工,801742.SI,航空装备Ⅱ,航空装备Ⅱ,L,19940509,11832,32.39,7.54,-0.659,11.688,False,True,True,0,0,0,0,True,
000563.SZ,000563,000563,陕国投A,主板,深市,主板,801790.SI,非银金融,801191.SI,多元金融,多元金融,L,19940110,11951,32.72,2.91,0.692,13.333,False,True,True,0,0,0,0,True,
000564.SZ,000564,000564,供销大集,主板,深市,主板,801200.SI,商贸零售,801203.SI,一般零售,一般零售,L,19940110,11951,32.72,1.47,1.379,20.0,False,True,True,0,0,0,0,True,
000565.SZ,000565,000565,渝三峡A,主板,深市,主板,801030.SI,基础化工,801034.SI,化学制品,化学制品,L,19940408,11863,32.48,6.34,-0.938,10.606,False,True,True,0,0,0,0,True,
000566.SZ,000566,000566,海南海药,主板,深市,主板,801150.SI,医药生物,801151.SI,化学制药,化学制药,L,19940525,11816,32.35,4.62,0.217,8.333,False,True,True,0,0,0,0,True,
000567.SZ,000567,000567,海德股份,主板,深市,主板,801790.SI,非银金融,801191.SI,多元金融,多元金融,L,19940525,11816,32.35,5.88,0.0,16.129,False,True,True,0,0,0,0,True,
000568.SZ,000568,000568,泸州老窖,主板,深市,主板,801120.SI,食品饮料,801125.SI,白酒Ⅱ,白酒Ⅱ,L,19940509,11832,32.39,72.28,4.18,34.483,False,True,True,0,0,0,0,True,
000570.SZ,000570,000570,苏常柴A,主板,深市,主板,801880.SI,汽车,801093.SI,汽车零部件,汽车零部件,L,19940701,11779,32.25,5.28,0.19,7.843,False,True,True,0,0,0,0,True,
000571.SZ,000571,000571,新大洲A,主板,深市,主板,801950.SI,煤炭,801951.SI,煤炭开采,煤炭开采,L,19940525,11816,32.35,6.47,-1.522,12.5,False,True,True,0,0,0,0,True,
000572.SZ,000572,000572,海马汽车,主板,深市,主板,801880.SI,汽车,801095.SI,乘用车,乘用车,L,19940808,11741,32.15,4.03,0.75,7.5,False,True,True,0,0,0,0,True,
000573.SZ,000573,000573,粤宏远A,主板,深市,主板,801180.SI,房地产,801181.SI,房地产开发,房地产开发,L,19940815,11734,32.13,3.9,-0.763,8.108,False,True,True,0,0,0,0,True,
000576.SZ,000576,000576,甘化科工,主板,深市,主板,801740.SI,国防军工,801743.SI,地面兵装Ⅱ,地面兵装Ⅱ,L,19940907,11711,32.06,8.3,0.728,4.819,False,True,True,0,0,0,0,True,
000581.SZ,000581,000581,威孚高科,主板,深市,主板,801880.SI,汽车,801093.SI,汽车零部件,汽车零部件,L,19980924,10233,28.02,18.21,1.618,11.667,False,True,True,0,0,0,0,True,
000582.SZ,000582,000582,北部湾港,主板,深市,主板,801170.SI,交通运输,801992.SI,航运港口,航运港口,L,19951102,11290,30.91,8.97,0.0,24.771,False,True,True,0,0,0,0,True,
000586.SZ,000586,000586,汇源通信,主板,深市,主板,801770.SI,通信,801102.SI,通信设备,通信设备,L,19951220,11242,30.78,12.51,-2.036,11.511,False,True,True,0,0,0,0,True,
000589.SZ,000589,000589,贵州轮胎,主板,深市,主板,801880.SI,汽车,801093.SI,汽车零部件,汽车零部件,L,19960308,11163,30.56,4.2,0.478,4.651,False,True,True,0,0,0,0,True,
000590.SZ,000590,000590,古汉医药,主板,深市,主板,801150.SI,医药生物,801155.SI,中药Ⅱ,中药Ⅱ,L,19960119,11212,30.7,9.1,-0.438,11.111,False,True,True,0,0,0,0,True,
000591.SZ,000591,000591,太阳能,主板,深市,主板,801160.SI,公用事业,801161.SI,电力,电力,L,19960208,11192,30.64,4.17,0.482,18.182,False,True,True,0,0,0,0,True,
000592.SZ,000592,000592,平潭发展,主板,深市,主板,801010.SI,农林牧渔,801011.SI,林业Ⅱ,林业Ⅱ,L,19960327,11144,30.51,8.53,-2.403,6.818,False,True,True,0,0,0,0,True,
000593.SZ,000593,000593,德龙汇能,主板,深市,主板,801160.SI,公用事业,801163.SI,燃气Ⅱ,燃气Ⅱ,L,19960312,11159,30.55,20.11,0.55,13.514,False,True,True,0,0,0,0,True,
000595.SZ,000595,000595,新能股份,主板,深市,主板,801890.SI,机械设备,801072.SI,通用设备,通用设备,L,19960419,11121,30.45,5.51,1.101,14.286,False,True,True,0,0,0,2,True,
000596.SZ,000596,000596,古井贡酒,主板,深市,主板,801120.SI,食品饮料,801125.SI,白酒Ⅱ,白酒Ⅱ,L,19960927,10960,30.01,93.55,5.077,12.121,False,True,True,0,0,0,0,True,
000597.SZ,000597,000597,东北制药,主板,深市,主板,801150.SI,医药生物,801151.SI,化学制药,化学制药,L,19960523,11087,30.35,4.76,1.492,12.245,False,True,True,0,0,0,0,True,
000598.SZ,000598,000598,兴蓉环境,主板,深市,主板,801970.SI,环保,801971.SI,环境治理,环境治理,L,19960529,11081,30.34,7.06,0.713,11.429,False,True,True,0,0,0,0,True,
000599.SZ,000599,000599,青岛双星,主板,深市,主板,801880.SI,汽车,801093.SI,汽车零部件,汽车零部件,L,19960430,11110,30.42,4.47,0.903,10.638,False,True,True,0,0,0,0,True,
000600.SZ,000600,000600,建投能源,主板,深市,主板,801160.SI,公用事业,801161.SI,电力,电力,L,19960606,11073,30.32,7.17,2.869,18.421,False,True,True,0,0,0,0,True,
000601.SZ,000601,000601,韶能股份,主板,深市,主板,801160.SI,公用事业,801161.SI,电力,电力,L,19960830,10988,30.08,6.05,0.498,6.452,False,True,True,0,0,0,0,True,
000603.SZ,000603,000603,盛达资源,主板,深市,主板,801050.SI,有色金属,801055.SI,工业金属,工业金属,L,19960823,10995,30.1,30.9,-0.579,14.583,False,True,True,0,0,0,0,True,
000605.SZ,000605,000605,渤海股份,主板,深市,主板,801970.SI,环保,801971.SI,环境治理,环境治理,L,19960913,10974,30.05,6.04,-0.33,10.169,False,True,True,0,0,0,0,True,
000607.SZ,000607,000607,华媒控股,主板,深市,主板,801760.SI,传媒,801765.SI,广告营销,广告营销,L,19960830,10988,30.08,3.96,-4.116,20.0,False,True,True,0,0,0,0,True,
000608.SZ,000608,000608,阳光股份,主板,深市,主板,801180.SI,房地产,801181.SI,房地产开发,房地产开发,L,19960919,10968,30.03,7.05,-1.811,9.722,False,True,True,0,0,0,0,True,
000612.SZ,000612,000612,焦作万方,主板,深市,主板,801050.SI,有色金属,801055.SI,工业金属,工业金属,L,19960926,10961,30.01,10.44,-1.787,9.091,False,True,True,0,0,0,0,True,
000617.SZ,000617,000617,中油资本,主板,深市,主板,801790.SI,非银金融,801191.SI,多元金融,多元金融,L,19961022,10935,29.94,6.56,0.0,41.667,False,True,True,0,0,0,0,True,
000619.SZ,000619,000619,海螺新材,主板,深市,主板,801710.SI,建筑材料,801713.SI,装修建材,装修建材,L,19961023,10934,29.94,5.2,-0.952,16.0,False,True,True,0,0,0,0,True,
000620.SZ,000620,000620,盈新发展,主板,深市,主板,801180.SI,房地产,801181.SI,房地产开发,房地产开发,L,19961029,10928,29.92,3.06,-1.608,6.25,False,True,True,0,0,0,0,True,
000623.SZ,000623,000623,吉林敖东,主板,深市,主板,801150.SI,医药生物,801155.SI,中药Ⅱ,中药Ⅱ,L,19961028,10929,29.92,17.41,1.221,6.667,False,True,True,0,0,0,0,True,
000625.SZ,000625,000625,长安汽车,主板,深市,主板,801880.SI,汽车,801095.SI,乘用车,乘用车,L,19970610,10704,29.31,7.11,0.708,33.333,False,True,True,0,0,0,0,True,
000626.SZ,000626,000626,远大控股,主板,深市,主板,801170.SI,交通运输,801178.SI,物流,物流,L,19961128,10898,29.84,8.74,1.865,7.692,False,True,True,0,0,0,0,True,
000628.SZ,000628,000628,高新发展,主板,深市,主板,801720.SI,建筑装饰,801721.SI,房屋建设Ⅱ,房屋建设Ⅱ,L,19961118,10908,29.86,54.09,-1.043,11.828,False,True,True,0,0,0,0,True,
000629.SZ,000629,000629,钒钛股份,主板,深市,主板,801040.SI,钢铁,801043.SI,冶钢原料,冶钢原料,L,19961115,10911,29.87,2.83,1.799,16.129,False,True,True,0,0,0,0,True,
000630.SZ,000630,000630,铜陵有色,主板,深市,主板,801050.SI,有色金属,801055.SI,工业金属,工业金属,L,19961120,10906,29.86,5.78,-0.173,10.938,False,True,True,0,0,0,0,True,
000631.SZ,000631,000631,顺发恒能,主板,深市,主板,801180.SI,房地产,801181.SI,房地产开发,房地产开发,L,19961122,10904,29.85,3.04,0.0,16.129,False,True,True,0,0,0,0,True,
000633.SZ,000633,000633,合金投资,主板,深市,主板,801050.SI,有色金属,801051.SI,金属新材料,金属新材料,L,19961112,10914,29.88,5.29,-0.936,7.692,False,True,True,0,0,0,0,True,
000636.SZ,000636,000636,风华高科,主板,深市,主板,801080.SI,电子,801083.SI,元件,元件,L,19961129,10897,29.83,49.61,-3.124,15.278,False,True,True,0,0,0,0,True,
000637.SZ,000637,000637,茂化实华,主板,深市,主板,801960.SI,石油石化,801963.SI,炼化及贸易,炼化及贸易,L,19961114,10912,29.88,4.2,-0.943,11.905,False,True,True,0,0,0,0,True,
000650.SZ,000650,000650,仁和药业,主板,深市,主板,801150.SI,医药生物,801155.SI,中药Ⅱ,中药Ⅱ,L,19961210,10886,29.8,5.24,1.946,5.556,False,True,True,0,0,0,0,True,
000651.SZ,000651,000651,格力电器,主板,深市,主板,801110.SI,家用电器,801111.SI,白色家电,白色家电,L,19961118,10908,29.86,38.28,0.472,7.895,False,True,True,0,0,0,0,True,
000652.SZ,000652,000652,泰达股份,主板,深市,主板,801230.SI,综合,801231.SI,综合Ⅱ,综合Ⅱ,L,19961128,10898,29.84,3.33,-0.299,17.647,False,True,True,0,0,0,0,True,
000655.SZ,000655,000655,金岭矿业,主板,深市,主板,801040.SI,钢铁,801043.SI,冶钢原料,冶钢原料,L,19961128,10898,29.84,7.25,0.555,12.5,False,True,True,0,0,0,0,True,
000656.SZ,000656,000656,金科股份,主板,深市,主板,801180.SI,房地产,801181.SI,房地产开发,房地产开发,L,19961128,10898,29.84,1.28,1.587,8.333,False,True,True,0,0,0,2,True,
000657.SZ,000657,000657,中钨高新,主板,深市,主板,801050.SI,有色金属,801054.SI,小金属,小金属,L,19961205,10891,29.82,52.74,-1.769,14.545,False,True,True,0,0,0,0,True,
000659.SZ,000659,000659,珠海中富,主板,深市,主板,801140.SI,轻工制造,801141.SI,包装印刷,包装印刷,L,19961203,10893,29.82,2.74,0.366,10.714,False,True,True,0,0,0,0,True,
000661.SZ,000661,000661,长春高新,主板,深市,主板,801150.SI,医药生物,801152.SI,生物制品,生物制品,L,19961218,10878,29.78,71.83,1.814,12.5,False,True,True,0,0,0,0,True,
000663.SZ,000663,000663,永安林业,主板,深市,主板,801010.SI,农林牧渔,801011.SI,林业Ⅱ,林业Ⅱ,L,19961206,10890,29.82,6.08,-0.328,10.0,False,True,True,0,0,0,0,True,
000665.SZ,000665,000665,湖北广电,主板,深市,主板,801760.SI,传媒,801995.SI,电视广播Ⅱ,电视广播Ⅱ,L,19961210,10886,29.8,4.11,-1.675,7.317,False,True,True,0,0,0,0,True,
000668.SZ,000668,000668,荣丰控股,主板,深市,主板,801180.SI,房地产,801181.SI,房地产开发,房地产开发,L,19961210,10886,29.8,18.69,9.941,27.419,False,True,True,0,0,0,2,True,
000670.SZ,000670,000670,盈方微,主板,深市,主板,801080.SI,电子,801082.SI,其他电子Ⅱ,其他电子Ⅱ,L,19961217,10879,29.79,7.29,-4.079,7.792,False,True,True,0,0,0,0,True,
000672.SZ,000672,000672,上峰材料,主板,深市,主板,801710.SI,建筑材料,801711.SI,水泥,水泥,L,19961218,10878,29.78,14.84,1.297,12.329,False,True,True,0,0,0,0,True,
000676.SZ,000676,000676,智度股份,主板,深市,主板,801760.SI,传媒,801765.SI,广告营销,广告营销,L,19961224,10872,29.77,6.56,-1.353,14.493,False,True,True,0,0,0,0,True,
000678.SZ,000678,000678,襄阳轴承,主板,深市,主板,801880.SI,汽车,801093.SI,汽车零部件,汽车零部件,L,19970106,10859,29.73,12.89,9.983,30.097,False,True,True,0,0,0,0,True,
000679.SZ,000679,000679,大连友谊,主板,深市,主板,801200.SI,商贸零售,801203.SI,一般零售,一般零售,L,19970124,10841,29.68,6.29,-0.475,15.625,False,True,True,0,0,0,0,True,
000680.SZ,000680,000680,山推股份,主板,深市,主板,801890.SI,机械设备,801077.SI,工程机械,工程机械,L,19970122,10843,29.69,9.06,2.721,16.346,False,True,True,0,0,0,0,True,
000681.SZ,000681,000681,视觉中国,主板,深市,主板,801760.SI,传媒,801767.SI,数字媒体,数字媒体,L,19970121,10844,29.69,15.62,-1.513,9.639,False,True,True,0,0,0,0,True,
000682.SZ,000682,000682,东方电子,主板,深市,主板,801730.SI,电力设备,801738.SI,电网设备,电网设备,L,19970121,10844,29.69,10.62,3.711,16.949,False,True,True,0,0,0,0,True,
000683.SZ,000683,000683,博源化工,主板,深市,主板,801030.SI,基础化工,801033.SI,化学原料,化学原料,L,19970131,10834,29.66,5.79,3.763,10.0,False,True,True,0,0,0,0,True,
000685.SZ,000685,000685,中山公用,主板,深市,主板,801970.SI,环保,801971.SI,环境治理,环境治理,L,19970123,10842,29.68,10.67,0.471,6.306,False,True,True,0,0,0,0,True,
000686.SZ,000686,000686,东北证券,主板,深市,主板,801790.SI,非银金融,801193.SI,证券Ⅱ,证券Ⅱ,L,19970227,10807,29.59,7.53,0.266,7.407,False,True,True,0,0,0,0,True,
000688.SZ,000688,000688,国城矿业,主板,深市,主板,801050.SI,有色金属,801055.SI,工业金属,工业金属,L,19970120,10845,29.69,24.24,0.373,25.676,False,True,True,0,0,0,0,True,
000690.SZ,000690,000690,宝新能源,主板,深市,主板,801160.SI,公用事业,801161.SI,电力,电力,L,19970128,10837,29.67,5.21,1.165,7.843,False,True,True,0,0,0,0,True,
000691.SZ,000691,000691,亚太实业,主板,深市,主板,801030.SI,基础化工,801033.SI,化学原料,化学原料,L,19970228,10806,29.59,9.0,0.223,13.265,False,True,True,0,0,0,2,True,
000692.SZ,000692,000692,惠天热电,主板,深市,主板,801160.SI,公用事业,801161.SI,电力,电力,L,19970227,10807,29.59,4.59,10.072,6.977,False,True,True,0,0,0,0,True,
000695.SZ,000695,000695,滨海能源,主板,深市,主板,801730.SI,电力设备,801737.SI,电池,电池,L,19970218,10816,29.61,12.77,-0.468,15.714,False,True,True,0,0,0,0,True,
000697.SZ,000697,000697,炼石航空,主板,深市,主板,801740.SI,国防军工,801742.SI,航空装备Ⅱ,航空装备Ⅱ,L,19970325,10781,29.52,9.16,0.219,26.667,False,True,True,0,0,0,0,True,
000700.SZ,000700,000700,模塑科技,主板,深市,主板,801880.SI,汽车,801093.SI,汽车零部件,汽车零部件,L,19970228,10806,29.59,12.28,1.571,7.563,False,True,True,0,0,0,0,True,
000701.SZ,000701,000701,厦门信达,主板,深市,主板,801880.SI,汽车,801092.SI,汽车服务,汽车服务,L,19970226,10808,29.59,5.07,-1.17,8.0,False,True,True,0,0,0,0,True,
000702.SZ,000702,000702,正虹科技,主板,深市,主板,801010.SI,农林牧渔,801014.SI,饲料,饲料,L,19970318,10788,29.54,5.87,0.342,12.069,False,True,True,0,0,0,0,True,
000703.SZ,000703,000703,恒逸石化,主板,深市,主板,801960.SI,石油石化,801963.SI,炼化及贸易,炼化及贸易,L,19970328,10778,29.51,15.63,-0.382,15.294,False,True,True,0,0,0,0,True,
000705.SZ,000705,000705,浙江震元,主板,深市,主板,801150.SI,医药生物,801154.SI,医药商业,医药商业,L,19970410,10765,29.47,7.13,0.0,10.0,False,True,True,0,0,0,0,True,
000707.SZ,000707,000707,双环科技,主板,深市,主板,801030.SI,基础化工,801033.SI,化学原料,化学原料,L,19970415,10760,29.46,4.62,0.654,8.696,False,True,True,0,0,0,0,True,
000708.SZ,000708,000708,中信特钢,主板,深市,主板,801040.SI,钢铁,801045.SI,特钢Ⅱ,特钢Ⅱ,L,19970326,10780,29.51,13.11,2.422,26.667,False,True,True,0,0,0,0,True,
000709.SZ,000709,000709,河钢股份,主板,深市,主板,801040.SI,钢铁,801044.SI,普钢,普钢,L,19970416,10759,29.46,2.04,2.0,14.286,False,True,True,0,0,0,0,True,
000710.SZ,000710,000710,贝瑞基因,主板,深市,主板,801150.SI,医药生物,801156.SI,医疗服务,医疗服务,L,19970422,10753,29.44,10.87,10.02,12.871,False,True,True,0,0,0,0,True,
000712.SZ,000712,000712,锦龙股份,主板,深市,主板,801790.SI,非银金融,801193.SI,证券Ⅱ,证券Ⅱ,L,19970415,10760,29.46,9.77,-0.509,14.851,False,True,True,0,0,0,0,True,
000713.SZ,000713,000713,国投丰乐,主板,深市,主板,801010.SI,农林牧渔,801016.SI,种植业,种植业,L,19970422,10753,29.44,6.3,3.96,10.606,False,True,True,0,0,0,0,True,
000715.SZ,000715,000715,中兴商业,主板,深市,主板,801200.SI,商贸零售,801203.SI,一般零售,一般零售,L,19970508,10737,29.4,5.33,0.566,11.111,False,True,True,0,0,0,0,True,
000716.SZ,000716,000716,黑芝麻,主板,深市,主板,801120.SI,食品饮料,801128.SI,休闲食品,休闲食品,L,19970418,10757,29.45,4.94,0.0,13.462,False,True,True,0,0,0,0,True,
000717.SZ,000717,000717,中南股份,主板,深市,主板,801040.SI,钢铁,801044.SI,普钢,普钢,L,19970508,10737,29.4,2.19,0.922,13.636,False,True,True,0,0,0,0,True,
000718.SZ,000718,000718,苏宁环球,主板,深市,主板,801180.SI,房地产,801181.SI,房地产开发,房地产开发,L,19970408,10767,29.48,2.13,0.948,15.0,False,True,True,0,0,0,0,True,
000719.SZ,000719,000719,中原传媒,主板,深市,主板,801760.SI,传媒,801769.SI,出版,出版,L,19970331,10775,29.5,11.95,0.589,9.091,False,True,True,0,0,0,0,True,
000720.SZ,000720,000720,新能泰山,主板,深市,主板,801730.SI,电力设备,801738.SI,电网设备,电网设备,L,19970509,10736,29.39,3.64,1.393,10.256,False,True,True,0,0,0,0,True,
000721.SZ,000721,000721,西安饮食,主板,深市,主板,801210.SI,社会服务,801219.SI,酒店餐饮,酒店餐饮,L,19970430,10745,29.42,6.1,0.66,20.313,False,True,True,0,0,0,0,True,
000722.SZ,000722,000722,湖南发展,主板,深市,主板,801160.SI,公用事业,801161.SI,电力,电力,L,19970522,10723,29.36,13.0,0.932,14.184,False,True,True,0,0,0,0,True,
000723.SZ,000723,000723,美锦能源,主板,深市,主板,801950.SI,煤炭,801952.SI,焦炭Ⅱ,焦炭Ⅱ,L,19970515,10730,29.38,3.51,1.153,15.789,False,True,True,0,0,0,0,True,
000725.SZ,000725,000725,京东方A,主板,深市,主板,801080.SI,电子,801084.SI,光学光电子,光学光电子,L,20010112,9392,25.71,5.72,0.175,8.621,False,True,True,0,0,0,0,True,
000726.SZ,000726,000726,鲁泰A,主板,深市,主板,801130.SI,纺织服饰,801131.SI,纺织制造,纺织制造,L,20001225,9410,25.76,5.97,0.0,8.333,False,True,True,0,0,0,0,True,
000727.SZ,000727,000727,冠捷科技,主板,深市,主板,801080.SI,电子,801084.SI,光学光电子,光学光电子,L,19970520,10725,29.36,2.18,0.0,9.091,False,True,True,0,0,0,0,True,
000728.SZ,000728,000728,国元证券,主板,深市,主板,801790.SI,非银金融,801193.SI,证券Ⅱ,证券Ⅱ,L,19970616,10698,29.29,7.25,0.694,10.811,False,True,True,0,0,0,0,True,
000729.SZ,000729,000729,燕京啤酒,主板,深市,主板,801120.SI,食品饮料,801126.SI,非白酒,非白酒,L,19970716,10668,29.21,11.0,1.758,16.667,False,True,True,0,0,0,0,True,
000731.SZ,000731,000731,四川美丰,主板,深市,主板,801030.SI,基础化工,801038.SI,农化制品,农化制品,L,19970617,10697,29.29,7.97,-0.747,15.584,False,True,True,0,0,0,0,True,
000733.SZ,000733,000733,振华科技,主板,深市,主板,801740.SI,国防军工,801745.SI,军工电子Ⅱ,军工电子Ⅱ,L,19970703,10681,29.24,39.13,0.231,6.452,False,True,True,0,0,0,0,True,
000735.SZ,000735,000735,罗牛山,主板,深市,主板,801010.SI,农林牧渔,801017.SI,养殖业,养殖业,L,19970611,10703,29.3,5.69,-1.215,13.559,False,True,True,0,0,0,0,True,
000736.SZ,000736,000736,中交发展,主板,深市,主板,801180.SI,房地产,801181.SI,房地产开发,房地产开发,L,19970425,10750,29.43,4.85,1.042,8.696,False,True,True,0,0,0,2,True,
000737.SZ,000737,000737,北方铜业,主板,深市,主板,801050.SI,有色金属,801055.SI,工业金属,工业金属,L,19970428,10747,29.42,13.44,0.074,13.889,False,True,True,0,0,0,0,True,
000738.SZ,000738,000738,航发控制,主板,深市,主板,801740.SI,国防军工,801742.SI,航空装备Ⅱ,航空装备Ⅱ,L,19970626,10688,29.26,18.75,0.428,12.766,False,True,True,0,0,0,0,True,
000739.SZ,000739,000739,普洛药业,主板,深市,主板,801150.SI,医药生物,801151.SI,化学制药,化学制药,L,19970509,10736,29.39,27.74,4.443,23.423,False,True,True,0,0,0,0,True,
000750.SZ,000750,000750,国海证券,主板,深市,主板,801790.SI,非银金融,801193.SI,证券Ⅱ,证券Ⅱ,L,19970709,10675,29.23,3.61,0.557,7.895,False,True,True,0,0,0,0,True,
000751.SZ,000751,000751,锌业股份,主板,深市,主板,801050.SI,有色金属,801055.SI,工业金属,工业金属,L,19970626,10688,29.26,4.39,0.228,12.0,False,True,True,0,0,0,0,True,
000753.SZ,000753,000753,漳州发展,主板,深市,主板,801230.SI,综合,801231.SI,综合Ⅱ,综合Ⅱ,L,19970626,10688,29.26,5.44,0.0,9.434,False,True,True,0,0,0,0,True,
000755.SZ,000755,000755,山西高速,主板,深市,主板,801170.SI,交通运输,801179.SI,铁路公路,铁路公路,L,19970627,10687,29.26,4.73,1.068,8.333,False,True,True,0,0,0,0,True,
000756.SZ,000756,000756,新华制药,主板,深市,主板,801150.SI,医药生物,801151.SI,化学制药,化学制药,L,19970806,10647,29.15,14.6,4.435,10.417,False,True,True,0,0,0,0,True,
000757.SZ,000757,000757,浩物股份,主板,深市,主板,801880.SI,汽车,801092.SI,汽车服务,汽车服务,L,19970627,10687,29.26,4.3,0.0,13.953,False,True,True,0,0,0,0,True,
000758.SZ,000758,000758,中色股份,主板,深市,主板,801050.SI,有色金属,801055.SI,工业金属,工业金属,L,19970416,10759,29.46,5.72,0.175,11.475,False,True,True,0,0,0,0,True,
000759.SZ,000759,000759,中百集团,主板,深市,主板,801200.SI,商贸零售,801203.SI,一般零售,一般零售,L,19970519,10726,29.37,6.15,0.82,9.375,False,True,True,0,0,0,0,True,
000761.SZ,000761,000761,本钢板材,主板,深市,主板,801040.SI,钢铁,801044.SI,普钢,普钢,L,19980115,10485,28.71,2.35,3.524,58.333,False,True,True,0,0,0,0,True,
000762.SZ,000762,000762,西藏矿业,主板,深市,主板,801050.SI,有色金属,801056.SI,能源金属,能源金属,L,19970708,10676,29.23,20.74,1.22,10.714,False,True,True,0,0,0,0,True,
000766.SZ,000766,000766,通化金马,主板,深市,主板,801150.SI,医药生物,801151.SI,化学制药,化学制药,L,19970430,10745,29.42,15.16,-0.066,9.756,False,True,True,0,0,0,0,True,
000767.SZ,000767,000767,晋控电力,主板,深市,主板,801160.SI,公用事业,801161.SI,电力,电力,L,19970609,10705,29.31,3.28,0.306,11.429,False,True,True,0,0,0,0,True,
000768.SZ,000768,000768,中航西飞,主板,深市,主板,801740.SI,国防军工,801742.SI,航空装备Ⅱ,航空装备Ⅱ,L,19970626,10688,29.26,23.12,2.756,15.909,False,True,True,0,0,0,0,True,
000776.SZ,000776,000776,广发证券,主板,深市,主板,801790.SI,非银金融,801193.SI,证券Ⅱ,证券Ⅱ,L,19970611,10703,29.3,19.88,0.709,9.524,False,True,True,0,0,0,0,True,
000777.SZ,000777,000777,中核科技,主板,深市,主板,801890.SI,机械设备,801072.SI,通用设备,通用设备,L,19970710,10674,29.22,16.12,0.124,8.772,False,True,True,0,0,0,0,True,
000778.SZ,000778,000778,新兴铸管,主板,深市,主板,801040.SI,钢铁,801044.SI,普钢,普钢,L,19970606,10708,29.32,3.56,0.85,8.108,False,True,True,0,0,0,0,True,
000779.SZ,000779,000779,甘咨询,主板,深市,主板,801720.SI,建筑装饰,801726.SI,工程咨询服务Ⅱ,工程咨询服务Ⅱ,L,19970528,10717,29.34,8.39,-0.71,8.046,False,True,True,0,0,0,0,True,
000782.SZ,000782,000782,恒申新材,主板,深市,主板,801030.SI,基础化工,801032.SI,化学纤维,化学纤维,L,19970619,10695,29.28,8.1,-0.246,7.692,False,True,True,0,0,0,0,True,
000783.SZ,000783,000783,长江证券,主板,深市,主板,801790.SI,非银金融,801193.SI,证券Ⅱ,证券Ⅱ,L,19970731,10653,29.17,7.94,0.0,10.112,False,True,True,0,0,0,0,True,
000785.SZ,000785,000785,居然智家,主板,深市,主板,801200.SI,商贸零售,801203.SI,一般零售,一般零售,L,19970711,10673,29.22,2.3,0.437,18.182,False,True,True,0,0,0,0,True,
000786.SZ,000786,000786,北新建材,主板,深市,主板,801710.SI,建筑材料,801713.SI,装修建材,装修建材,L,19970606,10708,29.32,16.6,2.217,25.714,False,True,True,0,0,0,0,True,
000788.SZ,000788,000788,北大医药,主板,深市,主板,801150.SI,医药生物,801151.SI,化学制药,化学制药,L,19970616,10698,29.29,5.46,0.368,11.111,False,True,True,0,0,0,0,True,
000789.SZ,000789,000789,万年青,主板,深市,主板,801710.SI,建筑材料,801711.SI,水泥,水泥,L,19970923,10599,29.02,4.17,0.0,30.952,False,True,True,0,0,0,0,True,
000790.SZ,000790,000790,华神科技,主板,深市,主板,801150.SI,医药生物,801155.SI,中药Ⅱ,中药Ⅱ,L,19980327,10414,28.51,4.42,-0.451,9.091,False,True,True,0,0,0,0,True,
000791.SZ,000791,000791,甘肃能源,主板,深市,主板,801160.SI,公用事业,801161.SI,电力,电力,L,19971014,10578,28.96,7.06,0.857,12.0,False,True,True,0,0,0,0,True,
000792.SZ,000792,000792,盐湖股份,主板,深市,主板,801030.SI,基础化工,801038.SI,农化制品,农化制品,L,19970904,10618,29.07,23.83,1.404,18.841,False,True,True,0,0,0,0,True,
000795.SZ,000795,000795,英洛华,主板,深市,主板,801050.SI,有色金属,801051.SI,金属新材料,金属新材料,L,19970808,10645,29.14,8.21,0.367,11.765,False,True,True,0,0,0,0,True,
000796.SZ,000796,000796,凯撒旅业,主板,深市,主板,801210.SI,社会服务,801993.SI,旅游及景区,旅游及景区,L,19970703,10681,29.24,3.52,0.86,21.053,False,True,True,0,0,0,0,True,
000797.SZ,000797,000797,中国武夷,主板,深市,主板,801180.SI,房地产,801181.SI,房地产开发,房地产开发,L,19970715,10669,29.21,2.72,0.741,11.538,False,True,True,0,0,0,0,True,
000798.SZ,000798,000798,中水渔业,主板,深市,主板,801010.SI,农林牧渔,801015.SI,渔业,渔业,L,19980212,10457,28.63,9.79,1.979,10.784,False,True,True,0,0,0,0,True,
000799.SZ,000799,000799,酒鬼酒,主板,深市,主板,801120.SI,食品饮料,801125.SI,白酒Ⅱ,白酒Ⅱ,L,19970718,10666,29.2,36.67,1.833,13.333,False,True,True,0,0,0,0,True,
000800.SZ,000800,000800,一汽解放,主板,深市,主板,801880.SI,汽车,801096.SI,商用车,商用车,L,19970618,10696,29.28,5.88,0.685,18.182,False,True,True,0,0,0,0,True,
000801.SZ,000801,000801,四川九洲,主板,深市,主板,801110.SI,家用电器,801112.SI,黑色家电,黑色家电,L,19980506,10374,28.4,11.41,-0.955,13.333,False,True,True,0,0,0,0,True,
000802.SZ,000802,000802,北京文化,主板,深市,主板,801760.SI,传媒,801766.SI,影视院线,影视院线,L,19980108,10492,28.73,3.85,-1.534,7.692,False,True,True,0,0,0,0,True,
000803.SZ,000803,000803,山高环能,主板,深市,主板,801970.SI,环保,801971.SI,环境治理,环境治理,L,19980303,10438,28.58,7.24,5.539,8.333,False,True,True,0,0,0,0,True,
000807.SZ,000807,000807,云铝股份,主板,深市,主板,801050.SI,有色金属,801055.SI,工业金属,工业金属,L,19980408,10402,28.48,26.2,-1.02,7.463,False,True,True,0,0,0,0,True,
000809.SZ,000809,000809,和展能源,主板,深市,主板,801180.SI,房地产,801181.SI,房地产开发,房地产开发,L,19980616,10333,28.29,3.42,-1.441,5.882,False,True,True,0,0,0,0,True,
000810.SZ,000810,000810,创维数字,主板,深市,主板,801110.SI,家用电器,801112.SI,黑色家电,黑色家电,L,19980602,10347,28.33,9.1,0.0,12.5,False,True,True,0,0,0,0,True,
000811.SZ,000811,000811,冰轮环境,主板,深市,主板,801890.SI,机械设备,801072.SI,通用设备,通用设备,L,19980528,10352,28.34,36.79,-2.877,10.127,False,True,True,0,0,0,0,True,
000812.SZ,000812,000812,陕西金叶,主板,深市,主板,801140.SI,轻工制造,801141.SI,包装印刷,包装印刷,L,19980623,10326,28.27,3.72,-0.535,7.895,False,True,True,0,0,0,0,True,
000813.SZ,000813,000813,德展健康,主板,深市,主板,801150.SI,医药生物,801151.SI,化学制药,化学制药,L,19980519,10361,28.37,3.23,0.938,9.091,False,True,True,0,0,0,0,True,
000815.SZ,000815,000815,美利云,主板,深市,主板,801750.SI,计算机,801103.SI,IT服务Ⅱ,IT服务Ⅱ,L,19980609,10340,28.31,14.25,-1.452,8.28,False,True,True,0,0,0,0,True,
000816.SZ,000816,000816,智慧农业,主板,深市,主板,801880.SI,汽车,801093.SI,汽车零部件,汽车零部件,L,19970818,10635,29.12,2.79,0.0,10.345,False,True,True,0,0,0,0,True,
000818.SZ,000818,000818,航锦科技,主板,深市,主板,801030.SI,基础化工,801033.SI,化学原料,化学原料,L,19971017,10575,28.95,11.26,-0.442,16.667,False,True,True,0,0,0,0,True,
000819.SZ,000819,000819,岳阳兴长,主板,深市,主板,801960.SI,石油石化,801963.SI,炼化及贸易,炼化及贸易,L,19970625,10689,29.26,12.2,0.082,16.667,False,True,True,0,0,0,0,True,
000822.SZ,000822,000822,山东海化,主板,深市,主板,801030.SI,基础化工,801033.SI,化学原料,化学原料,L,19980703,10316,28.24,4.28,1.182,11.628,False,True,True,0,0,0,0,True,
000823.SZ,000823,000823,超声电子,主板,深市,主板,801080.SI,电子,801083.SI,元件,元件,L,19971008,10584,28.98,23.28,-4.59,7.173,False,True,True,0,0,0,0,True,
000825.SZ,000825,000825,太钢不锈,主板,深市,主板,801040.SI,钢铁,801045.SI,特钢Ⅱ,特钢Ⅱ,L,19981021,10206,27.94,3.39,1.194,44.444,False,True,True,0,0,0,0,True,
000828.SZ,000828,000828,东莞控股,主板,深市,主板,801170.SI,交通运输,801179.SI,铁路公路,铁路公路,L,19970617,10697,29.29,9.97,0.605,8.081,False,True,True,0,0,0,0,True,
000829.SZ,000829,000829,天音控股,主板,深市,主板,801200.SI,商贸零售,801204.SI,专业连锁Ⅱ,专业连锁Ⅱ,L,19971202,10529,28.83,9.14,-0.109,11.111,False,True,True,0,0,0,0,True,
000830.SZ,000830,000830,鲁西化工,主板,深市,主板,801030.SI,基础化工,801033.SI,化学原料,化学原料,L,19980807,10281,28.15,11.43,1.872,9.677,False,True,True,0,0,0,0,True,
000831.SZ,000831,000831,中国稀土,主板,深市,主板,801050.SI,有色金属,801054.SI,小金属,小金属,L,19980911,10246,28.05,52.73,-0.939,13.043,False,True,True,0,0,0,0,True,
000833.SZ,000833,000833,粤桂股份,主板,深市,主板,801230.SI,综合,801231.SI,综合Ⅱ,综合Ⅱ,L,19981111,10185,27.89,18.76,1.901,18.182,False,True,True,0,0,0,0,True,
000837.SZ,000837,000837,秦川机床,主板,深市,主板,801890.SI,机械设备,801072.SI,通用设备,通用设备,L,19980928,10229,28.01,9.47,-0.421,14.0,False,True,True,0,0,0,0,True,
000839.SZ,000839,000839,国安股份,主板,深市,主板,801770.SI,通信,801223.SI,通信服务,通信服务,L,19971031,10561,28.91,2.85,-1.384,10.714,False,True,True,0,0,0,0,True,
000848.SZ,000848,000848,承德露露,主板,深市,主板,801120.SI,食品饮料,801127.SI,饮料乳品,饮料乳品,L,19971113,10548,28.88,8.14,2.519,8.434,False,True,True,0,0,0,0,True,
000850.SZ,000850,000850,华茂股份,主板,深市,主板,801130.SI,纺织服饰,801131.SI,纺织制造,纺织制造,L,19981007,10220,27.98,4.17,-9.935,30.233,False,True,True,0,0,0,0,True,
000852.SZ,000852,000852,石化机械,主板,深市,主板,801890.SI,机械设备,801074.SI,专用设备,专用设备,L,19981126,10170,27.84,5.31,0.568,14.286,False,True,True,0,0,0,0,True,
000856.SZ,000856,000856,冀东装备,主板,深市,主板,801890.SI,机械设备,801074.SI,专用设备,专用设备,L,19980813,10275,28.13,8.88,-0.225,11.494,False,True,True,0,0,0,0,True,
000858.SZ,000858,000858,五粮液,主板,深市,主板,801120.SI,食品饮料,801125.SI,白酒Ⅱ,白酒Ⅱ,L,19980427,10383,28.43,70.06,1.876,44.0,False,True,True,0,0,0,0,True,
000859.SZ,000859,000859,国风新材,主板,深市,主板,801030.SI,基础化工,801036.SI,塑料,塑料,L,19981119,10177,27.86,8.53,-1.044,10.638,False,True,True,0,0,0,0,True,
000860.SZ,000860,000860,顺鑫农业,主板,深市,主板,801120.SI,食品饮料,801125.SI,白酒Ⅱ,白酒Ⅱ,L,19981104,10192,27.9,10.38,2.874,11.538,False,True,True,0,0,0,0,True,
000862.SZ,000862,000862,银星能源,主板,深市,主板,801160.SI,公用事业,801161.SI,电力,电力,L,19980915,10242,28.04,5.34,0.376,9.091,False,True,True,0,0,0,0,True,
000863.SZ,000863,000863,三湘印象,主板,深市,主板,801180.SI,房地产,801181.SI,房地产开发,房地产开发,L,19970925,10597,29.01,4.46,-1.327,11.364,False,True,True,0,0,0,0,True,
000868.SZ,000868,000868,安凯客车,主板,深市,主板,801880.SI,汽车,801096.SI,商用车,商用车,L,19970725,10659,29.18,4.15,-0.718,9.756,False,True,True,0,0,0,0,True,
000869.SZ,000869,000869,张裕A,主板,深市,主板,801120.SI,食品饮料,801126.SI,非白酒,非白酒,L,20001026,9470,25.93,17.05,1.73,29.63,False,True,True,0,0,0,0,True,
000875.SZ,000875,000875,电投绿能,主板,深市,主板,801160.SI,公用事业,801161.SI,电力,电力,L,20020926,8770,24.01,4.68,1.739,22.0,False,True,True,0,0,0,0,True,
000876.SZ,000876,000876,新希望,主板,深市,主板,801010.SI,农林牧渔,801017.SI,养殖业,养殖业,L,19980311,10430,28.56,6.92,0.435,22.222,False,True,True,0,0,0,0,True,
000877.SZ,000877,000877,天山股份,主板,深市,主板,801710.SI,建筑材料,801711.SI,水泥,水泥,L,19990107,10128,27.73,3.76,1.897,61.905,False,True,True,0,0,0,0,True,
000878.SZ,000878,000878,云南铜业,主板,深市,主板,801050.SI,有色金属,801055.SI,工业金属,工业金属,L,19980602,10347,28.33,16.04,0.564,9.524,False,True,True,0,0,0,0,True,
000880.SZ,000880,000880,潍柴重机,主板,深市,主板,801880.SI,汽车,801093.SI,汽车零部件,汽车零部件,L,19980402,10408,28.5,23.86,1.145,9.524,False,True,True,0,0,0,0,True,
000881.SZ,000881,000881,中广核技,主板,深市,主板,801030.SI,基础化工,801034.SI,化学制品,化学制品,L,19980902,10255,28.08,6.4,0.471,21.212,False,True,True,0,0,0,0,True,
000882.SZ,000882,000882,华联股份,主板,深市,主板,801200.SI,商贸零售,801203.SI,一般零售,一般零售,L,19980616,10333,28.29,1.55,1.307,13.333,False,True,True,0,0,0,0,True,
000883.SZ,000883,000883,湖北能源,主板,深市,主板,801160.SI,公用事业,801161.SI,电力,电力,L,19980519,10361,28.37,4.39,1.386,10.87,False,True,True,0,0,0,0,True,
000885.SZ,000885,000885,城发环境,主板,深市,主板,801970.SI,环保,801971.SI,环境治理,环境治理,L,19990319,10057,27.53,11.7,0.775,11.905,False,True,True,0,0,0,0,True,
000886.SZ,000886,000886,海南高速,主板,深市,主板,801170.SI,交通运输,801179.SI,铁路公路,铁路公路,L,19980123,10477,28.68,4.73,0.853,8.696,False,True,True,0,0,0,0,True,
000887.SZ,000887,000887,中鼎股份,主板,深市,主板,801880.SI,汽车,801093.SI,汽车零部件,汽车零部件,L,19981203,10163,27.82,18.32,-0.705,13.725,False,True,True,0,0,0,0,True,
000888.SZ,000888,000888,峨眉山A,主板,深市,主板,801210.SI,社会服务,801993.SI,旅游及景区,旅游及景区,L,19971021,10571,28.94,9.06,-0.22,12.245,False,True,True,0,0,0,0,True,
000889.SZ,000889,000889,中嘉博创,主板,深市,主板,801770.SI,通信,801223.SI,通信服务,通信服务,L,19971218,10513,28.78,3.62,-2.162,10.256,False,True,True,0,0,0,0,True,
000890.SZ,000890,000890,法尔胜,主板,深市,主板,801970.SI,环保,801972.SI,环保设备Ⅱ,环保设备Ⅱ,L,19990119,10116,27.7,6.96,-1.695,17.105,False,True,True,0,0,0,0,True,
000892.SZ,000892,000892,欢瑞世纪,主板,深市,主板,801760.SI,传媒,801766.SI,影视院线,影视院线,L,19990115,10120,27.71,4.53,-1.092,4.444,False,True,True,0,0,0,0,True,
000893.SZ,000893,000893,亚钾国际,主板,深市,主板,801030.SI,基础化工,801038.SI,农化制品,农化制品,L,19981224,10142,27.77,36.84,2.476,21.239,False,True,True,0,0,0,0,True,
000895.SZ,000895,000895,双汇发展,主板,深市,主板,801120.SI,食品饮料,801124.SI,食品加工,食品加工,L,19981210,10156,27.81,23.66,1.068,14.516,False,True,True,0,0,0,0,True,
000897.SZ,000897,000897,津滨发展,主板,深市,主板,801180.SI,房地产,801181.SI,房地产开发,房地产开发,L,19990422,10023,27.44,1.96,0.513,10.526,False,True,True,0,0,0,0,True,
000898.SZ,000898,000898,鞍钢股份,主板,深市,主板,801040.SI,钢铁,801044.SI,普钢,普钢,L,19971225,10506,28.76,2.06,1.98,38.095,False,True,True,0,0,0,0,True,
000899.SZ,000899,000899,赣能股份,主板,深市,主板,801160.SI,公用事业,801161.SI,电力,电力,L,19971126,10535,28.84,9.08,1.001,18.0,False,True,True,0,0,0,0,True,
000900.SZ,000900,000900,现代投资,主板,深市,主板,801170.SI,交通运输,801179.SI,铁路公路,铁路公路,L,19990128,10107,27.67,3.59,0.843,10.811,False,True,True,0,0,0,0,True,
000901.SZ,000901,000901,航天科技,主板,深市,主板,801880.SI,汽车,801093.SI,汽车零部件,汽车零部件,L,19990401,10044,27.5,13.68,-0.941,7.746,False,True,True,0,0,0,0,True,
000902.SZ,000902,000902,新洋丰,主板,深市,主板,801030.SI,基础化工,801038.SI,农化制品,农化制品,L,19990408,10037,27.48,13.5,1.048,16.176,False,True,True,0,0,0,0,True,
000905.SZ,000905,000905,厦门港务,主板,深市,主板,801170.SI,交通运输,801992.SI,航运港口,航运港口,L,19990429,10016,27.42,9.15,-0.218,8.696,False,True,True,0,0,0,0,True,
000906.SZ,000906,000906,浙商中拓,主板,深市,主板,801170.SI,交通运输,801178.SI,物流,物流,L,19990707,9947,27.23,6.11,-0.972,13.333,False,True,True,0,0,0,0,True,
000908.SZ,000908,000908,石药景峰,主板,深市,主板,801150.SI,医药生物,801151.SI,化学制药,化学制药,L,19990203,10101,27.66,5.99,0.672,15.625,False,True,True,0,0,0,2,True,
000910.SZ,000910,000910,大亚圣象,主板,深市,主板,801140.SI,轻工制造,801142.SI,家居用品,家居用品,L,19990630,9954,27.25,6.15,-4.503,28.125,False,True,True,0,0,0,0,True,
000912.SZ,000912,000912,泸天化,主板,深市,主板,801030.SI,基础化工,801038.SI,农化制品,农化制品,L,19990603,9981,27.33,3.88,0.0,19.048,False,True,True,0,0,0,0,True,
000913.SZ,000913,000913,钱江摩托,主板,深市,主板,801880.SI,汽车,801881.SI,摩托车及其他,摩托车及其他,L,19990514,10001,27.38,10.7,1.905,21.053,False,True,True,0,0,0,0,True,
000915.SZ,000915,000915,华特达因,主板,深市,主板,801150.SI,医药生物,801151.SI,化学制药,化学制药,L,19990609,9975,27.31,23.83,1.06,8.0,False,True,True,0,0,0,0,True,
000917.SZ,000917,000917,电广传媒,主板,深市,主板,801760.SI,传媒,801995.SI,电视广播Ⅱ,电视广播Ⅱ,L,19990325,10051,27.52,6.77,-0.587,11.268,False,True,True,0,0,0,0,True,
000919.SZ,000919,000919,金陵药业,主板,深市,主板,801150.SI,医药生物,801151.SI,化学制药,化学制药,L,19991118,9813,26.87,6.5,1.089,6.061,False,True,True,0,0,0,0,True,
000920.SZ,000920,000920,沃顿科技,主板,深市,主板,801030.SI,基础化工,801036.SI,塑料,塑料,L,19990616,9968,27.29,12.43,2.22,12.195,False,True,True,0,0,0,0,True,
000921.SZ,000921,000921,海信家电,主板,深市,主板,801110.SI,家用电器,801111.SI,白色家电,白色家电,L,19990713,9941,27.22,26.78,1.057,13.846,False,True,True,0,0,0,0,True,
000922.SZ,000922,000922,佳电股份,主板,深市,主板,801730.SI,电力设备,801731.SI,电机Ⅱ,电机Ⅱ,L,19990618,9966,27.29,11.93,-0.5,10.084,False,True,True,0,0,0,0,True,
000923.SZ,000923,000923,河钢资源,主板,深市,主板,801040.SI,钢铁,801043.SI,冶钢原料,冶钢原料,L,19990714,9940,27.21,15.73,1.812,17.073,False,True,True,0,0,0,0,True,
000925.SZ,000925,000925,众合科技,主板,深市,主板,801890.SI,机械设备,801076.SI,轨交设备Ⅱ,轨交设备Ⅱ,L,19990611,9973,27.3,7.86,-0.506,12.346,False,True,True,0,0,0,0,True,
000926.SZ,000926,000926,福星股份,主板,深市,主板,801180.SI,房地产,801181.SI,房地产开发,房地产开发,L,19990618,9966,27.29,2.2,1.852,9.524,False,True,True,0,0,0,0,True,
000927.SZ,000927,000927,中国铁物,主板,深市,主板,801890.SI,机械设备,801076.SI,轨交设备Ⅱ,轨交设备Ⅱ,L,19990727,9927,27.18,2.47,1.646,16.0,False,True,True,0,0,0,0,True,
000928.SZ,000928,000928,中钢国际,主板,深市,主板,801720.SI,建筑装饰,801724.SI,专业工程,专业工程,L,19990312,10064,27.55,5.34,0.945,16.364,False,True,True,0,0,0,0,True,
000929.SZ,000929,000929,兰州黄河,主板,深市,主板,801120.SI,食品饮料,801126.SI,非白酒,非白酒,L,19990623,9961,27.27,9.4,-0.529,13.043,False,True,True,0,0,0,2,True,
000930.SZ,000930,000930,中粮科技,主板,深市,主板,801010.SI,农林牧渔,801012.SI,农产品加工,农产品加工,L,19990712,9942,27.22,5.16,2.789,20.755,False,True,True,0,0,0,0,True,
000931.SZ,000931,000931,中关村,主板,深市,主板,801150.SI,医药生物,801151.SI,化学制药,化学制药,L,19990712,9942,27.22,4.58,1.327,13.333,False,True,True,0,0,0,0,True,
000932.SZ,000932,000932,华菱钢铁,主板,深市,主板,801040.SI,钢铁,801044.SI,普钢,普钢,L,19990803,9920,27.16,3.54,2.907,8.333,False,True,True,0,0,0,0,True,
000933.SZ,000933,000933,神火股份,主板,深市,主板,801050.SI,有色金属,801055.SI,工业金属,工业金属,L,19990831,9892,27.08,26.22,0.46,9.091,False,True,True,0,0,0,0,True,
000935.SZ,000935,000935,四川双马,主板,深市,主板,801790.SI,非银金融,801191.SI,多元金融,多元金融,L,19990824,9899,27.1,19.45,1.302,29.31,False,True,True,0,0,0,0,True,
000936.SZ,000936,000936,华西股份,主板,深市,主板,801030.SI,基础化工,801032.SI,化学纤维,化学纤维,L,19990810,9913,27.14,5.49,0.919,7.143,False,True,True,0,0,0,0,True,
000937.SZ,000937,000937,冀中能源,主板,深市,主板,801950.SI,煤炭,801951.SI,煤炭开采,煤炭开采,L,19990909,9883,27.06,4.4,0.917,17.021,False,True,True,0,0,0,0,True,
000938.SZ,000938,000938,紫光股份,主板,深市,主板,801750.SI,计算机,801103.SI,IT服务Ⅱ,IT服务Ⅱ,L,19991104,9827,26.9,31.02,-1.617,13.433,False,True,True,0,0,0,0,True,
000948.SZ,000948,000948,南天信息,主板,深市,主板,801750.SI,计算机,801104.SI,软件开发,软件开发,L,19991014,9848,26.96,13.14,-0.605,10.638,False,True,True,0,0,0,0,True,
000949.SZ,000949,000949,新乡化纤,主板,深市,主板,801030.SI,基础化工,801032.SI,化学纤维,化学纤维,L,19991021,9841,26.94,6.44,0.468,17.91,False,True,True,0,0,0,0,True,
000950.SZ,000950,000950,重药控股,主板,深市,主板,801150.SI,医药生物,801154.SI,医药商业,医药商业,L,19990916,9876,27.04,5.25,0.962,12.963,False,True,True,0,0,0,0,True,
000951.SZ,000951,000951,中国重汽,主板,深市,主板,801880.SI,汽车,801096.SI,商用车,商用车,L,19991125,9806,26.85,20.23,1.556,9.859,False,True,True,0,0,0,0,True,
000952.SZ,000952,000952,广济药业,主板,深市,主板,801150.SI,医药生物,801151.SI,化学制药,化学制药,L,19991112,9819,26.88,6.57,-0.455,14.062,False,True,True,0,0,0,0,True,
000953.SZ,000953,000953,中哲精化,主板,深市,主板,801150.SI,医药生物,801151.SI,化学制药,化学制药,L,19991202,9799,26.83,5.98,-0.333,10.0,False,True,True,0,0,0,0,True,
000955.SZ,000955,000955,欣龙控股,主板,深市,主板,801130.SI,纺织服饰,801131.SI,纺织制造,纺织制造,L,19991209,9792,26.81,4.1,0.244,9.756,False,True,True,0,0,0,0,True,
000957.SZ,000957,000957,中通客车,主板,深市,主板,801880.SI,汽车,801096.SI,商用车,商用车,L,20000113,9757,26.71,9.86,0.0,6.931,False,True,True,0,0,0,0,True,
000958.SZ,000958,000958,电投产融,主板,深市,主板,801790.SI,非银金融,801191.SI,多元金融,多元金融,L,19991223,9778,26.77,4.94,0.406,21.667,False,True,True,0,0,0,0,True,
000959.SZ,000959,000959,首钢股份,主板,深市,主板,801040.SI,钢铁,801044.SI,普钢,普钢,L,19991216,9785,26.79,3.51,1.739,37.838,False,True,True,0,0,0,0,True,
000960.SZ,000960,000960,锡业股份,主板,深市,主板,801050.SI,有色金属,801054.SI,小金属,小金属,L,20000221,9718,26.61,30.46,-0.458,18.605,False,True,True,0,0,0,0,True,
000962.SZ,000962,000962,东方钽业,主板,深市,主板,801050.SI,有色金属,801054.SI,小金属,小金属,L,20000120,9750,26.69,54.27,-2.128,14.085,False,True,True,0,0,0,0,True,
000963.SZ,000963,000963,华东医药,主板,深市,主板,801150.SI,医药生物,801151.SI,化学制药,化学制药,L,20000127,9743,26.67,27.69,3.128,12.281,False,True,True,0,0,0,0,True,
000965.SZ,000965,000965,天保基建,主板,深市,主板,801180.SI,房地产,801181.SI,房地产开发,房地产开发,L,20000406,9673,26.48,3.5,0.286,9.091,False,True,True,0,0,0,0,True,
000966.SZ,000966,000966,长源电力,主板,深市,主板,801160.SI,公用事业,801161.SI,电力,电力,L,20000316,9694,26.54,3.98,0.759,12.195,False,True,True,0,0,0,0,True,
000967.SZ,000967,000967,盈峰环境,主板,深市,主板,801970.SI,环保,801972.SI,环保设备Ⅱ,环保设备Ⅱ,L,20000330,9680,26.5,7.79,-3.827,16.867,False,True,True,0,0,0,0,True,
000968.SZ,000968,000968,蓝焰控股,主板,深市,主板,801960.SI,石油石化,801961.SI,油气开采Ⅱ,油气开采Ⅱ,L,20000622,9596,26.27,6.83,0.0,12.5,False,True,True,0,0,0,0,True,
000969.SZ,000969,000969,安泰科技,主板,深市,主板,801050.SI,有色金属,801051.SI,金属新材料,金属新材料,L,20000529,9620,26.34,16.0,-1.538,7.018,False,True,True,0,0,0,0,True,
000970.SZ,000970,000970,中科三环,主板,深市,主板,801050.SI,有色金属,801051.SI,金属新材料,金属新材料,L,20000420,9659,26.44,10.95,-0.364,17.5,False,True,True,0,0,0,0,True,
000972.SZ,000972,000972,中基健康,主板,深市,主板,801010.SI,农林牧渔,801012.SI,农产品加工,农产品加工,L,20000926,9500,26.01,3.94,2.072,15.385,False,True,True,0,0,0,2,True,
000973.SZ,000973,000973,佛塑科技,主板,深市,主板,801030.SI,基础化工,801036.SI,塑料,塑料,L,20000525,9624,26.35,11.56,1.403,20.0,False,True,True,0,0,0,0,True,
000975.SZ,000975,000975,山金国际,主板,深市,主板,801050.SI,有色金属,801053.SI,贵金属,贵金属,L,20000608,9610,26.31,22.76,2.2,21.875,False,True,True,0,0,0,0,True,
000977.SZ,000977,000977,浪潮信息,主板,深市,主板,801750.SI,计算机,801101.SI,计算机设备,计算机设备,L,20000608,9610,26.31,65.93,-1.861,15.73,False,True,True,0,0,0,0,True,
000978.SZ,000978,000978,桂林旅游,主板,深市,主板,801210.SI,社会服务,801993.SI,旅游及景区,旅游及景区,L,20000518,9631,26.37,7.08,-2.614,15.068,False,True,True,0,0,0,0,True,
000980.SZ,000980,000980,众泰汽车,主板,深市,主板,801880.SI,汽车,801093.SI,汽车零部件,汽车零部件,L,20000616,9602,26.29,2.26,1.802,9.091,False,True,True,0,0,0,0,True,
000981.SZ,000981,000981,山子高科,主板,深市,主板,801880.SI,汽车,801093.SI,汽车零部件,汽车零部件,L,20000622,9596,26.27,2.69,-2.536,10.714,False,True,True,0,0,0,0,True,
000983.SZ,000983,000983,山西焦煤,主板,深市,主板,801950.SI,煤炭,801951.SI,煤炭开采,煤炭开采,L,20000726,9562,26.18,6.48,1.727,16.418,False,True,True,0,0,0,0,True,
000985.SZ,000985,000985,大庆华科,主板,深市,主板,801960.SI,石油石化,801963.SI,炼化及贸易,炼化及贸易,L,20000726,9562,26.18,17.1,-0.812,12.791,False,True,True,0,0,0,0,True,
000987.SZ,000987,000987,越秀资本,主板,深市,主板,801790.SI,非银金融,801191.SI,多元金融,多元金融,L,20000718,9570,26.2,7.2,0.84,17.949,False,True,True,0,0,0,0,True,
000988.SZ,000988,000988,华工科技,主板,深市,主板,801890.SI,机械设备,801078.SI,自动化设备,自动化设备,L,20000608,9610,26.31,92.25,-2.122,12.069,False,True,True,0,0,0,0,True,
000989.SZ,000989,000989,九芝堂,主板,深市,主板,801150.SI,医药生物,801155.SI,中药Ⅱ,中药Ⅱ,L,20000628,9590,26.26,8.75,2.339,8.989,False,True,True,0,0,0,0,True,
000990.SZ,000990,000990,诚志股份,主板,深市,主板,801030.SI,基础化工,801033.SI,化学原料,化学原料,L,20000706,9582,26.23,6.17,0.652,4.545,False,True,True,0,0,0,0,True,
000993.SZ,000993,000993,闽东电力,主板,深市,主板,801160.SI,公用事业,801161.SI,电力,电力,L,20000731,9557,26.17,17.09,4.975,13.372,False,True,True,0,0,0,0,True,
000995.SZ,000995,000995,皇台酒业,主板,深市,主板,801120.SI,食品饮料,801125.SI,白酒Ⅱ,白酒Ⅱ,L,20000807,9550,26.15,11.4,1.064,6.957,False,True,True,0,0,0,0,True,
000997.SZ,000997,000997,新大陆,主板,深市,主板,801750.SI,计算机,801101.SI,计算机设备,计算机设备,L,20000807,9550,26.15,19.33,0.104,16.327,False,True,True,0,0,0,0,True,
000998.SZ,000998,000998,隆平高科,主板,深市,主板,801010.SI,农林牧渔,801016.SI,种植业,种植业,L,20001211,9424,25.8,8.66,3.341,13.636,False,True,True,0,0,0,0,True,
000999.SZ,000999,000999,华润三九,主板,深市,主板,801150.SI,医药生物,801155.SI,中药Ⅱ,中药Ⅱ,L,20000309,9701,26.56,24.19,3.2,16.129,False,True,True,0,0,0,0,True,
001201.SZ,001201,001201,东瑞股份,主板,深市,主板,801010.SI,农林牧渔,801017.SI,养殖业,养殖业,L,20210428,1981,5.42,15.82,0.636,18.421,False,True,True,0,0,0,0,True,
001202.SZ,001202,001202,炬申股份,主板,深市,主板,801170.SI,交通运输,801178.SI,物流,物流,L,20210429,1980,5.42,14.88,-0.932,15.714,False,True,True,0,0,0,0,True,
001203.SZ,001203,001203,大中矿业,主板,深市,主板,801040.SI,钢铁,801043.SI,冶钢原料,冶钢原料,L,20210510,1969,5.39,22.28,3.053,27.778,False,True,True,0,0,0,0,True,
001205.SZ,001205,001205,盛航股份,主板,深市,主板,801170.SI,交通运输,801992.SI,航运港口,航运港口,L,20210513,1966,5.38,14.44,0.208,8.333,False,True,True,0,0,0,0,True,
001206.SZ,001206,001206,依依股份,主板,深市,主板,801980.SI,美容护理,801981.SI,个护用品,个护用品,L,20210518,1961,5.37,18.62,9.982,5.357,False,True,True,0,0,0,0,True,
001207.SZ,001207,001207,联科科技,主板,深市,主板,801030.SI,基础化工,801037.SI,橡胶,橡胶,L,20210623,1925,5.27,19.0,-0.419,15.517,False,True,True,0,0,0,0,True,
001208.SZ,001208,001208,华菱线缆,主板,深市,主板,801730.SI,电力设备,801738.SI,电网设备,电网设备,L,20210624,1924,5.27,12.92,-1.072,8.511,False,True,True,0,0,0,0,True,
001209.SZ,001209,001209,洪兴股份,主板,深市,主板,801130.SI,纺织服饰,801132.SI,服装家纺,服装家纺,L,20210723,1895,5.19,18.87,1.071,6.383,False,True,True,0,0,0,0,True,
001210.SZ,001210,001210,金房能源,主板,深市,主板,801160.SI,公用事业,801161.SI,电力,电力,L,20210729,1889,5.17,27.2,-0.073,9.375,False,True,True,0,0,0,0,True,
001211.SZ,001211,001211,双枪科技,主板,深市,主板,801140.SI,轻工制造,801142.SI,家居用品,家居用品,L,20210805,1882,5.15,29.52,6.724,16.667,False,True,True,0,0,0,0,True,
001212.SZ,001212,001212,中旗新材,主板,深市,主板,801710.SI,建筑材料,801713.SI,装修建材,装修建材,L,20210823,1864,5.1,36.18,-1.631,14.444,False,True,True,0,0,0,0,True,
001213.SZ,001213,001213,中铁特货,主板,深市,主板,801170.SI,交通运输,801179.SI,铁路公路,铁路公路,L,20210908,1848,5.06,3.51,0.573,20.0,False,True,True,0,0,0,0,True,
001215.SZ,001215,001215,千味央厨,主板,深市,主板,801120.SI,食品饮料,801124.SI,食品加工,食品加工,L,20210906,1850,5.07,32.44,0.433,11.111,False,True,True,0,0,0,0,True,
001216.SZ,001216,001216,华瓷股份,主板,深市,主板,801140.SI,轻工制造,801142.SI,家居用品,家居用品,L,20211019,1807,4.95,26.18,-10.003,7.353,False,True,True,0,0,0,0,True,
001217.SZ,001217,001217,华尔泰,主板,深市,主板,801030.SI,基础化工,801033.SI,化学原料,化学原料,L,20210929,1827,5.0,11.16,-0.446,17.647,False,True,True,0,0,0,0,True,
001218.SZ,001218,001218,丽臣实业,主板,深市,主板,801030.SI,基础化工,801034.SI,化学制品,化学制品,L,20211015,1811,4.96,23.46,-0.551,7.5,False,True,True,0,0,0,0,True,
001219.SZ,001219,001219,青岛食品,主板,深市,主板,801120.SI,食品饮料,801128.SI,休闲食品,休闲食品,L,20211021,1805,4.94,12.94,0.31,7.031,False,True,True,0,0,0,0,True,
001222.SZ,001222,001222,源飞宠物,主板,深市,主板,801140.SI,轻工制造,801145.SI,文娱用品,文娱用品,L,20220818,1504,4.12,15.38,0.72,7.692,False,True,True,0,0,0,0,True,
001223.SZ,001223,001223,欧克科技,主板,深市,主板,801890.SI,机械设备,801078.SI,自动化设备,自动化设备,L,20221212,1388,3.8,40.94,-2.361,13.103,False,True,True,0,0,0,0,True,
001225.SZ,001225,001225,和泰机电,主板,深市,主板,801890.SI,机械设备,801074.SI,专用设备,专用设备,L,20230222,1316,3.6,33.9,1.649,9.91,False,True,True,0,0,0,0,True,
001226.SZ,001226,001226,拓山重工,主板,深市,主板,801890.SI,机械设备,801077.SI,工程机械,工程机械,L,20220622,1561,4.27,45.7,-4.453,8.442,False,True,True,0,0,0,0,True,
001227.SZ,001227,001227,兰州银行,主板,深市,主板,801780.SI,银行,801784.SI,城商行Ⅱ,城商行Ⅱ,L,20220117,1717,4.7,2.11,0.957,4.762,False,True,True,0,0,0,0,True,
001228.SZ,001228,001228,永泰运,主板,深市,主板,801170.SI,交通运输,801178.SI,物流,物流,L,20220429,1615,4.42,37.9,0.611,19.126,False,True,True,0,0,0,0,True,
001229.SZ,001229,001229,魅视科技,主板,深市,主板,801750.SI,计算机,801101.SI,计算机设备,计算机设备,L,20220808,1514,4.15,37.13,-3.383,8.901,False,True,True,0,0,0,0,True,
001230.SZ,001230,001230,劲旅环境,主板,深市,主板,801970.SI,环保,801971.SI,环境治理,环境治理,L,20220715,1538,4.21,18.97,-1.043,13.265,False,True,True,0,0,0,0,True,
001231.SZ,001231,001231,农心科技,主板,深市,主板,801030.SI,基础化工,801038.SI,农化制品,农化制品,L,20220819,1503,4.11,22.52,-1.271,10.046,False,True,True,0,0,0,0,True,
001234.SZ,001234,001234,泰慕士,主板,深市,主板,801130.SI,纺织服饰,801132.SI,服装家纺,服装家纺,L,20220111,1723,4.72,25.8,-10.011,31.915,False,True,True,0,0,0,0,True,
001236.SZ,001236,001236,弘业期货,主板,深市,主板,801790.SI,非银金融,801191.SI,多元金融,多元金融,L,20220805,1517,4.15,7.84,-0.127,11.538,False,True,True,0,0,0,0,True,
001238.SZ,001238,001238,浙江正特,主板,深市,主板,801140.SI,轻工制造,801145.SI,文娱用品,文娱用品,L,20220919,1472,4.03,25.9,-0.88,41.071,False,True,True,0,0,0,0,True,
001239.SZ,001239,001239,永达股份,主板,深市,主板,801890.SI,机械设备,801077.SI,工程机械,工程机械,L,20231212,1023,2.8,12.3,0.081,9.167,False,True,True,0,0,0,0,True,
001255.SZ,001255,001255,博菲电气,主板,深市,主板,801030.SI,基础化工,801036.SI,塑料,塑料,L,20220930,1461,4.0,27.1,-1.059,17.241,False,True,True,0,0,0,0,True,
001256.SZ,001256,001256,炜冈科技,主板,深市,主板,801890.SI,机械设备,801074.SI,专用设备,专用设备,L,20221205,1395,3.82,21.72,1.401,20.536,False,True,True,0,0,0,0,True,
001258.SZ,001258,001258,立新能源,主板,深市,主板,801160.SI,公用事业,801161.SI,电力,电力,L,20220727,1526,4.18,10.03,-0.889,8.738,False,True,True,0,0,0,0,True,
001259.SZ,001259,001259,利仁科技,主板,深市,主板,801110.SI,家用电器,801113.SI,小家电,小家电,L,20220831,1491,4.08,43.75,-2.561,9.231,False,True,True,0,0,0,0,True,
001260.SZ,001260,001260,坤泰股份,主板,深市,主板,801880.SI,汽车,801093.SI,汽车零部件,汽车零部件,L,20230216,1322,3.62,19.2,1.0,8.333,False,True,True,0,0,0,0,True,
001266.SZ,001266,001266,宏英智能,主板,深市,主板,801890.SI,机械设备,801078.SI,自动化设备,自动化设备,L,20220228,1675,4.59,39.96,9.992,9.756,False,True,True,0,0,0,0,True,
001267.SZ,001267,001267,汇绿生态,主板,深市,主板,801720.SI,建筑装饰,801723.SI,基础建设,基础建设,L,20211117,1778,4.87,32.83,-1.618,13.978,False,True,True,0,0,0,0,True,
001268.SZ,001268,001268,联合精密,主板,深市,主板,801110.SI,家用电器,801116.SI,家电零部件Ⅱ,家电零部件Ⅱ,L,20220630,1553,4.25,25.22,-0.709,8.235,False,True,True,0,0,0,0,True,
001269.SZ,001269,001269,欧晶科技,主板,深市,主板,801730.SI,电力设备,801735.SI,光伏设备,光伏设备,L,20220930,1461,4.0,19.13,0.525,14.737,False,True,True,0,0,0,0,True,
001270.SZ,001270,001270,铖昌科技,主板,深市,主板,801740.SI,国防军工,801745.SI,军工电子Ⅱ,军工电子Ⅱ,L,20220606,1577,4.32,89.5,-4.777,15.663,False,True,True,0,0,0,0,True,
001277.SZ,001277,001277,速达股份,主板,深市,主板,801890.SI,机械设备,801074.SI,专用设备,专用设备,L,20240903,757,2.07,30.29,0.033,7.843,False,True,True,0,0,0,0,True,
001278.SZ,001278,001278,一彬科技,主板,深市,主板,801880.SI,汽车,801093.SI,汽车零部件,汽车零部件,L,20230308,1302,3.56,16.97,-1.05,7.975,False,True,True,0,0,0,0,True,
001282.SZ,001282,001282,三联锻造,主板,深市,主板,801880.SI,汽车,801093.SI,汽车零部件,汽车零部件,L,20230524,1225,3.35,16.75,2.446,9.202,False,True,True,0,0,0,0,True,
001283.SZ,001283,001283,豪鹏科技,主板,深市,主板,801730.SI,电力设备,801737.SI,电池,电池,L,20220905,1486,4.07,47.06,1.707,11.392,False,True,True,0,0,0,0,True,
001286.SZ,001286,001286,陕西能源,主板,深市,主板,801160.SI,公用事业,801161.SI,电力,电力,L,20230410,1269,3.47,9.45,0.319,11.34,False,True,True,0,0,0,0,True,
001287.SZ,001287,001287,中电港,主板,深市,主板,801080.SI,电子,801082.SI,其他电子Ⅱ,其他电子Ⅱ,L,20230410,1269,3.47,22.59,-3.338,11.638,False,True,True,0,0,0,0,True,
001288.SZ,001288,001288,运机集团,主板,深市,主板,801890.SI,机械设备,801074.SI,专用设备,专用设备,L,20211101,1794,4.91,31.32,-2.612,20.0,False,True,True,0,0,0,0,True,
001289.SZ,001289,001289,龙源电力,主板,深市,主板,801160.SI,公用事业,801161.SI,电力,电力,L,20220124,1710,4.68,14.91,0.675,25.0,False,True,True,0,0,0,0,True,
001296.SZ,001296,001296,长江材料,主板,深市,主板,801030.SI,基础化工,801039.SI,非金属材料Ⅱ,非金属材料Ⅱ,L,20211224,1741,4.77,19.39,-0.615,8.0,False,True,True,0,0,0,0,True,
001298.SZ,001298,001298,好上好,主板,深市,主板,801080.SI,电子,801082.SI,其他电子Ⅱ,其他电子Ⅱ,L,20221031,1430,3.92,16.21,-0.917,13.873,False,True,True,0,0,0,0,True,
001299.SZ,001299,001299,美能能源,主板,深市,主板,801160.SI,公用事业,801163.SI,燃气Ⅱ,燃气Ⅱ,L,20221031,1430,3.92,10.09,1.001,15.385,False,True,True,0,0,0,0,True,
001300.SZ,001300,001300,三柏硕,主板,深市,主板,801140.SI,轻工制造,801145.SI,文娱用品,文娱用品,L,20221019,1442,3.95,12.28,-1.127,15.385,False,True,True,0,0,0,0,True,
001301.SZ,001301,001301,尚太科技,主板,深市,主板,801730.SI,电力设备,801737.SI,电池,电池,L,20221228,1372,3.76,47.34,2.712,25.0,False,True,True,0,0,0,0,True,
001306.SZ,001306,001306,夏厦精密,主板,深市,主板,801890.SI,机械设备,801072.SI,通用设备,通用设备,L,20231116,1049,2.87,55.8,-1.239,5.674,False,True,True,0,0,0,0,True,
001308.SZ,001308,001308,康冠科技,主板,深市,主板,801080.SI,电子,801084.SI,光学光电子,光学光电子,L,20220318,1657,4.54,18.03,0.39,17.526,False,True,True,0,0,0,0,True,
001309.SZ,001309,001309,德明利,主板,深市,主板,801080.SI,电子,801081.SI,半导体,半导体,L,20220701,1552,4.25,358.46,-3.692,10.638,False,True,True,0,0,0,0,True,
001311.SZ,001311,001311,多利科技,主板,深市,主板,801880.SI,汽车,801093.SI,汽车零部件,汽车零部件,L,20230227,1311,3.59,16.7,-1.008,8.621,False,True,True,0,0,0,0,True,
001313.SZ,001313,001313,粤海饲料,主板,深市,主板,801010.SI,农林牧渔,801014.SI,饲料,饲料,L,20220216,1687,4.62,7.16,0.0,13.158,False,True,True,0,0,0,0,True,
001314.SZ,001314,001314,亿道信息,主板,深市,主板,801080.SI,电子,801085.SI,消费电子,消费电子,L,20230214,1324,3.62,49.05,-3.235,11.538,False,True,True,0,0,0,0,True,
001316.SZ,001316,001316,润贝航科,主板,深市,主板,801960.SI,石油石化,801963.SI,炼化及贸易,炼化及贸易,L,20220624,1559,4.27,27.46,-0.29,12.632,False,True,True,0,0,0,0,True,
001317.SZ,001317,001317,三羊马,主板,深市,主板,801170.SI,交通运输,801179.SI,铁路公路,铁路公路,L,20211130,1765,4.83,61.85,-1.04,7.812,False,True,True,0,0,0,0,True,
001318.SZ,001318,001318,阳光乳业,主板,深市,主板,801120.SI,食品饮料,801127.SI,饮料乳品,饮料乳品,L,20220520,1594,4.36,13.04,10.042,12.069,False,True,True,0,0,0,0,True,
001319.SZ,001319,001319,铭科精技,主板,深市,主板,801880.SI,汽车,801093.SI,汽车零部件,汽车零部件,L,20220512,1602,4.39,21.14,-1.903,12.037,False,True,True,0,0,0,0,True,
001322.SZ,001322,001322,箭牌家居,主板,深市,主板,801140.SI,轻工制造,801142.SI,家居用品,家居用品,L,20221026,1435,3.93,6.74,3.533,21.875,False,True,True,0,0,0,0,True,
001323.SZ,001323,001323,慕思股份,主板,深市,主板,801140.SI,轻工制造,801142.SI,家居用品,家居用品,L,20220623,1560,4.27,18.68,2.525,20.69,False,True,True,0,0,0,0,True,
001324.SZ,001324,001324,长青科技,主板,深市,主板,801890.SI,机械设备,801076.SI,轨交设备Ⅱ,轨交设备Ⅱ,L,20230522,1227,3.36,20.26,-1.171,9.406,False,True,True,0,0,0,0,True,
001326.SZ,001326,001326,联域股份,主板,深市,主板,801110.SI,家用电器,801115.SI,照明设备Ⅱ,照明设备Ⅱ,L,20231109,1056,2.89,101.03,-2.659,7.692,False,True,True,0,0,0,0,True,
001328.SZ,001328,001328,登康口腔,主板,深市,主板,801980.SI,美容护理,801981.SI,个护用品,个护用品,L,20230410,1269,3.47,31.6,3.777,12.0,False,True,True,0,0,0,0,True,
001330.SZ,001330,001330,博纳影业,主板,深市,主板,801760.SI,传媒,801766.SI,影视院线,影视院线,L,20220818,1504,4.12,6.58,-0.754,16.923,False,True,True,0,0,0,0,True,
001331.SZ,001331,001331,胜通能源,主板,深市,主板,801160.SI,公用事业,801163.SI,燃气Ⅱ,燃气Ⅱ,L,20220908,1483,4.06,38.97,1.221,22.989,False,True,True,0,0,0,22,True,
001332.SZ,001332,001332,锡装股份,主板,深市,主板,801890.SI,机械设备,801074.SI,专用设备,专用设备,L,20220920,1471,4.03,26.9,-1.067,8.696,False,True,True,0,0,0,0,True,
001333.SZ,001333,001333,光华股份,主板,深市,主板,801030.SI,基础化工,801036.SI,塑料,塑料,L,20221208,1392,3.81,19.93,-0.2,11.0,False,True,True,0,0,0,0,True,
001336.SZ,001336,001336,楚环科技,主板,深市,主板,801970.SI,环保,801972.SI,环保设备Ⅱ,环保设备Ⅱ,L,20220725,1528,4.18,18.77,-1.933,8.511,False,True,True,0,0,0,0,True,
001337.SZ,001337,001337,四川黄金,主板,深市,主板,801050.SI,有色金属,801053.SI,贵金属,贵金属,L,20230303,1307,3.58,44.9,0.786,15.476,False,True,True,0,0,0,0,True,
001338.SZ,001338,001338,永顺泰,主板,深市,主板,801010.SI,农林牧渔,801012.SI,农产品加工,农产品加工,L,20221116,1414,3.87,9.21,1.544,12.088,False,True,True,0,0,0,0,True,
001339.SZ,001339,001339,智微智能,主板,深市,主板,801750.SI,计算机,801101.SI,计算机设备,计算机设备,L,20220815,1507,4.13,69.72,-0.994,11.864,False,True,True,0,0,0,0,True,
001358.SZ,001358,001358,兴欣新材,主板,深市,主板,801030.SI,基础化工,801034.SI,化学制品,化学制品,L,20231221,1014,2.78,24.17,-1.508,7.229,False,True,True,0,0,0,0,True,
001359.SZ,001359,001359,平安电工,主板,深市,主板,801030.SI,基础化工,801036.SI,塑料,塑料,L,20240328,916,2.51,79.9,-3.163,9.722,False,True,True,0,0,0,0,True,
001360.SZ,001360,001360,南矿集团,主板,深市,主板,801890.SI,机械设备,801074.SI,专用设备,专用设备,L,20230410,1269,3.47,18.89,-0.631,13.333,False,True,True,0,0,0,0,True,
001366.SZ,001366,001366,播恩集团,主板,深市,主板,801010.SI,农林牧渔,801014.SI,饲料,饲料,L,20230307,1303,3.57,13.13,-0.152,15.267,False,True,True,0,0,0,0,True,
001367.SZ,001367,001367,海森药业,主板,深市,主板,801150.SI,医药生物,801151.SI,化学制药,化学制药,L,20230410,1269,3.47,22.01,-0.9,12.683,False,True,True,0,0,0,0,True,
001368.SZ,001368,001368,通达创智,主板,深市,主板,801140.SI,轻工制造,801145.SI,文娱用品,文娱用品,L,20230313,1297,3.55,36.85,-2.047,11.979,False,True,True,0,0,0,0,True,
001373.SZ,001373,001373,翔腾新材,主板,深市,主板,801080.SI,电子,801084.SI,光学光电子,光学光电子,L,20230601,1217,3.33,30.99,-1.899,10.191,False,True,True,0,0,0,0,True,
001376.SZ,001376,001376,百通能源,主板,深市,主板,801160.SI,公用事业,801161.SI,电力,电力,L,20231103,1062,2.91,12.18,-0.976,5.556,False,True,True,0,0,0,0,True,
001378.SZ,001378,001378,德冠新材,主板,深市,主板,801030.SI,基础化工,801036.SI,塑料,塑料,L,20231030,1066,2.92,21.96,-0.858,6.466,False,True,True,0,0,0,0,True,
001379.SZ,001379,001379,腾达科技,主板,深市,主板,801890.SI,机械设备,801072.SI,通用设备,通用设备,L,20240119,985,2.7,15.75,-0.819,5.031,False,True,True,0,0,0,0,True,
001380.SZ,001380,001380,华纬科技,主板,深市,主板,801880.SI,汽车,801093.SI,汽车零部件,汽车零部件,L,20230516,1233,3.38,18.79,-0.265,17.857,False,True,True,0,0,0,0,True,
001387.SZ,001387,001387,雪祺电气,主板,深市,主板,801110.SI,家用电器,801111.SI,白色家电,白色家电,L,20240111,993,2.72,12.38,-1.276,8.264,False,True,True,0,0,0,0,True,
001389.SZ,001389,001389,广合科技,主板,深市,主板,801080.SI,电子,801083.SI,元件,元件,L,20240402,911,2.49,176.66,-7.913,14.783,False,True,True,0,0,0,0,True,
001696.SZ,001696,001696,宗申动力,主板,深市,主板,801890.SI,机械设备,801072.SI,通用设备,通用设备,L,19970306,10800,29.57,15.15,-1.174,7.692,False,True,True,0,0,0,0,True,
001872.SZ,001872,001872,招商港口,主板,深市,主板,801170.SI,交通运输,801992.SI,航运港口,航运港口,L,19930505,12201,33.4,24.18,-0.902,24.615,False,True,True,0,0,0,0,True,
001896.SZ,001896,001896,豫能控股,主板,深市,主板,801160.SI,公用事业,801161.SI,电力,电力,L,19980122,10478,28.69,10.3,0.097,15.0,False,True,True,0,0,0,0,True,
001914.SZ,001914,001914,招商积余,主板,深市,主板,801180.SI,房地产,801183.SI,房地产服务,房地产服务,L,19940928,11690,32.01,9.4,0.427,18.182,False,True,True,0,0,0,0,True,
001965.SZ,001965,001965,招商公路,主板,深市,主板,801170.SI,交通运输,801179.SI,铁路公路,铁路公路,L,20171225,3201,8.76,10.05,0.5,28.125,False,True,True,0,0,0,0,True,
001979.SZ,001979,001979,招商蛇口,主板,深市,主板,801180.SI,房地产,801181.SI,房地产开发,房地产开发,L,20151230,3927,10.75,7.58,-0.132,27.778,False,True,True,0,0,0,0,True,
002001.SZ,002001,002001,新和成,主板,深市,主板,801030.SI,基础化工,801034.SI,化学制品,化学制品,L,20040625,8132,22.26,25.95,2.448,16.667,False,True,True,0,0,0,0,True,
002003.SZ,002003,002003,伟星股份,主板,深市,主板,801130.SI,纺织服饰,801131.SI,纺织制造,纺织制造,L,20040625,8132,22.26,11.31,-0.702,19.469,False,True,True,0,0,0,0,True,
002004.SZ,002004,002004,华邦健康,主板,深市,主板,801150.SI,医药生物,801151.SI,化学制药,化学制药,L,20040625,8132,22.26,4.34,1.878,6.977,False,True,True,0,0,0,0,True,
002006.SZ,002006,002006,精工科技,主板,深市,主板,801890.SI,机械设备,801074.SI,专用设备,专用设备,L,20040625,8132,22.26,13.21,-0.602,13.333,False,True,True,0,0,0,0,True,
002007.SZ,002007,002007,华兰生物,主板,深市,主板,801150.SI,医药生物,801152.SI,生物制品,生物制品,L,20040625,8132,22.26,13.34,2.458,15.789,False,True,True,0,0,0,0,True,
002008.SZ,002008,002008,大族激光,主板,深市,主板,801890.SI,机械设备,801078.SI,自动化设备,自动化设备,L,20040625,8132,22.26,80.03,-2.116,15.517,False,True,True,0,0,0,0,True,
002009.SZ,002009,002009,天奇股份,主板,深市,主板,801890.SI,机械设备,801074.SI,专用设备,专用设备,L,20040629,8128,22.25,15.49,0.781,15.0,False,True,True,0,0,0,0,True,
002010.SZ,002010,002010,传化智联,主板,深市,主板,801170.SI,交通运输,801178.SI,物流,物流,L,20040629,8128,22.25,4.6,0.656,29.167,False,True,True,0,0,0,0,True,
002011.SZ,002011,002011,盾安环境,主板,深市,主板,801110.SI,家用电器,801116.SI,家电零部件Ⅱ,家电零部件Ⅱ,L,20040705,8122,22.24,12.6,0.8,18.182,False,True,True,0,0,0,0,True,
002012.SZ,002012,002012,凯恩股份,主板,深市,主板,801140.SI,轻工制造,801143.SI,造纸,造纸,L,20040705,8122,22.24,6.9,0.145,12.857,False,True,True,0,0,0,0,True,
002014.SZ,002014,002014,永新股份,主板,深市,主板,801140.SI,轻工制造,801141.SI,包装印刷,包装印刷,L,20040708,8119,22.23,11.21,1.265,9.259,False,True,True,0,0,0,0,True,
002015.SZ,002015,002015,协鑫能科,主板,深市,主板,801160.SI,公用事业,801161.SI,电力,电力,L,20040708,8119,22.23,14.58,0.206,12.195,False,True,True,0,0,0,0,True,
002016.SZ,002016,002016,世荣兆业,主板,深市,主板,801180.SI,房地产,801181.SI,房地产开发,房地产开发,L,20040708,8119,22.23,4.95,2.273,10.87,False,True,True,0,0,0,0,True,
002017.SZ,002017,002017,东信和平,主板,深市,主板,801770.SI,通信,801102.SI,通信设备,通信设备,L,20040713,8114,22.21,13.79,-0.505,18.919,False,True,True,0,0,0,0,True,
002019.SZ,002019,002019,亿帆医药,主板,深市,主板,801150.SI,医药生物,801151.SI,化学制药,化学制药,L,20040713,8114,22.21,9.42,2.058,12.121,False,True,True,0,0,0,0,True,
002020.SZ,002020,002020,京新药业,主板,深市,主板,801150.SI,医药生物,801151.SI,化学制药,化学制药,L,20040715,8112,22.21,11.83,4.321,22.581,False,True,True,0,0,0,0,True,
002021.SZ,002021,002021,中捷资源,主板,深市,主板,801890.SI,机械设备,801074.SI,专用设备,专用设备,L,20040715,8112,22.21,2.58,-1.901,7.692,False,True,True,0,0,0,0,True,
002022.SZ,002022,002022,科华生物,主板,深市,主板,801150.SI,医药生物,801153.SI,医疗器械,医疗器械,L,20040721,8106,22.19,6.12,2.513,13.333,False,True,True,0,0,0,0,True,
002023.SZ,002023,002023,海特高新,主板,深市,主板,801740.SI,国防军工,801742.SI,航空装备Ⅱ,航空装备Ⅱ,L,20040721,8106,22.19,9.31,-1.377,12.0,False,True,True,0,0,0,0,True,
002025.SZ,002025,002025,航天电器,主板,深市,主板,801740.SI,国防军工,801745.SI,军工电子Ⅱ,军工电子Ⅱ,L,20040726,8101,22.18,67.01,-1.601,17.568,False,True,True,0,0,0,0,True,
002026.SZ,002026,002026,山东威达,主板,深市,主板,801890.SI,机械设备,801072.SI,通用设备,通用设备,L,20040727,8100,22.18,10.98,-0.992,8.772,False,True,True,0,0,0,0,True,
002027.SZ,002027,002027,分众传媒,主板,深市,主板,801760.SI,传媒,801765.SI,广告营销,广告营销,L,20040804,8092,22.15,4.73,1.72,14.286,False,True,True,0,0,0,0,True,
002028.SZ,002028,002028,思源电气,主板,深市,主板,801730.SI,电力设备,801738.SI,电网设备,电网设备,L,20040805,8091,22.15,120.46,-0.29,30.508,False,True,True,0,0,0,0,True,
002029.SZ,002029,002029,七匹狼,主板,深市,主板,801130.SI,纺织服饰,801132.SI,服装家纺,服装家纺,L,20040806,8090,22.15,8.87,-1.004,6.897,False,True,True,0,0,0,0,True,
002030.SZ,002030,002030,达安基因,主板,深市,主板,801150.SI,医药生物,801153.SI,医疗器械,医疗器械,L,20040809,8087,22.14,5.75,1.95,10.714,False,True,True,0,0,0,0,True,
002031.SZ,002031,002031,巨轮智能,主板,深市,主板,801890.SI,机械设备,801074.SI,专用设备,专用设备,L,20040816,8080,22.12,5.44,-4.394,9.259,False,True,True,0,0,0,0,True,
002032.SZ,002032,002032,苏泊尔,主板,深市,主板,801110.SI,家用电器,801113.SI,小家电,小家电,L,20040817,8079,22.12,39.95,1.114,20.968,False,True,True,0,0,0,0,True,
002033.SZ,002033,002033,丽江股份,主板,深市,主板,801210.SI,社会服务,801993.SI,旅游及景区,旅游及景区,L,20040825,8071,22.1,8.21,0.367,10.345,False,True,True,0,0,0,0,True,
002034.SZ,002034,002034,旺能环境,主板,深市,主板,801970.SI,环保,801971.SI,环境治理,环境治理,L,20040826,8070,22.09,14.07,0.716,13.889,False,True,True,0,0,0,0,True,
002035.SZ,002035,002035,华帝股份,主板,深市,主板,801110.SI,家用电器,801114.SI,厨卫电器,厨卫电器,L,20040901,8064,22.08,4.77,-0.832,6.383,False,True,True,0,0,0,0,True,
002037.SZ,002037,002037,保利联合,主板,深市,主板,801030.SI,基础化工,801034.SI,化学制品,化学制品,L,20040908,8057,22.06,6.77,0.445,11.594,False,True,True,0,0,0,0,True,
002038.SZ,002038,002038,双鹭药业,主板,深市,主板,801150.SI,医药生物,801151.SI,化学制药,化学制药,L,20040909,8056,22.06,5.75,2.862,13.793,False,True,True,0,0,0,0,True,
002039.SZ,002039,002039,黔源电力,主板,深市,主板,801160.SI,公用事业,801161.SI,电力,电力,L,20050303,7881,21.58,19.54,2.896,4.124,False,True,True,0,0,0,0,True,
002040.SZ,002040,002040,南京港,主板,深市,主板,801170.SI,交通运输,801992.SI,航运港口,航运港口,L,20050325,7859,21.52,8.72,-0.683,7.692,False,True,True,0,0,0,0,True,
002041.SZ,002041,002041,登海种业,主板,深市,主板,801010.SI,农林牧渔,801016.SI,种植业,种植业,L,20050418,7835,21.45,10.23,10.0,15.385,False,True,True,0,0,0,0,True,
002042.SZ,002042,002042,华孚时尚,主板,深市,主板,801130.SI,纺织服饰,801131.SI,纺织制造,纺织制造,L,20050427,7826,21.43,3.59,-1.644,12.821,False,True,True,0,0,0,0,True,
002043.SZ,002043,002043,兔宝宝,主板,深市,主板,801710.SI,建筑材料,801713.SI,装修建材,装修建材,L,20050510,7813,21.39,12.02,5.717,15.702,False,True,True,0,0,0,0,True,
002044.SZ,002044,002044,美年健康,主板,深市,主板,801150.SI,医药生物,801156.SI,医疗服务,医疗服务,L,20050518,7805,21.37,4.54,1.566,13.043,False,True,True,0,0,0,0,True,
002045.SZ,002045,002045,国光电器,主板,深市,主板,801080.SI,电子,801085.SI,消费电子,消费电子,L,20050523,7800,21.36,8.57,-2.392,8.889,False,True,True,0,0,0,0,True,
002046.SZ,002046,002046,国机精工,主板,深市,主板,801890.SI,机械设备,801072.SI,通用设备,通用设备,L,20050526,7797,21.35,59.75,-1.158,27.273,False,True,True,0,0,0,0,True,
002047.SZ,002047,002047,宝鹰股份,主板,深市,主板,801720.SI,建筑装饰,801722.SI,装修装饰Ⅱ,装修装饰Ⅱ,L,20050531,7792,21.33,3.17,1.603,11.765,False,True,True,0,0,0,0,True,
002048.SZ,002048,002048,宁波华翔,主板,深市,主板,801880.SI,汽车,801093.SI,汽车零部件,汽车零部件,L,20050603,7789,21.33,17.67,-0.674,12.766,False,True,True,0,0,0,0,True,
002049.SZ,002049,002049,紫光国微,主板,深市,主板,801080.SI,电子,801081.SI,半导体,半导体,L,20050606,7786,21.32,57.88,-0.907,10.811,False,True,True,0,0,0,0,True,
002050.SZ,002050,002050,三花智控,主板,深市,主板,801110.SI,家用电器,801116.SI,家电零部件Ⅱ,家电零部件Ⅱ,L,20050607,7785,21.31,35.71,0.507,19.672,False,True,True,0,0,0,0,True,
002051.SZ,002051,002051,中工国际,主板,深市,主板,801720.SI,建筑装饰,801724.SI,专业工程,专业工程,L,20060619,7408,20.28,8.74,1.746,9.091,False,True,True,0,0,0,0,True,
002052.SZ,002052,002052,同洲电子,主板,深市,主板,801110.SI,家用电器,801112.SI,黑色家电,黑色家电,L,20060627,7400,20.26,7.98,-0.623,11.628,False,True,True,0,0,0,0,True,
002053.SZ,002053,002053,云南能投,主板,深市,主板,801160.SI,公用事业,801161.SI,电力,电力,L,20060627,7400,20.26,9.52,-0.522,21.875,False,True,True,0,0,0,0,True,
002054.SZ,002054,002054,德美化工,主板,深市,主板,801030.SI,基础化工,801034.SI,化学制品,化学制品,L,20060725,7372,20.18,7.07,0.142,5.634,False,True,True,0,0,0,0,True,
002056.SZ,002056,002056,横店东磁,主板,深市,主板,801730.SI,电力设备,801735.SI,光伏设备,光伏设备,L,20060802,7364,20.16,19.33,-1.125,25.352,False,True,True,0,0,0,0,True,
002057.SZ,002057,002057,中钢天源,主板,深市,主板,801210.SI,社会服务,801218.SI,专业服务,专业服务,L,20060802,7364,20.16,8.77,-0.228,6.818,False,True,True,0,0,0,0,True,
002058.SZ,002058,002058,紫竹高科,主板,深市,主板,801890.SI,机械设备,801072.SI,通用设备,通用设备,L,20060802,7364,20.16,20.2,10.022,9.412,False,True,True,0,0,0,2,True,
002059.SZ,002059,002059,云南旅游,主板,深市,主板,801210.SI,社会服务,801993.SI,旅游及景区,旅游及景区,L,20060810,7356,20.14,4.23,0.0,24.444,False,True,True,0,0,0,0,True,
002060.SZ,002060,002060,广东建工,主板,深市,主板,801160.SI,公用事业,801161.SI,电力,电力,L,20060810,7356,20.14,3.06,1.325,15.625,False,True,True,0,0,0,0,True,
002061.SZ,002061,002061,浙江交科,主板,深市,主板,801720.SI,建筑装饰,801723.SI,基础建设,基础建设,L,20060816,7350,20.12,3.35,1.515,17.143,False,True,True,0,0,0,0,True,
002062.SZ,002062,002062,宏润建设,主板,深市,主板,801720.SI,建筑装饰,801723.SI,基础建设,基础建设,L,20060816,7350,20.12,9.05,1.004,21.839,False,True,True,0,0,0,0,True,
002063.SZ,002063,002063,远光软件,主板,深市,主板,801750.SI,计算机,801104.SI,软件开发,软件开发,L,20060823,7343,20.1,5.26,0.382,9.259,False,True,True,0,0,0,0,True,
002064.SZ,002064,002064,华峰化学,主板,深市,主板,801030.SI,基础化工,801032.SI,化学纤维,化学纤维,L,20060823,7343,20.1,9.65,2.66,17.593,False,True,True,0,0,0,0,True,
002065.SZ,002065,002065,东华软件,主板,深市,主板,801750.SI,计算机,801103.SI,IT服务Ⅱ,IT服务Ⅱ,L,20060823,7343,20.1,6.5,0.0,12.857,False,True,True,0,0,0,0,True,
002066.SZ,002066,002066,瑞泰科技,主板,深市,主板,801710.SI,建筑材料,801713.SI,装修建材,装修建材,L,20060823,7343,20.1,19.57,-0.153,11.321,False,True,True,0,0,0,0,True,
002067.SZ,002067,002067,景兴纸业,主板,深市,主板,801140.SI,轻工制造,801143.SI,造纸,造纸,L,20060915,7320,20.04,3.95,0.0,9.756,False,True,True,0,0,0,0,True,
002068.SZ,002068,002068,黑猫股份,主板,深市,主板,801030.SI,基础化工,801037.SI,橡胶,橡胶,L,20060915,7320,20.04,8.97,-1.429,10.204,False,True,True,0,0,0,0,True,
002069.SZ,002069,002069,獐子岛,主板,深市,主板,801010.SI,农林牧渔,801015.SI,渔业,渔业,L,20060928,7307,20.01,3.65,-0.273,16.667,False,True,True,0,0,0,0,True,
002072.SZ,002072,002072,凯瑞德,主板,深市,主板,801200.SI,商贸零售,801202.SI,贸易Ⅱ,贸易Ⅱ,L,20061018,7287,19.95,7.03,-1.816,24.658,False,True,True,0,0,0,0,True,
002073.SZ,002073,002073,软控股份,主板,深市,主板,801890.SI,机械设备,801074.SI,专用设备,专用设备,L,20061018,7287,19.95,5.68,0.709,6.897,False,True,True,0,0,0,0,True,
002074.SZ,002074,002074,国轩高科,主板,深市,主板,801730.SI,电力设备,801737.SI,电池,电池,L,20061018,7287,19.95,29.5,2.859,13.333,False,True,True,0,0,0,0,True,
002075.SZ,002075,002075,沙钢股份,主板,深市,主板,801040.SI,钢铁,801045.SI,特钢Ⅱ,特钢Ⅱ,L,20061025,7280,19.93,3.52,1.149,16.667,False,True,True,0,0,0,0,True,
002076.SZ,002076,002076,星光股份,主板,深市,主板,801110.SI,家用电器,801115.SI,照明设备Ⅱ,照明设备Ⅱ,L,20061025,7280,19.93,2.11,-0.472,9.524,False,True,True,0,0,0,2,True,
002077.SZ,002077,002077,大港股份,主板,深市,主板,801080.SI,电子,801081.SI,半导体,半导体,L,20061116,7258,19.87,13.68,-4.669,6.944,False,True,True,0,0,0,0,True,
002078.SZ,002078,002078,太阳纸业,主板,深市,主板,801140.SI,轻工制造,801143.SI,造纸,造纸,L,20061116,7258,19.87,13.7,1.107,15.603,False,True,True,0,0,0,0,True,
002079.SZ,002079,002079,苏州固锝,主板,深市,主板,801730.SI,电力设备,801737.SI,电池,电池,L,20061116,7258,19.87,8.43,-1.748,7.692,False,True,True,0,0,0,0,True,
002080.SZ,002080,002080,中材科技,主板,深市,主板,801710.SI,建筑材料,801712.SI,玻璃玻纤,玻璃玻纤,L,20061120,7254,19.86,54.15,-1.204,21.951,False,True,True,0,0,0,0,True,
002081.SZ,002081,002081,金螳螂,主板,深市,主板,801720.SI,建筑装饰,801722.SI,装修装饰Ⅱ,装修装饰Ⅱ,L,20061120,7254,19.86,4.77,-0.209,12.0,False,True,True,0,0,0,0,True,
002083.SZ,002083,002083,孚日股份,主板,深市,主板,801130.SI,纺织服饰,801131.SI,纺织制造,纺织制造,L,20061124,7250,19.85,9.6,3.784,18.182,False,True,True,0,0,0,0,True,
002085.SZ,002085,002085,万丰奥威,主板,深市,主板,801880.SI,汽车,801093.SI,汽车零部件,汽车零部件,L,20061128,7246,19.84,9.32,1.525,12.0,False,True,True,0,0,0,0,True,
002086.SZ,002086,002086,东方海洋,主板,深市,主板,801150.SI,医药生物,801153.SI,医疗器械,医疗器械,L,20061128,7246,19.84,2.03,1.5,10.0,False,True,True,0,0,0,0,True,
002088.SZ,002088,002088,鲁阳节能,主板,深市,主板,801710.SI,建筑材料,801713.SI,装修建材,装修建材,L,20061130,7244,19.83,8.1,1.377,36.585,False,True,True,0,0,0,0,True,
002090.SZ,002090,002090,金智科技,主板,深市,主板,801730.SI,电力设备,801738.SI,电网设备,电网设备,L,20061208,7236,19.81,8.94,0.0,6.522,False,True,True,0,0,0,0,True,
002091.SZ,002091,002091,江苏国泰,主板,深市,主板,801200.SI,商贸零售,801202.SI,贸易Ⅱ,贸易Ⅱ,L,20061208,7236,19.81,7.57,1.474,18.182,False,True,True,0,0,0,0,True,
002092.SZ,002092,002092,中泰化学,主板,深市,主板,801030.SI,基础化工,801033.SI,化学原料,化学原料,L,20061208,7236,19.81,4.37,1.392,13.333,False,True,True,0,0,0,0,True,
002093.SZ,002093,002093,国脉科技,主板,深市,主板,801210.SI,社会服务,801994.SI,教育,教育,L,20061215,7229,19.79,7.76,-2.757,13.333,False,True,True,0,0,0,0,True,
002094.SZ,002094,002094,青岛金王,主板,深市,主板,801980.SI,美容护理,801982.SI,化妆品,化妆品,L,20061215,7229,19.79,4.94,-2.178,13.208,False,True,True,0,0,0,0,True,
002095.SZ,002095,002095,生意宝,主板,深市,主板,801760.SI,传媒,801767.SI,数字媒体,数字媒体,L,20061215,7229,19.79,15.19,-3.125,8.75,False,True,True,0,0,0,0,True,
002096.SZ,002096,002096,易普力,主板,深市,主板,801030.SI,基础化工,801034.SI,化学制品,化学制品,L,20061222,7222,19.77,9.11,1.788,41.667,False,True,True,0,0,0,0,True,
002097.SZ,002097,002097,山河智能,主板,深市,主板,801890.SI,机械设备,801077.SI,工程机械,工程机械,L,20061222,7222,19.77,6.8,0.295,8.333,False,True,True,0,0,0,0,True,
002098.SZ,002098,002098,浔兴股份,主板,深市,主板,801130.SI,纺织服饰,801131.SI,纺织制造,纺织制造,L,20061222,7222,19.77,8.21,-0.845,17.722,False,True,True,0,0,0,0,True,
002099.SZ,002099,002099,海翔药业,主板,深市,主板,801150.SI,医药生物,801151.SI,化学制药,化学制药,L,20061226,7218,19.76,6.15,2.5,14.545,False,True,True,0,0,0,0,True,
002100.SZ,002100,002100,天康生物,主板,深市,主板,801010.SI,农林牧渔,801014.SI,饲料,饲料,L,20061226,7218,19.76,7.87,0.0,14.286,False,True,True,0,0,0,0,True,
002101.SZ,002101,002101,广东鸿图,主板,深市,主板,801880.SI,汽车,801093.SI,汽车零部件,汽车零部件,L,20061229,7215,19.75,8.57,0.824,13.793,False,True,True,0,0,0,0,True,
002103.SZ,002103,002103,广博股份,主板,深市,主板,801140.SI,轻工制造,801145.SI,文娱用品,文娱用品,L,20070110,7203,19.72,6.68,-0.89,8.955,False,True,True,0,0,0,0,True,
002104.SZ,002104,002104,恒宝股份,主板,深市,主板,801770.SI,通信,801102.SI,通信设备,通信设备,L,20070110,7203,19.72,10.12,-0.394,15.044,False,True,True,0,0,0,0,True,
002105.SZ,002105,002105,信隆健康,主板,深市,主板,801880.SI,汽车,801881.SI,摩托车及其他,摩托车及其他,L,20070112,7201,19.72,6.05,-0.493,16.667,False,True,True,0,0,0,0,True,
002106.SZ,002106,002106,莱宝高科,主板,深市,主板,801080.SI,电子,801084.SI,光学光电子,光学光电子,L,20070112,7201,19.72,11.9,-1.327,20.0,False,True,True,0,0,0,0,True,
002107.SZ,002107,002107,沃华医药,主板,深市,主板,801150.SI,医药生物,801155.SI,中药Ⅱ,中药Ⅱ,L,20070124,7189,19.68,7.09,-0.141,8.696,False,True,True,0,0,0,0,True,
002108.SZ,002108,002108,沧州明珠,主板,深市,主板,801030.SI,基础化工,801036.SI,塑料,塑料,L,20070124,7189,19.68,4.26,0.235,9.091,False,True,True,0,0,0,0,True,
002110.SZ,002110,002110,三钢闽光,主板,深市,主板,801040.SI,钢铁,801044.SI,普钢,普钢,L,20070126,7187,19.68,2.93,2.091,16.667,False,True,True,0,0,0,0,True,
002111.SZ,002111,002111,威海广泰,主板,深市,主板,801740.SI,国防军工,801742.SI,航空装备Ⅱ,航空装备Ⅱ,L,20070126,7187,19.68,9.05,0.0,8.511,False,True,True,0,0,0,0,True,
002112.SZ,002112,002112,三变科技,主板,深市,主板,801730.SI,电力设备,801738.SI,电网设备,电网设备,L,20070208,7174,19.64,13.75,-0.865,10.811,False,True,True,0,0,0,0,True,
002114.SZ,002114,002114,罗平锌电,主板,深市,主板,801050.SI,有色金属,801055.SI,工业金属,工业金属,L,20070215,7167,19.62,7.18,-0.416,9.589,False,True,True,0,0,0,0,True,
002115.SZ,002115,002115,三维通信,主板,深市,主板,801770.SI,通信,801223.SI,通信服务,通信服务,L,20070215,7167,19.62,9.25,-1.805,12.371,False,True,True,0,0,0,0,True,
002116.SZ,002116,002116,中国海诚,主板,深市,主板,801720.SI,建筑装饰,801724.SI,专业工程,专业工程,L,20070215,7167,19.62,7.2,0.699,20.548,False,True,True,0,0,0,0,True,
002117.SZ,002117,002117,东港股份,主板,深市,主板,801140.SI,轻工制造,801141.SI,包装印刷,包装印刷,L,20070302,7152,19.58,7.79,-0.511,10.0,False,True,True,0,0,0,0,True,
002119.SZ,002119,002119,康强电子,主板,深市,主板,801080.SI,电子,801081.SI,半导体,半导体,L,20070302,7152,19.58,25.8,-8.737,10.909,False,True,True,0,0,0,0,True,
002120.SZ,002120,002120,韵达股份,主板,深市,主板,801170.SI,交通运输,801178.SI,物流,物流,L,20070306,7148,19.57,6.82,0.294,4.545,False,True,True,0,0,0,0,True,
002121.SZ,002121,002121,科陆电子,主板,深市,主板,801730.SI,电力设备,801738.SI,电网设备,电网设备,L,20070306,7148,19.57,4.12,0.0,16.327,False,True,True,0,0,0,0,True,
002123.SZ,002123,002123,梦网科技,主板,深市,主板,801770.SI,通信,801223.SI,通信服务,通信服务,L,20070328,7126,19.51,7.54,-1.567,8.642,False,True,True,0,0,0,0,True,
002124.SZ,002124,002124,天邦食品,主板,深市,主板,801010.SI,农林牧渔,801017.SI,养殖业,养殖业,L,20070403,7120,19.49,1.98,-1.0,18.182,False,True,True,0,0,0,0,True,
002125.SZ,002125,002125,湘潭电化,主板,深市,主板,801730.SI,电力设备,801737.SI,电池,电池,L,20070403,7120,19.49,11.92,0.084,8.065,False,True,True,0,0,0,0,True,
002126.SZ,002126,002126,银轮股份,主板,深市,主板,801880.SI,汽车,801093.SI,汽车零部件,汽车零部件,L,20070418,7105,19.45,33.95,-0.731,14.925,False,True,True,0,0,0,0,True,
002127.SZ,002127,002127,南极电商,主板,深市,主板,801200.SI,商贸零售,801206.SI,互联网电商,互联网电商,L,20070418,7105,19.45,2.97,-0.336,13.333,False,True,True,0,0,0,0,True,
002128.SZ,002128,002128,电投能源,主板,深市,主板,801950.SI,煤炭,801951.SI,煤炭开采,煤炭开采,L,20070418,7105,19.45,27.9,-0.853,19.424,False,True,True,0,0,0,0,True,
002129.SZ,002129,002129,TCL中环,主板,深市,主板,801730.SI,电力设备,801735.SI,光伏设备,光伏设备,L,20070420,7103,19.45,9.2,0.988,8.696,False,True,True,0,0,0,0,True,
002130.SZ,002130,002130,沃尔核材,主板,深市,主板,801080.SI,电子,801082.SI,其他电子Ⅱ,其他电子Ⅱ,L,20070420,7103,19.45,15.71,0.319,7.018,False,True,True,0,0,0,0,True,
002131.SZ,002131,002131,利欧股份,主板,深市,主板,801890.SI,机械设备,801072.SI,通用设备,通用设备,L,20070427,7096,19.43,4.2,-1.177,11.111,False,True,True,0,0,0,0,True,
002132.SZ,002132,002132,恒星科技,主板,深市,主板,801890.SI,机械设备,801072.SI,通用设备,通用设备,L,20070427,7096,19.43,4.03,1.511,9.524,False,True,True,0,0,0,0,True,
002133.SZ,002133,002133,广宇集团,主板,深市,主板,801180.SI,房地产,801181.SI,房地产开发,房地产开发,L,20070427,7096,19.43,2.94,0.341,7.143,False,True,True,0,0,0,0,True,
002134.SZ,002134,002134,天津普林,主板,深市,主板,801080.SI,电子,801083.SI,元件,元件,L,20070516,7077,19.38,23.69,-5.843,11.719,False,True,True,0,0,0,0,True,
002135.SZ,002135,002135,东南网架,主板,深市,主板,801720.SI,建筑装饰,801724.SI,专业工程,专业工程,L,20070530,7063,19.34,5.93,-0.168,16.129,False,True,True,0,0,0,0,True,
002136.SZ,002136,002136,安纳达,主板,深市,主板,801030.SI,基础化工,801033.SI,化学原料,化学原料,L,20070530,7063,19.34,11.75,-0.085,8.333,False,True,True,0,0,0,0,True,
002137.SZ,002137,002137,实益达,主板,深市,主板,801080.SI,电子,801084.SI,光学光电子,光学光电子,L,20070613,7049,19.3,7.6,-3.797,9.756,False,True,True,0,0,0,0,True,
002138.SZ,002138,002138,顺络电子,主板,深市,主板,801080.SI,电子,801083.SI,元件,元件,L,20070613,7049,19.3,48.24,-1.309,13.71,False,True,True,0,0,0,0,True,
002139.SZ,002139,002139,拓邦股份,主板,深市,主板,801080.SI,电子,801085.SI,消费电子,消费电子,L,20070629,7033,19.26,9.57,-0.104,8.163,False,True,True,0,0,0,0,True,
002140.SZ,002140,002140,东华科技,主板,深市,主板,801720.SI,建筑装饰,801724.SI,专业工程,专业工程,L,20070712,7020,19.22,9.15,2.235,28.261,False,True,True,0,0,0,0,True,
002141.SZ,002141,002141,贤丰控股,主板,深市,主板,801010.SI,农林牧渔,801018.SI,动物保健Ⅱ,动物保健Ⅱ,L,20070720,7012,19.2,6.3,-4.255,12.308,False,True,True,0,0,0,0,True,
002142.SZ,002142,002142,宁波银行,主板,深市,主板,801780.SI,银行,801784.SI,城商行Ⅱ,城商行Ⅱ,L,20070719,7013,19.2,35.43,1.781,22.078,False,True,True,0,0,0,0,True,
002144.SZ,002144,002144,宏达高科,主板,深市,主板,801130.SI,纺织服饰,801131.SI,纺织制造,纺织制造,L,20070803,6998,19.16,11.03,-0.541,8.333,False,True,True,0,0,0,0,True,
002145.SZ,002145,002145,钛能化学,主板,深市,主板,801030.SI,基础化工,801033.SI,化学原料,化学原料,L,20070803,6998,19.16,4.59,-0.217,11.111,False,True,True,0,0,0,0,True,
002146.SZ,002146,002146,荣盛发展,主板,深市,主板,801180.SI,房地产,801181.SI,房地产开发,房地产开发,L,20070808,6993,19.15,1.31,1.55,8.333,False,True,True,0,0,0,0,True,
002148.SZ,002148,002148,北纬科技,主板,深市,主板,801770.SI,通信,801223.SI,通信服务,通信服务,L,20070810,6991,19.14,6.18,-1.278,4.687,False,True,True,0,0,0,0,True,
002149.SZ,002149,002149,西部材料,主板,深市,主板,801050.SI,有色金属,801054.SI,小金属,小金属,L,20070810,6991,19.14,31.0,-1.743,12.5,False,True,True,0,0,0,0,True,
002150.SZ,002150,002150,正泰电源,主板,深市,主板,801890.SI,机械设备,801072.SI,通用设备,通用设备,L,20070810,6991,19.14,19.56,-0.255,11.321,False,True,True,0,0,0,0,True,
002151.SZ,002151,002151,北斗星通,主板,深市,主板,801740.SI,国防军工,801745.SI,军工电子Ⅱ,军工电子Ⅱ,L,20070813,6988,19.13,27.82,-1.172,6.25,False,True,True,0,0,0,0,True,
002152.SZ,002152,002152,广电运通,主板,深市,主板,801750.SI,计算机,801101.SI,计算机设备,计算机设备,L,20070813,6988,19.13,8.95,0.112,18.182,False,True,True,0,0,0,0,True,
002153.SZ,002153,002153,石基信息,主板,深市,主板,801750.SI,计算机,801104.SI,软件开发,软件开发,L,20070813,6988,19.13,7.37,-0.405,15.0,False,True,True,0,0,0,0,True,
002154.SZ,002154,002154,报喜鸟,主板,深市,主板,801130.SI,纺织服饰,801132.SI,服装家纺,服装家纺,L,20070816,6985,19.12,3.85,0.785,7.5,False,True,True,0,0,0,0,True,
002156.SZ,002156,002156,通富微电,主板,深市,主板,801080.SI,电子,801081.SI,半导体,半导体,L,20070816,6985,19.12,56.9,-5.732,9.868,False,True,True,0,0,0,0,True,
002157.SZ,002157,002157,正邦科技,主板,深市,主板,801010.SI,农林牧渔,801017.SI,养殖业,养殖业,L,20070817,6984,19.12,2.92,0.0,13.333,False,True,True,0,0,0,0,True,
002158.SZ,002158,002158,汉钟精机,主板,深市,主板,801890.SI,机械设备,801072.SI,通用设备,通用设备,L,20070817,6984,19.12,24.31,-2.134,10.989,False,True,True,0,0,0,0,True,
002159.SZ,002159,002159,三特索道,主板,深市,主板,801210.SI,社会服务,801993.SI,旅游及景区,旅游及景区,L,20070817,6984,19.12,13.31,0.15,7.463,False,True,True,0,0,0,0,True,
002160.SZ,002160,002160,常铝股份,主板,深市,主板,801050.SI,有色金属,801055.SI,工业金属,工业金属,L,20070821,6980,19.11,3.88,-0.513,12.821,False,True,True,0,0,0,6,True,
002161.SZ,002161,002161,远望谷,主板,深市,主板,801080.SI,电子,801082.SI,其他电子Ⅱ,其他电子Ⅱ,L,20070821,6980,19.11,6.36,-1.242,13.235,False,True,True,0,0,0,0,True,
002162.SZ,002162,002162,悦心健康,主板,深市,主板,801140.SI,轻工制造,801142.SI,家居用品,家居用品,L,20070823,6978,19.1,4.19,0.239,12.195,False,True,True,0,0,0,0,True,
002163.SZ,002163,002163,海南发展,主板,深市,主板,801720.SI,建筑装饰,801722.SI,装修装饰Ⅱ,装修装饰Ⅱ,L,20070823,6978,19.1,7.51,0.267,17.5,False,True,True,0,0,0,0,True,
002164.SZ,002164,002164,宁波东力,主板,深市,主板,801890.SI,机械设备,801072.SI,通用设备,通用设备,L,20070823,6978,19.1,13.26,10.041,12.903,False,True,True,0,0,0,0,True,
002165.SZ,002165,002165,红宝丽,主板,深市,主板,801030.SI,基础化工,801034.SI,化学制品,化学制品,L,20070913,6957,19.05,6.8,0.443,11.268,False,True,True,0,0,0,0,True,
002166.SZ,002166,002166,莱茵生物,主板,深市,主板,801030.SI,基础化工,801034.SI,化学制品,化学制品,L,20070913,6957,19.05,6.8,2.102,8.824,False,True,True,0,0,0,0,True,
002167.SZ,002167,002167,东方锆业,主板,深市,主板,801050.SI,有色金属,801054.SI,小金属,小金属,L,20070913,6957,19.05,15.04,-3.528,7.5,False,True,True,0,0,0,0,True,
002169.SZ,002169,002169,智光电气,主板,深市,主板,801730.SI,电力设备,801738.SI,电网设备,电网设备,L,20070919,6951,19.03,12.43,2.473,16.923,False,True,True,0,0,0,0,True,
002170.SZ,002170,002170,芭田股份,主板,深市,主板,801030.SI,基础化工,801038.SI,农化制品,农化制品,L,20070919,6951,19.03,10.57,0.475,8.108,False,True,True,0,0,0,0,True,
002171.SZ,002171,002171,楚江新材,主板,深市,主板,801050.SI,有色金属,801055.SI,工业金属,工业金属,L,20070921,6949,19.03,9.81,1.764,12.15,False,True,True,0,0,0,0,True,
002172.SZ,002172,002172,澳洋健康,主板,深市,主板,801150.SI,医药生物,801156.SI,医疗服务,医疗服务,L,20070921,6949,19.03,5.43,-1.093,7.407,False,True,True,0,0,0,0,True,
002173.SZ,002173,002173,创新医疗,主板,深市,主板,801150.SI,医药生物,801156.SI,医疗服务,医疗服务,L,20070925,6945,19.01,17.26,1.054,7.735,False,True,True,0,0,0,0,True,
002174.SZ,002174,002174,游族网络,主板,深市,主板,801760.SI,传媒,801764.SI,游戏Ⅱ,游戏Ⅱ,L,20070925,6945,19.01,13.19,-1.567,14.815,False,True,True,0,0,0,0,True,
002176.SZ,002176,002176,江特电机,主板,深市,主板,801730.SI,电力设备,801731.SI,电机Ⅱ,电机Ⅱ,L,20071012,6928,18.97,8.61,5.0,9.091,False,True,True,0,0,0,0,True,
002177.SZ,002177,002177,御银股份,主板,深市,主板,801750.SI,计算机,801101.SI,计算机设备,计算机设备,L,20071101,6908,18.91,5.43,-1.093,10.345,False,True,True,0,0,0,0,True,
002178.SZ,002178,002178,延华智能,主板,深市,主板,801750.SI,计算机,801104.SI,软件开发,软件开发,L,20071101,6908,18.91,4.85,-2.806,12.0,False,True,True,0,0,0,0,True,
002179.SZ,002179,002179,中航光电,主板,深市,主板,801740.SI,国防军工,801745.SI,军工电子Ⅱ,军工电子Ⅱ,L,20071101,6908,18.91,33.33,1.307,20.0,False,True,True,0,0,0,0,True,
002180.SZ,002180,002180,奔图科技,主板,深市,主板,801750.SI,计算机,801101.SI,计算机设备,计算机设备,L,20071113,6896,18.88,16.14,-0.738,13.953,False,True,True,0,0,0,0,True,
002181.SZ,002181,002181,粤传媒,主板,深市,主板,801760.SI,传媒,801769.SI,出版,出版,L,20071116,6893,18.87,8.8,-2.222,9.677,False,True,True,0,0,0,0,True,
002182.SZ,002182,002182,宝武镁业,主板,深市,主板,801050.SI,有色金属,801054.SI,小金属,小金属,L,20071113,6896,18.88,11.0,-0.362,13.333,False,True,True,0,0,0,0,True,
002183.SZ,002183,002183,怡亚通,主板,深市,主板,801200.SI,商贸零售,801202.SI,贸易Ⅱ,贸易Ⅱ,L,20071113,6896,18.88,4.18,0.723,13.636,False,True,True,0,0,0,0,True,
002184.SZ,002184,002184,海得控制,主板,深市,主板,801890.SI,机械设备,801078.SI,自动化设备,自动化设备,L,20071116,6893,18.87,9.8,-1.409,6.061,False,True,True,0,0,0,0,True,
002185.SZ,002185,002185,华天科技,主板,深市,主板,801080.SI,电子,801081.SI,半导体,半导体,L,20071120,6889,18.86,16.46,-3.29,10.795,False,True,True,0,0,0,0,True,
002186.SZ,002186,002186,全聚德,主板,深市,主板,801210.SI,社会服务,801219.SI,酒店餐饮,酒店餐饮,L,20071120,6889,18.86,9.61,2.891,10.638,False,True,True,0,0,0,0,True,
002187.SZ,002187,002187,广百股份,主板,深市,主板,801200.SI,商贸零售,801203.SI,一般零售,一般零售,L,20071122,6887,18.86,5.51,0.916,14.545,False,True,True,0,0,0,0,True,
002188.SZ,002188,002188,中天服务,主板,深市,主板,801180.SI,房地产,801183.SI,房地产服务,房地产服务,L,20071122,6887,18.86,6.4,9.966,18.182,False,True,True,0,0,0,0,True,
002189.SZ,002189,002189,中光学,主板,深市,主板,801740.SI,国防军工,801745.SI,军工电子Ⅱ,军工电子Ⅱ,L,20071203,6876,18.83,19.21,0.84,12.5,False,True,True,0,0,0,0,True,
002190.SZ,002190,002190,成飞集成,主板,深市,主板,801880.SI,汽车,801093.SI,汽车零部件,汽车零部件,L,20071203,6876,18.83,22.94,0.087,12.698,False,True,True,0,0,0,0,True,
002191.SZ,002191,002191,劲嘉股份,主板,深市,主板,801140.SI,轻工制造,801141.SI,包装印刷,包装印刷,L,20071205,6874,18.82,3.5,0.0,8.108,False,True,True,0,0,0,0,True,
002192.SZ,002192,002192,融捷股份,主板,深市,主板,801050.SI,有色金属,801056.SI,能源金属,能源金属,L,20071205,6874,18.82,56.4,-1.0,21.875,False,True,True,0,0,0,0,True,
002194.SZ,002194,002194,武汉凡谷,主板,深市,主板,801770.SI,通信,801102.SI,通信设备,通信设备,L,20071207,6872,18.81,9.69,-2.906,10.092,False,True,True,0,0,0,0,True,
002195.SZ,002195,002195,岩山科技,主板,深市,主板,801750.SI,计算机,801103.SI,IT服务Ⅱ,IT服务Ⅱ,L,20071212,6867,18.8,5.92,-0.504,14.286,False,True,True,0,0,0,0,True,
002196.SZ,002196,002196,方正电机,主板,深市,主板,801730.SI,电力设备,801731.SI,电机Ⅱ,电机Ⅱ,L,20071212,6867,18.8,10.1,-0.591,8.738,False,True,True,0,0,0,0,True,
002197.SZ,002197,002197,证通电子,主板,深市,主板,801750.SI,计算机,801101.SI,计算机设备,计算机设备,L,20071218,6861,18.78,6.35,-2.308,8.955,False,True,True,0,0,0,0,True,
002200.SZ,002200,002200,交投生态,主板,深市,主板,801720.SI,建筑装饰,801723.SI,基础建设,基础建设,L,20071221,6858,18.78,6.86,0.587,6.25,False,True,True,0,0,0,2,True,
002201.SZ,002201,002201,九鼎新材,主板,深市,主板,801710.SI,建筑材料,801712.SI,玻璃玻纤,玻璃玻纤,L,20071226,6853,18.76,9.1,-2.151,13.462,False,True,True,0,0,0,0,True,
002202.SZ,002202,002202,金风科技,主板,深市,主板,801730.SI,电力设备,801736.SI,风电设备,风电设备,L,20071226,6853,18.76,17.22,0.761,13.115,False,True,True,0,0,0,0,True,
002203.SZ,002203,002203,海亮股份,主板,深市,主板,801050.SI,有色金属,801055.SI,工业金属,工业金属,L,20080116,6832,18.7,17.32,-0.915,21.875,False,True,True,0,0,0,0,True,
002204.SZ,002204,002204,大连重工,主板,深市,主板,801890.SI,机械设备,801074.SI,专用设备,专用设备,L,20080116,6832,18.7,5.33,1.139,9.091,False,True,True,0,0,0,0,True,
002205.SZ,002205,002205,国统股份,主板,深市,主板,801710.SI,建筑材料,801711.SI,水泥,水泥,L,20080123,6825,18.69,12.16,-4.702,16.807,False,True,True,0,0,0,0,True,
002206.SZ,002206,002206,海利得,主板,深市,主板,801030.SI,基础化工,801032.SI,化学纤维,化学纤维,L,20080123,6825,18.69,4.87,0.412,11.321,False,True,True,0,0,0,0,True,
002208.SZ,002208,002208,合肥城建,主板,深市,主板,801180.SI,房地产,801181.SI,房地产开发,房地产开发,L,20080128,6820,18.67,9.89,-1.69,11.765,False,True,True,0,0,0,0,True,
002209.SZ,002209,002209,达意隆,主板,深市,主板,801890.SI,机械设备,801074.SI,专用设备,专用设备,L,20080130,6818,18.67,13.18,-1.568,6.061,False,True,True,0,0,0,0,True,
002210.SZ,002210,002210,飞马国际,主板,深市,主板,801970.SI,环保,801971.SI,环境治理,环境治理,L,20080130,6818,18.67,2.08,0.0,9.091,False,True,True,0,0,0,0,True,
002212.SZ,002212,002212,天融信,主板,深市,主板,801750.SI,计算机,801104.SI,软件开发,软件开发,L,20080201,6816,18.66,7.21,-2.304,4.167,False,True,True,0,0,0,0,True,
002213.SZ,002213,002213,大为股份,主板,深市,主板,801080.SI,电子,801081.SI,半导体,半导体,L,20080201,6816,18.66,26.7,-4.06,6.207,False,True,True,0,0,0,0,True,
002215.SZ,002215,002215,诺普信,主板,深市,主板,801010.SI,农林牧渔,801016.SI,种植业,种植业,L,20080218,6799,18.61,9.31,0.54,12.5,False,True,True,0,0,0,0,True,
002216.SZ,002216,002216,三全食品,主板,深市,主板,801120.SI,食品饮料,801124.SI,食品加工,食品加工,L,20080220,6797,18.61,11.5,1.5,12.195,False,True,True,0,0,0,0,True,
002218.SZ,002218,002218,拓日新能,主板,深市,主板,801160.SI,公用事业,801161.SI,电力,电力,L,20080228,6789,18.59,3.83,2.133,12.195,False,True,True,0,0,0,0,True,
002219.SZ,002219,002219,新里程,主板,深市,主板,801150.SI,医药生物,801156.SI,医疗服务,医疗服务,L,20080306,6782,18.57,2.1,0.962,9.524,False,True,True,0,0,0,0,True,
002221.SZ,002221,002221,东华能源,主板,深市,主板,801960.SI,石油石化,801963.SI,炼化及贸易,炼化及贸易,L,20080306,6782,18.57,5.61,0.538,10.714,False,True,True,0,0,0,0,True,
002222.SZ,002222,002222,福晶科技,主板,深市,主板,801080.SI,电子,801084.SI,光学光电子,光学光电子,L,20080319,6769,18.53,60.64,-2.43,10.714,False,True,True,0,0,0,0,True,
002223.SZ,002223,002223,鱼跃医疗,主板,深市,主板,801150.SI,医药生物,801153.SI,医疗器械,医疗器械,L,20080418,6739,18.45,26.27,2.337,7.692,False,True,True,0,0,0,0,True,
002224.SZ,002224,002224,三力士,主板,深市,主板,801030.SI,基础化工,801037.SI,橡胶,橡胶,L,20080425,6732,18.43,3.77,1.617,13.158,False,True,True,0,0,0,0,True,
002225.SZ,002225,002225,濮耐股份,主板,深市,主板,801710.SI,建筑材料,801713.SI,装修建材,装修建材,L,20080425,6732,18.43,3.42,0.293,8.333,False,True,True,0,0,0,0,True,
002226.SZ,002226,002226,江南化工,主板,深市,主板,801030.SI,基础化工,801034.SI,化学制品,化学制品,L,20080506,6721,18.4,5.34,10.103,15.686,False,True,True,0,0,0,0,True,
002228.SZ,002228,002228,合兴包装,主板,深市,主板,801140.SI,轻工制造,801141.SI,包装印刷,包装印刷,L,20080508,6719,18.4,3.23,0.0,6.452,False,True,True,0,0,0,0,True,
002229.SZ,002229,002229,鸿博股份,主板,深市,主板,801140.SI,轻工制造,801141.SI,包装印刷,包装印刷,L,20080508,6719,18.4,10.05,-1.567,15.455,False,True,True,0,0,0,0,True,
002230.SZ,002230,002230,科大讯飞,主板,深市,主板,801750.SI,计算机,801104.SI,软件开发,软件开发,L,20080512,6715,18.38,37.22,0.054,11.765,False,True,True,0,0,0,0,True,
002232.SZ,002232,002232,启明信息,主板,深市,主板,801750.SI,计算机,801103.SI,IT服务Ⅱ,IT服务Ⅱ,L,20080509,6718,18.39,16.48,-3.907,15.287,False,True,True,0,0,0,0,True,
002233.SZ,002233,002233,塔牌集团,主板,深市,主板,801710.SI,建筑材料,801711.SI,水泥,水泥,L,20080516,6711,18.37,6.86,2.695,21.127,False,True,True,0,0,0,0,True,
002234.SZ,002234,002234,民和股份,主板,深市,主板,801010.SI,农林牧渔,801017.SI,养殖业,养殖业,L,20080516,6711,18.37,7.92,-0.126,10.256,False,True,True,0,0,0,0,True,
002235.SZ,002235,002235,安妮股份,主板,深市,主板,801140.SI,轻工制造,801143.SI,造纸,造纸,L,20080516,6711,18.37,7.53,-1.697,13.415,False,True,True,0,0,0,0,True,
002236.SZ,002236,002236,大华股份,主板,深市,主板,801750.SI,计算机,801101.SI,计算机设备,计算机设备,L,20080520,6707,18.36,15.32,0.591,5.66,False,True,True,0,0,0,0,True,
002237.SZ,002237,002237,恒邦股份,主板,深市,主板,801050.SI,有色金属,801053.SI,贵金属,贵金属,L,20080520,6707,18.36,12.47,0.972,15.493,False,True,True,0,0,0,0,True,
002238.SZ,002238,002238,天威视讯,主板,深市,主板,801760.SI,传媒,801995.SI,电视广播Ⅱ,电视广播Ⅱ,L,20080526,6701,18.35,7.08,-5.851,29.167,False,True,True,0,0,0,0,True,
002239.SZ,002239,002239,奥特佳,主板,深市,主板,801880.SI,汽车,801093.SI,汽车零部件,汽车零部件,L,20080522,6705,18.36,2.48,0.813,8.0,False,True,True,0,0,0,0,True,
002240.SZ,002240,002240,盛新锂能,主板,深市,主板,801050.SI,有色金属,801056.SI,能源金属,能源金属,L,20080523,6704,18.35,25.01,-0.16,23.611,False,True,True,0,0,0,0,True,
002241.SZ,002241,002241,歌尔股份,主板,深市,主板,801080.SI,电子,801085.SI,消费电子,消费电子,L,20080522,6705,18.36,22.79,-0.913,10.256,False,True,True,0,0,0,0,True,
002242.SZ,002242,002242,九阳股份,主板,深市,主板,801110.SI,家用电器,801113.SI,小家电,小家电,L,20080528,6699,18.34,12.5,10.035,27.66,False,True,True,0,0,0,0,True,
002243.SZ,002243,002243,力合科创,主板,深市,主板,801210.SI,社会服务,801218.SI,专业服务,专业服务,L,20080528,6699,18.34,6.95,0.144,13.889,False,True,True,0,0,0,0,True,
002244.SZ,002244,002244,滨江集团,主板,深市,主板,801180.SI,房地产,801181.SI,房地产开发,房地产开发,L,20080529,6698,18.34,10.14,7.188,14.773,False,True,True,0,0,0,0,True,
002245.SZ,002245,002245,蔚蓝锂芯,主板,深市,主板,801730.SI,电力设备,801737.SI,电池,电池,L,20080605,6691,18.32,16.16,-0.247,9.714,False,True,True,0,0,0,0,True,
002246.SZ,002246,002246,北化股份,主板,深市,主板,801030.SI,基础化工,801034.SI,化学制品,化学制品,L,20080605,6691,18.32,25.41,1.356,20.635,False,True,True,0,0,0,0,True,
002247.SZ,002247,002247,聚力文化,主板,深市,主板,801710.SI,建筑材料,801713.SI,装修建材,装修建材,L,20080612,6684,18.3,2.48,0.0,8.333,False,True,True,0,0,0,0,True,
002248.SZ,002248,002248,华东数控,主板,深市,主板,801890.SI,机械设备,801072.SI,通用设备,通用设备,L,20080612,6684,18.3,9.16,-1.927,5.208,False,True,True,0,0,0,0,True,
002249.SZ,002249,002249,大洋电机,主板,深市,主板,801730.SI,电力设备,801731.SI,电机Ⅱ,电机Ⅱ,L,20080619,6677,18.28,6.41,0.156,14.925,False,True,True,0,0,0,0,True,
002250.SZ,002250,002250,联化科技,主板,深市,主板,801030.SI,基础化工,801038.SI,农化制品,农化制品,L,20080619,6677,18.28,14.24,2.299,13.158,False,True,True,0,0,0,0,True,
002251.SZ,002251,002251,步步高,主板,深市,主板,801200.SI,商贸零售,801203.SI,一般零售,一般零售,L,20080619,6677,18.28,3.45,1.77,11.111,False,True,True,0,0,0,0,True,
002252.SZ,002252,002252,上海莱士,主板,深市,主板,801150.SI,医药生物,801152.SI,生物制品,生物制品,L,20080623,6673,18.27,5.32,2.901,23.529,False,True,True,0,0,0,0,True,
002253.SZ,002253,002253,川大智胜,主板,深市,主板,801750.SI,计算机,801104.SI,软件开发,软件开发,L,20080623,6673,18.27,8.8,2.804,16.304,False,True,True,0,0,0,2,True,
002254.SZ,002254,002254,泰和新材,主板,深市,主板,801030.SI,基础化工,801032.SI,化学纤维,化学纤维,L,20080625,6671,18.26,11.35,-1.901,11.29,False,True,True,0,0,0,0,True,
002255.SZ,002255,002255,海陆重工,主板,深市,主板,801730.SI,电力设备,801733.SI,其他电源设备Ⅱ,其他电源设备Ⅱ,L,20080625,6671,18.26,7.26,0.0,14.474,False,True,True,0,0,0,0,True,
002256.SZ,002256,002256,兆新股份,主板,深市,主板,801160.SI,公用事业,801161.SI,电力,电力,L,20080625,6671,18.26,3.12,-0.32,9.091,False,True,True,0,0,0,0,True,
002258.SZ,002258,002258,利尔化学,主板,深市,主板,801030.SI,基础化工,801038.SI,农化制品,农化制品,L,20080708,6658,18.23,13.88,0.361,8.108,False,True,True,0,0,0,0,True,
002259.SZ,002259,002259,升达林业,主板,深市,主板,801160.SI,公用事业,801163.SI,燃气Ⅱ,燃气Ⅱ,L,20080716,6650,18.21,5.01,2.454,19.149,False,True,True,0,0,0,0,True,
002261.SZ,002261,002261,拓维信息,主板,深市,主板,801750.SI,计算机,801104.SI,软件开发,软件开发,L,20080723,6643,18.19,23.72,-1.495,9.836,False,True,True,0,0,0,0,True,
002262.SZ,002262,002262,恩华药业,主板,深市,主板,801150.SI,医药生物,801151.SI,化学制药,化学制药,L,20080723,6643,18.19,22.73,5.721,10.959,False,True,True,0,0,0,0,True,
002263.SZ,002263,002263,大东南,主板,深市,主板,801030.SI,基础化工,801036.SI,塑料,塑料,L,20080728,6638,18.17,3.19,-0.623,6.452,False,True,True,0,0,0,0,True,
002264.SZ,002264,002264,新华都,主板,深市,主板,801760.SI,传媒,801765.SI,广告营销,广告营销,L,20080731,6635,18.17,7.4,-2.246,6.667,False,True,True,0,0,0,0,True,
002265.SZ,002265,002265,建设工业,主板,深市,主板,801880.SI,汽车,801093.SI,汽车零部件,汽车零部件,L,20080806,6629,18.15,18.92,0.106,14.0,False,True,True,0,0,0,0,True,
002266.SZ,002266,002266,浙富控股,主板,深市,主板,801970.SI,环保,801971.SI,环境治理,环境治理,L,20080806,6629,18.15,4.63,1.982,10.204,False,True,True,0,0,0,0,True,
002267.SZ,002267,002267,陕天然气,主板,深市,主板,801160.SI,公用事业,801163.SI,燃气Ⅱ,燃气Ⅱ,L,20080813,6622,18.13,7.21,0.839,9.589,False,True,True,0,0,0,0,True,
002268.SZ,002268,002268,电科网安,主板,深市,主板,801750.SI,计算机,801101.SI,计算机设备,计算机设备,L,20080811,6624,18.14,14.86,-1.459,8.333,False,True,True,0,0,0,0,True,
002269.SZ,002269,002269,美邦服饰,主板,深市,主板,801130.SI,纺织服饰,801132.SI,服装家纺,服装家纺,L,20080828,6607,18.09,1.39,1.46,14.286,False,True,True,0,0,0,0,True,
002270.SZ,002270,002270,华明装备,主板,深市,主板,801730.SI,电力设备,801738.SI,电网设备,电网设备,L,20080905,6599,18.07,17.04,0.117,13.402,False,True,True,0,0,0,0,True,
002271.SZ,002271,002271,东方雨虹,主板,深市,主板,801710.SI,建筑材料,801713.SI,装修建材,装修建材,L,20080910,6594,18.05,10.61,1.726,14.815,False,True,True,0,0,0,0,True,
002272.SZ,002272,002272,川润股份,主板,深市,主板,801890.SI,机械设备,801072.SI,通用设备,通用设备,L,20080919,6585,18.03,13.99,-1.687,15.152,False,True,True,0,0,0,0,True,
002273.SZ,002273,002273,水晶光电,主板,深市,主板,801080.SI,电子,801084.SI,光学光电子,光学光电子,L,20080919,6585,18.03,24.4,3.786,9.375,False,True,True,0,0,0,0,True,
002275.SZ,002275,002275,桂林三金,主板,深市,主板,801150.SI,医药生物,801155.SI,中药Ⅱ,中药Ⅱ,L,20090710,6291,17.22,12.22,1.243,16.418,False,True,True,0,0,0,0,True,
002276.SZ,002276,002276,万马股份,主板,深市,主板,801730.SI,电力设备,801738.SI,电网设备,电网设备,L,20090710,6291,17.22,9.86,1.232,8.0,False,True,True,0,0,0,0,True,
002277.SZ,002277,002277,友阿股份,主板,深市,主板,801200.SI,商贸零售,801203.SI,一般零售,一般零售,L,20090717,6284,17.2,4.81,-0.825,18.644,False,True,True,0,0,0,0,True,
002278.SZ,002278,002278,神开股份,主板,深市,主板,801890.SI,机械设备,801074.SI,专用设备,专用设备,L,20090811,6259,17.14,7.97,-4.207,6.173,False,True,True,0,0,0,0,True,
002279.SZ,002279,002279,久其软件,主板,深市,主板,801750.SI,计算机,801104.SI,软件开发,软件开发,L,20090811,6259,17.14,6.54,-1.949,7.246,False,True,True,0,0,0,0,True,
002281.SZ,002281,002281,光迅科技,主板,深市,主板,801770.SI,通信,801102.SI,通信设备,通信设备,L,20090821,6249,17.11,164.88,-1.21,14.159,False,True,True,0,0,0,0,True,
002282.SZ,002282,002282,博深股份,主板,深市,主板,801890.SI,机械设备,801072.SI,通用设备,通用设备,L,20090821,6249,17.11,6.06,-0.493,13.333,False,True,True,0,0,0,0,True,
002283.SZ,002283,002283,天润工业,主板,深市,主板,801880.SI,汽车,801093.SI,汽车零部件,汽车零部件,L,20090821,6249,17.11,7.52,0.94,17.073,False,True,True,0,0,0,0,True,
002284.SZ,002284,002284,亚太股份,主板,深市,主板,801880.SI,汽车,801093.SI,汽车零部件,汽车零部件,L,20090828,6242,17.09,9.29,0.432,10.204,False,True,True,0,0,0,0,True,
002285.SZ,002285,002285,世联行,主板,深市,主板,801180.SI,房地产,801183.SI,房地产服务,房地产服务,L,20090828,6242,17.09,3.02,-5.919,18.75,False,True,True,0,0,0,0,True,
002286.SZ,002286,002286,保龄宝,主板,深市,主板,801010.SI,农林牧渔,801012.SI,农产品加工,农产品加工,L,20090828,6242,17.09,8.32,0.971,11.905,False,True,True,0,0,0,0,True,
002287.SZ,002287,002287,奇正藏药,主板,深市,主板,801150.SI,医药生物,801155.SI,中药Ⅱ,中药Ⅱ,L,20090828,6242,17.09,19.38,1.36,25.714,False,True,True,0,0,0,0,True,
002289.SZ,002289,002289,宇顺电子,主板,深市,主板,801080.SI,电子,801084.SI,光学光电子,光学光电子,L,20090903,6236,17.07,33.2,-1.132,20.652,False,True,True,0,0,0,2,True,
002290.SZ,002290,002290,禾盛新材,主板,深市,主板,801110.SI,家用电器,801116.SI,家电零部件Ⅱ,家电零部件Ⅱ,L,20090903,6236,17.07,68.08,-2.604,19.048,False,True,True,0,0,0,0,True,
002291.SZ,002291,002291,遥望科技,主板,深市,主板,801760.SI,传媒,801765.SI,广告营销,广告营销,L,20090903,6236,17.07,5.48,-1.968,7.143,False,True,True,0,0,0,0,True,
002292.SZ,002292,002292,奥飞娱乐,主板,深市,主板,801760.SI,传媒,801766.SI,影视院线,影视院线,L,20090910,6229,17.05,8.47,-1.051,6.977,False,True,True,0,0,0,0,True,
002293.SZ,002293,002293,罗莱生活,主板,深市,主板,801130.SI,纺织服饰,801132.SI,服装家纺,服装家纺,L,20090910,6229,17.05,10.68,0.85,14.953,False,True,True,0,0,0,0,True,
002294.SZ,002294,002294,信立泰,主板,深市,主板,801150.SI,医药生物,801151.SI,化学制药,化学制药,L,20090910,6229,17.05,30.66,2.371,14.894,False,True,True,0,0,0,0,True,
002295.SZ,002295,002295,精艺股份,主板,深市,主板,801050.SI,有色金属,801055.SI,工业金属,工业金属,L,20090929,6210,17.0,9.77,-0.913,9.091,False,True,True,0,0,0,0,True,
002296.SZ,002296,002296,辉煌科技,主板,深市,主板,801770.SI,通信,801102.SI,通信设备,通信设备,L,20090929,6210,17.0,9.42,-1.67,6.452,False,True,True,0,0,0,0,True,
002297.SZ,002297,002297,博云新材,主板,深市,主板,801740.SI,国防军工,801742.SI,航空装备Ⅱ,航空装备Ⅱ,L,20090929,6210,17.0,19.7,-2.233,10.945,False,True,True,0,0,0,0,True,
002298.SZ,002298,002298,中电鑫龙,主板,深市,主板,801750.SI,计算机,801104.SI,软件开发,软件开发,L,20090929,6210,17.0,8.76,-3.097,6.897,False,True,True,0,0,0,0,True,
002299.SZ,002299,002299,圣农发展,主板,深市,主板,801010.SI,农林牧渔,801017.SI,养殖业,养殖业,L,20091021,6188,16.94,15.6,0.58,11.111,False,True,True,0,0,0,0,True,
002300.SZ,002300,002300,太阳电缆,主板,深市,主板,801730.SI,电力设备,801738.SI,电网设备,电网设备,L,20091021,6188,16.94,7.68,-1.158,10.0,False,True,True,0,0,0,0,True,
002301.SZ,002301,002301,齐心集团,主板,深市,主板,801140.SI,轻工制造,801145.SI,文娱用品,文娱用品,L,20091021,6188,16.94,8.56,-2.948,16.867,False,True,True,0,0,0,0,True,
002302.SZ,002302,002302,西部建设,主板,深市,主板,801710.SI,建筑材料,801711.SI,水泥,水泥,L,20091103,6175,16.91,4.72,0.64,29.167,False,True,True,0,0,0,0,True,
002303.SZ,002303,002303,美盈森,主板,深市,主板,801140.SI,轻工制造,801141.SI,包装印刷,包装印刷,L,20091103,6175,16.91,6.8,1.492,13.846,False,True,True,0,0,0,0,True,
002304.SZ,002304,002304,洋河股份,主板,深市,主板,801120.SI,食品饮料,801125.SI,白酒Ⅱ,白酒Ⅱ,L,20091106,6172,16.9,37.25,0.949,80.0,False,True,True,0,0,0,0,True,
002307.SZ,002307,002307,北新路桥,主板,深市,主板,801720.SI,建筑装饰,801723.SI,基础建设,基础建设,L,20091111,6167,16.88,2.97,0.678,6.667,False,True,True,0,0,0,0,True,
002309.SZ,002309,002309,中利集团,主板,深市,主板,801730.SI,电力设备,801738.SI,电网设备,电网设备,L,20091127,6151,16.84,2.79,-0.357,13.333,False,True,True,0,0,0,0,True,
002310.SZ,002310,002310,东方新能,主板,深市,主板,801720.SI,建筑装饰,801723.SI,基础建设,基础建设,L,20091127,6151,16.84,2.23,-0.889,9.091,False,True,True,0,0,0,0,True,
002311.SZ,002311,002311,海大集团,主板,深市,主板,801010.SI,农林牧渔,801014.SI,饲料,饲料,L,20091127,6151,16.84,42.0,1.942,21.053,False,True,True,0,0,0,0,True,
002312.SZ,002312,002312,川发龙蟒,主板,深市,主板,801030.SI,基础化工,801038.SI,农化制品,农化制品,L,20091203,6145,16.82,8.16,0.617,15.116,False,True,True,0,0,0,0,True,
002313.SZ,002313,002313,日海智能,主板,深市,主板,801770.SI,通信,801102.SI,通信设备,通信设备,L,20091203,6145,16.82,8.76,-1.904,11.364,False,True,True,0,0,0,0,True,
002314.SZ,002314,002314,南山控股,主板,深市,主板,801180.SI,房地产,801181.SI,房地产开发,房地产开发,L,20091203,6145,16.82,2.43,2.532,13.636,False,True,True,0,0,0,0,True,
002315.SZ,002315,002315,焦点科技,主板,深市,主板,801200.SI,商贸零售,801206.SI,互联网电商,互联网电商,L,20091209,6139,16.81,24.81,-0.521,6.349,False,True,True,0,0,0,0,True,
002316.SZ,002316,002316,亚联发展,主板,深市,主板,801790.SI,非银金融,801191.SI,多元金融,多元金融,L,20091209,6139,16.81,4.95,10.0,9.091,False,True,True,0,0,0,0,True,
002317.SZ,002317,002317,众生药业,主板,深市,主板,801150.SI,医药生物,801155.SI,中药Ⅱ,中药Ⅱ,L,20091211,6137,16.8,24.03,5.441,15.2,False,True,True,0,0,0,0,True,
002318.SZ,002318,002318,久立特材,主板,深市,主板,801040.SI,钢铁,801045.SI,特钢Ⅱ,特钢Ⅱ,L,20091211,6137,16.8,17.83,1.769,28.788,False,True,True,0,0,0,0,True,
002319.SZ,002319,002319,乐通股份,主板,深市,主板,801030.SI,基础化工,801034.SI,化学制品,化学制品,L,20091211,6137,16.8,10.14,-0.295,8.824,False,True,True,0,0,0,0,True,
002320.SZ,002320,002320,海峡股份,主板,深市,主板,801170.SI,交通运输,801992.SI,航运港口,航运港口,L,20091216,6132,16.79,6.33,0.957,19.118,False,True,True,0,0,0,0,True,
002321.SZ,002321,002321,华英农业,主板,深市,主板,801010.SI,农林牧渔,801017.SI,养殖业,养殖业,L,20091216,6132,16.79,2.04,-1.923,9.524,False,True,True,0,0,0,0,True,
002322.SZ,002322,002322,理工能科,主板,深市,主板,801750.SI,计算机,801104.SI,软件开发,软件开发,L,20091218,6130,16.78,11.86,-0.252,10.0,False,True,True,0,0,0,0,True,
002324.SZ,002324,002324,普利特,主板,深市,主板,801030.SI,基础化工,801036.SI,塑料,塑料,L,20091218,6130,16.78,8.78,-0.791,6.522,False,True,True,0,0,0,0,True,
002326.SZ,002326,002326,永太科技,主板,深市,主板,801030.SI,基础化工,801034.SI,化学制品,化学制品,L,20091222,6126,16.77,16.47,1.918,17.877,False,True,True,0,0,0,0,True,
002327.SZ,002327,002327,富安娜,主板,深市,主板,801130.SI,纺织服饰,801132.SI,服装家纺,服装家纺,L,20091230,6118,16.75,6.13,0.492,9.375,False,True,True,0,0,0,0,True,
002328.SZ,002328,002328,新朋股份,主板,深市,主板,801880.SI,汽车,801093.SI,汽车零部件,汽车零部件,L,20091230,6118,16.75,8.11,-1.816,9.302,False,True,True,0,0,0,0,True,
002329.SZ,002329,002329,皇氏集团,主板,深市,主板,801120.SI,食品饮料,801127.SI,饮料乳品,饮料乳品,L,20100106,6111,16.73,3.71,1.366,11.111,False,True,True,0,0,0,0,True,
002330.SZ,002330,002330,得利斯,主板,深市,主板,801120.SI,食品饮料,801124.SI,食品加工,食品加工,L,20100106,6111,16.73,4.11,0.0,9.756,False,True,True,0,0,0,0,True,
002331.SZ,002331,002331,皖通科技,主板,深市,主板,801750.SI,计算机,801103.SI,IT服务Ⅱ,IT服务Ⅱ,L,20100106,6111,16.73,6.85,-2.699,8.696,False,True,True,0,0,0,0,True,
002332.SZ,002332,002332,仙琚制药,主板,深市,主板,801150.SI,医药生物,801151.SI,化学制药,化学制药,L,20100112,6105,16.71,8.64,0.699,4.706,False,True,True,0,0,0,0,True,
002333.SZ,002333,002333,罗普斯金,主板,深市,主板,801710.SI,建筑材料,801713.SI,装修建材,装修建材,L,20100112,6105,16.71,5.47,-0.906,10.909,False,True,True,0,0,0,0,True,
002334.SZ,002334,002334,英威腾,主板,深市,主板,801890.SI,机械设备,801078.SI,自动化设备,自动化设备,L,20100113,6104,16.71,6.39,-0.467,7.576,False,True,True,0,0,0,0,True,
002335.SZ,002335,002335,科华数据,主板,深市,主板,801730.SI,电力设备,801733.SI,其他电源设备Ⅱ,其他电源设备Ⅱ,L,20100113,6104,16.71,29.93,-2.667,7.895,False,True,True,0,0,0,0,True,
002337.SZ,002337,002337,赛象科技,主板,深市,主板,801890.SI,机械设备,801074.SI,专用设备,专用设备,L,20100115,6102,16.71,4.73,-0.839,8.696,False,True,True,0,0,0,0,True,
002338.SZ,002338,002338,奥普光电,主板,深市,主板,801740.SI,国防军工,801745.SI,军工电子Ⅱ,军工电子Ⅱ,L,20100115,6102,16.71,41.91,-2.919,12.037,False,True,True,0,0,0,0,True,
002339.SZ,002339,002339,积成电子,主板,深市,主板,801730.SI,电力设备,801738.SI,电网设备,电网设备,L,20100122,6095,16.69,7.15,1.275,12.0,False,True,True,0,0,0,0,True,
002340.SZ,002340,002340,格林美,主板,深市,主板,801730.SI,电力设备,801737.SI,电池,电池,L,20100122,6095,16.69,6.11,1.159,9.231,False,True,True,0,0,0,0,True,
002342.SZ,002342,002342,巨力索具,主板,深市,主板,801890.SI,机械设备,801072.SI,通用设备,通用设备,L,20100126,6091,16.68,8.25,-2.367,9.524,False,True,True,0,0,0,0,True,
002343.SZ,002343,002343,慈文传媒,主板,深市,主板,801760.SI,传媒,801766.SI,影视院线,影视院线,L,20100126,6091,16.68,5.64,-1.399,7.018,False,True,True,0,0,0,0,True,
002344.SZ,002344,002344,海宁皮城,主板,深市,主板,801200.SI,商贸零售,801203.SI,一般零售,一般零售,L,20100126,6091,16.68,4.02,0.5,15.385,False,True,True,0,0,0,0,True,
002345.SZ,002345,002345,潮宏基,主板,深市,主板,801130.SI,纺织服饰,801133.SI,饰品,饰品,L,20100128,6089,16.67,8.3,2.343,15.957,False,True,True,0,0,0,0,True,
002346.SZ,002346,002346,柘中股份,主板,深市,主板,801730.SI,电力设备,801738.SI,电网设备,电网设备,L,20100128,6089,16.67,17.81,-0.503,35.417,False,True,True,0,0,0,0,True,
002347.SZ,002347,002347,泰尔股份,主板,深市,主板,801890.SI,机械设备,801072.SI,通用设备,通用设备,L,20100128,6089,16.67,6.39,-3.182,9.375,False,True,True,0,0,0,0,True,
002348.SZ,002348,002348,高乐股份,主板,深市,主板,801140.SI,轻工制造,801145.SI,文娱用品,文娱用品,L,20100203,6083,16.65,10.65,-0.281,16.364,False,True,True,0,0,0,0,True,
002349.SZ,002349,002349,精华制药,主板,深市,主板,801150.SI,医药生物,801155.SI,中药Ⅱ,中药Ⅱ,L,20100203,6083,16.65,8.55,2.151,7.143,False,True,True,0,0,0,0,True,
002350.SZ,002350,002350,北京科锐,主板,深市,主板,801730.SI,电力设备,801738.SI,电网设备,电网设备,L,20100203,6083,16.65,13.43,-0.149,8.904,False,True,True,0,0,0,0,True,
002351.SZ,002351,002351,漫步者,主板,深市,主板,801080.SI,电子,801085.SI,消费电子,消费电子,L,20100205,6081,16.65,9.84,-0.304,6.0,False,True,True,0,0,0,0,True,
002352.SZ,002352,002352,顺丰控股,主板,深市,主板,801170.SI,交通运输,801178.SI,物流,物流,L,20100205,6081,16.65,30.67,0.524,25.806,False,True,True,0,0,0,0,True,
002353.SZ,002353,002353,杰瑞股份,主板,深市,主板,801890.SI,机械设备,801074.SI,专用设备,专用设备,L,20100205,6081,16.65,110.22,0.401,24.658,False,True,True,0,0,0,0,True,
002354.SZ,002354,002354,天娱数科,主板,深市,主板,801760.SI,传媒,801765.SI,广告营销,广告营销,L,20100209,6077,16.64,7.16,-1.105,8.0,False,True,True,0,0,0,0,True,
002355.SZ,002355,002355,兴民智通,主板,深市,主板,801880.SI,汽车,801093.SI,汽车零部件,汽车零部件,L,20100209,6077,16.64,4.61,-0.216,8.333,False,True,True,0,0,0,0,True,
002356.SZ,002356,002356,鹏飞绿能,主板,深市,主板,801200.SI,商贸零售,801203.SI,一般零售,一般零售,L,20100209,6077,16.64,2.69,1.509,15.385,False,True,True,0,0,0,0,True,
002357.SZ,002357,002357,富临运业,主板,深市,主板,801170.SI,交通运输,801179.SI,铁路公路,铁路公路,L,20100210,6076,16.64,11.5,-0.691,13.559,False,True,True,0,0,0,0,True,
002358.SZ,002358,002358,森源电气,主板,深市,主板,801730.SI,电力设备,801738.SI,电网设备,电网设备,L,20100210,6076,16.64,5.13,0.0,9.259,False,True,True,0,0,0,0,True,
002361.SZ,002361,002361,神剑股份,主板,深市,主板,801030.SI,基础化工,801036.SI,塑料,塑料,L,20100303,6055,16.58,9.58,-2.145,6.931,False,True,True,0,0,0,0,True,
002362.SZ,002362,002362,汉王科技,主板,深市,主板,801750.SI,计算机,801104.SI,软件开发,软件开发,L,20100303,6055,16.58,15.77,-0.316,7.317,False,True,True,0,0,0,0,True,
002363.SZ,002363,002363,隆基机械,主板,深市,主板,801880.SI,汽车,801093.SI,汽车零部件,汽车零部件,L,20100305,6053,16.57,6.95,-0.43,13.636,False,True,True,0,0,0,0,True,
002364.SZ,002364,002364,中恒电气,主板,深市,主板,801730.SI,电力设备,801733.SI,其他电源设备Ⅱ,其他电源设备Ⅱ,L,20100305,6053,16.57,32.14,-2.012,10.0,False,True,True,0,0,0,0,True,
002365.SZ,002365,002365,永安药业,主板,深市,主板,801150.SI,医药生物,801151.SI,化学制药,化学制药,L,20100305,6053,16.57,13.48,3.692,9.353,False,True,True,0,0,0,0,True,
002366.SZ,002366,002366,融发核电,主板,深市,主板,801730.SI,电力设备,801733.SI,其他电源设备Ⅱ,其他电源设备Ⅱ,L,20100312,6046,16.55,5.49,0.366,13.333,False,True,True,0,0,0,0,True,
002367.SZ,002367,002367,康力电梯,主板,深市,主板,801890.SI,机械设备,801074.SI,专用设备,专用设备,L,20100312,6046,16.55,6.06,-1.783,11.667,False,True,True,0,0,0,0,True,
002368.SZ,002368,002368,太极股份,主板,深市,主板,801750.SI,计算机,801103.SI,IT服务Ⅱ,IT服务Ⅱ,L,20100312,6046,16.55,12.62,-0.786,11.429,False,True,True,0,0,0,0,True,
002369.SZ,002369,002369,卓翼科技,主板,深市,主板,801080.SI,电子,801085.SI,消费电子,消费电子,L,20100316,6042,16.54,5.56,-0.714,11.864,False,True,True,0,0,0,0,True,
002370.SZ,002370,002370,亚太药业,主板,深市,主板,801150.SI,医药生物,801151.SI,化学制药,化学制药,L,20100316,6042,16.54,5.16,1.177,14.815,False,True,True,0,0,0,0,True,
002371.SZ,002371,002371,北方华创,主板,深市,主板,801080.SI,电子,801081.SI,半导体,半导体,L,20100316,6042,16.54,615.97,-2.065,25.688,False,True,True,0,0,0,0,True,
002372.SZ,002372,002372,伟星新材,主板,深市,主板,801710.SI,建筑材料,801713.SI,装修建材,装修建材,L,20100318,6040,16.54,8.74,5.683,27.907,False,True,True,0,0,0,0,True,
002373.SZ,002373,002373,千方科技,主板,深市,主板,801750.SI,计算机,801103.SI,IT服务Ⅱ,IT服务Ⅱ,L,20100318,6040,16.54,7.35,-0.271,10.526,False,True,True,0,0,0,0,True,
002374.SZ,002374,002374,中锐股份,主板,深市,主板,801140.SI,轻工制造,801141.SI,包装印刷,包装印刷,L,20100318,6040,16.54,3.36,1.818,9.677,False,True,True,0,0,0,0,True,
002375.SZ,002375,002375,亚厦股份,主板,深市,主板,801720.SI,建筑装饰,801722.SI,装修装饰Ⅱ,装修装饰Ⅱ,L,20100323,6035,16.52,3.92,1.554,16.667,False,True,True,0,0,0,0,True,
002376.SZ,002376,002376,新北洋,主板,深市,主板,801750.SI,计算机,801101.SI,计算机设备,计算机设备,L,20100323,6035,16.52,6.55,-0.607,6.061,False,True,True,0,0,0,0,True,
002377.SZ,002377,002377,国创高新,主板,深市,主板,801960.SI,石油石化,801963.SI,炼化及贸易,炼化及贸易,L,20100323,6035,16.52,2.96,1.024,10.0,False,True,True,0,0,0,0,True,
002378.SZ,002378,002378,章源钨业,主板,深市,主板,801050.SI,有色金属,801054.SI,小金属,小金属,L,20100331,6027,16.5,21.13,-0.705,14.754,False,True,True,0,0,0,0,True,
002379.SZ,002379,002379,宏桥控股,主板,深市,主板,801050.SI,有色金属,801055.SI,工业金属,工业金属,L,20100331,6027,16.5,16.28,-0.123,14.444,False,True,True,0,0,0,0,True,
002380.SZ,002380,002380,科远智慧,主板,深市,主板,801750.SI,计算机,801103.SI,IT服务Ⅱ,IT服务Ⅱ,L,20100331,6027,16.5,26.29,-2.086,10.294,False,True,True,0,0,0,0,True,
002381.SZ,002381,002381,双箭股份,主板,深市,主板,801030.SI,基础化工,801037.SI,橡胶,橡胶,L,20100402,6025,16.5,5.64,-0.177,7.273,False,True,True,0,0,0,0,True,
002382.SZ,002382,002382,蓝帆医疗,主板,深市,主板,801150.SI,医药生物,801153.SI,医疗器械,医疗器械,L,20100402,6025,16.5,6.32,3.607,10.0,False,True,True,0,0,0,0,True,
002383.SZ,002383,002383,合众思壮,主板,深市,主板,801740.SI,国防军工,801745.SI,军工电子Ⅱ,军工电子Ⅱ,L,20100402,6025,16.5,7.68,-4.95,8.861,False,True,True,0,0,0,0,True,
002384.SZ,002384,002384,东山精密,主板,深市,主板,801080.SI,电子,801083.SI,元件,元件,L,20100409,6018,16.48,167.4,-2.225,13.274,False,True,True,0,0,0,0,True,
002385.SZ,002385,002385,大北农,主板,深市,主板,801010.SI,农林牧渔,801014.SI,饲料,饲料,L,20100409,6018,16.48,3.1,0.977,12.121,False,True,True,0,0,0,0,True,
002386.SZ,002386,002386,天原股份,主板,深市,主板,801030.SI,基础化工,801033.SI,化学原料,化学原料,L,20100409,6018,16.48,5.85,1.036,6.78,False,True,True,0,0,0,0,True,
002387.SZ,002387,002387,维信诺,主板,深市,主板,801080.SI,电子,801084.SI,光学光电子,光学光电子,L,20100413,6014,16.47,6.7,1.056,22.222,False,True,True,0,0,0,0,True,
002388.SZ,002388,002388,新亚制程,主板,深市,主板,801080.SI,电子,801082.SI,其他电子Ⅱ,其他电子Ⅱ,L,20100413,6014,16.47,9.1,10.036,13.095,False,True,True,0,0,0,0,True,
002389.SZ,002389,002389,航天彩虹,主板,深市,主板,801740.SI,国防军工,801742.SI,航空装备Ⅱ,航空装备Ⅱ,L,20100413,6014,16.47,18.11,1.004,8.511,False,True,True,0,0,0,0,True,
002390.SZ,002390,002390,信邦制药,主板,深市,主板,801150.SI,医药生物,801155.SI,中药Ⅱ,中药Ⅱ,L,20100416,6011,16.46,2.96,1.37,7.143,False,True,True,0,0,0,0,True,
002391.SZ,002391,002391,长青股份,主板,深市,主板,801030.SI,基础化工,801038.SI,农化制品,农化制品,L,20100416,6011,16.46,5.14,0.587,5.769,False,True,True,0,0,0,0,True,
002392.SZ,002392,002392,北京利尔,主板,深市,主板,801710.SI,建筑材料,801713.SI,装修建材,装修建材,L,20100423,6004,16.44,7.42,0.135,14.286,False,True,True,0,0,0,0,True,
002393.SZ,002393,002393,力生制药,主板,深市,主板,801150.SI,医药生物,801151.SI,化学制药,化学制药,L,20100423,6004,16.44,14.08,1.514,16.667,False,True,True,0,0,0,0,True,
002394.SZ,002394,002394,联发股份,主板,深市,主板,801130.SI,纺织服饰,801131.SI,纺织制造,纺织制造,L,20100423,6004,16.44,10.15,-4.155,15.534,False,True,True,0,0,0,0,True,
002395.SZ,002395,002395,双象股份,主板,深市,主板,801030.SI,基础化工,801036.SI,塑料,塑料,L,20100429,5998,16.42,13.6,-0.585,14.925,False,True,True,0,0,0,0,True,
002396.SZ,002396,002396,星网锐捷,主板,深市,主板,801770.SI,通信,801102.SI,通信设备,通信设备,L,20100623,5943,16.27,32.6,-0.791,14.634,False,True,True,0,0,0,0,True,
002397.SZ,002397,002397,梦洁股份,主板,深市,主板,801130.SI,纺织服饰,801132.SI,服装家纺,服装家纺,L,20100429,5998,16.42,3.59,-0.829,8.333,False,True,True,0,0,0,0,True,
002398.SZ,002398,002398,垒知集团,主板,深市,主板,801710.SI,建筑材料,801713.SI,装修建材,装修建材,L,20100506,5991,16.4,4.26,-0.234,7.143,False,True,True,0,0,0,0,True,
002399.SZ,002399,002399,海普瑞,主板,深市,主板,801150.SI,医药生物,801151.SI,化学制药,化学制药,L,20100506,5991,16.4,9.85,2.497,23.077,False,True,True,0,0,0,0,True,
002400.SZ,002400,002400,省广集团,主板,深市,主板,801760.SI,传媒,801765.SI,广告营销,广告营销,L,20100506,5991,16.4,6.36,-1.852,6.061,False,True,True,0,0,0,0,True,
002401.SZ,002401,002401,中远海科,主板,深市,主板,801750.SI,计算机,801103.SI,IT服务Ⅱ,IT服务Ⅱ,L,20100506,5991,16.4,12.06,-0.166,10.0,False,True,True,0,0,0,0,True,
002402.SZ,002402,002402,和而泰,主板,深市,主板,801080.SI,电子,801085.SI,消费电子,消费电子,L,20100511,5986,16.39,17.62,-1.067,12.903,False,True,True,0,0,0,0,True,
002403.SZ,002403,002403,爱仕达,主板,深市,主板,801110.SI,家用电器,801113.SI,小家电,小家电,L,20100511,5986,16.39,10.18,-0.489,8.824,False,True,True,0,0,0,0,True,
002404.SZ,002404,002404,嘉欣丝绸,主板,深市,主板,801130.SI,纺织服饰,801132.SI,服装家纺,服装家纺,L,20100511,5986,16.39,5.79,-0.856,5.172,False,True,True,0,0,0,0,True,
002405.SZ,002405,002405,四维图新,主板,深市,主板,801750.SI,计算机,801104.SI,软件开发,软件开发,L,20100518,5979,16.37,5.91,0.0,12.5,False,True,True,0,0,0,0,True,
002406.SZ,002406,002406,远东传动,主板,深市,主板,801880.SI,汽车,801093.SI,汽车零部件,汽车零部件,L,20100518,5979,16.37,6.42,0.0,6.061,False,True,True,0,0,0,0,True,
002407.SZ,002407,002407,多氟多,主板,深市,主板,801030.SI,基础化工,801034.SI,化学制品,化学制品,L,20100518,5979,16.37,29.49,-0.974,11.043,False,True,True,0,0,0,0,True,
002408.SZ,002408,002408,齐翔腾达,主板,深市,主板,801960.SI,石油石化,801963.SI,炼化及贸易,炼化及贸易,L,20100518,5979,16.37,5.22,2.554,15.094,False,True,True,0,0,0,0,True,
002409.SZ,002409,002409,雅克科技,主板,深市,主板,801080.SI,电子,801081.SI,半导体,半导体,L,20100525,5972,16.35,121.0,-2.85,9.821,False,True,True,0,0,0,0,True,
002410.SZ,002410,002410,广联达,主板,深市,主板,801750.SI,计算机,801104.SI,软件开发,软件开发,L,20100525,5972,16.35,8.54,0.946,13.636,False,True,True,0,0,0,0,True,
002412.SZ,002412,002412,汉森制药,主板,深市,主板,801150.SI,医药生物,801155.SI,中药Ⅱ,中药Ⅱ,L,20100525,5972,16.35,9.07,2.834,6.522,False,True,True,0,0,0,0,True,
002413.SZ,002413,002413,雷科防务,主板,深市,主板,801740.SI,国防军工,801745.SI,军工电子Ⅱ,军工电子Ⅱ,L,20100528,5969,16.34,8.61,-1.936,9.091,False,True,True,0,0,0,0,True,
002414.SZ,002414,002414,高德红外,主板,深市,主板,801740.SI,国防军工,801745.SI,军工电子Ⅱ,军工电子Ⅱ,L,20100716,5920,16.21,11.18,-0.799,13.281,False,True,True,0,0,0,0,True,
002415.SZ,002415,002415,海康威视,主板,深市,主板,801750.SI,计算机,801101.SI,计算机设备,计算机设备,L,20100528,5969,16.34,32.46,1.09,14.286,False,True,True,0,0,0,0,True,
002416.SZ,002416,002416,爱施德,主板,深市,主板,801200.SI,商贸零售,801204.SI,专业连锁Ⅱ,专业连锁Ⅱ,L,20100528,5969,16.34,8.98,0.899,11.579,False,True,True,0,0,0,0,True,
002418.SZ,002418,002418,康盛股份,主板,深市,主板,801110.SI,家用电器,801116.SI,家电零部件Ⅱ,家电零部件Ⅱ,L,20100601,5965,16.33,4.37,0.229,8.889,False,True,True,0,0,0,0,True,
002419.SZ,002419,002419,天虹股份,主板,深市,主板,801200.SI,商贸零售,801203.SI,一般零售,一般零售,L,20100601,5965,16.33,5.09,9.935,10.638,False,True,True,0,0,0,0,True,
002420.SZ,002420,002420,毅昌科技,主板,深市,主板,801110.SI,家用电器,801116.SI,家电零部件Ⅱ,家电零部件Ⅱ,L,20100601,5965,16.33,6.09,-0.164,11.667,False,True,True,0,0,0,0,True,
002421.SZ,002421,002421,达实智能,主板,深市,主板,801750.SI,计算机,801103.SI,IT服务Ⅱ,IT服务Ⅱ,L,20100603,5963,16.33,3.17,-1.246,6.25,False,True,True,0,0,0,0,True,
002422.SZ,002422,002422,科伦药业,主板,深市,主板,801150.SI,医药生物,801151.SI,化学制药,化学制药,L,20100603,5963,16.33,40.85,4.156,16.19,False,True,True,0,0,0,0,True,
002423.SZ,002423,002423,中粮资本,主板,深市,主板,801790.SI,非银金融,801191.SI,多元金融,多元金融,L,20100603,5963,16.33,9.14,0.329,20.0,False,True,True,0,0,0,0,True,
002425.SZ,002425,002425,凯撒文化,主板,深市,主板,801760.SI,传媒,801764.SI,游戏Ⅱ,游戏Ⅱ,L,20100608,5958,16.31,3.09,-0.962,12.5,False,True,True,0,0,0,0,True,
002426.SZ,002426,002426,胜利精密,主板,深市,主板,801080.SI,电子,801085.SI,消费电子,消费电子,L,20100608,5958,16.31,2.56,-3.396,11.111,False,True,True,0,0,0,0,True,
002427.SZ,002427,002427,尤夫股份,主板,深市,主板,801030.SI,基础化工,801032.SI,化学纤维,化学纤维,L,20100608,5958,16.31,4.52,-0.221,12.5,False,True,True,0,0,0,0,True,
002428.SZ,002428,002428,云南锗业,主板,深市,主板,801050.SI,有色金属,801054.SI,小金属,小金属,L,20100608,5958,16.31,86.87,-0.333,8.621,False,True,True,0,0,0,0,True,
002429.SZ,002429,002429,兆驰股份,主板,深市,主板,801110.SI,家用电器,801112.SI,黑色家电,黑色家电,L,20100610,5956,16.31,7.92,-2.703,32.927,False,True,True,0,0,0,0,True,
002430.SZ,002430,002430,杭氧股份,主板,深市,主板,801030.SI,基础化工,801034.SI,化学制品,化学制品,L,20100610,5956,16.31,25.04,4.247,14.062,False,True,True,0,0,0,0,True,
002432.SZ,002432,002432,九安医疗,主板,深市,主板,801150.SI,医药生物,801153.SI,医疗器械,医疗器械,L,20100610,5956,16.31,60.39,0.083,12.676,False,True,True,0,0,0,0,True,
002434.SZ,002434,002434,万里扬,主板,深市,主板,801880.SI,汽车,801093.SI,汽车零部件,汽车零部件,L,20100618,5948,16.28,6.17,0.162,16.949,False,True,True,0,0,0,0,True,
002436.SZ,002436,002436,兴森科技,主板,深市,主板,801080.SI,电子,801083.SI,元件,元件,L,20100618,5948,16.28,40.94,-2.986,12.264,False,True,True,0,0,0,0,True,
002437.SZ,002437,002437,誉衡药业,主板,深市,主板,801150.SI,医药生物,801151.SI,化学制药,化学制药,L,20100623,5943,16.27,3.65,5.187,8.333,False,True,True,0,0,0,0,True,
002438.SZ,002438,002438,江苏神通,主板,深市,主板,801890.SI,机械设备,801072.SI,通用设备,通用设备,L,20100623,5943,16.27,13.68,0.22,9.353,False,True,True,0,0,0,0,True,
002439.SZ,002439,002439,启明星辰,主板,深市,主板,801750.SI,计算机,801104.SI,软件开发,软件开发,L,20100623,5943,16.27,14.68,-1.74,11.429,False,True,True,0,0,0,0,True,
002440.SZ,002440,002440,闰土股份,主板,深市,主板,801030.SI,基础化工,801034.SI,化学制品,化学制品,L,20100706,5930,16.24,13.26,2.079,12.5,False,True,True,0,0,0,0,True,
002441.SZ,002441,002441,众业达,主板,深市,主板,801730.SI,电力设备,801738.SI,电网设备,电网设备,L,20100706,5930,16.24,8.25,0.0,8.75,False,True,True,0,0,0,0,True,
002442.SZ,002442,002442,龙星科技,主板,深市,主板,801030.SI,基础化工,801037.SI,橡胶,橡胶,L,20100706,5930,16.24,5.35,0.564,9.091,False,True,True,0,0,0,0,True,
002443.SZ,002443,002443,金洲管道,主板,深市,主板,801040.SI,钢铁,801045.SI,特钢Ⅱ,特钢Ⅱ,L,20100706,5930,16.24,12.67,-1.401,15.625,False,True,True,0,0,0,0,True,
002444.SZ,002444,002444,巨星科技,主板,深市,主板,801890.SI,机械设备,801072.SI,通用设备,通用设备,L,20100713,5923,16.22,26.84,0.978,12.162,False,True,True,0,0,0,0,True,
002446.SZ,002446,002446,盛路通信,主板,深市,主板,801740.SI,国防军工,801745.SI,军工电子Ⅱ,军工电子Ⅱ,L,20100713,5923,16.22,7.58,-2.067,9.756,False,True,True,0,0,0,0,True,
002448.SZ,002448,002448,中原内配,主板,深市,主板,801880.SI,汽车,801093.SI,汽车零部件,汽车零部件,L,20100716,5920,16.21,10.9,1.207,11.017,False,True,True,0,0,0,0,True,
002449.SZ,002449,002449,国星光电,主板,深市,主板,801080.SI,电子,801084.SI,光学光电子,光学光电子,L,20100716,5920,16.21,6.55,0.306,6.154,False,True,True,0,0,0,0,True,
002451.SZ,002451,002451,摩恩电气,主板,深市,主板,801730.SI,电力设备,801738.SI,电网设备,电网设备,L,20100720,5916,16.2,7.69,2.261,6.494,False,True,True,0,0,0,0,True,
002452.SZ,002452,002452,长高电气,主板,深市,主板,801730.SI,电力设备,801738.SI,电网设备,电网设备,L,20100720,5916,16.2,11.37,0.176,7.692,False,True,True,0,0,0,0,True,
002453.SZ,002453,002453,华软科技,主板,深市,主板,801030.SI,基础化工,801034.SI,化学制品,化学制品,L,20100720,5916,16.2,4.79,1.483,16.327,False,True,True,0,0,0,0,True,
002454.SZ,002454,002454,松芝股份,主板,深市,主板,801880.SI,汽车,801093.SI,汽车零部件,汽车零部件,L,20100720,5916,16.2,5.61,10.0,13.725,False,True,True,0,0,0,0,True,
002455.SZ,002455,002455,百川股份,主板,深市,主板,801030.SI,基础化工,801034.SI,化学制品,化学制品,L,20100803,5902,16.16,6.8,0.0,15.493,False,True,True,0,0,0,0,True,
002456.SZ,002456,002456,欧菲光,主板,深市,主板,801080.SI,电子,801084.SI,光学光电子,光学光电子,L,20100803,5902,16.16,6.49,0.154,17.143,False,True,True,0,0,0,0,True,
002457.SZ,002457,002457,青龙管业,主板,深市,主板,801710.SI,建筑材料,801713.SI,装修建材,装修建材,L,20100803,5902,16.16,11.31,1.8,9.649,False,True,True,0,0,0,0,True,
002458.SZ,002458,002458,益生股份,主板,深市,主板,801010.SI,农林牧渔,801017.SI,养殖业,养殖业,L,20100810,5895,16.14,8.09,0.497,12.5,False,True,True,0,0,0,0,True,
002459.SZ,002459,002459,晶澳科技,主板,深市,主板,801730.SI,电力设备,801735.SI,光伏设备,光伏设备,L,20100810,5895,16.14,6.74,2.121,22.222,False,True,True,0,0,0,0,True,
002460.SZ,002460,002460,赣锋锂业,主板,深市,主板,801050.SI,有色金属,801056.SI,能源金属,能源金属,L,20100810,5895,16.14,43.43,0.115,21.875,False,True,True,0,0,0,0,True,
002461.SZ,002461,002461,珠江啤酒,主板,深市,主板,801120.SI,食品饮料,801126.SI,非白酒,非白酒,L,20100818,5887,16.12,8.39,0.963,18.681,False,True,True,0,0,0,0,True,
002462.SZ,002462,002462,嘉事堂,主板,深市,主板,801150.SI,医药生物,801154.SI,医药商业,医药商业,L,20100818,5887,16.12,12.26,0.657,11.475,False,True,True,0,0,0,0,True,
002463.SZ,002463,002463,沪电股份,主板,深市,主板,801080.SI,电子,801083.SI,元件,元件,L,20100818,5887,16.12,115.93,-2.637,9.091,False,True,True,0,0,0,0,True,
002465.SZ,002465,002465,海格通信,主板,深市,主板,801740.SI,国防军工,801745.SI,军工电子Ⅱ,军工电子Ⅱ,L,20100831,5874,16.08,9.89,-1.1,7.843,False,True,True,0,0,0,0,True,
002466.SZ,002466,002466,天齐锂业,主板,深市,主板,801050.SI,有色金属,801056.SI,能源金属,能源金属,L,20100831,5874,16.08,40.25,-0.74,17.544,False,True,True,0,0,0,0,True,
002467.SZ,002467,002467,二六三,主板,深市,主板,801770.SI,通信,801223.SI,通信服务,通信服务,L,20100908,5866,16.06,4.88,-3.557,8.163,False,True,True,0,0,0,0,True,
002468.SZ,002468,002468,申通快递,主板,深市,主板,801170.SI,交通运输,801178.SI,物流,物流,L,20100908,5866,16.06,14.6,-0.613,13.889,False,True,True,0,0,0,0,True,
002469.SZ,002469,002469,三维化学,主板,深市,主板,801720.SI,建筑装饰,801724.SI,专业工程,专业工程,L,20100908,5866,16.06,6.06,0.664,11.111,False,True,True,0,0,0,0,True,
002470.SZ,002470,002470,金正大,主板,深市,主板,801030.SI,基础化工,801038.SI,农化制品,农化制品,L,20100908,5866,16.06,1.98,0.508,14.286,False,True,True,0,0,0,0,True,
002471.SZ,002471,002471,中超控股,主板,深市,主板,801730.SI,电力设备,801738.SI,电网设备,电网设备,L,20100910,5864,16.05,5.12,-1.727,9.091,False,True,True,0,0,0,0,True,
002472.SZ,002472,002472,双环传动,主板,深市,主板,801880.SI,汽车,801093.SI,汽车零部件,汽车零部件,L,20100910,5864,16.05,38.09,-1.576,9.333,False,True,True,0,0,0,0,True,
002474.SZ,002474,002474,榕基软件,主板,深市,主板,801750.SI,计算机,801103.SI,IT服务Ⅱ,IT服务Ⅱ,L,20100915,5859,16.04,6.38,-5.201,4.687,False,True,True,0,0,0,0,True,
002475.SZ,002475,002475,立讯精密,主板,深市,主板,801080.SI,电子,801085.SI,消费电子,消费电子,L,20100915,5859,16.04,49.43,-1.925,18.571,False,True,True,0,0,0,0,True,
002476.SZ,002476,002476,新叶股份,主板,深市,主板,801960.SI,石油石化,801963.SI,炼化及贸易,炼化及贸易,L,20100915,5859,16.04,4.82,-1.23,14.0,False,True,True,0,0,0,0,True,
002478.SZ,002478,002478,常宝股份,主板,深市,主板,801040.SI,钢铁,801045.SI,特钢Ⅱ,特钢Ⅱ,L,20100921,5853,16.02,6.28,-0.318,8.955,False,True,True,0,0,0,0,True,
002479.SZ,002479,002479,富春环保,主板,深市,主板,801160.SI,公用事业,801161.SI,电力,电力,L,20100921,5853,16.02,5.78,1.226,12.069,False,True,True,0,0,0,0,True,
002480.SZ,002480,002480,新筑股份,主板,深市,主板,801160.SI,公用事业,801161.SI,电力,电力,L,20100921,5853,16.02,5.48,-0.904,10.909,False,True,True,0,0,0,0,True,
002481.SZ,002481,002481,双塔食品,主板,深市,主板,801010.SI,农林牧渔,801012.SI,农产品加工,农产品加工,L,20100921,5853,16.02,4.28,1.422,11.628,False,True,True,0,0,0,0,True,
002482.SZ,002482,002482,广田集团,主板,深市,主板,801720.SI,建筑装饰,801722.SI,装修装饰Ⅱ,装修装饰Ⅱ,L,20100929,5845,16.0,1.4,2.19,15.385,False,True,True,0,0,0,0,True,
002483.SZ,002483,002483,润邦股份,主板,深市,主板,801890.SI,机械设备,801074.SI,专用设备,专用设备,L,20100929,5845,16.0,5.84,-0.511,16.667,False,True,True,0,0,0,0,True,
002484.SZ,002484,002484,江海股份,主板,深市,主板,801080.SI,电子,801083.SI,元件,元件,L,20100929,5845,16.0,51.32,-2.877,14.118,False,True,True,0,0,0,0,True,
002486.SZ,002486,002486,嘉麟杰,主板,深市,主板,801130.SI,纺织服饰,801132.SI,服装家纺,服装家纺,L,20101015,5829,15.96,2.66,-1.115,11.111,False,True,True,0,0,0,0,True,
002487.SZ,002487,002487,大金重工,主板,深市,主板,801730.SI,电力设备,801736.SI,风电设备,风电设备,L,20101015,5829,15.96,46.29,7.827,15.217,False,True,True,0,0,0,0,True,
002488.SZ,002488,002488,金固股份,主板,深市,主板,801880.SI,汽车,801093.SI,汽车零部件,汽车零部件,L,20101021,5823,15.94,7.23,0.556,20.0,False,True,True,0,0,0,0,True,
002489.SZ,002489,002489,浙江永强,主板,深市,主板,801140.SI,轻工制造,801142.SI,家居用品,家居用品,L,20101021,5823,15.94,2.88,-0.69,13.793,False,True,True,0,0,0,0,True,
002490.SZ,002490,002490,山东墨龙,主板,深市,主板,801890.SI,机械设备,801074.SI,专用设备,专用设备,L,20101021,5823,15.94,6.91,-0.432,12.329,False,True,True,0,0,0,0,True,
002491.SZ,002491,002491,通鼎互联,主板,深市,主板,801770.SI,通信,801102.SI,通信设备,通信设备,L,20101021,5823,15.94,20.04,-2.813,17.521,False,True,True,0,0,0,0,True,
002492.SZ,002492,002492,恒基达鑫,主板,深市,主板,801170.SI,交通运输,801178.SI,物流,物流,L,20101102,5811,15.91,6.36,-2.454,16.667,False,True,True,0,0,0,0,True,
002493.SZ,002493,002493,荣盛石化,主板,深市,主板,801960.SI,石油石化,801963.SI,炼化及贸易,炼化及贸易,L,20101102,5811,15.91,13.33,0.604,26.19,False,True,True,0,0,0,0,True,
002494.SZ,002494,002494,华斯股份,主板,深市,主板,801130.SI,纺织服饰,801132.SI,服装家纺,服装家纺,L,20101102,5811,15.91,5.05,-5.075,6.25,False,True,True,0,0,0,0,True,
002495.SZ,002495,002495,佳隆股份,主板,深市,主板,801120.SI,食品饮料,801129.SI,调味发酵品Ⅱ,调味发酵品Ⅱ,L,20101102,5811,15.91,2.43,0.0,4.167,False,True,True,0,0,0,0,True,
002496.SZ,002496,002496,辉丰股份,主板,深市,主板,801030.SI,基础化工,801038.SI,农化制品,农化制品,L,20101109,5804,15.89,2.1,0.0,9.524,False,True,True,0,0,0,2,True,
002497.SZ,002497,002497,雅化集团,主板,深市,主板,801030.SI,基础化工,801034.SI,化学制品,化学制品,L,20101109,5804,15.89,15.7,-0.127,16.949,False,True,True,0,0,0,0,True,
002498.SZ,002498,002498,汉缆股份,主板,深市,主板,801730.SI,电力设备,801738.SI,电网设备,电网设备,L,20101109,5804,15.89,6.11,0.825,10.448,False,True,True,0,0,0,0,True,
002500.SZ,002500,002500,山西证券,主板,深市,主板,801790.SI,非银金融,801193.SI,证券Ⅱ,证券Ⅱ,L,20101115,5798,15.87,5.18,0.583,11.321,False,True,True,0,0,0,0,True,
002506.SZ,002506,002506,协鑫集成,主板,深市,主板,801730.SI,电力设备,801735.SI,光伏设备,光伏设备,L,20101118,5795,15.87,2.38,1.277,12.0,False,True,True,0,0,0,0,True,
002507.SZ,002507,002507,涪陵榨菜,主板,深市,主板,801120.SI,食品饮料,801129.SI,调味发酵品Ⅱ,调味发酵品Ⅱ,L,20101123,5790,15.85,11.2,1.083,10.714,False,True,True,0,0,0,0,True,
002508.SZ,002508,002508,老板电器,主板,深市,主板,801110.SI,家用电器,801114.SI,厨卫电器,厨卫电器,L,20101123,5790,15.85,17.11,3.072,17.073,False,True,True,0,0,0,0,True,
002510.SZ,002510,002510,天汽模,主板,深市,主板,801880.SI,汽车,801093.SI,汽车零部件,汽车零部件,L,20101125,5788,15.85,5.82,2.465,7.018,False,True,True,0,0,0,0,True,
002511.SZ,002511,002511,中顺洁柔,主板,深市,主板,801980.SI,美容护理,801981.SI,个护用品,个护用品,L,20101125,5788,15.85,6.99,1.158,16.667,False,True,True,0,0,0,0,True,
002513.SZ,002513,002513,蓝丰生化,主板,深市,主板,801030.SI,基础化工,801038.SI,农化制品,农化制品,L,20101203,5780,15.82,5.86,7.13,11.111,False,True,True,0,0,0,0,True,
002515.SZ,002515,002515,金字火腿,主板,深市,主板,801120.SI,食品饮料,801124.SI,食品加工,食品加工,L,20101203,5780,15.82,7.05,-2.759,10.526,False,True,True,0,0,0,0,True,
002516.SZ,002516,002516,旷达科技,主板,深市,主板,801880.SI,汽车,801093.SI,汽车零部件,汽车零部件,L,20101207,5776,15.81,5.53,-0.18,12.281,False,True,True,0,0,0,0,True,
002517.SZ,002517,002517,恺英网络,主板,深市,主板,801760.SI,传媒,801764.SI,游戏Ⅱ,游戏Ⅱ,L,20101207,5776,15.81,16.01,0.882,8.929,False,True,True,0,0,0,0,True,
002518.SZ,002518,002518,科士达,主板,深市,主板,801730.SI,电力设备,801733.SI,其他电源设备Ⅱ,其他电源设备Ⅱ,L,20101207,5776,15.81,34.05,-0.816,13.333,False,True,True,0,0,0,0,True,
002519.SZ,002519,002519,银河电子,主板,深市,主板,801740.SI,国防军工,801743.SI,地面兵装Ⅱ,地面兵装Ⅱ,L,20101207,5776,15.81,5.57,-1.59,10.169,False,True,True,0,0,0,0,True,
002520.SZ,002520,002520,日发精机,主板,深市,主板,801890.SI,机械设备,801072.SI,通用设备,通用设备,L,20101210,5773,15.81,6.27,-1.26,6.25,False,True,True,0,0,0,0,True,
002521.SZ,002521,002521,齐峰新材,主板,深市,主板,801140.SI,轻工制造,801143.SI,造纸,造纸,L,20101210,5773,15.81,6.19,-0.161,14.925,False,True,True,0,0,0,0,True,
002522.SZ,002522,002522,浙江众成,主板,深市,主板,801030.SI,基础化工,801036.SI,塑料,塑料,L,20101210,5773,15.81,5.26,-1.498,13.793,False,True,True,0,0,0,0,True,
002523.SZ,002523,002523,天桥起重,主板,深市,主板,801890.SI,机械设备,801074.SI,专用设备,专用设备,L,20101210,5773,15.81,3.4,-1.163,11.765,False,True,True,0,0,0,0,True,
002524.SZ,002524,002524,光正眼科,主板,深市,主板,801150.SI,医药生物,801156.SI,医疗服务,医疗服务,L,20101217,5766,15.79,4.13,-1.667,5.0,False,True,True,0,0,0,0,True,
002526.SZ,002526,002526,山东矿机,主板,深市,主板,801890.SI,机械设备,801074.SI,专用设备,专用设备,L,20101217,5766,15.79,2.59,0.0,7.692,False,True,True,0,0,0,0,True,
002527.SZ,002527,002527,新时达,主板,深市,主板,801890.SI,机械设备,801074.SI,专用设备,专用设备,L,20101224,5759,15.77,10.59,-0.376,16.071,False,True,True,0,0,0,0,True,
002529.SZ,002529,002529,海源复材,主板,深市,主板,801890.SI,机械设备,801074.SI,专用设备,专用设备,L,20101224,5759,15.77,6.75,-1.171,10.294,False,True,True,0,0,0,2,True,
002530.SZ,002530,002530,金财互联,主板,深市,主板,801890.SI,机械设备,801074.SI,专用设备,专用设备,L,20101231,5752,15.75,7.02,-0.707,8.333,False,True,True,0,0,0,0,True,
002531.SZ,002531,002531,天顺风能,主板,深市,主板,801730.SI,电力设备,801736.SI,风电设备,风电设备,L,20101231,5752,15.75,7.98,4.45,10.526,False,True,True,0,0,0,0,True,
002532.SZ,002532,002532,天山铝业,主板,深市,主板,801050.SI,有色金属,801055.SI,工业金属,工业金属,L,20101231,5752,15.75,12.18,-0.246,10.853,False,True,True,0,0,0,0,True,
002533.SZ,002533,002533,金杯电工,主板,深市,主板,801730.SI,电力设备,801738.SI,电网设备,电网设备,L,20101231,5752,15.75,10.79,-1.1,9.821,False,True,True,0,0,0,0,True,
002534.SZ,002534,002534,西子洁能,主板,深市,主板,801730.SI,电力设备,801733.SI,其他电源设备Ⅱ,其他电源设备Ⅱ,L,20110110,5742,15.72,17.1,0.411,18.519,False,True,True,0,0,0,0,True,
002535.SZ,002535,002535,林州重机,主板,深市,主板,801890.SI,机械设备,801074.SI,专用设备,专用设备,L,20110111,5741,15.72,2.47,-1.2,12.5,False,True,True,0,0,0,0,True,
002536.SZ,002536,002536,飞龙股份,主板,深市,主板,801880.SI,汽车,801093.SI,汽车零部件,汽车零部件,L,20110111,5741,15.72,45.38,-2.451,15.094,False,True,True,0,0,0,0,True,
002537.SZ,002537,002537,海联金汇,主板,深市,主板,801880.SI,汽车,801093.SI,汽车零部件,汽车零部件,L,20110110,5742,15.72,5.66,0.177,15.0,False,True,True,0,0,0,0,True,
002539.SZ,002539,002539,云图控股,主板,深市,主板,801030.SI,基础化工,801038.SI,农化制品,农化制品,L,20110118,5734,15.7,11.75,1.468,14.516,False,True,True,0,0,0,0,True,
002540.SZ,002540,002540,亚太科技,主板,深市,主板,801050.SI,有色金属,801055.SI,工业金属,工业金属,L,20110118,5734,15.7,4.99,0.402,11.765,False,True,True,0,0,0,0,True,
002541.SZ,002541,002541,鸿路钢构,主板,深市,主板,801720.SI,建筑装饰,801724.SI,专业工程,专业工程,L,20110118,5734,15.7,18.36,-0.434,12.5,False,True,True,0,0,0,0,True,
002543.SZ,002543,002543,万和电气,主板,深市,主板,801110.SI,家用电器,801114.SI,厨卫电器,厨卫电器,L,20110128,5724,15.67,7.26,-1.892,8.219,False,True,True,0,0,0,0,True,
002544.SZ,002544,002544,普天科技,主板,深市,主板,801770.SI,通信,801223.SI,通信服务,通信服务,L,20110128,5724,15.67,15.17,-1.557,12.5,False,True,True,0,0,0,0,True,
002545.SZ,002545,002545,东方铁塔,主板,深市,主板,801030.SI,基础化工,801038.SI,农化制品,农化制品,L,20110211,5710,15.63,13.85,0.435,17.241,False,True,True,0,0,0,0,True,
002546.SZ,002546,002546,新联电子,主板,深市,主板,801730.SI,电力设备,801738.SI,电网设备,电网设备,L,20110211,5710,15.63,7.34,0.824,12.658,False,True,True,0,0,0,0,True,
002548.SZ,002548,002548,金新农,主板,深市,主板,801010.SI,农林牧渔,801014.SI,饲料,饲料,L,20110218,5703,15.61,3.94,0.51,20.0,False,True,True,0,0,0,0,True,
002549.SZ,002549,002549,凯美特气,主板,深市,主板,801030.SI,基础化工,801034.SI,化学制品,化学制品,L,20110218,5703,15.61,12.29,-0.887,10.294,False,True,True,0,0,0,0,True,
002550.SZ,002550,002550,千红制药,主板,深市,主板,801150.SI,医药生物,801151.SI,化学制药,化学制药,L,20110218,5703,15.61,6.59,4.107,10.448,False,True,True,0,0,0,0,True,
002551.SZ,002551,002551,尚荣医疗,主板,深市,主板,801150.SI,医药生物,801153.SI,医疗器械,医疗器械,L,20110225,5696,15.59,3.41,1.187,12.5,False,True,True,0,0,0,0,True,
002552.SZ,002552,002552,宝鼎科技,主板,深市,主板,801890.SI,机械设备,801072.SI,通用设备,通用设备,L,20110225,5696,15.59,44.39,-4.722,15.038,False,True,True,0,0,0,0,True,
002553.SZ,002553,002553,南方精工,主板,深市,主板,801880.SI,汽车,801093.SI,汽车零部件,汽车零部件,L,20110225,5696,15.59,16.97,0.177,7.143,False,True,True,0,0,0,0,True,
002554.SZ,002554,002554,惠博普,主板,深市,主板,801960.SI,石油石化,801962.SI,油服工程,油服工程,L,20110225,5696,15.59,2.71,-0.368,6.897,False,True,True,0,0,0,0,True,
002555.SZ,002555,002555,三七互娱,主板,深市,主板,801760.SI,传媒,801764.SI,游戏Ⅱ,游戏Ⅱ,L,20110302,5691,15.58,17.2,0.821,10.87,False,True,True,0,0,0,0,True,
002556.SZ,002556,002556,辉隆股份,主板,深市,主板,801010.SI,农林牧渔,801019.SI,农业综合Ⅱ,农业综合Ⅱ,L,20110302,5691,15.58,5.06,0.596,11.538,False,True,True,0,0,0,0,True,
002557.SZ,002557,002557,洽洽食品,主板,深市,主板,801120.SI,食品饮料,801128.SI,休闲食品,休闲食品,L,20110302,5691,15.58,18.34,1.214,9.677,False,True,True,0,0,0,0,True,
002558.SZ,002558,002558,巨人网络,主板,深市,主板,801760.SI,传媒,801764.SI,游戏Ⅱ,游戏Ⅱ,L,20110302,5691,15.58,22.5,1.718,13.889,False,True,True,0,0,0,0,True,
002559.SZ,002559,002559,亚威股份,主板,深市,主板,801890.SI,机械设备,801072.SI,通用设备,通用设备,L,20110303,5690,15.58,8.54,-2.064,5.495,False,True,True,0,0,0,0,True,
002560.SZ,002560,002560,通达股份,主板,深市,主板,801730.SI,电力设备,801738.SI,电网设备,电网设备,L,20110303,5690,15.58,6.29,-3.379,14.085,False,True,True,0,0,0,0,True,
002561.SZ,002561,002561,徐家汇,主板,深市,主板,801200.SI,商贸零售,801203.SI,一般零售,一般零售,L,20110303,5690,15.58,7.31,0.828,13.514,False,True,True,0,0,0,0,True,
002562.SZ,002562,002562,兄弟科技,主板,深市,主板,801030.SI,基础化工,801034.SI,化学制品,化学制品,L,20110310,5683,15.56,4.93,1.859,6.122,False,True,True,0,0,0,0,True,
002563.SZ,002563,002563,森马服饰,主板,深市,主板,801130.SI,纺织服饰,801132.SI,服装家纺,服装家纺,L,20110311,5682,15.56,5.45,1.113,12.5,False,True,True,0,0,0,0,True,
002564.SZ,002564,002564,天沃科技,主板,深市,主板,801720.SI,建筑装饰,801724.SI,专业工程,专业工程,L,20110310,5683,15.56,5.18,0.583,15.385,False,True,True,0,0,0,0,True,
002565.SZ,002565,002565,顺灏股份,主板,深市,主板,801140.SI,轻工制造,801141.SI,包装印刷,包装印刷,L,20110318,5675,15.54,8.44,1.809,6.897,False,True,True,0,0,0,0,True,
002566.SZ,002566,002566,益盛药业,主板,深市,主板,801150.SI,医药生物,801155.SI,中药Ⅱ,中药Ⅱ,L,20110318,5675,15.54,7.06,-0.282,5.714,False,True,True,0,0,0,0,True,
002567.SZ,002567,002567,唐人神,主板,深市,主板,801010.SI,农林牧渔,801014.SI,饲料,饲料,L,20110325,5668,15.52,3.7,1.093,13.514,False,True,True,0,0,0,0,True,
002568.SZ,002568,002568,百润股份,主板,深市,主板,801120.SI,食品饮料,801126.SI,非白酒,非白酒,L,20110325,5668,15.52,19.49,3.067,11.538,False,True,True,0,0,0,0,True,
002570.SZ,002570,002570,贝因美,主板,深市,主板,801120.SI,食品饮料,801127.SI,饮料乳品,饮料乳品,L,20110412,5650,15.47,4.42,0.455,9.091,False,True,True,0,0,0,0,True,
002571.SZ,002571,002571,德力股份,主板,深市,主板,801140.SI,轻工制造,801142.SI,家居用品,家居用品,L,20110412,5650,15.47,10.42,-2.251,9.259,False,True,True,0,0,0,0,True,
002572.SZ,002572,002572,索菲亚,主板,深市,主板,801140.SI,轻工制造,801142.SI,家居用品,家居用品,L,20110412,5650,15.47,7.72,1.18,11.538,False,True,True,0,0,0,0,True,
002573.SZ,002573,002573,清新环境,主板,深市,主板,801970.SI,环保,801971.SI,环境治理,环境治理,L,20110422,5640,15.44,3.14,1.29,18.75,False,True,True,0,0,0,0,True,
002574.SZ,002574,002574,明牌珠宝,主板,深市,主板,801130.SI,纺织服饰,801133.SI,饰品,饰品,L,20110422,5640,15.44,4.98,-1.386,10.0,False,True,True,0,0,0,0,True,
002575.SZ,002575,002575,群兴玩具,主板,深市,主板,801140.SI,轻工制造,801145.SI,文娱用品,文娱用品,L,20110422,5640,15.44,5.0,-0.99,9.615,False,True,True,0,0,0,0,True,
002576.SZ,002576,002576,通达动力,主板,深市,主板,801730.SI,电力设备,801731.SI,电机Ⅱ,电机Ⅱ,L,20110428,5634,15.43,14.38,-1.91,7.639,False,True,True,0,0,0,0,True,
002577.SZ,002577,002577,雷柏科技,主板,深市,主板,801750.SI,计算机,801101.SI,计算机设备,计算机设备,L,20110428,5634,15.43,20.68,-1.1,19.231,False,True,True,0,0,0,0,True,
002578.SZ,002578,002578,闽发铝业,主板,深市,主板,801050.SI,有色金属,801055.SI,工业金属,工业金属,L,20110428,5634,15.43,4.14,-0.481,7.317,False,True,True,0,0,0,0,True,
002579.SZ,002579,002579,中京电子,主板,深市,主板,801080.SI,电子,801083.SI,元件,元件,L,20110506,5626,15.4,16.88,-5.698,10.169,False,True,True,0,0,0,0,True,
002580.SZ,002580,002580,圣阳股份,主板,深市,主板,801730.SI,电力设备,801737.SI,电池,电池,L,20110506,5626,15.4,19.52,4.385,7.895,False,True,True,0,0,0,0,True,
002582.SZ,002582,002582,好想你,主板,深市,主板,801120.SI,食品饮料,801128.SI,休闲食品,休闲食品,L,20110520,5612,15.36,9.39,1.185,12.121,False,True,True,0,0,0,0,True,
002583.SZ,002583,002583,海能达,主板,深市,主板,801770.SI,通信,801102.SI,通信设备,通信设备,L,20110527,5605,15.35,8.07,2.411,8.434,False,True,True,0,0,0,0,True,
002584.SZ,002584,002584,西陇科学,主板,深市,主板,801080.SI,电子,801086.SI,电子化学品Ⅱ,电子化学品Ⅱ,L,20110602,5599,15.33,8.79,1.267,5.682,False,True,True,0,0,0,0,True,
002585.SZ,002585,002585,双星新材,主板,深市,主板,801030.SI,基础化工,801036.SI,塑料,塑料,L,20110602,5599,15.33,10.35,-2.999,14.953,False,True,True,0,0,0,0,True,
002587.SZ,002587,002587,奥拓电子,主板,深市,主板,801080.SI,电子,801084.SI,光学光电子,光学光电子,L,20110610,5591,15.31,5.29,0.0,7.407,False,True,True,0,0,0,0,True,
002588.SZ,002588,002588,史丹利,主板,深市,主板,801030.SI,基础化工,801038.SI,农化制品,农化制品,L,20110610,5591,15.31,7.45,1.223,11.111,False,True,True,0,0,0,0,True,
002589.SZ,002589,002589,瑞康医药,主板,深市,主板,801150.SI,医药生物,801154.SI,医药商业,医药商业,L,20110610,5591,15.31,3.27,0.926,11.765,False,True,True,0,0,0,0,True,
002590.SZ,002590,002590,万安科技,主板,深市,主板,801880.SI,汽车,801093.SI,汽车零部件,汽车零部件,L,20110610,5591,15.31,9.55,-0.209,11.458,False,True,True,0,0,0,0,True,
002591.SZ,002591,002591,恒大高新,主板,深市,主板,801030.SI,基础化工,801034.SI,化学制品,化学制品,L,20110621,5580,15.28,6.51,-0.762,6.25,False,True,True,0,0,0,0,True,
002593.SZ,002593,002593,日上集团,主板,深市,主板,801720.SI,建筑装饰,801724.SI,专业工程,专业工程,L,20110628,5573,15.26,4.57,-0.652,6.667,False,True,True,0,0,0,0,True,
002594.SZ,002594,002594,比亚迪,主板,深市,主板,801880.SI,汽车,801095.SI,乘用车,乘用车,L,20110630,5571,15.25,83.31,1.573,11.594,False,True,True,0,0,0,0,True,
002595.SZ,002595,002595,豪迈科技,主板,深市,主板,801890.SI,机械设备,801074.SI,专用设备,专用设备,L,20110628,5573,15.26,38.4,0.078,43.411,False,True,True,0,0,0,0,True,
002596.SZ,002596,002596,海南瑞泽,主板,深市,主板,801710.SI,建筑材料,801711.SI,水泥,水泥,L,20110707,5564,15.23,3.22,-2.128,9.091,False,True,True,0,0,0,0,True,
002597.SZ,002597,002597,金禾实业,主板,深市,主板,801030.SI,基础化工,801034.SI,化学制品,化学制品,L,20110707,5564,15.23,21.23,-0.047,11.905,False,True,True,0,0,0,0,True,
002599.SZ,002599,002599,盛通股份,主板,深市,主板,801140.SI,轻工制造,801141.SI,包装印刷,包装印刷,L,20110715,5556,15.21,5.5,-1.257,10.345,False,True,True,0,0,0,0,True,
002600.SZ,002600,002600,领益智造,主板,深市,主板,801080.SI,电子,801085.SI,消费电子,消费电子,L,20110715,5556,15.21,11.88,-0.835,21.429,False,True,True,0,0,0,0,True,
002601.SZ,002601,002601,龙佰集团,主板,深市,主板,801030.SI,基础化工,801033.SI,化学原料,化学原料,L,20110715,5556,15.21,14.71,0.616,13.75,False,True,True,0,0,0,0,True,
002602.SZ,002602,002602,世纪华通,主板,深市,主板,801760.SI,传媒,801764.SI,游戏Ⅱ,游戏Ⅱ,L,20110728,5543,15.18,13.8,-0.576,14.085,False,True,True,0,0,0,0,True,
002603.SZ,002603,002603,以岭药业,主板,深市,主板,801150.SI,医药生物,801155.SI,中药Ⅱ,中药Ⅱ,L,20110728,5543,15.18,15.35,2.197,9.091,False,True,True,0,0,0,0,True,
002605.SZ,002605,002605,姚记科技,主板,深市,主板,801760.SI,传媒,801764.SI,游戏Ⅱ,游戏Ⅱ,L,20110805,5535,15.15,16.47,0.243,13.953,False,True,True,0,0,0,0,True,
002606.SZ,002606,002606,大连电瓷,主板,深市,主板,801730.SI,电力设备,801738.SI,电网设备,电网设备,L,20110805,5535,15.15,11.95,0.929,11.024,False,True,True,0,0,0,0,True,
002607.SZ,002607,002607,中公教育,主板,深市,主板,801210.SI,社会服务,801994.SI,教育,教育,L,20110810,5530,15.14,1.85,0.543,20.0,False,True,True,0,0,0,0,True,
002608.SZ,002608,002608,江苏国信,主板,深市,主板,801160.SI,公用事业,801161.SI,电力,电力,L,20110810,5530,15.14,7.34,1.662,27.027,False,True,True,0,0,0,0,True,
002609.SZ,002609,002609,捷顺科技,主板,深市,主板,801750.SI,计算机,801103.SI,IT服务Ⅱ,IT服务Ⅱ,L,20110815,5525,15.13,7.87,-1.131,8.0,False,True,True,0,0,0,0,True,
002611.SZ,002611,002611,东方精工,主板,深市,主板,801890.SI,机械设备,801074.SI,专用设备,专用设备,L,20110830,5510,15.09,13.98,-3.119,12.329,False,True,True,0,0,0,0,True,
002612.SZ,002612,002612,朗姿股份,主板,深市,主板,801130.SI,纺织服饰,801132.SI,服装家纺,服装家纺,L,20110830,5510,15.09,16.72,-2.393,9.524,False,True,True,0,0,0,0,True,
002613.SZ,002613,002613,北玻股份,主板,深市,主板,801710.SI,建筑材料,801712.SI,玻璃玻纤,玻璃玻纤,L,20110830,5510,15.09,3.35,0.0,8.571,False,True,True,0,0,0,0,True,
002614.SZ,002614,002614,奥佳华,主板,深市,主板,801110.SI,家用电器,801117.SI,其他家电Ⅱ,其他家电Ⅱ,L,20110909,5500,15.06,7.76,-4.551,7.595,False,True,True,0,0,0,0,True,
002615.SZ,002615,002615,哈尔斯,主板,深市,主板,801140.SI,轻工制造,801142.SI,家居用品,家居用品,L,20110909,5500,15.06,6.23,-1.268,7.812,False,True,True,0,0,0,0,True,
002616.SZ,002616,002616,长青集团,主板,深市,主板,801160.SI,公用事业,801161.SI,电力,电力,L,20110920,5489,15.03,4.84,0.833,4.167,False,True,True,0,0,0,0,True,
002617.SZ,002617,002617,露笑科技,主板,深市,主板,801160.SI,公用事业,801161.SI,电力,电力,L,20110920,5489,15.03,6.9,1.77,8.824,False,True,True,0,0,0,0,True,
002622.SZ,002622,002622,皓宸医疗,主板,深市,主板,801150.SI,医药生物,801156.SI,医疗服务,医疗服务,L,20111018,5461,14.95,2.53,-0.394,7.692,False,True,True,0,0,0,0,True,
002623.SZ,002623,002623,亚玛顿,主板,深市,主板,801730.SI,电力设备,801735.SI,光伏设备,光伏设备,L,20111013,5466,14.97,17.99,-2.228,17.021,False,True,True,0,0,0,0,True,
002624.SZ,002624,002624,完美世界,主板,深市,主板,801760.SI,传媒,801764.SI,游戏Ⅱ,游戏Ⅱ,L,20111028,5451,14.92,9.71,1.463,17.143,False,True,True,0,0,0,0,True,
002625.SZ,002625,002625,光启技术,主板,深市,主板,801740.SI,国防军工,801742.SI,航空装备Ⅱ,航空装备Ⅱ,L,20111103,5445,14.91,23.57,2.926,31.707,False,True,True,0,0,0,0,True,
002626.SZ,002626,002626,金达威,主板,深市,主板,801120.SI,食品饮料,801124.SI,食品加工,食品加工,L,20111028,5451,14.92,16.13,1.065,14.815,False,True,True,0,0,0,0,True,
002627.SZ,002627,002627,三峡旅游,主板,深市,主板,801210.SI,社会服务,801993.SI,旅游及景区,旅游及景区,L,20111103,5445,14.91,6.55,0.306,11.765,False,True,True,0,0,0,0,True,
002628.SZ,002628,002628,成都路桥,主板,深市,主板,801720.SI,建筑装饰,801723.SI,基础建设,基础建设,L,20111103,5445,14.91,4.82,-0.823,9.804,False,True,True,0,0,0,0,True,
002629.SZ,002629,002629,仁智股份,主板,深市,主板,801960.SI,石油石化,801962.SI,油服工程,油服工程,L,20111103,5445,14.91,4.39,-0.454,11.364,False,True,True,0,0,0,0,True,
002631.SZ,002631,002631,德尔未来,主板,深市,主板,801140.SI,轻工制造,801142.SI,家居用品,家居用品,L,20111111,5437,14.89,13.48,0.298,22.388,False,True,True,0,0,0,0,True,
002632.SZ,002632,002632,道明光学,主板,深市,主板,801030.SI,基础化工,801036.SI,塑料,塑料,L,20111122,5426,14.86,8.94,-0.887,8.511,False,True,True,0,0,0,0,True,
002633.SZ,002633,002633,申科股份,主板,深市,主板,801890.SI,机械设备,801072.SI,通用设备,通用设备,L,20111122,5426,14.86,15.23,0.329,13.158,False,True,True,0,0,0,0,True,
002635.SZ,002635,002635,安洁科技,主板,深市,主板,801080.SI,电子,801085.SI,消费电子,消费电子,L,20111125,5423,14.85,14.12,-4.336,9.934,False,True,True,0,0,0,0,True,
002636.SZ,002636,002636,金安国纪,主板,深市,主板,801080.SI,电子,801083.SI,元件,元件,L,20111125,5423,14.85,79.45,-4.312,7.778,False,True,True,0,0,0,0,True,
002637.SZ,002637,002637,赞宇科技,主板,深市,主板,801030.SI,基础化工,801034.SI,化学制品,化学制品,L,20111125,5423,14.85,10.37,2.877,23.894,False,True,True,0,0,0,0,True,
002638.SZ,002638,002638,勤上股份,主板,深市,主板,801110.SI,家用电器,801115.SI,照明设备Ⅱ,照明设备Ⅱ,L,20111125,5423,14.85,4.77,-3.636,20.455,False,True,True,0,0,0,0,True,
002639.SZ,002639,002639,雪人集团,主板,深市,主板,801890.SI,机械设备,801072.SI,通用设备,通用设备,L,20111205,5413,14.82,13.59,-1.877,5.674,False,True,True,0,0,0,0,True,
002640.SZ,002640,002640,跨境通,主板,深市,主板,801200.SI,商贸零售,801206.SI,互联网电商,互联网电商,L,20111208,5410,14.81,3.91,-0.761,5.263,False,True,True,0,0,0,0,True,
002641.SZ,002641,002641,公元股份,主板,深市,主板,801710.SI,建筑材料,801713.SI,装修建材,装修建材,L,20111208,5410,14.81,3.8,0.0,10.0,False,True,True,0,0,0,0,True,
002642.SZ,002642,002642,荣联科技,主板,深市,主板,801750.SI,计算机,801103.SI,IT服务Ⅱ,IT服务Ⅱ,L,20111220,5398,14.78,6.92,-1.001,7.042,False,True,True,0,0,0,0,True,
002643.SZ,002643,002643,万润股份,主板,深市,主板,801080.SI,电子,801086.SI,电子化学品Ⅱ,电子化学品Ⅱ,L,20111220,5398,14.78,12.52,-1.184,10.606,False,True,True,0,0,0,0,True,
002644.SZ,002644,002644,佛慈制药,主板,深市,主板,801150.SI,医药生物,801155.SI,中药Ⅱ,中药Ⅱ,L,20111222,5396,14.77,8.26,0.978,9.524,False,True,True,0,0,0,0,True,
002645.SZ,002645,002645,华宏科技,主板,深市,主板,801970.SI,环保,801972.SI,环保设备Ⅱ,环保设备Ⅱ,L,20111220,5398,14.78,16.85,-1.978,11.475,False,True,True,0,0,0,0,True,
002646.SZ,002646,002646,天佑德酒,主板,深市,主板,801120.SI,食品饮料,801125.SI,白酒Ⅱ,白酒Ⅱ,L,20111222,5396,14.77,7.14,1.133,11.429,False,True,True,0,0,0,0,True,
002647.SZ,002647,002647,仁东控股,主板,深市,主板,801790.SI,非银金融,801191.SI,多元金融,多元金融,L,20111228,5390,14.76,11.08,-2.293,9.649,False,True,True,0,0,0,0,True,
002648.SZ,002648,002648,卫星化学,主板,深市,主板,801030.SI,基础化工,801033.SI,化学原料,化学原料,L,20111228,5390,14.76,26.51,2.355,13.636,False,True,True,0,0,0,0,True,
002649.SZ,002649,002649,博彦科技,主板,深市,主板,801750.SI,计算机,801103.SI,IT服务Ⅱ,IT服务Ⅱ,L,20120106,5381,14.73,9.14,-0.544,10.309,False,True,True,0,0,0,0,True,
002651.SZ,002651,002651,利君股份,主板,深市,主板,801740.SI,国防军工,801742.SI,航空装备Ⅱ,航空装备Ⅱ,L,20120106,5381,14.73,7.89,0.254,10.588,False,True,True,0,0,0,0,True,
002652.SZ,002652,002652,扬子新材,主板,深市,主板,801710.SI,建筑材料,801713.SI,装修建材,装修建材,L,20120119,5368,14.7,4.42,-1.996,15.217,False,True,True,0,0,0,0,True,
002653.SZ,002653,002653,海思科,主板,深市,主板,801150.SI,医药生物,801151.SI,化学制药,化学制药,L,20120117,5370,14.7,62.18,0.404,13.415,False,True,True,0,0,0,0,True,
002654.SZ,002654,002654,万润科技,主板,深市,主板,801080.SI,电子,801084.SI,光学光电子,光学光电子,L,20120217,5339,14.62,12.24,-3.241,11.594,False,True,True,0,0,0,0,True,
002655.SZ,002655,002655,共达电声,主板,深市,主板,801080.SI,电子,801085.SI,消费电子,消费电子,L,20120217,5339,14.62,32.54,-5.324,15.789,False,True,True,0,0,0,0,True,
002657.SZ,002657,002657,中科金财,主板,深市,主板,801750.SI,计算机,801103.SI,IT服务Ⅱ,IT服务Ⅱ,L,20120228,5328,14.59,14.6,-1.683,10.256,False,True,True,0,0,0,0,True,
002658.SZ,002658,002658,雪迪龙,主板,深市,主板,801970.SI,环保,801972.SI,环保设备Ⅱ,环保设备Ⅱ,L,20120309,5318,14.56,7.13,-1.655,9.333,False,True,True,0,0,0,0,True,
002659.SZ,002659,002659,凯文教育,主板,深市,主板,801210.SI,社会服务,801994.SI,教育,教育,L,20120309,5318,14.56,4.7,-0.212,6.667,False,True,True,0,0,0,0,True,
002660.SZ,002660,002660,茂硕电源,主板,深市,主板,801080.SI,电子,801085.SI,消费电子,消费电子,L,20120316,5311,14.54,7.97,-1.117,7.595,False,True,True,0,0,0,0,True,
002661.SZ,002661,002661,克明食品,主板,深市,主板,801120.SI,食品饮料,801124.SI,食品加工,食品加工,L,20120316,5311,14.54,7.56,0.666,15.584,False,True,True,0,0,0,0,True,
002662.SZ,002662,002662,峰璟股份,主板,深市,主板,801880.SI,汽车,801093.SI,汽车零部件,汽车零部件,L,20120309,5318,14.56,3.12,0.0,21.212,False,True,True,0,0,0,0,True,
002663.SZ,002663,002663,普邦股份,主板,深市,主板,801720.SI,建筑装饰,801723.SI,基础建设,基础建设,L,20120316,5311,14.54,1.75,-0.568,17.647,False,True,True,0,0,0,0,True,
002664.SZ,002664,002664,信质集团,主板,深市,主板,801880.SI,汽车,801093.SI,汽车零部件,汽车零部件,L,20120316,5311,14.54,14.31,-0.07,25.806,False,True,True,0,0,0,0,True,
002666.SZ,002666,002666,德联集团,主板,深市,主板,801030.SI,基础化工,801034.SI,化学制品,化学制品,L,20120327,5300,14.51,4.21,-0.237,4.762,False,True,True,0,0,0,0,True,
002668.SZ,002668,002668,TCL智家,主板,深市,主板,801110.SI,家用电器,801111.SI,白色家电,白色家电,L,20120416,5280,14.46,8.66,-0.115,14.894,False,True,True,0,0,0,0,True,
002669.SZ,002669,002669,康达新材,主板,深市,主板,801030.SI,基础化工,801034.SI,化学制品,化学制品,L,20120416,5280,14.46,13.73,-2.138,9.79,False,True,True,0,0,0,0,True,
002670.SZ,002670,002670,国盛证券,主板,深市,主板,801790.SI,非银金融,801193.SI,证券Ⅱ,证券Ⅱ,L,20120416,5280,14.46,11.18,-0.445,13.559,False,True,True,0,0,0,0,True,
002671.SZ,002671,002671,龙泉股份,主板,深市,主板,801710.SI,建筑材料,801711.SI,水泥,水泥,L,20120426,5270,14.43,4.06,0.0,5.0,False,True,True,0,0,0,0,True,
002672.SZ,002672,002672,东江环保,主板,深市,主板,801970.SI,环保,801971.SI,环境治理,环境治理,L,20120426,5270,14.43,3.7,0.543,16.667,False,True,True,0,0,0,0,True,
002673.SZ,002673,002673,西部证券,主板,深市,主板,801790.SI,非银金融,801193.SI,证券Ⅱ,证券Ⅱ,L,20120503,5263,14.41,6.59,0.0,18.182,False,True,True,0,0,0,0,True,
002674.SZ,002674,002674,兴业科技,主板,深市,主板,801130.SI,纺织服饰,801131.SI,纺织制造,纺织制造,L,20120507,5259,14.4,19.82,2.588,26.866,False,True,True,0,0,0,0,True,
002675.SZ,002675,002675,东诚药业,主板,深市,主板,801150.SI,医药生物,801151.SI,化学制药,化学制药,L,20120525,5241,14.35,12.9,1.177,6.25,False,True,True,0,0,0,0,True,
002676.SZ,002676,002676,顺威股份,主板,深市,主板,801110.SI,家用电器,801116.SI,家电零部件Ⅱ,家电零部件Ⅱ,L,20120525,5241,14.35,5.16,-0.578,7.692,False,True,True,0,0,0,0,True,
002678.SZ,002678,002678,珠江钢琴,主板,深市,主板,801140.SI,轻工制造,801145.SI,文娱用品,文娱用品,L,20120530,5236,14.34,4.42,0.227,31.25,False,True,True,0,0,0,0,True,
002679.SZ,002679,002679,福建金森,主板,深市,主板,801010.SI,农林牧渔,801011.SI,林业Ⅱ,林业Ⅱ,L,20120605,5230,14.32,11.65,3.189,5.405,False,True,True,0,0,0,0,True,
002681.SZ,002681,002681,奋达科技,主板,深市,主板,801080.SI,电子,801085.SI,消费电子,消费电子,L,20120605,5230,14.32,4.44,-1.114,13.043,False,True,True,0,0,0,0,True,
002682.SZ,002682,002682,龙洲股份,主板,深市,主板,801170.SI,交通运输,801178.SI,物流,物流,L,20120612,5223,14.3,4.88,-0.813,8.0,False,True,True,0,0,0,0,True,
002683.SZ,002683,002683,广东宏大,主板,深市,主板,801030.SI,基础化工,801034.SI,化学制品,化学制品,L,20120612,5223,14.3,27.86,3.185,12.5,False,True,True,0,0,0,0,True,
002685.SZ,002685,002685,华东重机,主板,深市,主板,801890.SI,机械设备,801077.SI,工程机械,工程机械,L,20120612,5223,14.3,5.17,-1.711,9.091,False,True,True,0,0,0,0,True,
002686.SZ,002686,002686,亿利达,主板,深市,主板,801890.SI,机械设备,801072.SI,通用设备,通用设备,L,20120703,5202,14.24,6.08,-1.935,10.769,False,True,True,0,0,0,0,True,
002687.SZ,002687,002687,乔治白,主板,深市,主板,801130.SI,纺织服饰,801132.SI,服装家纺,服装家纺,L,20120713,5192,14.21,5.58,-1.064,13.333,False,True,True,0,0,0,0,True,
002688.SZ,002688,002688,金河生物,主板,深市,主板,801010.SI,农林牧渔,801018.SI,动物保健Ⅱ,动物保健Ⅱ,L,20120713,5192,14.21,5.2,1.167,9.615,False,True,True,0,0,0,0,True,
002690.SZ,002690,002690,美亚光电,主板,深市,主板,801890.SI,机械设备,801074.SI,专用设备,专用设备,L,20120731,5174,14.17,15.43,0.718,8.974,False,True,True,0,0,0,0,True,
002692.SZ,002692,002692,远程股份,主板,深市,主板,801730.SI,电力设备,801738.SI,电网设备,电网设备,L,20120808,5166,14.14,4.22,-1.632,14.286,False,True,True,0,0,0,0,True,
002693.SZ,002693,002693,双成药业,主板,深市,主板,801150.SI,医药生物,801151.SI,化学制药,化学制药,L,20120808,5166,14.14,9.22,2.902,7.609,False,True,True,0,0,0,0,True,
002695.SZ,002695,002695,煌上煌,主板,深市,主板,801120.SI,食品饮料,801128.SI,休闲食品,休闲食品,L,20120905,5138,14.07,10.78,1.987,8.571,False,True,True,0,0,0,0,True,
002696.SZ,002696,002696,百洋股份,主板,深市,主板,801010.SI,农林牧渔,801014.SI,饲料,饲料,L,20120905,5138,14.07,6.58,-0.152,7.463,False,True,True,0,0,0,0,True,
002697.SZ,002697,002697,红旗连锁,主板,深市,主板,801200.SI,商贸零售,801203.SI,一般零售,一般零售,L,20120905,5138,14.07,4.73,1.285,6.383,False,True,True,0,0,0,0,True,
002698.SZ,002698,002698,博实股份,主板,深市,主板,801890.SI,机械设备,801078.SI,自动化设备,自动化设备,L,20120911,5132,14.05,11.1,0.726,17.073,False,True,True,0,0,0,0,True,
002700.SZ,002700,002700,万憬能源,主板,深市,主板,801160.SI,公用事业,801163.SI,燃气Ⅱ,燃气Ⅱ,L,20120921,5122,14.02,6.34,-0.627,11.111,False,True,True,0,0,0,0,True,
002701.SZ,002701,002701,奥瑞金,主板,深市,主板,801140.SI,轻工制造,801141.SI,包装印刷,包装印刷,L,20121011,5102,13.97,4.32,2.37,12.766,False,True,True,0,0,0,0,True,
002702.SZ,002702,002702,海欣食品,主板,深市,主板,801120.SI,食品饮料,801124.SI,食品加工,食品加工,L,20121011,5102,13.97,5.38,1.128,5.556,False,True,True,0,0,0,0,True,
002703.SZ,002703,002703,浙江世宝,主板,深市,主板,801880.SI,汽车,801093.SI,汽车零部件,汽车零部件,L,20121102,5080,13.91,15.65,3.164,8.974,False,True,True,0,0,0,0,True,
002705.SZ,002705,002705,新宝股份,主板,深市,主板,801110.SI,家用电器,801113.SI,小家电,小家电,L,20140121,4635,12.69,11.62,0.519,21.739,False,True,True,0,0,0,0,True,
002706.SZ,002706,002706,良信股份,主板,深市,主板,801730.SI,电力设备,801738.SI,电网设备,电网设备,L,20140121,4635,12.69,8.34,-1.068,13.333,False,True,True,0,0,0,0,True,
002707.SZ,002707,002707,众信旅游,主板,深市,主板,801210.SI,社会服务,801993.SI,旅游及景区,旅游及景区,L,20140123,4633,12.68,5.03,0.199,17.647,False,True,True,0,0,0,0,True,
002708.SZ,002708,002708,光洋股份,主板,深市,主板,801880.SI,汽车,801093.SI,汽车零部件,汽车零部件,L,20140121,4635,12.69,17.43,2.289,5.294,False,True,True,0,0,0,0,True,
002709.SZ,002709,002709,天赐材料,主板,深市,主板,801730.SI,电力设备,801737.SI,电池,电池,L,20140123,4633,12.68,31.2,0.386,19.048,False,True,True,0,0,0,0,True,
002712.SZ,002712,002712,思美传媒,主板,深市,主板,801760.SI,传媒,801765.SI,广告营销,广告营销,L,20140123,4633,12.68,5.0,-2.534,8.0,False,True,True,0,0,0,0,True,
002714.SZ,002714,002714,牧原股份,主板,深市,主板,801010.SI,农林牧渔,801017.SI,养殖业,养殖业,L,20140128,4628,12.67,42.45,0.378,11.765,False,True,True,0,0,0,0,True,
002715.SZ,002715,002715,登云股份,主板,深市,主板,801880.SI,汽车,801093.SI,汽车零部件,汽车零部件,L,20140219,4606,12.61,13.28,-0.15,11.765,False,True,True,0,0,0,0,True,
002716.SZ,002716,002716,湖南白银,主板,深市,主板,801050.SI,有色金属,801053.SI,贵金属,贵金属,L,20140128,4628,12.67,8.77,0.458,20.619,False,True,True,0,0,0,0,True,
002718.SZ,002718,002718,友邦吊顶,主板,深市,主板,801710.SI,建筑材料,801713.SI,装修建材,装修建材,L,20140128,4628,12.67,79.57,-1.983,33.019,False,True,True,0,0,0,0,True,
002721.SZ,002721,002721,金一文化,主板,深市,主板,801130.SI,纺织服饰,801133.SI,饰品,饰品,L,20140127,4629,12.67,2.59,0.388,14.286,False,True,True,0,0,0,0,True,
002722.SZ,002722,002722,物产金轮,主板,深市,主板,801890.SI,机械设备,801074.SI,专用设备,专用设备,L,20140128,4628,12.67,13.13,-0.455,10.0,False,True,True,0,0,0,0,True,
002723.SZ,002723,002723,小崧股份,主板,深市,主板,801110.SI,家用电器,801115.SI,照明设备Ⅱ,照明设备Ⅱ,L,20140129,4627,12.67,7.31,-1.482,9.333,False,True,True,0,0,0,0,True,
002724.SZ,002724,002724,海洋王,主板,深市,主板,801110.SI,家用电器,801115.SI,照明设备Ⅱ,照明设备Ⅱ,L,20141104,4348,11.9,6.98,-2.378,11.111,False,True,True,0,0,0,0,True,
002725.SZ,002725,002725,跃岭股份,主板,深市,主板,801880.SI,汽车,801093.SI,汽车零部件,汽车零部件,L,20140129,4627,12.67,10.81,-1.906,8.036,False,True,True,0,0,0,0,True,
002727.SZ,002727,002727,一心堂,主板,深市,主板,801150.SI,医药生物,801154.SI,医药商业,医药商业,L,20140702,4473,12.25,10.72,0.752,10.811,False,True,True,0,0,0,0,True,
002728.SZ,002728,002728,特一药业,主板,深市,主板,801150.SI,医药生物,801155.SI,中药Ⅱ,中药Ⅱ,L,20140731,4444,12.17,9.91,1.955,9.474,False,True,True,0,0,0,0,True,
002729.SZ,002729,002729,好利科技,主板,深市,主板,801080.SI,电子,801082.SI,其他电子Ⅱ,其他电子Ⅱ,L,20140912,4401,12.05,13.63,-1.16,5.797,False,True,True,0,0,0,6,True,
002730.SZ,002730,002730,电光科技,主板,深市,主板,801890.SI,机械设备,801074.SI,专用设备,专用设备,L,20141009,4374,11.98,20.55,-0.821,12.987,False,True,True,0,0,0,0,True,
002732.SZ,002732,002732,燕塘乳业,主板,深市,主板,801120.SI,食品饮料,801127.SI,饮料乳品,饮料乳品,L,20141205,4317,11.82,14.27,0.493,14.286,False,True,True,0,0,0,0,True,
002733.SZ,002733,002733,雄韬股份,主板,深市,主板,801730.SI,电力设备,801737.SI,电池,电池,L,20141203,4319,11.82,17.17,-0.751,6.667,False,True,True,0,0,0,0,True,
002734.SZ,002734,002734,利民股份,主板,深市,主板,801030.SI,基础化工,801038.SI,农化制品,农化制品,L,20150127,4264,11.67,18.53,-0.59,16.489,False,True,True,0,0,0,0,True,
002735.SZ,002735,002735,王子新材,主板,深市,主板,801140.SI,轻工制造,801141.SI,包装印刷,包装印刷,L,20141203,4319,11.82,10.7,0.469,16.529,False,True,True,0,0,0,0,True,
002736.SZ,002736,002736,国信证券,主板,深市,主板,801790.SI,非银金融,801193.SI,证券Ⅱ,证券Ⅱ,L,20141229,4293,11.75,9.8,0.823,30.769,False,True,True,0,0,0,0,True,
002737.SZ,002737,002737,葵花药业,主板,深市,主板,801150.SI,医药生物,801155.SI,中药Ⅱ,中药Ⅱ,L,20141230,4292,11.75,11.4,1.968,17.187,False,True,True,0,0,0,0,True,
002738.SZ,002738,002738,中矿资源,主板,深市,主板,801050.SI,有色金属,801054.SI,小金属,小金属,L,20141230,4292,11.75,42.5,-1.87,21.053,False,True,True,0,0,0,0,True,
002739.SZ,002739,002739,儒意电影,主板,深市,主板,801760.SI,传媒,801766.SI,影视院线,影视院线,L,20150122,4269,11.69,8.22,-0.844,7.143,False,True,True,0,0,0,0,True,
002741.SZ,002741,002741,光华科技,主板,深市,主板,801080.SI,电子,801086.SI,电子化学品Ⅱ,电子化学品Ⅱ,L,20150216,4244,11.62,24.91,-6.0,9.848,False,True,True,0,0,0,0,True,
002742.SZ,002742,002742,冀衡医药,主板,深市,主板,801150.SI,医药生物,801151.SI,化学制药,化学制药,L,20150217,4243,11.62,4.16,1.463,9.524,False,True,True,0,0,0,0,True,
002745.SZ,002745,002745,木林森,主板,深市,主板,801080.SI,电子,801084.SI,光学光电子,光学光电子,L,20150217,4243,11.62,11.56,-2.612,10.169,False,True,True,0,0,0,0,True,
002746.SZ,002746,002746,仙坛股份,主板,深市,主板,801010.SI,农林牧渔,801017.SI,养殖业,养殖业,L,20150216,4244,11.62,6.22,0.161,9.524,False,True,True,0,0,0,0,True,
002747.SZ,002747,002747,埃斯顿,主板,深市,主板,801890.SI,机械设备,801078.SI,自动化设备,自动化设备,L,20150320,4212,11.53,28.22,0.213,10.811,False,True,True,0,0,0,0,True,
002748.SZ,002748,002748,世龙实业,主板,深市,主板,801030.SI,基础化工,801033.SI,化学原料,化学原料,L,20150319,4213,11.53,12.09,0.75,14.167,False,True,True,0,0,0,0,True,
002749.SZ,002749,002749,国光股份,主板,深市,主板,801030.SI,基础化工,801038.SI,农化制品,农化制品,L,20150320,4212,11.53,8.51,1.673,29.885,False,True,True,0,0,0,0,True,
002752.SZ,002752,002752,昇兴股份,主板,深市,主板,801140.SI,轻工制造,801141.SI,包装印刷,包装印刷,L,20150422,4179,11.44,6.09,0.995,8.197,False,True,True,0,0,0,0,True,
002753.SZ,002753,002753,永东股份,主板,深市,主板,801030.SI,基础化工,801037.SI,橡胶,橡胶,L,20150519,4152,11.37,6.74,0.898,5.97,False,True,True,0,0,0,0,True,
002755.SZ,002755,002755,奥赛康,主板,深市,主板,801150.SI,医药生物,801151.SI,化学制药,化学制药,L,20150515,4156,11.38,13.55,9.984,18.605,False,True,True,0,0,0,0,True,
002756.SZ,002756,002756,永兴材料,主板,深市,主板,801050.SI,有色金属,801056.SI,能源金属,能源金属,L,20150515,4156,11.38,38.99,0.88,17.5,False,True,True,0,0,0,0,True,
002757.SZ,002757,002757,南兴股份,主板,深市,主板,801890.SI,机械设备,801074.SI,专用设备,专用设备,L,20150527,4144,11.35,18.43,-2.332,10.995,False,True,True,0,0,0,0,True,
002758.SZ,002758,002758,浙农股份,主板,深市,主板,801030.SI,基础化工,801038.SI,农化制品,农化制品,L,20150527,4144,11.35,8.48,0.832,13.636,False,True,True,0,0,0,0,True,
002760.SZ,002760,002760,凤形股份,主板,深市,主板,801890.SI,机械设备,801072.SI,通用设备,通用设备,L,20150611,4129,11.3,18.05,1.405,8.475,False,True,True,0,0,0,0,True,
002761.SZ,002761,002761,浙江建投,主板,深市,主板,801720.SI,建筑装饰,801721.SI,房屋建设Ⅱ,房屋建设Ⅱ,L,20150610,4130,11.31,7.68,3.924,11.111,False,True,True,0,0,0,0,True,
002762.SZ,002762,002762,金发拉比,主板,深市,主板,801130.SI,纺织服饰,801132.SI,服装家纺,服装家纺,L,20150610,4130,11.31,9.26,-0.108,10.204,False,True,True,0,0,0,2,True,
002763.SZ,002763,002763,汇洁股份,主板,深市,主板,801130.SI,纺织服饰,801132.SI,服装家纺,服装家纺,L,20150610,4130,11.31,7.36,-0.136,6.757,False,True,True,0,0,0,0,True,
002765.SZ,002765,002765,蓝黛科技,主板,深市,主板,801880.SI,汽车,801093.SI,汽车零部件,汽车零部件,L,20150612,4128,11.3,6.75,-1.026,10.0,False,True,True,0,0,0,0,True,
002766.SZ,002766,002766,索菱股份,主板,深市,主板,801880.SI,汽车,801093.SI,汽车零部件,汽车零部件,L,20150611,4129,11.3,4.02,-0.248,9.524,False,True,True,0,0,0,0,True,
002767.SZ,002767,002767,先锋电子,主板,深市,主板,801890.SI,机械设备,801072.SI,通用设备,通用设备,L,20150612,4128,11.3,18.16,-1.251,9.945,False,True,True,0,0,0,0,True,
002768.SZ,002768,002768,国恩股份,主板,深市,主板,801030.SI,基础化工,801036.SI,塑料,塑料,L,20150630,4110,11.25,69.81,-1.704,15.217,False,True,True,0,0,0,0,True,
002769.SZ,002769,002769,普路通,主板,深市,主板,801170.SI,交通运输,801178.SI,物流,物流,L,20150629,4111,11.26,6.72,-1.466,16.176,False,True,True,0,0,0,0,True,
002771.SZ,002771,002771,真视通,主板,深市,主板,801750.SI,计算机,801103.SI,IT服务Ⅱ,IT服务Ⅱ,L,20150629,4111,11.26,13.64,-2.71,6.522,False,True,True,0,0,0,0,True,
002772.SZ,002772,002772,众兴菌业,主板,深市,主板,801010.SI,农林牧渔,801016.SI,种植业,种植业,L,20150626,4114,11.26,10.58,1.829,14.545,False,True,True,0,0,0,0,True,
002773.SZ,002773,002773,康弘药业,主板,深市,主板,801150.SI,医药生物,801152.SI,生物制品,生物制品,L,20150626,4114,11.26,21.8,-2.461,14.815,False,True,True,0,0,0,0,True,
002774.SZ,002774,002774,快意电梯,主板,深市,主板,801890.SI,机械设备,801074.SI,专用设备,专用设备,L,20170324,3477,9.52,17.31,3.282,10.059,False,True,True,0,0,0,0,True,
002775.SZ,002775,002775,文科股份,主板,深市,主板,801720.SI,建筑装饰,801723.SI,基础建设,基础建设,L,20150629,4111,11.26,3.44,0.585,14.286,False,True,True,0,0,0,0,True,
002777.SZ,002777,002777,久远银海,主板,深市,主板,801750.SI,计算机,801103.SI,IT服务Ⅱ,IT服务Ⅱ,L,20151231,3926,10.75,12.65,-0.394,6.25,False,True,True,0,0,0,0,True,
002778.SZ,002778,002778,中晟高科,主板,深市,主板,801970.SI,环保,801971.SI,环境治理,环境治理,L,20160106,3920,10.73,15.84,-0.252,13.208,False,True,True,0,0,0,0,True,
002779.SZ,002779,002779,中坚科技,主板,深市,主板,801890.SI,机械设备,801074.SI,专用设备,专用设备,L,20151209,3948,10.81,75.49,-1.126,14.545,False,True,True,0,0,0,0,True,
002780.SZ,002780,002780,三夫户外,主板,深市,主板,801130.SI,纺织服饰,801132.SI,服装家纺,服装家纺,L,20151209,3948,10.81,14.5,-0.956,10.274,False,True,True,0,0,0,0,True,
002782.SZ,002782,002782,可立克,主板,深市,主板,801080.SI,电子,801082.SI,其他电子Ⅱ,其他电子Ⅱ,L,20151222,3935,10.77,13.99,-2.509,10.526,False,True,True,0,0,0,0,True,
002783.SZ,002783,002783,凯龙股份,主板,深市,主板,801030.SI,基础化工,801034.SI,化学制品,化学制品,L,20151209,3948,10.81,8.13,0.994,7.595,False,True,True,0,0,0,0,True,
002785.SZ,002785,002785,万里石,主板,深市,主板,801710.SI,建筑材料,801713.SI,装修建材,装修建材,L,20151223,3934,10.77,33.91,-2.92,17.886,False,True,True,0,0,0,0,True,
002786.SZ,002786,002786,银宝山新,主板,深市,主板,801890.SI,机械设备,801074.SI,专用设备,专用设备,L,20151223,3934,10.77,7.56,-0.395,6.41,False,True,True,0,0,0,0,True,
002787.SZ,002787,002787,华源控股,主板,深市,主板,801140.SI,轻工制造,801141.SI,包装印刷,包装印刷,L,20151231,3926,10.75,25.51,0.433,11.811,False,True,True,0,0,0,0,True,
002788.SZ,002788,002788,鹭燕医药,主板,深市,主板,801150.SI,医药生物,801154.SI,医药商业,医药商业,L,20160218,3877,10.61,10.76,1.798,9.091,False,True,True,0,0,0,0,True,
002790.SZ,002790,002790,瑞尔特,主板,深市,主板,801140.SI,轻工制造,801142.SI,家居用品,家居用品,L,20160308,3858,10.56,6.44,-0.77,4.615,False,True,True,0,0,0,0,True,
002791.SZ,002791,002791,坚朗五金,主板,深市,主板,801710.SI,建筑材料,801713.SI,装修建材,装修建材,L,20160329,3837,10.51,15.95,1.787,8.333,False,True,True,0,0,0,0,True,
002792.SZ,002792,002792,通宇通讯,主板,深市,主板,801770.SI,通信,801102.SI,通信设备,通信设备,L,20160328,3838,10.51,28.82,-4.79,14.545,False,True,True,0,0,0,0,True,
002793.SZ,002793,002793,罗欣药业,主板,深市,主板,801150.SI,医药生物,801151.SI,化学制药,化学制药,L,20160415,3820,10.46,4.82,0.417,12.5,False,True,True,0,0,0,0,True,
002795.SZ,002795,002795,永和智控,主板,深市,主板,801890.SI,机械设备,801072.SI,通用设备,通用设备,L,20160428,3807,10.42,7.23,-2.297,9.333,False,True,True,0,0,0,0,True,
002796.SZ,002796,002796,世嘉科技,主板,深市,主板,801770.SI,通信,801102.SI,通信设备,通信设备,L,20160510,3795,10.39,25.94,-2.518,16.0,False,True,True,0,0,0,0,True,
002797.SZ,002797,002797,第一创业,主板,深市,主板,801790.SI,非银金融,801193.SI,证券Ⅱ,证券Ⅱ,L,20160511,3794,10.39,6.12,0.164,6.154,False,True,True,0,0,0,0,True,
002798.SZ,002798,002798,帝欧水华,主板,深市,主板,801140.SI,轻工制造,801142.SI,家居用品,家居用品,L,20160525,3780,10.35,6.58,-0.152,19.048,False,True,True,0,0,0,0,True,
002799.SZ,002799,002799,环球印务,主板,深市,主板,801140.SI,轻工制造,801141.SI,包装印刷,包装印刷,L,20160608,3766,10.31,7.32,-3.046,17.143,False,True,True,0,0,0,0,True,
002800.SZ,002800,002800,天顺股份,主板,深市,主板,801170.SI,交通运输,801178.SI,物流,物流,L,20160530,3775,10.34,14.98,0.604,14.286,False,True,True,0,0,0,0,True,
002801.SZ,002801,002801,微光股份,主板,深市,主板,801730.SI,电力设备,801731.SI,电机Ⅱ,电机Ⅱ,L,20160622,3752,10.27,26.61,-0.3,15.942,False,True,True,0,0,0,0,True,
002802.SZ,002802,002802,洪汇新材,主板,深市,主板,801030.SI,基础化工,801034.SI,化学制品,化学制品,L,20160629,3745,10.25,12.36,-0.483,15.833,False,True,True,0,0,0,0,True,
002803.SZ,002803,002803,吉宏股份,主板,深市,主板,801200.SI,商贸零售,801206.SI,互联网电商,互联网电商,L,20160712,3732,10.22,20.24,-4.483,6.931,False,True,True,0,0,0,0,True,
002805.SZ,002805,002805,丰元股份,主板,深市,主板,801730.SI,电力设备,801737.SI,电池,电池,L,20160707,3737,10.23,16.06,2.293,17.857,False,True,True,0,0,0,0,True,
002806.SZ,002806,002806,华锋股份,主板,深市,主板,801880.SI,汽车,801093.SI,汽车零部件,汽车零部件,L,20160726,3718,10.18,14.47,-3.211,6.0,False,True,True,0,0,0,0,True,
002807.SZ,002807,002807,江阴银行,主板,深市,主板,801780.SI,银行,801785.SI,农商行Ⅱ,农商行Ⅱ,L,20160902,3680,10.08,4.2,0.962,7.317,False,True,True,0,0,0,0,True,
002809.SZ,002809,002809,红墙股份,主板,深市,主板,801030.SI,基础化工,801034.SI,化学制品,化学制品,L,20160823,3690,10.1,8.57,0.234,7.143,False,True,True,0,0,0,0,True,
002810.SZ,002810,002810,山东赫达,主板,深市,主板,801030.SI,基础化工,801034.SI,化学制品,化学制品,L,20160826,3687,10.09,20.2,0.648,8.824,False,True,True,0,0,0,0,True,
002811.SZ,002811,002811,郑中设计,主板,深市,主板,801720.SI,建筑装饰,801722.SI,装修装饰Ⅱ,装修装饰Ⅱ,L,20160908,3674,10.06,16.97,3.35,18.239,False,True,True,0,0,0,0,True,
002812.SZ,002812,002812,恩捷股份,主板,深市,主板,801730.SI,电力设备,801737.SI,电池,电池,L,20160914,3668,10.04,45.51,-0.175,20.0,False,True,True,0,0,0,0,True,
002815.SZ,002815,002815,崇达技术,主板,深市,主板,801080.SI,电子,801083.SI,元件,元件,L,20161012,3640,9.97,23.01,-5.851,10.084,False,True,True,0,0,0,0,True,
002817.SZ,002817,002817,黄山胶囊,主板,深市,主板,801150.SI,医药生物,801151.SI,化学制药,化学制药,L,20161025,3627,9.93,6.8,-0.585,10.606,False,True,True,0,0,0,0,True,
002818.SZ,002818,002818,富森美,主板,深市,主板,801200.SI,商贸零售,801203.SI,一般零售,一般零售,L,20161109,3612,9.89,11.22,0.809,8.571,False,True,True,0,0,0,0,True,
002819.SZ,002819,002819,东方中科,主板,深市,主板,801890.SI,机械设备,801072.SI,通用设备,通用设备,L,20161111,3610,9.88,23.73,-3.849,21.667,False,True,True,0,0,0,0,True,
002820.SZ,002820,002820,桂发祥,主板,深市,主板,801120.SI,食品饮料,801128.SI,休闲食品,休闲食品,L,20161118,3603,9.86,9.87,0.509,8.163,False,True,True,0,0,0,0,True,
002821.SZ,002821,002821,凯莱英,主板,深市,主板,801150.SI,医药生物,801156.SI,医疗服务,医疗服务,L,20161118,3603,9.86,188.62,5.304,11.765,False,True,True,0,0,0,0,True,
002823.SZ,002823,002823,凯中精密,主板,深市,主板,801730.SI,电力设备,801731.SI,电机Ⅱ,电机Ⅱ,L,20161124,3597,9.85,12.72,-0.235,6.25,False,True,True,0,0,0,0,True,
002824.SZ,002824,002824,和胜股份,主板,深市,主板,801050.SI,有色金属,801055.SI,工业金属,工业金属,L,20170112,3548,9.71,24.16,-4.241,14.894,False,True,True,0,0,0,0,True,
002825.SZ,002825,002825,纳尔股份,主板,深市,主板,801030.SI,基础化工,801036.SI,塑料,塑料,L,20161129,3592,9.83,9.22,-0.324,18.085,False,True,True,0,0,0,0,True,
002826.SZ,002826,002826,易明医药,主板,深市,主板,801150.SI,医药生物,801151.SI,化学制药,化学制药,L,20161209,3582,9.81,17.59,-0.396,5.714,False,True,True,0,0,0,0,True,
002827.SZ,002827,002827,高争民爆,主板,深市,主板,801030.SI,基础化工,801034.SI,化学制品,化学制品,L,20161209,3582,9.81,59.0,-4.9,22.807,False,True,True,0,0,0,0,True,
002829.SZ,002829,002829,星网宇达,主板,深市,主板,801740.SI,国防军工,801741.SI,航天装备Ⅱ,航天装备Ⅱ,L,20161213,3578,9.8,19.17,-1.236,8.458,False,True,True,0,0,0,0,True,
002830.SZ,002830,002830,名雕股份,主板,深市,主板,801720.SI,建筑装饰,801722.SI,装修装饰Ⅱ,装修装饰Ⅱ,L,20161213,3578,9.8,14.88,-0.932,6.711,False,True,True,0,0,0,0,True,
002831.SZ,002831,002831,裕同科技,主板,深市,主板,801140.SI,轻工制造,801141.SI,包装印刷,包装印刷,L,20161216,3575,9.79,27.29,-1.905,11.594,False,True,True,0,0,0,0,True,
002832.SZ,002832,002832,比音勒芬,主板,深市,主板,801130.SI,纺织服饰,801132.SI,服装家纺,服装家纺,L,20161223,3568,9.77,25.93,2.571,7.143,False,True,True,0,0,0,0,True,
002833.SZ,002833,002833,弘亚数控,主板,深市,主板,801890.SI,机械设备,801074.SI,专用设备,专用设备,L,20161228,3563,9.75,19.33,2.929,8.242,False,True,True,0,0,0,0,True,
002835.SZ,002835,002835,同为股份,主板,深市,主板,801750.SI,计算机,801101.SI,计算机设备,计算机设备,L,20161228,3563,9.75,13.19,-0.678,10.236,False,True,True,0,0,0,0,True,
002836.SZ,002836,002836,新宏泽,主板,深市,主板,801140.SI,轻工制造,801141.SI,包装印刷,包装印刷,L,20161229,3562,9.75,12.12,-0.899,13.793,False,True,True,0,0,0,0,True,
002837.SZ,002837,002837,英维克,主板,深市,主板,801890.SI,机械设备,801074.SI,专用设备,专用设备,L,20161229,3562,9.75,53.95,-2.933,15.686,False,True,True,0,0,0,0,True,
002838.SZ,002838,002838,道恩股份,主板,深市,主板,801030.SI,基础化工,801036.SI,塑料,塑料,L,20170106,3554,9.73,24.55,1.741,16.667,False,True,True,0,0,0,0,True,
002839.SZ,002839,002839,张家港行,主板,深市,主板,801780.SI,银行,801785.SI,农商行Ⅱ,农商行Ⅱ,L,20170124,3536,9.68,4.31,1.412,4.651,False,True,True,0,0,0,0,True,
002840.SZ,002840,002840,华统股份,主板,深市,主板,801120.SI,食品饮料,801124.SI,食品加工,食品加工,L,20170110,3550,9.72,8.19,2.632,14.458,False,True,True,0,0,0,0,True,
002841.SZ,002841,002841,视源股份,主板,深市,主板,801080.SI,电子,801085.SI,消费电子,消费电子,L,20170119,3541,9.69,45.18,1.574,10.256,False,True,True,0,0,0,0,True,
002842.SZ,002842,002842,翔鹭钨业,主板,深市,主板,801050.SI,有色金属,801054.SI,小金属,小金属,L,20170119,3541,9.69,30.81,-0.901,12.139,False,True,True,0,0,0,0,True,
002843.SZ,002843,002843,泰嘉股份,主板,深市,主板,801890.SI,机械设备,801072.SI,通用设备,通用设备,L,20170120,3540,9.69,14.72,-1.142,9.259,False,True,True,0,0,0,0,True,
002845.SZ,002845,002845,同兴达,主板,深市,主板,801080.SI,电子,801084.SI,光学光电子,光学光电子,L,20170125,3535,9.68,13.59,-1.948,10.219,False,True,True,0,0,0,0,True,
002846.SZ,002846,002846,英联股份,主板,深市,主板,801140.SI,轻工制造,801141.SI,包装印刷,包装印刷,L,20170207,3522,9.64,11.5,-3.199,7.759,False,True,True,0,0,0,0,True,
002847.SZ,002847,002847,盐津铺子,主板,深市,主板,801120.SI,食品饮料,801128.SI,休闲食品,休闲食品,L,20170208,3521,9.64,43.41,1.307,19.231,False,True,True,0,0,0,0,True,
002848.SZ,002848,002848,高斯贝尔,主板,深市,主板,801110.SI,家用电器,801112.SI,黑色家电,黑色家电,L,20170213,3516,9.63,14.42,-3.091,5.263,False,True,True,0,0,0,2,True,
002849.SZ,002849,002849,威星智能,主板,深市,主板,801890.SI,机械设备,801072.SI,通用设备,通用设备,L,20170217,3512,9.62,21.37,-7.967,10.917,False,True,True,0,0,0,0,True,
002850.SZ,002850,002850,科达利,主板,深市,主板,801730.SI,电力设备,801737.SI,电池,电池,L,20170302,3499,9.58,155.8,-1.498,13.636,False,True,True,0,0,0,0,True,
002851.SZ,002851,002851,麦格米特,主板,深市,主板,801730.SI,电力设备,801733.SI,其他电源设备Ⅱ,其他电源设备Ⅱ,L,20170306,3495,9.57,115.72,-2.346,6.897,False,True,True,0,0,0,0,True,
002852.SZ,002852,002852,道道全,主板,深市,主板,801010.SI,农林牧渔,801012.SI,农产品加工,农产品加工,L,20170310,3491,9.56,8.69,1.046,9.524,False,True,True,0,0,0,0,True,
002853.SZ,002853,002853,皮阿诺,主板,深市,主板,801140.SI,轻工制造,801142.SI,家居用品,家居用品,L,20170310,3491,9.56,21.16,1.341,11.111,False,True,True,0,0,0,0,True,
002855.SZ,002855,002855,捷荣技术,主板,深市,主板,801080.SI,电子,801085.SI,消费电子,消费电子,L,20170321,3480,9.53,12.45,-1.033,19.231,False,True,True,0,0,0,0,True,
002857.SZ,002857,002857,三晖电气,主板,深市,主板,801730.SI,电力设备,801738.SI,电网设备,电网设备,L,20170323,3478,9.52,17.69,-0.618,16.854,False,True,True,0,0,0,0,True,
002858.SZ,002858,002858,力盛体育,主板,深市,主板,801210.SI,社会服务,801216.SI,体育Ⅱ,体育Ⅱ,L,20170324,3477,9.52,11.63,-0.257,6.897,False,True,True,0,0,0,0,True,
002859.SZ,002859,002859,洁美科技,主板,深市,主板,801080.SI,电子,801082.SI,其他电子Ⅱ,其他电子Ⅱ,L,20170407,3463,9.48,59.14,-1.071,11.712,False,True,True,0,0,0,0,True,
002861.SZ,002861,002861,瀛通通讯,主板,深市,主板,801080.SI,电子,801085.SI,消费电子,消费电子,L,20170413,3457,9.46,14.04,-1.474,12.838,False,True,True,0,0,0,0,True,
002862.SZ,002862,002862,实丰文化,主板,深市,主板,801140.SI,轻工制造,801145.SI,文娱用品,文娱用品,L,20170411,3459,9.47,14.66,-3.298,6.494,False,True,True,0,0,0,0,True,
002863.SZ,002863,002863,今飞凯达,主板,深市,主板,801880.SI,汽车,801093.SI,汽车零部件,汽车零部件,L,20170418,3452,9.45,4.76,-0.833,8.511,False,True,True,0,0,0,0,True,
002864.SZ,002864,002864,盘龙药业,主板,深市,主板,801150.SI,医药生物,801155.SI,中药Ⅱ,中药Ⅱ,L,20171116,3240,8.87,21.05,0.718,8.372,False,True,True,0,0,0,0,True,
002865.SZ,002865,002865,钧达股份,主板,深市,主板,801730.SI,电力设备,801735.SI,光伏设备,光伏设备,L,20170425,3445,9.43,36.44,1.194,14.894,False,True,True,0,0,0,0,True,
002866.SZ,002866,002866,传艺科技,主板,深市,主板,801080.SI,电子,801085.SI,消费电子,消费电子,L,20170426,3444,9.43,16.9,10.026,15.232,False,True,True,0,0,0,0,True,
002867.SZ,002867,002867,周大生,主板,深市,主板,801130.SI,纺织服饰,801133.SI,饰品,饰品,L,20170427,3443,9.43,10.14,0.895,18.261,False,True,True,0,0,0,0,True,
002868.SZ,002868,002868,绿康生化,主板,深市,主板,801010.SI,农林牧渔,801018.SI,动物保健Ⅱ,动物保健Ⅱ,L,20170503,3437,9.41,22.3,1.364,13.793,False,True,True,0,0,0,0,True,
002869.SZ,002869,002869,金溢科技,主板,深市,主板,801750.SI,计算机,801101.SI,计算机设备,计算机设备,L,20170515,3425,9.38,17.4,2.173,11.377,False,True,True,0,0,0,0,True,
002871.SZ,002871,002871,伟隆股份,主板,深市,主板,801890.SI,机械设备,801072.SI,通用设备,通用设备,L,20170511,3429,9.39,16.98,-2.638,13.333,False,True,True,0,0,0,0,True,
002873.SZ,002873,002873,新天药业,主板,深市,主板,801150.SI,医药生物,801155.SI,中药Ⅱ,中药Ⅱ,L,20170519,3421,9.37,8.55,0.0,7.143,False,True,True,0,0,0,0,True,
002875.SZ,002875,002875,安奈儿,主板,深市,主板,801130.SI,纺织服饰,801132.SI,服装家纺,服装家纺,L,20170601,3408,9.33,12.7,-1.321,10.606,False,True,True,0,0,0,0,True,
002876.SZ,002876,002876,三利谱,主板,深市,主板,801080.SI,电子,801084.SI,光学光电子,光学光电子,L,20170525,3415,9.35,31.3,-0.096,9.615,False,True,True,0,0,0,0,True,
002877.SZ,002877,002877,智能自控,主板,深市,主板,801890.SI,机械设备,801072.SI,通用设备,通用设备,L,20170605,3404,9.32,7.46,-0.93,6.757,False,True,True,0,0,0,0,True,
002878.SZ,002878,002878,元隆雅图,主板,深市,主板,801760.SI,传媒,801765.SI,广告营销,广告营销,L,20170606,3403,9.32,12.68,-1.4,7.143,False,True,True,0,0,0,0,True,
002879.SZ,002879,002879,长缆科技,主板,深市,主板,801730.SI,电力设备,801738.SI,电网设备,电网设备,L,20170707,3372,9.23,16.88,-1.632,5.848,False,True,True,0,0,0,0,True,
002880.SZ,002880,002880,卫光生物,主板,深市,主板,801150.SI,医药生物,801152.SI,生物制品,生物制品,L,20170616,3393,9.29,22.23,2.301,21.818,False,True,True,0,0,0,0,True,
002881.SZ,002881,002881,美格智能,主板,深市,主板,801770.SI,通信,801102.SI,通信设备,通信设备,L,20170622,3387,9.27,42.41,1.097,13.514,False,True,True,0,0,0,0,True,
002882.SZ,002882,002882,金龙羽,主板,深市,主板,801730.SI,电力设备,801738.SI,电网设备,电网设备,L,20170717,3362,9.2,24.98,1.918,11.392,False,True,True,0,0,0,0,True,
002884.SZ,002884,002884,凌霄泵业,主板,深市,主板,801890.SI,机械设备,801072.SI,通用设备,通用设备,L,20170711,3368,9.22,15.38,0.786,11.25,False,True,True,0,0,0,0,True,
002885.SZ,002885,002885,京泉华,主板,深市,主板,801080.SI,电子,801082.SI,其他电子Ⅱ,其他电子Ⅱ,L,20170627,3382,9.26,25.78,-2.827,9.091,False,True,True,0,0,0,0,True,
002886.SZ,002886,002886,沃特股份,主板,深市,主板,801030.SI,基础化工,801036.SI,塑料,塑料,L,20170627,3382,9.26,23.64,-4.446,10.547,False,True,True,0,0,0,0,True,
002887.SZ,002887,002887,绿茵生态,主板,深市,主板,801970.SI,环保,801971.SI,环境治理,环境治理,L,20170801,3347,9.16,8.73,-1.244,12.766,False,True,True,0,0,0,0,True,
002888.SZ,002888,002888,惠威科技,主板,深市,主板,801080.SI,电子,801085.SI,消费电子,消费电子,L,20170721,3358,9.19,18.6,-0.641,10.526,False,True,True,0,0,0,0,True,
002889.SZ,002889,002889,东方嘉盛,主板,深市,主板,801170.SI,交通运输,801178.SI,物流,物流,L,20170731,3348,9.17,12.04,-0.331,8.197,False,True,True,0,0,0,0,True,
002890.SZ,002890,002890,弘宇股份,主板,深市,主板,801890.SI,机械设备,801074.SI,专用设备,专用设备,L,20170802,3346,9.16,15.13,-0.264,13.514,False,True,True,0,0,0,0,True,
002891.SZ,002891,002891,中宠股份,主板,深市,主板,801010.SI,农林牧渔,801014.SI,饲料,饲料,L,20170821,3327,9.11,27.73,1.501,14.634,False,True,True,0,0,0,0,True,
002892.SZ,002892,002892,科力尔,主板,深市,主板,801730.SI,电力设备,801731.SI,电机Ⅱ,电机Ⅱ,L,20170817,3331,9.12,8.52,-0.234,12.088,False,True,True,0,0,0,0,True,
002893.SZ,002893,002893,京能热力,主板,深市,主板,801160.SI,公用事业,801161.SI,电力,电力,L,20170915,3302,9.04,10.71,4.082,5.769,False,True,True,0,0,0,0,True,
002895.SZ,002895,002895,川恒股份,主板,深市,主板,801030.SI,基础化工,801038.SI,农化制品,农化制品,L,20170825,3323,9.1,30.35,1.234,12.195,False,True,True,0,0,0,0,True,
002896.SZ,002896,002896,中大力德,主板,深市,主板,801890.SI,机械设备,801072.SI,通用设备,通用设备,L,20170829,3319,9.09,59.62,-2.038,12.821,False,True,True,0,0,0,0,True,
002897.SZ,002897,002897,意华股份,主板,深市,主板,801770.SI,通信,801102.SI,通信设备,通信设备,L,20170907,3310,9.06,57.99,-0.804,18.367,False,True,True,0,0,0,0,True,
002899.SZ,002899,002899,英派斯,主板,深市,主板,801140.SI,轻工制造,801145.SI,文娱用品,文娱用品,L,20170915,3302,9.04,20.4,-0.391,8.955,False,True,True,0,0,0,0,True,
002900.SZ,002900,002900,哈三联,主板,深市,主板,801150.SI,医药生物,801151.SI,化学制药,化学制药,L,20170922,3295,9.02,12.97,-0.077,3.876,False,True,True,0,0,0,0,True,
002901.SZ,002901,002901,大博医疗,主板,深市,主板,801150.SI,医药生物,801153.SI,医疗器械,医疗器械,L,20170922,3295,9.02,40.86,0.74,15.909,False,True,True,0,0,0,0,True,
002902.SZ,002902,002902,铭普光磁,主板,深市,主板,801770.SI,通信,801102.SI,通信设备,通信设备,L,20170929,3288,9.0,25.64,-1.95,15.603,False,True,True,0,0,0,0,True,
002903.SZ,002903,002903,宇环数控,主板,深市,主板,801890.SI,机械设备,801072.SI,通用设备,通用设备,L,20171013,3274,8.96,27.97,-2.271,9.302,False,True,True,0,0,0,0,True,
002905.SZ,002905,002905,金逸影视,主板,深市,主板,801760.SI,传媒,801766.SI,影视院线,影视院线,L,20171016,3271,8.96,8.72,-1.469,16.667,False,True,True,0,0,0,0,True,
002907.SZ,002907,002907,华森制药,主板,深市,主板,801150.SI,医药生物,801155.SI,中药Ⅱ,中药Ⅱ,L,20171020,3267,8.94,14.9,3.329,10.204,False,True,True,0,0,0,0,True,
002908.SZ,002908,002908,德生科技,主板,深市,主板,801750.SI,计算机,801103.SI,IT服务Ⅱ,IT服务Ⅱ,L,20171020,3267,8.94,7.03,-1.403,8.451,False,True,True,0,0,0,0,True,
002909.SZ,002909,002909,集泰股份,主板,深市,主板,801030.SI,基础化工,801034.SI,化学制品,化学制品,L,20171026,3261,8.93,6.71,-4.823,7.246,False,True,True,0,0,0,0,True,
002910.SZ,002910,002910,庄园牧场,主板,深市,主板,801120.SI,食品饮料,801127.SI,饮料乳品,饮料乳品,L,20171031,3256,8.91,10.31,2.079,8.911,False,True,True,0,0,0,0,True,
002911.SZ,002911,002911,佛燃能源,主板,深市,主板,801160.SI,公用事业,801163.SI,燃气Ⅱ,燃气Ⅱ,L,20171122,3234,8.85,11.21,0.719,40.351,False,True,True,0,0,0,0,True,
002912.SZ,002912,002912,中新赛克,主板,深市,主板,801750.SI,计算机,801101.SI,计算机设备,计算机设备,L,20171121,3235,8.86,26.6,-8.654,12.5,False,True,True,0,0,0,0,True,
002913.SZ,002913,002913,奥士康,主板,深市,主板,801080.SI,电子,801083.SI,元件,元件,L,20171201,3225,8.83,92.3,1.339,13.514,False,True,True,0,0,0,0,True,
002915.SZ,002915,002915,中欣氟材,主板,深市,主板,801030.SI,基础化工,801034.SI,化学制品,化学制品,L,20171205,3221,8.82,16.24,-0.184,10.112,False,True,True,0,0,0,0,True,
002916.SZ,002916,002916,深南电路,主板,深市,主板,801080.SI,电子,801083.SI,元件,元件,L,20171213,3213,8.8,373.01,-0.69,18.889,False,True,True,0,0,0,0,True,
002917.SZ,002917,002917,金奥博,主板,深市,主板,801030.SI,基础化工,801034.SI,化学制品,化学制品,L,20171208,3218,8.81,10.03,-0.298,7.767,False,True,True,0,0,0,0,True,
002918.SZ,002918,002918,蒙娜丽莎,主板,深市,主板,801140.SI,轻工制造,801142.SI,家居用品,家居用品,L,20171219,3207,8.78,10.64,1.141,7.273,False,True,True,0,0,0,0,True,
002919.SZ,002919,002919,名臣健康,主板,深市,主板,801760.SI,传媒,801764.SI,游戏Ⅱ,游戏Ⅱ,L,20171218,3208,8.78,15.59,-3.168,16.279,False,True,True,0,0,0,0,True,
002920.SZ,002920,002920,德赛西威,主板,深市,主板,801750.SI,计算机,801104.SI,软件开发,软件开发,L,20171226,3200,8.76,79.28,0.038,15.686,False,True,True,0,0,0,0,True,
002921.SZ,002921,002921,联诚精密,主板,深市,主板,801880.SI,汽车,801093.SI,汽车零部件,汽车零部件,L,20171227,3199,8.76,19.7,-0.656,12.857,False,True,True,0,0,0,0,True,
002922.SZ,002922,002922,伊戈尔,主板,深市,主板,801080.SI,电子,801082.SI,其他电子Ⅱ,其他电子Ⅱ,L,20171229,3197,8.75,21.44,-0.186,13.559,False,True,True,0,0,0,0,True,
002923.SZ,002923,002923,润都股份,主板,深市,主板,801150.SI,医药生物,801151.SI,化学制药,化学制药,L,20180105,3190,8.73,11.03,3.084,6.306,False,True,True,0,0,0,0,True,
002925.SZ,002925,002925,盈趣科技,主板,深市,主板,801080.SI,电子,801085.SI,消费电子,消费电子,L,20180115,3180,8.71,22.2,-1.333,10.39,False,True,True,0,0,0,0,True,
002926.SZ,002926,002926,华西证券,主板,深市,主板,801790.SI,非银金融,801193.SI,证券Ⅱ,证券Ⅱ,L,20180205,3159,8.65,8.15,0.0,8.434,False,True,True,0,0,0,0,True,
002927.SZ,002927,002927,泰永长征,主板,深市,主板,801730.SI,电力设备,801738.SI,电网设备,电网设备,L,20180223,3141,8.6,18.71,-3.007,12.5,False,True,True,0,0,0,0,True,
002928.SZ,002928,002928,华夏航空,主板,深市,主板,801170.SI,交通运输,801991.SI,航空机场,航空机场,L,20180302,3134,8.58,6.37,4.085,7.937,False,True,True,0,0,0,0,True,
002929.SZ,002929,002929,润建股份,主板,深市,主板,801770.SI,通信,801223.SI,通信服务,通信服务,L,20180301,3135,8.58,46.11,-2.701,9.375,False,True,True,0,0,0,0,True,
002930.SZ,002930,002930,宏川智慧,主板,深市,主板,801170.SI,交通运输,801178.SI,物流,物流,L,20180328,3108,8.51,8.93,-1.107,13.333,False,True,True,0,0,0,0,True,
002931.SZ,002931,002931,锋龙股份,主板,深市,主板,801890.SI,机械设备,801072.SI,通用设备,通用设备,L,20180403,3102,8.49,39.34,0.898,21.622,False,True,True,0,0,0,0,True,
002933.SZ,002933,002933,新兴装备,主板,深市,主板,801740.SI,国防军工,801742.SI,航空装备Ⅱ,航空装备Ⅱ,L,20180828,2955,8.09,27.37,-2.04,11.852,False,True,True,0,0,0,0,True,
002935.SZ,002935,002935,天奥电子,主板,深市,主板,801740.SI,国防军工,801745.SI,军工电子Ⅱ,军工电子Ⅱ,L,20180903,2949,8.07,17.57,-2.982,25.287,False,True,True,0,0,0,0,True,
002936.SZ,002936,002936,郑州银行,主板,深市,主板,801780.SI,银行,801784.SI,城商行Ⅱ,城商行Ⅱ,L,20180919,2933,8.03,1.74,1.754,5.882,False,True,True,0,0,0,0,True,
002937.SZ,002937,002937,兴瑞科技,主板,深市,主板,801880.SI,汽车,801093.SI,汽车零部件,汽车零部件,L,20180926,2926,8.01,25.21,-3.705,12.632,False,True,True,0,0,0,0,True,
002938.SZ,002938,002938,鹏鼎控股,主板,深市,主板,801080.SI,电子,801083.SI,元件,元件,L,20180918,2934,8.03,79.55,-0.5,21.429,False,True,True,0,0,0,0,True,
002939.SZ,002939,002939,长城证券,主板,深市,主板,801790.SI,非银金融,801193.SI,证券Ⅱ,证券Ⅱ,L,20181026,2896,7.93,7.72,0.39,19.277,False,True,True,0,0,0,0,True,
002940.SZ,002940,002940,昂利康,主板,深市,主板,801150.SI,医药生物,801151.SI,化学制药,化学制药,L,20181023,2899,7.94,22.96,3.284,14.103,False,True,True,0,0,0,0,True,
002941.SZ,002941,002941,新疆交建,主板,深市,主板,801720.SI,建筑装饰,801723.SI,基础建设,基础建设,L,20181128,2863,7.84,10.54,0.765,11.321,False,True,True,0,0,0,0,True,
002942.SZ,002942,002942,新农股份,主板,深市,主板,801030.SI,基础化工,801038.SI,农化制品,农化制品,L,20181205,2856,7.82,17.06,3.206,15.294,False,True,True,0,0,0,0,True,
002943.SZ,002943,002943,宇晶股份,主板,深市,主板,801890.SI,机械设备,801072.SI,通用设备,通用设备,L,20181129,2862,7.84,28.28,-1.669,12.987,False,True,True,0,0,0,0,True,
002945.SZ,002945,002945,华林证券,主板,深市,主板,801790.SI,非银金融,801193.SI,证券Ⅱ,证券Ⅱ,L,20190117,2813,7.7,13.98,-1.062,26.174,False,True,True,0,0,0,0,True,
002946.SZ,002946,002946,新乳业,主板,深市,主板,801120.SI,食品饮料,801127.SI,饮料乳品,饮料乳品,L,20190125,2805,7.68,14.82,4.0,20.886,False,True,True,0,0,0,0,True,
002947.SZ,002947,002947,恒铭达,主板,深市,主板,801080.SI,电子,801085.SI,消费电子,消费电子,L,20190201,2798,7.66,55.98,-3.4,14.815,False,True,True,0,0,0,0,True,
002948.SZ,002948,002948,青岛银行,主板,深市,主板,801780.SI,银行,801784.SI,城商行Ⅱ,城商行Ⅱ,L,20190116,2814,7.7,6.15,1.653,13.333,False,True,True,0,0,0,0,True,
002949.SZ,002949,002949,华阳国际,主板,深市,主板,801720.SI,建筑装饰,801726.SI,工程咨询服务Ⅱ,工程咨询服务Ⅱ,L,20190226,2773,7.59,13.14,-4.367,10.606,False,True,True,0,0,0,0,True,
002950.SZ,002950,002950,奥美医疗,主板,深市,主板,801150.SI,医药生物,801153.SI,医疗器械,医疗器械,L,20190311,2760,7.56,8.54,1.425,10.0,False,True,True,0,0,0,0,True,
002951.SZ,002951,002951,金时科技,主板,深市,主板,801730.SI,电力设备,801733.SI,其他电源设备Ⅱ,其他电源设备Ⅱ,L,20190315,2756,7.55,15.61,-1.077,14.815,False,True,True,0,0,0,0,True,
002952.SZ,002952,002952,亚世光电,主板,深市,主板,801080.SI,电子,801084.SI,光学光电子,光学光电子,L,20190328,2743,7.51,19.05,-1.193,13.846,False,True,True,0,0,0,0,True,
002953.SZ,002953,002953,日丰股份,主板,深市,主板,801730.SI,电力设备,801738.SI,电网设备,电网设备,L,20190509,2701,7.39,9.87,-0.704,8.491,False,True,True,0,0,0,0,True,
002955.SZ,002955,002955,鸿合科技,主板,深市,主板,801080.SI,电子,801084.SI,光学光电子,光学光电子,L,20190523,2687,7.36,35.43,-1.665,12.397,False,True,True,0,0,0,0,True,
002956.SZ,002956,002956,西麦食品,主板,深市,主板,801120.SI,食品饮料,801128.SI,休闲食品,休闲食品,L,20190619,2660,7.28,17.57,0.688,11.494,False,True,True,0,0,0,0,True,
002957.SZ,002957,002957,科瑞技术,主板,深市,主板,801890.SI,机械设备,801078.SI,自动化设备,自动化设备,L,20190726,2623,7.18,35.28,-2.944,15.942,False,True,True,0,0,0,0,True,
002958.SZ,002958,002958,青农商行,主板,深市,主板,801780.SI,银行,801785.SI,农商行Ⅱ,农商行Ⅱ,L,20190326,2745,7.52,2.94,1.031,6.897,False,True,True,0,0,0,0,True,
002959.SZ,002959,002959,小熊电器,主板,深市,主板,801110.SI,家用电器,801113.SI,小家电,小家电,L,20190823,2595,7.1,35.52,-0.084,25.0,False,True,True,0,0,0,0,True,
002960.SZ,002960,002960,青鸟智控,主板,深市,主板,801890.SI,机械设备,801074.SI,专用设备,专用设备,L,20190809,2609,7.14,8.7,2.959,9.412,False,True,True,0,0,0,0,True,
002961.SZ,002961,002961,瑞达期货,主板,深市,主板,801790.SI,非银金融,801191.SI,多元金融,多元金融,L,20190905,2582,7.07,13.35,-1.33,8.889,False,True,True,0,0,0,0,True,
002962.SZ,002962,002962,五方光电,主板,深市,主板,801080.SI,电子,801084.SI,光学光电子,光学光电子,L,20190917,2570,7.04,16.17,10.0,13.605,False,True,True,0,0,0,0,True,
002963.SZ,002963,002963,豪尔赛,主板,深市,主板,801720.SI,建筑装饰,801722.SI,装修装饰Ⅱ,装修装饰Ⅱ,L,20191028,2529,6.92,21.59,-4.596,15.068,False,True,True,0,0,0,0,True,
002965.SZ,002965,002965,祥鑫科技,主板,深市,主板,801880.SI,汽车,801093.SI,汽车零部件,汽车零部件,L,20191025,2532,6.93,28.98,-3.4,13.333,False,True,True,0,0,0,0,True,
002966.SZ,002966,002966,苏州银行,主板,深市,主板,801780.SI,银行,801784.SI,城商行Ⅱ,城商行Ⅱ,L,20190802,2616,7.16,9.3,0.758,15.294,False,True,True,0,0,0,0,True,
002967.SZ,002967,002967,广电计量,主板,深市,主板,801210.SI,社会服务,801218.SI,专业服务,专业服务,L,20191108,2518,6.89,17.56,-0.51,18.182,False,True,True,0,0,0,0,True,
002968.SZ,002968,002968,新大正,主板,深市,主板,801180.SI,房地产,801183.SI,房地产服务,房地产服务,L,20191203,2493,6.83,10.14,2.528,12.5,False,True,True,0,0,0,0,True,
002969.SZ,002969,002969,嘉美包装,主板,深市,主板,801140.SI,轻工制造,801141.SI,包装印刷,包装印刷,L,20191202,2494,6.83,10.65,-0.746,19.355,False,True,True,0,0,0,5,True,
002970.SZ,002970,002970,锐明技术,主板,深市,主板,801750.SI,计算机,801101.SI,计算机设备,计算机设备,L,20191217,2479,6.79,41.7,2.583,17.778,False,True,True,0,0,0,0,True,
002971.SZ,002971,002971,和远气体,主板,深市,主板,801030.SI,基础化工,801034.SI,化学制品,化学制品,L,20200113,2452,6.71,38.6,-5.439,8.642,False,True,True,0,0,0,0,True,
002972.SZ,002972,002972,科安达,主板,深市,主板,801890.SI,机械设备,801076.SI,轨交设备Ⅱ,轨交设备Ⅱ,L,20191227,2469,6.76,13.0,-0.915,5.303,False,True,True,0,0,0,0,True,
002973.SZ,002973,002973,侨银股份,主板,深市,主板,801970.SI,环保,801971.SI,环境治理,环境治理,L,20200106,2459,6.73,11.59,-4.922,14.516,False,True,True,0,0,0,0,True,
002975.SZ,002975,002975,博杰股份,主板,深市,主板,801890.SI,机械设备,801078.SI,自动化设备,自动化设备,L,20200205,2429,6.65,101.95,-0.098,9.402,False,True,True,0,0,0,0,True,
002976.SZ,002976,002976,瑞玛精密,主板,深市,主板,801880.SI,汽车,801093.SI,汽车零部件,汽车零部件,L,20200306,2399,6.57,21.5,-5.702,15.2,False,True,True,0,0,0,0,True,
002978.SZ,002978,002978,安宁股份,主板,深市,主板,801050.SI,有色金属,801054.SI,小金属,小金属,L,20200417,2357,6.45,25.05,1.623,25.0,False,True,True,0,0,0,0,True,
002979.SZ,002979,002979,雷赛智能,主板,深市,主板,801890.SI,机械设备,801078.SI,自动化设备,自动化设备,L,20200408,2366,6.48,52.47,1.372,9.945,False,True,True,0,0,0,0,True,
002980.SZ,002980,002980,华盛昌,主板,深市,主板,801730.SI,电力设备,801738.SI,电网设备,电网设备,L,20200415,2359,6.46,104.97,-1.548,15.302,False,True,True,0,0,0,0,True,
002981.SZ,002981,002981,朝阳科技,主板,深市,主板,801080.SI,电子,801085.SI,消费电子,消费电子,L,20200417,2357,6.45,23.23,-1.651,10.0,False,True,True,0,0,0,0,True,
002982.SZ,002982,002982,湘佳股份,主板,深市,主板,801010.SI,农林牧渔,801017.SI,养殖业,养殖业,L,20200424,2350,6.43,12.78,0.789,8.73,False,True,True,0,0,0,0,True,
002983.SZ,002983,002983,芯瑞达,主板,深市,主板,801080.SI,电子,801084.SI,光学光电子,光学光电子,L,20200428,2346,6.42,21.58,-1.551,16.822,False,True,True,0,0,0,0,True,
002984.SZ,002984,002984,森麒麟,主板,深市,主板,801880.SI,汽车,801093.SI,汽车零部件,汽车零部件,L,20200911,2210,6.05,13.02,1.402,13.043,False,True,True,0,0,0,0,True,
002985.SZ,002985,002985,北摩高科,主板,深市,主板,801740.SI,国防军工,801742.SI,航空装备Ⅱ,航空装备Ⅱ,L,20200429,2345,6.42,26.15,0.192,14.815,False,True,True,0,0,0,0,True,
002986.SZ,002986,002986,宇新股份,主板,深市,主板,801960.SI,石油石化,801963.SI,炼化及贸易,炼化及贸易,L,20200602,2311,6.33,12.57,-0.159,13.178,False,True,True,0,0,0,0,True,
002987.SZ,002987,002987,京北方,主板,深市,主板,801750.SI,计算机,801104.SI,软件开发,软件开发,L,20200507,2337,6.4,10.39,-1.889,13.158,False,True,True,0,0,0,0,True,
002988.SZ,002988,002988,豪美新材,主板,深市,主板,801050.SI,有色金属,801055.SI,工业金属,工业金属,L,20200518,2326,6.37,30.94,-0.451,26.0,False,True,True,0,0,0,0,True,
002989.SZ,002989,002989,中天精装,主板,深市,主板,801720.SI,建筑装饰,801722.SI,装修装饰Ⅱ,装修装饰Ⅱ,L,20200610,2303,6.31,22.61,-4.195,14.815,False,True,True,0,0,0,0,True,
002990.SZ,002990,002990,盛视科技,主板,深市,主板,801750.SI,计算机,801101.SI,计算机设备,计算机设备,L,20200525,2319,6.35,51.92,-4.03,10.227,False,True,True,0,0,0,0,True,
002991.SZ,002991,002991,甘源食品,主板,深市,主板,801120.SI,食品饮料,801128.SI,休闲食品,休闲食品,L,20200731,2252,6.17,38.57,4.582,13.158,False,True,True,0,0,0,0,True,
002992.SZ,002992,002992,宝明科技,主板,深市,主板,801080.SI,电子,801084.SI,光学光电子,光学光电子,L,20200803,2249,6.16,32.4,-2.115,39.08,False,True,True,0,0,0,0,True,
002993.SZ,002993,002993,奥海科技,主板,深市,主板,801080.SI,电子,801085.SI,消费电子,消费电子,L,20200817,2235,6.12,32.27,-1.736,12.162,False,True,True,0,0,0,0,True,
002995.SZ,002995,002995,天地在线,主板,深市,主板,801760.SI,传媒,801765.SI,广告营销,广告营销,L,20200805,2247,6.15,16.86,-2.712,8.046,False,True,True,0,0,0,0,True,
002996.SZ,002996,002996,顺博合金,主板,深市,主板,801050.SI,有色金属,801055.SI,工业金属,工业金属,L,20200828,2224,6.09,5.95,0.507,6.452,False,True,True,0,0,0,0,True,
002997.SZ,002997,002997,瑞鹄模具,主板,深市,主板,801880.SI,汽车,801093.SI,汽车零部件,汽车零部件,L,20200903,2218,6.07,26.39,2.685,11.429,False,True,True,0,0,0,0,True,
002999.SZ,002999,002999,天禾股份,主板,深市,主板,801030.SI,基础化工,801038.SI,农化制品,农化制品,L,20200903,2218,6.07,6.36,0.0,10.938,False,True,True,0,0,0,0,True,
003000.SZ,003000,003000,劲仔食品,主板,深市,主板,801120.SI,食品饮料,801128.SI,休闲食品,休闲食品,L,20200914,2207,6.04,9.61,2.452,11.224,False,True,True,0,0,0,0,True,
003001.SZ,003001,003001,中岩大地,主板,深市,主板,801720.SI,建筑装饰,801724.SI,专业工程,专业工程,L,20201013,2178,5.96,19.4,-4.995,7.767,False,True,True,0,0,0,0,True,
003002.SZ,003002,003002,壶化股份,主板,深市,主板,801030.SI,基础化工,801034.SI,化学制品,化学制品,L,20200922,2199,6.02,15.61,-1.7,23.214,False,True,True,0,0,0,0,True,
003003.SZ,003003,003003,天元股份,主板,深市,主板,801140.SI,轻工制造,801141.SI,包装印刷,包装印刷,L,20200921,2200,6.02,11.18,-0.886,7.339,False,True,True,0,0,0,0,True,
003004.SZ,003004,003004,声迅股份,主板,深市,主板,801750.SI,计算机,801101.SI,计算机设备,计算机设备,L,20201126,2134,5.84,60.22,-1.682,21.591,False,True,True,0,0,0,0,True,
003005.SZ,003005,003005,竞业达,主板,深市,主板,801750.SI,计算机,801103.SI,IT服务Ⅱ,IT服务Ⅱ,L,20200922,2199,6.02,14.93,-1.452,4.0,False,True,True,0,0,0,0,True,
003006.SZ,003006,003006,百亚股份,主板,深市,主板,801980.SI,美容护理,801981.SI,个护用品,个护用品,L,20200921,2200,6.02,23.12,6.495,8.108,False,True,True,0,0,0,0,True,
003007.SZ,003007,003007,直真科技,主板,深市,主板,801750.SI,计算机,801104.SI,软件开发,软件开发,L,20200923,2198,6.02,39.39,-2.861,6.122,False,True,True,0,0,0,0,True,
003008.SZ,003008,003008,开普检测,主板,深市,主板,801210.SI,社会服务,801218.SI,专业服务,专业服务,L,20200923,2198,6.02,19.84,-0.301,13.684,False,True,True,0,0,0,0,True,
003009.SZ,003009,003009,中天火箭,主板,深市,主板,801740.SI,国防军工,801741.SI,航天装备Ⅱ,航天装备Ⅱ,L,20200925,2196,6.01,44.05,-1.52,9.167,False,True,True,0,0,0,0,True,
003010.SZ,003010,003010,若羽臣,主板,深市,主板,801200.SI,商贸零售,801206.SI,互联网电商,互联网电商,L,20200925,2196,6.01,27.99,0.575,10.345,False,True,True,0,0,0,0,True,
003011.SZ,003011,003011,海象新材,主板,深市,主板,801140.SI,轻工制造,801142.SI,家居用品,家居用品,L,20200930,2191,6.0,19.73,-1.743,6.0,False,True,True,0,0,0,0,True,
003012.SZ,003012,003012,东鹏控股,主板,深市,主板,801140.SI,轻工制造,801142.SI,家居用品,家居用品,L,20201019,2172,5.95,4.74,2.376,19.149,False,True,True,0,0,0,0,True,
003013.SZ,003013,003013,地铁设计,主板,深市,主板,801720.SI,建筑装饰,801726.SI,工程咨询服务Ⅱ,工程咨询服务Ⅱ,L,20201022,2169,5.94,16.31,1.938,17.544,False,True,True,0,0,0,0,True,
003015.SZ,003015,003015,日久光电,主板,深市,主板,801080.SI,电子,801084.SI,光学光电子,光学光电子,L,20201021,2170,5.94,12.06,-1.792,12.397,False,True,True,0,0,0,0,True,
003016.SZ,003016,003016,欣贺股份,主板,深市,主板,801130.SI,纺织服饰,801132.SI,服装家纺,服装家纺,L,20201026,2165,5.93,7.42,-0.536,18.056,False,True,True,0,0,0,0,True,
003017.SZ,003017,003017,大洋生物,主板,深市,主板,801030.SI,基础化工,801033.SI,化学原料,化学原料,L,20201026,2165,5.93,22.63,0.533,8.036,False,True,True,0,0,0,0,True,
003018.SZ,003018,003018,金富科技,主板,深市,主板,801140.SI,轻工制造,801141.SI,包装印刷,包装印刷,L,20201106,2154,5.9,43.55,-3.115,12.857,False,True,True,0,0,0,0,True,
003019.SZ,003019,003019,宸展光电,主板,深市,主板,801080.SI,电子,801084.SI,光学光电子,光学光电子,L,20201117,2143,5.87,26.08,-2.175,16.667,False,True,True,0,0,0,0,True,
003020.SZ,003020,003020,立方制药,主板,深市,主板,801150.SI,医药生物,801151.SI,化学制药,化学制药,L,20201215,2115,5.79,17.26,1.829,10.169,False,True,True,0,0,0,0,True,
003021.SZ,003021,003021,兆威机电,主板,深市,主板,801730.SI,电力设备,801731.SI,电机Ⅱ,电机Ⅱ,L,20201204,2126,5.82,70.25,1.679,20.408,False,True,True,0,0,0,0,True,
003022.SZ,003022,003022,联泓新科,主板,深市,主板,801730.SI,电力设备,801735.SI,光伏设备,光伏设备,L,20201208,2122,5.81,18.16,-0.656,31.034,False,True,True,0,0,0,0,True,
003023.SZ,003023,003023,彩虹集团,主板,深市,主板,801110.SI,家用电器,801113.SI,小家电,小家电,L,20201211,2119,5.8,25.38,0.754,8.333,False,True,True,0,0,0,0,True,
003025.SZ,003025,003025,思进智能,主板,深市,主板,801890.SI,机械设备,801072.SI,通用设备,通用设备,L,20201211,2119,5.8,12.11,-1.062,10.569,False,True,True,0,0,0,0,True,
003026.SZ,003026,003026,中晶科技,主板,深市,主板,801080.SI,电子,801081.SI,半导体,半导体,L,20201218,2112,5.78,32.4,-2.761,9.412,False,True,True,0,0,0,0,True,
003027.SZ,003027,003027,同兴科技,主板,深市,主板,801970.SI,环保,801971.SI,环境治理,环境治理,L,20201218,2112,5.78,16.72,-0.654,11.585,False,True,True,0,0,0,0,True,
003028.SZ,003028,003028,振邦智能,主板,深市,主板,801110.SI,家用电器,801116.SI,家电零部件Ⅱ,家电零部件Ⅱ,L,20201228,2102,5.75,23.48,-1.386,9.091,False,True,True,0,0,0,0,True,
003029.SZ,003029,003029,吉大正元,主板,深市,主板,801750.SI,计算机,801104.SI,软件开发,软件开发,L,20201224,2106,5.77,17.51,-2.614,6.215,False,True,True,0,0,0,0,True,
003030.SZ,003030,003030,祖名股份,主板,深市,主板,801010.SI,农林牧渔,801012.SI,农产品加工,农产品加工,L,20210106,2093,5.73,25.79,-0.155,12.261,False,True,True,0,0,0,0,True,
003031.SZ,003031,003031,中瓷电子,主板,深市,主板,801770.SI,通信,801102.SI,通信设备,通信设备,L,20210104,2095,5.74,118.84,0.228,16.0,False,True,True,0,0,0,0,True,
003032.SZ,003032,003032,传智教育,主板,深市,主板,801210.SI,社会服务,801994.SI,教育,教育,L,20210112,2087,5.71,8.62,-0.691,12.222,False,True,True,0,0,0,2,True,
003033.SZ,003033,003033,征和工业,主板,深市,主板,801880.SI,汽车,801881.SI,摩托车及其他,摩托车及其他,L,20210111,2088,5.72,84.12,-2.853,24.107,False,True,True,0,0,0,0,True,
003035.SZ,003035,003035,南网能源,主板,深市,主板,801160.SI,公用事业,801161.SI,电力,电力,L,20210119,2080,5.69,5.34,1.521,31.579,False,True,True,0,0,0,0,True,
003036.SZ,003036,003036,泰坦股份,主板,深市,主板,801890.SI,机械设备,801074.SI,专用设备,专用设备,L,20210128,2071,5.67,44.23,-4.8,17.647,False,True,True,0,0,0,0,True,
003037.SZ,003037,003037,三和管桩,主板,深市,主板,801710.SI,建筑材料,801711.SI,水泥,水泥,L,20210204,2064,5.65,5.86,0.0,27.119,False,True,True,0,0,0,0,True,
003038.SZ,003038,003038,鑫铂股份,主板,深市,主板,801050.SI,有色金属,801055.SI,工业金属,工业金属,L,20210210,2058,5.63,10.69,-0.835,7.407,False,True,True,0,0,0,0,True,
003039.SZ,003039,003039,顺控发展,主板,深市,主板,801970.SI,环保,801971.SI,环境治理,环境治理,L,20210308,2032,5.56,12.49,0.0,16.923,False,True,True,0,0,0,0,True,
003040.SZ,003040,003040,楚天龙,主板,深市,主板,801770.SI,通信,801102.SI,通信设备,通信设备,L,20210322,2018,5.52,14.39,1.338,6.294,False,True,True,0,0,0,0,True,
003041.SZ,003041,003041,真爱美家,主板,深市,主板,801130.SI,纺织服饰,801132.SI,服装家纺,服装家纺,L,20210406,2003,5.48,38.92,-0.664,15.19,False,True,True,0,0,0,0,True,
003042.SZ,003042,003042,中农联合,主板,深市,主板,801030.SI,基础化工,801038.SI,农化制品,农化制品,L,20210406,2003,5.48,14.4,0.911,7.639,False,True,True,0,0,0,0,True,
003043.SZ,003043,003043,华亚智能,主板,深市,主板,801080.SI,电子,801081.SI,半导体,半导体,L,20210406,2003,5.48,60.4,1.649,16.038,False,True,True,0,0,0,0,True,
003816.SZ,003816,003816,中国广核,主板,深市,主板,801160.SI,公用事业,801161.SI,电力,电力,L,20190826,2592,7.1,4.23,0.475,17.5,False,True,True,0,0,0,0,True,
300001.SZ,300001,300001,特锐德,创业板,深市,创业板,801730.SI,电力设备,801738.SI,电网设备,电网设备,L,20091030,6179,16.92,34.48,0.525,11.494,False,True,True,0,0,0,0,True,
300002.SZ,300002,300002,神州泰岳,创业板,深市,创业板,801760.SI,传媒,801764.SI,游戏Ⅱ,游戏Ⅱ,L,20091030,6179,16.92,7.89,-0.63,7.317,False,True,True,0,0,0,0,True,
300003.SZ,300003,300003,乐普医疗,创业板,深市,创业板,801150.SI,医药生物,801153.SI,医疗器械,医疗器械,L,20091030,6179,16.92,11.66,2.37,16.129,False,True,True,0,0,0,0,True,
300004.SZ,300004,300004,南风股份,创业板,深市,创业板,801890.SI,机械设备,801074.SI,专用设备,专用设备,L,20091030,6179,16.92,7.53,-1.44,14.634,False,True,True,0,0,0,0,True,
300005.SZ,300005,300005,探路者,创业板,深市,创业板,801130.SI,纺织服饰,801132.SI,服装家纺,服装家纺,L,20091030,6179,16.92,10.7,0.753,7.407,False,True,True,0,0,0,0,True,
300006.SZ,300006,300006,莱美药业,创业板,深市,创业板,801150.SI,医药生物,801151.SI,化学制药,化学制药,L,20091030,6179,16.92,5.56,4.906,12.963,False,True,True,0,0,0,0,True,
300007.SZ,300007,300007,汉威科技,创业板,深市,创业板,801890.SI,机械设备,801072.SI,通用设备,通用设备,L,20091030,6179,16.92,30.11,-1.149,11.765,False,True,True,0,0,0,0,True,
300008.SZ,300008,300008,天海防务,创业板,深市,创业板,801740.SI,国防军工,801744.SI,航海装备Ⅱ,航海装备Ⅱ,L,20091030,6179,16.92,6.18,-0.962,6.25,False,True,True,0,0,0,0,True,
300009.SZ,300009,300009,安科生物,创业板,深市,创业板,801150.SI,医药生物,801152.SI,生物制品,生物制品,L,20091030,6179,16.92,8.61,3.486,9.412,False,True,True,0,0,0,0,True,
300011.SZ,300011,300011,鼎汉技术,创业板,深市,创业板,801890.SI,机械设备,801076.SI,轨交设备Ⅱ,轨交设备Ⅱ,L,20091030,6179,16.92,5.77,-1.536,11.667,False,True,True,0,0,0,0,True,
300012.SZ,300012,300012,华测检测,创业板,深市,创业板,801210.SI,社会服务,801218.SI,专业服务,专业服务,L,20091030,6179,16.92,13.76,1.102,8.333,False,True,True,0,0,0,0,True,
300013.SZ,300013,300013,新宁物流,创业板,深市,创业板,801170.SI,交通运输,801178.SI,物流,物流,L,20091030,6179,16.92,4.18,-1.182,9.524,False,True,True,0,0,0,0,True,
300014.SZ,300014,300014,亿纬锂能,创业板,深市,创业板,801730.SI,电力设备,801737.SI,电池,电池,L,20091030,6179,16.92,49.81,2.511,14.286,False,True,True,0,0,0,0,True,
300015.SZ,300015,300015,爱尔眼科,创业板,深市,创业板,801150.SI,医药生物,801156.SI,医疗服务,医疗服务,L,20091030,6179,16.92,7.98,1.656,19.048,False,True,True,0,0,0,0,True,
300016.SZ,300016,300016,北陆药业,创业板,深市,创业板,801150.SI,医药生物,801151.SI,化学制药,化学制药,L,20091030,6179,16.92,9.56,1.919,16.667,False,True,True,0,0,0,0,True,
300017.SZ,300017,300017,网宿科技,创业板,深市,创业板,801750.SI,计算机,801103.SI,IT服务Ⅱ,IT服务Ⅱ,L,20091030,6179,16.92,14.9,1.429,7.895,False,True,True,0,0,0,0,True,
300018.SZ,300018,300018,中元股份,创业板,深市,创业板,801730.SI,电力设备,801738.SI,电网设备,电网设备,L,20091030,6179,16.92,11.58,-1.194,5.085,False,True,True,0,0,0,0,True,
300019.SZ,300019,300019,硅宝科技,创业板,深市,创业板,801030.SI,基础化工,801034.SI,化学制品,化学制品,L,20091030,6179,16.92,13.71,-0.652,9.722,False,True,True,0,0,0,0,True,
300021.SZ,300021,300021,大禹节水,创业板,深市,创业板,801010.SI,农林牧渔,801019.SI,农业综合Ⅱ,农业综合Ⅱ,L,20091030,6179,16.92,3.82,0.792,12.5,False,True,True,0,0,0,0,True,
300022.SZ,300022,300022,吉峰科技,创业板,深市,创业板,801200.SI,商贸零售,801204.SI,专业连锁Ⅱ,专业连锁Ⅱ,L,20091030,6179,16.92,7.76,-0.385,7.5,False,True,True,0,0,0,0,True,
300024.SZ,300024,300024,机器人,创业板,深市,创业板,801890.SI,机械设备,801078.SI,自动化设备,自动化设备,L,20091030,6179,16.92,12.88,0.234,21.212,False,True,True,0,0,0,0,True,
300025.SZ,300025,300025,华星创业,创业板,深市,创业板,801770.SI,通信,801223.SI,通信服务,通信服务,L,20091030,6179,16.92,5.62,-2.431,15.789,False,True,True,0,0,0,0,True,
300026.SZ,300026,300026,红日药业,创业板,深市,创业板,801150.SI,医药生物,801155.SI,中药Ⅱ,中药Ⅱ,L,20091030,6179,16.92,3.25,1.881,9.091,False,True,True,0,0,0,0,True,
300030.SZ,300030,300030,阳普医疗,创业板,深市,创业板,801150.SI,医药生物,801153.SI,医疗器械,医疗器械,L,20091225,6123,16.76,6.92,0.29,5.882,False,True,True,0,0,0,0,True,
300031.SZ,300031,300031,宝通科技,创业板,深市,创业板,801760.SI,传媒,801764.SI,游戏Ⅱ,游戏Ⅱ,L,20091225,6123,16.76,19.93,-1.092,7.692,False,True,True,0,0,0,0,True,
300032.SZ,300032,300032,金龙机电,创业板,深市,创业板,801080.SI,电子,801085.SI,消费电子,消费电子,L,20091225,6123,16.76,3.74,-1.579,11.111,False,True,True,0,0,0,0,True,
300033.SZ,300033,300033,同花顺,创业板,深市,创业板,801750.SI,计算机,801104.SI,软件开发,软件开发,L,20091225,6123,16.76,197.06,-1.327,12.329,False,True,True,0,0,0,0,True,
300034.SZ,300034,300034,钢研高纳,创业板,深市,创业板,801740.SI,国防军工,801742.SI,航空装备Ⅱ,航空装备Ⅱ,L,20091225,6123,16.76,15.27,-0.065,11.321,False,True,True,0,0,0,0,True,
300035.SZ,300035,300035,中科电气,创业板,深市,创业板,801730.SI,电力设备,801737.SI,电池,电池,L,20091225,6123,16.76,12.29,0.655,13.178,False,True,True,0,0,0,0,True,
300036.SZ,300036,300036,超图软件,创业板,深市,创业板,801750.SI,计算机,801104.SI,软件开发,软件开发,L,20091225,6123,16.76,10.18,-0.586,14.286,False,True,True,0,0,0,0,True,
300037.SZ,300037,300037,新宙邦,创业板,深市,创业板,801730.SI,电力设备,801737.SI,电池,电池,L,20100108,6109,16.73,66.52,0.895,14.118,False,True,True,0,0,0,0,True,
300039.SZ,300039,300039,上海凯宝,创业板,深市,创业板,801150.SI,医药生物,801155.SI,中药Ⅱ,中药Ⅱ,L,20100108,6109,16.73,5.3,2.913,14.815,False,True,True,0,0,0,0,True,
300040.SZ,300040,300040,九洲集团,创业板,深市,创业板,801160.SI,公用事业,801161.SI,电力,电力,L,20100108,6109,16.73,5.68,0.888,8.621,False,True,True,0,0,0,0,True,
300041.SZ,300041,300041,回天新材,创业板,深市,创业板,801030.SI,基础化工,801034.SI,化学制品,化学制品,L,20100108,6109,16.73,10.55,-0.846,6.422,False,True,True,0,0,0,0,True,
300042.SZ,300042,300042,朗科科技,创业板,深市,创业板,801750.SI,计算机,801101.SI,计算机设备,计算机设备,L,20100108,6109,16.73,35.45,-3.877,9.184,False,True,True,0,0,0,0,True,
300043.SZ,300043,300043,星辉娱乐,创业板,深市,创业板,801760.SI,传媒,801764.SI,游戏Ⅱ,游戏Ⅱ,L,20100120,6097,16.69,4.26,-1.389,9.091,False,True,True,0,0,0,0,True,
300045.SZ,300045,300045,华力创通,创业板,深市,创业板,801740.SI,国防军工,801745.SI,军工电子Ⅱ,军工电子Ⅱ,L,20100120,6097,16.69,11.09,-0.894,15.0,False,True,True,0,0,0,0,True,
300046.SZ,300046,300046,台基股份,创业板,深市,创业板,801080.SI,电子,801081.SI,半导体,半导体,L,20100120,6097,16.69,23.69,-2.75,6.504,False,True,True,0,0,0,0,True,
300047.SZ,300047,300047,天源迪科,创业板,深市,创业板,801750.SI,计算机,801104.SI,软件开发,软件开发,L,20100120,6097,16.69,8.9,-1.982,7.609,False,True,True,0,0,0,0,True,
300048.SZ,300048,300048,合康新能,创业板,深市,创业板,801890.SI,机械设备,801078.SI,自动化设备,自动化设备,L,20100120,6097,16.69,4.69,-0.213,20.0,False,True,True,0,0,0,0,True,
300049.SZ,300049,300049,福瑞医科,创业板,深市,创业板,801150.SI,医药生物,801153.SI,医疗器械,医疗器械,L,20100120,6097,16.69,47.11,2.748,14.0,False,True,True,0,0,0,0,True,
300050.SZ,300050,300050,世纪鼎利,创业板,深市,创业板,801770.SI,通信,801223.SI,通信服务,通信服务,L,20100120,6097,16.69,6.77,-2.026,8.333,False,True,True,0,0,0,0,True,
300051.SZ,300051,300051,琏升科技,创业板,深市,创业板,801730.SI,电力设备,801735.SI,光伏设备,光伏设备,L,20100211,6075,16.63,7.74,-2.764,7.317,False,True,True,0,0,0,0,True,
300052.SZ,300052,300052,中青宝,创业板,深市,创业板,801760.SI,传媒,801764.SI,游戏Ⅱ,游戏Ⅱ,L,20100211,6075,16.63,10.14,-0.783,11.321,False,True,True,0,0,0,0,True,
300053.SZ,300053,300053,航宇微,创业板,深市,创业板,801080.SI,电子,801081.SI,半导体,半导体,L,20100211,6075,16.63,11.57,-1.111,8.197,False,True,True,0,0,0,0,True,
300054.SZ,300054,300054,鼎龙股份,创业板,深市,创业板,801080.SI,电子,801086.SI,电子化学品Ⅱ,电子化学品Ⅱ,L,20100211,6075,16.63,67.45,-1.36,10.256,False,True,True,0,0,0,0,True,
300055.SZ,300055,300055,万邦达,创业板,深市,创业板,801960.SI,石油石化,801963.SI,炼化及贸易,炼化及贸易,L,20100226,6060,16.59,5.75,-1.033,8.333,False,True,True,0,0,0,0,True,
300056.SZ,300056,300056,中创环保,创业板,深市,创业板,801970.SI,环保,801971.SI,环境治理,环境治理,L,20100226,6060,16.59,7.81,5.114,13.924,False,True,True,0,0,0,0,True,
300057.SZ,300057,300057,万顺新材,创业板,深市,创业板,801050.SI,有色金属,801055.SI,工业金属,工业金属,L,20100226,6060,16.59,6.09,-3.026,7.692,False,True,True,0,0,0,0,True,
300058.SZ,300058,300058,蓝色光标,创业板,深市,创业板,801760.SI,传媒,801765.SI,广告营销,广告营销,L,20100226,6060,16.59,12.37,-4.183,8.955,False,True,True,0,0,0,0,True,
300059.SZ,300059,300059,东方财富,创业板,深市,创业板,801790.SI,非银金融,801193.SI,证券Ⅱ,证券Ⅱ,L,20100319,6039,16.53,17.79,0.113,9.375,False,True,True,0,0,0,0,True,
300061.SZ,300061,300061,旗天科技,创业板,深市,创业板,801760.SI,传媒,801765.SI,广告营销,广告营销,L,20100319,6039,16.53,6.61,-4.48,5.882,False,True,True,0,0,0,0,True,
300062.SZ,300062,300062,中能电气,创业板,深市,创业板,801730.SI,电力设备,801738.SI,电网设备,电网设备,L,20100319,6039,16.53,6.02,0.501,7.812,False,True,True,0,0,0,0,True,
300063.SZ,300063,300063,天龙集团,创业板,深市,创业板,801760.SI,传媒,801765.SI,广告营销,广告营销,L,20100326,6032,16.51,8.37,-2.561,10.345,False,True,True,0,0,0,0,True,
300065.SZ,300065,300065,海兰信,创业板,深市,创业板,801740.SI,国防军工,801744.SI,航海装备Ⅱ,航海装备Ⅱ,L,20100326,6032,16.51,14.51,-1.494,6.41,False,True,True,0,0,0,0,True,
300066.SZ,300066,300066,三川智慧,创业板,深市,创业板,801890.SI,机械设备,801072.SI,通用设备,通用设备,L,20100326,6032,16.51,4.52,-1.094,16.327,False,True,True,0,0,0,0,True,
300067.SZ,300067,300067,安诺其,创业板,深市,创业板,801030.SI,基础化工,801034.SI,化学制品,化学制品,L,20100421,6006,16.44,5.35,1.905,7.407,False,True,True,0,0,0,0,True,
300069.SZ,300069,300069,金利华电,创业板,深市,创业板,801730.SI,电力设备,801738.SI,电网设备,电网设备,L,20100421,6006,16.44,24.67,-0.404,7.631,False,True,True,0,0,0,0,True,
300070.SZ,300070,300070,碧水源,创业板,深市,创业板,801970.SI,环保,801971.SI,环境治理,环境治理,L,20100421,6006,16.44,3.42,1.183,17.647,False,True,True,0,0,0,0,True,
300071.SZ,300071,300071,福石控股,创业板,深市,创业板,801760.SI,传媒,801765.SI,广告营销,广告营销,L,20100421,6006,16.44,3.95,-2.709,9.524,False,True,True,0,0,0,0,True,
300072.SZ,300072,300072,海新能科,创业板,深市,创业板,801030.SI,基础化工,801034.SI,化学制品,化学制品,L,20100427,6000,16.43,3.43,1.18,11.111,False,True,True,0,0,0,0,True,
300073.SZ,300073,300073,当升科技,创业板,深市,创业板,801730.SI,电力设备,801737.SI,电池,电池,L,20100427,6000,16.43,38.88,2.343,11.429,False,True,True,0,0,0,0,True,
300074.SZ,300074,300074,华平股份,创业板,深市,创业板,801750.SI,计算机,801104.SI,软件开发,软件开发,L,20100427,6000,16.43,3.83,-1.289,5.263,False,True,True,0,0,0,0,True,
300075.SZ,300075,300075,数字政通,创业板,深市,创业板,801750.SI,计算机,801104.SI,软件开发,软件开发,L,20100427,6000,16.43,10.49,-2.6,8.411,False,True,True,0,0,0,0,True,
300077.SZ,300077,300077,国民技术,创业板,深市,创业板,801080.SI,电子,801081.SI,半导体,半导体,L,20100430,5997,16.42,20.86,-2.295,11.06,False,True,True,0,0,0,0,True,
300078.SZ,300078,300078,思创智联,创业板,深市,创业板,801750.SI,计算机,801103.SI,IT服务Ⅱ,IT服务Ⅱ,L,20100430,5997,16.42,2.71,-0.733,14.286,False,True,True,0,0,0,0,True,
300079.SZ,300079,300079,数码视讯,创业板,深市,创业板,801750.SI,计算机,801103.SI,IT服务Ⅱ,IT服务Ⅱ,L,20100430,5997,16.42,4.78,-0.209,12.245,False,True,True,0,0,0,0,True,
300080.SZ,300080,300080,易成新能,创业板,深市,创业板,801730.SI,电力设备,801735.SI,光伏设备,光伏设备,L,20100625,5941,16.27,3.69,0.272,24.324,False,True,True,0,0,0,0,True,
300083.SZ,300083,300083,创世纪,创业板,深市,创业板,801890.SI,机械设备,801078.SI,自动化设备,自动化设备,L,20100520,5977,16.36,11.5,-0.862,13.6,False,True,True,0,0,0,0,True,
300084.SZ,300084,300084,海默科技,创业板,深市,创业板,801890.SI,机械设备,801074.SI,专用设备,专用设备,L,20100520,5977,16.36,10.05,1.31,12.381,False,True,True,0,0,0,0,True,
300085.SZ,300085,300085,银之杰,创业板,深市,创业板,801750.SI,计算机,801104.SI,软件开发,软件开发,L,20100526,5971,16.35,28.98,-2.161,9.091,False,True,True,0,0,0,0,True,
300086.SZ,300086,300086,康芝药业,创业板,深市,创业板,801150.SI,医药生物,801151.SI,化学制药,化学制药,L,20100526,5971,16.35,5.37,0.374,18.182,False,True,True,0,0,0,0,True,
300088.SZ,300088,300088,长信科技,创业板,深市,创业板,801080.SI,电子,801084.SI,光学光电子,光学光电子,L,20100526,5971,16.35,6.74,-1.318,8.333,False,True,True,0,0,0,0,True,
300092.SZ,300092,300092,科新机电,创业板,深市,创业板,801890.SI,机械设备,801074.SI,专用设备,专用设备,L,20100708,5928,16.23,11.54,3.036,8.621,False,True,True,0,0,0,0,True,
300093.SZ,300093,300093,金刚光伏,创业板,深市,创业板,801730.SI,电力设备,801735.SI,光伏设备,光伏设备,L,20100708,5928,16.23,20.19,0.648,17.241,False,True,True,0,0,0,2,True,
300094.SZ,300094,300094,国联水产,创业板,深市,创业板,801010.SI,农林牧渔,801015.SI,渔业,渔业,L,20100708,5928,16.23,2.92,1.389,17.241,False,True,True,0,0,0,0,True,
300095.SZ,300095,300095,华伍股份,创业板,深市,创业板,801890.SI,机械设备,801074.SI,专用设备,专用设备,L,20100728,5908,16.18,8.88,-0.448,10.345,False,True,True,0,0,0,0,True,
300097.SZ,300097,300097,智云股份,创业板,深市,创业板,801890.SI,机械设备,801078.SI,自动化设备,自动化设备,L,20100728,5908,16.18,9.83,-1.007,11.765,False,True,True,0,0,0,0,True,
300098.SZ,300098,300098,高新兴,创业板,深市,创业板,801770.SI,通信,801102.SI,通信设备,通信设备,L,20100728,5908,16.18,4.17,-0.714,9.091,False,True,True,0,0,0,0,True,
300099.SZ,300099,300099,尤洛卡,创业板,深市,创业板,801890.SI,机械设备,801074.SI,专用设备,专用设备,L,20100806,5899,16.15,6.13,-1.763,6.452,False,True,True,0,0,0,0,True,
300100.SZ,300100,300100,双林股份,创业板,深市,创业板,801880.SI,汽车,801093.SI,汽车零部件,汽车零部件,L,20100806,5899,16.15,22.18,-1.902,36.364,False,True,True,0,0,0,0,True,
300101.SZ,300101,300101,振芯科技,创业板,深市,创业板,801740.SI,国防军工,801745.SI,军工电子Ⅱ,军工电子Ⅱ,L,20100806,5899,16.15,13.56,-2.164,14.583,False,True,True,0,0,0,0,True,
300102.SZ,300102,300102,乾照光电,创业板,深市,创业板,801080.SI,电子,801084.SI,光学光电子,光学光电子,L,20100812,5893,16.13,15.78,-0.755,13.636,False,True,True,0,0,0,0,True,
300103.SZ,300103,300103,达刚控股,创业板,深市,创业板,801890.SI,机械设备,801074.SI,专用设备,专用设备,L,20100812,5893,16.13,8.05,-0.862,12.5,False,True,True,0,0,0,0,True,
300105.SZ,300105,300105,龙源技术,创业板,深市,创业板,801970.SI,环保,801972.SI,环保设备Ⅱ,环保设备Ⅱ,L,20100820,5885,16.11,7.02,-0.567,16.0,False,True,True,0,0,0,0,True,
300106.SZ,300106,300106,西部牧业,创业板,深市,创业板,801120.SI,食品饮料,801127.SI,饮料乳品,饮料乳品,L,20100820,5885,16.11,10.66,1.331,10.185,False,True,True,0,0,0,0,True,
300107.SZ,300107,300107,建新股份,创业板,深市,创业板,801030.SI,基础化工,801034.SI,化学制品,化学制品,L,20100820,5885,16.11,7.11,5.804,8.824,False,True,True,0,0,0,0,True,
300109.SZ,300109,300109,新开源,创业板,深市,创业板,801030.SI,基础化工,801034.SI,化学制品,化学制品,L,20100825,5880,16.1,12.88,1.899,22.222,False,True,True,0,0,0,0,True,
300110.SZ,300110,300110,华仁药业,创业板,深市,创业板,801150.SI,医药生物,801151.SI,化学制药,化学制药,L,20100825,5880,16.1,3.17,-1.246,12.121,False,True,True,0,0,0,0,True,
300111.SZ,300111,300111,向日葵,创业板,深市,创业板,801150.SI,医药生物,801151.SI,化学制药,化学制药,L,20100827,5878,16.09,2.98,0.676,6.667,False,True,True,0,0,0,0,True,
300112.SZ,300112,300112,万讯自控,创业板,深市,创业板,801890.SI,机械设备,801072.SI,通用设备,通用设备,L,20100827,5878,16.09,9.8,-2.874,15.179,False,True,True,0,0,0,0,True,
300113.SZ,300113,300113,顺网科技,创业板,深市,创业板,801760.SI,传媒,801764.SI,游戏Ⅱ,游戏Ⅱ,L,20100827,5878,16.09,15.91,-0.872,9.581,False,True,True,0,0,0,0,True,
300115.SZ,300115,300115,长盈精密,创业板,深市,创业板,801080.SI,电子,801085.SI,消费电子,消费电子,L,20100902,5872,16.08,22.48,0.044,18.033,False,True,True,0,0,0,0,True,
300118.SZ,300118,300118,东方日升,创业板,深市,创业板,801730.SI,电力设备,801735.SI,光伏设备,光伏设备,L,20100902,5872,16.08,8.96,1.703,10.638,False,True,True,0,0,0,0,True,
300119.SZ,300119,300119,瑞普生物,创业板,深市,创业板,801010.SI,农林牧渔,801018.SI,动物保健Ⅱ,动物保健Ⅱ,L,20100917,5857,16.04,16.76,1.576,13.793,False,True,True,0,0,0,0,True,
300120.SZ,300120,300120,经纬辉开,创业板,深市,创业板,801080.SI,电子,801084.SI,光学光电子,光学光电子,L,20100917,5857,16.04,7.17,-5.284,8.108,False,True,True,0,0,0,0,True,
300121.SZ,300121,300121,阳谷华泰,创业板,深市,创业板,801030.SI,基础化工,801037.SI,橡胶,橡胶,L,20100917,5857,16.04,9.51,1.17,4.124,False,True,True,0,0,0,0,True,
300122.SZ,300122,300122,智飞生物,创业板,深市,创业板,801150.SI,医药生物,801152.SI,生物制品,生物制品,L,20100928,5846,16.01,13.98,6.881,11.765,False,True,True,0,0,0,0,True,
300124.SZ,300124,300124,汇川技术,创业板,深市,创业板,801890.SI,机械设备,801078.SI,自动化设备,自动化设备,L,20100928,5846,16.01,51.9,-1.124,28.358,False,True,True,0,0,0,0,True,
300126.SZ,300126,300126,锐奇股份,创业板,深市,创业板,801890.SI,机械设备,801072.SI,通用设备,通用设备,L,20101013,5831,15.96,6.64,-1.63,13.846,False,True,True,0,0,0,0,True,
300127.SZ,300127,300127,银河磁体,创业板,深市,创业板,801050.SI,有色金属,801051.SI,金属新材料,金属新材料,L,20101013,5831,15.96,23.09,-0.259,12.903,False,True,True,0,0,0,0,True,
300128.SZ,300128,300128,锦富技术,创业板,深市,创业板,801730.SI,电力设备,801737.SI,电池,电池,L,20101013,5831,15.96,4.8,0.629,12.245,False,True,True,0,0,0,0,True,
300129.SZ,300129,300129,泰胜风能,创业板,深市,创业板,801730.SI,电力设备,801736.SI,风电设备,风电设备,L,20101019,5825,15.95,7.57,2.297,6.667,False,True,True,0,0,0,0,True,
300130.SZ,300130,300130,新国都,创业板,深市,创业板,801750.SI,计算机,801101.SI,计算机设备,计算机设备,L,20101019,5825,15.95,17.95,-0.499,11.111,False,True,True,0,0,0,0,True,
300131.SZ,300131,300131,英唐智控,创业板,深市,创业板,801080.SI,电子,801082.SI,其他电子Ⅱ,其他电子Ⅱ,L,20101019,5825,15.95,13.6,1.492,14.103,False,True,True,0,0,0,0,True,
300132.SZ,300132,300132,诺斯贝尔,创业板,深市,创业板,801980.SI,美容护理,801982.SI,化妆品,化妆品,L,20101026,5818,15.93,6.11,-0.163,9.677,False,True,True,0,0,0,0,True,
300133.SZ,300133,300133,华策影视,创业板,深市,创业板,801760.SI,传媒,801766.SI,影视院线,影视院线,L,20101026,5818,15.93,7.7,0.26,8.108,False,True,True,0,0,0,0,True,
300134.SZ,300134,300134,大富科技,创业板,深市,创业板,801770.SI,通信,801102.SI,通信设备,通信设备,L,20101026,5818,15.93,8.17,-1.448,9.524,False,True,True,0,0,0,0,True,
300135.SZ,300135,300135,宝利国际,创业板,深市,创业板,801960.SI,石油石化,801963.SI,炼化及贸易,炼化及贸易,L,20101026,5818,15.93,3.46,0.0,14.286,False,True,True,0,0,0,0,True,
300136.SZ,300136,300136,信维通信,创业板,深市,创业板,801080.SI,电子,801085.SI,消费电子,消费电子,L,20101105,5808,15.9,51.23,-2.697,12.329,False,True,True,0,0,0,0,True,
300137.SZ,300137,300137,先河环保,创业板,深市,创业板,801970.SI,环保,801972.SI,环保设备Ⅱ,环保设备Ⅱ,L,20101105,5808,15.9,9.87,0.612,15.094,False,True,True,0,0,0,0,True,
300138.SZ,300138,300138,晨光生物,创业板,深市,创业板,801010.SI,农林牧渔,801012.SI,农产品加工,农产品加工,L,20101105,5808,15.9,11.15,-0.268,8.772,False,True,True,0,0,0,0,True,
300139.SZ,300139,300139,晓程科技,创业板,深市,创业板,801050.SI,有色金属,801053.SI,贵金属,贵金属,L,20101112,5801,15.88,42.62,0.141,14.019,False,True,True,0,0,0,0,True,
300140.SZ,300140,300140,节能环境,创业板,深市,创业板,801970.SI,环保,801971.SI,环境治理,环境治理,L,20101112,5801,15.88,5.36,1.708,30.769,False,True,True,0,0,0,0,True,
300141.SZ,300141,300141,和顺电气,创业板,深市,创业板,801730.SI,电力设备,801738.SI,电网设备,电网设备,L,20101112,5801,15.88,9.96,-0.4,5.882,False,True,True,0,0,0,0,True,
300142.SZ,300142,300142,沃森生物,创业板,深市,创业板,801150.SI,医药生物,801152.SI,生物制品,生物制品,L,20101112,5801,15.88,14.23,5.486,7.299,False,True,True,0,0,0,0,True,
300143.SZ,300143,300143,盈康生命,创业板,深市,创业板,801150.SI,医药生物,801156.SI,医疗服务,医疗服务,L,20101209,5774,15.81,7.85,0.9,11.538,False,True,True,0,0,0,0,True,
300144.SZ,300144,300144,宋城演艺,创业板,深市,创业板,801210.SI,社会服务,801993.SI,旅游及景区,旅游及景区,L,20101209,5774,15.81,5.62,0.537,6.667,False,True,True,0,0,0,0,True,
300145.SZ,300145,300145,南方泵业,创业板,深市,创业板,801890.SI,机械设备,801072.SI,通用设备,通用设备,L,20101209,5774,15.81,4.54,-3.404,12.245,False,True,True,0,0,0,0,True,
300146.SZ,300146,300146,汤臣倍健,创业板,深市,创业板,801120.SI,食品饮料,801124.SI,食品加工,食品加工,L,20101215,5768,15.79,9.43,1.507,10.204,False,True,True,0,0,0,0,True,
300148.SZ,300148,300148,天舟文化,创业板,深市,创业板,801760.SI,传媒,801769.SI,出版,出版,L,20101215,5768,15.79,3.53,-1.671,5.882,False,True,True,0,0,0,0,True,
300149.SZ,300149,300149,睿智医药,创业板,深市,创业板,801150.SI,医药生物,801156.SI,医疗服务,医疗服务,L,20101222,5761,15.77,9.9,2.697,8.163,False,True,True,0,0,0,0,True,
300150.SZ,300150,300150,世纪瑞尔,创业板,深市,创业板,801750.SI,计算机,801103.SI,IT服务Ⅱ,IT服务Ⅱ,L,20101222,5761,15.77,4.14,-1.663,9.524,False,True,True,0,0,0,0,True,
300151.SZ,300151,300151,昌红科技,创业板,深市,创业板,801890.SI,机械设备,801074.SI,专用设备,专用设备,L,20101222,5761,15.77,19.82,-2.843,21.569,False,True,True,0,0,0,0,True,
300153.SZ,300153,300153,科泰电源,创业板,深市,创业板,801730.SI,电力设备,801733.SI,其他电源设备Ⅱ,其他电源设备Ⅱ,L,20101229,5754,15.75,23.71,-2.908,15.385,False,True,True,0,0,0,0,True,
300154.SZ,300154,300154,瑞凌股份,创业板,深市,创业板,801890.SI,机械设备,801072.SI,通用设备,通用设备,L,20101229,5754,15.75,13.68,-3.185,12.5,False,True,True,0,0,0,0,True,
300155.SZ,300155,300155,安居宝,创业板,深市,创业板,801750.SI,计算机,801101.SI,计算机设备,计算机设备,L,20110107,5745,15.73,4.64,-0.215,8.696,False,True,True,0,0,0,0,True,
300157.SZ,300157,300157,新锦动力,创业板,深市,创业板,801890.SI,机械设备,801072.SI,通用设备,通用设备,L,20110107,5745,15.73,3.6,0.0,12.821,False,True,True,0,0,0,0,True,
300158.SZ,300158,300158,振东制药,创业板,深市,创业板,801150.SI,医药生物,801155.SI,中药Ⅱ,中药Ⅱ,L,20110107,5745,15.73,5.21,1.362,9.259,False,True,True,0,0,0,0,True,
300159.SZ,300159,300159,新研股份,创业板,深市,创业板,801890.SI,机械设备,801074.SI,专用设备,专用设备,L,20110107,5745,15.73,2.72,-0.366,20.0,False,True,True,0,0,0,2,True,
300160.SZ,300160,300160,秀强股份,创业板,深市,创业板,801110.SI,家用电器,801116.SI,家电零部件Ⅱ,家电零部件Ⅱ,L,20110113,5739,15.71,4.42,-0.674,20.455,False,True,True,0,0,0,0,True,
300161.SZ,300161,300161,华中数控,创业板,深市,创业板,801890.SI,机械设备,801072.SI,通用设备,通用设备,L,20110113,5739,15.71,25.98,-0.46,16.418,False,True,True,0,0,0,0,True,
300162.SZ,300162,300162,雷曼光电,创业板,深市,创业板,801080.SI,电子,801084.SI,光学光电子,光学光电子,L,20110113,5739,15.71,9.13,7.92,8.046,False,True,True,0,0,0,0,True,
300163.SZ,300163,300163,先锋新材,创业板,深市,创业板,801030.SI,基础化工,801034.SI,化学制品,化学制品,L,20110113,5739,15.71,7.26,-6.202,7.895,False,True,True,0,0,0,0,True,
300164.SZ,300164,300164,通源石油,创业板,深市,创业板,801960.SI,石油石化,801962.SI,油服工程,油服工程,L,20110113,5739,15.71,8.68,-1.026,6.742,False,True,True,0,0,0,0,True,
300165.SZ,300165,300165,天瑞仪器,创业板,深市,创业板,801890.SI,机械设备,801072.SI,通用设备,通用设备,L,20110125,5727,15.68,4.98,-0.599,7.843,False,True,True,0,0,0,0,True,
300166.SZ,300166,300166,东方国信,创业板,深市,创业板,801750.SI,计算机,801103.SI,IT服务Ⅱ,IT服务Ⅱ,L,20110125,5727,15.68,11.39,-2.399,11.667,False,True,True,0,0,0,0,True,
300168.SZ,300168,300168,万达信息,创业板,深市,创业板,801750.SI,计算机,801103.SI,IT服务Ⅱ,IT服务Ⅱ,L,20110125,5727,15.68,4.84,1.468,20.0,False,True,True,0,0,0,0,True,
300169.SZ,300169,300169,天晟新材,创业板,深市,创业板,801030.SI,基础化工,801034.SI,化学制品,化学制品,L,20110125,5727,15.68,5.52,-0.719,5.357,False,True,True,0,0,0,0,True,
300170.SZ,300170,300170,汉得信息,创业板,深市,创业板,801750.SI,计算机,801103.SI,IT服务Ⅱ,IT服务Ⅱ,L,20110201,5720,15.66,15.13,-3.446,11.392,False,True,True,0,0,0,0,True,
300171.SZ,300171,300171,东富龙,创业板,深市,创业板,801150.SI,医药生物,801153.SI,医疗器械,医疗器械,L,20110201,5720,15.66,16.43,3.333,16.0,False,True,True,0,0,0,0,True,
300172.SZ,300172,300172,中电环保,创业板,深市,创业板,801970.SI,环保,801971.SI,环境治理,环境治理,L,20110201,5720,15.66,4.54,0.0,6.667,False,True,True,0,0,0,0,True,
300174.SZ,300174,300174,元力股份,创业板,深市,创业板,801030.SI,基础化工,801034.SI,化学制品,化学制品,L,20110201,5720,15.66,16.96,-0.819,9.677,False,True,True,0,0,0,0,True,
300175.SZ,300175,300175,朗源股份,创业板,深市,创业板,801010.SI,农林牧渔,801012.SI,农产品加工,农产品加工,L,20110215,5706,15.62,5.38,-1.284,12.069,False,True,True,0,0,0,2,True,
300177.SZ,300177,300177,中海达,创业板,深市,创业板,801740.SI,国防军工,801745.SI,军工电子Ⅱ,军工电子Ⅱ,L,20110215,5706,15.62,6.0,-1.316,9.677,False,True,True,0,0,0,0,True,
300179.SZ,300179,300179,四方达,创业板,深市,创业板,801890.SI,机械设备,801072.SI,通用设备,通用设备,L,20110215,5706,15.62,39.16,-6.718,8.837,False,True,True,0,0,0,0,True,
300180.SZ,300180,300180,华峰超纤,创业板,深市,创业板,801030.SI,基础化工,801036.SI,塑料,塑料,L,20110222,5699,15.6,4.33,0.0,10.87,False,True,True,0,0,0,0,True,
300181.SZ,300181,300181,佐力药业,创业板,深市,创业板,801150.SI,医药生物,801155.SI,中药Ⅱ,中药Ⅱ,L,20110222,5699,15.6,13.21,1.772,9.701,False,True,True,0,0,0,0,True,
300182.SZ,300182,300182,捷成股份,创业板,深市,创业板,801760.SI,传媒,801766.SI,影视院线,影视院线,L,20110222,5699,15.6,5.25,3.55,5.882,False,True,True,0,0,0,0,True,
300183.SZ,300183,300183,东软载波,创业板,深市,创业板,801770.SI,通信,801102.SI,通信设备,通信设备,L,20110222,5699,15.6,10.63,-2.922,11.111,False,True,True,0,0,0,0,True,
300184.SZ,300184,300184,力源信息,创业板,深市,创业板,801080.SI,电子,801082.SI,其他电子Ⅱ,其他电子Ⅱ,L,20110222,5699,15.6,10.94,-2.495,6.667,False,True,True,0,0,0,0,True,
300185.SZ,300185,300185,通裕重工,创业板,深市,创业板,801730.SI,电力设备,801736.SI,风电设备,风电设备,L,20110308,5685,15.56,2.8,-0.709,3.704,False,True,True,0,0,0,0,True,
300187.SZ,300187,300187,永清环保,创业板,深市,创业板,801970.SI,环保,801971.SI,环境治理,环境治理,L,20110308,5685,15.56,4.51,0.0,12.766,False,True,True,0,0,0,0,True,
300188.SZ,300188,300188,国投智能,创业板,深市,创业板,801750.SI,计算机,801104.SI,软件开发,软件开发,L,20110316,5677,15.54,10.55,-1.769,13.208,False,True,True,0,0,0,0,True,
300189.SZ,300189,300189,神农种业,创业板,深市,创业板,801010.SI,农林牧渔,801016.SI,种植业,种植业,L,20110316,5677,15.54,6.0,3.627,11.667,False,True,True,0,0,0,0,True,
300190.SZ,300190,300190,维尔利,创业板,深市,创业板,801970.SI,环保,801971.SI,环境治理,环境治理,L,20110316,5677,15.54,3.74,-1.058,10.526,False,True,True,0,0,0,0,True,
300191.SZ,300191,300191,潜能恒信,创业板,深市,创业板,801960.SI,石油石化,801962.SI,油服工程,油服工程,L,20110316,5677,15.54,30.6,-0.065,18.519,False,True,True,0,0,0,0,True,
300192.SZ,300192,300192,科德教育,创业板,深市,创业板,801210.SI,社会服务,801994.SI,教育,教育,L,20110322,5671,15.53,23.42,-2.457,15.638,False,True,True,0,0,0,0,True,
300193.SZ,300193,300193,佳士科技,创业板,深市,创业板,801890.SI,机械设备,801072.SI,通用设备,通用设备,L,20110322,5671,15.53,7.89,0.254,8.861,False,True,True,0,0,0,0,True,
300194.SZ,300194,300194,福安药业,创业板,深市,创业板,801150.SI,医药生物,801151.SI,化学制药,化学制药,L,20110322,5671,15.53,3.89,0.777,7.692,False,True,True,0,0,0,0,True,
300195.SZ,300195,300195,长荣股份,创业板,深市,创业板,801890.SI,机械设备,801074.SI,专用设备,专用设备,L,20110329,5664,15.51,6.27,-0.634,11.475,False,True,True,0,0,0,0,True,
300196.SZ,300196,300196,长海股份,创业板,深市,创业板,801710.SI,建筑材料,801712.SI,玻璃玻纤,玻璃玻纤,L,20110329,5664,15.51,17.14,-2.669,12.308,False,True,True,0,0,0,0,True,
300197.SZ,300197,300197,节能铁汉,创业板,深市,创业板,801720.SI,建筑装饰,801723.SI,基础建设,基础建设,L,20110329,5664,15.51,1.97,1.546,10.0,False,True,True,0,0,0,0,True,
300199.SZ,300199,300199,翰宇药业,创业板,深市,创业板,801150.SI,医药生物,801151.SI,化学制药,化学制药,L,20110407,5655,15.48,23.92,4.958,5.532,False,True,True,0,0,0,0,True,
300200.SZ,300200,300200,高盟新材,创业板,深市,创业板,801030.SI,基础化工,801034.SI,化学制品,化学制品,L,20110407,5655,15.48,8.14,-0.732,8.235,False,True,True,0,0,0,0,True,
300201.SZ,300201,300201,海伦哲,创业板,深市,创业板,801890.SI,机械设备,801077.SI,工程机械,工程机械,L,20110407,5655,15.48,12.72,-1.472,14.925,False,True,True,0,0,0,0,True,
300203.SZ,300203,300203,聚光科技,创业板,深市,创业板,801970.SI,环保,801972.SI,环保设备Ⅱ,环保设备Ⅱ,L,20110415,5647,15.46,13.52,-0.295,12.121,False,True,True,0,0,0,0,True,
300204.SZ,300204,300204,舒泰神,创业板,深市,创业板,801150.SI,医药生物,801151.SI,化学制药,化学制药,L,20110415,5647,15.46,20.44,3.546,11.538,False,True,True,0,0,0,0,True,
300206.SZ,300206,300206,理邦仪器,创业板,深市,创业板,801150.SI,医药生物,801153.SI,医疗器械,医疗器械,L,20110421,5641,15.44,11.67,0.603,8.475,False,True,True,0,0,0,0,True,
300207.SZ,300207,300207,欣旺达,创业板,深市,创业板,801730.SI,电力设备,801737.SI,电池,电池,L,20110421,5641,15.44,22.0,2.326,17.5,False,True,True,0,0,0,0,True,
300209.SZ,300209,300209,行云科技,创业板,深市,创业板,801750.SI,计算机,801104.SI,软件开发,软件开发,L,20110426,5636,15.43,33.15,-1.632,11.364,False,True,True,0,0,0,0,True,
300210.SZ,300210,300210,森远股份,创业板,深市,创业板,801970.SI,环保,801972.SI,环保设备Ⅱ,环保设备Ⅱ,L,20110426,5636,15.43,6.99,-0.569,18.293,False,True,True,0,0,0,0,True,
300213.SZ,300213,300213,佳讯飞鸿,创业板,深市,创业板,801770.SI,通信,801102.SI,通信设备,通信设备,L,20110505,5627,15.41,6.5,-1.664,7.812,False,True,True,0,0,0,0,True,
300215.SZ,300215,300215,电科院,创业板,深市,创业板,801210.SI,社会服务,801218.SI,专业服务,专业服务,L,20110511,5621,15.39,6.46,3.526,9.375,False,True,True,0,0,0,0,True,
300217.SZ,300217,300217,东方电热,创业板,深市,创业板,801110.SI,家用电器,801116.SI,家电零部件Ⅱ,家电零部件Ⅱ,L,20110518,5614,15.37,3.99,0.504,14.286,False,True,True,0,0,0,0,True,
300218.SZ,300218,300218,安利股份,创业板,深市,创业板,801030.SI,基础化工,801036.SI,塑料,塑料,L,20110518,5614,15.37,12.56,0.08,11.111,False,True,True,0,0,0,0,True,
300219.SZ,300219,300219,鸿利智汇,创业板,深市,创业板,801080.SI,电子,801084.SI,光学光电子,光学光电子,L,20110518,5614,15.37,6.66,-0.745,5.797,False,True,True,0,0,0,0,True,
300220.SZ,300220,300220,金运激光,创业板,深市,创业板,801140.SI,轻工制造,801145.SI,文娱用品,文娱用品,L,20110525,5607,15.35,11.23,-2.178,16.364,False,True,True,0,0,0,0,True,
300221.SZ,300221,300221,银禧科技,创业板,深市,创业板,801030.SI,基础化工,801036.SI,塑料,塑料,L,20110525,5607,15.35,13.08,0.538,10.714,False,True,True,0,0,0,0,True,
300222.SZ,300222,300222,科大智能,创业板,深市,创业板,801730.SI,电力设备,801738.SI,电网设备,电网设备,L,20110525,5607,15.35,9.53,-1.141,7.921,False,True,True,0,0,0,0,True,
300223.SZ,300223,300223,君正股份,创业板,深市,创业板,801080.SI,电子,801081.SI,半导体,半导体,L,20110531,5601,15.33,129.15,-4.049,11.765,False,True,True,0,0,0,0,True,
300224.SZ,300224,300224,正海磁材,创业板,深市,创业板,801050.SI,有色金属,801051.SI,金属新材料,金属新材料,L,20110531,5601,15.33,11.57,-1.532,12.821,False,True,True,0,0,0,0,True,
300225.SZ,300225,300225,金力泰,创业板,深市,创业板,801030.SI,基础化工,801034.SI,化学制品,化学制品,L,20110531,5601,15.33,7.83,0.256,11.25,False,True,True,0,0,0,2,True,
300226.SZ,300226,300226,上海钢联,创业板,深市,创业板,801750.SI,计算机,801104.SI,软件开发,软件开发,L,20110608,5593,15.31,16.69,-1.939,8.284,False,True,True,0,0,0,0,True,
300227.SZ,300227,300227,光韵达,创业板,深市,创业板,801890.SI,机械设备,801078.SI,自动化设备,自动化设备,L,20110608,5593,15.31,9.99,-0.696,25.455,False,True,True,0,0,0,0,True,
300228.SZ,300228,300228,富瑞特装,创业板,深市,创业板,801890.SI,机械设备,801072.SI,通用设备,通用设备,L,20110608,5593,15.31,6.46,0.467,14.706,False,True,True,0,0,0,0,True,
300229.SZ,300229,300229,拓尔思,创业板,深市,创业板,801750.SI,计算机,801104.SI,软件开发,软件开发,L,20110615,5586,15.29,12.77,-0.623,11.94,False,True,True,0,0,0,0,True,
300230.SZ,300230,300230,永利股份,创业板,深市,创业板,801030.SI,基础化工,801036.SI,塑料,塑料,L,20110615,5586,15.29,4.35,-0.229,4.651,False,True,True,0,0,0,0,True,
300231.SZ,300231,300231,银信科技,创业板,深市,创业板,801750.SI,计算机,801103.SI,IT服务Ⅱ,IT服务Ⅱ,L,20110615,5586,15.29,8.16,-1.449,8.434,False,True,True,0,0,0,0,True,
300232.SZ,300232,300232,洲明科技,创业板,深市,创业板,801080.SI,电子,801084.SI,光学光电子,光学光电子,L,20110622,5579,15.27,5.35,0.753,9.434,False,True,True,0,0,0,0,True,
300233.SZ,300233,300233,金城医药,创业板,深市,创业板,801150.SI,医药生物,801151.SI,化学制药,化学制药,L,20110622,5579,15.27,13.6,3.03,9.091,False,True,True,0,0,0,0,True,
300234.SZ,300234,300234,开尔新材,创业板,深市,创业板,801710.SI,建筑材料,801713.SI,装修建材,装修建材,L,20110622,5579,15.27,10.06,-0.593,19.626,False,True,True,0,0,0,0,True,
300235.SZ,300235,300235,方直科技,创业板,深市,创业板,801750.SI,计算机,801104.SI,软件开发,软件开发,L,20110629,5572,15.26,11.61,-3.25,11.207,False,True,True,0,0,0,0,True,
300236.SZ,300236,300236,上海新阳,创业板,深市,创业板,801080.SI,电子,801086.SI,电子化学品Ⅱ,电子化学品Ⅱ,L,20110629,5572,15.26,84.82,-1.931,10.0,False,True,True,0,0,0,0,True,
300238.SZ,300238,300238,冠昊生物,创业板,深市,创业板,801150.SI,医药生物,801153.SI,医疗器械,医疗器械,L,20110706,5565,15.24,11.95,0.674,9.322,False,True,True,0,0,0,0,True,
300239.SZ,300239,300239,东宝生物,创业板,深市,创业板,801150.SI,医药生物,801152.SI,生物制品,生物制品,L,20110706,5565,15.24,5.46,0.738,7.843,False,True,True,0,0,0,0,True,
300240.SZ,300240,300240,飞力达,创业板,深市,创业板,801170.SI,交通运输,801178.SI,物流,物流,L,20110706,5565,15.24,6.15,-0.324,13.333,False,True,True,0,0,0,0,True,
300241.SZ,300241,300241,瑞丰光电,创业板,深市,创业板,801080.SI,电子,801084.SI,光学光电子,光学光电子,L,20110712,5559,15.22,5.67,-0.874,5.172,False,True,True,0,0,0,0,True,
300243.SZ,300243,300243,瑞丰高材,创业板,深市,创业板,801030.SI,基础化工,801036.SI,塑料,塑料,L,20110712,5559,15.22,20.38,-7.068,12.273,False,True,True,0,0,0,0,True,
300244.SZ,300244,300244,迪安诊断,创业板,深市,创业板,801150.SI,医药生物,801156.SI,医疗服务,医疗服务,L,20110719,5552,15.2,20.52,1.635,14.286,False,True,True,0,0,0,0,True,
300247.SZ,300247,300247,融捷健康,创业板,深市,创业板,801110.SI,家用电器,801117.SI,其他家电Ⅱ,其他家电Ⅱ,L,20110729,5542,15.17,3.68,-0.271,8.108,False,True,True,0,0,0,0,True,
300248.SZ,300248,300248,新开普,创业板,深市,创业板,801750.SI,计算机,801101.SI,计算机设备,计算机设备,L,20110729,5542,15.17,8.25,-0.602,12.644,False,True,True,0,0,0,0,True,
300249.SZ,300249,300249,依米康,创业板,深市,创业板,801750.SI,计算机,801101.SI,计算机设备,计算机设备,L,20110803,5537,15.16,12.38,-2.134,7.519,False,True,True,0,0,0,0,True,
300250.SZ,300250,300250,初灵信息,创业板,深市,创业板,801750.SI,计算机,801103.SI,IT服务Ⅱ,IT服务Ⅱ,L,20110803,5537,15.16,14.49,-2.555,8.497,False,True,True,0,0,0,0,True,
300251.SZ,300251,300251,光线传媒,创业板,深市,创业板,801760.SI,传媒,801766.SI,影视院线,影视院线,L,20110803,5537,15.16,10.97,0.366,10.345,False,True,True,0,0,0,0,True,
300252.SZ,300252,300252,金信诺,创业板,深市,创业板,801740.SI,国防军工,801745.SI,军工电子Ⅱ,军工电子Ⅱ,L,20110818,5522,15.12,11.39,-0.957,10.317,False,True,True,0,0,0,0,True,
300253.SZ,300253,300253,卫宁健康,创业板,深市,创业板,801750.SI,计算机,801104.SI,软件开发,软件开发,L,20110818,5522,15.12,6.98,0.287,10.0,False,True,True,0,0,0,0,True,
300254.SZ,300254,300254,仟源医药,创业板,深市,创业板,801150.SI,医药生物,801151.SI,化学制药,化学制药,L,20110819,5521,15.12,9.19,1.1,6.667,False,True,True,0,0,0,0,True,
300255.SZ,300255,300255,常山药业,创业板,深市,创业板,801150.SI,医药生物,801151.SI,化学制药,化学制药,L,20110819,5521,15.12,22.94,3.707,16.949,False,True,True,0,0,0,0,True,
300256.SZ,300256,300256,星星科技,创业板,深市,创业板,801080.SI,电子,801085.SI,消费电子,消费电子,L,20110819,5521,15.12,2.59,0.0,14.815,False,True,True,0,0,0,0,True,
300257.SZ,300257,300257,开山股份,创业板,深市,创业板,801890.SI,机械设备,801072.SI,通用设备,通用设备,L,20110819,5521,15.12,17.38,-2.36,57.143,False,True,True,0,0,0,0,True,
300258.SZ,300258,300258,精锻科技,创业板,深市,创业板,801880.SI,汽车,801093.SI,汽车零部件,汽车零部件,L,20110826,5514,15.1,8.87,0.91,20.652,False,True,True,0,0,0,0,True,
300259.SZ,300259,300259,新天科技,创业板,深市,创业板,801890.SI,机械设备,801072.SI,通用设备,通用设备,L,20110831,5509,15.08,3.91,-1.013,9.524,False,True,True,0,0,0,0,True,
300260.SZ,300260,300260,新莱应材,创业板,深市,创业板,801890.SI,机械设备,801072.SI,通用设备,通用设备,L,20110906,5503,15.07,54.44,-4.991,15.436,False,True,True,0,0,0,0,True,
300261.SZ,300261,300261,雅本化学,创业板,深市,创业板,801030.SI,基础化工,801038.SI,农化制品,农化制品,L,20110906,5503,15.07,4.92,-0.203,8.0,False,True,True,0,0,0,0,True,
300263.SZ,300263,300263,隆华科技,创业板,深市,创业板,801890.SI,机械设备,801072.SI,通用设备,通用设备,L,20110916,5493,15.04,9.79,-2.49,8.824,False,True,True,0,0,0,0,True,
300264.SZ,300264,300264,佳创视讯,创业板,深市,创业板,801750.SI,计算机,801103.SI,IT服务Ⅱ,IT服务Ⅱ,L,20110916,5493,15.04,5.93,-1.658,8.065,False,True,True,0,0,0,0,True,
300265.SZ,300265,300265,通光线缆,创业板,深市,创业板,801730.SI,电力设备,801738.SI,电网设备,电网设备,L,20110916,5493,15.04,11.85,-1.085,12.5,False,True,True,0,0,0,0,True,
300266.SZ,300266,300266,兴源环境,创业板,深市,创业板,801970.SI,环保,801971.SI,环境治理,环境治理,L,20110927,5482,15.01,1.87,0.538,11.111,False,True,True,0,0,0,0,True,
300267.SZ,300267,300267,尔康制药,创业板,深市,创业板,801150.SI,医药生物,801151.SI,化学制药,化学制药,L,20110927,5482,15.01,3.26,0.929,12.5,False,True,True,0,0,0,0,True,
300268.SZ,300268,300268,佳沃食品,创业板,深市,创业板,801010.SI,农林牧渔,801012.SI,农产品加工,农产品加工,L,20110927,5482,15.01,11.91,-0.833,12.5,False,True,True,0,0,0,0,True,
300269.SZ,300269,300269,联建光电,创业板,深市,创业板,801080.SI,电子,801084.SI,光学光电子,光学光电子,L,20111012,5467,14.97,4.56,-1.299,8.511,False,True,True,0,0,0,0,True,
300270.SZ,300270,300270,中威电子,创业板,深市,创业板,801750.SI,计算机,801101.SI,计算机设备,计算机设备,L,20111012,5467,14.97,10.21,-4.49,13.208,False,True,True,0,0,0,0,True,
300271.SZ,300271,300271,华宇软件,创业板,深市,创业板,801750.SI,计算机,801103.SI,IT服务Ⅱ,IT服务Ⅱ,L,20111026,5453,14.93,5.75,-1.033,10.714,False,True,True,0,0,0,0,True,
300272.SZ,300272,300272,开能健康,创业板,深市,创业板,801110.SI,家用电器,801113.SI,小家电,小家电,L,20111102,5446,14.91,6.06,1.169,10.345,False,True,True,0,0,0,0,True,
300274.SZ,300274,300274,阳光电源,创业板,深市,创业板,801730.SI,电力设备,801735.SI,光伏设备,光伏设备,L,20111102,5446,14.91,82.49,-0.386,30.952,False,True,True,0,0,0,0,True,
300275.SZ,300275,300275,梅安森,创业板,深市,创业板,801750.SI,计算机,801101.SI,计算机设备,计算机设备,L,20111102,5446,14.91,8.86,-1.006,11.364,False,True,True,0,0,0,0,True,
300276.SZ,300276,300276,三丰智能,创业板,深市,创业板,801890.SI,机械设备,801078.SI,自动化设备,自动化设备,L,20111115,5433,14.87,6.15,-1.914,12.903,False,True,True,0,0,0,0,True,
300277.SZ,300277,300277,汽轮科技,创业板,深市,创业板,801750.SI,计算机,801103.SI,IT服务Ⅱ,IT服务Ⅱ,L,20111123,5425,14.85,12.75,1.03,9.524,False,True,True,0,0,0,0,True,
300278.SZ,300278,300278,华昌达,创业板,深市,创业板,801890.SI,机械设备,801078.SI,自动化设备,自动化设备,L,20111216,5402,14.79,3.51,-0.848,10.811,False,True,True,0,0,0,0,True,
300279.SZ,300279,300279,和晶科技,创业板,深市,创业板,801110.SI,家用电器,801116.SI,家电零部件Ⅱ,家电零部件Ⅱ,L,20111229,5389,14.75,5.83,-1.686,6.78,False,True,True,0,0,0,0,True,
300281.SZ,300281,300281,金明精机,创业板,深市,创业板,801890.SI,机械设备,801074.SI,专用设备,专用设备,L,20111229,5389,14.75,6.98,-0.993,17.91,False,True,True,0,0,0,0,True,
300283.SZ,300283,300283,温州宏丰,创业板,深市,创业板,801730.SI,电力设备,801738.SI,电网设备,电网设备,L,20120110,5377,14.72,12.9,-4.16,8.633,False,True,True,0,0,0,0,True,
300284.SZ,300284,300284,苏交科,创业板,深市,创业板,801720.SI,建筑装饰,801726.SI,工程咨询服务Ⅱ,工程咨询服务Ⅱ,L,20120110,5377,14.72,5.1,0.394,20.755,False,True,True,0,0,0,0,True,
300285.SZ,300285,300285,国瓷材料,创业板,深市,创业板,801080.SI,电子,801086.SI,电子化学品Ⅱ,电子化学品Ⅱ,L,20120113,5374,14.71,63.06,-2.081,11.607,False,True,True,0,0,0,0,True,
300286.SZ,300286,300286,安科瑞,创业板,深市,创业板,801730.SI,电力设备,801738.SI,电网设备,电网设备,L,20120113,5374,14.71,18.8,-0.634,10.204,False,True,True,0,0,0,0,True,
300287.SZ,300287,300287,飞利信,创业板,深市,创业板,801750.SI,计算机,801103.SI,IT服务Ⅱ,IT服务Ⅱ,L,20120201,5355,14.66,3.5,-2.507,8.108,False,True,True,0,0,0,0,True,
300288.SZ,300288,300288,朗玛信息,创业板,深市,创业板,801750.SI,计算机,801103.SI,IT服务Ⅱ,IT服务Ⅱ,L,20120216,5340,14.62,9.64,-1.128,7.143,False,True,True,0,0,0,0,True,
300289.SZ,300289,300289,利德曼,创业板,深市,创业板,801150.SI,医药生物,801153.SI,医疗器械,医疗器械,L,20120216,5340,14.62,6.06,2.538,8.475,False,True,True,0,0,0,0,True,
300291.SZ,300291,300291,百纳千成,创业板,深市,创业板,801760.SI,传媒,801766.SI,影视院线,影视院线,L,20120209,5347,14.64,4.99,-1.965,15.385,False,True,True,0,0,0,0,True,
300292.SZ,300292,300292,吴通控股,创业板,深市,创业板,801770.SI,通信,801223.SI,通信服务,通信服务,L,20120229,5327,14.58,4.35,-1.584,8.889,False,True,True,0,0,0,0,True,
300293.SZ,300293,300293,蓝英装备,创业板,深市,创业板,801890.SI,机械设备,801074.SI,专用设备,专用设备,L,20120308,5319,14.56,13.8,-0.648,13.725,False,True,True,0,0,0,0,True,
300294.SZ,300294,300294,博雅生物,创业板,深市,创业板,801150.SI,医药生物,801152.SI,生物制品,生物制品,L,20120308,5319,14.56,14.94,4.184,13.158,False,True,True,0,0,0,0,True,
300296.SZ,300296,300296,利亚德,创业板,深市,创业板,801080.SI,电子,801084.SI,光学光电子,光学光电子,L,20120315,5312,14.54,4.71,-0.212,12.0,False,True,True,0,0,0,0,True,
300298.SZ,300298,300298,三诺生物,创业板,深市,创业板,801150.SI,医药生物,801153.SI,医疗器械,医疗器械,L,20120319,5308,14.53,16.3,1.242,7.5,False,True,True,0,0,0,0,True,
300299.SZ,300299,300299,富春股份,创业板,深市,创业板,801760.SI,传媒,801764.SI,游戏Ⅱ,游戏Ⅱ,L,20120319,5308,14.53,5.34,-1.111,7.273,False,True,True,0,0,0,0,True,
300300.SZ,300300,300300,海峡创新,创业板,深市,创业板,801750.SI,计算机,801103.SI,IT服务Ⅱ,IT服务Ⅱ,L,20120319,5308,14.53,11.13,3.728,4.587,False,True,True,0,0,0,0,True,
300302.SZ,300302,300302,同有科技,创业板,深市,创业板,801750.SI,计算机,801101.SI,计算机设备,计算机设备,L,20120321,5306,14.53,25.68,-2.838,9.859,False,True,True,0,0,0,0,True,
300303.SZ,300303,300303,聚飞光电,创业板,深市,创业板,801080.SI,电子,801084.SI,光学光电子,光学光电子,L,20120319,5308,14.53,6.36,-1.089,8.696,False,True,True,0,0,0,0,True,
300304.SZ,300304,300304,云意电气,创业板,深市,创业板,801880.SI,汽车,801093.SI,汽车零部件,汽车零部件,L,20120321,5306,14.53,12.08,0.332,11.111,False,True,True,0,0,0,0,True,
300305.SZ,300305,300305,裕兴股份,创业板,深市,创业板,801030.SI,基础化工,801036.SI,塑料,塑料,L,20120329,5298,14.51,6.32,-3.067,10.769,False,True,True,0,0,0,0,True,
300306.SZ,300306,300306,远方信息,创业板,深市,创业板,801890.SI,机械设备,801072.SI,通用设备,通用设备,L,20120329,5298,14.51,10.4,-1.047,13.861,False,True,True,0,0,0,0,True,
300307.SZ,300307,300307,慈星股份,创业板,深市,创业板,801890.SI,机械设备,801074.SI,专用设备,专用设备,L,20120329,5298,14.51,6.87,-1.151,6.849,False,True,True,0,0,0,0,True,
300308.SZ,300308,300308,中际旭创,创业板,深市,创业板,801770.SI,通信,801102.SI,通信设备,通信设备,L,20120410,5286,14.47,808.44,-0.562,12.295,False,True,True,0,0,0,0,True,
300310.SZ,300310,300310,宜通世纪,创业板,深市,创业板,801770.SI,通信,801223.SI,通信服务,通信服务,L,20120425,5271,14.43,4.23,-2.083,6.977,False,True,True,0,0,0,0,True,
300313.SZ,300313,300313,天山生物,创业板,深市,创业板,801010.SI,农林牧渔,801017.SI,养殖业,养殖业,L,20120425,5271,14.43,12.06,1.515,11.719,False,True,True,0,0,0,2,True,
300314.SZ,300314,300314,戴维医疗,创业板,深市,创业板,801150.SI,医药生物,801153.SI,医疗器械,医疗器械,L,20120508,5258,14.4,12.86,0.942,11.811,False,True,True,0,0,0,0,True,
300315.SZ,300315,300315,掌趣科技,创业板,深市,创业板,801760.SI,传媒,801764.SI,游戏Ⅱ,游戏Ⅱ,L,20120511,5255,14.39,3.94,-0.253,15.0,False,True,True,0,0,0,0,True,
300316.SZ,300316,300316,晶盛机电,创业板,深市,创业板,801730.SI,电力设备,801735.SI,光伏设备,光伏设备,L,20120511,5255,14.39,35.88,-6.245,30.189,False,True,True,0,0,0,0,True,
300317.SZ,300317,300317,珈伟新能,创业板,深市,创业板,801160.SI,公用事业,801161.SI,电力,电力,L,20120511,5255,14.39,4.07,-2.163,4.762,False,True,True,0,0,0,0,True,
300318.SZ,300318,300318,博晖创新,创业板,深市,创业板,801150.SI,医药生物,801152.SI,生物制品,生物制品,L,20120523,5243,14.35,5.23,1.751,16.0,False,True,True,0,0,0,0,True,
300319.SZ,300319,300319,麦捷科技,创业板,深市,创业板,801080.SI,电子,801083.SI,元件,元件,L,20120523,5243,14.35,18.1,-3.979,14.762,False,True,True,0,0,0,0,True,
300320.SZ,300320,300320,海达股份,创业板,深市,创业板,801030.SI,基础化工,801037.SI,橡胶,橡胶,L,20120601,5234,14.33,8.13,0.123,13.095,False,True,True,0,0,0,0,True,
300321.SZ,300321,300321,同大股份,创业板,深市,创业板,801030.SI,基础化工,801034.SI,化学制品,化学制品,L,20120523,5243,14.35,32.28,-1.735,10.714,False,True,True,0,0,0,0,True,
300322.SZ,300322,300322,硕贝德,创业板,深市,创业板,801080.SI,电子,801085.SI,消费电子,消费电子,L,20120608,5227,14.31,15.96,-2.979,14.444,False,True,True,0,0,0,0,True,
300323.SZ,300323,300323,华灿光电,创业板,深市,创业板,801080.SI,电子,801084.SI,光学光电子,光学光电子,L,20120601,5234,14.33,10.7,-1.564,10.526,False,True,True,0,0,0,0,True,
300324.SZ,300324,300324,旋极信息,创业板,深市,创业板,801750.SI,计算机,801101.SI,计算机设备,计算机设备,L,20120608,5227,14.31,3.68,-3.412,13.158,False,True,True,0,0,0,0,True,
300327.SZ,300327,300327,中颖电子,创业板,深市,创业板,801080.SI,电子,801081.SI,半导体,半导体,L,20120613,5222,14.3,24.77,-2.095,11.429,False,True,True,0,0,0,0,True,
300328.SZ,300328,300328,宜安科技,创业板,深市,创业板,801050.SI,有色金属,801055.SI,工业金属,工业金属,L,20120619,5216,14.28,11.99,-1.56,27.692,False,True,True,0,0,0,0,True,
300329.SZ,300329,300329,海伦钢琴,创业板,深市,创业板,801140.SI,轻工制造,801145.SI,文娱用品,文娱用品,L,20120619,5216,14.28,11.78,-0.423,11.667,False,True,True,0,0,0,0,True,
300331.SZ,300331,300331,苏大维格,创业板,深市,创业板,801080.SI,电子,801084.SI,光学光电子,光学光电子,L,20120628,5207,14.26,42.27,-2.153,10.924,False,True,True,0,0,0,0,True,
300334.SZ,300334,300334,津膜科技,创业板,深市,创业板,801970.SI,环保,801971.SI,环境治理,环境治理,L,20120705,5200,14.24,8.53,-2.067,4.762,False,True,True,0,0,0,0,True,
300335.SZ,300335,300335,迪森股份,创业板,深市,创业板,801160.SI,公用事业,801161.SI,电力,电力,L,20120710,5195,14.22,5.57,-0.179,3.571,False,True,True,0,0,0,0,True,
300337.SZ,300337,300337,银邦股份,创业板,深市,创业板,801050.SI,有色金属,801055.SI,工业金属,工业金属,L,20120718,5187,14.2,8.91,-0.669,11.34,False,True,True,0,0,0,0,True,
300339.SZ,300339,300339,润和软件,创业板,深市,创业板,801750.SI,计算机,801103.SI,IT服务Ⅱ,IT服务Ⅱ,L,20120718,5187,14.2,33.8,0.089,9.091,False,True,True,0,0,0,0,True,
300340.SZ,300340,300340,科恒股份,创业板,深市,创业板,801730.SI,电力设备,801737.SI,电池,电池,L,20120726,5179,14.18,9.04,-1.525,8.989,False,True,True,0,0,0,0,True,
300341.SZ,300341,300341,麦克奥迪,创业板,深市,创业板,801150.SI,医药生物,801153.SI,医疗器械,医疗器械,L,20120726,5179,14.18,12.77,0.869,20.455,False,True,True,0,0,0,0,True,
300342.SZ,300342,300342,天银机电,创业板,深市,创业板,801110.SI,家用电器,801116.SI,家电零部件Ⅱ,家电零部件Ⅱ,L,20120726,5179,14.18,29.41,-0.976,11.25,False,True,True,0,0,0,0,True,
300343.SZ,300343,300343,联创股份,创业板,深市,创业板,801030.SI,基础化工,801034.SI,化学制品,化学制品,L,20120801,5173,14.16,5.15,-0.387,10.345,False,True,True,0,0,0,2,True,
300345.SZ,300345,300345,华民股份,创业板,深市,创业板,801730.SI,电力设备,801735.SI,光伏设备,光伏设备,L,20120801,5173,14.16,6.4,-0.156,17.333,False,True,True,0,0,0,0,True,
300346.SZ,300346,300346,南大光电,创业板,深市,创业板,801080.SI,电子,801086.SI,电子化学品Ⅱ,电子化学品Ⅱ,L,20120807,5167,14.15,49.45,-3.775,9.091,False,True,True,0,0,0,0,True,
300347.SZ,300347,300347,泰格医药,创业板,深市,创业板,801150.SI,医药生物,801156.SI,医疗服务,医疗服务,L,20120817,5157,14.12,58.4,3.418,14.815,False,True,True,0,0,0,0,True,
300348.SZ,300348,300348,长亮科技,创业板,深市,创业板,801750.SI,计算机,801104.SI,软件开发,软件开发,L,20120817,5157,14.12,9.24,-0.645,10.417,False,True,True,0,0,0,0,True,
300349.SZ,300349,300349,金卡智能,创业板,深市,创业板,801890.SI,机械设备,801072.SI,通用设备,通用设备,L,20120817,5157,14.12,10.11,-0.979,7.692,False,True,True,0,0,0,0,True,
300350.SZ,300350,300350,华鹏飞,创业板,深市,创业板,801170.SI,交通运输,801178.SI,物流,物流,L,20120821,5153,14.11,4.82,1.26,18.182,False,True,True,0,0,0,0,True,
300351.SZ,300351,300351,永贵电器,创业板,深市,创业板,801890.SI,机械设备,801076.SI,轨交设备Ⅱ,轨交设备Ⅱ,L,20120920,5123,14.03,13.41,-1.179,7.042,False,True,True,0,0,0,0,True,
300353.SZ,300353,300353,东土科技,创业板,深市,创业板,801770.SI,通信,801102.SI,通信设备,通信设备,L,20120927,5116,14.01,16.66,2.903,16.867,False,True,True,0,0,0,0,True,
300354.SZ,300354,300354,东华测试,创业板,深市,创业板,801890.SI,机械设备,801072.SI,通用设备,通用设备,L,20120920,5123,14.03,27.02,-2.56,14.545,False,True,True,0,0,0,0,True,
300355.SZ,300355,300355,蒙草生态,创业板,深市,创业板,801720.SI,建筑装饰,801723.SI,基础建设,基础建设,L,20120927,5116,14.01,2.78,0.725,10.345,False,True,True,0,0,0,0,True,
300357.SZ,300357,300357,我武生物,创业板,深市,创业板,801150.SI,医药生物,801152.SI,生物制品,生物制品,L,20140121,4635,12.69,20.33,2.573,25.0,False,True,True,0,0,0,0,True,
300358.SZ,300358,300358,楚天科技,创业板,深市,创业板,801150.SI,医药生物,801153.SI,医疗器械,医疗器械,L,20140121,4635,12.69,9.83,3.474,13.043,False,True,True,0,0,0,0,True,
300359.SZ,300359,300359,全通教育,创业板,深市,创业板,801210.SI,社会服务,801994.SI,教育,教育,L,20140121,4635,12.69,4.08,-1.449,7.143,False,True,True,0,0,0,0,True,
300360.SZ,300360,300360,炬华科技,创业板,深市,创业板,801730.SI,电力设备,801738.SI,电网设备,电网设备,L,20140121,4635,12.69,11.04,1.284,26.891,False,True,True,0,0,0,0,True,
300363.SZ,300363,300363,博腾股份,创业板,深市,创业板,801150.SI,医药生物,801156.SI,医疗服务,医疗服务,L,20140129,4627,12.67,24.56,4.112,17.857,False,True,True,0,0,0,0,True,
300364.SZ,300364,300364,中文在线,创业板,深市,创业板,801760.SI,传媒,801769.SI,出版,出版,L,20150121,4270,11.69,23.37,-2.462,8.197,False,True,True,0,0,0,0,True,
300365.SZ,300365,300365,恒华科技,创业板,深市,创业板,801750.SI,计算机,801104.SI,软件开发,软件开发,L,20140123,4633,12.68,4.54,-0.439,6.522,False,True,True,0,0,0,0,True,
300368.SZ,300368,300368,汇金股份,创业板,深市,创业板,801750.SI,计算机,801101.SI,计算机设备,计算机设备,L,20140123,4633,12.68,9.13,-3.181,6.383,False,True,True,0,0,0,0,True,
300369.SZ,300369,300369,绿盟科技,创业板,深市,创业板,801750.SI,计算机,801104.SI,软件开发,软件开发,L,20140129,4627,12.67,9.26,1.758,8.889,False,True,True,0,0,0,0,True,
300370.SZ,300370,300370,安控科技,创业板,深市,创业板,801890.SI,机械设备,801072.SI,通用设备,通用设备,L,20140123,4633,12.68,2.13,-0.467,14.286,False,True,True,0,0,0,0,True,
300371.SZ,300371,300371,汇中股份,创业板,深市,创业板,801890.SI,机械设备,801072.SI,通用设备,通用设备,L,20140123,4633,12.68,10.12,-1.172,6.863,False,True,True,0,0,0,0,True,
300373.SZ,300373,300373,扬杰科技,创业板,深市,创业板,801080.SI,电子,801081.SI,半导体,半导体,L,20140123,4633,12.68,84.46,-1.791,13.861,False,True,True,0,0,0,0,True,
300374.SZ,300374,300374,中铁装配,创业板,深市,创业板,801710.SI,建筑材料,801713.SI,装修建材,装修建材,L,20150319,4213,11.53,10.14,-0.099,11.429,False,True,True,0,0,0,0,True,
300375.SZ,300375,300375,鹏翎股份,创业板,深市,创业板,801880.SI,汽车,801093.SI,汽车零部件,汽车零部件,L,20140127,4629,12.67,4.09,-0.487,7.317,False,True,True,0,0,0,0,True,
300376.SZ,300376,300376,易事特,创业板,深市,创业板,801730.SI,电力设备,801733.SI,其他电源设备Ⅱ,其他电源设备Ⅱ,L,20140127,4629,12.67,4.1,0.49,37.5,False,True,True,0,0,0,0,True,
300377.SZ,300377,300377,赢时胜,创业板,深市,创业板,801750.SI,计算机,801104.SI,软件开发,软件开发,L,20140127,4629,12.67,13.07,-2.681,12.857,False,True,True,0,0,0,0,True,
300378.SZ,300378,300378,鼎捷数智,创业板,深市,创业板,801750.SI,计算机,801104.SI,软件开发,软件开发,L,20140127,4629,12.67,37.64,-1.698,7.937,False,True,True,0,0,0,0,True,
300380.SZ,300380,300380,安硕信息,创业板,深市,创业板,801750.SI,计算机,801104.SI,软件开发,软件开发,L,20140128,4628,12.67,27.28,-1.694,12.245,False,True,True,0,0,0,0,True,
300381.SZ,300381,300381,溢多利,创业板,深市,创业板,801150.SI,医药生物,801151.SI,化学制药,化学制药,L,20140128,4628,12.67,5.69,-0.524,10.526,False,True,True,0,0,0,0,True,
300382.SZ,300382,300382,斯莱克,创业板,深市,创业板,801890.SI,机械设备,801074.SI,专用设备,专用设备,L,20140129,4627,12.67,14.0,-5.149,20.253,False,True,True,0,0,0,0,True,
300383.SZ,300383,300383,光环新网,创业板,深市,创业板,801770.SI,通信,801223.SI,通信服务,通信服务,L,20140129,4627,12.67,10.75,-1.195,16.667,False,True,True,0,0,0,0,True,
300384.SZ,300384,300384,三联虹普,创业板,深市,创业板,801720.SI,建筑装饰,801724.SI,专业工程,专业工程,L,20140801,4443,12.16,12.01,1.179,8.197,False,True,True,0,0,0,0,True,
300386.SZ,300386,300386,飞天诚信,创业板,深市,创业板,801750.SI,计算机,801101.SI,计算机设备,计算机设备,L,20140626,4479,12.26,10.65,-1.206,15.652,False,True,True,0,0,0,0,True,
300387.SZ,300387,300387,富邦科技,创业板,深市,创业板,801030.SI,基础化工,801038.SI,农化制品,农化制品,L,20140702,4473,12.25,7.43,-0.269,10.667,False,True,True,0,0,0,0,True,
300388.SZ,300388,300388,节能国祯,创业板,深市,创业板,801970.SI,环保,801971.SI,环境治理,环境治理,L,20140801,4443,12.16,6.71,0.6,23.529,False,True,True,0,0,0,0,True,
300389.SZ,300389,300389,艾比森,创业板,深市,创业板,801080.SI,电子,801084.SI,光学光电子,光学光电子,L,20140801,4443,12.16,12.85,-0.619,9.524,False,True,True,0,0,0,0,True,
300390.SZ,300390,300390,天华新能,创业板,深市,创业板,801730.SI,电力设备,801737.SI,电池,电池,L,20140731,4444,12.17,49.09,0.082,26.471,False,True,True,0,0,0,0,True,
300393.SZ,300393,300393,中来股份,创业板,深市,创业板,801730.SI,电力设备,801735.SI,光伏设备,光伏设备,L,20140912,4401,12.05,5.9,-0.169,8.197,False,True,True,0,0,0,0,True,
300394.SZ,300394,300394,天孚通信,创业板,深市,创业板,801770.SI,通信,801102.SI,通信设备,通信设备,L,20150217,4243,11.62,260.77,1.867,12.676,False,True,True,0,0,0,0,True,
300395.SZ,300395,300395,菲利华,创业板,深市,创业板,801740.SI,国防军工,801742.SI,航空装备Ⅱ,航空装备Ⅱ,L,20140910,4403,12.05,94.92,2.395,7.812,False,True,True,0,0,0,0,True,
300397.SZ,300397,300397,天和防务,创业板,深市,创业板,801740.SI,国防军工,801745.SI,军工电子Ⅱ,军工电子Ⅱ,L,20140910,4403,12.05,10.95,-2.58,12.281,False,True,True,0,0,0,0,True,
300398.SZ,300398,300398,飞凯材料,创业板,深市,创业板,801080.SI,电子,801086.SI,电子化学品Ⅱ,电子化学品Ⅱ,L,20141009,4374,11.98,33.92,-2.919,11.475,False,True,True,0,0,0,0,True,
300399.SZ,300399,300399,天利科技,创业板,深市,创业板,801750.SI,计算机,801103.SI,IT服务Ⅱ,IT服务Ⅱ,L,20141009,4374,11.98,19.12,-1.798,10.204,False,True,True,0,0,0,0,True,
300400.SZ,300400,300400,劲拓股份,创业板,深市,创业板,801890.SI,机械设备,801078.SI,自动化设备,自动化设备,L,20141010,4373,11.97,32.2,-3.477,11.299,False,True,True,0,0,0,0,True,
300401.SZ,300401,300401,花园生物,创业板,深市,创业板,801150.SI,医药生物,801151.SI,化学制药,化学制药,L,20141009,4374,11.98,15.41,0.522,11.688,False,True,True,0,0,0,0,True,
300402.SZ,300402,300402,宝色股份,创业板,深市,创业板,801890.SI,机械设备,801072.SI,通用设备,通用设备,L,20141010,4373,11.97,14.51,-0.548,13.699,False,True,True,0,0,0,0,True,
300403.SZ,300403,300403,汉宇集团,创业板,深市,创业板,801110.SI,家用电器,801116.SI,家电零部件Ⅱ,家电零部件Ⅱ,L,20141030,4353,11.92,8.83,1.494,10.989,False,True,True,0,0,0,0,True,
300404.SZ,300404,300404,博济医药,创业板,深市,创业板,801150.SI,医药生物,801156.SI,医疗服务,医疗服务,L,20150424,4177,11.44,14.73,1.586,5.442,False,True,True,0,0,0,0,True,
300405.SZ,300405,300405,科隆股份,创业板,深市,创业板,801030.SI,基础化工,801034.SI,化学制品,化学制品,L,20141030,4353,11.92,5.86,-1.513,7.018,False,True,True,0,0,0,0,True,
300406.SZ,300406,300406,九强生物,创业板,深市,创业板,801150.SI,医药生物,801153.SI,医疗器械,医疗器械,L,20141030,4353,11.92,11.94,1.444,5.263,False,True,True,0,0,0,0,True,
300407.SZ,300407,300407,凯发电气,创业板,深市,创业板,801730.SI,电力设备,801738.SI,电网设备,电网设备,L,20141203,4319,11.82,10.58,0.284,15.789,False,True,True,0,0,0,0,True,
300408.SZ,300408,300408,三环集团,创业板,深市,创业板,801080.SI,电子,801083.SI,元件,元件,L,20141203,4319,11.82,117.33,-1.096,17.105,False,True,True,0,0,0,0,True,
300409.SZ,300409,300409,道氏技术,创业板,深市,创业板,801730.SI,电力设备,801737.SI,电池,电池,L,20141203,4319,11.82,16.96,1.254,10.345,False,True,True,0,0,0,0,True,
300410.SZ,300410,300410,正业科技,创业板,深市,创业板,801730.SI,电力设备,801737.SI,电池,电池,L,20141231,4291,11.75,8.5,-3.628,5.747,False,True,True,0,0,0,0,True,
300411.SZ,300411,300411,金盾股份,创业板,深市,创业板,801890.SI,机械设备,801074.SI,专用设备,专用设备,L,20141231,4291,11.75,8.24,-2.485,9.524,False,True,True,0,0,0,6,True,
300412.SZ,300412,300412,迦南科技,创业板,深市,创业板,801890.SI,机械设备,801074.SI,专用设备,专用设备,L,20141231,4291,11.75,4.54,-0.439,8.889,False,True,True,0,0,0,0,True,
300413.SZ,300413,300413,芒果超媒,创业板,深市,创业板,801760.SI,传媒,801767.SI,数字媒体,数字媒体,L,20150121,4270,11.69,21.0,6.061,12.5,False,True,True,0,0,0,0,True,
300414.SZ,300414,300414,中光防雷,创业板,深市,创业板,801770.SI,通信,801102.SI,通信设备,通信设备,L,20150513,4158,11.38,10.49,-1.502,7.08,False,True,True,0,0,0,0,True,
300415.SZ,300415,300415,伊之密,创业板,深市,创业板,801890.SI,机械设备,801074.SI,专用设备,专用设备,L,20150123,4268,11.69,18.81,-0.948,13.636,False,True,True,0,0,0,0,True,
300416.SZ,300416,300416,苏试试验,创业板,深市,创业板,801210.SI,社会服务,801218.SI,专业服务,专业服务,L,20150122,4269,11.69,13.5,-1.244,8.333,False,True,True,0,0,0,0,True,
300417.SZ,300417,300417,南华仪器,创业板,深市,创业板,801890.SI,机械设备,801072.SI,通用设备,通用设备,L,20150123,4268,11.69,12.04,-1.634,9.402,False,True,True,0,0,0,0,True,
300418.SZ,300418,300418,昆仑万维,创业板,深市,创业板,801760.SI,传媒,801764.SI,游戏Ⅱ,游戏Ⅱ,L,20150121,4270,11.69,40.08,-2.124,10.959,False,True,True,0,0,0,0,True,
300420.SZ,300420,300420,五洋自控,创业板,深市,创业板,801890.SI,机械设备,801072.SI,通用设备,通用设备,L,20150217,4243,11.62,7.15,-3.378,10.256,False,True,True,0,0,0,0,True,
300421.SZ,300421,300421,力星股份,创业板,深市,创业板,801890.SI,机械设备,801072.SI,通用设备,通用设备,L,20150217,4243,11.62,16.78,-0.71,8.876,False,True,True,0,0,0,0,True,
300422.SZ,300422,300422,博世科,创业板,深市,创业板,801970.SI,环保,801971.SI,环境治理,环境治理,L,20150217,4243,11.62,4.1,-0.726,14.286,False,True,True,0,0,0,0,True,
300423.SZ,300423,300423,昇辉科技,创业板,深市,创业板,801730.SI,电力设备,801738.SI,电网设备,电网设备,L,20150217,4243,11.62,5.4,-0.185,8.772,False,True,True,0,0,0,0,True,
300424.SZ,300424,300424,航新科技,创业板,深市,创业板,801740.SI,国防军工,801742.SI,航空装备Ⅱ,航空装备Ⅱ,L,20150422,4179,11.44,12.78,-2.368,12.143,False,True,True,0,0,0,0,True,
300425.SZ,300425,300425,中建环能,创业板,深市,创业板,801970.SI,环保,801971.SI,环境治理,环境治理,L,20150216,4244,11.62,4.05,-0.491,7.5,False,True,True,0,0,0,0,True,
300426.SZ,300426,300426,华智数媒,创业板,深市,创业板,801760.SI,传媒,801766.SI,影视院线,影视院线,L,20150217,4243,11.62,7.57,-0.395,16.0,False,True,True,0,0,0,0,True,
300427.SZ,300427,300427,红相股份,创业板,深市,创业板,801730.SI,电力设备,801738.SI,电网设备,电网设备,L,20150217,4243,11.62,6.09,-0.164,12.5,False,True,True,0,0,0,0,True,
300428.SZ,300428,300428,立中集团,创业板,深市,创业板,801880.SI,汽车,801093.SI,汽车零部件,汽车零部件,L,20150319,4213,11.53,19.2,-0.26,12.5,False,True,True,0,0,0,0,True,
300429.SZ,300429,300429,强力新材,创业板,深市,创业板,801080.SI,电子,801086.SI,电子化学品Ⅱ,电子化学品Ⅱ,L,20150324,4208,11.52,10.66,-2.737,7.965,False,True,True,0,0,0,0,True,
300432.SZ,300432,300432,富临精工,创业板,深市,创业板,801730.SI,电力设备,801737.SI,电池,电池,L,20150319,4213,11.53,12.93,0.937,21.739,False,True,True,0,0,0,0,True,
300433.SZ,300433,300433,蓝思科技,创业板,深市,创业板,801080.SI,电子,801085.SI,消费电子,消费电子,L,20150318,4214,11.54,32.31,2.702,15.493,False,True,True,0,0,0,0,True,
300434.SZ,300434,300434,金石亚药,创业板,深市,创业板,801150.SI,医药生物,801151.SI,化学制药,化学制药,L,20150424,4177,11.44,12.92,4.278,4.762,False,True,True,0,0,0,0,True,
300435.SZ,300435,300435,中泰股份,创业板,深市,创业板,801160.SI,公用事业,801163.SI,燃气Ⅱ,燃气Ⅱ,L,20150326,4206,11.52,15.63,1.362,8.929,False,True,True,0,0,0,0,True,
300436.SZ,300436,300436,广生堂,创业板,深市,创业板,801150.SI,医药生物,801151.SI,化学制药,化学制药,L,20150422,4179,11.44,83.68,1.087,13.333,False,True,True,0,0,0,0,True,
300437.SZ,300437,300437,清水源,创业板,深市,创业板,801970.SI,环保,801971.SI,环境治理,环境治理,L,20150423,4178,11.44,10.65,-0.467,8.929,False,True,True,0,0,0,0,True,
300438.SZ,300438,300438,鹏辉能源,创业板,深市,创业板,801730.SI,电力设备,801737.SI,电池,电池,L,20150424,4177,11.44,49.07,3.023,26.316,False,True,True,0,0,0,0,True,
300439.SZ,300439,300439,美康生物,创业板,深市,创业板,801150.SI,医药生物,801153.SI,医疗器械,医疗器械,L,20150422,4179,11.44,10.25,1.085,15.957,False,True,True,0,0,0,0,True,
300440.SZ,300440,300440,运达科技,创业板,深市,创业板,801750.SI,计算机,801103.SI,IT服务Ⅱ,IT服务Ⅱ,L,20150423,4178,11.44,16.58,1.036,16.393,False,True,True,0,0,0,0,True,
300441.SZ,300441,300441,鲍斯股份,创业板,深市,创业板,801890.SI,机械设备,801072.SI,通用设备,通用设备,L,20150423,4178,11.44,7.07,0.0,8.696,False,True,True,0,0,0,0,True,
300442.SZ,300442,300442,润泽科技,创业板,深市,创业板,801770.SI,通信,801223.SI,通信服务,通信服务,L,20150424,4177,11.44,64.02,-2.646,15.152,False,True,True,0,0,0,0,True,
300443.SZ,300443,300443,金雷股份,创业板,深市,创业板,801730.SI,电力设备,801736.SI,风电设备,风电设备,L,20150422,4179,11.44,20.92,0.192,10.714,False,True,True,0,0,0,0,True,
300444.SZ,300444,300444,双杰电气,创业板,深市,创业板,801730.SI,电力设备,801738.SI,电网设备,电网设备,L,20150423,4178,11.44,8.45,0.0,11.111,False,True,True,0,0,0,0,True,
300445.SZ,300445,300445,康斯特,创业板,深市,创业板,801890.SI,机械设备,801072.SI,通用设备,通用设备,L,20150424,4177,11.44,18.42,-1.76,8.511,False,True,True,0,0,0,0,True,
300446.SZ,300446,300446,航天智造,创业板,深市,创业板,801880.SI,汽车,801093.SI,汽车零部件,汽车零部件,L,20150423,4178,11.44,12.38,0.0,12.121,False,True,True,0,0,0,0,True,
300447.SZ,300447,300447,全信股份,创业板,深市,创业板,801740.SI,国防军工,801745.SI,军工电子Ⅱ,军工电子Ⅱ,L,20150422,4179,11.44,14.27,2.074,10.0,False,True,True,0,0,0,0,True,
300448.SZ,300448,300448,浩云科技,创业板,深市,创业板,801750.SI,计算机,801103.SI,IT服务Ⅱ,IT服务Ⅱ,L,20150424,4177,11.44,5.41,-1.815,10.526,False,True,True,0,0,0,0,True,
300449.SZ,300449,300449,汉邦高科,创业板,深市,创业板,801750.SI,计算机,801101.SI,计算机设备,计算机设备,L,20150422,4179,11.44,6.85,4.262,10.145,False,True,True,0,0,0,0,True,
300450.SZ,300450,300450,先导智能,创业板,深市,创业板,801730.SI,电力设备,801737.SI,电池,电池,L,20150518,4153,11.37,34.94,3.495,12.195,False,True,True,0,0,0,0,True,
300451.SZ,300451,300451,创业慧康,创业板,深市,创业板,801750.SI,计算机,801104.SI,软件开发,软件开发,L,20150514,4157,11.38,3.49,-0.57,8.571,False,True,True,0,0,0,0,True,
300452.SZ,300452,300452,山河药辅,创业板,深市,创业板,801150.SI,医药生物,801151.SI,化学制药,化学制药,L,20150515,4156,11.38,13.26,0.99,5.385,False,True,True,0,0,0,0,True,
300453.SZ,300453,300453,三鑫医疗,创业板,深市,创业板,801150.SI,医药生物,801153.SI,医疗器械,医疗器械,L,20150515,4156,11.38,9.05,0.222,8.602,False,True,True,0,0,0,0,True,
300454.SZ,300454,300454,深信服,创业板,深市,创业板,801750.SI,计算机,801104.SI,软件开发,软件开发,L,20180516,3059,8.38,137.42,-2.331,13.043,False,True,True,0,0,0,0,True,
300455.SZ,300455,300455,航天智装,创业板,深市,创业板,801750.SI,计算机,801101.SI,计算机设备,计算机设备,L,20150515,4156,11.38,16.16,-1.463,35.789,False,True,True,0,0,0,0,True,
300456.SZ,300456,300456,赛微电子,创业板,深市,创业板,801080.SI,电子,801081.SI,半导体,半导体,L,20150514,4157,11.38,35.88,-1.374,9.459,False,True,True,0,0,0,0,True,
300457.SZ,300457,300457,赢合科技,创业板,深市,创业板,801730.SI,电力设备,801737.SI,电池,电池,L,20150514,4157,11.38,21.36,1.232,7.547,False,True,True,0,0,0,0,True,
300458.SZ,300458,300458,全志科技,创业板,深市,创业板,801080.SI,电子,801081.SI,半导体,半导体,L,20150515,4156,11.38,32.18,-0.771,11.111,False,True,True,0,0,0,0,True,
300459.SZ,300459,300459,汤姆猫,创业板,深市,创业板,801760.SI,传媒,801764.SI,游戏Ⅱ,游戏Ⅱ,L,20150515,4156,11.38,3.49,-1.133,8.333,False,True,True,0,0,0,0,True,
300461.SZ,300461,300461,田中精机,创业板,深市,创业板,801890.SI,机械设备,801078.SI,自动化设备,自动化设备,L,20150519,4152,11.37,37.35,0.647,18.182,False,True,True,0,0,0,0,True,
300463.SZ,300463,300463,迈克生物,创业板,深市,创业板,801150.SI,医药生物,801153.SI,医疗器械,医疗器械,L,20150528,4143,11.34,9.53,2.144,9.677,False,True,True,0,0,0,0,True,
300464.SZ,300464,300464,星徽股份,创业板,深市,创业板,801200.SI,商贸零售,801206.SI,互联网电商,互联网电商,L,20150610,4130,11.31,10.1,-4.986,16.071,False,True,True,0,0,0,0,True,
300465.SZ,300465,300465,高伟达,创业板,深市,创业板,801750.SI,计算机,801104.SI,软件开发,软件开发,L,20150528,4143,11.34,11.0,-1.257,15.0,False,True,True,0,0,0,0,True,
300466.SZ,300466,300466,赛摩智能,创业板,深市,创业板,801890.SI,机械设备,801072.SI,通用设备,通用设备,L,20150528,4143,11.34,7.22,-0.138,8.333,False,True,True,0,0,0,0,True,
300467.SZ,300467,300467,迅游科技,创业板,深市,创业板,801760.SI,传媒,801764.SI,游戏Ⅱ,游戏Ⅱ,L,20150527,4144,11.35,32.29,-0.34,8.929,False,True,True,0,0,0,0,True,
300468.SZ,300468,300468,四方精创,创业板,深市,创业板,801750.SI,计算机,801104.SI,软件开发,软件开发,L,20150527,4144,11.35,20.51,-1.014,14.667,False,True,True,0,0,0,0,True,
300469.SZ,300469,300469,信息发展,创业板,深市,创业板,801750.SI,计算机,801104.SI,软件开发,软件开发,L,20150611,4129,11.3,49.22,-0.866,18.391,False,True,True,0,0,0,0,True,
300470.SZ,300470,300470,中密控股,创业板,深市,创业板,801890.SI,机械设备,801072.SI,通用设备,通用设备,L,20150612,4128,11.3,27.14,0.444,18.056,False,True,True,0,0,0,0,True,
300471.SZ,300471,300471,厚普股份,创业板,深市,创业板,801890.SI,机械设备,801074.SI,专用设备,专用设备,L,20150611,4129,11.3,9.84,-0.606,8.163,False,True,True,0,0,0,0,True,
300473.SZ,300473,300473,德尔股份,创业板,深市,创业板,801880.SI,汽车,801093.SI,汽车零部件,汽车零部件,L,20150612,4128,11.3,36.75,-4.072,23.333,False,True,True,0,0,0,0,True,
300474.SZ,300474,300474,景嘉微,创业板,深市,创业板,801740.SI,国防军工,801745.SI,军工电子Ⅱ,军工电子Ⅱ,L,20160331,3835,10.5,50.71,-1.534,9.231,False,True,True,0,0,0,0,True,
300475.SZ,300475,300475,香农芯创,创业板,深市,创业板,801080.SI,电子,801082.SI,其他电子Ⅱ,其他电子Ⅱ,L,20150610,4130,11.31,153.24,-4.345,13.208,False,True,True,0,0,0,0,True,
300476.SZ,300476,300476,胜宏科技,创业板,深市,创业板,801080.SI,电子,801083.SI,元件,元件,L,20150611,4129,11.3,210.3,-2.98,13.846,False,True,True,0,0,0,0,True,
300478.SZ,300478,300478,杭州高新,创业板,深市,创业板,801030.SI,基础化工,801036.SI,塑料,塑料,L,20150610,4130,11.31,30.7,-5.364,17.901,False,True,True,0,0,0,0,True,
300479.SZ,300479,300479,神思电子,创业板,深市,创业板,801750.SI,计算机,801101.SI,计算机设备,计算机设备,L,20150612,4128,11.3,14.58,-2.344,8.844,False,True,True,0,0,0,0,True,
300480.SZ,300480,300480,光力科技,创业板,深市,创业板,801890.SI,机械设备,801074.SI,专用设备,专用设备,L,20150702,4108,11.25,29.76,-0.965,10.256,False,True,True,0,0,0,0,True,
300481.SZ,300481,300481,濮阳惠成,创业板,深市,创业板,801080.SI,电子,801086.SI,电子化学品Ⅱ,电子化学品Ⅱ,L,20150630,4110,11.25,13.31,-1.553,8.824,False,True,True,0,0,0,0,True,
300482.SZ,300482,300482,万孚生物,创业板,深市,创业板,801150.SI,医药生物,801153.SI,医疗器械,医疗器械,L,20150630,4110,11.25,16.76,2.696,7.143,False,True,True,0,0,0,0,True,
300483.SZ,300483,300483,首华燃气,创业板,深市,创业板,801160.SI,公用事业,801163.SI,燃气Ⅱ,燃气Ⅱ,L,20150630,4110,11.25,22.89,0.527,13.693,False,True,True,0,0,0,0,True,
300484.SZ,300484,300484,蓝海华腾,创业板,深市,创业板,801890.SI,机械设备,801078.SI,自动化设备,自动化设备,L,20160322,3844,10.52,13.02,-0.762,9.302,False,True,True,0,0,0,0,True,
300485.SZ,300485,300485,赛升药业,创业板,深市,创业板,801150.SI,医药生物,801152.SI,生物制品,生物制品,L,20150626,4114,11.26,8.65,2.125,15.909,False,True,True,0,0,0,0,True,
300486.SZ,300486,300486,东杰智能,创业板,深市,创业板,801890.SI,机械设备,801078.SI,自动化设备,自动化设备,L,20150630,4110,11.25,17.14,-1.324,21.739,False,True,True,0,0,0,0,True,
300487.SZ,300487,300487,蓝晓科技,创业板,深市,创业板,801030.SI,基础化工,801036.SI,塑料,塑料,L,20150702,4108,11.25,67.03,0.119,12.048,False,True,True,0,0,0,0,True,
300488.SZ,300488,300488,恒锋工具,创业板,深市,创业板,801890.SI,机械设备,801072.SI,通用设备,通用设备,L,20150701,4109,11.25,35.63,-1.138,16.667,False,True,True,0,0,0,0,True,
300489.SZ,300489,300489,光智科技,创业板,深市,创业板,801080.SI,电子,801084.SI,光学光电子,光学光电子,L,20150701,4109,11.25,278.35,8.35,20.0,False,True,True,0,0,0,0,True,
300490.SZ,300490,300490,华自科技,创业板,深市,创业板,801730.SI,电力设备,801737.SI,电池,电池,L,20151231,3926,10.75,10.78,1.221,9.174,False,True,True,0,0,0,0,True,
300491.SZ,300491,300491,通合科技,创业板,深市,创业板,801730.SI,电力设备,801733.SI,其他电源设备Ⅱ,其他电源设备Ⅱ,L,20151231,3926,10.75,35.16,-1.208,10.44,False,True,True,0,0,0,0,True,
300492.SZ,300492,300492,华图山鼎,创业板,深市,创业板,801720.SI,建筑装饰,801726.SI,工程咨询服务Ⅱ,工程咨询服务Ⅱ,L,20151223,3934,10.77,20.45,-0.776,22.222,False,True,True,0,0,0,0,True,
300493.SZ,300493,300493,润欣科技,创业板,深市,创业板,801080.SI,电子,801082.SI,其他电子Ⅱ,其他电子Ⅱ,L,20151210,3947,10.81,12.48,-3.181,7.812,False,True,True,0,0,0,0,True,
300494.SZ,300494,300494,盛天网络,创业板,深市,创业板,801760.SI,传媒,801764.SI,游戏Ⅱ,游戏Ⅱ,L,20151231,3926,10.75,8.02,0.501,10.843,False,True,True,0,0,0,0,True,
300496.SZ,300496,300496,中科创达,创业板,深市,创业板,801750.SI,计算机,801103.SI,IT服务Ⅱ,IT服务Ⅱ,L,20151210,3947,10.81,52.9,-0.639,11.429,False,True,True,0,0,0,0,True,
300497.SZ,300497,300497,富祥股份,创业板,深市,创业板,801150.SI,医药生物,801151.SI,化学制药,化学制药,L,20151222,3935,10.77,17.86,1.42,17.098,False,True,True,0,0,0,0,True,
300498.SZ,300498,300498,温氏股份,创业板,深市,创业板,801010.SI,农林牧渔,801017.SI,养殖业,养殖业,L,20151102,3985,10.91,15.12,0.265,21.127,False,True,True,0,0,0,0,True,
300499.SZ,300499,300499,高澜股份,创业板,深市,创业板,801890.SI,机械设备,801074.SI,专用设备,专用设备,L,20160202,3893,10.66,31.41,-6.183,12.707,False,True,True,0,0,0,0,True,
300500.SZ,300500,300500,启迪设计,创业板,深市,创业板,801720.SI,建筑装饰,801726.SI,工程咨询服务Ⅱ,工程咨询服务Ⅱ,L,20160204,3891,10.65,9.77,-2.398,9.375,False,True,True,0,0,0,0,True,
300501.SZ,300501,300501,海顺新材,创业板,深市,创业板,801140.SI,轻工制造,801141.SI,包装印刷,包装印刷,L,20160204,3891,10.65,11.05,1.376,15.842,False,True,True,0,0,0,0,True,
300502.SZ,300502,300502,新易盛,创业板,深市,创业板,801770.SI,通信,801102.SI,通信设备,通信设备,L,20160303,3863,10.58,389.0,-0.995,14.286,False,True,True,0,0,0,0,True,
300503.SZ,300503,300503,昊志机电,创业板,深市,创业板,801890.SI,机械设备,801072.SI,通用设备,通用设备,L,20160309,3857,10.56,60.95,-0.894,7.273,False,True,True,0,0,0,0,True,
300504.SZ,300504,300504,天邑股份,创业板,深市,创业板,801770.SI,通信,801102.SI,通信设备,通信设备,L,20180330,3106,8.5,16.71,-4.186,11.364,False,True,True,0,0,0,0,True,
300505.SZ,300505,300505,川金诺,创业板,深市,创业板,801030.SI,基础化工,801038.SI,农化制品,农化制品,L,20160315,3851,10.54,18.02,-2.225,10.526,False,True,True,0,0,0,0,True,
300506.SZ,300506,300506,名家汇,创业板,深市,创业板,801720.SI,建筑装饰,801722.SI,装修装饰Ⅱ,装修装饰Ⅱ,L,20160324,3842,10.52,4.78,1.702,12.0,False,True,True,0,0,0,2,True,
300507.SZ,300507,300507,苏奥传感,创业板,深市,创业板,801880.SI,汽车,801093.SI,汽车零部件,汽车零部件,L,20160429,3806,10.42,6.24,-0.795,19.697,False,True,True,0,0,0,0,True,
300508.SZ,300508,300508,维宏股份,创业板,深市,创业板,801750.SI,计算机,801101.SI,计算机设备,计算机设备,L,20160419,3816,10.45,36.15,-1.793,17.722,False,True,True,0,0,0,0,True,
300509.SZ,300509,300509,新美星,创业板,深市,创业板,801890.SI,机械设备,801074.SI,专用设备,专用设备,L,20160425,3810,10.43,8.77,-2.879,7.955,False,True,True,0,0,0,0,True,
300510.SZ,300510,300510,金冠股份,创业板,深市,创业板,801730.SI,电力设备,801738.SI,电网设备,电网设备,L,20160506,3799,10.4,3.42,-1.724,5.882,False,True,True,0,0,0,0,True,
300511.SZ,300511,300511,雪榕生物,创业板,深市,创业板,801010.SI,农林牧渔,801016.SI,种植业,种植业,L,20160504,3801,10.41,4.87,2.526,16.0,False,True,True,0,0,0,0,True,
300512.SZ,300512,300512,中亚股份,创业板,深市,创业板,801890.SI,机械设备,801074.SI,专用设备,专用设备,L,20160526,3779,10.35,7.44,-1.326,12.329,False,True,True,0,0,0,0,True,
300513.SZ,300513,300513,恒实科技,创业板,深市,创业板,801770.SI,通信,801223.SI,通信服务,通信服务,L,20160530,3775,10.34,7.4,-1.069,10.959,False,True,True,0,0,0,0,True,
300514.SZ,300514,300514,友讯达,创业板,深市,创业板,801730.SI,电力设备,801738.SI,电网设备,电网设备,L,20170426,3444,9.43,10.15,-0.782,14.583,False,True,True,0,0,0,0,True,
300515.SZ,300515,300515,三德科技,创业板,深市,创业板,801890.SI,机械设备,801072.SI,通用设备,通用设备,L,20160608,3766,10.31,16.13,-0.739,10.0,False,True,True,0,0,0,0,True,
300516.SZ,300516,300516,久之洋,创业板,深市,创业板,801080.SI,电子,801082.SI,其他电子Ⅱ,其他电子Ⅱ,L,20160602,3772,10.33,34.0,-0.117,13.953,False,True,True,0,0,0,0,True,
300517.SZ,300517,300517,海波重科,创业板,深市,创业板,801720.SI,建筑装饰,801724.SI,专业工程,专业工程,L,20160719,3725,10.2,11.44,0.263,10.345,False,True,True,0,0,0,0,True,
300518.SZ,300518,300518,新迅达,创业板,深市,创业板,801200.SI,商贸零售,801206.SI,互联网电商,互联网电商,L,20160624,3750,10.27,25.93,-2.738,9.375,False,True,True,0,0,0,0,True,
300519.SZ,300519,300519,新光药业,创业板,深市,创业板,801150.SI,医药生物,801155.SI,中药Ⅱ,中药Ⅱ,L,20160624,3750,10.27,14.82,0.271,6.897,False,True,True,0,0,0,0,True,
300520.SZ,300520,300520,科大国创,创业板,深市,创业板,801750.SI,计算机,801104.SI,软件开发,软件开发,L,20160708,3736,10.23,22.57,-1.613,10.924,False,True,True,0,0,0,0,True,
300521.SZ,300521,300521,爱司凯,创业板,深市,创业板,801890.SI,机械设备,801074.SI,专用设备,专用设备,L,20160705,3739,10.24,24.35,-0.041,10.204,False,True,True,0,0,0,0,True,
300522.SZ,300522,300522,世名科技,创业板,深市,创业板,801030.SI,基础化工,801034.SI,化学制品,化学制品,L,20160705,3739,10.24,13.8,-5.673,8.784,False,True,True,0,0,0,0,True,
300523.SZ,300523,300523,辰安科技,创业板,深市,创业板,801750.SI,计算机,801103.SI,IT服务Ⅱ,IT服务Ⅱ,L,20160726,3718,10.18,23.22,0.086,17.143,False,True,True,0,0,0,0,True,
300525.SZ,300525,300525,博思软件,创业板,深市,创业板,801750.SI,计算机,801104.SI,软件开发,软件开发,L,20160726,3718,10.18,7.68,-1.285,17.073,False,True,True,0,0,0,0,True,
300528.SZ,300528,300528,幸福蓝海,创业板,深市,创业板,801760.SI,传媒,801766.SI,影视院线,影视院线,L,20160808,3705,10.14,13.05,-3.262,8.571,False,True,True,0,0,0,0,True,
300529.SZ,300529,300529,健帆生物,创业板,深市,创业板,801150.SI,医药生物,801153.SI,医疗器械,医疗器械,L,20160802,3711,10.16,15.27,2.277,16.667,False,True,True,0,0,0,0,True,
300530.SZ,300530,300530,领湃科技,创业板,深市,创业板,801030.SI,基础化工,801034.SI,化学制品,化学制品,L,20160809,3704,10.14,20.07,3.4,12.245,False,True,True,0,0,0,0,True,
300531.SZ,300531,300531,优博讯,创业板,深市,创业板,801750.SI,计算机,801101.SI,计算机设备,计算机设备,L,20160809,3704,10.14,15.25,0.395,11.728,False,True,True,0,0,0,0,True,
300532.SZ,300532,300532,今天国际,创业板,深市,创业板,801750.SI,计算机,801103.SI,IT服务Ⅱ,IT服务Ⅱ,L,20160818,3695,10.12,7.34,-1.211,8.451,False,True,True,0,0,0,0,True,
300533.SZ,300533,300533,冰川网络,创业板,深市,创业板,801760.SI,传媒,801764.SI,游戏Ⅱ,游戏Ⅱ,L,20160818,3695,10.12,13.9,0.216,12.925,False,True,True,0,0,0,0,True,
300534.SZ,300534,300534,陇神戎发,创业板,深市,创业板,801150.SI,医药生物,801155.SI,中药Ⅱ,中药Ⅱ,L,20160913,3669,10.05,12.58,-0.396,10.606,False,True,True,0,0,0,0,True,
300535.SZ,300535,300535,达威股份,创业板,深市,创业板,801030.SI,基础化工,801034.SI,化学制品,化学制品,L,20160812,3701,10.13,15.87,-0.439,10.127,False,True,True,0,0,0,0,True,
300536.SZ,300536,300536,农尚环境,创业板,深市,创业板,801720.SI,建筑装饰,801723.SI,基础建设,基础建设,L,20160920,3662,10.03,8.07,-0.37,11.364,False,True,True,0,0,0,0,True,
300537.SZ,300537,300537,广信材料,创业板,深市,创业板,801080.SI,电子,801086.SI,电子化学品Ⅱ,电子化学品Ⅱ,L,20160830,3683,10.08,19.75,-2.805,7.477,False,True,True,0,0,0,0,True,
300538.SZ,300538,300538,同益股份,创业板,深市,创业板,801030.SI,基础化工,801036.SI,塑料,塑料,L,20160826,3687,10.09,14.3,-1.107,7.947,False,True,True,0,0,0,0,True,
300539.SZ,300539,300539,横河精密,创业板,深市,创业板,801030.SI,基础化工,801036.SI,塑料,塑料,L,20160830,3683,10.08,17.4,-0.742,8.889,False,True,True,0,0,0,0,True,
300540.SZ,300540,300540,蜀道装备,创业板,深市,创业板,801890.SI,机械设备,801074.SI,专用设备,专用设备,L,20160823,3690,10.1,24.69,-1.516,10.0,False,True,True,0,0,0,0,True,
300541.SZ,300541,300541,先进数通,创业板,深市,创业板,801750.SI,计算机,801103.SI,IT服务Ⅱ,IT服务Ⅱ,L,20160913,3669,10.05,9.27,-0.962,12.121,False,True,True,0,0,0,0,True,
300542.SZ,300542,300542,新晨科技,创业板,深市,创业板,801750.SI,计算机,801104.SI,软件开发,软件开发,L,20160920,3662,10.03,12.19,-1.296,9.375,False,True,True,0,0,0,0,True,
300543.SZ,300543,300543,朗科智能,创业板,深市,创业板,801110.SI,家用电器,801116.SI,家电零部件Ⅱ,家电零部件Ⅱ,L,20160908,3674,10.06,7.77,-1.894,7.792,False,True,True,0,0,0,0,True,
300545.SZ,300545,300545,联得装备,创业板,深市,创业板,801080.SI,电子,801084.SI,光学光电子,光学光电子,L,20160928,3654,10.0,26.21,-2.493,10.0,False,True,True,0,0,0,0,True,
300546.SZ,300546,300546,雄帝科技,创业板,深市,创业板,801750.SI,计算机,801101.SI,计算机设备,计算机设备,L,20160928,3654,10.0,16.74,-0.238,11.628,False,True,True,0,0,0,0,True,
300547.SZ,300547,300547,川环科技,创业板,深市,创业板,801880.SI,汽车,801093.SI,汽车零部件,汽车零部件,L,20160930,3652,10.0,23.2,-2.192,13.725,False,True,True,0,0,0,0,True,
300548.SZ,300548,300548,长芯博创,创业板,深市,创业板,801770.SI,通信,801102.SI,通信设备,通信设备,L,20161012,3640,9.97,219.83,0.826,17.355,False,True,True,0,0,0,0,True,
300549.SZ,300549,300549,优德精密,创业板,深市,创业板,801890.SI,机械设备,801074.SI,专用设备,专用设备,L,20160930,3652,10.0,14.87,-1.848,11.111,False,True,True,0,0,0,0,True,
300550.SZ,300550,300550,和仁科技,创业板,深市,创业板,801750.SI,计算机,801104.SI,软件开发,软件开发,L,20161018,3634,9.95,13.84,-1.284,17.391,False,True,True,0,0,0,6,True,
300551.SZ,300551,300551,古鳌科技,创业板,深市,创业板,801750.SI,计算机,801101.SI,计算机设备,计算机设备,L,20161018,3634,9.95,11.7,-1.763,10.345,False,True,True,0,0,0,0,True,
300552.SZ,300552,300552,万集科技,创业板,深市,创业板,801750.SI,计算机,801101.SI,计算机设备,计算机设备,L,20161021,3631,9.94,20.08,-0.347,10.476,False,True,True,0,0,0,0,True,
300553.SZ,300553,300553,集智股份,创业板,深市,创业板,801890.SI,机械设备,801072.SI,通用设备,通用设备,L,20161021,3631,9.94,56.35,-5.374,20.588,False,True,True,0,0,0,0,True,
300554.SZ,300554,300554,三超新材,创业板,深市,创业板,801890.SI,机械设备,801072.SI,通用设备,通用设备,L,20170421,3449,9.44,22.5,-2.003,12.174,False,True,True,0,0,0,0,True,
300556.SZ,300556,300556,丝路视觉,创业板,深市,创业板,801750.SI,计算机,801104.SI,软件开发,软件开发,L,20161104,3617,9.9,15.95,-1.361,8.125,False,True,True,0,0,0,0,True,
300557.SZ,300557,300557,理工光科,创业板,深市,创业板,801890.SI,机械设备,801072.SI,通用设备,通用设备,L,20161101,3620,9.91,23.81,-1.367,13.953,False,True,True,0,0,0,0,True,
300558.SZ,300558,300558,贝达药业,创业板,深市,创业板,801150.SI,医药生物,801151.SI,化学制药,化学制药,L,20161107,3614,9.89,50.48,3.105,14.085,False,True,True,0,0,0,0,True,
300559.SZ,300559,300559,佳发教育,创业板,深市,创业板,801750.SI,计算机,801104.SI,软件开发,软件开发,L,20161101,3620,9.91,12.56,-2.028,16.393,False,True,True,0,0,0,0,True,
300560.SZ,300560,300560,中富通,创业板,深市,创业板,801770.SI,通信,801223.SI,通信服务,通信服务,L,20161101,3620,9.91,15.38,-4.65,14.124,False,True,True,0,0,0,0,True,
300561.SZ,300561,300561,汇金科技,创业板,深市,创业板,801750.SI,计算机,801104.SI,软件开发,软件开发,L,20161117,3604,9.87,13.76,-4.245,13.194,False,True,True,0,0,0,2,True,
300562.SZ,300562,300562,乐心股份,创业板,深市,创业板,801150.SI,医药生物,801153.SI,医疗器械,医疗器械,L,20161116,3605,9.87,14.75,-4.654,12.353,False,True,True,0,0,0,0,True,
300563.SZ,300563,300563,神宇股份,创业板,深市,创业板,801770.SI,通信,801102.SI,通信设备,通信设备,L,20161114,3607,9.88,24.3,-0.654,11.94,False,True,True,0,0,0,0,True,
300564.SZ,300564,300564,筑博设计,创业板,深市,创业板,801720.SI,建筑装饰,801726.SI,工程咨询服务Ⅱ,工程咨询服务Ⅱ,L,20191108,2518,6.89,12.72,0.713,8.065,False,True,True,0,0,0,0,True,
300565.SZ,300565,300565,科信技术,创业板,深市,创业板,801770.SI,通信,801102.SI,通信设备,通信设备,L,20161122,3599,9.85,9.75,-0.713,5.102,False,True,True,0,0,0,0,True,
300566.SZ,300566,300566,激智科技,创业板,深市,创业板,801080.SI,电子,801084.SI,光学光电子,光学光电子,L,20161115,3606,9.87,23.39,-2.42,11.719,False,True,True,0,0,0,0,True,
300568.SZ,300568,300568,星源材质,创业板,深市,创业板,801730.SI,电力设备,801737.SI,电池,电池,L,20161201,3590,9.83,15.74,-1.686,15.0,False,True,True,0,0,0,0,True,
300569.SZ,300569,300569,天能重工,创业板,深市,创业板,801730.SI,电力设备,801736.SI,风电设备,风电设备,L,20161125,3596,9.85,5.29,-1.306,11.765,False,True,True,0,0,0,0,True,
300570.SZ,300570,300570,太辰光,创业板,深市,创业板,801770.SI,通信,801102.SI,通信设备,通信设备,L,20161206,3585,9.82,212.35,-1.781,12.5,False,True,True,0,0,0,0,True,
300571.SZ,300571,300571,平治信息,创业板,深市,创业板,801770.SI,通信,801223.SI,通信服务,通信服务,L,20161213,3578,9.8,26.96,-3.022,7.534,False,True,True,0,0,0,0,True,
300572.SZ,300572,300572,安车检测,创业板,深市,创业板,801210.SI,社会服务,801218.SI,专业服务,专业服务,L,20161206,3585,9.82,23.08,-2.12,20.0,False,True,True,0,0,0,0,True,
300573.SZ,300573,300573,兴齐眼药,创业板,深市,创业板,801150.SI,医药生物,801151.SI,化学制药,化学制药,L,20161208,3583,9.81,36.43,2.073,15.789,False,True,True,0,0,0,0,True,
300575.SZ,300575,300575,中旗股份,创业板,深市,创业板,801030.SI,基础化工,801038.SI,农化制品,农化制品,L,20161220,3571,9.78,6.11,0.164,4.918,False,True,True,0,0,0,0,True,
300576.SZ,300576,300576,容大感光,创业板,深市,创业板,801080.SI,电子,801086.SI,电子化学品Ⅱ,电子化学品Ⅱ,L,20161220,3571,9.78,26.76,-2.691,8.844,False,True,True,0,0,0,0,True,
300577.SZ,300577,300577,开润股份,创业板,深市,创业板,801130.SI,纺织服饰,801132.SI,服装家纺,服装家纺,L,20161221,3570,9.77,18.5,-0.804,12.5,False,True,True,0,0,0,0,True,
300578.SZ,300578,300578,会畅科技,创业板,深市,创业板,801770.SI,通信,801223.SI,通信服务,通信服务,L,20170125,3535,9.68,15.2,-1.17,8.974,False,True,True,0,0,0,0,True,
300579.SZ,300579,300579,数字认证,创业板,深市,创业板,801750.SI,计算机,801104.SI,软件开发,软件开发,L,20161223,3568,9.77,23.59,-1.09,8.621,False,True,True,0,0,0,0,True,
300580.SZ,300580,300580,贝斯特,创业板,深市,创业板,801880.SI,汽车,801093.SI,汽车零部件,汽车零部件,L,20170111,3549,9.72,18.06,0.669,18.462,False,True,True,0,0,0,0,True,
300581.SZ,300581,300581,晨曦航空,创业板,深市,创业板,801740.SI,国防军工,801742.SI,航空装备Ⅱ,航空装备Ⅱ,L,20161220,3571,9.78,9.95,-0.798,11.538,False,True,True,0,0,0,0,True,
300582.SZ,300582,300582,英飞特,创业板,深市,创业板,801080.SI,电子,801084.SI,光学光电子,光学光电子,L,20161228,3563,9.75,10.65,0.472,14.815,False,True,True,0,0,0,0,True,
300583.SZ,300583,300583,赛托生物,创业板,深市,创业板,801150.SI,医药生物,801151.SI,化学制药,化学制药,L,20170106,3554,9.73,13.7,0.809,13.333,False,True,True,0,0,0,0,True,
300584.SZ,300584,300584,海辰药业,创业板,深市,创业板,801150.SI,医药生物,801151.SI,化学制药,化学制药,L,20170112,3548,9.71,31.18,1.563,9.615,False,True,True,0,0,0,0,True,
300586.SZ,300586,300586,美联新材,创业板,深市,创业板,801030.SI,基础化工,801036.SI,塑料,塑料,L,20170104,3556,9.74,8.58,-2.721,9.574,False,True,True,0,0,0,0,True,
300587.SZ,300587,300587,天铁科技,创业板,深市,创业板,801030.SI,基础化工,801037.SI,橡胶,橡胶,L,20170105,3555,9.73,4.44,-1.114,12.245,False,True,True,0,0,0,0,True,
300588.SZ,300588,300588,熙菱信息,创业板,深市,创业板,801750.SI,计算机,801101.SI,计算机设备,计算机设备,L,20170105,3555,9.73,20.86,-0.761,13.514,False,True,True,0,0,0,0,True,
300589.SZ,300589,300589,江龙船艇,创业板,深市,创业板,801740.SI,国防军工,801744.SI,航海装备Ⅱ,航海装备Ⅱ,L,20170113,3547,9.71,13.6,-1.521,6.569,False,True,True,0,0,0,0,True,
300590.SZ,300590,300590,移为通信,创业板,深市,创业板,801770.SI,通信,801102.SI,通信设备,通信设备,L,20170111,3549,9.72,11.17,-0.623,5.31,False,True,True,0,0,0,0,True,
300591.SZ,300591,300591,万里马,创业板,深市,创业板,801130.SI,纺织服饰,801132.SI,服装家纺,服装家纺,L,20170110,3550,9.72,6.17,0.0,16.418,False,True,True,0,0,0,0,True,
300592.SZ,300592,300592,华凯易佰,创业板,深市,创业板,801200.SI,商贸零售,801206.SI,互联网电商,互联网电商,L,20170120,3540,9.69,18.57,-3.782,21.649,False,True,True,0,0,0,0,True,
300593.SZ,300593,300593,新雷能,创业板,深市,创业板,801730.SI,电力设备,801733.SI,其他电源设备Ⅱ,其他电源设备Ⅱ,L,20170113,3547,9.71,28.74,-3.232,12.5,False,True,True,0,0,0,0,True,
300595.SZ,300595,300595,欧普康视,创业板,深市,创业板,801150.SI,医药生物,801153.SI,医疗器械,医疗器械,L,20170117,3543,9.7,10.16,1.702,23.077,False,True,True,0,0,0,0,True,
300596.SZ,300596,300596,利安隆,创业板,深市,创业板,801030.SI,基础化工,801034.SI,化学制品,化学制品,L,20170119,3541,9.69,39.33,0.898,13.253,False,True,True,0,0,0,0,True,
300597.SZ,300597,300597,吉大通信,创业板,深市,创业板,801770.SI,通信,801223.SI,通信服务,通信服务,L,20170123,3537,9.68,7.99,-1.114,14.103,False,True,True,0,0,0,0,True,
300598.SZ,300598,300598,诚迈科技,创业板,深市,创业板,801750.SI,计算机,801104.SI,软件开发,软件开发,L,20170120,3540,9.69,29.92,-1.998,12.5,False,True,True,0,0,0,0,True,
300599.SZ,300599,300599,雄塑科技,创业板,深市,创业板,801710.SI,建筑材料,801713.SI,装修建材,装修建材,L,20170123,3537,9.68,14.2,1.574,21.277,False,True,True,0,0,0,0,True,
300600.SZ,300600,300600,国瑞科技,创业板,深市,创业板,801740.SI,国防军工,801744.SI,航海装备Ⅱ,航海装备Ⅱ,L,20170125,3535,9.68,10.11,-1.27,11.538,False,True,True,0,0,0,0,True,
300601.SZ,300601,300601,康泰生物,创业板,深市,创业板,801150.SI,医药生物,801152.SI,生物制品,生物制品,L,20170207,3522,9.64,13.58,6.177,10.0,False,True,True,0,0,0,0,True,
300602.SZ,300602,300602,飞荣达,创业板,深市,创业板,801080.SI,电子,801085.SI,消费电子,消费电子,L,20170126,3534,9.68,34.88,-2.488,17.526,False,True,True,0,0,0,0,True,
300603.SZ,300603,300603,立昂技术,创业板,深市,创业板,801770.SI,通信,801223.SI,通信服务,通信服务,L,20170126,3534,9.68,7.79,-1.641,5.0,False,True,True,0,0,0,0,True,
300604.SZ,300604,300604,长川科技,创业板,深市,创业板,801080.SI,电子,801081.SI,半导体,半导体,L,20170417,3453,9.45,239.79,-3.268,11.268,False,True,True,0,0,0,0,True,
300605.SZ,300605,300605,恒锋信息,创业板,深市,创业板,801750.SI,计算机,801104.SI,软件开发,软件开发,L,20170208,3521,9.64,10.51,-1.129,5.825,False,True,True,0,0,0,0,True,
300606.SZ,300606,300606,金太阳,创业板,深市,创业板,801890.SI,机械设备,801072.SI,通用设备,通用设备,L,20170208,3521,9.64,31.71,-3.909,14.124,False,True,True,0,0,0,0,True,
300607.SZ,300607,300607,拓斯达,创业板,深市,创业板,801890.SI,机械设备,801078.SI,自动化设备,自动化设备,L,20170209,3520,9.64,30.2,-1.372,15.244,False,True,True,0,0,0,0,True,
300608.SZ,300608,300608,思特奇,创业板,深市,创业板,801750.SI,计算机,801104.SI,软件开发,软件开发,L,20170213,3516,9.63,9.8,-0.91,6.0,False,True,True,0,0,0,0,True,
300609.SZ,300609,300609,汇纳科技,创业板,深市,创业板,801750.SI,计算机,801103.SI,IT服务Ⅱ,IT服务Ⅱ,L,20170215,3514,9.62,23.67,-1.784,9.756,False,True,True,0,0,0,0,True,
300610.SZ,300610,300610,晨化股份,创业板,深市,创业板,801030.SI,基础化工,801034.SI,化学制品,化学制品,L,20170213,3516,9.63,10.42,0.289,8.738,False,True,True,0,0,0,0,True,
300611.SZ,300611,300611,美力科技,创业板,深市,创业板,801880.SI,汽车,801093.SI,汽车零部件,汽车零部件,L,20170220,3509,9.61,27.34,-1.619,13.962,False,True,True,0,0,0,0,True,
300612.SZ,300612,300612,宣亚国际,创业板,深市,创业板,801760.SI,传媒,801765.SI,广告营销,广告营销,L,20170215,3514,9.62,12.16,-2.172,7.377,False,True,True,0,0,0,0,True,
300613.SZ,300613,300613,富瀚微,创业板,深市,创业板,801080.SI,电子,801081.SI,半导体,半导体,L,20170220,3509,9.61,80.8,-2.084,16.216,False,True,True,0,0,0,0,True,
300614.SZ,300614,300614,百川畅银,创业板,深市,创业板,801970.SI,环保,801971.SI,环境治理,环境治理,L,20210525,1954,5.35,10.39,-1.329,11.765,False,True,True,0,0,0,0,True,
300616.SZ,300616,300616,尚品宅配,创业板,深市,创业板,801140.SI,轻工制造,801142.SI,家居用品,家居用品,L,20170307,3494,9.57,11.07,1.746,8.411,False,True,True,0,0,0,0,True,
300617.SZ,300617,300617,安靠智电,创业板,深市,创业板,801730.SI,电力设备,801738.SI,电网设备,电网设备,L,20170228,3501,9.59,34.29,-0.724,20.0,False,True,True,0,0,0,0,True,
300618.SZ,300618,300618,寒锐钴业,创业板,深市,创业板,801050.SI,有色金属,801056.SI,能源金属,能源金属,L,20170306,3495,9.57,30.54,0.427,20.833,False,True,True,0,0,0,0,True,
300619.SZ,300619,300619,金银河,创业板,深市,创业板,801730.SI,电力设备,801737.SI,电池,电池,L,20170301,3500,9.58,23.96,-0.167,11.45,False,True,True,0,0,0,0,True,
300620.SZ,300620,300620,光库科技,创业板,深市,创业板,801770.SI,通信,801102.SI,通信设备,通信设备,L,20170310,3491,9.56,270.48,3.62,12.791,False,True,True,0,0,0,0,True,
300621.SZ,300621,300621,维业股份,创业板,深市,创业板,801720.SI,建筑装饰,801722.SI,装修装饰Ⅱ,装修装饰Ⅱ,L,20170316,3485,9.54,7.1,-2.338,9.859,False,True,True,0,0,0,0,True,
300622.SZ,300622,300622,博士眼镜,创业板,深市,创业板,801200.SI,商贸零售,801204.SI,专业连锁Ⅱ,专业连锁Ⅱ,L,20170315,3486,9.54,14.58,-1.486,7.792,False,True,True,0,0,0,0,True,
300623.SZ,300623,300623,捷捷微电,创业板,深市,创业板,801080.SI,电子,801081.SI,半导体,半导体,L,20170314,3487,9.55,31.92,-2.831,19.231,False,True,True,0,0,0,0,True,
300624.SZ,300624,300624,万兴科技,创业板,深市,创业板,801750.SI,计算机,801104.SI,软件开发,软件开发,L,20180118,3177,8.7,48.09,-2.256,16.071,False,True,True,0,0,0,0,True,
300625.SZ,300625,300625,三雄极光,创业板,深市,创业板,801110.SI,家用电器,801115.SI,照明设备Ⅱ,照明设备Ⅱ,L,20170317,3484,9.54,10.0,-1.381,8.333,False,True,True,0,0,0,0,True,
300626.SZ,300626,300626,华瑞股份,创业板,深市,创业板,801730.SI,电力设备,801731.SI,电机Ⅱ,电机Ⅱ,L,20170320,3481,9.53,28.5,-4.266,12.676,False,True,True,0,0,0,0,True,
300627.SZ,300627,300627,华测导航,创业板,深市,创业板,801770.SI,通信,801102.SI,通信设备,通信设备,L,20170321,3480,9.53,26.22,-0.114,8.571,False,True,True,0,0,0,0,True,
300628.SZ,300628,300628,亿联网络,创业板,深市,创业板,801770.SI,通信,801102.SI,通信设备,通信设备,L,20170317,3484,9.54,39.49,-1.176,12.658,False,True,True,0,0,0,0,True,
300629.SZ,300629,300629,新劲刚,创业板,深市,创业板,801740.SI,国防军工,801745.SI,军工电子Ⅱ,军工电子Ⅱ,L,20170324,3477,9.52,17.6,-2.385,6.667,False,True,True,0,0,0,0,True,
300631.SZ,300631,300631,久吾高科,创业板,深市,创业板,801970.SI,环保,801972.SI,环保设备Ⅱ,环保设备Ⅱ,L,20170323,3478,9.52,21.99,2.613,12.676,False,True,True,0,0,0,0,True,
300632.SZ,300632,300632,光莆股份,创业板,深市,创业板,801080.SI,电子,801084.SI,光学光电子,光学光电子,L,20170406,3464,9.48,17.58,-3.566,8.511,False,True,True,0,0,0,0,True,
300633.SZ,300633,300633,开立医疗,创业板,深市,创业板,801150.SI,医药生物,801153.SI,医疗器械,医疗器械,L,20170406,3464,9.48,19.42,0.883,9.091,False,True,True,0,0,0,0,True,
300634.SZ,300634,300634,彩讯股份,创业板,深市,创业板,801750.SI,计算机,801103.SI,IT服务Ⅱ,IT服务Ⅱ,L,20180323,3113,8.52,20.68,-1.242,13.462,False,True,True,0,0,0,0,True,
300635.SZ,300635,300635,中达安,创业板,深市,创业板,801720.SI,建筑装饰,801726.SI,工程咨询服务Ⅱ,工程咨询服务Ⅱ,L,20170331,3470,9.5,11.86,-1.084,8.475,False,True,True,0,0,0,0,True,
300636.SZ,300636,300636,同和药业,创业板,深市,创业板,801150.SI,医药生物,801151.SI,化学制药,化学制药,L,20170331,3470,9.5,7.09,0.0,5.882,False,True,True,0,0,0,0,True,
300637.SZ,300637,300637,扬帆新材,创业板,深市,创业板,801030.SI,基础化工,801034.SI,化学制品,化学制品,L,20170412,3458,9.47,9.36,-0.952,15.217,False,True,True,0,0,0,0,True,
300638.SZ,300638,300638,广和通,创业板,深市,创业板,801770.SI,通信,801102.SI,通信设备,通信设备,L,20170413,3457,9.46,19.72,-0.504,10.606,False,True,True,0,0,0,0,True,
300639.SZ,300639,300639,凯普生物,创业板,深市,创业板,801150.SI,医药生物,801153.SI,医疗器械,医疗器械,L,20170412,3458,9.47,6.32,1.935,9.836,False,True,True,0,0,0,0,True,
300640.SZ,300640,300640,德艺文创,创业板,深市,创业板,801140.SI,轻工制造,801142.SI,家居用品,家居用品,L,20170417,3453,9.45,6.25,-1.264,10.938,False,True,True,0,0,0,0,True,
300641.SZ,300641,300641,正丹股份,创业板,深市,创业板,801030.SI,基础化工,801034.SI,化学制品,化学制品,L,20170418,3452,9.45,12.99,0.854,15.556,False,True,True,0,0,0,0,True,
300642.SZ,300642,300642,透景生命,创业板,深市,创业板,801150.SI,医药生物,801153.SI,医疗器械,医疗器械,L,20170421,3449,9.44,20.84,4.829,4.831,False,True,True,0,0,0,0,True,
300643.SZ,300643,300643,万通智控,创业板,深市,创业板,801880.SI,汽车,801093.SI,汽车零部件,汽车零部件,L,20170505,3435,9.4,17.73,-2.689,8.889,False,True,True,0,0,0,0,True,
300644.SZ,300644,300644,南京聚隆,创业板,深市,创业板,801030.SI,基础化工,801036.SI,塑料,塑料,L,20180206,3158,8.65,20.64,-1.386,8.696,False,True,True,0,0,0,0,True,
300645.SZ,300645,300645,正元智慧,创业板,深市,创业板,801750.SI,计算机,801101.SI,计算机设备,计算机设备,L,20170421,3449,9.44,13.9,-1.349,9.559,False,True,True,0,0,0,0,True,
300647.SZ,300647,300647,超频三,创业板,深市,创业板,801080.SI,电子,801085.SI,消费电子,消费电子,L,20170503,3437,9.41,10.04,3.719,9.278,False,True,True,0,0,0,0,True,
300648.SZ,300648,300648,星云股份,创业板,深市,创业板,801730.SI,电力设备,801737.SI,电池,电池,L,20170425,3445,9.43,37.44,-1.37,18.182,False,True,True,0,0,0,0,True,
300649.SZ,300649,300649,杭州园林,创业板,深市,创业板,801720.SI,建筑装饰,801723.SI,基础建设,基础建设,L,20170505,3435,9.4,27.72,3.433,13.187,False,True,True,0,0,0,0,True,
300650.SZ,300650,300650,太龙股份,创业板,深市,创业板,801080.SI,电子,801082.SI,其他电子Ⅱ,其他电子Ⅱ,L,20170503,3437,9.41,11.98,-1.642,8.13,False,True,True,0,0,0,0,True,
300651.SZ,300651,300651,金陵体育,创业板,深市,创业板,801140.SI,轻工制造,801145.SI,文娱用品,文娱用品,L,20170509,3431,9.39,15.98,-0.125,12.195,False,True,True,0,0,0,0,True,
300652.SZ,300652,300652,雷迪克,创业板,深市,创业板,801880.SI,汽车,801093.SI,汽车零部件,汽车零部件,L,20170516,3424,9.37,27.46,-0.615,12.5,False,True,True,0,0,0,0,True,
300653.SZ,300653,300653,正海生物,创业板,深市,创业板,801150.SI,医药生物,801153.SI,医疗器械,医疗器械,L,20170516,3424,9.37,15.94,1.271,6.667,False,True,True,0,0,0,0,True,
300654.SZ,300654,300654,世纪天鸿,创业板,深市,创业板,801760.SI,传媒,801769.SI,出版,出版,L,20170926,3291,9.01,9.72,1.145,9.091,False,True,True,0,0,0,0,True,
300655.SZ,300655,300655,晶瑞电材,创业板,深市,创业板,801080.SI,电子,801086.SI,电子化学品Ⅱ,电子化学品Ⅱ,L,20170523,3417,9.36,12.32,-2.609,8.462,False,True,True,0,0,0,0,True,
300656.SZ,300656,300656,民德电子,创业板,深市,创业板,801080.SI,电子,801082.SI,其他电子Ⅱ,其他电子Ⅱ,L,20170519,3421,9.37,29.92,0.639,16.216,False,True,True,0,0,0,0,True,
300657.SZ,300657,300657,弘信电子,创业板,深市,创业板,801080.SI,电子,801083.SI,元件,元件,L,20170523,3417,9.36,32.4,-5.152,10.989,False,True,True,0,0,0,0,True,
300658.SZ,300658,300658,延江股份,创业板,深市,创业板,801980.SI,美容护理,801981.SI,个护用品,个护用品,L,20170602,3407,9.33,10.26,-1.441,9.615,False,True,True,0,0,0,0,True,
300659.SZ,300659,300659,中孚信息,创业板,深市,创业板,801750.SI,计算机,801101.SI,计算机设备,计算机设备,L,20170526,3414,9.35,11.22,-0.708,6.25,False,True,True,0,0,0,0,True,
300660.SZ,300660,300660,江苏雷利,创业板,深市,创业板,801730.SI,电力设备,801731.SI,电机Ⅱ,电机Ⅱ,L,20170602,3407,9.33,23.66,0.638,25.0,False,True,True,0,0,0,0,True,
300661.SZ,300661,300661,圣邦股份,创业板,深市,创业板,801080.SI,电子,801081.SI,半导体,半导体,L,20170606,3403,9.32,110.21,-2.296,15.493,False,True,True,0,0,0,0,True,
300662.SZ,300662,300662,科锐国际,创业板,深市,创业板,801210.SI,社会服务,801218.SI,专业服务,专业服务,L,20170608,3401,9.31,20.6,-0.145,8.571,False,True,True,0,0,0,0,True,
300663.SZ,300663,300663,科蓝软件,创业板,深市,创业板,801750.SI,计算机,801104.SI,软件开发,软件开发,L,20170608,3401,9.31,7.33,-1.611,16.456,False,True,True,0,0,0,0,True,
300664.SZ,300664,300664,鹏鹞环保,创业板,深市,创业板,801970.SI,环保,801971.SI,环境治理,环境治理,L,20180105,3190,8.73,4.62,0.217,13.043,False,True,True,0,0,0,0,True,
300665.SZ,300665,300665,飞鹿股份,创业板,深市,创业板,801030.SI,基础化工,801034.SI,化学制品,化学制品,L,20170613,3396,9.3,8.7,-0.458,11.111,False,True,True,0,0,0,5,True,
300666.SZ,300666,300666,江丰电子,创业板,深市,创业板,801080.SI,电子,801081.SI,半导体,半导体,L,20170615,3394,9.29,222.78,-3.278,10.638,False,True,True,0,0,0,0,True,
300667.SZ,300667,300667,必创科技,创业板,深市,创业板,801890.SI,机械设备,801072.SI,通用设备,通用设备,L,20170619,3390,9.28,14.56,-1.087,4.73,False,True,True,0,0,0,0,True,
300668.SZ,300668,300668,杰恩股份,创业板,深市,创业板,801720.SI,建筑装饰,801726.SI,工程咨询服务Ⅱ,工程咨询服务Ⅱ,L,20170619,3390,9.28,29.91,-3.703,11.111,False,True,True,0,0,0,0,True,
300669.SZ,300669,300669,沪宁股份,创业板,深市,创业板,801890.SI,机械设备,801074.SI,专用设备,专用设备,L,20170629,3380,9.25,24.15,-1.589,36.885,False,True,True,0,0,0,0,True,
300670.SZ,300670,300670,大烨智能,创业板,深市,创业板,801730.SI,电力设备,801738.SI,电网设备,电网设备,L,20170703,3376,9.24,7.24,-2.949,9.589,False,True,True,0,0,0,0,True,
300671.SZ,300671,300671,富满微,创业板,深市,创业板,801080.SI,电子,801081.SI,半导体,半导体,L,20170705,3374,9.24,54.64,-7.154,11.111,False,True,True,0,0,0,0,True,
300672.SZ,300672,300672,国科微,创业板,深市,创业板,801080.SI,电子,801081.SI,半导体,半导体,L,20170712,3367,9.22,180.65,-3.126,18.056,False,True,True,0,0,0,0,True,
300673.SZ,300673,300673,佩蒂股份,创业板,深市,创业板,801010.SI,农林牧渔,801014.SI,饲料,饲料,L,20170711,3368,9.22,14.95,0.47,16.197,False,True,True,0,0,0,0,True,
300674.SZ,300674,300674,宇信科技,创业板,深市,创业板,801750.SI,计算机,801103.SI,IT服务Ⅱ,IT服务Ⅱ,L,20181107,2884,7.9,15.04,-5.882,12.727,False,True,True,0,0,0,0,True,
300675.SZ,300675,300675,建科院,创业板,深市,创业板,801720.SI,建筑装饰,801726.SI,工程咨询服务Ⅱ,工程咨询服务Ⅱ,L,20170719,3360,9.2,14.48,1.401,16.296,False,True,True,0,0,0,0,True,
300676.SZ,300676,300676,华大基因,创业板,深市,创业板,801150.SI,医药生物,801156.SI,医疗服务,医疗服务,L,20170714,3365,9.21,45.86,3.85,19.048,False,True,True,0,0,0,0,True,
300677.SZ,300677,300677,英科医疗,创业板,深市,创业板,801150.SI,医药生物,801153.SI,医疗器械,医疗器械,L,20170721,3358,9.19,50.96,3.619,11.765,False,True,True,0,0,0,0,True,
300678.SZ,300678,300678,中科信息,创业板,深市,创业板,801750.SI,计算机,801103.SI,IT服务Ⅱ,IT服务Ⅱ,L,20170728,3351,9.17,20.74,-0.955,8.889,False,True,True,0,0,0,0,True,
300679.SZ,300679,300679,电连技术,创业板,深市,创业板,801080.SI,电子,801085.SI,消费电子,消费电子,L,20170731,3348,9.17,40.17,-1.809,12.162,False,True,True,0,0,0,0,True,
300680.SZ,300680,300680,隆盛科技,创业板,深市,创业板,801880.SI,汽车,801093.SI,汽车零部件,汽车零部件,L,20170725,3354,9.18,20.1,-0.446,10.345,False,True,True,0,0,0,0,True,
300681.SZ,300681,300681,英搏尔,创业板,深市,创业板,801880.SI,汽车,801093.SI,汽车零部件,汽车零部件,L,20170725,3354,9.18,21.93,-0.046,7.407,False,True,True,0,0,0,0,True,
300682.SZ,300682,300682,朗新科技,创业板,深市,创业板,801750.SI,计算机,801103.SI,IT服务Ⅱ,IT服务Ⅱ,L,20170801,3347,9.16,8.67,0.814,29.167,False,True,True,0,0,0,0,True,
300683.SZ,300683,300683,海特生物,创业板,深市,创业板,801150.SI,医药生物,801156.SI,医疗服务,医疗服务,L,20170808,3340,9.14,25.54,2.447,9.302,False,True,True,0,0,0,0,True,
300684.SZ,300684,300684,中石科技,创业板,深市,创业板,801080.SI,电子,801086.SI,电子化学品Ⅱ,电子化学品Ⅱ,L,20171227,3199,8.76,108.1,0.67,11.23,False,True,True,0,0,0,0,True,
300685.SZ,300685,300685,艾德生物,创业板,深市,创业板,801150.SI,医药生物,801153.SI,医疗器械,医疗器械,L,20170802,3346,9.16,21.34,1.619,18.182,False,True,True,0,0,0,5,True,
300686.SZ,300686,300686,智动力,创业板,深市,创业板,801080.SI,电子,801085.SI,消费电子,消费电子,L,20170804,3344,9.16,14.3,-2.589,6.122,False,True,True,0,0,0,0,True,
300687.SZ,300687,300687,赛意信息,创业板,深市,创业板,801750.SI,计算机,801103.SI,IT服务Ⅱ,IT服务Ⅱ,L,20170803,3345,9.16,28.38,-2.742,11.189,False,True,True,0,0,0,0,True,
300688.SZ,300688,300688,创业黑马,创业板,深市,创业板,801210.SI,社会服务,801994.SI,教育,教育,L,20170810,3338,9.14,33.23,-3.625,12.791,False,True,True,0,0,0,0,True,
300689.SZ,300689,300689,澄天伟业,创业板,深市,创业板,801770.SI,通信,801102.SI,通信设备,通信设备,L,20170809,3339,9.14,60.42,-1.258,20.261,False,True,True,0,0,0,0,True,
300690.SZ,300690,300690,双一科技,创业板,深市,创业板,801730.SI,电力设备,801736.SI,风电设备,风电设备,L,20170808,3340,9.14,26.58,0.075,10.714,False,True,True,0,0,0,0,True,
300691.SZ,300691,300691,联合光电,创业板,深市,创业板,801750.SI,计算机,801101.SI,计算机设备,计算机设备,L,20170811,3337,9.14,20.55,0.049,14.493,False,True,True,0,0,0,0,True,
300692.SZ,300692,300692,中赋科技,创业板,深市,创业板,801970.SI,环保,801971.SI,环境治理,环境治理,L,20170821,3327,9.11,8.97,2.164,8.791,False,True,True,0,0,0,0,True,
300693.SZ,300693,300693,盛弘股份,创业板,深市,创业板,801730.SI,电力设备,801733.SI,其他电源设备Ⅱ,其他电源设备Ⅱ,L,20170822,3326,9.11,35.93,-0.25,12.727,False,True,True,0,0,0,0,True,
300694.SZ,300694,300694,蠡湖股份,创业板,深市,创业板,801880.SI,汽车,801093.SI,汽车零部件,汽车零部件,L,20181015,2907,7.96,10.65,-0.746,7.547,False,True,True,0,0,0,0,True,
300695.SZ,300695,300695,兆丰股份,创业板,深市,创业板,801880.SI,汽车,801093.SI,汽车零部件,汽车零部件,L,20170908,3309,9.06,49.13,-0.707,31.373,False,True,True,0,0,0,0,True,
300696.SZ,300696,300696,爱乐达,创业板,深市,创业板,801740.SI,国防军工,801742.SI,航空装备Ⅱ,航空装备Ⅱ,L,20170822,3326,9.11,20.15,-0.934,9.615,False,True,True,0,0,0,0,True,
300697.SZ,300697,300697,电工合金,创业板,深市,创业板,801050.SI,有色金属,801055.SI,工业金属,工业金属,L,20170907,3310,9.06,14.14,-0.352,11.258,False,True,True,0,0,0,0,True,
300698.SZ,300698,300698,万马科技,创业板,深市,创业板,801770.SI,通信,801102.SI,通信设备,通信设备,L,20170831,3317,9.08,26.54,-2.175,10.448,False,True,True,0,0,0,0,True,
300699.SZ,300699,300699,光威复材,创业板,深市,创业板,801740.SI,国防军工,801742.SI,航空装备Ⅱ,航空装备Ⅱ,L,20170901,3316,9.08,22.83,0.973,19.512,False,True,True,0,0,0,0,True,
300700.SZ,300700,300700,岱勒新材,创业板,深市,创业板,801890.SI,机械设备,801072.SI,通用设备,通用设备,L,20170912,3305,9.05,16.7,-2.51,16.393,False,True,True,0,0,0,0,True,
300701.SZ,300701,300701,森霸传感,创业板,深市,创业板,801080.SI,电子,801084.SI,光学光电子,光学光电子,L,20170915,3302,9.04,9.84,-2.284,9.184,False,True,True,0,0,0,0,True,
300702.SZ,300702,300702,天宇股份,创业板,深市,创业板,801150.SI,医药生物,801151.SI,化学制药,化学制药,L,20170919,3298,9.03,22.68,2.997,9.434,False,True,True,0,0,0,0,True,
300703.SZ,300703,300703,创源股份,创业板,深市,创业板,801140.SI,轻工制造,801145.SI,文娱用品,文娱用品,L,20170919,3298,9.03,13.83,-0.931,8.696,False,True,True,0,0,0,0,True,
300705.SZ,300705,300705,九典制药,创业板,深市,创业板,801150.SI,医药生物,801151.SI,化学制药,化学制药,L,20171010,3277,8.97,11.07,3.749,13.514,False,True,True,0,0,0,0,True,
300706.SZ,300706,300706,阿石创,创业板,深市,创业板,801080.SI,电子,801081.SI,半导体,半导体,L,20170926,3291,9.01,45.93,-3.791,7.738,False,True,True,0,0,0,0,True,
300707.SZ,300707,300707,威唐工业,创业板,深市,创业板,801880.SI,汽车,801093.SI,汽车零部件,汽车零部件,L,20171010,3277,8.97,12.09,-0.983,6.667,False,True,True,0,0,0,0,True,
300708.SZ,300708,300708,聚灿光电,创业板,深市,创业板,801080.SI,电子,801084.SI,光学光电子,光学光电子,L,20171016,3271,8.96,9.06,-0.767,15.217,False,True,True,0,0,0,0,True,
300709.SZ,300709,300709,精研科技,创业板,深市,创业板,801080.SI,电子,801085.SI,消费电子,消费电子,L,20171019,3268,8.95,34.39,-2.023,20.0,False,True,True,0,0,0,0,True,
300710.SZ,300710,300710,万隆光电,创业板,深市,创业板,801770.SI,通信,801102.SI,通信设备,通信设备,L,20171019,3268,8.95,29.12,-2.836,6.536,False,True,True,0,0,0,0,True,
300711.SZ,300711,300711,广哈通信,创业板,深市,创业板,801770.SI,通信,801102.SI,通信设备,通信设备,L,20171101,3255,8.91,16.96,-2.248,12.903,False,True,True,0,0,0,0,True,
300712.SZ,300712,300712,永福股份,创业板,深市,创业板,801720.SI,建筑装饰,801724.SI,专业工程,专业工程,L,20171031,3256,8.91,20.0,0.402,19.231,False,True,True,0,0,0,0,True,
300713.SZ,300713,300713,英可瑞,创业板,深市,创业板,801730.SI,电力设备,801733.SI,其他电源设备Ⅱ,其他电源设备Ⅱ,L,20171101,3255,8.91,14.3,0.281,13.235,False,True,True,0,0,0,0,True,
300715.SZ,300715,300715,凯伦股份,创业板,深市,创业板,801710.SI,建筑材料,801713.SI,装修建材,装修建材,L,20171026,3261,8.93,13.3,-3.343,7.042,False,True,True,0,0,0,0,True,
300717.SZ,300717,300717,华信新材,创业板,深市,创业板,801030.SI,基础化工,801036.SI,塑料,塑料,L,20171106,3250,8.9,20.8,5.423,16.842,False,True,True,0,0,0,0,True,
300718.SZ,300718,300718,长盛轴承,创业板,深市,创业板,801890.SI,机械设备,801072.SI,通用设备,通用设备,L,20171106,3250,8.9,54.0,-2.192,19.672,False,True,True,0,0,0,0,True,
300719.SZ,300719,300719,安达维尔,创业板,深市,创业板,801740.SI,国防军工,801742.SI,航空装备Ⅱ,航空装备Ⅱ,L,20171109,3247,8.89,11.77,-0.926,11.765,False,True,True,0,0,0,0,True,
300720.SZ,300720,300720,海川智能,创业板,深市,创业板,801890.SI,机械设备,801072.SI,通用设备,通用设备,L,20171106,3250,8.9,56.72,-0.787,17.949,False,True,True,0,0,0,0,True,
300721.SZ,300721,300721,怡达股份,创业板,深市,创业板,801030.SI,基础化工,801034.SI,化学制品,化学制品,L,20171115,3241,8.87,19.93,-3.72,9.735,False,True,True,0,0,0,0,True,
300722.SZ,300722,300722,新余国科,创业板,深市,创业板,801740.SI,国防军工,801741.SI,航天装备Ⅱ,航天装备Ⅱ,L,20171110,3246,8.89,21.1,1.199,10.909,False,True,True,0,0,0,0,True,
300723.SZ,300723,300723,一品红,创业板,深市,创业板,801150.SI,医药生物,801151.SI,化学制药,化学制药,L,20171116,3240,8.87,33.27,2.055,12.222,False,True,True,0,0,0,0,True,
300724.SZ,300724,300724,捷佳伟创,创业板,深市,创业板,801730.SI,电力设备,801735.SI,光伏设备,光伏设备,L,20180810,2973,8.14,53.55,-0.705,10.345,False,True,True,0,0,0,0,True,
300725.SZ,300725,300725,药石科技,创业板,深市,创业板,801150.SI,医药生物,801156.SI,医疗服务,医疗服务,L,20171110,3246,8.89,55.35,5.974,8.427,False,True,True,0,0,0,0,True,
300726.SZ,300726,300726,宏达电子,创业板,深市,创业板,801740.SI,国防军工,801745.SI,军工电子Ⅱ,军工电子Ⅱ,L,20171121,3235,8.86,50.68,-4.431,14.085,False,True,True,0,0,0,0,True,
300727.SZ,300727,300727,润禾材料,创业板,深市,创业板,801030.SI,基础化工,801034.SI,化学制品,化学制品,L,20171127,3229,8.84,32.09,-4.295,19.753,False,True,True,0,0,0,0,True,
300729.SZ,300729,300729,乐歌股份,创业板,深市,创业板,801140.SI,轻工制造,801142.SI,家居用品,家居用品,L,20171201,3225,8.83,11.07,-0.718,18.519,False,True,True,0,0,0,0,True,
300730.SZ,300730,300730,科创信息,创业板,深市,创业板,801750.SI,计算机,801104.SI,软件开发,软件开发,L,20171205,3221,8.82,11.24,-4.503,5.263,False,True,True,0,0,0,0,True,
300731.SZ,300731,300731,科创新源,创业板,深市,创业板,801030.SI,基础化工,801037.SI,橡胶,橡胶,L,20171208,3218,8.81,42.92,-4.495,14.876,False,True,True,0,0,0,0,True,
300732.SZ,300732,300732,设研院,创业板,深市,创业板,801720.SI,建筑装饰,801726.SI,工程咨询服务Ⅱ,工程咨询服务Ⅱ,L,20171212,3214,8.8,5.88,-0.339,8.475,False,True,True,0,0,0,0,True,
300733.SZ,300733,300733,西菱动力,创业板,深市,创业板,801880.SI,汽车,801093.SI,汽车零部件,汽车零部件,L,20180116,3179,8.7,13.12,3.226,11.111,False,True,True,0,0,0,0,True,
300735.SZ,300735,300735,光弘科技,创业板,深市,创业板,801080.SI,电子,801085.SI,消费电子,消费电子,L,20171229,3197,8.75,17.58,-1.457,16.327,False,True,True,0,0,0,0,True,
300736.SZ,300736,300736,百邦科技,创业板,深市,创业板,801080.SI,电子,801082.SI,其他电子Ⅱ,其他电子Ⅱ,L,20180109,3186,8.72,33.4,-2.85,13.415,False,True,True,0,0,0,0,True,
300737.SZ,300737,300737,科顺股份,创业板,深市,创业板,801710.SI,建筑材料,801713.SI,装修建材,装修建材,L,20180125,3170,8.68,4.83,4.772,10.417,False,True,True,0,0,0,0,True,
300738.SZ,300738,300738,奥飞数据,创业板,深市,创业板,801770.SI,通信,801223.SI,通信服务,通信服务,L,20180119,3176,8.7,18.5,-1.017,14.141,False,True,True,0,0,0,0,True,
300739.SZ,300739,300739,明阳电路,创业板,深市,创业板,801080.SI,电子,801083.SI,元件,元件,L,20180201,3163,8.66,27.85,-6.512,12.371,False,True,True,0,0,0,0,True,
300740.SZ,300740,300740,水羊股份,创业板,深市,创业板,801980.SI,美容护理,801982.SI,化妆品,化妆品,L,20180208,3156,8.64,21.25,2.756,11.215,False,True,True,0,0,0,0,True,
300741.SZ,300741,300741,华宝股份,创业板,深市,创业板,801030.SI,基础化工,801034.SI,化学制品,化学制品,L,20180301,3135,8.58,24.73,-2.753,53.968,False,True,True,0,0,0,0,True,
300743.SZ,300743,300743,天地数码,创业板,深市,创业板,801750.SI,计算机,801101.SI,计算机设备,计算机设备,L,20180427,3078,8.43,14.41,-1.234,8.333,False,True,True,0,0,0,0,True,
300745.SZ,300745,300745,欣锐科技,创业板,深市,创业板,801880.SI,汽车,801093.SI,汽车零部件,汽车零部件,L,20180523,3052,8.36,26.0,-3.346,8.696,False,True,True,0,0,0,0,True,
300746.SZ,300746,300746,汉嘉数智,创业板,深市,创业板,801720.SI,建筑装饰,801726.SI,工程咨询服务Ⅱ,工程咨询服务Ⅱ,L,20180525,3050,8.35,14.87,-11.541,18.367,False,True,True,0,0,0,0,True,
300747.SZ,300747,300747,锐科激光,创业板,深市,创业板,801890.SI,机械设备,801078.SI,自动化设备,自动化设备,L,20180625,3019,8.27,36.17,-0.632,11.392,False,True,True,0,0,0,0,True,
300748.SZ,300748,300748,金力永磁,创业板,深市,创业板,801050.SI,有色金属,801051.SI,金属新材料,金属新材料,L,20180921,2931,8.02,24.11,0.5,12.36,False,True,True,0,0,0,0,True,
300749.SZ,300749,300749,顶固集创,创业板,深市,创业板,801140.SI,轻工制造,801142.SI,家居用品,家居用品,L,20180925,2927,8.01,21.9,-0.725,13.008,False,True,True,0,0,0,0,True,
300750.SZ,300750,300750,宁德时代,创业板,深市,创业板,801730.SI,电力设备,801737.SI,电池,电池,L,20180611,3033,8.3,291.11,1.503,32.941,False,True,True,0,0,0,0,True,
300751.SZ,300751,300751,迈为股份,创业板,深市,创业板,801730.SI,电力设备,801735.SI,光伏设备,光伏设备,L,20181109,2882,7.89,176.9,-2.824,12.727,False,True,True,0,0,0,0,True,
300752.SZ,300752,300752,隆利科技,创业板,深市,创业板,801080.SI,电子,801084.SI,光学光电子,光学光电子,L,20181130,2861,7.83,12.65,-2.991,16.279,False,True,True,0,0,0,0,True,
300753.SZ,300753,300753,爱朋医疗,创业板,深市,创业板,801150.SI,医药生物,801153.SI,医疗器械,医疗器械,L,20181213,2848,7.8,20.66,0.584,6.731,False,True,True,0,0,0,0,True,
300755.SZ,300755,300755,华致酒行,创业板,深市,创业板,801200.SI,商贸零售,801204.SI,专业连锁Ⅱ,专业连锁Ⅱ,L,20190129,2801,7.67,11.36,2.527,13.793,False,True,True,0,0,0,0,True,
300756.SZ,300756,300756,金马游乐,创业板,深市,创业板,801890.SI,机械设备,801074.SI,专用设备,专用设备,L,20181228,2833,7.76,28.13,-6.483,17.647,False,True,True,0,0,0,0,True,
300757.SZ,300757,300757,罗博特科,创业板,深市,创业板,801890.SI,机械设备,801078.SI,自动化设备,自动化设备,L,20190108,2822,7.73,533.5,0.851,17.778,False,True,True,0,0,0,0,True,
300758.SZ,300758,300758,七彩化学,创业板,深市,创业板,801030.SI,基础化工,801034.SI,化学制品,化学制品,L,20190222,2777,7.6,11.24,1.353,7.08,False,True,True,0,0,0,0,True,
300759.SZ,300759,300759,康龙化成,创业板,深市,创业板,801150.SI,医药生物,801156.SI,医疗服务,医疗服务,L,20190128,2802,7.67,44.97,4.63,9.091,False,True,True,0,0,0,0,True,
300760.SZ,300760,300760,迈瑞医疗,创业板,深市,创业板,801150.SI,医药生物,801153.SI,医疗器械,医疗器械,L,20181016,2906,7.96,161.32,1.453,28.205,False,True,True,0,0,0,0,True,
300761.SZ,300761,300761,立华股份,创业板,深市,创业板,801010.SI,农林牧渔,801017.SI,养殖业,养殖业,L,20190218,2781,7.61,20.81,-0.24,13.636,False,True,True,0,0,0,0,True,
300762.SZ,300762,300762,上海瀚讯,创业板,深市,创业板,801740.SI,国防军工,801745.SI,军工电子Ⅱ,军工电子Ⅱ,L,20190314,2757,7.55,24.54,-1.168,15.094,False,True,True,0,0,0,0,True,
300763.SZ,300763,300763,锦浪科技,创业板,深市,创业板,801730.SI,电力设备,801735.SI,光伏设备,光伏设备,L,20190319,2752,7.53,52.96,0.646,15.0,False,True,True,0,0,0,0,True,
300765.SZ,300765,300765,石药创新,创业板,深市,创业板,801150.SI,医药生物,801151.SI,化学制药,化学制药,L,20190322,2749,7.53,47.19,7.055,20.909,False,True,True,0,0,0,0,True,
300766.SZ,300766,300766,每日互动,创业板,深市,创业板,801750.SI,计算机,801104.SI,软件开发,软件开发,L,20190325,2746,7.52,21.19,-1.625,8.108,False,True,True,0,0,0,0,True,
300767.SZ,300767,300767,震安科技,创业板,深市,创业板,801030.SI,基础化工,801037.SI,橡胶,橡胶,L,20190329,2742,7.51,19.22,-2.238,14.796,False,True,True,0,0,0,0,True,
300768.SZ,300768,300768,迪普科技,创业板,深市,创业板,801750.SI,计算机,801104.SI,软件开发,软件开发,L,20190412,2728,7.47,14.82,-2.307,12.0,False,True,True,0,0,0,0,True,
300769.SZ,300769,300769,德方纳米,创业板,深市,创业板,801730.SI,电力设备,801737.SI,电池,电池,L,20190415,2725,7.46,39.6,0.84,16.867,False,True,True,0,0,0,0,True,
300770.SZ,300770,300770,新媒股份,创业板,深市,创业板,801760.SI,传媒,801995.SI,电视广播Ⅱ,电视广播Ⅱ,L,20190419,2721,7.45,34.03,-0.555,13.514,False,True,True,0,0,0,0,True,
300771.SZ,300771,300771,智莱科技,创业板,深市,创业板,801750.SI,计算机,801101.SI,计算机设备,计算机设备,L,20190422,2718,7.44,11.32,-0.789,7.018,False,True,True,0,0,0,0,True,
300772.SZ,300772,300772,运达股份,创业板,深市,创业板,801730.SI,电力设备,801736.SI,风电设备,风电设备,L,20190426,2714,7.43,9.88,-1.984,25.0,False,True,True,0,0,0,0,True,
300773.SZ,300773,300773,拉卡拉,创业板,深市,创业板,801790.SI,非银金融,801191.SI,多元金融,多元金融,L,20190425,2715,7.43,14.38,-0.622,10.458,False,True,True,0,0,0,0,True,
300774.SZ,300774,300774,倍杰特,创业板,深市,创业板,801970.SI,环保,801971.SI,环境治理,环境治理,L,20210804,1883,5.16,9.6,-1.437,14.0,False,True,True,0,0,0,0,True,
300775.SZ,300775,300775,三角防务,创业板,深市,创业板,801740.SI,国防军工,801742.SI,航空装备Ⅱ,航空装备Ⅱ,L,20190521,2689,7.36,19.85,-0.651,9.302,False,True,True,0,0,0,0,True,
300776.SZ,300776,300776,帝尔激光,创业板,深市,创业板,801730.SI,电力设备,801735.SI,光伏设备,光伏设备,L,20190517,2693,7.37,128.91,1.672,16.0,False,True,True,0,0,0,0,True,
300777.SZ,300777,300777,中简科技,创业板,深市,创业板,801740.SI,国防军工,801742.SI,航空装备Ⅱ,航空装备Ⅱ,L,20190516,2694,7.38,19.99,-0.249,21.053,False,True,True,0,0,0,0,True,
300778.SZ,300778,300778,新城市,创业板,深市,创业板,801720.SI,建筑装饰,801726.SI,工程咨询服务Ⅱ,工程咨询服务Ⅱ,L,20190510,2700,7.39,11.05,-0.897,11.111,False,True,True,0,0,0,0,True,
300779.SZ,300779,300779,惠城环保,创业板,深市,创业板,801970.SI,环保,801971.SI,环境治理,环境治理,L,20190522,2688,7.36,50.04,-1.263,39.13,False,True,True,0,0,0,0,True,
300780.SZ,300780,300780,德恩精工,创业板,深市,创业板,801890.SI,机械设备,801072.SI,通用设备,通用设备,L,20190531,2679,7.33,18.59,-2.209,10.101,False,True,True,0,0,0,0,True,
300781.SZ,300781,300781,因赛集团,创业板,深市,创业板,801760.SI,传媒,801765.SI,广告营销,广告营销,L,20190606,2673,7.32,26.91,-2.676,10.145,False,True,True,0,0,0,0,True,
300782.SZ,300782,300782,卓胜微,创业板,深市,创业板,801080.SI,电子,801081.SI,半导体,半导体,L,20190618,2661,7.29,70.17,0.128,13.043,False,True,True,0,0,0,0,True,
300783.SZ,300783,300783,三只松鼠,创业板,深市,创业板,801120.SI,食品饮料,801128.SI,休闲食品,休闲食品,L,20190712,2637,7.22,16.64,1.898,12.0,False,True,True,0,0,0,0,True,
300784.SZ,300784,300784,利安科技,创业板,深市,创业板,801080.SI,电子,801085.SI,消费电子,消费电子,L,20240607,845,2.31,42.34,-1.213,6.22,False,True,True,0,0,0,0,True,
300785.SZ,300785,300785,值得买,创业板,深市,创业板,801760.SI,传媒,801767.SI,数字媒体,数字媒体,L,20190715,2634,7.21,36.22,-2.398,7.692,False,True,True,0,0,0,0,True,
300786.SZ,300786,300786,国林科技,创业板,深市,创业板,801970.SI,环保,801972.SI,环保设备Ⅱ,环保设备Ⅱ,L,20190723,2626,7.19,13.88,-3.073,9.333,False,True,True,0,0,0,0,True,
300787.SZ,300787,300787,海能实业,创业板,深市,创业板,801080.SI,电子,801085.SI,消费电子,消费电子,L,20190815,2603,7.13,11.87,0.0,17.544,False,True,True,0,0,0,0,True,
300788.SZ,300788,300788,中信出版,创业板,深市,创业板,801760.SI,传媒,801769.SI,出版,出版,L,20190705,2644,7.24,29.89,-1.613,17.308,False,True,True,0,0,0,0,True,
300789.SZ,300789,300789,唐源电气,创业板,深市,创业板,801750.SI,计算机,801101.SI,计算机设备,计算机设备,L,20190828,2590,7.09,15.77,-1.622,16.071,False,True,True,0,0,0,0,True,
300790.SZ,300790,300790,宇瞳光学,创业板,深市,创业板,801750.SI,计算机,801101.SI,计算机设备,计算机设备,L,20190920,2567,7.03,18.49,2.098,7.692,False,True,True,0,0,0,0,True,
300791.SZ,300791,300791,仙乐健康,创业板,深市,创业板,801120.SI,食品饮料,801124.SI,食品加工,食品加工,L,20190925,2562,7.01,18.41,4.07,20.339,False,True,True,0,0,0,0,True,
300792.SZ,300792,300792,壹网壹创,创业板,深市,创业板,801200.SI,商贸零售,801206.SI,互联网电商,互联网电商,L,20190927,2560,7.01,24.55,-0.567,9.639,False,True,True,0,0,0,0,True,
300793.SZ,300793,300793,佳禾智能,创业板,深市,创业板,801080.SI,电子,801085.SI,消费电子,消费电子,L,20191018,2539,6.95,11.63,-1.857,10.526,False,True,True,0,0,0,0,True,
300795.SZ,300795,300795,米奥会展,创业板,深市,创业板,801210.SI,社会服务,801218.SI,专业服务,专业服务,L,20191022,2535,6.94,12.81,0.235,9.16,False,True,True,0,0,0,0,True,
300796.SZ,300796,300796,贝斯美,创业板,深市,创业板,801030.SI,基础化工,801038.SI,农化制品,农化制品,L,20191115,2511,6.87,7.04,1.734,13.433,False,True,True,0,0,0,0,True,
300797.SZ,300797,300797,钢研纳克,创业板,深市,创业板,801210.SI,社会服务,801218.SI,专业服务,专业服务,L,20191101,2525,6.91,13.01,-0.611,19.118,False,True,True,0,0,0,0,True,
300798.SZ,300798,300798,锦鸡股份,创业板,深市,创业板,801030.SI,基础化工,801034.SI,化学制品,化学制品,L,20191122,2504,6.86,8.62,2.375,8.235,False,True,True,0,0,0,0,True,
300800.SZ,300800,300800,力合科技,创业板,深市,创业板,801970.SI,环保,801972.SI,环保设备Ⅱ,环保设备Ⅱ,L,20191106,2520,6.9,10.61,-1.026,11.765,False,True,True,0,0,0,0,True,
300801.SZ,300801,300801,泰和科技,创业板,深市,创业板,801030.SI,基础化工,801034.SI,化学制品,化学制品,L,20191128,2498,6.84,21.4,0.469,10.811,False,True,True,0,0,0,0,True,
300802.SZ,300802,300802,矩子科技,创业板,深市,创业板,801890.SI,机械设备,801078.SI,自动化设备,自动化设备,L,20191114,2512,6.88,24.1,-1.953,15.625,False,True,True,0,0,0,0,True,
300803.SZ,300803,300803,指南针,创业板,深市,创业板,801750.SI,计算机,801104.SI,软件开发,软件开发,L,20191118,2508,6.87,53.03,-2.911,9.091,False,True,True,0,0,0,0,True,
300804.SZ,300804,300804,广康生化,创业板,深市,创业板,801030.SI,基础化工,801038.SI,农化制品,农化制品,L,20230627,1191,3.26,55.41,12.485,22.013,False,True,True,0,0,0,0,True,
300805.SZ,300805,300805,电声股份,创业板,深市,创业板,801760.SI,传媒,801765.SI,广告营销,广告营销,L,20191121,2505,6.86,8.67,-2.144,7.059,False,True,True,0,0,0,0,True,
300806.SZ,300806,300806,斯迪克,创业板,深市,创业板,801030.SI,基础化工,801036.SI,塑料,塑料,L,20191125,2501,6.85,47.89,-2.484,17.778,False,True,True,0,0,0,0,True,
300807.SZ,300807,300807,天迈科技,创业板,深市,创业板,801750.SI,计算机,801101.SI,计算机设备,计算机设备,L,20191219,2477,6.78,35.33,-0.703,10.959,False,True,True,0,0,0,0,True,
300808.SZ,300808,300808,久量股份,创业板,深市,创业板,801080.SI,电子,801084.SI,光学光电子,光学光电子,L,20191129,2497,6.84,20.09,-0.347,17.143,False,True,True,0,0,0,0,True,
300809.SZ,300809,300809,华辰装备,创业板,深市,创业板,801890.SI,机械设备,801072.SI,通用设备,通用设备,L,20191204,2492,6.82,23.61,-0.965,6.25,False,True,True,0,0,0,0,True,
300810.SZ,300810,300810,中科海讯,创业板,深市,创业板,801740.SI,国防军工,801744.SI,航海装备Ⅱ,航海装备Ⅱ,L,20191206,2490,6.82,24.42,-0.123,14.0,False,True,True,0,0,0,0,True,
300811.SZ,300811,300811,铂科新材,创业板,深市,创业板,801050.SI,有色金属,801051.SI,金属新材料,金属新材料,L,20191230,2466,6.75,78.55,-2.568,12.698,False,True,True,0,0,0,0,True,
300812.SZ,300812,300812,易天股份,创业板,深市,创业板,801080.SI,电子,801085.SI,消费电子,消费电子,L,20200109,2456,6.72,18.2,-4.562,7.732,False,True,True,0,0,0,0,True,
300813.SZ,300813,300813,泰林生物,创业板,深市,创业板,801890.SI,机械设备,801074.SI,专用设备,专用设备,L,20200114,2451,6.71,22.83,2.331,12.5,False,True,True,0,0,0,0,True,
300814.SZ,300814,300814,中富电路,创业板,深市,创业板,801080.SI,电子,801083.SI,元件,元件,L,20210812,1875,5.13,121.86,-4.281,14.943,False,True,True,0,0,0,0,True,
300815.SZ,300815,300815,玉禾田,创业板,深市,创业板,801970.SI,环保,801971.SI,环境治理,环境治理,L,20200123,2442,6.69,14.94,-0.731,11.688,False,True,True,0,0,0,0,True,
300816.SZ,300816,300816,艾可蓝,创业板,深市,创业板,801880.SI,汽车,801093.SI,汽车零部件,汽车零部件,L,20200210,2424,6.64,58.36,0.154,9.375,False,True,True,0,0,0,0,True,
300817.SZ,300817,300817,双飞集团,创业板,深市,创业板,801890.SI,机械设备,801072.SI,通用设备,通用设备,L,20200218,2416,6.61,17.18,1.417,10.909,False,True,True,0,0,0,0,True,
300818.SZ,300818,300818,耐普矿机,创业板,深市,创业板,801890.SI,机械设备,801072.SI,通用设备,通用设备,L,20200212,2422,6.63,15.7,-1.875,19.565,False,True,True,0,0,0,0,True,
300819.SZ,300819,300819,聚杰微纤,创业板,深市,创业板,801130.SI,纺织服饰,801131.SI,纺织制造,纺织制造,L,20200312,2393,6.55,42.35,-5.363,10.127,False,True,True,0,0,0,0,True,
300820.SZ,300820,300820,英杰电气,创业板,深市,创业板,801730.SI,电力设备,801733.SI,其他电源设备Ⅱ,其他电源设备Ⅱ,L,20200213,2421,6.63,64.97,-2.827,22.353,False,True,True,0,0,0,0,True,
300821.SZ,300821,300821,东岳硅材,创业板,深市,创业板,801030.SI,基础化工,801034.SI,化学制品,化学制品,L,20200312,2393,6.55,14.31,-0.969,12.987,False,True,True,0,0,0,0,True,
300822.SZ,300822,300822,贝仕达克,创业板,深市,创业板,801080.SI,电子,801085.SI,消费电子,消费电子,L,20200313,2392,6.55,11.23,-1.318,15.254,False,True,True,0,0,0,0,True,
300823.SZ,300823,300823,建科智能,创业板,深市,创业板,801890.SI,机械设备,801074.SI,专用设备,专用设备,L,20200319,2386,6.53,14.7,-1.409,6.849,False,True,True,0,0,0,0,True,
300824.SZ,300824,300824,北鼎股份,创业板,深市,创业板,801110.SI,家用电器,801113.SI,小家电,小家电,L,20200619,2294,6.28,8.18,-0.244,10.256,False,True,True,0,0,0,0,True,
300825.SZ,300825,300825,阿尔特,创业板,深市,创业板,801880.SI,汽车,801092.SI,汽车服务,汽车服务,L,20200327,2378,6.51,11.27,-2.0,12.097,False,True,True,0,0,0,0,True,
300826.SZ,300826,300826,测绘股份,创业板,深市,创业板,801720.SI,建筑装饰,801726.SI,工程咨询服务Ⅱ,工程咨询服务Ⅱ,L,20200403,2371,6.49,14.86,-0.933,8.725,False,True,True,0,0,0,0,True,
300827.SZ,300827,300827,上能电气,创业板,深市,创业板,801730.SI,电力设备,801735.SI,光伏设备,光伏设备,L,20200410,2364,6.47,24.48,-0.122,8.333,False,True,True,0,0,0,0,True,
300828.SZ,300828,300828,锐新科技,创业板,深市,创业板,801890.SI,机械设备,801072.SI,通用设备,通用设备,L,20200421,2353,6.44,17.26,-3.197,6.897,False,True,True,0,0,0,0,True,
300829.SZ,300829,300829,金丹科技,创业板,深市,创业板,801030.SI,基础化工,801034.SI,化学制品,化学制品,L,20200422,2352,6.44,21.96,-4.397,23.478,False,True,True,0,0,0,0,True,
300830.SZ,300830,300830,金现代,创业板,深市,创业板,801750.SI,计算机,801104.SI,软件开发,软件开发,L,20200506,2338,6.4,7.95,-1.365,15.854,False,True,True,0,0,0,0,True,
300832.SZ,300832,300832,新产业,创业板,深市,创业板,801150.SI,医药生物,801153.SI,医疗器械,医疗器械,L,20200512,2332,6.38,50.37,1.614,18.033,False,True,True,0,0,0,0,True,
300833.SZ,300833,300833,浩洋股份,创业板,深市,创业板,801890.SI,机械设备,801074.SI,专用设备,专用设备,L,20200520,2324,6.36,43.54,-1.27,23.75,False,True,True,0,0,0,0,True,
300834.SZ,300834,300834,星辉环材,创业板,深市,创业板,801030.SI,基础化工,801036.SI,塑料,塑料,L,20220113,1721,4.71,37.31,-1.764,21.717,False,True,True,0,0,0,0,True,
300835.SZ,300835,300835,龙磁科技,创业板,深市,创业板,801050.SI,有色金属,801051.SI,金属新材料,金属新材料,L,20200525,2319,6.35,187.21,-3.604,17.822,False,True,True,0,0,0,0,True,
300836.SZ,300836,300836,佰奥智能,创业板,深市,创业板,801890.SI,机械设备,801074.SI,专用设备,专用设备,L,20200528,2316,6.34,55.5,3.564,21.25,False,True,True,0,0,0,0,True,
300837.SZ,300837,300837,浙矿股份,创业板,深市,创业板,801890.SI,机械设备,801074.SI,专用设备,专用设备,L,20200605,2308,6.32,22.33,-1.326,7.895,False,True,True,0,0,0,0,True,
300838.SZ,300838,300838,浙江力诺,创业板,深市,创业板,801890.SI,机械设备,801072.SI,通用设备,通用设备,L,20200608,2305,6.31,14.52,-0.48,7.042,False,True,True,0,0,0,0,True,
300839.SZ,300839,300839,博汇股份,创业板,深市,创业板,801960.SI,石油石化,801963.SI,炼化及贸易,炼化及贸易,L,20200630,2283,6.25,12.45,-2.046,6.202,False,True,True,0,0,0,0,True,
300840.SZ,300840,300840,酷特智能,创业板,深市,创业板,801130.SI,纺织服饰,801132.SI,服装家纺,服装家纺,L,20200708,2275,6.23,18.03,-3.012,8.333,False,True,True,0,0,0,0,True,
300841.SZ,300841,300841,康华生物,创业板,深市,创业板,801150.SI,医药生物,801152.SI,生物制品,生物制品,L,20200616,2297,6.29,56.36,3.148,14.286,False,True,True,0,0,0,0,True,
300842.SZ,300842,300842,帝科股份,创业板,深市,创业板,801730.SI,电力设备,801735.SI,光伏设备,光伏设备,L,20200618,2295,6.28,59.1,-1.237,7.812,False,True,True,0,0,0,0,True,
300843.SZ,300843,300843,胜蓝股份,创业板,深市,创业板,801080.SI,电子,801085.SI,消费电子,消费电子,L,20200702,2281,6.25,119.81,0.545,16.049,False,True,True,0,0,0,0,True,
300844.SZ,300844,300844,山水比德,创业板,深市,创业板,801720.SI,建筑装饰,801726.SI,工程咨询服务Ⅱ,工程咨询服务Ⅱ,L,20210813,1874,5.13,24.53,-2.465,11.667,False,True,True,0,0,0,0,True,
300845.SZ,300845,300845,捷安高科,创业板,深市,创业板,801750.SI,计算机,801101.SI,计算机设备,计算机设备,L,20200703,2280,6.24,14.4,0.418,9.353,False,True,True,0,0,0,0,True,
300846.SZ,300846,300846,首都在线,创业板,深市,创业板,801750.SI,计算机,801103.SI,IT服务Ⅱ,IT服务Ⅱ,L,20200701,2282,6.25,18.14,-3.253,8.205,False,True,True,0,0,0,0,True,
300847.SZ,300847,300847,中船汉光,创业板,深市,创业板,801750.SI,计算机,801101.SI,计算机设备,计算机设备,L,20200709,2274,6.23,14.28,-1.177,7.639,False,True,True,0,0,0,0,True,
300848.SZ,300848,300848,美瑞新材,创业板,深市,创业板,801030.SI,基础化工,801034.SI,化学制品,化学制品,L,20200720,2263,6.2,10.92,-0.274,24.793,False,True,True,0,0,0,0,True,
300849.SZ,300849,300849,锦盛新材,创业板,深市,创业板,801980.SI,美容护理,801982.SI,化妆品,化妆品,L,20200710,2273,6.22,20.94,-1.69,11.009,False,True,True,0,0,0,0,True,
300850.SZ,300850,300850,新强联,创业板,深市,创业板,801730.SI,电力设备,801736.SI,风电设备,风电设备,L,20200713,2270,6.21,31.81,-0.594,9.524,False,True,True,0,0,0,0,True,
300851.SZ,300851,300851,交大思诺,创业板,深市,创业板,801890.SI,机械设备,801076.SI,轨交设备Ⅱ,轨交设备Ⅱ,L,20200717,2266,6.2,24.98,-0.755,8.333,False,True,True,0,0,0,1,True,
300852.SZ,300852,300852,四会富仕,创业板,深市,创业板,801080.SI,电子,801083.SI,元件,元件,L,20200713,2270,6.21,70.7,-6.593,13.966,False,True,True,0,0,0,0,True,
300853.SZ,300853,300853,申昊科技,创业板,深市,创业板,801730.SI,电力设备,801738.SI,电网设备,电网设备,L,20200724,2259,6.18,31.09,4.504,14.141,False,True,True,0,0,0,0,True,
300854.SZ,300854,300854,中兰环保,创业板,深市,创业板,801970.SI,环保,801971.SI,环境治理,环境治理,L,20210916,1840,5.04,14.96,-1.514,17.5,False,True,True,0,0,0,0,True,
300855.SZ,300855,300855,图南股份,创业板,深市,创业板,801050.SI,有色金属,801051.SI,金属新材料,金属新材料,L,20200723,2260,6.19,33.2,-1.571,12.791,False,True,True,0,0,0,0,True,
300856.SZ,300856,300856,科思股份,创业板,深市,创业板,801980.SI,美容护理,801982.SI,化妆品,化妆品,L,20200722,2261,6.19,10.4,0.678,20.0,False,True,True,0,0,0,0,True,
300857.SZ,300857,300857,协创数据,创业板,深市,创业板,801080.SI,电子,801085.SI,消费电子,消费电子,L,20200727,2256,6.18,251.16,1.936,8.642,False,True,True,0,0,0,0,True,
300858.SZ,300858,300858,科拓生物,创业板,深市,创业板,801030.SI,基础化工,801034.SI,化学制品,化学制品,L,20200727,2256,6.18,15.12,2.857,9.459,False,True,True,0,0,0,0,True,
300859.SZ,300859,300859,西域旅游,创业板,深市,创业板,801210.SI,社会服务,801993.SI,旅游及景区,旅游及景区,L,20200806,2246,6.15,22.5,-1.532,24.49,False,True,True,0,0,0,0,True,
300860.SZ,300860,300860,锋尚文化,创业板,深市,创业板,801210.SI,社会服务,801218.SI,专业服务,专业服务,L,20200824,2228,6.1,28.74,-0.931,15.753,False,True,True,0,0,0,0,True,
300861.SZ,300861,300861,美畅股份,创业板,深市,创业板,801890.SI,机械设备,801072.SI,通用设备,通用设备,L,20200824,2228,6.1,15.1,-0.723,9.375,False,True,True,0,0,0,0,True,
300863.SZ,300863,300863,卡倍亿,创业板,深市,创业板,801880.SI,汽车,801093.SI,汽车零部件,汽车零部件,L,20200824,2228,6.1,37.45,-1.083,13.333,False,True,True,0,0,0,0,True,
300864.SZ,300864,300864,南大环境,创业板,深市,创业板,801970.SI,环保,801971.SI,环境治理,环境治理,L,20200824,2228,6.1,24.65,-0.364,15.649,False,True,True,0,0,0,0,True,
300865.SZ,300865,300865,大宏立,创业板,深市,创业板,801890.SI,机械设备,801074.SI,专用设备,专用设备,L,20200824,2228,6.1,28.27,-3.052,14.286,False,True,True,0,0,0,0,True,
300866.SZ,300866,300866,安克创新,创业板,深市,创业板,801080.SI,电子,801085.SI,消费电子,消费电子,L,20200824,2228,6.1,124.63,0.646,14.545,False,True,True,0,0,0,0,True,
300867.SZ,300867,300867,圣元环保,创业板,深市,创业板,801970.SI,环保,801971.SI,环境治理,环境治理,L,20200824,2228,6.1,16.71,-0.772,6.857,False,True,True,0,0,0,0,True,
300868.SZ,300868,300868,杰美特,创业板,深市,创业板,801080.SI,电子,801085.SI,消费电子,消费电子,L,20200824,2228,6.1,72.71,-3.734,18.919,False,True,True,0,0,0,0,True,
300869.SZ,300869,300869,康泰医学,创业板,深市,创业板,801150.SI,医药生物,801153.SI,医疗器械,医疗器械,L,20200824,2228,6.1,11.35,0.088,8.85,False,True,True,0,0,0,0,True,
300870.SZ,300870,300870,欧陆通,创业板,深市,创业板,801730.SI,电力设备,801733.SI,其他电源设备Ⅱ,其他电源设备Ⅱ,L,20200824,2228,6.1,175.3,-3.363,14.286,False,True,True,0,0,0,0,True,
300871.SZ,300871,300871,回盛生物,创业板,深市,创业板,801010.SI,农林牧渔,801018.SI,动物保健Ⅱ,动物保健Ⅱ,L,20200824,2228,6.1,21.1,2.328,9.821,False,True,True,0,0,0,0,True,
300872.SZ,300872,300872,天阳科技,创业板,深市,创业板,801750.SI,计算机,801103.SI,IT服务Ⅱ,IT服务Ⅱ,L,20200824,2228,6.1,14.88,-1.652,7.742,False,True,True,0,0,0,0,True,
300873.SZ,300873,300873,海晨股份,创业板,深市,创业板,801170.SI,交通运输,801178.SI,物流,物流,L,20200824,2228,6.1,14.51,-0.616,14.103,False,True,True,0,0,0,0,True,
300875.SZ,300875,300875,捷强装备,创业板,深市,创业板,801740.SI,国防军工,801743.SI,地面兵装Ⅱ,地面兵装Ⅱ,L,20200824,2228,6.1,31.3,0.224,10.909,False,True,True,0,0,0,0,True,
300876.SZ,300876,300876,蒙泰高新,创业板,深市,创业板,801030.SI,基础化工,801032.SI,化学纤维,化学纤维,L,20200824,2228,6.1,16.07,2.947,11.688,False,True,True,0,0,0,0,True,
300877.SZ,300877,300877,金春股份,创业板,深市,创业板,801130.SI,纺织服饰,801131.SI,纺织制造,纺织制造,L,20200824,2228,6.1,26.83,0.6,9.091,False,True,True,0,0,0,0,True,
300878.SZ,300878,300878,维康药业,创业板,深市,创业板,801150.SI,医药生物,801155.SI,中药Ⅱ,中药Ⅱ,L,20200824,2228,6.1,30.16,0.6,12.346,False,True,True,0,0,0,0,True,
300879.SZ,300879,300879,大叶股份,创业板,深市,创业板,801890.SI,机械设备,801074.SI,专用设备,专用设备,L,20200901,2220,6.08,17.06,-1.501,13.793,False,True,True,0,0,0,0,True,
300880.SZ,300880,300880,迦南智能,创业板,深市,创业板,801730.SI,电力设备,801738.SI,电网设备,电网设备,L,20200901,2220,6.08,18.0,-1.262,12.0,False,True,True,0,0,0,0,True,
300881.SZ,300881,300881,盛德鑫泰,创业板,深市,创业板,801040.SI,钢铁,801045.SI,特钢Ⅱ,特钢Ⅱ,L,20200901,2220,6.08,29.61,-1.3,11.465,False,True,True,0,0,0,0,True,
300882.SZ,300882,300882,万胜智能,创业板,深市,创业板,801730.SI,电力设备,801738.SI,电网设备,电网设备,L,20200910,2211,6.05,13.16,-0.303,27.027,False,True,True,0,0,0,0,True,
300883.SZ,300883,300883,龙利得,创业板,深市,创业板,801140.SI,轻工制造,801141.SI,包装印刷,包装印刷,L,20200910,2211,6.05,6.36,-1.242,6.25,False,True,True,0,0,0,0,True,
300884.SZ,300884,300884,狄耐克,创业板,深市,创业板,801750.SI,计算机,801101.SI,计算机设备,计算机设备,L,20201112,2148,5.88,11.78,-1.34,10.656,False,True,True,0,0,0,0,True,
300885.SZ,300885,300885,海昌新材,创业板,深市,创业板,801890.SI,机械设备,801072.SI,通用设备,通用设备,L,20200910,2211,6.05,18.26,-1.616,12.371,False,True,True,0,0,0,0,True,
300886.SZ,300886,300886,华业香料,创业板,深市,创业板,801980.SI,美容护理,801982.SI,化妆品,化妆品,L,20200916,2205,6.04,23.72,-1.413,7.143,False,True,True,0,0,0,0,True,
300887.SZ,300887,300887,谱尼测试,创业板,深市,创业板,801210.SI,社会服务,801218.SI,专业服务,专业服务,L,20200916,2205,6.04,6.95,-0.287,8.451,False,True,True,0,0,0,0,True,
300888.SZ,300888,300888,稳健医疗,创业板,深市,创业板,801980.SI,美容护理,801981.SI,个护用品,个护用品,L,20200917,2204,6.03,29.25,1.281,25.0,False,True,True,0,0,0,0,True,
300889.SZ,300889,300889,爱克股份,创业板,深市,创业板,801080.SI,电子,801084.SI,光学光电子,光学光电子,L,20200916,2205,6.04,21.3,-2.114,13.158,False,True,True,0,0,0,0,True,
300890.SZ,300890,300890,翔丰华,创业板,深市,创业板,801730.SI,电力设备,801737.SI,电池,电池,L,20200917,2204,6.03,28.88,6.294,8.209,False,True,True,0,0,0,0,True,
300891.SZ,300891,300891,惠云钛业,创业板,深市,创业板,801030.SI,基础化工,801033.SI,化学原料,化学原料,L,20200917,2204,6.03,7.69,-0.13,16.216,False,True,True,0,0,0,0,True,
300892.SZ,300892,300892,品渥食品,创业板,深市,创业板,801120.SI,食品饮料,801127.SI,饮料乳品,饮料乳品,L,20200924,2197,6.02,22.6,0.579,9.649,False,True,True,0,0,0,0,True,
300893.SZ,300893,300893,松原安全,创业板,深市,创业板,801880.SI,汽车,801093.SI,汽车零部件,汽车零部件,L,20200924,2197,6.02,15.13,19.984,29.167,False,True,True,0,0,0,0,True,
300894.SZ,300894,300894,火星人,创业板,深市,创业板,801110.SI,家用电器,801114.SI,厨卫电器,厨卫电器,L,20201231,2099,5.75,10.01,0.603,15.385,False,True,True,0,0,0,0,True,
300895.SZ,300895,300895,铜牛信息,创业板,深市,创业板,801750.SI,计算机,801103.SI,IT服务Ⅱ,IT服务Ⅱ,L,20200924,2197,6.02,56.8,-2.856,9.396,False,True,True,0,0,0,0,True,
300896.SZ,300896,300896,爱美客,创业板,深市,创业板,801980.SI,美容护理,801983.SI,医疗美容,医疗美容,L,20200928,2193,6.0,95.0,3.34,15.0,False,True,True,0,0,0,0,True,
300897.SZ,300897,300897,山科智能,创业板,深市,创业板,801890.SI,机械设备,801072.SI,通用设备,通用设备,L,20200928,2193,6.0,16.45,-1.497,9.259,False,True,True,0,0,0,0,True,
300898.SZ,300898,300898,熊猫乳品,创业板,深市,创业板,801120.SI,食品饮料,801127.SI,饮料乳品,饮料乳品,L,20201016,2175,5.95,20.57,2.237,7.767,False,True,True,0,0,0,0,True,
300899.SZ,300899,300899,上海凯鑫,创业板,深市,创业板,801970.SI,环保,801971.SI,环境治理,环境治理,L,20201016,2175,5.95,30.31,-1.077,11.111,False,True,True,0,0,0,0,True,
300900.SZ,300900,300900,广联航空,创业板,深市,创业板,801740.SI,国防军工,801742.SI,航空装备Ⅱ,航空装备Ⅱ,L,20201029,2162,5.92,21.48,-2.805,8.621,False,True,True,0,0,0,0,True,
300901.SZ,300901,300901,中胤时尚,创业板,深市,创业板,801130.SI,纺织服饰,801132.SI,服装家纺,服装家纺,L,20201029,2162,5.92,16.59,-1.073,21.739,False,True,True,0,0,0,0,True,
300902.SZ,300902,300902,国安达,创业板,深市,创业板,801890.SI,机械设备,801074.SI,专用设备,专用设备,L,20201029,2162,5.92,17.93,-1.321,13.636,False,True,True,0,0,0,0,True,
300903.SZ,300903,300903,科翔股份,创业板,深市,创业板,801080.SI,电子,801083.SI,元件,元件,L,20201105,2155,5.9,92.29,-4.363,20.0,False,True,True,0,0,0,0,True,
300904.SZ,300904,300904,威力传动,创业板,深市,创业板,801730.SI,电力设备,801736.SI,风电设备,风电设备,L,20230809,1148,3.14,50.84,8.309,18.056,False,True,True,0,0,0,0,True,
300905.SZ,300905,300905,宝丽迪,创业板,深市,创业板,801030.SI,基础化工,801032.SI,化学纤维,化学纤维,L,20201105,2155,5.9,41.49,9.041,8.974,False,True,True,0,0,0,0,True,
300906.SZ,300906,300906,日月明,创业板,深市,创业板,801890.SI,机械设备,801072.SI,通用设备,通用设备,L,20201105,2155,5.9,27.96,-2.135,17.808,False,True,True,0,0,0,0,True,
300907.SZ,300907,300907,康平科技,创业板,深市,创业板,801730.SI,电力设备,801731.SI,电机Ⅱ,电机Ⅱ,L,20201118,2142,5.86,52.28,1.515,12.03,False,True,True,0,0,0,0,True,
300908.SZ,300908,300908,仲景食品,创业板,深市,创业板,801120.SI,食品饮料,801129.SI,调味发酵品Ⅱ,调味发酵品Ⅱ,L,20201123,2137,5.85,17.23,2.074,8.772,False,True,True,0,0,0,0,True,
300909.SZ,300909,300909,汇创达,创业板,深市,创业板,801080.SI,电子,801084.SI,光学光电子,光学光电子,L,20201118,2142,5.86,60.97,-8.219,16.129,False,True,True,0,0,0,0,True,
300910.SZ,300910,300910,瑞丰新材,创业板,深市,创业板,801030.SI,基础化工,801034.SI,化学制品,化学制品,L,20201127,2133,5.84,28.02,-0.249,8.511,False,True,True,0,0,0,0,True,
300911.SZ,300911,300911,亿田智能,创业板,深市,创业板,801110.SI,家用电器,801114.SI,厨卫电器,厨卫电器,L,20201203,2127,5.82,32.01,-2.409,19.512,False,True,True,0,0,0,0,True,
300912.SZ,300912,300912,凯龙高科,创业板,深市,创业板,801880.SI,汽车,801093.SI,汽车零部件,汽车零部件,L,20201207,2123,5.81,19.09,-2.203,8.163,False,True,True,0,0,0,0,True,
300913.SZ,300913,300913,兆龙互连,创业板,深市,创业板,801770.SI,通信,801102.SI,通信设备,通信设备,L,20201207,2123,5.81,35.77,-1.324,17.925,False,True,True,0,0,0,0,True,
300915.SZ,300915,300915,海融科技,创业板,深市,创业板,801120.SI,食品饮料,801127.SI,饮料乳品,饮料乳品,L,20201202,2128,5.83,23.18,-0.855,18.269,False,True,True,0,0,0,0,True,
300916.SZ,300916,300916,朗特智能,创业板,深市,创业板,801080.SI,电子,801085.SI,消费电子,消费电子,L,20201202,2128,5.83,26.81,-1.759,12.308,False,True,True,0,0,0,0,True,
300917.SZ,300917,300917,特发服务,创业板,深市,创业板,801180.SI,房地产,801183.SI,房地产服务,房地产服务,L,20201221,2109,5.77,34.55,-4.505,12.727,False,True,True,0,0,0,0,True,
300918.SZ,300918,300918,南山智尚,创业板,深市,创业板,801130.SI,纺织服饰,801131.SI,纺织制造,纺织制造,L,20201222,2108,5.77,10.61,-0.376,15.094,False,True,True,0,0,0,0,True,
300919.SZ,300919,300919,中伟新材,创业板,深市,创业板,801730.SI,电力设备,801737.SI,电池,电池,L,20201223,2107,5.77,37.24,0.054,24.242,False,True,True,0,0,0,0,True,
300920.SZ,300920,300920,润阳科技,创业板,深市,创业板,801030.SI,基础化工,801036.SI,塑料,塑料,L,20201225,2105,5.76,30.94,0.357,11.765,False,True,True,0,0,0,0,True,
300921.SZ,300921,300921,南凌科技,创业板,深市,创业板,801770.SI,通信,801223.SI,通信服务,通信服务,L,20201222,2108,5.77,15.86,-3.175,5.625,False,True,True,0,0,0,0,True,
300922.SZ,300922,300922,天秦装备,创业板,深市,创业板,801740.SI,国防军工,801743.SI,地面兵装Ⅱ,地面兵装Ⅱ,L,20201225,2105,5.76,16.92,-0.821,12.222,False,True,True,0,0,0,0,True,
300923.SZ,300923,300923,研奥股份,创业板,深市,创业板,801890.SI,机械设备,801076.SI,轨交设备Ⅱ,轨交设备Ⅱ,L,20201224,2106,5.77,23.92,-0.209,12.605,False,True,True,0,0,0,0,True,
300925.SZ,300925,300925,法本信息,创业板,深市,创业板,801750.SI,计算机,801104.SI,软件开发,软件开发,L,20201230,2100,5.75,13.69,-0.941,9.722,False,True,True,0,0,0,0,True,
300926.SZ,300926,300926,博俊科技,创业板,深市,创业板,801880.SI,汽车,801093.SI,汽车零部件,汽车零部件,L,20210107,2092,5.73,16.39,3.603,20.225,False,True,True,0,0,0,0,True,
300927.SZ,300927,300927,江天化学,创业板,深市,创业板,801030.SI,基础化工,801033.SI,化学原料,化学原料,L,20210107,2092,5.73,27.57,4.156,9.489,False,True,True,0,0,0,0,True,
300928.SZ,300928,300928,华安鑫创,创业板,深市,创业板,801880.SI,汽车,801093.SI,汽车零部件,汽车零部件,L,20210106,2093,5.73,24.27,-1.621,9.677,False,True,True,0,0,0,0,True,
300929.SZ,300929,300929,华骐环保,创业板,深市,创业板,801970.SI,环保,801971.SI,环境治理,环境治理,L,20210120,2079,5.69,16.02,1.264,11.25,False,True,True,0,0,0,0,True,
300930.SZ,300930,300930,屹通新材,创业板,深市,创业板,801050.SI,有色金属,801051.SI,金属新材料,金属新材料,L,20210121,2078,5.69,25.48,-1.508,7.874,False,True,True,0,0,0,0,True,
300931.SZ,300931,300931,通用电梯,创业板,深市,创业板,801890.SI,机械设备,801074.SI,专用设备,专用设备,L,20210121,2078,5.69,17.82,4.639,8.621,False,True,True,0,0,0,0,True,
300932.SZ,300932,300932,三友联众,创业板,深市,创业板,801730.SI,电力设备,801738.SI,电网设备,电网设备,L,20210122,2077,5.69,10.89,-1.18,6.422,False,True,True,0,0,0,0,True,
300933.SZ,300933,300933,中辰股份,创业板,深市,创业板,801730.SI,电力设备,801738.SI,电网设备,电网设备,L,20210122,2077,5.69,6.56,1.391,7.576,False,True,True,0,0,0,0,True,
300935.SZ,300935,300935,盈建科,创业板,深市,创业板,801750.SI,计算机,801104.SI,软件开发,软件开发,L,20210120,2079,5.69,27.18,-1.379,14.286,False,True,True,0,0,0,0,True,
300936.SZ,300936,300936,中英科技,创业板,深市,创业板,801080.SI,电子,801083.SI,元件,元件,L,20210126,2073,5.68,68.66,-6.471,13.534,False,True,True,0,0,0,0,True,
300937.SZ,300937,300937,药易购,创业板,深市,创业板,801150.SI,医药生物,801154.SI,医药商业,医药商业,L,20210127,2072,5.67,24.05,-0.166,6.073,False,True,True,0,0,0,0,True,
300938.SZ,300938,300938,信测标准,创业板,深市,创业板,801210.SI,社会服务,801218.SI,专业服务,专业服务,L,20210127,2072,5.67,29.74,-3.847,13.725,False,True,True,0,0,0,0,True,
300939.SZ,300939,300939,秋田微,创业板,深市,创业板,801080.SI,电子,801084.SI,光学光电子,光学光电子,L,20210128,2071,5.67,99.43,-0.56,15.385,False,True,True,0,0,0,0,True,
300940.SZ,300940,300940,南极光,创业板,深市,创业板,801080.SI,电子,801084.SI,光学光电子,光学光电子,L,20210203,2065,5.65,13.36,-1.837,7.353,False,True,True,0,0,0,0,True,
300941.SZ,300941,300941,创识科技,创业板,深市,创业板,801750.SI,计算机,801101.SI,计算机设备,计算机设备,L,20210209,2059,5.64,14.99,-0.991,7.895,False,True,True,0,0,0,0,True,
300942.SZ,300942,300942,易瑞生物,创业板,深市,创业板,801150.SI,医药生物,801153.SI,医疗器械,医疗器械,L,20210209,2059,5.64,6.65,1.064,10.606,False,True,True,0,0,0,0,True,
300943.SZ,300943,300943,春晖智控,创业板,深市,创业板,801890.SI,机械设备,801072.SI,通用设备,通用设备,L,20210210,2058,5.63,31.78,-2.004,10.0,False,True,True,0,0,0,0,True,
300945.SZ,300945,300945,曼卡龙,创业板,深市,创业板,801130.SI,纺织服饰,801133.SI,饰品,饰品,L,20210210,2058,5.63,11.19,-0.533,12.5,False,True,True,0,0,0,0,True,
300946.SZ,300946,300946,恒而达,创业板,深市,创业板,801890.SI,机械设备,801072.SI,通用设备,通用设备,L,20210208,2060,5.64,36.21,-0.794,11.828,False,True,True,0,0,0,0,True,
300947.SZ,300947,300947,德必集团,创业板,深市,创业板,801200.SI,商贸零售,801203.SI,一般零售,一般零售,L,20210210,2058,5.63,15.95,0.0,11.842,False,True,True,0,0,0,0,True,
300948.SZ,300948,300948,冠中生态,创业板,深市,创业板,801720.SI,建筑装饰,801723.SI,基础建设,基础建设,L,20210225,2043,5.59,17.77,-0.504,17.172,False,True,True,0,0,0,0,True,
300949.SZ,300949,300949,奥雅股份,创业板,深市,创业板,801720.SI,建筑装饰,801723.SI,基础建设,基础建设,L,20210226,2042,5.59,23.9,-1.848,11.207,False,True,True,0,0,0,0,True,
300950.SZ,300950,300950,德固特,创业板,深市,创业板,801890.SI,机械设备,801074.SI,专用设备,专用设备,L,20210303,2037,5.58,19.86,-1.926,16.327,False,True,True,0,0,0,0,True,
300951.SZ,300951,300951,博硕科技,创业板,深市,创业板,801080.SI,电子,801085.SI,消费电子,消费电子,L,20210226,2042,5.59,81.89,4.067,16.667,False,True,True,0,0,0,0,True,
300952.SZ,300952,300952,恒辉安防,创业板,深市,创业板,801130.SI,纺织服饰,801132.SI,服装家纺,服装家纺,L,20210311,2029,5.56,16.49,-0.543,10.909,False,True,True,0,0,0,0,True,
300953.SZ,300953,300953,震裕科技,创业板,深市,创业板,801730.SI,电力设备,801737.SI,电池,电池,L,20210318,2022,5.54,92.15,-0.914,10.256,False,True,True,0,0,0,0,True,
300956.SZ,300956,300956,英力股份,创业板,深市,创业板,801080.SI,电子,801085.SI,消费电子,消费电子,L,20210326,2014,5.51,11.18,-1.237,8.929,False,True,True,0,0,0,0,True,
300957.SZ,300957,300957,贝泰妮,创业板,深市,创业板,801980.SI,美容护理,801982.SI,化妆品,化妆品,L,20210325,2015,5.52,32.7,1.207,7.692,False,True,True,0,0,0,0,True,
300958.SZ,300958,300958,建工修复,创业板,深市,创业板,801970.SI,环保,801971.SI,环境治理,环境治理,L,20210329,2011,5.51,12.42,-1.429,8.13,False,True,True,0,0,0,0,True,
300959.SZ,300959,300959,线上线下,创业板,深市,创业板,801770.SI,通信,801223.SI,通信服务,通信服务,L,20210322,2018,5.52,85.62,-4.962,10.345,False,True,True,0,0,0,0,True,
300960.SZ,300960,300960,通业科技,创业板,深市,创业板,801890.SI,机械设备,801076.SI,轨交设备Ⅱ,轨交设备Ⅱ,L,20210329,2011,5.51,19.35,0.0,20.69,False,True,True,0,0,0,0,True,
300961.SZ,300961,300961,深水海纳,创业板,深市,创业板,801970.SI,环保,801971.SI,环境治理,环境治理,L,20210330,2010,5.5,12.11,-0.165,10.744,False,True,True,0,0,0,0,True,
300962.SZ,300962,300962,中金辐照,创业板,深市,创业板,801210.SI,社会服务,801218.SI,专业服务,专业服务,L,20210409,2000,5.48,12.91,-0.077,11.364,False,True,True,0,0,0,0,True,
300963.SZ,300963,300963,中洲特材,创业板,深市,创业板,801050.SI,有色金属,801051.SI,金属新材料,金属新材料,L,20210409,2000,5.48,10.59,-1.213,10.345,False,True,True,0,0,0,0,True,
300964.SZ,300964,300964,本川智能,创业板,深市,创业板,801080.SI,电子,801083.SI,元件,元件,L,20210805,1882,5.15,68.98,-7.173,11.957,False,True,True,0,0,0,0,True,
300965.SZ,300965,300965,恒宇信通,创业板,深市,创业板,801740.SI,国防军工,801742.SI,航空装备Ⅱ,航空装备Ⅱ,L,20210402,2007,5.49,42.33,-0.259,14.894,False,True,True,0,0,0,0,True,
300966.SZ,300966,300966,共同药业,创业板,深市,创业板,801150.SI,医药生物,801151.SI,化学制药,化学制药,L,20210409,2000,5.48,25.7,2.718,11.647,False,True,True,0,0,0,0,True,
300967.SZ,300967,300967,晓鸣股份,创业板,深市,创业板,801010.SI,农林牧渔,801017.SI,养殖业,养殖业,L,20210413,1996,5.46,15.8,-0.878,12.5,False,True,True,0,0,0,0,True,
300968.SZ,300968,300968,格林精密,创业板,深市,创业板,801080.SI,电子,801085.SI,消费电子,消费电子,L,20210415,1994,5.46,9.64,-0.104,13.462,False,True,True,0,0,0,0,True,
300969.SZ,300969,300969,恒帅股份,创业板,深市,创业板,801880.SI,汽车,801093.SI,汽车零部件,汽车零部件,L,20210412,1997,5.47,75.65,1.028,10.435,False,True,True,0,0,0,0,True,
300970.SZ,300970,300970,华绿生物,创业板,深市,创业板,801010.SI,农林牧渔,801016.SI,种植业,种植业,L,20210412,1997,5.47,17.45,2.95,10.857,False,True,True,0,0,0,0,True,
300971.SZ,300971,300971,博亚精工,创业板,深市,创业板,801890.SI,机械设备,801074.SI,专用设备,专用设备,L,20210415,1994,5.46,17.56,-1.348,8.475,False,True,True,0,0,0,0,True,
300972.SZ,300972,300972,万辰集团,创业板,深市,创业板,801200.SI,商贸零售,801203.SI,一般零售,一般零售,L,20210419,1990,5.45,152.27,1.176,21.176,False,True,True,0,0,0,0,True,
300973.SZ,300973,300973,立高食品,创业板,深市,创业板,801120.SI,食品饮料,801128.SI,休闲食品,休闲食品,L,20210415,1994,5.46,25.8,1.415,11.765,False,True,True,0,0,0,0,True,
300975.SZ,300975,300975,商络电子,创业板,深市,创业板,801080.SI,电子,801083.SI,元件,元件,L,20210421,1988,5.44,23.09,-4.231,11.364,False,True,True,0,0,0,0,True,
300976.SZ,300976,300976,达瑞电子,创业板,深市,创业板,801080.SI,电子,801085.SI,消费电子,消费电子,L,20210419,1990,5.45,56.02,-4.026,12.0,False,True,True,0,0,0,0,True,
300977.SZ,300977,300977,深圳瑞捷,创业板,深市,创业板,801720.SI,建筑装饰,801726.SI,工程咨询服务Ⅱ,工程咨询服务Ⅱ,L,20210420,1989,5.45,19.05,-4.463,13.83,False,True,True,0,0,0,0,True,
300978.SZ,300978,300978,东箭科技,创业板,深市,创业板,801880.SI,汽车,801093.SI,汽车零部件,汽车零部件,L,20210426,1983,5.43,8.75,-1.13,9.195,False,True,True,0,0,0,0,True,
300979.SZ,300979,300979,华利集团,创业板,深市,创业板,801130.SI,纺织服饰,801131.SI,纺织制造,纺织制造,L,20210426,1983,5.43,33.43,-1.241,44.444,False,True,True,0,0,0,0,True,
300980.SZ,300980,300980,祥源新材,创业板,深市,创业板,801030.SI,基础化工,801036.SI,塑料,塑料,L,20210421,1988,5.44,15.98,-2.975,7.273,False,True,True,0,0,0,0,True,
300981.SZ,300981,300981,中红医疗,创业板,深市,创业板,801150.SI,医药生物,801153.SI,医疗器械,医疗器械,L,20210427,1982,5.43,20.3,13.408,20.0,False,True,True,0,0,0,0,True,
300982.SZ,300982,300982,苏文电能,创业板,深市,创业板,801720.SI,建筑装饰,801723.SI,基础建设,基础建设,L,20210427,1982,5.43,14.33,-0.348,16.216,False,True,True,0,0,0,0,True,
300983.SZ,300983,300983,尤安设计,创业板,深市,创业板,801720.SI,建筑装饰,801726.SI,工程咨询服务Ⅱ,工程咨询服务Ⅱ,L,20210420,1989,5.45,37.04,-2.346,17.989,False,True,True,0,0,0,0,True,
300984.SZ,300984,300984,金沃股份,创业板,深市,创业板,801890.SI,机械设备,801072.SI,通用设备,通用设备,L,20210618,1930,5.28,32.63,-0.821,12.821,False,True,True,0,0,0,0,True,
300985.SZ,300985,300985,致远新能,创业板,深市,创业板,801890.SI,机械设备,801072.SI,通用设备,通用设备,L,20210429,1980,5.42,34.91,0.345,15.789,False,True,True,0,0,0,0,True,
300986.SZ,300986,300986,志特新材,创业板,深市,创业板,801720.SI,建筑装饰,801724.SI,专业工程,专业工程,L,20210430,1979,5.42,11.27,1.076,10.345,False,True,True,0,0,0,0,True,
300987.SZ,300987,300987,川网传媒,创业板,深市,创业板,801760.SI,传媒,801767.SI,数字媒体,数字媒体,L,20210511,1968,5.39,14.29,-2.056,6.849,False,True,True,0,0,0,0,True,
300988.SZ,300988,300988,津荣天宇,创业板,深市,创业板,801890.SI,机械设备,801074.SI,专用设备,专用设备,L,20210512,1967,5.39,16.28,-1.631,11.538,False,True,True,0,0,0,0,True,
300989.SZ,300989,300989,蕾奥规划,创业板,深市,创业板,801720.SI,建筑装饰,801726.SI,工程咨询服务Ⅱ,工程咨询服务Ⅱ,L,20210507,1972,5.4,14.65,-1.347,12.925,False,True,True,0,0,0,0,True,
300990.SZ,300990,300990,同飞股份,创业板,深市,创业板,801890.SI,机械设备,801072.SI,通用设备,通用设备,L,20210512,1967,5.39,97.02,-1.413,13.6,False,True,True,0,0,0,0,True,
300991.SZ,300991,300991,创益通,创业板,深市,创业板,801080.SI,电子,801082.SI,其他电子Ⅱ,其他电子Ⅱ,L,20210520,1959,5.36,26.08,-3.906,17.105,False,True,True,0,0,0,0,True,
300992.SZ,300992,300992,泰福泵业,创业板,深市,创业板,801890.SI,机械设备,801072.SI,通用设备,通用设备,L,20210525,1954,5.35,26.86,-2.998,15.278,False,True,True,0,0,0,0,True,
300993.SZ,300993,300993,玉马科技,创业板,深市,创业板,801140.SI,轻工制造,801142.SI,家居用品,家居用品,L,20210524,1955,5.35,9.76,-0.611,13.0,False,True,True,0,0,0,0,True,
300994.SZ,300994,300994,久祺股份,创业板,深市,创业板,801880.SI,汽车,801881.SI,摩托车及其他,摩托车及其他,L,20210812,1875,5.13,11.42,-1.125,8.929,False,True,True,0,0,0,0,True,
300995.SZ,300995,300995,奇德新材,创业板,深市,创业板,801030.SI,基础化工,801036.SI,塑料,塑料,L,20210526,1953,5.35,25.95,-2.002,7.692,False,True,True,0,0,0,0,True,
300997.SZ,300997,300997,欢乐家,创业板,深市,创业板,801120.SI,食品饮料,801127.SI,饮料乳品,饮料乳品,L,20210602,1946,5.33,15.25,2.212,18.182,False,True,True,0,0,0,0,True,
300998.SZ,300998,300998,宁波方正,创业板,深市,创业板,801880.SI,汽车,801093.SI,汽车零部件,汽车零部件,L,20210602,1946,5.33,29.67,1.332,13.158,False,True,True,0,0,0,0,True,
300999.SZ,300999,300999,金龙鱼,创业板,深市,创业板,801010.SI,农林牧渔,801012.SI,农产品加工,农产品加工,L,20201015,2176,5.96,24.1,0.542,14.286,False,True,True,0,0,0,0,True,
301000.SZ,301000,301000,肇民科技,创业板,深市,创业板,801880.SI,汽车,801093.SI,汽车零部件,汽车零部件,L,20210528,1951,5.34,23.49,-0.128,18.367,False,True,True,0,0,0,0,True,
301001.SZ,301001,301001,凯淳股份,创业板,深市,创业板,801200.SI,商贸零售,801206.SI,互联网电商,互联网电商,L,20210528,1951,5.34,25.27,-2.016,8.8,False,True,True,0,0,0,0,True,
301002.SZ,301002,301002,崧盛股份,创业板,深市,创业板,801730.SI,电力设备,801738.SI,电网设备,电网设备,L,20210607,1941,5.31,28.17,0.356,7.143,False,True,True,0,0,0,0,True,
301003.SZ,301003,301003,江苏博云,创业板,深市,创业板,801030.SI,基础化工,801036.SI,塑料,塑料,L,20210601,1947,5.33,57.14,-0.21,13.542,False,True,True,0,0,0,0,True,
301004.SZ,301004,301004,嘉益股份,创业板,深市,创业板,801140.SI,轻工制造,801142.SI,家居用品,家居用品,L,20210625,1923,5.26,35.14,-3.7,60.0,False,True,True,0,0,0,0,True,
301005.SZ,301005,301005,超捷股份,创业板,深市,创业板,801880.SI,汽车,801093.SI,汽车零部件,汽车零部件,L,20210601,1947,5.33,56.75,-1.081,20.0,False,True,True,0,0,0,0,True,
301006.SZ,301006,301006,迈拓股份,创业板,深市,创业板,801890.SI,机械设备,801072.SI,通用设备,通用设备,L,20210607,1941,5.31,13.87,-1.631,11.111,False,True,True,0,0,0,0,True,
301007.SZ,301007,301007,德迈仕,创业板,深市,创业板,801880.SI,汽车,801093.SI,汽车零部件,汽车零部件,L,20210616,1932,5.29,31.52,-0.568,12.987,False,True,True,0,0,0,0,True,
301008.SZ,301008,301008,宏昌科技,创业板,深市,创业板,801110.SI,家用电器,801116.SI,家电零部件Ⅱ,家电零部件Ⅱ,L,20210611,1937,5.3,51.63,-5.266,11.679,False,True,True,0,0,0,0,True,
301009.SZ,301009,301009,可靠股份,创业板,深市,创业板,801980.SI,美容护理,801981.SI,个护用品,个护用品,L,20210617,1931,5.29,9.25,-0.644,7.778,False,True,True,0,0,0,0,True,
301010.SZ,301010,301010,晶雪节能,创业板,深市,创业板,801710.SI,建筑材料,801713.SI,装修建材,装修建材,L,20210618,1930,5.28,19.92,1.117,16.304,False,True,True,0,0,0,0,True,
301011.SZ,301011,301011,华立科技,创业板,深市,创业板,801140.SI,轻工制造,801145.SI,文娱用品,文娱用品,L,20210617,1931,5.29,15.4,-1.66,11.765,False,True,True,0,0,0,0,True,
301012.SZ,301012,301012,扬电科技,创业板,深市,创业板,801730.SI,电力设备,801738.SI,电网设备,电网设备,L,20210622,1926,5.27,21.86,-1.041,14.103,False,True,True,0,0,0,0,True,
301013.SZ,301013,301013,利和兴,创业板,深市,创业板,801890.SI,机械设备,801074.SI,专用设备,专用设备,L,20210629,1919,5.25,32.9,-3.235,18.023,False,True,True,0,0,0,0,True,
301015.SZ,301015,301015,百洋医药,创业板,深市,创业板,801150.SI,医药生物,801154.SI,医药商业,医药商业,L,20210630,1918,5.25,25.68,2.556,14.815,False,True,True,0,0,0,0,True,
301016.SZ,301016,301016,雷尔伟,创业板,深市,创业板,801890.SI,机械设备,801076.SI,轨交设备Ⅱ,轨交设备Ⅱ,L,20210630,1918,5.25,14.99,-1.834,25.342,False,True,True,0,0,0,0,True,
301017.SZ,301017,301017,漱玉平民,创业板,深市,创业板,801150.SI,医药生物,801154.SI,医药商业,医药商业,L,20210705,1913,5.24,14.84,5.698,13.433,False,True,True,0,0,0,0,True,
301018.SZ,301018,301018,申菱环境,创业板,深市,创业板,801890.SI,机械设备,801072.SI,通用设备,通用设备,L,20210707,1911,5.23,88.31,-3.486,12.5,False,True,True,0,0,0,0,True,
301019.SZ,301019,301019,宁波色母,创业板,深市,创业板,801030.SI,基础化工,801036.SI,塑料,塑料,L,20210628,1920,5.26,15.9,0.0,10.39,False,True,True,0,0,0,0,True,
301020.SZ,301020,301020,密封科技,创业板,深市,创业板,801880.SI,汽车,801093.SI,汽车零部件,汽车零部件,L,20210706,1912,5.23,22.08,-0.406,15.278,False,True,True,0,0,0,0,True,
301021.SZ,301021,301021,英诺激光,创业板,深市,创业板,801890.SI,机械设备,801078.SI,自动化设备,自动化设备,L,20210706,1912,5.23,76.38,-4.87,16.667,False,True,True,0,0,0,0,True,
301022.SZ,301022,301022,海泰科,创业板,深市,创业板,801880.SI,汽车,801093.SI,汽车零部件,汽车零部件,L,20210702,1916,5.25,22.31,-1.152,9.333,False,True,True,0,0,0,0,True,
301023.SZ,301023,301023,奕帆传动,创业板,深市,创业板,801730.SI,电力设备,801731.SI,电机Ⅱ,电机Ⅱ,L,20210707,1911,5.23,28.81,-4.063,7.368,False,True,True,0,0,0,0,True,
301024.SZ,301024,301024,霍普股份,创业板,深市,创业板,801720.SI,建筑装饰,801726.SI,工程咨询服务Ⅱ,工程咨询服务Ⅱ,L,20210728,1890,5.17,33.57,-0.915,11.009,False,True,True,0,0,0,0,True,
301025.SZ,301025,301025,读客文化,创业板,深市,创业板,801760.SI,传媒,801769.SI,出版,出版,L,20210719,1899,5.2,9.97,-1.287,6.0,False,True,True,0,0,0,0,True,
301026.SZ,301026,301026,浩通科技,创业板,深市,创业板,801050.SI,有色金属,801054.SI,小金属,小金属,L,20210716,1902,5.21,18.6,-0.054,11.881,False,True,True,0,0,0,0,True,
301027.SZ,301027,301027,华蓝集团,创业板,深市,创业板,801720.SI,建筑装饰,801726.SI,工程咨询服务Ⅱ,工程咨询服务Ⅱ,L,20210715,1903,5.21,18.87,2.443,10.345,False,True,True,0,0,0,0,True,
301028.SZ,301028,301028,鼎熔岩,创业板,深市,创业板,801890.SI,机械设备,801072.SI,通用设备,通用设备,L,20210720,1898,5.2,13.04,-0.912,9.091,False,True,True,0,0,0,0,True,
301029.SZ,301029,301029,怡合达,创业板,深市,创业板,801890.SI,机械设备,801078.SI,自动化设备,自动化设备,L,20210723,1895,5.19,24.11,-0.577,11.905,False,True,True,0,0,0,0,True,
301031.SZ,301031,301031,中熔电气,创业板,深市,创业板,801080.SI,电子,801082.SI,其他电子Ⅱ,其他电子Ⅱ,L,20210715,1903,5.21,92.64,-2.832,11.94,False,True,True,0,0,0,0,True,
301032.SZ,301032,301032,新柴股份,创业板,深市,创业板,801890.SI,机械设备,801072.SI,通用设备,通用设备,L,20210722,1896,5.19,10.25,-1.82,7.921,False,True,True,0,0,0,0,True,
301033.SZ,301033,301033,迈普医学,创业板,深市,创业板,801150.SI,医药生物,801153.SI,医疗器械,医疗器械,L,20210726,1892,5.18,53.66,0.506,10.256,False,True,True,0,0,0,0,True,
301035.SZ,301035,301035,润丰股份,创业板,深市,创业板,801030.SI,基础化工,801038.SI,农化制品,农化制品,L,20210728,1890,5.17,49.5,1.268,23.596,False,True,True,0,0,0,0,True,
301036.SZ,301036,301036,双乐股份,创业板,深市,创业板,801030.SI,基础化工,801034.SI,化学制品,化学制品,L,20210729,1889,5.17,22.4,-1.104,12.727,False,True,True,0,0,0,0,True,
301037.SZ,301037,301037,保立佳,创业板,深市,创业板,801030.SI,基础化工,801034.SI,化学制品,化学制品,L,20210730,1888,5.17,13.34,-0.075,9.231,False,True,True,0,0,0,0,True,
301038.SZ,301038,301038,深水规院,创业板,深市,创业板,801720.SI,建筑装饰,801726.SI,工程咨询服务Ⅱ,工程咨询服务Ⅱ,L,20210804,1883,5.16,17.13,-1.608,12.5,False,True,True,0,0,0,0,True,
301039.SZ,301039,301039,中集车辆,创业板,深市,创业板,801880.SI,汽车,801096.SI,商用车,商用车,L,20210708,1910,5.23,7.22,0.979,14.103,False,True,True,0,0,0,0,True,
301040.SZ,301040,301040,中环海陆,创业板,深市,创业板,801730.SI,电力设备,801736.SI,风电设备,风电设备,L,20210803,1884,5.16,25.93,-1.407,11.236,False,True,True,0,0,0,0,True,
301041.SZ,301041,301041,金百泽,创业板,深市,创业板,801080.SI,电子,801083.SI,元件,元件,L,20210811,1876,5.14,37.2,-5.799,8.421,False,True,True,0,0,0,0,True,
301042.SZ,301042,301042,安联锐视,创业板,深市,创业板,801750.SI,计算机,801101.SI,计算机设备,计算机设备,L,20210805,1882,5.15,29.18,-1.452,12.903,False,True,True,0,0,0,0,True,
301043.SZ,301043,301043,绿岛风,创业板,深市,创业板,801890.SI,机械设备,801072.SI,通用设备,通用设备,L,20210811,1876,5.14,47.37,-2.249,17.143,False,True,True,0,0,0,0,True,
301045.SZ,301045,301045,天禄科技,创业板,深市,创业板,801080.SI,电子,801084.SI,光学光电子,光学光电子,L,20210813,1874,5.13,65.09,-0.898,13.158,False,True,True,0,0,0,0,True,
301046.SZ,301046,301046,能辉科技,创业板,深市,创业板,801720.SI,建筑装饰,801724.SI,专业工程,专业工程,L,20210817,1870,5.12,33.14,-0.868,16.923,False,True,True,0,0,0,0,True,
301047.SZ,301047,301047,义翘神州,创业板,深市,创业板,801150.SI,医药生物,801152.SI,生物制品,生物制品,L,20210816,1871,5.12,159.0,10.987,27.778,False,True,True,0,0,0,0,True,
301048.SZ,301048,301048,金鹰重工,创业板,深市,创业板,801890.SI,机械设备,801076.SI,轨交设备Ⅱ,轨交设备Ⅱ,L,20210818,1869,5.12,9.06,0.0,21.978,False,True,True,0,0,0,0,True,
301049.SZ,301049,301049,超越科技,创业板,深市,创业板,801970.SI,环保,801971.SI,环境治理,环境治理,L,20210824,1863,5.1,20.88,-0.855,6.931,False,True,True,0,0,0,0,True,
301050.SZ,301050,301050,雷电微力,创业板,深市,创业板,801740.SI,国防军工,801745.SI,军工电子Ⅱ,军工电子Ⅱ,L,20210824,1863,5.1,26.64,-1.04,18.75,False,True,True,0,0,0,0,True,
301051.SZ,301051,301051,信濠光电,创业板,深市,创业板,801080.SI,电子,801085.SI,消费电子,消费电子,L,20210827,1860,5.09,17.75,-0.449,10.0,False,True,True,0,0,0,0,True,
301052.SZ,301052,301052,果麦文化,创业板,深市,创业板,801760.SI,传媒,801769.SI,出版,出版,L,20210830,1857,5.08,24.34,-1.097,7.377,False,True,True,0,0,0,0,True,
301053.SZ,301053,301053,远信工业,创业板,深市,创业板,801890.SI,机械设备,801074.SI,专用设备,专用设备,L,20210901,1855,5.08,33.98,0.473,18.056,False,True,True,0,0,0,0,True,
301055.SZ,301055,301055,张小泉,创业板,深市,创业板,801140.SI,轻工制造,801142.SI,家居用品,家居用品,L,20210906,1850,5.07,29.85,0.539,13.333,False,True,True,0,0,0,0,True,
301056.SZ,301056,301056,森赫股份,创业板,深市,创业板,801890.SI,机械设备,801074.SI,专用设备,专用设备,L,20210907,1849,5.06,12.99,-0.307,24.638,False,True,True,0,0,0,0,True,
301057.SZ,301057,301057,汇隆新材,创业板,深市,创业板,801030.SI,基础化工,801032.SI,化学纤维,化学纤维,L,20210909,1847,5.06,22.93,-4.179,17.241,False,True,True,0,0,0,0,True,
301058.SZ,301058,301058,中粮科工,创业板,深市,创业板,801720.SI,建筑装饰,801726.SI,工程咨询服务Ⅱ,工程咨询服务Ⅱ,L,20210909,1847,5.06,8.58,1.06,10.227,False,True,True,0,0,0,0,True,
301059.SZ,301059,301059,金三江,创业板,深市,创业板,801030.SI,基础化工,801034.SI,化学制品,化学制品,L,20210913,1843,5.05,12.85,-1.154,14.05,False,True,True,0,0,0,0,True,
301060.SZ,301060,301060,兰卫医学,创业板,深市,创业板,801150.SI,医药生物,801156.SI,医疗服务,医疗服务,L,20210913,1843,5.05,12.02,2.037,13.675,False,True,True,0,0,0,0,True,
301061.SZ,301061,301061,匠心家居,创业板,深市,创业板,801140.SI,轻工制造,801142.SI,家居用品,家居用品,L,20210913,1843,5.05,41.21,2.538,23.529,False,True,True,0,0,0,0,True,
301062.SZ,301062,301062,上海艾录,创业板,深市,创业板,801140.SI,轻工制造,801141.SI,包装印刷,包装印刷,L,20210914,1842,5.04,6.87,-0.866,11.429,False,True,True,0,0,0,0,True,
301063.SZ,301063,301063,海锅股份,创业板,深市,创业板,801890.SI,机械设备,801074.SI,专用设备,专用设备,L,20210924,1832,5.02,18.71,-2.247,13.333,False,True,True,0,0,0,0,True,
301065.SZ,301065,301065,本立科技,创业板,深市,创业板,801150.SI,医药生物,801151.SI,化学制药,化学制药,L,20210914,1842,5.04,20.06,0.1,9.231,False,True,True,0,0,0,0,True,
301066.SZ,301066,301066,万事利,创业板,深市,创业板,801130.SI,纺织服饰,801131.SI,纺织制造,纺织制造,L,20210922,1834,5.02,12.3,-1.046,11.2,False,True,True,0,0,0,0,True,
301067.SZ,301067,301067,显盈科技,创业板,深市,创业板,801080.SI,电子,801085.SI,消费电子,消费电子,L,20210922,1834,5.02,31.75,-3.495,10.429,False,True,True,0,0,0,0,True,
301068.SZ,301068,301068,大地海洋,创业板,深市,创业板,801970.SI,环保,801971.SI,环境治理,环境治理,L,20210928,1828,5.0,23.41,-0.973,18.657,False,True,True,0,0,0,0,True,
301069.SZ,301069,301069,凯盛新材,创业板,深市,创业板,801030.SI,基础化工,801033.SI,化学原料,化学原料,L,20210927,1829,5.01,15.47,0.0,29.63,False,True,True,0,0,0,0,True,
301070.SZ,301070,301070,开勒股份,创业板,深市,创业板,801890.SI,机械设备,801072.SI,通用设备,通用设备,L,20210923,1833,5.02,62.71,-2.85,8.589,False,True,True,0,0,0,0,True,
301071.SZ,301071,301071,力量钻石,创业板,深市,创业板,801030.SI,基础化工,801039.SI,非金属材料Ⅱ,非金属材料Ⅱ,L,20210924,1832,5.02,61.62,-3.387,10.526,False,True,True,0,0,0,0,True,
301072.SZ,301072,301072,中捷精工,创业板,深市,创业板,801880.SI,汽车,801093.SI,汽车零部件,汽车零部件,L,20210929,1827,5.0,44.8,-0.797,14.286,False,True,True,0,0,0,0,True,
301073.SZ,301073,301073,君亭酒店,创业板,深市,创业板,801210.SI,社会服务,801219.SI,酒店餐饮,酒店餐饮,L,20210930,1826,5.0,17.26,0.7,15.556,False,True,True,0,0,0,0,True,
301075.SZ,301075,301075,多瑞医药,创业板,深市,创业板,801150.SI,医药生物,801151.SI,化学制药,化学制药,L,20210929,1827,5.0,63.17,-1.328,20.0,False,True,True,0,0,0,0,True,
301076.SZ,301076,301076,新瀚新材,创业板,深市,创业板,801030.SI,基础化工,801034.SI,化学制品,化学制品,L,20211011,1815,4.97,20.4,-1.019,13.208,False,True,True,0,0,0,0,True,
301077.SZ,301077,301077,星华新材,创业板,深市,创业板,801030.SI,基础化工,801034.SI,化学制品,化学制品,L,20210930,1826,5.0,21.25,-1.117,8.333,False,True,True,0,0,0,0,True,
301078.SZ,301078,301078,孩子王,创业板,深市,创业板,801200.SI,商贸零售,801204.SI,专业连锁Ⅱ,专业连锁Ⅱ,L,20211014,1812,4.96,6.97,1.603,11.111,False,True,True,0,0,0,0,True,
301079.SZ,301079,301079,邵阳液压,创业板,深市,创业板,801890.SI,机械设备,801077.SI,工程机械,工程机械,L,20211019,1807,4.95,27.91,4.571,7.914,False,True,True,0,0,0,0,True,
301080.SZ,301080,301080,百普赛斯,创业板,深市,创业板,801150.SI,医药生物,801152.SI,生物制品,生物制品,L,20211018,1808,4.95,141.07,14.691,12.95,False,True,True,0,0,0,0,True,
301081.SZ,301081,301081,严牌股份,创业板,深市,创业板,801970.SI,环保,801972.SI,环保设备Ⅱ,环保设备Ⅱ,L,20211020,1806,4.94,17.67,-5.91,23.353,False,True,True,0,0,0,0,True,
301082.SZ,301082,301082,久盛电气,创业板,深市,创业板,801730.SI,电力设备,801738.SI,电网设备,电网设备,L,20211027,1799,4.93,9.51,-1.349,10.101,False,True,True,0,0,0,0,True,
301083.SZ,301083,301083,百胜智能,创业板,深市,创业板,801890.SI,机械设备,801074.SI,专用设备,专用设备,L,20211021,1805,4.94,14.24,-0.836,10.0,False,True,True,0,0,0,0,True,
301085.SZ,301085,301085,亚康股份,创业板,深市,创业板,801750.SI,计算机,801103.SI,IT服务Ⅱ,IT服务Ⅱ,L,20211018,1808,4.95,75.23,-1.441,14.615,False,True,True,0,0,0,0,True,
301086.SZ,301086,301086,鸿富瀚,创业板,深市,创业板,801080.SI,电子,801085.SI,消费电子,消费电子,L,20211020,1806,4.94,150.7,-4.202,13.889,False,True,True,0,0,0,0,True,
301087.SZ,301087,301087,可孚医疗,创业板,深市,创业板,801150.SI,医药生物,801153.SI,医疗器械,医疗器械,L,20211025,1801,4.93,52.1,-0.038,11.719,False,True,True,0,0,0,0,True,
301088.SZ,301088,301088,戎美股份,创业板,深市,创业板,801130.SI,纺织服饰,801132.SI,服装家纺,服装家纺,L,20211028,1798,4.92,13.35,-1.91,25.373,False,True,True,0,0,0,0,True,
301089.SZ,301089,301089,拓新药业,创业板,深市,创业板,801150.SI,医药生物,801151.SI,化学制药,化学制药,L,20211027,1799,4.93,24.5,1.323,10.0,False,True,True,0,0,0,0,True,
301090.SZ,301090,301090,华润材料,创业板,深市,创业板,801030.SI,基础化工,801036.SI,塑料,塑料,L,20211026,1800,4.93,6.94,1.314,29.577,False,True,True,0,0,0,0,True,
301091.SZ,301091,301091,深城交,创业板,深市,创业板,801720.SI,建筑装饰,801726.SI,工程咨询服务Ⅱ,工程咨询服务Ⅱ,L,20211029,1797,4.92,19.99,-1.186,23.404,False,True,True,0,0,0,0,True,
301092.SZ,301092,301092,争光股份,创业板,深市,创业板,801030.SI,基础化工,801036.SI,塑料,塑料,L,20211102,1793,4.91,41.79,-1.901,7.24,False,True,True,0,0,0,0,True,
301093.SZ,301093,301093,华兰股份,创业板,深市,创业板,801150.SI,医药生物,801153.SI,医疗器械,医疗器械,L,20211101,1794,4.91,63.11,0.0,22.642,False,True,True,0,0,0,0,True,
301095.SZ,301095,301095,广立微,创业板,深市,创业板,801750.SI,计算机,801104.SI,软件开发,软件开发,L,20220805,1517,4.15,68.11,-3.28,9.677,False,True,True,0,0,0,0,True,
301096.SZ,301096,301096,百诚医药,创业板,深市,创业板,801150.SI,医药生物,801156.SI,医疗服务,医疗服务,L,20211220,1745,4.78,49.3,4.693,12.195,False,True,True,0,0,0,5,True,
301097.SZ,301097,301097,天益医疗,创业板,深市,创业板,801150.SI,医药生物,801153.SI,医疗器械,医疗器械,L,20220407,1637,4.48,34.7,0.521,6.977,False,True,True,0,0,0,0,True,
301098.SZ,301098,301098,金埔园林,创业板,深市,创业板,801720.SI,建筑装饰,801723.SI,基础建设,基础建设,L,20211112,1783,4.88,8.88,1.602,9.091,False,True,True,0,0,0,0,True,
301099.SZ,301099,301099,雅创电子,创业板,深市,创业板,801080.SI,电子,801082.SI,其他电子Ⅱ,其他电子Ⅱ,L,20211122,1773,4.85,50.7,-6.595,8.791,False,True,True,0,0,0,0,True,
301100.SZ,301100,301100,风光股份,创业板,深市,创业板,801030.SI,基础化工,801034.SI,化学制品,化学制品,L,20211217,1748,4.79,16.03,-0.062,8.805,False,True,True,0,0,0,0,True,
301101.SZ,301101,301101,明月镜片,创业板,深市,创业板,801140.SI,轻工制造,801145.SI,文娱用品,文娱用品,L,20211216,1749,4.79,29.9,-1.092,9.184,False,True,True,0,0,0,0,True,
301102.SZ,301102,301102,兆讯传媒,创业板,深市,创业板,801760.SI,传媒,801765.SI,广告营销,广告营销,L,20220328,1647,4.51,9.45,-0.84,26.531,False,True,True,0,0,0,0,True,
301103.SZ,301103,301103,何氏眼科,创业板,深市,创业板,801150.SI,医药生物,801156.SI,医疗服务,医疗服务,L,20220322,1653,4.53,17.03,0.059,10.909,False,True,True,0,0,0,0,True,
301105.SZ,301105,301105,鸿铭股份,创业板,深市,创业板,801890.SI,机械设备,801074.SI,专用设备,专用设备,L,20221230,1370,3.75,48.5,-1.463,8.197,False,True,True,0,0,0,0,True,
301106.SZ,301106,301106,骏成科技,创业板,深市,创业板,801080.SI,电子,801084.SI,光学光电子,光学光电子,L,20220128,1706,4.67,18.5,-2.272,8.763,False,True,True,0,0,0,0,True,
301107.SZ,301107,301107,瑜欣电子,创业板,深市,创业板,801890.SI,机械设备,801072.SI,通用设备,通用设备,L,20220524,1590,4.35,23.05,-3.918,14.53,False,True,True,0,0,0,0,True,
301108.SZ,301108,301108,洁雅股份,创业板,深市,创业板,801980.SI,美容护理,801981.SI,个护用品,个护用品,L,20211203,1762,4.82,51.23,-7.51,25.191,False,True,True,0,0,0,0,True,
301109.SZ,301109,301109,军信股份,创业板,深市,创业板,801970.SI,环保,801971.SI,环境治理,环境治理,L,20220413,1631,4.47,12.92,1.572,8.889,False,True,True,0,0,0,0,True,
301110.SZ,301110,301110,青木科技,创业板,深市,创业板,801200.SI,商贸零售,801206.SI,互联网电商,互联网电商,L,20220311,1664,4.56,35.36,-2.32,8.696,False,True,True,0,0,0,0,True,
301111.SZ,301111,301111,粤万年青,创业板,深市,创业板,801150.SI,医药生物,801155.SI,中药Ⅱ,中药Ⅱ,L,20211207,1758,4.81,21.3,-3.182,9.502,False,True,True,0,0,0,0,True,
301112.SZ,301112,301112,信邦智能,创业板,深市,创业板,801890.SI,机械设备,801078.SI,自动化设备,自动化设备,L,20220629,1554,4.25,29.24,-2.011,16.34,False,True,True,0,0,0,0,True,
301113.SZ,301113,301113,雅艺科技,创业板,深市,创业板,801140.SI,轻工制造,801142.SI,家居用品,家居用品,L,20211222,1743,4.77,17.69,-0.562,12.941,False,True,True,0,0,0,0,True,
301115.SZ,301115,301115,联检科技,创业板,深市,创业板,801210.SI,社会服务,801218.SI,专业服务,专业服务,L,20220831,1491,4.08,33.52,-2.643,20.0,False,True,True,0,0,0,0,True,
301116.SZ,301116,301116,益客食品,创业板,深市,创业板,801010.SI,农林牧渔,801017.SI,养殖业,养殖业,L,20220118,1716,4.7,9.31,1.416,11.828,False,True,True,0,0,0,0,True,
301118.SZ,301118,301118,恒光股份,创业板,深市,创业板,801030.SI,基础化工,801033.SI,化学原料,化学原料,L,20211118,1777,4.87,24.13,4.009,7.759,False,True,True,0,0,0,0,True,
301119.SZ,301119,301119,正强股份,创业板,深市,创业板,801880.SI,汽车,801093.SI,汽车零部件,汽车零部件,L,20211122,1773,4.85,27.7,6.252,15.385,False,True,True,0,0,0,0,True,
301120.SZ,301120,301120,新特电气,创业板,深市,创业板,801730.SI,电力设备,801738.SI,电网设备,电网设备,L,20220419,1625,4.45,14.25,-0.973,7.333,False,True,True,0,0,0,0,True,
301121.SZ,301121,301121,紫建电子,创业板,深市,创业板,801730.SI,电力设备,801737.SI,电池,电池,L,20220808,1514,4.15,35.31,-1.698,15.341,False,True,True,0,0,0,0,True,
301122.SZ,301122,301122,采纳股份,创业板,深市,创业板,801150.SI,医药生物,801153.SI,医疗器械,医疗器械,L,20220126,1708,4.68,66.67,-1.826,10.119,False,True,True,0,0,0,0,True,
301123.SZ,301123,301123,奕东电子,创业板,深市,创业板,801080.SI,电子,801085.SI,消费电子,消费电子,L,20220125,1709,4.68,67.6,-3.36,11.45,False,True,True,0,0,0,0,True,
301125.SZ,301125,301125,腾亚精工,创业板,深市,创业板,801890.SI,机械设备,801072.SI,通用设备,通用设备,L,20220608,1575,4.31,14.85,0.406,14.493,False,True,True,0,0,0,0,True,
301126.SZ,301126,301126,达嘉维康,创业板,深市,创业板,801150.SI,医药生物,801154.SI,医药商业,医药商业,L,20211207,1758,4.81,10.52,-0.19,6.863,False,True,True,0,0,0,0,True,
301127.SZ,301127,301127,武汉天源,创业板,深市,创业板,801970.SI,环保,801971.SI,环境治理,环境治理,L,20211230,1735,4.75,15.0,-3.038,16.763,False,True,True,0,0,0,0,True,
301128.SZ,301128,301128,强瑞技术,创业板,深市,创业板,801890.SI,机械设备,801074.SI,专用设备,专用设备,L,20211110,1785,4.89,105.8,-1.673,15.254,False,True,True,0,0,0,0,True,
301129.SZ,301129,301129,瑞纳智能,创业板,深市,创业板,801890.SI,机械设备,801072.SI,通用设备,通用设备,L,20211102,1793,4.91,23.15,-2.444,5.085,False,True,True,0,0,0,0,True,
301130.SZ,301130,301130,西点药业,创业板,深市,创业板,801150.SI,医药生物,801151.SI,化学制药,化学制药,L,20220223,1680,4.6,28.51,1.894,7.746,False,True,True,0,0,0,0,True,
301131.SZ,301131,301131,聚赛龙,创业板,深市,创业板,801030.SI,基础化工,801036.SI,塑料,塑料,L,20220314,1661,4.55,33.7,-1.028,9.036,False,True,True,0,0,0,0,True,
301132.SZ,301132,301132,满坤科技,创业板,深市,创业板,801080.SI,电子,801083.SI,元件,元件,L,20220810,1512,4.14,66.62,-6.721,10.917,False,True,True,0,0,0,0,True,
301133.SZ,301133,301133,金钟股份,创业板,深市,创业板,801880.SI,汽车,801093.SI,汽车零部件,汽车零部件,L,20211126,1769,4.84,25.77,-0.155,17.391,False,True,True,0,0,0,0,True,
301135.SZ,301135,301135,瑞德智能,创业板,深市,创业板,801110.SI,家用电器,801116.SI,家电零部件Ⅱ,家电零部件Ⅱ,L,20220412,1632,4.47,18.03,-2.488,10.588,False,True,True,0,0,0,0,True,
301136.SZ,301136,301136,招标股份,创业板,深市,创业板,801720.SI,建筑装饰,801726.SI,工程咨询服务Ⅱ,工程咨询服务Ⅱ,L,20220111,1723,4.72,12.25,-0.81,8.065,False,True,True,0,0,0,0,True,
301137.SZ,301137,301137,哈焊华通,创业板,深市,创业板,801890.SI,机械设备,801072.SI,通用设备,通用设备,L,20220322,1653,4.53,29.78,-1.162,15.0,False,True,True,0,0,0,0,True,
301138.SZ,301138,301138,华研精机,创业板,深市,创业板,801890.SI,机械设备,801074.SI,专用设备,专用设备,L,20211215,1750,4.79,28.36,-1.357,11.579,False,True,True,0,0,0,0,True,
301141.SZ,301141,301141,中科磁业,创业板,深市,创业板,801050.SI,有色金属,801051.SI,金属新材料,金属新材料,L,20230403,1276,3.49,35.33,-1.34,13.542,False,True,True,0,0,0,0,True,
301148.SZ,301148,301148,嘉戎技术,创业板,深市,创业板,801970.SI,环保,801971.SI,环境治理,环境治理,L,20220421,1623,4.44,57.56,-1.269,15.957,False,True,True,0,0,0,0,True,
301149.SZ,301149,301149,隆华新材,创业板,深市,创业板,801030.SI,基础化工,801034.SI,化学制品,化学制品,L,20211110,1785,4.89,7.81,-1.264,15.116,False,True,True,0,0,0,0,True,
301150.SZ,301150,301150,中一科技,创业板,深市,创业板,801730.SI,电力设备,801737.SI,电池,电池,L,20220421,1623,4.44,40.99,-6.883,12.5,False,True,True,0,0,0,0,True,
301151.SZ,301151,301151,冠龙节能,创业板,深市,创业板,801890.SI,机械设备,801072.SI,通用设备,通用设备,L,20220411,1633,4.47,20.92,-1.041,14.554,False,True,True,0,0,0,0,True,
301152.SZ,301152,301152,天力锂能,创业板,深市,创业板,801730.SI,电力设备,801737.SI,电池,电池,L,20220829,1493,4.09,22.23,-1.156,6.787,False,True,True,0,0,0,0,True,
301153.SZ,301153,301153,中科江南,创业板,深市,创业板,801750.SI,计算机,801104.SI,软件开发,软件开发,L,20220518,1596,4.37,16.98,-1.565,12.644,False,True,True,0,0,0,0,True,
301155.SZ,301155,301155,海力风电,创业板,深市,创业板,801730.SI,电力设备,801736.SI,风电设备,风电设备,L,20211124,1771,4.85,44.8,2.752,8.571,False,True,True,0,0,0,0,True,
301156.SZ,301156,301156,美农生物,创业板,深市,创业板,801030.SI,基础化工,801034.SI,化学制品,化学制品,L,20220617,1566,4.29,11.76,-0.927,9.244,False,True,True,0,0,0,0,True,
301157.SZ,301157,301157,华塑科技,创业板,深市,创业板,801730.SI,电力设备,801733.SI,其他电源设备Ⅱ,其他电源设备Ⅱ,L,20230309,1301,3.56,61.71,-2.481,9.091,False,True,True,0,0,0,0,True,
301158.SZ,301158,301158,德石股份,创业板,深市,创业板,801890.SI,机械设备,801074.SI,专用设备,专用设备,L,20220117,1717,4.7,14.06,-0.776,13.333,False,True,True,0,0,0,0,True,
301159.SZ,301159,301159,三维天地,创业板,深市,创业板,801750.SI,计算机,801104.SI,软件开发,软件开发,L,20220107,1727,4.73,31.64,-1.372,8.075,False,True,True,0,0,0,0,True,
301160.SZ,301160,301160,翔楼新材,创业板,深市,创业板,801040.SI,钢铁,801045.SI,特钢Ⅱ,特钢Ⅱ,L,20220606,1577,4.32,39.59,-4.256,12.5,False,True,True,0,0,0,0,True,
301161.SZ,301161,301161,唯万密封,创业板,深市,创业板,801890.SI,机械设备,801077.SI,工程机械,工程机械,L,20220914,1477,4.04,28.56,-2.158,9.524,False,True,True,0,0,0,0,True,
301162.SZ,301162,301162,国能日新,创业板,深市,创业板,801750.SI,计算机,801104.SI,软件开发,软件开发,L,20220429,1615,4.42,37.0,-0.964,15.054,False,True,True,0,0,0,0,True,
301163.SZ,301163,301163,宏德股份,创业板,深市,创业板,801730.SI,电力设备,801736.SI,风电设备,风电设备,L,20220419,1625,4.45,23.6,-0.169,10.435,False,True,True,0,0,0,0,True,
301165.SZ,301165,301165,锐捷网络,创业板,深市,创业板,801770.SI,通信,801102.SI,通信设备,通信设备,L,20221121,1409,3.86,100.74,-2.09,27.041,False,True,True,0,0,0,0,True,
301166.SZ,301166,301166,优宁维,创业板,深市,创业板,801150.SI,医药生物,801152.SI,生物制品,生物制品,L,20211228,1737,4.76,35.35,7.251,17.143,False,True,True,0,0,0,0,True,
301167.SZ,301167,301167,建研设计,创业板,深市,创业板,801720.SI,建筑装饰,801726.SI,工程咨询服务Ⅱ,工程咨询服务Ⅱ,L,20211206,1759,4.82,13.67,-0.437,10.448,False,True,True,0,0,0,0,True,
301168.SZ,301168,301168,通灵股份,创业板,深市,创业板,801730.SI,电力设备,801735.SI,光伏设备,光伏设备,L,20211210,1755,4.8,40.33,-2.749,9.709,False,True,True,0,0,0,0,True,
301169.SZ,301169,301169,零点有数,创业板,深市,创业板,801210.SI,社会服务,801218.SI,专业服务,专业服务,L,20211103,1792,4.91,50.37,-1.371,11.111,False,True,True,0,0,0,0,True,
301170.SZ,301170,301170,锡南科技,创业板,深市,创业板,801880.SI,汽车,801093.SI,汽车零部件,汽车零部件,L,20230627,1191,3.26,23.13,-0.216,7.018,False,True,True,0,0,0,0,True,
301171.SZ,301171,301171,易点天下,创业板,深市,创业板,801760.SI,传媒,801765.SI,广告营销,广告营销,L,20220819,1503,4.11,32.61,-3.062,9.677,False,True,True,0,0,0,0,True,
301172.SZ,301172,301172,君逸数码,创业板,深市,创业板,801750.SI,计算机,801103.SI,IT服务Ⅱ,IT服务Ⅱ,L,20230726,1162,3.18,17.02,-3.733,6.667,False,True,True,0,0,0,0,True,
301175.SZ,301175,301175,中科环保,创业板,深市,创业板,801970.SI,环保,801971.SI,环境治理,环境治理,L,20220708,1545,4.23,5.58,-0.179,5.455,False,True,True,0,0,0,0,True,
301176.SZ,301176,301176,逸豪新材,创业板,深市,创业板,801080.SI,电子,801083.SI,元件,元件,L,20220928,1463,4.01,52.07,-5.773,16.667,False,True,True,0,0,0,0,True,
301177.SZ,301177,301177,迪阿股份,创业板,深市,创业板,801130.SI,纺织服饰,801133.SI,饰品,饰品,L,20211215,1750,4.79,23.16,0.827,31.092,False,True,True,0,0,0,0,True,
301178.SZ,301178,301178,天亿马,创业板,深市,创业板,801750.SI,计算机,801103.SI,IT服务Ⅱ,IT服务Ⅱ,L,20211112,1783,4.88,33.91,-2.417,9.722,False,True,True,0,0,0,0,True,
301179.SZ,301179,301179,泽宇智能,创业板,深市,创业板,801730.SI,电力设备,801738.SI,电网设备,电网设备,L,20211208,1757,4.81,19.63,0.77,5.941,False,True,True,0,0,0,0,True,
301180.SZ,301180,301180,万祥科技,创业板,深市,创业板,801080.SI,电子,801085.SI,消费电子,消费电子,L,20211116,1779,4.87,12.07,1.258,10.256,False,True,True,0,0,0,0,True,
301181.SZ,301181,301181,标榜股份,创业板,深市,创业板,801880.SI,汽车,801093.SI,汽车零部件,汽车零部件,L,20220221,1682,4.61,25.1,-1.915,24.051,False,True,True,0,0,0,0,True,
301182.SZ,301182,301182,凯旺科技,创业板,深市,创业板,801750.SI,计算机,801101.SI,计算机设备,计算机设备,L,20211223,1742,4.77,59.05,-2.558,15.584,False,True,True,0,0,0,0,True,
301183.SZ,301183,301183,东田微,创业板,深市,创业板,801080.SI,电子,801084.SI,光学光电子,光学光电子,L,20220524,1590,4.35,276.62,-5.306,10.526,False,True,True,0,0,0,0,True,
301185.SZ,301185,301185,鸥玛软件,创业板,深市,创业板,801750.SI,计算机,801103.SI,IT服务Ⅱ,IT服务Ⅱ,L,20211119,1776,4.86,17.14,-1.267,8.333,False,True,True,0,0,0,0,True,
301186.SZ,301186,301186,超达装备,创业板,深市,创业板,801880.SI,汽车,801093.SI,汽车零部件,汽车零部件,L,20211223,1742,4.77,32.9,-0.243,17.241,False,True,True,0,0,0,0,True,
301187.SZ,301187,301187,欧圣电气,创业板,深市,创业板,801110.SI,家用电器,801113.SI,小家电,小家电,L,20220422,1622,4.44,15.62,-1.575,16.216,False,True,True,0,0,0,0,True,
301188.SZ,301188,301188,力诺药包,创业板,深市,创业板,801150.SI,医药生物,801153.SI,医疗器械,医疗器械,L,20211111,1784,4.88,33.28,-0.359,11.429,False,True,True,0,0,0,0,True,
301189.SZ,301189,301189,奥尼电子,创业板,深市,创业板,801080.SI,电子,801085.SI,消费电子,消费电子,L,20211228,1737,4.76,68.13,-0.873,23.529,False,True,True,0,0,0,0,True,
301190.SZ,301190,301190,善水科技,创业板,深市,创业板,801030.SI,基础化工,801033.SI,化学原料,化学原料,L,20211224,1741,4.77,35.93,20.007,46.429,False,True,True,0,0,0,0,True,
301191.SZ,301191,301191,菲菱科思,创业板,深市,创业板,801770.SI,通信,801102.SI,通信设备,通信设备,L,20220526,1588,4.35,76.22,-2.867,9.836,False,True,True,0,0,0,0,True,
301192.SZ,301192,301192,泰祥股份,创业板,深市,创业板,801880.SI,汽车,801093.SI,汽车零部件,汽车零部件,L,20220811,1511,4.14,19.68,-2.671,9.231,False,True,True,0,0,0,0,True,
301193.SZ,301193,301193,家联科技,创业板,深市,创业板,801140.SI,轻工制造,801142.SI,家居用品,家居用品,L,20211209,1756,4.81,21.42,-3.383,24.186,False,True,True,0,0,0,0,True,
301195.SZ,301195,301195,北路智控,创业板,深市,创业板,801750.SI,计算机,801104.SI,软件开发,软件开发,L,20220801,1521,4.16,26.7,-0.964,10.448,False,True,True,0,0,0,0,True,
301196.SZ,301196,301196,唯科科技,创业板,深市,创业板,801030.SI,基础化工,801036.SI,塑料,塑料,L,20220111,1723,4.72,86.08,1.99,11.111,False,True,True,0,0,0,0,True,
301197.SZ,301197,301197,工大科雅,创业板,深市,创业板,801890.SI,机械设备,801072.SI,通用设备,通用设备,L,20220808,1514,4.15,26.7,0.338,12.879,False,True,True,0,0,0,0,True,
301198.SZ,301198,301198,喜悦智行,创业板,深市,创业板,801140.SI,轻工制造,801141.SI,包装印刷,包装印刷,L,20211202,1763,4.83,14.1,-0.704,18.657,False,True,True,0,0,0,0,True,
301199.SZ,301199,301199,迈赫股份,创业板,深市,创业板,801890.SI,机械设备,801078.SI,自动化设备,自动化设备,L,20211207,1758,4.81,18.13,-0.766,15.385,False,True,True,0,0,0,0,True,
301200.SZ,301200,301200,大族数控,创业板,深市,创业板,801890.SI,机械设备,801074.SI,专用设备,专用设备,L,20220228,1675,4.59,224.79,-2.646,39.098,False,True,True,0,0,0,0,True,
301201.SZ,301201,301201,诚达药业,创业板,深市,创业板,801150.SI,医药生物,801156.SI,医疗服务,医疗服务,L,20220120,1714,4.69,30.49,3.99,18.692,False,True,True,0,0,0,0,True,
301202.SZ,301202,301202,朗威股份,创业板,深市,创业板,801770.SI,通信,801102.SI,通信设备,通信设备,L,20230705,1183,3.24,35.64,-3.047,10.989,False,True,True,0,0,0,0,True,
301203.SZ,301203,301203,国泰环保,创业板,深市,创业板,801970.SI,环保,801971.SI,环境治理,环境治理,L,20230404,1275,3.49,33.19,-1.103,21.053,False,True,True,0,0,0,0,True,
301205.SZ,301205,301205,联特科技,创业板,深市,创业板,801770.SI,通信,801102.SI,通信设备,通信设备,L,20220913,1478,4.05,283.32,7.53,17.318,False,True,True,0,0,0,0,True,
301206.SZ,301206,301206,三元生物,创业板,深市,创业板,801030.SI,基础化工,801034.SI,化学制品,化学制品,L,20220210,1693,4.64,25.01,4.864,14.706,False,True,True,0,0,0,0,True,
301207.SZ,301207,301207,华兰疫苗,创业板,深市,创业板,801150.SI,医药生物,801152.SI,生物制品,生物制品,L,20220218,1685,4.61,20.11,4.251,14.754,False,True,True,0,0,0,0,True,
301208.SZ,301208,301208,中亦科技,创业板,深市,创业板,801750.SI,计算机,801103.SI,IT服务Ⅱ,IT服务Ⅱ,L,20220707,1546,4.23,30.33,-0.947,7.921,False,True,True,0,0,0,0,True,
301209.SZ,301209,301209,联合化学,创业板,深市,创业板,801030.SI,基础化工,801034.SI,化学制品,化学制品,L,20220825,1497,4.1,61.71,3.194,19.492,False,True,True,0,0,0,0,True,
301210.SZ,301210,301210,金杨精密,创业板,深市,创业板,801730.SI,电力设备,801737.SI,电池,电池,L,20230630,1188,3.25,29.18,-3.185,12.0,False,True,True,0,0,0,0,True,
301211.SZ,301211,301211,亨迪药业,创业板,深市,创业板,801150.SI,医药生物,801151.SI,化学制药,化学制药,L,20211222,1743,4.77,12.7,2.09,11.382,False,True,True,0,0,0,0,True,
301212.SZ,301212,301212,联盛化学,创业板,深市,创业板,801030.SI,基础化工,801034.SI,化学制品,化学制品,L,20220419,1625,4.45,26.17,-0.305,13.095,False,True,True,0,0,0,0,True,
301213.SZ,301213,301213,观想科技,创业板,深市,创业板,801740.SI,国防军工,801745.SI,军工电子Ⅱ,军工电子Ⅱ,L,20211206,1759,4.82,42.45,0.736,16.364,False,True,True,0,0,0,0,True,
301215.SZ,301215,301215,中汽股份,创业板,深市,创业板,801880.SI,汽车,801092.SI,汽车服务,汽车服务,L,20220308,1667,4.56,5.28,0.0,20.755,False,True,True,0,0,0,0,True,
301216.SZ,301216,301216,万凯新材,创业板,深市,创业板,801030.SI,基础化工,801036.SI,塑料,塑料,L,20220329,1646,4.51,16.69,2.142,17.045,False,True,True,0,0,0,0,True,
301217.SZ,301217,301217,铜冠铜箔,创业板,深市,创业板,801730.SI,电力设备,801737.SI,电池,电池,L,20220127,1707,4.67,99.56,-2.631,11.494,False,True,True,0,0,0,0,True,
301218.SZ,301218,301218,华是科技,创业板,深市,创业板,801750.SI,计算机,801103.SI,IT服务Ⅱ,IT服务Ⅱ,L,20220307,1668,4.57,69.75,15.845,18.769,False,True,True,0,0,0,0,True,
301219.SZ,301219,301219,腾远钴业,创业板,深市,创业板,801050.SI,有色金属,801056.SI,能源金属,能源金属,L,20220317,1658,4.54,39.75,1.455,17.742,False,True,True,0,0,0,0,True,
301220.SZ,301220,301220,亚香股份,创业板,深市,创业板,801030.SI,基础化工,801034.SI,化学制品,化学制品,L,20220622,1561,4.27,29.02,-2.059,18.421,False,True,True,0,0,0,0,True,
301221.SZ,301221,301221,光庭信息,创业板,深市,创业板,801880.SI,汽车,801093.SI,汽车零部件,汽车零部件,L,20211222,1743,4.77,26.53,-1.85,13.043,False,True,True,0,0,0,0,True,
301222.SZ,301222,301222,浙江恒威,创业板,深市,创业板,801730.SI,电力设备,801737.SI,电池,电池,L,20220309,1666,4.56,24.98,-3.141,10.714,False,True,True,0,0,0,0,True,
301223.SZ,301223,301223,中荣股份,创业板,深市,创业板,801140.SI,轻工制造,801141.SI,包装印刷,包装印刷,L,20221026,1435,3.93,18.12,-0.385,18.605,False,True,True,0,0,0,0,True,
301225.SZ,301225,301225,恒勃股份,创业板,深市,创业板,801880.SI,汽车,801093.SI,汽车零部件,汽车零部件,L,20230616,1202,3.29,58.52,1.615,8.108,False,True,True,0,0,0,0,True,
301226.SZ,301226,301226,祥明智能,创业板,深市,创业板,801730.SI,电力设备,801731.SI,电机Ⅱ,电机Ⅱ,L,20220325,1650,4.52,36.39,-2.309,23.457,False,True,True,0,0,0,0,True,
301227.SZ,301227,301227,森鹰窗业,创业板,深市,创业板,801140.SI,轻工制造,801142.SI,家居用品,家居用品,L,20220926,1465,4.01,31.08,-0.893,10.0,False,True,True,0,0,0,0,True,
301228.SZ,301228,301228,实朴检测,创业板,深市,创业板,801210.SI,社会服务,801218.SI,专业服务,专业服务,L,20220128,1706,4.67,51.59,-0.731,19.048,False,True,True,0,0,0,0,True,
301229.SZ,301229,301229,纽泰格,创业板,深市,创业板,801880.SI,汽车,801093.SI,汽车零部件,汽车零部件,L,20220222,1681,4.6,12.0,-0.58,8.333,False,True,True,0,0,0,0,True,
301230.SZ,301230,301230,泓博医药,创业板,深市,创业板,801150.SI,医药生物,801156.SI,医疗服务,医疗服务,L,20221101,1429,3.91,38.48,1.934,6.494,False,True,True,0,0,0,0,True,
301231.SZ,301231,301231,荣信文化,创业板,深市,创业板,801760.SI,传媒,801769.SI,出版,出版,L,20220908,1483,4.06,29.23,-1.748,7.071,False,True,True,0,0,0,0,True,
301232.SZ,301232,301232,飞沃科技,创业板,深市,创业板,801730.SI,电力设备,801736.SI,风电设备,风电设备,L,20230615,1203,3.29,78.78,-2.076,14.423,False,True,True,0,0,0,0,True,
301233.SZ,301233,301233,盛帮股份,创业板,深市,创业板,801880.SI,汽车,801093.SI,汽车零部件,汽车零部件,L,20220706,1547,4.24,36.58,2.58,12.791,False,True,True,0,0,0,0,True,
301235.SZ,301235,301235,华康洁净,创业板,深市,创业板,801150.SI,医药生物,801153.SI,医疗器械,医疗器械,L,20220128,1706,4.67,40.68,-3.189,11.404,False,True,True,0,0,0,0,True,
301236.SZ,301236,301236,软通动力,创业板,深市,创业板,801750.SI,计算机,801103.SI,IT服务Ⅱ,IT服务Ⅱ,L,20220315,1660,4.54,35.23,-1.039,11.29,False,True,True,0,0,0,0,True,
301237.SZ,301237,301237,和顺科技,创业板,深市,创业板,801030.SI,基础化工,801036.SI,塑料,塑料,L,20220323,1652,4.52,36.18,-3.081,10.909,False,True,True,0,0,0,0,True,
301238.SZ,301238,301238,瑞泰新材,创业板,深市,创业板,801730.SI,电力设备,801737.SI,电池,电池,L,20220617,1566,4.29,15.95,1.334,40.0,False,True,True,0,0,0,0,True,
301239.SZ,301239,301239,普瑞眼科,创业板,深市,创业板,801150.SI,医药生物,801156.SI,医疗服务,医疗服务,L,20220705,1548,4.24,31.98,0.788,16.667,False,True,True,0,0,0,0,True,
301246.SZ,301246,301246,宏源药业,创业板,深市,创业板,801150.SI,医药生物,801151.SI,化学制药,化学制药,L,20230320,1290,3.53,17.54,1.212,18.232,False,True,True,0,0,0,0,True,
301248.SZ,301248,301248,杰创智能,创业板,深市,创业板,801750.SI,计算机,801103.SI,IT服务Ⅱ,IT服务Ⅱ,L,20220420,1624,4.45,53.05,-5.437,10.435,False,True,True,0,0,0,0,True,
301251.SZ,301251,301251,威尔高,创业板,深市,创业板,801080.SI,电子,801083.SI,元件,元件,L,20230906,1120,3.07,81.1,-7.176,11.574,False,True,True,0,0,0,0,True,
301252.SZ,301252,301252,同星科技,创业板,深市,创业板,801110.SI,家用电器,801116.SI,家电零部件Ⅱ,家电零部件Ⅱ,L,20230525,1224,3.35,35.86,-3.081,24.176,False,True,True,0,0,0,0,True,
301255.SZ,301255,301255,通力科技,创业板,深市,创业板,801890.SI,机械设备,801072.SI,通用设备,通用设备,L,20221227,1373,3.76,19.09,0.21,13.542,False,True,True,0,0,0,0,True,
301256.SZ,301256,301256,华融化学,创业板,深市,创业板,801030.SI,基础化工,801033.SI,化学原料,化学原料,L,20220322,1653,4.53,9.76,-0.204,22.857,False,True,True,0,0,0,0,True,
301257.SZ,301257,301257,普蕊斯,创业板,深市,创业板,801150.SI,医药生物,801156.SI,医疗服务,医疗服务,L,20220517,1597,4.37,42.71,5.718,10.68,False,True,True,0,0,0,0,True,
301258.SZ,301258,301258,富士莱,创业板,深市,创业板,801150.SI,医药生物,801151.SI,化学制药,化学制药,L,20220329,1646,4.51,27.4,1.144,13.23,False,True,True,0,0,0,0,True,
301259.SZ,301259,301259,艾布鲁,创业板,深市,创业板,801970.SI,环保,801971.SI,环境治理,环境治理,L,20220426,1618,4.43,19.25,-0.875,13.0,False,True,True,0,0,0,0,True,
301260.SZ,301260,301260,格力博,创业板,深市,创业板,801890.SI,机械设备,801074.SI,专用设备,专用设备,L,20230208,1330,3.64,11.69,-0.256,26.562,False,True,True,0,0,0,0,True,
301261.SZ,301261,301261,恒工精密,创业板,深市,创业板,801890.SI,机械设备,801072.SI,通用设备,通用设备,L,20230710,1178,3.23,52.47,-1.833,11.25,False,True,True,0,0,0,0,True,
301262.SZ,301262,301262,海看股份,创业板,深市,创业板,801760.SI,传媒,801995.SI,电视广播Ⅱ,电视广播Ⅱ,L,20230620,1198,3.28,20.55,1.232,3.483,False,True,True,0,0,0,0,True,
301263.SZ,301263,301263,泰恩康,创业板,深市,创业板,801150.SI,医药生物,801151.SI,化学制药,化学制药,L,20220329,1646,4.51,19.09,0.105,10.448,False,True,True,0,0,0,0,True,
301265.SZ,301265,301265,华新科技,创业板,深市,创业板,801970.SI,环保,801971.SI,环境治理,环境治理,L,20221216,1384,3.79,21.9,-3.011,16.822,False,True,True,0,0,0,0,True,
301267.SZ,301267,301267,华厦眼科,创业板,深市,创业板,801150.SI,医药生物,801156.SI,医疗服务,医疗服务,L,20221107,1423,3.9,15.16,1.134,15.625,False,True,True,0,0,0,0,True,
301268.SZ,301268,301268,铭利达,创业板,深市,创业板,801890.SI,机械设备,801072.SI,通用设备,通用设备,L,20220407,1637,4.48,11.78,0.341,37.5,False,True,True,0,0,0,0,True,
301269.SZ,301269,301269,华大九天,创业板,深市,创业板,801750.SI,计算机,801104.SI,软件开发,软件开发,L,20220729,1524,4.17,84.66,-2.33,27.358,False,True,True,0,0,0,0,True,
301270.SZ,301270,301270,汉仪股份,创业板,深市,创业板,801750.SI,计算机,801104.SI,软件开发,软件开发,L,20220831,1491,4.08,32.2,-0.556,5.556,False,True,True,0,0,0,0,True,
301272.SZ,301272,301272,英华特,创业板,深市,创业板,801890.SI,机械设备,801072.SI,通用设备,通用设备,L,20230713,1175,3.22,35.1,-0.763,10.588,False,True,True,0,0,0,0,True,
301273.SZ,301273,301273,瑞晨环保,创业板,深市,创业板,801890.SI,机械设备,801072.SI,通用设备,通用设备,L,20221025,1436,3.93,35.51,0.169,12.903,False,True,True,0,0,0,0,True,
301276.SZ,301276,301276,嘉曼服饰,创业板,深市,创业板,801130.SI,纺织服饰,801132.SI,服装家纺,服装家纺,L,20220909,1482,4.06,17.36,-0.402,17.045,False,True,True,0,0,0,0,True,
301277.SZ,301277,301277,新天地,创业板,深市,创业板,801150.SI,医药生物,801151.SI,化学制药,化学制药,L,20221116,1414,3.87,10.47,1.454,13.462,False,True,True,0,0,0,0,True,
301278.SZ,301278,301278,快可电子,创业板,深市,创业板,801730.SI,电力设备,801735.SI,光伏设备,光伏设备,L,20220804,1518,4.16,29.02,-0.956,8.392,False,True,True,0,0,0,0,True,
301279.SZ,301279,301279,金道科技,创业板,深市,创业板,801890.SI,机械设备,801077.SI,工程机械,工程机械,L,20220413,1631,4.47,23.3,-2.101,25.0,False,True,True,0,0,0,0,True,
301280.SZ,301280,301280,珠城科技,创业板,深市,创业板,801110.SI,家用电器,801116.SI,家电零部件Ⅱ,家电零部件Ⅱ,L,20221226,1374,3.76,41.06,-1.535,9.524,False,True,True,0,0,0,0,True,
301281.SZ,301281,301281,科源制药,创业板,深市,创业板,801150.SI,医药生物,801151.SI,化学制药,化学制药,L,20230404,1275,3.49,47.25,-1.026,11.728,False,True,True,0,0,0,0,True,
301282.SZ,301282,301282,金禄电子,创业板,深市,创业板,801080.SI,电子,801083.SI,元件,元件,L,20220826,1496,4.1,41.67,-8.397,10.811,False,True,True,0,0,0,0,True,
301283.SZ,301283,301283,聚胶股份,创业板,深市,创业板,801030.SI,基础化工,801034.SI,化学制品,化学制品,L,20220902,1489,4.08,25.25,-1.29,7.937,False,True,True,0,0,0,0,True,
301285.SZ,301285,301285,鸿日达,创业板,深市,创业板,801080.SI,电子,801085.SI,消费电子,消费电子,L,20220928,1463,4.01,88.89,-2.522,36.364,False,True,True,0,0,0,0,True,
301286.SZ,301286,301286,侨源股份,创业板,深市,创业板,801030.SI,基础化工,801034.SI,化学制品,化学制品,L,20220614,1569,4.3,44.1,-3.311,37.363,False,True,True,0,0,0,0,True,
301287.SZ,301287,301287,康力源,创业板,深市,创业板,801140.SI,轻工制造,801145.SI,文娱用品,文娱用品,L,20230614,1204,3.3,41.24,-0.626,6.341,False,True,True,0,0,0,0,True,
301288.SZ,301288,301288,清研环境,创业板,深市,创业板,801970.SI,环保,801972.SI,环保设备Ⅱ,环保设备Ⅱ,L,20220422,1622,4.44,17.1,-1.724,9.412,False,True,True,0,0,0,0,True,
301289.SZ,301289,301289,国缆检测,创业板,深市,创业板,801210.SI,社会服务,801218.SI,专业服务,专业服务,L,20220622,1561,4.27,44.53,0.203,16.964,False,True,True,0,0,0,0,True,
301290.SZ,301290,301290,东星医疗,创业板,深市,创业板,801150.SI,医药生物,801153.SI,医疗器械,医疗器械,L,20221130,1400,3.83,28.7,0.035,9.722,False,True,True,0,0,0,0,True,
301291.SZ,301291,301291,明阳电气,创业板,深市,创业板,801730.SI,电力设备,801738.SI,电网设备,电网设备,L,20230630,1188,3.25,35.98,2.274,10.145,False,True,True,0,0,0,0,True,
301292.SZ,301292,301292,海科新源,创业板,深市,创业板,801730.SI,电力设备,801737.SI,电池,电池,L,20230707,1181,3.23,56.76,2.473,11.921,False,True,True,0,0,0,0,True,
301293.SZ,301293,301293,三博脑科,创业板,深市,创业板,801150.SI,医药生物,801156.SI,医疗服务,医疗服务,L,20230505,1244,3.41,48.85,0.972,13.281,False,True,True,0,0,0,0,True,
301295.SZ,301295,301295,美硕科技,创业板,深市,创业板,801730.SI,电力设备,801738.SI,电网设备,电网设备,L,20230628,1190,3.26,35.35,-2.59,7.258,False,True,True,0,0,0,0,True,
301296.SZ,301296,301296,新巨丰,创业板,深市,创业板,801140.SI,轻工制造,801141.SI,包装印刷,包装印刷,L,20220902,1489,4.08,6.42,0.0,11.111,False,True,True,0,0,0,0,True,
301297.SZ,301297,301297,富乐德,创业板,深市,创业板,801080.SI,电子,801081.SI,半导体,半导体,L,20221230,1370,3.75,47.7,3.403,20.253,False,True,True,0,0,0,0,True,
301298.SZ,301298,301298,东利机械,创业板,深市,创业板,801880.SI,汽车,801093.SI,汽车零部件,汽车零部件,L,20220606,1577,4.32,12.86,-0.924,12.903,False,True,True,0,0,0,0,True,
301299.SZ,301299,301299,卓创资讯,创业板,深市,创业板,801760.SI,传媒,801767.SI,数字媒体,数字媒体,L,20221019,1442,3.95,45.06,-2.657,7.895,False,True,True,0,0,0,0,True,
301300.SZ,301300,301300,远翔新材,创业板,深市,创业板,801030.SI,基础化工,801037.SI,橡胶,橡胶,L,20220819,1503,4.11,32.94,0.642,7.143,False,True,True,0,0,0,0,True,
301301.SZ,301301,301301,川宁生物,创业板,深市,创业板,801150.SI,医药生物,801151.SI,化学制药,化学制药,L,20221227,1373,3.76,8.19,1.866,10.843,False,True,True,0,0,0,0,True,
301302.SZ,301302,301302,华如科技,创业板,深市,创业板,801740.SI,国防军工,801745.SI,军工电子Ⅱ,军工电子Ⅱ,L,20220623,1560,4.27,20.93,-0.993,9.091,False,True,True,0,0,0,0,True,
301303.SZ,301303,301303,真兰仪表,创业板,深市,创业板,801890.SI,机械设备,801072.SI,通用设备,通用设备,L,20230220,1318,3.61,14.04,-0.355,7.194,False,True,True,0,0,0,0,True,
301305.SZ,301305,301305,朗坤科技,创业板,深市,创业板,801970.SI,环保,801971.SI,环境治理,环境治理,L,20230523,1226,3.36,24.36,-1.297,9.69,False,True,True,0,0,0,0,True,
301306.SZ,301306,301306,西测测试,创业板,深市,创业板,801740.SI,国防军工,801745.SI,军工电子Ⅱ,军工电子Ⅱ,L,20220726,1527,4.18,86.53,-2.666,11.475,False,True,True,0,0,0,0,True,
301307.SZ,301307,301307,美利信,创业板,深市,创业板,801770.SI,通信,801102.SI,通信设备,通信设备,L,20230424,1255,3.44,55.61,-1.383,7.586,False,True,True,0,0,0,0,True,
301308.SZ,301308,301308,江波龙,创业板,深市,创业板,801080.SI,电子,801081.SI,半导体,半导体,L,20220805,1517,4.15,301.93,-3.122,15.385,False,True,True,0,0,0,0,True,
301309.SZ,301309,301309,万得凯,创业板,深市,创业板,801890.SI,机械设备,801072.SI,通用设备,通用设备,L,20220919,1472,4.03,29.7,-1.329,10.458,False,True,True,0,0,0,0,True,
301310.SZ,301310,301310,鑫宏业,创业板,深市,创业板,801880.SI,汽车,801093.SI,汽车零部件,汽车零部件,L,20230602,1216,3.33,61.6,5.209,13.781,False,True,True,0,0,0,0,True,
301311.SZ,301311,301311,昆船智能,创业板,深市,创业板,801890.SI,机械设备,801072.SI,通用设备,通用设备,L,20221130,1400,3.83,18.32,-3.579,28.962,False,True,True,0,0,0,0,True,
301312.SZ,301312,301312,智立方,创业板,深市,创业板,801890.SI,机械设备,801078.SI,自动化设备,自动化设备,L,20220711,1542,4.22,79.05,-2.887,11.667,False,True,True,0,0,0,0,True,
301313.SZ,301313,301313,凡拓数创,创业板,深市,创业板,801760.SI,传媒,801767.SI,数字媒体,数字媒体,L,20220930,1461,4.0,28.94,-3.854,12.258,False,True,True,0,0,0,0,True,
301314.SZ,301314,301314,科瑞思,创业板,深市,创业板,801770.SI,通信,801102.SI,通信设备,通信设备,L,20230328,1282,3.51,48.68,-4.661,12.712,False,True,True,0,0,0,0,True,
301315.SZ,301315,301315,威士顿,创业板,深市,创业板,801750.SI,计算机,801104.SI,软件开发,软件开发,L,20230621,1197,3.28,42.82,-2.902,14.423,False,True,True,0,0,0,0,True,
301316.SZ,301316,301316,慧博云通,创业板,深市,创业板,801750.SI,计算机,801103.SI,IT服务Ⅱ,IT服务Ⅱ,L,20221013,1448,3.96,38.74,-3.56,10.256,False,True,True,0,0,0,0,True,
301317.SZ,301317,301317,鑫磊股份,创业板,深市,创业板,801890.SI,机械设备,801072.SI,通用设备,通用设备,L,20230119,1350,3.7,43.6,-2.088,13.115,False,True,True,0,0,0,0,True,
301318.SZ,301318,301318,维海德,创业板,深市,创业板,801750.SI,计算机,801101.SI,计算机设备,计算机设备,L,20220810,1512,4.14,21.16,-1.81,11.538,False,True,True,0,0,0,0,True,
301319.SZ,301319,301319,唯特偶,创业板,深市,创业板,801080.SI,电子,801086.SI,电子化学品Ⅱ,电子化学品Ⅱ,L,20220929,1462,4.0,81.77,-5.095,13.75,False,True,True,0,0,0,0,True,
301320.SZ,301320,301320,豪江智能,创业板,深市,创业板,801890.SI,机械设备,801078.SI,自动化设备,自动化设备,L,20230609,1209,3.31,14.0,-2.029,16.418,False,True,True,0,0,0,0,True,
301321.SZ,301321,301321,翰博高新,创业板,深市,创业板,801080.SI,电子,801084.SI,光学光电子,光学光电子,L,20220818,1504,4.12,44.95,-3.208,22.222,False,True,True,0,0,0,0,True,
301322.SZ,301322,301322,绿通科技,创业板,深市,创业板,801880.SI,汽车,801881.SI,摩托车及其他,摩托车及其他,L,20230306,1304,3.57,42.42,-3.918,12.844,False,True,True,0,0,0,0,True,
301323.SZ,301323,301323,新莱福,创业板,深市,创业板,801050.SI,有色金属,801051.SI,金属新材料,金属新材料,L,20230606,1212,3.32,72.34,-0.686,12.973,False,True,True,0,0,0,0,True,
301325.SZ,301325,301325,曼恩斯特,创业板,深市,创业板,801730.SI,电力设备,801737.SI,电池,电池,L,20230512,1237,3.39,31.31,-1.479,13.158,False,True,True,0,0,0,0,True,
301326.SZ,301326,301326,捷邦科技,创业板,深市,创业板,801080.SI,电子,801085.SI,消费电子,消费电子,L,20220921,1470,4.02,93.53,-3.368,14.151,False,True,True,0,0,0,0,True,
301327.SZ,301327,301327,华宝新能,创业板,深市,创业板,801730.SI,电力设备,801737.SI,电池,电池,L,20220919,1472,4.03,41.55,0.096,47.368,False,True,True,0,0,0,0,True,
301328.SZ,301328,301328,维峰电子,创业板,深市,创业板,801080.SI,电子,801082.SI,其他电子Ⅱ,其他电子Ⅱ,L,20220908,1483,4.06,46.84,-0.021,18.919,False,True,True,0,0,0,0,True,
301329.SZ,301329,301329,信音电子,创业板,深市,创业板,801080.SI,电子,801085.SI,消费电子,消费电子,L,20230717,1171,3.21,20.31,-1.884,5.825,False,True,True,0,0,0,0,True,
301330.SZ,301330,301330,熵基科技,创业板,深市,创业板,801750.SI,计算机,801101.SI,计算机设备,计算机设备,L,20220817,1505,4.12,25.28,-1.519,13.253,False,True,True,0,0,0,0,True,
301331.SZ,301331,301331,恩威医药,创业板,深市,创业板,801150.SI,医药生物,801155.SI,中药Ⅱ,中药Ⅱ,L,20220921,1470,4.02,21.84,1.111,9.259,False,True,True,0,0,0,0,True,
301332.SZ,301332,301332,德尔玛,创业板,深市,创业板,801110.SI,家用电器,801113.SI,小家电,小家电,L,20230518,1231,3.37,7.71,-0.13,8.974,False,True,True,0,0,0,0,True,
301333.SZ,301333,301333,诺思格,创业板,深市,创业板,801150.SI,医药生物,801156.SI,医疗服务,医疗服务,L,20220802,1520,4.16,66.67,1.538,18.71,False,True,True,0,0,0,0,True,
301335.SZ,301335,301335,天元宠物,创业板,深市,创业板,801140.SI,轻工制造,801145.SI,文娱用品,文娱用品,L,20221118,1412,3.87,24.88,-0.837,13.71,False,True,True,0,0,0,0,True,
301336.SZ,301336,301336,趣睡科技,创业板,深市,创业板,801140.SI,轻工制造,801142.SI,家居用品,家居用品,L,20220812,1510,4.13,41.67,-1.209,7.477,False,True,True,0,0,0,0,True,
301337.SZ,301337,301337,亚华电子,创业板,深市,创业板,801750.SI,计算机,801104.SI,软件开发,软件开发,L,20230526,1223,3.35,27.36,-1.512,24.345,False,True,True,0,0,0,0,True,
301338.SZ,301338,301338,凯格精机,创业板,深市,创业板,801890.SI,机械设备,801074.SI,专用设备,专用设备,L,20220816,1506,4.12,86.8,-2.549,13.953,False,True,True,0,0,0,0,True,
301339.SZ,301339,301339,苏交数智,创业板,深市,创业板,801750.SI,计算机,801101.SI,计算机设备,计算机设备,L,20220909,1482,4.06,12.25,-2.546,23.214,False,True,True,0,0,0,0,True,
301345.SZ,301345,301345,涛涛车业,创业板,深市,创业板,801880.SI,汽车,801881.SI,摩托车及其他,摩托车及其他,L,20230321,1289,3.53,228.0,-0.463,10.526,False,True,True,0,0,0,0,True,
301348.SZ,301348,301348,蓝箭电子,创业板,深市,创业板,801080.SI,电子,801081.SI,半导体,半导体,L,20230810,1147,3.14,21.64,-2.698,7.763,False,True,True,0,0,0,0,True,
301349.SZ,301349,301349,信德新材,创业板,深市,创业板,801730.SI,电力设备,801737.SI,电池,电池,L,20220909,1482,4.06,42.9,-2.699,11.607,False,True,True,0,0,0,0,True,
301353.SZ,301353,301353,普莱得,创业板,深市,创业板,801890.SI,机械设备,801072.SI,通用设备,通用设备,L,20230530,1219,3.34,20.13,-2.282,9.278,False,True,True,0,0,0,0,True,
301355.SZ,301355,301355,南王科技,创业板,深市,创业板,801140.SI,轻工制造,801141.SI,包装印刷,包装印刷,L,20230612,1206,3.3,12.5,2.543,13.793,False,True,True,0,0,0,0,True,
301356.SZ,301356,301356,天振股份,创业板,深市,创业板,801140.SI,轻工制造,801142.SI,家居用品,家居用品,L,20221114,1416,3.88,19.74,-0.152,18.0,False,True,True,0,0,0,0,True,
301357.SZ,301357,301357,北方长龙,创业板,深市,创业板,801740.SI,国防军工,801743.SI,地面兵装Ⅱ,地面兵装Ⅱ,L,20230418,1261,3.45,88.15,-2.489,14.11,False,True,True,0,0,0,0,True,
301358.SZ,301358,301358,湖南裕能,创业板,深市,创业板,801730.SI,电力设备,801737.SI,电池,电池,L,20230209,1329,3.64,50.69,0.237,25.0,False,True,True,0,0,0,0,True,
301359.SZ,301359,301359,东南电子,创业板,深市,创业板,801080.SI,电子,801082.SI,其他电子Ⅱ,其他电子Ⅱ,L,20221109,1421,3.89,19.27,-3.89,16.757,False,True,True,0,0,0,0,True,
301360.SZ,301360,301360,荣旗科技,创业板,深市,创业板,801890.SI,机械设备,801072.SI,通用设备,通用设备,L,20230425,1254,3.43,59.62,-2.931,19.048,False,True,True,0,0,0,0,True,
301361.SZ,301361,301361,众智科技,创业板,深市,创业板,801730.SI,电力设备,801738.SI,电网设备,电网设备,L,20221116,1414,3.87,27.15,-0.257,7.353,False,True,True,0,0,0,0,True,
301362.SZ,301362,301362,民爆光电,创业板,深市,创业板,801110.SI,家用电器,801115.SI,照明设备Ⅱ,照明设备Ⅱ,L,20230804,1153,3.16,102.47,-3.403,14.0,False,True,True,0,0,0,0,True,
301363.SZ,301363,301363,美好医疗,创业板,深市,创业板,801150.SI,医药生物,801153.SI,医疗器械,医疗器械,L,20221012,1449,3.97,16.25,1.817,10.909,False,True,True,0,0,0,0,True,
301365.SZ,301365,301365,矩阵股份,创业板,深市,创业板,801720.SI,建筑装饰,801726.SI,工程咨询服务Ⅱ,工程咨询服务Ⅱ,L,20221122,1408,3.85,33.62,-1.321,12.8,False,True,True,0,0,0,0,True,
301366.SZ,301366,301366,一博科技,创业板,深市,创业板,801080.SI,电子,801083.SI,元件,元件,L,20220926,1465,4.01,69.76,-6.987,5.525,False,True,True,0,0,0,0,True,
301367.SZ,301367,301367,瑞迈特,创业板,深市,创业板,801150.SI,医药生物,801153.SI,医疗器械,医疗器械,L,20221101,1429,3.91,46.64,0.172,7.692,False,True,True,0,0,0,0,True,
301368.SZ,301368,301368,丰立智能,创业板,深市,创业板,801890.SI,机械设备,801072.SI,通用设备,通用设备,L,20221215,1385,3.79,38.7,-1.976,18.75,False,True,True,0,0,0,0,True,
301369.SZ,301369,301369,联动科技,创业板,深市,创业板,801080.SI,电子,801081.SI,半导体,半导体,L,20220922,1469,4.02,137.73,-2.326,12.963,False,True,True,0,0,0,0,True,
301370.SZ,301370,301370,国科恒泰,创业板,深市,创业板,801150.SI,医药生物,801153.SI,医疗器械,医疗器械,L,20230712,1176,3.22,8.74,1.746,11.494,False,True,True,0,0,0,0,True,
301371.SZ,301371,301371,敷尔佳,创业板,深市,创业板,801980.SI,美容护理,801982.SI,化妆品,化妆品,L,20230801,1156,3.16,20.81,1.069,7.547,False,True,True,0,0,0,0,True,
301372.SZ,301372,301372,科净源,创业板,深市,创业板,801970.SI,环保,801971.SI,环境治理,环境治理,L,20230811,1146,3.14,34.25,0.617,12.308,False,True,True,0,0,0,0,True,
301373.SZ,301373,301373,凌玮科技,创业板,深市,创业板,801030.SI,基础化工,801034.SI,化学制品,化学制品,L,20230208,1330,3.64,119.15,-9.919,9.22,False,True,True,0,0,0,0,True,
301376.SZ,301376,301376,致欧科技,创业板,深市,创业板,801140.SI,轻工制造,801142.SI,家居用品,家居用品,L,20230621,1197,3.28,22.27,-0.09,13.901,False,True,True,0,0,0,0,True,
301377.SZ,301377,301377,鼎泰高科,创业板,深市,创业板,801890.SI,机械设备,801072.SI,通用设备,通用设备,L,20221122,1408,3.85,341.0,-2.214,14.667,False,True,True,0,0,0,0,True,
301378.SZ,301378,301378,通达海,创业板,深市,创业板,801750.SI,计算机,801104.SI,软件开发,软件开发,L,20230320,1290,3.53,25.4,-0.314,7.937,False,True,True,0,0,0,0,True,
301379.SZ,301379,301379,天山电子,创业板,深市,创业板,801080.SI,电子,801084.SI,光学光电子,光学光电子,L,20221101,1429,3.91,19.09,-4.835,9.434,False,True,True,0,0,0,0,True,
301380.SZ,301380,301380,挖金客,创业板,深市,创业板,801770.SI,通信,801223.SI,通信服务,通信服务,L,20221025,1436,3.93,33.75,-0.735,8.589,False,True,True,0,0,0,0,True,
301381.SZ,301381,301381,赛维时代,创业板,深市,创业板,801200.SI,商贸零售,801206.SI,互联网电商,互联网电商,L,20230712,1176,3.22,23.12,-0.943,15.789,False,True,True,0,0,0,0,True,
301382.SZ,301382,301382,蜂助手,创业板,深市,创业板,801770.SI,通信,801223.SI,通信服务,通信服务,L,20230517,1232,3.37,36.33,-9.107,5.82,False,True,True,0,0,0,0,True,
301383.SZ,301383,301383,天键股份,创业板,深市,创业板,801080.SI,电子,801085.SI,消费电子,消费电子,L,20230609,1209,3.31,23.15,-0.941,11.207,False,True,True,0,0,0,0,True,
301386.SZ,301386,301386,未来电器,创业板,深市,创业板,801730.SI,电力设备,801738.SI,电网设备,电网设备,L,20230329,1281,3.51,20.64,-1.994,10.145,False,True,True,0,0,0,0,True,
301387.SZ,301387,301387,光大同创,创业板,深市,创业板,801080.SI,电子,801085.SI,消费电子,消费电子,L,20230418,1261,3.45,50.3,-2.764,10.753,False,True,True,0,0,0,0,True,
301388.SZ,301388,301388,欣灵电气,创业板,深市,创业板,801730.SI,电力设备,801738.SI,电网设备,电网设备,L,20221109,1421,3.89,25.06,-2.376,14.754,False,True,True,0,0,0,0,True,
301389.SZ,301389,301389,隆扬电子,创业板,深市,创业板,801080.SI,电子,801085.SI,消费电子,消费电子,L,20221031,1430,3.92,52.04,-4.898,13.095,False,True,True,0,0,0,0,True,
301391.SZ,301391,301391,卡莱特,创业板,深市,创业板,801750.SI,计算机,801101.SI,计算机设备,计算机设备,L,20221201,1399,3.83,43.91,-0.992,31.169,False,True,True,0,0,0,0,True,
301392.SZ,301392,301392,汇成真空,创业板,深市,创业板,801890.SI,机械设备,801074.SI,专用设备,专用设备,L,20240605,847,2.32,148.22,-4.306,13.333,False,True,True,0,0,0,0,True,
301393.SZ,301393,301393,昊帆生物,创业板,深市,创业板,801150.SI,医药生物,801152.SI,生物制品,生物制品,L,20230712,1176,3.22,67.13,1.867,12.836,False,True,True,0,0,0,0,True,
301395.SZ,301395,301395,仁信新材,创业板,深市,创业板,801030.SI,基础化工,801036.SI,塑料,塑料,L,20230703,1185,3.24,11.51,-4.955,6.667,False,True,True,0,0,0,0,True,
301396.SZ,301396,301396,宏景科技,创业板,深市,创业板,801750.SI,计算机,801103.SI,IT服务Ⅱ,IT服务Ⅱ,L,20221111,1419,3.89,155.92,-4.102,14.286,False,True,True,0,0,0,0,True,
301397.SZ,301397,301397,溯联股份,创业板,深市,创业板,801880.SI,汽车,801093.SI,汽车零部件,汽车零部件,L,20230628,1190,3.26,21.98,-0.633,15.19,False,True,True,0,0,0,0,True,
301398.SZ,301398,301398,星源卓镁,创业板,深市,创业板,801880.SI,汽车,801093.SI,汽车零部件,汽车零部件,L,20221215,1385,3.79,38.0,-1.196,18.889,False,True,True,0,0,0,0,True,
301399.SZ,301399,301399,英特科技,创业板,深市,创业板,801890.SI,机械设备,801072.SI,通用设备,通用设备,L,20230523,1226,3.36,20.28,-2.076,10.0,False,True,True,0,0,0,0,True,
301408.SZ,301408,301408,华人健康,创业板,深市,创业板,801150.SI,医药生物,801154.SI,医药商业,医药商业,L,20230301,1309,3.58,14.93,1.772,8.609,False,True,True,0,0,0,0,True,
301413.SZ,301413,301413,安培龙,创业板,深市,创业板,801890.SI,机械设备,801072.SI,通用设备,通用设备,L,20231218,1017,2.78,52.02,-1.496,13.889,False,True,True,0,0,0,0,True,
301418.SZ,301418,301418,协昌科技,创业板,深市,创业板,801890.SI,机械设备,801078.SI,自动化设备,自动化设备,L,20230821,1136,3.11,34.73,-0.373,8.0,False,True,True,0,0,0,0,True,
301419.SZ,301419,301419,阿莱德,创业板,深市,创业板,801770.SI,通信,801102.SI,通信设备,通信设备,L,20230209,1329,3.64,41.49,-3.354,17.361,False,True,True,0,0,0,0,True,
301421.SZ,301421,301421,波长光电,创业板,深市,创业板,801080.SI,电子,801084.SI,光学光电子,光学光电子,L,20230823,1134,3.1,71.37,-2.964,9.845,False,True,True,0,0,0,0,True,
301428.SZ,301428,301428,世纪恒通,创业板,深市,创业板,801770.SI,通信,801223.SI,通信服务,通信服务,L,20230519,1230,3.37,27.03,0.223,8.273,False,True,True,0,0,0,0,True,
301429.SZ,301429,301429,森泰股份,创业板,深市,创业板,801710.SI,建筑材料,801713.SI,装修建材,装修建材,L,20230417,1262,3.46,17.43,-1.134,4.624,False,True,True,0,0,0,0,True,
301439.SZ,301439,301439,泓淋电力,创业板,深市,创业板,801730.SI,电力设备,801738.SI,电网设备,电网设备,L,20230317,1293,3.54,13.81,-0.361,9.028,False,True,True,0,0,0,0,True,
301446.SZ,301446,301446,福事特,创业板,深市,创业板,801890.SI,机械设备,801077.SI,工程机械,工程机械,L,20230725,1163,3.18,37.37,-2.809,11.024,False,True,True,0,0,0,0,True,
301448.SZ,301448,301448,开创电气,创业板,深市,创业板,801890.SI,机械设备,801072.SI,通用设备,通用设备,L,20230619,1199,3.28,50.91,-4.124,21.186,False,True,True,0,0,0,0,True,
301456.SZ,301456,301456,盘古智能,创业板,深市,创业板,801730.SI,电力设备,801736.SI,风电设备,风电设备,L,20230714,1174,3.21,25.37,-3.499,9.274,False,True,True,0,0,0,0,True,
301459.SZ,301459,301459,丰茂股份,创业板,深市,创业板,801030.SI,基础化工,801037.SI,橡胶,橡胶,L,20231213,1022,2.8,31.2,-1.453,3.125,False,True,True,0,0,0,0,True,
301468.SZ,301468,301468,博盈特焊,创业板,深市,创业板,801890.SI,机械设备,801072.SI,通用设备,通用设备,L,20230724,1164,3.19,29.87,-2.162,9.375,False,True,True,0,0,0,0,True,
301469.SZ,301469,301469,恒达新材,创业板,深市,创业板,801140.SI,轻工制造,801143.SI,造纸,造纸,L,20230822,1135,3.11,28.77,-0.656,6.944,False,True,True,0,0,0,0,True,
301486.SZ,301486,301486,致尚科技,创业板,深市,创业板,801080.SI,电子,801085.SI,消费电子,消费电子,L,20230707,1181,3.23,190.73,0.437,16.216,False,True,True,0,0,0,0,True,
301487.SZ,301487,301487,盟固利,创业板,深市,创业板,801730.SI,电力设备,801737.SI,电池,电池,L,20230809,1148,3.14,17.16,8.47,8.125,False,True,True,0,0,0,0,True,
301488.SZ,301488,301488,豪恩汽电,创业板,深市,创业板,801880.SI,汽车,801093.SI,汽车零部件,汽车零部件,L,20230704,1184,3.24,90.41,-1.083,11.17,False,True,True,0,0,0,0,True,
301489.SZ,301489,301489,思泉新材,创业板,深市,创业板,801080.SI,电子,801086.SI,电子化学品Ⅱ,电子化学品Ⅱ,L,20231024,1072,2.93,108.41,-3.849,15.079,False,True,True,0,0,0,0,True,
301498.SZ,301498,301498,乖宝宠物,创业板,深市,创业板,801010.SI,农林牧渔,801014.SI,饲料,饲料,L,20230816,1141,3.12,38.74,0.545,12.5,False,True,True,0,0,0,0,True,
301499.SZ,301499,301499,维科精密,创业板,深市,创业板,801880.SI,汽车,801093.SI,汽车零部件,汽车零部件,L,20230721,1167,3.2,25.46,-1.049,15.261,False,True,True,0,0,0,0,True,
301500.SZ,301500,301500,飞南资源,创业板,深市,创业板,801970.SI,环保,801971.SI,环境治理,环境治理,L,20230921,1105,3.03,24.2,-2.459,14.341,False,True,True,0,0,0,0,True,
301502.SZ,301502,301502,华阳智能,创业板,深市,创业板,801730.SI,电力设备,801731.SI,电机Ⅱ,电机Ⅱ,L,20240202,971,2.66,49.03,-4.032,7.843,False,True,True,0,0,0,0,True,
301503.SZ,301503,301503,智迪科技,创业板,深市,创业板,801750.SI,计算机,801101.SI,计算机设备,计算机设备,L,20230717,1171,3.21,22.27,-0.978,9.589,False,True,True,0,0,0,0,True,
301505.SZ,301505,301505,苏州规划,创业板,深市,创业板,801720.SI,建筑装饰,801726.SI,工程咨询服务Ⅱ,工程咨询服务Ⅱ,L,20230719,1169,3.2,18.65,2.755,14.13,False,True,True,0,0,0,0,True,
301507.SZ,301507,301507,民生健康,创业板,深市,创业板,801150.SI,医药生物,801151.SI,化学制药,化学制药,L,20230905,1121,3.07,13.42,0.751,9.375,False,True,True,0,0,0,0,True,
301508.SZ,301508,301508,中机认检,创业板,深市,创业板,801210.SI,社会服务,801218.SI,专业服务,专业服务,L,20231201,1034,2.83,23.76,-1.206,5.0,False,True,True,0,0,0,0,True,
301509.SZ,301509,301509,金凯生科,创业板,深市,创业板,801150.SI,医药生物,801156.SI,医疗服务,医疗服务,L,20230803,1154,3.16,31.25,1.461,9.709,False,True,True,0,0,0,0,True,
301510.SZ,301510,301510,固高科技,创业板,深市,创业板,801890.SI,机械设备,801078.SI,自动化设备,自动化设备,L,20230815,1142,3.13,27.77,0.982,11.111,False,True,True,0,0,0,0,True,
301511.SZ,301511,301511,德福科技,创业板,深市,创业板,801730.SI,电力设备,801737.SI,电池,电池,L,20230817,1140,3.12,95.25,-0.936,16.038,False,True,True,0,0,0,0,True,
301512.SZ,301512,301512,智信精密,创业板,深市,创业板,801890.SI,机械设备,801078.SI,自动化设备,自动化设备,L,20230720,1168,3.2,31.36,-0.223,8.738,False,True,True,0,0,0,0,True,
301515.SZ,301515,301515,港通医疗,创业板,深市,创业板,801150.SI,医药生物,801153.SI,医疗器械,医疗器械,L,20230725,1163,3.18,20.52,0.638,12.371,False,True,True,0,0,0,0,True,
301516.SZ,301516,301516,中远通,创业板,深市,创业板,801730.SI,电力设备,801733.SI,其他电源设备Ⅱ,其他电源设备Ⅱ,L,20231208,1027,2.81,18.11,-2.947,6.701,False,True,True,0,0,0,0,True,
301517.SZ,301517,301517,陕西华达,创业板,深市,创业板,801740.SI,国防军工,801745.SI,军工电子Ⅱ,军工电子Ⅱ,L,20231017,1079,2.95,34.43,-2.74,8.421,False,True,True,0,0,0,0,True,
301518.SZ,301518,301518,长华化学,创业板,深市,创业板,801030.SI,基础化工,801034.SI,化学制品,化学制品,L,20230803,1154,3.16,24.82,3.546,9.639,False,True,True,0,0,0,0,True,
301519.SZ,301519,301519,舜禹股份,创业板,深市,创业板,801970.SI,环保,801971.SI,环境治理,环境治理,L,20230727,1161,3.18,12.13,-1.302,7.563,False,True,True,0,0,0,0,True,
301520.SZ,301520,301520,万邦医药,创业板,深市,创业板,801150.SI,医药生物,801156.SI,医疗服务,医疗服务,L,20230925,1101,3.01,71.05,-1.319,4.017,False,True,True,0,0,0,0,True,
301525.SZ,301525,301525,儒竞科技,创业板,深市,创业板,801890.SI,机械设备,801072.SI,通用设备,通用设备,L,20230830,1127,3.09,43.25,11.297,15.909,False,True,True,0,0,0,0,True,
301526.SZ,301526,301526,国际复材,创业板,深市,创业板,801710.SI,建筑材料,801712.SI,玻璃玻纤,玻璃玻纤,L,20231226,1009,2.76,26.97,-2.706,14.286,False,True,True,0,0,0,0,True,
301528.SZ,301528,301528,多浦乐,创业板,深市,创业板,801890.SI,机械设备,801072.SI,通用设备,通用设备,L,20230828,1129,3.09,71.06,-1.524,23.75,False,True,True,0,0,0,0,True,
301529.SZ,301529,301529,福赛科技,创业板,深市,创业板,801880.SI,汽车,801093.SI,汽车零部件,汽车零部件,L,20230911,1115,3.05,140.6,2.718,16.456,False,True,True,0,0,0,0,True,
301533.SZ,301533,301533,威马农机,创业板,深市,创业板,801890.SI,机械设备,801074.SI,专用设备,专用设备,L,20230818,1139,3.12,28.42,-0.246,5.517,False,True,True,0,0,0,0,True,
301536.SZ,301536,301536,星宸科技,创业板,深市,创业板,801080.SI,电子,801081.SI,半导体,半导体,L,20240328,916,2.51,123.36,-1.391,13.462,False,True,True,0,0,0,0,True,
301538.SZ,301538,301538,骏鼎达,创业板,深市,创业板,801030.SI,基础化工,801036.SI,塑料,塑料,L,20240320,924,2.53,39.35,-2.187,7.407,False,True,True,0,0,0,0,True,
301539.SZ,301539,301539,宏鑫科技,创业板,深市,创业板,801880.SI,汽车,801093.SI,汽车零部件,汽车零部件,L,20240415,898,2.46,15.35,-0.518,8.0,False,True,True,0,0,0,0,True,
301548.SZ,301548,301548,崇德科技,创业板,深市,创业板,801890.SI,机械设备,801072.SI,通用设备,通用设备,L,20230920,1106,3.03,53.32,1.215,10.185,False,True,True,0,0,0,0,True,
301550.SZ,301550,301550,斯菱智驱,创业板,深市,创业板,801880.SI,汽车,801093.SI,汽车零部件,汽车零部件,L,20230915,1111,3.04,100.22,6.628,10.638,False,True,True,0,0,0,0,True,
301551.SZ,301551,301551,无线传媒,创业板,深市,创业板,801760.SI,传媒,801995.SI,电视广播Ⅱ,电视广播Ⅱ,L,20240926,734,2.01,21.83,-1.711,6.25,False,True,True,0,0,0,0,True,
301552.SZ,301552,301552,科力装备,创业板,深市,创业板,801880.SI,汽车,801093.SI,汽车零部件,汽车零部件,L,20240722,800,2.19,24.25,-2.099,8.943,False,True,True,0,0,0,0,True,
301555.SZ,301555,301555,惠柏新材,创业板,深市,创业板,801030.SI,基础化工,801036.SI,塑料,塑料,L,20231031,1065,2.92,35.11,-1.487,9.551,False,True,True,0,0,0,0,True,
301558.SZ,301558,301558,三态股份,创业板,深市,创业板,801200.SI,商贸零售,801206.SI,互联网电商,互联网电商,L,20230928,1098,3.01,6.73,-0.296,5.97,False,True,True,0,0,0,0,True,
301559.SZ,301559,301559,中集环科,创业板,深市,创业板,801890.SI,机械设备,801072.SI,通用设备,通用设备,L,20231011,1085,2.97,12.8,0.471,5.385,False,True,True,0,0,0,0,True,
301565.SZ,301565,301565,中仑新材,创业板,深市,创业板,801030.SI,基础化工,801036.SI,塑料,塑料,L,20240620,832,2.28,19.22,-0.826,7.143,False,True,True,0,0,0,0,True,
301566.SZ,301566,301566,达利凯普,创业板,深市,创业板,801080.SI,电子,801083.SI,元件,元件,L,20231229,1006,2.75,23.48,-4.63,13.636,False,True,True,0,0,0,0,True,
301567.SZ,301567,301567,贝隆精密,创业板,深市,创业板,801080.SI,电子,801085.SI,消费电子,消费电子,L,20240116,988,2.7,36.6,-1.427,9.73,False,True,True,0,0,0,0,True,
301568.SZ,301568,301568,思泰克,创业板,深市,创业板,801890.SI,机械设备,801078.SI,自动化设备,自动化设备,L,20231128,1037,2.84,66.3,-5.353,11.765,False,True,True,0,0,0,0,True,
301571.SZ,301571,301571,国科天成,创业板,深市,创业板,801740.SI,国防军工,801745.SI,军工电子Ⅱ,军工电子Ⅱ,L,20240821,770,2.11,67.1,-1.843,12.147,False,True,True,0,0,0,0,True,
301577.SZ,301577,301577,美信科技,创业板,深市,创业板,801770.SI,通信,801102.SI,通信设备,通信设备,L,20240124,980,2.68,54.21,-3.866,9.722,False,True,True,0,0,0,0,True,
301578.SZ,301578,301578,辰奕智能,创业板,深市,创业板,801110.SI,家用电器,801112.SI,黑色家电,黑色家电,L,20231228,1007,2.76,23.2,-3.253,5.128,False,True,True,0,0,0,0,True,
301580.SZ,301580,301580,爱迪特,创业板,深市,创业板,801150.SI,医药生物,801153.SI,医疗器械,医疗器械,L,20240626,826,2.26,50.11,-3.783,9.783,False,True,True,0,0,0,0,True,
301586.SZ,301586,301586,佳力奇,创业板,深市,创业板,801740.SI,国防军工,801742.SI,航空装备Ⅱ,航空装备Ⅱ,L,20240828,763,2.09,29.0,-1.058,9.333,False,True,True,0,0,0,0,True,
301587.SZ,301587,301587,中瑞股份,创业板,深市,创业板,801730.SI,电力设备,801737.SI,电池,电池,L,20240408,905,2.48,21.86,-3.232,8.257,False,True,True,0,0,0,0,True,
301588.SZ,301588,301588,美新科技,创业板,深市,创业板,801140.SI,轻工制造,801142.SI,家居用品,家居用品,L,20240313,931,2.55,25.65,-0.965,10.791,False,True,True,0,0,0,0,True,
301589.SZ,301589,301589,诺瓦星云,创业板,深市,创业板,801750.SI,计算机,801101.SI,计算机设备,计算机设备,L,20240208,965,2.64,157.0,-0.121,14.286,False,True,True,0,0,0,0,True,
301591.SZ,301591,301591,肯特股份,创业板,深市,创业板,801030.SI,基础化工,801036.SI,塑料,塑料,L,20240228,945,2.59,40.01,-4.374,10.952,False,True,True,0,0,0,0,True,
301596.SZ,301596,301596,瑞迪智驱,创业板,深市,创业板,801890.SI,机械设备,801072.SI,通用设备,通用设备,L,20240513,870,2.38,44.79,-1.344,7.627,False,True,True,0,0,0,0,True,
301600.SZ,301600,301600,慧翰股份,创业板,深市,创业板,801750.SI,计算机,801101.SI,计算机设备,计算机设备,L,20240911,749,2.05,74.1,-2.217,14.925,False,True,True,0,0,0,0,True,
301603.SZ,301603,301603,乔锋智能,创业板,深市,创业板,801890.SI,机械设备,801072.SI,通用设备,通用设备,L,20240710,812,2.22,113.01,-3.575,11.039,False,True,True,0,0,0,0,True,
301606.SZ,301606,301606,绿联科技,创业板,深市,创业板,801080.SI,电子,801085.SI,消费电子,消费电子,L,20240726,796,2.18,49.89,-1.772,10.0,False,True,True,0,0,0,0,True,
301607.SZ,301607,301607,富特科技,创业板,深市,创业板,801880.SI,汽车,801093.SI,汽车零部件,汽车零部件,L,20240904,756,2.07,41.93,-1.688,5.556,False,True,True,0,0,0,0,True,
301608.SZ,301608,301608,博实结,创业板,深市,创业板,801750.SI,计算机,801101.SI,计算机设备,计算机设备,L,20240801,790,2.16,50.12,-2.205,12.097,False,True,True,0,0,0,0,True,
301611.SZ,301611,301611,珂玛科技,创业板,深市,创业板,801080.SI,电子,801081.SI,半导体,半导体,L,20240816,775,2.12,84.1,-4.519,12.381,False,True,True,0,0,0,0,True,
301618.SZ,301618,301618,长联科技,创业板,深市,创业板,801030.SI,基础化工,801034.SI,化学制品,化学制品,L,20240930,730,2.0,29.88,-1.516,14.198,False,True,True,0,0,0,0,True,
302132.SZ,302132,302132,中航成飞,创业板,深市,创业板,801740.SI,国防军工,801745.SI,军工电子Ⅱ,军工电子Ⅱ,L,20100827,5878,16.09,57.76,1.333,11.111,False,True,True,0,0,0,0,True,
